authoritative_point,scan_axis,nominal_scan_angle,qm_relative_kcal_mol,mm_relative_kcal_mol,qm_minus_mm_residual_kcal_mol,physical_torsion_id,physical_torsion_relationship,physical_dihedral_degrees
CHI_-180,CHI,-180,1.8361875979134048,0.9600038671345033,0.8761837307789015,CHI_I01_8-9-25-55,CHI,-179.4845909184616
CHI_-180,CHI,-180,1.8361875979134048,0.9600038671345033,0.8761837307789015,CHI_I02_10-9-25-55,CHI,58.38616262015418
CHI_-180,CHI,-180,1.8361875979134048,0.9600038671345033,0.8761837307789015,CHI_I03_36-9-25-55,CHI,-62.037174907130016
CHI_-180,CHI,-180,1.8361875979134048,0.9600038671345033,0.8761837307789015,PHI_I04_7-8-9-10,PHI,55.66335235940862
CHI_-180,CHI,-180,1.8361875979134048,0.9600038671345033,0.8761837307789015,PHI_I05_7-8-9-25,PHI,-68.19892819261213
CHI_-180,CHI,-180,1.8361875979134048,0.9600038671345033,0.8761837307789015,PHI_I06_7-8-9-36,PHI,174.691296026535
CHI_-180,CHI,-180,1.8361875979134048,0.9600038671345033,0.8761837307789015,PHI_I07_10-9-8-34,PHI,-68.17827022277912
CHI_-180,CHI,-180,1.8361875979134048,0.9600038671345033,0.8761837307789015,PHI_I08_10-9-8-35,PHI,176.43970922346801
CHI_-180,CHI,-180,1.8361875979134048,0.9600038671345033,0.8761837307789015,PHI_I09_25-9-8-34,PHI,167.95944922520013
CHI_-180,CHI,-180,1.8361875979134048,0.9600038671345033,0.8761837307789015,PHI_I10_25-9-8-35,PHI,52.577428671447265
CHI_-180,CHI,-180,1.8361875979134048,0.9600038671345033,0.8761837307789015,PHI_I11_34-8-9-36,PHI,50.849673444347275
CHI_-180,CHI,-180,1.8361875979134048,0.9600038671345033,0.8761837307789015,PHI_I12_35-8-9-36,PHI,-64.5323471094056
CHI_-180,CHI,-180,1.8361875979134048,0.9600038671345033,0.8761837307789015,PSI_I13_1-7-8-9,PSI,-53.08102066185696
CHI_-180,CHI,-180,1.8361875979134048,0.9600038671345033,0.8761837307789015,PSI_I14_6-7-8-9,PSI,129.17765436660937
CHI_-180,CHI,-180,1.8361875979134048,0.9600038671345033,0.8761837307789015,PSI_I15_1-7-8-34,PSI,71.60649224612784
CHI_-180,CHI,-180,1.8361875979134048,0.9600038671345033,0.8761837307789015,PSI_I16_1-7-8-35,PSI,-173.0558701584555
CHI_-180,CHI,-180,1.8361875979134048,0.9600038671345033,0.8761837307789015,PSI_I17_6-7-8-34,PSI,-106.13483272540583
CHI_-180,CHI,-180,1.8361875979134048,0.9600038671345033,0.8761837307789015,PSI_I18_6-7-8-35,PSI,9.20280487001085
CHI_-165,CHI,-165,1.4130028718141248,1.1985021055187417,0.21450076629538306,CHI_I01_8-9-25-55,CHI,-165.62215597574206
CHI_-165,CHI,-165,1.4130028718141248,1.1985021055187417,0.21450076629538306,CHI_I02_10-9-25-55,CHI,71.74637156776764
CHI_-165,CHI,-165,1.4130028718141248,1.1985021055187417,0.21450076629538306,CHI_I03_36-9-25-55,CHI,-48.632624854234464
CHI_-165,CHI,-165,1.4130028718141248,1.1985021055187417,0.21450076629538306,PHI_I04_7-8-9-10,PHI,55.55016436636341
CHI_-165,CHI,-165,1.4130028718141248,1.1985021055187417,0.21450076629538306,PHI_I05_7-8-9-25,PHI,-68.68957303484792
CHI_-165,CHI,-165,1.4130028718141248,1.1985021055187417,0.21450076629538306,PHI_I06_7-8-9-36,PHI,174.49909268076374
CHI_-165,CHI,-165,1.4130028718141248,1.1985021055187417,0.21450076629538306,PHI_I07_10-9-8-34,PHI,-68.19539004055152
CHI_-165,CHI,-165,1.4130028718141248,1.1985021055187417,0.21450076629538306,PHI_I08_10-9-8-35,PHI,176.3228215018185
CHI_-165,CHI,-165,1.4130028718141248,1.1985021055187417,0.21450076629538306,PHI_I09_25-9-8-34,PHI,167.56487255823717
CHI_-165,CHI,-165,1.4130028718141248,1.1985021055187417,0.21450076629538306,PHI_I10_25-9-8-35,PHI,52.083084100607174
CHI_-165,CHI,-165,1.4130028718141248,1.1985021055187417,0.21450076629538306,PHI_I11_34-8-9-36,PHI,50.75353827384881
CHI_-165,CHI,-165,1.4130028718141248,1.1985021055187417,0.21450076629538306,PHI_I12_35-8-9-36,PHI,-64.7282501837812
CHI_-165,CHI,-165,1.4130028718141248,1.1985021055187417,0.21450076629538306,PSI_I13_1-7-8-9,PSI,-52.829264487234425
CHI_-165,CHI,-165,1.4130028718141248,1.1985021055187417,0.21450076629538306,PSI_I14_6-7-8-9,PSI,129.43898657425436
CHI_-165,CHI,-165,1.4130028718141248,1.1985021055187417,0.21450076629538306,PSI_I15_1-7-8-34,PSI,71.77316912885584
CHI_-165,CHI,-165,1.4130028718141248,1.1985021055187417,0.21450076629538306,PSI_I16_1-7-8-35,PSI,-172.81273051714555
CHI_-165,CHI,-165,1.4130028718141248,1.1985021055187417,0.21450076629538306,PSI_I17_6-7-8-34,PSI,-105.95857980965536
CHI_-165,CHI,-165,1.4130028718141248,1.1985021055187417,0.21450076629538306,PSI_I18_6-7-8-35,PSI,9.455520544343226
CHI_-150,CHI,-150,1.3982414847839755,1.9597226764204123,-0.5614811916364368,CHI_I01_8-9-25-55,CHI,-150.69488520250576
CHI_-150,CHI,-150,1.3982414847839755,1.9597226764204123,-0.5614811916364368,CHI_I02_10-9-25-55,CHI,86.4015723989436
CHI_-150,CHI,-150,1.3982414847839755,1.9597226764204123,-0.5614811916364368,CHI_I03_36-9-25-55,CHI,-33.948653548774956
CHI_-150,CHI,-150,1.3982414847839755,1.9597226764204123,-0.5614811916364368,PHI_I04_7-8-9-10,PHI,55.513803930341815
CHI_-150,CHI,-150,1.3982414847839755,1.9597226764204123,-0.5614811916364368,PHI_I05_7-8-9-25,PHI,-68.93193419533503
CHI_-150,CHI,-150,1.3982414847839755,1.9597226764204123,-0.5614811916364368,PHI_I06_7-8-9-36,PHI,174.3895339549637
CHI_-150,CHI,-150,1.3982414847839755,1.9597226764204123,-0.5614811916364368,PHI_I07_10-9-8-34,PHI,-68.16301858801076
CHI_-150,CHI,-150,1.3982414847839755,1.9597226764204123,-0.5614811916364368,PHI_I08_10-9-8-35,PHI,176.2895468767308
CHI_-150,CHI,-150,1.3982414847839755,1.9597226764204123,-0.5614811916364368,PHI_I09_25-9-8-34,PHI,167.3912432863124
CHI_-150,CHI,-150,1.3982414847839755,1.9597226764204123,-0.5614811916364368,PHI_I10_25-9-8-35,PHI,51.843808751053935
CHI_-150,CHI,-150,1.3982414847839755,1.9597226764204123,-0.5614811916364368,PHI_I11_34-8-9-36,PHI,50.7127114366111
CHI_-150,CHI,-150,1.3982414847839755,1.9597226764204123,-0.5614811916364368,PHI_I12_35-8-9-36,PHI,-64.83472309864737
CHI_-150,CHI,-150,1.3982414847839755,1.9597226764204123,-0.5614811916364368,PSI_I13_1-7-8-9,PSI,-52.69944594744517
CHI_-150,CHI,-150,1.3982414847839755,1.9597226764204123,-0.5614811916364368,PSI_I14_6-7-8-9,PSI,129.5764062170456
CHI_-150,CHI,-150,1.3982414847839755,1.9597226764204123,-0.5614811916364368,PSI_I15_1-7-8-34,PSI,71.84316748140054
CHI_-150,CHI,-150,1.3982414847839755,1.9597226764204123,-0.5614811916364368,PSI_I16_1-7-8-35,PSI,-172.7028330399648
CHI_-150,CHI,-150,1.3982414847839755,1.9597226764204123,-0.5614811916364368,PSI_I17_6-7-8-34,PSI,-105.88098035410871
CHI_-150,CHI,-150,1.3982414847839755,1.9597226764204123,-0.5614811916364368,PSI_I18_6-7-8-35,PSI,9.573019124525969
CHI_-135,CHI,-135,1.7201805587324959,2.791029821077842,-1.0708492623453463,CHI_I01_8-9-25-55,CHI,-135.6470124123769
CHI_-135,CHI,-135,1.7201805587324959,2.791029821077842,-1.0708492623453463,CHI_I02_10-9-25-55,CHI,101.64629447816446
CHI_-135,CHI,-135,1.7201805587324959,2.791029821077842,-1.0708492623453463,CHI_I03_36-9-25-55,CHI,-18.69011187293718
CHI_-135,CHI,-135,1.7201805587324959,2.791029821077842,-1.0708492623453463,PHI_I04_7-8-9-10,PHI,55.59480800144987
CHI_-135,CHI,-135,1.7201805587324959,2.791029821077842,-1.0708492623453463,PHI_I05_7-8-9-25,PHI,-68.66447708561148
CHI_-135,CHI,-135,1.7201805587324959,2.791029821077842,-1.0708492623453463,PHI_I06_7-8-9-36,PHI,174.45336201677375
CHI_-135,CHI,-135,1.7201805587324959,2.791029821077842,-1.0708492623453463,PHI_I07_10-9-8-34,PHI,-68.07077094824795
CHI_-135,CHI,-135,1.7201805587324959,2.791029821077842,-1.0708492623453463,PHI_I08_10-9-8-35,PHI,176.38657943120472
CHI_-135,CHI,-135,1.7201805587324959,2.791029821077842,-1.0708492623453463,PHI_I09_25-9-8-34,PHI,167.6699439646907
CHI_-135,CHI,-135,1.7201805587324959,2.791029821077842,-1.0708492623453463,PHI_I10_25-9-8-35,PHI,52.12729434414338
CHI_-135,CHI,-135,1.7201805587324959,2.791029821077842,-1.0708492623453463,PHI_I11_34-8-9-36,PHI,50.787783067075935
CHI_-135,CHI,-135,1.7201805587324959,2.791029821077842,-1.0708492623453463,PHI_I12_35-8-9-36,PHI,-64.7548665534714
CHI_-135,CHI,-135,1.7201805587324959,2.791029821077842,-1.0708492623453463,PSI_I13_1-7-8-9,PSI,-52.781677895041035
CHI_-135,CHI,-135,1.7201805587324959,2.791029821077842,-1.0708492623453463,PSI_I14_6-7-8-9,PSI,129.4990373302649
CHI_-135,CHI,-135,1.7201805587324959,2.791029821077842,-1.0708492623453463,PSI_I15_1-7-8-34,PSI,71.75291729621578
CHI_-135,CHI,-135,1.7201805587324959,2.791029821077842,-1.0708492623453463,PSI_I16_1-7-8-35,PSI,-172.8212428453504
CHI_-135,CHI,-135,1.7201805587324959,2.791029821077842,-1.0708492623453463,PSI_I17_6-7-8-34,PSI,-105.96636747847829
CHI_-135,CHI,-135,1.7201805587324959,2.791029821077842,-1.0708492623453463,PSI_I18_6-7-8-35,PSI,9.45947237995555
CHI_-120,CHI,-120,2.1004462123625456,3.147769976801605,-1.0473237644390596,CHI_I01_8-9-25-55,CHI,-119.48607729318097
CHI_-120,CHI,-120,2.1004462123625456,3.147769976801605,-1.0473237644390596,CHI_I02_10-9-25-55,CHI,118.46502837017114
CHI_-120,CHI,-120,2.1004462123625456,3.147769976801605,-1.0473237644390596,CHI_I03_36-9-25-55,CHI,-1.854978114225188
CHI_-120,CHI,-120,2.1004462123625456,3.147769976801605,-1.0473237644390596,PHI_I04_7-8-9-10,PHI,55.808002880867264
CHI_-120,CHI,-120,2.1004462123625456,3.147769976801605,-1.0473237644390596,PHI_I05_7-8-9-25,PHI,-67.8811539587001
CHI_-120,CHI,-120,2.1004462123625456,3.147769976801605,-1.0473237644390596,PHI_I06_7-8-9-36,PHI,174.7008676303264
CHI_-120,CHI,-120,2.1004462123625456,3.147769976801605,-1.0473237644390596,PHI_I07_10-9-8-34,PHI,-67.8988269732363
CHI_-120,CHI,-120,2.1004462123625456,3.147769976801605,-1.0473237644390596,PHI_I08_10-9-8-35,PHI,176.63362192084597
CHI_-120,CHI,-120,2.1004462123625456,3.147769976801605,-1.0473237644390596,PHI_I09_25-9-8-34,PHI,168.41201618719634
CHI_-120,CHI,-120,2.1004462123625456,3.147769976801605,-1.0473237644390596,PHI_I10_25-9-8-35,PHI,52.944465081278615
CHI_-120,CHI,-120,2.1004462123625456,3.147769976801605,-1.0473237644390596,PHI_I11_34-8-9-36,PHI,50.994037776222825
CHI_-120,CHI,-120,2.1004462123625456,3.147769976801605,-1.0473237644390596,PHI_I12_35-8-9-36,PHI,-64.47351332969492
CHI_-120,CHI,-120,2.1004462123625456,3.147769976801605,-1.0473237644390596,PSI_I13_1-7-8-9,PSI,-53.08040842601861
CHI_-120,CHI,-120,2.1004462123625456,3.147769976801605,-1.0473237644390596,PSI_I14_6-7-8-9,PSI,129.20174131183646
CHI_-120,CHI,-120,2.1004462123625456,3.147769976801605,-1.0473237644390596,PSI_I15_1-7-8-34,PSI,71.49284647864137
CHI_-120,CHI,-120,2.1004462123625456,3.147769976801605,-1.0473237644390596,PSI_I16_1-7-8-35,PSI,-173.17933797448484
CHI_-120,CHI,-120,2.1004462123625456,3.147769976801605,-1.0473237644390596,PSI_I17_6-7-8-34,PSI,-106.22500378350357
CHI_-120,CHI,-120,2.1004462123625456,3.147769976801605,-1.0473237644390596,PSI_I18_6-7-8-35,PSI,9.102811763370227
CHI_-105,CHI,-105,2.282405294363951,2.6993826727300387,-0.41697737836608795,CHI_I01_8-9-25-55,CHI,-104.32822295299059
CHI_-105,CHI,-105,2.282405294363951,2.6993826727300387,-0.41697737836608795,CHI_I02_10-9-25-55,CHI,134.26358071327903
CHI_-105,CHI,-105,2.282405294363951,2.6993826727300387,-0.41697737836608795,CHI_I03_36-9-25-55,CHI,13.987589647712335
CHI_-105,CHI,-105,2.282405294363951,2.6993826727300387,-0.41697737836608795,PHI_I04_7-8-9-10,PHI,56.040438732362645
CHI_-105,CHI,-105,2.282405294363951,2.6993826727300387,-0.41697737836608795,PHI_I05_7-8-9-25,PHI,-67.10321139706376
CHI_-105,CHI,-105,2.282405294363951,2.6993826727300387,-0.41697737836608795,PHI_I06_7-8-9-36,PHI,174.96662684687888
CHI_-105,CHI,-105,2.282405294363951,2.6993826727300387,-0.41697737836608795,PHI_I07_10-9-8-34,PHI,-67.70149478098257
CHI_-105,CHI,-105,2.282405294363951,2.6993826727300387,-0.41697737836608795,PHI_I08_10-9-8-35,PHI,176.91326109450137
CHI_-105,CHI,-105,2.282405294363951,2.6993826727300387,-0.41697737836608795,PHI_I09_25-9-8-34,PHI,169.15485508959102
CHI_-105,CHI,-105,2.282405294363951,2.6993826727300387,-0.41697737836608795,PHI_I10_25-9-8-35,PHI,53.76961096507496
CHI_-105,CHI,-105,2.282405294363951,2.6993826727300387,-0.41697737836608795,PHI_I11_34-8-9-36,PHI,51.22469333353367
CHI_-105,CHI,-105,2.282405294363951,2.6993826727300387,-0.41697737836608795,PHI_I12_35-8-9-36,PHI,-64.1605507909824
CHI_-105,CHI,-105,2.282405294363951,2.6993826727300387,-0.41697737836608795,PSI_I13_1-7-8-9,PSI,-53.397102577920556
CHI_-105,CHI,-105,2.282405294363951,2.6993826727300387,-0.41697737836608795,PSI_I14_6-7-8-9,PSI,128.88151246635803
CHI_-105,CHI,-105,2.282405294363951,2.6993826727300387,-0.41697737836608795,PSI_I15_1-7-8-34,PSI,71.2066757314488
CHI_-105,CHI,-105,2.282405294363951,2.6993826727300387,-0.41697737836608795,PSI_I16_1-7-8-35,PSI,-173.5709478350428
CHI_-105,CHI,-105,2.282405294363951,2.6993826727300387,-0.41697737836608795,PSI_I17_6-7-8-34,PSI,-106.51470922427261
CHI_-105,CHI,-105,2.282405294363951,2.6993826727300387,-0.41697737836608795,PSI_I18_6-7-8-35,PSI,8.707667209235796
CHI_-090,CHI,-90,2.191846518770847,1.7150916271229733,0.4767548916478739,CHI_I01_8-9-25-55,CHI,-89.26334617545169
CHI_-090,CHI,-90,2.191846518770847,1.7150916271229733,0.4767548916478739,CHI_I02_10-9-25-55,CHI,149.60002309246778
CHI_-090,CHI,-90,2.191846518770847,1.7150916271229733,0.4767548916478739,CHI_I03_36-9-25-55,CHI,29.38818328733837
CHI_-090,CHI,-90,2.191846518770847,1.7150916271229733,0.4767548916478739,PHI_I04_7-8-9-10,PHI,56.194689393827474
CHI_-090,CHI,-90,2.191846518770847,1.7150916271229733,0.4767548916478739,PHI_I05_7-8-9-25,PHI,-66.71349720131808
CHI_-090,CHI,-90,2.191846518770847,1.7150916271229733,0.4767548916478739,PHI_I06_7-8-9-36,PHI,175.13707474238237
CHI_-090,CHI,-90,2.191846518770847,1.7150916271229733,0.4767548916478739,PHI_I07_10-9-8-34,PHI,-67.51997921584048
CHI_-090,CHI,-90,2.191846518770847,1.7150916271229733,0.4767548916478739,PHI_I08_10-9-8-35,PHI,177.13276263375246
CHI_-090,CHI,-90,2.191846518770847,1.7150916271229733,0.4767548916478739,PHI_I09_25-9-8-34,PHI,169.57183418901397
CHI_-090,CHI,-90,2.191846518770847,1.7150916271229733,0.4767548916478739,PHI_I10_25-9-8-35,PHI,54.224576038606905
CHI_-090,CHI,-90,2.191846518770847,1.7150916271229733,0.4767548916478739,PHI_I11_34-8-9-36,PHI,51.4224061327144
CHI_-090,CHI,-90,2.191846518770847,1.7150916271229733,0.4767548916478739,PHI_I12_35-8-9-36,PHI,-63.92485201769268
CHI_-090,CHI,-90,2.191846518770847,1.7150916271229733,0.4767548916478739,PSI_I13_1-7-8-9,PSI,-53.56489398927529
CHI_-090,CHI,-90,2.191846518770847,1.7150916271229733,0.4767548916478739,PSI_I14_6-7-8-9,PSI,128.70682729500348
CHI_-090,CHI,-90,2.191846518770847,1.7150916271229733,0.4767548916478739,PSI_I15_1-7-8-34,PSI,71.00789280740564
CHI_-090,CHI,-90,2.191846518770847,1.7150916271229733,0.4767548916478739,PSI_I16_1-7-8-35,PSI,-173.83341907214643
CHI_-090,CHI,-90,2.191846518770847,1.7150916271229733,0.4767548916478739,PSI_I17_6-7-8-34,PSI,-106.7203859083156
CHI_-090,CHI,-90,2.191846518770847,1.7150916271229733,0.4767548916478739,PSI_I18_6-7-8-35,PSI,8.438302212132344
CHI_-075,CHI,-75,1.9493375527533943,0.7280487456448412,1.221288807108553,CHI_I01_8-9-25-55,CHI,-74.32196022470485
CHI_-075,CHI,-75,1.9493375527533943,0.7280487456448412,1.221288807108553,CHI_I02_10-9-25-55,CHI,164.34297871155096
CHI_-075,CHI,-75,1.9493375527533943,0.7280487456448412,1.221288807108553,CHI_I03_36-9-25-55,CHI,44.194954765199036
CHI_-075,CHI,-75,1.9493375527533943,0.7280487456448412,1.221288807108553,PHI_I04_7-8-9-10,PHI,56.24116489120146
CHI_-075,CHI,-75,1.9493375527533943,0.7280487456448412,1.221288807108553,PHI_I05_7-8-9-25,PHI,-66.82007534789558
CHI_-075,CHI,-75,1.9493375527533943,0.7280487456448412,1.221288807108553,PHI_I06_7-8-9-36,PHI,175.18678075412012
CHI_-075,CHI,-75,1.9493375527533943,0.7280487456448412,1.221288807108553,PHI_I07_10-9-8-34,PHI,-67.36664998345309
CHI_-075,CHI,-75,1.9493375527533943,0.7280487456448412,1.221288807108553,PHI_I08_10-9-8-35,PHI,177.26722146313142
CHI_-075,CHI,-75,1.9493375527533943,0.7280487456448412,1.221288807108553,PHI_I09_25-9-8-34,PHI,169.5721097774499
CHI_-075,CHI,-75,1.9493375527533943,0.7280487456448412,1.221288807108553,PHI_I10_25-9-8-35,PHI,54.20598122403441
CHI_-075,CHI,-75,1.9493375527533943,0.7280487456448412,1.221288807108553,PHI_I11_34-8-9-36,PHI,51.57896587946557
CHI_-075,CHI,-75,1.9493375527533943,0.7280487456448412,1.221288807108553,PHI_I12_35-8-9-36,PHI,-63.787162673949936
CHI_-075,CHI,-75,1.9493375527533943,0.7280487456448412,1.221288807108553,PSI_I13_1-7-8-9,PSI,-53.53521625349295
CHI_-075,CHI,-75,1.9493375527533943,0.7280487456448412,1.221288807108553,PSI_I14_6-7-8-9,PSI,128.72574856648964
CHI_-075,CHI,-75,1.9493375527533943,0.7280487456448412,1.221288807108553,PSI_I15_1-7-8-34,PSI,70.92826385150916
CHI_-075,CHI,-75,1.9493375527533943,0.7280487456448412,1.221288807108553,PSI_I16_1-7-8-35,PSI,-173.91858481695476
CHI_-075,CHI,-75,1.9493375527533943,0.7280487456448412,1.221288807108553,PSI_I17_6-7-8-34,PSI,-106.81077132850827
CHI_-075,CHI,-75,1.9493375527533943,0.7280487456448412,1.221288807108553,PSI_I18_6-7-8-35,PSI,8.342380003027815
CHI_-060,CHI,-60,1.7582771045303314,0.22136551506014257,1.5369115894701888,CHI_I01_8-9-25-55,CHI,-59.46165930174445
CHI_-060,CHI,-60,1.7582771045303314,0.22136551506014257,1.5369115894701888,CHI_I02_10-9-25-55,CHI,178.69574034832468
CHI_-060,CHI,-60,1.7582771045303314,0.22136551506014257,1.5369115894701888,CHI_I03_36-9-25-55,CHI,58.60299318947592
CHI_-060,CHI,-60,1.7582771045303314,0.22136551506014257,1.5369115894701888,PHI_I04_7-8-9-10,PHI,56.235321852772074
CHI_-060,CHI,-60,1.7582771045303314,0.22136551506014257,1.5369115894701888,PHI_I05_7-8-9-25,PHI,-67.23842994242192
CHI_-060,CHI,-60,1.7582771045303314,0.22136551506014257,1.5369115894701888,PHI_I06_7-8-9-36,PHI,175.16993354341622
CHI_-060,CHI,-60,1.7582771045303314,0.22136551506014257,1.5369115894701888,PHI_I07_10-9-8-34,PHI,-67.21366244244203
CHI_-060,CHI,-60,1.7582771045303314,0.22136551506014257,1.5369115894701888,PHI_I08_10-9-8-35,PHI,177.37400402579465
CHI_-060,CHI,-60,1.7582771045303314,0.22136551506014257,1.5369115894701888,PHI_I09_25-9-8-34,PHI,169.312585762364
CHI_-060,CHI,-60,1.7582771045303314,0.22136551506014257,1.5369115894701888,PHI_I10_25-9-8-35,PHI,53.90025223060066
CHI_-060,CHI,-60,1.7582771045303314,0.22136551506014257,1.5369115894701888,PHI_I11_34-8-9-36,PHI,51.72094924820213
CHI_-060,CHI,-60,1.7582771045303314,0.22136551506014257,1.5369115894701888,PHI_I12_35-8-9-36,PHI,-63.69138428356122
CHI_-060,CHI,-60,1.7582771045303314,0.22136551506014257,1.5369115894701888,PSI_I13_1-7-8-9,PSI,-53.38944323044624
CHI_-060,CHI,-60,1.7582771045303314,0.22136551506014257,1.5369115894701888,PSI_I14_6-7-8-9,PSI,128.85527888941894
CHI_-060,CHI,-60,1.7582771045303314,0.22136551506014257,1.5369115894701888,PSI_I15_1-7-8-34,PSI,70.91262127528441
CHI_-060,CHI,-60,1.7582771045303314,0.22136551506014257,1.5369115894701888,PSI_I16_1-7-8-35,PSI,-173.90153451587645
CHI_-060,CHI,-60,1.7582771045303314,0.22136551506014257,1.5369115894701888,PSI_I17_6-7-8-34,PSI,-106.8426566048504
CHI_-060,CHI,-60,1.7582771045303314,0.22136551506014257,1.5369115894701888,PSI_I18_6-7-8-35,PSI,8.34318760398874
CHI_-045,CHI,-45,1.7517423921353694,0.35089777339362627,1.4008446187417432,CHI_I01_8-9-25-55,CHI,-45.59356356512846
CHI_-045,CHI,-45,1.7517423921353694,0.35089777339362627,1.4008446187417432,CHI_I02_10-9-25-55,CHI,-167.93156174049824
CHI_-045,CHI,-45,1.7517423921353694,0.35089777339362627,1.4008446187417432,CHI_I03_36-9-25-55,CHI,72.00691409622047
CHI_-045,CHI,-45,1.7517423921353694,0.35089777339362627,1.4008446187417432,PHI_I04_7-8-9-10,PHI,56.25628886421009
CHI_-045,CHI,-45,1.7517423921353694,0.35089777339362627,1.4008446187417432,PHI_I05_7-8-9-25,PHI,-67.6275341406908
CHI_-045,CHI,-45,1.7517423921353694,0.35089777339362627,1.4008446187417432,PHI_I06_7-8-9-36,PHI,175.17961362525494
CHI_-045,CHI,-45,1.7517423921353694,0.35089777339362627,1.4008446187417432,PHI_I07_10-9-8-34,PHI,-67.04433355070374
CHI_-045,CHI,-45,1.7517423921353694,0.35089777339362627,1.4008446187417432,PHI_I08_10-9-8-35,PHI,177.51633103706354
CHI_-045,CHI,-45,1.7517423921353694,0.35089777339362627,1.4008446187417432,PHI_I09_25-9-8-34,PHI,169.07184344439537
CHI_-045,CHI,-45,1.7517423921353694,0.35089777339362627,1.4008446187417432,PHI_I10_25-9-8-35,PHI,53.63250803216264
CHI_-045,CHI,-45,1.7517423921353694,0.35089777339362627,1.4008446187417432,PHI_I11_34-8-9-36,PHI,51.87899121034111
CHI_-045,CHI,-45,1.7517423921353694,0.35089777339362627,1.4008446187417432,PHI_I12_35-8-9-36,PHI,-63.560344201891624
CHI_-045,CHI,-45,1.7517423921353694,0.35089777339362627,1.4008446187417432,PSI_I13_1-7-8-9,PSI,-53.27103826089628
CHI_-045,CHI,-45,1.7517423921353694,0.35089777339362627,1.4008446187417432,PSI_I14_6-7-8-9,PSI,128.95010371584615
CHI_-045,CHI,-45,1.7517423921353694,0.35089777339362627,1.4008446187417432,PSI_I15_1-7-8-34,PSI,70.87813609036219
CHI_-045,CHI,-45,1.7517423921353694,0.35089777339362627,1.4008446187417432,PSI_I16_1-7-8-35,PSI,-173.89926342682276
CHI_-045,CHI,-45,1.7517423921353694,0.35089777339362627,1.4008446187417432,PSI_I17_6-7-8-34,PSI,-106.90072193289538
CHI_-045,CHI,-45,1.7517423921353694,0.35089777339362627,1.4008446187417432,PSI_I18_6-7-8-35,PSI,8.32187854991969
CHI_-030,CHI,-30,1.8731815879809242,0.9701925301257859,0.9029890578551383,CHI_I01_8-9-25-55,CHI,-30.660696286020997
CHI_-030,CHI,-30,1.8731815879809242,0.9701925301257859,0.9029890578551383,CHI_I02_10-9-25-55,CHI,-153.25447575685854
CHI_-030,CHI,-30,1.8731815879809242,0.9701925301257859,0.9029890578551383,CHI_I03_36-9-25-55,CHI,86.66251350169915
CHI_-030,CHI,-30,1.8731815879809242,0.9701925301257859,0.9029890578551383,PHI_I04_7-8-9-10,PHI,56.35568513585273
CHI_-030,CHI,-30,1.8731815879809242,0.9701925301257859,0.9029890578551383,PHI_I05_7-8-9-25,PHI,-67.74480423964036
CHI_-030,CHI,-30,1.8731815879809242,0.9701925301257859,0.9029890578551383,PHI_I06_7-8-9-36,PHI,175.3074639977512
CHI_-030,CHI,-30,1.8731815879809242,0.9701925301257859,0.9029890578551383,PHI_I07_10-9-8-34,PHI,-66.848411916472
CHI_-030,CHI,-30,1.8731815879809242,0.9701925301257859,0.9029890578551383,PHI_I08_10-9-8-35,PHI,177.73591811039202
CHI_-030,CHI,-30,1.8731815879809242,0.9701925301257859,0.9029890578551383,PHI_I09_25-9-8-34,PHI,169.05109870803494
CHI_-030,CHI,-30,1.8731815879809242,0.9701925301257859,0.9029890578551383,PHI_I10_25-9-8-35,PHI,53.63542873489894
CHI_-030,CHI,-30,1.8731815879809242,0.9701925301257859,0.9029890578551383,PHI_I11_34-8-9-36,PHI,52.10336694542648
CHI_-030,CHI,-30,1.8731815879809242,0.9701925301257859,0.9029890578551383,PHI_I12_35-8-9-36,PHI,-63.31230302770952
CHI_-030,CHI,-30,1.8731815879809242,0.9701925301257859,0.9029890578551383,PSI_I13_1-7-8-9,PSI,-53.284943881380165
CHI_-030,CHI,-30,1.8731815879809242,0.9701925301257859,0.9029890578551383,PSI_I14_6-7-8-9,PSI,128.89500343527993
CHI_-030,CHI,-30,1.8731815879809242,0.9701925301257859,0.9029890578551383,PSI_I15_1-7-8-34,PSI,70.7580201096186
CHI_-030,CHI,-30,1.8731815879809242,0.9701925301257859,0.9029890578551383,PSI_I16_1-7-8-35,PSI,-173.99624153358792
CHI_-030,CHI,-30,1.8731815879809242,0.9701925301257859,0.9029890578551383,PSI_I17_6-7-8-34,PSI,-107.06203257372131
CHI_-030,CHI,-30,1.8731815879809242,0.9701925301257859,0.9029890578551383,PSI_I18_6-7-8-35,PSI,8.183705783072165
CHI_-015,CHI,-15,1.8830474967830666,1.6361622554444182,0.24688524133864842,CHI_I01_8-9-25-55,CHI,-15.610629309527138
CHI_-015,CHI,-15,1.8830474967830666,1.6361622554444182,0.24688524133864842,CHI_I02_10-9-25-55,CHI,-137.98802104098485
CHI_-015,CHI,-15,1.8830474967830666,1.6361622554444182,0.24688524133864842,CHI_I03_36-9-25-55,CHI,101.8254231414401
CHI_-015,CHI,-15,1.8830474967830666,1.6361622554444182,0.24688524133864842,PHI_I04_7-8-9-10,PHI,56.525673969149345
CHI_-015,CHI,-15,1.8830474967830666,1.6361622554444182,0.24688524133864842,PHI_I05_7-8-9-25,PHI,-67.40588462253685
CHI_-015,CHI,-15,1.8830474967830666,1.6361622554444182,0.24688524133864842,PHI_I06_7-8-9-36,PHI,175.58289962359754
CHI_-015,CHI,-15,1.8830474967830666,1.6361622554444182,0.24688524133864842,PHI_I07_10-9-8-34,PHI,-66.70179865678459
CHI_-015,CHI,-15,1.8830474967830666,1.6361622554444182,0.24688524133864842,PHI_I08_10-9-8-35,PHI,177.96204586796898
CHI_-015,CHI,-15,1.8830474967830666,1.6361622554444182,0.24688524133864842,PHI_I09_25-9-8-34,PHI,169.36664275152924
CHI_-015,CHI,-15,1.8830474967830666,1.6361622554444182,0.24688524133864842,PHI_I10_25-9-8-35,PHI,54.0304872762828
CHI_-015,CHI,-15,1.8830474967830666,1.6361622554444182,0.24688524133864842,PHI_I11_34-8-9-36,PHI,52.35542699766361
CHI_-015,CHI,-15,1.8830474967830666,1.6361622554444182,0.24688524133864842,PHI_I12_35-8-9-36,PHI,-62.980728477582836
CHI_-015,CHI,-15,1.8830474967830666,1.6361622554444182,0.24688524133864842,PSI_I13_1-7-8-9,PSI,-53.51644352079355
CHI_-015,CHI,-15,1.8830474967830666,1.6361622554444182,0.24688524133864842,PSI_I14_6-7-8-9,PSI,128.59146542579845
CHI_-015,CHI,-15,1.8830474967830666,1.6361622554444182,0.24688524133864842,PSI_I15_1-7-8-34,PSI,70.53444776863763
CHI_-015,CHI,-15,1.8830474967830666,1.6361622554444182,0.24688524133864842,PSI_I16_1-7-8-35,PSI,-174.22057662476035
CHI_-015,CHI,-15,1.8830474967830666,1.6361622554444182,0.24688524133864842,PSI_I17_6-7-8-34,PSI,-107.35764328477039
CHI_-015,CHI,-15,1.8830474967830666,1.6361622554444182,0.24688524133864842,PSI_I18_6-7-8-35,PSI,7.887332321831632
CHI_+000,CHI,0,1.53761834092137,1.8478576779244804,-0.31023933700311046,CHI_I01_8-9-25-55,CHI,0.5311759596920395
CHI_+000,CHI,0,1.53761834092137,1.8478576779244804,-0.31023933700311046,CHI_I02_10-9-25-55,CHI,-121.25153701109333
CHI_+000,CHI,0,1.53761834092137,1.8478576779244804,-0.31023933700311046,CHI_I03_36-9-25-55,CHI,118.41733714711003
CHI_+000,CHI,0,1.53761834092137,1.8478576779244804,-0.31023933700311046,PHI_I04_7-8-9-10,PHI,56.69168792310581
CHI_+000,CHI,0,1.53761834092137,1.8478576779244804,-0.31023933700311046,PHI_I05_7-8-9-25,PHI,-66.78291106409752
CHI_+000,CHI,0,1.53761834092137,1.8478576779244804,-0.31023933700311046,PHI_I06_7-8-9-36,PHI,175.89355366300964
CHI_+000,CHI,0,1.53761834092137,1.8478576779244804,-0.31023933700311046,PHI_I07_10-9-8-34,PHI,-66.68736097697867
CHI_+000,CHI,0,1.53761834092137,1.8478576779244804,-0.31023933700311046,PHI_I08_10-9-8-35,PHI,178.08056070620006
CHI_+000,CHI,0,1.53761834092137,1.8478576779244804,-0.31023933700311046,PHI_I09_25-9-8-34,PHI,169.838040035818
CHI_+000,CHI,0,1.53761834092137,1.8478576779244804,-0.31023933700311046,PHI_I10_25-9-8-35,PHI,54.605961718996745
CHI_+000,CHI,0,1.53761834092137,1.8478576779244804,-0.31023933700311046,PHI_I11_34-8-9-36,PHI,52.51450476292518
CHI_+000,CHI,0,1.53761834092137,1.8478576779244804,-0.31023933700311046,PHI_I12_35-8-9-36,PHI,-62.717573553896095
CHI_+000,CHI,0,1.53761834092137,1.8478576779244804,-0.31023933700311046,PSI_I13_1-7-8-9,PSI,-53.952456632977324
CHI_+000,CHI,0,1.53761834092137,1.8478576779244804,-0.31023933700311046,PSI_I14_6-7-8-9,PSI,128.02749284026265
CHI_+000,CHI,0,1.53761834092137,1.8478576779244804,-0.31023933700311046,PSI_I15_1-7-8-34,PSI,70.23054288888227
CHI_+000,CHI,0,1.53761834092137,1.8478576779244804,-0.31023933700311046,PSI_I16_1-7-8-35,PSI,-174.54470291128757
CHI_+000,CHI,0,1.53761834092137,1.8478576779244804,-0.31023933700311046,PSI_I17_6-7-8-34,PSI,-107.78950763787776
CHI_+000,CHI,0,1.53761834092137,1.8478576779244804,-0.31023933700311046,PSI_I18_6-7-8-35,PSI,7.435246561952422
CHI_+015,CHI,15,0.8500053424677801,1.4154931394706267,-0.5654877970028466,CHI_I01_8-9-25-55,CHI,15.644930208027874
CHI_+015,CHI,15,0.8500053424677801,1.4154931394706267,-0.5654877970028466,CHI_I02_10-9-25-55,CHI,-105.7260428318675
CHI_+015,CHI,15,0.8500053424677801,1.4154931394706267,-0.5654877970028466,CHI_I03_36-9-25-55,CHI,133.89847788667632
CHI_+015,CHI,15,0.8500053424677801,1.4154931394706267,-0.5654877970028466,PHI_I04_7-8-9-10,PHI,56.656693253816115
CHI_+015,CHI,15,0.8500053424677801,1.4154931394706267,-0.5654877970028466,PHI_I05_7-8-9-25,PHI,-66.54195102826309
CHI_+015,CHI,15,0.8500053424677801,1.4154931394706267,-0.5654877970028466,PHI_I06_7-8-9-36,PHI,175.91007814581175
CHI_+015,CHI,15,0.8500053424677801,1.4154931394706267,-0.5654877970028466,PHI_I07_10-9-8-34,PHI,-66.89239402061929
CHI_+015,CHI,15,0.8500053424677801,1.4154931394706267,-0.5654877970028466,PHI_I08_10-9-8-35,PHI,177.94129251278667
CHI_+015,CHI,15,0.8500053424677801,1.4154931394706267,-0.5654877970028466,PHI_I09_25-9-8-34,PHI,169.90896169730152
CHI_+015,CHI,15,0.8500053424677801,1.4154931394706267,-0.5654877970028466,PHI_I10_25-9-8-35,PHI,54.74264823070749
CHI_+015,CHI,15,0.8500053424677801,1.4154931394706267,-0.5654877970028466,PHI_I11_34-8-9-36,PHI,52.36099087137635
CHI_+015,CHI,15,0.8500053424677801,1.4154931394706267,-0.5654877970028466,PHI_I12_35-8-9-36,PHI,-62.805322595217696
CHI_+015,CHI,15,0.8500053424677801,1.4154931394706267,-0.5654877970028466,PSI_I13_1-7-8-9,PSI,-54.27945016369654
CHI_+015,CHI,15,0.8500053424677801,1.4154931394706267,-0.5654877970028466,PSI_I14_6-7-8-9,PSI,127.56609903253184
CHI_+015,CHI,15,0.8500053424677801,1.4154931394706267,-0.5654877970028466,PSI_I15_1-7-8-34,PSI,70.058665019479
CHI_+015,CHI,15,0.8500053424677801,1.4154931394706267,-0.5654877970028466,PSI_I16_1-7-8-35,PSI,-174.73328409680198
CHI_+015,CHI,15,0.8500053424677801,1.4154931394706267,-0.5654877970028466,PSI_I17_6-7-8-34,PSI,-108.09578578429264
CHI_+015,CHI,15,0.8500053424677801,1.4154931394706267,-0.5654877970028466,PSI_I18_6-7-8-35,PSI,7.112265099426398
CHI_+030,CHI,30,0.1979165005694423,0.6669545439352547,-0.46903804336581234,CHI_I01_8-9-25-55,CHI,30.66431824645437
CHI_+030,CHI,30,0.1979165005694423,0.6669545439352547,-0.46903804336581234,CHI_I02_10-9-25-55,CHI,-90.759655599578
CHI_+030,CHI,30,0.1979165005694423,0.6669545439352547,-0.46903804336581234,CHI_I03_36-9-25-55,CHI,148.9394382827552
CHI_+030,CHI,30,0.1979165005694423,0.6669545439352547,-0.46903804336581234,PHI_I04_7-8-9-10,PHI,56.3712970294406
CHI_+030,CHI,30,0.1979165005694423,0.6669545439352547,-0.46903804336581234,PHI_I05_7-8-9-25,PHI,-66.93935328595377
CHI_+030,CHI,30,0.1979165005694423,0.6669545439352547,-0.46903804336581234,PHI_I06_7-8-9-36,PHI,175.5676740180379
CHI_+030,CHI,30,0.1979165005694423,0.6669545439352547,-0.46903804336581234,PHI_I07_10-9-8-34,PHI,-67.29440109073323
CHI_+030,CHI,30,0.1979165005694423,0.6669545439352547,-0.46903804336581234,PHI_I08_10-9-8-35,PHI,177.55133952683713
CHI_+030,CHI,30,0.1979165005694423,0.6669545439352547,-0.46903804336581234,PHI_I09_25-9-8-34,PHI,169.3949485938724
CHI_+030,CHI,30,0.1979165005694423,0.6669545439352547,-0.46903804336581234,PHI_I10_25-9-8-35,PHI,54.240689211442756
CHI_+030,CHI,30,0.1979165005694423,0.6669545439352547,-0.46903804336581234,PHI_I11_34-8-9-36,PHI,51.90197589786408
CHI_+030,CHI,30,0.1979165005694423,0.6669545439352547,-0.46903804336581234,PHI_I12_35-8-9-36,PHI,-63.252283484565574
CHI_+030,CHI,30,0.1979165005694423,0.6669545439352547,-0.46903804336581234,PSI_I13_1-7-8-9,PSI,-54.2819659561094
CHI_+030,CHI,30,0.1979165005694423,0.6669545439352547,-0.46903804336581234,PSI_I14_6-7-8-9,PSI,127.49873095030712
CHI_+030,CHI,30,0.1979165005694423,0.6669545439352547,-0.46903804336581234,PSI_I15_1-7-8-34,PSI,70.16474327401065
CHI_+030,CHI,30,0.1979165005694423,0.6669545439352547,-0.46903804336581234,PSI_I16_1-7-8-35,PSI,-174.6178597635729
CHI_+030,CHI,30,0.1979165005694423,0.6669545439352547,-0.46903804336581234,PSI_I17_6-7-8-34,PSI,-108.05455981957283
CHI_+030,CHI,30,0.1979165005694423,0.6669545439352547,-0.46903804336581234,PSI_I18_6-7-8-35,PSI,7.162837142843621
CHI_+045,CHI,45,0.0,0.07355587384662954,-0.07355587384662954,CHI_I01_8-9-25-55,CHI,45.581961357792814
CHI_+045,CHI,45,0.0,0.07355587384662954,-0.07355587384662954,CHI_I02_10-9-25-55,CHI,-76.32292075043536
CHI_+045,CHI,45,0.0,0.07355587384662954,-0.07355587384662954,CHI_I03_36-9-25-55,CHI,163.49997515576783
CHI_+045,CHI,45,0.0,0.07355587384662954,-0.07355587384662954,PHI_I04_7-8-9-10,PHI,55.965386401261064
CHI_+045,CHI,45,0.0,0.07355587384662954,-0.07355587384662954,PHI_I05_7-8-9-25,PHI,-67.79306920700157
CHI_+045,CHI,45,0.0,0.07355587384662954,-0.07355587384662954,PHI_I06_7-8-9-36,PHI,175.0470088611692
CHI_+045,CHI,45,0.0,0.07355587384662954,-0.07355587384662954,PHI_I07_10-9-8-34,PHI,-67.74501882280241
CHI_+045,CHI,45,0.0,0.07355587384662954,-0.07355587384662954,PHI_I08_10-9-8-35,PHI,177.05796022756414
CHI_+045,CHI,45,0.0,0.07355587384662954,-0.07355587384662954,PHI_I09_25-9-8-34,PHI,168.49652556893497
CHI_+045,CHI,45,0.0,0.07355587384662954,-0.07355587384662954,PHI_I10_25-9-8-35,PHI,53.29950461930151
CHI_+045,CHI,45,0.0,0.07355587384662954,-0.07355587384662954,PHI_I11_34-8-9-36,PHI,51.33660363710573
CHI_+045,CHI,45,0.0,0.07355587384662954,-0.07355587384662954,PHI_I12_35-8-9-36,PHI,-63.860417312527744
CHI_+045,CHI,45,0.0,0.07355587384662954,-0.07355587384662954,PSI_I13_1-7-8-9,PSI,-53.972311013930195
CHI_+045,CHI,45,0.0,0.07355587384662954,-0.07355587384662954,PSI_I14_6-7-8-9,PSI,127.84235197559371
CHI_+045,CHI,45,0.0,0.07355587384662954,-0.07355587384662954,PSI_I15_1-7-8-34,PSI,70.51901672112598
CHI_+045,CHI,45,0.0,0.07355587384662954,-0.07355587384662954,PSI_I16_1-7-8-35,PSI,-174.21607378587194
CHI_+045,CHI,45,0.0,0.07355587384662954,-0.07355587384662954,PSI_I17_6-7-8-34,PSI,-107.66632028935012
CHI_+045,CHI,45,0.0,0.07355587384662954,-0.07355587384662954,PSI_I18_6-7-8-35,PSI,7.598589203651963
CHI_+060,CHI,60,0.32618472333560894,0.0,0.32618472333560894,CHI_I01_8-9-25-55,CHI,59.44755686626719
CHI_+060,CHI,60,0.32618472333560894,0.0,0.32618472333560894,CHI_I02_10-9-25-55,CHI,-63.136141429114495
CHI_+060,CHI,60,0.32618472333560894,0.0,0.32618472333560894,CHI_I03_36-9-25-55,CHI,176.80711449685023
CHI_+060,CHI,60,0.32618472333560894,0.0,0.32618472333560894,PHI_I04_7-8-9-10,PHI,55.590162176985736
CHI_+060,CHI,60,0.32618472333560894,0.0,0.32618472333560894,PHI_I05_7-8-9-25,PHI,-68.77224507385553
CHI_+060,CHI,60,0.32618472333560894,0.0,0.32618472333560894,PHI_I06_7-8-9-36,PHI,174.5341682202157
CHI_+060,CHI,60,0.32618472333560894,0.0,0.32618472333560894,PHI_I07_10-9-8-34,PHI,-68.11281647287417
CHI_+060,CHI,60,0.32618472333560894,0.0,0.32618472333560894,PHI_I08_10-9-8-35,PHI,176.61530593478608
CHI_+060,CHI,60,0.32618472333560894,0.0,0.32618472333560894,PHI_I09_25-9-8-34,PHI,167.52477627628457
CHI_+060,CHI,60,0.32618472333560894,0.0,0.32618472333560894,PHI_I10_25-9-8-35,PHI,52.25289868394481
CHI_+060,CHI,60,0.32618472333560894,0.0,0.32618472333560894,PHI_I11_34-8-9-36,PHI,50.8311895703558
CHI_+060,CHI,60,0.32618472333560894,0.0,0.32618472333560894,PHI_I12_35-8-9-36,PHI,-64.44068802198396
CHI_+060,CHI,60,0.32618472333560894,0.0,0.32618472333560894,PSI_I13_1-7-8-9,PSI,-53.54517918029124
CHI_+060,CHI,60,0.32618472333560894,0.0,0.32618472333560894,PSI_I14_6-7-8-9,PSI,128.34894249951327
CHI_+060,CHI,60,0.32618472333560894,0.0,0.32618472333560894,PSI_I15_1-7-8-34,PSI,70.94476707335733
CHI_+060,CHI,60,0.32618472333560894,0.0,0.32618472333560894,PSI_I16_1-7-8-35,PSI,-173.7202790482132
CHI_+060,CHI,60,0.32618472333560894,0.0,0.32618472333560894,PSI_I17_6-7-8-34,PSI,-107.16111124683817
CHI_+060,CHI,60,0.32618472333560894,0.0,0.32618472333560894,PSI_I18_6-7-8-35,PSI,8.173842631591311
CHI_+075,CHI,75,1.0408015037026501,0.5731401091874204,0.4676613945152297,CHI_I01_8-9-25-55,CHI,74.30600691222018
CHI_+075,CHI,75,1.0408015037026501,0.5731401091874204,0.4676613945152297,CHI_I02_10-9-25-55,CHI,-49.02963953059224
CHI_+075,CHI,75,1.0408015037026501,0.5731401091874204,0.4676613945152297,CHI_I03_36-9-25-55,CHI,-168.9674489101287
CHI_+075,CHI,75,1.0408015037026501,0.5731401091874204,0.4676613945152297,PHI_I04_7-8-9-10,PHI,55.24509151239357
CHI_+075,CHI,75,1.0408015037026501,0.5731401091874204,0.4676613945152297,PHI_I05_7-8-9-25,PHI,-69.80503285024825
CHI_+075,CHI,75,1.0408015037026501,0.5731401091874204,0.4676613945152297,PHI_I06_7-8-9-36,PHI,174.01724815725726
CHI_+075,CHI,75,1.0408015037026501,0.5731401091874204,0.4676613945152297,PHI_I07_10-9-8-34,PHI,-68.43198824796389
CHI_+075,CHI,75,1.0408015037026501,0.5731401091874204,0.4676613945152297,PHI_I08_10-9-8-35,PHI,176.21304585839133
CHI_+075,CHI,75,1.0408015037026501,0.5731401091874204,0.4676613945152297,PHI_I09_25-9-8-34,PHI,166.5178873893943
CHI_+075,CHI,75,1.0408015037026501,0.5731401091874204,0.4676613945152297,PHI_I10_25-9-8-35,PHI,51.1629214957495
CHI_+075,CHI,75,1.0408015037026501,0.5731401091874204,0.4676613945152297,PHI_I11_34-8-9-36,PHI,50.340168396899806
CHI_+075,CHI,75,1.0408015037026501,0.5731401091874204,0.4676613945152297,PHI_I12_35-8-9-36,PHI,-65.014797496745
CHI_+075,CHI,75,1.0408015037026501,0.5731401091874204,0.4676613945152297,PSI_I13_1-7-8-9,PSI,-53.1161980800339
CHI_+075,CHI,75,1.0408015037026501,0.5731401091874204,0.4676613945152297,PSI_I14_6-7-8-9,PSI,128.8713397295796
CHI_+075,CHI,75,1.0408015037026501,0.5731401091874204,0.4676613945152297,PSI_I15_1-7-8-34,PSI,71.35759762247719
CHI_+075,CHI,75,1.0408015037026501,0.5731401091874204,0.4676613945152297,PSI_I16_1-7-8-35,PSI,-173.2357518129807
CHI_+075,CHI,75,1.0408015037026501,0.5731401091874204,0.4676613945152297,PSI_I17_6-7-8-34,PSI,-106.65486456790934
CHI_+075,CHI,75,1.0408015037026501,0.5731401091874204,0.4676613945152297,PSI_I18_6-7-8-35,PSI,8.751785996632796
CHI_+090,CHI,90,2.0223598887749024,1.698455552272378,0.32390433650252426,CHI_I01_8-9-25-55,CHI,90.00023061260343
CHI_+090,CHI,90,2.0223598887749024,1.698455552272378,0.32390433650252426,CHI_I02_10-9-25-55,CHI,-33.76794388755681
CHI_+090,CHI,90,2.0223598887749024,1.698455552272378,0.32390433650252426,CHI_I03_36-9-25-55,CHI,-153.65372352525264
CHI_+090,CHI,90,2.0223598887749024,1.698455552272378,0.32390433650252426,PHI_I04_7-8-9-10,PHI,55.01444969583268
CHI_+090,CHI,90,2.0223598887749024,1.698455552272378,0.32390433650252426,PHI_I05_7-8-9-25,PHI,-70.4509617701755
CHI_+090,CHI,90,2.0223598887749024,1.698455552272378,0.32390433650252426,PHI_I06_7-8-9-36,PHI,173.66964448608326
CHI_+090,CHI,90,2.0223598887749024,1.698455552272378,0.32390433650252426,PHI_I07_10-9-8-34,PHI,-68.66631684623647
CHI_+090,CHI,90,2.0223598887749024,1.698455552272378,0.32390433650252426,PHI_I08_10-9-8-35,PHI,175.93913067738924
CHI_+090,CHI,90,2.0223598887749024,1.698455552272378,0.32390433650252426,PHI_I09_25-9-8-34,PHI,165.86827168775537
CHI_+090,CHI,90,2.0223598887749024,1.698455552272378,0.32390433650252426,PHI_I10_25-9-8-35,PHI,50.47371921138103
CHI_+090,CHI,90,2.0223598887749024,1.698455552272378,0.32390433650252426,PHI_I11_34-8-9-36,PHI,49.988877944014085
CHI_+090,CHI,90,2.0223598887749024,1.698455552272378,0.32390433650252426,PHI_I12_35-8-9-36,PHI,-65.40567453236022
CHI_+090,CHI,90,2.0223598887749024,1.698455552272378,0.32390433650252426,PSI_I13_1-7-8-9,PSI,-52.84627081442951
CHI_+090,CHI,90,2.0223598887749024,1.698455552272378,0.32390433650252426,PSI_I14_6-7-8-9,PSI,129.22795629082802
CHI_+090,CHI,90,2.0223598887749024,1.698455552272378,0.32390433650252426,PSI_I15_1-7-8-34,PSI,71.6401063651325
CHI_+090,CHI,90,2.0223598887749024,1.698455552272378,0.32390433650252426,PSI_I16_1-7-8-35,PSI,-172.92621196917472
CHI_+090,CHI,90,2.0223598887749024,1.698455552272378,0.32390433650252426,PSI_I17_6-7-8-34,PSI,-106.28566652961
CHI_+090,CHI,90,2.0223598887749024,1.698455552272378,0.32390433650252426,PSI_I18_6-7-8-35,PSI,9.148015136082806
CHI_+105,CHI,105,3.0480034924252344,2.717053022660977,0.33095046976425735,CHI_I01_8-9-25-55,CHI,104.30574961957932
CHI_+105,CHI,105,3.0480034924252344,2.717053022660977,0.33095046976425735,CHI_I02_10-9-25-55,CHI,-19.207145288041414
CHI_+105,CHI,105,3.0480034924252344,2.717053022660977,0.33095046976425735,CHI_I03_36-9-25-55,CHI,-139.19273722610174
CHI_+105,CHI,105,3.0480034924252344,2.717053022660977,0.33095046976425735,PHI_I04_7-8-9-10,PHI,55.06441691392825
CHI_+105,CHI,105,3.0480034924252344,2.717053022660977,0.33095046976425735,PHI_I05_7-8-9-25,PHI,-70.1609432373451
CHI_+105,CHI,105,3.0480034924252344,2.717053022660977,0.33095046976425735,PHI_I06_7-8-9-36,PHI,173.79305519758614
CHI_+105,CHI,105,3.0480034924252344,2.717053022660977,0.33095046976425735,PHI_I07_10-9-8-34,PHI,-68.67057193561048
CHI_+105,CHI,105,3.0480034924252344,2.717053022660977,0.33095046976425735,PHI_I08_10-9-8-35,PHI,175.95064007642327
CHI_+105,CHI,105,3.0480034924252344,2.717053022660977,0.33095046976425735,PHI_I09_25-9-8-34,PHI,166.10406791311618
CHI_+105,CHI,105,3.0480034924252344,2.717053022660977,0.33095046976425735,PHI_I10_25-9-8-35,PHI,50.72527992514992
CHI_+105,CHI,105,3.0480034924252344,2.717053022660977,0.33095046976425735,PHI_I11_34-8-9-36,PHI,50.05806634804743
CHI_+105,CHI,105,3.0480034924252344,2.717053022660977,0.33095046976425735,PHI_I12_35-8-9-36,PHI,-65.32072163991884
CHI_+105,CHI,105,3.0480034924252344,2.717053022660977,0.33095046976425735,PSI_I13_1-7-8-9,PSI,-52.817361784269586
CHI_+105,CHI,105,3.0480034924252344,2.717053022660977,0.33095046976425735,PSI_I14_6-7-8-9,PSI,129.31187076241508
CHI_+105,CHI,105,3.0480034924252344,2.717053022660977,0.33095046976425735,PSI_I15_1-7-8-34,PSI,71.7286583038058
CHI_+105,CHI,105,3.0480034924252344,2.717053022660977,0.33095046976425735,PSI_I16_1-7-8-35,PSI,-172.8616790668477
CHI_+105,CHI,105,3.0480034924252344,2.717053022660977,0.33095046976425735,PSI_I17_6-7-8-34,PSI,-106.14210914950955
CHI_+105,CHI,105,3.0480034924252344,2.717053022660977,0.33095046976425735,PSI_I18_6-7-8-35,PSI,9.267553479836959
CHI_+120,CHI,120,3.7373350122694022,3.2875621782041122,0.44977283406529,CHI_I01_8-9-25-55,CHI,119.4555998969394
CHI_+120,CHI,120,3.7373350122694022,3.2875621782041122,0.44977283406529,CHI_I02_10-9-25-55,CHI,-3.285271546304578
CHI_+120,CHI,120,3.7373350122694022,3.2875621782041122,0.44977283406529,CHI_I03_36-9-25-55,CHI,-123.47436681394608
CHI_+120,CHI,120,3.7373350122694022,3.2875621782041122,0.44977283406529,PHI_I04_7-8-9-10,PHI,55.377662608831834
CHI_+120,CHI,120,3.7373350122694022,3.2875621782041122,0.44977283406529,PHI_I05_7-8-9-25,PHI,-69.16334432794118
CHI_+120,CHI,120,3.7373350122694022,3.2875621782041122,0.44977283406529,PHI_I06_7-8-9-36,PHI,174.276979352804
CHI_+120,CHI,120,3.7373350122694022,3.2875621782041122,0.44977283406529,PHI_I07_10-9-8-34,PHI,-68.44824287347087
CHI_+120,CHI,120,3.7373350122694022,3.2875621782041122,0.44977283406529,PHI_I08_10-9-8-35,PHI,176.21788393275136
CHI_+120,CHI,120,3.7373350122694022,3.2875621782041122,0.44977283406529,PHI_I09_25-9-8-34,PHI,167.01075018975615
CHI_+120,CHI,120,3.7373350122694022,3.2875621782041122,0.44977283406529,PHI_I10_25-9-8-35,PHI,51.67687699597835
CHI_+120,CHI,120,3.7373350122694022,3.2875621782041122,0.44977283406529,PHI_I11_34-8-9-36,PHI,50.45107387050131
CHI_+120,CHI,120,3.7373350122694022,3.2875621782041122,0.44977283406529,PHI_I12_35-8-9-36,PHI,-64.88279932327649
CHI_+120,CHI,120,3.7373350122694022,3.2875621782041122,0.44977283406529,PSI_I13_1-7-8-9,PSI,-53.00039847567514
CHI_+120,CHI,120,3.7373350122694022,3.2875621782041122,0.44977283406529,PSI_I14_6-7-8-9,PSI,129.16261210268814
CHI_+120,CHI,120,3.7373350122694022,3.2875621782041122,0.44977283406529,PSI_I15_1-7-8-34,PSI,71.6418228294229
CHI_+120,CHI,120,3.7373350122694022,3.2875621782041122,0.44977283406529,PSI_I16_1-7-8-35,PSI,-173.00325229120077
CHI_+120,CHI,120,3.7373350122694022,3.2875621782041122,0.44977283406529,PSI_I17_6-7-8-34,PSI,-106.19516659221381
CHI_+120,CHI,120,3.7373350122694022,3.2875621782041122,0.44977283406529,PSI_I18_6-7-8-35,PSI,9.159758287162555
CHI_+135,CHI,135,3.8030037733710786,3.0811260438902153,0.7218777294808634,CHI_I01_8-9-25-55,CHI,135.6219475220636
CHI_+135,CHI,135,3.8030037733710786,3.0811260438902153,0.7218777294808634,CHI_I02_10-9-25-55,CHI,13.753470382845952
CHI_+135,CHI,135,3.8030037733710786,3.0811260438902153,0.7218777294808634,CHI_I03_36-9-25-55,CHI,-106.69260747627038
CHI_+135,CHI,135,3.8030037733710786,3.0811260438902153,0.7218777294808634,PHI_I04_7-8-9-10,PHI,55.83683219884563
CHI_+135,CHI,135,3.8030037733710786,3.0811260438902153,0.7218777294808634,PHI_I05_7-8-9-25,PHI,-68.06044481717912
CHI_+135,CHI,135,3.8030037733710786,3.0811260438902153,0.7218777294808634,PHI_I06_7-8-9-36,PHI,174.83839999015441
CHI_+135,CHI,135,3.8030037733710786,3.0811260438902153,0.7218777294808634,PHI_I07_10-9-8-34,PHI,-68.08219257900863
CHI_+135,CHI,135,3.8030037733710786,3.0811260438902153,0.7218777294808634,PHI_I08_10-9-8-35,PHI,176.6306996115465
CHI_+135,CHI,135,3.8030037733710786,3.0811260438902153,0.7218777294808634,PHI_I09_25-9-8-34,PHI,168.02053040496662
CHI_+135,CHI,135,3.8030037733710786,3.0811260438902153,0.7218777294808634,PHI_I10_25-9-8-35,PHI,52.73342259552178
CHI_+135,CHI,135,3.8030037733710786,3.0811260438902153,0.7218777294808634,PHI_I11_34-8-9-36,PHI,50.919375212300174
CHI_+135,CHI,135,3.8030037733710786,3.0811260438902153,0.7218777294808634,PHI_I12_35-8-9-36,PHI,-64.36773259714468
CHI_+135,CHI,135,3.8030037733710786,3.0811260438902153,0.7218777294808634,PSI_I13_1-7-8-9,PSI,-53.327785498639464
CHI_+135,CHI,135,3.8030037733710786,3.0811260438902153,0.7218777294808634,PSI_I14_6-7-8-9,PSI,128.85623299819042
CHI_+135,CHI,135,3.8030037733710786,3.0811260438902153,0.7218777294808634,PSI_I15_1-7-8-34,PSI,71.4157112784171
CHI_+135,CHI,135,3.8030037733710786,3.0811260438902153,0.7218777294808634,PSI_I16_1-7-8-35,PSI,-173.295310230443
CHI_+135,CHI,135,3.8030037733710786,3.0811260438902153,0.7218777294808634,PSI_I17_6-7-8-34,PSI,-106.40027022475302
CHI_+135,CHI,135,3.8030037733710786,3.0811260438902153,0.7218777294808634,PSI_I18_6-7-8-35,PSI,8.888708266386919
CHI_+150,CHI,150,3.292878201783699,2.281691567403115,1.011186634380584,CHI_I01_8-9-25-55,CHI,150.70852126850903
CHI_+150,CHI,150,3.292878201783699,2.281691567403115,1.011186634380584,CHI_I02_10-9-25-55,CHI,29.28834628674585
CHI_+150,CHI,150,3.292878201783699,2.281691567403115,1.011186634380584,CHI_I03_36-9-25-55,CHI,-91.30558064784549
CHI_+150,CHI,150,3.292878201783699,2.281691567403115,1.011186634380584,PHI_I04_7-8-9-10,PHI,56.03961676871522
CHI_+150,CHI,150,3.292878201783699,2.281691567403115,1.011186634380584,PHI_I05_7-8-9-25,PHI,-67.52370703453569
CHI_+150,CHI,150,3.292878201783699,2.281691567403115,1.011186634380584,PHI_I06_7-8-9-36,PHI,175.08171678293712
CHI_+150,CHI,150,3.292878201783699,2.281691567403115,1.011186634380584,PHI_I07_10-9-8-34,PHI,-67.93274354795935
CHI_+150,CHI,150,3.292878201783699,2.281691567403115,1.011186634380584,PHI_I08_10-9-8-35,PHI,176.81507784983157
CHI_+150,CHI,150,3.292878201783699,2.281691567403115,1.011186634380584,PHI_I09_25-9-8-34,PHI,168.50393264878971
CHI_+150,CHI,150,3.292878201783699,2.281691567403115,1.011186634380584,PHI_I10_25-9-8-35,PHI,53.25175404658063
CHI_+150,CHI,150,3.292878201783699,2.281691567403115,1.011186634380584,PHI_I11_34-8-9-36,PHI,51.10935646626255
CHI_+150,CHI,150,3.292878201783699,2.281691567403115,1.011186634380584,PHI_I12_35-8-9-36,PHI,-64.14282213594657
CHI_+150,CHI,150,3.292878201783699,2.281691567403115,1.011186634380584,PSI_I13_1-7-8-9,PSI,-53.5405541714112
CHI_+150,CHI,150,3.292878201783699,2.281691567403115,1.011186634380584,PSI_I14_6-7-8-9,PSI,128.669754726056
CHI_+150,CHI,150,3.292878201783699,2.281691567403115,1.011186634380584,PSI_I15_1-7-8-34,PSI,71.26208692732925
CHI_+150,CHI,150,3.292878201783699,2.281691567403115,1.011186634380584,PSI_I16_1-7-8-35,PSI,-173.5010834809174
CHI_+150,CHI,150,3.292878201783699,2.281691567403115,1.011186634380584,PSI_I17_6-7-8-34,PSI,-106.52760417520356
CHI_+150,CHI,150,3.292878201783699,2.281691567403115,1.011186634380584,PSI_I18_6-7-8-35,PSI,8.709225416549785
CHI_+165,CHI,165,2.5316328285396272,1.3811964576913525,1.1504363708482748,CHI_I01_8-9-25-55,CHI,165.66248552598088
CHI_+165,CHI,165,2.5316328285396272,1.3811964576913525,1.1504363708482748,CHI_I02_10-9-25-55,CHI,44.07322736634607
CHI_+165,CHI,165,2.5316328285396272,1.3811964576913525,1.1504363708482748,CHI_I03_36-9-25-55,CHI,-76.44866625329409
CHI_+165,CHI,165,2.5316328285396272,1.3811964576913525,1.1504363708482748,PHI_I04_7-8-9-10,PHI,55.86967165742034
CHI_+165,CHI,165,2.5316328285396272,1.3811964576913525,1.1504363708482748,PHI_I05_7-8-9-25,PHI,-67.67581132268462
CHI_+165,CHI,165,2.5316328285396272,1.3811964576913525,1.1504363708482748,PHI_I06_7-8-9-36,PHI,174.93612007728203
CHI_+165,CHI,165,2.5316328285396272,1.3811964576913525,1.1504363708482748,PHI_I07_10-9-8-34,PHI,-68.07183516398891
CHI_+165,CHI,165,2.5316328285396272,1.3811964576913525,1.1504363708482748,PHI_I08_10-9-8-35,PHI,176.64836867482157
CHI_+165,CHI,165,2.5316328285396272,1.3811964576913525,1.1504363708482748,PHI_I09_25-9-8-34,PHI,168.38268185590616
CHI_+165,CHI,165,2.5316328285396272,1.3811964576913525,1.1504363708482748,PHI_I10_25-9-8-35,PHI,53.10288569471662
CHI_+165,CHI,165,2.5316328285396272,1.3811964576913525,1.1504363708482748,PHI_I11_34-8-9-36,PHI,50.99461325587276
CHI_+165,CHI,165,2.5316328285396272,1.3811964576913525,1.1504363708482748,PHI_I12_35-8-9-36,PHI,-64.28518290531676
CHI_+165,CHI,165,2.5316328285396272,1.3811964576913525,1.1504363708482748,PSI_I13_1-7-8-9,PSI,-53.40531909116223
CHI_+165,CHI,165,2.5316328285396272,1.3811964576913525,1.1504363708482748,PSI_I14_6-7-8-9,PSI,128.8357146300041
CHI_+165,CHI,165,2.5316328285396272,1.3811964576913525,1.1504363708482748,PSI_I15_1-7-8-34,PSI,71.37164794850227
CHI_+165,CHI,165,2.5316328285396272,1.3811964576913525,1.1504363708482748,PSI_I16_1-7-8-35,PSI,-173.37485388654045
CHI_+165,CHI,165,2.5316328285396272,1.3811964576913525,1.1504363708482748,PSI_I17_6-7-8-34,PSI,-106.3873183303314
CHI_+165,CHI,165,2.5316328285396272,1.3811964576913525,1.1504363708482748,PSI_I18_6-7-8-35,PSI,8.866179834625905
PHI_-180,PHI,-180,12.297421019351964,14.113844660547272,-1.8164236411953087,CHI_I01_8-9-25-55,CHI,63.47360141480758
PHI_-180,PHI,-180,12.297421019351964,14.113844660547272,-1.8164236411953087,CHI_I02_10-9-25-55,CHI,-63.570899070246845
PHI_-180,PHI,-180,12.297421019351964,14.113844660547272,-1.8164236411953087,CHI_I03_36-9-25-55,CHI,177.042481271637
PHI_-180,PHI,-180,12.297421019351964,14.113844660547272,-1.8164236411953087,PHI_I04_7-8-9-10,PHI,-50.70895325176022
PHI_-180,PHI,-180,12.297421019351964,14.113844660547272,-1.8164236411953087,PHI_I05_7-8-9-25,PHI,-179.36293653170728
PHI_-180,PHI,-180,12.297421019351964,14.113844660547272,-1.8164236411953087,PHI_I06_7-8-9-36,PHI,67.89323929866399
PHI_-180,PHI,-180,12.297421019351964,14.113844660547272,-1.8164236411953087,PHI_I07_10-9-8-34,PHI,-171.19431774837278
PHI_-180,PHI,-180,12.297421019351964,14.113844660547272,-1.8164236411953087,PHI_I08_10-9-8-35,PHI,72.99350392068857
PHI_-180,PHI,-180,12.297421019351964,14.113844660547272,-1.8164236411953087,PHI_I09_25-9-8-34,PHI,60.15169897168016
PHI_-180,PHI,-180,12.297421019351964,14.113844660547272,-1.8164236411953087,PHI_I10_25-9-8-35,PHI,-55.660479359258474
PHI_-180,PHI,-180,12.297421019351964,14.113844660547272,-1.8164236411953087,PHI_I11_34-8-9-36,PHI,-52.59212519794858
PHI_-180,PHI,-180,12.297421019351964,14.113844660547272,-1.8164236411953087,PHI_I12_35-8-9-36,PHI,-168.40430352888723
PHI_-180,PHI,-180,12.297421019351964,14.113844660547272,-1.8164236411953087,PSI_I13_1-7-8-9,PSI,36.35155475494432
PHI_-180,PHI,-180,12.297421019351964,14.113844660547272,-1.8164236411953087,PSI_I14_6-7-8-9,PSI,-147.7885598293668
PHI_-180,PHI,-180,12.297421019351964,14.113844660547272,-1.8164236411953087,PSI_I15_1-7-8-34,PSI,156.0523509844513
PHI_-180,PHI,-180,12.297421019351964,14.113844660547272,-1.8164236411953087,PSI_I16_1-7-8-35,PSI,-88.14531553993103
PHI_-180,PHI,-180,12.297421019351964,14.113844660547272,-1.8164236411953087,PSI_I17_6-7-8-34,PSI,-28.087763599859798
PHI_-180,PHI,-180,12.297421019351964,14.113844660547272,-1.8164236411953087,PSI_I18_6-7-8-35,PSI,87.71456987575789
PHI_-165,PHI,-165,12.017065696114134,13.576862767954907,-1.559797071840773,CHI_I01_8-9-25-55,CHI,63.38182342063585
PHI_-165,PHI,-165,12.017065696114134,13.576862767954907,-1.559797071840773,CHI_I02_10-9-25-55,CHI,-63.34076763805208
PHI_-165,PHI,-165,12.017065696114134,13.576862767954907,-1.559797071840773,CHI_I03_36-9-25-55,CHI,177.7028726671212
PHI_-165,PHI,-165,12.017065696114134,13.576862767954907,-1.559797071840773,PHI_I04_7-8-9-10,PHI,-37.68191422496558
PHI_-165,PHI,-165,12.017065696114134,13.576862767954907,-1.559797071840773,PHI_I05_7-8-9-25,PHI,-164.41635253123192
PHI_-165,PHI,-165,12.017065696114134,13.576862767954907,-1.559797071840773,PHI_I06_7-8-9-36,PHI,82.53826685786719
PHI_-165,PHI,-165,12.017065696114134,13.576862767954907,-1.559797071840773,PHI_I07_10-9-8-34,PHI,-159.65993003471277
PHI_-165,PHI,-165,12.017065696114134,13.576862767954907,-1.559797071840773,PHI_I08_10-9-8-35,PHI,85.3776141485078
PHI_-165,PHI,-165,12.017065696114134,13.576862767954907,-1.559797071840773,PHI_I09_25-9-8-34,PHI,73.6056316590209
PHI_-165,PHI,-165,12.017065696114134,13.576862767954907,-1.559797071840773,PHI_I10_25-9-8-35,PHI,-41.35682415775851
PHI_-165,PHI,-165,12.017065696114134,13.576862767954907,-1.559797071840773,PHI_I11_34-8-9-36,PHI,-39.43974895188002
PHI_-165,PHI,-165,12.017065696114134,13.576862767954907,-1.559797071840773,PHI_I12_35-8-9-36,PHI,-154.40220476865946
PHI_-165,PHI,-165,12.017065696114134,13.576862767954907,-1.559797071840773,PSI_I13_1-7-8-9,PSI,31.005388613393023
PHI_-165,PHI,-165,12.017065696114134,13.576862767954907,-1.559797071840773,PSI_I14_6-7-8-9,PSI,-153.49716195362976
PHI_-165,PHI,-165,12.017065696114134,13.576862767954907,-1.559797071840773,PSI_I15_1-7-8-34,PSI,152.05950103036932
PHI_-165,PHI,-165,12.017065696114134,13.576862767954907,-1.559797071840773,PSI_I16_1-7-8-35,PSI,-93.26662987830926
PHI_-165,PHI,-165,12.017065696114134,13.576862767954907,-1.559797071840773,PSI_I17_6-7-8-34,PSI,-32.44304953665345
PHI_-165,PHI,-165,12.017065696114134,13.576862767954907,-1.559797071840773,PSI_I18_6-7-8-35,PSI,82.23081955466799
PHI_-150,PHI,-150,12.14534987811232,13.21439256251152,-1.0690426843992,CHI_I01_8-9-25-55,CHI,63.976368836551956
PHI_-150,PHI,-150,12.14534987811232,13.21439256251152,-1.0690426843992,CHI_I02_10-9-25-55,CHI,-64.44038368254304
PHI_-150,PHI,-150,12.14534987811232,13.21439256251152,-1.0690426843992,CHI_I03_36-9-25-55,CHI,178.19493700432008
PHI_-150,PHI,-150,12.14534987811232,13.21439256251152,-1.0690426843992,PHI_I04_7-8-9-10,PHI,-22.05496743400955
PHI_-150,PHI,-150,12.14534987811232,13.21439256251152,-1.0690426843992,PHI_I05_7-8-9-25,PHI,-149.38389353896898
PHI_-150,PHI,-150,12.14534987811232,13.21439256251152,-1.0690426843992,PHI_I06_7-8-9-36,PHI,98.08754795544189
PHI_-150,PHI,-150,12.14534987811232,13.21439256251152,-1.0690426843992,PHI_I07_10-9-8-34,PHI,-144.75061986941253
PHI_-150,PHI,-150,12.14534987811232,13.21439256251152,-1.0690426843992,PHI_I08_10-9-8-35,PHI,100.77788640584637
PHI_-150,PHI,-150,12.14534987811232,13.21439256251152,-1.0690426843992,PHI_I09_25-9-8-34,PHI,87.92045402562803
PHI_-150,PHI,-150,12.14534987811232,13.21439256251152,-1.0690426843992,PHI_I10_25-9-8-35,PHI,-26.551039699113048
PHI_-150,PHI,-150,12.14534987811232,13.21439256251152,-1.0690426843992,PHI_I11_34-8-9-36,PHI,-24.608104479961096
PHI_-150,PHI,-150,12.14534987811232,13.21439256251152,-1.0690426843992,PHI_I12_35-8-9-36,PHI,-139.0795982047022
PHI_-150,PHI,-150,12.14534987811232,13.21439256251152,-1.0690426843992,PSI_I13_1-7-8-9,PSI,20.078601534499725
PHI_-150,PHI,-150,12.14534987811232,13.21439256251152,-1.0690426843992,PSI_I14_6-7-8-9,PSI,-163.72084593494483
PHI_-150,PHI,-150,12.14534987811232,13.21439256251152,-1.0690426843992,PSI_I15_1-7-8-34,PSI,142.0051552193961
PHI_-150,PHI,-150,12.14534987811232,13.21439256251152,-1.0690426843992,PSI_I16_1-7-8-35,PSI,-104.19394738801994
PHI_-150,PHI,-150,12.14534987811232,13.21439256251152,-1.0690426843992,PSI_I17_6-7-8-34,PSI,-41.79429225004846
PHI_-150,PHI,-150,12.14534987811232,13.21439256251152,-1.0690426843992,PSI_I18_6-7-8-35,PSI,72.0066051425355
PHI_-135,PHI,-135,12.088672339648122,12.210367877382026,-0.1216955377339044,CHI_I01_8-9-25-55,CHI,64.63614279770941
PHI_-135,PHI,-135,12.088672339648122,12.210367877382026,-0.1216955377339044,CHI_I02_10-9-25-55,CHI,-66.50044401034862
PHI_-135,PHI,-135,12.088672339648122,12.210367877382026,-0.1216955377339044,CHI_I03_36-9-25-55,CHI,178.01533471229308
PHI_-135,PHI,-135,12.088672339648122,12.210367877382026,-0.1216955377339044,PHI_I04_7-8-9-10,PHI,-5.144358221262564
PHI_-135,PHI,-135,12.088672339648122,12.210367877382026,-0.1216955377339044,PHI_I05_7-8-9-25,PHI,-135.02224567193005
PHI_-135,PHI,-135,12.088672339648122,12.210367877382026,-0.1216955377339044,PHI_I06_7-8-9-36,PHI,113.49834193903415
PHI_-135,PHI,-135,12.088672339648122,12.210367877382026,-0.1216955377339044,PHI_I07_10-9-8-34,PHI,-127.5600366998922
PHI_-135,PHI,-135,12.088672339648122,12.210367877382026,-0.1216955377339044,PHI_I08_10-9-8-35,PHI,118.26587160144241
PHI_-135,PHI,-135,12.088672339648122,12.210367877382026,-0.1216955377339044,PHI_I09_25-9-8-34,PHI,102.56207584944032
PHI_-135,PHI,-135,12.088672339648122,12.210367877382026,-0.1216955377339044,PHI_I10_25-9-8-35,PHI,-11.612015849225093
PHI_-135,PHI,-135,12.088672339648122,12.210367877382026,-0.1216955377339044,PHI_I11_34-8-9-36,PHI,-8.91733653959548
PHI_-135,PHI,-135,12.088672339648122,12.210367877382026,-0.1216955377339044,PHI_I12_35-8-9-36,PHI,-123.0914282382609
PHI_-135,PHI,-135,12.088672339648122,12.210367877382026,-0.1216955377339044,PSI_I13_1-7-8-9,PSI,4.935938132518722
PHI_-135,PHI,-135,12.088672339648122,12.210367877382026,-0.1216955377339044,PSI_I14_6-7-8-9,PSI,-177.20920799734262
PHI_-135,PHI,-135,12.088672339648122,12.210367877382026,-0.1216955377339044,PSI_I15_1-7-8-34,PSI,127.03936673101128
PHI_-135,PHI,-135,12.088672339648122,12.210367877382026,-0.1216955377339044,PSI_I16_1-7-8-35,PSI,-119.62823594715927
PHI_-135,PHI,-135,12.088672339648122,12.210367877382026,-0.1216955377339044,PSI_I17_6-7-8-34,PSI,-55.10577939885007
PHI_-135,PHI,-135,12.088672339648122,12.210367877382026,-0.1216955377339044,PSI_I18_6-7-8-35,PSI,58.2266179229794
PHI_-120,PHI,-120,9.406090467076242,9.653342055627007,-0.2472515885507658,CHI_I01_8-9-25-55,CHI,64.93207036738627
PHI_-120,PHI,-120,9.406090467076242,9.653342055627007,-0.2472515885507658,CHI_I02_10-9-25-55,CHI,-68.87317791333979
PHI_-120,PHI,-120,9.406090467076242,9.653342055627007,-0.2472515885507658,CHI_I03_36-9-25-55,CHI,177.1985834516129
PHI_-120,PHI,-120,9.406090467076242,9.653342055627007,-0.2472515885507658,PHI_I04_7-8-9-10,PHI,13.083659623209133
PHI_-120,PHI,-120,9.406090467076242,9.653342055627007,-0.2472515885507658,PHI_I05_7-8-9-25,PHI,-120.02197173833486
PHI_-120,PHI,-120,9.406090467076242,9.653342055627007,-0.2472515885507658,PHI_I06_7-8-9-36,PHI,129.65677929236904
PHI_-120,PHI,-120,9.406090467076242,9.653342055627007,-0.2472515885507658,PHI_I07_10-9-8-34,PHI,-108.91984536856265
PHI_-120,PHI,-120,9.406090467076242,9.653342055627007,-0.2472515885507658,PHI_I08_10-9-8-35,PHI,137.0326509545769
PHI_-120,PHI,-120,9.406090467076242,9.653342055627007,-0.2472515885507658,PHI_I09_25-9-8-34,PHI,117.97452326989338
PHI_-120,PHI,-120,9.406090467076242,9.653342055627007,-0.2472515885507658,PHI_I10_25-9-8-35,PHI,3.9270195930329135
PHI_-120,PHI,-120,9.406090467076242,9.653342055627007,-0.2472515885507658,PHI_I11_34-8-9-36,PHI,7.653274300597278
PHI_-120,PHI,-120,9.406090467076242,9.653342055627007,-0.2472515885507658,PHI_I12_35-8-9-36,PHI,-106.3942293762632
PHI_-120,PHI,-120,9.406090467076242,9.653342055627007,-0.2472515885507658,PSI_I13_1-7-8-9,PSI,-14.363811218170424
PHI_-120,PHI,-120,9.406090467076242,9.653342055627007,-0.2472515885507658,PSI_I14_6-7-8-9,PSI,165.565184896227
PHI_-120,PHI,-120,9.406090467076242,9.653342055627007,-0.2472515885507658,PSI_I15_1-7-8-34,PSI,107.91018028340129
PHI_-120,PHI,-120,9.406090467076242,9.653342055627007,-0.2472515885507658,PSI_I16_1-7-8-35,PSI,-138.66315450078514
PHI_-120,PHI,-120,9.406090467076242,9.653342055627007,-0.2472515885507658,PSI_I17_6-7-8-34,PSI,-72.1608236022013
PHI_-120,PHI,-120,9.406090467076242,9.653342055627007,-0.2472515885507658,PSI_I18_6-7-8-35,PSI,41.265841613612295
PHI_-105,PHI,-105,5.389702277432289,5.933403152837386,-0.5437008754050963,CHI_I01_8-9-25-55,CHI,63.663595426758
PHI_-105,PHI,-105,5.389702277432289,5.933403152837386,-0.5437008754050963,CHI_I02_10-9-25-55,CHI,-69.73747349053606
PHI_-105,PHI,-105,5.389702277432289,5.933403152837386,-0.5437008754050963,CHI_I03_36-9-25-55,CHI,176.0160584814737
PHI_-105,PHI,-105,5.389702277432289,5.933403152837386,-0.5437008754050963,PHI_I04_7-8-9-10,PHI,28.46206612863719
PHI_-105,PHI,-105,5.389702277432289,5.933403152837386,-0.5437008754050963,PHI_I05_7-8-9-25,PHI,-104.99624039446769
PHI_-105,PHI,-105,5.389702277432289,5.933403152837386,-0.5437008754050963,PHI_I06_7-8-9-36,PHI,144.3845004428898
PHI_-105,PHI,-105,5.389702277432289,5.933403152837386,-0.5437008754050963,PHI_I07_10-9-8-34,PHI,-93.50520004612677
PHI_-105,PHI,-105,5.389702277432289,5.933403152837386,-0.5437008754050963,PHI_I08_10-9-8-35,PHI,152.32049320397283
PHI_-105,PHI,-105,5.389702277432289,5.933403152837386,-0.5437008754050963,PHI_I09_25-9-8-34,PHI,133.03649343076836
PHI_-105,PHI,-105,5.389702277432289,5.933403152837386,-0.5437008754050963,PHI_I10_25-9-8-35,PHI,18.862186680867936
PHI_-105,PHI,-105,5.389702277432289,5.933403152837386,-0.5437008754050963,PHI_I11_34-8-9-36,PHI,22.41723426812582
PHI_-105,PHI,-105,5.389702277432289,5.933403152837386,-0.5437008754050963,PHI_I12_35-8-9-36,PHI,-91.7570724817746
PHI_-105,PHI,-105,5.389702277432289,5.933403152837386,-0.5437008754050963,PSI_I13_1-7-8-9,PSI,-29.996668345726768
PHI_-105,PHI,-105,5.389702277432289,5.933403152837386,-0.5437008754050963,PSI_I14_6-7-8-9,PSI,151.11158945774972
PHI_-105,PHI,-105,5.389702277432289,5.933403152837386,-0.5437008754050963,PSI_I15_1-7-8-34,PSI,92.5873597083236
PHI_-105,PHI,-105,5.389702277432289,5.933403152837386,-0.5437008754050963,PSI_I16_1-7-8-35,PSI,-153.4772281618461
PHI_-105,PHI,-105,5.389702277432289,5.933403152837386,-0.5437008754050963,PSI_I17_6-7-8-34,PSI,-86.30438248819993
PHI_-105,PHI,-105,5.389702277432289,5.933403152837386,-0.5437008754050963,PSI_I18_6-7-8-35,PSI,27.631029641630363
PHI_-090,PHI,-90,1.8840517384563273,2.3271151905087777,-0.44306345205245035,CHI_I01_8-9-25-55,CHI,60.73150089134506
PHI_-090,PHI,-90,1.8840517384563273,2.3271151905087777,-0.44306345205245035,CHI_I02_10-9-25-55,CHI,-69.15318950218045
PHI_-090,PHI,-90,1.8840517384563273,2.3271151905087777,-0.44306345205245035,CHI_I03_36-9-25-55,CHI,174.55042722246935
PHI_-090,PHI,-90,1.8840517384563273,2.3271151905087777,-0.44306345205245035,PHI_I04_7-8-9-10,PHI,40.669635523344944
PHI_-090,PHI,-90,1.8840517384563273,2.3271151905087777,-0.44306345205245035,PHI_I05_7-8-9-25,PHI,-89.97812511465888
PHI_-090,PHI,-90,1.8840517384563273,2.3271151905087777,-0.44306345205245035,PHI_I06_7-8-9-36,PHI,157.52587900324482
PHI_-090,PHI,-90,1.8840517384563273,2.3271151905087777,-0.44306345205245035,PHI_I07_10-9-8-34,PHI,-81.74458146659218
PHI_-090,PHI,-90,1.8840517384563273,2.3271151905087777,-0.44306345205245035,PHI_I08_10-9-8-35,PHI,163.71182850466582
PHI_-090,PHI,-90,1.8840517384563273,2.3271151905087777,-0.44306345205245035,PHI_I09_25-9-8-34,PHI,147.607657895404
PHI_-090,PHI,-90,1.8840517384563273,2.3271151905087777,-0.44306345205245035,PHI_I10_25-9-8-35,PHI,33.064067866661965
PHI_-090,PHI,-90,1.8840517384563273,2.3271151905087777,-0.44306345205245035,PHI_I11_34-8-9-36,PHI,35.11166201330769
PHI_-090,PHI,-90,1.8840517384563273,2.3271151905087777,-0.44306345205245035,PHI_I12_35-8-9-36,PHI,-79.43192801543432
PHI_-090,PHI,-90,1.8840517384563273,2.3271151905087777,-0.44306345205245035,PSI_I13_1-7-8-9,PSI,-41.1089215360602
PHI_-090,PHI,-90,1.8840517384563273,2.3271151905087777,-0.44306345205245035,PSI_I14_6-7-8-9,PSI,140.49745285181956
PHI_-090,PHI,-90,1.8840517384563273,2.3271151905087777,-0.44306345205245035,PSI_I15_1-7-8-34,PSI,82.05120964585684
PHI_-090,PHI,-90,1.8840517384563273,2.3271151905087777,-0.44306345205245035,PSI_I16_1-7-8-35,PSI,-163.38105435821728
PHI_-090,PHI,-90,1.8840517384563273,2.3271151905087777,-0.44306345205245035,PSI_I17_6-7-8-34,PSI,-96.3424159662634
PHI_-090,PHI,-90,1.8840517384563273,2.3271151905087777,-0.44306345205245035,PSI_I18_6-7-8-35,PSI,18.225320029662488
PHI_-075,PHI,-75,0.0,0.0,0.0,CHI_I01_8-9-25-55,CHI,56.550087062600134
PHI_-075,PHI,-75,0.0,0.0,0.0,CHI_I02_10-9-25-55,CHI,-68.25517421546822
PHI_-075,PHI,-75,0.0,0.0,0.0,CHI_I03_36-9-25-55,CHI,172.7710527180847
PHI_-075,PHI,-75,0.0,0.0,0.0,PHI_I04_7-8-9-10,PHI,51.306313666340145
PHI_-075,PHI,-75,0.0,0.0,0.0,PHI_I05_7-8-9-25,PHI,-74.97242972547537
PHI_-075,PHI,-75,0.0,0.0,0.0,PHI_I06_7-8-9-36,PHI,169.6844482689068
PHI_-075,PHI,-75,0.0,0.0,0.0,PHI_I07_10-9-8-34,PHI,-71.9271547970572
PHI_-075,PHI,-75,0.0,0.0,0.0,PHI_I08_10-9-8-35,PHI,173.02618233561824
PHI_-075,PHI,-75,0.0,0.0,0.0,PHI_I09_25-9-8-34,PHI,161.7941018111273
PHI_-075,PHI,-75,0.0,0.0,0.0,PHI_I10_25-9-8-35,PHI,46.74743894380275
PHI_-075,PHI,-75,0.0,0.0,0.0,PHI_I11_34-8-9-36,PHI,46.450979805509434
PHI_-075,PHI,-75,0.0,0.0,0.0,PHI_I12_35-8-9-36,PHI,-68.59568306181511
PHI_-075,PHI,-75,0.0,0.0,0.0,PSI_I13_1-7-8-9,PSI,-50.08616132848314
PHI_-075,PHI,-75,0.0,0.0,0.0,PSI_I14_6-7-8-9,PSI,131.72624346477156
PHI_-075,PHI,-75,0.0,0.0,0.0,PSI_I15_1-7-8-34,PSI,73.92856834498018
PHI_-075,PHI,-75,0.0,0.0,0.0,PSI_I16_1-7-8-35,PSI,-170.9206675485277
PHI_-075,PHI,-75,0.0,0.0,0.0,PSI_I17_6-7-8-34,PSI,-104.25902686176511
PHI_-075,PHI,-75,0.0,0.0,0.0,PSI_I18_6-7-8-35,PSI,10.891737244727018
PHI_-060,PHI,-60,1.1679589391511374,0.26870086608946764,0.8992580730616697,CHI_I01_8-9-25-55,CHI,51.451856104744756
PHI_-060,PHI,-60,1.1679589391511374,0.26870086608946764,0.8992580730616697,CHI_I02_10-9-25-55,CHI,-67.54959898147243
PHI_-060,PHI,-60,1.1679589391511374,0.26870086608946764,0.8992580730616697,CHI_I03_36-9-25-55,CHI,171.12075592361086
PHI_-060,PHI,-60,1.1679589391511374,0.26870086608946764,0.8992580730616697,PHI_I04_7-8-9-10,PHI,61.19327767355673
PHI_-060,PHI,-60,1.1679589391511374,0.26870086608946764,0.8992580730616697,PHI_I05_7-8-9-25,PHI,-60.05233520514337
PHI_-060,PHI,-60,1.1679589391511374,0.26870086608946764,0.8992580730616697,PHI_I06_7-8-9-36,PHI,-179.20599645091508
PHI_-060,PHI,-60,1.1679589391511374,0.26870086608946764,0.8992580730616697,PHI_I07_10-9-8-34,PHI,-63.27181916532818
PHI_-060,PHI,-60,1.1679589391511374,0.26870086608946764,0.8992580730616697,PHI_I08_10-9-8-35,PHI,-178.6545847962107
PHI_-060,PHI,-60,1.1679589391511374,0.26870086608946764,0.8992580730616697,PHI_I09_25-9-8-34,PHI,175.48256795597172
PHI_-060,PHI,-60,1.1679589391511374,0.26870086608946764,0.8992580730616697,PHI_I10_25-9-8-35,PHI,60.09980232508919
PHI_-060,PHI,-60,1.1679589391511374,0.26870086608946764,0.8992580730616697,PHI_I11_34-8-9-36,PHI,56.32890671020003
PHI_-060,PHI,-60,1.1679589391511374,0.26870086608946764,0.8992580730616697,PHI_I12_35-8-9-36,PHI,-59.05385892068249
PHI_-060,PHI,-60,1.1679589391511374,0.26870086608946764,0.8992580730616697,PSI_I13_1-7-8-9,PSI,-58.09364200074477
PHI_-060,PHI,-60,1.1679589391511374,0.26870086608946764,0.8992580730616697,PSI_I14_6-7-8-9,PSI,123.81579603825709
PHI_-060,PHI,-60,1.1679589391511374,0.26870086608946764,0.8992580730616697,PSI_I15_1-7-8-34,PSI,67.16195138065491
PHI_-060,PHI,-60,1.1679589391511374,0.26870086608946764,0.8992580730616697,PSI_I16_1-7-8-35,PSI,-177.5121880681064
PHI_-060,PHI,-60,1.1679589391511374,0.26870086608946764,0.8992580730616697,PSI_I17_6-7-8-34,PSI,-110.92861058034325
PHI_-060,PHI,-60,1.1679589391511374,0.26870086608946764,0.8992580730616697,PSI_I18_6-7-8-35,PSI,4.397249970895425
PHI_-045,PHI,-45,5.348395421266241,4.3162240784408965,1.032171342825344,CHI_I01_8-9-25-55,CHI,-59.5500528310537
PHI_-045,PHI,-45,5.348395421266241,4.3162240784408965,1.032171342825344,CHI_I02_10-9-25-55,CHI,-172.44916696250058
PHI_-045,PHI,-45,5.348395421266241,4.3162240784408965,1.032171342825344,CHI_I03_36-9-25-55,CHI,65.0183911946903
PHI_-045,PHI,-45,5.348395421266241,4.3162240784408965,1.032171342825344,PHI_I04_7-8-9-10,PHI,70.38238971989153
PHI_-045,PHI,-45,5.348395421266241,4.3162240784408965,1.032171342825344,PHI_I05_7-8-9-25,PHI,-45.12117282567106
PHI_-045,PHI,-45,5.348395421266241,4.3162240784408965,1.032171342825344,PHI_I06_7-8-9-36,PHI,-169.6251975818641
PHI_-045,PHI,-45,5.348395421266241,4.3162240784408965,1.032171342825344,PHI_I07_10-9-8-34,PHI,-55.521576866314774
PHI_-045,PHI,-45,5.348395421266241,4.3162240784408965,1.032171342825344,PHI_I08_10-9-8-35,PHI,-170.83106250614554
PHI_-045,PHI,-45,5.348395421266241,4.3162240784408965,1.032171342825344,PHI_I09_25-9-8-34,PHI,-171.02513941187738
PHI_-045,PHI,-45,5.348395421266241,4.3162240784408965,1.032171342825344,PHI_I10_25-9-8-35,PHI,73.66537494829187
PHI_-045,PHI,-45,5.348395421266241,4.3162240784408965,1.032171342825344,PHI_I11_34-8-9-36,PHI,64.47083583192962
PHI_-045,PHI,-45,5.348395421266241,4.3162240784408965,1.032171342825344,PHI_I12_35-8-9-36,PHI,-50.83864980790117
PHI_-045,PHI,-45,5.348395421266241,4.3162240784408965,1.032171342825344,PSI_I13_1-7-8-9,PSI,-64.5058232273069
PHI_-045,PHI,-45,5.348395421266241,4.3162240784408965,1.032171342825344,PSI_I14_6-7-8-9,PSI,117.78969157006023
PHI_-045,PHI,-45,5.348395421266241,4.3162240784408965,1.032171342825344,PSI_I15_1-7-8-34,PSI,62.38966450399638
PHI_-045,PHI,-45,5.348395421266241,4.3162240784408965,1.032171342825344,PSI_I16_1-7-8-35,PSI,176.98845282067379
PHI_-045,PHI,-45,5.348395421266241,4.3162240784408965,1.032171342825344,PSI_I17_6-7-8-34,PSI,-115.3148206986365
PHI_-045,PHI,-45,5.348395421266241,4.3162240784408965,1.032171342825344,PSI_I18_6-7-8-35,PSI,-0.7160323819590905
PHI_-030,PHI,-30,12.61886348886727,13.199569011046464,-0.5807055221791941,CHI_I01_8-9-25-55,CHI,-62.874537077728085
PHI_-030,PHI,-30,12.61886348886727,13.199569011046464,-0.5807055221791941,CHI_I02_10-9-25-55,CHI,-169.30408958585846
PHI_-030,PHI,-30,12.61886348886727,13.199569011046464,-0.5807055221791941,CHI_I03_36-9-25-55,CHI,68.19629208684579
PHI_-030,PHI,-30,12.61886348886727,13.199569011046464,-0.5807055221791941,PHI_I04_7-8-9-10,PHI,79.07565693990489
PHI_-030,PHI,-30,12.61886348886727,13.199569011046464,-0.5807055221791941,PHI_I05_7-8-9-25,PHI,-30.19759287542029
PHI_-030,PHI,-30,12.61886348886727,13.199569011046464,-0.5807055221791941,PHI_I06_7-8-9-36,PHI,-161.2897793409049
PHI_-030,PHI,-30,12.61886348886727,13.199569011046464,-0.5807055221791941,PHI_I07_10-9-8-34,PHI,-49.63421410450143
PHI_-030,PHI,-30,12.61886348886727,13.199569011046464,-0.5807055221791941,PHI_I08_10-9-8-35,PHI,-164.09099079666123
PHI_-030,PHI,-30,12.61886348886727,13.199569011046464,-0.5807055221791941,PHI_I09_25-9-8-34,PHI,-158.9074639198266
PHI_-030,PHI,-30,12.61886348886727,13.199569011046464,-0.5807055221791941,PHI_I10_25-9-8-35,PHI,86.63575938801361
PHI_-030,PHI,-30,12.61886348886727,13.199569011046464,-0.5807055221791941,PHI_I11_34-8-9-36,PHI,70.00034961468882
PHI_-030,PHI,-30,12.61886348886727,13.199569011046464,-0.5807055221791941,PHI_I12_35-8-9-36,PHI,-44.45642707747097
PHI_-030,PHI,-30,12.61886348886727,13.199569011046464,-0.5807055221791941,PSI_I13_1-7-8-9,PSI,-71.28183815997828
PHI_-030,PHI,-30,12.61886348886727,13.199569011046464,-0.5807055221791941,PSI_I14_6-7-8-9,PSI,110.57918490704304
PHI_-030,PHI,-30,12.61886348886727,13.199569011046464,-0.5807055221791941,PSI_I15_1-7-8-34,PSI,58.86175820327824
PHI_-030,PHI,-30,12.61886348886727,13.199569011046464,-0.5807055221791941,PSI_I16_1-7-8-35,PSI,171.87352098385492
PHI_-030,PHI,-30,12.61886348886727,13.199569011046464,-0.5807055221791941,PSI_I17_6-7-8-34,PSI,-119.27721872970046
PHI_-030,PHI,-30,12.61886348886727,13.199569011046464,-0.5807055221791941,PSI_I18_6-7-8-35,PSI,-6.265455949123757
PHI_-015,PHI,-15,24.120153734931876,27.162284406442268,-3.0421306715103924,CHI_I01_8-9-25-55,CHI,-67.08490952167497
PHI_-015,PHI,-15,24.120153734931876,27.162284406442268,-3.0421306715103924,CHI_I02_10-9-25-55,CHI,-166.79544795194877
PHI_-015,PHI,-15,24.120153734931876,27.162284406442268,-3.0421306715103924,CHI_I03_36-9-25-55,CHI,72.19365167254328
PHI_-015,PHI,-15,24.120153734931876,27.162284406442268,-3.0421306715103924,PHI_I04_7-8-9-10,PHI,87.11420988123524
PHI_-015,PHI,-15,24.120153734931876,27.162284406442268,-3.0421306715103924,PHI_I05_7-8-9-25,PHI,-15.251137211005657
PHI_-015,PHI,-15,24.120153734931876,27.162284406442268,-3.0421306715103924,PHI_I06_7-8-9-36,PHI,-154.53970178986603
PHI_-015,PHI,-15,24.120153734931876,27.162284406442268,-3.0421306715103924,PHI_I07_10-9-8-34,PHI,-45.15545969095823
PHI_-015,PHI,-15,24.120153734931876,27.162284406442268,-3.0421306715103924,PHI_I08_10-9-8-35,PHI,-158.3028650520767
PHI_-015,PHI,-15,24.120153734931876,27.162284406442268,-3.0421306715103924,PHI_I09_25-9-8-34,PHI,-147.52080678319913
PHI_-015,PHI,-15,24.120153734931876,27.162284406442268,-3.0421306715103924,PHI_I10_25-9-8-35,PHI,99.3317878556824
PHI_-015,PHI,-15,24.120153734931876,27.162284406442268,-3.0421306715103924,PHI_I11_34-8-9-36,PHI,73.1906286379405
PHI_-015,PHI,-15,24.120153734931876,27.162284406442268,-3.0421306715103924,PHI_I12_35-8-9-36,PHI,-39.95677672317796
PHI_-015,PHI,-15,24.120153734931876,27.162284406442268,-3.0421306715103924,PSI_I13_1-7-8-9,PSI,-77.68129728282737
PHI_-015,PHI,-15,24.120153734931876,27.162284406442268,-3.0421306715103924,PSI_I14_6-7-8-9,PSI,103.3072763412636
PHI_-015,PHI,-15,24.120153734931876,27.162284406442268,-3.0421306715103924,PSI_I15_1-7-8-34,PSI,56.8196030616844
PHI_-015,PHI,-15,24.120153734931876,27.162284406442268,-3.0421306715103924,PSI_I16_1-7-8-35,PSI,167.50444528473284
PHI_-015,PHI,-15,24.120153734931876,27.162284406442268,-3.0421306715103924,PSI_I17_6-7-8-34,PSI,-122.19182331422465
PHI_-015,PHI,-15,24.120153734931876,27.162284406442268,-3.0421306715103924,PSI_I18_6-7-8-35,PSI,-11.506981091176202
PHI_+000,PHI,0,39.62646469177788,45.83518571396594,-6.208721022188058,CHI_I01_8-9-25-55,CHI,-72.73214602836555
PHI_+000,PHI,0,39.62646469177788,45.83518571396594,-6.208721022188058,CHI_I02_10-9-25-55,CHI,-165.21672907740478
PHI_+000,PHI,0,39.62646469177788,45.83518571396594,-6.208721022188058,CHI_I03_36-9-25-55,CHI,76.82906625708337
PHI_+000,PHI,0,39.62646469177788,45.83518571396594,-6.208721022188058,PHI_I04_7-8-9-10,PHI,94.35793353379555
PHI_+000,PHI,0,39.62646469177788,45.83518571396594,-6.208721022188058,PHI_I05_7-8-9-25,PHI,-0.2681431719553133
PHI_+000,PHI,0,39.62646469177788,45.83518571396594,-6.208721022188058,PHI_I06_7-8-9-36,PHI,-149.78985498000893
PHI_+000,PHI,0,39.62646469177788,45.83518571396594,-6.208721022188058,PHI_I07_10-9-8-34,PHI,-41.95498208444281
PHI_+000,PHI,0,39.62646469177788,45.83518571396594,-6.208721022188058,PHI_I08_10-9-8-35,PHI,-153.45182873215225
PHI_+000,PHI,0,39.62646469177788,45.83518571396594,-6.208721022188058,PHI_I09_25-9-8-34,PHI,-136.58105879019368
PHI_+000,PHI,0,39.62646469177788,45.83518571396594,-6.208721022188058,PHI_I10_25-9-8-35,PHI,111.92209456209689
PHI_+000,PHI,0,39.62646469177788,45.83518571396594,-6.208721022188058,PHI_I11_34-8-9-36,PHI,73.89722940175274
PHI_+000,PHI,0,39.62646469177788,45.83518571396594,-6.208721022188058,PHI_I12_35-8-9-36,PHI,-37.59961724595671
PHI_+000,PHI,0,39.62646469177788,45.83518571396594,-6.208721022188058,PSI_I13_1-7-8-9,PSI,-83.35605783390275
PHI_+000,PHI,0,39.62646469177788,45.83518571396594,-6.208721022188058,PSI_I14_6-7-8-9,PSI,96.51829448020877
PHI_+000,PHI,0,39.62646469177788,45.83518571396594,-6.208721022188058,PSI_I15_1-7-8-34,PSI,56.201148120767904
PHI_+000,PHI,0,39.62646469177788,45.83518571396594,-6.208721022188058,PSI_I16_1-7-8-35,PSI,164.13420395443447
PHI_+000,PHI,0,39.62646469177788,45.83518571396594,-6.208721022188058,PSI_I17_6-7-8-34,PSI,-123.92449956512058
PHI_+000,PHI,0,39.62646469177788,45.83518571396594,-6.208721022188058,PSI_I18_6-7-8-35,PSI,-15.991443731454027
PHI_+105,PHI,105,36.46525443667219,41.15139950012829,-4.686145063456102,CHI_I01_8-9-25-55,CHI,62.90810377633237
PHI_+105,PHI,105,36.46525443667219,41.15139950012829,-4.686145063456102,CHI_I02_10-9-25-55,CHI,-128.56578781969043
PHI_+105,PHI,105,36.46525443667219,41.15139950012829,-4.686145063456102,CHI_I03_36-9-25-55,CHI,148.40298735293587
PHI_+105,PHI,105,36.46525443667219,41.15139950012829,-4.686145063456102,PHI_I04_7-8-9-10,PHI,-64.47524136685153
PHI_+105,PHI,105,36.46525443667219,41.15139950012829,-4.686145063456102,PHI_I05_7-8-9-25,PHI,104.92873374635123
PHI_+105,PHI,105,36.46525443667219,41.15139950012829,-4.686145063456102,PHI_I06_7-8-9-36,PHI,27.67741678713936
PHI_+105,PHI,105,36.46525443667219,41.15139950012829,-4.686145063456102,PHI_I07_10-9-8-34,PHI,176.98408544835033
PHI_+105,PHI,105,36.46525443667219,41.15139950012829,-4.686145063456102,PHI_I08_10-9-8-35,PHI,59.89577673394068
PHI_+105,PHI,105,36.46525443667219,41.15139950012829,-4.686145063456102,PHI_I09_25-9-8-34,PHI,-13.611939438446935
PHI_+105,PHI,105,36.46525443667219,41.15139950012829,-4.686145063456102,PHI_I10_25-9-8-35,PHI,-130.70024815285657
PHI_+105,PHI,105,36.46525443667219,41.15139950012829,-4.686145063456102,PHI_I11_34-8-9-36,PHI,-90.86325639765879
PHI_+105,PHI,105,36.46525443667219,41.15139950012829,-4.686145063456102,PHI_I12_35-8-9-36,PHI,152.0484348879316
PHI_+105,PHI,105,36.46525443667219,41.15139950012829,-4.686145063456102,PSI_I13_1-7-8-9,PSI,45.782849666189854
PHI_+105,PHI,105,36.46525443667219,41.15139950012829,-4.686145063456102,PSI_I14_6-7-8-9,PSI,-140.82810272714318
PHI_+105,PHI,105,36.46525443667219,41.15139950012829,-4.686145063456102,PSI_I15_1-7-8-34,PSI,163.59606053581413
PHI_+105,PHI,105,36.46525443667219,41.15139950012829,-4.686145063456102,PSI_I16_1-7-8-35,PSI,-79.0234814688401
PHI_+105,PHI,105,36.46525443667219,41.15139950012829,-4.686145063456102,PSI_I17_6-7-8-34,PSI,-23.014891857518876
PHI_+105,PHI,105,36.46525443667219,41.15139950012829,-4.686145063456102,PSI_I18_6-7-8-35,PSI,94.3655661378269
PHI_+120,PHI,120,25.91194918747669,31.997204318719483,-6.085255131242793,CHI_I01_8-9-25-55,CHI,83.20207493197326
PHI_+120,PHI,120,25.91194918747669,31.997204318719483,-6.085255131242793,CHI_I02_10-9-25-55,CHI,-88.11457587192662
PHI_+120,PHI,120,25.91194918747669,31.997204318719483,-6.085255131242793,CHI_I03_36-9-25-55,CHI,178.41020020005848
PHI_+120,PHI,120,25.91194918747669,31.997204318719483,-6.085255131242793,PHI_I04_7-8-9-10,PHI,-67.87260414358344
PHI_+120,PHI,120,25.91194918747669,31.997204318719483,-6.085255131242793,PHI_I05_7-8-9-25,PHI,120.01952685798268
PHI_+120,PHI,120,25.91194918747669,31.997204318719483,-6.085255131242793,PHI_I06_7-8-9-36,PHI,31.399040256754095
PHI_+120,PHI,120,25.91194918747669,31.997204318719483,-6.085255131242793,PHI_I07_10-9-8-34,PHI,174.17658751591625
PHI_+120,PHI,120,25.91194918747669,31.997204318719483,-6.085255131242793,PHI_I08_10-9-8-35,PHI,56.19186118158316
PHI_+120,PHI,120,25.91194918747669,31.997204318719483,-6.085255131242793,PHI_I09_25-9-8-34,PHI,2.068718517482383
PHI_+120,PHI,120,25.91194918747669,31.997204318719483,-6.085255131242793,PHI_I10_25-9-8-35,PHI,-115.91600781685072
PHI_+120,PHI,120,25.91194918747669,31.997204318719483,-6.085255131242793,PHI_I11_34-8-9-36,PHI,-86.55176808374623
PHI_+120,PHI,120,25.91194918747669,31.997204318719483,-6.085255131242793,PHI_I12_35-8-9-36,PHI,155.46350558192069
PHI_+120,PHI,120,25.91194918747669,31.997204318719483,-6.085255131242793,PSI_I13_1-7-8-9,PSI,46.15419444815552
PHI_+120,PHI,120,25.91194918747669,31.997204318719483,-6.085255131242793,PSI_I14_6-7-8-9,PSI,-140.36217401036907
PHI_+120,PHI,120,25.91194918747669,31.997204318719483,-6.085255131242793,PSI_I15_1-7-8-34,PSI,163.3604426157687
PHI_+120,PHI,120,25.91194918747669,31.997204318719483,-6.085255131242793,PSI_I16_1-7-8-35,PSI,-78.38893504013522
PHI_+120,PHI,120,25.91194918747669,31.997204318719483,-6.085255131242793,PSI_I17_6-7-8-34,PSI,-23.155925842755913
PHI_+120,PHI,120,25.91194918747669,31.997204318719483,-6.085255131242793,PSI_I18_6-7-8-35,PSI,95.09469650134018
PHI_+135,PHI,135,18.085910819557824,23.431920257918193,-5.346009438360369,CHI_I01_8-9-25-55,CHI,74.77251118787107
PHI_+135,PHI,135,18.085910819557824,23.431920257918193,-5.346009438360369,CHI_I02_10-9-25-55,CHI,-77.32641682691647
PHI_+135,PHI,135,18.085910819557824,23.431920257918193,-5.346009438360369,CHI_I03_36-9-25-55,CHI,178.54496474672618
PHI_+135,PHI,135,18.085910819557824,23.431920257918193,-5.346009438360369,PHI_I04_7-8-9-10,PHI,-70.08449067167686
PHI_+135,PHI,135,18.085910819557824,23.431920257918193,-5.346009438360369,PHI_I05_7-8-9-25,PHI,135.07175952679114
PHI_+135,PHI,135,18.085910819557824,23.431920257918193,-5.346009438360369,PHI_I06_7-8-9-36,PHI,36.01708593299691
PHI_+135,PHI,135,18.085910819557824,23.431920257918193,-5.346009438360369,PHI_I07_10-9-8-34,PHI,172.2836275777684
PHI_+135,PHI,135,18.085910819557824,23.431920257918193,-5.346009438360369,PHI_I08_10-9-8-35,PHI,53.77210739297657
PHI_+135,PHI,135,18.085910819557824,23.431920257918193,-5.346009438360369,PHI_I09_25-9-8-34,PHI,17.439877776236372
PHI_+135,PHI,135,18.085910819557824,23.431920257918193,-5.346009438360369,PHI_I10_25-9-8-35,PHI,-101.07164240855546
PHI_+135,PHI,135,18.085910819557824,23.431920257918193,-5.346009438360369,PHI_I11_34-8-9-36,PHI,-81.61479581755785
PHI_+135,PHI,135,18.085910819557824,23.431920257918193,-5.346009438360369,PHI_I12_35-8-9-36,PHI,159.87368399765032
PHI_+135,PHI,135,18.085910819557824,23.431920257918193,-5.346009438360369,PSI_I13_1-7-8-9,PSI,45.908166214545055
PHI_+135,PHI,135,18.085910819557824,23.431920257918193,-5.346009438360369,PSI_I14_6-7-8-9,PSI,-140.08774634803444
PHI_+135,PHI,135,18.085910819557824,23.431920257918193,-5.346009438360369,PSI_I15_1-7-8-34,PSI,162.91325900446307
PHI_+135,PHI,135,18.085910819557824,23.431920257918193,-5.346009438360369,PSI_I16_1-7-8-35,PSI,-78.4691402368595
PHI_+135,PHI,135,18.085910819557824,23.431920257918193,-5.346009438360369,PSI_I17_6-7-8-34,PSI,-23.082653558116416
PHI_+135,PHI,135,18.085910819557824,23.431920257918193,-5.346009438360369,PSI_I18_6-7-8-35,PSI,95.53494720056104
PHI_+150,PHI,150,13.569233322541978,17.13255021345053,-3.563316890908551,CHI_I01_8-9-25-55,CHI,67.74312418402101
PHI_+150,PHI,150,13.569233322541978,17.13255021345053,-3.563316890908551,CHI_I02_10-9-25-55,CHI,-69.99961146697272
PHI_+150,PHI,150,13.569233322541978,17.13255021345053,-3.563316890908551,CHI_I03_36-9-25-55,CHI,177.32619739830184
PHI_+150,PHI,150,13.569233322541978,17.13255021345053,-3.563316890908551,PHI_I04_7-8-9-10,PHI,-68.52800590903247
PHI_+150,PHI,150,13.569233322541978,17.13255021345053,-3.563316890908551,PHI_I05_7-8-9-25,PHI,150.0783151187002
PHI_+150,PHI,150,13.569233322541978,17.13255021345053,-3.563316890908551,PHI_I06_7-8-9-36,PHI,43.233988783230544
PHI_+150,PHI,150,13.569233322541978,17.13255021345053,-3.563316890908551,PHI_I07_10-9-8-34,PHI,173.48768111428762
PHI_+150,PHI,150,13.569233322541978,17.13255021345053,-3.563316890908551,PHI_I08_10-9-8-35,PHI,55.16973439410857
PHI_+150,PHI,150,13.569233322541978,17.13255021345053,-3.563316890908551,PHI_I09_25-9-8-34,PHI,32.094002142020294
PHI_+150,PHI,150,13.569233322541978,17.13255021345053,-3.563316890908551,PHI_I10_25-9-8-35,PHI,-86.22394457815875
PHI_+150,PHI,150,13.569233322541978,17.13255021345053,-3.563316890908551,PHI_I11_34-8-9-36,PHI,-74.75032419344939
PHI_+150,PHI,150,13.569233322541978,17.13255021345053,-3.563316890908551,PHI_I12_35-8-9-36,PHI,166.9317290863716
PHI_+150,PHI,150,13.569233322541978,17.13255021345053,-3.563316890908551,PSI_I13_1-7-8-9,PSI,43.38313270878551
PHI_+150,PHI,150,13.569233322541978,17.13255021345053,-3.563316890908551,PSI_I14_6-7-8-9,PSI,-141.51616268059104
PHI_+150,PHI,150,13.569233322541978,17.13255021345053,-3.563316890908551,PSI_I15_1-7-8-34,PSI,160.79408928399295
PHI_+150,PHI,150,13.569233322541978,17.13255021345053,-3.563316890908551,PSI_I16_1-7-8-35,PSI,-80.83142733389214
PHI_+150,PHI,150,13.569233322541978,17.13255021345053,-3.563316890908551,PSI_I17_6-7-8-34,PSI,-24.105206105383584
PHI_+150,PHI,150,13.569233322541978,17.13255021345053,-3.563316890908551,PSI_I18_6-7-8-35,PSI,94.26927727673133
PHI_+165,PHI,165,12.21349737743903,14.536079936683919,-2.322582559244889,CHI_I01_8-9-25-55,CHI,64.58184868317441
PHI_+165,PHI,165,12.21349737743903,14.536079936683919,-2.322582559244889,CHI_I02_10-9-25-55,CHI,-65.47105592565454
PHI_+165,PHI,165,12.21349737743903,14.536079936683919,-2.322582559244889,CHI_I03_36-9-25-55,CHI,177.04925821083984
PHI_+165,PHI,165,12.21349737743903,14.536079936683919,-2.322582559244889,PHI_I04_7-8-9-10,PHI,-61.44759306086295
PHI_+165,PHI,165,12.21349737743903,14.536079936683919,-2.322582559244889,PHI_I05_7-8-9-25,PHI,165.6709112633267
PHI_+165,PHI,165,12.21349737743903,14.536079936683919,-2.322582559244889,PHI_I06_7-8-9-36,PHI,54.46750599456219
PHI_+165,PHI,165,12.21349737743903,14.536079936683919,-2.322582559244889,PHI_I07_10-9-8-34,PHI,179.3801375155851
PHI_+165,PHI,165,12.21349737743903,14.536079936683919,-2.322582559244889,PHI_I08_10-9-8-35,PHI,62.14224385473329
PHI_+165,PHI,165,12.21349737743903,14.536079936683919,-2.322582559244889,PHI_I09_25-9-8-34,PHI,46.49864183977474
PHI_+165,PHI,165,12.21349737743903,14.536079936683919,-2.322582559244889,PHI_I10_25-9-8-35,PHI,-70.73925182107706
PHI_+165,PHI,165,12.21349737743903,14.536079936683919,-2.322582559244889,PHI_I11_34-8-9-36,PHI,-64.70476342898978
PHI_+165,PHI,165,12.21349737743903,14.536079936683919,-2.322582559244889,PHI_I12_35-8-9-36,PHI,178.05734291015844
PHI_+165,PHI,165,12.21349737743903,14.536079936683919,-2.322582559244889,PSI_I13_1-7-8-9,PSI,38.06558309265706
PHI_+165,PHI,165,12.21349737743903,14.536079936683919,-2.322582559244889,PSI_I14_6-7-8-9,PSI,-145.55863423489282
PHI_+165,PHI,165,12.21349737743903,14.536079936683919,-2.322582559244889,PSI_I15_1-7-8-34,PSI,156.58444806763504
PHI_+165,PHI,165,12.21349737743903,14.536079936683919,-2.322582559244889,PSI_I16_1-7-8-35,PSI,-86.03251057390858
PHI_+165,PHI,165,12.21349737743903,14.536079936683919,-2.322582559244889,PSI_I17_6-7-8-34,PSI,-27.039769259914813
PHI_+165,PHI,165,12.21349737743903,14.536079936683919,-2.322582559244889,PSI_I18_6-7-8-35,PSI,90.34327209854158
PSI_-105,PSI,-105,32.011747071349355,38.48079897715198,-6.469051905802623,CHI_I01_8-9-25-55,CHI,48.64312486691541
PSI_-105,PSI,-105,32.011747071349355,38.48079897715198,-6.469051905802623,CHI_I02_10-9-25-55,CHI,-60.912041122642066
PSI_-105,PSI,-105,32.011747071349355,38.48079897715198,-6.469051905802623,CHI_I03_36-9-25-55,CHI,176.1728629229077
PSI_-105,PSI,-105,32.011747071349355,38.48079897715198,-6.469051905802623,PHI_I04_7-8-9-10,PHI,71.49607656819096
PSI_-105,PSI,-105,32.011747071349355,38.48079897715198,-6.469051905802623,PHI_I05_7-8-9-25,PHI,-48.89696094552989
PSI_-105,PSI,-105,32.011747071349355,38.48079897715198,-6.469051905802623,PHI_I06_7-8-9-36,PHI,-175.56267503444818
PSI_-105,PSI,-105,32.011747071349355,38.48079897715198,-6.469051905802623,PHI_I07_10-9-8-34,PHI,-59.15576355105256
PSI_-105,PSI,-105,32.011747071349355,38.48079897715198,-6.469051905802623,PHI_I08_10-9-8-35,PHI,-174.2486285686211
PSI_-105,PSI,-105,32.011747071349355,38.48079897715198,-6.469051905802623,PHI_I09_25-9-8-34,PHI,-179.54880106477341
PSI_-105,PSI,-105,32.011747071349355,38.48079897715198,-6.469051905802623,PHI_I10_25-9-8-35,PHI,65.35833391765807
PSI_-105,PSI,-105,32.011747071349355,38.48079897715198,-6.469051905802623,PHI_I11_34-8-9-36,PHI,53.78548484630834
PSI_-105,PSI,-105,32.011747071349355,38.48079897715198,-6.469051905802623,PHI_I12_35-8-9-36,PHI,-61.3073801712602
PSI_-105,PSI,-105,32.011747071349355,38.48079897715198,-6.469051905802623,PSI_I13_1-7-8-9,PSI,-104.26271170497728
PSI_-105,PSI,-105,32.011747071349355,38.48079897715198,-6.469051905802623,PSI_I14_6-7-8-9,PSI,87.70241033690584
PSI_-105,PSI,-105,32.011747071349355,38.48079897715198,-6.469051905802623,PSI_I15_1-7-8-34,PSI,24.18789849450227
PSI_-105,PSI,-105,32.011747071349355,38.48079897715198,-6.469051905802623,PSI_I16_1-7-8-35,PSI,140.45026112063638
PSI_-105,PSI,-105,32.011747071349355,38.48079897715198,-6.469051905802623,PSI_I17_6-7-8-34,PSI,-143.8469794636146
PSI_-105,PSI,-105,32.011747071349355,38.48079897715198,-6.469051905802623,PSI_I18_6-7-8-35,PSI,-27.5846168374805
PSI_-090,PSI,-90,14.696882575166297,17.160477408206447,-2.4635948330401494,CHI_I01_8-9-25-55,CHI,48.63604181082589
PSI_-090,PSI,-90,14.696882575166297,17.160477408206447,-2.4635948330401494,CHI_I02_10-9-25-55,CHI,-64.93137465880412
PSI_-090,PSI,-90,14.696882575166297,17.160477408206447,-2.4635948330401494,CHI_I03_36-9-25-55,CHI,172.47130365580148
PSI_-090,PSI,-90,14.696882575166297,17.160477408206447,-2.4635948330401494,PHI_I04_7-8-9-10,PHI,69.84681161806395
PSI_-090,PSI,-90,14.696882575166297,17.160477408206447,-2.4635948330401494,PHI_I05_7-8-9-25,PHI,-51.93780946850394
PSI_-090,PSI,-90,14.696882575166297,17.160477408206447,-2.4635948330401494,PHI_I06_7-8-9-36,PHI,-174.93916132974675
PSI_-090,PSI,-90,14.696882575166297,17.160477408206447,-2.4635948330401494,PHI_I07_10-9-8-34,PHI,-58.70562932431767
PSI_-090,PSI,-90,14.696882575166297,17.160477408206447,-2.4635948330401494,PHI_I08_10-9-8-35,PHI,-174.30026113070832
PSI_-090,PSI,-90,14.696882575166297,17.160477408206447,-2.4635948330401494,PHI_I09_25-9-8-34,PHI,179.50974958911445
PSI_-090,PSI,-90,14.696882575166297,17.160477408206447,-2.4635948330401494,PHI_I10_25-9-8-35,PHI,63.91511778272379
PSI_-090,PSI,-90,14.696882575166297,17.160477408206447,-2.4635948330401494,PHI_I11_34-8-9-36,PHI,56.50839772787164
PSI_-090,PSI,-90,14.696882575166297,17.160477408206447,-2.4635948330401494,PHI_I12_35-8-9-36,PHI,-59.086234078519034
PSI_-090,PSI,-90,14.696882575166297,17.160477408206447,-2.4635948330401494,PSI_I13_1-7-8-9,PSI,-89.5502572522405
PSI_-090,PSI,-90,14.696882575166297,17.160477408206447,-2.4635948330401494,PSI_I14_6-7-8-9,PSI,98.17555619682008
PSI_-090,PSI,-90,14.696882575166297,17.160477408206447,-2.4635948330401494,PSI_I15_1-7-8-34,PSI,38.16734838600571
PSI_-090,PSI,-90,14.696882575166297,17.160477408206447,-2.4635948330401494,PSI_I16_1-7-8-35,PSI,154.14071854023638
PSI_-090,PSI,-90,14.696882575166297,17.160477408206447,-2.4635948330401494,PSI_I17_6-7-8-34,PSI,-134.10683816493372
PSI_-090,PSI,-90,14.696882575166297,17.160477408206447,-2.4635948330401494,PSI_I18_6-7-8-35,PSI,-18.133468010703037
PSI_-075,PSI,-75,4.330868332829533,4.8679751355402345,-0.5371068027107011,CHI_I01_8-9-25-55,CHI,50.265849355985445
PSI_-075,PSI,-75,4.330868332829533,4.8679751355402345,-0.5371068027107011,CHI_I02_10-9-25-55,CHI,-67.19029006095285
PSI_-075,PSI,-75,4.330868332829533,4.8679751355402345,-0.5371068027107011,CHI_I03_36-9-25-55,CHI,171.03805242796344
PSI_-075,PSI,-75,4.330868332829533,4.8679751355402345,-0.5371068027107011,PHI_I04_7-8-9-10,PHI,66.06960925061954
PSI_-075,PSI,-75,4.330868332829533,4.8679751355402345,-0.5371068027107011,PHI_I05_7-8-9-25,PHI,-56.75942094623599
PSI_-075,PSI,-75,4.330868332829533,4.8679751355402345,-0.5371068027107011,PHI_I06_7-8-9-36,PHI,-176.7674794309037
PSI_-075,PSI,-75,4.330868332829533,4.8679751355402345,-0.5371068027107011,PHI_I07_10-9-8-34,PHI,-60.245806343361984
PSI_-075,PSI,-75,4.330868332829533,4.8679751355402345,-0.5371068027107011,PHI_I08_10-9-8-35,PHI,-175.9902388726372
PSI_-075,PSI,-75,4.330868332829533,4.8679751355402345,-0.5371068027107011,PHI_I09_25-9-8-34,PHI,176.9251634597825
PSI_-075,PSI,-75,4.330868332829533,4.8679751355402345,-0.5371068027107011,PHI_I10_25-9-8-35,PHI,61.18073093050729
PSI_-075,PSI,-75,4.330868332829533,4.8679751355402345,-0.5371068027107011,PHI_I11_34-8-9-36,PHI,56.91710497511479
PSI_-075,PSI,-75,4.330868332829533,4.8679751355402345,-0.5371068027107011,PHI_I12_35-8-9-36,PHI,-58.827327554160426
PSI_-075,PSI,-75,4.330868332829533,4.8679751355402345,-0.5371068027107011,PSI_I13_1-7-8-9,PSI,-74.78780446619899
PSI_-075,PSI,-75,4.330868332829533,4.8679751355402345,-0.5371068027107011,PSI_I14_6-7-8-9,PSI,109.93130999661217
PSI_-075,PSI,-75,4.330868332829533,4.8679751355402345,-0.5371068027107011,PSI_I15_1-7-8-34,PSI,51.74308397113117
PSI_-075,PSI,-75,4.330868332829533,4.8679751355402345,-0.5371068027107011,PSI_I16_1-7-8-35,PSI,167.44622812571757
PSI_-075,PSI,-75,4.330868332829533,4.8679751355402345,-0.5371068027107011,PSI_I17_6-7-8-34,PSI,-123.5378015660577
PSI_-075,PSI,-75,4.330868332829533,4.8679751355402345,-0.5371068027107011,PSI_I18_6-7-8-35,PSI,-7.834657411471277
PSI_-060,PSI,-60,0.0,0.0,0.0,CHI_I01_8-9-25-55,CHI,53.17965825845762
PSI_-060,PSI,-60,0.0,0.0,0.0,CHI_I02_10-9-25-55,CHI,-67.86786854414827
PSI_-060,PSI,-60,0.0,0.0,0.0,CHI_I03_36-9-25-55,CHI,171.53386653676833
PSI_-060,PSI,-60,0.0,0.0,0.0,PHI_I04_7-8-9-10,PHI,59.32443211300304
PSI_-060,PSI,-60,0.0,0.0,0.0,PHI_I05_7-8-9-25,PHI,-64.46050185517772
PSI_-060,PSI,-60,0.0,0.0,0.0,PHI_I06_7-8-9-36,PHI,177.89691170875682
PSI_-060,PSI,-60,0.0,0.0,0.0,PHI_I07_10-9-8-34,PHI,-65.01632829613938
PSI_-060,PSI,-60,0.0,0.0,0.0,PHI_I08_10-9-8-35,PHI,179.52055277792942
PSI_-060,PSI,-60,0.0,0.0,0.0,PHI_I09_25-9-8-34,PHI,171.19873773567988
PSI_-060,PSI,-60,0.0,0.0,0.0,PHI_I10_25-9-8-35,PHI,55.73561880974864
PSI_-060,PSI,-60,0.0,0.0,0.0,PHI_I11_34-8-9-36,PHI,53.55615129961439
PSI_-060,PSI,-60,0.0,0.0,0.0,PHI_I12_35-8-9-36,PHI,-61.906967626316835
PSI_-060,PSI,-60,0.0,0.0,0.0,PSI_I13_1-7-8-9,PSI,-59.94031703733884
PSI_-060,PSI,-60,0.0,0.0,0.0,PSI_I14_6-7-8-9,PSI,122.6611633076046
PSI_-060,PSI,-60,0.0,0.0,0.0,PSI_I15_1-7-8-34,PSI,65.12081276388763
PSI_-060,PSI,-60,0.0,0.0,0.0,PSI_I16_1-7-8-35,PSI,-179.4337573651757
PSI_-060,PSI,-60,0.0,0.0,0.0,PSI_I17_6-7-8-34,PSI,-112.27770689116895
PSI_-060,PSI,-60,0.0,0.0,0.0,PSI_I18_6-7-8-35,PSI,3.1677229797677295
PSI_-045,PSI,-45,0.19638589416353,0.21180103998668187,-0.015415145823151871,CHI_I01_8-9-25-55,CHI,55.858147013654
PSI_-045,PSI,-45,0.19638589416353,0.21180103998668187,-0.015415145823151871,CHI_I02_10-9-25-55,CHI,-67.92011890481714
PSI_-045,PSI,-45,0.19638589416353,0.21180103998668187,-0.015415145823151871,CHI_I03_36-9-25-55,CHI,172.60438781084838
PSI_-045,PSI,-45,0.19638589416353,0.21180103998668187,-0.015415145823151871,PHI_I04_7-8-9-10,PHI,50.2355364679709
PSI_-045,PSI,-45,0.19638589416353,0.21180103998668187,-0.015415145823151871,PHI_I05_7-8-9-25,PHI,-74.28333866531206
PSI_-045,PSI,-45,0.19638589416353,0.21180103998668187,-0.015415145823151871,PHI_I06_7-8-9-36,PHI,169.68258569690343
PSI_-045,PSI,-45,0.19638589416353,0.21180103998668187,-0.015415145823151871,PHI_I07_10-9-8-34,PHI,-72.8053555088769
PSI_-045,PSI,-45,0.19638589416353,0.21180103998668187,-0.015415145823151871,PHI_I08_10-9-8-35,PHI,172.28952028513194
PSI_-045,PSI,-45,0.19638589416353,0.21180103998668187,-0.015415145823151871,PHI_I09_25-9-8-34,PHI,162.67576935784015
PSI_-045,PSI,-45,0.19638589416353,0.21180103998668187,-0.015415145823151871,PHI_I10_25-9-8-35,PHI,47.770645151848974
PSI_-045,PSI,-45,0.19638589416353,0.21180103998668187,-0.015415145823151871,PHI_I11_34-8-9-36,PHI,46.6416937200556
PSI_-045,PSI,-45,0.19638589416353,0.21180103998668187,-0.015415145823151871,PHI_I12_35-8-9-36,PHI,-68.26343048593559
PSI_-045,PSI,-45,0.19638589416353,0.21180103998668187,-0.015415145823151871,PSI_I13_1-7-8-9,PSI,-45.03148739842217
PSI_-045,PSI,-45,0.19638589416353,0.21180103998668187,-0.015415145823151871,PSI_I14_6-7-8-9,PSI,135.88626243000482
PSI_-045,PSI,-45,0.19638589416353,0.21180103998668187,-0.015415145823151871,PSI_I15_1-7-8-34,PSI,78.77790332649838
PSI_-045,PSI,-45,0.19638589416353,0.21180103998668187,-0.015415145823151871,PSI_I16_1-7-8-35,PSI,-166.14162962344392
PSI_-045,PSI,-45,0.19638589416353,0.21180103998668187,-0.015415145823151871,PSI_I17_6-7-8-34,PSI,-100.30434684507463
PSI_-045,PSI,-45,0.19638589416353,0.21180103998668187,-0.015415145823151871,PSI_I18_6-7-8-35,PSI,14.776120204983076
PSI_-030,PSI,-30,3.0779934750218234,2.9812882543343946,0.09670522068742882,CHI_I01_8-9-25-55,CHI,57.881875942280146
PSI_-030,PSI,-30,3.0779934750218234,2.9812882543343946,0.09670522068742882,CHI_I02_10-9-25-55,CHI,-67.58451079623293
PSI_-030,PSI,-30,3.0779934750218234,2.9812882543343946,0.09670522068742882,CHI_I03_36-9-25-55,CHI,173.77399546676523
PSI_-030,PSI,-30,3.0779934750218234,2.9812882543343946,0.09670522068742882,PHI_I04_7-8-9-10,PHI,39.972073674859445
PSI_-030,PSI,-30,3.0779934750218234,2.9812882543343946,0.09670522068742882,PHI_I05_7-8-9-25,PHI,-84.98472707092009
PSI_-030,PSI,-30,3.0779934750218234,2.9812882543343946,0.09670522068742882,PHI_I06_7-8-9-36,PHI,159.9045141597841
PSI_-030,PSI,-30,3.0779934750218234,2.9812882543343946,0.09670522068742882,PHI_I07_10-9-8-34,PHI,-82.2285868299235
PSI_-030,PSI,-30,3.0779934750218234,2.9812882543343946,0.09670522068742882,PHI_I08_10-9-8-35,PHI,163.32721249812437
PSI_-030,PSI,-30,3.0779934750218234,2.9812882543343946,0.09670522068742882,PHI_I09_25-9-8-34,PHI,152.814612424297
PSI_-030,PSI,-30,3.0779934750218234,2.9812882543343946,0.09670522068742882,PHI_I10_25-9-8-35,PHI,38.37041175234484
PSI_-030,PSI,-30,3.0779934750218234,2.9812882543343946,0.09670522068742882,PHI_I11_34-8-9-36,PHI,37.70385365500118
PSI_-030,PSI,-30,3.0779934750218234,2.9812882543343946,0.09670522068742882,PHI_I12_35-8-9-36,PHI,-76.74034701695096
PSI_-030,PSI,-30,3.0779934750218234,2.9812882543343946,0.09670522068742882,PSI_I13_1-7-8-9,PSI,-30.012987177856875
PSI_-030,PSI,-30,3.0779934750218234,2.9812882543343946,0.09670522068742882,PSI_I14_6-7-8-9,PSI,149.34507676619137
PSI_-030,PSI,-30,3.0779934750218234,2.9812882543343946,0.09670522068742882,PSI_I15_1-7-8-34,PSI,92.77231916545031
PSI_-030,PSI,-30,3.0779934750218234,2.9812882543343946,0.09670522068742882,PSI_I16_1-7-8-35,PSI,-152.62385752508385
PSI_-030,PSI,-30,3.0779934750218234,2.9812882543343946,0.09670522068742882,PSI_I17_6-7-8-34,PSI,-87.86961689050146
PSI_-030,PSI,-30,3.0779934750218234,2.9812882543343946,0.09670522068742882,PSI_I18_6-7-8-35,PSI,26.734206418964373
PSI_-015,PSI,-15,6.97513939178259,6.526904524008728,0.4482348677738619,CHI_I01_8-9-25-55,CHI,59.48335303133457
PSI_-015,PSI,-15,6.97513939178259,6.526904524008728,0.4482348677738619,CHI_I02_10-9-25-55,CHI,-66.94931285676418
PSI_-015,PSI,-15,6.97513939178259,6.526904524008728,0.4482348677738619,CHI_I03_36-9-25-55,CHI,175.0165556266056
PSI_-015,PSI,-15,6.97513939178259,6.526904524008728,0.4482348677738619,PHI_I04_7-8-9-10,PHI,28.42339585029962
PSI_-015,PSI,-15,6.97513939178259,6.526904524008728,0.4482348677738619,PHI_I05_7-8-9-25,PHI,-96.70471234372435
PSI_-015,PSI,-15,6.97513939178259,6.526904524008728,0.4482348677738619,PHI_I06_7-8-9-36,PHI,148.72459794754948
PSI_-015,PSI,-15,6.97513939178259,6.526904524008728,0.4482348677738619,PHI_I07_10-9-8-34,PHI,-92.96746082904326
PSI_-015,PSI,-15,6.97513939178259,6.526904524008728,0.4482348677738619,PHI_I08_10-9-8-35,PHI,152.85537353377876
PSI_-015,PSI,-15,6.97513939178259,6.526904524008728,0.4482348677738619,PHI_I09_25-9-8-34,PHI,141.9044309769328
PSI_-015,PSI,-15,6.97513939178259,6.526904524008728,0.4482348677738619,PHI_I10_25-9-8-35,PHI,27.727265339754787
PSI_-015,PSI,-15,6.97513939178259,6.526904524008728,0.4482348677738619,PHI_I11_34-8-9-36,PHI,27.333741268206605
PSI_-015,PSI,-15,6.97513939178259,6.526904524008728,0.4482348677738619,PHI_I12_35-8-9-36,PHI,-86.8434243689714
PSI_-015,PSI,-15,6.97513939178259,6.526904524008728,0.4482348677738619,PSI_I13_1-7-8-9,PSI,-14.998656179872341
PSI_-015,PSI,-15,6.97513939178259,6.526904524008728,0.4482348677738619,PSI_I14_6-7-8-9,PSI,162.45456620627328
PSI_-015,PSI,-15,6.97513939178259,6.526904524008728,0.4482348677738619,PSI_I15_1-7-8-34,PSI,106.72565881072717
PSI_-015,PSI,-15,6.97513939178259,6.526904524008728,0.4482348677738619,PSI_I16_1-7-8-35,PSI,-139.25586158291134
PSI_-015,PSI,-15,6.97513939178259,6.526904524008728,0.4482348677738619,PSI_I17_6-7-8-34,PSI,-75.82111880312722
PSI_-015,PSI,-15,6.97513939178259,6.526904524008728,0.4482348677738619,PSI_I18_6-7-8-35,PSI,38.197360803234304
PSI_+000,PSI,0,10.412722960962697,9.986151900193335,0.426571060769362,CHI_I01_8-9-25-55,CHI,61.03633904797041
PSI_+000,PSI,0,10.412722960962697,9.986151900193335,0.426571060769362,CHI_I02_10-9-25-55,CHI,-65.98678411517317
PSI_+000,PSI,0,10.412722960962697,9.986151900193335,0.426571060769362,CHI_I03_36-9-25-55,CHI,176.47168676771454
PSI_+000,PSI,0,10.412722960962697,9.986151900193335,0.426571060769362,PHI_I04_7-8-9-10,PHI,14.340339627853554
PSI_+000,PSI,0,10.412722960962697,9.986151900193335,0.426571060769362,PHI_I05_7-8-9-25,PHI,-110.88910568003197
PSI_+000,PSI,0,10.412722960962697,9.986151900193335,0.426571060769362,PHI_I06_7-8-9-36,PHI,134.97888148695793
PSI_+000,PSI,0,10.412722960962697,9.986151900193335,0.426571060769362,PHI_I07_10-9-8-34,PHI,-106.57704447253188
PSI_+000,PSI,0,10.412722960962697,9.986151900193335,0.426571060769362,PHI_I08_10-9-8-35,PHI,139.4142381554901
PSI_+000,PSI,0,10.412722960962697,9.986151900193335,0.426571060769362,PHI_I09_25-9-8-34,PHI,128.1935102195826
PSI_+000,PSI,0,10.412722960962697,9.986151900193335,0.426571060769362,PHI_I10_25-9-8-35,PHI,14.184792847604554
PSI_+000,PSI,0,10.412722960962697,9.986151900193335,0.426571060769362,PHI_I11_34-8-9-36,PHI,14.061497386572494
PSI_+000,PSI,0,10.412722960962697,9.986151900193335,0.426571060769362,PHI_I12_35-8-9-36,PHI,-99.94721998540555
PSI_+000,PSI,0,10.412722960962697,9.986151900193335,0.426571060769362,PSI_I13_1-7-8-9,PSI,0.012049470343636962
PSI_+000,PSI,0,10.412722960962697,9.986151900193335,0.426571060769362,PSI_I14_6-7-8-9,PSI,175.2565735396217
PSI_+000,PSI,0,10.412722960962697,9.986151900193335,0.426571060769362,PSI_I15_1-7-8-34,PSI,120.93448152939823
PSI_+000,PSI,0,10.412722960962697,9.986151900193335,0.426571060769362,PSI_I16_1-7-8-35,PSI,-125.6496446494651
PSI_+000,PSI,0,10.412722960962697,9.986151900193335,0.426571060769362,PSI_I17_6-7-8-34,PSI,-63.82099440132372
PSI_+000,PSI,0,10.412722960962697,9.986151900193335,0.426571060769362,PSI_I18_6-7-8-35,PSI,49.59487941981295
PSI_+015,PSI,15,11.945479233545104,12.600607804231771,-0.6551285706866672,CHI_I01_8-9-25-55,CHI,63.03746805563164
PSI_+015,PSI,15,11.945479233545104,12.600607804231771,-0.6551285706866672,CHI_I02_10-9-25-55,CHI,-64.78309893527434
PSI_+015,PSI,15,11.945479233545104,12.600607804231771,-0.6551285706866672,CHI_I03_36-9-25-55,CHI,178.07403389232437
PSI_+015,PSI,15,11.945479233545104,12.600607804231771,-0.6551285706866672,PHI_I04_7-8-9-10,PHI,-7.506800433141479
PSI_+015,PSI,15,11.945479233545104,12.600607804231771,-0.6551285706866672,PHI_I05_7-8-9-25,PHI,-133.64824306023286
PSI_+015,PSI,15,11.945479233545104,12.600607804231771,-0.6551285706866672,PHI_I06_7-8-9-36,PHI,113.0903831975763
PSI_+015,PSI,15,11.945479233545104,12.600607804231771,-0.6551285706866672,PHI_I07_10-9-8-34,PHI,-129.4660250089179
PSI_+015,PSI,15,11.945479233545104,12.600607804231771,-0.6551285706866672,PHI_I08_10-9-8-35,PHI,116.39995764945391
PSI_+015,PSI,15,11.945479233545104,12.600607804231771,-0.6551285706866672,PHI_I09_25-9-8-34,PHI,104.39253236399071
PSI_+015,PSI,15,11.945479233545104,12.600607804231771,-0.6551285706866672,PHI_I10_25-9-8-35,PHI,-9.741484977637448
PSI_+015,PSI,15,11.945479233545104,12.600607804231771,-0.6551285706866672,PHI_I11_34-8-9-36,PHI,-8.868841378200143
PSI_+015,PSI,15,11.945479233545104,12.600607804231771,-0.6551285706866672,PHI_I12_35-8-9-36,PHI,-123.00285871982828
PSI_+015,PSI,15,11.945479233545104,12.600607804231771,-0.6551285706866672,PSI_I13_1-7-8-9,PSI,15.029872289288486
PSI_+015,PSI,15,11.945479233545104,12.600607804231771,-0.6551285706866672,PSI_I14_6-7-8-9,PSI,-170.3654248997545
PSI_+015,PSI,15,11.945479233545104,12.600607804231771,-0.6551285706866672,PSI_I15_1-7-8-34,PSI,136.4527032425016
PSI_+015,PSI,15,11.945479233545104,12.600607804231771,-0.6551285706866672,PSI_I16_1-7-8-35,PSI,-110.30668985899365
PSI_+015,PSI,15,11.945479233545104,12.600607804231771,-0.6551285706866672,PSI_I17_6-7-8-34,PSI,-48.94259394654136
PSI_+015,PSI,15,11.945479233545104,12.600607804231771,-0.6551285706866672,PSI_I18_6-7-8-35,PSI,64.2980129519634
PSI_+030,PSI,30,11.696853683615846,13.39492703247528,-1.6980733488594346,CHI_I01_8-9-25-55,CHI,63.240919195819785
PSI_+030,PSI,30,11.696853683615846,13.39492703247528,-1.6980733488594346,CHI_I02_10-9-25-55,CHI,-63.27852609920669
PSI_+030,PSI,30,11.696853683615846,13.39492703247528,-1.6980733488594346,CHI_I03_36-9-25-55,CHI,177.98710614304466
PSI_+030,PSI,30,11.696853683615846,13.39492703247528,-1.6980733488594346,PHI_I04_7-8-9-10,PHI,-32.245279019192324
PSI_+030,PSI,30,11.696853683615846,13.39492703247528,-1.6980733488594346,PHI_I05_7-8-9-25,PHI,-158.23698412227745
PSI_+030,PSI,30,11.696853683615846,13.39492703247528,-1.6980733488594346,PHI_I06_7-8-9-36,PHI,88.49666939752338
PSI_+030,PSI,30,11.696853683615846,13.39492703247528,-1.6980733488594346,PHI_I07_10-9-8-34,PHI,-154.5751600075645
PSI_+030,PSI,30,11.696853683615846,13.39492703247528,-1.6980733488594346,PHI_I08_10-9-8-35,PHI,90.69635411631887
PSI_+030,PSI,30,11.696853683615846,13.39492703247528,-1.6980733488594346,PHI_I09_25-9-8-34,PHI,79.43313488935038
PSI_+030,PSI,30,11.696853683615846,13.39492703247528,-1.6980733488594346,PHI_I10_25-9-8-35,PHI,-35.29535098676626
PSI_+030,PSI,30,11.696853683615846,13.39492703247528,-1.6980733488594346,PHI_I11_34-8-9-36,PHI,-33.8332115908488
PSI_+030,PSI,30,11.696853683615846,13.39492703247528,-1.6980733488594346,PHI_I12_35-8-9-36,PHI,-148.56169746696546
PSI_+030,PSI,30,11.696853683615846,13.39492703247528,-1.6980733488594346,PSI_I13_1-7-8-9,PSI,29.39827738501569
PSI_+030,PSI,30,11.696853683615846,13.39492703247528,-1.6980733488594346,PSI_I14_6-7-8-9,PSI,-155.66436631597404
PSI_+030,PSI,30,11.696853683615846,13.39492703247528,-1.6980733488594346,PSI_I15_1-7-8-34,PSI,150.79319834268588
PSI_+030,PSI,30,11.696853683615846,13.39492703247528,-1.6980733488594346,PSI_I16_1-7-8-35,PSI,-94.94033764823622
PSI_+030,PSI,30,11.696853683615846,13.39492703247528,-1.6980733488594346,PSI_I17_6-7-8-34,PSI,-34.26944535830385
PSI_+030,PSI,30,11.696853683615846,13.39492703247528,-1.6980733488594346,PSI_I18_6-7-8-35,PSI,79.99701865077405
PSI_+045,PSI,45,12.409782605194598,14.578512632716368,-2.16873002752177,CHI_I01_8-9-25-55,CHI,61.90881577656712
PSI_+045,PSI,45,12.409782605194598,14.578512632716368,-2.16873002752177,CHI_I02_10-9-25-55,CHI,-61.942783237006644
PSI_+045,PSI,45,12.409782605194598,14.578512632716368,-2.16873002752177,CHI_I03_36-9-25-55,CHI,177.1744675145425
PSI_+045,PSI,45,12.409782605194598,14.578512632716368,-2.16873002752177,PHI_I04_7-8-9-10,PHI,-49.85291908865445
PSI_+045,PSI,45,12.409782605194598,14.578512632716368,-2.16873002752177,PHI_I05_7-8-9-25,PHI,-175.42971692447546
PSI_+045,PSI,45,12.409782605194598,14.578512632716368,-2.16873002752177,PHI_I06_7-8-9-36,PHI,70.25819254052828
PSI_+045,PSI,45,12.409782605194598,14.578512632716368,-2.16873002752177,PHI_I07_10-9-8-34,PHI,-170.1451496331086
PSI_+045,PSI,45,12.409782605194598,14.578512632716368,-2.16873002752177,PHI_I08_10-9-8-35,PHI,74.3878147088999
PSI_+045,PSI,45,12.409782605194598,14.578512632716368,-2.16873002752177,PHI_I09_25-9-8-34,PHI,64.27805253107044
PSI_+045,PSI,45,12.409782605194598,14.578512632716368,-2.16873002752177,PHI_I10_25-9-8-35,PHI,-51.18898312692108
PSI_+045,PSI,45,12.409782605194598,14.578512632716368,-2.16873002752177,PHI_I11_34-8-9-36,PHI,-50.03403800392584
PSI_+045,PSI,45,12.409782605194598,14.578512632716368,-2.16873002752177,PHI_I12_35-8-9-36,PHI,-165.5010736619174
PSI_+045,PSI,45,12.409782605194598,14.578512632716368,-2.16873002752177,PSI_I13_1-7-8-9,PSI,44.95572855061782
PSI_+045,PSI,45,12.409782605194598,14.578512632716368,-2.16873002752177,PSI_I14_6-7-8-9,PSI,-142.59902339160254
PSI_+045,PSI,45,12.409782605194598,14.578512632716368,-2.16873002752177,PSI_I15_1-7-8-34,PSI,164.37820636437758
PSI_+045,PSI,45,12.409782605194598,14.578512632716368,-2.16873002752177,PSI_I16_1-7-8-35,PSI,-80.32327767698534
PSI_+045,PSI,45,12.409782605194598,14.578512632716368,-2.16873002752177,PSI_I17_6-7-8-34,PSI,-23.1765455778428
PSI_+045,PSI,45,12.409782605194598,14.578512632716368,-2.16873002752177,PSI_I18_6-7-8-35,PSI,92.1219703807943
PSI_+060,PSI,60,15.683428081132595,18.995318032301356,-3.3118899511687605,CHI_I01_8-9-25-55,CHI,60.26097933426216
PSI_+060,PSI,60,15.683428081132595,18.995318032301356,-3.3118899511687605,CHI_I02_10-9-25-55,CHI,-60.40312561120536
PSI_+060,PSI,60,15.683428081132595,18.995318032301356,-3.3118899511687605,CHI_I03_36-9-25-55,CHI,176.82544726000805
PSI_+060,PSI,60,15.683428081132595,18.995318032301356,-3.3118899511687605,PHI_I04_7-8-9-10,PHI,-58.7400410736951
PSI_+060,PSI,60,15.683428081132595,18.995318032301356,-3.3118899511687605,PHI_I05_7-8-9-25,PHI,176.39079448588143
PSI_+060,PSI,60,15.683428081132595,18.995318032301356,-3.3118899511687605,PHI_I06_7-8-9-36,PHI,60.626208096551295
PSI_+060,PSI,60,15.683428081132595,18.995318032301356,-3.3118899511687605,PHI_I07_10-9-8-34,PHI,-176.90077063531973
PSI_+060,PSI,60,15.683428081132595,18.995318032301356,-3.3118899511687605,PHI_I08_10-9-8-35,PHI,67.245629859629
PSI_+060,PSI,60,15.683428081132595,18.995318032301356,-3.3118899511687605,PHI_I09_25-9-8-34,PHI,58.2300649242568
PSI_+060,PSI,60,15.683428081132595,18.995318032301356,-3.3118899511687605,PHI_I10_25-9-8-35,PHI,-57.623534580794484
PSI_+060,PSI,60,15.683428081132595,18.995318032301356,-3.3118899511687605,PHI_I11_34-8-9-36,PHI,-57.53452146507331
PSI_+060,PSI,60,15.683428081132595,18.995318032301356,-3.3118899511687605,PHI_I12_35-8-9-36,PHI,-173.3881209701246
PSI_+060,PSI,60,15.683428081132595,18.995318032301356,-3.3118899511687605,PSI_I13_1-7-8-9,PSI,59.86449143284755
PSI_+060,PSI,60,15.683428081132595,18.995318032301356,-3.3118899511687605,PSI_I14_6-7-8-9,PSI,-132.95121662481017
PSI_+060,PSI,60,15.683428081132595,18.995318032301356,-3.3118899511687605,PSI_I15_1-7-8-34,PSI,177.32992828579827
PSI_+060,PSI,60,15.683428081132595,18.995318032301356,-3.3118899511687605,PSI_I16_1-7-8-35,PSI,-67.05110371921101
PSI_+060,PSI,60,15.683428081132595,18.995318032301356,-3.3118899511687605,PSI_I17_6-7-8-34,PSI,-15.485779771859477
PSI_+060,PSI,60,15.683428081132595,18.995318032301356,-3.3118899511687605,PSI_I18_6-7-8-35,PSI,100.13318822313126
PSI_+075,PSI,75,23.207234060776265,28.697664989363133,-5.490430928586868,CHI_I01_8-9-25-55,CHI,58.233535767944886
PSI_+075,PSI,75,23.207234060776265,28.697664989363133,-5.490430928586868,CHI_I02_10-9-25-55,CHI,-58.36877313648875
PSI_+075,PSI,75,23.207234060776265,28.697664989363133,-5.490430928586868,CHI_I03_36-9-25-55,CHI,176.77222515031505
PSI_+075,PSI,75,23.207234060776265,28.697664989363133,-5.490430928586868,PHI_I04_7-8-9-10,PHI,-61.64722364729491
PSI_+075,PSI,75,23.207234060776265,28.697664989363133,-5.490430928586868,PHI_I05_7-8-9-25,PHI,175.00869420827928
PSI_+075,PSI,75,23.207234060776265,28.697664989363133,-5.490430928586868,PHI_I06_7-8-9-36,PHI,57.36582584205529
PSI_+075,PSI,75,23.207234060776265,28.697664989363133,-5.490430928586868,PHI_I07_10-9-8-34,PHI,-178.1026170279529
PSI_+075,PSI,75,23.207234060776265,28.697664989363133,-5.490430928586868,PHI_I08_10-9-8-35,PHI,66.18841950704974
PSI_+075,PSI,75,23.207234060776265,28.697664989363133,-5.490430928586868,PHI_I09_25-9-8-34,PHI,58.55330082762127
PSI_+075,PSI,75,23.207234060776265,28.697664989363133,-5.490430928586868,PHI_I10_25-9-8-35,PHI,-57.15566263737607
PSI_+075,PSI,75,23.207234060776265,28.697664989363133,-5.490430928586868,PHI_I11_34-8-9-36,PHI,-59.08956753860271
PSI_+075,PSI,75,23.207234060776265,28.697664989363133,-5.490430928586868,PHI_I12_35-8-9-36,PHI,-174.79853100360006
PSI_+075,PSI,75,23.207234060776265,28.697664989363133,-5.490430928586868,PSI_I13_1-7-8-9,PSI,74.72566905786951
PSI_+075,PSI,75,23.207234060776265,28.697664989363133,-5.490430928586868,PSI_I14_6-7-8-9,PSI,-125.52184545508806
PSI_+075,PSI,75,23.207234060776265,28.697664989363133,-5.490430928586868,PSI_I15_1-7-8-34,PSI,-169.5417219012136
PSI_+075,PSI,75,23.207234060776265,28.697664989363133,-5.490430928586868,PSI_I16_1-7-8-35,PSI,-53.990464143133764
PSI_+075,PSI,75,23.207234060776265,28.697664989363133,-5.490430928586868,PSI_I17_6-7-8-34,PSI,-9.789236414171155
PSI_+075,PSI,75,23.207234060776265,28.697664989363133,-5.490430928586868,PSI_I18_6-7-8-35,PSI,105.7620213439087
PSI_+090,PSI,90,36.77978373595889,45.082752412096326,-8.30296867613744,CHI_I01_8-9-25-55,CHI,56.00926234391316
PSI_+090,PSI,90,36.77978373595889,45.082752412096326,-8.30296867613744,CHI_I02_10-9-25-55,CHI,-56.05756390444495
PSI_+090,PSI,90,36.77978373595889,45.082752412096326,-8.30296867613744,CHI_I03_36-9-25-55,CHI,176.80858044367784
PSI_+090,PSI,90,36.77978373595889,45.082752412096326,-8.30296867613744,PHI_I04_7-8-9-10,PHI,-63.546002657103905
PSI_+090,PSI,90,36.77978373595889,45.082752412096326,-8.30296867613744,PHI_I05_7-8-9-25,PHI,174.63596029571576
PSI_+090,PSI,90,36.77978373595889,45.082752412096326,-8.30296867613744,PHI_I06_7-8-9-36,PHI,54.82231069429367
PSI_+090,PSI,90,36.77978373595889,45.082752412096326,-8.30296867613744,PHI_I07_10-9-8-34,PHI,-178.26724318853022
PSI_+090,PSI,90,36.77978373595889,45.082752412096326,-8.30296867613744,PHI_I08_10-9-8-35,PHI,66.33492057622792
PSI_+090,PSI,90,36.77978373595889,45.082752412096326,-8.30296867613744,PHI_I09_25-9-8-34,PHI,59.91471976428945
PSI_+090,PSI,90,36.77978373595889,45.082752412096326,-8.30296867613744,PHI_I10_25-9-8-35,PHI,-55.483116470952424
PSI_+090,PSI,90,36.77978373595889,45.082752412096326,-8.30296867613744,PHI_I11_34-8-9-36,PHI,-59.89892983713264
PSI_+090,PSI,90,36.77978373595889,45.082752412096326,-8.30296867613744,PHI_I12_35-8-9-36,PHI,-175.2967660723745
PSI_+090,PSI,90,36.77978373595889,45.082752412096326,-8.30296867613744,PSI_I13_1-7-8-9,PSI,89.52800137031622
PSI_+090,PSI,90,36.77978373595889,45.082752412096326,-8.30296867613744,PSI_I14_6-7-8-9,PSI,-118.42506704123358
PSI_+090,PSI,90,36.77978373595889,45.082752412096326,-8.30296867613744,PSI_I15_1-7-8-34,PSI,-156.6166978023395
PSI_+090,PSI,90,36.77978373595889,45.082752412096326,-8.30296867613744,PSI_I16_1-7-8-35,PSI,-40.93886444300319
PSI_+090,PSI,90,36.77978373595889,45.082752412096326,-8.30296867613744,PSI_I17_6-7-8-34,PSI,-4.5697662138892685
PSI_+090,PSI,90,36.77978373595889,45.082752412096326,-8.30296867613744,PSI_I18_6-7-8-35,PSI,111.10806714544704
