system,enantiomer,family,population,tsl_state,tsl_response_required,minimum_dcmb_tsl_distance_A,atom_pairs_lt_2A,atom_pairs_lt_2p5A,shared_core_volume_A3,shared_occupied_volume_A3,dcmb_atoms_in_tsl_1p7A_envelope,tsl_atoms_in_dcmb_1p7A_envelope,transfer_segment_length_A,minimum_distance_to_transfer_segment_A,dcmb_atoms_projected_within_segment,between_within_1p5A,between_within_2A,between_within_2p5A,corridor_occupied_fraction_1p5A,corridor_occupied_fraction_2A,corridor_occupied_fraction_2p5A,direct_lt_2A,transfer_corridor_blockade,minimum_path_distance_A,paths_lt_3p4A,paths_lt_2A,shared_swept_occupied_volume_A3,movement_mechanistic_gate,core_or_corridor_interference,clean_noninterfering_escape
7A_WT,R,1,3,1,True,0.5593120774665962,16,31,7.625,63.375,5,7,2.9999849999625,1.1646845066368834,2,0,0,0,0.2345679012345679,0.26440677966101694,0.2673913043478261,True,False,3.1279907288865165,5,0,0.75,True,True,False
7A_WT,R,1,3,2,True,0.3258619339536297,26,48,11.5,81.25,7,7,3.2001315597956284,1.8223872034103177,4,0,1,2,0.20994475138121546,0.2476489028213166,0.2729083665338645,True,True,2.9895820778162285,9,0,0.75,True,True,False
7A_WT,R,1,3,3,True,0.2633343881835416,33,53,19.0,105.75,10,14,2.799656228896683,0.8549321610513902,3,0,0,0,0.2088607594936709,0.19217081850533807,0.1891891891891892,True,False,3.2671022328663057,2,0,0.0,False,True,False
7A_WT,R,1,3,4,True,0.36608605545691114,27,37,12.625,80.875,8,11,2.7999701784126203,1.1652162889352344,3,0,0,0,0.1728395061728395,0.19572953736654805,0.1926605504587156,True,False,3.2580817976226446,1,0,0.0,False,True,False
7A_WT,R,1,3,5,True,0.39610730869298505,27,45,15.25,85.375,10,9,2.9996823165128665,0.6471259537369833,3,0,0,0,0.26285714285714284,0.22,0.20842105263157895,True,False,3.1426377455888868,7,0,0.25,False,True,False
7A_WT,R,2,3,1,True,0.3439185950192282,15,31,7.125,52.625,4,6,2.9999849999625,1.6447179089436583,2,0,0,1,0.21604938271604937,0.26440677966101694,0.2782608695652174,True,False,2.8680461990700223,6,0,1.375,True,True,False
7A_WT,R,2,3,2,True,0.6589529573497646,29,52,12.0,85.375,8,10,3.2001315597956284,2.07488719258862,4,0,0,1,0.12154696132596685,0.18495297805642633,0.23904382470119523,True,False,2.8680461990700223,9,0,1.0,True,True,False
7A_WT,R,2,3,3,True,0.5324462414178541,40,63,19.25,110.625,10,15,2.799656228896683,1.5583869865986435,3,0,0,0,0.13291139240506328,0.1494661921708185,0.18693693693693694,True,False,2.8680461990700223,4,0,0.875,True,True,False
7A_WT,R,2,3,4,True,0.4714604967544995,31,49,16.125,86.375,8,10,2.7999701784126203,1.8745244730330943,3,0,0,0,0.09259259259259259,0.13167259786476868,0.1834862385321101,True,False,3.455361920262478,0,0,0.0,False,True,False
7A_WT,R,2,3,5,True,0.3749053213812789,27,51,15.375,92.25,8,11,2.9996823165128665,1.5024876039422095,3,0,0,0,0.16,0.16,0.1957894736842105,True,False,3.184290501822973,7,0,0.375,False,True,False
7A_WT,R,3,3,1,True,0.7013551168987079,12,22,5.625,48.25,4,5,2.9999849999625,1.4047935791425015,3,0,0,0,0.17901234567901234,0.23389830508474577,0.2717391304347826,True,False,3.0975512909393443,4,0,0.5,True,True,False
7A_WT,R,3,3,2,True,0.6047230771187754,25,37,8.125,72.875,6,7,3.2001315597956284,2.570948805166019,6,0,0,0,0.11602209944751381,0.21316614420062696,0.27091633466135456,True,False,3.110923496327095,8,0,0.875,True,True,False
7A_WT,R,3,3,3,True,0.617158812624433,34,58,17.0,104.875,10,13,2.799656228896683,1.597243563142453,4,0,0,1,0.21518987341772153,0.26334519572953735,0.2905405405405405,True,False,3.4113579407620063,0,0,0.0,False,True,False
7A_WT,R,3,3,4,True,0.5301037634275008,30,60,15.0,98.0,8,12,2.7999701784126203,2.0124794147262866,6,0,0,1,0.1419753086419753,0.22419928825622776,0.26376146788990823,True,False,3.245057780687426,2,0,0.125,False,True,False
7A_WT,R,3,3,5,True,0.6758061852336064,36,52,18.5,98.75,10,14,2.9996823165128665,1.4814449470332018,6,1,1,2,0.25142857142857145,0.27666666666666667,0.30105263157894735,True,True,3.0335790742949165,7,0,0.25,False,True,False
7A_WT,R,4,3,1,True,0.8663226881480135,13,28,4.375,54.0,3,6,2.9999849999625,1.9129044377020252,3,0,1,1,0.1419753086419753,0.18305084745762712,0.20869565217391303,True,True,3.1123182677868924,7,0,0.5,True,True,False
7A_WT,R,4,3,2,True,0.4857118487333823,27,44,9.5,80.125,8,8,3.2001315597956284,2.4366113274232464,5,0,0,1,0.049723756906077346,0.12225705329153605,0.17729083665338646,True,False,3.137273657174331,9,0,0.5,True,True,False
7A_WT,R,4,3,3,True,0.32595245052001093,38,62,18.375,106.125,10,14,2.799656228896683,2.1787838350786433,4,0,0,0,0.06329113924050633,0.13167259786476868,0.17117117117117117,True,False,3.1516057811852036,2,0,0.25,False,True,False
7A_WT,R,4,3,4,True,0.6634214346853742,30,49,11.5,86.625,10,10,2.7999701784126203,2.5578359994338964,4,0,0,0,0.024691358024691357,0.10676156583629894,0.1559633027522936,True,False,3.2888972315960268,2,0,0.125,False,True,False
7A_WT,R,4,3,5,True,0.3900948602583745,35,50,15.125,90.625,9,12,2.9996823165128665,2.021267424167322,4,0,0,0,0.08,0.13666666666666666,0.18105263157894738,True,False,3.211714339725748,5,0,0.375,False,True,False
7A_WT,R,5,2,1,True,0.5928996542417609,10,29,6.5,46.875,4,3,2.9999849999625,2.043679524778775,4,0,0,0,0.11728395061728394,0.17627118644067796,0.23043478260869565,True,False,3.3003589198752312,4,0,0.0,False,True,False
7A_WT,R,5,2,2,True,0.679557208776421,24,43,10.5,72.375,7,7,3.2001315597956284,2.0856059071646302,5,0,0,0,0.11602209944751381,0.18495297805642633,0.2290836653386454,True,False,3.003347132783688,6,0,0.875,True,True,False
7A_WT,R,5,2,3,True,0.3091795594796007,34,59,17.5,100.25,10,12,2.799656228896683,1.4857180082370949,4,0,1,1,0.2088607594936709,0.24199288256227758,0.25900900900900903,True,True,3.665668561122241,0,0,0.0,False,True,False
7A_WT,R,5,2,4,True,0.46778841370859126,40,59,18.125,108.25,11,15,2.7999701784126203,1.8775100532354014,4,0,0,1,0.13580246913580246,0.20284697508896798,0.231651376146789,True,False,3.0454997947791758,1,0,0.375,False,True,False
7A_WT,R,5,2,5,True,0.2762426469609645,33,51,20.125,106.0,11,13,2.9996823165128665,1.3028971563404381,5,0,1,1,0.24,0.2633333333333333,0.27578947368421053,True,True,3.009277654188792,7,0,0.625,True,True,False
7A_WT,S,1,3,1,True,0.6658145387418324,18,29,8.0,64.125,5,6,2.9999849999625,1.323320444941436,2,0,0,0,0.21604938271604937,0.25084745762711863,0.2608695652173913,True,False,3.0821930504106976,7,0,0.625,True,True,False
7A_WT,S,1,3,2,True,0.39889973677604756,27,47,11.625,82.375,7,8,3.2001315597956284,1.908444654686114,4,0,0,1,0.1878453038674033,0.22884012539184953,0.2549800796812749,True,False,3.0329216936808634,10,0,0.875,True,True,False
7A_WT,S,1,3,3,True,0.36915579366982737,32,57,19.5,107.5,11,14,2.799656228896683,0.9973665324242638,3,0,0,0,0.1962025316455696,0.17793594306049823,0.17567567567567569,True,False,3.2615549972367477,3,0,0.0,False,True,False
7A_WT,S,1,3,4,True,0.4975479876353641,26,40,13.625,83.25,8,12,2.7999701784126203,1.3046064540695788,3,0,0,0,0.16666666666666666,0.18149466192170818,0.1743119266055046,True,False,3.295355671244002,2,0,0.125,False,True,False
7A_WT,S,1,3,5,True,0.45833175757304867,25,43,14.875,86.125,8,9,2.9996823165128665,0.7691040241735835,3,0,0,0,0.24,0.2,0.19157894736842104,True,False,3.106182383569902,8,0,0.5,True,True,False
7A_WT,S,2,3,1,True,0.5270683067686763,8,14,4.125,41.375,3,5,2.9999849999625,1.4994672387218064,3,0,0,0,0.16049382716049382,0.2135593220338983,0.25,True,False,2.931097746578916,4,0,0.875,True,True,False
7A_WT,S,2,3,2,True,0.644845717982217,19,41,8.75,70.125,6,7,3.2001315597956284,2.748765893920054,6,0,0,0,0.06077348066298342,0.15987460815047022,0.23107569721115537,True,False,2.9435456510813625,8,0,1.125,True,True,False
7A_WT,S,2,3,3,True,0.4616947043231055,31,58,18.5,103.125,9,12,2.799656228896683,2.048443752541341,6,0,0,1,0.17088607594936708,0.21708185053380782,0.26576576576576577,True,False,3.557591038891345,0,0,0.0,False,True,False
7A_WT,S,2,3,4,True,0.2703830615996503,31,52,13.875,93.875,10,11,2.7999701784126203,2.3881180172779244,6,0,0,1,0.09876543209876543,0.17793594306049823,0.23394495412844038,True,False,3.0560042539237418,3,0,0.5,True,True,False
7A_WT,S,2,3,5,True,0.5731134268188098,38,56,18.5,100.25,10,13,2.9996823165128665,1.9634027776532272,6,0,1,1,0.19428571428571428,0.22333333333333333,0.2694736842105263,True,True,3.0562751839453197,7,0,0.75,True,True,False
7A_WT,S,3,3,1,True,0.3448390929114621,15,27,7.0,50.5,4,6,2.9999849999625,1.6148377627489394,2,0,0,1,0.2037037037037037,0.2542372881355932,0.2673913043478261,True,False,2.877182823527208,6,0,0.875,True,True,False
7A_WT,S,3,3,2,True,0.7162925380038526,25,51,12.875,85.125,8,10,3.2001315597956284,2.117023207366048,4,0,0,1,0.11049723756906077,0.1724137931034483,0.22310756972111553,True,False,2.877182823527208,11,0,1.375,True,True,False
7A_WT,S,3,3,3,True,0.4774871726025736,37,63,19.5,109.25,10,15,2.799656228896683,1.6475105462484907,3,0,0,0,0.10126582278481013,0.12455516014234876,0.17117117117117117,True,False,2.877182823527208,4,0,0.625,True,True,False
7A_WT,S,3,3,4,True,0.5750286949361744,31,50,14.75,84.75,8,10,2.7999701784126203,1.9505509478093617,3,0,0,0,0.06790123456790123,0.11387900355871886,0.16743119266055045,True,False,3.4485082282053496,0,0,0.0,False,True,False
7A_WT,S,3,3,5,True,0.4492159836871341,29,50,14.5,91.375,7,11,2.9996823165128665,1.5822319678226708,3,0,0,0,0.12571428571428572,0.13666666666666666,0.18105263157894738,True,False,3.1225071657243633,7,0,0.75,True,True,False
7A_WT,S,4,3,1,True,0.8815406967349837,13,28,4.375,54.0,3,5,2.9999849999625,1.9534260090105666,3,0,1,1,0.15432098765432098,0.19661016949152543,0.22826086956521738,True,True,3.1663134715312067,7,0,0.25,False,True,False
7A_WT,S,4,3,2,True,0.46487417652521856,25,44,9.125,79.75,8,8,3.2001315597956284,2.417645548876013,5,0,0,1,0.049723756906077346,0.12852664576802508,0.18127490039840638,True,False,3.1936198897176227,7,0,0.25,False,True,False
7A_WT,S,4,3,3,True,0.3351492204973783,38,59,19.625,106.625,10,14,2.799656228896683,2.123734917545031,4,0,0,0,0.06962025316455696,0.13523131672597866,0.18018018018018017,True,False,3.19560401176366,2,0,0.125,False,True,False
7A_WT,S,4,3,4,True,0.6108829675150552,29,48,12.0,86.0,10,10,2.7999701784126203,2.514465748424503,4,0,0,0,0.037037037037037035,0.11387900355871886,0.1651376146788991,True,False,3.281093872476069,2,0,0.125,False,True,False
7A_WT,S,4,3,5,True,0.4423041939660981,35,51,15.625,92.875,9,12,2.9996823165128665,1.973271648810675,4,0,0,0,0.09142857142857143,0.14333333333333334,0.19157894736842104,True,False,3.2915336850775203,5,0,0.25,False,True,False
7A_WT,S,5,2,1,True,0.682771557697009,14,29,6.125,46.625,4,3,2.9999849999625,2.1308596856667963,4,0,0,0,0.10493827160493827,0.16271186440677965,0.21304347826086956,True,False,3.2389807038634855,5,0,0.0,False,True,False
7A_WT,S,5,2,2,True,0.6385428724839077,25,48,12.125,76.25,8,9,3.2001315597956284,2.1877995794862013,5,0,0,0,0.10497237569060773,0.18181818181818182,0.22111553784860558,True,False,2.9893400609499077,6,0,0.625,True,True,False
7A_WT,S,5,2,3,True,0.5292334078646211,37,59,17.875,102.875,10,12,2.799656228896683,1.4670194272742267,3,0,1,1,0.21518987341772153,0.23843416370106763,0.2545045045045045,True,True,3.8289131617209606,0,0,0.0,False,True,False
7A_WT,S,5,2,4,True,0.5033944775223499,40,61,19.875,109.75,11,15,2.7999701784126203,1.869445372296286,4,0,0,1,0.1419753086419753,0.199288256227758,0.22706422018348624,True,False,3.0915421717971117,1,0,0.25,False,True,False
7A_WT,S,5,2,5,True,0.3198890432634414,33,49,19.25,104.625,11,13,2.9996823165128665,1.2721969187197395,5,0,1,1,0.24571428571428572,0.2633333333333333,0.27157894736842103,True,True,2.9893400609499077,7,0,0.625,True,True,False
7A_WT,S,6,2,1,True,0.3796524726641461,16,36,8.875,62.375,6,4,2.9999849999625,1.842261110700652,4,0,0,0,0.12345679012345678,0.17966101694915254,0.22391304347826088,True,False,3.0974625098619026,5,0,0.75,True,True,False
7A_WT,S,6,2,2,True,0.3632382138487085,31,53,11.25,83.875,9,8,3.2001315597956284,2.0275241058986198,4,0,0,0,0.11049723756906077,0.1786833855799373,0.22111553784860558,True,False,2.979933220728276,7,0,1.75,True,True,False
7A_WT,S,6,2,3,True,0.6405934748340792,40,68,18.375,111.25,11,16,2.799656228896683,1.6182774792970456,3,0,0,1,0.17721518987341772,0.2099644128113879,0.22297297297297297,True,False,3.136343571740826,4,0,0.75,True,True,False
7A_WT,S,6,2,4,True,0.5462947922138738,35,47,13.0,88.0,10,13,2.7999701784126203,1.9193639571483045,3,0,0,1,0.11728395061728394,0.17437722419928825,0.20412844036697247,True,False,3.6636629211760185,0,0,0.0,False,True,False
7A_WT,S,6,2,5,True,0.3271528694662479,24,44,16.75,87.375,8,11,2.9996823165128665,1.4564432704365797,3,0,0,1,0.21714285714285714,0.22666666666666666,0.24,True,False,3.098925136236756,4,0,0.25,False,True,False
7B_WT,R,1,4,1,False,10.544968278757409,0,0,0.0,0.0,0,0,3.0003538124694566,10.771789173577433,0,0,0,0,0.0,0.0,0.0,False,False,,0,0,0.0,False,False,True
7B_WT,R,1,4,2,False,12.074364745194671,0,0,0.0,0.0,0,0,3.199938905666794,10.771789173577433,0,0,0,0,0.0,0.0,0.0,False,False,,0,0,0.0,False,False,True
7B_WT,R,1,4,3,False,9.732640186506433,0,0,0.0,0.0,0,0,2.7997190930520155,10.771789173577433,3,0,0,0,0.0,0.0,0.0,False,False,,0,0,0.0,False,False,True
7B_WT,R,1,4,4,False,11.2698078954346,0,0,0.0,0.0,0,0,3.1999392181727453,10.771789173577433,1,0,0,0,0.0,0.0,0.0,False,False,,0,0,0.0,False,False,True
7B_WT,R,1,4,5,False,7.527786726521947,0,0,0.0,0.0,0,0,3.1997127996118655,10.771789173577433,0,0,0,0,0.0,0.0,0.0,False,False,,0,0,0.0,False,False,True
7B_WT,R,1,4,6,False,10.189811480101092,0,0,0.0,0.0,0,0,3.0004502995383877,10.771789173577433,0,0,0,0,0.0,0.0,0.0,False,False,,0,0,0.0,False,False,True
7B_WT,R,2,3,1,False,1.4626906713314338,5,15,0.5,32.875,1,1,3.0003538124694566,1.4626906713314338,0,0,0,0,0.10285714285714286,0.12131147540983607,0.125531914893617,True,False,,0,0,0.0,False,True,False
7B_WT,R,2,3,2,False,0.06296824596572433,23,38,10.5,70.875,8,9,3.199938905666794,1.6239846058383685,0,0,0,0,0.19444444444444445,0.18518518518518517,0.17269076305220885,True,False,,0,0,0.0,False,True,False
7B_WT,R,2,3,3,False,0.26777976025084504,35,54,15.625,100.875,10,15,2.7997190930520155,1.534915307109809,1,0,0,0,0.10897435897435898,0.10247349823321555,0.09567198177676538,True,False,,0,0,0.0,False,True,False
7B_WT,R,2,3,4,False,0.43025806209762046,27,49,11.5,83.375,9,9,3.1999392181727453,1.2439614141925788,0,0,0,0,0.14444444444444443,0.14860681114551083,0.15030060120240482,True,False,,0,0,0.0,False,True,False
7B_WT,R,2,3,5,False,0.35886069720714786,28,48,14.875,88.25,9,10,3.1997127996118655,1.4219581569089859,3,0,0,0,0.1005586592178771,0.11526479750778816,0.1294820717131474,True,False,,0,0,0.0,False,True,False
7B_WT,R,2,3,6,False,0.4542290171268243,24,46,11.25,87.75,9,11,3.0004502995383877,1.5483672045093182,1,0,0,0,0.07784431137724551,0.10333333333333333,0.11538461538461539,True,False,,0,0,0.0,False,True,False
7B_WT,R,3,3,1,False,1.3096785865241896,7,19,1.125,40.875,3,2,3.0003538124694566,1.3096785865241896,0,0,0,0,0.16,0.16721311475409836,0.16595744680851063,True,False,,0,0,0.0,False,True,False
7B_WT,R,3,3,2,False,0.762636217340876,24,47,10.375,74.5,8,9,3.199938905666794,1.1034282940001134,1,0,0,1,0.2,0.20987654320987653,0.20281124497991967,True,False,,0,0,0.0,False,True,False
7B_WT,R,3,3,3,False,0.4642553176862923,33,56,13.625,98.875,10,10,2.7997190930520155,1.683694449714674,3,0,0,0,0.07692307692307693,0.11307420494699646,0.1275626423690205,True,False,,0,0,0.0,False,True,False
7B_WT,R,3,3,4,False,0.5408964780806031,30,59,14.375,91.625,10,9,3.1999392181727453,1.0819953789180432,0,0,0,0,0.22777777777777777,0.21671826625386997,0.20240480961923848,True,False,,0,0,0.0,False,True,False
7B_WT,R,3,3,5,False,0.3285194058195035,34,55,18.75,98.125,9,15,3.1997127996118655,1.4775851921293741,3,0,0,0,0.12290502793296089,0.12461059190031153,0.14342629482071714,True,False,,0,0,0.0,False,True,False
7B_WT,R,3,3,6,False,0.4184519088258531,34,55,13.625,93.375,8,12,3.0004502995383877,1.4912565171693297,3,0,0,0,0.09580838323353294,0.10333333333333333,0.12393162393162394,True,False,,0,0,0.0,False,True,False
7B_WT,R,4,3,1,False,0.5971306389727468,14,32,5.5,58.5,5,6,3.0003538124694566,1.315890952928851,0,0,0,0,0.14857142857142858,0.14754098360655737,0.14042553191489363,True,False,,0,0,0.0,False,True,False
7B_WT,R,4,3,2,False,0.7921685426725805,25,45,9.875,70.125,7,9,3.199938905666794,0.9124587661916566,1,0,0,0,0.17222222222222222,0.16358024691358025,0.14859437751004015,True,False,,0,0,0.0,False,True,False
7B_WT,R,4,3,3,False,0.5762872547610265,32,57,12.125,85.875,8,8,2.7997190930520155,2.152885737794739,5,0,0,0,0.057692307692307696,0.07420494699646643,0.0979498861047836,True,False,,0,0,0.0,False,True,False
7B_WT,R,4,3,4,False,0.6031666436400468,30,50,13.375,85.0,9,10,3.1999392181727453,1.2834130278285316,0,0,0,0,0.18888888888888888,0.17647058823529413,0.17034068136272545,True,False,,0,0,0.0,False,True,False
7B_WT,R,4,3,5,False,0.7244956866676298,41,58,18.125,102.0,10,15,3.1997127996118655,1.3898528699110562,4,0,0,0,0.1005586592178771,0.09657320872274143,0.099601593625498,True,False,,0,0,0.0,False,True,False
7B_WT,R,4,3,6,False,0.3695984307325994,30,52,12.25,86.875,8,9,3.0004502995383877,1.4819375830310804,4,0,0,0,0.0718562874251497,0.08,0.09188034188034189,True,False,,0,0,0.0,False,True,False
7B_WT,R,5,3,1,False,0.7419043064978125,12,27,5.375,59.5,4,8,3.0003538124694566,1.5936702921244406,0,0,0,0,0.06857142857142857,0.08524590163934426,0.08936170212765958,True,False,,0,0,0.0,False,True,False
7B_WT,R,5,3,2,False,0.31524117751334485,25,48,14.625,80.25,8,11,3.199938905666794,1.1182647271554262,0,0,0,0,0.15,0.13580246913580246,0.1285140562248996,True,False,,0,0,0.0,False,True,False
7B_WT,R,5,3,3,False,0.6197378478034083,34,59,16.375,100.625,11,12,2.7997190930520155,1.5445096309184996,4,0,0,0,0.0641025641025641,0.06713780918727916,0.0683371298405467,True,False,,0,0,0.0,False,True,False
7B_WT,R,5,3,4,False,0.5864520440752168,30,61,14.5,88.25,8,10,3.1999392181727453,1.4189718108546063,0,0,0,0,0.10555555555555556,0.11455108359133127,0.11823647294589178,True,False,,0,0,0.0,False,True,False
7B_WT,R,5,3,5,False,0.469623253257332,36,62,15.0,100.75,11,12,3.1997127996118655,1.7775047116674543,5,0,0,0,0.11173184357541899,0.11838006230529595,0.11752988047808766,True,False,,0,0,0.0,False,True,False
7B_WT,R,5,3,6,False,0.713120606910219,29,56,13.5,89.125,7,10,3.0004502995383877,1.7781751882196533,3,0,0,0,0.08383233532934131,0.10333333333333333,0.10042735042735043,True,False,,0,0,0.0,False,True,False
7B_WT,R,6,3,1,False,0.6278542824573227,14,26,4.25,51.125,5,5,3.0003538124694566,1.2410487500497311,0,0,0,0,0.2057142857142857,0.20655737704918034,0.20212765957446807,True,False,,0,0,0.0,False,True,False
7B_WT,R,6,3,2,False,0.5846178238815505,21,39,9.375,71.25,6,9,3.199938905666794,1.0250404870052698,2,0,0,1,0.23333333333333334,0.23148148148148148,0.23092369477911648,True,False,,0,0,0.0,False,True,False
7B_WT,R,6,3,3,False,0.12044085685513901,29,52,15.5,93.0,10,9,2.7997190930520155,1.5302166513275168,5,0,0,0,0.16025641025641027,0.15901060070671377,0.1480637813211845,True,False,,0,0,0.0,False,True,False
7B_WT,R,6,3,4,False,0.5789343658826969,29,47,11.875,84.5,8,12,3.1999392181727453,1.176964740338469,1,0,0,0,0.2722222222222222,0.26006191950464397,0.23847695390781562,True,False,,0,0,0.0,False,True,False
7B_WT,R,6,3,5,False,0.3105962008782457,43,67,19.625,112.625,11,14,3.1997127996118655,1.8278528387154152,6,0,0,1,0.11731843575418995,0.14018691588785046,0.16533864541832669,True,False,,0,0,0.0,False,True,False
7B_WT,R,6,3,6,False,0.18858154734755928,23,44,11.875,83.375,7,10,3.0004502995383877,1.8399896738840684,5,0,0,0,0.08383233532934131,0.12333333333333334,0.14743589743589744,True,False,,0,0,0.0,False,True,False
7B_WT,R,7,2,1,False,0.715908513708281,9,18,4.625,41.75,4,2,3.0003538124694566,0.8030653771642755,3,0,1,2,0.30857142857142855,0.30491803278688523,0.32340425531914896,True,True,,0,0,0.0,False,True,False
7B_WT,R,7,2,2,False,0.4269004567812034,22,33,10.125,63.75,6,7,3.199938905666794,1.1524452264641474,4,0,1,2,0.31666666666666665,0.3117283950617284,0.321285140562249,True,True,,0,0,0.0,False,True,False
7B_WT,R,7,2,3,False,0.38648803344993704,30,51,13.0,87.0,8,9,2.7997190930520155,0.9426696133853045,5,0,0,2,0.24358974358974358,0.23674911660777384,0.24829157175398633,True,False,,0,0,0.0,False,True,False
7B_WT,R,7,2,4,False,0.5307296863752773,18,35,9.625,66.875,6,6,3.1999392181727453,0.5307296863752773,3,0,1,2,0.36666666666666664,0.3591331269349845,0.35671342685370744,True,True,,0,0,0.0,False,True,False
7B_WT,R,7,2,5,False,0.513025340504736,43,71,20.75,116.5,11,13,3.1997127996118655,1.6537136995260089,5,0,0,1,0.16201117318435754,0.2087227414330218,0.23705179282868527,True,False,,0,0,0.0,False,True,False
7B_WT,R,7,2,6,False,0.5581711207147847,15,36,7.375,66.375,5,6,3.0004502995383877,1.7110058445253769,4,0,0,0,0.1317365269461078,0.19,0.22435897435897437,True,False,,0,0,0.0,False,True,False
7B_WT,R,8,1,1,False,0.9410021253961117,9,26,5.25,55.375,5,7,3.0003538124694566,0.9410021253961117,0,0,0,0,0.24,0.2262295081967213,0.22127659574468084,True,False,,0,0,0.0,False,True,False
7B_WT,R,8,1,2,False,0.7949106868070139,26,42,10.125,81.375,8,10,3.199938905666794,1.3305326001267315,1,0,0,0,0.2722222222222222,0.26851851851851855,0.25903614457831325,True,False,,0,0,0.0,False,True,False
7B_WT,R,8,1,3,False,0.7379200498699028,32,56,13.25,93.125,10,10,2.7997190930520155,1.525685747459155,5,0,0,0,0.10256410256410256,0.12367491166077739,0.14578587699316628,True,False,,0,0,0.0,False,True,False
7B_WT,R,8,1,4,False,0.5336309586221551,29,51,15.25,92.5,8,12,3.1999392181727453,0.6685693681286929,0,0,0,0,0.3,0.26625386996904027,0.24849699398797595,True,False,,0,0,0.0,False,True,False
7B_WT,R,8,1,5,False,0.2792203430984216,35,60,17.0,107.25,11,14,3.1997127996118655,1.6602008914586202,6,0,0,0,0.16201117318435754,0.1806853582554517,0.1892430278884462,True,False,,0,0,0.0,False,True,False
7B_WT,R,8,1,6,False,0.6525687703223318,28,54,11.75,90.5,8,12,3.0004502995383877,1.6985552684561076,4,0,0,0,0.12574850299401197,0.15666666666666668,0.16666666666666666,True,False,,0,0,0.0,False,True,False
7B_WT,R,9,1,1,False,1.0252048575772545,6,12,2.0,35.0,3,2,3.0003538124694566,1.0252048575772545,1,0,1,1,0.3142857142857143,0.29180327868852457,0.2723404255319149,True,True,,0,0,0.0,False,True,False
7B_WT,R,9,1,2,False,0.718596548836689,25,37,8.5,61.0,7,6,3.199938905666794,1.2469342404473462,1,0,0,1,0.28888888888888886,0.2932098765432099,0.285140562248996,True,False,,0,0,0.0,False,True,False
7B_WT,R,9,1,3,False,0.5064918558081657,26,48,12.875,86.125,7,10,2.7997190930520155,1.7653738980737192,3,0,0,0,0.10256410256410256,0.15547703180212014,0.1776765375854214,True,False,,0,0,0.0,False,True,False
7B_WT,R,9,1,4,False,0.6385679290412255,27,52,14.875,85.25,8,11,3.1999392181727453,0.7483855957993842,2,1,1,1,0.37222222222222223,0.34365325077399383,0.2985971943887776,True,True,,0,0,0.0,False,True,False
7B_WT,R,9,1,5,False,0.47226052132271246,32,53,16.75,95.625,10,12,3.1997127996118655,1.5698554073544486,3,0,0,0,0.12290502793296089,0.14641744548286603,0.18326693227091634,True,False,,0,0,0.0,False,True,False
7B_WT,R,9,1,6,False,0.4932210457796791,27,52,9.375,81.625,7,8,3.0004502995383877,1.619774675687949,3,0,0,0,0.07784431137724551,0.13,0.1623931623931624,True,False,,0,0,0.0,False,True,False
7B_WT,S,1,3,1,False,1.0819172796475705,10,23,2.875,50.875,6,4,3.0003538124694566,1.0819172796475705,0,0,0,0,0.24,0.23278688524590163,0.2148936170212766,True,False,,0,0,0.0,False,True,False
7B_WT,S,1,3,2,False,0.4246881208604731,23,35,8.625,70.125,7,7,3.199938905666794,1.4568133030694086,0,0,0,0,0.29444444444444445,0.28703703703703703,0.26907630522088355,True,False,,0,0,0.0,False,True,False
7B_WT,S,1,3,3,False,0.5250885639585005,37,58,16.25,105.375,11,14,2.7997190930520155,1.2615676755529206,5,0,0,0,0.14102564102564102,0.14487632508833923,0.15261958997722094,True,False,,0,0,0.0,False,True,False
7B_WT,S,1,3,4,False,0.3237097465322908,26,50,12.625,86.375,8,9,3.1999392181727453,0.8422737084819875,1,0,0,0,0.3111111111111111,0.2848297213622291,0.2565130260521042,True,False,,0,0,0.0,False,True,False
7B_WT,S,1,3,5,False,0.6128433731386835,33,51,17.125,97.0,9,13,3.1997127996118655,1.5143572894135646,4,0,0,1,0.1340782122905028,0.16199376947040497,0.18725099601593626,True,False,,0,0,0.0,False,True,False
7B_WT,S,1,3,6,False,0.9539575462251978,29,49,9.75,91.25,8,13,3.0004502995383877,1.5611425303283486,3,0,0,0,0.09580838323353294,0.13333333333333333,0.16666666666666666,True,False,,0,0,0.0,False,True,False
7B_WT,S,2,3,1,False,0.7153320907103226,15,33,5.625,58.375,5,6,3.0003538124694566,1.3738129421431438,0,0,0,0,0.18857142857142858,0.1901639344262295,0.17872340425531916,True,False,,0,0,0.0,False,True,False
7B_WT,S,2,3,2,False,0.7213612132628151,25,43,10.375,71.875,6,9,3.199938905666794,0.7213612132628151,1,0,0,0,0.22777777777777777,0.2037037037037037,0.19678714859437751,True,False,,0,0,0.0,False,True,False
7B_WT,S,2,3,3,False,0.7398709346906392,29,62,12.0,89.375,9,8,2.7997190930520155,1.9076700448452817,4,0,0,0,0.0641025641025641,0.07773851590106007,0.10933940774487472,True,False,,0,0,0.0,False,True,False
7B_WT,S,2,3,4,False,0.48745358753423873,33,51,12.625,88.25,9,12,3.1999392181727453,1.4290129460575227,0,0,0,0,0.25,0.24148606811145512,0.21643286573146292,True,False,,0,0,0.0,False,True,False
7B_WT,S,2,3,5,False,0.5850888821367226,41,57,20.375,109.375,10,15,3.1997127996118655,1.4156556784755252,4,0,0,0,0.12849162011173185,0.12149532710280374,0.1394422310756972,True,False,,0,0,0.0,False,True,False
7B_WT,S,2,3,6,False,0.3987605797969505,30,53,12.75,89.5,8,10,3.0004502995383877,1.544014572470092,4,0,0,0,0.09580838323353294,0.10333333333333333,0.12179487179487179,True,False,,0,0,0.0,False,True,False
7B_WT,S,3,3,1,False,1.4715549598978626,5,13,0.375,28.375,1,1,3.0003538124694566,1.4715549598978626,1,0,1,1,0.2342857142857143,0.23934426229508196,0.2404255319148936,True,True,,0,0,0.0,False,True,False
7B_WT,S,3,3,2,False,0.5350775644707969,23,38,9.125,63.875,6,7,3.199938905666794,1.250838119022602,1,0,0,1,0.20555555555555555,0.22530864197530864,0.23694779116465864,True,False,,0,0,0.0,False,True,False
7B_WT,S,3,3,3,False,0.3504753914328368,28,52,14.125,95.625,10,10,2.7997190930520155,1.680795347447154,1,0,0,0,0.11538461538461539,0.1519434628975265,0.17084282460136674,True,False,,0,0,0.0,False,True,False
7B_WT,S,3,3,4,False,0.5659425765923611,25,47,9.75,76.625,7,10,3.1999392181727453,1.2881017040591165,1,0,1,1,0.29444444444444445,0.28792569659442724,0.27054108216432865,True,True,,0,0,0.0,False,True,False
7B_WT,S,3,3,5,False,0.4165777238403422,39,58,17.5,103.0,10,14,3.1997127996118655,1.65357128663992,5,0,0,0,0.11173184357541899,0.1308411214953271,0.1593625498007968,True,False,,0,0,0.0,False,True,False
7B_WT,S,3,3,6,False,0.7946735178675577,23,43,9.25,77.875,7,10,3.0004502995383877,1.6772340325667137,3,0,0,0,0.0718562874251497,0.11333333333333333,0.13675213675213677,True,False,,0,0,0.0,False,True,False
7B_WT,S,4,3,1,False,0.6516601875210724,19,32,7.125,62.0,6,6,3.0003538124694566,1.3198499914763042,0,0,0,0,0.2342857142857143,0.22950819672131148,0.2148936170212766,True,False,,0,0,0.0,False,True,False
7B_WT,S,4,3,2,False,0.6998349805489864,22,39,9.0,70.75,8,8,3.199938905666794,1.0963183844121198,1,0,0,0,0.23333333333333334,0.2345679012345679,0.23092369477911648,True,False,,0,0,0.0,False,True,False
7B_WT,S,4,3,3,False,0.6635668768104687,30,52,15.875,94.25,10,12,2.7997190930520155,1.11691226154967,5,0,0,0,0.16025641025641027,0.13780918727915195,0.15034168564920272,True,False,,0,0,0.0,False,True,False
7B_WT,S,4,3,4,False,0.33667343227525387,26,49,11.375,83.375,8,9,3.1999392181727453,1.2391367963223432,1,0,1,1,0.2833333333333333,0.28173374613003094,0.24849699398797595,True,True,,0,0,0.0,False,True,False
7B_WT,S,4,3,5,False,0.3568599164938531,36,56,18.375,99.125,8,13,3.1997127996118655,1.8916131076942009,7,0,1,1,0.1452513966480447,0.14641744548286603,0.1693227091633466,True,True,,0,0,0.0,False,True,False
7B_WT,S,4,3,6,False,0.6452449147416819,32,51,15.0,90.0,7,9,3.0004502995383877,1.8128347966651561,6,0,0,0,0.11377245508982035,0.13666666666666666,0.15384615384615385,True,False,,0,0,0.0,False,True,False
7B_WT,S,5,3,1,False,10.229546128739045,0,0,0.0,0.0,0,0,3.0003538124694566,9.307306001201422,0,0,0,0,0.0,0.0,0.0,False,False,,0,0,0.0,False,False,True
7B_WT,S,5,3,2,False,10.799397483193218,0,0,0.0,0.0,0,0,3.199938905666794,9.307306001201422,0,0,0,0,0.0,0.0,0.0,False,False,,0,0,0.0,False,False,True
7B_WT,S,5,3,3,False,9.285985892731047,0,0,0.0,0.0,0,0,2.7997190930520155,9.305750933908303,2,0,0,0,0.0,0.0,0.0,False,False,,0,0,0.0,False,False,True
7B_WT,S,5,3,4,False,10.141016615704759,0,0,0.0,0.0,0,0,3.1999392181727453,9.307306001201422,0,0,0,0,0.0,0.0,0.0,False,False,,0,0,0.0,False,False,True
7B_WT,S,5,3,5,False,5.91205497268082,0,0,0.0,0.0,0,0,3.1997127996118655,9.307306001201422,0,0,0,0,0.0,0.0,0.0,False,False,,0,0,0.0,False,False,True
7B_WT,S,5,3,6,False,10.225656653731338,0,0,0.0,0.0,0,0,3.0004502995383877,9.307306001201422,0,0,0,0,0.0,0.0,0.0,False,False,,0,0,0.0,False,False,True
7B_WT,S,6,2,1,False,1.2803128523919456,5,17,1.75,39.0,2,2,3.0003538124694566,1.2803128523919456,2,0,1,1,0.22857142857142856,0.26557377049180325,0.2723404255319149,True,True,,0,0,0.0,False,True,False
7B_WT,S,6,2,2,False,0.5782222755999635,27,40,10.375,70.125,6,11,3.199938905666794,1.1361844040471603,2,0,0,2,0.25,0.26851851851851855,0.27309236947791166,True,False,,0,0,0.0,False,True,False
7B_WT,S,6,2,3,False,0.6398070021498667,36,57,13.625,97.375,9,9,2.7997190930520155,0.867744778146201,2,0,0,1,0.2564102564102564,0.23674911660777384,0.22779043280182232,True,False,,0,0,0.0,False,True,False
7B_WT,S,6,2,4,False,0.4614596407054464,24,49,10.875,73.5,6,7,3.1999392181727453,1.1637375133594343,2,0,1,1,0.2833333333333333,0.28792569659442724,0.29458917835671344,True,True,,0,0,0.0,False,True,False
7B_WT,S,6,2,5,False,0.5050881111251779,42,63,19.75,114.875,10,11,3.1997127996118655,1.8617577715696525,6,0,0,1,0.12290502793296089,0.17445482866043613,0.21314741035856574,True,False,,0,0,0.0,False,True,False
7B_WT,S,6,2,6,False,0.71942894020188,22,41,9.5,74.125,6,8,3.0004502995383877,1.8954266010584528,4,0,0,1,0.09580838323353294,0.16666666666666666,0.2094017094017094,True,False,,0,0,0.0,False,True,False
7B_WT,S,7,2,1,False,9.88043860362484,0,0,0.0,0.0,0,0,3.0003538124694566,10.88230899212111,3,0,0,0,0.0,0.0,0.0,False,False,,0,0,0.0,False,False,True
7B_WT,S,7,2,2,False,11.523588373419106,0,0,0.0,0.0,0,0,3.199938905666794,10.88230899212111,0,0,0,0,0.0,0.0,0.0,False,False,,0,0,0.0,False,False,True
7B_WT,S,7,2,3,False,9.006837902393936,0,0,0.0,0.0,0,0,2.7997190930520155,10.88230899212111,6,0,0,0,0.0,0.0,0.0,False,False,,0,0,0.0,False,False,True
7B_WT,S,7,2,4,False,11.084691831530545,0,0,0.0,0.0,0,0,3.1999392181727453,10.88230899212111,4,0,0,0,0.0,0.0,0.0,False,False,,0,0,0.0,False,False,True
7B_WT,S,7,2,5,False,7.586337060795547,0,0,0.0,0.0,0,0,3.1997127996118655,10.88230899212111,0,0,0,0,0.0,0.0,0.0,False,False,,0,0,0.0,False,False,True
7B_WT,S,7,2,6,False,9.468954588548833,0,0,0.0,0.0,0,0,3.0004502995383877,10.88230899212111,0,0,0,0,0.0,0.0,0.0,False,False,,0,0,0.0,False,False,True
7B_WT,S,8,2,1,False,1.3440930027345575,5,18,1.0,37.25,3,2,3.0003538124694566,1.3440930027345575,0,0,0,0,0.16,0.16721311475409836,0.16170212765957448,True,False,,0,0,0.0,False,True,False
7B_WT,S,8,2,2,False,0.7056160429015202,24,47,9.5,73.25,9,9,3.199938905666794,1.1248671032615365,1,0,0,1,0.18888888888888888,0.1882716049382716,0.18875502008032127,True,False,,0,0,0.0,False,True,False
7B_WT,S,8,2,3,False,0.44500449435932704,33,54,13.25,96.5,10,10,2.7997190930520155,1.6107737271261908,3,0,0,0,0.08333333333333333,0.10954063604240283,0.12072892938496584,True,False,,0,0,0.0,False,True,False
7B_WT,S,8,2,4,False,0.6126809936663614,29,58,13.875,91.625,10,10,3.1999392181727453,1.1183943848213829,0,0,0,0,0.2111111111111111,0.2043343653250774,0.19238476953907815,True,False,,0,0,0.0,False,True,False
7B_WT,S,8,2,5,False,0.3347476661606472,35,53,18.375,97.0,9,15,3.1997127996118655,1.5551324702416833,3,0,0,0,0.11731843575418995,0.11838006230529595,0.1394422310756972,True,False,,0,0,0.0,False,True,False
7B_WT,S,8,2,6,False,0.5029681898490205,34,54,13.5,92.5,8,12,3.0004502995383877,1.5599605764249298,3,0,0,0,0.09580838323353294,0.10666666666666667,0.12393162393162394,True,False,,0,0,0.0,False,True,False
7B_WT,S,9,1,1,False,0.7229204658881914,7,19,3.5,40.875,5,3,3.0003538124694566,0.7229204658881914,1,0,0,1,0.30857142857142855,0.2983606557377049,0.2957446808510638,True,False,,0,0,0.0,False,True,False
7B_WT,S,9,1,2,False,0.2601634101867514,16,28,7.5,57.375,7,5,3.199938905666794,1.0498018860718437,2,0,0,1,0.3,0.30246913580246915,0.2971887550200803,True,False,,0,0,0.0,False,True,False
7B_WT,S,9,1,3,False,0.39324419894004786,29,57,16.625,99.75,10,12,2.7997190930520155,1.3821146840982474,5,0,0,1,0.14102564102564102,0.15901060070671377,0.18906605922551253,True,False,,0,0,0.0,False,True,False
7B_WT,S,9,1,4,False,0.3600027777670615,24,37,11.25,73.375,8,8,3.1999392181727453,0.5277669940418782,1,0,0,1,0.3611111111111111,0.34674922600619196,0.3346693386773547,True,False,,0,0,0.0,False,True,False
7B_WT,S,9,1,5,False,0.5840145546131537,34,56,16.0,100.5,9,14,3.1997127996118655,1.6264479702714132,6,0,0,1,0.1452513966480447,0.16822429906542055,0.199203187250996,True,False,,0,0,0.0,False,True,False
7B_WT,S,9,1,6,False,0.6819838707770148,20,43,9.875,78.0,5,7,3.0004502995383877,1.7628445762460174,5,0,0,1,0.11377245508982035,0.15666666666666668,0.19230769230769232,True,False,,0,0,0.0,False,True,False
7B_WT,S,10,1,1,False,0.6277244618461189,11,17,4.0,44.125,5,4,3.0003538124694566,0.6277244618461189,3,1,1,2,0.32571428571428573,0.34098360655737703,0.3468085106382979,True,True,,0,0,0.0,False,True,False
7B_WT,S,10,1,2,False,0.7934771578312761,20,31,8.375,59.0,6,6,3.199938905666794,1.044274389229191,3,0,1,2,0.3388888888888889,0.3271604938271605,0.3473895582329317,True,True,,0,0,0.0,False,True,False
7B_WT,S,10,1,3,False,0.356547332061257,32,49,12.75,85.75,8,9,2.7997190930520155,0.9190739904926041,4,0,0,1,0.2564102564102564,0.2579505300353357,0.2642369020501139,True,False,,0,0,0.0,False,True,False
7B_WT,S,10,1,4,False,0.39766568873866875,19,38,8.5,70.125,6,6,3.1999392181727453,0.39766568873866875,4,1,1,2,0.3888888888888889,0.38390092879256965,0.38276553106212424,True,True,,0,0,0.0,False,True,False
7B_WT,S,10,1,5,False,0.42019162295314727,35,61,21.625,111.25,10,13,3.1997127996118655,1.6741403764320355,5,0,0,0,0.1564245810055866,0.21495327102803738,0.25298804780876494,True,False,,0,0,0.0,False,True,False
7B_WT,S,10,1,6,False,0.6441785466778606,21,33,7.75,67.5,4,7,3.0004502995383877,1.744509673231994,5,0,0,1,0.12574850299401197,0.2,0.24145299145299146,True,False,,0,0,0.0,False,True,False
7A_F43L,R,1,4,1,True,0.26837287493336565,42,63,20.875,113.875,10,15,3.2001571836395786,1.28284137756778,3,0,0,0,0.1878453038674033,0.20743034055727555,0.20682730923694778,True,False,3.0870662448350537,3,0,0.375,False,True,False
7A_F43L,R,1,4,2,True,0.5014678454297938,15,34,9.875,62.0,6,6,3.2000439059487915,1.2357301485356746,2,0,0,1,0.20555555555555555,0.23529411764705882,0.24254473161033796,True,False,8.549265524008481,0,0,0.0,False,True,False
7A_F43L,R,1,4,3,True,0.6849072929966509,28,51,10.25,80.0,8,7,3.0005099566573676,1.8293553509364993,1,0,0,0,0.13953488372093023,0.16891891891891891,0.20042194092827004,True,False,3.4750437407319064,0,0,0.0,False,True,False
7A_F43L,R,1,4,4,True,0.48622114310260084,12,32,7.75,62.625,4,6,2.9999849999625,1.7919927455210305,2,0,0,0,0.10493827160493827,0.15254237288135594,0.1891304347826087,True,False,3.1712926386569875,3,0,0.125,False,True,False
7A_F43L,R,1,4,5,True,0.28378865375486795,28,47,14.5,87.0,9,12,3.200168120583667,1.2679645105443607,3,0,0,0,0.19230769230769232,0.21052631578947367,0.20883534136546184,True,False,3.989651739187268,0,0,0.0,False,True,False
7A_F43L,R,2,4,1,True,0.6051123862556442,34,64,15.5,96.75,7,10,3.2001571836395786,2.53387199187701,4,0,0,0,0.055248618784530384,0.11145510835913312,0.15060240963855423,True,False,3.429475178507638,0,0,0.0,False,True,False
7A_F43L,R,2,4,2,True,0.6344958628706727,36,54,16.625,98.625,10,12,3.2000439059487915,1.454713030119686,1,0,0,0,0.23333333333333334,0.23839009287925697,0.21669980119284293,True,False,5.587136475870265,0,0,0.0,False,True,False
7A_F43L,R,2,4,3,True,0.3971410328837854,27,51,14.375,92.625,8,11,3.0005099566573676,1.7234413247917675,1,0,0,0,0.11627906976744186,0.13175675675675674,0.16033755274261605,True,False,3.495447610821823,0,0,0.0,False,True,False
7A_F43L,R,2,4,4,True,1.3006698274350796,6,16,1.125,42.625,1,1,2.9999849999625,1.3006698274350796,0,0,0,0,0.20987654320987653,0.2033898305084746,0.18478260869565216,True,False,3.442962096799789,0,0,0.0,False,True,False
7A_F43L,R,2,4,5,True,0.5918564015029324,35,54,10.25,88.375,8,10,3.200168120583667,2.549000999987901,4,0,0,0,0.04945054945054945,0.10835913312693499,0.14859437751004015,True,False,3.8287473147231856,0,0,0.0,False,True,False
7A_F43L,R,3,3,1,True,0.5165326707963395,40,65,21.625,115.0,11,15,3.2001571836395786,2.1651748542969744,1,0,0,1,0.09392265193370165,0.13622291021671826,0.142570281124498,True,False,3.3231030679170934,1,0,0.125,False,True,False
7A_F43L,R,3,3,2,True,0.7539615374805272,20,40,10.75,72.25,7,7,3.2000439059487915,1.4813122560756729,1,0,0,1,0.12777777777777777,0.1393188854489164,0.13916500994035785,True,False,8.084882312068617,0,0,0.0,False,True,False
7A_F43L,R,3,3,3,True,0.33228150715921495,31,47,11.625,82.875,7,10,3.0005099566573676,2.2333118904443245,1,0,0,1,0.0755813953488372,0.10810810810810811,0.12658227848101267,True,False,3.6610656918443834,0,0,0.0,False,True,False
7A_F43L,R,3,3,4,True,0.6611542936410532,15,35,6.5,56.5,5,4,2.9999849999625,1.960992860772318,1,0,0,0,0.07407407407407407,0.1016949152542373,0.11304347826086956,True,False,3.3830957716269285,1,0,0.0,False,True,False
7A_F43L,R,3,3,5,True,0.6914390790228738,29,51,12.375,85.125,8,9,3.200168120583667,2.157008741179475,1,0,0,1,0.09340659340659341,0.1393188854489164,0.14056224899598393,True,False,3.7138408689657125,0,0,0.0,False,True,False
7A_F43L,R,4,3,1,True,0.7240511031688305,37,62,18.75,107.875,11,14,3.2001571836395786,1.474234038407742,3,0,0,0,0.09944751381215469,0.13312693498452013,0.1465863453815261,True,False,3.265245626289085,3,0,0.125,False,True,False
7A_F43L,R,4,3,2,True,0.6422530653877797,22,41,11.5,67.625,8,6,3.2000439059487915,0.6422530653877797,1,0,0,0,0.2722222222222222,0.25077399380804954,0.21868787276341947,True,False,7.520866173520175,0,0,0.0,False,True,False
7A_F43L,R,4,3,3,True,0.47771330314321364,32,55,18.25,93.5,9,12,3.0005099566573676,2.03598649307897,3,0,0,1,0.09883720930232558,0.13851351351351351,0.16877637130801687,True,False,3.492792292707942,0,0,0.0,False,True,False
7A_F43L,R,4,3,4,True,0.5994539181621886,15,28,7.0,61.25,6,5,2.9999849999625,1.178869797730012,1,0,0,0,0.21604938271604937,0.19322033898305085,0.17608695652173914,True,False,3.3830569016793084,2,0,0.0,False,True,False
7A_F43L,R,4,3,5,True,0.6373178171054072,36,57,15.875,97.5,10,13,3.200168120583667,1.462606577313257,3,0,0,0,0.0989010989010989,0.13312693498452013,0.14457831325301204,True,False,3.492792292707942,0,0,0.0,False,True,False
7A_F43L,R,5,3,1,True,0.5386724422132617,31,59,15.875,93.5,10,13,3.2001571836395786,2.4462039980345063,2,0,0,0,0.022099447513812154,0.06191950464396285,0.1144578313253012,True,False,3.3675992932651595,1,0,0.0,False,True,False
7A_F43L,R,5,3,2,True,0.3716745888542831,23,42,10.875,76.5,8,8,3.2000439059487915,0.8995276538272736,0,0,0,0,0.24444444444444444,0.2260061919504644,0.1988071570576541,True,False,6.057308560738837,0,0,0.0,False,True,False
7A_F43L,R,5,3,3,True,0.34627445761996356,26,48,11.875,83.875,7,10,3.0005099566573676,1.851700299724554,1,0,0,0,0.03488372093023256,0.08445945945945946,0.11814345991561181,True,False,3.5781813816518597,0,0,0.0,False,True,False
7A_F43L,R,5,3,4,True,1.062023540228747,19,32,4.5,62.625,6,5,2.9999849999625,1.2877022171294104,0,0,0,0,0.20987654320987653,0.19661016949152543,0.16521739130434782,True,False,3.4580957187446377,0,0,0.0,False,True,False
7A_F43L,R,5,3,5,True,0.5519954709959127,29,47,14.0,88.0,8,12,3.200168120583667,2.460306891426352,2,0,0,0,0.02197802197802198,0.058823529411764705,0.11244979919678715,True,False,3.5781813816518597,0,0,0.0,False,True,False
7A_F43L,R,6,3,1,True,0.6138411846723871,22,51,10.25,80.0,9,8,3.2001571836395786,1.9079533537274966,4,0,1,1,0.15469613259668508,0.20743034055727555,0.23293172690763053,True,True,3.209497156876759,4,0,0.125,False,True,False
7A_F43L,R,6,3,2,True,0.548149614612652,23,35,9.375,61.625,7,4,3.2000439059487915,1.1205877921876528,1,0,0,0,0.29444444444444445,0.30340557275541796,0.2823061630218688,True,False,5.462102342505128,0,0,0.0,False,True,False
7A_F43L,R,6,3,3,True,0.6639359908906884,19,42,7.125,68.875,5,7,3.0005099566573676,1.5839324480545256,2,0,0,1,0.13372093023255813,0.1891891891891892,0.22784810126582278,True,False,3.567067983652681,0,0,0.0,False,True,False
7A_F43L,R,6,3,4,True,0.4890736140909677,17,36,10.375,73.75,7,8,2.9999849999625,1.1212185335606975,1,0,0,0,0.2222222222222222,0.2305084745762712,0.21739130434782608,True,False,3.209497156876759,5,0,0.125,False,True,False
7A_F43L,R,6,3,5,True,0.7954778438146467,25,40,10.75,74.625,6,9,3.200168120583667,1.916838543018165,4,0,1,1,0.15384615384615385,0.20743034055727555,0.23293172690763053,True,True,3.567067983652681,0,0,0.0,False,True,False
7A_F43L,R,7,3,1,True,0.42973945594976415,43,65,19.625,114.375,11,17,3.2001571836395786,2.9156455545899265,1,0,0,0,0.0,0.0,0.006024096385542169,True,False,3.1733643030701657,5,0,0.5,True,True,False
7A_F43L,R,7,3,2,True,0.37101347684417046,26,43,12.25,76.625,8,8,3.2000439059487915,2.341840728999306,0,0,0,0,0.0,0.0,0.0,True,False,6.635011152967265,0,0,0.0,False,True,False
7A_F43L,R,7,3,3,True,0.4951009997970109,26,44,12.125,78.75,8,9,3.0005099566573676,2.9560712102383464,0,0,0,0,0.0,0.0,0.002109704641350211,True,False,3.5189552426821233,0,0,0.0,False,True,False
7A_F43L,R,7,3,4,True,0.8074930340256812,12,25,5.875,45.125,3,6,2.9999849999625,2.726700020170903,0,0,0,0,0.0,0.0,0.002173913043478261,True,False,3.1798309703504684,4,0,0.375,False,True,False
7A_F43L,R,7,3,5,True,0.7546303730966575,29,47,10.25,83.0,8,9,3.200168120583667,2.9116763212967203,1,0,0,0,0.0,0.0,0.006024096385542169,True,False,3.646460475584509,0,0,0.0,False,True,False
7A_F43L,R,8,2,1,True,0.48624376602687674,26,49,11.5,86.5,9,8,3.2001571836395786,2.8565150095877314,3,0,0,0,0.011049723756906077,0.058823529411764705,0.10441767068273092,True,False,3.3414692876038825,1,0,0.0,False,True,False
7A_F43L,R,8,2,2,True,0.621935687993542,30,53,15.25,92.375,11,11,3.2000439059487915,1.2881867100696236,1,0,0,1,0.2,0.20123839009287925,0.18290258449304175,True,False,5.37131957716165,0,0,0.0,False,True,False
7A_F43L,R,8,2,3,True,0.7195394360283536,24,47,11.625,83.0,7,11,3.0005099566573676,2.1514120944161306,1,0,0,0,0.06976744186046512,0.10472972972972973,0.12869198312236288,True,False,3.683588603522386,0,0,0.0,False,True,False
7A_F43L,R,8,2,4,True,1.1279742904871544,8,18,2.5,50.625,3,2,2.9999849999625,1.1279742904871544,0,0,0,0,0.18518518518518517,0.1694915254237288,0.15,True,False,3.0937879694639707,2,0,0.0,False,True,False
7A_F43L,R,8,2,5,True,0.36624035823486195,36,57,15.5,94.375,7,12,3.200168120583667,2.8693347661086874,4,0,0,0,0.01098901098901099,0.05572755417956656,0.10240963855421686,True,False,3.5100373217389014,0,0,0.0,False,True,False
7A_F43L,R,9,1,1,True,0.499937996155524,28,43,7.875,74.25,8,8,3.2001571836395786,1.4029208815895498,5,0,0,0,0.19337016574585636,0.23529411764705882,0.25100401606425704,True,False,3.054760219722654,3,0,0.75,True,True,False
7A_F43L,R,9,1,2,True,0.4609099695168243,14,24,7.625,50.75,5,5,3.2000439059487915,1.0998995408672556,1,0,0,0,0.3611111111111111,0.3560371517027864,0.3359840954274354,True,False,5.6421745807800034,0,0,0.0,False,True,False
7A_F43L,R,9,1,3,True,0.4878011890104411,27,43,12.5,76.375,7,8,3.0005099566573676,1.4089155404068765,3,0,0,1,0.19767441860465115,0.21621621621621623,0.2489451476793249,True,False,3.0583318982739605,1,0,0.5,True,True,False
7A_F43L,R,9,1,4,True,0.7232081304852704,23,41,7.25,70.125,9,7,2.9999849999625,1.4234008571024537,1,0,0,0,0.2716049382716049,0.28135593220338984,0.26956521739130435,True,False,3.1398085928922486,3,0,0.125,False,True,False
7A_F43L,R,9,1,5,True,0.7765159367327882,32,39,8.25,76.875,8,8,3.200168120583667,1.3990100071121718,6,0,0,1,0.19230769230769232,0.23839009287925697,0.25100401606425704,True,False,3.0583318982739605,1,0,0.625,True,True,False
7A_F43L,R,10,1,1,True,0.31569288873840645,34,51,12.75,90.875,9,13,3.2001571836395786,2.4122298812509557,3,0,0,0,0.0,0.015479876160990712,0.03815261044176707,True,False,3.1258437261002037,4,0,0.375,False,True,False
7A_F43L,R,10,1,2,True,0.7371872218100366,24,49,11.25,79.75,7,8,3.2000439059487915,1.8095198258101508,1,0,0,0,0.016666666666666666,0.030959752321981424,0.033797216699801194,True,False,4.864276102360967,0,0,0.0,False,True,False
7A_F43L,R,10,1,3,True,0.6374276429525163,23,38,7.625,65.625,7,6,3.0005099566573676,2.159992824062154,0,0,0,0,0.005813953488372093,0.010135135135135136,0.029535864978902954,True,False,3.520483489522427,0,0,0.0,False,True,False
7A_F43L,R,10,1,4,True,0.857506851284584,10,30,4.75,64.125,2,5,2.9999849999625,1.883227283149859,0,0,0,0,0.0,0.003389830508474576,0.006521739130434782,True,False,3.1258437261002037,5,0,0.375,False,True,False
7A_F43L,R,10,1,5,True,0.4746935853790317,25,44,11.375,75.75,8,8,3.200168120583667,2.4218858354596318,3,0,0,0,0.0,0.015479876160990712,0.03614457831325301,True,False,3.520483489522427,0,0,0.0,False,True,False
7A_F43L,S,1,5,1,True,0.42586500208399386,43,62,22.0,115.25,10,16,3.2001571836395786,1.3397197468127429,3,0,0,0,0.1712707182320442,0.20123839009287925,0.20883534136546184,True,False,3.1713437215161653,3,0,0.25,False,True,False
7A_F43L,S,1,5,2,True,0.7093412436902281,18,39,9.625,62.75,6,7,3.2000439059487915,1.0884511932098744,2,0,0,1,0.21666666666666667,0.23529411764705882,0.23856858846918488,True,False,8.352082614533934,0,0,0.0,False,True,False
7A_F43L,S,1,5,3,True,0.6585985119934604,30,52,10.875,82.75,9,8,3.0005099566573676,1.7273531775522923,1,0,0,0,0.12790697674418605,0.15878378378378377,0.19831223628691982,True,False,3.5793359719366933,0,0,0.0,False,True,False
7A_F43L,S,1,5,4,True,0.5604016416821065,15,31,7.75,62.375,5,6,2.9999849999625,1.6400307923938497,2,0,0,0,0.11728395061728394,0.16610169491525423,0.1956521739130435,True,False,3.2354786353799336,3,0,0.25,False,True,False
7A_F43L,S,1,5,5,True,0.3760651539294759,32,53,15.25,91.625,9,12,3.200168120583667,1.3250399993962445,3,0,0,0,0.17582417582417584,0.2043343653250774,0.21084337349397592,True,False,3.9157316046940704,0,0,0.0,False,True,False
7A_F43L,S,2,4,1,True,0.5494588246629593,32,54,15.25,92.25,10,12,3.2001571836395786,2.352167936181428,4,0,0,0,0.022099447513812154,0.07120743034055728,0.12048192771084337,True,False,3.2626624097506625,1,0,0.0,False,True,False
7A_F43L,S,2,4,2,True,0.3722848371878717,19,36,10.875,72.375,7,7,3.2000439059487915,0.8143181196559488,0,0,0,0,0.25,0.24148606811145512,0.21272365805168986,True,False,5.989569350128606,0,0,0.0,False,True,False
7A_F43L,S,2,4,3,True,0.22221161085775842,26,47,11.125,82.25,7,10,3.0005099566573676,1.740498204538,1,0,0,0,0.05232558139534884,0.0945945945945946,0.13291139240506328,True,False,3.4313102453727513,0,0,0.0,False,True,False
7A_F43L,S,2,4,4,True,1.020840340112008,18,33,4.0,65.25,7,7,2.9999849999625,1.2049269687412594,0,0,0,0,0.20987654320987653,0.19661016949152543,0.1782608695652174,True,False,3.3861014456155916,1,0,0.0,False,True,False
7A_F43L,S,2,4,5,True,0.45255275935519423,29,45,15.25,87.25,8,11,3.200168120583667,2.36616187104771,4,0,0,0,0.02197802197802198,0.06811145510835913,0.11847389558232932,True,False,3.4313102453727513,0,0,0.0,False,True,False
7A_F43L,S,3,3,1,True,0.47584241088831075,39,65,22.0,116.125,11,15,3.2001571836395786,2.144400429605901,1,0,0,1,0.10497237569060773,0.14241486068111456,0.15261044176706828,True,False,3.291472618752889,2,0,0.0,False,True,False
7A_F43L,S,3,3,2,True,0.6601833078774424,21,40,11.625,72.75,7,7,3.2000439059487915,1.3709274233160558,1,0,0,1,0.15,0.15479876160990713,0.147117296222664,True,False,8.0624516122579,0,0,0.0,False,True,False
7A_F43L,S,3,3,3,True,0.30520976393293847,32,47,12.375,86.75,7,11,3.0005099566573676,2.142916003953492,1,0,0,1,0.08139534883720931,0.11824324324324324,0.1350210970464135,True,False,3.597938854399835,0,0,0.0,False,True,False
7A_F43L,S,3,3,4,True,0.6504321640263498,14,33,7.25,56.625,5,4,2.9999849999625,1.8502348499582424,1,0,0,0,0.09876543209876543,0.11864406779661017,0.12391304347826088,True,False,3.3477128013018085,2,0,0.0,False,True,False
7A_F43L,S,3,3,5,True,0.6970243898171717,29,52,12.0,88.375,8,9,3.200168120583667,2.1361561619455673,1,0,0,1,0.1043956043956044,0.14551083591331268,0.15060240963855423,True,False,3.7007728922483207,0,0,0.0,False,True,False
7A_F43L,S,4,3,1,True,0.5959437892956013,39,63,19.875,107.0,11,14,3.2001571836395786,1.4753216598423544,3,0,0,0,0.09944751381215469,0.13003095975232198,0.14056224899598393,True,False,3.291461377564683,4,0,0.125,False,True,False
7A_F43L,S,4,3,2,True,0.680195560114884,20,39,11.0,66.0,7,6,3.2000439059487915,0.7076256072246112,1,0,0,0,0.2388888888888889,0.2260061919504644,0.20675944333996024,True,False,7.7426952671534215,0,0,0.0,False,True,False
7A_F43L,S,4,3,3,True,0.6036505611692905,31,55,18.0,92.625,9,12,3.0005099566573676,1.981162537501656,3,0,0,1,0.0872093023255814,0.12837837837837837,0.1518987341772152,True,False,3.2948951424893647,1,0,0.0,False,True,False
7A_F43L,S,4,3,4,True,0.6660593066687077,15,30,5.75,59.5,6,5,2.9999849999625,1.237358880842579,1,0,0,0,0.1728395061728395,0.1694915254237288,0.1608695652173913,True,False,3.3255464212667363,3,0,0.0,False,True,False
7A_F43L,S,4,3,5,True,0.7322301550742084,34,61,16.25,96.75,10,13,3.200168120583667,1.4625929030321458,3,0,0,0,0.0989010989010989,0.13003095975232198,0.13855421686746988,True,False,3.2948951424893647,1,0,0.0,False,True,False
7A_F43L,S,5,3,1,True,0.5115662224971459,32,58,15.0,94.5,8,11,3.2001571836395786,2.5561835433804037,5,0,0,0,0.06629834254143646,0.14860681114551083,0.19076305220883535,True,False,3.389043965486432,1,0,0.0,False,True,False
7A_F43L,S,5,3,2,True,0.614516069765469,35,53,18.125,98.25,11,13,3.2000439059487915,1.1149551560488877,2,0,1,1,0.31666666666666665,0.3157894736842105,0.2882703777335984,True,True,5.4899181232510195,0,0,0.0,False,True,False
7A_F43L,S,5,3,3,True,0.527554736496603,28,52,14.375,92.75,8,10,3.0005099566573676,1.7561232872438084,2,0,0,0,0.13372093023255813,0.16891891891891891,0.20464135021097046,True,False,3.5712023185476354,0,0,0.0,False,True,False
7A_F43L,S,5,3,4,True,1.4155461843401644,5,17,1.5,41.5,4,2,2.9999849999625,1.4155461843401644,0,0,0,0,0.2654320987654321,0.2677966101694915,0.24782608695652175,True,False,3.3940437534009487,1,0,0.0,False,True,False
7A_F43L,S,5,3,5,True,0.6329723532667121,33,54,13.0,89.125,8,10,3.200168120583667,2.571355200247708,5,0,0,0,0.06043956043956044,0.14551083591331268,0.18875502008032127,True,False,3.5712023185476354,0,0,0.0,False,True,False
7A_F43L,S,6,3,1,True,0.3870568433705832,43,63,22.875,117.625,10,16,3.2001571836395786,1.6659018578535771,1,0,0,0,0.13812154696132597,0.17337461300309598,0.1827309236947791,True,False,3.1916553698668655,3,0,0.125,False,True,False
7A_F43L,S,6,3,2,True,0.8953691975939311,23,40,7.875,65.375,7,8,3.2000439059487915,1.6033820505419163,1,0,0,0,0.1388888888888889,0.17337461300309598,0.1848906560636183,True,False,7.992528198261174,0,0,0.0,False,True,False
7A_F43L,S,6,3,3,True,0.5203518040710532,32,53,16.625,91.75,10,11,3.0005099566573676,2.1969881555811646,2,0,0,1,0.08139534883720931,0.12837837837837837,0.16877637130801687,True,False,3.6648096812795057,0,0,0.0,False,True,False
7A_F43L,S,6,3,4,True,0.47219275725068055,13,25,7.375,57.375,3,5,2.9999849999625,1.8468159085301379,2,0,0,0,0.06172839506172839,0.11864406779661017,0.14782608695652175,True,False,3.1916553698668655,3,0,0.0,False,True,False
7A_F43L,S,6,3,5,True,0.8634239978133577,33,50,10.75,87.25,9,12,3.200168120583667,1.6506207923081544,1,0,0,0,0.14285714285714285,0.17647058823529413,0.1827309236947791,True,False,3.765032403579018,0,0,0.0,False,True,False
7A_F43L,S,7,2,1,True,0.47483997304355074,32,55,14.75,96.25,9,10,3.2001571836395786,1.7678082475200756,4,0,0,2,0.14917127071823205,0.20123839009287925,0.23293172690763053,True,False,3.1556802753130735,3,0,0.375,False,True,False
7A_F43L,S,7,2,2,True,0.46768044645890416,24,38,14.0,74.625,8,8,3.2000439059487915,0.6989041422112195,2,0,0,2,0.37222222222222223,0.3622291021671827,0.3399602385685885,True,False,5.396346727184976,0,0,0.0,False,True,False
7A_F43L,S,7,2,3,True,0.609664661924898,21,41,8.0,72.375,5,7,3.0005099566573676,1.601794306395175,3,0,0,1,0.1511627906976744,0.18243243243243243,0.22573839662447256,True,False,3.268825324179927,1,0,0.0,False,True,False
7A_F43L,S,7,2,4,True,0.3947708195903035,17,34,8.75,68.25,5,6,2.9999849999625,0.9223990459665491,2,0,0,0,0.2654320987654321,0.2711864406779661,0.26304347826086955,True,False,3.1556802753130735,3,0,0.5,True,True,False
7A_F43L,S,7,2,5,True,0.7881129360694435,22,46,11.5,78.875,6,10,3.200168120583667,1.7744063796098122,4,0,0,2,0.14835164835164835,0.20123839009287925,0.23293172690763053,True,False,3.268825324179927,1,0,0.0,False,True,False
7A_F43L,S,8,2,1,True,0.5146163619629673,25,41,10.75,75.75,8,8,3.2001571836395786,2.238952880254518,4,0,0,0,0.04419889502762431,0.09287925696594428,0.13052208835341367,True,False,3.1227702445104732,4,0,0.125,False,True,False
7A_F43L,S,8,2,2,True,0.19066724941635854,24,42,14.0,81.375,8,9,3.2000439059487915,0.5652839994197612,1,0,0,0,0.26666666666666666,0.20123839009287925,0.1610337972166998,True,False,4.544135891453951,0,0,0.0,False,True,False
7A_F43L,S,8,2,3,True,0.6876721602624325,22,36,7.375,68.0,5,6,3.0005099566573676,1.7614885750410085,1,0,0,1,0.0755813953488372,0.10810810810810811,0.1350210970464135,True,False,3.604487758336821,0,0,0.0,False,True,False
7A_F43L,S,8,2,4,True,0.7139810921866218,18,37,6.5,74.875,5,7,2.9999849999625,1.0727278312787454,0,0,0,0,0.17901234567901234,0.17627118644067796,0.14347826086956522,True,False,3.1227702445104732,4,0,0.0,False,True,False
7A_F43L,S,8,2,5,True,0.7583706217938563,19,44,10.0,70.125,6,6,3.200168120583667,2.250311533988128,4,0,0,0,0.04395604395604396,0.08978328173374613,0.1285140562248996,True,False,3.604487758336821,0,0,0.0,False,True,False
7A_F43L,S,9,2,1,True,0.7985900074506314,22,48,8.25,76.0,8,7,3.2001571836395786,1.863584181087616,4,0,0,0,0.14917127071823205,0.19504643962848298,0.20682730923694778,True,False,3.3596544465167844,3,0,0.0,False,True,False
7A_F43L,S,9,2,2,True,0.3120897306865448,21,35,9.0,62.25,6,5,3.2000439059487915,1.3263321605088225,1,0,0,0,0.25,0.2693498452012384,0.25646123260437376,True,False,5.285708750962353,0,0,0.0,False,True,False
7A_F43L,S,9,2,3,True,0.6189943456930767,16,41,7.75,68.625,5,7,3.0005099566573676,1.5480587844135634,2,0,0,1,0.12790697674418605,0.17229729729729729,0.20253164556962025,True,False,3.401524511156726,0,0,0.0,False,True,False
7A_F43L,S,9,2,4,True,0.622286911319851,17,36,8.5,72.125,7,6,2.9999849999625,1.1300699093418953,1,0,0,0,0.17901234567901234,0.20677966101694914,0.1934782608695652,True,False,3.0136238982328236,4,0,0.625,True,True,False
7A_F43L,S,9,2,5,True,0.6076429872877664,20,42,10.625,72.375,6,8,3.200168120583667,1.8499475668245304,4,0,0,0,0.14835164835164835,0.19504643962848298,0.20682730923694778,True,False,3.401524511156726,0,0,0.0,False,True,False
7A_F199G,R,1,5,1,True,0.39370293369493714,35,58,16.375,108.0,9,12,3.2002940489898735,0.39370293369493714,1,0,0,0,0.34782608695652173,0.27469135802469136,0.21936758893280633,True,False,2.9642101814817376,5,0,0.875,True,True,False
7A_F199G,R,1,5,2,True,0.42865020704532586,30,50,15.75,92.875,9,12,3.2001651519882537,1.2302434718379935,3,0,0,1,0.21428571428571427,0.20743034055727555,0.19238476953907815,True,False,2.952855397746391,2,0,0.5,True,True,False
7A_F199G,R,1,5,3,True,0.6139022723528559,20,41,8.75,75.25,6,9,3.000028166534441,1.8909011079376943,5,0,0,1,0.10465116279069768,0.13131313131313133,0.1540084388185654,True,False,3.31880339881711,1,0,0.0,False,True,False
7A_F199G,R,1,5,4,True,0.5065678631733362,17,35,9.0,59.5,5,4,2.9999849999625,2.3105378161804664,3,0,0,1,0.06790123456790123,0.12203389830508475,0.1565217391304348,True,False,2.9642101814817376,5,0,0.875,True,True,False
7A_F199G,R,1,5,5,True,0.7501339880314716,24,45,10.375,87.75,7,9,2.8002210627020143,1.4526740859532121,1,0,0,1,0.13836477987421383,0.13541666666666666,0.13870246085011187,True,False,3.0841434791526807,1,0,0.25,False,True,False
7A_F199G,R,2,3,1,True,0.4770377343565184,40,62,19.0,114.125,10,13,3.2002940489898735,0.994569756226279,2,0,0,1,0.28804347826086957,0.2623456790123457,0.25296442687747034,True,False,3.100477543863203,8,0,0.75,True,True,False
7A_F199G,R,2,3,2,True,0.8541200149861846,24,38,9.25,76.0,7,8,3.2001651519882537,0.9157368617676152,3,0,0,0,0.24725274725274726,0.23839009287925697,0.22444889779559118,True,False,3.29877158954663,1,0,0.125,False,True,False
7A_F199G,R,2,3,3,True,0.5184708284947189,28,46,12.0,78.75,7,12,3.000028166534441,1.6992651352864274,3,0,0,0,0.13953488372093023,0.16835016835016836,0.20675105485232068,True,False,3.2748328201604426,2,0,0.125,False,True,False
7A_F199G,R,2,3,4,True,0.5233660287026661,18,31,8.25,64.125,6,5,2.9999849999625,1.4147639379062502,1,0,0,0,0.22839506172839505,0.26101694915254237,0.26956521739130435,True,False,3.100477543863203,6,0,0.625,True,True,False
7A_F199G,R,2,3,5,True,0.7221710323739109,27,47,12.375,89.5,8,8,2.8002210627020143,0.9043102343775615,1,0,0,0,0.2578616352201258,0.24305555555555555,0.2348993288590604,True,False,3.277101463183586,3,0,0.0,False,True,False
7A_F199G,R,3,3,1,True,0.46664440423088754,32,53,14.25,96.125,9,13,3.2002940489898735,0.6561714714920176,3,0,0,1,0.31521739130434784,0.30864197530864196,0.29446640316205536,True,False,3.0803633456632995,4,0,0.375,False,True,False
7A_F199G,R,3,3,2,True,0.6968220719810758,37,49,15.25,98.125,10,13,3.2001651519882537,1.8477429474902616,5,0,0,1,0.15384615384615385,0.19504643962848298,0.218436873747495,True,False,3.534510008473593,0,0,0.0,False,True,False
7A_F199G,R,3,3,3,True,1.1790241727801851,22,37,6.25,64.625,6,9,3.000028166534441,2.099176505203886,5,0,0,0,0.06395348837209303,0.11784511784511785,0.17088607594936708,True,False,3.563920734247607,0,0,0.0,False,True,False
7A_F199G,R,3,3,4,True,0.8824743622338275,12,27,5.0,50.75,3,5,2.9999849999625,2.2799287269561743,3,0,0,1,0.08641975308641975,0.14576271186440679,0.2,True,False,3.2041707195466342,3,0,0.5,True,True,False
7A_F199G,R,3,3,5,True,0.6248311771990895,27,40,10.25,80.375,8,10,2.8002210627020143,1.200588605643082,2,0,0,1,0.2578616352201258,0.25,0.2595078299776286,True,False,3.532389134849104,0,0,0.0,False,True,False
7A_F199G,R,4,3,1,True,0.610119660394582,35,61,14.125,99.75,10,12,3.2002940489898735,1.024081051479813,2,0,0,1,0.33695652173913043,0.32098765432098764,0.2766798418972332,True,False,2.93844601788088,5,0,1.375,True,True,False
7A_F199G,R,4,3,2,True,0.28346075566116713,36,60,21.25,110.625,10,13,3.2001651519882537,1.4455839650466522,4,0,0,0,0.21978021978021978,0.22291021671826625,0.22444889779559118,True,False,3.0971401324447694,2,0,0.375,False,True,False
7A_F199G,R,4,3,3,True,0.9027574425060151,22,37,9.125,68.25,6,10,3.000028166534441,2.1626363540826734,5,0,0,1,0.11627906976744186,0.13468013468013468,0.1751054852320675,True,False,3.181809076610349,1,0,0.125,False,True,False
7A_F199G,R,4,3,4,True,0.763017037817636,9,21,4.75,41.125,3,4,2.9999849999625,2.2158397956531064,2,0,0,0,0.06172839506172839,0.12203389830508475,0.16956521739130434,True,False,2.93844601788088,4,0,1.0,True,True,False
7A_F199G,R,4,3,5,True,0.5675702599678734,29,48,13.125,85.25,9,11,2.8002210627020143,1.4885993416631622,1,0,0,0,0.18867924528301888,0.1909722222222222,0.20134228187919462,True,False,3.1922175677732247,2,0,0.25,False,True,False
7A_F199G,R,5,3,1,True,0.6258546157055963,37,58,10.625,100.625,10,13,3.2002940489898735,1.2933367697548848,2,0,1,1,0.29891304347826086,0.2808641975308642,0.25691699604743085,True,True,3.1307791362534667,7,0,0.5,True,True,False
7A_F199G,R,5,3,2,True,0.4389327966784899,33,60,20.875,106.0,10,13,3.2001651519882537,0.826018764920023,3,0,0,0,0.25274725274725274,0.24458204334365324,0.21042084168336672,True,False,3.466169932360501,0,0,0.0,False,True,False
7A_F199G,R,5,3,3,True,0.4840537160274673,25,40,10.0,81.75,7,10,3.000028166534441,1.589529175573698,3,0,0,0,0.13372093023255813,0.16161616161616163,0.17721518987341772,True,False,3.137012751010107,1,0,0.25,False,True,False
7A_F199G,R,5,3,4,True,0.7830561921088423,15,26,5.125,48.75,3,5,2.9999849999625,1.9856278604008355,2,0,0,1,0.1111111111111111,0.16271186440677965,0.1891304347826087,True,False,3.1309873841968763,3,0,0.375,False,True,False
7A_F199G,R,5,3,5,True,0.2612221276997795,30,43,12.0,88.625,7,10,2.8002210627020143,1.0544775957790664,1,0,0,0,0.2138364779874214,0.17708333333333334,0.16778523489932887,True,False,3.145661297724216,2,0,0.125,False,True,False
7A_F199G,R,6,3,1,True,0.8490547685514745,10,15,3.0,31.375,4,3,3.2002940489898735,6.828059241102116,4,0,0,0,0.0,0.0,0.0,True,False,3.3031260051094975,3,0,0.0,False,True,False
7A_F199G,R,6,3,2,True,1.1788553770501284,6,10,1.75,22.125,3,3,3.2001651519882537,7.378225050947128,5,0,0,0,0.0,0.0,0.0,True,False,3.3135354230791005,2,0,0.0,False,True,False
7A_F199G,R,6,3,3,True,0.5879804418515978,10,13,6.25,32.375,3,3,3.000028166534441,7.467254744161501,5,0,0,0,0.0,0.0,0.0,True,False,8.853665963881854,0,0,0.0,False,True,False
7A_F199G,R,6,3,4,True,5.521076072651055,0,0,0.0,0.0,0,0,2.9999849999625,5.521076072651055,0,0,0,0,0.0,0.0,0.0,False,False,3.547106144450712,0,0,0.0,False,False,True
7A_F199G,R,6,3,5,True,0.7285300268348586,10,15,3.625,30.25,3,4,2.8002210627020143,5.34725845644289,0,0,0,0,0.0,0.0,0.0,True,False,3.5422017164469897,0,0,0.0,False,True,False
7A_F199G,R,7,2,1,True,0.38890230135600906,33,52,10.875,91.125,10,9,3.2002940489898735,0.38890230135600906,2,1,1,2,0.43478260869565216,0.404320987654321,0.3616600790513834,True,True,2.967957715332211,3,0,0.625,True,True,False
7A_F199G,R,7,2,2,True,0.6319659800970301,35,62,17.125,104.75,10,14,3.2001651519882537,1.0710910325457872,5,0,1,2,0.26373626373626374,0.2631578947368421,0.2685370741482966,True,True,3.2618562200072523,2,0,0.125,False,True,False
7A_F199G,R,7,2,3,True,0.8364119798281224,21,33,8.375,66.0,5,9,3.000028166534441,1.7814162904835018,5,0,0,1,0.13953488372093023,0.18181818181818182,0.2109704641350211,True,False,3.4515473341676777,0,0,0.0,False,True,False
7A_F199G,R,7,2,4,True,0.5690483283518194,10,27,6.0,43.625,4,3,2.9999849999625,2.1651297882575076,4,0,0,0,0.09876543209876543,0.15254237288135594,0.20652173913043478,True,False,2.967957715332211,1,0,0.5,True,True,False
7A_F199G,R,7,2,5,True,0.6807348970046997,19,41,7.5,70.125,7,6,2.8002210627020143,1.3475537095047458,3,0,0,2,0.2138364779874214,0.23958333333333334,0.26174496644295303,True,False,3.3934693162013416,1,0,0.0,False,True,False
7A_F199G,R,8,2,1,True,0.7593931787947532,17,30,8.875,63.0,5,7,3.2002940489898735,4.80425082609141,1,0,0,0,0.0,0.0,0.0,True,False,3.1947093764535146,3,0,0.125,False,True,False
7A_F199G,R,8,2,2,True,0.38943677278860017,16,31,8.5,54.75,5,7,3.2001651519882537,5.221310371927721,7,0,0,0,0.0,0.0,0.0,True,False,3.3024253208816097,1,0,0.0,False,True,False
7A_F199G,R,8,2,3,True,0.7434688964576798,18,32,10.375,58.125,7,6,3.000028166534441,5.241987600137948,7,0,0,0,0.0,0.0,0.0,True,False,6.592935158182583,0,0,0.0,False,True,False
7A_F199G,R,8,2,4,True,3.4980092910111034,0,0,0.0,0.0,0,0,2.9999849999625,3.4980092910111034,0,0,0,0,0.0,0.0,0.0,False,False,3.2964335273140275,1,0,0.0,False,False,True
7A_F199G,R,8,2,5,True,0.7790327335869781,24,35,8.875,66.25,7,7,2.8002210627020143,3.7069549498206755,0,0,0,0,0.0,0.0,0.0,True,False,3.2967637161313212,1,0,0.25,False,True,False
7A_F199G,R,9,1,1,True,6.607809394950795,0,0,0.0,0.0,0,0,3.2002940489898735,10.836044135989543,9,0,0,0,0.0,0.0,0.0,False,False,3.660678898783666,0,0,0.0,False,False,True
7A_F199G,R,9,1,2,True,7.565187439845757,0,0,0.0,0.0,0,0,3.2001651519882537,11.086170709492075,0,0,0,0,0.0,0.0,0.0,False,False,6.238348018506182,0,0,0.0,False,False,True
7A_F199G,R,9,1,3,True,8.83011817587964,0,0,0.0,0.0,0,0,3.000028166534441,11.086170709492075,0,0,0,0,0.0,0.0,0.0,False,False,12.054854997054091,0,0,0.0,False,False,True
7A_F199G,R,9,1,4,True,11.097048661693792,0,0,0.0,0.0,0,0,2.9999849999625,10.992700296616523,5,0,0,0,0.0,0.0,0.0,False,False,7.315230481673152,0,0,0.0,False,False,True
7A_F199G,R,9,1,5,True,7.223790833073726,0,0,0.0,0.0,0,0,2.8002210627020143,9.992714596144532,2,0,0,0,0.0,0.0,0.0,False,False,8.511881460640767,0,0,0.0,False,False,True
7A_F199G,S,1,3,1,True,0.3394318782907694,38,61,18.75,112.75,10,13,3.2002940489898735,1.0716687921181618,2,0,0,1,0.266304347826087,0.24382716049382716,0.2391304347826087,True,False,3.033300677479896,8,0,0.625,True,True,False
7A_F199G,S,1,3,2,True,0.7875461891216288,26,38,9.375,75.625,7,8,3.2001651519882537,0.9496931083250001,3,0,0,0,0.21428571428571427,0.21052631578947367,0.20240480961923848,True,False,3.2397370263649483,1,0,0.0,False,True,False
7A_F199G,S,1,3,3,True,0.5056421659632434,27,45,12.75,78.625,6,11,3.000028166534441,1.7321861909159768,3,0,0,0,0.12790697674418605,0.14814814814814814,0.18354430379746836,True,False,3.270524269899247,1,0,0.125,False,True,False
7A_F199G,S,1,3,4,True,0.610918161458636,18,31,7.125,63.625,5,6,2.9999849999625,1.5647242568580577,1,0,0,0,0.19135802469135801,0.2271186440677966,0.24347826086956523,True,False,3.033300677479896,6,0,0.5,True,True,False
7A_F199G,S,1,3,5,True,0.7148048684781044,31,46,12.0,87.75,8,8,2.8002210627020143,0.9426080839882505,1,0,0,0,0.24528301886792453,0.22916666666666666,0.21700223713646533,True,False,3.279829721189806,2,0,0.0,False,True,False
7A_F199G,S,2,3,1,True,0.41117636118823825,38,62,15.5,110.125,10,13,3.2002940489898735,0.4661383914675982,0,0,0,0,0.32608695652173914,0.25308641975308643,0.1976284584980237,True,False,3.326282008489358,6,0,0.0,False,True,False
7A_F199G,S,2,3,2,True,0.5637206755122611,30,50,17.0,92.25,8,11,3.2001651519882537,1.2310560507141826,3,0,0,1,0.21428571428571427,0.20123839009287925,0.18036072144288579,True,False,3.307200326560216,2,0,0.0,False,True,False
7A_F199G,S,2,3,3,True,0.5160862331045075,27,48,10.75,90.125,8,13,3.000028166534441,1.8605512623951,3,0,0,1,0.11627906976744186,0.13131313131313133,0.14978902953586498,True,False,3.3342661861345144,2,0,0.125,False,True,False
7A_F199G,S,2,3,4,True,0.4601108562075011,14,39,9.0,59.625,4,4,2.9999849999625,2.2871421031496926,2,0,0,0,0.07407407407407407,0.11864406779661017,0.1391304347826087,True,False,3.2379978381709895,5,0,0.125,False,True,False
7A_F199G,S,2,3,5,True,0.5072129730202098,25,49,12.375,93.0,9,10,2.8002210627020143,1.4860285999939569,1,0,0,1,0.13836477987421383,0.1284722222222222,0.1342281879194631,True,False,3.3342661861345144,2,0,0.0,False,True,False
7A_F199G,S,3,3,1,True,0.7290678980726011,30,56,13.0,94.375,9,12,3.2002940489898735,1.0638148335119229,1,0,0,1,0.3532608695652174,0.33641975308641975,0.29446640316205536,True,False,2.992040273793118,6,0,0.875,True,True,False
7A_F199G,S,3,3,2,True,0.31584489864488846,36,59,23.125,113.125,10,16,3.2001651519882537,1.513827599167091,3,0,0,0,0.23076923076923078,0.23839009287925697,0.23647294589178355,True,False,3.421263892913816,0,0,0.0,False,True,False
7A_F199G,S,3,3,3,True,0.7396681688433001,26,40,11.25,73.25,6,11,3.000028166534441,2.109815631755533,5,0,0,1,0.11627906976744186,0.15151515151515152,0.1877637130801688,True,False,3.1340633369477393,1,0,0.25,False,True,False
7A_F199G,S,3,3,4,True,0.8277324446945403,10,24,5.625,42.75,3,4,2.9999849999625,2.202965955252146,2,0,0,0,0.07407407407407407,0.13220338983050847,0.17608695652173914,True,False,2.992040273793118,4,0,0.75,True,True,False
7A_F199G,S,3,3,5,True,0.2838203657245193,27,49,12.75,86.0,9,10,2.8002210627020143,1.5084730690337165,1,0,0,0,0.18867924528301888,0.1909722222222222,0.19910514541387025,True,False,3.144665801003343,3,0,0.125,False,True,False
7A_F199G,S,4,3,1,True,0.3630606010020916,33,53,14.375,96.0,9,14,3.2002940489898735,0.7226541358077182,3,0,0,1,0.3423913043478261,0.3425925925925926,0.3142292490118577,True,False,3.178688094167151,6,0,0.125,False,True,False
7A_F199G,S,4,3,2,True,0.7267571809070761,34,50,15.5,98.875,9,13,3.2001651519882537,1.7910762127838116,5,0,0,1,0.17032967032967034,0.20743034055727555,0.23246492985971945,True,False,3.4937995076993182,0,0,0.0,False,True,False
7A_F199G,S,4,3,3,True,1.0276619093845993,21,35,5.625,63.75,6,9,3.000028166534441,2.1623103385037035,6,0,0,0,0.0755813953488372,0.12794612794612795,0.17721518987341772,True,False,3.519301777341637,0,0,0.0,False,True,False
7A_F199G,S,4,3,4,True,0.8068388934601508,14,28,4.875,51.75,4,5,2.9999849999625,2.325701755342148,4,0,0,2,0.08641975308641975,0.1423728813559322,0.19782608695652174,True,False,3.178688094167151,4,0,0.125,False,True,False
7A_F199G,S,4,3,5,True,0.7282094478925695,26,39,9.75,78.5,8,10,2.8002210627020143,1.1957997323966918,2,0,0,1,0.2578616352201258,0.25,0.2595078299776286,True,False,3.3762686504483024,1,0,0.0,False,True,False
7A_F199G,S,5,3,1,True,0.6397546404677344,35,59,11.875,99.625,10,10,3.2002940489898735,1.1391900631589091,3,0,1,1,0.28804347826086957,0.2623456790123457,0.23517786561264822,True,True,3.10906095147715,7,0,0.5,True,True,False
7A_F199G,S,5,3,2,True,0.4363759846737675,37,62,23.5,110.625,10,15,3.2001651519882537,1.5522992623846732,3,0,0,0,0.17032967032967034,0.19195046439628483,0.18837675350701402,True,False,3.504913978972951,0,0,0.0,False,True,False
7A_F199G,S,5,3,3,True,0.6210120771772478,20,39,8.75,72.75,5,11,3.000028166534441,1.8762955524117195,3,0,0,0,0.06395348837209303,0.11447811447811448,0.14767932489451477,True,False,3.182885169150782,2,0,0.0,False,True,False
7A_F199G,S,5,3,4,True,0.3195324709634377,12,25,7.625,47.125,3,5,2.9999849999625,2.2857001115631945,3,0,0,1,0.06790123456790123,0.11864406779661017,0.16521739130434782,True,False,3.144575965054748,5,0,0.375,False,True,False
7A_F199G,S,5,3,5,True,0.4661909480030679,25,42,12.25,85.5,8,11,2.8002210627020143,1.1815671796389742,1,0,0,0,0.20754716981132076,0.1701388888888889,0.1610738255033557,True,False,3.275928875906801,2,0,0.0,False,True,False
7A_F199G,S,6,3,1,True,0.3069869704075401,35,65,17.625,107.75,9,12,3.2002940489898735,1.0540407961744178,3,0,0,1,0.266304347826087,0.24691358024691357,0.2509881422924901,True,False,2.9688147466623778,8,0,1.375,True,True,False
7A_F199G,S,6,3,2,True,0.8163908377731831,23,45,11.875,80.875,8,11,3.2001651519882537,1.090317843566728,3,0,0,0,0.21428571428571427,0.21671826625386997,0.21042084168336672,True,False,3.2991939924775564,1,0,0.0,False,True,False
7A_F199G,S,6,3,3,True,0.3819594219285608,25,40,10.5,74.125,5,9,3.000028166534441,1.7028449723917913,3,0,0,0,0.12790697674418605,0.16498316498316498,0.20042194092827004,True,False,3.3285032672358907,1,0,0.0,False,True,False
7A_F199G,S,6,3,4,True,0.6541781103033025,15,30,7.25,54.75,6,6,2.9999849999625,1.599377691478783,2,0,1,2,0.2716049382716049,0.29152542372881357,0.2891304347826087,True,True,2.9688147466623778,5,0,0.625,True,True,False
7A_F199G,S,6,3,5,True,0.6215545028394532,25,52,12.5,87.5,7,7,2.8002210627020143,0.6215545028394532,0,0,0,0,0.3522012578616352,0.3090277777777778,0.2662192393736018,True,False,3.4879749139006146,0,0,0.0,False,True,False
7A_F199G,S,7,2,1,True,0.717714427888976,27,44,10.625,83.0,9,8,3.2002940489898735,0.9231354798731827,5,1,2,2,0.40217391304347827,0.37962962962962965,0.35968379446640314,True,True,2.927142121592322,8,0,1.0,True,True,False
7A_F199G,S,7,2,2,True,0.4557060456039619,33,55,11.25,90.375,8,10,3.2001651519882537,2.0854683983533073,6,0,0,1,0.18681318681318682,0.24458204334365324,0.28256513026052105,True,False,3.0805944231592712,3,0,0.25,False,True,False
7A_F199G,S,7,2,3,True,0.6623692323772291,17,28,7.5,56.125,4,6,3.000028166534441,2.5618058691565477,6,0,0,0,0.06976744186046512,0.16498316498316498,0.2320675105485232,True,False,3.2727321919154946,2,0,0.125,False,True,False
7A_F199G,S,7,2,4,True,0.5135114409631005,9,15,4.5,42.0,3,4,2.9999849999625,1.4396558616558335,3,0,0,0,0.19135802469135801,0.23389830508474577,0.26304347826086955,True,False,2.927142121592322,4,0,0.5,True,True,False
7A_F199G,S,7,2,5,True,0.5586644789137751,20,40,10.375,70.625,8,6,2.8002210627020143,1.1174837806429228,2,0,0,2,0.3522012578616352,0.3506944444444444,0.3378076062639821,True,False,3.458192591513665,0,0,0.0,False,True,False
7A_F199G,S,8,2,1,True,0.4432888448855892,41,59,16.125,113.125,11,14,3.2002940489898735,0.46378119841149235,2,1,1,1,0.34782608695652173,0.2993827160493827,0.2608695652173913,True,True,3.0535309069993053,7,0,1.375,True,True,False
7A_F199G,S,8,2,2,True,0.5667150959697471,28,50,13.0,84.0,7,12,3.2001651519882537,1.326167787272787,4,0,1,2,0.19230769230769232,0.21362229102167182,0.22044088176352705,True,True,3.561646529345662,0,0,0.0,False,True,False
7A_F199G,S,8,2,3,True,0.5104948579564733,23,40,10.75,75.625,6,10,3.000028166534441,2.027789190226637,4,0,0,1,0.08139534883720931,0.13468013468013468,0.1751054852320675,True,False,3.3766892069007475,1,0,0.0,False,True,False
7A_F199G,S,8,2,4,True,0.37719093308296775,19,31,9.0,61.375,5,5,2.9999849999625,1.9591977950171335,3,0,0,0,0.09259259259259259,0.14576271186440679,0.1826086956521739,True,False,3.0135860697846346,5,0,0.875,True,True,False
7A_F199G,S,8,2,5,True,0.5343874998538044,25,46,10.875,85.625,8,8,2.8002210627020143,1.1436511705935513,1,0,0,1,0.20754716981132076,0.1875,0.18344519015659955,True,False,3.155587742402357,1,0,0.375,False,True,False
7A_F199G,S,9,1,1,True,0.5376857818466095,29,53,11.0,92.0,9,10,3.2002940489898735,0.5376857818466095,1,0,0,1,0.4076086956521739,0.3888888888888889,0.3438735177865613,True,False,2.908528322021293,5,0,0.625,True,True,False
7A_F199G,S,9,1,2,True,0.6359119435896768,32,61,17.75,106.5,10,15,3.2001651519882537,1.1462940285982475,5,1,1,2,0.23076923076923078,0.24458204334365324,0.25250501002004005,True,True,3.19619867968185,2,0,0.25,False,True,False
7A_F199G,S,9,1,3,True,0.7085315801007045,19,38,7.75,69.75,5,9,3.000028166534441,1.809598297965601,5,0,0,1,0.10465116279069768,0.15824915824915825,0.1940928270042194,True,False,3.4003201319875753,0,0,0.0,False,True,False
7A_F199G,S,9,1,4,True,0.496430256934446,11,29,5.75,43.75,4,3,2.9999849999625,2.3153805302800663,4,0,0,0,0.06790123456790123,0.1288135593220339,0.1826086956521739,True,False,2.908528322021293,3,0,0.625,True,True,False
7A_F199G,S,9,1,5,True,0.5467741764202102,20,36,7.125,70.25,7,6,2.8002210627020143,1.5491781692239277,2,0,0,1,0.1761006289308176,0.21180555555555555,0.2371364653243848,True,False,3.3073474265640734,2,0,0.0,False,True,False
7A_F43L_F199G,R,1,4,1,True,0.9627585367058549,31,51,8.0,84.625,7,11,3.0000468329677785,1.5889952800433365,1,0,0,0,0.1896551724137931,0.20134228187919462,0.19230769230769232,True,False,3.909185337125883,0,0,0.0,False,True,False
7A_F43L_F199G,R,1,4,2,True,0.35642951617395585,39,62,21.625,114.5,11,14,3.2001571836395786,1.3835046078708952,3,0,0,1,0.13812154696132597,0.17956656346749225,0.19076305220883535,True,False,3.492307117078909,0,0,0.0,False,True,False
7A_F43L_F199G,R,1,4,3,True,0.7016309571277478,20,31,9.625,65.125,7,7,3.2000439059487915,1.2728633076650453,2,0,0,1,0.19444444444444445,0.20743034055727555,0.2147117296222664,True,False,6.964172169037753,0,0,0.0,False,True,False
7A_F43L_F199G,R,1,4,4,True,0.7313993437240699,28,50,10.75,89.0,9,11,3.200158746062451,0.7313993437240699,1,0,0,0,0.34615384615384615,0.30246913580246915,0.2554027504911591,True,False,3.483188912476612,0,0,0.0,False,True,False
7A_F43L_F199G,R,1,4,5,True,0.3686475281349382,32,50,16.25,97.125,10,13,2.799698019429953,1.2381716359212882,1,0,0,1,0.16352201257861634,0.16312056737588654,0.16099773242630386,True,False,3.50500014265335,0,0,0.0,False,True,False
7A_F43L_F199G,R,2,3,1,True,0.836169241242465,25,47,8.625,78.75,7,10,3.0000468329677785,1.966675875684654,1,0,0,0,0.05172413793103448,0.09731543624161074,0.11324786324786325,True,False,3.637743531366664,0,0,0.0,False,True,False
7A_F43L_F199G,R,2,3,2,True,0.6472673327150067,40,55,14.875,99.625,9,13,3.2001571836395786,2.340917127965021,6,0,0,0,0.016574585635359115,0.05572755417956656,0.09236947791164658,True,False,3.123949423406211,3,0,0.25,False,True,False
7A_F43L_F199G,R,2,3,3,True,0.6716524398824144,16,31,6.75,52.875,6,7,3.2000439059487915,1.2839283469103715,0,0,0,0,0.17222222222222222,0.18575851393188855,0.17693836978131214,True,False,6.425872469945229,0,0,0.0,False,True,False
7A_F43L_F199G,R,2,3,4,True,0.616231287748359,36,59,16.875,96.5,9,14,3.200158746062451,2.3379061144537006,4,0,0,0,0.02197802197802198,0.06172839506172839,0.11394891944990176,True,False,3.075387943008166,3,0,0.25,False,True,False
7A_F43L_F199G,R,2,3,5,True,0.6381676895612937,25,51,14.375,90.5,7,9,2.799698019429953,1.6912498337028736,0,0,0,0,0.07547169811320754,0.10283687943262411,0.10657596371882086,True,False,3.8880874475762504,0,0,0.0,False,True,False
7A_F43L_F199G,R,3,3,1,True,0.4238525687075637,27,45,11.75,81.875,7,9,3.0000468329677785,1.4260480356565832,0,0,0,0,0.15517241379310345,0.15771812080536912,0.1346153846153846,True,False,4.213715106648764,0,0,0.0,False,True,False
7A_F43L_F199G,R,3,3,2,True,0.5798603280101167,40,65,20.375,113.125,11,15,3.2001571836395786,2.0937146500781427,1,0,0,1,0.11602209944751381,0.14860681114551083,0.15461847389558234,True,False,3.303523876105635,1,0,0.125,False,True,False
7A_F43L_F199G,R,3,3,3,True,0.7383779520001952,20,39,11.125,71.75,7,7,3.2000439059487915,1.476968855460399,1,0,0,1,0.12777777777777777,0.14551083591331268,0.147117296222664,True,False,8.025190963459996,0,0,0.0,False,True,False
7A_F43L_F199G,R,3,3,4,True,0.40591255215871297,20,28,10.375,69.375,7,7,3.200158746062451,0.40591255215871297,0,0,0,0,0.3131868131868132,0.22839506172839505,0.1650294695481336,True,False,3.303523876105635,1,0,0.125,False,True,False
7A_F43L_F199G,R,3,3,5,True,0.5062025286384884,38,57,18.0,98.375,10,11,2.799698019429953,1.6398295643145355,0,0,0,0,0.11949685534591195,0.1276595744680851,0.12244897959183673,True,False,3.61359626964607,0,0,0.0,False,True,False
7A_F43L_F199G,R,4,3,1,True,0.5855476069458401,29,49,10.375,87.0,8,11,3.0000468329677785,1.6272765591625784,1,0,0,0,0.13218390804597702,0.1610738255033557,0.16880341880341881,True,False,3.546707346257935,0,0,0.0,False,True,False
7A_F43L_F199G,R,4,3,2,True,0.6807951233667889,43,60,16.75,106.875,11,15,3.2001571836395786,1.4547886444428964,3,0,0,0,0.08839779005524862,0.13003095975232198,0.15261044176706828,True,False,3.39763417689427,1,0,0.0,False,True,False
7A_F43L_F199G,R,4,3,3,True,0.7296862339389445,20,40,10.75,65.25,7,6,3.2000439059487915,0.8081639685113411,1,0,0,0,0.26666666666666666,0.25696594427244585,0.22664015904572565,True,False,7.5350420702209755,0,0,0.0,False,True,False
7A_F43L_F199G,R,4,3,4,True,0.6675402609580938,19,43,8.5,71.875,7,7,3.200158746062451,1.2961612553999597,2,0,0,1,0.17582417582417584,0.18209876543209877,0.18664047151277013,True,False,3.3877206201220322,1,0,0.0,False,True,False
7A_F43L_F199G,R,4,3,5,True,0.4992594515880501,34,54,17.625,97.125,10,12,2.799698019429953,0.9992622278461245,0,0,0,0,0.16981132075471697,0.16666666666666666,0.1564625850340136,True,False,3.6289024511551697,0,0,0.0,False,True,False
7A_F43L_F199G,R,5,3,1,True,0.6053536156660833,25,42,9.0,79.375,6,7,3.0000468329677785,2.2496537511359387,1,0,0,0,0.022988505747126436,0.06040268456375839,0.08333333333333333,True,False,3.630868491146437,0,0,0.0,False,True,False
7A_F43L_F199G,R,5,3,2,True,0.31184932259025344,45,70,20.25,115.375,11,14,3.2001571836395786,2.806969362141311,3,0,0,0,0.0,0.009287925696594427,0.04618473895582329,True,False,3.1700965284987777,5,0,0.5,True,True,False
7A_F43L_F199G,R,5,3,3,True,0.47753848012490024,22,34,8.25,63.125,5,8,3.2000439059487915,1.322496502830915,0,0,0,0,0.15555555555555556,0.13312693498452013,0.11530815109343936,True,False,7.952120912058619,0,0,0.0,False,True,False
7A_F43L_F199G,R,5,3,4,True,0.5713028968944577,24,44,11.125,79.25,6,6,3.200158746062451,2.072564836139029,1,0,0,0,0.016483516483516484,0.05864197530864197,0.08644400785854617,True,False,3.1700965284987777,5,0,0.5,True,True,False
7A_F43L_F199G,R,5,3,5,True,0.2979614068969342,35,64,20.0,110.5,11,15,2.799698019429953,1.315496484221832,0,0,0,0,0.11320754716981132,0.09574468085106383,0.07029478458049887,True,False,3.720942488133886,0,0,0.0,False,True,False
7A_F43L_F199G,R,6,3,1,True,0.6407823343382683,24,47,8.875,77.125,8,10,3.0000468329677785,1.2035684442523409,1,0,0,0,0.21264367816091953,0.23154362416107382,0.22863247863247863,True,False,3.986385330095424,0,0,0.0,False,True,False
7A_F43L_F199G,R,6,3,2,True,0.4215637555578039,41,60,20.75,113.0,10,15,3.2001571836395786,1.439189007740123,3,0,0,0,0.1878453038674033,0.21052631578947367,0.21686746987951808,True,False,2.966610523813329,2,0,0.5,True,True,False
7A_F43L_F199G,R,6,3,3,True,0.30384535540304025,15,32,9.0,58.375,6,6,3.2000439059487915,1.2459297733018497,2,0,0,1,0.20555555555555555,0.23839009287925697,0.2504970178926441,True,False,8.571623475165017,0,0,0.0,False,True,False
7A_F43L_F199G,R,6,3,4,True,0.699315379496261,23,48,11.625,75.875,7,9,3.200158746062451,0.749913995068768,1,0,0,1,0.35714285714285715,0.3271604938271605,0.2868369351669941,True,False,2.966610523813329,2,0,0.5,True,True,False
7A_F43L_F199G,R,6,3,5,True,0.41178756659229004,38,55,18.375,96.0,9,12,2.799698019429953,1.2546310214561085,1,0,0,1,0.1949685534591195,0.2127659574468085,0.21541950113378686,True,False,3.6682658028011,0,0,0.0,False,True,False
7A_F43L_F199G,R,7,2,1,True,0.8327820843413962,33,50,10.875,83.0,8,10,3.0000468329677785,1.971180610700095,0,0,0,0,0.06896551724137931,0.1040268456375839,0.12393162393162394,True,False,3.740556910407861,0,0,0.0,False,True,False
7A_F43L_F199G,R,7,2,2,True,0.544037682518408,41,58,14.25,101.25,10,14,3.2001571836395786,2.756720334020119,4,0,0,0,0.0,0.04643962848297214,0.08835341365461848,True,False,3.2914464905266194,1,0,0.0,False,True,False
7A_F43L_F199G,R,7,2,3,True,0.7540563639410516,22,41,10.75,70.625,7,7,3.2000439059487915,0.9718286886072051,0,0,0,0,0.22777777777777777,0.20743034055727555,0.17693836978131214,True,False,6.505249803043692,0,0,0.0,False,True,False
7A_F43L_F199G,R,7,2,4,True,0.7116747852776578,29,44,11.25,75.5,7,8,3.200158746062451,2.350742435912535,2,0,0,0,0.04945054945054945,0.08641975308641975,0.1237721021611002,True,False,3.2914464905266194,1,0,0.0,False,True,False
7A_F43L_F199G,R,7,2,5,True,0.4005371393516463,30,51,14.875,93.0,8,10,2.799698019429953,1.3459305331256881,0,0,0,0,0.11320754716981132,0.10638297872340426,0.08843537414965986,True,False,3.685974769311369,0,0,0.0,False,True,False
7A_F43L_F199G,R,8,2,1,True,0.40967914274466094,31,51,14.75,92.5,10,9,3.0000468329677785,1.5383097867464801,2,0,1,1,0.2471264367816092,0.2785234899328859,0.27136752136752135,True,True,4.074688945183424,0,0,0.0,False,True,False
7A_F43L_F199G,R,8,2,2,True,0.8075270893288963,30,62,14.0,96.0,8,10,3.2001571836395786,2.2957340528772017,5,0,0,2,0.13812154696132597,0.2043343653250774,0.24497991967871485,True,False,3.436098077762042,0,0,0.0,False,True,False
7A_F43L_F199G,R,8,2,3,True,0.49982897074899557,38,53,17.625,100.375,10,13,3.2000439059487915,1.1101914249353575,2,0,1,1,0.36666666666666664,0.3715170278637771,0.3320079522862823,True,True,5.472331587175616,0,0,0.0,False,True,False
7A_F43L_F199G,R,8,2,4,True,0.3721209480800569,28,54,12.625,87.0,8,10,3.200158746062451,0.8780102505096395,4,0,0,0,0.2087912087912088,0.2191358024691358,0.2318271119842829,True,False,3.297652953238105,1,0,0.0,False,True,False
7A_F43L_F199G,R,8,2,5,True,0.5049059318328512,28,49,13.5,91.125,9,11,2.799698019429953,1.3677697174597783,2,0,0,1,0.2641509433962264,0.2695035460992908,0.23582766439909297,True,False,3.44066243621777,0,0,0.0,False,True,False
7A_F43L_F199G,R,9,1,1,True,0.28449253065766084,23,44,9.625,71.75,8,9,3.0000468329677785,1.3643214430624475,2,0,0,0,0.21264367816091953,0.2483221476510067,0.24358974358974358,True,False,3.610607428120648,0,0,0.0,False,True,False
7A_F43L_F199G,R,9,1,2,True,0.6093619613989699,21,52,10.375,79.25,9,8,3.2001571836395786,1.9386505616020642,4,0,0,1,0.14917127071823205,0.20743034055727555,0.23293172690763053,True,False,3.2296362024228062,3,0,0.125,False,True,False
7A_F43L_F199G,R,9,1,3,True,0.5294317708638192,24,35,9.25,61.625,7,5,3.2000439059487915,1.0849778799588494,1,0,0,0,0.3,0.3126934984520124,0.2882703777335984,True,False,5.360736330020345,0,0,0.0,False,True,False
7A_F43L_F199G,R,9,1,4,True,0.6563817486798366,30,51,17.25,99.625,11,11,3.200158746062451,0.7391813038761195,5,0,0,0,0.2802197802197802,0.2623456790123457,0.23968565815324164,True,False,3.187909973634764,4,0,0.25,False,True,False
7A_F43L_F199G,R,9,1,5,True,0.7064290481003731,15,34,5.5,62.375,6,7,2.799698019429953,1.3913824060983373,1,0,0,0,0.18867924528301888,0.22340425531914893,0.2199546485260771,True,False,3.4764376882090096,0,0,0.0,False,True,False
7A_F43L_F199G,R,10,1,1,True,0.3613170353027923,37,56,14.75,97.375,10,12,3.0000468329677785,2.532361940955519,1,0,0,0,0.022988505747126436,0.04697986577181208,0.07478632478632478,True,False,3.59526090847382,0,0,0.0,False,True,False
7A_F43L_F199G,R,10,1,2,True,0.5353540884311996,34,58,12.625,86.625,9,10,3.2001571836395786,3.1828919240212983,3,0,0,0,0.0,0.018575851393188854,0.05220883534136546,True,False,3.323856795952557,2,0,0.0,False,True,False
7A_F43L_F199G,R,10,1,3,True,0.5377173978959571,28,45,12.5,78.75,7,10,3.2000439059487915,1.8563364457985525,0,0,0,0,0.1,0.10835913312693499,0.11133200795228629,True,False,5.638273849326582,0,0,0.0,False,True,False
7A_F43L_F199G,R,10,1,4,True,0.5695120718650306,35,66,14.375,101.25,8,13,3.200158746062451,3.2885393414098,3,0,0,0,0.0,0.006172839506172839,0.04518664047151277,True,False,2.886267659105788,3,0,0.5,True,True,False
7A_F43L_F199G,R,10,1,5,True,0.35185366276337143,36,60,16.625,99.25,9,13,2.799698019429953,2.350588224253666,1,0,0,0,0.0440251572327044,0.0673758865248227,0.07482993197278912,True,False,3.3787075931485995,1,0,0.0,False,True,False
7A_F43L_F199G,R,11,1,1,True,0.5314404952579357,27,45,8.625,72.25,5,8,3.0000468329677785,1.5895342085026047,1,0,0,0,0.13793103448275862,0.1644295302013423,0.15598290598290598,True,False,3.5623420666746757,0,0,0.0,False,True,False
7A_F43L_F199G,R,11,1,2,True,0.5506741323142028,23,42,10.375,76.125,8,8,3.2001571836395786,2.219995945942245,4,0,0,0,0.049723756906077346,0.10526315789473684,0.14056224899598393,True,False,3.1410256286760854,4,0,0.375,False,True,False
7A_F43L_F199G,R,11,1,3,True,0.14840485167271275,23,44,15.375,82.375,8,9,3.2000439059487915,0.3714256318564995,1,0,0,0,0.29444444444444445,0.21671826625386997,0.16898608349900596,True,False,4.673228648375767,0,0,0.0,False,True,False
7A_F43L_F199G,R,11,1,4,True,0.4528366151273546,30,53,17.875,96.25,9,11,3.200158746062451,2.1804373089436884,5,0,0,1,0.0989010989010989,0.12037037037037036,0.13555992141453832,True,False,3.1410256286760854,5,0,0.375,False,True,False
7A_F43L_F199G,R,11,1,5,True,0.2877516290136341,19,37,10.125,70.625,7,7,2.799698019429953,0.8426630406040122,2,0,0,0,0.1761006289308176,0.13120567375886524,0.10657596371882086,True,False,3.2251488337749623,1,0,0.0,False,True,False
7A_F43L_F199G,R,12,1,1,True,0.6294521427400174,29,54,13.25,96.875,9,12,3.0000468329677785,1.1051990770897342,0,0,0,0,0.1724137931034483,0.13758389261744966,0.10042735042735043,True,False,3.339835025865799,1,0,0.125,False,True,False
7A_F43L_F199G,R,12,1,2,True,0.5084968043164089,36,55,18.0,99.625,10,13,3.2001571836395786,1.5636115246441489,2,0,0,0,0.1270718232044199,0.14551083591331268,0.14056224899598393,True,False,3.1429365249715113,5,0,0.5,True,True,False
7A_F43L_F199G,R,12,1,3,True,0.1960637651377735,19,35,10.375,64.625,5,8,3.2000439059487915,1.2405067512915844,1,0,0,1,0.14444444444444443,0.1393188854489164,0.1312127236580517,True,False,6.4730234821140575,0,0,0.0,False,True,False
7A_F43L_F199G,R,12,1,4,True,0.28603146680042013,25,43,15.375,81.875,7,9,3.200158746062451,1.0019565858858355,1,0,0,0,0.1813186813186813,0.16049382716049382,0.12966601178781925,True,False,3.1429365249715113,4,0,0.5,True,True,False
7A_F43L_F199G,R,12,1,5,True,0.5641967741843266,27,47,14.125,86.0,9,10,2.799698019429953,1.4938825255019217,0,0,0,0,0.08176100628930817,0.08865248226950355,0.09297052154195011,True,False,3.4879280382484956,0,0,0.0,False,True,False
7A_F43L_F199G,S,1,5,1,True,0.5960436225646575,29,46,9.75,83.625,7,10,3.0000468329677785,1.8293337585033516,1,0,0,0,0.09770114942528736,0.12416107382550336,0.13675213675213677,True,False,3.5629527080779506,0,0,0.0,False,True,False
7A_F43L_F199G,S,1,5,2,True,0.6340630883437381,43,62,18.0,108.375,11,15,3.2001571836395786,1.6383339097998308,3,0,0,0,0.07734806629834254,0.09907120743034056,0.12048192771084337,True,False,3.251439066013694,3,0,0.0,False,True,False
7A_F43L_F199G,S,1,5,3,True,0.6302364635595118,22,36,10.125,64.0,7,6,3.2000439059487915,1.0848990736469453,1,0,0,0,0.2,0.19814241486068113,0.18091451292246521,True,False,7.871857849326295,0,0,0.0,False,True,False
7A_F43L_F199G,S,1,5,4,True,0.6244173283950407,23,43,7.125,71.25,7,8,3.200158746062451,1.4644200217150816,1,0,0,0,0.14285714285714285,0.14506172839506173,0.14931237721021612,True,False,3.251439066013694,3,0,0.0,False,True,False
7A_F43L_F199G,S,1,5,5,True,0.383576589483769,35,55,19.375,99.75,10,12,2.799698019429953,1.172852931956944,0,0,0,0,0.1069182389937107,0.11347517730496454,0.1111111111111111,True,False,3.5743791069219277,0,0,0.0,False,True,False
7A_F43L_F199G,S,2,4,1,True,0.8301566117305816,22,42,9.25,77.5,6,9,3.0000468329677785,2.09693705198797,1,0,0,0,0.034482758620689655,0.0436241610738255,0.06623931623931624,True,False,3.53049656564059,0,0,0.0,False,True,False
7A_F43L_F199G,S,2,4,2,True,0.6662657127603067,38,67,19.25,103.75,10,11,3.2001571836395786,2.5543789851938565,5,0,0,0,0.011049723756906077,0.030959752321981424,0.05220883534136546,True,False,3.172319813637963,4,0,0.0,False,True,False
7A_F43L_F199G,S,2,4,3,True,0.803441348201597,17,32,7.0,54.0,5,5,3.2000439059487915,1.4063705059478462,0,0,0,0,0.1,0.1021671826625387,0.11133200795228629,True,False,6.4535672306097505,0,0,0.0,False,True,False
7A_F43L_F199G,S,2,4,4,True,0.5594506233797581,36,57,17.5,100.875,10,13,3.200158746062451,2.276362229523237,2,0,0,0,0.02197802197802198,0.04938271604938271,0.08447937131630648,True,False,3.1237909661179315,4,0,0.0,False,True,False
7A_F43L_F199G,S,2,4,5,True,0.2606261690621261,29,57,15.75,93.625,10,9,2.799698019429953,1.7633292375503788,0,0,0,0,0.031446540880503145,0.05319148936170213,0.05668934240362812,True,False,3.3652808203774023,1,0,0.0,False,True,False
7A_F43L_F199G,S,3,3,1,True,0.34458525795512485,27,47,11.75,84.375,7,9,3.0000468329677785,1.4318358844504493,0,0,0,0,0.15517241379310345,0.15771812080536912,0.13247863247863248,True,False,4.128438082374496,0,0,0.0,False,True,False
7A_F43L_F199G,S,3,3,2,True,0.5739712536355805,39,67,22.5,117.125,11,15,3.2001571836395786,2.1710885920773633,1,0,0,1,0.09392265193370165,0.13622291021671826,0.14859437751004015,True,False,3.29279622813195,1,0,0.0,False,True,False
7A_F43L_F199G,S,3,3,3,True,0.7426210339062582,20,41,11.5,73.125,7,7,3.2000439059487915,1.382105639956657,1,0,0,1,0.14444444444444443,0.15170278637770898,0.14314115308151093,True,False,7.917808030004264,0,0,0.0,False,True,False
7A_F43L_F199G,S,3,3,4,True,0.49466857591724983,20,30,11.0,71.875,6,6,3.200158746062451,0.49466857591724983,0,0,0,0,0.3021978021978022,0.21604938271604937,0.15717092337917485,True,False,3.29279622813195,1,0,0.0,False,True,False
7A_F43L_F199G,S,3,3,5,True,0.5347429288920049,37,56,17.875,102.125,10,11,2.799698019429953,1.546280052254442,0,0,0,0,0.11949685534591195,0.12056737588652482,0.11564625850340136,True,False,3.6267393068705664,0,0,0.0,False,True,False
7A_F43L_F199G,S,4,3,1,True,0.7934796783787219,28,50,11.375,86.25,8,12,3.0000468329677785,1.89958021678475,1,0,0,0,0.05747126436781609,0.09060402684563758,0.11324786324786325,True,False,3.4423082372152556,0,0,0.0,False,True,False
7A_F43L_F199G,S,4,3,2,True,0.5150271837485861,33,61,15.875,93.75,10,12,3.2001571836395786,2.538704590928216,2,0,0,0,0.022099447513812154,0.04953560371517028,0.09437751004016064,True,False,3.31318517442053,1,0,0.125,False,True,False
7A_F43L_F199G,S,4,3,3,True,0.473359271589773,23,41,10.5,75.25,8,7,3.2000439059487915,0.9239356038166292,0,0,0,0,0.20555555555555555,0.20123839009287925,0.17693836978131214,True,False,6.025845832744147,0,0,0.0,False,True,False
7A_F43L_F199G,S,4,3,4,True,0.16026852467031696,26,45,12.375,77.375,8,9,3.200158746062451,2.2629785681707197,2,0,0,0,0.027472527472527472,0.07098765432098765,0.10019646365422397,True,False,3.31318517442053,1,0,0.125,False,True,False
7A_F43L_F199G,S,4,3,5,True,0.1714030338121244,27,49,15.375,85.5,9,10,2.799698019429953,1.468384486433985,0,0,0,0,0.08176100628930817,0.09929078014184398,0.09750566893424037,True,False,3.4245268286290296,0,0,0.0,False,True,False
7A_F43L_F199G,S,5,3,1,True,0.43638285942506977,28,51,12.0,83.25,8,11,3.0000468329677785,1.1352607629967666,1,0,0,0,0.21839080459770116,0.2348993288590604,0.2264957264957265,True,False,3.9661746053344653,0,0,0.0,False,True,False
7A_F43L_F199G,S,5,3,2,True,0.4270281021197558,43,64,22.375,115.125,10,15,3.2001571836395786,1.3315772602444065,3,0,0,0,0.19337016574585636,0.21362229102167182,0.21686746987951808,True,False,3.1634312067753267,4,0,0.25,False,True,False
7A_F43L_F199G,S,5,3,3,True,0.6401249877953522,17,38,9.5,61.625,6,7,3.2000439059487915,1.1211605594204603,2,0,0,1,0.2111111111111111,0.23839009287925697,0.2485089463220676,True,False,8.365032815237488,0,0,0.0,False,True,False
7A_F43L_F199G,S,5,3,4,True,0.5440367634636465,23,45,10.75,74.125,7,7,3.200158746062451,0.9312518456357551,1,0,0,1,0.33516483516483514,0.32407407407407407,0.2907662082514735,True,False,3.1634312067753267,4,0,0.25,False,True,False
7A_F43L_F199G,S,5,3,5,True,0.5996574021889499,39,56,17.625,98.0,10,11,2.799698019429953,1.2469791497855922,1,0,0,0,0.20754716981132076,0.21631205673758866,0.2108843537414966,True,False,3.402862618443478,0,0,0.0,False,True,False
7A_F43L_F199G,S,6,3,1,True,0.5993688346919621,27,48,10.625,82.5,8,11,3.0000468329677785,1.4656711773109274,0,0,0,0,0.19540229885057472,0.20469798657718122,0.19444444444444445,True,False,3.623725293120328,0,0,0.0,False,True,False
7A_F43L_F199G,S,6,3,2,True,0.38313183109733945,40,63,20.25,113.375,11,14,3.2001571836395786,1.2533941917848512,3,0,0,0,0.14917127071823205,0.18885448916408668,0.1927710843373494,True,False,3.316184705350413,2,0,0.0,False,True,False
7A_F43L_F199G,S,6,3,3,True,0.45860004361098755,20,35,9.75,65.875,7,9,3.2000439059487915,1.357828781547954,2,0,0,1,0.17777777777777778,0.19504643962848298,0.20874751491053678,True,False,6.433973344675902,0,0,0.0,False,True,False
7A_F43L_F199G,S,6,3,4,True,0.7608376962269942,29,56,13.625,93.375,10,11,3.200158746062451,0.8110487038396647,1,0,0,0,0.3241758241758242,0.28703703703703703,0.24361493123772102,True,False,3.271943459169184,2,0,0.0,False,True,False
7A_F43L_F199G,S,6,3,5,True,0.22248145990171897,29,44,14.125,93.25,10,12,2.799698019429953,1.3293867007007405,1,0,0,0,0.1320754716981132,0.1453900709219858,0.15192743764172337,True,False,3.6022988493460675,0,0,0.0,False,True,False
7A_F43L_F199G,S,7,2,1,True,0.6782396331681008,35,63,15.625,99.375,11,13,3.0000468329677785,2.274778890353961,2,0,0,0,0.05747126436781609,0.11073825503355705,0.13675213675213677,True,False,3.5658776740149647,0,0,0.0,False,True,False
7A_F43L_F199G,S,7,2,2,True,0.5450779760731485,28,50,11.75,88.125,8,10,3.2001571836395786,2.9741562015299303,3,0,0,0,0.011049723756906077,0.04953560371517028,0.10040160642570281,True,False,3.3194320297303874,2,0,0.0,False,True,False
7A_F43L_F199G,S,7,2,3,True,0.7697070871441943,31,53,16.875,97.625,11,12,3.2000439059487915,1.3054570081009949,2,0,0,0,0.2,0.19504643962848298,0.17892644135188868,True,False,5.232767814455367,0,0,0.0,False,True,False
7A_F43L_F199G,S,7,2,4,True,0.23814701341818245,30,51,12.25,80.125,8,10,3.200158746062451,3.1437900116828827,5,0,0,0,0.0,0.040123456790123455,0.09233791748526522,True,False,3.0682120200533736,4,0,0.25,False,True,False
7A_F43L_F199G,S,7,2,5,True,0.2783900141887276,26,47,15.125,88.0,8,9,2.799698019429953,1.6252476734331913,2,0,0,0,0.1069182389937107,0.12411347517730496,0.12471655328798185,True,False,3.325021052564931,1,0,0.0,False,True,False
7A_F43L_F199G,S,8,2,1,True,0.6090369446921919,28,48,10.375,80.125,7,9,3.0000468329677785,1.5966201802557798,0,0,0,0,0.16091954022988506,0.18456375838926176,0.18803418803418803,True,False,3.8678067428453557,0,0,0.0,False,True,False
7A_F43L_F199G,S,8,2,2,True,0.49667393730696224,42,66,22.75,117.25,10,15,3.2001571836395786,1.624358642664852,1,0,0,0,0.15469613259668508,0.17647058823529413,0.18072289156626506,True,False,3.192569498068914,3,0,0.25,False,True,False
7A_F43L_F199G,S,8,2,3,True,0.8494939670180128,23,42,8.625,66.625,7,7,3.2000439059487915,1.6701622675656407,1,0,0,0,0.12222222222222222,0.16718266253869968,0.18091451292246521,True,False,8.02225267615026,0,0,0.0,False,True,False
7A_F43L_F199G,S,8,2,4,True,0.6626348919276746,21,41,9.625,70.125,6,7,3.200158746062451,0.7929949558477658,0,0,0,0,0.3076923076923077,0.2716049382716049,0.21414538310412573,True,False,3.192569498068914,3,0,0.25,False,True,False
7A_F43L_F199G,S,8,2,5,True,0.6172827553074847,36,54,19.0,98.75,10,13,2.799698019429953,1.6018030465697088,1,0,0,0,0.1069182389937107,0.13120567375886524,0.1383219954648526,True,False,3.677683238126959,0,0,0.0,False,True,False
7A_F43L_F199G,S,9,1,1,True,0.5256786090378797,26,46,9.25,72.0,5,8,3.0000468329677785,1.5645935574455112,1,0,0,0,0.13218390804597702,0.15771812080536912,0.1517094017094017,True,False,3.5963293786859962,0,0,0.0,False,True,False
7A_F43L_F199G,S,9,1,2,True,0.5102714963624756,23,40,10.25,75.25,8,8,3.2001571836395786,2.203317044821285,4,0,0,0,0.055248618784530384,0.1021671826625387,0.13855421686746988,True,False,3.1984088231494123,4,0,0.25,False,True,False
7A_F43L_F199G,S,9,1,3,True,0.1589276564981688,24,42,15.0,82.875,8,9,3.2000439059487915,0.46719374995819457,1,0,0,0,0.2833333333333333,0.21362229102167182,0.1709741550695825,True,False,4.501454987001425,0,0,0.0,False,True,False
7A_F43L_F199G,S,9,1,4,True,0.4453010217818957,30,54,17.875,98.0,9,11,3.200158746062451,2.1925771049895384,5,0,0,1,0.1043956043956044,0.12654320987654322,0.14145383104125736,True,False,3.1984088231494123,4,0,0.125,False,True,False
7A_F43L_F199G,S,9,1,5,True,0.2844292530665578,19,38,9.875,70.625,6,7,2.799698019429953,0.8695182574276399,2,0,0,0,0.15723270440251572,0.12056737588652482,0.09977324263038549,True,False,3.1888737823877573,2,0,0.125,False,True,False
7A_F43L_F199G,S,10,1,1,True,1.0591907288113882,26,47,8.25,89.625,9,10,3.0000468329677785,1.3164717999258475,0,0,0,0,0.14942528735632185,0.1476510067114094,0.11752136752136752,True,False,3.277972086519347,2,0,0.125,False,True,False
7A_F43L_F199G,S,10,1,2,True,0.3627368191954049,39,55,18.5,107.875,11,12,3.2001571836395786,1.7058270721265973,2,0,0,0,0.11602209944751381,0.13622291021671826,0.13855421686746988,True,False,3.2455199891542805,5,0,0.125,False,True,False
7A_F43L_F199G,S,10,1,3,True,0.7799679480594055,13,29,7.375,54.875,5,5,3.2000439059487915,1.3905959154261889,1,0,0,1,0.12222222222222222,0.13003095975232198,0.12326043737574553,True,False,7.941887055354036,0,0,0.0,False,True,False
7A_F43L_F199G,S,10,1,4,True,0.637384499340861,30,42,12.25,78.625,9,10,3.200158746062451,0.637384499340861,0,0,0,0,0.23626373626373626,0.18209876543209877,0.14145383104125736,True,False,3.2455199891542805,6,0,0.125,False,True,False
7A_F43L_F199G,S,10,1,5,True,0.5187629516455471,30,54,19.375,98.25,9,13,2.799698019429953,1.4829285215410757,0,0,0,0,0.08176100628930817,0.08865248226950355,0.08616780045351474,True,False,3.6348785399239962,0,0,0.0,False,True,False
7B_L43F,R,1,6,1,False,12.860438717244449,0,0,0.0,0.0,0,0,2.799561930016909,10.780257789125452,0,0,0,0,0.0,0.0,0.0,False,False,,0,0,0.0,False,False,True
7B_L43F,R,1,6,2,False,11.925774146779737,0,0,0.0,0.0,0,0,2.7998596393390867,10.780257789125452,0,0,0,0,0.0,0.0,0.0,False,False,,0,0,0.0,False,False,True
7B_L43F,R,1,6,3,False,10.58637794526532,0,0,0.0,0.0,0,0,3.0003538124694566,10.780257789125452,0,0,0,0,0.0,0.0,0.0,False,False,,0,0,0.0,False,False,True
7B_L43F,R,1,6,4,False,11.309323940890543,0,0,0.0,0.0,0,0,3.1999392181727453,10.780257789125452,1,0,0,0,0.0,0.0,0.0,False,False,,0,0,0.0,False,False,True
7B_L43F,R,1,6,5,False,12.113840101305616,0,0,0.0,0.0,0,0,3.199938905666794,10.780257789125452,0,0,0,0,0.0,0.0,0.0,False,False,,0,0,0.0,False,False,True
7B_L43F,R,1,6,6,False,9.756083896728237,0,0,0.0,0.0,0,0,2.7997190930520155,10.780257789125452,3,0,0,0,0.0,0.0,0.0,False,False,,0,0,0.0,False,False,True
7B_L43F,R,1,6,7,False,7.576028841022189,0,0,0.0,0.0,0,0,3.1997127996118655,10.780257789125452,0,0,0,0,0.0,0.0,0.0,False,False,,0,0,0.0,False,False,True
7B_L43F,R,2,3,1,False,1.9245926841802141,2,8,0.25,19.375,0,0,2.799561930016909,1.9245926841802141,1,0,0,0,0.0379746835443038,0.07692307692307693,0.09750566893424037,True,False,,0,0,0.0,False,True,False
7B_L43F,R,2,3,2,False,1.0235804804703919,25,39,5.25,67.0,5,7,2.7998596393390867,1.8578382599139247,0,0,0,0,0.10126582278481013,0.10526315789473684,0.09706546275395034,True,False,,0,0,0.0,False,True,False
7B_L43F,R,2,3,3,False,1.4923253666677379,4,15,0.625,32.75,2,2,3.0003538124694566,1.4923253666677379,0,0,0,0,0.09714285714285714,0.1180327868852459,0.12127659574468085,True,False,,0,0,0.0,False,True,False
7B_L43F,R,2,3,4,False,0.3897139976957459,28,48,11.375,82.375,8,9,3.1999392181727453,1.267685686595853,1,0,0,1,0.14444444444444443,0.14860681114551083,0.15030060120240482,True,False,,0,0,0.0,False,True,False
7B_L43F,R,2,3,5,False,0.14833745312630894,22,38,10.0,68.875,7,8,3.199938905666794,1.6664972247201613,0,0,0,0,0.18333333333333332,0.18209876543209877,0.17269076305220885,True,False,,0,0,0.0,False,True,False
7B_L43F,R,2,3,6,False,0.3746465000503814,34,54,15.875,103.625,10,14,2.7997190930520155,1.4937747487489537,1,0,0,0,0.10897435897435898,0.0989399293286219,0.09111617312072894,True,False,,0,0,0.0,False,True,False
7B_L43F,R,2,3,7,False,0.46697965694449667,29,48,14.375,87.75,9,10,3.1997127996118655,1.4195541553600555,3,0,0,0,0.09497206703910614,0.11838006230529595,0.13346613545816732,True,False,,0,0,0.0,False,True,False
7B_L43F,R,3,3,1,False,2.0433036974468575,0,5,0.0,18.125,0,0,2.799561930016909,2.0433036974468575,1,0,0,0,0.06329113924050633,0.08391608391608392,0.10657596371882086,False,False,,0,0,0.0,False,False,False
7B_L43F,R,3,3,2,False,0.8201530345002701,26,48,6.0,72.25,7,8,2.7998596393390867,1.5449352737250843,0,0,0,0,0.0949367088607595,0.11929824561403508,0.11512415349887133,True,False,,0,0,0.0,False,True,False
7B_L43F,R,3,3,3,False,1.3349404481099518,7,19,1.0,39.5,3,2,3.0003538124694566,1.3349404481099518,0,0,0,0,0.16,0.16721311475409836,0.16382978723404254,True,False,,0,0,0.0,False,True,False
7B_L43F,R,3,3,4,False,0.5599571412170765,29,59,13.75,92.0,10,10,3.1999392181727453,1.1112938405300372,0,0,0,0,0.2111111111111111,0.20743034055727555,0.19238476953907815,True,False,,0,0,0.0,False,True,False
7B_L43F,R,3,3,5,False,0.7641132115073003,24,48,9.625,73.75,8,9,3.199938905666794,1.1443085248306075,1,0,0,1,0.19444444444444445,0.19753086419753085,0.1927710843373494,True,False,,0,0,0.0,False,True,False
7B_L43F,R,3,3,6,False,0.41239544129391176,32,55,13.375,97.0,10,9,2.7997190930520155,1.725753748366203,3,0,0,0,0.07692307692307693,0.11307420494699646,0.12300683371298406,True,False,,0,0,0.0,False,True,False
7B_L43F,R,3,3,7,False,0.3209875386989345,35,55,18.25,96.5,9,14,3.1997127996118655,1.5033592385055539,3,0,0,0,0.11173184357541899,0.11214953271028037,0.13545816733067728,True,False,,0,0,0.0,False,True,False
7B_L43F,R,4,2,1,False,1.7074990483159864,2,2,0.25,11.25,0,0,2.799561930016909,1.7074990483159864,2,0,0,0,0.06329113924050633,0.06993006993006994,0.09523809523809523,True,False,,0,0,0.0,False,True,False
7B_L43F,R,4,2,2,False,1.1469664336849623,19,33,5.5,64.0,8,8,2.7998596393390867,1.187228705852415,1,0,0,0,0.10126582278481013,0.10526315789473684,0.09706546275395034,True,False,,0,0,0.0,False,True,False
7B_L43F,R,4,2,3,False,0.6479668201381924,14,32,5.75,58.5,4,6,3.0003538124694566,1.3154075414106459,0,0,0,0,0.16,0.16065573770491803,0.1574468085106383,True,False,,0,0,0.0,False,True,False
7B_L43F,R,4,2,4,False,0.6003224133746797,31,49,12.125,85.125,9,11,3.1999392181727453,1.3053156706329698,0,0,0,0,0.2222222222222222,0.2043343653250774,0.1903807615230461,True,False,,0,0,0.0,False,True,False
7B_L43F,R,4,2,5,False,0.7826550964505377,25,43,10.625,68.375,6,9,3.199938905666794,0.8524417868687576,1,0,0,0,0.19444444444444445,0.18518518518518517,0.1746987951807229,True,False,,0,0,0.0,False,True,False
7B_L43F,R,4,2,6,False,0.5826053552791982,29,58,11.625,86.25,9,8,2.7997190930520155,2.0562696807568797,5,0,0,0,0.07051282051282051,0.0812720848056537,0.1070615034168565,True,False,,0,0,0.0,False,True,False
7B_L43F,R,4,2,7,False,0.6255557529109621,40,58,18.625,104.75,10,15,3.1997127996118655,1.3185772635685777,4,0,0,0,0.11173184357541899,0.10903426791277258,0.11952191235059761,True,False,,0,0,0.0,False,True,False
7B_L43F,R,5,2,1,False,2.1594522453622353,0,4,0.0,9.5,0,0,2.799561930016909,2.1594522453622353,3,0,0,0,0.0759493670886076,0.11888111888111888,0.15192743764172337,False,False,,0,0,0.0,False,False,False
7B_L43F,R,5,2,2,False,0.6208880736493504,18,35,6.625,67.75,6,8,2.7998596393390867,1.1770985515240426,0,0,0,0,0.1518987341772152,0.17543859649122806,0.17832957110609482,True,False,,0,0,0.0,False,True,False
7B_L43F,R,5,2,3,False,0.6580585080370884,16,27,5.5,55.375,6,4,3.0003538124694566,1.1367048869429563,0,0,0,0,0.24571428571428572,0.23934426229508196,0.2297872340425532,True,False,,0,0,0.0,False,True,False
7B_L43F,R,5,2,4,False,0.35218461068025064,29,46,12.625,86.0,8,10,3.1999392181727453,1.0712114637175982,0,0,0,0,0.32222222222222224,0.30030959752321984,0.2745490981963928,True,False,,0,0,0.0,False,True,False
7B_L43F,R,5,2,5,False,0.8722253149272843,25,35,6.875,69.0,5,9,3.199938905666794,0.9319012823255475,2,0,1,1,0.2611111111111111,0.25,0.25301204819277107,True,True,,0,0,0.0,False,True,False
7B_L43F,R,5,2,6,False,0.23497659457912043,31,55,14.625,90.875,10,9,2.7997190930520155,1.6832652791523983,5,0,0,0,0.16666666666666666,0.1696113074204947,0.16400911161731208,True,False,,0,0,0.0,False,True,False
7B_L43F,R,5,2,7,False,0.5496189589160841,39,66,20.5,114.25,11,14,3.1997127996118655,1.7258368984350754,7,0,0,1,0.11731843575418995,0.14641744548286603,0.1693227091633466,True,False,,0,0,0.0,False,True,False
7B_L43F,R,6,2,1,False,1.9278853700363,1,6,0.0,18.125,0,0,2.799561930016909,1.9278853700363,2,0,0,0,0.05063291139240506,0.07342657342657342,0.07936507936507936,True,False,,0,0,0.0,False,True,False
7B_L43F,R,6,2,2,False,0.7494671440430193,25,42,10.125,76.5,8,10,2.7998596393390867,1.4785056645140051,0,0,0,0,0.06329113924050633,0.06315789473684211,0.06772009029345373,True,False,,0,0,0.0,False,True,False
7B_L43F,R,6,2,3,False,0.7613212199853621,12,29,5.25,59.25,5,8,3.0003538124694566,1.552402331871477,0,0,0,0,0.07428571428571429,0.09180327868852459,0.1,True,False,,0,0,0.0,False,True,False
7B_L43F,R,6,2,4,False,0.5828155797505759,32,61,14.5,88.25,8,10,3.1999392181727453,1.381279479323428,1,0,0,1,0.1111111111111111,0.11764705882352941,0.12224448897795591,True,False,,0,0,0.0,False,True,False
7B_L43F,R,6,2,5,False,0.3275499961837889,26,46,13.875,80.25,8,10,3.199938905666794,1.090046787986644,0,0,0,0,0.16111111111111112,0.15123456790123457,0.14056224899598393,True,False,,0,0,0.0,False,True,False
7B_L43F,R,6,2,6,False,0.5788022114677865,34,62,16.0,100.875,11,12,2.7997190930520155,1.4947554984009928,4,0,0,0,0.0641025641025641,0.0706713780918728,0.07061503416856492,True,False,,0,0,0.0,False,True,False
7B_L43F,R,6,2,7,False,0.41351662602608885,36,60,16.125,102.625,11,13,3.1997127996118655,1.7759777588697443,5,0,0,0,0.11173184357541899,0.12461059190031153,0.12151394422310757,True,False,,0,0,0.0,False,True,False
7B_L43F,R,7,1,1,False,2.063992732545345,0,3,0.0,8.875,0,0,2.799561930016909,2.063992732545345,2,0,0,0,0.06962025316455696,0.0944055944055944,0.10204081632653061,False,False,,0,0,0.0,False,False,False
7B_L43F,R,7,1,2,False,1.1064587656121667,12,29,2.375,57.625,5,5,2.7998596393390867,1.4075499991119318,0,0,0,0,0.12658227848101267,0.11578947368421053,0.09932279909706546,True,False,,0,0,0.0,False,True,False
7B_L43F,R,7,1,3,False,1.3487783361249546,4,11,1.625,31.875,3,3,3.0003538124694566,1.4168556736661642,0,0,0,0,0.12,0.13114754098360656,0.13617021276595745,True,False,,0,0,0.0,False,True,False
7B_L43F,R,7,1,4,False,0.767610578353373,20,43,8.5,79.0,7,11,3.1999392181727453,1.3438869000031215,0,0,0,0,0.16666666666666666,0.17027863777089783,0.1623246492985972,True,False,,0,0,0.0,False,True,False
7B_L43F,R,7,1,5,False,0.5366619047407789,16,35,9.5,60.375,7,6,3.199938905666794,1.21998934421576,0,0,0,0,0.18888888888888888,0.17901234567901234,0.1686746987951807,True,False,,0,0,0.0,False,True,False
7B_L43F,R,7,1,6,False,0.1663309953075496,30,54,12.0,92.875,9,9,2.7997190930520155,1.7032715579143567,1,0,0,0,0.10897435897435898,0.10954063604240283,0.09111617312072894,True,False,,0,0,0.0,False,True,False
7B_L43F,R,7,1,7,False,0.3755223029328618,33,48,17.5,102.75,10,12,3.1997127996118655,1.5103711464405034,4,0,0,1,0.12290502793296089,0.11526479750778816,0.12350597609561753,True,False,,0,0,0.0,False,True,False
7B_L43F,R,8,1,1,False,1.8550261453683075,1,9,0.0,16.625,0,0,2.799561930016909,1.8550261453683075,2,0,0,0,0.08227848101265822,0.13986013986013987,0.17687074829931973,True,False,,0,0,0.0,False,True,False
7B_L43F,R,8,1,2,False,0.8438299591742406,20,41,6.875,68.0,7,9,2.7998596393390867,1.5705107449489164,1,0,0,1,0.15822784810126583,0.19649122807017544,0.1963882618510158,True,False,,0,0,0.0,False,True,False
7B_L43F,R,8,1,3,False,1.0250019512176547,6,16,2.0,36.0,3,2,3.0003538124694566,1.0250019512176547,1,0,1,1,0.30857142857142855,0.29180327868852457,0.2723404255319149,True,True,,0,0,0.0,False,True,False
7B_L43F,R,8,1,4,False,0.5913180193432291,28,52,14.375,84.125,8,12,3.1999392181727453,0.7479846255104444,2,0,1,1,0.3611111111111111,0.34365325077399383,0.3026052104208417,True,True,,0,0,0.0,False,True,False
7B_L43F,R,8,1,5,False,0.7533166664822962,25,39,8.75,61.0,7,6,3.199938905666794,1.228767268444273,1,0,0,1,0.28888888888888886,0.28703703703703703,0.28313253012048195,True,False,,0,0,0.0,False,True,False
7B_L43F,R,8,1,6,False,0.5105193434141356,27,49,13.0,87.125,8,10,2.7997190930520155,1.6805576455450733,3,0,0,0,0.09615384615384616,0.14487632508833923,0.16856492027334852,True,False,,0,0,0.0,False,True,False
7B_L43F,R,8,1,7,False,0.47714358425949704,32,53,17.375,96.0,10,13,3.1997127996118655,1.5649674118012813,4,0,0,0,0.12849162011173185,0.1588785046728972,0.19322709163346613,True,False,,0,0,0.0,False,True,False
7B_L43F,S,1,3,1,False,2.01142934253232,0,3,0.0,13.0,0,0,2.799561930016909,2.01142934253232,0,0,0,0,0.056962025316455694,0.08391608391608392,0.09750566893424037,False,False,,0,0,0.0,False,False,False
7B_L43F,S,1,3,2,False,0.6687936901616219,20,37,6.0,65.875,5,6,2.7998596393390867,1.706641731588678,0,0,0,0,0.10759493670886076,0.10175438596491228,0.08803611738148984,True,False,,0,0,0.0,False,True,False
7B_L43F,S,1,3,3,False,1.5274936988413401,2,9,0.5,25.0,2,1,3.0003538124694566,1.5274936988413401,0,0,0,0,0.09142857142857143,0.11147540983606558,0.1127659574468085,True,False,,0,0,0.0,False,True,False
7B_L43F,S,1,3,4,False,0.1819065694250757,28,48,10.75,84.5,9,10,3.1999392181727453,1.3133944571224592,0,0,0,0,0.1388888888888889,0.14241486068111456,0.1402805611222445,True,False,,0,0,0.0,False,True,False
7B_L43F,S,1,3,5,False,0.27937788029835114,21,39,8.875,66.625,7,7,3.199938905666794,1.5643871004326266,0,0,0,0,0.17222222222222222,0.1728395061728395,0.15863453815261044,True,False,,0,0,0.0,False,True,False
7B_L43F,S,1,3,6,False,0.19482043014016784,30,52,11.625,95.0,10,11,2.7997190930520155,1.5243700338172488,0,0,0,0,0.10897435897435898,0.09187279151943463,0.08200455580865604,True,False,,0,0,0.0,False,True,False
7B_L43F,S,1,3,7,False,0.6006313345139429,26,47,13.625,87.0,8,10,3.1997127996118655,1.5393183556366756,3,0,0,0,0.10614525139664804,0.1059190031152648,0.11952191235059761,True,False,,0,0,0.0,False,True,False
7B_L43F,S,2,3,1,False,2.0159069919021566,0,5,0.0,14.0,0,0,2.799561930016909,2.0159069919021566,2,0,0,0,0.04430379746835443,0.10839160839160839,0.1473922902494331,False,False,,0,0,0.0,False,False,False
7B_L43F,S,2,3,2,False,1.0689307741851197,18,36,4.5,61.25,5,6,2.7998596393390867,1.7533265525851138,1,0,0,1,0.12025316455696203,0.1649122807017544,0.17607223476297967,True,False,,0,0,0.0,False,True,False
7B_L43F,S,2,3,3,False,1.4337548604974277,4,11,0.875,29.5,2,1,3.0003538124694566,1.4337548604974277,1,0,1,1,0.24571428571428572,0.22950819672131148,0.2297872340425532,True,True,,0,0,0.0,False,True,False
7B_L43F,S,2,3,4,False,0.8489793872644971,28,49,11.375,81.875,8,11,3.1999392181727453,1.1775996773097386,1,0,1,1,0.32222222222222224,0.29721362229102166,0.2685370741482966,True,True,,0,0,0.0,False,True,False
7B_L43F,S,2,3,5,False,0.7304813481533943,26,38,9.5,63.0,6,8,3.199938905666794,1.3770646317439135,1,0,0,1,0.21666666666666667,0.24074074074074073,0.2469879518072289,True,False,,0,0,0.0,False,True,False
7B_L43F,S,2,3,6,False,0.5625522197983045,27,53,13.25,90.0,7,9,2.7997190930520155,1.821829026006557,1,0,0,0,0.07051282051282051,0.12367491166077739,0.15945330296127563,True,False,,0,0,0.0,False,True,False
7B_L43F,S,2,3,7,False,0.28877326746082294,34,59,17.625,100.125,10,12,3.1997127996118655,1.5992335664311197,3,0,0,0,0.1005586592178771,0.13395638629283488,0.1593625498007968,True,False,,0,0,0.0,False,True,False
7B_L43F,S,3,3,1,False,11.462491439473357,0,0,0.0,0.0,0,0,2.799561930016909,9.383931212450356,0,0,0,0,0.0,0.0,0.0,False,False,,0,0,0.0,False,False,True
7B_L43F,S,3,3,2,False,10.647821702113536,0,0,0.0,0.0,0,0,2.7998596393390867,9.383931212450356,0,0,0,0,0.0,0.0,0.0,False,False,,0,0,0.0,False,False,True
7B_L43F,S,3,3,3,False,10.321265716955455,0,0,0.0,0.0,0,0,3.0003538124694566,9.383931212450356,0,0,0,0,0.0,0.0,0.0,False,False,,0,0,0.0,False,False,True
7B_L43F,S,3,3,4,False,10.233614317532199,0,0,0.0,0.0,0,0,3.1999392181727453,9.383931212450356,0,0,0,0,0.0,0.0,0.0,False,False,,0,0,0.0,False,False,True
7B_L43F,S,3,3,5,False,10.891685544487594,0,0,0.0,0.0,0,0,3.199938905666794,9.383931212450356,0,0,0,0,0.0,0.0,0.0,False,False,,0,0,0.0,False,False,True
7B_L43F,S,3,3,6,False,9.383445316087263,0,0,0.0,0.0,0,0,2.7997190930520155,9.383315366953813,2,0,0,0,0.0,0.0,0.0,False,False,,0,0,0.0,False,False,True
7B_L43F,S,3,3,7,False,5.98875863597791,0,0,0.0,0.0,0,0,3.1997127996118655,9.383931212450356,0,0,0,0,0.0,0.0,0.0,False,False,,0,0,0.0,False,False,True
7B_L43F,S,4,3,1,False,12.744774419345367,0,0,0.0,0.0,0,0,2.799561930016909,10.969379289640777,0,0,0,0,0.0,0.0,0.0,False,False,,0,0,0.0,False,False,True
7B_L43F,S,4,3,2,False,11.57912367150468,0,0,0.0,0.0,0,0,2.7998596393390867,10.969379289640777,0,0,0,0,0.0,0.0,0.0,False,False,,0,0,0.0,False,False,True
7B_L43F,S,4,3,3,False,9.88149325760029,0,0,0.0,0.0,0,0,3.0003538124694566,10.969379289640777,3,0,0,0,0.0,0.0,0.0,False,False,,0,0,0.0,False,False,True
7B_L43F,S,4,3,4,False,11.077581459867492,0,0,0.0,0.0,0,0,3.1999392181727453,10.946317414086911,4,0,0,0,0.0,0.0,0.0,False,False,,0,0,0.0,False,False,True
7B_L43F,S,4,3,5,False,11.519533801330677,0,0,0.0,0.0,0,0,3.199938905666794,10.969379289640777,0,0,0,0,0.0,0.0,0.0,False,False,,0,0,0.0,False,False,True
7B_L43F,S,4,3,6,False,8.99866217834629,0,0,0.0,0.0,0,0,2.7997190930520155,10.969379289640777,6,0,0,0,0.0,0.0,0.0,False,False,,0,0,0.0,False,False,True
7B_L43F,S,4,3,7,False,7.579806725768146,0,0,0.0,0.0,0,0,3.1997127996118655,10.969379289640777,0,0,0,0,0.0,0.0,0.0,False,False,,0,0,0.0,False,False,True
7B_L43F,S,5,2,1,False,2.0460999486828597,0,5,0.0,19.125,0,0,2.799561930016909,2.0460999486828597,1,0,0,0,0.06962025316455696,0.0979020979020979,0.11791383219954649,False,False,,0,0,0.0,False,False,False
7B_L43F,S,5,2,2,False,0.9551094178155721,25,45,5.875,72.25,8,8,2.7998596393390867,1.4581570560128285,0,0,0,0,0.12025316455696203,0.14035087719298245,0.1309255079006772,True,False,,0,0,0.0,False,True,False
7B_L43F,S,5,2,3,False,1.3349943820106507,8,19,1.125,40.125,3,2,3.0003538124694566,1.3349943820106507,0,0,0,0,0.16,0.16721311475409836,0.16595744680851063,True,False,,0,0,0.0,False,True,False
7B_L43F,S,5,2,4,False,0.5586009308978988,31,57,13.875,91.875,9,9,3.1999392181727453,1.102576074472868,0,0,0,0,0.24444444444444444,0.22910216718266255,0.21042084168336672,True,False,,0,0,0.0,False,True,False
7B_L43F,S,5,2,5,False,0.7009379430448891,24,44,10.125,74.5,7,10,3.199938905666794,1.058864958339825,1,0,0,0,0.21666666666666667,0.2191358024691358,0.21485943775100402,True,False,,0,0,0.0,False,True,False
7B_L43F,S,5,2,6,False,0.510889420520723,33,57,13.375,100.125,10,11,2.7997190930520155,1.5227294572575916,3,0,0,0,0.08974358974358974,0.10954063604240283,0.12300683371298406,True,False,,0,0,0.0,False,True,False
7B_L43F,S,5,2,7,False,0.31749645667314214,35,54,19.5,99.375,9,15,3.1997127996118655,1.550383823445021,3,0,0,0,0.12849162011173185,0.1277258566978193,0.14143426294820718,True,False,,0,0,0.0,False,True,False
7B_L43F,S,6,2,1,False,2.139033660324213,0,2,0.0,8.25,0,0,2.799561930016909,2.139033660324213,1,0,0,0,0.08227848101265822,0.13286713286713286,0.16326530612244897,False,False,,0,0,0.0,False,False,False
7B_L43F,S,6,2,2,False,0.9421464854257005,14,35,4.625,62.0,6,5,2.7998596393390867,1.3884228462539787,1,0,0,0,0.17088607594936708,0.18596491228070175,0.18284424379232506,True,False,,0,0,0.0,False,True,False
7B_L43F,S,6,2,3,False,0.5074297981001904,17,31,6.25,60.0,6,6,3.0003538124694566,1.3164657230630803,0,0,0,0,0.26857142857142857,0.25245901639344265,0.23617021276595745,True,False,,0,0,0.0,False,True,False
7B_L43F,S,6,2,4,False,0.15326447729333717,30,48,11.5,85.5,9,8,3.1999392181727453,1.0894099320274253,1,0,0,1,0.31666666666666665,0.30340557275541796,0.26452905811623245,True,False,,0,0,0.0,False,True,False
7B_L43F,S,6,2,5,False,0.5751408523135872,21,39,9.75,72.25,7,7,3.199938905666794,1.0068341472159155,1,0,0,0,0.25555555555555554,0.25617283950617287,0.25100401606425704,True,False,,0,0,0.0,False,True,False
7B_L43F,S,6,2,6,False,0.7114696058160183,29,52,15.0,95.0,10,11,2.7997190930520155,1.0792506659715344,5,0,0,0,0.14102564102564102,0.1413427561837456,0.15945330296127563,True,False,,0,0,0.0,False,True,False
7B_L43F,S,6,2,7,False,0.5528019536868517,36,59,18.5,101.25,9,14,3.1997127996118655,1.8154194680421618,7,0,1,1,0.16201117318435754,0.16199376947040497,0.18127490039840638,True,True,,0,0,0.0,False,True,False
7B_L43F,S,7,2,1,False,1.9265183622275706,1,2,0.0,11.5,0,0,2.799561930016909,1.9265183622275706,3,0,0,0,0.0379746835443038,0.11888111888111888,0.1746031746031746,True,False,,0,0,0.0,False,True,False
7B_L43F,S,7,2,2,False,0.9869979736554686,17,35,4.0,59.375,4,5,2.7998596393390867,1.4961530670355894,2,0,0,2,0.13924050632911392,0.18947368421052632,0.21670428893905191,True,False,,0,0,0.0,False,True,False
7B_L43F,S,7,2,3,False,1.2878117098396022,5,17,1.5,38.375,2,3,3.0003538124694566,1.2878117098396022,2,0,1,1,0.22857142857142856,0.25573770491803277,0.26170212765957446,True,True,,0,0,0.0,False,True,False
7B_L43F,S,7,2,4,False,0.4399568160626676,24,49,11.75,73.375,6,7,3.1999392181727453,1.1629148722069043,2,0,1,1,0.28888888888888886,0.29721362229102166,0.2985971943887776,True,True,,0,0,0.0,False,True,False
7B_L43F,S,7,2,5,False,0.625504596306054,27,41,10.875,71.125,6,11,3.199938905666794,1.169679015798779,2,0,0,2,0.25555555555555554,0.2716049382716049,0.2751004016064257,True,False,,0,0,0.0,False,True,False
7B_L43F,S,7,2,6,False,0.6927200011548678,32,57,14.125,98.125,9,9,2.7997190930520155,0.782826928509744,2,0,0,1,0.24358974358974358,0.22968197879858657,0.22323462414578588,True,False,,0,0,0.0,False,True,False
7B_L43F,S,7,2,7,False,0.4532129742185233,41,62,19.75,115.0,10,12,3.1997127996118655,1.928005186715015,6,0,0,1,0.11731843575418995,0.17133956386292834,0.21314741035856574,True,False,,0,0,0.0,False,True,False
7B_G199F,R,1,6,1,False,12.056767933405702,0,0,0.0,0.0,0,0,3.199938905666794,10.756692103058448,0,0,0,0,0.0,0.0,0.0,False,False,,0,0,0.0,False,False,True
7B_G199F,R,2,1,1,False,10.842811074624514,0,0,0.0,0.0,0,0,3.199938905666794,9.100147965830006,0,0,0,0,0.0,0.0,0.0,False,False,,0,0,0.0,False,False,True
7B_G199F,R,3,1,1,False,11.727391397919657,0,0,0.0,0.0,0,0,3.199938905666794,9.918527410860948,0,0,0,0,0.0,0.0,0.0,False,False,,0,0,0.0,False,False,True
7B_G199F,R,4,1,1,False,0.752455314287832,31,59,15.25,89.875,9,10,3.199938905666794,2.453996332515597,1,0,0,0,0.0,0.018518518518518517,0.04417670682730924,True,False,,0,0,0.0,False,True,False
7B_G199F,R,5,1,1,False,0.6515197617877755,30,53,16.0,85.75,8,11,3.199938905666794,1.5456196168527365,1,0,0,0,0.05555555555555555,0.05864197530864197,0.07028112449799197,True,False,,0,0,0.0,False,True,False
7B_G199F,R,6,1,1,False,11.59139737046401,0,0,0.0,0.0,0,0,3.199938905666794,9.828288355558152,0,0,0,0,0.0,0.0,0.0,False,False,,0,0,0.0,False,False,True
7B_G199F,S,1,3,1,False,10.772423450644707,0,0,0.0,0.0,0,0,3.199938905666794,9.280153339250381,0,0,0,0,0.0,0.0,0.0,False,False,,0,0,0.0,False,False,True
7B_G199F,S,2,3,1,False,11.516608224646701,0,0,0.0,0.0,0,0,3.199938905666794,10.971719555293053,0,0,0,0,0.0,0.0,0.0,False,False,,0,0,0.0,False,False,True
7B_G199F,S,3,1,1,False,12.241041213883728,0,0,0.0,0.0,0,0,3.199938905666794,10.904403560030232,0,0,0,0,0.0,0.0,0.0,False,False,,0,0,0.0,False,False,True
7B_G199F,S,4,1,1,False,11.815532235155555,0,0,0.0,0.0,0,0,3.199938905666794,9.796381015456678,0,0,0,0,0.0,0.0,0.0,False,False,,0,0,0.0,False,False,True
7B_G199F,S,5,1,1,False,0.7935445797181162,27,47,12.625,85.875,8,9,3.199938905666794,2.0120882187419116,2,0,0,0,0.022222222222222223,0.04938271604938271,0.08032128514056225,True,False,,0,0,0.0,False,True,False
7B_L43F_G199F,R,1,6,1,False,12.757921774332997,0,0,0.0,0.0,0,0,2.799561930016909,10.609245920422431,0,0,0,0,0.0,0.0,0.0,False,False,,0,0,0.0,False,False,True
7B_L43F_G199F,R,1,6,2,False,12.181766456470918,0,0,0.0,0.0,0,0,3.199938905666794,10.609245920422431,0,0,0,0,0.0,0.0,0.0,False,False,,0,0,0.0,False,False,True
7B_L43F_G199F,R,2,3,1,False,12.069599910518988,0,0,0.0,0.0,0,0,2.799561930016909,9.809592295299534,0,0,0,0,0.0,0.0,0.0,False,False,,0,0,0.0,False,False,True
7B_L43F_G199F,R,2,3,2,False,11.570940324796425,0,0,0.0,0.0,0,0,3.199938905666794,9.809592295299534,0,0,0,0,0.0,0.0,0.0,False,False,,0,0,0.0,False,False,True
7B_L43F_G199F,R,3,2,1,False,0.9385653946316154,5,17,2.375,37.375,1,2,2.799561930016909,2.038708169405322,0,0,0,0,0.02531645569620253,0.06293706293706294,0.05895691609977324,True,False,,0,0,0.0,False,True,False
7B_L43F_G199F,R,3,2,2,False,0.5200596119677056,31,54,17.875,91.5,8,11,3.199938905666794,1.4379002051602885,1,0,0,0,0.08888888888888889,0.08950617283950617,0.10642570281124498,True,False,,0,0,0.0,False,True,False
7B_L43F_G199F,R,4,1,1,False,11.353507035273287,0,0,0.0,0.0,0,0,2.799561930016909,9.113559622891595,0,0,0,0,0.0,0.0,0.0,False,False,,0,0,0.0,False,False,True
7B_L43F_G199F,R,4,1,2,False,10.851329227334316,0,0,0.0,0.0,0,0,3.199938905666794,9.113559622891595,0,0,0,0,0.0,0.0,0.0,False,False,,0,0,0.0,False,False,True
7B_L43F_G199F,R,5,1,1,False,0.7870635298373312,10,21,4.5,40.0,3,3,2.799561930016909,2.30428578956691,0,0,0,0,0.006329113924050633,0.027972027972027972,0.027210884353741496,True,False,,0,0,0.0,False,True,False
7B_L43F_G199F,R,5,1,2,False,0.6185992240538293,33,56,16.0,89.625,9,10,3.199938905666794,2.3728946457860287,1,0,0,0,0.0,0.018518518518518517,0.04216867469879518,True,False,,0,0,0.0,False,True,False
7B_L43F_G199F,S,1,3,1,False,11.41917860443561,0,0,0.0,0.0,0,0,2.799561930016909,9.348484529590879,0,0,0,0,0.0,0.0,0.0,False,False,,0,0,0.0,False,False,True
7B_L43F_G199F,S,1,3,2,False,10.843213638031854,0,0,0.0,0.0,0,0,3.199938905666794,9.348484529590879,0,0,0,0,0.0,0.0,0.0,False,False,,0,0,0.0,False,False,True
7B_L43F_G199F,S,2,3,1,False,12.7920011335209,0,0,0.0,0.0,0,0,2.799561930016909,11.001494307592946,0,0,0,0,0.0,0.0,0.0,False,False,,0,0,0.0,False,False,True
7B_L43F_G199F,S,2,3,2,False,11.524326487912427,0,0,0.0,0.0,0,0,3.199938905666794,11.001494307592946,0,0,0,0,0.0,0.0,0.0,False,False,,0,0,0.0,False,False,True
7B_L43F_G199F,S,3,1,1,False,0.890436971379783,10,17,3.125,46.0,2,5,2.799561930016909,2.0593236753847117,0,0,0,0,0.05063291139240506,0.06293706293706294,0.06349206349206349,True,False,,0,0,0.0,False,True,False
7B_L43F_G199F,S,3,1,2,False,0.47518627926319557,29,55,14.375,93.375,8,11,3.199938905666794,2.213370506715945,2,0,0,0,0.044444444444444446,0.05864197530864197,0.08032128514056225,True,False,,0,0,0.0,False,True,False
7B_L43F_G199F,S,4,1,1,False,12.900161006747163,0,0,0.0,0.0,0,0,2.799561930016909,10.904403560030232,0,0,0,0,0.0,0.0,0.0,False,False,,0,0,0.0,False,False,True
7B_L43F_G199F,S,4,1,2,False,12.241041213883728,0,0,0.0,0.0,0,0,3.199938905666794,10.904403560030232,0,0,0,0,0.0,0.0,0.0,False,False,,0,0,0.0,False,False,True
7B_L43F_G199F,S,5,1,1,False,11.956888642117566,0,0,0.0,0.0,0,0,2.799561930016909,9.789459842095477,0,0,0,0,0.0,0.0,0.0,False,False,,0,0,0.0,False,False,True
7B_L43F_G199F,S,5,1,2,False,11.797191911637277,0,0,0.0,0.0,0,0,3.199938905666794,9.789459842095477,0,0,0,0,0.0,0.0,0.0,False,False,,0,0,0.0,False,False,True
