site_id,auth_asym_id,residue_number,insertion_code,residue_name,distance_band,target_id,uniprot_accession,uniprot_position,mapping_outcome
1,A,76,,SER,DIRECT,1708,O14717,76,MATCH
1,A,76,,SER,NEAR_SHELL,1708,O14717,76,MATCH
1,A,77,,PRO,NEAR_SHELL,1708,O14717,77,MATCH
1,A,78,,PRO,DIRECT,1708,O14717,78,MATCH
1,A,78,,PRO,NEAR_SHELL,1708,O14717,78,MATCH
1,A,119,,GLU,NEAR_SHELL,1708,O14717,119,MATCH
1,A,375,,ASN,DIRECT,1708,O14717,328,MATCH
1,A,375,,ASN,NEAR_SHELL,1708,O14717,328,MATCH
1,A,376,,SER,NEAR_SHELL,1708,O14717,329,MATCH
2,A,50,,ARG,NEAR_SHELL,3552,,,
2,A,51,,THR,NEAR_SHELL,3552,,,
2,A,77,,LYS,NEAR_SHELL,3552,,,
2,A,78,,ARG,NEAR_SHELL,3552,,,
2,A,79,,VAL,NEAR_SHELL,3552,,,
2,A,80,,PHE,DIRECT,3552,,,
2,A,80,,PHE,NEAR_SHELL,3552,,,
2,A,87,,GLU,DIRECT,3552,,,
2,A,87,,GLU,NEAR_SHELL,3552,,,
2,A,108,,ILE,DIRECT,3552,,,
2,A,108,,ILE,NEAR_SHELL,3552,,,
2,A,109,,TRP,DIRECT,3552,,,
2,A,109,,TRP,NEAR_SHELL,3552,,,
2,A,112,,ASN,DIRECT,3552,,,
2,A,112,,ASN,NEAR_SHELL,3552,,,
2,A,192,,LEU,NEAR_SHELL,3552,,,
2,A,196,,HIS,NEAR_SHELL,3552,,,
2,A,218,,ASP,DIRECT,3552,,,
2,A,218,,ASP,NEAR_SHELL,3552,,,
2,A,221,,LEU,DIRECT,3552,,,
2,A,221,,LEU,NEAR_SHELL,3552,,,
2,A,222,,GLY,DIRECT,3552,,,
2,A,222,,GLY,NEAR_SHELL,3552,,,
2,A,225,,PHE,DIRECT,3552,,,
2,A,225,,PHE,NEAR_SHELL,3552,,,
2,A,226,,ASN,NEAR_SHELL,3552,,,
2,A,258,,TYR,DIRECT,3552,,,
2,A,258,,TYR,NEAR_SHELL,3552,,,
2,A,307,,ILE,NEAR_SHELL,3552,,,
2,A,311,,MET,DIRECT,3552,,,
2,A,311,,MET,NEAR_SHELL,3552,,,
2,A,312,,ALA,DIRECT,3552,,,
2,A,312,,ALA,NEAR_SHELL,3552,,,
2,B,175,,ARG,NEAR_SHELL,3552,,,
3,A,50,,ARG,DIRECT,3552,,,
3,A,50,,ARG,NEAR_SHELL,3552,,,
3,A,51,,THR,NEAR_SHELL,3552,,,
3,A,87,,GLU,NEAR_SHELL,3552,,,
3,A,109,,TRP,NEAR_SHELL,3552,,,
3,A,135,,TYR,NEAR_SHELL,3552,,,
3,A,192,,LEU,DIRECT,3552,,,
3,A,192,,LEU,NEAR_SHELL,3552,,,
3,A,193,,PRO,NEAR_SHELL,3552,,,
3,A,195,,CYS,DIRECT,3552,,,
3,A,195,,CYS,NEAR_SHELL,3552,,,
3,A,196,,HIS,DIRECT,3552,,,
3,A,196,,HIS,NEAR_SHELL,3552,,,
3,A,215,,ARG,DIRECT,3552,,,
3,A,215,,ARG,NEAR_SHELL,3552,,,
3,A,216,,SER,DIRECT,3552,,,
3,A,216,,SER,NEAR_SHELL,3552,,,
3,A,218,,ASP,DIRECT,3552,,,
3,A,218,,ASP,NEAR_SHELL,3552,,,
3,A,221,,LEU,NEAR_SHELL,3552,,,
3,A,222,,GLY,DIRECT,3552,,,
3,A,222,,GLY,NEAR_SHELL,3552,,,
3,A,226,,ASN,DIRECT,3552,,,
3,A,226,,ASN,NEAR_SHELL,3552,,,
3,A,256,,HIS,DIRECT,3552,,,
3,A,256,,HIS,NEAR_SHELL,3552,,,
3,A,258,,TYR,DIRECT,3552,,,
3,A,258,,TYR,NEAR_SHELL,3552,,,
3,B,175,,ARG,DIRECT,3552,,,
3,B,175,,ARG,NEAR_SHELL,3552,,,
3,B,176,,ARG,DIRECT,3552,,,
3,B,176,,ARG,NEAR_SHELL,3552,,,
4,A,175,,ARG,NEAR_SHELL,3552,,,
4,B,50,,ARG,NEAR_SHELL,3552,,,
4,B,51,,THR,NEAR_SHELL,3552,,,
4,B,77,,LYS,NEAR_SHELL,3552,,,
4,B,78,,ARG,NEAR_SHELL,3552,,,
4,B,79,,VAL,NEAR_SHELL,3552,,,
4,B,80,,PHE,NEAR_SHELL,3552,,,
4,B,87,,GLU,DIRECT,3552,,,
4,B,87,,GLU,NEAR_SHELL,3552,,,
4,B,91,,PHE,NEAR_SHELL,3552,,,
4,B,108,,ILE,DIRECT,3552,,,
4,B,108,,ILE,NEAR_SHELL,3552,,,
4,B,109,,TRP,DIRECT,3552,,,
4,B,109,,TRP,NEAR_SHELL,3552,,,
4,B,112,,ASN,DIRECT,3552,,,
4,B,112,,ASN,NEAR_SHELL,3552,,,
4,B,192,,LEU,NEAR_SHELL,3552,,,
4,B,196,,HIS,NEAR_SHELL,3552,,,
4,B,218,,ASP,DIRECT,3552,,,
4,B,218,,ASP,NEAR_SHELL,3552,,,
4,B,221,,LEU,DIRECT,3552,,,
4,B,221,,LEU,NEAR_SHELL,3552,,,
4,B,222,,GLY,DIRECT,3552,,,
4,B,222,,GLY,NEAR_SHELL,3552,,,
4,B,225,,PHE,DIRECT,3552,,,
4,B,225,,PHE,NEAR_SHELL,3552,,,
4,B,226,,ASN,NEAR_SHELL,3552,,,
4,B,256,,HIS,NEAR_SHELL,3552,,,
4,B,258,,TYR,DIRECT,3552,,,
4,B,258,,TYR,NEAR_SHELL,3552,,,
4,B,306,,THR,NEAR_SHELL,3552,,,
4,B,307,,ILE,NEAR_SHELL,3552,,,
4,B,308,,LYS,DIRECT,3552,,,
4,B,308,,LYS,NEAR_SHELL,3552,,,
4,B,309,,MET,NEAR_SHELL,3552,,,
4,B,311,,MET,DIRECT,3552,,,
4,B,311,,MET,NEAR_SHELL,3552,,,
4,B,312,,ALA,DIRECT,3552,,,
4,B,312,,ALA,NEAR_SHELL,3552,,,
5,A,175,,ARG,DIRECT,3552,,,
5,A,175,,ARG,NEAR_SHELL,3552,,,
5,A,176,,ARG,DIRECT,3552,,,
5,A,176,,ARG,NEAR_SHELL,3552,,,
5,B,50,,ARG,DIRECT,3552,,,
5,B,50,,ARG,NEAR_SHELL,3552,,,
5,B,51,,THR,NEAR_SHELL,3552,,,
5,B,87,,GLU,NEAR_SHELL,3552,,,
5,B,109,,TRP,NEAR_SHELL,3552,,,
5,B,135,,TYR,NEAR_SHELL,3552,,,
5,B,192,,LEU,DIRECT,3552,,,
5,B,192,,LEU,NEAR_SHELL,3552,,,
5,B,195,,CYS,DIRECT,3552,,,
5,B,195,,CYS,NEAR_SHELL,3552,,,
5,B,196,,HIS,DIRECT,3552,,,
5,B,196,,HIS,NEAR_SHELL,3552,,,
5,B,214,,GLN,DIRECT,3552,,,
5,B,214,,GLN,NEAR_SHELL,3552,,,
5,B,215,,ARG,DIRECT,3552,,,
5,B,215,,ARG,NEAR_SHELL,3552,,,
5,B,216,,SER,DIRECT,3552,,,
5,B,216,,SER,NEAR_SHELL,3552,,,
5,B,218,,ASP,DIRECT,3552,,,
5,B,218,,ASP,NEAR_SHELL,3552,,,
5,B,222,,GLY,DIRECT,3552,,,
5,B,222,,GLY,NEAR_SHELL,3552,,,
5,B,226,,ASN,DIRECT,3552,,,
5,B,226,,ASN,NEAR_SHELL,3552,,,
5,B,256,,HIS,DIRECT,3552,,,
5,B,256,,HIS,NEAR_SHELL,3552,,,
5,B,258,,TYR,DIRECT,3552,,,
5,B,258,,TYR,NEAR_SHELL,3552,,,
6,A,52,,ILE,NEAR_SHELL,4935,P22061,52,MATCH
6,A,55,,GLN,NEAR_SHELL,4935,P22061,55,MATCH
6,A,57,,THR,NEAR_SHELL,4935,P22061,57,MATCH
6,A,59,,SER,DIRECT,4935,P22061,59,MATCH
6,A,59,,SER,NEAR_SHELL,4935,P22061,59,MATCH
6,A,87,,GLY,NEAR_SHELL,4935,P22061,87,MATCH
6,A,88,,SER,DIRECT,4935,P22061,88,MATCH
6,A,88,,SER,NEAR_SHELL,4935,P22061,88,MATCH
6,A,114,,LEU,NEAR_SHELL,4935,P22061,114,MATCH
6,A,143,,ARG,NEAR_SHELL,4935,P22061,143,MATCH
6,A,158,,GLY,DIRECT,4935,P22061,158,MATCH
6,A,158,,GLY,NEAR_SHELL,4935,P22061,158,MATCH
6,A,213,,VAL,DIRECT,4935,P22061,213,MATCH
6,A,213,,VAL,NEAR_SHELL,4935,P22061,213,MATCH
6,A,214,,PRO,DIRECT,4935,P22061,214,MATCH
6,A,214,,PRO,NEAR_SHELL,4935,P22061,214,MATCH
6,A,215,,LEU,NEAR_SHELL,4935,P22061,215,MATCH
6,A,216,,THR,NEAR_SHELL,4935,P22061,216,MATCH
6,A,221,,GLN,DIRECT,4935,P22061,221,MATCH
6,A,221,,GLN,NEAR_SHELL,4935,P22061,221,MATCH
7,A,16,,VAL,NEAR_SHELL,6157,P50135,16,MATCH
7,A,19,,PHE,DIRECT,6157,P50135,19,MATCH
7,A,19,,PHE,NEAR_SHELL,6157,P50135,19,MATCH
7,A,94,,GLN,DIRECT,6157,P50135,94,MATCH
7,A,94,,GLN,NEAR_SHELL,6157,P50135,94,MATCH
7,A,119,,THR,DIRECT,6157,P50135,119,MATCH
7,A,119,,THR,NEAR_SHELL,6157,P50135,119,MATCH
7,A,120,,SER,DIRECT,6157,P50135,120,MATCH
7,A,120,,SER,NEAR_SHELL,6157,P50135,120,MATCH
7,A,121,,SER,NEAR_SHELL,6157,P50135,121,MATCH
7,A,143,,GLN,DIRECT,6157,P50135,143,MATCH
7,A,143,,GLN,NEAR_SHELL,6157,P50135,143,MATCH
7,A,147,,TYR,DIRECT,6157,P50135,147,MATCH
7,A,147,,TYR,NEAR_SHELL,6157,P50135,147,MATCH
7,A,148,,VAL,NEAR_SHELL,6157,P50135,148,MATCH
8,A,15,,TYR,DIRECT,6157,,,
8,A,15,,TYR,NEAR_SHELL,6157,,,
8,A,16,,VAL,DIRECT,6157,P50135,16,MATCH
8,A,16,,VAL,NEAR_SHELL,6157,P50135,16,MATCH
8,A,18,,SER,NEAR_SHELL,6157,,,
8,A,19,,PHE,DIRECT,6157,P50135,19,MATCH
8,A,19,,PHE,NEAR_SHELL,6157,P50135,19,MATCH
8,A,94,,GLN,NEAR_SHELL,6157,P50135,94,MATCH
8,A,143,,GLN,NEAR_SHELL,6157,P50135,143,MATCH
8,A,146,,TYR,DIRECT,6157,,,
8,A,146,,TYR,NEAR_SHELL,6157,,,
8,A,147,,TYR,DIRECT,6157,P50135,147,MATCH
8,A,147,,TYR,NEAR_SHELL,6157,P50135,147,MATCH
8,A,173,,VAL,DIRECT,6157,,,
8,A,173,,VAL,NEAR_SHELL,6157,,,
8,A,179,,TRP,DIRECT,6157,,,
8,A,179,,TRP,NEAR_SHELL,6157,,,
8,A,183,,TRP,DIRECT,6157,,,
8,A,183,,TRP,NEAR_SHELL,6157,,,
8,A,191,,PRO,NEAR_SHELL,6157,,,
8,A,193,,ASP,DIRECT,6157,,,
8,A,193,,ASP,NEAR_SHELL,6157,,,
8,A,195,,LEU,DIRECT,6157,,,
8,A,195,,LEU,NEAR_SHELL,6157,,,
8,A,196,,CYS,DIRECT,6157,,,
8,A,196,,CYS,NEAR_SHELL,6157,,,
8,A,197,,GLN,DIRECT,6157,,,
8,A,197,,GLN,NEAR_SHELL,6157,,,
8,A,243,,PHE,DIRECT,6157,,,
8,A,243,,PHE,NEAR_SHELL,6157,,,
8,A,246,,GLU,DIRECT,6157,,,
8,A,246,,GLU,NEAR_SHELL,6157,,,
8,A,283,,ASN,NEAR_SHELL,6157,,,
9,A,223,,ILE,DIRECT,13942,Q8WTS6,223,MATCH
9,A,223,,ILE,NEAR_SHELL,13942,Q8WTS6,223,MATCH
9,A,224,,SER,NEAR_SHELL,13942,Q8WTS6,224,MATCH
9,A,225,,SER,DIRECT,13942,Q8WTS6,225,MATCH
9,A,225,,SER,NEAR_SHELL,13942,Q8WTS6,225,MATCH
9,A,226,,ALA,DIRECT,13942,Q8WTS6,226,MATCH
9,A,226,,ALA,NEAR_SHELL,13942,Q8WTS6,226,MATCH
9,A,227,,GLY,DIRECT,13942,Q8WTS6,227,MATCH
9,A,227,,GLY,NEAR_SHELL,13942,Q8WTS6,227,MATCH
9,A,228,,GLU,DIRECT,13942,Q8WTS6,228,MATCH
9,A,228,,GLU,NEAR_SHELL,13942,Q8WTS6,228,MATCH
9,A,245,,TYR,NEAR_SHELL,13942,Q8WTS6,245,MATCH
9,A,264,,GLY,DIRECT,13942,Q8WTS6,264,MATCH
9,A,264,,GLY,NEAR_SHELL,13942,Q8WTS6,264,MATCH
9,A,265,,ASN,DIRECT,13942,Q8WTS6,265,MATCH
9,A,265,,ASN,NEAR_SHELL,13942,Q8WTS6,265,MATCH
9,A,282,,ASN,NEAR_SHELL,13942,Q8WTS6,282,MATCH
9,A,293,,HIS,DIRECT,13942,Q8WTS6,293,MATCH
9,A,293,,HIS,NEAR_SHELL,13942,Q8WTS6,293,MATCH
9,A,294,,LYS,DIRECT,13942,Q8WTS6,294,MATCH
9,A,294,,LYS,NEAR_SHELL,13942,Q8WTS6,294,MATCH
9,A,295,,ALA,DIRECT,13942,Q8WTS6,295,MATCH
9,A,295,,ALA,NEAR_SHELL,13942,Q8WTS6,295,MATCH
9,A,296,,ASN,DIRECT,13942,Q8WTS6,296,MATCH
9,A,296,,ASN,NEAR_SHELL,13942,Q8WTS6,296,MATCH
9,A,297,,HIS,DIRECT,13942,Q8WTS6,297,MATCH
9,A,297,,HIS,NEAR_SHELL,13942,Q8WTS6,297,MATCH
9,A,305,,TYR,NEAR_SHELL,13942,Q8WTS6,305,MATCH
9,A,335,,TYR,DIRECT,13942,Q8WTS6,335,MATCH
9,A,335,,TYR,NEAR_SHELL,13942,Q8WTS6,335,MATCH
9,A,337,,TYR,NEAR_SHELL,13942,Q8WTS6,337,MATCH
9,A,350,,PRO,NEAR_SHELL,13942,Q8WTS6,350,MATCH
9,A,352,,TRP,DIRECT,13942,Q8WTS6,352,MATCH
9,A,352,,TRP,NEAR_SHELL,13942,Q8WTS6,352,MATCH
9,A,356,,GLU,DIRECT,13942,Q8WTS6,356,MATCH
9,A,356,,GLU,NEAR_SHELL,13942,Q8WTS6,356,MATCH
10,A,223,,ILE,DIRECT,13942,Q8WTS6,223,MATCH
10,A,223,,ILE,NEAR_SHELL,13942,Q8WTS6,223,MATCH
10,A,264,,GLY,NEAR_SHELL,13942,Q8WTS6,264,MATCH
10,A,265,,ASN,DIRECT,13942,Q8WTS6,265,MATCH
10,A,265,,ASN,NEAR_SHELL,13942,Q8WTS6,265,MATCH
10,A,297,,HIS,DIRECT,13942,Q8WTS6,297,MATCH
10,A,297,,HIS,NEAR_SHELL,13942,Q8WTS6,297,MATCH
10,A,298,,SER,NEAR_SHELL,13942,Q8WTS6,298,MATCH
10,A,356,,GLU,DIRECT,13942,Q8WTS6,356,MATCH
10,A,356,,GLU,NEAR_SHELL,13942,Q8WTS6,356,MATCH
11,A,264,,GLY,NEAR_SHELL,13942,Q8WTS6,264,MATCH
11,A,265,,ASN,DIRECT,13942,Q8WTS6,265,MATCH
11,A,265,,ASN,NEAR_SHELL,13942,Q8WTS6,265,MATCH
11,A,282,,ASN,NEAR_SHELL,13942,Q8WTS6,282,MATCH
11,A,356,,GLU,DIRECT,13942,Q8WTS6,356,MATCH
11,A,356,,GLU,NEAR_SHELL,13942,Q8WTS6,356,MATCH
12,A,39,,HIS,DIRECT,3552,,,
12,A,39,,HIS,NEAR_SHELL,3552,,,
12,A,45,,VAL,DIRECT,3552,,,
12,A,45,,VAL,NEAR_SHELL,3552,,,
12,A,57,,SER,NEAR_SHELL,3552,,,
12,A,58,,VAL,NEAR_SHELL,3552,,,
13,A-2,39,,HIS,DIRECT,3552,,,
13,A-2,39,,HIS,NEAR_SHELL,3552,,,
13,A-2,45,,VAL,DIRECT,3552,,,
13,A-2,45,,VAL,NEAR_SHELL,3552,,,
13,A-2,57,,SER,NEAR_SHELL,3552,,,
13,A-2,58,,VAL,NEAR_SHELL,3552,,,
14,A,225,,GLY,DIRECT,18156,Q9NQR1,266,MATCH
14,A,225,,GLY,NEAR_SHELL,18156,Q9NQR1,266,MATCH
14,A,226,,LYS,DIRECT,18156,Q9NQR1,267,MATCH
14,A,226,,LYS,NEAR_SHELL,18156,Q9NQR1,267,MATCH
14,A,227,,GLY,NEAR_SHELL,18156,Q9NQR1,268,MATCH
14,A,228,,ARG,DIRECT,18156,Q9NQR1,269,MATCH
14,A,228,,ARG,NEAR_SHELL,18156,Q9NQR1,269,MATCH
14,A,269,,GLY,NEAR_SHELL,18156,Q9NQR1,310,MATCH
14,A,270,,CYS,NEAR_SHELL,18156,Q9NQR1,311,MATCH
14,A,271,,TYR,DIRECT,18156,Q9NQR1,312,MATCH
14,A,271,,TYR,NEAR_SHELL,18156,Q9NQR1,312,MATCH
14,A,289,,GLU,NEAR_SHELL,18156,Q9NQR1,330,MATCH
14,A,296,,LEU,NEAR_SHELL,18156,Q9NQR1,337,MATCH
14,A,347,,HIS,NEAR_SHELL,18156,Q9NQR1,388,MATCH
14,A,349,,TRP,DIRECT,18156,Q9NQR1,390,MATCH
14,A,349,,TRP,NEAR_SHELL,18156,Q9NQR1,390,MATCH
14,G,23,,ARG,NEAR_SHELL,18156,Q9NQR1,,NOT_MAPPED
14,G,24,,ASP,NEAR_SHELL,18156,Q9NQR1,,NOT_MAPPED
15,B,225,,GLY,DIRECT,18156,Q9NQR1,266,MATCH
15,B,225,,GLY,NEAR_SHELL,18156,Q9NQR1,266,MATCH
15,B,226,,LYS,DIRECT,18156,Q9NQR1,267,MATCH
15,B,226,,LYS,NEAR_SHELL,18156,Q9NQR1,267,MATCH
15,B,227,,GLY,DIRECT,18156,Q9NQR1,268,MATCH
15,B,227,,GLY,NEAR_SHELL,18156,Q9NQR1,268,MATCH
15,B,228,,ARG,DIRECT,18156,Q9NQR1,269,MATCH
15,B,228,,ARG,NEAR_SHELL,18156,Q9NQR1,269,MATCH
15,B,269,,GLY,NEAR_SHELL,18156,Q9NQR1,310,MATCH
15,B,270,,CYS,NEAR_SHELL,18156,Q9NQR1,311,MATCH
15,B,271,,TYR,DIRECT,18156,Q9NQR1,312,MATCH
15,B,271,,TYR,NEAR_SHELL,18156,Q9NQR1,312,MATCH
15,B,289,,GLU,NEAR_SHELL,18156,Q9NQR1,330,MATCH
15,B,347,,HIS,NEAR_SHELL,18156,Q9NQR1,388,MATCH
15,B,349,,TRP,DIRECT,18156,Q9NQR1,390,MATCH
15,B,349,,TRP,NEAR_SHELL,18156,Q9NQR1,390,MATCH
16,C,225,,GLY,DIRECT,18156,Q9NQR1,266,MATCH
16,C,225,,GLY,NEAR_SHELL,18156,Q9NQR1,266,MATCH
16,C,226,,LYS,DIRECT,18156,Q9NQR1,267,MATCH
16,C,226,,LYS,NEAR_SHELL,18156,Q9NQR1,267,MATCH
16,C,227,,GLY,DIRECT,18156,Q9NQR1,268,MATCH
16,C,227,,GLY,NEAR_SHELL,18156,Q9NQR1,268,MATCH
16,C,228,,ARG,DIRECT,18156,Q9NQR1,269,MATCH
16,C,228,,ARG,NEAR_SHELL,18156,Q9NQR1,269,MATCH
16,C,269,,GLY,NEAR_SHELL,18156,Q9NQR1,310,MATCH
16,C,270,,CYS,NEAR_SHELL,18156,Q9NQR1,311,MATCH
16,C,271,,TYR,DIRECT,18156,Q9NQR1,312,MATCH
16,C,271,,TYR,NEAR_SHELL,18156,Q9NQR1,312,MATCH
16,C,289,,GLU,NEAR_SHELL,18156,Q9NQR1,330,MATCH
16,C,296,,LEU,NEAR_SHELL,18156,Q9NQR1,337,MATCH
16,C,347,,HIS,NEAR_SHELL,18156,Q9NQR1,388,MATCH
16,C,349,,TRP,DIRECT,18156,Q9NQR1,390,MATCH
16,C,349,,TRP,NEAR_SHELL,18156,Q9NQR1,390,MATCH
17,D,269,,GLY,NEAR_SHELL,18156,Q9NQR1,310,MATCH
17,D,270,,CYS,NEAR_SHELL,18156,Q9NQR1,311,MATCH
17,D,347,,HIS,NEAR_SHELL,18156,Q9NQR1,388,MATCH
18,A,36,,GLN,DIRECT,19736,Q9UNQ2,36,MATCH
18,A,36,,GLN,NEAR_SHELL,19736,Q9UNQ2,36,MATCH
18,A,37,,HIS,DIRECT,19736,Q9UNQ2,37,MATCH
18,A,37,,HIS,NEAR_SHELL,19736,Q9UNQ2,37,MATCH
18,A,38,,ILE,DIRECT,19736,Q9UNQ2,38,MATCH
18,A,38,,ILE,NEAR_SHELL,19736,Q9UNQ2,38,MATCH
18,A,39,,LEU,NEAR_SHELL,19736,Q9UNQ2,39,MATCH
18,A,63,,VAL,NEAR_SHELL,19736,Q9UNQ2,63,MATCH
18,A,64,,GLY,DIRECT,19736,Q9UNQ2,64,MATCH
18,A,64,,GLY,NEAR_SHELL,19736,Q9UNQ2,64,MATCH
18,A,65,,PRO,NEAR_SHELL,19736,Q9UNQ2,65,MATCH
18,A,66,,GLY,DIRECT,19736,Q9UNQ2,66,MATCH
18,A,66,,GLY,NEAR_SHELL,19736,Q9UNQ2,66,MATCH
18,A,67,,THR,NEAR_SHELL,19736,Q9UNQ2,67,MATCH
18,A,84,,CYS,DIRECT,19736,Q9UNQ2,84,MATCH
18,A,84,,CYS,NEAR_SHELL,19736,Q9UNQ2,84,MATCH
18,A,85,,GLU,DIRECT,19736,Q9UNQ2,85,MATCH
18,A,85,,GLU,NEAR_SHELL,19736,Q9UNQ2,85,MATCH
18,A,86,,LEU,DIRECT,19736,Q9UNQ2,86,MATCH
18,A,86,,LEU,NEAR_SHELL,19736,Q9UNQ2,86,MATCH
18,A,87,,ASP,NEAR_SHELL,19736,Q9UNQ2,87,MATCH
18,A,90,,LEU,DIRECT,19736,Q9UNQ2,90,MATCH
18,A,90,,LEU,NEAR_SHELL,19736,Q9UNQ2,90,MATCH
18,A,112,,GLY,DIRECT,19736,Q9UNQ2,112,MATCH
18,A,112,,GLY,NEAR_SHELL,19736,Q9UNQ2,112,MATCH
18,A,113,,ASP,DIRECT,19736,Q9UNQ2,113,MATCH
18,A,113,,ASP,NEAR_SHELL,19736,Q9UNQ2,113,MATCH
18,A,114,,VAL,DIRECT,19736,Q9UNQ2,114,MATCH
18,A,114,,VAL,NEAR_SHELL,19736,Q9UNQ2,114,MATCH
18,A,128,,ASN,DIRECT,19736,Q9UNQ2,128,MATCH
18,A,128,,ASN,NEAR_SHELL,19736,Q9UNQ2,128,MATCH
18,A,129,,LEU,DIRECT,19736,Q9UNQ2,129,MATCH
18,A,129,,LEU,NEAR_SHELL,19736,Q9UNQ2,129,MATCH
18,A,130,,PRO,DIRECT,19736,Q9UNQ2,130,MATCH
18,A,130,,PRO,NEAR_SHELL,19736,Q9UNQ2,130,MATCH
18,A,131,,TYR,NEAR_SHELL,19736,Q9UNQ2,131,MATCH
18,A,133,,ILE,DIRECT,19736,Q9UNQ2,133,MATCH
18,A,133,,ILE,NEAR_SHELL,19736,Q9UNQ2,133,MATCH
18,A,154,,MET,DIRECT,19736,Q9UNQ2,154,MATCH
18,A,154,,MET,NEAR_SHELL,19736,Q9UNQ2,154,MATCH
18,A,155,,PHE,NEAR_SHELL,19736,Q9UNQ2,155,MATCH
18,A,156,,GLN,NEAR_SHELL,19736,Q9UNQ2,156,MATCH
18,A,196,,PHE,DIRECT,19736,Q9UNQ2,196,MATCH
18,A,196,,PHE,NEAR_SHELL,19736,Q9UNQ2,196,MATCH
18,A,200,,PRO,NEAR_SHELL,19736,Q9UNQ2,200,MATCH
18,A,204,,SER,DIRECT,19736,Q9UNQ2,204,MATCH
18,A,204,,SER,NEAR_SHELL,19736,Q9UNQ2,204,MATCH
19,B,36,,GLN,DIRECT,19736,Q9UNQ2,36,MATCH
19,B,36,,GLN,NEAR_SHELL,19736,Q9UNQ2,36,MATCH
19,B,37,,HIS,DIRECT,19736,Q9UNQ2,37,MATCH
19,B,37,,HIS,NEAR_SHELL,19736,Q9UNQ2,37,MATCH
19,B,38,,ILE,NEAR_SHELL,19736,Q9UNQ2,38,MATCH
19,B,39,,LEU,NEAR_SHELL,19736,Q9UNQ2,39,MATCH
19,B,63,,VAL,NEAR_SHELL,19736,Q9UNQ2,63,MATCH
19,B,64,,GLY,DIRECT,19736,Q9UNQ2,64,MATCH
19,B,64,,GLY,NEAR_SHELL,19736,Q9UNQ2,64,MATCH
19,B,65,,PRO,NEAR_SHELL,19736,Q9UNQ2,65,MATCH
19,B,66,,GLY,DIRECT,19736,Q9UNQ2,66,MATCH
19,B,66,,GLY,NEAR_SHELL,19736,Q9UNQ2,66,MATCH
19,B,84,,CYS,DIRECT,19736,Q9UNQ2,84,MATCH
19,B,84,,CYS,NEAR_SHELL,19736,Q9UNQ2,84,MATCH
19,B,85,,GLU,DIRECT,19736,Q9UNQ2,85,MATCH
19,B,85,,GLU,NEAR_SHELL,19736,Q9UNQ2,85,MATCH
19,B,86,,LEU,DIRECT,19736,Q9UNQ2,86,MATCH
19,B,86,,LEU,NEAR_SHELL,19736,Q9UNQ2,86,MATCH
19,B,87,,ASP,NEAR_SHELL,19736,Q9UNQ2,87,MATCH
19,B,90,,LEU,DIRECT,19736,Q9UNQ2,90,MATCH
19,B,90,,LEU,NEAR_SHELL,19736,Q9UNQ2,90,MATCH
19,B,112,,GLY,DIRECT,19736,Q9UNQ2,112,MATCH
19,B,112,,GLY,NEAR_SHELL,19736,Q9UNQ2,112,MATCH
19,B,113,,ASP,DIRECT,19736,Q9UNQ2,113,MATCH
19,B,113,,ASP,NEAR_SHELL,19736,Q9UNQ2,113,MATCH
19,B,114,,VAL,DIRECT,19736,Q9UNQ2,114,MATCH
19,B,114,,VAL,NEAR_SHELL,19736,Q9UNQ2,114,MATCH
19,B,128,,ASN,DIRECT,19736,Q9UNQ2,128,MATCH
19,B,128,,ASN,NEAR_SHELL,19736,Q9UNQ2,128,MATCH
19,B,129,,LEU,DIRECT,19736,Q9UNQ2,129,MATCH
19,B,129,,LEU,NEAR_SHELL,19736,Q9UNQ2,129,MATCH
19,B,130,,PRO,DIRECT,19736,Q9UNQ2,130,MATCH
19,B,130,,PRO,NEAR_SHELL,19736,Q9UNQ2,130,MATCH
19,B,131,,TYR,DIRECT,19736,Q9UNQ2,131,MATCH
19,B,131,,TYR,NEAR_SHELL,19736,Q9UNQ2,131,MATCH
19,B,133,,ILE,DIRECT,19736,Q9UNQ2,133,MATCH
19,B,133,,ILE,NEAR_SHELL,19736,Q9UNQ2,133,MATCH
19,B,154,,MET,NEAR_SHELL,19736,Q9UNQ2,154,MATCH
19,B,155,,PHE,NEAR_SHELL,19736,Q9UNQ2,155,MATCH
19,B,156,,GLN,NEAR_SHELL,19736,Q9UNQ2,156,MATCH
19,B,196,,PHE,DIRECT,19736,Q9UNQ2,196,MATCH
19,B,196,,PHE,NEAR_SHELL,19736,Q9UNQ2,196,MATCH
19,B,200,,PRO,NEAR_SHELL,19736,Q9UNQ2,200,MATCH
19,B,204,,SER,NEAR_SHELL,19736,Q9UNQ2,204,MATCH
20,A,8,,GLY,NEAR_SHELL,2915,O95050,8,MATCH
20,A,11,,TYR,NEAR_SHELL,2915,O95050,11,MATCH
20,A,20,,TYR,DIRECT,2915,O95050,20,MATCH
20,A,20,,TYR,NEAR_SHELL,2915,O95050,20,MATCH
20,A,86,,PHE,NEAR_SHELL,2915,O95050,86,MATCH
20,A,142,,ASP,NEAR_SHELL,2915,O95050,142,MATCH
20,A,144,,HIS,DIRECT,2915,O95050,144,MATCH
20,A,144,,HIS,NEAR_SHELL,2915,O95050,144,MATCH
20,A,164,,LEU,DIRECT,2915,O95050,164,MATCH
20,A,164,,LEU,NEAR_SHELL,2915,O95050,164,MATCH
20,A,168,,CYS,DIRECT,2915,O95050,168,MATCH
20,A,168,,CYS,NEAR_SHELL,2915,O95050,168,MATCH
20,A,169,,ALA,NEAR_SHELL,2915,O95050,169,MATCH
20,A,204,,TYR,NEAR_SHELL,2915,O95050,204,MATCH
21,A,8,,LEU,NEAR_SHELL,6157,,,
21,A,9,,PHE,DIRECT,6157,,,
21,A,9,,PHE,NEAR_SHELL,6157,,,
21,A,15,,TYR,NEAR_SHELL,6157,,,
21,A,19,,PHE,NEAR_SHELL,6157,P50135,19,MATCH
21,A,22,,PHE,DIRECT,6157,,,
21,A,22,,PHE,NEAR_SHELL,6157,,,
21,A,28,,GLU,NEAR_SHELL,6157,P50135,28,MATCH
21,A,143,,GLN,DIRECT,6157,P50135,143,MATCH
21,A,143,,GLN,NEAR_SHELL,6157,P50135,143,MATCH
21,A,146,,TYR,DIRECT,6157,,,
21,A,146,,TYR,NEAR_SHELL,6157,,,
21,A,147,,TYR,DIRECT,6157,P50135,147,MATCH
21,A,147,,TYR,NEAR_SHELL,6157,P50135,147,MATCH
21,A,173,,VAL,DIRECT,6157,,,
21,A,173,,VAL,NEAR_SHELL,6157,,,
21,A,179,,TRP,DIRECT,6157,,,
21,A,179,,TRP,NEAR_SHELL,6157,,,
21,A,183,,TRP,DIRECT,6157,,,
21,A,183,,TRP,NEAR_SHELL,6157,,,
21,A,196,,CYS,DIRECT,6157,,,
21,A,196,,CYS,NEAR_SHELL,6157,,,
21,A,197,,GLN,DIRECT,6157,,,
21,A,197,,GLN,NEAR_SHELL,6157,,,
21,A,198,,TYR,DIRECT,6157,,,
21,A,198,,TYR,NEAR_SHELL,6157,,,
21,A,243,,PHE,DIRECT,6157,,,
21,A,243,,PHE,NEAR_SHELL,6157,,,
21,A,244,,LEU,NEAR_SHELL,6157,,,
21,A,246,,GLU,NEAR_SHELL,6157,,,
21,A,283,,ASN,NEAR_SHELL,6157,,,
22,A,19,,PHE,NEAR_SHELL,6157,P50135,19,MATCH
22,A,28,,GLU,NEAR_SHELL,6157,P50135,28,MATCH
22,A,29,,HIS,NEAR_SHELL,6157,P50135,29,MATCH
22,A,63,,ALA,NEAR_SHELL,6157,P50135,63,MATCH
22,A,65,,GLU,NEAR_SHELL,6157,P50135,65,MATCH
22,A,91,,SER,DIRECT,6157,P50135,91,MATCH
22,A,91,,SER,NEAR_SHELL,6157,P50135,91,MATCH
22,A,94,,GLN,DIRECT,6157,P50135,94,MATCH
22,A,94,,GLN,NEAR_SHELL,6157,P50135,94,MATCH
22,A,121,,SER,NEAR_SHELL,6157,P50135,121,MATCH
22,A,143,,GLN,DIRECT,6157,P50135,143,MATCH
22,A,143,,GLN,NEAR_SHELL,6157,P50135,143,MATCH
22,A,147,,TYR,DIRECT,6157,P50135,147,MATCH
22,A,147,,TYR,NEAR_SHELL,6157,P50135,147,MATCH
22,A,148,,VAL,NEAR_SHELL,6157,P50135,148,MATCH
22,A,149,,LYS,NEAR_SHELL,6157,P50135,149,MATCH
22,A,195,,LEU,NEAR_SHELL,6157,P50135,195,MATCH
23,A,84,,SER,DIRECT,11696,Q86VU5,84,MATCH
23,A,84,,SER,NEAR_SHELL,11696,Q86VU5,84,MATCH
23,A,85,,MET,DIRECT,11696,Q86VU5,85,MATCH
23,A,85,,MET,NEAR_SHELL,11696,Q86VU5,85,MATCH
23,A,86,,MET,DIRECT,11696,Q86VU5,86,MATCH
23,A,86,,MET,NEAR_SHELL,11696,Q86VU5,86,MATCH
23,A,110,,GLY,DIRECT,11696,Q86VU5,110,MATCH
23,A,110,,GLY,NEAR_SHELL,11696,Q86VU5,110,MATCH
23,A,111,,THR,DIRECT,11696,Q86VU5,111,MATCH
23,A,111,,THR,NEAR_SHELL,11696,Q86VU5,111,MATCH
23,A,112,,PHE,DIRECT,11696,Q86VU5,112,MATCH
23,A,112,,PHE,NEAR_SHELL,11696,Q86VU5,112,MATCH
23,A,115,,TYR,DIRECT,11696,Q86VU5,115,MATCH
23,A,115,,TYR,NEAR_SHELL,11696,Q86VU5,115,MATCH
23,A,116,,SER,DIRECT,11696,Q86VU5,116,MATCH
23,A,116,,SER,NEAR_SHELL,11696,Q86VU5,116,MATCH
23,A,133,,CYS,DIRECT,11696,Q86VU5,133,MATCH
23,A,133,,CYS,NEAR_SHELL,11696,Q86VU5,133,MATCH
23,A,134,,GLU,DIRECT,11696,Q86VU5,134,MATCH
23,A,134,,GLU,NEAR_SHELL,11696,Q86VU5,134,MATCH
23,A,135,,VAL,DIRECT,11696,Q86VU5,135,MATCH
23,A,135,,VAL,NEAR_SHELL,11696,Q86VU5,135,MATCH
23,A,136,,ASP,NEAR_SHELL,11696,Q86VU5,136,MATCH
23,A,139,,PRO,NEAR_SHELL,11696,Q86VU5,139,MATCH
23,A,162,,PRO,DIRECT,11696,Q86VU5,162,MATCH
23,A,162,,PRO,NEAR_SHELL,11696,Q86VU5,162,MATCH
23,A,163,,ALA,DIRECT,11696,Q86VU5,163,MATCH
23,A,163,,ALA,NEAR_SHELL,11696,Q86VU5,163,MATCH
23,A,185,,ASP,DIRECT,11696,Q86VU5,185,MATCH
23,A,185,,ASP,NEAR_SHELL,11696,Q86VU5,185,MATCH
23,A,186,,ALA,DIRECT,11696,Q86VU5,186,MATCH
23,A,186,,ALA,NEAR_SHELL,11696,Q86VU5,186,MATCH
23,A,187,,ASP,DIRECT,11696,Q86VU5,187,MATCH
23,A,187,,ASP,NEAR_SHELL,11696,Q86VU5,187,MATCH
23,A,190,,ASN,NEAR_SHELL,11696,Q86VU5,190,MATCH
23,A,194,,TYR,DIRECT,11696,Q86VU5,194,MATCH
23,A,194,,TYR,NEAR_SHELL,11696,Q86VU5,194,MATCH
23,A,212,,ARG,DIRECT,11696,Q86VU5,212,MATCH
23,A,212,,ARG,NEAR_SHELL,11696,Q86VU5,212,MATCH
24,B,84,,SER,DIRECT,11696,Q86VU5,84,MATCH
24,B,84,,SER,NEAR_SHELL,11696,Q86VU5,84,MATCH
24,B,85,,MET,DIRECT,11696,Q86VU5,85,MATCH
24,B,85,,MET,NEAR_SHELL,11696,Q86VU5,85,MATCH
24,B,86,,MET,DIRECT,11696,Q86VU5,86,MATCH
24,B,86,,MET,NEAR_SHELL,11696,Q86VU5,86,MATCH
24,B,110,,GLY,DIRECT,11696,Q86VU5,110,MATCH
24,B,110,,GLY,NEAR_SHELL,11696,Q86VU5,110,MATCH
24,B,111,,THR,DIRECT,11696,Q86VU5,111,MATCH
24,B,111,,THR,NEAR_SHELL,11696,Q86VU5,111,MATCH
24,B,112,,PHE,DIRECT,11696,Q86VU5,112,MATCH
24,B,112,,PHE,NEAR_SHELL,11696,Q86VU5,112,MATCH
24,B,113,,THR,NEAR_SHELL,11696,Q86VU5,113,MATCH
24,B,115,,TYR,DIRECT,11696,Q86VU5,115,MATCH
24,B,115,,TYR,NEAR_SHELL,11696,Q86VU5,115,MATCH
24,B,116,,SER,DIRECT,11696,Q86VU5,116,MATCH
24,B,116,,SER,NEAR_SHELL,11696,Q86VU5,116,MATCH
24,B,133,,CYS,DIRECT,11696,Q86VU5,133,MATCH
24,B,133,,CYS,NEAR_SHELL,11696,Q86VU5,133,MATCH
24,B,134,,GLU,DIRECT,11696,Q86VU5,134,MATCH
24,B,134,,GLU,NEAR_SHELL,11696,Q86VU5,134,MATCH
24,B,135,,VAL,DIRECT,11696,Q86VU5,135,MATCH
24,B,135,,VAL,NEAR_SHELL,11696,Q86VU5,135,MATCH
24,B,136,,ASP,NEAR_SHELL,11696,Q86VU5,136,MATCH
24,B,139,,PRO,NEAR_SHELL,11696,Q86VU5,139,MATCH
24,B,162,,PRO,DIRECT,11696,Q86VU5,162,MATCH
24,B,162,,PRO,NEAR_SHELL,11696,Q86VU5,162,MATCH
24,B,163,,ALA,DIRECT,11696,Q86VU5,163,MATCH
24,B,163,,ALA,NEAR_SHELL,11696,Q86VU5,163,MATCH
24,B,185,,ASP,DIRECT,11696,Q86VU5,185,MATCH
24,B,185,,ASP,NEAR_SHELL,11696,Q86VU5,185,MATCH
24,B,186,,ALA,DIRECT,11696,Q86VU5,186,MATCH
24,B,186,,ALA,NEAR_SHELL,11696,Q86VU5,186,MATCH
24,B,187,,ASP,DIRECT,11696,Q86VU5,187,MATCH
24,B,187,,ASP,NEAR_SHELL,11696,Q86VU5,187,MATCH
24,B,190,,ASN,NEAR_SHELL,11696,Q86VU5,190,MATCH
24,B,194,,TYR,DIRECT,11696,Q86VU5,194,MATCH
24,B,194,,TYR,NEAR_SHELL,11696,Q86VU5,194,MATCH
24,B,212,,ARG,DIRECT,11696,Q86VU5,212,MATCH
24,B,212,,ARG,NEAR_SHELL,11696,Q86VU5,212,MATCH
25,A,233,,ALA,DIRECT,20585,Q9NW70,233,MATCH
25,A,233,,ALA,NEAR_SHELL,20585,Q9NW70,233,MATCH
25,A,234,,CYS,DIRECT,20585,Q9NW70,234,MATCH
25,A,234,,CYS,NEAR_SHELL,20585,Q9NW70,234,MATCH
25,A,236,,ALA,DIRECT,20585,Q9NW70,236,MATCH
25,A,236,,ALA,NEAR_SHELL,20585,Q9NW70,236,MATCH
25,A,237,,PRO,DIRECT,20585,Q9NW70,237,MATCH
25,A,237,,PRO,NEAR_SHELL,20585,Q9NW70,237,MATCH
25,A,239,,ASN,NEAR_SHELL,20585,Q9NW70,239,MATCH
25,A,240,,LYS,DIRECT,20585,Q9NW70,240,MATCH
25,A,240,,LYS,NEAR_SHELL,20585,Q9NW70,240,MATCH
25,A,258,,ASP,DIRECT,20585,Q9NW70,258,MATCH
25,A,258,,ASP,NEAR_SHELL,20585,Q9NW70,258,MATCH
25,A,259,,LEU,DIRECT,20585,Q9NW70,259,MATCH
25,A,259,,LEU,NEAR_SHELL,20585,Q9NW70,259,MATCH
25,A,260,,ASP,DIRECT,20585,Q9NW70,260,MATCH
25,A,260,,ASP,NEAR_SHELL,20585,Q9NW70,260,MATCH
25,A,263,,ARG,DIRECT,20585,Q9NW70,263,MATCH
25,A,263,,ARG,NEAR_SHELL,20585,Q9NW70,263,MATCH
25,A,284,,GLU,DIRECT,20585,Q9NW70,284,MATCH
25,A,284,,GLU,NEAR_SHELL,20585,Q9NW70,284,MATCH
25,A,285,,ASP,DIRECT,20585,Q9NW70,285,MATCH
25,A,285,,ASP,NEAR_SHELL,20585,Q9NW70,285,MATCH
25,A,286,,PHE,DIRECT,20585,Q9NW70,286,MATCH
25,A,286,,PHE,NEAR_SHELL,20585,Q9NW70,286,MATCH
25,A,305,,ASP,DIRECT,20585,Q9NW70,305,MATCH
25,A,305,,ASP,NEAR_SHELL,20585,Q9NW70,305,MATCH
25,A,306,,PRO,DIRECT,20585,Q9NW70,306,MATCH
25,A,306,,PRO,NEAR_SHELL,20585,Q9NW70,306,MATCH
25,A,307,,SER,DIRECT,20585,Q9NW70,307,MATCH
25,A,307,,SER,NEAR_SHELL,20585,Q9NW70,307,MATCH
25,A,308,,CYS,NEAR_SHELL,20585,Q9NW70,308,MATCH
25,A,337,,PHE,DIRECT,20585,Q9NW70,337,MATCH
25,A,337,,PHE,NEAR_SHELL,20585,Q9NW70,337,MATCH
25,A,359,,CYS,NEAR_SHELL,20585,Q9NW70,359,MATCH
26,A,228,,ARG,DIRECT,20586,Q86W83,228,MATCH
26,A,228,,ARG,NEAR_SHELL,20586,Q86W83,228,MATCH
26,A,269,,GLY,NEAR_SHELL,20586,Q86W83,269,MATCH
26,A,271,,TYR,DIRECT,20586,Q86W83,271,MATCH
26,A,271,,TYR,NEAR_SHELL,20586,Q86W83,271,MATCH
26,A,289,,GLU,NEAR_SHELL,20586,Q86W83,289,MATCH
27,A,26,,LEU,DIRECT,6247,P51580,26,MATCH
27,A,26,,LEU,NEAR_SHELL,6247,P51580,26,MATCH
27,A,29,,TRP,DIRECT,6247,P51580,29,MATCH
27,A,29,,TRP,NEAR_SHELL,6247,P51580,29,MATCH
27,A,40,,PHE,DIRECT,6247,P51580,40,MATCH
27,A,40,,PHE,NEAR_SHELL,6247,P51580,40,MATCH
27,A,42,,GLN,NEAR_SHELL,6247,P51580,42,MATCH
27,A,134,,SER,DIRECT,6247,P51580,134,MATCH
27,A,134,,SER,NEAR_SHELL,6247,P51580,134,MATCH
27,A,136,,PHE,NEAR_SHELL,6247,P51580,136,MATCH
27,A,152,,ARG,DIRECT,6247,P51580,152,MATCH
27,A,152,,ARG,NEAR_SHELL,6247,P51580,152,MATCH
27,A,153,,GLY,DIRECT,6247,P51580,153,MATCH
27,A,153,,GLY,NEAR_SHELL,6247,P51580,153,MATCH
27,A,157,,ALA,DIRECT,6247,P51580,157,MATCH
27,A,157,,ALA,NEAR_SHELL,6247,P51580,157,MATCH
27,A,158,,ILE,NEAR_SHELL,6247,P51580,158,MATCH
28,A,64,,ARG,DIRECT,6247,,,
28,A,64,,ARG,NEAR_SHELL,6247,,,
28,A,110,,GLU,DIRECT,6247,,,
28,A,110,,GLU,NEAR_SHELL,6247,,,
28,A,111,,PRO,DIRECT,6247,,,
28,A,111,,PRO,NEAR_SHELL,6247,,,
28,A,112,,ILE,DIRECT,6247,,,
28,A,112,,ILE,NEAR_SHELL,6247,,,
28,A,113,,THR,DIRECT,6247,,,
28,A,113,,THR,NEAR_SHELL,6247,,,
28,A,114,,GLU,DIRECT,6247,,,
28,A,114,,GLU,NEAR_SHELL,6247,,,
28,A,120,,VAL,DIRECT,6247,,,
28,A,120,,VAL,NEAR_SHELL,6247,,,
28,A,122,,LYS,NEAR_SHELL,6247,,,
28,A,131,,TYR,DIRECT,6247,,,
28,A,131,,TYR,NEAR_SHELL,6247,,,
28,A,141,,THR,DIRECT,6247,,,
28,A,141,,THR,NEAR_SHELL,6247,,,
28,A,142,,ASN,DIRECT,6247,,,
28,A,142,,ASN,NEAR_SHELL,6247,,,
28,A,144,,GLY,DIRECT,6247,,,
28,A,144,,GLY,NEAR_SHELL,6247,,,
29,A,13,,TYR,NEAR_SHELL,16609,Q9BV86,13,MATCH
29,A,20,,TRP,DIRECT,16609,Q9BV86,20,MATCH
29,A,20,,TRP,NEAR_SHELL,16609,Q9BV86,20,MATCH
29,A,30,,MET,DIRECT,16609,Q9BV86,30,MATCH
29,A,30,,MET,NEAR_SHELL,16609,Q9BV86,30,MATCH
29,A,31,,LEU,NEAR_SHELL,16609,Q9BV86,31,MATCH
29,A,93,,ILE,DIRECT,16609,Q9BV86,92,MATCH
29,A,93,,ILE,NEAR_SHELL,16609,Q9BV86,92,MATCH
29,A,94,,THR,DIRECT,16609,Q9BV86,93,MATCH
29,A,94,,THR,NEAR_SHELL,16609,Q9BV86,93,MATCH
29,A,118,,CYS,NEAR_SHELL,16609,Q9BV86,117,MATCH
29,A,119,,GLY,DIRECT,16609,Q9BV86,118,MATCH
29,A,119,,GLY,NEAR_SHELL,16609,Q9BV86,118,MATCH
29,A,121,,GLN,NEAR_SHELL,16609,Q9BV86,120,MATCH
29,A,137,,TRP,DIRECT,16609,Q9BV86,136,MATCH
29,A,137,,TRP,NEAR_SHELL,16609,Q9BV86,136,MATCH
29,A,138,,VAL,NEAR_SHELL,16609,Q9BV86,137,MATCH
29,A,141,,HIS,DIRECT,16609,Q9BV86,140,MATCH
29,A,141,,HIS,NEAR_SHELL,16609,Q9BV86,140,MATCH
30,B,13,,TYR,NEAR_SHELL,16609,Q9BV86,13,MATCH
30,B,20,,TRP,DIRECT,16609,Q9BV86,20,MATCH
30,B,20,,TRP,NEAR_SHELL,16609,Q9BV86,20,MATCH
30,B,30,,MET,DIRECT,16609,Q9BV86,30,MATCH
30,B,30,,MET,NEAR_SHELL,16609,Q9BV86,30,MATCH
30,B,31,,LEU,NEAR_SHELL,16609,Q9BV86,31,MATCH
30,B,93,,ILE,DIRECT,16609,Q9BV86,92,MATCH
30,B,93,,ILE,NEAR_SHELL,16609,Q9BV86,92,MATCH
30,B,94,,THR,DIRECT,16609,Q9BV86,93,MATCH
30,B,94,,THR,NEAR_SHELL,16609,Q9BV86,93,MATCH
30,B,119,,GLY,DIRECT,16609,Q9BV86,118,MATCH
30,B,119,,GLY,NEAR_SHELL,16609,Q9BV86,118,MATCH
30,B,121,,GLN,NEAR_SHELL,16609,Q9BV86,120,MATCH
30,B,137,,TRP,DIRECT,16609,Q9BV86,136,MATCH
30,B,137,,TRP,NEAR_SHELL,16609,Q9BV86,136,MATCH
30,B,138,,VAL,NEAR_SHELL,16609,Q9BV86,137,MATCH
30,B,141,,HIS,DIRECT,16609,Q9BV86,140,MATCH
30,B,141,,HIS,NEAR_SHELL,16609,Q9BV86,140,MATCH
31,A,224,,SER,NEAR_SHELL,13942,Q8WTS6,224,MATCH
31,A,225,,SER,NEAR_SHELL,13942,Q8WTS6,225,MATCH
31,A,226,,ALA,NEAR_SHELL,13942,Q8WTS6,226,MATCH
31,A,227,,GLY,DIRECT,13942,Q8WTS6,227,MATCH
31,A,227,,GLY,NEAR_SHELL,13942,Q8WTS6,227,MATCH
31,A,228,,GLU,DIRECT,13942,Q8WTS6,228,MATCH
31,A,228,,GLU,NEAR_SHELL,13942,Q8WTS6,228,MATCH
31,A,264,,GLY,NEAR_SHELL,13942,Q8WTS6,264,MATCH
31,A,265,,ASN,DIRECT,13942,Q8WTS6,265,MATCH
31,A,265,,ASN,NEAR_SHELL,13942,Q8WTS6,265,MATCH
31,A,282,,ASN,NEAR_SHELL,13942,Q8WTS6,282,MATCH
31,A,294,,LYS,DIRECT,13942,Q8WTS6,294,MATCH
31,A,294,,LYS,NEAR_SHELL,13942,Q8WTS6,294,MATCH
31,A,352,,TRP,NEAR_SHELL,13942,Q8WTS6,352,MATCH
31,A,356,,GLU,DIRECT,13942,Q8WTS6,356,MATCH
31,A,356,,GLU,NEAR_SHELL,13942,Q8WTS6,356,MATCH
32,A,238,,PHE,NEAR_SHELL,2392,O60678,221,MATCH
32,A,241,,TYR,DIRECT,2392,O60678,224,MATCH
32,A,241,,TYR,NEAR_SHELL,2392,O60678,224,MATCH
32,A,250,,MET,DIRECT,2392,O60678,233,MATCH
32,A,250,,MET,NEAR_SHELL,2392,O60678,233,MATCH
32,A,303,,GLN,DIRECT,2392,O60678,286,MATCH
32,A,303,,GLN,NEAR_SHELL,2392,O60678,286,MATCH
32,A,304,,SER,NEAR_SHELL,2392,O60678,287,MATCH
32,A,329,,LYS,DIRECT,2392,O60678,312,MATCH
32,A,329,,LYS,NEAR_SHELL,2392,O60678,312,MATCH
32,A,331,,GLU,DIRECT,2392,O60678,314,MATCH
32,A,331,,GLU,NEAR_SHELL,2392,O60678,314,MATCH
32,A,346,,GLU,DIRECT,2392,O60678,329,MATCH
32,A,346,,GLU,NEAR_SHELL,2392,O60678,329,MATCH
32,A,357,,MET,DIRECT,2392,O60678,340,MATCH
32,A,357,,MET,NEAR_SHELL,2392,O60678,340,MATCH
32,A,360,,SER,DIRECT,2392,O60678,343,MATCH
32,A,360,,SER,NEAR_SHELL,2392,O60678,343,MATCH
32,A,530,,ARG,NEAR_SHELL,2392,O60678,513,MATCH
33,A,23,,VAL,NEAR_SHELL,4307,P11086,23,MATCH
33,A,24,,ALA,NEAR_SHELL,4307,P11086,24,MATCH
33,A,27,,TYR,DIRECT,4307,P11086,27,MATCH
33,A,27,,TYR,NEAR_SHELL,4307,P11086,27,MATCH
33,A,30,,PHE,NEAR_SHELL,4307,P11086,30,MATCH
33,A,35,,TYR,DIRECT,4307,P11086,35,MATCH
33,A,35,,TYR,NEAR_SHELL,4307,P11086,35,MATCH
33,A,40,,TYR,DIRECT,4307,P11086,40,MATCH
33,A,40,,TYR,NEAR_SHELL,4307,P11086,40,MATCH
33,A,79,,GLY,DIRECT,4307,P11086,79,MATCH
33,A,79,,GLY,NEAR_SHELL,4307,P11086,79,MATCH
33,A,80,,SER,DIRECT,4307,P11086,80,MATCH
33,A,80,,SER,NEAR_SHELL,4307,P11086,80,MATCH
33,A,81,,GLY,DIRECT,4307,P11086,81,MATCH
33,A,81,,GLY,NEAR_SHELL,4307,P11086,81,MATCH
33,A,82,,PRO,NEAR_SHELL,4307,P11086,82,MATCH
33,A,83,,THR,DIRECT,4307,P11086,83,MATCH
33,A,83,,THR,NEAR_SHELL,4307,P11086,83,MATCH
33,A,85,,TYR,DIRECT,4307,P11086,85,MATCH
33,A,85,,TYR,NEAR_SHELL,4307,P11086,85,MATCH
33,A,101,,ASP,DIRECT,4307,P11086,101,MATCH
33,A,101,,ASP,NEAR_SHELL,4307,P11086,101,MATCH
33,A,102,,PHE,DIRECT,4307,P11086,102,MATCH
33,A,102,,PHE,NEAR_SHELL,4307,P11086,102,MATCH
33,A,103,,LEU,DIRECT,4307,P11086,103,MATCH
33,A,103,,LEU,NEAR_SHELL,4307,P11086,103,MATCH
33,A,106,,ASN,DIRECT,4307,P11086,106,MATCH
33,A,106,,ASN,NEAR_SHELL,4307,P11086,106,MATCH
33,A,157,,ILE,DIRECT,4307,P11086,157,MATCH
33,A,157,,ILE,NEAR_SHELL,4307,P11086,157,MATCH
33,A,158,,ASP,DIRECT,4307,P11086,158,MATCH
33,A,158,,ASP,NEAR_SHELL,4307,P11086,158,MATCH
33,A,159,,VAL,DIRECT,4307,P11086,159,MATCH
33,A,159,,VAL,NEAR_SHELL,4307,P11086,159,MATCH
33,A,160,,HIS,DIRECT,4307,P11086,160,MATCH
33,A,160,,HIS,NEAR_SHELL,4307,P11086,160,MATCH
33,A,181,,ALA,DIRECT,4307,P11086,181,MATCH
33,A,181,,ALA,NEAR_SHELL,4307,P11086,181,MATCH
33,A,182,,PHE,DIRECT,4307,P11086,182,MATCH
33,A,182,,PHE,NEAR_SHELL,4307,P11086,182,MATCH
33,A,183,,CYS,DIRECT,4307,P11086,183,MATCH
33,A,183,,CYS,NEAR_SHELL,4307,P11086,183,MATCH
33,A,186,,ALA,NEAR_SHELL,4307,P11086,186,MATCH
33,A,187,,VAL,DIRECT,4307,P11086,187,MATCH
33,A,187,,VAL,NEAR_SHELL,4307,P11086,187,MATCH
33,A,222,,TYR,DIRECT,4307,P11086,222,MATCH
33,A,222,,TYR,NEAR_SHELL,4307,P11086,222,MATCH
34,A,27,,TYR,NEAR_SHELL,4307,P11086,27,MATCH
34,A,35,,TYR,DIRECT,4307,P11086,35,MATCH
34,A,35,,TYR,NEAR_SHELL,4307,P11086,35,MATCH
34,A,39,,ASN,DIRECT,4307,,,
34,A,39,,ASN,NEAR_SHELL,4307,,,
34,A,40,,TYR,DIRECT,4307,P11086,40,MATCH
34,A,40,,TYR,NEAR_SHELL,4307,P11086,40,MATCH
34,A,44,,ARG,DIRECT,4307,,,
34,A,44,,ARG,NEAR_SHELL,4307,,,
34,A,53,,VAL,DIRECT,4307,,,
34,A,53,,VAL,NEAR_SHELL,4307,,,
34,A,54,,GLY,DIRECT,4307,,,
34,A,54,,GLY,NEAR_SHELL,4307,,,
34,A,57,,LYS,DIRECT,4307,,,
34,A,57,,LYS,NEAR_SHELL,4307,,,
34,A,85,,TYR,NEAR_SHELL,4307,P11086,85,MATCH
34,A,126,,TYR,DIRECT,4307,,,
34,A,126,,TYR,NEAR_SHELL,4307,,,
34,A,182,,PHE,DIRECT,4307,P11086,182,MATCH
34,A,182,,PHE,NEAR_SHELL,4307,P11086,182,MATCH
34,A,186,,ALA,DIRECT,4307,P11086,186,MATCH
34,A,186,,ALA,NEAR_SHELL,4307,P11086,186,MATCH
34,A,216,,ALA,NEAR_SHELL,4307,,,
34,A,219,,GLU,DIRECT,4307,,,
34,A,219,,GLU,NEAR_SHELL,4307,,,
34,A,222,,TYR,DIRECT,4307,P11086,222,MATCH
34,A,222,,TYR,NEAR_SHELL,4307,P11086,222,MATCH
34,A,258,,MET,DIRECT,4307,,,
34,A,258,,MET,NEAR_SHELL,4307,,,
34,A,267,,ASP,DIRECT,4307,,,
34,A,267,,ASP,NEAR_SHELL,4307,,,
34,A,269,,VAL,NEAR_SHELL,4307,,,
34,A,272,,VAL,DIRECT,4307,,,
34,A,272,,VAL,NEAR_SHELL,4307,,,
35,A,37,,ARG,NEAR_SHELL,,,,
35,A,38,,LEU,DIRECT,,,,
35,A,38,,LEU,NEAR_SHELL,,,,
35,A,39,,ILE,NEAR_SHELL,,,,
35,A,45,,ARG,DIRECT,,,,
35,A,45,,ARG,NEAR_SHELL,,,,
35,A,75,,GLY,DIRECT,,,,
35,A,75,,GLY,NEAR_SHELL,,,,
35,A,76,,ALA,NEAR_SHELL,,,,
35,A,98,,ASP,NEAR_SHELL,,,,
35,A,101,,CYS,DIRECT,,,,
35,A,101,,CYS,NEAR_SHELL,,,,
35,A,147,,ASN,DIRECT,,,,
35,A,147,,ASN,NEAR_SHELL,,,,
35,A,148,,PRO,NEAR_SHELL,,,,
35,A,149,,PRO,DIRECT,,,,
35,A,149,,PRO,NEAR_SHELL,,,,
35,A,151,,PHE,NEAR_SHELL,,,,
35,A,211,,MET,NEAR_SHELL,,,,
36,A,106,,LYS,DIRECT,,,,
36,A,106,,LYS,NEAR_SHELL,,,,
36,A,109,,VAL,DIRECT,,,,
36,A,109,,VAL,NEAR_SHELL,,,,
36,A,110,,GLU,DIRECT,,,,
36,A,110,,GLU,NEAR_SHELL,,,,
36,A,115,,SER,DIRECT,,,,
36,A,115,,SER,NEAR_SHELL,,,,
36,A,116,,ASP,NEAR_SHELL,,,,
36,A,118,,ILE,DIRECT,,,,
36,A,118,,ILE,NEAR_SHELL,,,,
36,A,120,,VAL,DIRECT,,,,
36,A,120,,VAL,NEAR_SHELL,,,,
37,A,26,,LEU,DIRECT,20593,O43213,26,MATCH
37,A,26,,LEU,NEAR_SHELL,20593,O43213,26,MATCH
37,A,29,,TRP,DIRECT,20593,O43213,29,MATCH
37,A,29,,TRP,NEAR_SHELL,20593,O43213,29,MATCH
37,A,40,,PHE,DIRECT,20593,O43213,40,MATCH
37,A,40,,PHE,NEAR_SHELL,20593,O43213,40,MATCH
37,A,134,,SER,DIRECT,20593,O43213,134,MATCH
37,A,134,,SER,NEAR_SHELL,20593,O43213,134,MATCH
37,A,136,,PHE,NEAR_SHELL,20593,O43213,136,MATCH
37,A,152,,ARG,DIRECT,20593,O43213,152,MATCH
37,A,152,,ARG,NEAR_SHELL,20593,O43213,152,MATCH
37,A,153,,GLY,DIRECT,20593,O43213,153,MATCH
37,A,153,,GLY,NEAR_SHELL,20593,O43213,153,MATCH
37,A,157,,ALA,DIRECT,20593,O43213,157,MATCH
37,A,157,,ALA,NEAR_SHELL,20593,O43213,157,MATCH
37,A,158,,ILE,NEAR_SHELL,20593,O43213,158,MATCH
38,A,64,,ARG,DIRECT,20593,,,
38,A,64,,ARG,NEAR_SHELL,20593,,,
38,A,110,,GLU,DIRECT,20593,,,
38,A,110,,GLU,NEAR_SHELL,20593,,,
38,A,111,,PRO,DIRECT,20593,,,
38,A,111,,PRO,NEAR_SHELL,20593,,,
38,A,112,,ILE,DIRECT,20593,,,
38,A,112,,ILE,NEAR_SHELL,20593,,,
38,A,113,,THR,DIRECT,20593,,,
38,A,113,,THR,NEAR_SHELL,20593,,,
38,A,114,,GLU,DIRECT,20593,,,
38,A,114,,GLU,NEAR_SHELL,20593,,,
38,A,120,,VAL,DIRECT,20593,,,
38,A,120,,VAL,NEAR_SHELL,20593,,,
38,A,122,,LYS,NEAR_SHELL,20593,,,
38,A,131,,TYR,DIRECT,20593,,,
38,A,131,,TYR,NEAR_SHELL,20593,,,
38,A,141,,THR,DIRECT,20593,,,
38,A,141,,THR,NEAR_SHELL,20593,,,
38,A,142,,ASN,DIRECT,20593,,,
38,A,142,,ASN,NEAR_SHELL,20593,,,
38,A,144,,GLY,DIRECT,20593,,,
38,A,144,,GLY,NEAR_SHELL,20593,,,
39,A,26,,LEU,NEAR_SHELL,20593,O43213,26,MATCH
39,A,134,,SER,NEAR_SHELL,20593,O43213,134,MATCH
40,A,131,,GLU,DIRECT,7857,Q13395,1568,MATCH
40,A,131,,GLU,NEAR_SHELL,7857,Q13395,1568,MATCH
40,A,156,,ARG,DIRECT,7857,Q13395,1593,MATCH
40,A,156,,ARG,NEAR_SHELL,7857,Q13395,1593,MATCH
40,A,157,,SER,DIRECT,7857,Q13395,1594,MATCH
40,A,157,,SER,NEAR_SHELL,7857,Q13395,1594,MATCH
40,A,158,,LEU,DIRECT,7857,Q13395,1595,MATCH
40,A,158,,LEU,NEAR_SHELL,7857,Q13395,1595,MATCH
40,A,159,,ASN,NEAR_SHELL,7857,Q13395,1596,MATCH
40,A,160,,VAL,NEAR_SHELL,7857,Q13395,1597,MATCH
40,B,45,,ARG,NEAR_SHELL,7857,Q13395,1482,MATCH
41,A,45,,ARG,NEAR_SHELL,7857,Q13395,1482,MATCH
41,B,108,,GLN,DIRECT,7857,Q13395,1545,MATCH
41,B,108,,GLN,NEAR_SHELL,7857,Q13395,1545,MATCH
41,B,151,,GLN,NEAR_SHELL,7857,Q13395,1588,MATCH
41,B,156,,ARG,DIRECT,7857,Q13395,1593,MATCH
41,B,156,,ARG,NEAR_SHELL,7857,Q13395,1593,MATCH
41,B,157,,SER,DIRECT,7857,Q13395,1594,MATCH
41,B,157,,SER,NEAR_SHELL,7857,Q13395,1594,MATCH
42,A,1101,,ARG,NEAR_SHELL,17731,Q9H9B1,1101,MATCH
42,A,1104,,ASP,NEAR_SHELL,17731,Q9H9B1,1104,MATCH
42,A,1105,,MET,DIRECT,17731,Q9H9B1,1105,MATCH
42,A,1105,,MET,NEAR_SHELL,17731,Q9H9B1,1105,MATCH
42,A,1106,,GLY,DIRECT,17731,Q9H9B1,1106,MATCH
42,A,1106,,GLY,NEAR_SHELL,17731,Q9H9B1,1106,MATCH
42,A,1107,,TRP,DIRECT,17731,Q9H9B1,1107,MATCH
42,A,1107,,TRP,NEAR_SHELL,17731,Q9H9B1,1107,MATCH
42,A,1141,,SER,DIRECT,17731,Q9H9B1,1141,MATCH
42,A,1141,,SER,NEAR_SHELL,17731,Q9H9B1,1141,MATCH
42,A,1142,,TYR,DIRECT,17731,Q9H9B1,1142,MATCH
42,A,1142,,TYR,NEAR_SHELL,17731,Q9H9B1,1142,MATCH
42,A,1166,,ARG,DIRECT,17731,Q9H9B1,1166,MATCH
42,A,1166,,ARG,NEAR_SHELL,17731,Q9H9B1,1166,MATCH
42,A,1167,,PHE,NEAR_SHELL,17731,Q9H9B1,1167,MATCH
42,A,1168,,ILE,DIRECT,17731,Q9H9B1,1168,MATCH
42,A,1168,,ILE,NEAR_SHELL,17731,Q9H9B1,1168,MATCH
42,A,1169,,ASN,DIRECT,17731,Q9H9B1,1169,MATCH
42,A,1169,,ASN,NEAR_SHELL,17731,Q9H9B1,1169,MATCH
42,A,1170,,HIS,DIRECT,17731,Q9H9B1,1170,MATCH
42,A,1170,,HIS,NEAR_SHELL,17731,Q9H9B1,1170,MATCH
42,A,1211,,TYR,DIRECT,17731,Q9H9B1,1211,MATCH
42,A,1211,,TYR,NEAR_SHELL,17731,Q9H9B1,1211,MATCH
42,A,1215,,PHE,DIRECT,17731,Q9H9B1,1215,MATCH
42,A,1215,,PHE,NEAR_SHELL,17731,Q9H9B1,1215,MATCH
42,A,1216,,TRP,NEAR_SHELL,17731,Q9H9B1,1216,MATCH
42,A,1224,,SER,DIRECT,17731,Q9H9B1,1224,MATCH
42,A,1224,,SER,NEAR_SHELL,17731,Q9H9B1,1224,MATCH
42,A,1226,,ARG,DIRECT,17731,Q9H9B1,1226,MATCH
42,A,1226,,ARG,NEAR_SHELL,17731,Q9H9B1,1226,MATCH
42,A,1227,,CYS,NEAR_SHELL,17731,Q9H9B1,1227,MATCH
43,B,1101,,ARG,NEAR_SHELL,17731,Q9H9B1,1101,MATCH
43,B,1105,,MET,DIRECT,17731,Q9H9B1,1105,MATCH
43,B,1105,,MET,NEAR_SHELL,17731,Q9H9B1,1105,MATCH
43,B,1106,,GLY,NEAR_SHELL,17731,Q9H9B1,1106,MATCH
43,B,1107,,TRP,DIRECT,17731,Q9H9B1,1107,MATCH
43,B,1107,,TRP,NEAR_SHELL,17731,Q9H9B1,1107,MATCH
43,B,1141,,SER,DIRECT,17731,Q9H9B1,1141,MATCH
43,B,1141,,SER,NEAR_SHELL,17731,Q9H9B1,1141,MATCH
43,B,1142,,TYR,DIRECT,17731,Q9H9B1,1142,MATCH
43,B,1142,,TYR,NEAR_SHELL,17731,Q9H9B1,1142,MATCH
43,B,1166,,ARG,DIRECT,17731,Q9H9B1,1166,MATCH
43,B,1166,,ARG,NEAR_SHELL,17731,Q9H9B1,1166,MATCH
43,B,1167,,PHE,NEAR_SHELL,17731,Q9H9B1,1167,MATCH
43,B,1168,,ILE,DIRECT,17731,Q9H9B1,1168,MATCH
43,B,1168,,ILE,NEAR_SHELL,17731,Q9H9B1,1168,MATCH
43,B,1211,,TYR,DIRECT,17731,Q9H9B1,1211,MATCH
43,B,1211,,TYR,NEAR_SHELL,17731,Q9H9B1,1211,MATCH
43,B,1215,,PHE,NEAR_SHELL,17731,Q9H9B1,1215,MATCH
43,B,1226,,ARG,DIRECT,17731,Q9H9B1,1226,MATCH
43,B,1226,,ARG,NEAR_SHELL,17731,Q9H9B1,1226,MATCH
44,A,168,,GLY,DIRECT,4939,,,
44,A,168,,GLY,NEAR_SHELL,4939,,,
44,A,170,,ALA,DIRECT,4939,,,
44,A,170,,ALA,NEAR_SHELL,4939,,,
44,A,191,,VAL,NEAR_SHELL,4939,,,
44,A,192,,GLU,DIRECT,4939,,,
44,A,192,,GLU,NEAR_SHELL,4939,,,
44,A,193,,PHE,DIRECT,4939,,,
44,A,193,,PHE,NEAR_SHELL,4939,,,
44,A,216,,GLU,DIRECT,4939,,,
44,A,216,,GLU,NEAR_SHELL,4939,,,
44,A,217,,ASP,DIRECT,4939,,,
44,A,217,,ASP,NEAR_SHELL,4939,,,
44,A,218,,ALA,DIRECT,4939,,,
44,A,218,,ALA,NEAR_SHELL,4939,,,
44,A,219,,ARG,DIRECT,4939,,,
44,A,219,,ARG,NEAR_SHELL,4939,,,
44,A,237,,ASP,DIRECT,4939,,,
44,A,237,,ASP,NEAR_SHELL,4939,,,
44,A,238,,VAL,DIRECT,4939,,,
44,A,238,,VAL,NEAR_SHELL,4939,,,
44,A,240,,GLN,DIRECT,4939,,,
44,A,240,,GLN,NEAR_SHELL,4939,,,
44,A,246,,ILE,NEAR_SHELL,4939,,,
45,A,4,,SER,NEAR_SHELL,19315,Q9UI43,54,SUBSTITUTION
45,A,6,,SER,DIRECT,19315,Q9UI43,56,MATCH
45,A,6,,SER,NEAR_SHELL,19315,Q9UI43,56,MATCH
45,A,30,,GLY,DIRECT,19315,Q9UI43,80,MATCH
45,A,30,,GLY,NEAR_SHELL,19315,Q9UI43,80,MATCH
45,A,31,,ALA,DIRECT,19315,Q9UI43,81,MATCH
45,A,31,,ALA,NEAR_SHELL,19315,Q9UI43,81,MATCH
45,A,32,,ALA,DIRECT,19315,Q9UI43,82,MATCH
45,A,32,,ALA,NEAR_SHELL,19315,Q9UI43,82,MATCH
45,A,33,,PRO,DIRECT,19315,Q9UI43,83,MATCH
45,A,33,,PRO,NEAR_SHELL,19315,Q9UI43,83,MATCH
45,A,35,,ALA,DIRECT,19315,Q9UI43,85,MATCH
45,A,35,,ALA,NEAR_SHELL,19315,Q9UI43,85,MATCH
45,A,36,,TRP,DIRECT,19315,Q9UI43,86,MATCH
45,A,36,,TRP,NEAR_SHELL,19315,Q9UI43,86,MATCH
45,A,62,,ASP,DIRECT,19315,Q9UI43,112,MATCH
45,A,62,,ASP,NEAR_SHELL,19315,Q9UI43,112,MATCH
45,A,63,,LEU,DIRECT,19315,Q9UI43,113,MATCH
45,A,63,,LEU,NEAR_SHELL,19315,Q9UI43,113,MATCH
45,A,64,,LEU,DIRECT,19315,Q9UI43,114,MATCH
45,A,64,,LEU,NEAR_SHELL,19315,Q9UI43,114,MATCH
45,A,78,,ALA,DIRECT,19315,Q9UI43,128,MATCH
45,A,78,,ALA,NEAR_SHELL,19315,Q9UI43,128,MATCH
45,A,79,,ASP,DIRECT,19315,Q9UI43,129,MATCH
45,A,79,,ASP,NEAR_SHELL,19315,Q9UI43,129,MATCH
45,A,80,,VAL,DIRECT,19315,Q9UI43,130,MATCH
45,A,80,,VAL,NEAR_SHELL,19315,Q9UI43,130,MATCH
45,A,81,,THR,NEAR_SHELL,19315,Q9UI43,131,MATCH
45,A,104,,ASP,DIRECT,19315,Q9UI43,154,MATCH
45,A,104,,ASP,NEAR_SHELL,19315,Q9UI43,154,MATCH
45,A,105,,MET,DIRECT,19315,Q9UI43,155,MATCH
45,A,105,,MET,NEAR_SHELL,19315,Q9UI43,155,MATCH
45,A,106,,ALA,DIRECT,19315,Q9UI43,156,MATCH
45,A,106,,ALA,NEAR_SHELL,19315,Q9UI43,156,MATCH
45,A,107,,PRO,NEAR_SHELL,19315,Q9UI43,157,MATCH
45,A,123,,LEU,DIRECT,19315,Q9UI43,173,MATCH
45,A,123,,LEU,NEAR_SHELL,19315,Q9UI43,173,MATCH
45,A,144,,LYS,DIRECT,19315,Q9UI43,194,MATCH
45,A,144,,LYS,NEAR_SHELL,19315,Q9UI43,194,MATCH
46,A,1047,,LYS,NEAR_SHELL,15523,Q96KQ7,1047,MATCH
46,A,1048,,MET,DIRECT,15523,Q96KQ7,1048,MATCH
46,A,1048,,MET,NEAR_SHELL,15523,Q96KQ7,1048,MATCH
46,A,1049,,GLY,DIRECT,15523,Q96KQ7,1049,MATCH
46,A,1049,,GLY,NEAR_SHELL,15523,Q96KQ7,1049,MATCH
46,A,1084,,SER,DIRECT,15523,Q96KQ7,1084,MATCH
46,A,1084,,SER,NEAR_SHELL,15523,Q96KQ7,1084,MATCH
46,A,1109,,ARG,DIRECT,15523,Q96KQ7,1109,MATCH
46,A,1109,,ARG,NEAR_SHELL,15523,Q96KQ7,1109,MATCH
46,A,1111,,ILE,DIRECT,15523,Q96KQ7,1111,MATCH
46,A,1111,,ILE,NEAR_SHELL,15523,Q96KQ7,1111,MATCH
46,A,1154,,TYR,DIRECT,15523,Q96KQ7,1154,MATCH
46,A,1154,,TYR,NEAR_SHELL,15523,Q96KQ7,1154,MATCH
46,A,1158,,PHE,NEAR_SHELL,15523,Q96KQ7,1158,MATCH
46,A,1166,,PHE,DIRECT,15523,Q96KQ7,1166,MATCH
46,A,1166,,PHE,NEAR_SHELL,15523,Q96KQ7,1166,MATCH
46,A,1167,,THR,DIRECT,15523,Q96KQ7,1167,MATCH
46,A,1167,,THR,NEAR_SHELL,15523,Q96KQ7,1167,MATCH
46,A,1169,,GLN,DIRECT,15523,Q96KQ7,1169,MATCH
46,A,1169,,GLN,NEAR_SHELL,15523,Q96KQ7,1169,MATCH
47,A,21,,ARG,NEAR_SHELL,20600,Q9BRZ8,21,MATCH
47,A,26,,TRP,DIRECT,20600,Q9BRZ8,26,MATCH
47,A,26,,TRP,NEAR_SHELL,20600,Q9BRZ8,26,MATCH
47,A,41,,TRP,NEAR_SHELL,20600,Q9BRZ8,41,MATCH
47,A,89,,TYR,DIRECT,20600,Q9BRZ8,89,MATCH
47,A,89,,TYR,NEAR_SHELL,20600,Q9BRZ8,89,MATCH
47,A,113,,ASP,DIRECT,20600,Q9BRZ8,113,MATCH
47,A,113,,ASP,NEAR_SHELL,20600,Q9BRZ8,113,MATCH
47,A,115,,ARG,NEAR_SHELL,20600,Q9BRZ8,115,MATCH
47,A,131,,GLY,DIRECT,20600,Q9BRZ8,131,MATCH
47,A,131,,GLY,NEAR_SHELL,20600,Q9BRZ8,131,MATCH
47,A,135,,ALA,DIRECT,20600,Q9BRZ8,135,MATCH
47,A,135,,ALA,NEAR_SHELL,20600,Q9BRZ8,135,MATCH
47,A,136,,LEU,DIRECT,20600,Q9BRZ8,136,MATCH
47,A,136,,LEU,NEAR_SHELL,20600,Q9BRZ8,136,MATCH
48,A,145,,ARG,NEAR_SHELL,17532,Q9H5I1,256,MATCH
48,A,149,,GLY,NEAR_SHELL,17532,Q9H5I1,260,MATCH
48,A,150,,ARG,DIRECT,17532,Q9H5I1,261,MATCH
48,A,150,,ARG,NEAR_SHELL,17532,Q9H5I1,261,MATCH
48,A,151,,GLY,DIRECT,17532,Q9H5I1,262,MATCH
48,A,151,,GLY,NEAR_SHELL,17532,Q9H5I1,262,MATCH
48,A,152,,TRP,DIRECT,17532,Q9H5I1,263,MATCH
48,A,152,,TRP,NEAR_SHELL,17532,Q9H5I1,263,MATCH
48,A,169,,TYR,NEAR_SHELL,17532,Q9H5I1,280,MATCH
48,A,188,,ASN,NEAR_SHELL,17532,Q9H5I1,299,MATCH
48,A,189,,LYS,DIRECT,17532,Q9H5I1,300,MATCH
48,A,189,,LYS,NEAR_SHELL,17532,Q9H5I1,300,MATCH
48,A,192,,THR,DIRECT,17532,Q9H5I1,303,MATCH
48,A,192,,THR,NEAR_SHELL,17532,Q9H5I1,303,MATCH
48,A,193,,TYR,DIRECT,17532,Q9H5I1,304,MATCH
48,A,193,,TYR,NEAR_SHELL,17532,Q9H5I1,304,MATCH
48,A,215,,SER,NEAR_SHELL,17532,Q9H5I1,326,MATCH
48,A,216,,HIS,DIRECT,17532,Q9H5I1,327,MATCH
48,A,216,,HIS,NEAR_SHELL,17532,Q9H5I1,327,MATCH
48,A,217,,PHE,DIRECT,17532,Q9H5I1,328,MATCH
48,A,217,,PHE,NEAR_SHELL,17532,Q9H5I1,328,MATCH
48,A,218,,VAL,DIRECT,17532,Q9H5I1,329,MATCH
48,A,218,,VAL,NEAR_SHELL,17532,Q9H5I1,329,MATCH
48,A,219,,ASN,DIRECT,17532,Q9H5I1,330,MATCH
48,A,219,,ASN,NEAR_SHELL,17532,Q9H5I1,330,MATCH
48,A,220,,HIS,DIRECT,17532,Q9H5I1,331,MATCH
48,A,220,,HIS,NEAR_SHELL,17532,Q9H5I1,331,MATCH
48,A,261,,TYR,DIRECT,17532,Q9H5I1,372,MATCH
48,A,261,,TYR,NEAR_SHELL,17532,Q9H5I1,372,MATCH
48,A,285,,THR,NEAR_SHELL,17532,Q9H5I1,396,MATCH
48,A,286,,VAL,DIRECT,17532,Q9H5I1,397,MATCH
48,A,286,,VAL,NEAR_SHELL,17532,Q9H5I1,397,MATCH
48,A,287,,CYS,DIRECT,17532,Q9H5I1,398,MATCH
48,A,287,,CYS,NEAR_SHELL,17532,Q9H5I1,398,MATCH
48,A,288,,LYS,DIRECT,17532,Q9H5I1,399,MATCH
48,A,288,,LYS,NEAR_SHELL,17532,Q9H5I1,399,MATCH
48,A,298,,LEU,DIRECT,17532,Q9H5I1,409,MATCH
48,A,298,,LEU,NEAR_SHELL,17532,Q9H5I1,409,MATCH
49,A,1104,,ASP,NEAR_SHELL,17731,Q9H9B1,1104,MATCH
49,A,1105,,MET,DIRECT,17731,Q9H9B1,1105,MATCH
49,A,1105,,MET,NEAR_SHELL,17731,Q9H9B1,1105,MATCH
49,A,1106,,GLY,DIRECT,17731,Q9H9B1,1106,MATCH
49,A,1106,,GLY,NEAR_SHELL,17731,Q9H9B1,1106,MATCH
49,A,1141,,SER,DIRECT,17731,Q9H9B1,1141,MATCH
49,A,1141,,SER,NEAR_SHELL,17731,Q9H9B1,1141,MATCH
49,A,1142,,TYR,DIRECT,17731,Q9H9B1,1142,MATCH
49,A,1142,,TYR,NEAR_SHELL,17731,Q9H9B1,1142,MATCH
49,A,1169,,ASN,DIRECT,17731,Q9H9B1,1169,MATCH
49,A,1169,,ASN,NEAR_SHELL,17731,Q9H9B1,1169,MATCH
49,A,1170,,HIS,DIRECT,17731,Q9H9B1,1170,MATCH
49,A,1170,,HIS,NEAR_SHELL,17731,Q9H9B1,1170,MATCH
49,A,1226,,ARG,DIRECT,17731,Q9H9B1,1226,MATCH
49,A,1226,,ARG,NEAR_SHELL,17731,Q9H9B1,1226,MATCH
49,A,1227,,CYS,NEAR_SHELL,17731,Q9H9B1,1227,MATCH
50,A,3839,,HIS,DIRECT,7339,Q03164,3839,MATCH
50,A,3839,,HIS,NEAR_SHELL,7339,Q03164,3839,MATCH
50,A,3883,,TYR,DIRECT,7339,Q03164,3883,MATCH
50,A,3883,,TYR,NEAR_SHELL,7339,Q03164,3883,MATCH
50,A,3903,,ARG,DIRECT,7339,Q03164,3903,MATCH
50,A,3903,,ARG,NEAR_SHELL,7339,Q03164,3903,MATCH
50,A,3905,,ILE,DIRECT,7339,Q03164,3905,MATCH
50,A,3905,,ILE,NEAR_SHELL,7339,Q03164,3905,MATCH
50,A,3944,,TYR,DIRECT,7339,Q03164,3944,MATCH
50,A,3944,,TYR,NEAR_SHELL,7339,Q03164,3944,MATCH
50,A,3946,,PHE,NEAR_SHELL,7339,Q03164,3946,MATCH
51,A,263,,SER,NEAR_SHELL,2008,O43159,263,MATCH
51,A,266,,ALA,NEAR_SHELL,2008,O43159,266,MATCH
51,A,270,,PHE,NEAR_SHELL,2008,O43159,270,MATCH
51,A,335,,LEU,DIRECT,2008,O43159,335,MATCH
51,A,335,,LEU,NEAR_SHELL,2008,O43159,335,MATCH
51,A,345,,CYS,NEAR_SHELL,2008,O43159,345,MATCH
51,A,346,,ASP,NEAR_SHELL,2008,O43159,346,MATCH
51,A,348,,ALA,NEAR_SHELL,2008,O43159,348,MATCH
51,A,367,,MET,DIRECT,2008,O43159,367,MATCH
51,A,367,,MET,NEAR_SHELL,2008,O43159,367,MATCH
51,A,368,,GLY,NEAR_SHELL,2008,O43159,368,MATCH
52,A,135,,LYS,DIRECT,9205,Q53H47,136,MATCH
52,A,135,,LYS,NEAR_SHELL,9205,Q53H47,136,MATCH
52,A,137,,TRP,DIRECT,9205,Q53H47,138,MATCH
52,A,137,,TRP,NEAR_SHELL,9205,Q53H47,138,MATCH
52,A,174,,SER,NEAR_SHELL,9205,Q53H47,175,MATCH
52,A,176,,SER,DIRECT,9205,Q53H47,177,MATCH
52,A,176,,SER,NEAR_SHELL,9205,Q53H47,177,MATCH
52,A,177,,ASN,NEAR_SHELL,9205,Q53H47,178,MATCH
52,A,178,,TYR,DIRECT,9205,Q53H47,179,MATCH
52,A,178,,TYR,NEAR_SHELL,9205,Q53H47,179,MATCH
52,A,206,,ARG,NEAR_SHELL,9205,Q53H47,207,MATCH
52,A,207,,PHE,NEAR_SHELL,9205,Q53H47,208,MATCH
52,A,211,,SER,NEAR_SHELL,9205,Q53H47,212,MATCH
52,A,271,,LYS,NEAR_SHELL,9205,Q53H47,272,MATCH
52,A,274,,TYR,DIRECT,9205,Q53H47,275,MATCH
52,A,274,,TYR,NEAR_SHELL,9205,Q53H47,275,MATCH
53,A,40,,MET,DIRECT,4929,P21964,90,MATCH
53,A,40,,MET,NEAR_SHELL,4929,P21964,90,MATCH
53,A,41,,ASN,DIRECT,4929,P21964,91,MATCH
53,A,41,,ASN,NEAR_SHELL,4929,P21964,91,MATCH
53,A,42,,VAL,DIRECT,4929,P21964,92,MATCH
53,A,42,,VAL,NEAR_SHELL,4929,P21964,92,MATCH
53,A,66,,GLY,DIRECT,4929,P21964,116,MATCH
53,A,66,,GLY,NEAR_SHELL,4929,P21964,116,MATCH
53,A,67,,ALA,DIRECT,4929,P21964,117,MATCH
53,A,67,,ALA,NEAR_SHELL,4929,P21964,117,MATCH
53,A,68,,TYR,DIRECT,4929,P21964,118,MATCH
53,A,68,,TYR,NEAR_SHELL,4929,P21964,118,MATCH
53,A,71,,TYR,DIRECT,4929,P21964,121,MATCH
53,A,71,,TYR,NEAR_SHELL,4929,P21964,121,MATCH
53,A,72,,SER,DIRECT,4929,P21964,122,MATCH
53,A,72,,SER,NEAR_SHELL,4929,P21964,122,MATCH
53,A,89,,ILE,DIRECT,4929,P21964,139,MATCH
53,A,89,,ILE,NEAR_SHELL,4929,P21964,139,MATCH
53,A,90,,GLU,DIRECT,4929,P21964,140,MATCH
53,A,90,,GLU,NEAR_SHELL,4929,P21964,140,MATCH
53,A,91,,ILE,DIRECT,4929,P21964,141,MATCH
53,A,91,,ILE,NEAR_SHELL,4929,P21964,141,MATCH
53,A,92,,ASN,DIRECT,4929,P21964,142,MATCH
53,A,92,,ASN,NEAR_SHELL,4929,P21964,142,MATCH
53,A,95,,CYS,NEAR_SHELL,4929,P21964,145,MATCH
53,A,117,,GLY,DIRECT,4929,P21964,167,MATCH
53,A,117,,GLY,NEAR_SHELL,4929,P21964,167,MATCH
53,A,118,,ALA,DIRECT,4929,P21964,168,MATCH
53,A,118,,ALA,NEAR_SHELL,4929,P21964,168,MATCH
53,A,119,,SER,DIRECT,4929,P21964,169,MATCH
53,A,119,,SER,NEAR_SHELL,4929,P21964,169,MATCH
53,A,120,,GLN,DIRECT,4929,P21964,170,MATCH
53,A,120,,GLN,NEAR_SHELL,4929,P21964,170,MATCH
53,A,141,,ASP,DIRECT,4929,P21964,191,MATCH
53,A,141,,ASP,NEAR_SHELL,4929,P21964,191,MATCH
53,A,142,,HIS,DIRECT,4929,P21964,192,MATCH
53,A,142,,HIS,NEAR_SHELL,4929,P21964,192,MATCH
53,A,143,,TRP,DIRECT,4929,P21964,193,MATCH
53,A,143,,TRP,NEAR_SHELL,4929,P21964,193,MATCH
53,A,144,,LYS,NEAR_SHELL,4929,P21964,194,MATCH
53,A,146,,ARG,NEAR_SHELL,4929,P21964,196,MATCH
53,A,170,,ASN,NEAR_SHELL,4929,P21964,220,MATCH
53,A,199,,GLU,NEAR_SHELL,4929,P21964,249,MATCH
54,A,38,,TRP,DIRECT,4929,,,
54,A,38,,TRP,NEAR_SHELL,4929,,,
54,A,40,,MET,DIRECT,4929,P21964,90,MATCH
54,A,40,,MET,NEAR_SHELL,4929,P21964,90,MATCH
54,A,41,,ASN,NEAR_SHELL,4929,P21964,91,MATCH
54,A,42,,VAL,NEAR_SHELL,4929,P21964,92,MATCH
54,A,141,,ASP,DIRECT,4929,P21964,191,MATCH
54,A,141,,ASP,NEAR_SHELL,4929,P21964,191,MATCH
54,A,142,,HIS,DIRECT,4929,P21964,192,MATCH
54,A,142,,HIS,NEAR_SHELL,4929,P21964,192,MATCH
54,A,143,,TRP,DIRECT,4929,P21964,193,MATCH
54,A,143,,TRP,NEAR_SHELL,4929,P21964,193,MATCH
54,A,144,,LYS,DIRECT,4929,P21964,194,MATCH
54,A,144,,LYS,NEAR_SHELL,4929,P21964,194,MATCH
54,A,170,,ASN,DIRECT,4929,P21964,220,MATCH
54,A,170,,ASN,NEAR_SHELL,4929,P21964,220,MATCH
54,A,173,,CYS,NEAR_SHELL,4929,,,
54,A,174,,PRO,DIRECT,4929,,,
54,A,174,,PRO,NEAR_SHELL,4929,,,
54,A,198,,LEU,DIRECT,4929,,,
54,A,198,,LEU,NEAR_SHELL,4929,,,
54,A,199,,GLU,DIRECT,4929,P21964,249,MATCH
54,A,199,,GLU,NEAR_SHELL,4929,P21964,249,MATCH
55,A,40,,MET,DIRECT,,,,
55,A,40,,MET,NEAR_SHELL,,,,
55,A,41,,ASN,DIRECT,,,,
55,A,41,,ASN,NEAR_SHELL,,,,
55,A,42,,VAL,DIRECT,,,,
55,A,42,,VAL,NEAR_SHELL,,,,
55,A,66,,GLY,DIRECT,,,,
55,A,66,,GLY,NEAR_SHELL,,,,
55,A,67,,ALA,DIRECT,,,,
55,A,67,,ALA,NEAR_SHELL,,,,
55,A,68,,TYR,DIRECT,,,,
55,A,68,,TYR,NEAR_SHELL,,,,
55,A,71,,TYR,DIRECT,,,,
55,A,71,,TYR,NEAR_SHELL,,,,
55,A,72,,SER,DIRECT,,,,
55,A,72,,SER,NEAR_SHELL,,,,
55,A,89,,ILE,DIRECT,,,,
55,A,89,,ILE,NEAR_SHELL,,,,
55,A,90,,GLU,DIRECT,,,,
55,A,90,,GLU,NEAR_SHELL,,,,
55,A,91,,ILE,DIRECT,,,,
55,A,91,,ILE,NEAR_SHELL,,,,
55,A,92,,ASN,NEAR_SHELL,,,,
55,A,95,,CYS,NEAR_SHELL,,,,
55,A,117,,GLY,DIRECT,,,,
55,A,117,,GLY,NEAR_SHELL,,,,
55,A,118,,ALA,DIRECT,,,,
55,A,118,,ALA,NEAR_SHELL,,,,
55,A,119,,SER,DIRECT,,,,
55,A,119,,SER,NEAR_SHELL,,,,
55,A,120,,GLN,DIRECT,,,,
55,A,120,,GLN,NEAR_SHELL,,,,
55,A,141,,ASP,DIRECT,,,,
55,A,141,,ASP,NEAR_SHELL,,,,
55,A,142,,HIS,DIRECT,,,,
55,A,142,,HIS,NEAR_SHELL,,,,
55,A,143,,TRP,DIRECT,,,,
55,A,143,,TRP,NEAR_SHELL,,,,
55,A,144,,LYS,NEAR_SHELL,,,,
55,A,146,,ARG,DIRECT,,,,
55,A,146,,ARG,NEAR_SHELL,,,,
55,A,170,,ASN,NEAR_SHELL,,,,
55,A,199,,GLU,NEAR_SHELL,,,,
56,A,38,,TRP,DIRECT,,,,
56,A,38,,TRP,NEAR_SHELL,,,,
56,A,40,,MET,DIRECT,,,,
56,A,40,,MET,NEAR_SHELL,,,,
56,A,41,,ASN,NEAR_SHELL,,,,
56,A,42,,VAL,NEAR_SHELL,,,,
56,A,141,,ASP,DIRECT,,,,
56,A,141,,ASP,NEAR_SHELL,,,,
56,A,142,,HIS,DIRECT,,,,
56,A,142,,HIS,NEAR_SHELL,,,,
56,A,143,,TRP,DIRECT,,,,
56,A,143,,TRP,NEAR_SHELL,,,,
56,A,144,,LYS,DIRECT,,,,
56,A,144,,LYS,NEAR_SHELL,,,,
56,A,170,,ASN,DIRECT,,,,
56,A,170,,ASN,NEAR_SHELL,,,,
56,A,173,,CYS,NEAR_SHELL,,,,
56,A,174,,PRO,DIRECT,,,,
56,A,174,,PRO,NEAR_SHELL,,,,
56,A,198,,LEU,DIRECT,,,,
56,A,198,,LEU,NEAR_SHELL,,,,
56,A,199,,GLU,DIRECT,,,,
56,A,199,,GLU,NEAR_SHELL,,,,
57,A,223,,ILE,DIRECT,13942,Q8WTS6,223,MATCH
57,A,223,,ILE,NEAR_SHELL,13942,Q8WTS6,223,MATCH
57,A,224,,SER,NEAR_SHELL,13942,Q8WTS6,224,MATCH
57,A,225,,SER,NEAR_SHELL,13942,Q8WTS6,225,MATCH
57,A,226,,ALA,NEAR_SHELL,13942,Q8WTS6,226,MATCH
57,A,227,,GLY,DIRECT,13942,Q8WTS6,227,MATCH
57,A,227,,GLY,NEAR_SHELL,13942,Q8WTS6,227,MATCH
57,A,228,,GLU,DIRECT,13942,Q8WTS6,228,MATCH
57,A,228,,GLU,NEAR_SHELL,13942,Q8WTS6,228,MATCH
57,A,264,,GLY,NEAR_SHELL,13942,Q8WTS6,264,MATCH
57,A,265,,ASN,DIRECT,13942,Q8WTS6,265,MATCH
57,A,265,,ASN,NEAR_SHELL,13942,Q8WTS6,265,MATCH
57,A,282,,ASN,NEAR_SHELL,13942,Q8WTS6,282,MATCH
57,A,294,,LYS,DIRECT,13942,Q8WTS6,294,MATCH
57,A,294,,LYS,NEAR_SHELL,13942,Q8WTS6,294,MATCH
57,A,350,,PRO,NEAR_SHELL,13942,Q8WTS6,350,MATCH
57,A,352,,TRP,DIRECT,13942,Q8WTS6,352,MATCH
57,A,352,,TRP,NEAR_SHELL,13942,Q8WTS6,352,MATCH
57,A,356,,GLU,DIRECT,13942,Q8WTS6,356,MATCH
57,A,356,,GLU,NEAR_SHELL,13942,Q8WTS6,356,MATCH
58,A,223,,ILE,NEAR_SHELL,13942,Q8WTS6,223,MATCH
58,A,225,,SER,NEAR_SHELL,13942,Q8WTS6,225,MATCH
58,A,226,,ALA,DIRECT,13942,Q8WTS6,226,MATCH
58,A,226,,ALA,NEAR_SHELL,13942,Q8WTS6,226,MATCH
58,A,227,,GLY,DIRECT,13942,Q8WTS6,227,MATCH
58,A,227,,GLY,NEAR_SHELL,13942,Q8WTS6,227,MATCH
58,A,228,,GLU,DIRECT,13942,Q8WTS6,228,MATCH
58,A,228,,GLU,NEAR_SHELL,13942,Q8WTS6,228,MATCH
58,A,264,,GLY,NEAR_SHELL,13942,Q8WTS6,264,MATCH
58,A,265,,ASN,DIRECT,13942,Q8WTS6,265,MATCH
58,A,265,,ASN,NEAR_SHELL,13942,Q8WTS6,265,MATCH
58,A,282,,ASN,NEAR_SHELL,13942,Q8WTS6,282,MATCH
58,A,294,,LYS,DIRECT,13942,Q8WTS6,294,MATCH
58,A,294,,LYS,NEAR_SHELL,13942,Q8WTS6,294,MATCH
59,A,223,,ILE,DIRECT,13942,Q8WTS6,223,MATCH
59,A,223,,ILE,NEAR_SHELL,13942,Q8WTS6,223,MATCH
59,A,224,,SER,NEAR_SHELL,13942,Q8WTS6,224,MATCH
59,A,225,,SER,NEAR_SHELL,13942,Q8WTS6,225,MATCH
59,A,226,,ALA,DIRECT,13942,Q8WTS6,226,MATCH
59,A,226,,ALA,NEAR_SHELL,13942,Q8WTS6,226,MATCH
59,A,227,,GLY,NEAR_SHELL,13942,Q8WTS6,227,MATCH
59,A,228,,GLU,DIRECT,13942,Q8WTS6,228,MATCH
59,A,228,,GLU,NEAR_SHELL,13942,Q8WTS6,228,MATCH
59,A,264,,GLY,DIRECT,13942,Q8WTS6,264,MATCH
59,A,264,,GLY,NEAR_SHELL,13942,Q8WTS6,264,MATCH
59,A,265,,ASN,DIRECT,13942,Q8WTS6,265,MATCH
59,A,265,,ASN,NEAR_SHELL,13942,Q8WTS6,265,MATCH
59,A,282,,ASN,NEAR_SHELL,13942,Q8WTS6,282,MATCH
59,A,293,,HIS,DIRECT,13942,Q8WTS6,293,MATCH
59,A,293,,HIS,NEAR_SHELL,13942,Q8WTS6,293,MATCH
59,A,294,,LYS,DIRECT,13942,Q8WTS6,294,MATCH
59,A,294,,LYS,NEAR_SHELL,13942,Q8WTS6,294,MATCH
59,A,296,,ASN,DIRECT,13942,Q8WTS6,296,MATCH
59,A,296,,ASN,NEAR_SHELL,13942,Q8WTS6,296,MATCH
59,A,297,,HIS,DIRECT,13942,Q8WTS6,297,MATCH
59,A,297,,HIS,NEAR_SHELL,13942,Q8WTS6,297,MATCH
59,A,335,,TYR,DIRECT,13942,Q8WTS6,335,MATCH
59,A,335,,TYR,NEAR_SHELL,13942,Q8WTS6,335,MATCH
59,A,350,,PRO,NEAR_SHELL,13942,Q8WTS6,350,MATCH
59,A,352,,TRP,DIRECT,13942,Q8WTS6,352,MATCH
59,A,352,,TRP,NEAR_SHELL,13942,Q8WTS6,352,MATCH
59,A,356,,GLU,DIRECT,13942,Q8WTS6,356,MATCH
59,A,356,,GLU,NEAR_SHELL,13942,Q8WTS6,356,MATCH
60,A,52,,ASP,NEAR_SHELL,19085,Q9UBP6,82,MATCH
60,A,53,,ILE,NEAR_SHELL,19085,Q9UBP6,83,MATCH
60,A,54,,GLY,DIRECT,19085,Q9UBP6,84,MATCH
60,A,54,,GLY,NEAR_SHELL,19085,Q9UBP6,84,MATCH
60,A,55,,CYS,DIRECT,19085,Q9UBP6,85,MATCH
60,A,55,,CYS,NEAR_SHELL,19085,Q9UBP6,85,MATCH
60,A,56,,GLY,DIRECT,19085,Q9UBP6,86,MATCH
60,A,56,,GLY,NEAR_SHELL,19085,Q9UBP6,86,MATCH
60,A,57,,TYR,NEAR_SHELL,19085,Q9UBP6,87,MATCH
60,A,58,,GLY,NEAR_SHELL,19085,Q9UBP6,88,MATCH
60,A,76,,LEU,NEAR_SHELL,19085,Q9UBP6,106,MATCH
60,A,77,,GLU,DIRECT,19085,Q9UBP6,107,MATCH
60,A,77,,GLU,NEAR_SHELL,19085,Q9UBP6,107,MATCH
60,A,78,,ILE,DIRECT,19085,Q9UBP6,108,MATCH
60,A,78,,ILE,NEAR_SHELL,19085,Q9UBP6,108,MATCH
60,A,79,,ARG,DIRECT,19085,Q9UBP6,109,MATCH
60,A,79,,ARG,NEAR_SHELL,19085,Q9UBP6,109,MATCH
60,A,109,,SER,DIRECT,19085,Q9UBP6,139,MATCH
60,A,109,,SER,NEAR_SHELL,19085,Q9UBP6,139,MATCH
60,A,110,,ASN,DIRECT,19085,Q9UBP6,140,MATCH
60,A,110,,ASN,NEAR_SHELL,19085,Q9UBP6,140,MATCH
60,A,111,,ALA,DIRECT,19085,Q9UBP6,141,MATCH
60,A,111,,ALA,NEAR_SHELL,19085,Q9UBP6,141,MATCH
60,A,112,,MET,DIRECT,19085,Q9UBP6,142,MATCH
60,A,112,,MET,NEAR_SHELL,19085,Q9UBP6,142,MATCH
60,A,130,,LEU,DIRECT,19085,Q9UBP6,160,MATCH
60,A,130,,LEU,NEAR_SHELL,19085,Q9UBP6,160,MATCH
60,A,131,,PHE,DIRECT,19085,Q9UBP6,161,MATCH
60,A,131,,PHE,NEAR_SHELL,19085,Q9UBP6,161,MATCH
60,A,132,,PRO,NEAR_SHELL,19085,Q9UBP6,162,MATCH
60,A,133,,ASP,DIRECT,19085,Q9UBP6,163,MATCH
60,A,133,,ASP,NEAR_SHELL,19085,Q9UBP6,163,MATCH
60,A,208,,THR,DIRECT,19085,Q9UBP6,238,MATCH
60,A,208,,THR,NEAR_SHELL,19085,Q9UBP6,238,MATCH
60,A,209,,GLU,DIRECT,19085,Q9UBP6,239,MATCH
60,A,209,,GLU,NEAR_SHELL,19085,Q9UBP6,239,MATCH
60,A,210,,GLU,DIRECT,19085,Q9UBP6,240,MATCH
60,A,210,,GLU,NEAR_SHELL,19085,Q9UBP6,240,MATCH
61,A,269,,GLY,NEAR_SHELL,18156,Q9NQR1,310,MATCH
61,A,270,,CYS,NEAR_SHELL,18156,Q9NQR1,311,MATCH
61,A,347,,HIS,NEAR_SHELL,18156,Q9NQR1,388,MATCH
62,A,269,,GLY,NEAR_SHELL,18156,Q9NQR1,310,MATCH
62,A,270,,CYS,NEAR_SHELL,18156,Q9NQR1,311,MATCH
62,A,347,,HIS,NEAR_SHELL,18156,Q9NQR1,388,MATCH
63,A,269,,GLY,NEAR_SHELL,18156,Q9NQR1,310,MATCH
63,A,270,,CYS,NEAR_SHELL,18156,Q9NQR1,311,MATCH
63,A,347,,HIS,NEAR_SHELL,18156,Q9NQR1,388,MATCH
64,A,228,,ARG,NEAR_SHELL,18156,Q9NQR1,269,MATCH
64,A,296,,LEU,NEAR_SHELL,18156,Q9NQR1,337,MATCH
65,A,646,,LYS,DIRECT,15979,,,
65,A,646,,LYS,NEAR_SHELL,15979,,,
65,A,647,,TYR,DIRECT,15979,,,
65,A,647,,TYR,NEAR_SHELL,15979,,,
65,A,650,,GLN,NEAR_SHELL,15979,,,
65,A,654,,LEU,NEAR_SHELL,15979,,,
65,A,669,,TRP,NEAR_SHELL,15979,,,
65,A,670,,PHE,DIRECT,15979,,,
65,A,670,,PHE,NEAR_SHELL,15979,,,
65,A,671,,SER,DIRECT,15979,Q96RS0,671,MATCH
65,A,671,,SER,NEAR_SHELL,15979,Q96RS0,671,MATCH
65,A,672,,VAL,DIRECT,15979,Q96RS0,672,MATCH
65,A,672,,VAL,NEAR_SHELL,15979,Q96RS0,672,MATCH
65,A,674,,PRO,DIRECT,15979,,,
65,A,674,,PRO,NEAR_SHELL,15979,,,
65,A,763,,SER,DIRECT,15979,Q96RS0,763,MATCH
65,A,763,,SER,NEAR_SHELL,15979,Q96RS0,763,MATCH
65,A,764,,PRO,DIRECT,15979,Q96RS0,764,MATCH
65,A,764,,PRO,NEAR_SHELL,15979,Q96RS0,764,MATCH
65,A,766,,TRP,DIRECT,15979,,,
65,A,766,,TRP,NEAR_SHELL,15979,,,
65,A,768,,GLY,DIRECT,15979,,,
65,A,768,,GLY,NEAR_SHELL,15979,,,
65,A,769,,PRO,DIRECT,15979,,,
65,A,769,,PRO,NEAR_SHELL,15979,,,
65,A,771,,TYR,DIRECT,15979,,,
65,A,771,,TYR,NEAR_SHELL,15979,,,
65,A,772,,ALA,NEAR_SHELL,15979,,,
65,A,804,,PHE,DIRECT,15979,Q96RS0,804,MATCH
65,A,804,,PHE,NEAR_SHELL,15979,Q96RS0,804,MATCH
65,A,807,,ARG,DIRECT,15979,,,
65,A,807,,ARG,NEAR_SHELL,15979,,,
65,A,834,,LYS,NEAR_SHELL,15979,,,
65,A,836,,LYS,DIRECT,15979,,,
65,A,836,,LYS,NEAR_SHELL,15979,,,
65,A,837,,THR,DIRECT,15979,,,
65,A,837,,THR,NEAR_SHELL,15979,,,
66,A,671,,SER,DIRECT,15979,Q96RS0,671,MATCH
66,A,671,,SER,NEAR_SHELL,15979,Q96RS0,671,MATCH
66,A,672,,VAL,NEAR_SHELL,15979,Q96RS0,672,MATCH
66,A,763,,SER,DIRECT,15979,Q96RS0,763,MATCH
66,A,763,,SER,NEAR_SHELL,15979,Q96RS0,763,MATCH
66,A,764,,PRO,NEAR_SHELL,15979,Q96RS0,764,MATCH
66,A,804,,PHE,NEAR_SHELL,15979,Q96RS0,804,MATCH
67,A,1105,,MET,DIRECT,17731,Q9H9B1,1105,MATCH
67,A,1105,,MET,NEAR_SHELL,17731,Q9H9B1,1105,MATCH
67,A,1106,,GLY,DIRECT,17731,Q9H9B1,1106,MATCH
67,A,1106,,GLY,NEAR_SHELL,17731,Q9H9B1,1106,MATCH
67,A,1141,,SER,DIRECT,17731,Q9H9B1,1141,MATCH
67,A,1141,,SER,NEAR_SHELL,17731,Q9H9B1,1141,MATCH
67,A,1142,,TYR,DIRECT,17731,Q9H9B1,1142,MATCH
67,A,1142,,TYR,NEAR_SHELL,17731,Q9H9B1,1142,MATCH
67,A,1166,,ARG,NEAR_SHELL,17731,Q9H9B1,1166,MATCH
67,A,1167,,PHE,NEAR_SHELL,17731,Q9H9B1,1167,MATCH
67,A,1169,,ASN,DIRECT,17731,Q9H9B1,1169,MATCH
67,A,1169,,ASN,NEAR_SHELL,17731,Q9H9B1,1169,MATCH
67,A,1170,,HIS,DIRECT,17731,Q9H9B1,1170,MATCH
67,A,1170,,HIS,NEAR_SHELL,17731,Q9H9B1,1170,MATCH
67,A,1226,,ARG,NEAR_SHELL,17731,Q9H9B1,1226,MATCH
67,A,1227,,CYS,NEAR_SHELL,17731,Q9H9B1,1227,MATCH
68,A,26,,VAL,NEAR_SHELL,19324,Q9UIC8,26,MATCH
68,A,27,,ARG,NEAR_SHELL,19324,Q9UIC8,27,MATCH
68,A,29,,THR,DIRECT,19324,Q9UIC8,29,MATCH
68,A,29,,THR,NEAR_SHELL,19324,Q9UIC8,29,MATCH
68,A,30,,CYS,DIRECT,19324,Q9UIC8,30,MATCH
68,A,30,,CYS,NEAR_SHELL,19324,Q9UIC8,30,MATCH
68,A,33,,ALA,DIRECT,19324,Q9UIC8,33,MATCH
68,A,33,,ALA,NEAR_SHELL,19324,Q9UIC8,33,MATCH
68,A,34,,SER,NEAR_SHELL,19324,Q9UIC8,34,MATCH
68,A,37,,LYS,DIRECT,19324,Q9UIC8,37,MATCH
68,A,37,,LYS,NEAR_SHELL,19324,Q9UIC8,37,MATCH
68,A,73,,ARG,DIRECT,19324,Q9UIC8,73,MATCH
68,A,73,,ARG,NEAR_SHELL,19324,Q9UIC8,73,MATCH
68,A,101,,MET,NEAR_SHELL,19324,Q9UIC8,101,MATCH
68,A,102,,ASP,NEAR_SHELL,19324,Q9UIC8,102,MATCH
68,A,123,,PHE,DIRECT,19324,Q9UIC8,123,MATCH
68,A,123,,PHE,NEAR_SHELL,19324,Q9UIC8,123,MATCH
68,A,173,,ARG,NEAR_SHELL,19324,Q9UIC8,173,MATCH
68,A,198,,GLU,DIRECT,19324,Q9UIC8,198,MATCH
68,A,198,,GLU,NEAR_SHELL,19324,Q9UIC8,198,MATCH
68,A,199,,CYS,NEAR_SHELL,19324,Q9UIC8,199,MATCH
68,A,203,,TYR,NEAR_SHELL,19324,Q9UIC8,203,MATCH
69,A,1047,,LYS,NEAR_SHELL,15523,Q96KQ7,1047,MATCH
69,A,1048,,MET,DIRECT,15523,Q96KQ7,1048,MATCH
69,A,1048,,MET,NEAR_SHELL,15523,Q96KQ7,1048,MATCH
69,A,1049,,GLY,DIRECT,15523,Q96KQ7,1049,MATCH
69,A,1049,,GLY,NEAR_SHELL,15523,Q96KQ7,1049,MATCH
69,A,1084,,SER,DIRECT,15523,Q96KQ7,1084,MATCH
69,A,1084,,SER,NEAR_SHELL,15523,Q96KQ7,1084,MATCH
69,A,1085,,TYR,DIRECT,15523,Q96KQ7,1085,MATCH
69,A,1085,,TYR,NEAR_SHELL,15523,Q96KQ7,1085,MATCH
69,A,1109,,ARG,DIRECT,15523,Q96KQ7,1109,MATCH
69,A,1109,,ARG,NEAR_SHELL,15523,Q96KQ7,1109,MATCH
69,A,1111,,ILE,DIRECT,15523,Q96KQ7,1111,MATCH
69,A,1111,,ILE,NEAR_SHELL,15523,Q96KQ7,1111,MATCH
69,A,1154,,TYR,DIRECT,15523,Q96KQ7,1154,MATCH
69,A,1154,,TYR,NEAR_SHELL,15523,Q96KQ7,1154,MATCH
69,A,1158,,PHE,NEAR_SHELL,15523,Q96KQ7,1158,MATCH
69,A,1162,,LYS,NEAR_SHELL,15523,Q96KQ7,1162,MATCH
69,A,1166,,PHE,NEAR_SHELL,15523,Q96KQ7,1166,MATCH
69,A,1167,,THR,DIRECT,15523,Q96KQ7,1167,MATCH
69,A,1167,,THR,NEAR_SHELL,15523,Q96KQ7,1167,MATCH
69,A,1169,,GLN,DIRECT,15523,Q96KQ7,1169,MATCH
69,A,1169,,GLN,NEAR_SHELL,15523,Q96KQ7,1169,MATCH
70,A,1067,,TYR,NEAR_SHELL,15523,,,
70,A,1074,,ASP,DIRECT,15523,,,
70,A,1074,,ASP,NEAR_SHELL,15523,,,
70,A,1083,,ASP,DIRECT,15523,,,
70,A,1083,,ASP,NEAR_SHELL,15523,,,
70,A,1084,,SER,DIRECT,15523,Q96KQ7,1084,MATCH
70,A,1084,,SER,NEAR_SHELL,15523,Q96KQ7,1084,MATCH
70,A,1086,,LEU,DIRECT,15523,,,
70,A,1086,,LEU,NEAR_SHELL,15523,,,
70,A,1087,,PHE,NEAR_SHELL,15523,,,
70,A,1088,,ASP,DIRECT,15523,,,
70,A,1088,,ASP,NEAR_SHELL,15523,,,
70,A,1096,,VAL,NEAR_SHELL,15523,,,
70,A,1097,,TYR,NEAR_SHELL,15523,,,
70,A,1098,,CYS,DIRECT,15523,,,
70,A,1098,,CYS,NEAR_SHELL,15523,,,
70,A,1152,,PHE,DIRECT,15523,,,
70,A,1152,,PHE,NEAR_SHELL,15523,,,
70,A,1154,,TYR,DIRECT,15523,Q96KQ7,1154,MATCH
70,A,1154,,TYR,NEAR_SHELL,15523,Q96KQ7,1154,MATCH
70,A,1157,,ARG,DIRECT,15523,,,
70,A,1157,,ARG,NEAR_SHELL,15523,,,
70,A,1158,,PHE,DIRECT,15523,Q96KQ7,1158,MATCH
70,A,1158,,PHE,NEAR_SHELL,15523,Q96KQ7,1158,MATCH
70,A,1161,,ILE,DIRECT,15523,,,
70,A,1161,,ILE,NEAR_SHELL,15523,,,
70,A,1162,,LYS,DIRECT,15523,Q96KQ7,1162,MATCH
70,A,1162,,LYS,NEAR_SHELL,15523,Q96KQ7,1162,MATCH
71,A,33,,PHE,NEAR_SHELL,,,,
71,A,114,,TYR,DIRECT,,,,
71,A,114,,TYR,NEAR_SHELL,,,,
71,A,131,,LYS,NEAR_SHELL,,,,
71,A,134,,LEU,DIRECT,,,,
71,A,134,,LEU,NEAR_SHELL,,,,
71,A,135,,SER,DIRECT,,,,
71,A,135,,SER,NEAR_SHELL,,,,
71,A,137,,ASN,DIRECT,,,,
71,A,137,,ASN,NEAR_SHELL,,,,
71,A,140,,PRO,DIRECT,,,,
71,A,140,,PRO,NEAR_SHELL,,,,
71,A,145,,ALA,DIRECT,,,,
71,A,145,,ALA,NEAR_SHELL,,,,
71,A,156,,GLY,NEAR_SHELL,,,,
71,A,157,,GLY,DIRECT,,,,
71,A,157,,GLY,NEAR_SHELL,,,,
71,A,158,,TYR,DIRECT,,,,
71,A,158,,TYR,NEAR_SHELL,,,,
71,A,159,,GLU,DIRECT,,,,
71,A,159,,GLU,NEAR_SHELL,,,,
72,A,33,,PHE,NEAR_SHELL,,,,
72,A,114,,TYR,NEAR_SHELL,,,,
72,A,134,,LEU,NEAR_SHELL,,,,
72,A,135,,SER,DIRECT,,,,
72,A,135,,SER,NEAR_SHELL,,,,
72,A,136,,GLY,NEAR_SHELL,,,,
72,A,137,,ASN,DIRECT,,,,
72,A,137,,ASN,NEAR_SHELL,,,,
72,A,140,,PRO,DIRECT,,,,
72,A,140,,PRO,NEAR_SHELL,,,,
72,A,157,,GLY,NEAR_SHELL,,,,
72,A,158,,TYR,DIRECT,,,,
72,A,158,,TYR,NEAR_SHELL,,,,
72,A,159,,GLU,DIRECT,,,,
72,A,159,,GLU,NEAR_SHELL,,,,
72,A,160,,GLY,NEAR_SHELL,,,,
73,A,223,,ILE,DIRECT,13942,Q8WTS6,223,MATCH
73,A,223,,ILE,NEAR_SHELL,13942,Q8WTS6,223,MATCH
73,A,224,,SER,NEAR_SHELL,13942,Q8WTS6,224,MATCH
73,A,225,,SER,NEAR_SHELL,13942,Q8WTS6,225,MATCH
73,A,226,,ALA,DIRECT,13942,Q8WTS6,226,MATCH
73,A,226,,ALA,NEAR_SHELL,13942,Q8WTS6,226,MATCH
73,A,227,,GLY,DIRECT,13942,Q8WTS6,227,MATCH
73,A,227,,GLY,NEAR_SHELL,13942,Q8WTS6,227,MATCH
73,A,228,,GLU,DIRECT,13942,Q8WTS6,228,MATCH
73,A,228,,GLU,NEAR_SHELL,13942,Q8WTS6,228,MATCH
73,A,264,,GLY,DIRECT,13942,Q8WTS6,264,MATCH
73,A,264,,GLY,NEAR_SHELL,13942,Q8WTS6,264,MATCH
73,A,265,,ASN,DIRECT,13942,Q8WTS6,265,MATCH
73,A,265,,ASN,NEAR_SHELL,13942,Q8WTS6,265,MATCH
73,A,282,,ASN,NEAR_SHELL,13942,Q8WTS6,282,MATCH
73,A,294,,LYS,DIRECT,13942,Q8WTS6,294,MATCH
73,A,294,,LYS,NEAR_SHELL,13942,Q8WTS6,294,MATCH
73,A,352,,TRP,NEAR_SHELL,13942,Q8WTS6,352,MATCH
73,A,356,,GLU,DIRECT,13942,Q8WTS6,356,MATCH
73,A,356,,GLU,NEAR_SHELL,13942,Q8WTS6,356,MATCH
74,A,264,,GLY,DIRECT,13942,Q8WTS6,264,MATCH
74,A,264,,GLY,NEAR_SHELL,13942,Q8WTS6,264,MATCH
74,A,265,,ASN,DIRECT,13942,Q8WTS6,265,MATCH
74,A,265,,ASN,NEAR_SHELL,13942,Q8WTS6,265,MATCH
74,A,282,,ASN,NEAR_SHELL,13942,Q8WTS6,282,MATCH
74,A,356,,GLU,DIRECT,13942,Q8WTS6,356,MATCH
74,A,356,,GLU,NEAR_SHELL,13942,Q8WTS6,356,MATCH
75,A,223,,ILE,DIRECT,13942,Q8WTS6,223,MATCH
75,A,223,,ILE,NEAR_SHELL,13942,Q8WTS6,223,MATCH
75,A,224,,SER,NEAR_SHELL,13942,Q8WTS6,224,MATCH
75,A,225,,SER,NEAR_SHELL,13942,Q8WTS6,225,MATCH
75,A,226,,ALA,DIRECT,13942,Q8WTS6,226,MATCH
75,A,226,,ALA,NEAR_SHELL,13942,Q8WTS6,226,MATCH
75,A,227,,GLY,NEAR_SHELL,13942,Q8WTS6,227,MATCH
75,A,264,,GLY,NEAR_SHELL,13942,Q8WTS6,264,MATCH
75,A,265,,ASN,DIRECT,13942,Q8WTS6,265,MATCH
75,A,265,,ASN,NEAR_SHELL,13942,Q8WTS6,265,MATCH
75,A,282,,ASN,NEAR_SHELL,13942,Q8WTS6,282,MATCH
75,A,352,,TRP,NEAR_SHELL,13942,Q8WTS6,352,MATCH
75,A,356,,GLU,DIRECT,13942,Q8WTS6,356,MATCH
75,A,356,,GLU,NEAR_SHELL,13942,Q8WTS6,356,MATCH
76,A,224,,SER,NEAR_SHELL,13942,Q8WTS6,224,MATCH
76,A,225,,SER,NEAR_SHELL,13942,Q8WTS6,225,MATCH
76,A,226,,ALA,DIRECT,13942,Q8WTS6,226,MATCH
76,A,226,,ALA,NEAR_SHELL,13942,Q8WTS6,226,MATCH
76,A,227,,GLY,DIRECT,13942,Q8WTS6,227,MATCH
76,A,227,,GLY,NEAR_SHELL,13942,Q8WTS6,227,MATCH
76,A,228,,GLU,DIRECT,13942,Q8WTS6,228,MATCH
76,A,228,,GLU,NEAR_SHELL,13942,Q8WTS6,228,MATCH
76,A,264,,GLY,NEAR_SHELL,13942,Q8WTS6,264,MATCH
76,A,265,,ASN,DIRECT,13942,Q8WTS6,265,MATCH
76,A,265,,ASN,NEAR_SHELL,13942,Q8WTS6,265,MATCH
76,A,282,,ASN,NEAR_SHELL,13942,Q8WTS6,282,MATCH
76,A,294,,LYS,DIRECT,13942,Q8WTS6,294,MATCH
76,A,294,,LYS,NEAR_SHELL,13942,Q8WTS6,294,MATCH
76,A,352,,TRP,NEAR_SHELL,13942,Q8WTS6,352,MATCH
76,A,356,,GLU,DIRECT,13942,Q8WTS6,356,MATCH
76,A,356,,GLU,NEAR_SHELL,13942,Q8WTS6,356,MATCH
77,A,225,,SER,NEAR_SHELL,13942,Q8WTS6,225,MATCH
77,A,226,,ALA,DIRECT,13942,Q8WTS6,226,MATCH
77,A,226,,ALA,NEAR_SHELL,13942,Q8WTS6,226,MATCH
77,A,227,,GLY,DIRECT,13942,Q8WTS6,227,MATCH
77,A,227,,GLY,NEAR_SHELL,13942,Q8WTS6,227,MATCH
77,A,228,,GLU,DIRECT,13942,Q8WTS6,228,MATCH
77,A,228,,GLU,NEAR_SHELL,13942,Q8WTS6,228,MATCH
77,A,264,,GLY,DIRECT,13942,Q8WTS6,264,MATCH
77,A,264,,GLY,NEAR_SHELL,13942,Q8WTS6,264,MATCH
77,A,265,,ASN,DIRECT,13942,Q8WTS6,265,MATCH
77,A,265,,ASN,NEAR_SHELL,13942,Q8WTS6,265,MATCH
77,A,282,,ASN,NEAR_SHELL,13942,Q8WTS6,282,MATCH
77,A,293,,HIS,NEAR_SHELL,13942,Q8WTS6,293,MATCH
77,A,294,,LYS,DIRECT,13942,Q8WTS6,294,MATCH
77,A,294,,LYS,NEAR_SHELL,13942,Q8WTS6,294,MATCH
77,A,356,,GLU,DIRECT,13942,Q8WTS6,356,MATCH
77,A,356,,GLU,NEAR_SHELL,13942,Q8WTS6,356,MATCH
77,B,189,,LYS,DIRECT,13942,Q8WTS6,,NOT_MAPPED
77,B,189,,LYS,NEAR_SHELL,13942,Q8WTS6,,NOT_MAPPED
78,A,225,,SER,NEAR_SHELL,13942,Q8WTS6,225,MATCH
78,A,226,,ALA,NEAR_SHELL,13942,Q8WTS6,226,MATCH
78,A,227,,GLY,DIRECT,13942,Q8WTS6,227,MATCH
78,A,227,,GLY,NEAR_SHELL,13942,Q8WTS6,227,MATCH
78,A,228,,GLU,DIRECT,13942,Q8WTS6,228,MATCH
78,A,228,,GLU,NEAR_SHELL,13942,Q8WTS6,228,MATCH
78,A,264,,GLY,DIRECT,13942,Q8WTS6,264,MATCH
78,A,264,,GLY,NEAR_SHELL,13942,Q8WTS6,264,MATCH
78,A,265,,ASN,NEAR_SHELL,13942,Q8WTS6,265,MATCH
78,A,282,,ASN,NEAR_SHELL,13942,Q8WTS6,282,MATCH
78,A,293,,HIS,NEAR_SHELL,13942,Q8WTS6,293,MATCH
78,A,294,,LYS,DIRECT,13942,Q8WTS6,294,MATCH
78,A,294,,LYS,NEAR_SHELL,13942,Q8WTS6,294,MATCH
78,A,356,,GLU,DIRECT,13942,Q8WTS6,356,MATCH
78,A,356,,GLU,NEAR_SHELL,13942,Q8WTS6,356,MATCH
79,A,224,,SER,NEAR_SHELL,13942,Q8WTS6,224,MATCH
79,A,225,,SER,NEAR_SHELL,13942,Q8WTS6,225,MATCH
79,A,226,,ALA,DIRECT,13942,Q8WTS6,226,MATCH
79,A,226,,ALA,NEAR_SHELL,13942,Q8WTS6,226,MATCH
79,A,227,,GLY,DIRECT,13942,Q8WTS6,227,MATCH
79,A,227,,GLY,NEAR_SHELL,13942,Q8WTS6,227,MATCH
79,A,228,,GLU,DIRECT,13942,Q8WTS6,228,MATCH
79,A,228,,GLU,NEAR_SHELL,13942,Q8WTS6,228,MATCH
79,A,264,,GLY,DIRECT,13942,Q8WTS6,264,MATCH
79,A,264,,GLY,NEAR_SHELL,13942,Q8WTS6,264,MATCH
79,A,265,,ASN,DIRECT,13942,Q8WTS6,265,MATCH
79,A,265,,ASN,NEAR_SHELL,13942,Q8WTS6,265,MATCH
79,A,282,,ASN,NEAR_SHELL,13942,Q8WTS6,282,MATCH
79,A,294,,LYS,DIRECT,13942,Q8WTS6,294,MATCH
79,A,294,,LYS,NEAR_SHELL,13942,Q8WTS6,294,MATCH
79,A,352,,TRP,NEAR_SHELL,13942,Q8WTS6,352,MATCH
79,A,356,,GLU,DIRECT,13942,Q8WTS6,356,MATCH
79,A,356,,GLU,NEAR_SHELL,13942,Q8WTS6,356,MATCH
80,A,223,,ILE,DIRECT,13942,Q8WTS6,223,MATCH
80,A,223,,ILE,NEAR_SHELL,13942,Q8WTS6,223,MATCH
80,A,224,,SER,NEAR_SHELL,13942,Q8WTS6,224,MATCH
80,A,225,,SER,NEAR_SHELL,13942,Q8WTS6,225,MATCH
80,A,226,,ALA,DIRECT,13942,Q8WTS6,226,MATCH
80,A,226,,ALA,NEAR_SHELL,13942,Q8WTS6,226,MATCH
80,A,227,,GLY,NEAR_SHELL,13942,Q8WTS6,227,MATCH
80,A,228,,GLU,DIRECT,13942,Q8WTS6,228,MATCH
80,A,228,,GLU,NEAR_SHELL,13942,Q8WTS6,228,MATCH
80,A,264,,GLY,NEAR_SHELL,13942,Q8WTS6,264,MATCH
80,A,265,,ASN,DIRECT,13942,Q8WTS6,265,MATCH
80,A,265,,ASN,NEAR_SHELL,13942,Q8WTS6,265,MATCH
80,A,282,,ASN,NEAR_SHELL,13942,Q8WTS6,282,MATCH
80,A,293,,HIS,NEAR_SHELL,13942,Q8WTS6,293,MATCH
80,A,294,,LYS,DIRECT,13942,Q8WTS6,294,MATCH
80,A,294,,LYS,NEAR_SHELL,13942,Q8WTS6,294,MATCH
80,A,352,,TRP,NEAR_SHELL,13942,Q8WTS6,352,MATCH
80,A,356,,GLU,DIRECT,13942,Q8WTS6,356,MATCH
80,A,356,,GLU,NEAR_SHELL,13942,Q8WTS6,356,MATCH
81,A,31,,GLU,NEAR_SHELL,19324,Q9UIC8,31,MATCH
81,A,33,,ALA,DIRECT,19324,Q9UIC8,33,MATCH
81,A,33,,ALA,NEAR_SHELL,19324,Q9UIC8,33,MATCH
81,A,34,,SER,NEAR_SHELL,19324,Q9UIC8,34,MATCH
81,A,37,,LYS,DIRECT,19324,Q9UIC8,37,MATCH
81,A,37,,LYS,NEAR_SHELL,19324,Q9UIC8,37,MATCH
81,A,73,,ARG,DIRECT,19324,Q9UIC8,73,MATCH
81,A,73,,ARG,NEAR_SHELL,19324,Q9UIC8,73,MATCH
81,A,96,,ASN,NEAR_SHELL,19324,Q9UIC8,96,MATCH
81,A,98,,GLY,DIRECT,19324,Q9UIC8,98,MATCH
81,A,98,,GLY,NEAR_SHELL,19324,Q9UIC8,98,MATCH
81,A,99,,ALA,DIRECT,19324,Q9UIC8,99,MATCH
81,A,99,,ALA,NEAR_SHELL,19324,Q9UIC8,99,MATCH
81,A,100,,GLY,DIRECT,19324,Q9UIC8,100,MATCH
81,A,100,,GLY,NEAR_SHELL,19324,Q9UIC8,100,MATCH
81,A,101,,MET,NEAR_SHELL,19324,Q9UIC8,101,MATCH
81,A,102,,ASP,NEAR_SHELL,19324,Q9UIC8,102,MATCH
81,A,121,,VAL,NEAR_SHELL,19324,Q9UIC8,121,MATCH
81,A,122,,ASP,DIRECT,19324,Q9UIC8,122,MATCH
81,A,122,,ASP,NEAR_SHELL,19324,Q9UIC8,122,MATCH
81,A,123,,PHE,DIRECT,19324,Q9UIC8,123,MATCH
81,A,123,,PHE,NEAR_SHELL,19324,Q9UIC8,123,MATCH
81,A,126,,ILE,DIRECT,19324,Q9UIC8,126,MATCH
81,A,126,,ILE,NEAR_SHELL,19324,Q9UIC8,126,MATCH
81,A,170,,ALA,DIRECT,19324,Q9UIC8,170,MATCH
81,A,170,,ALA,NEAR_SHELL,19324,Q9UIC8,170,MATCH
81,A,171,,ASP,DIRECT,19324,Q9UIC8,171,MATCH
81,A,171,,ASP,NEAR_SHELL,19324,Q9UIC8,171,MATCH
81,A,172,,LEU,DIRECT,19324,Q9UIC8,172,MATCH
81,A,172,,LEU,NEAR_SHELL,19324,Q9UIC8,172,MATCH
81,A,173,,ARG,DIRECT,19324,Q9UIC8,173,MATCH
81,A,173,,ARG,NEAR_SHELL,19324,Q9UIC8,173,MATCH
81,A,198,,GLU,DIRECT,19324,Q9UIC8,198,MATCH
81,A,198,,GLU,NEAR_SHELL,19324,Q9UIC8,198,MATCH
81,A,199,,CYS,DIRECT,19324,Q9UIC8,199,MATCH
81,A,199,,CYS,NEAR_SHELL,19324,Q9UIC8,199,MATCH
81,A,200,,VAL,DIRECT,19324,Q9UIC8,200,MATCH
81,A,200,,VAL,NEAR_SHELL,19324,Q9UIC8,200,MATCH
81,A,203,,TYR,DIRECT,19324,Q9UIC8,203,MATCH
81,A,203,,TYR,NEAR_SHELL,19324,Q9UIC8,203,MATCH
81,A,204,,MET,NEAR_SHELL,19324,Q9UIC8,204,MATCH
82,A,16,,PRO,NEAR_SHELL,15561,Q96L73,1867,MATCH
82,A,100,,GLN,NEAR_SHELL,15561,Q96L73,1951,MATCH
82,A,101,,ARG,DIRECT,15561,Q96L73,1952,MATCH
82,A,101,,ARG,NEAR_SHELL,15561,Q96L73,1952,MATCH
82,A,102,,GLY,DIRECT,15561,Q96L73,1953,MATCH
82,A,102,,GLY,NEAR_SHELL,15561,Q96L73,1953,MATCH
82,A,103,,TRP,DIRECT,15561,Q96L73,1954,MATCH
82,A,103,,TRP,NEAR_SHELL,15561,Q96L73,1954,MATCH
82,A,120,,TYR,NEAR_SHELL,15561,Q96L73,1971,MATCH
82,A,143,,THR,DIRECT,15561,Q96L73,1994,MATCH
82,A,143,,THR,NEAR_SHELL,15561,Q96L73,1994,MATCH
82,A,144,,ASN,DIRECT,15561,Q96L73,1995,MATCH
82,A,144,,ASN,NEAR_SHELL,15561,Q96L73,1995,MATCH
82,A,145,,PHE,DIRECT,15561,Q96L73,1996,MATCH
82,A,145,,PHE,NEAR_SHELL,15561,Q96L73,1996,MATCH
82,A,146,,TYR,DIRECT,15561,Q96L73,1997,MATCH
82,A,146,,TYR,NEAR_SHELL,15561,Q96L73,1997,MATCH
82,A,166,,ARG,DIRECT,15561,Q96L73,2017,MATCH
82,A,166,,ARG,NEAR_SHELL,15561,Q96L73,2017,MATCH
82,A,167,,PHE,NEAR_SHELL,15561,Q96L73,2018,MATCH
82,A,168,,MET,DIRECT,15561,Q96L73,2019,MATCH
82,A,168,,MET,NEAR_SHELL,15561,Q96L73,2019,MATCH
82,A,169,,ASN,DIRECT,15561,Q96L73,2020,MATCH
82,A,169,,ASN,NEAR_SHELL,15561,Q96L73,2020,MATCH
82,A,170,,HIS,DIRECT,15561,Q96L73,2021,MATCH
82,A,170,,HIS,NEAR_SHELL,15561,Q96L73,2021,MATCH
82,A,207,,TYR,DIRECT,15561,Q96L73,2058,MATCH
82,A,207,,TYR,NEAR_SHELL,15561,Q96L73,2058,MATCH
82,A,211,,CYS,NEAR_SHELL,15561,Q96L73,2062,MATCH
82,A,214,,ASN,DIRECT,15561,Q96L73,2065,MATCH
82,A,214,,ASN,NEAR_SHELL,15561,Q96L73,2065,MATCH
82,A,217,,THR,NEAR_SHELL,15561,Q96L73,2068,MATCH
82,A,218,,VAL,DIRECT,15561,Q96L73,2069,MATCH
82,A,218,,VAL,NEAR_SHELL,15561,Q96L73,2069,MATCH
82,A,219,,CYS,DIRECT,15561,Q96L73,2070,MATCH
82,A,219,,CYS,NEAR_SHELL,15561,Q96L73,2070,MATCH
82,A,220,,LYS,DIRECT,15561,Q96L73,2071,MATCH
82,A,220,,LYS,NEAR_SHELL,15561,Q96L73,2071,MATCH
82,A,230,,LEU,DIRECT,15561,Q96L73,2081,MATCH
82,A,230,,LEU,NEAR_SHELL,15561,Q96L73,2081,MATCH
83,A,41,,VAL,NEAR_SHELL,8118,Q14353,41,MATCH
83,A,46,,GLU,NEAR_SHELL,8118,Q14353,46,MATCH
83,A,70,,GLY,NEAR_SHELL,8118,Q14353,70,MATCH
83,A,71,,MET,DIRECT,8118,Q14353,71,MATCH
83,A,71,,MET,NEAR_SHELL,8118,Q14353,71,MATCH
83,A,72,,ALA,NEAR_SHELL,8118,Q14353,72,MATCH
83,A,73,,ILE,DIRECT,8118,Q14353,73,MATCH
83,A,73,,ILE,NEAR_SHELL,8118,Q14353,73,MATCH
83,A,117,,TRP,DIRECT,8118,Q14353,117,MATCH
83,A,117,,TRP,NEAR_SHELL,8118,Q14353,117,MATCH
83,A,118,,GLU,DIRECT,8118,Q14353,118,MATCH
83,A,118,,GLU,NEAR_SHELL,8118,Q14353,118,MATCH
83,A,135,,ASP,DIRECT,8118,Q14353,135,MATCH
83,A,135,,ASP,NEAR_SHELL,8118,Q14353,135,MATCH
83,A,136,,THR,DIRECT,8118,Q14353,136,MATCH
83,A,136,,THR,NEAR_SHELL,8118,Q14353,136,MATCH
83,A,137,,TYR,DIRECT,8118,Q14353,137,MATCH
83,A,137,,TYR,NEAR_SHELL,8118,Q14353,137,MATCH
83,A,139,,LEU,DIRECT,8118,Q14353,139,MATCH
83,A,139,,LEU,NEAR_SHELL,8118,Q14353,139,MATCH
84,A,125,,ASP,NEAR_SHELL,13942,,,
84,A,320,,ARG,NEAR_SHELL,13942,,,
85,A,223,,ILE,DIRECT,13942,Q8WTS6,223,MATCH
85,A,223,,ILE,NEAR_SHELL,13942,Q8WTS6,223,MATCH
85,A,225,,SER,NEAR_SHELL,13942,Q8WTS6,225,MATCH
85,A,226,,ALA,DIRECT,13942,Q8WTS6,226,MATCH
85,A,226,,ALA,NEAR_SHELL,13942,Q8WTS6,226,MATCH
85,A,227,,GLY,DIRECT,13942,Q8WTS6,227,MATCH
85,A,227,,GLY,NEAR_SHELL,13942,Q8WTS6,227,MATCH
85,A,228,,GLU,DIRECT,13942,Q8WTS6,228,MATCH
85,A,228,,GLU,NEAR_SHELL,13942,Q8WTS6,228,MATCH
85,A,264,,GLY,NEAR_SHELL,13942,Q8WTS6,264,MATCH
85,A,265,,ASN,DIRECT,13942,Q8WTS6,265,MATCH
85,A,265,,ASN,NEAR_SHELL,13942,Q8WTS6,265,MATCH
85,A,282,,ASN,NEAR_SHELL,13942,Q8WTS6,282,MATCH
85,A,294,,LYS,DIRECT,13942,Q8WTS6,294,MATCH
85,A,294,,LYS,NEAR_SHELL,13942,Q8WTS6,294,MATCH
85,A,297,,HIS,DIRECT,13942,Q8WTS6,297,MATCH
85,A,297,,HIS,NEAR_SHELL,13942,Q8WTS6,297,MATCH
85,A,298,,SER,NEAR_SHELL,13942,Q8WTS6,298,MATCH
85,A,356,,GLU,DIRECT,13942,Q8WTS6,356,MATCH
85,A,356,,GLU,NEAR_SHELL,13942,Q8WTS6,356,MATCH
86,A,13,,ASN,NEAR_SHELL,17626,Q9H7B4,13,SUBSTITUTION
86,A,14,,ARG,DIRECT,17626,Q9H7B4,14,MATCH
86,A,14,,ARG,NEAR_SHELL,17626,Q9H7B4,14,MATCH
86,A,15,,GLY,DIRECT,17626,Q9H7B4,15,MATCH
86,A,15,,GLY,NEAR_SHELL,17626,Q9H7B4,15,MATCH
86,A,16,,ASN,DIRECT,17626,Q9H7B4,16,MATCH
86,A,16,,ASN,NEAR_SHELL,17626,Q9H7B4,16,MATCH
86,A,124,,TYR,DIRECT,17626,Q9H7B4,124,MATCH
86,A,124,,TYR,NEAR_SHELL,17626,Q9H7B4,124,MATCH
86,A,130,,GLU,DIRECT,17626,Q9H7B4,130,MATCH
86,A,130,,GLU,NEAR_SHELL,17626,Q9H7B4,130,MATCH
86,A,132,,ASN,DIRECT,17626,Q9H7B4,132,MATCH
86,A,132,,ASN,NEAR_SHELL,17626,Q9H7B4,132,MATCH
86,A,135,,LYS,NEAR_SHELL,17626,Q9H7B4,135,MATCH
86,A,180,,CYS,DIRECT,17626,Q9H7B4,180,MATCH
86,A,180,,CYS,NEAR_SHELL,17626,Q9H7B4,180,MATCH
86,A,181,,ASN,DIRECT,17626,Q9H7B4,181,MATCH
86,A,181,,ASN,NEAR_SHELL,17626,Q9H7B4,181,MATCH
86,A,202,,SER,DIRECT,17626,Q9H7B4,202,MATCH
86,A,202,,SER,NEAR_SHELL,17626,Q9H7B4,202,MATCH
86,A,203,,LEU,NEAR_SHELL,17626,Q9H7B4,203,MATCH
86,A,204,,LEU,DIRECT,17626,Q9H7B4,204,MATCH
86,A,204,,LEU,NEAR_SHELL,17626,Q9H7B4,204,MATCH
86,A,205,,ASN,DIRECT,17626,Q9H7B4,205,MATCH
86,A,205,,ASN,NEAR_SHELL,17626,Q9H7B4,205,MATCH
86,A,206,,HIS,DIRECT,17626,Q9H7B4,206,MATCH
86,A,206,,HIS,NEAR_SHELL,17626,Q9H7B4,206,MATCH
86,A,207,,SER,NEAR_SHELL,17626,Q9H7B4,207,MATCH
86,A,239,,TYR,DIRECT,17626,Q9H7B4,239,MATCH
86,A,239,,TYR,NEAR_SHELL,17626,Q9H7B4,239,MATCH
86,A,257,,TYR,DIRECT,17626,Q9H7B4,257,MATCH
86,A,257,,TYR,NEAR_SHELL,17626,Q9H7B4,257,MATCH
86,A,258,,CYS,NEAR_SHELL,17626,Q9H7B4,258,MATCH
86,A,259,,PHE,DIRECT,17626,Q9H7B4,259,MATCH
86,A,259,,PHE,NEAR_SHELL,17626,Q9H7B4,259,MATCH
86,A,260,,GLU,NEAR_SHELL,17626,Q9H7B4,260,MATCH
86,A,261,,CYS,NEAR_SHELL,17626,Q9H7B4,261,MATCH
87,A,13,,ASN,NEAR_SHELL,17626,Q9H7B4,13,SUBSTITUTION
87,A,14,,ARG,DIRECT,17626,Q9H7B4,14,MATCH
87,A,14,,ARG,NEAR_SHELL,17626,Q9H7B4,14,MATCH
87,A,15,,GLY,DIRECT,17626,Q9H7B4,15,MATCH
87,A,15,,GLY,NEAR_SHELL,17626,Q9H7B4,15,MATCH
87,A,16,,ASN,DIRECT,17626,Q9H7B4,16,MATCH
87,A,16,,ASN,NEAR_SHELL,17626,Q9H7B4,16,MATCH
87,A,124,,TYR,DIRECT,17626,Q9H7B4,124,MATCH
87,A,124,,TYR,NEAR_SHELL,17626,Q9H7B4,124,MATCH
87,A,128,,ASP,NEAR_SHELL,17626,Q9H7B4,128,MATCH
87,A,129,,LEU,NEAR_SHELL,17626,Q9H7B4,129,MATCH
87,A,130,,GLU,DIRECT,17626,Q9H7B4,130,MATCH
87,A,130,,GLU,NEAR_SHELL,17626,Q9H7B4,130,MATCH
87,A,132,,ASN,DIRECT,17626,Q9H7B4,132,MATCH
87,A,132,,ASN,NEAR_SHELL,17626,Q9H7B4,132,MATCH
87,A,135,,LYS,NEAR_SHELL,17626,Q9H7B4,135,MATCH
87,A,180,,CYS,DIRECT,17626,Q9H7B4,180,MATCH
87,A,180,,CYS,NEAR_SHELL,17626,Q9H7B4,180,MATCH
87,A,181,,ASN,DIRECT,17626,Q9H7B4,181,MATCH
87,A,181,,ASN,NEAR_SHELL,17626,Q9H7B4,181,MATCH
87,A,183,,PHE,NEAR_SHELL,17626,Q9H7B4,183,MATCH
87,A,201,,ILE,NEAR_SHELL,17626,Q9H7B4,201,MATCH
87,A,202,,SER,DIRECT,17626,Q9H7B4,202,MATCH
87,A,202,,SER,NEAR_SHELL,17626,Q9H7B4,202,MATCH
87,A,203,,LEU,NEAR_SHELL,17626,Q9H7B4,203,MATCH
87,A,204,,LEU,DIRECT,17626,Q9H7B4,204,MATCH
87,A,204,,LEU,NEAR_SHELL,17626,Q9H7B4,204,MATCH
87,A,205,,ASN,DIRECT,17626,Q9H7B4,205,MATCH
87,A,205,,ASN,NEAR_SHELL,17626,Q9H7B4,205,MATCH
87,A,206,,HIS,DIRECT,17626,Q9H7B4,206,MATCH
87,A,206,,HIS,NEAR_SHELL,17626,Q9H7B4,206,MATCH
87,A,207,,SER,NEAR_SHELL,17626,Q9H7B4,207,MATCH
87,A,239,,TYR,DIRECT,17626,Q9H7B4,239,MATCH
87,A,239,,TYR,NEAR_SHELL,17626,Q9H7B4,239,MATCH
87,A,256,,GLN,NEAR_SHELL,17626,Q9H7B4,256,MATCH
87,A,257,,TYR,DIRECT,17626,Q9H7B4,257,MATCH
87,A,257,,TYR,NEAR_SHELL,17626,Q9H7B4,257,MATCH
87,A,258,,CYS,NEAR_SHELL,17626,Q9H7B4,258,MATCH
87,A,259,,PHE,DIRECT,17626,Q9H7B4,259,MATCH
87,A,259,,PHE,NEAR_SHELL,17626,Q9H7B4,259,MATCH
87,A,260,,GLU,NEAR_SHELL,17626,Q9H7B4,260,MATCH
87,A,261,,CYS,NEAR_SHELL,17626,Q9H7B4,261,MATCH
87,A,262,,ASP,NEAR_SHELL,17626,Q9H7B4,262,MATCH
88,A,32,,HIS,DIRECT,11843,Q86Y97,32,MATCH
88,A,32,,HIS,NEAR_SHELL,11843,Q86Y97,32,MATCH
88,A,111,,CYS,NEAR_SHELL,11843,Q86Y97,111,MATCH
88,A,114,,TYR,DIRECT,11843,Q86Y97,114,MATCH
88,A,114,,TYR,NEAR_SHELL,11843,Q86Y97,114,MATCH
88,A,116,,MET,DIRECT,11843,Q86Y97,116,MATCH
88,A,116,,MET,NEAR_SHELL,11843,Q86Y97,116,MATCH
88,A,117,,GLU,DIRECT,11843,Q86Y97,117,MATCH
88,A,117,,GLU,NEAR_SHELL,11843,Q86Y97,117,MATCH
88,A,118,,THR,NEAR_SHELL,11843,Q86Y97,118,MATCH
88,A,119,,ASN,NEAR_SHELL,11843,Q86Y97,119,MATCH
88,A,120,,GLY,DIRECT,11843,Q86Y97,120,MATCH
88,A,120,,GLY,NEAR_SHELL,11843,Q86Y97,120,MATCH
88,A,121,,ALA,DIRECT,11843,Q86Y97,121,MATCH
88,A,121,,ALA,NEAR_SHELL,11843,Q86Y97,121,MATCH
88,A,159,,ASP,NEAR_SHELL,11843,Q86Y97,159,MATCH
88,A,160,,PHE,DIRECT,11843,Q86Y97,160,MATCH
88,A,160,,PHE,NEAR_SHELL,11843,Q86Y97,160,MATCH
88,A,161,,SER,DIRECT,11843,Q86Y97,161,MATCH
88,A,161,,SER,NEAR_SHELL,11843,Q86Y97,161,MATCH
88,A,178,,ALA,NEAR_SHELL,11843,Q86Y97,178,MATCH
88,A,179,,ALA,DIRECT,11843,Q86Y97,179,MATCH
88,A,179,,ALA,NEAR_SHELL,11843,Q86Y97,179,MATCH
88,A,180,,PHE,DIRECT,11843,Q86Y97,180,MATCH
88,A,180,,PHE,NEAR_SHELL,11843,Q86Y97,180,MATCH
88,A,181,,ILE,DIRECT,11843,Q86Y97,181,MATCH
88,A,181,,ILE,NEAR_SHELL,11843,Q86Y97,181,MATCH
88,A,182,,ASN,DIRECT,11843,Q86Y97,182,MATCH
88,A,182,,ASN,NEAR_SHELL,11843,Q86Y97,182,MATCH
88,A,183,,HIS,DIRECT,11843,Q86Y97,183,MATCH
88,A,183,,HIS,NEAR_SHELL,11843,Q86Y97,183,MATCH
88,A,217,,TYR,DIRECT,11843,Q86Y97,217,MATCH
88,A,217,,TYR,NEAR_SHELL,11843,Q86Y97,217,MATCH
88,A,222,,PHE,DIRECT,11843,Q86Y97,222,MATCH
88,A,222,,PHE,NEAR_SHELL,11843,Q86Y97,222,MATCH
88,A,228,,HIS,NEAR_SHELL,11843,Q86Y97,228,MATCH
88,A,229,,CYS,DIRECT,11843,Q86Y97,229,MATCH
88,A,229,,CYS,NEAR_SHELL,11843,Q86Y97,229,MATCH
88,A,230,,GLU,DIRECT,11843,Q86Y97,230,MATCH
88,A,230,,GLU,NEAR_SHELL,11843,Q86Y97,230,MATCH
88,A,231,,CYS,DIRECT,11843,Q86Y97,231,MATCH
88,A,231,,CYS,NEAR_SHELL,11843,Q86Y97,231,MATCH
89,A,13,,ASN,NEAR_SHELL,17626,Q9H7B4,13,SUBSTITUTION
89,A,14,,ARG,DIRECT,17626,Q9H7B4,14,MATCH
89,A,14,,ARG,NEAR_SHELL,17626,Q9H7B4,14,MATCH
89,A,15,,GLY,DIRECT,17626,Q9H7B4,15,MATCH
89,A,15,,GLY,NEAR_SHELL,17626,Q9H7B4,15,MATCH
89,A,16,,ASN,DIRECT,17626,Q9H7B4,16,MATCH
89,A,16,,ASN,NEAR_SHELL,17626,Q9H7B4,16,MATCH
89,A,124,,TYR,DIRECT,17626,Q9H7B4,124,MATCH
89,A,124,,TYR,NEAR_SHELL,17626,Q9H7B4,124,MATCH
89,A,130,,GLU,DIRECT,17626,Q9H7B4,130,MATCH
89,A,130,,GLU,NEAR_SHELL,17626,Q9H7B4,130,MATCH
89,A,132,,ASN,DIRECT,17626,Q9H7B4,132,MATCH
89,A,132,,ASN,NEAR_SHELL,17626,Q9H7B4,132,MATCH
89,A,135,,LYS,NEAR_SHELL,17626,Q9H7B4,135,MATCH
89,A,180,,CYS,DIRECT,17626,Q9H7B4,180,MATCH
89,A,180,,CYS,NEAR_SHELL,17626,Q9H7B4,180,MATCH
89,A,181,,ASN,DIRECT,17626,Q9H7B4,181,MATCH
89,A,181,,ASN,NEAR_SHELL,17626,Q9H7B4,181,MATCH
89,A,201,,ILE,NEAR_SHELL,17626,Q9H7B4,201,MATCH
89,A,202,,SER,DIRECT,17626,Q9H7B4,202,MATCH
89,A,202,,SER,NEAR_SHELL,17626,Q9H7B4,202,MATCH
89,A,203,,LEU,NEAR_SHELL,17626,Q9H7B4,203,MATCH
89,A,204,,LEU,DIRECT,17626,Q9H7B4,204,MATCH
89,A,204,,LEU,NEAR_SHELL,17626,Q9H7B4,204,MATCH
89,A,205,,ASN,DIRECT,17626,Q9H7B4,205,MATCH
89,A,205,,ASN,NEAR_SHELL,17626,Q9H7B4,205,MATCH
89,A,206,,HIS,DIRECT,17626,Q9H7B4,206,MATCH
89,A,206,,HIS,NEAR_SHELL,17626,Q9H7B4,206,MATCH
89,A,239,,TYR,DIRECT,17626,Q9H7B4,239,MATCH
89,A,239,,TYR,NEAR_SHELL,17626,Q9H7B4,239,MATCH
89,A,257,,TYR,DIRECT,17626,Q9H7B4,257,MATCH
89,A,257,,TYR,NEAR_SHELL,17626,Q9H7B4,257,MATCH
89,A,258,,CYS,NEAR_SHELL,17626,Q9H7B4,258,MATCH
89,A,259,,PHE,DIRECT,17626,Q9H7B4,259,MATCH
89,A,259,,PHE,NEAR_SHELL,17626,Q9H7B4,259,MATCH
89,A,260,,GLU,NEAR_SHELL,17626,Q9H7B4,260,MATCH
89,A,261,,CYS,NEAR_SHELL,17626,Q9H7B4,261,MATCH
89,A,262,,ASP,NEAR_SHELL,17626,Q9H7B4,262,MATCH
90,A,98,,HIS,DIRECT,9082,Q4FZB7,98,MATCH
90,A,98,,HIS,NEAR_SHELL,9082,Q4FZB7,98,MATCH
90,A,200,,CYS,NEAR_SHELL,9082,Q4FZB7,200,MATCH
90,A,203,,TYR,DIRECT,9082,Q4FZB7,203,MATCH
90,A,203,,TYR,NEAR_SHELL,9082,Q4FZB7,203,MATCH
90,A,205,,SER,DIRECT,9082,Q4FZB7,205,MATCH
90,A,205,,SER,NEAR_SHELL,9082,Q4FZB7,205,MATCH
90,A,206,,GLU,DIRECT,9082,Q4FZB7,206,MATCH
90,A,206,,GLU,NEAR_SHELL,9082,Q4FZB7,206,MATCH
90,A,208,,ASN,NEAR_SHELL,9082,Q4FZB7,208,MATCH
90,A,209,,GLY,DIRECT,9082,Q4FZB7,209,MATCH
90,A,209,,GLY,NEAR_SHELL,9082,Q4FZB7,209,MATCH
90,A,210,,ALA,DIRECT,9082,Q4FZB7,210,MATCH
90,A,210,,ALA,NEAR_SHELL,9082,Q4FZB7,210,MATCH
90,A,249,,ASP,NEAR_SHELL,9082,Q4FZB7,249,MATCH
90,A,250,,PHE,DIRECT,9082,Q4FZB7,250,MATCH
90,A,250,,PHE,NEAR_SHELL,9082,Q4FZB7,250,MATCH
90,A,251,,SER,DIRECT,9082,Q4FZB7,251,MATCH
90,A,251,,SER,NEAR_SHELL,9082,Q4FZB7,251,MATCH
90,A,268,,ALA,NEAR_SHELL,9082,Q4FZB7,268,MATCH
90,A,269,,ALA,DIRECT,9082,Q4FZB7,269,MATCH
90,A,269,,ALA,NEAR_SHELL,9082,Q4FZB7,269,MATCH
90,A,270,,PHE,DIRECT,9082,Q4FZB7,270,MATCH
90,A,270,,PHE,NEAR_SHELL,9082,Q4FZB7,270,MATCH
90,A,271,,ILE,DIRECT,9082,Q4FZB7,271,MATCH
90,A,271,,ILE,NEAR_SHELL,9082,Q4FZB7,271,MATCH
90,A,272,,ASN,DIRECT,9082,Q4FZB7,272,MATCH
90,A,272,,ASN,NEAR_SHELL,9082,Q4FZB7,272,MATCH
90,A,273,,HIS,DIRECT,9082,Q4FZB7,273,MATCH
90,A,273,,HIS,NEAR_SHELL,9082,Q4FZB7,273,MATCH
90,A,307,,TYR,DIRECT,9082,Q4FZB7,307,MATCH
90,A,307,,TYR,NEAR_SHELL,9082,Q4FZB7,307,MATCH
90,A,311,,PHE,NEAR_SHELL,9082,Q4FZB7,311,MATCH
90,A,312,,PHE,DIRECT,9082,Q4FZB7,312,MATCH
90,A,312,,PHE,NEAR_SHELL,9082,Q4FZB7,312,MATCH
90,A,318,,PHE,NEAR_SHELL,9082,Q4FZB7,318,MATCH
90,A,319,,CYS,DIRECT,9082,Q4FZB7,319,MATCH
90,A,319,,CYS,NEAR_SHELL,9082,Q4FZB7,319,MATCH
90,A,320,,GLU,DIRECT,9082,Q4FZB7,320,MATCH
90,A,320,,GLU,NEAR_SHELL,9082,Q4FZB7,320,MATCH
90,A,321,,CYS,DIRECT,9082,Q4FZB7,321,MATCH
90,A,321,,CYS,NEAR_SHELL,9082,Q4FZB7,321,MATCH
91,A,387,,VAL,DIRECT,2392,,,
91,A,387,,VAL,NEAR_SHELL,2392,,,
91,A,389,,ASP,DIRECT,2392,,,
91,A,389,,ASP,NEAR_SHELL,2392,,,
91,A,392,,LYS,DIRECT,2392,,,
91,A,392,,LYS,NEAR_SHELL,2392,,,
91,A,393,,HIS,DIRECT,2392,,,
91,A,393,,HIS,NEAR_SHELL,2392,,,
91,A,396,,ARG,DIRECT,2392,,,
91,A,396,,ARG,NEAR_SHELL,2392,,,
91,A,420,,VAL,DIRECT,2392,,,
91,A,420,,VAL,NEAR_SHELL,2392,,,
91,A,422,,GLU,DIRECT,2392,,,
91,A,422,,GLU,NEAR_SHELL,2392,,,
91,A,424,,LEU,DIRECT,2392,,,
91,A,424,,LEU,NEAR_SHELL,2392,,,
91,A,466,,THR,DIRECT,2392,,,
91,A,466,,THR,NEAR_SHELL,2392,,,
91,A,467,,ALA,DIRECT,2392,,,
91,A,467,,ALA,NEAR_SHELL,2392,,,
91,A,501,,VAL,NEAR_SHELL,2392,,,
91,A,503,,LEU,DIRECT,2392,,,
91,A,503,,LEU,NEAR_SHELL,2392,,,
91,A-2,245,,GLY,DIRECT,2392,,,
91,A-2,245,,GLY,NEAR_SHELL,2392,,,
91,A-2,248,,GLU,DIRECT,2392,,,
91,A-2,248,,GLU,NEAR_SHELL,2392,,,
91,A-2,249,,GLU,DIRECT,2392,,,
91,A-2,249,,GLU,NEAR_SHELL,2392,,,
91,A-2,252,,LYS,NEAR_SHELL,2392,,,
92,A,245,,GLY,DIRECT,2392,,,
92,A,245,,GLY,NEAR_SHELL,2392,,,
92,A,248,,GLU,DIRECT,2392,,,
92,A,248,,GLU,NEAR_SHELL,2392,,,
92,A,249,,GLU,DIRECT,2392,,,
92,A,249,,GLU,NEAR_SHELL,2392,,,
92,A,252,,LYS,NEAR_SHELL,2392,,,
92,A-2,387,,VAL,DIRECT,2392,,,
92,A-2,387,,VAL,NEAR_SHELL,2392,,,
92,A-2,389,,ASP,DIRECT,2392,,,
92,A-2,389,,ASP,NEAR_SHELL,2392,,,
92,A-2,392,,LYS,DIRECT,2392,,,
92,A-2,392,,LYS,NEAR_SHELL,2392,,,
92,A-2,393,,HIS,DIRECT,2392,,,
92,A-2,393,,HIS,NEAR_SHELL,2392,,,
92,A-2,396,,ARG,DIRECT,2392,,,
92,A-2,396,,ARG,NEAR_SHELL,2392,,,
92,A-2,420,,VAL,DIRECT,2392,,,
92,A-2,420,,VAL,NEAR_SHELL,2392,,,
92,A-2,422,,GLU,DIRECT,2392,,,
92,A-2,422,,GLU,NEAR_SHELL,2392,,,
92,A-2,424,,LEU,DIRECT,2392,,,
92,A-2,424,,LEU,NEAR_SHELL,2392,,,
92,A-2,466,,THR,DIRECT,2392,,,
92,A-2,466,,THR,NEAR_SHELL,2392,,,
92,A-2,467,,ALA,DIRECT,2392,,,
92,A-2,467,,ALA,NEAR_SHELL,2392,,,
92,A-2,501,,VAL,NEAR_SHELL,2392,,,
92,A-2,503,,LEU,DIRECT,2392,,,
92,A-2,503,,LEU,NEAR_SHELL,2392,,,
93,A,16,,GLY,DIRECT,18247,Q9NRG4,16,MATCH
93,A,16,,GLY,NEAR_SHELL,18247,Q9NRG4,16,MATCH
93,A,17,,LYS,DIRECT,18247,Q9NRG4,17,MATCH
93,A,17,,LYS,NEAR_SHELL,18247,Q9NRG4,17,MATCH
93,A,18,,GLY,NEAR_SHELL,18247,Q9NRG4,18,MATCH
93,A,19,,ARG,DIRECT,18247,Q9NRG4,19,MATCH
93,A,19,,ARG,NEAR_SHELL,18247,Q9NRG4,19,MATCH
93,A,129,,LEU,NEAR_SHELL,18247,Q9NRG4,129,MATCH
93,A,135,,GLU,NEAR_SHELL,18247,Q9NRG4,135,MATCH
93,A,137,,HIS,DIRECT,18247,Q9NRG4,137,MATCH
93,A,137,,HIS,NEAR_SHELL,18247,Q9NRG4,137,MATCH
93,A,181,,CYS,DIRECT,18247,Q9NRG4,181,MATCH
93,A,181,,CYS,NEAR_SHELL,18247,Q9NRG4,181,MATCH
93,A,182,,ASN,DIRECT,18247,Q9NRG4,182,MATCH
93,A,182,,ASN,NEAR_SHELL,18247,Q9NRG4,182,MATCH
93,A,202,,VAL,NEAR_SHELL,18247,Q9NRG4,202,MATCH
93,A,203,,ALA,DIRECT,18247,Q9NRG4,203,MATCH
93,A,203,,ALA,NEAR_SHELL,18247,Q9NRG4,203,MATCH
93,A,204,,LEU,DIRECT,18247,Q9NRG4,204,MATCH
93,A,204,,LEU,NEAR_SHELL,18247,Q9NRG4,204,MATCH
93,A,205,,MET,DIRECT,18247,Q9NRG4,205,MATCH
93,A,205,,MET,NEAR_SHELL,18247,Q9NRG4,205,MATCH
93,A,206,,ASN,DIRECT,18247,Q9NRG4,206,MATCH
93,A,206,,ASN,NEAR_SHELL,18247,Q9NRG4,206,MATCH
93,A,207,,HIS,DIRECT,18247,Q9NRG4,207,MATCH
93,A,207,,HIS,NEAR_SHELL,18247,Q9NRG4,207,MATCH
93,A,237,,PHE,NEAR_SHELL,18247,Q9NRG4,237,MATCH
93,A,240,,TYR,DIRECT,18247,Q9NRG4,240,MATCH
93,A,240,,TYR,NEAR_SHELL,18247,Q9NRG4,240,MATCH
93,A,258,,TYR,DIRECT,18247,Q9NRG4,258,MATCH
93,A,258,,TYR,NEAR_SHELL,18247,Q9NRG4,258,MATCH
93,A,259,,PHE,NEAR_SHELL,18247,Q9NRG4,259,MATCH
93,A,260,,PHE,DIRECT,18247,Q9NRG4,260,MATCH
93,A,260,,PHE,NEAR_SHELL,18247,Q9NRG4,260,MATCH
93,A,261,,THR,NEAR_SHELL,18247,Q9NRG4,261,MATCH
93,A,262,,CYS,NEAR_SHELL,18247,Q9NRG4,262,MATCH
93,A,263,,GLU,NEAR_SHELL,18247,Q9NRG4,263,MATCH
94,A,55,,PRO,DIRECT,6859,,,
94,A,55,,PRO,NEAR_SHELL,6859,,,
94,A,95,,TRP,DIRECT,6859,,,
94,A,95,,TRP,NEAR_SHELL,6859,,,
94,A,97,,SER,DIRECT,6859,,,
94,A,97,,SER,NEAR_SHELL,6859,,,
94,A,136,,ASN,DIRECT,6859,,,
94,A,136,,ASN,NEAR_SHELL,6859,,,
94,A,137,,PHE,DIRECT,6859,,,
94,A,137,,PHE,NEAR_SHELL,6859,,,
94,A,138,,ASN,DIRECT,6859,,,
94,A,138,,ASN,NEAR_SHELL,6859,,,
94,A,139,,PRO,DIRECT,6859,,,
94,A,139,,PRO,NEAR_SHELL,6859,,,
94,A,178,,HIS,DIRECT,6859,,,
94,A,178,,HIS,NEAR_SHELL,6859,,,
94,A,179,,PHE,DIRECT,6859,,,
94,A,179,,PHE,NEAR_SHELL,6859,,,
94,A,180,,ASN,NEAR_SHELL,6859,,,
94,A,181,,ARG,NEAR_SHELL,6859,,,
94,A,224,,PRO,NEAR_SHELL,6859,,,
95,A,223,,ILE,DIRECT,13942,Q8WTS6,223,MATCH
95,A,223,,ILE,NEAR_SHELL,13942,Q8WTS6,223,MATCH
95,A,224,,SER,NEAR_SHELL,13942,Q8WTS6,224,MATCH
95,A,225,,SER,NEAR_SHELL,13942,Q8WTS6,225,MATCH
95,A,226,,ALA,DIRECT,13942,Q8WTS6,226,MATCH
95,A,226,,ALA,NEAR_SHELL,13942,Q8WTS6,226,MATCH
95,A,245,,TYR,NEAR_SHELL,13942,Q8WTS6,245,MATCH
95,A,264,,GLY,DIRECT,13942,Q8WTS6,264,MATCH
95,A,264,,GLY,NEAR_SHELL,13942,Q8WTS6,264,MATCH
95,A,265,,ASN,DIRECT,13942,Q8WTS6,265,MATCH
95,A,265,,ASN,NEAR_SHELL,13942,Q8WTS6,265,MATCH
95,A,282,,ASN,NEAR_SHELL,13942,Q8WTS6,282,MATCH
95,A,293,,HIS,DIRECT,13942,Q8WTS6,293,MATCH
95,A,293,,HIS,NEAR_SHELL,13942,Q8WTS6,293,MATCH
95,A,295,,ALA,DIRECT,13942,Q8WTS6,295,MATCH
95,A,295,,ALA,NEAR_SHELL,13942,Q8WTS6,295,MATCH
95,A,296,,ASN,DIRECT,13942,Q8WTS6,296,MATCH
95,A,296,,ASN,NEAR_SHELL,13942,Q8WTS6,296,MATCH
95,A,297,,HIS,DIRECT,13942,Q8WTS6,297,MATCH
95,A,297,,HIS,NEAR_SHELL,13942,Q8WTS6,297,MATCH
95,A,305,,TYR,NEAR_SHELL,13942,Q8WTS6,305,MATCH
95,A,335,,TYR,DIRECT,13942,Q8WTS6,335,MATCH
95,A,335,,TYR,NEAR_SHELL,13942,Q8WTS6,335,MATCH
95,A,337,,TYR,NEAR_SHELL,13942,Q8WTS6,337,MATCH
95,A,350,,PRO,NEAR_SHELL,13942,Q8WTS6,350,MATCH
95,A,352,,TRP,DIRECT,13942,Q8WTS6,352,MATCH
95,A,352,,TRP,NEAR_SHELL,13942,Q8WTS6,352,MATCH
95,A,356,,GLU,NEAR_SHELL,13942,Q8WTS6,356,MATCH
96,A,245,,TYR,DIRECT,13942,Q8WTS6,245,MATCH
96,A,245,,TYR,NEAR_SHELL,13942,Q8WTS6,245,MATCH
96,A,252,,HIS,DIRECT,13942,,,
96,A,252,,HIS,NEAR_SHELL,13942,,,
96,A,255,,VAL,DIRECT,13942,,,
96,A,255,,VAL,NEAR_SHELL,13942,,,
96,A,256,,ASP,DIRECT,13942,,,
96,A,256,,ASP,NEAR_SHELL,13942,,,
96,A,263,,ASN,DIRECT,13942,,,
96,A,263,,ASN,NEAR_SHELL,13942,,,
96,A,264,,GLY,DIRECT,13942,Q8WTS6,264,MATCH
96,A,264,,GLY,NEAR_SHELL,13942,Q8WTS6,264,MATCH
96,A,265,,ASN,DIRECT,13942,Q8WTS6,265,MATCH
96,A,265,,ASN,NEAR_SHELL,13942,Q8WTS6,265,MATCH
96,A,266,,THR,DIRECT,13942,,,
96,A,266,,THR,NEAR_SHELL,13942,,,
96,A,267,,LEU,DIRECT,13942,,,
96,A,267,,LEU,NEAR_SHELL,13942,,,
96,A,268,,SER,DIRECT,13942,,,
96,A,268,,SER,NEAR_SHELL,13942,,,
96,A,274,,VAL,NEAR_SHELL,13942,,,
96,A,295,,ALA,NEAR_SHELL,13942,Q8WTS6,295,MATCH
96,A,305,,TYR,DIRECT,13942,Q8WTS6,305,MATCH
96,A,305,,TYR,NEAR_SHELL,13942,Q8WTS6,305,MATCH
96,A,334,,ALA,NEAR_SHELL,13942,,,
96,A,335,,TYR,DIRECT,13942,Q8WTS6,335,MATCH
96,A,335,,TYR,NEAR_SHELL,13942,Q8WTS6,335,MATCH
96,A,336,,GLY,DIRECT,13942,,,
96,A,336,,GLY,NEAR_SHELL,13942,,,
96,A,337,,TYR,DIRECT,13942,Q8WTS6,337,MATCH
96,A,337,,TYR,NEAR_SHELL,13942,Q8WTS6,337,MATCH
97,A,208,,LEU,DIRECT,13701,Q8TBZ6,208,MATCH
97,A,208,,LEU,NEAR_SHELL,13701,Q8TBZ6,208,MATCH
97,A,209,,VAL,NEAR_SHELL,13701,Q8TBZ6,209,MATCH
97,A,210,,ASP,DIRECT,13701,Q8TBZ6,210,MATCH
97,A,210,,ASP,NEAR_SHELL,13701,Q8TBZ6,210,MATCH
97,A,212,,ASN,NEAR_SHELL,13701,Q8TBZ6,212,MATCH
97,A,245,,VAL,DIRECT,13701,Q8TBZ6,245,MATCH
97,A,245,,VAL,NEAR_SHELL,13701,Q8TBZ6,245,MATCH
97,A,246,,LEU,DIRECT,13701,Q8TBZ6,246,MATCH
97,A,246,,LEU,NEAR_SHELL,13701,Q8TBZ6,246,MATCH
97,A,247,,ALA,NEAR_SHELL,13701,Q8TBZ6,247,MATCH
98,A,156,,TYR,NEAR_SHELL,11459,,,
98,A,156,,TYR,NEAR_SHELL,14726,,,
98,A,162,,SER,NEAR_SHELL,11459,,,
98,A,162,,SER,NEAR_SHELL,14726,,,
98,A,179,,ASP,NEAR_SHELL,11459,,,
98,A,179,,ASP,NEAR_SHELL,14726,,,
98,A,180,,LEU,DIRECT,11459,,,
98,A,180,,LEU,DIRECT,14726,,,
98,A,180,,LEU,NEAR_SHELL,11459,,,
98,A,180,,LEU,NEAR_SHELL,14726,,,
98,A,181,,CYS,DIRECT,11459,,,
98,A,181,,CYS,DIRECT,14726,,,
98,A,181,,CYS,NEAR_SHELL,11459,,,
98,A,181,,CYS,NEAR_SHELL,14726,,,
98,A,182,,ALA,DIRECT,11459,,,
98,A,182,,ALA,DIRECT,14726,,,
98,A,182,,ALA,NEAR_SHELL,11459,,,
98,A,182,,ALA,NEAR_SHELL,14726,,,
98,A,183,,ALA,DIRECT,11459,,,
98,A,183,,ALA,DIRECT,14726,,,
98,A,183,,ALA,NEAR_SHELL,11459,,,
98,A,183,,ALA,NEAR_SHELL,14726,,,
98,A,185,,PRO,DIRECT,11459,,,
98,A,185,,PRO,DIRECT,14726,,,
98,A,185,,PRO,NEAR_SHELL,11459,,,
98,A,185,,PRO,NEAR_SHELL,14726,,,
98,A,185,A,GLY,DIRECT,11459,,,
98,A,185,A,GLY,DIRECT,14726,,,
98,A,185,A,GLY,NEAR_SHELL,11459,,,
98,A,185,A,GLY,NEAR_SHELL,14726,,,
98,A,186,,GLY,DIRECT,11459,,,
98,A,186,,GLY,DIRECT,14726,,,
98,A,186,,GLY,NEAR_SHELL,11459,,,
98,A,186,,GLY,NEAR_SHELL,14726,,,
98,A,187,,LYS,DIRECT,11459,,,
98,A,187,,LYS,DIRECT,14726,,,
98,A,187,,LYS,NEAR_SHELL,11459,,,
98,A,187,,LYS,NEAR_SHELL,14726,,,
98,A,204,,ASP,DIRECT,11459,,,
98,A,204,,ASP,DIRECT,14726,,,
98,A,204,,ASP,NEAR_SHELL,11459,,,
98,A,204,,ASP,NEAR_SHELL,14726,,,
98,A,205,,LEU,DIRECT,11459,,,
98,A,205,,LEU,DIRECT,14726,,,
98,A,205,,LEU,NEAR_SHELL,11459,,,
98,A,205,,LEU,NEAR_SHELL,14726,,,
98,A,206,,SER,DIRECT,11459,,,
98,A,206,,SER,DIRECT,14726,,,
98,A,206,,SER,NEAR_SHELL,11459,,,
98,A,206,,SER,NEAR_SHELL,14726,,,
98,A,209,,ARG,DIRECT,11459,,,
98,A,209,,ARG,DIRECT,14726,,,
98,A,209,,ARG,NEAR_SHELL,11459,,,
98,A,209,,ARG,NEAR_SHELL,14726,,,
98,A,237,,ASP,DIRECT,11459,,,
98,A,237,,ASP,DIRECT,14726,,,
98,A,237,,ASP,NEAR_SHELL,11459,,,
98,A,237,,ASP,NEAR_SHELL,14726,,,
98,A,238,,GLY,DIRECT,11459,,,
98,A,238,,GLY,DIRECT,14726,,,
98,A,238,,GLY,NEAR_SHELL,11459,,,
98,A,238,,GLY,NEAR_SHELL,14726,,,
98,A,239,,ARG,NEAR_SHELL,11459,,,
98,A,239,,ARG,NEAR_SHELL,14726,,,
98,A,255,,ASP,DIRECT,11459,,,
98,A,255,,ASP,DIRECT,14726,,,
98,A,255,,ASP,NEAR_SHELL,11459,,,
98,A,255,,ASP,NEAR_SHELL,14726,,,
98,A,256,,VAL,DIRECT,11459,,,
98,A,256,,VAL,DIRECT,14726,,,
98,A,256,,VAL,NEAR_SHELL,11459,,,
98,A,256,,VAL,NEAR_SHELL,14726,,,
98,A,257,,PRO,DIRECT,11459,,,
98,A,257,,PRO,DIRECT,14726,,,
98,A,257,,PRO,NEAR_SHELL,11459,,,
98,A,257,,PRO,NEAR_SHELL,14726,,,
98,A,258,,CYS,NEAR_SHELL,11459,,,
98,A,258,,CYS,NEAR_SHELL,14726,,,
98,A,287,,LEU,NEAR_SHELL,11459,,,
98,A,287,,LEU,NEAR_SHELL,14726,,,
98,A,291,,LEU,DIRECT,11459,,,
98,A,291,,LEU,DIRECT,14726,,,
98,A,291,,LEU,NEAR_SHELL,11459,,,
98,A,291,,LEU,NEAR_SHELL,14726,,,
98,A,310,,CYS,NEAR_SHELL,11459,,,
98,A,310,,CYS,NEAR_SHELL,14726,,,
99,A,56,,VAL,NEAR_SHELL,15566,Q96LA8,56,MATCH
99,A,57,,HIS,DIRECT,15566,Q96LA8,57,MATCH
99,A,57,,HIS,NEAR_SHELL,15566,Q96LA8,57,MATCH
99,A,60,,MET,DIRECT,15566,Q96LA8,60,MATCH
99,A,60,,MET,NEAR_SHELL,15566,Q96LA8,60,MATCH
99,A,114,,SER,DIRECT,15566,Q96LA8,114,MATCH
99,A,114,,SER,NEAR_SHELL,15566,Q96LA8,114,MATCH
99,A,141,,GLU,DIRECT,15566,Q96LA8,141,MATCH
99,A,141,,GLU,NEAR_SHELL,15566,Q96LA8,141,MATCH
99,A,166,,MET,DIRECT,15566,Q96LA8,166,MATCH
99,A,166,,MET,NEAR_SHELL,15566,Q96LA8,166,MATCH
99,A,169,,SER,DIRECT,15566,Q96LA8,169,MATCH
99,A,169,,SER,NEAR_SHELL,15566,Q96LA8,169,MATCH
99,A,351,,ARG,NEAR_SHELL,15566,Q96LA8,351,MATCH
100,A-2,56,,VAL,NEAR_SHELL,15566,Q96LA8,56,MATCH
100,A-2,57,,HIS,DIRECT,15566,Q96LA8,57,MATCH
100,A-2,57,,HIS,NEAR_SHELL,15566,Q96LA8,57,MATCH
100,A-2,60,,MET,DIRECT,15566,Q96LA8,60,MATCH
100,A-2,60,,MET,NEAR_SHELL,15566,Q96LA8,60,MATCH
100,A-2,114,,SER,DIRECT,15566,Q96LA8,114,MATCH
100,A-2,114,,SER,NEAR_SHELL,15566,Q96LA8,114,MATCH
100,A-2,141,,GLU,DIRECT,15566,Q96LA8,141,MATCH
100,A-2,141,,GLU,NEAR_SHELL,15566,Q96LA8,141,MATCH
100,A-2,166,,MET,DIRECT,15566,Q96LA8,166,MATCH
100,A-2,166,,MET,NEAR_SHELL,15566,Q96LA8,166,MATCH
100,A-2,169,,SER,DIRECT,15566,Q96LA8,169,MATCH
100,A-2,169,,SER,NEAR_SHELL,15566,Q96LA8,169,MATCH
100,A-2,351,,ARG,NEAR_SHELL,15566,Q96LA8,351,MATCH
101,A,1210,,ASP,NEAR_SHELL,17731,,,
101,A,1212,,GLY,NEAR_SHELL,17731,,,
101,C,2010,,SER,NEAR_SHELL,17731,,,
101,C,2011,,THR,NEAR_SHELL,17731,,,
102,B,1210,,ASP,NEAR_SHELL,17731,,,
102,B,1212,,GLY,NEAR_SHELL,17731,,,
102,D,2010,,SER,DIRECT,17731,,,
102,D,2010,,SER,NEAR_SHELL,17731,,,
103,A,1104,,ASP,NEAR_SHELL,17731,Q9H9B1,1135,MATCH
103,A,1105,,MET,DIRECT,17731,Q9H9B1,1136,MATCH
103,A,1105,,MET,NEAR_SHELL,17731,Q9H9B1,1136,MATCH
103,A,1106,,GLY,DIRECT,17731,Q9H9B1,1137,MATCH
103,A,1106,,GLY,NEAR_SHELL,17731,Q9H9B1,1137,MATCH
103,A,1107,,TRP,NEAR_SHELL,17731,Q9H9B1,1138,MATCH
103,A,1141,,SER,DIRECT,17731,Q9H9B1,1172,MATCH
103,A,1141,,SER,NEAR_SHELL,17731,Q9H9B1,1172,MATCH
103,A,1142,,TYR,DIRECT,17731,Q9H9B1,1173,MATCH
103,A,1142,,TYR,NEAR_SHELL,17731,Q9H9B1,1173,MATCH
103,A,1226,,ARG,DIRECT,17731,Q9H9B1,1257,MATCH
103,A,1226,,ARG,NEAR_SHELL,17731,Q9H9B1,1257,MATCH
104,B,1104,,ASP,NEAR_SHELL,17731,Q9H9B1,1135,MATCH
104,B,1105,,MET,DIRECT,17731,Q9H9B1,1136,MATCH
104,B,1105,,MET,NEAR_SHELL,17731,Q9H9B1,1136,MATCH
104,B,1106,,GLY,DIRECT,17731,Q9H9B1,1137,MATCH
104,B,1106,,GLY,NEAR_SHELL,17731,Q9H9B1,1137,MATCH
104,B,1169,,ASN,DIRECT,17731,Q9H9B1,1200,MATCH
104,B,1169,,ASN,NEAR_SHELL,17731,Q9H9B1,1200,MATCH
104,B,1170,,HIS,DIRECT,17731,Q9H9B1,1201,MATCH
104,B,1170,,HIS,NEAR_SHELL,17731,Q9H9B1,1201,MATCH
104,B,1223,,PHE,NEAR_SHELL,17731,Q9H9B1,1254,MATCH
104,B,1226,,ARG,NEAR_SHELL,17731,Q9H9B1,1257,MATCH
104,B,1227,,CYS,NEAR_SHELL,17731,Q9H9B1,1258,MATCH
105,A,266,,GLY,DIRECT,18156,Q9NQR1,266,MATCH
105,A,266,,GLY,NEAR_SHELL,18156,Q9NQR1,266,MATCH
105,A,267,,LYS,DIRECT,18156,Q9NQR1,267,MATCH
105,A,267,,LYS,NEAR_SHELL,18156,Q9NQR1,267,MATCH
105,A,268,,GLY,NEAR_SHELL,18156,Q9NQR1,268,MATCH
105,A,269,,ARG,DIRECT,18156,Q9NQR1,269,MATCH
105,A,269,,ARG,NEAR_SHELL,18156,Q9NQR1,269,MATCH
105,A,311,,CYS,DIRECT,18156,Q9NQR1,311,MATCH
105,A,311,,CYS,NEAR_SHELL,18156,Q9NQR1,311,MATCH
105,A,312,,TYR,DIRECT,18156,Q9NQR1,312,MATCH
105,A,312,,TYR,NEAR_SHELL,18156,Q9NQR1,312,MATCH
105,A,336,,ARG,DIRECT,18156,Q9NQR1,336,MATCH
105,A,336,,ARG,NEAR_SHELL,18156,Q9NQR1,336,MATCH
105,A,337,,LEU,DIRECT,18156,Q9NQR1,337,MATCH
105,A,337,,LEU,NEAR_SHELL,18156,Q9NQR1,337,MATCH
105,A,339,,ASN,DIRECT,18156,Q9NQR1,339,MATCH
105,A,339,,ASN,NEAR_SHELL,18156,Q9NQR1,339,MATCH
105,A,340,,HIS,DIRECT,18156,Q9NQR1,340,MATCH
105,A,340,,HIS,NEAR_SHELL,18156,Q9NQR1,340,MATCH
105,A,377,,TYR,DIRECT,18156,Q9NQR1,377,MATCH
105,A,377,,TYR,NEAR_SHELL,18156,Q9NQR1,377,MATCH
105,A,388,,HIS,NEAR_SHELL,18156,Q9NQR1,388,MATCH
105,A,390,,TRP,DIRECT,18156,Q9NQR1,390,MATCH
105,A,390,,TRP,NEAR_SHELL,18156,Q9NQR1,390,MATCH
105,B,386,,GLU,NEAR_SHELL,18156,Q9NQR1,386,MATCH
105,B,387,,ALA,DIRECT,18156,Q9NQR1,387,MATCH
105,B,387,,ALA,NEAR_SHELL,18156,Q9NQR1,387,MATCH
105,B,388,,HIS,NEAR_SHELL,18156,Q9NQR1,388,MATCH
106,A,387,,ALA,DIRECT,18156,Q9NQR1,387,MATCH
106,A,387,,ALA,NEAR_SHELL,18156,Q9NQR1,387,MATCH
106,A,388,,HIS,NEAR_SHELL,18156,Q9NQR1,388,MATCH
106,B,266,,GLY,DIRECT,18156,Q9NQR1,266,MATCH
106,B,266,,GLY,NEAR_SHELL,18156,Q9NQR1,266,MATCH
106,B,267,,LYS,DIRECT,18156,Q9NQR1,267,MATCH
106,B,267,,LYS,NEAR_SHELL,18156,Q9NQR1,267,MATCH
106,B,268,,GLY,NEAR_SHELL,18156,Q9NQR1,268,MATCH
106,B,269,,ARG,DIRECT,18156,Q9NQR1,269,MATCH
106,B,269,,ARG,NEAR_SHELL,18156,Q9NQR1,269,MATCH
106,B,311,,CYS,DIRECT,18156,Q9NQR1,311,MATCH
106,B,311,,CYS,NEAR_SHELL,18156,Q9NQR1,311,MATCH
106,B,312,,TYR,DIRECT,18156,Q9NQR1,312,MATCH
106,B,312,,TYR,NEAR_SHELL,18156,Q9NQR1,312,MATCH
106,B,336,,ARG,DIRECT,18156,Q9NQR1,336,MATCH
106,B,336,,ARG,NEAR_SHELL,18156,Q9NQR1,336,MATCH
106,B,337,,LEU,DIRECT,18156,Q9NQR1,337,MATCH
106,B,337,,LEU,NEAR_SHELL,18156,Q9NQR1,337,MATCH
106,B,338,,ILE,DIRECT,18156,Q9NQR1,338,MATCH
106,B,338,,ILE,NEAR_SHELL,18156,Q9NQR1,338,MATCH
106,B,339,,ASN,DIRECT,18156,Q9NQR1,339,MATCH
106,B,339,,ASN,NEAR_SHELL,18156,Q9NQR1,339,MATCH
106,B,340,,HIS,DIRECT,18156,Q9NQR1,340,MATCH
106,B,340,,HIS,NEAR_SHELL,18156,Q9NQR1,340,MATCH
106,B,377,,TYR,DIRECT,18156,Q9NQR1,377,MATCH
106,B,377,,TYR,NEAR_SHELL,18156,Q9NQR1,377,MATCH
106,B,388,,HIS,NEAR_SHELL,18156,Q9NQR1,388,MATCH
106,B,390,,TRP,DIRECT,18156,Q9NQR1,390,MATCH
106,B,390,,TRP,NEAR_SHELL,18156,Q9NQR1,390,MATCH
107,A,149,,TYR,DIRECT,11774,,,
107,A,149,,TYR,NEAR_SHELL,11774,,,
107,A,150,,PHE,DIRECT,11774,,,
107,A,150,,PHE,NEAR_SHELL,11774,,,
107,A,153,,TYR,DIRECT,11774,,,
107,A,153,,TYR,NEAR_SHELL,11774,,,
107,A,162,,MET,NEAR_SHELL,11774,,,
107,A,216,,SER,NEAR_SHELL,11774,,,
107,A,241,,LYS,NEAR_SHELL,11774,,,
107,A,243,,GLU,DIRECT,11774,,,
107,A,243,,GLU,NEAR_SHELL,11774,,,
107,A,259,,MET,NEAR_SHELL,11774,,,
107,A,266,,GLU,NEAR_SHELL,11774,,,
107,A,268,,MET,NEAR_SHELL,11774,,,
107,A,271,,SER,DIRECT,11774,,,
107,A,271,,SER,NEAR_SHELL,11774,,,
107,A,414,,HIS,NEAR_SHELL,11774,,,
108,A,149,,TYR,DIRECT,11774,,,
108,A,149,,TYR,NEAR_SHELL,11774,,,
108,A,150,,PHE,DIRECT,11774,,,
108,A,150,,PHE,NEAR_SHELL,11774,,,
108,A,153,,TYR,DIRECT,11774,,,
108,A,153,,TYR,NEAR_SHELL,11774,,,
108,A,162,,MET,NEAR_SHELL,11774,,,
108,A,216,,SER,NEAR_SHELL,11774,,,
108,A,241,,LYS,NEAR_SHELL,11774,,,
108,A,243,,GLU,DIRECT,11774,,,
108,A,243,,GLU,NEAR_SHELL,11774,,,
108,A,259,,MET,NEAR_SHELL,11774,,,
108,A,266,,GLU,NEAR_SHELL,11774,,,
108,A,268,,MET,NEAR_SHELL,11774,,,
108,A,271,,SER,DIRECT,11774,,,
108,A,271,,SER,NEAR_SHELL,11774,,,
109,B,149,,TYR,DIRECT,11774,,,
109,B,149,,TYR,NEAR_SHELL,11774,,,
109,B,150,,PHE,DIRECT,11774,,,
109,B,150,,PHE,NEAR_SHELL,11774,,,
109,B,153,,TYR,DIRECT,11774,,,
109,B,153,,TYR,NEAR_SHELL,11774,,,
109,B,162,,MET,DIRECT,11774,,,
109,B,162,,MET,NEAR_SHELL,11774,,,
109,B,241,,LYS,NEAR_SHELL,11774,,,
109,B,243,,GLU,DIRECT,11774,,,
109,B,243,,GLU,NEAR_SHELL,11774,,,
109,B,266,,GLU,NEAR_SHELL,11774,,,
109,B,268,,MET,NEAR_SHELL,11774,,,
109,B,271,,SER,DIRECT,11774,,,
109,B,271,,SER,NEAR_SHELL,11774,,,
110,A,336,,GLY,DIRECT,13942,,,
110,A,336,,GLY,NEAR_SHELL,13942,,,
110,B,188,,SER,NEAR_SHELL,13942,,,
111,A,225,,SER,NEAR_SHELL,13942,Q8WTS6,225,MATCH
111,A,226,,ALA,DIRECT,13942,Q8WTS6,226,MATCH
111,A,226,,ALA,NEAR_SHELL,13942,Q8WTS6,226,MATCH
111,A,227,,GLY,NEAR_SHELL,13942,Q8WTS6,227,MATCH
111,A,228,,GLU,DIRECT,13942,Q8WTS6,228,MATCH
111,A,228,,GLU,NEAR_SHELL,13942,Q8WTS6,228,MATCH
111,A,264,,GLY,NEAR_SHELL,13942,Q8WTS6,264,MATCH
111,A,265,,ASN,DIRECT,13942,Q8WTS6,265,MATCH
111,A,265,,ASN,NEAR_SHELL,13942,Q8WTS6,265,MATCH
111,A,282,,ASN,NEAR_SHELL,13942,Q8WTS6,282,MATCH
111,A,294,,LYS,DIRECT,13942,Q8WTS6,294,MATCH
111,A,294,,LYS,NEAR_SHELL,13942,Q8WTS6,294,MATCH
112,A,223,,ILE,DIRECT,13942,Q8WTS6,223,MATCH
112,A,223,,ILE,NEAR_SHELL,13942,Q8WTS6,223,MATCH
112,A,224,,SER,NEAR_SHELL,13942,Q8WTS6,224,MATCH
112,A,225,,SER,NEAR_SHELL,13942,Q8WTS6,225,MATCH
112,A,226,,ALA,DIRECT,13942,Q8WTS6,226,MATCH
112,A,226,,ALA,NEAR_SHELL,13942,Q8WTS6,226,MATCH
112,A,228,,GLU,DIRECT,13942,Q8WTS6,228,MATCH
112,A,228,,GLU,NEAR_SHELL,13942,Q8WTS6,228,MATCH
112,A,245,,TYR,NEAR_SHELL,13942,Q8WTS6,245,MATCH
112,A,264,,GLY,DIRECT,13942,Q8WTS6,264,MATCH
112,A,264,,GLY,NEAR_SHELL,13942,Q8WTS6,264,MATCH
112,A,265,,ASN,DIRECT,13942,Q8WTS6,265,MATCH
112,A,265,,ASN,NEAR_SHELL,13942,Q8WTS6,265,MATCH
112,A,282,,ASN,NEAR_SHELL,13942,Q8WTS6,282,MATCH
112,A,293,,HIS,DIRECT,13942,Q8WTS6,293,MATCH
112,A,293,,HIS,NEAR_SHELL,13942,Q8WTS6,293,MATCH
112,A,294,,LYS,DIRECT,13942,Q8WTS6,294,MATCH
112,A,294,,LYS,NEAR_SHELL,13942,Q8WTS6,294,MATCH
112,A,295,,ALA,DIRECT,13942,Q8WTS6,295,MATCH
112,A,295,,ALA,NEAR_SHELL,13942,Q8WTS6,295,MATCH
112,A,296,,ASN,DIRECT,13942,Q8WTS6,296,MATCH
112,A,296,,ASN,NEAR_SHELL,13942,Q8WTS6,296,MATCH
112,A,297,,HIS,DIRECT,13942,Q8WTS6,297,MATCH
112,A,297,,HIS,NEAR_SHELL,13942,Q8WTS6,297,MATCH
112,A,305,,TYR,NEAR_SHELL,13942,Q8WTS6,305,MATCH
112,A,335,,TYR,DIRECT,13942,Q8WTS6,335,MATCH
112,A,335,,TYR,NEAR_SHELL,13942,Q8WTS6,335,MATCH
112,A,352,,TRP,DIRECT,13942,Q8WTS6,352,MATCH
112,A,352,,TRP,NEAR_SHELL,13942,Q8WTS6,352,MATCH
112,A,356,,GLU,DIRECT,13942,Q8WTS6,356,MATCH
112,A,356,,GLU,NEAR_SHELL,13942,Q8WTS6,356,MATCH
113,A,227,,GLY,DIRECT,13942,Q8WTS6,227,MATCH
113,A,227,,GLY,NEAR_SHELL,13942,Q8WTS6,227,MATCH
113,A,228,,GLU,DIRECT,13942,Q8WTS6,228,MATCH
113,A,228,,GLU,NEAR_SHELL,13942,Q8WTS6,228,MATCH
113,A,245,,TYR,NEAR_SHELL,13942,Q8WTS6,245,MATCH
113,A,264,,GLY,DIRECT,13942,Q8WTS6,264,MATCH
113,A,264,,GLY,NEAR_SHELL,13942,Q8WTS6,264,MATCH
113,A,265,,ASN,DIRECT,13942,Q8WTS6,265,MATCH
113,A,265,,ASN,NEAR_SHELL,13942,Q8WTS6,265,MATCH
113,A,282,,ASN,NEAR_SHELL,13942,Q8WTS6,282,MATCH
113,A,293,,HIS,DIRECT,13942,Q8WTS6,293,MATCH
113,A,293,,HIS,NEAR_SHELL,13942,Q8WTS6,293,MATCH
113,A,294,,LYS,DIRECT,13942,Q8WTS6,294,MATCH
113,A,294,,LYS,NEAR_SHELL,13942,Q8WTS6,294,MATCH
113,A,295,,ALA,DIRECT,13942,Q8WTS6,295,MATCH
113,A,295,,ALA,NEAR_SHELL,13942,Q8WTS6,295,MATCH
113,A,335,,TYR,DIRECT,13942,Q8WTS6,335,MATCH
113,A,335,,TYR,NEAR_SHELL,13942,Q8WTS6,335,MATCH
114,A,223,,ILE,DIRECT,13942,Q8WTS6,223,MATCH
114,A,223,,ILE,NEAR_SHELL,13942,Q8WTS6,223,MATCH
114,A,224,,SER,NEAR_SHELL,13942,Q8WTS6,224,MATCH
114,A,225,,SER,NEAR_SHELL,13942,Q8WTS6,225,MATCH
114,A,226,,ALA,DIRECT,13942,Q8WTS6,226,MATCH
114,A,226,,ALA,NEAR_SHELL,13942,Q8WTS6,226,MATCH
114,A,245,,TYR,NEAR_SHELL,13942,Q8WTS6,245,MATCH
114,A,264,,GLY,DIRECT,13942,Q8WTS6,264,MATCH
114,A,264,,GLY,NEAR_SHELL,13942,Q8WTS6,264,MATCH
114,A,265,,ASN,DIRECT,13942,Q8WTS6,265,MATCH
114,A,265,,ASN,NEAR_SHELL,13942,Q8WTS6,265,MATCH
114,A,282,,ASN,NEAR_SHELL,13942,Q8WTS6,282,MATCH
114,A,293,,HIS,DIRECT,13942,Q8WTS6,293,MATCH
114,A,293,,HIS,NEAR_SHELL,13942,Q8WTS6,293,MATCH
114,A,295,,ALA,DIRECT,13942,Q8WTS6,295,MATCH
114,A,295,,ALA,NEAR_SHELL,13942,Q8WTS6,295,MATCH
114,A,296,,ASN,DIRECT,13942,Q8WTS6,296,MATCH
114,A,296,,ASN,NEAR_SHELL,13942,Q8WTS6,296,MATCH
114,A,297,,HIS,DIRECT,13942,Q8WTS6,297,MATCH
114,A,297,,HIS,NEAR_SHELL,13942,Q8WTS6,297,MATCH
114,A,298,,SER,NEAR_SHELL,13942,Q8WTS6,298,MATCH
114,A,305,,TYR,NEAR_SHELL,13942,Q8WTS6,305,MATCH
114,A,335,,TYR,DIRECT,13942,Q8WTS6,335,MATCH
114,A,335,,TYR,NEAR_SHELL,13942,Q8WTS6,335,MATCH
114,A,352,,TRP,DIRECT,13942,Q8WTS6,352,MATCH
114,A,352,,TRP,NEAR_SHELL,13942,Q8WTS6,352,MATCH
114,A,356,,GLU,NEAR_SHELL,13942,Q8WTS6,356,MATCH
115,A,245,,TYR,DIRECT,13942,Q8WTS6,245,MATCH
115,A,245,,TYR,NEAR_SHELL,13942,Q8WTS6,245,MATCH
115,A,255,,VAL,DIRECT,13942,,,
115,A,255,,VAL,NEAR_SHELL,13942,,,
115,A,263,,ASN,DIRECT,13942,,,
115,A,263,,ASN,NEAR_SHELL,13942,,,
115,A,264,,GLY,DIRECT,13942,Q8WTS6,264,MATCH
115,A,264,,GLY,NEAR_SHELL,13942,Q8WTS6,264,MATCH
115,A,265,,ASN,DIRECT,13942,Q8WTS6,265,MATCH
115,A,265,,ASN,NEAR_SHELL,13942,Q8WTS6,265,MATCH
115,A,266,,THR,DIRECT,13942,,,
115,A,266,,THR,NEAR_SHELL,13942,,,
115,A,267,,LEU,DIRECT,13942,,,
115,A,267,,LEU,NEAR_SHELL,13942,,,
115,A,268,,SER,DIRECT,13942,,,
115,A,268,,SER,NEAR_SHELL,13942,,,
115,A,295,,ALA,NEAR_SHELL,13942,Q8WTS6,295,MATCH
115,A,305,,TYR,DIRECT,13942,Q8WTS6,305,MATCH
115,A,305,,TYR,NEAR_SHELL,13942,Q8WTS6,305,MATCH
115,A,317,,LYS,NEAR_SHELL,13942,,,
115,A,334,,ALA,NEAR_SHELL,13942,,,
115,A,335,,TYR,DIRECT,13942,Q8WTS6,335,MATCH
115,A,335,,TYR,NEAR_SHELL,13942,Q8WTS6,335,MATCH
115,A,336,,GLY,DIRECT,13942,,,
115,A,336,,GLY,NEAR_SHELL,13942,,,
115,A,337,,TYR,DIRECT,13942,,,
115,A,337,,TYR,NEAR_SHELL,13942,,,
115,A,338,,ASP,NEAR_SHELL,13942,,,
115,A,348,,GLU,NEAR_SHELL,13942,,,
116,A-2,223,,ILE,DIRECT,13942,Q8WTS6,223,MATCH
116,A-2,223,,ILE,NEAR_SHELL,13942,Q8WTS6,223,MATCH
116,A-2,224,,SER,NEAR_SHELL,13942,Q8WTS6,224,MATCH
116,A-2,225,,SER,NEAR_SHELL,13942,Q8WTS6,225,MATCH
116,A-2,226,,ALA,DIRECT,13942,Q8WTS6,226,MATCH
116,A-2,226,,ALA,NEAR_SHELL,13942,Q8WTS6,226,MATCH
116,A-2,245,,TYR,NEAR_SHELL,13942,Q8WTS6,245,MATCH
116,A-2,264,,GLY,DIRECT,13942,Q8WTS6,264,MATCH
116,A-2,264,,GLY,NEAR_SHELL,13942,Q8WTS6,264,MATCH
116,A-2,265,,ASN,DIRECT,13942,Q8WTS6,265,MATCH
116,A-2,265,,ASN,NEAR_SHELL,13942,Q8WTS6,265,MATCH
116,A-2,282,,ASN,NEAR_SHELL,13942,Q8WTS6,282,MATCH
116,A-2,293,,HIS,DIRECT,13942,Q8WTS6,293,MATCH
116,A-2,293,,HIS,NEAR_SHELL,13942,Q8WTS6,293,MATCH
116,A-2,295,,ALA,DIRECT,13942,Q8WTS6,295,MATCH
116,A-2,295,,ALA,NEAR_SHELL,13942,Q8WTS6,295,MATCH
116,A-2,296,,ASN,DIRECT,13942,Q8WTS6,296,MATCH
116,A-2,296,,ASN,NEAR_SHELL,13942,Q8WTS6,296,MATCH
116,A-2,297,,HIS,DIRECT,13942,Q8WTS6,297,MATCH
116,A-2,297,,HIS,NEAR_SHELL,13942,Q8WTS6,297,MATCH
116,A-2,298,,SER,NEAR_SHELL,13942,Q8WTS6,298,MATCH
116,A-2,305,,TYR,NEAR_SHELL,13942,Q8WTS6,305,MATCH
116,A-2,335,,TYR,DIRECT,13942,Q8WTS6,335,MATCH
116,A-2,335,,TYR,NEAR_SHELL,13942,Q8WTS6,335,MATCH
116,A-2,352,,TRP,DIRECT,13942,Q8WTS6,352,MATCH
116,A-2,352,,TRP,NEAR_SHELL,13942,Q8WTS6,352,MATCH
116,A-2,356,,GLU,NEAR_SHELL,13942,Q8WTS6,356,MATCH
117,A-2,245,,TYR,DIRECT,13942,Q8WTS6,245,MATCH
117,A-2,245,,TYR,NEAR_SHELL,13942,Q8WTS6,245,MATCH
117,A-2,255,,VAL,DIRECT,13942,,,
117,A-2,255,,VAL,NEAR_SHELL,13942,,,
117,A-2,263,,ASN,DIRECT,13942,,,
117,A-2,263,,ASN,NEAR_SHELL,13942,,,
117,A-2,264,,GLY,DIRECT,13942,Q8WTS6,264,MATCH
117,A-2,264,,GLY,NEAR_SHELL,13942,Q8WTS6,264,MATCH
117,A-2,265,,ASN,DIRECT,13942,Q8WTS6,265,MATCH
117,A-2,265,,ASN,NEAR_SHELL,13942,Q8WTS6,265,MATCH
117,A-2,266,,THR,DIRECT,13942,,,
117,A-2,266,,THR,NEAR_SHELL,13942,,,
117,A-2,267,,LEU,DIRECT,13942,,,
117,A-2,267,,LEU,NEAR_SHELL,13942,,,
117,A-2,268,,SER,DIRECT,13942,,,
117,A-2,268,,SER,NEAR_SHELL,13942,,,
117,A-2,295,,ALA,NEAR_SHELL,13942,Q8WTS6,295,MATCH
117,A-2,305,,TYR,DIRECT,13942,Q8WTS6,305,MATCH
117,A-2,305,,TYR,NEAR_SHELL,13942,Q8WTS6,305,MATCH
117,A-2,317,,LYS,NEAR_SHELL,13942,,,
117,A-2,334,,ALA,NEAR_SHELL,13942,,,
117,A-2,335,,TYR,DIRECT,13942,Q8WTS6,335,MATCH
117,A-2,335,,TYR,NEAR_SHELL,13942,Q8WTS6,335,MATCH
117,A-2,336,,GLY,DIRECT,13942,,,
117,A-2,336,,GLY,NEAR_SHELL,13942,,,
117,A-2,337,,TYR,DIRECT,13942,,,
117,A-2,337,,TYR,NEAR_SHELL,13942,,,
117,A-2,338,,ASP,NEAR_SHELL,13942,,,
117,A-2,348,,GLU,NEAR_SHELL,13942,,,
118,A,223,,ILE,DIRECT,13942,Q8WTS6,223,MATCH
118,A,223,,ILE,NEAR_SHELL,13942,Q8WTS6,223,MATCH
118,A,224,,SER,NEAR_SHELL,13942,Q8WTS6,224,MATCH
118,A,225,,SER,DIRECT,13942,Q8WTS6,225,MATCH
118,A,225,,SER,NEAR_SHELL,13942,Q8WTS6,225,MATCH
118,A,226,,ALA,DIRECT,13942,Q8WTS6,226,MATCH
118,A,226,,ALA,NEAR_SHELL,13942,Q8WTS6,226,MATCH
118,A,227,,GLY,DIRECT,13942,Q8WTS6,227,MATCH
118,A,227,,GLY,NEAR_SHELL,13942,Q8WTS6,227,MATCH
118,A,228,,GLU,DIRECT,13942,Q8WTS6,228,MATCH
118,A,228,,GLU,NEAR_SHELL,13942,Q8WTS6,228,MATCH
118,A,245,,TYR,NEAR_SHELL,13942,Q8WTS6,245,MATCH
118,A,263,,ASN,NEAR_SHELL,13942,Q8WTS6,263,MATCH
118,A,264,,GLY,DIRECT,13942,Q8WTS6,264,MATCH
118,A,264,,GLY,NEAR_SHELL,13942,Q8WTS6,264,MATCH
118,A,265,,ASN,DIRECT,13942,Q8WTS6,265,MATCH
118,A,265,,ASN,NEAR_SHELL,13942,Q8WTS6,265,MATCH
118,A,282,,ASN,NEAR_SHELL,13942,Q8WTS6,282,MATCH
118,A,293,,HIS,DIRECT,13942,Q8WTS6,293,MATCH
118,A,293,,HIS,NEAR_SHELL,13942,Q8WTS6,293,MATCH
118,A,295,,ALA,DIRECT,13942,Q8WTS6,295,MATCH
118,A,295,,ALA,NEAR_SHELL,13942,Q8WTS6,295,MATCH
118,A,296,,ASN,DIRECT,13942,Q8WTS6,296,MATCH
118,A,296,,ASN,NEAR_SHELL,13942,Q8WTS6,296,MATCH
118,A,297,,HIS,DIRECT,13942,Q8WTS6,297,MATCH
118,A,297,,HIS,NEAR_SHELL,13942,Q8WTS6,297,MATCH
118,A,305,,TYR,NEAR_SHELL,13942,Q8WTS6,305,MATCH
118,A,335,,TYR,DIRECT,13942,Q8WTS6,335,MATCH
118,A,335,,TYR,NEAR_SHELL,13942,Q8WTS6,335,MATCH
118,A,337,,TYR,NEAR_SHELL,13942,Q8WTS6,337,MATCH
118,A,352,,TRP,DIRECT,13942,Q8WTS6,352,MATCH
118,A,352,,TRP,NEAR_SHELL,13942,Q8WTS6,352,MATCH
118,A,356,,GLU,DIRECT,13942,Q8WTS6,356,MATCH
118,A,356,,GLU,NEAR_SHELL,13942,Q8WTS6,356,MATCH
119,A,245,,TYR,DIRECT,13942,Q8WTS6,245,MATCH
119,A,245,,TYR,NEAR_SHELL,13942,Q8WTS6,245,MATCH
119,A,252,,HIS,DIRECT,13942,,,
119,A,252,,HIS,NEAR_SHELL,13942,,,
119,A,255,,VAL,DIRECT,13942,,,
119,A,255,,VAL,NEAR_SHELL,13942,,,
119,A,256,,ASP,DIRECT,13942,,,
119,A,256,,ASP,NEAR_SHELL,13942,,,
119,A,263,,ASN,DIRECT,13942,Q8WTS6,263,MATCH
119,A,263,,ASN,NEAR_SHELL,13942,Q8WTS6,263,MATCH
119,A,264,,GLY,DIRECT,13942,Q8WTS6,264,MATCH
119,A,264,,GLY,NEAR_SHELL,13942,Q8WTS6,264,MATCH
119,A,265,,ASN,NEAR_SHELL,13942,Q8WTS6,265,MATCH
119,A,266,,THR,DIRECT,13942,,,
119,A,266,,THR,NEAR_SHELL,13942,,,
119,A,267,,LEU,DIRECT,13942,,,
119,A,267,,LEU,NEAR_SHELL,13942,,,
119,A,268,,SER,DIRECT,13942,,,
119,A,268,,SER,NEAR_SHELL,13942,,,
119,A,295,,ALA,NEAR_SHELL,13942,Q8WTS6,295,MATCH
119,A,305,,TYR,DIRECT,13942,Q8WTS6,305,MATCH
119,A,305,,TYR,NEAR_SHELL,13942,Q8WTS6,305,MATCH
119,A,317,,LYS,NEAR_SHELL,13942,,,
119,A,335,,TYR,DIRECT,13942,Q8WTS6,335,MATCH
119,A,335,,TYR,NEAR_SHELL,13942,Q8WTS6,335,MATCH
119,A,336,,GLY,DIRECT,13942,,,
119,A,336,,GLY,NEAR_SHELL,13942,,,
119,A,337,,TYR,DIRECT,13942,Q8WTS6,337,MATCH
119,A,337,,TYR,NEAR_SHELL,13942,Q8WTS6,337,MATCH
119,A,339,,HIS,DIRECT,13942,,,
119,A,339,,HIS,NEAR_SHELL,13942,,,
119,A,340,,SER,DIRECT,13942,,,
119,A,340,,SER,NEAR_SHELL,13942,,,
119,A,341,,PRO,NEAR_SHELL,13942,,,
120,A,40,,CYS,NEAR_SHELL,17671,Q9H867,40,MATCH
120,A,41,,VAL,DIRECT,17671,Q9H867,41,MATCH
120,A,41,,VAL,NEAR_SHELL,17671,Q9H867,41,MATCH
120,A,43,,TRP,DIRECT,17671,Q9H867,43,MATCH
120,A,43,,TRP,NEAR_SHELL,17671,Q9H867,43,MATCH
120,A,46,,ALA,DIRECT,17671,Q9H867,46,MATCH
120,A,46,,ALA,NEAR_SHELL,17671,Q9H867,46,MATCH
120,A,73,,GLU,NEAR_SHELL,17671,Q9H867,73,MATCH
120,A,75,,GLY,DIRECT,17671,Q9H867,75,MATCH
120,A,75,,GLY,NEAR_SHELL,17671,Q9H867,75,MATCH
120,A,76,,SER,DIRECT,17671,Q9H867,76,MATCH
120,A,76,,SER,NEAR_SHELL,17671,Q9H867,76,MATCH
120,A,77,,GLY,DIRECT,17671,Q9H867,77,MATCH
120,A,77,,GLY,NEAR_SHELL,17671,Q9H867,77,MATCH
120,A,78,,THR,NEAR_SHELL,17671,Q9H867,78,MATCH
120,A,96,,ASP,DIRECT,17671,Q9H867,96,MATCH
120,A,96,,ASP,NEAR_SHELL,17671,Q9H867,96,MATCH
120,A,97,,LEU,DIRECT,17671,Q9H867,97,MATCH
120,A,97,,LEU,NEAR_SHELL,17671,Q9H867,97,MATCH
120,A,100,,LEU,DIRECT,17671,Q9H867,100,MATCH
120,A,100,,LEU,NEAR_SHELL,17671,Q9H867,100,MATCH
120,A,124,,LEU,DIRECT,17671,Q9H867,124,MATCH
120,A,124,,LEU,NEAR_SHELL,17671,Q9H867,124,MATCH
120,A,125,,LYS,NEAR_SHELL,17671,Q9H867,125,MATCH
120,A,126,,TRP,DIRECT,17671,Q9H867,126,MATCH
120,A,126,,TRP,NEAR_SHELL,17671,Q9H867,126,MATCH
120,A,143,,ALA,DIRECT,17671,Q9H867,143,MATCH
120,A,143,,ALA,NEAR_SHELL,17671,Q9H867,143,MATCH
120,A,144,,ASP,DIRECT,17671,Q9H867,144,MATCH
120,A,144,,ASP,NEAR_SHELL,17671,Q9H867,144,MATCH
120,A,145,,CYS,NEAR_SHELL,17671,Q9H867,145,MATCH
120,A,147,,TYR,DIRECT,17671,Q9H867,147,MATCH
120,A,147,,TYR,NEAR_SHELL,17671,Q9H867,147,MATCH
120,A,148,,TYR,DIRECT,17671,Q9H867,148,MATCH
120,A,148,,TYR,NEAR_SHELL,17671,Q9H867,148,MATCH
120,A,150,,GLU,DIRECT,17671,Q9H867,150,MATCH
120,A,150,,GLU,NEAR_SHELL,17671,Q9H867,150,MATCH
120,A,176,,ARG,NEAR_SHELL,17671,Q9H867,176,MATCH
121,B,40,,CYS,NEAR_SHELL,17671,Q9H867,40,MATCH
121,B,41,,VAL,DIRECT,17671,Q9H867,41,MATCH
121,B,41,,VAL,NEAR_SHELL,17671,Q9H867,41,MATCH
121,B,42,,VAL,DIRECT,17671,Q9H867,42,MATCH
121,B,42,,VAL,NEAR_SHELL,17671,Q9H867,42,MATCH
121,B,43,,TRP,DIRECT,17671,Q9H867,43,MATCH
121,B,43,,TRP,NEAR_SHELL,17671,Q9H867,43,MATCH
121,B,46,,ALA,DIRECT,17671,Q9H867,46,MATCH
121,B,46,,ALA,NEAR_SHELL,17671,Q9H867,46,MATCH
121,B,73,,GLU,NEAR_SHELL,17671,Q9H867,73,MATCH
121,B,75,,GLY,DIRECT,17671,Q9H867,75,MATCH
121,B,75,,GLY,NEAR_SHELL,17671,Q9H867,75,MATCH
121,B,76,,SER,DIRECT,17671,Q9H867,76,MATCH
121,B,76,,SER,NEAR_SHELL,17671,Q9H867,76,MATCH
121,B,77,,GLY,DIRECT,17671,Q9H867,77,MATCH
121,B,77,,GLY,NEAR_SHELL,17671,Q9H867,77,MATCH
121,B,78,,THR,NEAR_SHELL,17671,Q9H867,78,MATCH
121,B,96,,ASP,DIRECT,17671,Q9H867,96,MATCH
121,B,96,,ASP,NEAR_SHELL,17671,Q9H867,96,MATCH
121,B,97,,LEU,DIRECT,17671,Q9H867,97,MATCH
121,B,97,,LEU,NEAR_SHELL,17671,Q9H867,97,MATCH
121,B,100,,LEU,DIRECT,17671,Q9H867,100,MATCH
121,B,100,,LEU,NEAR_SHELL,17671,Q9H867,100,MATCH
121,B,124,,LEU,DIRECT,17671,Q9H867,124,MATCH
121,B,124,,LEU,NEAR_SHELL,17671,Q9H867,124,MATCH
121,B,125,,LYS,DIRECT,17671,Q9H867,125,MATCH
121,B,125,,LYS,NEAR_SHELL,17671,Q9H867,125,MATCH
121,B,126,,TRP,DIRECT,17671,Q9H867,126,MATCH
121,B,126,,TRP,NEAR_SHELL,17671,Q9H867,126,MATCH
121,B,143,,ALA,DIRECT,17671,Q9H867,143,MATCH
121,B,143,,ALA,NEAR_SHELL,17671,Q9H867,143,MATCH
121,B,144,,ASP,DIRECT,17671,Q9H867,144,MATCH
121,B,144,,ASP,NEAR_SHELL,17671,Q9H867,144,MATCH
121,B,145,,CYS,NEAR_SHELL,17671,Q9H867,145,MATCH
121,B,147,,TYR,DIRECT,17671,Q9H867,147,MATCH
121,B,147,,TYR,NEAR_SHELL,17671,Q9H867,147,MATCH
121,B,148,,TYR,DIRECT,17671,Q9H867,148,MATCH
121,B,148,,TYR,NEAR_SHELL,17671,Q9H867,148,MATCH
121,B,150,,GLU,DIRECT,17671,Q9H867,150,MATCH
121,B,150,,GLU,NEAR_SHELL,17671,Q9H867,150,MATCH
122,C,40,,CYS,DIRECT,17671,Q9H867,40,MATCH
122,C,40,,CYS,NEAR_SHELL,17671,Q9H867,40,MATCH
122,C,41,,VAL,DIRECT,17671,Q9H867,41,MATCH
122,C,41,,VAL,NEAR_SHELL,17671,Q9H867,41,MATCH
122,C,42,,VAL,DIRECT,17671,Q9H867,42,MATCH
122,C,42,,VAL,NEAR_SHELL,17671,Q9H867,42,MATCH
122,C,43,,TRP,DIRECT,17671,Q9H867,43,MATCH
122,C,43,,TRP,NEAR_SHELL,17671,Q9H867,43,MATCH
122,C,44,,ASP,NEAR_SHELL,17671,Q9H867,44,MATCH
122,C,46,,ALA,DIRECT,17671,Q9H867,46,MATCH
122,C,46,,ALA,NEAR_SHELL,17671,Q9H867,46,MATCH
122,C,73,,GLU,NEAR_SHELL,17671,Q9H867,73,MATCH
122,C,75,,GLY,DIRECT,17671,Q9H867,75,MATCH
122,C,75,,GLY,NEAR_SHELL,17671,Q9H867,75,MATCH
122,C,76,,SER,DIRECT,17671,Q9H867,76,MATCH
122,C,76,,SER,NEAR_SHELL,17671,Q9H867,76,MATCH
122,C,77,,GLY,DIRECT,17671,Q9H867,77,MATCH
122,C,77,,GLY,NEAR_SHELL,17671,Q9H867,77,MATCH
122,C,78,,THR,NEAR_SHELL,17671,Q9H867,78,MATCH
122,C,96,,ASP,DIRECT,17671,Q9H867,96,MATCH
122,C,96,,ASP,NEAR_SHELL,17671,Q9H867,96,MATCH
122,C,97,,LEU,DIRECT,17671,Q9H867,97,MATCH
122,C,97,,LEU,NEAR_SHELL,17671,Q9H867,97,MATCH
122,C,100,,LEU,DIRECT,17671,Q9H867,100,MATCH
122,C,100,,LEU,NEAR_SHELL,17671,Q9H867,100,MATCH
122,C,124,,LEU,DIRECT,17671,Q9H867,124,MATCH
122,C,124,,LEU,NEAR_SHELL,17671,Q9H867,124,MATCH
122,C,125,,LYS,NEAR_SHELL,17671,Q9H867,125,MATCH
122,C,126,,TRP,DIRECT,17671,Q9H867,126,MATCH
122,C,126,,TRP,NEAR_SHELL,17671,Q9H867,126,MATCH
122,C,143,,ALA,DIRECT,17671,Q9H867,143,MATCH
122,C,143,,ALA,NEAR_SHELL,17671,Q9H867,143,MATCH
122,C,144,,ASP,DIRECT,17671,Q9H867,144,MATCH
122,C,144,,ASP,NEAR_SHELL,17671,Q9H867,144,MATCH
122,C,145,,CYS,NEAR_SHELL,17671,Q9H867,145,MATCH
122,C,147,,TYR,DIRECT,17671,Q9H867,147,MATCH
122,C,147,,TYR,NEAR_SHELL,17671,Q9H867,147,MATCH
122,C,148,,TYR,DIRECT,17671,Q9H867,148,MATCH
122,C,148,,TYR,NEAR_SHELL,17671,Q9H867,148,MATCH
122,C,150,,GLU,NEAR_SHELL,17671,Q9H867,150,MATCH
122,C,176,,ARG,NEAR_SHELL,17671,Q9H867,176,MATCH
123,A,54,,GLU,DIRECT,14481,,,
123,A,54,,GLU,NEAR_SHELL,14481,,,
123,A,57,,ARG,DIRECT,14481,,,
123,A,57,,ARG,NEAR_SHELL,14481,,,
123,B,54,,GLU,DIRECT,14481,,,
123,B,54,,GLU,NEAR_SHELL,14481,,,
123,B,57,,ARG,DIRECT,14481,,,
123,B,57,,ARG,NEAR_SHELL,14481,,,
123,B,61,,ARG,DIRECT,14481,,,
123,B,61,,ARG,NEAR_SHELL,14481,,,
123,B,113,,GLU,NEAR_SHELL,14481,,,
124,C,54,,GLU,DIRECT,14481,,,
124,C,54,,GLU,NEAR_SHELL,14481,,,
124,C,57,,ARG,DIRECT,14481,,,
124,C,57,,ARG,NEAR_SHELL,14481,,,
124,D,54,,GLU,DIRECT,14481,,,
124,D,54,,GLU,NEAR_SHELL,14481,,,
124,D,57,,ARG,DIRECT,14481,,,
124,D,57,,ARG,NEAR_SHELL,14481,,,
124,D,61,,ARG,DIRECT,14481,,,
124,D,61,,ARG,NEAR_SHELL,14481,,,
125,A,27,,TYR,DIRECT,4307,,,
125,A,27,,TYR,NEAR_SHELL,4307,,,
125,A,30,,PHE,NEAR_SHELL,4307,,,
125,A,35,,TYR,DIRECT,4307,,,
125,A,35,,TYR,NEAR_SHELL,4307,,,
125,A,39,,ASN,DIRECT,4307,,,
125,A,39,,ASN,NEAR_SHELL,4307,,,
125,A,40,,TYR,DIRECT,4307,,,
125,A,40,,TYR,NEAR_SHELL,4307,,,
125,A,44,,ARG,DIRECT,4307,,,
125,A,44,,ARG,NEAR_SHELL,4307,,,
125,A,53,,VAL,DIRECT,4307,,,
125,A,53,,VAL,NEAR_SHELL,4307,,,
125,A,57,,LYS,DIRECT,4307,,,
125,A,57,,LYS,NEAR_SHELL,4307,,,
125,A,79,,GLY,NEAR_SHELL,4307,,,
125,A,80,,SER,NEAR_SHELL,4307,,,
125,A,81,,GLY,DIRECT,4307,,,
125,A,81,,GLY,NEAR_SHELL,4307,,,
125,A,82,,PRO,NEAR_SHELL,4307,,,
125,A,85,,TYR,NEAR_SHELL,4307,,,
125,A,101,,ASP,DIRECT,4307,,,
125,A,101,,ASP,NEAR_SHELL,4307,,,
125,A,102,,PHE,DIRECT,4307,,,
125,A,102,,PHE,NEAR_SHELL,4307,,,
125,A,103,,LEU,DIRECT,4307,,,
125,A,103,,LEU,NEAR_SHELL,4307,,,
125,A,106,,ASN,DIRECT,4307,,,
125,A,106,,ASN,NEAR_SHELL,4307,,,
125,A,157,,ILE,DIRECT,4307,,,
125,A,157,,ILE,NEAR_SHELL,4307,,,
125,A,158,,ASP,DIRECT,4307,,,
125,A,158,,ASP,NEAR_SHELL,4307,,,
125,A,159,,VAL,DIRECT,4307,,,
125,A,159,,VAL,NEAR_SHELL,4307,,,
125,A,160,,HIS,DIRECT,4307,,,
125,A,160,,HIS,NEAR_SHELL,4307,,,
125,A,181,,ALA,NEAR_SHELL,4307,,,
125,A,182,,PHE,DIRECT,4307,,,
125,A,182,,PHE,NEAR_SHELL,4307,,,
125,A,183,,CYS,DIRECT,4307,,,
125,A,183,,CYS,NEAR_SHELL,4307,,,
125,A,185,,GLU,NEAR_SHELL,4307,,,
125,A,186,,ALA,DIRECT,4307,,,
125,A,186,,ALA,NEAR_SHELL,4307,,,
125,A,187,,VAL,DIRECT,4307,,,
125,A,187,,VAL,NEAR_SHELL,4307,,,
125,A,216,,ALA,DIRECT,4307,,,
125,A,216,,ALA,NEAR_SHELL,4307,,,
125,A,219,,GLU,DIRECT,4307,,,
125,A,219,,GLU,NEAR_SHELL,4307,,,
125,A,222,,TYR,DIRECT,4307,,,
125,A,222,,TYR,NEAR_SHELL,4307,,,
125,A,258,,MET,DIRECT,4307,,,
125,A,258,,MET,NEAR_SHELL,4307,,,
125,A,267,,ASP,DIRECT,4307,,,
125,A,267,,ASP,NEAR_SHELL,4307,,,
125,A,269,,VAL,NEAR_SHELL,4307,,,
125,A,272,,VAL,NEAR_SHELL,4307,,,
126,B,23,,VAL,NEAR_SHELL,4307,,,
126,B,24,,ALA,NEAR_SHELL,4307,,,
126,B,27,,TYR,DIRECT,4307,,,
126,B,27,,TYR,NEAR_SHELL,4307,,,
126,B,30,,PHE,NEAR_SHELL,4307,,,
126,B,35,,TYR,DIRECT,4307,,,
126,B,35,,TYR,NEAR_SHELL,4307,,,
126,B,39,,ASN,DIRECT,4307,,,
126,B,39,,ASN,NEAR_SHELL,4307,,,
126,B,40,,TYR,DIRECT,4307,,,
126,B,40,,TYR,NEAR_SHELL,4307,,,
126,B,44,,ARG,NEAR_SHELL,4307,,,
126,B,53,,VAL,DIRECT,4307,,,
126,B,53,,VAL,NEAR_SHELL,4307,,,
126,B,57,,LYS,DIRECT,4307,,,
126,B,57,,LYS,NEAR_SHELL,4307,,,
126,B,79,,GLY,NEAR_SHELL,4307,,,
126,B,80,,SER,NEAR_SHELL,4307,,,
126,B,81,,GLY,DIRECT,4307,,,
126,B,81,,GLY,NEAR_SHELL,4307,,,
126,B,82,,PRO,NEAR_SHELL,4307,,,
126,B,85,,TYR,NEAR_SHELL,4307,,,
126,B,101,,ASP,DIRECT,4307,,,
126,B,101,,ASP,NEAR_SHELL,4307,,,
126,B,102,,PHE,DIRECT,4307,,,
126,B,102,,PHE,NEAR_SHELL,4307,,,
126,B,103,,LEU,DIRECT,4307,,,
126,B,103,,LEU,NEAR_SHELL,4307,,,
126,B,106,,ASN,DIRECT,4307,,,
126,B,106,,ASN,NEAR_SHELL,4307,,,
126,B,157,,ILE,DIRECT,4307,,,
126,B,157,,ILE,NEAR_SHELL,4307,,,
126,B,158,,ASP,DIRECT,4307,,,
126,B,158,,ASP,NEAR_SHELL,4307,,,
126,B,159,,VAL,DIRECT,4307,,,
126,B,159,,VAL,NEAR_SHELL,4307,,,
126,B,160,,HIS,DIRECT,4307,,,
126,B,160,,HIS,NEAR_SHELL,4307,,,
126,B,181,,ALA,NEAR_SHELL,4307,,,
126,B,182,,PHE,DIRECT,4307,,,
126,B,182,,PHE,NEAR_SHELL,4307,,,
126,B,183,,CYS,DIRECT,4307,,,
126,B,183,,CYS,NEAR_SHELL,4307,,,
126,B,185,,GLU,NEAR_SHELL,4307,,,
126,B,186,,ALA,DIRECT,4307,,,
126,B,186,,ALA,NEAR_SHELL,4307,,,
126,B,187,,VAL,DIRECT,4307,,,
126,B,187,,VAL,NEAR_SHELL,4307,,,
126,B,216,,ALA,DIRECT,4307,,,
126,B,216,,ALA,NEAR_SHELL,4307,,,
126,B,219,,GLU,DIRECT,4307,,,
126,B,219,,GLU,NEAR_SHELL,4307,,,
126,B,222,,TYR,DIRECT,4307,,,
126,B,222,,TYR,NEAR_SHELL,4307,,,
126,B,258,,MET,DIRECT,4307,,,
126,B,258,,MET,NEAR_SHELL,4307,,,
126,B,267,,ASP,DIRECT,4307,,,
126,B,267,,ASP,NEAR_SHELL,4307,,,
126,B,269,,VAL,NEAR_SHELL,4307,,,
126,B,272,,VAL,NEAR_SHELL,4307,,,
127,A,86,,SER,NEAR_SHELL,9932,Q5VZV1,86,MATCH
127,A,87,,TYR,NEAR_SHELL,9932,Q5VZV1,87,MATCH
127,A,88,,GLY,DIRECT,9932,Q5VZV1,88,MATCH
127,A,88,,GLY,NEAR_SHELL,9932,Q5VZV1,88,MATCH
127,A,89,,ALA,NEAR_SHELL,9932,Q5VZV1,89,MATCH
127,A,142,,LEU,DIRECT,9932,Q5VZV1,142,MATCH
127,A,142,,LEU,NEAR_SHELL,9932,Q5VZV1,142,MATCH
127,A,144,,ASP,NEAR_SHELL,9932,Q5VZV1,144,MATCH
127,A,145,,VAL,DIRECT,9932,Q5VZV1,145,MATCH
127,A,145,,VAL,NEAR_SHELL,9932,Q5VZV1,145,MATCH
127,A,171,,VAL,NEAR_SHELL,9932,Q5VZV1,171,MATCH
127,A,172,,TRP,NEAR_SHELL,9932,Q5VZV1,172,MATCH
127,A,197,,TYR,DIRECT,9932,Q5VZV1,197,MATCH
127,A,197,,TYR,NEAR_SHELL,9932,Q5VZV1,197,MATCH
127,A,201,,PHE,NEAR_SHELL,9932,Q5VZV1,201,MATCH
127,B-2,159,,GLN,NEAR_SHELL,9932,Q5VZV1,159,MATCH
128,A,228,,SER,DIRECT,9932,Q5VZV1,228,MATCH
128,A,228,,SER,NEAR_SHELL,9932,Q5VZV1,228,MATCH
128,B,89,,ALA,NEAR_SHELL,9932,Q5VZV1,89,MATCH
128,B,90,,VAL,DIRECT,9932,Q5VZV1,90,MATCH
128,B,90,,VAL,NEAR_SHELL,9932,Q5VZV1,90,MATCH
128,B,92,,TRP,DIRECT,9932,Q5VZV1,92,MATCH
128,B,92,,TRP,NEAR_SHELL,9932,Q5VZV1,92,MATCH
128,B,200,,TYR,DIRECT,9932,Q5VZV1,200,MATCH
128,B,200,,TYR,NEAR_SHELL,9932,Q5VZV1,200,MATCH
129,A-2,86,,SER,NEAR_SHELL,9932,Q5VZV1,86,MATCH
129,A-2,87,,TYR,NEAR_SHELL,9932,Q5VZV1,87,MATCH
129,A-2,88,,GLY,DIRECT,9932,Q5VZV1,88,MATCH
129,A-2,88,,GLY,NEAR_SHELL,9932,Q5VZV1,88,MATCH
129,A-2,89,,ALA,NEAR_SHELL,9932,Q5VZV1,89,MATCH
129,A-2,142,,LEU,DIRECT,9932,Q5VZV1,142,MATCH
129,A-2,142,,LEU,NEAR_SHELL,9932,Q5VZV1,142,MATCH
129,A-2,144,,ASP,NEAR_SHELL,9932,Q5VZV1,144,MATCH
129,A-2,145,,VAL,DIRECT,9932,Q5VZV1,145,MATCH
129,A-2,145,,VAL,NEAR_SHELL,9932,Q5VZV1,145,MATCH
129,A-2,171,,VAL,NEAR_SHELL,9932,Q5VZV1,171,MATCH
129,A-2,172,,TRP,NEAR_SHELL,9932,Q5VZV1,172,MATCH
129,A-2,197,,TYR,DIRECT,9932,Q5VZV1,197,MATCH
129,A-2,197,,TYR,NEAR_SHELL,9932,Q5VZV1,197,MATCH
129,A-2,201,,PHE,NEAR_SHELL,9932,Q5VZV1,201,MATCH
129,B,159,,GLN,NEAR_SHELL,9932,Q5VZV1,159,MATCH
130,A-2,228,,SER,DIRECT,9932,Q5VZV1,228,MATCH
130,A-2,228,,SER,NEAR_SHELL,9932,Q5VZV1,228,MATCH
130,B-2,89,,ALA,NEAR_SHELL,9932,Q5VZV1,89,MATCH
130,B-2,90,,VAL,DIRECT,9932,Q5VZV1,90,MATCH
130,B-2,90,,VAL,NEAR_SHELL,9932,Q5VZV1,90,MATCH
130,B-2,92,,TRP,DIRECT,9932,Q5VZV1,92,MATCH
130,B-2,92,,TRP,NEAR_SHELL,9932,Q5VZV1,92,MATCH
130,B-2,200,,TYR,DIRECT,9932,Q5VZV1,200,MATCH
130,B-2,200,,TYR,NEAR_SHELL,9932,Q5VZV1,200,MATCH
131,A,234,,ASN,DIRECT,12412,Q8N1G2,234,MATCH
131,A,234,,ASN,NEAR_SHELL,12412,Q8N1G2,234,MATCH
131,A,236,,ALA,DIRECT,12412,Q8N1G2,236,MATCH
131,A,236,,ALA,NEAR_SHELL,12412,Q8N1G2,236,MATCH
131,A,275,,ASP,NEAR_SHELL,12412,Q8N1G2,275,MATCH
131,A,277,,CYS,DIRECT,12412,Q8N1G2,277,MATCH
131,A,277,,CYS,NEAR_SHELL,12412,Q8N1G2,277,MATCH
131,A,278,,ALA,DIRECT,12412,Q8N1G2,278,MATCH
131,A,278,,ALA,NEAR_SHELL,12412,Q8N1G2,278,MATCH
131,A,279,,GLY,DIRECT,12412,Q8N1G2,279,MATCH
131,A,279,,GLY,NEAR_SHELL,12412,Q8N1G2,279,MATCH
131,A,280,,PRO,DIRECT,12412,Q8N1G2,280,MATCH
131,A,280,,PRO,NEAR_SHELL,12412,Q8N1G2,280,MATCH
131,A,282,,GLY,DIRECT,12412,Q8N1G2,282,MATCH
131,A,282,,GLY,NEAR_SHELL,12412,Q8N1G2,282,MATCH
131,A,283,,PHE,DIRECT,12412,Q8N1G2,283,MATCH
131,A,283,,PHE,NEAR_SHELL,12412,Q8N1G2,283,MATCH
131,A,300,,MET,NEAR_SHELL,12412,Q8N1G2,300,MATCH
131,A,301,,THR,DIRECT,12412,Q8N1G2,301,MATCH
131,A,301,,THR,NEAR_SHELL,12412,Q8N1G2,301,MATCH
131,A,302,,LEU,DIRECT,12412,Q8N1G2,302,MATCH
131,A,302,,LEU,NEAR_SHELL,12412,Q8N1G2,302,MATCH
131,A,306,,ASN,DIRECT,12412,Q8N1G2,306,MATCH
131,A,306,,ASN,NEAR_SHELL,12412,Q8N1G2,306,MATCH
131,A,334,,GLY,DIRECT,12412,Q8N1G2,334,MATCH
131,A,334,,GLY,NEAR_SHELL,12412,Q8N1G2,334,MATCH
131,A,335,,ASP,DIRECT,12412,Q8N1G2,335,MATCH
131,A,335,,ASP,NEAR_SHELL,12412,Q8N1G2,335,MATCH
131,A,336,,ILE,DIRECT,12412,Q8N1G2,336,MATCH
131,A,336,,ILE,NEAR_SHELL,12412,Q8N1G2,336,MATCH
131,A,337,,THR,DIRECT,12412,Q8N1G2,337,MATCH
131,A,337,,THR,NEAR_SHELL,12412,Q8N1G2,337,MATCH
131,A,364,,ASP,DIRECT,12412,Q8N1G2,364,MATCH
131,A,364,,ASP,NEAR_SHELL,12412,Q8N1G2,364,MATCH
131,A,365,,GLY,NEAR_SHELL,12412,Q8N1G2,365,MATCH
131,A,366,,GLY,DIRECT,12412,Q8N1G2,366,MATCH
131,A,366,,GLY,NEAR_SHELL,12412,Q8N1G2,366,MATCH
131,A,367,,PHE,NEAR_SHELL,12412,Q8N1G2,367,MATCH
131,A,383,,LEU,DIRECT,12412,Q8N1G2,383,MATCH
131,A,383,,LEU,NEAR_SHELL,12412,Q8N1G2,383,MATCH
132,A,203,,LYS,DIRECT,12412,,,
132,A,203,,LYS,NEAR_SHELL,12412,,,
132,A,204,,SER,DIRECT,12412,,,
132,A,204,,SER,NEAR_SHELL,12412,,,
132,A,206,,PHE,DIRECT,12412,,,
132,A,206,,PHE,NEAR_SHELL,12412,,,
132,A,207,,ASP,DIRECT,12412,,,
132,A,207,,ASP,NEAR_SHELL,12412,,,
132,A,209,,LEU,NEAR_SHELL,12412,,,
132,A,211,,GLY,NEAR_SHELL,12412,,,
132,A,214,,MET,DIRECT,12412,,,
132,A,214,,MET,NEAR_SHELL,12412,,,
132,A,215,,ARG,NEAR_SHELL,12412,,,
132,A,218,,ARG,DIRECT,12412,,,
132,A,218,,ARG,NEAR_SHELL,12412,,,
132,A,369,,VAL,NEAR_SHELL,12412,,,
132,A,373,,GLU,DIRECT,12412,,,
132,A,373,,GLU,NEAR_SHELL,12412,,,
132,A,374,,ASN,DIRECT,12412,,,
132,A,374,,ASN,NEAR_SHELL,12412,,,
132,A,376,,GLN,NEAR_SHELL,12412,,,
132,A,436,,ARG,NEAR_SHELL,12412,,,
132,A,438,,ALA,DIRECT,12412,,,
132,A,438,,ALA,NEAR_SHELL,12412,,,
132,A,439,,ASN,DIRECT,12412,,,
132,A,439,,ASN,NEAR_SHELL,12412,,,
132,A,440,,SER,DIRECT,12412,,,
132,A,440,,SER,NEAR_SHELL,12412,,,
132,A,511,,LEU,DIRECT,12412,,,
132,A,511,,LEU,NEAR_SHELL,12412,,,
132,A,514,,ILE,NEAR_SHELL,12412,,,
133,A,126,,CYS,NEAR_SHELL,11429,Q7Z624,126,MATCH
133,A,127,,ILE,NEAR_SHELL,11429,Q7Z624,127,MATCH
133,A,128,,TRP,DIRECT,11429,Q7Z624,128,MATCH
133,A,128,,TRP,NEAR_SHELL,11429,Q7Z624,128,MATCH
133,A,130,,SER,NEAR_SHELL,11429,Q7Z624,130,MATCH
133,A,131,,GLU,DIRECT,11429,Q7Z624,131,MATCH
133,A,131,,GLU,NEAR_SHELL,11429,Q7Z624,131,MATCH
133,A,155,,GLY,NEAR_SHELL,11429,Q7Z624,155,MATCH
133,A,156,,GLY,DIRECT,11429,Q7Z624,156,MATCH
133,A,156,,GLY,NEAR_SHELL,11429,Q7Z624,156,MATCH
133,A,157,,MET,NEAR_SHELL,11429,Q7Z624,157,MATCH
133,A,180,,ASN,NEAR_SHELL,11429,Q7Z624,180,MATCH
133,A,183,,ALA,NEAR_SHELL,11429,Q7Z624,183,MATCH
133,A,232,,ASP,NEAR_SHELL,11429,Q7Z624,232,MATCH
133,A,235,,PHE,NEAR_SHELL,11429,Q7Z624,235,MATCH
133,A,236,,LEU,NEAR_SHELL,11429,Q7Z624,236,MATCH
133,A-2,63,,ARG,DIRECT,11429,Q7Z624,63,MATCH
133,A-2,63,,ARG,NEAR_SHELL,11429,Q7Z624,63,MATCH
133,A-2,119,,PHE,NEAR_SHELL,11429,Q7Z624,119,MATCH
134,A,63,,ARG,NEAR_SHELL,11429,Q7Z624,63,MATCH
134,A,64,,ARG,DIRECT,11429,,,
134,A,64,,ARG,NEAR_SHELL,11429,,,
134,A,65,,PHE,NEAR_SHELL,11429,,,
134,A,128,,TRP,NEAR_SHELL,11429,Q7Z624,128,MATCH
134,A,264,,ARG,NEAR_SHELL,11429,,,
134,A,306,,ILE,NEAR_SHELL,11429,,,
134,A,311,,LEU,DIRECT,11429,,,
134,A,311,,LEU,NEAR_SHELL,11429,,,
134,A,312,,HIS,DIRECT,11429,,,
134,A,312,,HIS,NEAR_SHELL,11429,,,
134,A-2,63,,ARG,NEAR_SHELL,11429,Q7Z624,63,MATCH
134,A-2,64,,ARG,DIRECT,11429,,,
134,A-2,64,,ARG,NEAR_SHELL,11429,,,
134,A-2,65,,PHE,NEAR_SHELL,11429,,,
134,A-2,128,,TRP,NEAR_SHELL,11429,Q7Z624,128,MATCH
134,A-2,264,,ARG,NEAR_SHELL,11429,,,
134,A-2,306,,ILE,NEAR_SHELL,11429,,,
134,A-2,311,,LEU,DIRECT,11429,,,
134,A-2,311,,LEU,NEAR_SHELL,11429,,,
134,A-2,312,,HIS,DIRECT,11429,,,
134,A-2,312,,HIS,NEAR_SHELL,11429,,,
135,A,63,,ARG,DIRECT,11429,Q7Z624,63,MATCH
135,A,63,,ARG,NEAR_SHELL,11429,Q7Z624,63,MATCH
135,A,119,,PHE,NEAR_SHELL,11429,Q7Z624,119,MATCH
135,A-2,126,,CYS,NEAR_SHELL,11429,Q7Z624,126,MATCH
135,A-2,127,,ILE,NEAR_SHELL,11429,Q7Z624,127,MATCH
135,A-2,128,,TRP,DIRECT,11429,Q7Z624,128,MATCH
135,A-2,128,,TRP,NEAR_SHELL,11429,Q7Z624,128,MATCH
135,A-2,130,,SER,NEAR_SHELL,11429,Q7Z624,130,MATCH
135,A-2,131,,GLU,DIRECT,11429,Q7Z624,131,MATCH
135,A-2,131,,GLU,NEAR_SHELL,11429,Q7Z624,131,MATCH
135,A-2,155,,GLY,NEAR_SHELL,11429,Q7Z624,155,MATCH
135,A-2,156,,GLY,DIRECT,11429,Q7Z624,156,MATCH
135,A-2,156,,GLY,NEAR_SHELL,11429,Q7Z624,156,MATCH
135,A-2,157,,MET,NEAR_SHELL,11429,Q7Z624,157,MATCH
135,A-2,180,,ASN,NEAR_SHELL,11429,Q7Z624,180,MATCH
135,A-2,183,,ALA,NEAR_SHELL,11429,Q7Z624,183,MATCH
135,A-2,232,,ASP,NEAR_SHELL,11429,Q7Z624,232,MATCH
135,A-2,235,,PHE,NEAR_SHELL,11429,Q7Z624,235,MATCH
136,A,63,,ARG,NEAR_SHELL,11429,Q7Z624,63,MATCH
136,A,64,,ARG,DIRECT,11429,,,
136,A,64,,ARG,NEAR_SHELL,11429,,,
136,A,65,,PHE,NEAR_SHELL,11429,,,
136,A,128,,TRP,NEAR_SHELL,11429,Q7Z624,128,MATCH
136,A,264,,ARG,NEAR_SHELL,11429,,,
136,A,306,,ILE,NEAR_SHELL,11429,,,
136,A,311,,LEU,DIRECT,11429,,,
136,A,311,,LEU,NEAR_SHELL,11429,,,
136,A,312,,HIS,DIRECT,11429,,,
136,A,312,,HIS,NEAR_SHELL,11429,,,
136,A-2,63,,ARG,NEAR_SHELL,11429,Q7Z624,63,MATCH
136,A-2,64,,ARG,DIRECT,11429,,,
136,A-2,64,,ARG,NEAR_SHELL,11429,,,
136,A-2,65,,PHE,NEAR_SHELL,11429,,,
136,A-2,128,,TRP,NEAR_SHELL,11429,Q7Z624,128,MATCH
136,A-2,264,,ARG,NEAR_SHELL,11429,,,
136,A-2,306,,ILE,NEAR_SHELL,11429,,,
136,A-2,311,,LEU,DIRECT,11429,,,
136,A-2,311,,LEU,NEAR_SHELL,11429,,,
136,A-2,312,,HIS,DIRECT,11429,,,
136,A-2,312,,HIS,NEAR_SHELL,11429,,,
137,A,52,,VAL,NEAR_SHELL,14635,Q96AZ1,52,MATCH
137,A,55,,ARG,NEAR_SHELL,14635,Q96AZ1,55,MATCH
137,A,56,,VAL,NEAR_SHELL,14635,Q96AZ1,56,MATCH
137,A,57,,TRP,DIRECT,14635,Q96AZ1,57,MATCH
137,A,57,,TRP,NEAR_SHELL,14635,Q96AZ1,57,MATCH
137,A,58,,ASP,NEAR_SHELL,14635,Q96AZ1,58,MATCH
137,A,151,,ASP,DIRECT,14635,Q96AZ1,151,MATCH
137,A,151,,ASP,NEAR_SHELL,14635,Q96AZ1,151,MATCH
137,A,154,,TYR,NEAR_SHELL,14635,Q96AZ1,154,MATCH
138,A,57,,HIS,DIRECT,15566,,,
138,A,57,,HIS,NEAR_SHELL,15566,,,
138,A,60,,MET,DIRECT,15566,,,
138,A,60,,MET,NEAR_SHELL,15566,,,
138,A,61,,ILE,NEAR_SHELL,15566,,,
138,A,66,,ARG,DIRECT,15566,,,
138,A,66,,ARG,NEAR_SHELL,15566,,,
138,A,89,,VAL,NEAR_SHELL,15566,,,
138,A,90,,GLY,DIRECT,15566,,,
138,A,90,,GLY,NEAR_SHELL,15566,,,
138,A,91,,ALA,DIRECT,15566,,,
138,A,91,,ALA,NEAR_SHELL,15566,,,
138,A,92,,GLY,DIRECT,15566,,,
138,A,92,,GLY,NEAR_SHELL,15566,,,
138,A,93,,THR,NEAR_SHELL,15566,,,
138,A,95,,ILE,DIRECT,15566,,,
138,A,95,,ILE,NEAR_SHELL,15566,,,
138,A,96,,LEU,DIRECT,15566,,,
138,A,96,,LEU,NEAR_SHELL,15566,,,
138,A,111,,VAL,DIRECT,15566,,,
138,A,111,,VAL,NEAR_SHELL,15566,,,
138,A,112,,GLU,DIRECT,15566,,,
138,A,112,,GLU,NEAR_SHELL,15566,,,
138,A,113,,ALA,DIRECT,15566,,,
138,A,113,,ALA,NEAR_SHELL,15566,,,
138,A,114,,SER,DIRECT,15566,,,
138,A,114,,SER,NEAR_SHELL,15566,,,
138,A,138,,GLY,DIRECT,15566,,,
138,A,138,,GLY,NEAR_SHELL,15566,,,
138,A,139,,PRO,DIRECT,15566,,,
138,A,139,,PRO,NEAR_SHELL,15566,,,
138,A,140,,VAL,DIRECT,15566,,,
138,A,140,,VAL,NEAR_SHELL,15566,,,
138,A,141,,GLU,DIRECT,15566,,,
138,A,141,,GLU,NEAR_SHELL,15566,,,
138,A,155,,GLU,DIRECT,15566,,,
138,A,155,,GLU,NEAR_SHELL,15566,,,
138,A,157,,MET,DIRECT,15566,,,
138,A,157,,MET,NEAR_SHELL,15566,,,
138,A,158,,GLY,NEAR_SHELL,15566,,,
138,A,164,,GLU,NEAR_SHELL,15566,,,
138,A,166,,MET,DIRECT,15566,,,
138,A,166,,MET,NEAR_SHELL,15566,,,
138,A,169,,SER,DIRECT,15566,,,
138,A,169,,SER,NEAR_SHELL,15566,,,
138,A,317,,HIS,NEAR_SHELL,15566,,,
138,A,318,,TRP,NEAR_SHELL,15566,,,
139,A-2,57,,HIS,DIRECT,15566,,,
139,A-2,57,,HIS,NEAR_SHELL,15566,,,
139,A-2,60,,MET,DIRECT,15566,,,
139,A-2,60,,MET,NEAR_SHELL,15566,,,
139,A-2,61,,ILE,NEAR_SHELL,15566,,,
139,A-2,66,,ARG,DIRECT,15566,,,
139,A-2,66,,ARG,NEAR_SHELL,15566,,,
139,A-2,89,,VAL,NEAR_SHELL,15566,,,
139,A-2,90,,GLY,DIRECT,15566,,,
139,A-2,90,,GLY,NEAR_SHELL,15566,,,
139,A-2,91,,ALA,DIRECT,15566,,,
139,A-2,91,,ALA,NEAR_SHELL,15566,,,
139,A-2,92,,GLY,DIRECT,15566,,,
139,A-2,92,,GLY,NEAR_SHELL,15566,,,
139,A-2,93,,THR,NEAR_SHELL,15566,,,
139,A-2,95,,ILE,DIRECT,15566,,,
139,A-2,95,,ILE,NEAR_SHELL,15566,,,
139,A-2,96,,LEU,DIRECT,15566,,,
139,A-2,96,,LEU,NEAR_SHELL,15566,,,
139,A-2,111,,VAL,DIRECT,15566,,,
139,A-2,111,,VAL,NEAR_SHELL,15566,,,
139,A-2,112,,GLU,DIRECT,15566,,,
139,A-2,112,,GLU,NEAR_SHELL,15566,,,
139,A-2,113,,ALA,DIRECT,15566,,,
139,A-2,113,,ALA,NEAR_SHELL,15566,,,
139,A-2,114,,SER,DIRECT,15566,,,
139,A-2,114,,SER,NEAR_SHELL,15566,,,
139,A-2,138,,GLY,DIRECT,15566,,,
139,A-2,138,,GLY,NEAR_SHELL,15566,,,
139,A-2,139,,PRO,DIRECT,15566,,,
139,A-2,139,,PRO,NEAR_SHELL,15566,,,
139,A-2,140,,VAL,DIRECT,15566,,,
139,A-2,140,,VAL,NEAR_SHELL,15566,,,
139,A-2,141,,GLU,DIRECT,15566,,,
139,A-2,141,,GLU,NEAR_SHELL,15566,,,
139,A-2,155,,GLU,DIRECT,15566,,,
139,A-2,155,,GLU,NEAR_SHELL,15566,,,
139,A-2,157,,MET,DIRECT,15566,,,
139,A-2,157,,MET,NEAR_SHELL,15566,,,
139,A-2,158,,GLY,NEAR_SHELL,15566,,,
139,A-2,164,,GLU,NEAR_SHELL,15566,,,
139,A-2,166,,MET,DIRECT,15566,,,
139,A-2,166,,MET,NEAR_SHELL,15566,,,
139,A-2,169,,SER,DIRECT,15566,,,
139,A-2,169,,SER,NEAR_SHELL,15566,,,
139,A-2,317,,HIS,NEAR_SHELL,15566,,,
139,A-2,318,,TRP,NEAR_SHELL,15566,,,
140,A,291,,GLU,DIRECT,9596,Q5T280,291,MATCH
140,A,291,,GLU,NEAR_SHELL,9596,Q5T280,291,MATCH
140,A,292,,ARG,DIRECT,9596,Q5T280,292,MATCH
140,A,292,,ARG,NEAR_SHELL,9596,Q5T280,292,MATCH
140,A,314,,LEU,DIRECT,9596,Q5T280,314,MATCH
140,A,314,,LEU,NEAR_SHELL,9596,Q5T280,314,MATCH
140,A,346,,GLN,NEAR_SHELL,9596,Q5T280,346,MATCH
140,A,350,,THR,NEAR_SHELL,9596,Q5T280,350,MATCH
140,A,351,,ILE,DIRECT,9596,Q5T280,351,MATCH
140,A,351,,ILE,NEAR_SHELL,9596,Q5T280,351,MATCH
140,A,352,,ARG,NEAR_SHELL,9596,Q5T280,352,MATCH
140,A,353,,THR,DIRECT,9596,Q5T280,353,MATCH
140,A,353,,THR,NEAR_SHELL,9596,Q5T280,353,MATCH
141,A,147,,GLN,DIRECT,9596,,,
141,A,147,,GLN,NEAR_SHELL,9596,,,
141,A,150,,GLU,DIRECT,9596,,,
141,A,150,,GLU,NEAR_SHELL,9596,,,
141,A,191,,GLU,NEAR_SHELL,9596,,,
141,A,226,,ARG,DIRECT,9596,,,
141,A,226,,ARG,NEAR_SHELL,9596,,,
141,A,260,,TRP,NEAR_SHELL,9596,,,
141,A,261,,GLY,NEAR_SHELL,9596,,,
141,A,262,,TYR,DIRECT,9596,,,
141,A,262,,TYR,NEAR_SHELL,9596,,,
141,A,263,,THR,DIRECT,9596,,,
141,A,263,,THR,NEAR_SHELL,9596,,,
141,A,264,,VAL,DIRECT,9596,,,
141,A,264,,VAL,NEAR_SHELL,9596,,,
142,A,74,,THR,NEAR_SHELL,9596,,,
142,A,110,,ASP,DIRECT,9596,,,
142,A,110,,ASP,NEAR_SHELL,9596,,,
142,A,111,,GLU,NEAR_SHELL,9596,,,
142,A,150,,GLU,NEAR_SHELL,9596,,,
142,A,191,,GLU,DIRECT,9596,,,
142,A,191,,GLU,NEAR_SHELL,9596,,,
142,A,226,,ARG,NEAR_SHELL,9596,,,
142,A,228,,THR,NEAR_SHELL,9596,,,
142,A,249,,SER,DIRECT,9596,,,
142,A,249,,SER,NEAR_SHELL,9596,,,
142,A,250,,GLN,DIRECT,9596,,,
142,A,250,,GLN,NEAR_SHELL,9596,,,
142,A,253,,ARG,NEAR_SHELL,9596,,,
142,A,260,,TRP,DIRECT,9596,,,
142,A,260,,TRP,NEAR_SHELL,9596,,,
142,A,261,,GLY,DIRECT,9596,,,
142,A,261,,GLY,NEAR_SHELL,9596,,,
142,A,262,,TYR,NEAR_SHELL,9596,,,
142,A,263,,THR,DIRECT,9596,,,
142,A,263,,THR,NEAR_SHELL,9596,,,
142,A,278,,PRO,DIRECT,9596,,,
142,A,278,,PRO,NEAR_SHELL,9596,,,
142,A,279,,PHE,NEAR_SHELL,9596,,,
143,B,314,,LEU,DIRECT,9596,Q5T280,314,MATCH
143,B,314,,LEU,NEAR_SHELL,9596,Q5T280,314,MATCH
143,B,350,,THR,NEAR_SHELL,9596,Q5T280,350,MATCH
143,B,351,,ILE,DIRECT,9596,Q5T280,351,MATCH
143,B,351,,ILE,NEAR_SHELL,9596,Q5T280,351,MATCH
143,B,352,,ARG,NEAR_SHELL,9596,Q5T280,352,MATCH
143,B,353,,THR,DIRECT,9596,Q5T280,353,MATCH
143,B,353,,THR,NEAR_SHELL,9596,Q5T280,353,MATCH
144,B,74,,THR,NEAR_SHELL,9596,,,
144,B,110,,ASP,DIRECT,9596,,,
144,B,110,,ASP,NEAR_SHELL,9596,,,
144,B,111,,GLU,NEAR_SHELL,9596,,,
144,B,150,,GLU,NEAR_SHELL,9596,,,
144,B,191,,GLU,NEAR_SHELL,9596,,,
144,B,226,,ARG,NEAR_SHELL,9596,,,
144,B,228,,THR,NEAR_SHELL,9596,,,
144,B,249,,SER,DIRECT,9596,,,
144,B,249,,SER,NEAR_SHELL,9596,,,
144,B,250,,GLN,DIRECT,9596,,,
144,B,250,,GLN,NEAR_SHELL,9596,,,
144,B,253,,ARG,NEAR_SHELL,9596,,,
144,B,260,,TRP,DIRECT,9596,,,
144,B,260,,TRP,NEAR_SHELL,9596,,,
144,B,261,,GLY,DIRECT,9596,,,
144,B,261,,GLY,NEAR_SHELL,9596,,,
144,B,262,,TYR,NEAR_SHELL,9596,,,
144,B,263,,THR,DIRECT,9596,,,
144,B,263,,THR,NEAR_SHELL,9596,,,
144,B,278,,PRO,DIRECT,9596,,,
144,B,278,,PRO,NEAR_SHELL,9596,,,
144,B,279,,PHE,NEAR_SHELL,9596,,,
145,B,147,,GLN,DIRECT,9596,,,
145,B,147,,GLN,NEAR_SHELL,9596,,,
145,B,150,,GLU,DIRECT,9596,,,
145,B,150,,GLU,NEAR_SHELL,9596,,,
145,B,191,,GLU,NEAR_SHELL,9596,,,
145,B,226,,ARG,DIRECT,9596,,,
145,B,226,,ARG,NEAR_SHELL,9596,,,
145,B,249,,SER,NEAR_SHELL,9596,,,
145,B,260,,TRP,NEAR_SHELL,9596,,,
145,B,261,,GLY,NEAR_SHELL,9596,,,
145,B,262,,TYR,DIRECT,9596,,,
145,B,262,,TYR,NEAR_SHELL,9596,,,
145,B,263,,THR,DIRECT,9596,,,
145,B,263,,THR,NEAR_SHELL,9596,,,
145,B,264,,VAL,NEAR_SHELL,9596,,,
146,A,105,,THR,DIRECT,18247,,,
146,A,105,,THR,NEAR_SHELL,18247,,,
146,A,108,,LEU,NEAR_SHELL,18247,,,
146,A,141,,LEU,DIRECT,18247,,,
146,A,141,,LEU,NEAR_SHELL,18247,,,
146,A,145,,LYS,DIRECT,18247,,,
146,A,145,,LYS,NEAR_SHELL,18247,,,
146,A,148,,LEU,NEAR_SHELL,18247,,,
146,A,149,,ILE,DIRECT,18247,,,
146,A,149,,ILE,NEAR_SHELL,18247,,,
146,A,177,,ALA,DIRECT,18247,,,
146,A,177,,ALA,NEAR_SHELL,18247,,,
146,A,179,,VAL,DIRECT,18247,,,
146,A,179,,VAL,NEAR_SHELL,18247,,,
146,A,180,,ASN,DIRECT,18247,,,
146,A,180,,ASN,NEAR_SHELL,18247,,,
146,A,181,,CYS,DIRECT,18247,Q9NRG4,181,MATCH
146,A,181,,CYS,NEAR_SHELL,18247,Q9NRG4,181,MATCH
146,A,182,,ASN,DIRECT,18247,Q9NRG4,182,MATCH
146,A,182,,ASN,NEAR_SHELL,18247,Q9NRG4,182,MATCH
146,A,183,,GLY,DIRECT,18247,,,
146,A,183,,GLY,NEAR_SHELL,18247,,,
146,A,184,,PHE,DIRECT,18247,,,
146,A,184,,PHE,NEAR_SHELL,18247,,,
146,A,185,,THR,DIRECT,18247,,,
146,A,185,,THR,NEAR_SHELL,18247,,,
146,A,187,,GLU,NEAR_SHELL,18247,,,
146,A,196,,SER,NEAR_SHELL,18247,,,
146,A,202,,VAL,NEAR_SHELL,18247,,,
146,A,203,,ALA,DIRECT,18247,Q9NRG4,203,MATCH
146,A,203,,ALA,NEAR_SHELL,18247,Q9NRG4,203,MATCH
146,A,205,,MET,NEAR_SHELL,18247,Q9NRG4,205,MATCH
146,A,217,,TYR,NEAR_SHELL,18247,,,
146,A,238,,THR,NEAR_SHELL,18247,,,
146,A,239,,SER,NEAR_SHELL,18247,,,
146,A,240,,TYR,DIRECT,18247,Q9NRG4,240,MATCH
146,A,240,,TYR,NEAR_SHELL,18247,Q9NRG4,240,MATCH
146,A,241,,ILE,NEAR_SHELL,18247,,,
146,A,256,,ASP,NEAR_SHELL,18247,,,
146,A,257,,SER,DIRECT,18247,,,
146,A,257,,SER,NEAR_SHELL,18247,,,
146,A,258,,TYR,DIRECT,18247,Q9NRG4,258,MATCH
146,A,258,,TYR,NEAR_SHELL,18247,Q9NRG4,258,MATCH
146,A,259,,PHE,DIRECT,18247,,,
146,A,259,,PHE,NEAR_SHELL,18247,,,
147,A,16,,GLY,DIRECT,18247,Q9NRG4,16,MATCH
147,A,16,,GLY,NEAR_SHELL,18247,Q9NRG4,16,MATCH
147,A,17,,LYS,DIRECT,18247,Q9NRG4,17,MATCH
147,A,17,,LYS,NEAR_SHELL,18247,Q9NRG4,17,MATCH
147,A,18,,GLY,DIRECT,18247,Q9NRG4,18,MATCH
147,A,18,,GLY,NEAR_SHELL,18247,Q9NRG4,18,MATCH
147,A,19,,ARG,DIRECT,18247,Q9NRG4,19,MATCH
147,A,19,,ARG,NEAR_SHELL,18247,Q9NRG4,19,MATCH
147,A,133,,GLU,NEAR_SHELL,18247,Q9NRG4,133,MATCH
147,A,135,,GLU,NEAR_SHELL,18247,Q9NRG4,135,MATCH
147,A,181,,CYS,NEAR_SHELL,18247,Q9NRG4,181,MATCH
147,A,182,,ASN,DIRECT,18247,Q9NRG4,182,MATCH
147,A,182,,ASN,NEAR_SHELL,18247,Q9NRG4,182,MATCH
147,A,203,,ALA,DIRECT,18247,Q9NRG4,203,MATCH
147,A,203,,ALA,NEAR_SHELL,18247,Q9NRG4,203,MATCH
147,A,205,,MET,DIRECT,18247,Q9NRG4,205,MATCH
147,A,205,,MET,NEAR_SHELL,18247,Q9NRG4,205,MATCH
147,A,207,,HIS,DIRECT,18247,Q9NRG4,207,MATCH
147,A,207,,HIS,NEAR_SHELL,18247,Q9NRG4,207,MATCH
147,A,237,,PHE,NEAR_SHELL,18247,Q9NRG4,237,MATCH
147,A,240,,TYR,DIRECT,18247,Q9NRG4,240,MATCH
147,A,240,,TYR,NEAR_SHELL,18247,Q9NRG4,240,MATCH
147,A,258,,TYR,NEAR_SHELL,18247,Q9NRG4,258,MATCH
147,A,260,,PHE,DIRECT,18247,Q9NRG4,260,MATCH
147,A,260,,PHE,NEAR_SHELL,18247,Q9NRG4,260,MATCH
147,A,261,,THR,NEAR_SHELL,18247,Q9NRG4,261,MATCH
147,A,262,,CYS,NEAR_SHELL,18247,Q9NRG4,262,MATCH
147,A,263,,GLU,NEAR_SHELL,18247,Q9NRG4,263,MATCH
148,A,88,,TRP,DIRECT,4929,,,
148,A,88,,TRP,NEAR_SHELL,4929,,,
148,A,90,,MET,NEAR_SHELL,4929,P21964,90,MATCH
148,A,191,,ASP,DIRECT,4929,P21964,191,MATCH
148,A,191,,ASP,NEAR_SHELL,4929,P21964,191,MATCH
148,A,192,,HIS,NEAR_SHELL,4929,P21964,192,MATCH
148,A,193,,TRP,NEAR_SHELL,4929,P21964,193,MATCH
148,A,194,,LYS,DIRECT,4929,P21964,194,MATCH
148,A,194,,LYS,NEAR_SHELL,4929,P21964,194,MATCH
148,A,220,,ASN,DIRECT,4929,P21964,220,MATCH
148,A,220,,ASN,NEAR_SHELL,4929,P21964,220,MATCH
148,A,223,,CYS,DIRECT,4929,,,
148,A,223,,CYS,NEAR_SHELL,4929,,,
148,A,224,,PRO,DIRECT,4929,,,
148,A,224,,PRO,NEAR_SHELL,4929,,,
148,A,248,,LEU,DIRECT,4929,,,
148,A,248,,LEU,NEAR_SHELL,4929,,,
148,A,249,,GLU,DIRECT,4929,P21964,249,MATCH
148,A,249,,GLU,NEAR_SHELL,4929,P21964,249,MATCH
149,A,90,,MET,DIRECT,4929,P21964,90,MATCH
149,A,90,,MET,NEAR_SHELL,4929,P21964,90,MATCH
149,A,116,,GLY,DIRECT,4929,P21964,116,MATCH
149,A,116,,GLY,NEAR_SHELL,4929,P21964,116,MATCH
149,A,118,,TYR,DIRECT,4929,P21964,118,MATCH
149,A,118,,TYR,NEAR_SHELL,4929,P21964,118,MATCH
149,A,139,,ILE,DIRECT,4929,P21964,139,MATCH
149,A,139,,ILE,NEAR_SHELL,4929,P21964,139,MATCH
149,A,140,,GLU,DIRECT,4929,P21964,140,MATCH
149,A,140,,GLU,NEAR_SHELL,4929,P21964,140,MATCH
149,A,141,,ILE,DIRECT,4929,P21964,141,MATCH
149,A,141,,ILE,NEAR_SHELL,4929,P21964,141,MATCH
149,A,142,,ASN,NEAR_SHELL,4929,P21964,142,MATCH
149,A,145,,CYS,NEAR_SHELL,4929,P21964,145,MATCH
149,A,167,,GLY,DIRECT,4929,P21964,167,MATCH
149,A,167,,GLY,NEAR_SHELL,4929,P21964,167,MATCH
149,A,169,,SER,DIRECT,4929,P21964,169,MATCH
149,A,169,,SER,NEAR_SHELL,4929,P21964,169,MATCH
149,A,170,,GLN,DIRECT,4929,P21964,170,MATCH
149,A,170,,GLN,NEAR_SHELL,4929,P21964,170,MATCH
149,A,191,,ASP,DIRECT,4929,P21964,191,MATCH
149,A,191,,ASP,NEAR_SHELL,4929,P21964,191,MATCH
149,A,192,,HIS,DIRECT,4929,P21964,192,MATCH
149,A,192,,HIS,NEAR_SHELL,4929,P21964,192,MATCH
149,A,193,,TRP,DIRECT,4929,P21964,193,MATCH
149,A,193,,TRP,NEAR_SHELL,4929,P21964,193,MATCH
149,A,194,,LYS,NEAR_SHELL,4929,P21964,194,MATCH
149,A,196,,ARG,NEAR_SHELL,4929,P21964,196,MATCH
149,A,220,,ASN,NEAR_SHELL,4929,P21964,220,MATCH
149,A,249,,GLU,NEAR_SHELL,4929,P21964,249,MATCH
150,A,104,,GLU,DIRECT,18247,,,
150,A,104,,GLU,NEAR_SHELL,18247,,,
150,A,105,,THR,DIRECT,18247,,,
150,A,105,,THR,NEAR_SHELL,18247,,,
150,A,108,,LEU,DIRECT,18247,,,
150,A,108,,LEU,NEAR_SHELL,18247,,,
150,A,179,,VAL,DIRECT,18247,,,
150,A,179,,VAL,NEAR_SHELL,18247,,,
150,A,180,,ASN,DIRECT,18247,,,
150,A,180,,ASN,NEAR_SHELL,18247,,,
150,A,181,,CYS,NEAR_SHELL,18247,Q9NRG4,181,MATCH
150,A,182,,ASN,NEAR_SHELL,18247,Q9NRG4,182,MATCH
150,A,183,,GLY,DIRECT,18247,,,
150,A,183,,GLY,NEAR_SHELL,18247,,,
150,A,184,,PHE,DIRECT,18247,,,
150,A,184,,PHE,NEAR_SHELL,18247,,,
150,A,185,,THR,DIRECT,18247,,,
150,A,185,,THR,NEAR_SHELL,18247,,,
150,A,187,,GLU,DIRECT,18247,,,
150,A,187,,GLU,NEAR_SHELL,18247,,,
150,A,196,,SER,DIRECT,18247,,,
150,A,196,,SER,NEAR_SHELL,18247,,,
150,A,202,,VAL,DIRECT,18247,Q9NRG4,202,MATCH
150,A,202,,VAL,NEAR_SHELL,18247,Q9NRG4,202,MATCH
150,A,203,,ALA,DIRECT,18247,Q9NRG4,203,MATCH
150,A,203,,ALA,NEAR_SHELL,18247,Q9NRG4,203,MATCH
150,A,205,,MET,DIRECT,18247,Q9NRG4,205,MATCH
150,A,205,,MET,NEAR_SHELL,18247,Q9NRG4,205,MATCH
150,A,215,,VAL,NEAR_SHELL,18247,,,
150,A,217,,TYR,DIRECT,18247,,,
150,A,217,,TYR,NEAR_SHELL,18247,,,
150,A,238,,THR,DIRECT,18247,,,
150,A,238,,THR,NEAR_SHELL,18247,,,
150,A,239,,SER,DIRECT,18247,,,
150,A,239,,SER,NEAR_SHELL,18247,,,
150,A,240,,TYR,DIRECT,18247,Q9NRG4,240,MATCH
150,A,240,,TYR,NEAR_SHELL,18247,Q9NRG4,240,MATCH
150,A,241,,ILE,NEAR_SHELL,18247,,,
150,A,242,,ASP,NEAR_SHELL,18247,,,
150,A,253,,ARG,NEAR_SHELL,18247,,,
150,A,258,,TYR,DIRECT,18247,Q9NRG4,258,MATCH
150,A,258,,TYR,NEAR_SHELL,18247,Q9NRG4,258,MATCH
151,A,16,,GLY,DIRECT,18247,Q9NRG4,16,MATCH
151,A,16,,GLY,NEAR_SHELL,18247,Q9NRG4,16,MATCH
151,A,17,,LYS,DIRECT,18247,Q9NRG4,17,MATCH
151,A,17,,LYS,NEAR_SHELL,18247,Q9NRG4,17,MATCH
151,A,18,,GLY,NEAR_SHELL,18247,Q9NRG4,18,MATCH
151,A,19,,ARG,DIRECT,18247,Q9NRG4,19,MATCH
151,A,19,,ARG,NEAR_SHELL,18247,Q9NRG4,19,MATCH
151,A,129,,LEU,NEAR_SHELL,18247,Q9NRG4,129,MATCH
151,A,135,,GLU,DIRECT,18247,Q9NRG4,135,MATCH
151,A,135,,GLU,NEAR_SHELL,18247,Q9NRG4,135,MATCH
151,A,137,,HIS,DIRECT,18247,Q9NRG4,137,MATCH
151,A,137,,HIS,NEAR_SHELL,18247,Q9NRG4,137,MATCH
151,A,181,,CYS,DIRECT,18247,Q9NRG4,181,MATCH
151,A,181,,CYS,NEAR_SHELL,18247,Q9NRG4,181,MATCH
151,A,182,,ASN,DIRECT,18247,Q9NRG4,182,MATCH
151,A,182,,ASN,NEAR_SHELL,18247,Q9NRG4,182,MATCH
151,A,202,,VAL,NEAR_SHELL,18247,Q9NRG4,202,MATCH
151,A,203,,ALA,DIRECT,18247,Q9NRG4,203,MATCH
151,A,203,,ALA,NEAR_SHELL,18247,Q9NRG4,203,MATCH
151,A,204,,LEU,DIRECT,18247,Q9NRG4,204,MATCH
151,A,204,,LEU,NEAR_SHELL,18247,Q9NRG4,204,MATCH
151,A,205,,MET,DIRECT,18247,Q9NRG4,205,MATCH
151,A,205,,MET,NEAR_SHELL,18247,Q9NRG4,205,MATCH
151,A,206,,ASN,DIRECT,18247,Q9NRG4,206,MATCH
151,A,206,,ASN,NEAR_SHELL,18247,Q9NRG4,206,MATCH
151,A,207,,HIS,DIRECT,18247,Q9NRG4,207,MATCH
151,A,207,,HIS,NEAR_SHELL,18247,Q9NRG4,207,MATCH
151,A,208,,SER,NEAR_SHELL,18247,Q9NRG4,208,MATCH
151,A,237,,PHE,NEAR_SHELL,18247,Q9NRG4,237,MATCH
151,A,240,,TYR,DIRECT,18247,Q9NRG4,240,MATCH
151,A,240,,TYR,NEAR_SHELL,18247,Q9NRG4,240,MATCH
151,A,258,,TYR,DIRECT,18247,Q9NRG4,258,MATCH
151,A,258,,TYR,NEAR_SHELL,18247,Q9NRG4,258,MATCH
151,A,259,,PHE,NEAR_SHELL,18247,Q9NRG4,259,MATCH
151,A,260,,PHE,DIRECT,18247,Q9NRG4,260,MATCH
151,A,260,,PHE,NEAR_SHELL,18247,Q9NRG4,260,MATCH
151,A,261,,THR,NEAR_SHELL,18247,Q9NRG4,261,MATCH
151,A,262,,CYS,NEAR_SHELL,18247,Q9NRG4,262,MATCH
151,A,263,,GLU,NEAR_SHELL,18247,Q9NRG4,263,MATCH
152,A,105,,THR,DIRECT,18247,,,
152,A,105,,THR,NEAR_SHELL,18247,,,
152,A,108,,LEU,DIRECT,18247,,,
152,A,108,,LEU,NEAR_SHELL,18247,,,
152,A,179,,VAL,DIRECT,18247,,,
152,A,179,,VAL,NEAR_SHELL,18247,,,
152,A,180,,ASN,DIRECT,18247,,,
152,A,180,,ASN,NEAR_SHELL,18247,,,
152,A,181,,CYS,NEAR_SHELL,18247,Q9NRG4,181,MATCH
152,A,182,,ASN,DIRECT,18247,Q9NRG4,182,MATCH
152,A,182,,ASN,NEAR_SHELL,18247,Q9NRG4,182,MATCH
152,A,183,,GLY,DIRECT,18247,,,
152,A,183,,GLY,NEAR_SHELL,18247,,,
152,A,184,,PHE,DIRECT,18247,,,
152,A,184,,PHE,NEAR_SHELL,18247,,,
152,A,185,,THR,DIRECT,18247,,,
152,A,185,,THR,NEAR_SHELL,18247,,,
152,A,187,,GLU,DIRECT,18247,,,
152,A,187,,GLU,NEAR_SHELL,18247,,,
152,A,196,,SER,DIRECT,18247,,,
152,A,196,,SER,NEAR_SHELL,18247,,,
152,A,202,,VAL,DIRECT,18247,,,
152,A,202,,VAL,NEAR_SHELL,18247,,,
152,A,203,,ALA,DIRECT,18247,Q9NRG4,203,MATCH
152,A,203,,ALA,NEAR_SHELL,18247,Q9NRG4,203,MATCH
152,A,205,,MET,DIRECT,18247,Q9NRG4,205,MATCH
152,A,205,,MET,NEAR_SHELL,18247,Q9NRG4,205,MATCH
152,A,215,,VAL,NEAR_SHELL,18247,,,
152,A,217,,TYR,DIRECT,18247,,,
152,A,217,,TYR,NEAR_SHELL,18247,,,
152,A,238,,THR,DIRECT,18247,,,
152,A,238,,THR,NEAR_SHELL,18247,,,
152,A,239,,SER,DIRECT,18247,,,
152,A,239,,SER,NEAR_SHELL,18247,,,
152,A,240,,TYR,DIRECT,18247,Q9NRG4,240,MATCH
152,A,240,,TYR,NEAR_SHELL,18247,Q9NRG4,240,MATCH
152,A,241,,ILE,NEAR_SHELL,18247,,,
152,A,242,,ASP,NEAR_SHELL,18247,,,
152,A,258,,TYR,DIRECT,18247,Q9NRG4,258,MATCH
152,A,258,,TYR,NEAR_SHELL,18247,Q9NRG4,258,MATCH
153,A,16,,GLY,DIRECT,18247,Q9NRG4,16,MATCH
153,A,16,,GLY,NEAR_SHELL,18247,Q9NRG4,16,MATCH
153,A,17,,LYS,DIRECT,18247,Q9NRG4,17,MATCH
153,A,17,,LYS,NEAR_SHELL,18247,Q9NRG4,17,MATCH
153,A,18,,GLY,NEAR_SHELL,18247,Q9NRG4,18,MATCH
153,A,19,,ARG,DIRECT,18247,Q9NRG4,19,MATCH
153,A,19,,ARG,NEAR_SHELL,18247,Q9NRG4,19,MATCH
153,A,129,,LEU,NEAR_SHELL,18247,Q9NRG4,129,MATCH
153,A,135,,GLU,DIRECT,18247,Q9NRG4,135,MATCH
153,A,135,,GLU,NEAR_SHELL,18247,Q9NRG4,135,MATCH
153,A,137,,HIS,DIRECT,18247,Q9NRG4,137,MATCH
153,A,137,,HIS,NEAR_SHELL,18247,Q9NRG4,137,MATCH
153,A,181,,CYS,DIRECT,18247,Q9NRG4,181,MATCH
153,A,181,,CYS,NEAR_SHELL,18247,Q9NRG4,181,MATCH
153,A,182,,ASN,DIRECT,18247,Q9NRG4,182,MATCH
153,A,182,,ASN,NEAR_SHELL,18247,Q9NRG4,182,MATCH
153,A,203,,ALA,DIRECT,18247,Q9NRG4,203,MATCH
153,A,203,,ALA,NEAR_SHELL,18247,Q9NRG4,203,MATCH
153,A,204,,LEU,NEAR_SHELL,18247,Q9NRG4,204,MATCH
153,A,205,,MET,DIRECT,18247,Q9NRG4,205,MATCH
153,A,205,,MET,NEAR_SHELL,18247,Q9NRG4,205,MATCH
153,A,206,,ASN,DIRECT,18247,Q9NRG4,206,MATCH
153,A,206,,ASN,NEAR_SHELL,18247,Q9NRG4,206,MATCH
153,A,207,,HIS,DIRECT,18247,Q9NRG4,207,MATCH
153,A,207,,HIS,NEAR_SHELL,18247,Q9NRG4,207,MATCH
153,A,237,,PHE,NEAR_SHELL,18247,Q9NRG4,237,MATCH
153,A,240,,TYR,DIRECT,18247,Q9NRG4,240,MATCH
153,A,240,,TYR,NEAR_SHELL,18247,Q9NRG4,240,MATCH
153,A,258,,TYR,DIRECT,18247,Q9NRG4,258,MATCH
153,A,258,,TYR,NEAR_SHELL,18247,Q9NRG4,258,MATCH
153,A,259,,PHE,NEAR_SHELL,18247,Q9NRG4,259,MATCH
153,A,260,,PHE,DIRECT,18247,Q9NRG4,260,MATCH
153,A,260,,PHE,NEAR_SHELL,18247,Q9NRG4,260,MATCH
153,A,261,,THR,NEAR_SHELL,18247,Q9NRG4,261,MATCH
153,A,262,,CYS,NEAR_SHELL,18247,Q9NRG4,262,MATCH
153,A,263,,GLU,NEAR_SHELL,18247,Q9NRG4,263,MATCH
154,A,136,,PHE,DIRECT,14935,,,
154,A,136,,PHE,DIRECT,19377,,,
154,A,136,,PHE,NEAR_SHELL,14935,,,
154,A,136,,PHE,NEAR_SHELL,19377,,,
154,A,163,,ASP,DIRECT,14935,,,
154,A,163,,ASP,DIRECT,19377,,,
154,A,163,,ASP,NEAR_SHELL,14935,,,
154,A,163,,ASP,NEAR_SHELL,19377,,,
154,A,165,,CYS,DIRECT,14935,,,
154,A,165,,CYS,DIRECT,19377,,,
154,A,165,,CYS,NEAR_SHELL,14935,,,
154,A,165,,CYS,NEAR_SHELL,19377,,,
154,A,182,,ILE,NEAR_SHELL,14935,,,
154,A,182,,ILE,NEAR_SHELL,19377,,,
154,A,183,,PRO,DIRECT,14935,,,
154,A,183,,PRO,DIRECT,19377,,,
154,A,183,,PRO,NEAR_SHELL,14935,,,
154,A,183,,PRO,NEAR_SHELL,19377,,,
154,A,184,,SER,NEAR_SHELL,14935,,,
154,A,184,,SER,NEAR_SHELL,19377,,,
154,B-2,93,,ASP,NEAR_SHELL,14935,,,
154,B-2,93,,ASP,NEAR_SHELL,19377,,,
154,B-2,94,,ASN,NEAR_SHELL,14935,,,
154,B-2,94,,ASN,NEAR_SHELL,19377,,,
154,B-2,95,,ARG,NEAR_SHELL,14935,,,
154,B-2,95,,ARG,NEAR_SHELL,19377,,,
155,A-2,136,,PHE,DIRECT,14935,,,
155,A-2,136,,PHE,DIRECT,19377,,,
155,A-2,136,,PHE,NEAR_SHELL,14935,,,
155,A-2,136,,PHE,NEAR_SHELL,19377,,,
155,A-2,163,,ASP,DIRECT,14935,,,
155,A-2,163,,ASP,DIRECT,19377,,,
155,A-2,163,,ASP,NEAR_SHELL,14935,,,
155,A-2,163,,ASP,NEAR_SHELL,19377,,,
155,A-2,165,,CYS,DIRECT,14935,,,
155,A-2,165,,CYS,DIRECT,19377,,,
155,A-2,165,,CYS,NEAR_SHELL,14935,,,
155,A-2,165,,CYS,NEAR_SHELL,19377,,,
155,A-2,182,,ILE,NEAR_SHELL,14935,,,
155,A-2,182,,ILE,NEAR_SHELL,19377,,,
155,A-2,183,,PRO,DIRECT,14935,,,
155,A-2,183,,PRO,DIRECT,19377,,,
155,A-2,183,,PRO,NEAR_SHELL,14935,,,
155,A-2,183,,PRO,NEAR_SHELL,19377,,,
155,A-2,184,,SER,NEAR_SHELL,14935,,,
155,A-2,184,,SER,NEAR_SHELL,19377,,,
155,B,93,,ASP,NEAR_SHELL,14935,,,
155,B,93,,ASP,NEAR_SHELL,19377,,,
155,B,94,,ASN,NEAR_SHELL,14935,,,
155,B,94,,ASN,NEAR_SHELL,19377,,,
155,B,95,,ARG,NEAR_SHELL,14935,,,
155,B,95,,ARG,NEAR_SHELL,19377,,,
156,A,13,,ASN,NEAR_SHELL,17626,Q9H7B4,13,SUBSTITUTION
156,A,14,,ARG,DIRECT,17626,Q9H7B4,14,MATCH
156,A,14,,ARG,NEAR_SHELL,17626,Q9H7B4,14,MATCH
156,A,15,,GLY,DIRECT,17626,Q9H7B4,15,MATCH
156,A,15,,GLY,NEAR_SHELL,17626,Q9H7B4,15,MATCH
156,A,16,,ASN,DIRECT,17626,Q9H7B4,16,MATCH
156,A,16,,ASN,NEAR_SHELL,17626,Q9H7B4,16,MATCH
156,A,124,,TYR,DIRECT,17626,Q9H7B4,124,MATCH
156,A,124,,TYR,NEAR_SHELL,17626,Q9H7B4,124,MATCH
156,A,130,,GLU,DIRECT,17626,Q9H7B4,130,MATCH
156,A,130,,GLU,NEAR_SHELL,17626,Q9H7B4,130,MATCH
156,A,132,,ASN,DIRECT,17626,Q9H7B4,132,MATCH
156,A,132,,ASN,NEAR_SHELL,17626,Q9H7B4,132,MATCH
156,A,135,,LYS,NEAR_SHELL,17626,Q9H7B4,135,MATCH
156,A,180,,CYS,DIRECT,17626,Q9H7B4,180,MATCH
156,A,180,,CYS,NEAR_SHELL,17626,Q9H7B4,180,MATCH
156,A,181,,ASN,DIRECT,17626,Q9H7B4,181,MATCH
156,A,181,,ASN,NEAR_SHELL,17626,Q9H7B4,181,MATCH
156,A,201,,ILE,NEAR_SHELL,17626,Q9H7B4,201,MATCH
156,A,202,,SER,DIRECT,17626,Q9H7B4,202,MATCH
156,A,202,,SER,NEAR_SHELL,17626,Q9H7B4,202,MATCH
156,A,204,,LEU,DIRECT,17626,Q9H7B4,204,MATCH
156,A,204,,LEU,NEAR_SHELL,17626,Q9H7B4,204,MATCH
156,A,205,,ASN,DIRECT,17626,Q9H7B4,205,MATCH
156,A,205,,ASN,NEAR_SHELL,17626,Q9H7B4,205,MATCH
156,A,206,,HIS,DIRECT,17626,Q9H7B4,206,MATCH
156,A,206,,HIS,NEAR_SHELL,17626,Q9H7B4,206,MATCH
156,A,239,,TYR,DIRECT,17626,Q9H7B4,239,MATCH
156,A,239,,TYR,NEAR_SHELL,17626,Q9H7B4,239,MATCH
156,A,256,,GLN,NEAR_SHELL,17626,Q9H7B4,256,MATCH
156,A,257,,TYR,DIRECT,17626,Q9H7B4,257,MATCH
156,A,257,,TYR,NEAR_SHELL,17626,Q9H7B4,257,MATCH
156,A,258,,CYS,NEAR_SHELL,17626,Q9H7B4,258,MATCH
156,A,259,,PHE,DIRECT,17626,Q9H7B4,259,MATCH
156,A,259,,PHE,NEAR_SHELL,17626,Q9H7B4,259,MATCH
156,A,260,,GLU,NEAR_SHELL,17626,Q9H7B4,260,MATCH
156,A,261,,CYS,NEAR_SHELL,17626,Q9H7B4,261,MATCH
156,A,262,,ASP,NEAR_SHELL,17626,Q9H7B4,262,MATCH
157,A,180,,CYS,DIRECT,17626,Q9H7B4,180,MATCH
157,A,180,,CYS,NEAR_SHELL,17626,Q9H7B4,180,MATCH
157,A,181,,ASN,DIRECT,17626,Q9H7B4,181,MATCH
157,A,181,,ASN,NEAR_SHELL,17626,Q9H7B4,181,MATCH
157,A,182,,SER,DIRECT,17626,,,
157,A,182,,SER,NEAR_SHELL,17626,,,
157,A,183,,PHE,DIRECT,17626,,,
157,A,183,,PHE,NEAR_SHELL,17626,,,
157,A,184,,THR,DIRECT,17626,,,
157,A,184,,THR,NEAR_SHELL,17626,,,
157,A,186,,CYS,NEAR_SHELL,17626,,,
157,A,192,,GLU,DIRECT,17626,,,
157,A,192,,GLU,NEAR_SHELL,17626,,,
157,A,201,,ILE,NEAR_SHELL,17626,Q9H7B4,201,MATCH
157,A,202,,SER,DIRECT,17626,Q9H7B4,202,MATCH
157,A,202,,SER,NEAR_SHELL,17626,Q9H7B4,202,MATCH
157,A,204,,LEU,NEAR_SHELL,17626,Q9H7B4,204,MATCH
157,A,214,,ILE,NEAR_SHELL,17626,,,
157,A,237,,ILE,DIRECT,17626,,,
157,A,237,,ILE,NEAR_SHELL,17626,,,
157,A,238,,CYS,NEAR_SHELL,17626,,,
157,A,239,,TYR,DIRECT,17626,Q9H7B4,239,MATCH
157,A,239,,TYR,NEAR_SHELL,17626,Q9H7B4,239,MATCH
157,A,240,,LEU,NEAR_SHELL,17626,,,
157,A,241,,ASP,DIRECT,17626,,,
157,A,241,,ASP,NEAR_SHELL,17626,,,
157,A,252,,GLN,NEAR_SHELL,17626,,,
157,A,256,,GLN,NEAR_SHELL,17626,Q9H7B4,256,MATCH
157,A,257,,TYR,DIRECT,17626,Q9H7B4,257,MATCH
157,A,257,,TYR,NEAR_SHELL,17626,Q9H7B4,257,MATCH
158,A,231,,VAL,NEAR_SHELL,17626,,,
159,A,20,,TRP,DIRECT,6075,,,
159,A,20,,TRP,DIRECT,16609,,,
159,A,20,,TRP,NEAR_SHELL,6075,,,
159,A,20,,TRP,NEAR_SHELL,16609,,,
159,A,29,,GLY,NEAR_SHELL,6075,,,
159,A,29,,GLY,NEAR_SHELL,16609,,,
159,A,30,,MET,DIRECT,6075,,,
159,A,30,,MET,DIRECT,16609,,,
159,A,30,,MET,NEAR_SHELL,6075,,,
159,A,30,,MET,NEAR_SHELL,16609,,,
159,A,32,,GLY,NEAR_SHELL,6075,,,
159,A,32,,GLY,NEAR_SHELL,16609,,,
159,A,136,,TRP,DIRECT,6075,,,
159,A,136,,TRP,DIRECT,16609,,,
159,A,136,,TRP,NEAR_SHELL,6075,,,
159,A,136,,TRP,NEAR_SHELL,16609,,,
159,A,137,,VAL,NEAR_SHELL,6075,,,
159,A,137,,VAL,NEAR_SHELL,16609,,,
159,A,167,,ASP,NEAR_SHELL,6075,,,
159,A,167,,ASP,NEAR_SHELL,16609,,,
159,A,168,,ASN,DIRECT,6075,,,
159,A,168,,ASN,DIRECT,16609,,,
159,A,168,,ASN,NEAR_SHELL,6075,,,
159,A,168,,ASN,NEAR_SHELL,16609,,,
159,A,180,,ASP,NEAR_SHELL,6075,,,
159,A,180,,ASP,NEAR_SHELL,16609,,,
159,D,2,,PRO,DIRECT,6075,,,
159,D,2,,PRO,DIRECT,16609,,,
159,D,2,,PRO,NEAR_SHELL,6075,,,
159,D,2,,PRO,NEAR_SHELL,16609,,,
159,D,3,,ARG,DIRECT,6075,,,
159,D,3,,ARG,DIRECT,16609,,,
159,D,3,,ARG,NEAR_SHELL,6075,,,
159,D,3,,ARG,NEAR_SHELL,16609,,,
160,A,20,,TRP,DIRECT,6075,,,
160,A,20,,TRP,DIRECT,16609,,,
160,A,20,,TRP,NEAR_SHELL,6075,,,
160,A,20,,TRP,NEAR_SHELL,16609,,,
160,A,29,,GLY,NEAR_SHELL,6075,,,
160,A,29,,GLY,NEAR_SHELL,16609,,,
160,A,30,,MET,DIRECT,6075,,,
160,A,30,,MET,DIRECT,16609,,,
160,A,30,,MET,NEAR_SHELL,6075,,,
160,A,30,,MET,NEAR_SHELL,16609,,,
160,A,92,,ILE,NEAR_SHELL,6075,,,
160,A,92,,ILE,NEAR_SHELL,16609,,,
160,A,93,,THR,DIRECT,6075,,,
160,A,93,,THR,DIRECT,16609,,,
160,A,93,,THR,NEAR_SHELL,6075,,,
160,A,93,,THR,NEAR_SHELL,16609,,,
160,A,96,,PHE,NEAR_SHELL,6075,,,
160,A,96,,PHE,NEAR_SHELL,16609,,,
160,A,118,,GLY,DIRECT,6075,,,
160,A,118,,GLY,DIRECT,16609,,,
160,A,118,,GLY,NEAR_SHELL,6075,,,
160,A,118,,GLY,NEAR_SHELL,16609,,,
160,A,120,,GLN,NEAR_SHELL,6075,,,
160,A,120,,GLN,NEAR_SHELL,16609,,,
160,A,136,,TRP,DIRECT,6075,,,
160,A,136,,TRP,DIRECT,16609,,,
160,A,136,,TRP,NEAR_SHELL,6075,,,
160,A,136,,TRP,NEAR_SHELL,16609,,,
160,A,137,,VAL,NEAR_SHELL,6075,,,
160,A,137,,VAL,NEAR_SHELL,16609,,,
160,A,140,,HIS,DIRECT,6075,,,
160,A,140,,HIS,DIRECT,16609,,,
160,A,140,,HIS,NEAR_SHELL,6075,,,
160,A,140,,HIS,NEAR_SHELL,16609,,,
161,A,19,,TYR,NEAR_SHELL,16609,,,
161,A,20,,TRP,DIRECT,16609,Q9BV86,20,MATCH
161,A,20,,TRP,NEAR_SHELL,16609,Q9BV86,20,MATCH
161,A,30,,MET,DIRECT,16609,Q9BV86,30,MATCH
161,A,30,,MET,NEAR_SHELL,16609,Q9BV86,30,MATCH
161,A,32,,GLY,DIRECT,16609,,,
161,A,32,,GLY,NEAR_SHELL,16609,,,
161,A,136,,TRP,DIRECT,16609,Q9BV86,136,MATCH
161,A,136,,TRP,NEAR_SHELL,16609,Q9BV86,136,MATCH
161,A,137,,VAL,NEAR_SHELL,16609,Q9BV86,137,MATCH
161,A,140,,HIS,NEAR_SHELL,16609,Q9BV86,140,MATCH
161,A,167,,ASP,NEAR_SHELL,16609,,,
161,A,168,,ASN,DIRECT,16609,,,
161,A,168,,ASN,NEAR_SHELL,16609,,,
161,A,180,,ASP,DIRECT,16609,,,
161,A,180,,ASP,NEAR_SHELL,16609,,,
161,D,2,,PRO,DIRECT,16609,,,
161,D,2,,PRO,NEAR_SHELL,16609,,,
161,D,3,,LYS,DIRECT,16609,,,
161,D,3,,LYS,NEAR_SHELL,16609,,,
162,A,20,,TRP,DIRECT,16609,Q9BV86,20,MATCH
162,A,20,,TRP,NEAR_SHELL,16609,Q9BV86,20,MATCH
162,A,30,,MET,DIRECT,16609,Q9BV86,30,MATCH
162,A,30,,MET,NEAR_SHELL,16609,Q9BV86,30,MATCH
162,A,92,,ILE,NEAR_SHELL,16609,Q9BV86,92,MATCH
162,A,93,,THR,DIRECT,16609,Q9BV86,93,MATCH
162,A,93,,THR,NEAR_SHELL,16609,Q9BV86,93,MATCH
162,A,96,,PHE,NEAR_SHELL,16609,Q9BV86,96,MATCH
162,A,136,,TRP,DIRECT,16609,Q9BV86,136,MATCH
162,A,136,,TRP,NEAR_SHELL,16609,Q9BV86,136,MATCH
162,A,137,,VAL,NEAR_SHELL,16609,Q9BV86,137,MATCH
162,A,140,,HIS,DIRECT,16609,Q9BV86,140,MATCH
162,A,140,,HIS,NEAR_SHELL,16609,Q9BV86,140,MATCH
163,A,416,,TYR,NEAR_SHELL,11774,,,
163,A,477,,THR,NEAR_SHELL,11774,,,
163,F,10,,ALA,DIRECT,11774,,,
163,F,10,,ALA,NEAR_SHELL,11774,,,
163,F,11,,PRO,DIRECT,11774,,,
163,F,11,,PRO,NEAR_SHELL,11774,,,
164,A,309,,LYS,NEAR_SHELL,11774,,,
164,B,160,,GLN,NEAR_SHELL,11774,,,
164,B,164,,GLN,DIRECT,11774,,,
164,B,164,,GLN,NEAR_SHELL,11774,,,
164,B,416,,TYR,NEAR_SHELL,11774,,,
164,G,11,,PRO,DIRECT,11774,,,
164,G,11,,PRO,NEAR_SHELL,11774,,,
164,G,13,,PRO,DIRECT,11774,,,
164,G,13,,PRO,NEAR_SHELL,11774,,,
165,A,137,,PHE,DIRECT,11774,Q86X55,137,MATCH
165,A,137,,PHE,NEAR_SHELL,11774,Q86X55,137,MATCH
165,A,149,,TYR,DIRECT,11774,Q86X55,149,MATCH
165,A,149,,TYR,NEAR_SHELL,11774,Q86X55,149,MATCH
165,A,150,,PHE,DIRECT,11774,Q86X55,150,MATCH
165,A,150,,PHE,NEAR_SHELL,11774,Q86X55,150,MATCH
165,A,153,,TYR,DIRECT,11774,Q86X55,153,MATCH
165,A,153,,TYR,NEAR_SHELL,11774,Q86X55,153,MATCH
165,A,159,,GLN,DIRECT,11774,Q86X55,159,MATCH
165,A,159,,GLN,NEAR_SHELL,11774,Q86X55,159,MATCH
165,A,162,,MET,DIRECT,11774,Q86X55,162,MATCH
165,A,162,,MET,NEAR_SHELL,11774,Q86X55,162,MATCH
165,A,163,,MET,NEAR_SHELL,11774,Q86X55,163,MATCH
165,A,168,,ARG,DIRECT,11774,Q86X55,168,MATCH
165,A,168,,ARG,NEAR_SHELL,11774,Q86X55,168,MATCH
165,A,191,,VAL,NEAR_SHELL,11774,Q86X55,191,MATCH
165,A,192,,GLY,DIRECT,11774,Q86X55,192,MATCH
165,A,192,,GLY,NEAR_SHELL,11774,Q86X55,192,MATCH
165,A,193,,CYS,DIRECT,11774,Q86X55,193,MATCH
165,A,193,,CYS,NEAR_SHELL,11774,Q86X55,193,MATCH
165,A,194,,GLY,DIRECT,11774,Q86X55,194,MATCH
165,A,194,,GLY,NEAR_SHELL,11774,Q86X55,194,MATCH
165,A,197,,ILE,DIRECT,11774,Q86X55,197,MATCH
165,A,197,,ILE,NEAR_SHELL,11774,Q86X55,197,MATCH
165,A,198,,LEU,DIRECT,11774,Q86X55,198,MATCH
165,A,198,,LEU,NEAR_SHELL,11774,Q86X55,198,MATCH
165,A,213,,VAL,NEAR_SHELL,11774,Q86X55,213,MATCH
165,A,214,,GLU,DIRECT,11774,Q86X55,214,MATCH
165,A,214,,GLU,NEAR_SHELL,11774,Q86X55,214,MATCH
165,A,215,,ALA,DIRECT,11774,Q86X55,215,MATCH
165,A,215,,ALA,NEAR_SHELL,11774,Q86X55,215,MATCH
165,A,240,,GLY,DIRECT,11774,Q86X55,240,MATCH
165,A,240,,GLY,NEAR_SHELL,11774,Q86X55,240,MATCH
165,A,241,,LYS,DIRECT,11774,Q86X55,241,MATCH
165,A,241,,LYS,NEAR_SHELL,11774,Q86X55,241,MATCH
165,A,242,,VAL,DIRECT,11774,Q86X55,242,MATCH
165,A,242,,VAL,NEAR_SHELL,11774,Q86X55,242,MATCH
165,A,243,,GLU,DIRECT,11774,Q86X55,243,MATCH
165,A,243,,GLU,NEAR_SHELL,11774,Q86X55,243,MATCH
165,A,257,,GLU,DIRECT,11774,Q86X55,257,MATCH
165,A,257,,GLU,NEAR_SHELL,11774,Q86X55,257,MATCH
165,A,268,,MET,DIRECT,11774,Q86X55,268,MATCH
165,A,268,,MET,NEAR_SHELL,11774,Q86X55,268,MATCH
165,A,271,,SER,DIRECT,11774,Q86X55,271,MATCH
165,A,271,,SER,NEAR_SHELL,11774,Q86X55,271,MATCH
165,F,7,,ARG,DIRECT,11774,Q86X55,,NOT_MAPPED
165,F,7,,ARG,NEAR_SHELL,11774,Q86X55,,NOT_MAPPED
166,B,137,,PHE,NEAR_SHELL,11774,Q86X55,137,MATCH
166,B,149,,TYR,DIRECT,11774,Q86X55,149,MATCH
166,B,149,,TYR,NEAR_SHELL,11774,Q86X55,149,MATCH
166,B,150,,PHE,DIRECT,11774,Q86X55,150,MATCH
166,B,150,,PHE,NEAR_SHELL,11774,Q86X55,150,MATCH
166,B,153,,TYR,DIRECT,11774,Q86X55,153,MATCH
166,B,153,,TYR,NEAR_SHELL,11774,Q86X55,153,MATCH
166,B,159,,GLN,DIRECT,11774,Q86X55,159,MATCH
166,B,159,,GLN,NEAR_SHELL,11774,Q86X55,159,MATCH
166,B,162,,MET,DIRECT,11774,Q86X55,162,MATCH
166,B,162,,MET,NEAR_SHELL,11774,Q86X55,162,MATCH
166,B,163,,MET,NEAR_SHELL,11774,Q86X55,163,MATCH
166,B,168,,ARG,DIRECT,11774,Q86X55,168,MATCH
166,B,168,,ARG,NEAR_SHELL,11774,Q86X55,168,MATCH
166,B,191,,VAL,NEAR_SHELL,11774,Q86X55,191,MATCH
166,B,192,,GLY,DIRECT,11774,Q86X55,192,MATCH
166,B,192,,GLY,NEAR_SHELL,11774,Q86X55,192,MATCH
166,B,193,,CYS,DIRECT,11774,Q86X55,193,MATCH
166,B,193,,CYS,NEAR_SHELL,11774,Q86X55,193,MATCH
166,B,194,,GLY,DIRECT,11774,Q86X55,194,MATCH
166,B,194,,GLY,NEAR_SHELL,11774,Q86X55,194,MATCH
166,B,197,,ILE,DIRECT,11774,Q86X55,197,MATCH
166,B,197,,ILE,NEAR_SHELL,11774,Q86X55,197,MATCH
166,B,198,,LEU,DIRECT,11774,Q86X55,198,MATCH
166,B,198,,LEU,NEAR_SHELL,11774,Q86X55,198,MATCH
166,B,213,,VAL,NEAR_SHELL,11774,Q86X55,213,MATCH
166,B,214,,GLU,DIRECT,11774,Q86X55,214,MATCH
166,B,214,,GLU,NEAR_SHELL,11774,Q86X55,214,MATCH
166,B,215,,ALA,DIRECT,11774,Q86X55,215,MATCH
166,B,215,,ALA,NEAR_SHELL,11774,Q86X55,215,MATCH
166,B,240,,GLY,DIRECT,11774,Q86X55,240,MATCH
166,B,240,,GLY,NEAR_SHELL,11774,Q86X55,240,MATCH
166,B,241,,LYS,DIRECT,11774,Q86X55,241,MATCH
166,B,241,,LYS,NEAR_SHELL,11774,Q86X55,241,MATCH
166,B,242,,VAL,DIRECT,11774,Q86X55,242,MATCH
166,B,242,,VAL,NEAR_SHELL,11774,Q86X55,242,MATCH
166,B,243,,GLU,DIRECT,11774,Q86X55,243,MATCH
166,B,243,,GLU,NEAR_SHELL,11774,Q86X55,243,MATCH
166,B,257,,GLU,DIRECT,11774,Q86X55,257,MATCH
166,B,257,,GLU,NEAR_SHELL,11774,Q86X55,257,MATCH
166,B,268,,MET,DIRECT,11774,Q86X55,268,MATCH
166,B,268,,MET,NEAR_SHELL,11774,Q86X55,268,MATCH
166,B,271,,SER,DIRECT,11774,Q86X55,271,MATCH
166,B,271,,SER,NEAR_SHELL,11774,Q86X55,271,MATCH
166,G,7,,ARG,DIRECT,11774,Q86X55,,NOT_MAPPED
166,G,7,,ARG,NEAR_SHELL,11774,Q86X55,,NOT_MAPPED
167,A,149,,TYR,NEAR_SHELL,11774,Q86X55,149,MATCH
167,A,153,,TYR,DIRECT,11774,Q86X55,153,MATCH
167,A,153,,TYR,NEAR_SHELL,11774,Q86X55,153,MATCH
167,A,162,,MET,DIRECT,11774,Q86X55,162,MATCH
167,A,162,,MET,NEAR_SHELL,11774,Q86X55,162,MATCH
167,A,168,,ARG,NEAR_SHELL,11774,Q86X55,168,MATCH
167,A,257,,GLU,DIRECT,11774,Q86X55,257,MATCH
167,A,257,,GLU,NEAR_SHELL,11774,Q86X55,257,MATCH
167,A,268,,MET,NEAR_SHELL,11774,Q86X55,268,MATCH
168,A,416,,TYR,NEAR_SHELL,11774,,,
168,E,10,,ALA,DIRECT,11774,,,
168,E,10,,ALA,NEAR_SHELL,11774,,,
168,E,11,,PRO,DIRECT,11774,,,
168,E,11,,PRO,NEAR_SHELL,11774,,,
169,B,149,,TYR,NEAR_SHELL,11774,Q86X55,149,MATCH
169,B,153,,TYR,DIRECT,11774,Q86X55,153,MATCH
169,B,153,,TYR,NEAR_SHELL,11774,Q86X55,153,MATCH
169,B,158,,GLN,NEAR_SHELL,11774,,,
169,B,161,,ASN,NEAR_SHELL,11774,,,
169,B,162,,MET,DIRECT,11774,Q86X55,162,MATCH
169,B,162,,MET,NEAR_SHELL,11774,Q86X55,162,MATCH
169,B,168,,ARG,NEAR_SHELL,11774,Q86X55,168,MATCH
169,B,257,,GLU,DIRECT,11774,Q86X55,257,MATCH
169,B,257,,GLU,NEAR_SHELL,11774,Q86X55,257,MATCH
169,B,268,,MET,NEAR_SHELL,11774,Q86X55,268,MATCH
169,B,476,,TYR,NEAR_SHELL,11774,,,
169,F,9,,ALA,DIRECT,11774,,,
169,F,9,,ALA,NEAR_SHELL,11774,,,
170,B,416,,TYR,NEAR_SHELL,11774,,,
170,F,10,,ALA,DIRECT,11774,,,
170,F,10,,ALA,NEAR_SHELL,11774,,,
170,F,11,,PRO,DIRECT,11774,,,
170,F,11,,PRO,NEAR_SHELL,11774,,,
170,F,13,,PRO,DIRECT,11774,,,
170,F,13,,PRO,NEAR_SHELL,11774,,,
171,A,137,,PHE,NEAR_SHELL,11774,Q86X55,137,MATCH
171,A,140,,ARG,NEAR_SHELL,11774,Q86X55,140,MATCH
171,A,149,,TYR,DIRECT,11774,Q86X55,149,MATCH
171,A,149,,TYR,NEAR_SHELL,11774,Q86X55,149,MATCH
171,A,150,,PHE,DIRECT,11774,Q86X55,150,MATCH
171,A,150,,PHE,NEAR_SHELL,11774,Q86X55,150,MATCH
171,A,153,,TYR,DIRECT,11774,Q86X55,153,MATCH
171,A,153,,TYR,NEAR_SHELL,11774,Q86X55,153,MATCH
171,A,159,,GLN,DIRECT,11774,Q86X55,159,MATCH
171,A,159,,GLN,NEAR_SHELL,11774,Q86X55,159,MATCH
171,A,162,,MET,DIRECT,11774,Q86X55,162,MATCH
171,A,162,,MET,NEAR_SHELL,11774,Q86X55,162,MATCH
171,A,163,,MET,NEAR_SHELL,11774,Q86X55,163,MATCH
171,A,168,,ARG,DIRECT,11774,Q86X55,168,MATCH
171,A,168,,ARG,NEAR_SHELL,11774,Q86X55,168,MATCH
171,A,191,,VAL,NEAR_SHELL,11774,Q86X55,191,MATCH
171,A,192,,GLY,DIRECT,11774,Q86X55,192,MATCH
171,A,192,,GLY,NEAR_SHELL,11774,Q86X55,192,MATCH
171,A,193,,CYS,DIRECT,11774,Q86X55,193,MATCH
171,A,193,,CYS,NEAR_SHELL,11774,Q86X55,193,MATCH
171,A,194,,GLY,DIRECT,11774,Q86X55,194,MATCH
171,A,194,,GLY,NEAR_SHELL,11774,Q86X55,194,MATCH
171,A,197,,ILE,DIRECT,11774,Q86X55,197,MATCH
171,A,197,,ILE,NEAR_SHELL,11774,Q86X55,197,MATCH
171,A,198,,LEU,DIRECT,11774,Q86X55,198,MATCH
171,A,198,,LEU,NEAR_SHELL,11774,Q86X55,198,MATCH
171,A,213,,VAL,NEAR_SHELL,11774,Q86X55,213,MATCH
171,A,214,,GLU,DIRECT,11774,Q86X55,214,MATCH
171,A,214,,GLU,NEAR_SHELL,11774,Q86X55,214,MATCH
171,A,215,,ALA,DIRECT,11774,Q86X55,215,MATCH
171,A,215,,ALA,NEAR_SHELL,11774,Q86X55,215,MATCH
171,A,240,,GLY,DIRECT,11774,Q86X55,240,MATCH
171,A,240,,GLY,NEAR_SHELL,11774,Q86X55,240,MATCH
171,A,241,,LYS,DIRECT,11774,Q86X55,241,MATCH
171,A,241,,LYS,NEAR_SHELL,11774,Q86X55,241,MATCH
171,A,242,,VAL,DIRECT,11774,Q86X55,242,MATCH
171,A,242,,VAL,NEAR_SHELL,11774,Q86X55,242,MATCH
171,A,243,,GLU,DIRECT,11774,Q86X55,243,MATCH
171,A,243,,GLU,NEAR_SHELL,11774,Q86X55,243,MATCH
171,A,257,,GLU,DIRECT,11774,Q86X55,257,MATCH
171,A,257,,GLU,NEAR_SHELL,11774,Q86X55,257,MATCH
171,A,268,,MET,DIRECT,11774,Q86X55,268,MATCH
171,A,268,,MET,NEAR_SHELL,11774,Q86X55,268,MATCH
171,A,271,,SER,DIRECT,11774,Q86X55,271,MATCH
171,A,271,,SER,NEAR_SHELL,11774,Q86X55,271,MATCH
172,B,137,,PHE,NEAR_SHELL,11774,Q86X55,137,MATCH
172,B,140,,ARG,NEAR_SHELL,11774,Q86X55,140,MATCH
172,B,149,,TYR,DIRECT,11774,Q86X55,149,MATCH
172,B,149,,TYR,NEAR_SHELL,11774,Q86X55,149,MATCH
172,B,150,,PHE,DIRECT,11774,Q86X55,150,MATCH
172,B,150,,PHE,NEAR_SHELL,11774,Q86X55,150,MATCH
172,B,153,,TYR,DIRECT,11774,Q86X55,153,MATCH
172,B,153,,TYR,NEAR_SHELL,11774,Q86X55,153,MATCH
172,B,159,,GLN,DIRECT,11774,Q86X55,159,MATCH
172,B,159,,GLN,NEAR_SHELL,11774,Q86X55,159,MATCH
172,B,162,,MET,DIRECT,11774,Q86X55,162,MATCH
172,B,162,,MET,NEAR_SHELL,11774,Q86X55,162,MATCH
172,B,163,,MET,NEAR_SHELL,11774,Q86X55,163,MATCH
172,B,168,,ARG,DIRECT,11774,Q86X55,168,MATCH
172,B,168,,ARG,NEAR_SHELL,11774,Q86X55,168,MATCH
172,B,191,,VAL,NEAR_SHELL,11774,Q86X55,191,MATCH
172,B,192,,GLY,DIRECT,11774,Q86X55,192,MATCH
172,B,192,,GLY,NEAR_SHELL,11774,Q86X55,192,MATCH
172,B,193,,CYS,DIRECT,11774,Q86X55,193,MATCH
172,B,193,,CYS,NEAR_SHELL,11774,Q86X55,193,MATCH
172,B,194,,GLY,DIRECT,11774,Q86X55,194,MATCH
172,B,194,,GLY,NEAR_SHELL,11774,Q86X55,194,MATCH
172,B,197,,ILE,DIRECT,11774,Q86X55,197,MATCH
172,B,197,,ILE,NEAR_SHELL,11774,Q86X55,197,MATCH
172,B,198,,LEU,DIRECT,11774,Q86X55,198,MATCH
172,B,198,,LEU,NEAR_SHELL,11774,Q86X55,198,MATCH
172,B,213,,VAL,NEAR_SHELL,11774,Q86X55,213,MATCH
172,B,214,,GLU,DIRECT,11774,Q86X55,214,MATCH
172,B,214,,GLU,NEAR_SHELL,11774,Q86X55,214,MATCH
172,B,215,,ALA,DIRECT,11774,Q86X55,215,MATCH
172,B,215,,ALA,NEAR_SHELL,11774,Q86X55,215,MATCH
172,B,240,,GLY,DIRECT,11774,Q86X55,240,MATCH
172,B,240,,GLY,NEAR_SHELL,11774,Q86X55,240,MATCH
172,B,241,,LYS,DIRECT,11774,Q86X55,241,MATCH
172,B,241,,LYS,NEAR_SHELL,11774,Q86X55,241,MATCH
172,B,242,,VAL,DIRECT,11774,Q86X55,242,MATCH
172,B,242,,VAL,NEAR_SHELL,11774,Q86X55,242,MATCH
172,B,243,,GLU,DIRECT,11774,Q86X55,243,MATCH
172,B,243,,GLU,NEAR_SHELL,11774,Q86X55,243,MATCH
172,B,257,,GLU,DIRECT,11774,Q86X55,257,MATCH
172,B,257,,GLU,NEAR_SHELL,11774,Q86X55,257,MATCH
172,B,268,,MET,DIRECT,11774,Q86X55,268,MATCH
172,B,268,,MET,NEAR_SHELL,11774,Q86X55,268,MATCH
172,B,271,,SER,DIRECT,11774,Q86X55,271,MATCH
172,B,271,,SER,NEAR_SHELL,11774,Q86X55,271,MATCH
172,B,446,,GLN,NEAR_SHELL,11774,Q86X55,446,MATCH
173,A,137,,PHE,NEAR_SHELL,11774,Q86X55,137,MATCH
173,A,140,,ARG,NEAR_SHELL,11774,Q86X55,140,MATCH
173,A,149,,TYR,DIRECT,11774,Q86X55,149,MATCH
173,A,149,,TYR,NEAR_SHELL,11774,Q86X55,149,MATCH
173,A,150,,PHE,DIRECT,11774,Q86X55,150,MATCH
173,A,150,,PHE,NEAR_SHELL,11774,Q86X55,150,MATCH
173,A,153,,TYR,DIRECT,11774,Q86X55,153,MATCH
173,A,153,,TYR,NEAR_SHELL,11774,Q86X55,153,MATCH
173,A,159,,GLN,DIRECT,11774,Q86X55,159,MATCH
173,A,159,,GLN,NEAR_SHELL,11774,Q86X55,159,MATCH
173,A,162,,MET,DIRECT,11774,Q86X55,162,MATCH
173,A,162,,MET,NEAR_SHELL,11774,Q86X55,162,MATCH
173,A,163,,MET,NEAR_SHELL,11774,Q86X55,163,MATCH
173,A,168,,ARG,DIRECT,11774,Q86X55,168,MATCH
173,A,168,,ARG,NEAR_SHELL,11774,Q86X55,168,MATCH
173,A,191,,VAL,NEAR_SHELL,11774,Q86X55,191,MATCH
173,A,192,,GLY,DIRECT,11774,Q86X55,192,MATCH
173,A,192,,GLY,NEAR_SHELL,11774,Q86X55,192,MATCH
173,A,193,,CYS,DIRECT,11774,Q86X55,193,MATCH
173,A,193,,CYS,NEAR_SHELL,11774,Q86X55,193,MATCH
173,A,194,,GLY,DIRECT,11774,Q86X55,194,MATCH
173,A,194,,GLY,NEAR_SHELL,11774,Q86X55,194,MATCH
173,A,197,,ILE,DIRECT,11774,Q86X55,197,MATCH
173,A,197,,ILE,NEAR_SHELL,11774,Q86X55,197,MATCH
173,A,198,,LEU,DIRECT,11774,Q86X55,198,MATCH
173,A,198,,LEU,NEAR_SHELL,11774,Q86X55,198,MATCH
173,A,213,,VAL,NEAR_SHELL,11774,Q86X55,213,MATCH
173,A,214,,GLU,DIRECT,11774,Q86X55,214,MATCH
173,A,214,,GLU,NEAR_SHELL,11774,Q86X55,214,MATCH
173,A,215,,ALA,DIRECT,11774,Q86X55,215,MATCH
173,A,215,,ALA,NEAR_SHELL,11774,Q86X55,215,MATCH
173,A,240,,GLY,DIRECT,11774,Q86X55,240,MATCH
173,A,240,,GLY,NEAR_SHELL,11774,Q86X55,240,MATCH
173,A,241,,LYS,DIRECT,11774,Q86X55,241,MATCH
173,A,241,,LYS,NEAR_SHELL,11774,Q86X55,241,MATCH
173,A,242,,VAL,DIRECT,11774,Q86X55,242,MATCH
173,A,242,,VAL,NEAR_SHELL,11774,Q86X55,242,MATCH
173,A,243,,GLU,DIRECT,11774,Q86X55,243,MATCH
173,A,243,,GLU,NEAR_SHELL,11774,Q86X55,243,MATCH
173,A,257,,GLU,DIRECT,11774,Q86X55,257,MATCH
173,A,257,,GLU,NEAR_SHELL,11774,Q86X55,257,MATCH
173,A,259,,MET,NEAR_SHELL,11774,Q86X55,259,MATCH
173,A,266,,GLU,NEAR_SHELL,11774,Q86X55,266,MATCH
173,A,268,,MET,DIRECT,11774,Q86X55,268,MATCH
173,A,268,,MET,NEAR_SHELL,11774,Q86X55,268,MATCH
173,A,271,,SER,DIRECT,11774,Q86X55,271,MATCH
173,A,271,,SER,NEAR_SHELL,11774,Q86X55,271,MATCH
173,A,446,,GLN,NEAR_SHELL,11774,Q86X55,446,MATCH
174,B,137,,PHE,NEAR_SHELL,11774,Q86X55,137,MATCH
174,B,140,,ARG,NEAR_SHELL,11774,Q86X55,140,MATCH
174,B,149,,TYR,DIRECT,11774,Q86X55,149,MATCH
174,B,149,,TYR,NEAR_SHELL,11774,Q86X55,149,MATCH
174,B,150,,PHE,DIRECT,11774,Q86X55,150,MATCH
174,B,150,,PHE,NEAR_SHELL,11774,Q86X55,150,MATCH
174,B,153,,TYR,DIRECT,11774,Q86X55,153,MATCH
174,B,153,,TYR,NEAR_SHELL,11774,Q86X55,153,MATCH
174,B,159,,GLN,DIRECT,11774,Q86X55,159,MATCH
174,B,159,,GLN,NEAR_SHELL,11774,Q86X55,159,MATCH
174,B,162,,MET,DIRECT,11774,Q86X55,162,MATCH
174,B,162,,MET,NEAR_SHELL,11774,Q86X55,162,MATCH
174,B,163,,MET,NEAR_SHELL,11774,Q86X55,163,MATCH
174,B,168,,ARG,DIRECT,11774,Q86X55,168,MATCH
174,B,168,,ARG,NEAR_SHELL,11774,Q86X55,168,MATCH
174,B,191,,VAL,NEAR_SHELL,11774,Q86X55,191,MATCH
174,B,192,,GLY,DIRECT,11774,Q86X55,192,MATCH
174,B,192,,GLY,NEAR_SHELL,11774,Q86X55,192,MATCH
174,B,193,,CYS,DIRECT,11774,Q86X55,193,MATCH
174,B,193,,CYS,NEAR_SHELL,11774,Q86X55,193,MATCH
174,B,194,,GLY,DIRECT,11774,Q86X55,194,MATCH
174,B,194,,GLY,NEAR_SHELL,11774,Q86X55,194,MATCH
174,B,197,,ILE,DIRECT,11774,Q86X55,197,MATCH
174,B,197,,ILE,NEAR_SHELL,11774,Q86X55,197,MATCH
174,B,198,,LEU,DIRECT,11774,Q86X55,198,MATCH
174,B,198,,LEU,NEAR_SHELL,11774,Q86X55,198,MATCH
174,B,213,,VAL,NEAR_SHELL,11774,Q86X55,213,MATCH
174,B,214,,GLU,DIRECT,11774,Q86X55,214,MATCH
174,B,214,,GLU,NEAR_SHELL,11774,Q86X55,214,MATCH
174,B,215,,ALA,DIRECT,11774,Q86X55,215,MATCH
174,B,215,,ALA,NEAR_SHELL,11774,Q86X55,215,MATCH
174,B,240,,GLY,DIRECT,11774,Q86X55,240,MATCH
174,B,240,,GLY,NEAR_SHELL,11774,Q86X55,240,MATCH
174,B,241,,LYS,DIRECT,11774,Q86X55,241,MATCH
174,B,241,,LYS,NEAR_SHELL,11774,Q86X55,241,MATCH
174,B,242,,VAL,DIRECT,11774,Q86X55,242,MATCH
174,B,242,,VAL,NEAR_SHELL,11774,Q86X55,242,MATCH
174,B,243,,GLU,DIRECT,11774,Q86X55,243,MATCH
174,B,243,,GLU,NEAR_SHELL,11774,Q86X55,243,MATCH
174,B,257,,GLU,DIRECT,11774,Q86X55,257,MATCH
174,B,257,,GLU,NEAR_SHELL,11774,Q86X55,257,MATCH
174,B,259,,MET,NEAR_SHELL,11774,Q86X55,259,MATCH
174,B,266,,GLU,NEAR_SHELL,11774,Q86X55,266,MATCH
174,B,268,,MET,DIRECT,11774,Q86X55,268,MATCH
174,B,268,,MET,NEAR_SHELL,11774,Q86X55,268,MATCH
174,B,271,,SER,DIRECT,11774,Q86X55,271,MATCH
174,B,271,,SER,NEAR_SHELL,11774,Q86X55,271,MATCH
174,B,446,,GLN,NEAR_SHELL,11774,Q86X55,446,MATCH
175,A,92,,ILE,NEAR_SHELL,16609,Q9BV86,92,MATCH
175,A,93,,THR,DIRECT,16609,Q9BV86,93,MATCH
175,A,93,,THR,NEAR_SHELL,16609,Q9BV86,93,MATCH
175,A,96,,PHE,NEAR_SHELL,16609,Q9BV86,96,MATCH
175,A,118,,GLY,NEAR_SHELL,16609,Q9BV86,118,MATCH
175,A,120,,GLN,NEAR_SHELL,16609,Q9BV86,120,MATCH
175,A,136,,TRP,DIRECT,16609,Q9BV86,136,MATCH
175,A,136,,TRP,NEAR_SHELL,16609,Q9BV86,136,MATCH
175,A,137,,VAL,NEAR_SHELL,16609,Q9BV86,137,MATCH
175,A,140,,HIS,DIRECT,16609,Q9BV86,140,MATCH
175,A,140,,HIS,NEAR_SHELL,16609,Q9BV86,140,MATCH
175,D,1,,SER,NEAR_SHELL,16609,Q9BV86,,NOT_MAPPED
176,A,13,,TYR,NEAR_SHELL,16609,Q9BV86,13,MATCH
176,A,20,,TRP,DIRECT,16609,Q9BV86,20,MATCH
176,A,20,,TRP,NEAR_SHELL,16609,Q9BV86,20,MATCH
176,A,92,,ILE,NEAR_SHELL,16609,Q9BV86,92,MATCH
176,A,93,,THR,DIRECT,16609,Q9BV86,93,MATCH
176,A,93,,THR,NEAR_SHELL,16609,Q9BV86,93,MATCH
176,A,96,,PHE,NEAR_SHELL,16609,Q9BV86,96,MATCH
176,A,118,,GLY,NEAR_SHELL,16609,Q9BV86,118,MATCH
176,A,120,,GLN,NEAR_SHELL,16609,Q9BV86,120,MATCH
176,A,136,,TRP,DIRECT,16609,Q9BV86,136,MATCH
176,A,136,,TRP,NEAR_SHELL,16609,Q9BV86,136,MATCH
176,A,137,,VAL,NEAR_SHELL,16609,Q9BV86,137,MATCH
176,A,140,,HIS,DIRECT,16609,Q9BV86,140,MATCH
176,A,140,,HIS,NEAR_SHELL,16609,Q9BV86,140,MATCH
176,D,1,,TYR,NEAR_SHELL,16609,Q9BV86,,NOT_MAPPED
177,A,92,,ILE,NEAR_SHELL,16609,Q9BV86,92,MATCH
177,A,93,,THR,DIRECT,16609,Q9BV86,93,MATCH
177,A,93,,THR,NEAR_SHELL,16609,Q9BV86,93,MATCH
177,A,118,,GLY,NEAR_SHELL,16609,Q9BV86,118,MATCH
177,A,120,,GLN,NEAR_SHELL,16609,Q9BV86,120,MATCH
177,A,136,,TRP,DIRECT,16609,Q9BV86,136,MATCH
177,A,136,,TRP,NEAR_SHELL,16609,Q9BV86,136,MATCH
177,A,137,,VAL,NEAR_SHELL,16609,Q9BV86,137,MATCH
177,A,140,,HIS,DIRECT,16609,Q9BV86,140,MATCH
177,A,140,,HIS,NEAR_SHELL,16609,Q9BV86,140,MATCH
177,D,1,,PRO,NEAR_SHELL,16609,Q9BV86,,NOT_MAPPED
178,A,92,,ILE,NEAR_SHELL,16609,Q9BV86,92,MATCH
178,A,93,,THR,DIRECT,16609,Q9BV86,93,MATCH
178,A,93,,THR,NEAR_SHELL,16609,Q9BV86,93,MATCH
178,A,136,,TRP,DIRECT,16609,Q9BV86,136,MATCH
178,A,136,,TRP,NEAR_SHELL,16609,Q9BV86,136,MATCH
178,A,140,,HIS,DIRECT,16609,Q9BV86,140,MATCH
178,A,140,,HIS,NEAR_SHELL,16609,Q9BV86,140,MATCH
178,D,1,,ARG,NEAR_SHELL,16609,Q9BV86,,NOT_MAPPED
179,A,19,,TYR,NEAR_SHELL,16609,,,
179,A,20,,TRP,DIRECT,16609,Q9BV86,20,MATCH
179,A,20,,TRP,NEAR_SHELL,16609,Q9BV86,20,MATCH
179,A,28,,ASP,NEAR_SHELL,16609,,,
179,A,29,,GLY,DIRECT,16609,Q9BV86,29,MATCH
179,A,29,,GLY,NEAR_SHELL,16609,Q9BV86,29,MATCH
179,A,30,,MET,DIRECT,16609,Q9BV86,30,MATCH
179,A,30,,MET,NEAR_SHELL,16609,Q9BV86,30,MATCH
179,A,32,,GLY,DIRECT,16609,,,
179,A,32,,GLY,NEAR_SHELL,16609,,,
179,A,33,,GLY,NEAR_SHELL,16609,,,
179,A,136,,TRP,DIRECT,16609,Q9BV86,136,MATCH
179,A,136,,TRP,NEAR_SHELL,16609,Q9BV86,136,MATCH
179,A,137,,VAL,NEAR_SHELL,16609,Q9BV86,137,MATCH
179,A,140,,HIS,NEAR_SHELL,16609,Q9BV86,140,MATCH
179,A,168,,ASN,DIRECT,16609,,,
179,A,168,,ASN,NEAR_SHELL,16609,,,
179,A,180,,ASP,NEAR_SHELL,16609,,,
179,D,2,,PRO,DIRECT,16609,,,
179,D,2,,PRO,NEAR_SHELL,16609,,,
179,D,3,,LYS,DIRECT,16609,,,
179,D,3,,LYS,NEAR_SHELL,16609,,,
180,A,20,,TRP,DIRECT,16609,Q9BV86,20,MATCH
180,A,20,,TRP,NEAR_SHELL,16609,Q9BV86,20,MATCH
180,A,29,,GLY,NEAR_SHELL,16609,Q9BV86,29,MATCH
180,A,30,,MET,DIRECT,16609,Q9BV86,30,MATCH
180,A,30,,MET,NEAR_SHELL,16609,Q9BV86,30,MATCH
180,A,92,,ILE,NEAR_SHELL,16609,Q9BV86,92,MATCH
180,A,93,,THR,DIRECT,16609,Q9BV86,93,MATCH
180,A,93,,THR,NEAR_SHELL,16609,Q9BV86,93,MATCH
180,A,118,,GLY,NEAR_SHELL,16609,Q9BV86,118,MATCH
180,A,120,,GLN,NEAR_SHELL,16609,Q9BV86,120,MATCH
180,A,136,,TRP,DIRECT,16609,Q9BV86,136,MATCH
180,A,136,,TRP,NEAR_SHELL,16609,Q9BV86,136,MATCH
180,A,137,,VAL,NEAR_SHELL,16609,Q9BV86,137,MATCH
180,A,140,,HIS,DIRECT,16609,Q9BV86,140,MATCH
180,A,140,,HIS,NEAR_SHELL,16609,Q9BV86,140,MATCH
181,A,19,,TYR,NEAR_SHELL,16609,,,
181,A,29,,GLY,NEAR_SHELL,16609,,,
181,A,32,,GLY,DIRECT,16609,,,
181,A,32,,GLY,NEAR_SHELL,16609,,,
181,A,33,,GLY,NEAR_SHELL,16609,,,
181,A,136,,TRP,DIRECT,16609,Q9BV86,136,MATCH
181,A,136,,TRP,NEAR_SHELL,16609,Q9BV86,136,MATCH
181,A,137,,VAL,NEAR_SHELL,16609,Q9BV86,137,MATCH
181,A,140,,HIS,NEAR_SHELL,16609,Q9BV86,140,MATCH
181,A,167,,ASP,NEAR_SHELL,16609,,,
181,A,168,,ASN,DIRECT,16609,,,
181,A,168,,ASN,NEAR_SHELL,16609,,,
181,A,180,,ASP,DIRECT,16609,,,
181,A,180,,ASP,NEAR_SHELL,16609,,,
181,D,3,,LYS,DIRECT,16609,,,
181,D,3,,LYS,NEAR_SHELL,16609,,,
182,A,19,,TYR,NEAR_SHELL,16609,,,
182,A,29,,GLY,NEAR_SHELL,16609,,,
182,A,32,,GLY,DIRECT,16609,,,
182,A,32,,GLY,NEAR_SHELL,16609,,,
182,A,33,,GLY,NEAR_SHELL,16609,,,
182,A,136,,TRP,DIRECT,16609,Q9BV86,136,MATCH
182,A,136,,TRP,NEAR_SHELL,16609,Q9BV86,136,MATCH
182,A,137,,VAL,NEAR_SHELL,16609,Q9BV86,137,MATCH
182,A,140,,HIS,NEAR_SHELL,16609,Q9BV86,140,MATCH
182,A,167,,ASP,NEAR_SHELL,16609,,,
182,A,168,,ASN,DIRECT,16609,,,
182,A,168,,ASN,NEAR_SHELL,16609,,,
182,A,180,,ASP,DIRECT,16609,,,
182,A,180,,ASP,NEAR_SHELL,16609,,,
182,D,3,,LYS,DIRECT,16609,,,
182,D,3,,LYS,NEAR_SHELL,16609,,,
183,A,92,,ILE,NEAR_SHELL,16609,Q9BV86,92,MATCH
183,A,93,,THR,DIRECT,16609,Q9BV86,93,MATCH
183,A,93,,THR,NEAR_SHELL,16609,Q9BV86,93,MATCH
183,A,118,,GLY,NEAR_SHELL,16609,Q9BV86,118,MATCH
183,A,120,,GLN,NEAR_SHELL,16609,Q9BV86,120,MATCH
183,A,136,,TRP,DIRECT,16609,Q9BV86,136,MATCH
183,A,136,,TRP,NEAR_SHELL,16609,Q9BV86,136,MATCH
183,A,137,,VAL,NEAR_SHELL,16609,Q9BV86,137,MATCH
183,A,140,,HIS,DIRECT,16609,Q9BV86,140,MATCH
183,A,140,,HIS,NEAR_SHELL,16609,Q9BV86,140,MATCH
184,A,223,,ILE,DIRECT,13942,Q8WTS6,223,MATCH
184,A,223,,ILE,NEAR_SHELL,13942,Q8WTS6,223,MATCH
184,A,224,,SER,NEAR_SHELL,13942,Q8WTS6,224,MATCH
184,A,225,,SER,NEAR_SHELL,13942,Q8WTS6,225,MATCH
184,A,226,,ALA,DIRECT,13942,Q8WTS6,226,MATCH
184,A,226,,ALA,NEAR_SHELL,13942,Q8WTS6,226,MATCH
184,A,227,,GLY,DIRECT,13942,Q8WTS6,227,MATCH
184,A,227,,GLY,NEAR_SHELL,13942,Q8WTS6,227,MATCH
184,A,228,,GLU,DIRECT,13942,Q8WTS6,228,MATCH
184,A,228,,GLU,NEAR_SHELL,13942,Q8WTS6,228,MATCH
184,A,264,,GLY,DIRECT,13942,Q8WTS6,264,MATCH
184,A,264,,GLY,NEAR_SHELL,13942,Q8WTS6,264,MATCH
184,A,265,,ALA,NEAR_SHELL,13942,Q8WTS6,265,SUBSTITUTION
184,A,282,,ASN,NEAR_SHELL,13942,Q8WTS6,282,MATCH
184,A,293,,HIS,DIRECT,13942,Q8WTS6,293,MATCH
184,A,293,,HIS,NEAR_SHELL,13942,Q8WTS6,293,MATCH
184,A,294,,LYS,DIRECT,13942,Q8WTS6,294,MATCH
184,A,294,,LYS,NEAR_SHELL,13942,Q8WTS6,294,MATCH
184,A,352,,TRP,NEAR_SHELL,13942,Q8WTS6,352,MATCH
184,A,356,,GLU,DIRECT,13942,Q8WTS6,356,MATCH
184,A,356,,GLU,NEAR_SHELL,13942,Q8WTS6,356,MATCH
185,A,3882,,CYS,NEAR_SHELL,7339,Q03164,3882,MATCH
185,A,3883,,TYR,NEAR_SHELL,7339,Q03164,3883,MATCH
185,A,3944,,TYR,DIRECT,7339,Q03164,3944,MATCH
185,A,3944,,TYR,NEAR_SHELL,7339,Q03164,3944,MATCH
186,A,3883,,TYR,NEAR_SHELL,7339,Q03164,3883,MATCH
186,A,3944,,TYR,DIRECT,7339,Q03164,3944,MATCH
186,A,3944,,TYR,NEAR_SHELL,7339,Q03164,3944,MATCH
186,A,3946,,PHE,NEAR_SHELL,7339,Q03164,3946,MATCH
187,A,84,,ARG,NEAR_SHELL,14451,Q92979,84,MATCH
187,A,86,,ASP,NEAR_SHELL,14451,Q92979,86,MATCH
187,A,87,,ILE,DIRECT,14451,Q92979,87,MATCH
187,A,87,,ILE,NEAR_SHELL,14451,Q92979,87,MATCH
187,A,178,,PHE,DIRECT,14451,Q92979,178,MATCH
187,A,178,,PHE,NEAR_SHELL,14451,Q92979,178,MATCH
187,A,206,,GLY,NEAR_SHELL,14451,Q92979,206,MATCH
187,A,207,,LYS,NEAR_SHELL,14451,Q92979,207,MATCH
187,A,219,,ILE,NEAR_SHELL,14451,Q92979,219,MATCH
187,A,220,,SER,DIRECT,14451,Q92979,220,MATCH
187,A,220,,SER,NEAR_SHELL,14451,Q92979,220,MATCH
187,A,223,,PRO,NEAR_SHELL,14451,Q92979,223,MATCH
187,A,224,,LEU,DIRECT,14451,Q92979,224,MATCH
187,A,224,,LEU,NEAR_SHELL,14451,Q92979,224,MATCH
187,A,225,,SER,DIRECT,14451,Q92979,225,MATCH
187,A,225,,SER,NEAR_SHELL,14451,Q92979,225,MATCH
187,A,227,,ALA,NEAR_SHELL,14451,Q92979,227,MATCH
187,A-2,128,,ARG,NEAR_SHELL,14451,Q92979,128,MATCH
188,A,84,,ARG,NEAR_SHELL,14451,Q92979,84,MATCH
188,A,87,,ILE,NEAR_SHELL,14451,Q92979,87,MATCH
188,A,178,,PHE,DIRECT,14451,Q92979,178,MATCH
188,A,178,,PHE,NEAR_SHELL,14451,Q92979,178,MATCH
188,A,206,,GLY,NEAR_SHELL,14451,Q92979,206,MATCH
188,A,207,,LYS,NEAR_SHELL,14451,Q92979,207,MATCH
188,A,219,,ILE,NEAR_SHELL,14451,Q92979,219,MATCH
188,A,220,,SER,DIRECT,14451,Q92979,220,MATCH
188,A,220,,SER,NEAR_SHELL,14451,Q92979,220,MATCH
188,A,223,,PRO,NEAR_SHELL,14451,Q92979,223,MATCH
188,A,224,,LEU,DIRECT,14451,Q92979,224,MATCH
188,A,224,,LEU,NEAR_SHELL,14451,Q92979,224,MATCH
188,A,225,,SER,DIRECT,14451,Q92979,225,MATCH
188,A,225,,SER,NEAR_SHELL,14451,Q92979,225,MATCH
188,A-2,128,,ARG,NEAR_SHELL,14451,Q92979,128,MATCH
189,A,128,,ARG,NEAR_SHELL,14451,Q92979,128,MATCH
189,A-2,84,,ARG,NEAR_SHELL,14451,Q92979,84,MATCH
189,A-2,86,,ASP,NEAR_SHELL,14451,Q92979,86,MATCH
189,A-2,87,,ILE,DIRECT,14451,Q92979,87,MATCH
189,A-2,87,,ILE,NEAR_SHELL,14451,Q92979,87,MATCH
189,A-2,178,,PHE,DIRECT,14451,Q92979,178,MATCH
189,A-2,178,,PHE,NEAR_SHELL,14451,Q92979,178,MATCH
189,A-2,206,,GLY,NEAR_SHELL,14451,Q92979,206,MATCH
189,A-2,207,,LYS,NEAR_SHELL,14451,Q92979,207,MATCH
189,A-2,219,,ILE,NEAR_SHELL,14451,Q92979,219,MATCH
189,A-2,220,,SER,DIRECT,14451,Q92979,220,MATCH
189,A-2,220,,SER,NEAR_SHELL,14451,Q92979,220,MATCH
189,A-2,223,,PRO,NEAR_SHELL,14451,Q92979,223,MATCH
189,A-2,224,,LEU,DIRECT,14451,Q92979,224,MATCH
189,A-2,224,,LEU,NEAR_SHELL,14451,Q92979,224,MATCH
189,A-2,225,,SER,DIRECT,14451,Q92979,225,MATCH
189,A-2,225,,SER,NEAR_SHELL,14451,Q92979,225,MATCH
189,A-2,227,,ALA,NEAR_SHELL,14451,Q92979,227,MATCH
190,A,128,,ARG,NEAR_SHELL,14451,Q92979,128,MATCH
190,A-2,84,,ARG,NEAR_SHELL,14451,Q92979,84,MATCH
190,A-2,87,,ILE,NEAR_SHELL,14451,Q92979,87,MATCH
190,A-2,178,,PHE,DIRECT,14451,Q92979,178,MATCH
190,A-2,178,,PHE,NEAR_SHELL,14451,Q92979,178,MATCH
190,A-2,206,,GLY,NEAR_SHELL,14451,Q92979,206,MATCH
190,A-2,207,,LYS,NEAR_SHELL,14451,Q92979,207,MATCH
190,A-2,219,,ILE,NEAR_SHELL,14451,Q92979,219,MATCH
190,A-2,220,,SER,DIRECT,14451,Q92979,220,MATCH
190,A-2,220,,SER,NEAR_SHELL,14451,Q92979,220,MATCH
190,A-2,223,,PRO,NEAR_SHELL,14451,Q92979,223,MATCH
190,A-2,224,,LEU,DIRECT,14451,Q92979,224,MATCH
190,A-2,224,,LEU,NEAR_SHELL,14451,Q92979,224,MATCH
190,A-2,225,,SER,DIRECT,14451,Q92979,225,MATCH
190,A-2,225,,SER,NEAR_SHELL,14451,Q92979,225,MATCH
191,A,95,,PRO,NEAR_SHELL,2640,,,
191,A,97,,PHE,DIRECT,2640,,,
191,A,97,,PHE,NEAR_SHELL,2640,,,
191,A,146,,ASN,NEAR_SHELL,2640,,,
191,A,148,,TYR,DIRECT,2640,,,
191,A,148,,TYR,NEAR_SHELL,2640,,,
191,A,194,,ASN,DIRECT,2640,,,
191,A,194,,ASN,NEAR_SHELL,2640,,,
191,A,211,,LYS,NEAR_SHELL,2640,,,
191,A,238,,GLU,NEAR_SHELL,2640,,,
191,A,240,,LEU,DIRECT,2640,,,
191,A,240,,LEU,NEAR_SHELL,2640,,,
191,A,310,,ASP,DIRECT,2640,,,
191,A,310,,ASP,NEAR_SHELL,2640,,,
191,A,365,,TYR,DIRECT,2640,,,
191,A,365,,TYR,NEAR_SHELL,2640,,,
191,A,367,,ARG,DIRECT,2640,,,
191,A,367,,ARG,NEAR_SHELL,2640,,,
191,A,414,,ARG,DIRECT,2640,,,
191,A,414,,ARG,NEAR_SHELL,2640,,,
192,A,97,,PHE,DIRECT,2640,,,
192,A,97,,PHE,NEAR_SHELL,2640,,,
192,A,148,,TYR,DIRECT,2640,,,
192,A,148,,TYR,NEAR_SHELL,2640,,,
192,A,194,,ASN,DIRECT,2640,,,
192,A,194,,ASN,NEAR_SHELL,2640,,,
192,A,211,,LYS,DIRECT,2640,,,
192,A,211,,LYS,NEAR_SHELL,2640,,,
192,A,240,,LEU,DIRECT,2640,,,
192,A,240,,LEU,NEAR_SHELL,2640,,,
192,A,310,,ASP,DIRECT,2640,,,
192,A,310,,ASP,NEAR_SHELL,2640,,,
192,A,365,,TYR,DIRECT,2640,,,
192,A,365,,TYR,NEAR_SHELL,2640,,,
192,A,367,,ARG,DIRECT,2640,,,
192,A,367,,ARG,NEAR_SHELL,2640,,,
192,A,414,,ARG,DIRECT,2640,,,
192,A,414,,ARG,NEAR_SHELL,2640,,,
193,A,13,,ASN,NEAR_SHELL,17626,Q9H7B4,13,SUBSTITUTION
193,A,14,,ARG,DIRECT,17626,Q9H7B4,14,MATCH
193,A,14,,ARG,NEAR_SHELL,17626,Q9H7B4,14,MATCH
193,A,15,,GLY,DIRECT,17626,Q9H7B4,15,MATCH
193,A,15,,GLY,NEAR_SHELL,17626,Q9H7B4,15,MATCH
193,A,130,,GLU,NEAR_SHELL,17626,Q9H7B4,130,MATCH
193,A,132,,ASN,DIRECT,17626,Q9H7B4,132,MATCH
193,A,132,,ASN,NEAR_SHELL,17626,Q9H7B4,132,MATCH
193,A,135,,LYS,NEAR_SHELL,17626,Q9H7B4,135,MATCH
193,A,180,,CYS,NEAR_SHELL,17626,Q9H7B4,180,MATCH
193,A,256,,GLN,NEAR_SHELL,17626,Q9H7B4,256,MATCH
193,A,258,,CYS,NEAR_SHELL,17626,Q9H7B4,258,MATCH
193,A,259,,PHE,DIRECT,17626,Q9H7B4,259,MATCH
193,A,259,,PHE,NEAR_SHELL,17626,Q9H7B4,259,MATCH
193,A,260,,GLU,NEAR_SHELL,17626,Q9H7B4,260,MATCH
194,A,376,,CYS,DIRECT,11585,Q86U44,376,MATCH
194,A,376,,CYS,NEAR_SHELL,11585,Q86U44,376,MATCH
194,A,377,,ASP,DIRECT,11585,Q86U44,377,MATCH
194,A,377,,ASP,NEAR_SHELL,11585,Q86U44,377,MATCH
194,A,378,,ILE,DIRECT,11585,Q86U44,378,MATCH
194,A,378,,ILE,NEAR_SHELL,11585,Q86U44,378,MATCH
194,A,379,,ARG,DIRECT,11585,Q86U44,379,MATCH
194,A,379,,ARG,NEAR_SHELL,11585,Q86U44,379,MATCH
194,A,395,,ASP,DIRECT,11585,Q86U44,395,MATCH
194,A,395,,ASP,NEAR_SHELL,11585,Q86U44,395,MATCH
194,A,396,,PRO,NEAR_SHELL,11585,Q86U44,396,MATCH
194,A,397,,PRO,DIRECT,11585,Q86U44,397,MATCH
194,A,397,,PRO,NEAR_SHELL,11585,Q86U44,397,MATCH
194,A,406,,TYR,DIRECT,11585,Q86U44,406,MATCH
194,A,406,,TYR,NEAR_SHELL,11585,Q86U44,406,MATCH
194,A,407,,GLY,DIRECT,11585,Q86U44,407,MATCH
194,A,407,,GLY,NEAR_SHELL,11585,Q86U44,407,MATCH
194,A,408,,THR,NEAR_SHELL,11585,Q86U44,408,MATCH
194,A,409,,LEU,DIRECT,11585,Q86U44,409,MATCH
194,A,409,,LEU,NEAR_SHELL,11585,Q86U44,409,MATCH
194,A,511,,SER,DIRECT,11585,Q86U44,511,MATCH
194,A,511,,SER,NEAR_SHELL,11585,Q86U44,511,MATCH
194,A,512,,HIS,DIRECT,11585,Q86U44,512,MATCH
194,A,512,,HIS,NEAR_SHELL,11585,Q86U44,512,MATCH
194,A,513,,LYS,DIRECT,11585,Q86U44,513,MATCH
194,A,513,,LYS,NEAR_SHELL,11585,Q86U44,513,MATCH
194,A,518,,TYR,NEAR_SHELL,11585,Q86U44,518,MATCH
194,A,532,,GLU,DIRECT,11585,Q86U44,532,MATCH
194,A,532,,GLU,NEAR_SHELL,11585,Q86U44,532,MATCH
194,A,534,,PHE,DIRECT,11585,Q86U44,534,MATCH
194,A,534,,PHE,NEAR_SHELL,11585,Q86U44,534,MATCH
194,A,535,,GLY,NEAR_SHELL,11585,Q86U44,535,MATCH
194,A,536,,ARG,DIRECT,11585,Q86U44,536,MATCH
194,A,536,,ARG,NEAR_SHELL,11585,Q86U44,536,MATCH
194,A,538,,HIS,DIRECT,11585,Q86U44,538,MATCH
194,A,538,,HIS,NEAR_SHELL,11585,Q86U44,538,MATCH
194,A,539,,ASN,DIRECT,11585,Q86U44,539,MATCH
194,A,539,,ASN,NEAR_SHELL,11585,Q86U44,539,MATCH
194,A,549,,ASN,DIRECT,11585,Q86U44,549,MATCH
194,A,549,,ASN,NEAR_SHELL,11585,Q86U44,549,MATCH
194,A,550,,GLN,DIRECT,11585,Q86U44,550,MATCH
194,A,550,,GLN,NEAR_SHELL,11585,Q86U44,550,MATCH
195,A,377,,ASP,DIRECT,11585,Q86U44,377,MATCH
195,A,377,,ASP,NEAR_SHELL,11585,Q86U44,377,MATCH
195,A,379,,ARG,NEAR_SHELL,11585,Q86U44,379,MATCH
195,A,395,,ASP,DIRECT,11585,Q86U44,395,MATCH
195,A,395,,ASP,NEAR_SHELL,11585,Q86U44,395,MATCH
195,A,397,,PRO,NEAR_SHELL,11585,Q86U44,397,MATCH
195,A,407,,GLY,NEAR_SHELL,11585,Q86U44,407,MATCH
195,A,408,,THR,NEAR_SHELL,11585,Q86U44,408,MATCH
195,A,409,,LEU,DIRECT,11585,Q86U44,409,MATCH
195,A,409,,LEU,NEAR_SHELL,11585,Q86U44,409,MATCH
195,A,511,,SER,NEAR_SHELL,11585,Q86U44,511,MATCH
195,A,513,,LYS,NEAR_SHELL,11585,Q86U44,513,MATCH
195,A,536,,ARG,DIRECT,11585,Q86U44,536,MATCH
195,A,536,,ARG,NEAR_SHELL,11585,Q86U44,536,MATCH
195,A,549,,ASN,DIRECT,11585,Q86U44,549,MATCH
195,A,549,,ASN,NEAR_SHELL,11585,Q86U44,549,MATCH
195,A,550,,GLN,DIRECT,11585,Q86U44,550,MATCH
195,A,550,,GLN,NEAR_SHELL,11585,Q86U44,550,MATCH
196,A,1044,,ARG,NEAR_SHELL,15523,Q96KQ7,1010,MATCH
196,A,1047,,LYS,NEAR_SHELL,15523,Q96KQ7,1013,MATCH
196,A,1048,,MET,DIRECT,15523,Q96KQ7,1014,MATCH
196,A,1048,,MET,NEAR_SHELL,15523,Q96KQ7,1014,MATCH
196,A,1049,,GLY,DIRECT,15523,Q96KQ7,1015,MATCH
196,A,1049,,GLY,NEAR_SHELL,15523,Q96KQ7,1015,MATCH
196,A,1050,,TRP,DIRECT,15523,Q96KQ7,1016,MATCH
196,A,1050,,TRP,NEAR_SHELL,15523,Q96KQ7,1016,MATCH
196,A,1067,,TYR,NEAR_SHELL,15523,Q96KQ7,1033,MATCH
196,A,1084,,SER,DIRECT,15523,Q96KQ7,1050,MATCH
196,A,1084,,SER,NEAR_SHELL,15523,Q96KQ7,1050,MATCH
196,A,1085,,TYR,DIRECT,15523,Q96KQ7,1051,MATCH
196,A,1085,,TYR,NEAR_SHELL,15523,Q96KQ7,1051,MATCH
196,A,1108,,SER,NEAR_SHELL,15523,Q96KQ7,1074,MATCH
196,A,1109,,ARG,DIRECT,15523,Q96KQ7,1075,MATCH
196,A,1109,,ARG,NEAR_SHELL,15523,Q96KQ7,1075,MATCH
196,A,1110,,PHE,DIRECT,15523,Q96KQ7,1076,MATCH
196,A,1110,,PHE,NEAR_SHELL,15523,Q96KQ7,1076,MATCH
196,A,1111,,ILE,DIRECT,15523,Q96KQ7,1077,MATCH
196,A,1111,,ILE,NEAR_SHELL,15523,Q96KQ7,1077,MATCH
196,A,1112,,ASN,DIRECT,15523,Q96KQ7,1078,MATCH
196,A,1112,,ASN,NEAR_SHELL,15523,Q96KQ7,1078,MATCH
196,A,1113,,HIS,DIRECT,15523,Q96KQ7,1079,MATCH
196,A,1113,,HIS,NEAR_SHELL,15523,Q96KQ7,1079,MATCH
196,A,1154,,TYR,DIRECT,15523,Q96KQ7,1120,MATCH
196,A,1154,,TYR,NEAR_SHELL,15523,Q96KQ7,1120,MATCH
196,A,1158,,PHE,DIRECT,15523,Q96KQ7,1124,MATCH
196,A,1158,,PHE,NEAR_SHELL,15523,Q96KQ7,1124,MATCH
196,A,1159,,TRP,NEAR_SHELL,15523,Q96KQ7,1125,MATCH
196,A,1166,,PHE,DIRECT,15523,Q96KQ7,1132,MATCH
196,A,1166,,PHE,NEAR_SHELL,15523,Q96KQ7,1132,MATCH
196,A,1167,,THR,DIRECT,15523,Q96KQ7,1133,MATCH
196,A,1167,,THR,NEAR_SHELL,15523,Q96KQ7,1133,MATCH
196,A,1168,,CYS,DIRECT,15523,Q96KQ7,1134,MATCH
196,A,1168,,CYS,NEAR_SHELL,15523,Q96KQ7,1134,MATCH
196,A,1169,,GLN,DIRECT,15523,Q96KQ7,1135,MATCH
196,A,1169,,GLN,NEAR_SHELL,15523,Q96KQ7,1135,MATCH
197,B,1047,,LYS,NEAR_SHELL,15523,Q96KQ7,1013,MATCH
197,B,1048,,MET,DIRECT,15523,Q96KQ7,1014,MATCH
197,B,1048,,MET,NEAR_SHELL,15523,Q96KQ7,1014,MATCH
197,B,1049,,GLY,DIRECT,15523,Q96KQ7,1015,MATCH
197,B,1049,,GLY,NEAR_SHELL,15523,Q96KQ7,1015,MATCH
197,B,1050,,TRP,DIRECT,15523,Q96KQ7,1016,MATCH
197,B,1050,,TRP,NEAR_SHELL,15523,Q96KQ7,1016,MATCH
197,B,1067,,TYR,NEAR_SHELL,15523,Q96KQ7,1033,MATCH
197,B,1084,,SER,DIRECT,15523,Q96KQ7,1050,MATCH
197,B,1084,,SER,NEAR_SHELL,15523,Q96KQ7,1050,MATCH
197,B,1085,,TYR,DIRECT,15523,Q96KQ7,1051,MATCH
197,B,1085,,TYR,NEAR_SHELL,15523,Q96KQ7,1051,MATCH
197,B,1108,,SER,NEAR_SHELL,15523,Q96KQ7,1074,MATCH
197,B,1109,,ARG,DIRECT,15523,Q96KQ7,1075,MATCH
197,B,1109,,ARG,NEAR_SHELL,15523,Q96KQ7,1075,MATCH
197,B,1110,,PHE,DIRECT,15523,Q96KQ7,1076,MATCH
197,B,1110,,PHE,NEAR_SHELL,15523,Q96KQ7,1076,MATCH
197,B,1111,,ILE,DIRECT,15523,Q96KQ7,1077,MATCH
197,B,1111,,ILE,NEAR_SHELL,15523,Q96KQ7,1077,MATCH
197,B,1112,,ASN,DIRECT,15523,Q96KQ7,1078,MATCH
197,B,1112,,ASN,NEAR_SHELL,15523,Q96KQ7,1078,MATCH
197,B,1113,,HIS,DIRECT,15523,Q96KQ7,1079,MATCH
197,B,1113,,HIS,NEAR_SHELL,15523,Q96KQ7,1079,MATCH
197,B,1154,,TYR,DIRECT,15523,Q96KQ7,1120,MATCH
197,B,1154,,TYR,NEAR_SHELL,15523,Q96KQ7,1120,MATCH
197,B,1158,,PHE,DIRECT,15523,Q96KQ7,1124,MATCH
197,B,1158,,PHE,NEAR_SHELL,15523,Q96KQ7,1124,MATCH
197,B,1159,,TRP,NEAR_SHELL,15523,Q96KQ7,1125,MATCH
197,B,1162,,LYS,NEAR_SHELL,15523,Q96KQ7,1128,MATCH
197,B,1166,,PHE,DIRECT,15523,Q96KQ7,1132,MATCH
197,B,1166,,PHE,NEAR_SHELL,15523,Q96KQ7,1132,MATCH
197,B,1167,,THR,DIRECT,15523,Q96KQ7,1133,MATCH
197,B,1167,,THR,NEAR_SHELL,15523,Q96KQ7,1133,MATCH
197,B,1168,,CYS,DIRECT,15523,Q96KQ7,1134,MATCH
197,B,1168,,CYS,NEAR_SHELL,15523,Q96KQ7,1134,MATCH
197,B,1169,,GLN,DIRECT,15523,Q96KQ7,1135,MATCH
197,B,1169,,GLN,NEAR_SHELL,15523,Q96KQ7,1135,MATCH
198,A,1044,,ARG,NEAR_SHELL,15523,Q96KQ7,1010,MATCH
198,A,1047,,LYS,NEAR_SHELL,15523,Q96KQ7,1013,MATCH
198,A,1048,,MET,DIRECT,15523,Q96KQ7,1014,MATCH
198,A,1048,,MET,NEAR_SHELL,15523,Q96KQ7,1014,MATCH
198,A,1049,,GLY,DIRECT,15523,Q96KQ7,1015,MATCH
198,A,1049,,GLY,NEAR_SHELL,15523,Q96KQ7,1015,MATCH
198,A,1050,,TRP,DIRECT,15523,Q96KQ7,1016,MATCH
198,A,1050,,TRP,NEAR_SHELL,15523,Q96KQ7,1016,MATCH
198,A,1084,,SER,DIRECT,15523,Q96KQ7,1050,MATCH
198,A,1084,,SER,NEAR_SHELL,15523,Q96KQ7,1050,MATCH
198,A,1085,,TYR,DIRECT,15523,Q96KQ7,1051,MATCH
198,A,1085,,TYR,NEAR_SHELL,15523,Q96KQ7,1051,MATCH
198,A,1109,,ARG,DIRECT,15523,Q96KQ7,1075,MATCH
198,A,1109,,ARG,NEAR_SHELL,15523,Q96KQ7,1075,MATCH
198,A,1110,,PHE,DIRECT,15523,Q96KQ7,1076,MATCH
198,A,1110,,PHE,NEAR_SHELL,15523,Q96KQ7,1076,MATCH
198,A,1112,,ASN,DIRECT,15523,Q96KQ7,1078,MATCH
198,A,1112,,ASN,NEAR_SHELL,15523,Q96KQ7,1078,MATCH
198,A,1113,,HIS,DIRECT,15523,Q96KQ7,1079,MATCH
198,A,1113,,HIS,NEAR_SHELL,15523,Q96KQ7,1079,MATCH
198,A,1114,,LEU,NEAR_SHELL,15523,Q96KQ7,1080,MATCH
198,A,1154,,TYR,DIRECT,15523,Q96KQ7,1120,MATCH
198,A,1154,,TYR,NEAR_SHELL,15523,Q96KQ7,1120,MATCH
198,A,1158,,PHE,DIRECT,15523,Q96KQ7,1124,MATCH
198,A,1158,,PHE,NEAR_SHELL,15523,Q96KQ7,1124,MATCH
198,A,1159,,TRP,NEAR_SHELL,15523,Q96KQ7,1125,MATCH
198,A,1162,,LYS,NEAR_SHELL,15523,Q96KQ7,1128,MATCH
198,A,1166,,PHE,DIRECT,15523,Q96KQ7,1132,MATCH
198,A,1166,,PHE,NEAR_SHELL,15523,Q96KQ7,1132,MATCH
198,A,1167,,THR,DIRECT,15523,Q96KQ7,1133,MATCH
198,A,1167,,THR,NEAR_SHELL,15523,Q96KQ7,1133,MATCH
198,A,1168,,CYS,DIRECT,15523,Q96KQ7,1134,MATCH
198,A,1168,,CYS,NEAR_SHELL,15523,Q96KQ7,1134,MATCH
198,A,1169,,GLN,DIRECT,15523,Q96KQ7,1135,MATCH
198,A,1169,,GLN,NEAR_SHELL,15523,Q96KQ7,1135,MATCH
198,A,1170,,CYS,NEAR_SHELL,15523,Q96KQ7,1136,MATCH
199,B,1044,,ARG,NEAR_SHELL,15523,Q96KQ7,1010,MATCH
199,B,1047,,LYS,NEAR_SHELL,15523,Q96KQ7,1013,MATCH
199,B,1048,,MET,DIRECT,15523,Q96KQ7,1014,MATCH
199,B,1048,,MET,NEAR_SHELL,15523,Q96KQ7,1014,MATCH
199,B,1049,,GLY,NEAR_SHELL,15523,Q96KQ7,1015,MATCH
199,B,1050,,TRP,DIRECT,15523,Q96KQ7,1016,MATCH
199,B,1050,,TRP,NEAR_SHELL,15523,Q96KQ7,1016,MATCH
199,B,1084,,SER,DIRECT,15523,Q96KQ7,1050,MATCH
199,B,1084,,SER,NEAR_SHELL,15523,Q96KQ7,1050,MATCH
199,B,1085,,TYR,DIRECT,15523,Q96KQ7,1051,MATCH
199,B,1085,,TYR,NEAR_SHELL,15523,Q96KQ7,1051,MATCH
199,B,1109,,ARG,DIRECT,15523,Q96KQ7,1075,MATCH
199,B,1109,,ARG,NEAR_SHELL,15523,Q96KQ7,1075,MATCH
199,B,1110,,PHE,DIRECT,15523,Q96KQ7,1076,MATCH
199,B,1110,,PHE,NEAR_SHELL,15523,Q96KQ7,1076,MATCH
199,B,1112,,ASN,DIRECT,15523,Q96KQ7,1078,MATCH
199,B,1112,,ASN,NEAR_SHELL,15523,Q96KQ7,1078,MATCH
199,B,1113,,HIS,DIRECT,15523,Q96KQ7,1079,MATCH
199,B,1113,,HIS,NEAR_SHELL,15523,Q96KQ7,1079,MATCH
199,B,1154,,TYR,DIRECT,15523,Q96KQ7,1120,MATCH
199,B,1154,,TYR,NEAR_SHELL,15523,Q96KQ7,1120,MATCH
199,B,1158,,PHE,DIRECT,15523,Q96KQ7,1124,MATCH
199,B,1158,,PHE,NEAR_SHELL,15523,Q96KQ7,1124,MATCH
199,B,1159,,TRP,NEAR_SHELL,15523,Q96KQ7,1125,MATCH
199,B,1162,,LYS,NEAR_SHELL,15523,Q96KQ7,1128,MATCH
199,B,1166,,PHE,DIRECT,15523,Q96KQ7,1132,MATCH
199,B,1166,,PHE,NEAR_SHELL,15523,Q96KQ7,1132,MATCH
199,B,1167,,THR,DIRECT,15523,Q96KQ7,1133,MATCH
199,B,1167,,THR,NEAR_SHELL,15523,Q96KQ7,1133,MATCH
199,B,1168,,CYS,DIRECT,15523,Q96KQ7,1134,MATCH
199,B,1168,,CYS,NEAR_SHELL,15523,Q96KQ7,1134,MATCH
199,B,1169,,GLN,DIRECT,15523,Q96KQ7,1135,MATCH
199,B,1169,,GLN,NEAR_SHELL,15523,Q96KQ7,1135,MATCH
200,A,1044,,ARG,NEAR_SHELL,15523,Q96KQ7,1010,MATCH
200,A,1047,,LYS,NEAR_SHELL,15523,Q96KQ7,1013,MATCH
200,A,1048,,MET,DIRECT,15523,Q96KQ7,1014,MATCH
200,A,1048,,MET,NEAR_SHELL,15523,Q96KQ7,1014,MATCH
200,A,1049,,GLY,DIRECT,15523,Q96KQ7,1015,MATCH
200,A,1049,,GLY,NEAR_SHELL,15523,Q96KQ7,1015,MATCH
200,A,1050,,TRP,DIRECT,15523,Q96KQ7,1016,MATCH
200,A,1050,,TRP,NEAR_SHELL,15523,Q96KQ7,1016,MATCH
200,A,1084,,SER,DIRECT,15523,Q96KQ7,1050,MATCH
200,A,1084,,SER,NEAR_SHELL,15523,Q96KQ7,1050,MATCH
200,A,1085,,TYR,DIRECT,15523,Q96KQ7,1051,MATCH
200,A,1085,,TYR,NEAR_SHELL,15523,Q96KQ7,1051,MATCH
200,A,1109,,ARG,DIRECT,15523,Q96KQ7,1075,MATCH
200,A,1109,,ARG,NEAR_SHELL,15523,Q96KQ7,1075,MATCH
200,A,1110,,PHE,DIRECT,15523,Q96KQ7,1076,MATCH
200,A,1110,,PHE,NEAR_SHELL,15523,Q96KQ7,1076,MATCH
200,A,1112,,ASN,DIRECT,15523,Q96KQ7,1078,MATCH
200,A,1112,,ASN,NEAR_SHELL,15523,Q96KQ7,1078,MATCH
200,A,1113,,HIS,DIRECT,15523,Q96KQ7,1079,MATCH
200,A,1113,,HIS,NEAR_SHELL,15523,Q96KQ7,1079,MATCH
200,A,1154,,TYR,DIRECT,15523,Q96KQ7,1120,MATCH
200,A,1154,,TYR,NEAR_SHELL,15523,Q96KQ7,1120,MATCH
200,A,1158,,PHE,DIRECT,15523,Q96KQ7,1124,MATCH
200,A,1158,,PHE,NEAR_SHELL,15523,Q96KQ7,1124,MATCH
200,A,1159,,TRP,NEAR_SHELL,15523,Q96KQ7,1125,MATCH
200,A,1162,,LYS,NEAR_SHELL,15523,Q96KQ7,1128,MATCH
200,A,1166,,PHE,DIRECT,15523,Q96KQ7,1132,MATCH
200,A,1166,,PHE,NEAR_SHELL,15523,Q96KQ7,1132,MATCH
200,A,1167,,THR,DIRECT,15523,Q96KQ7,1133,MATCH
200,A,1167,,THR,NEAR_SHELL,15523,Q96KQ7,1133,MATCH
200,A,1168,,CYS,DIRECT,15523,Q96KQ7,1134,MATCH
200,A,1168,,CYS,NEAR_SHELL,15523,Q96KQ7,1134,MATCH
200,A,1169,,GLN,DIRECT,15523,Q96KQ7,1135,MATCH
200,A,1169,,GLN,NEAR_SHELL,15523,Q96KQ7,1135,MATCH
201,B,1044,,ARG,NEAR_SHELL,15523,Q96KQ7,1010,MATCH
201,B,1047,,LYS,NEAR_SHELL,15523,Q96KQ7,1013,MATCH
201,B,1048,,MET,DIRECT,15523,Q96KQ7,1014,MATCH
201,B,1048,,MET,NEAR_SHELL,15523,Q96KQ7,1014,MATCH
201,B,1049,,GLY,DIRECT,15523,Q96KQ7,1015,MATCH
201,B,1049,,GLY,NEAR_SHELL,15523,Q96KQ7,1015,MATCH
201,B,1050,,TRP,DIRECT,15523,Q96KQ7,1016,MATCH
201,B,1050,,TRP,NEAR_SHELL,15523,Q96KQ7,1016,MATCH
201,B,1084,,SER,DIRECT,15523,Q96KQ7,1050,MATCH
201,B,1084,,SER,NEAR_SHELL,15523,Q96KQ7,1050,MATCH
201,B,1085,,TYR,DIRECT,15523,Q96KQ7,1051,MATCH
201,B,1085,,TYR,NEAR_SHELL,15523,Q96KQ7,1051,MATCH
201,B,1109,,ARG,DIRECT,15523,Q96KQ7,1075,MATCH
201,B,1109,,ARG,NEAR_SHELL,15523,Q96KQ7,1075,MATCH
201,B,1110,,PHE,DIRECT,15523,Q96KQ7,1076,MATCH
201,B,1110,,PHE,NEAR_SHELL,15523,Q96KQ7,1076,MATCH
201,B,1112,,ASN,DIRECT,15523,Q96KQ7,1078,MATCH
201,B,1112,,ASN,NEAR_SHELL,15523,Q96KQ7,1078,MATCH
201,B,1113,,HIS,DIRECT,15523,Q96KQ7,1079,MATCH
201,B,1113,,HIS,NEAR_SHELL,15523,Q96KQ7,1079,MATCH
201,B,1154,,TYR,DIRECT,15523,Q96KQ7,1120,MATCH
201,B,1154,,TYR,NEAR_SHELL,15523,Q96KQ7,1120,MATCH
201,B,1158,,PHE,DIRECT,15523,Q96KQ7,1124,MATCH
201,B,1158,,PHE,NEAR_SHELL,15523,Q96KQ7,1124,MATCH
201,B,1159,,TRP,NEAR_SHELL,15523,Q96KQ7,1125,MATCH
201,B,1162,,LYS,NEAR_SHELL,15523,Q96KQ7,1128,MATCH
201,B,1166,,PHE,DIRECT,15523,Q96KQ7,1132,MATCH
201,B,1166,,PHE,NEAR_SHELL,15523,Q96KQ7,1132,MATCH
201,B,1167,,THR,DIRECT,15523,Q96KQ7,1133,MATCH
201,B,1167,,THR,NEAR_SHELL,15523,Q96KQ7,1133,MATCH
201,B,1168,,CYS,DIRECT,15523,Q96KQ7,1134,MATCH
201,B,1168,,CYS,NEAR_SHELL,15523,Q96KQ7,1134,MATCH
201,B,1169,,GLN,DIRECT,15523,Q96KQ7,1135,MATCH
201,B,1169,,GLN,NEAR_SHELL,15523,Q96KQ7,1135,MATCH
202,A,1044,,ARG,NEAR_SHELL,15523,Q96KQ7,1010,MATCH
202,A,1047,,LYS,NEAR_SHELL,15523,Q96KQ7,1013,MATCH
202,A,1048,,MET,DIRECT,15523,Q96KQ7,1014,MATCH
202,A,1048,,MET,NEAR_SHELL,15523,Q96KQ7,1014,MATCH
202,A,1049,,GLY,DIRECT,15523,Q96KQ7,1015,MATCH
202,A,1049,,GLY,NEAR_SHELL,15523,Q96KQ7,1015,MATCH
202,A,1050,,TRP,DIRECT,15523,Q96KQ7,1016,MATCH
202,A,1050,,TRP,NEAR_SHELL,15523,Q96KQ7,1016,MATCH
202,A,1084,,SER,DIRECT,15523,Q96KQ7,1050,MATCH
202,A,1084,,SER,NEAR_SHELL,15523,Q96KQ7,1050,MATCH
202,A,1085,,TYR,DIRECT,15523,Q96KQ7,1051,MATCH
202,A,1085,,TYR,NEAR_SHELL,15523,Q96KQ7,1051,MATCH
202,A,1109,,ARG,DIRECT,15523,Q96KQ7,1075,MATCH
202,A,1109,,ARG,NEAR_SHELL,15523,Q96KQ7,1075,MATCH
202,A,1110,,PHE,DIRECT,15523,Q96KQ7,1076,MATCH
202,A,1110,,PHE,NEAR_SHELL,15523,Q96KQ7,1076,MATCH
202,A,1112,,ASN,DIRECT,15523,Q96KQ7,1078,MATCH
202,A,1112,,ASN,NEAR_SHELL,15523,Q96KQ7,1078,MATCH
202,A,1113,,HIS,DIRECT,15523,Q96KQ7,1079,MATCH
202,A,1113,,HIS,NEAR_SHELL,15523,Q96KQ7,1079,MATCH
202,A,1114,,LEU,NEAR_SHELL,15523,Q96KQ7,1080,MATCH
202,A,1154,,TYR,DIRECT,15523,Q96KQ7,1120,MATCH
202,A,1154,,TYR,NEAR_SHELL,15523,Q96KQ7,1120,MATCH
202,A,1158,,PHE,DIRECT,15523,Q96KQ7,1124,MATCH
202,A,1158,,PHE,NEAR_SHELL,15523,Q96KQ7,1124,MATCH
202,A,1159,,TRP,NEAR_SHELL,15523,Q96KQ7,1125,MATCH
202,A,1166,,PHE,DIRECT,15523,Q96KQ7,1132,MATCH
202,A,1166,,PHE,NEAR_SHELL,15523,Q96KQ7,1132,MATCH
202,A,1167,,THR,DIRECT,15523,Q96KQ7,1133,MATCH
202,A,1167,,THR,NEAR_SHELL,15523,Q96KQ7,1133,MATCH
202,A,1168,,CYS,DIRECT,15523,Q96KQ7,1134,MATCH
202,A,1168,,CYS,NEAR_SHELL,15523,Q96KQ7,1134,MATCH
202,A,1169,,GLN,DIRECT,15523,Q96KQ7,1135,MATCH
202,A,1169,,GLN,NEAR_SHELL,15523,Q96KQ7,1135,MATCH
202,A,1170,,CYS,NEAR_SHELL,15523,Q96KQ7,1136,MATCH
203,B,1047,,LYS,NEAR_SHELL,15523,Q96KQ7,1013,MATCH
203,B,1048,,MET,DIRECT,15523,Q96KQ7,1014,MATCH
203,B,1048,,MET,NEAR_SHELL,15523,Q96KQ7,1014,MATCH
203,B,1049,,GLY,DIRECT,15523,Q96KQ7,1015,MATCH
203,B,1049,,GLY,NEAR_SHELL,15523,Q96KQ7,1015,MATCH
203,B,1050,,TRP,DIRECT,15523,Q96KQ7,1016,MATCH
203,B,1050,,TRP,NEAR_SHELL,15523,Q96KQ7,1016,MATCH
203,B,1084,,SER,DIRECT,15523,Q96KQ7,1050,MATCH
203,B,1084,,SER,NEAR_SHELL,15523,Q96KQ7,1050,MATCH
203,B,1085,,TYR,DIRECT,15523,Q96KQ7,1051,MATCH
203,B,1085,,TYR,NEAR_SHELL,15523,Q96KQ7,1051,MATCH
203,B,1109,,ARG,DIRECT,15523,Q96KQ7,1075,MATCH
203,B,1109,,ARG,NEAR_SHELL,15523,Q96KQ7,1075,MATCH
203,B,1110,,PHE,DIRECT,15523,Q96KQ7,1076,MATCH
203,B,1110,,PHE,NEAR_SHELL,15523,Q96KQ7,1076,MATCH
203,B,1112,,ASN,DIRECT,15523,Q96KQ7,1078,MATCH
203,B,1112,,ASN,NEAR_SHELL,15523,Q96KQ7,1078,MATCH
203,B,1113,,HIS,DIRECT,15523,Q96KQ7,1079,MATCH
203,B,1113,,HIS,NEAR_SHELL,15523,Q96KQ7,1079,MATCH
203,B,1154,,TYR,DIRECT,15523,Q96KQ7,1120,MATCH
203,B,1154,,TYR,NEAR_SHELL,15523,Q96KQ7,1120,MATCH
203,B,1158,,PHE,DIRECT,15523,Q96KQ7,1124,MATCH
203,B,1158,,PHE,NEAR_SHELL,15523,Q96KQ7,1124,MATCH
203,B,1159,,TRP,NEAR_SHELL,15523,Q96KQ7,1125,MATCH
203,B,1162,,LYS,NEAR_SHELL,15523,Q96KQ7,1128,MATCH
203,B,1166,,PHE,DIRECT,15523,Q96KQ7,1132,MATCH
203,B,1166,,PHE,NEAR_SHELL,15523,Q96KQ7,1132,MATCH
203,B,1167,,THR,DIRECT,15523,Q96KQ7,1133,MATCH
203,B,1167,,THR,NEAR_SHELL,15523,Q96KQ7,1133,MATCH
203,B,1168,,CYS,DIRECT,15523,Q96KQ7,1134,MATCH
203,B,1168,,CYS,NEAR_SHELL,15523,Q96KQ7,1134,MATCH
203,B,1169,,GLN,DIRECT,15523,Q96KQ7,1135,MATCH
203,B,1169,,GLN,NEAR_SHELL,15523,Q96KQ7,1135,MATCH
204,A,1561,,GLY,DIRECT,16909,Q9BYW2,1561,MATCH
204,A,1561,,GLY,NEAR_SHELL,16909,Q9BYW2,1561,MATCH
204,A,1562,,TRP,NEAR_SHELL,16909,Q9BYW2,1562,MATCH
204,A,1602,,ILE,DIRECT,16909,Q9BYW2,1602,MATCH
204,A,1602,,ILE,NEAR_SHELL,16909,Q9BYW2,1602,MATCH
204,A,1603,,HIS,DIRECT,16909,Q9BYW2,1603,MATCH
204,A,1603,,HIS,NEAR_SHELL,16909,Q9BYW2,1603,MATCH
204,A,1605,,TYR,DIRECT,16909,Q9BYW2,1605,MATCH
204,A,1605,,TYR,NEAR_SHELL,16909,Q9BYW2,1605,MATCH
204,A,1625,,ARG,NEAR_SHELL,16909,Q9BYW2,1625,MATCH
204,A,1626,,PHE,DIRECT,16909,Q9BYW2,1626,MATCH
204,A,1626,,PHE,NEAR_SHELL,16909,Q9BYW2,1626,MATCH
204,A,1676,,GLN,NEAR_SHELL,16909,Q9BYW2,1676,MATCH
205,A,376,,CYS,DIRECT,11585,Q86U44,376,MATCH
205,A,376,,CYS,NEAR_SHELL,11585,Q86U44,376,MATCH
205,A,377,,ASP,DIRECT,11585,Q86U44,377,MATCH
205,A,377,,ASP,NEAR_SHELL,11585,Q86U44,377,MATCH
205,A,378,,ILE,DIRECT,11585,Q86U44,378,MATCH
205,A,378,,ILE,NEAR_SHELL,11585,Q86U44,378,MATCH
205,A,379,,ARG,DIRECT,11585,Q86U44,379,MATCH
205,A,379,,ARG,NEAR_SHELL,11585,Q86U44,379,MATCH
205,A,395,,ASP,DIRECT,11585,Q86U44,395,MATCH
205,A,395,,ASP,NEAR_SHELL,11585,Q86U44,395,MATCH
205,A,396,,PRO,NEAR_SHELL,11585,Q86U44,396,MATCH
205,A,397,,PRO,DIRECT,11585,Q86U44,397,MATCH
205,A,397,,PRO,NEAR_SHELL,11585,Q86U44,397,MATCH
205,A,407,,GLY,NEAR_SHELL,11585,Q86U44,407,MATCH
205,A,408,,THR,NEAR_SHELL,11585,Q86U44,408,MATCH
205,A,409,,LEU,DIRECT,11585,Q86U44,409,MATCH
205,A,409,,LEU,NEAR_SHELL,11585,Q86U44,409,MATCH
205,A,431,,TRP,NEAR_SHELL,11585,Q86U44,431,MATCH
205,A,511,,SER,DIRECT,11585,Q86U44,511,MATCH
205,A,511,,SER,NEAR_SHELL,11585,Q86U44,511,MATCH
205,A,513,,LYS,DIRECT,11585,Q86U44,513,MATCH
205,A,513,,LYS,NEAR_SHELL,11585,Q86U44,513,MATCH
205,A,518,,TYR,NEAR_SHELL,11585,Q86U44,518,MATCH
205,A,532,,GLU,DIRECT,11585,Q86U44,532,MATCH
205,A,532,,GLU,NEAR_SHELL,11585,Q86U44,532,MATCH
205,A,534,,PHE,DIRECT,11585,Q86U44,534,MATCH
205,A,534,,PHE,NEAR_SHELL,11585,Q86U44,534,MATCH
205,A,535,,GLY,NEAR_SHELL,11585,Q86U44,535,MATCH
205,A,536,,ARG,DIRECT,11585,Q86U44,536,MATCH
205,A,536,,ARG,NEAR_SHELL,11585,Q86U44,536,MATCH
205,A,538,,HIS,DIRECT,11585,Q86U44,538,MATCH
205,A,538,,HIS,NEAR_SHELL,11585,Q86U44,538,MATCH
205,A,539,,ASN,DIRECT,11585,Q86U44,539,MATCH
205,A,539,,ASN,NEAR_SHELL,11585,Q86U44,539,MATCH
205,A,548,,GLY,DIRECT,11585,Q86U44,548,MATCH
205,A,548,,GLY,NEAR_SHELL,11585,Q86U44,548,MATCH
205,A,549,,ASN,DIRECT,11585,Q86U44,549,MATCH
205,A,549,,ASN,NEAR_SHELL,11585,Q86U44,549,MATCH
205,A,550,,GLN,DIRECT,11585,Q86U44,550,MATCH
205,A,550,,GLN,NEAR_SHELL,11585,Q86U44,550,MATCH
206,A,377,,ASP,DIRECT,11585,Q86U44,377,MATCH
206,A,377,,ASP,NEAR_SHELL,11585,Q86U44,377,MATCH
206,A,379,,ARG,NEAR_SHELL,11585,Q86U44,379,MATCH
206,A,395,,ASP,DIRECT,11585,Q86U44,395,MATCH
206,A,395,,ASP,NEAR_SHELL,11585,Q86U44,395,MATCH
206,A,397,,PRO,NEAR_SHELL,11585,Q86U44,397,MATCH
206,A,407,,GLY,NEAR_SHELL,11585,Q86U44,407,MATCH
206,A,409,,LEU,DIRECT,11585,Q86U44,409,MATCH
206,A,409,,LEU,NEAR_SHELL,11585,Q86U44,409,MATCH
206,A,431,,TRP,NEAR_SHELL,11585,Q86U44,431,MATCH
206,A,511,,SER,NEAR_SHELL,11585,Q86U44,511,MATCH
206,A,513,,LYS,DIRECT,11585,Q86U44,513,MATCH
206,A,513,,LYS,NEAR_SHELL,11585,Q86U44,513,MATCH
206,A,518,,TYR,NEAR_SHELL,11585,Q86U44,518,MATCH
206,A,532,,GLU,DIRECT,11585,Q86U44,532,MATCH
206,A,532,,GLU,NEAR_SHELL,11585,Q86U44,532,MATCH
206,A,536,,ARG,DIRECT,11585,Q86U44,536,MATCH
206,A,536,,ARG,NEAR_SHELL,11585,Q86U44,536,MATCH
206,A,539,,ASN,DIRECT,11585,Q86U44,539,MATCH
206,A,539,,ASN,NEAR_SHELL,11585,Q86U44,539,MATCH
206,A,549,,ASN,DIRECT,11585,Q86U44,549,MATCH
206,A,549,,ASN,NEAR_SHELL,11585,Q86U44,549,MATCH
206,A,550,,GLN,DIRECT,11585,Q86U44,550,MATCH
206,A,550,,GLN,NEAR_SHELL,11585,Q86U44,550,MATCH
207,A,296,,PHE,DIRECT,8324,,,
207,A,296,,PHE,NEAR_SHELL,8324,,,
207,A,297,,PHE,DIRECT,8324,,,
207,A,297,,PHE,NEAR_SHELL,8324,,,
207,A,299,,ASP,NEAR_SHELL,8324,,,
207,A,300,,GLY,DIRECT,8324,,,
207,A,300,,GLY,NEAR_SHELL,8324,,,
207,A,301,,TYR,DIRECT,8324,,,
207,A,301,,TYR,NEAR_SHELL,8324,,,
207,A,302,,ALA,NEAR_SHELL,8324,,,
207,A,326,,ASP,NEAR_SHELL,8324,,,
207,A,328,,SER,DIRECT,8324,,,
207,A,328,,SER,NEAR_SHELL,8324,,,
207,A,329,,CYS,DIRECT,8324,,,
207,A,329,,CYS,NEAR_SHELL,8324,,,
207,A,332,,PHE,DIRECT,8324,,,
207,A,332,,PHE,NEAR_SHELL,8324,,,
207,A,333,,ILE,DIRECT,8324,,,
207,A,333,,ILE,NEAR_SHELL,8324,,,
207,A,388,,ILE,NEAR_SHELL,8324,,,
207,A,389,,TYR,NEAR_SHELL,8324,,,
207,A,392,,SER,DIRECT,8324,,,
207,A,392,,SER,NEAR_SHELL,8324,,,
207,A,393,,THR,NEAR_SHELL,8324,,,
207,A,394,,ARG,DIRECT,8324,,,
207,A,394,,ARG,NEAR_SHELL,8324,,,
208,A,296,,PHE,DIRECT,8324,,,
208,A,296,,PHE,NEAR_SHELL,8324,,,
208,A,300,,GLY,DIRECT,8324,,,
208,A,300,,GLY,NEAR_SHELL,8324,,,
208,A,301,,TYR,NEAR_SHELL,8324,,,
208,A,302,,ALA,DIRECT,8324,,,
208,A,302,,ALA,NEAR_SHELL,8324,,,
208,A,326,,ASP,NEAR_SHELL,8324,,,
208,A,328,,SER,DIRECT,8324,,,
208,A,328,,SER,NEAR_SHELL,8324,,,
208,A,329,,CYS,DIRECT,8324,,,
208,A,329,,CYS,NEAR_SHELL,8324,,,
208,A,332,,PHE,DIRECT,8324,,,
208,A,332,,PHE,NEAR_SHELL,8324,,,
208,A,333,,ILE,NEAR_SHELL,8324,,,
208,A,389,,TYR,DIRECT,8324,,,
208,A,389,,TYR,NEAR_SHELL,8324,,,
208,A,391,,GLY,NEAR_SHELL,8324,,,
208,A,392,,SER,DIRECT,8324,,,
208,A,392,,SER,NEAR_SHELL,8324,,,
208,A,393,,THR,DIRECT,8324,,,
208,A,393,,THR,NEAR_SHELL,8324,,,
208,A,394,,ARG,NEAR_SHELL,8324,,,
209,A,358,,TRP,DIRECT,8324,,,
209,A,358,,TRP,NEAR_SHELL,8324,,,
209,A,363,,TRP,DIRECT,8324,,,
209,A,363,,TRP,NEAR_SHELL,8324,,,
209,A,379,,PHE,DIRECT,8324,,,
209,A,379,,PHE,NEAR_SHELL,8324,,,
209,A,381,,ASP,NEAR_SHELL,8324,,,
209,A,382,,ASP,DIRECT,8324,,,
209,A,382,,ASP,NEAR_SHELL,8324,,,
209,A,384,,ARG,DIRECT,8324,,,
209,A,384,,ARG,NEAR_SHELL,8324,,,
209,A,385,,CYS,DIRECT,8324,,,
209,A,385,,CYS,NEAR_SHELL,8324,,,
209,A,386,,GLU,DIRECT,8324,,,
209,A,386,,GLU,NEAR_SHELL,8324,,,
210,A,358,,TRP,DIRECT,8324,,,
210,A,358,,TRP,NEAR_SHELL,8324,,,
210,A,363,,TRP,DIRECT,8324,,,
210,A,363,,TRP,NEAR_SHELL,8324,,,
210,A,379,,PHE,DIRECT,8324,,,
210,A,379,,PHE,NEAR_SHELL,8324,,,
210,A,382,,ASP,DIRECT,8324,,,
210,A,382,,ASP,NEAR_SHELL,8324,,,
210,A,384,,ARG,DIRECT,8324,,,
210,A,384,,ARG,NEAR_SHELL,8324,,,
210,A,385,,CYS,DIRECT,8324,,,
210,A,385,,CYS,NEAR_SHELL,8324,,,
210,A,386,,GLU,DIRECT,8324,,,
210,A,386,,GLU,NEAR_SHELL,8324,,,
210,A,394,,ARG,NEAR_SHELL,8324,,,
211,A,16,,GLY,DIRECT,18247,Q9NRG4,16,MATCH
211,A,16,,GLY,NEAR_SHELL,18247,Q9NRG4,16,MATCH
211,A,17,,LYS,DIRECT,18247,Q9NRG4,17,MATCH
211,A,17,,LYS,NEAR_SHELL,18247,Q9NRG4,17,MATCH
211,A,18,,GLY,NEAR_SHELL,18247,Q9NRG4,18,MATCH
211,A,19,,ARG,DIRECT,18247,Q9NRG4,19,MATCH
211,A,19,,ARG,NEAR_SHELL,18247,Q9NRG4,19,MATCH
211,A,129,,LEU,NEAR_SHELL,18247,Q9NRG4,129,MATCH
211,A,135,,GLU,DIRECT,18247,Q9NRG4,135,MATCH
211,A,135,,GLU,NEAR_SHELL,18247,Q9NRG4,135,MATCH
211,A,137,,HIS,DIRECT,18247,Q9NRG4,137,MATCH
211,A,137,,HIS,NEAR_SHELL,18247,Q9NRG4,137,MATCH
211,A,181,,CYS,DIRECT,18247,Q9NRG4,181,MATCH
211,A,181,,CYS,NEAR_SHELL,18247,Q9NRG4,181,MATCH
211,A,182,,ASN,DIRECT,18247,Q9NRG4,182,MATCH
211,A,182,,ASN,NEAR_SHELL,18247,Q9NRG4,182,MATCH
211,A,203,,ALA,DIRECT,18247,Q9NRG4,203,MATCH
211,A,203,,ALA,NEAR_SHELL,18247,Q9NRG4,203,MATCH
211,A,204,,LEU,DIRECT,18247,Q9NRG4,204,MATCH
211,A,204,,LEU,NEAR_SHELL,18247,Q9NRG4,204,MATCH
211,A,205,,MET,DIRECT,18247,Q9NRG4,205,MATCH
211,A,205,,MET,NEAR_SHELL,18247,Q9NRG4,205,MATCH
211,A,206,,ASN,DIRECT,18247,Q9NRG4,206,MATCH
211,A,206,,ASN,NEAR_SHELL,18247,Q9NRG4,206,MATCH
211,A,207,,HIS,DIRECT,18247,Q9NRG4,207,MATCH
211,A,207,,HIS,NEAR_SHELL,18247,Q9NRG4,207,MATCH
211,A,237,,PHE,NEAR_SHELL,18247,Q9NRG4,237,MATCH
211,A,240,,TYR,DIRECT,18247,Q9NRG4,240,MATCH
211,A,240,,TYR,NEAR_SHELL,18247,Q9NRG4,240,MATCH
211,A,258,,TYR,DIRECT,18247,Q9NRG4,258,MATCH
211,A,258,,TYR,NEAR_SHELL,18247,Q9NRG4,258,MATCH
211,A,259,,PHE,NEAR_SHELL,18247,Q9NRG4,259,MATCH
211,A,260,,PHE,DIRECT,18247,Q9NRG4,260,MATCH
211,A,260,,PHE,NEAR_SHELL,18247,Q9NRG4,260,MATCH
211,A,261,,THR,NEAR_SHELL,18247,Q9NRG4,261,MATCH
211,A,262,,CYS,NEAR_SHELL,18247,Q9NRG4,262,MATCH
211,A,263,,GLU,NEAR_SHELL,18247,Q9NRG4,263,MATCH
212,A,247,,THR,DIRECT,18247,,,
212,A,247,,THR,NEAR_SHELL,18247,,,
212,A,248,,GLU,DIRECT,18247,,,
212,A,248,,GLU,NEAR_SHELL,18247,,,
212,A,251,,ASN,DIRECT,18247,,,
212,A,251,,ASN,NEAR_SHELL,18247,,,
212,A,255,,ARG,DIRECT,18247,,,
212,A,255,,ARG,NEAR_SHELL,18247,,,
212,A,261,,THR,DIRECT,18247,Q9NRG4,261,MATCH
212,A,261,,THR,NEAR_SHELL,18247,Q9NRG4,261,MATCH
212,A,262,,CYS,NEAR_SHELL,18247,Q9NRG4,262,MATCH
212,A,267,,CYS,NEAR_SHELL,18247,,,
212,A,270,,LYS,DIRECT,18247,,,
212,A,270,,LYS,NEAR_SHELL,18247,,,
212,A,273,,ASP,NEAR_SHELL,18247,,,
213,A,351,,LEU,NEAR_SHELL,18247,,,
213,A,356,,TRP,DIRECT,18247,,,
213,A,356,,TRP,NEAR_SHELL,18247,,,
213,A,390,,ARG,DIRECT,18247,,,
213,A,390,,ARG,NEAR_SHELL,18247,,,
213,A,391,,LEU,DIRECT,18247,,,
213,A,391,,LEU,NEAR_SHELL,18247,,,
213,A,393,,MET,NEAR_SHELL,18247,,,
213,A,394,,GLY,DIRECT,18247,,,
213,A,394,,GLY,NEAR_SHELL,18247,,,
214,A,122,,ARG,NEAR_SHELL,18247,,,
215,A,65,,CYS,NEAR_SHELL,18247,,,
215,A,67,,ARG,DIRECT,18247,,,
215,A,67,,ARG,NEAR_SHELL,18247,,,
215,A,79,,GLN,DIRECT,18247,,,
215,A,79,,GLN,NEAR_SHELL,18247,,,
215,A,80,,LYS,NEAR_SHELL,18247,,,
215,A,83,,TRP,DIRECT,18247,,,
215,A,83,,TRP,NEAR_SHELL,18247,,,
216,A,105,,THR,DIRECT,18247,,,
216,A,105,,THR,NEAR_SHELL,18247,,,
216,A,108,,LEU,NEAR_SHELL,18247,,,
216,A,136,,SER,NEAR_SHELL,18247,,,
216,A,141,,LEU,DIRECT,18247,,,
216,A,141,,LEU,NEAR_SHELL,18247,,,
216,A,145,,LYS,DIRECT,18247,,,
216,A,145,,LYS,NEAR_SHELL,18247,,,
216,A,148,,LEU,NEAR_SHELL,18247,,,
216,A,149,,ILE,DIRECT,18247,,,
216,A,149,,ILE,NEAR_SHELL,18247,,,
216,A,177,,ALA,DIRECT,18247,,,
216,A,177,,ALA,NEAR_SHELL,18247,,,
216,A,179,,VAL,DIRECT,18247,,,
216,A,179,,VAL,NEAR_SHELL,18247,,,
216,A,180,,ASN,DIRECT,18247,,,
216,A,180,,ASN,NEAR_SHELL,18247,,,
216,A,181,,CYS,DIRECT,18247,Q9NRG4,181,MATCH
216,A,181,,CYS,NEAR_SHELL,18247,Q9NRG4,181,MATCH
216,A,182,,ASN,DIRECT,18247,Q9NRG4,182,MATCH
216,A,182,,ASN,NEAR_SHELL,18247,Q9NRG4,182,MATCH
216,A,183,,GLY,DIRECT,18247,,,
216,A,183,,GLY,NEAR_SHELL,18247,,,
216,A,184,,PHE,DIRECT,18247,,,
216,A,184,,PHE,NEAR_SHELL,18247,,,
216,A,185,,THR,DIRECT,18247,,,
216,A,185,,THR,NEAR_SHELL,18247,,,
216,A,187,,GLU,NEAR_SHELL,18247,,,
216,A,196,,SER,NEAR_SHELL,18247,,,
216,A,202,,VAL,NEAR_SHELL,18247,,,
216,A,203,,ALA,NEAR_SHELL,18247,Q9NRG4,203,MATCH
216,A,205,,MET,NEAR_SHELL,18247,Q9NRG4,205,MATCH
216,A,217,,TYR,NEAR_SHELL,18247,,,
216,A,239,,SER,NEAR_SHELL,18247,,,
216,A,240,,TYR,DIRECT,18247,Q9NRG4,240,MATCH
216,A,240,,TYR,NEAR_SHELL,18247,Q9NRG4,240,MATCH
216,A,241,,ILE,NEAR_SHELL,18247,,,
216,A,256,,ASP,NEAR_SHELL,18247,,,
216,A,257,,SER,DIRECT,18247,,,
216,A,257,,SER,NEAR_SHELL,18247,,,
216,A,258,,TYR,DIRECT,18247,Q9NRG4,258,MATCH
216,A,258,,TYR,NEAR_SHELL,18247,Q9NRG4,258,MATCH
216,A,259,,PHE,DIRECT,18247,Q9NRG4,259,MATCH
216,A,259,,PHE,NEAR_SHELL,18247,Q9NRG4,259,MATCH
217,A,395,,ASP,NEAR_SHELL,11585,Q86U44,395,MATCH
217,A,396,,PRO,NEAR_SHELL,11585,Q86U44,396,MATCH
217,A,397,,PRO,NEAR_SHELL,11585,Q86U44,397,MATCH
217,A,406,,TYR,DIRECT,11585,Q86U44,406,MATCH
217,A,406,,TYR,NEAR_SHELL,11585,Q86U44,406,MATCH
217,A,511,,SER,NEAR_SHELL,11585,Q86U44,511,MATCH
217,A,512,,HIS,NEAR_SHELL,11585,Q86U44,512,MATCH
217,A,513,,LYS,NEAR_SHELL,11585,Q86U44,513,MATCH
218,A,376,,CYS,DIRECT,11585,Q86U44,376,MATCH
218,A,376,,CYS,NEAR_SHELL,11585,Q86U44,376,MATCH
218,A,377,,ASP,DIRECT,11585,Q86U44,377,MATCH
218,A,377,,ASP,NEAR_SHELL,11585,Q86U44,377,MATCH
218,A,378,,ILE,DIRECT,11585,Q86U44,378,MATCH
218,A,378,,ILE,NEAR_SHELL,11585,Q86U44,378,MATCH
218,A,379,,ARG,DIRECT,11585,Q86U44,379,MATCH
218,A,379,,ARG,NEAR_SHELL,11585,Q86U44,379,MATCH
218,A,395,,ASP,DIRECT,11585,Q86U44,395,MATCH
218,A,395,,ASP,NEAR_SHELL,11585,Q86U44,395,MATCH
218,A,396,,PRO,NEAR_SHELL,11585,Q86U44,396,MATCH
218,A,397,,PRO,DIRECT,11585,Q86U44,397,MATCH
218,A,397,,PRO,NEAR_SHELL,11585,Q86U44,397,MATCH
218,A,407,,GLY,DIRECT,11585,Q86U44,407,MATCH
218,A,407,,GLY,NEAR_SHELL,11585,Q86U44,407,MATCH
218,A,408,,THR,NEAR_SHELL,11585,Q86U44,408,MATCH
218,A,409,,LEU,DIRECT,11585,Q86U44,409,MATCH
218,A,409,,LEU,NEAR_SHELL,11585,Q86U44,409,MATCH
218,A,431,,TRP,NEAR_SHELL,11585,Q86U44,431,MATCH
218,A,511,,SER,DIRECT,11585,Q86U44,511,MATCH
218,A,511,,SER,NEAR_SHELL,11585,Q86U44,511,MATCH
218,A,512,,HIS,NEAR_SHELL,11585,Q86U44,512,MATCH
218,A,513,,LYS,DIRECT,11585,Q86U44,513,MATCH
218,A,513,,LYS,NEAR_SHELL,11585,Q86U44,513,MATCH
218,A,518,,TYR,NEAR_SHELL,11585,Q86U44,518,MATCH
218,A,532,,GLU,DIRECT,11585,Q86U44,532,MATCH
218,A,532,,GLU,NEAR_SHELL,11585,Q86U44,532,MATCH
218,A,534,,PHE,DIRECT,11585,Q86U44,534,MATCH
218,A,534,,PHE,NEAR_SHELL,11585,Q86U44,534,MATCH
218,A,535,,GLY,NEAR_SHELL,11585,Q86U44,535,MATCH
218,A,536,,ARG,DIRECT,11585,Q86U44,536,MATCH
218,A,536,,ARG,NEAR_SHELL,11585,Q86U44,536,MATCH
218,A,539,,ASN,DIRECT,11585,Q86U44,539,MATCH
218,A,539,,ASN,NEAR_SHELL,11585,Q86U44,539,MATCH
218,A,548,,GLY,DIRECT,11585,Q86U44,548,MATCH
218,A,548,,GLY,NEAR_SHELL,11585,Q86U44,548,MATCH
218,A,549,,ASN,DIRECT,11585,Q86U44,549,MATCH
218,A,549,,ASN,NEAR_SHELL,11585,Q86U44,549,MATCH
218,A,550,,GLN,DIRECT,11585,Q86U44,550,MATCH
218,A,550,,GLN,NEAR_SHELL,11585,Q86U44,550,MATCH
219,A,174,,GLN,NEAR_SHELL,,,,
219,D,459,,GLN,DIRECT,,,,
219,D,459,,GLN,NEAR_SHELL,,,,
220,A,138,,PHE,DIRECT,,,,
220,A,138,,PHE,NEAR_SHELL,,,,
220,A,141,,ARG,NEAR_SHELL,,,,
220,A,150,,TYR,DIRECT,,,,
220,A,150,,TYR,NEAR_SHELL,,,,
220,A,151,,PHE,DIRECT,,,,
220,A,151,,PHE,NEAR_SHELL,,,,
220,A,154,,TYR,DIRECT,,,,
220,A,154,,TYR,NEAR_SHELL,,,,
220,A,160,,GLN,NEAR_SHELL,,,,
220,A,163,,MET,NEAR_SHELL,,,,
220,A,192,,VAL,NEAR_SHELL,,,,
220,A,193,,GLY,DIRECT,,,,
220,A,193,,GLY,NEAR_SHELL,,,,
220,A,194,,CYS,NEAR_SHELL,,,,
220,A,195,,GLY,DIRECT,,,,
220,A,195,,GLY,NEAR_SHELL,,,,
220,A,214,,VAL,NEAR_SHELL,,,,
220,A,215,,GLU,DIRECT,,,,
220,A,215,,GLU,NEAR_SHELL,,,,
220,A,216,,ALA,DIRECT,,,,
220,A,216,,ALA,NEAR_SHELL,,,,
220,A,241,,GLY,DIRECT,,,,
220,A,241,,GLY,NEAR_SHELL,,,,
220,A,242,,LYS,DIRECT,,,,
220,A,242,,LYS,NEAR_SHELL,,,,
220,A,243,,VAL,DIRECT,,,,
220,A,243,,VAL,NEAR_SHELL,,,,
220,A,244,,GLU,DIRECT,,,,
220,A,244,,GLU,NEAR_SHELL,,,,
220,A,258,,GLU,DIRECT,,,,
220,A,258,,GLU,NEAR_SHELL,,,,
220,A,269,,MET,DIRECT,,,,
220,A,269,,MET,NEAR_SHELL,,,,
220,A,272,,SER,DIRECT,,,,
220,A,272,,SER,NEAR_SHELL,,,,
220,A,447,,GLN,NEAR_SHELL,,,,
220,E,1,,ARG,DIRECT,,,,
220,E,1,,ARG,NEAR_SHELL,,,,
221,A,162,,ASN,NEAR_SHELL,,,,
221,A,417,,TYR,DIRECT,,,,
221,A,417,,TYR,NEAR_SHELL,,,,
221,A,477,,TYR,NEAR_SHELL,,,,
221,E,3,,ALA,DIRECT,,,,
221,E,3,,ALA,NEAR_SHELL,,,,
221,E,4,,ALA,DIRECT,,,,
221,E,4,,ALA,NEAR_SHELL,,,,
222,B,138,,PHE,DIRECT,,,,
222,B,138,,PHE,NEAR_SHELL,,,,
222,B,141,,ARG,NEAR_SHELL,,,,
222,B,150,,TYR,DIRECT,,,,
222,B,150,,TYR,NEAR_SHELL,,,,
222,B,151,,PHE,DIRECT,,,,
222,B,151,,PHE,NEAR_SHELL,,,,
222,B,154,,TYR,DIRECT,,,,
222,B,154,,TYR,NEAR_SHELL,,,,
222,B,160,,GLN,NEAR_SHELL,,,,
222,B,163,,MET,NEAR_SHELL,,,,
222,B,192,,VAL,NEAR_SHELL,,,,
222,B,193,,GLY,DIRECT,,,,
222,B,193,,GLY,NEAR_SHELL,,,,
222,B,194,,CYS,NEAR_SHELL,,,,
222,B,195,,GLY,DIRECT,,,,
222,B,195,,GLY,NEAR_SHELL,,,,
222,B,214,,VAL,NEAR_SHELL,,,,
222,B,215,,GLU,DIRECT,,,,
222,B,215,,GLU,NEAR_SHELL,,,,
222,B,216,,ALA,DIRECT,,,,
222,B,216,,ALA,NEAR_SHELL,,,,
222,B,241,,GLY,DIRECT,,,,
222,B,241,,GLY,NEAR_SHELL,,,,
222,B,242,,LYS,DIRECT,,,,
222,B,242,,LYS,NEAR_SHELL,,,,
222,B,243,,VAL,DIRECT,,,,
222,B,243,,VAL,NEAR_SHELL,,,,
222,B,244,,GLU,DIRECT,,,,
222,B,244,,GLU,NEAR_SHELL,,,,
222,B,258,,GLU,DIRECT,,,,
222,B,258,,GLU,NEAR_SHELL,,,,
222,B,269,,MET,DIRECT,,,,
222,B,269,,MET,NEAR_SHELL,,,,
222,B,272,,SER,DIRECT,,,,
222,B,272,,SER,NEAR_SHELL,,,,
222,B,447,,GLN,NEAR_SHELL,,,,
222,F,1,,ARG,DIRECT,,,,
222,F,1,,ARG,NEAR_SHELL,,,,
223,B,413,,LEU,DIRECT,,,,
223,B,413,,LEU,NEAR_SHELL,,,,
223,B,417,,TYR,DIRECT,,,,
223,B,417,,TYR,NEAR_SHELL,,,,
223,F,3,,ALA,DIRECT,,,,
223,F,3,,ALA,NEAR_SHELL,,,,
223,F,4,,ALA,DIRECT,,,,
223,F,4,,ALA,NEAR_SHELL,,,,
224,C,162,,ASN,NEAR_SHELL,,,,
224,C,166,,ASP,NEAR_SHELL,,,,
224,C,413,,LEU,DIRECT,,,,
224,C,413,,LEU,NEAR_SHELL,,,,
224,C,417,,TYR,DIRECT,,,,
224,C,417,,TYR,NEAR_SHELL,,,,
224,G,3,,ALA,DIRECT,,,,
224,G,3,,ALA,NEAR_SHELL,,,,
224,G,4,,ALA,DIRECT,,,,
224,G,4,,ALA,NEAR_SHELL,,,,
225,C,138,,PHE,DIRECT,,,,
225,C,138,,PHE,NEAR_SHELL,,,,
225,C,141,,ARG,NEAR_SHELL,,,,
225,C,150,,TYR,DIRECT,,,,
225,C,150,,TYR,NEAR_SHELL,,,,
225,C,151,,PHE,DIRECT,,,,
225,C,151,,PHE,NEAR_SHELL,,,,
225,C,154,,TYR,DIRECT,,,,
225,C,154,,TYR,NEAR_SHELL,,,,
225,C,160,,GLN,NEAR_SHELL,,,,
225,C,163,,MET,NEAR_SHELL,,,,
225,C,192,,VAL,NEAR_SHELL,,,,
225,C,193,,GLY,DIRECT,,,,
225,C,193,,GLY,NEAR_SHELL,,,,
225,C,194,,CYS,NEAR_SHELL,,,,
225,C,195,,GLY,DIRECT,,,,
225,C,195,,GLY,NEAR_SHELL,,,,
225,C,214,,VAL,NEAR_SHELL,,,,
225,C,215,,GLU,DIRECT,,,,
225,C,215,,GLU,NEAR_SHELL,,,,
225,C,216,,ALA,DIRECT,,,,
225,C,216,,ALA,NEAR_SHELL,,,,
225,C,217,,SER,NEAR_SHELL,,,,
225,C,241,,GLY,DIRECT,,,,
225,C,241,,GLY,NEAR_SHELL,,,,
225,C,242,,LYS,DIRECT,,,,
225,C,242,,LYS,NEAR_SHELL,,,,
225,C,243,,VAL,DIRECT,,,,
225,C,243,,VAL,NEAR_SHELL,,,,
225,C,244,,GLU,DIRECT,,,,
225,C,244,,GLU,NEAR_SHELL,,,,
225,C,258,,GLU,DIRECT,,,,
225,C,258,,GLU,NEAR_SHELL,,,,
225,C,269,,MET,DIRECT,,,,
225,C,269,,MET,NEAR_SHELL,,,,
225,C,272,,SER,DIRECT,,,,
225,C,272,,SER,NEAR_SHELL,,,,
225,C,447,,GLN,NEAR_SHELL,,,,
225,G,1,,ARG,DIRECT,,,,
225,G,1,,ARG,NEAR_SHELL,,,,
226,D,138,,PHE,DIRECT,,,,
226,D,138,,PHE,NEAR_SHELL,,,,
226,D,141,,ARG,NEAR_SHELL,,,,
226,D,150,,TYR,DIRECT,,,,
226,D,150,,TYR,NEAR_SHELL,,,,
226,D,151,,PHE,DIRECT,,,,
226,D,151,,PHE,NEAR_SHELL,,,,
226,D,154,,TYR,DIRECT,,,,
226,D,154,,TYR,NEAR_SHELL,,,,
226,D,160,,GLN,NEAR_SHELL,,,,
226,D,163,,MET,NEAR_SHELL,,,,
226,D,192,,VAL,NEAR_SHELL,,,,
226,D,193,,GLY,DIRECT,,,,
226,D,193,,GLY,NEAR_SHELL,,,,
226,D,194,,CYS,NEAR_SHELL,,,,
226,D,195,,GLY,DIRECT,,,,
226,D,195,,GLY,NEAR_SHELL,,,,
226,D,214,,VAL,NEAR_SHELL,,,,
226,D,215,,GLU,DIRECT,,,,
226,D,215,,GLU,NEAR_SHELL,,,,
226,D,216,,ALA,DIRECT,,,,
226,D,216,,ALA,NEAR_SHELL,,,,
226,D,241,,GLY,DIRECT,,,,
226,D,241,,GLY,NEAR_SHELL,,,,
226,D,242,,LYS,DIRECT,,,,
226,D,242,,LYS,NEAR_SHELL,,,,
226,D,243,,VAL,DIRECT,,,,
226,D,243,,VAL,NEAR_SHELL,,,,
226,D,244,,GLU,DIRECT,,,,
226,D,244,,GLU,NEAR_SHELL,,,,
226,D,258,,GLU,DIRECT,,,,
226,D,258,,GLU,NEAR_SHELL,,,,
226,D,269,,MET,DIRECT,,,,
226,D,269,,MET,NEAR_SHELL,,,,
226,D,272,,SER,DIRECT,,,,
226,D,272,,SER,NEAR_SHELL,,,,
226,D,447,,GLN,NEAR_SHELL,,,,
226,H,1,,ARG,DIRECT,,,,
226,H,1,,ARG,NEAR_SHELL,,,,
227,D,162,,ASN,NEAR_SHELL,,,,
227,D,417,,TYR,DIRECT,,,,
227,D,417,,TYR,NEAR_SHELL,,,,
227,D,477,,TYR,NEAR_SHELL,,,,
227,H,3,,ALA,DIRECT,,,,
227,H,3,,ALA,NEAR_SHELL,,,,
228,A,90,,MET,DIRECT,4929,P21964,90,MATCH
228,A,90,,MET,NEAR_SHELL,4929,P21964,90,MATCH
228,A,91,,ASN,DIRECT,4929,P21964,91,MATCH
228,A,91,,ASN,NEAR_SHELL,4929,P21964,91,MATCH
228,A,92,,VAL,DIRECT,4929,P21964,92,MATCH
228,A,92,,VAL,NEAR_SHELL,4929,P21964,92,MATCH
228,A,116,,GLY,DIRECT,4929,P21964,116,MATCH
228,A,116,,GLY,NEAR_SHELL,4929,P21964,116,MATCH
228,A,117,,ALA,DIRECT,4929,P21964,117,MATCH
228,A,117,,ALA,NEAR_SHELL,4929,P21964,117,MATCH
228,A,118,,TYR,DIRECT,4929,P21964,118,MATCH
228,A,118,,TYR,NEAR_SHELL,4929,P21964,118,MATCH
228,A,121,,TYR,DIRECT,4929,P21964,121,MATCH
228,A,121,,TYR,NEAR_SHELL,4929,P21964,121,MATCH
228,A,122,,SER,DIRECT,4929,P21964,122,MATCH
228,A,122,,SER,NEAR_SHELL,4929,P21964,122,MATCH
228,A,139,,ILE,DIRECT,4929,P21964,139,MATCH
228,A,139,,ILE,NEAR_SHELL,4929,P21964,139,MATCH
228,A,140,,GLU,DIRECT,4929,P21964,140,MATCH
228,A,140,,GLU,NEAR_SHELL,4929,P21964,140,MATCH
228,A,141,,ILE,DIRECT,4929,P21964,141,MATCH
228,A,141,,ILE,NEAR_SHELL,4929,P21964,141,MATCH
228,A,142,,ASN,NEAR_SHELL,4929,P21964,142,MATCH
228,A,145,,CYS,NEAR_SHELL,4929,P21964,145,MATCH
228,A,167,,GLY,DIRECT,4929,P21964,167,MATCH
228,A,167,,GLY,NEAR_SHELL,4929,P21964,167,MATCH
228,A,169,,SER,DIRECT,4929,P21964,169,MATCH
228,A,169,,SER,NEAR_SHELL,4929,P21964,169,MATCH
228,A,170,,GLN,DIRECT,4929,P21964,170,MATCH
228,A,170,,GLN,NEAR_SHELL,4929,P21964,170,MATCH
228,A,191,,ASP,DIRECT,4929,P21964,191,MATCH
228,A,191,,ASP,NEAR_SHELL,4929,P21964,191,MATCH
228,A,192,,HIS,DIRECT,4929,P21964,192,MATCH
228,A,192,,HIS,NEAR_SHELL,4929,P21964,192,MATCH
228,A,193,,TRP,DIRECT,4929,P21964,193,MATCH
228,A,193,,TRP,NEAR_SHELL,4929,P21964,193,MATCH
228,A,194,,LYS,NEAR_SHELL,4929,P21964,194,MATCH
228,A,196,,ARG,DIRECT,4929,P21964,196,MATCH
228,A,196,,ARG,NEAR_SHELL,4929,P21964,196,MATCH
228,A,220,,ASN,NEAR_SHELL,4929,P21964,220,MATCH
228,A,249,,GLU,NEAR_SHELL,4929,P21964,249,MATCH
229,A,88,,TRP,DIRECT,4929,,,
229,A,88,,TRP,NEAR_SHELL,4929,,,
229,A,90,,MET,DIRECT,4929,P21964,90,MATCH
229,A,90,,MET,NEAR_SHELL,4929,P21964,90,MATCH
229,A,91,,ASN,NEAR_SHELL,4929,P21964,91,MATCH
229,A,92,,VAL,NEAR_SHELL,4929,P21964,92,MATCH
229,A,191,,ASP,DIRECT,4929,P21964,191,MATCH
229,A,191,,ASP,NEAR_SHELL,4929,P21964,191,MATCH
229,A,192,,HIS,NEAR_SHELL,4929,P21964,192,MATCH
229,A,193,,TRP,DIRECT,4929,P21964,193,MATCH
229,A,193,,TRP,NEAR_SHELL,4929,P21964,193,MATCH
229,A,194,,LYS,DIRECT,4929,P21964,194,MATCH
229,A,194,,LYS,NEAR_SHELL,4929,P21964,194,MATCH
229,A,220,,ASN,DIRECT,4929,P21964,220,MATCH
229,A,220,,ASN,NEAR_SHELL,4929,P21964,220,MATCH
229,A,223,,CYS,NEAR_SHELL,4929,,,
229,A,224,,PRO,DIRECT,4929,,,
229,A,224,,PRO,NEAR_SHELL,4929,,,
229,A,248,,LEU,DIRECT,4929,,,
229,A,248,,LEU,NEAR_SHELL,4929,,,
229,A,249,,GLU,DIRECT,4929,P21964,249,MATCH
229,A,249,,GLU,NEAR_SHELL,4929,P21964,249,MATCH
230,A,1470,,PRO,NEAR_SHELL,16909,,,
230,A,1559,,LYS,NEAR_SHELL,16909,,,
230,A,1560,,LYS,DIRECT,16909,,,
230,A,1560,,LYS,NEAR_SHELL,16909,,,
230,A,1562,,TRP,DIRECT,16909,,,
230,A,1562,,TRP,NEAR_SHELL,16909,,,
230,A,1579,,TYR,DIRECT,16909,,,
230,A,1579,,TYR,NEAR_SHELL,16909,,,
230,A,1602,,ILE,DIRECT,16909,,,
230,A,1602,,ILE,NEAR_SHELL,16909,,,
230,A,1603,,HIS,DIRECT,16909,,,
230,A,1603,,HIS,NEAR_SHELL,16909,,,
230,A,1604,,TYR,DIRECT,16909,,,
230,A,1604,,TYR,NEAR_SHELL,16909,,,
230,A,1605,,TYR,DIRECT,16909,,,
230,A,1605,,TYR,NEAR_SHELL,16909,,,
230,A,1607,,MET,DIRECT,16909,,,
230,A,1607,,MET,NEAR_SHELL,16909,,,
230,A,1624,,SER,NEAR_SHELL,16909,,,
230,A,1625,,ARG,DIRECT,16909,,,
230,A,1625,,ARG,NEAR_SHELL,16909,,,
230,A,1626,,PHE,DIRECT,16909,,,
230,A,1626,,PHE,NEAR_SHELL,16909,,,
230,A,1627,,MET,DIRECT,16909,,,
230,A,1627,,MET,NEAR_SHELL,16909,,,
230,A,1628,,ASN,DIRECT,16909,,,
230,A,1628,,ASN,NEAR_SHELL,16909,,,
230,A,1629,,HIS,DIRECT,16909,,,
230,A,1629,,HIS,NEAR_SHELL,16909,,,
230,A,1650,,PHE,NEAR_SHELL,16909,,,
230,A,1664,,PHE,DIRECT,16909,,,
230,A,1664,,PHE,NEAR_SHELL,16909,,,
230,A,1666,,TYR,DIRECT,16909,,,
230,A,1666,,TYR,NEAR_SHELL,16909,,,
230,A,1670,,ARG,NEAR_SHELL,16909,,,
230,A,1676,,GLN,DIRECT,16909,,,
230,A,1676,,GLN,NEAR_SHELL,16909,,,
230,A,1677,,LYS,DIRECT,16909,,,
230,A,1677,,LYS,NEAR_SHELL,16909,,,
230,A,1678,,CYS,DIRECT,16909,,,
230,A,1678,,CYS,NEAR_SHELL,16909,,,
230,A,1679,,PHE,DIRECT,16909,,,
230,A,1679,,PHE,NEAR_SHELL,16909,,,
230,A,1689,,LEU,DIRECT,16909,,,
230,A,1689,,LEU,NEAR_SHELL,16909,,,
231,A,1470,,PRO,NEAR_SHELL,16909,,,
231,A,1559,,LYS,NEAR_SHELL,16909,,,
231,A,1560,,LYS,DIRECT,16909,,,
231,A,1560,,LYS,NEAR_SHELL,16909,,,
231,A,1561,,GLY,DIRECT,16909,,,
231,A,1561,,GLY,NEAR_SHELL,16909,,,
231,A,1562,,TRP,DIRECT,16909,,,
231,A,1562,,TRP,NEAR_SHELL,16909,,,
231,A,1579,,TYR,DIRECT,16909,,,
231,A,1579,,TYR,NEAR_SHELL,16909,,,
231,A,1602,,ILE,DIRECT,16909,,,
231,A,1602,,ILE,NEAR_SHELL,16909,,,
231,A,1603,,HIS,DIRECT,16909,,,
231,A,1603,,HIS,NEAR_SHELL,16909,,,
231,A,1604,,TYR,DIRECT,16909,,,
231,A,1604,,TYR,NEAR_SHELL,16909,,,
231,A,1605,,TYR,DIRECT,16909,,,
231,A,1605,,TYR,NEAR_SHELL,16909,,,
231,A,1606,,PHE,DIRECT,16909,,,
231,A,1606,,PHE,NEAR_SHELL,16909,,,
231,A,1607,,MET,NEAR_SHELL,16909,,,
231,A,1624,,SER,DIRECT,16909,,,
231,A,1624,,SER,NEAR_SHELL,16909,,,
231,A,1625,,ARG,DIRECT,16909,,,
231,A,1625,,ARG,NEAR_SHELL,16909,,,
231,A,1626,,PHE,DIRECT,16909,,,
231,A,1626,,PHE,NEAR_SHELL,16909,,,
231,A,1627,,MET,DIRECT,16909,,,
231,A,1627,,MET,NEAR_SHELL,16909,,,
231,A,1628,,ASN,DIRECT,16909,,,
231,A,1628,,ASN,NEAR_SHELL,16909,,,
231,A,1629,,HIS,DIRECT,16909,,,
231,A,1629,,HIS,NEAR_SHELL,16909,,,
231,A,1650,,PHE,DIRECT,16909,,,
231,A,1650,,PHE,NEAR_SHELL,16909,,,
231,A,1664,,PHE,DIRECT,16909,,,
231,A,1664,,PHE,NEAR_SHELL,16909,,,
231,A,1666,,TYR,DIRECT,16909,,,
231,A,1666,,TYR,NEAR_SHELL,16909,,,
231,A,1669,,GLN,DIRECT,16909,,,
231,A,1669,,GLN,NEAR_SHELL,16909,,,
231,A,1676,,GLN,DIRECT,16909,,,
231,A,1676,,GLN,NEAR_SHELL,16909,,,
231,A,1677,,LYS,DIRECT,16909,,,
231,A,1677,,LYS,NEAR_SHELL,16909,,,
231,A,1678,,CYS,DIRECT,16909,,,
231,A,1678,,CYS,NEAR_SHELL,16909,,,
231,A,1679,,PHE,DIRECT,16909,,,
231,A,1679,,PHE,NEAR_SHELL,16909,,,
231,A,1689,,LEU,NEAR_SHELL,16909,,,
232,A,1470,,PRO,NEAR_SHELL,16909,,,
232,A,1559,,LYS,NEAR_SHELL,16909,,,
232,A,1560,,LYS,DIRECT,16909,,,
232,A,1560,,LYS,NEAR_SHELL,16909,,,
232,A,1561,,GLY,DIRECT,16909,,,
232,A,1561,,GLY,NEAR_SHELL,16909,,,
232,A,1562,,TRP,DIRECT,16909,,,
232,A,1562,,TRP,NEAR_SHELL,16909,,,
232,A,1579,,TYR,DIRECT,16909,,,
232,A,1579,,TYR,NEAR_SHELL,16909,,,
232,A,1602,,ILE,DIRECT,16909,,,
232,A,1602,,ILE,NEAR_SHELL,16909,,,
232,A,1603,,HIS,DIRECT,16909,,,
232,A,1603,,HIS,NEAR_SHELL,16909,,,
232,A,1604,,TYR,DIRECT,16909,,,
232,A,1604,,TYR,NEAR_SHELL,16909,,,
232,A,1605,,TYR,DIRECT,16909,,,
232,A,1605,,TYR,NEAR_SHELL,16909,,,
232,A,1606,,PHE,DIRECT,16909,,,
232,A,1606,,PHE,NEAR_SHELL,16909,,,
232,A,1607,,MET,NEAR_SHELL,16909,,,
232,A,1624,,SER,NEAR_SHELL,16909,,,
232,A,1625,,ARG,DIRECT,16909,,,
232,A,1625,,ARG,NEAR_SHELL,16909,,,
232,A,1626,,PHE,DIRECT,16909,,,
232,A,1626,,PHE,NEAR_SHELL,16909,,,
232,A,1627,,MET,DIRECT,16909,,,
232,A,1627,,MET,NEAR_SHELL,16909,,,
232,A,1628,,ASN,DIRECT,16909,,,
232,A,1628,,ASN,NEAR_SHELL,16909,,,
232,A,1629,,HIS,DIRECT,16909,,,
232,A,1629,,HIS,NEAR_SHELL,16909,,,
232,A,1650,,PHE,NEAR_SHELL,16909,,,
232,A,1664,,PHE,DIRECT,16909,,,
232,A,1664,,PHE,NEAR_SHELL,16909,,,
232,A,1666,,TYR,DIRECT,16909,,,
232,A,1666,,TYR,NEAR_SHELL,16909,,,
232,A,1669,,GLN,DIRECT,16909,,,
232,A,1669,,GLN,NEAR_SHELL,16909,,,
232,A,1676,,GLN,DIRECT,16909,,,
232,A,1676,,GLN,NEAR_SHELL,16909,,,
232,A,1677,,LYS,DIRECT,16909,,,
232,A,1677,,LYS,NEAR_SHELL,16909,,,
232,A,1678,,CYS,DIRECT,16909,,,
232,A,1678,,CYS,NEAR_SHELL,16909,,,
232,A,1679,,PHE,DIRECT,16909,,,
232,A,1679,,PHE,NEAR_SHELL,16909,,,
232,A,1689,,LEU,NEAR_SHELL,16909,,,
233,A,1470,,PRO,NEAR_SHELL,16909,,,
233,A,1559,,LYS,NEAR_SHELL,16909,,,
233,A,1560,,LYS,DIRECT,16909,,,
233,A,1560,,LYS,NEAR_SHELL,16909,,,
233,A,1561,,GLY,DIRECT,16909,,,
233,A,1561,,GLY,NEAR_SHELL,16909,,,
233,A,1562,,TRP,DIRECT,16909,,,
233,A,1562,,TRP,NEAR_SHELL,16909,,,
233,A,1602,,ILE,DIRECT,16909,,,
233,A,1602,,ILE,NEAR_SHELL,16909,,,
233,A,1603,,HIS,DIRECT,16909,,,
233,A,1603,,HIS,NEAR_SHELL,16909,,,
233,A,1604,,TYR,DIRECT,16909,,,
233,A,1604,,TYR,NEAR_SHELL,16909,,,
233,A,1605,,TYR,DIRECT,16909,,,
233,A,1605,,TYR,NEAR_SHELL,16909,,,
233,A,1625,,ARG,DIRECT,16909,,,
233,A,1625,,ARG,NEAR_SHELL,16909,,,
233,A,1626,,PHE,DIRECT,16909,,,
233,A,1626,,PHE,NEAR_SHELL,16909,,,
233,A,1627,,MET,DIRECT,16909,,,
233,A,1627,,MET,NEAR_SHELL,16909,,,
233,A,1628,,ASN,DIRECT,16909,,,
233,A,1628,,ASN,NEAR_SHELL,16909,,,
233,A,1629,,HIS,DIRECT,16909,,,
233,A,1629,,HIS,NEAR_SHELL,16909,,,
233,A,1666,,TYR,DIRECT,16909,,,
233,A,1666,,TYR,NEAR_SHELL,16909,,,
233,A,1669,,GLN,DIRECT,16909,,,
233,A,1669,,GLN,NEAR_SHELL,16909,,,
233,A,1676,,GLN,DIRECT,16909,,,
233,A,1676,,GLN,NEAR_SHELL,16909,,,
233,A,1677,,LYS,DIRECT,16909,,,
233,A,1677,,LYS,NEAR_SHELL,16909,,,
233,A,1678,,CYS,DIRECT,16909,,,
233,A,1678,,CYS,NEAR_SHELL,16909,,,
233,A,1679,,PHE,DIRECT,16909,,,
233,A,1679,,PHE,NEAR_SHELL,16909,,,
233,A,1689,,LEU,NEAR_SHELL,16909,,,
234,A,1470,,PRO,NEAR_SHELL,16909,Q9BYW2,1470,MATCH
234,A,1559,,LYS,NEAR_SHELL,16909,Q9BYW2,1559,MATCH
234,A,1560,,LYS,DIRECT,16909,Q9BYW2,1560,MATCH
234,A,1560,,LYS,NEAR_SHELL,16909,Q9BYW2,1560,MATCH
234,A,1561,,GLY,NEAR_SHELL,16909,Q9BYW2,1561,MATCH
234,A,1562,,TRP,DIRECT,16909,Q9BYW2,1562,MATCH
234,A,1562,,TRP,NEAR_SHELL,16909,Q9BYW2,1562,MATCH
234,A,1602,,ILE,NEAR_SHELL,16909,Q9BYW2,1602,MATCH
234,A,1603,,HIS,DIRECT,16909,Q9BYW2,1603,MATCH
234,A,1603,,HIS,NEAR_SHELL,16909,Q9BYW2,1603,MATCH
234,A,1604,,TYR,DIRECT,16909,Q9BYW2,1604,MATCH
234,A,1604,,TYR,NEAR_SHELL,16909,Q9BYW2,1604,MATCH
234,A,1605,,TYR,DIRECT,16909,Q9BYW2,1605,MATCH
234,A,1605,,TYR,NEAR_SHELL,16909,Q9BYW2,1605,MATCH
234,A,1625,,ARG,DIRECT,16909,Q9BYW2,1625,MATCH
234,A,1625,,ARG,NEAR_SHELL,16909,Q9BYW2,1625,MATCH
234,A,1626,,PHE,DIRECT,16909,Q9BYW2,1626,MATCH
234,A,1626,,PHE,NEAR_SHELL,16909,Q9BYW2,1626,MATCH
234,A,1628,,ASN,DIRECT,16909,Q9BYW2,1628,MATCH
234,A,1628,,ASN,NEAR_SHELL,16909,Q9BYW2,1628,MATCH
234,A,1629,,HIS,DIRECT,16909,Q9BYW2,1629,MATCH
234,A,1629,,HIS,NEAR_SHELL,16909,Q9BYW2,1629,MATCH
234,A,1666,,TYR,DIRECT,16909,Q9BYW2,1666,MATCH
234,A,1666,,TYR,NEAR_SHELL,16909,Q9BYW2,1666,MATCH
234,A,1676,,GLN,DIRECT,16909,Q9BYW2,1676,MATCH
234,A,1676,,GLN,NEAR_SHELL,16909,Q9BYW2,1676,MATCH
234,A,1677,,LYS,DIRECT,16909,Q9BYW2,1677,MATCH
234,A,1677,,LYS,NEAR_SHELL,16909,Q9BYW2,1677,MATCH
234,A,1678,,CYS,DIRECT,16909,Q9BYW2,1678,MATCH
234,A,1678,,CYS,NEAR_SHELL,16909,Q9BYW2,1678,MATCH
234,A,1679,,PHE,DIRECT,16909,Q9BYW2,1679,MATCH
234,A,1679,,PHE,NEAR_SHELL,16909,Q9BYW2,1679,MATCH
234,A,1689,,LEU,DIRECT,16909,Q9BYW2,1689,MATCH
234,A,1689,,LEU,NEAR_SHELL,16909,Q9BYW2,1689,MATCH
235,A,211,,TYR,NEAR_SHELL,11162,Q7L0Y3,211,MATCH
235,A,290,,LEU,DIRECT,11162,Q7L0Y3,290,MATCH
235,A,290,,LEU,NEAR_SHELL,11162,Q7L0Y3,290,MATCH
235,A,291,,THR,DIRECT,11162,Q7L0Y3,291,MATCH
235,A,291,,THR,NEAR_SHELL,11162,Q7L0Y3,291,MATCH
235,A,292,,ALA,DIRECT,11162,Q7L0Y3,292,MATCH
235,A,292,,ALA,NEAR_SHELL,11162,Q7L0Y3,292,MATCH
235,A,293,,ASP,NEAR_SHELL,11162,Q7L0Y3,293,MATCH
235,A,309,,ILE,DIRECT,11162,Q7L0Y3,309,MATCH
235,A,309,,ILE,NEAR_SHELL,11162,Q7L0Y3,309,MATCH
235,A,310,,GLY,DIRECT,11162,Q7L0Y3,310,MATCH
235,A,310,,GLY,NEAR_SHELL,11162,Q7L0Y3,310,MATCH
235,A,312,,PHE,DIRECT,11162,Q7L0Y3,312,MATCH
235,A,312,,PHE,NEAR_SHELL,11162,Q7L0Y3,312,MATCH
235,A,313,,VAL,NEAR_SHELL,11162,Q7L0Y3,313,MATCH
235,A,314,,ASP,DIRECT,11162,Q7L0Y3,314,MATCH
235,A,314,,ASP,NEAR_SHELL,11162,Q7L0Y3,314,MATCH
235,A,315,,LYS,NEAR_SHELL,11162,Q7L0Y3,315,MATCH
235,A,316,,SER,NEAR_SHELL,11162,Q7L0Y3,316,MATCH
235,A,318,,GLN,DIRECT,11162,Q7L0Y3,318,MATCH
235,A,318,,GLN,NEAR_SHELL,11162,Q7L0Y3,318,MATCH
235,A,319,,PRO,NEAR_SHELL,11162,Q7L0Y3,319,MATCH
235,A,321,,THR,DIRECT,11162,Q7L0Y3,321,MATCH
235,A,321,,THR,NEAR_SHELL,11162,Q7L0Y3,321,MATCH
235,A,322,,SER,DIRECT,11162,Q7L0Y3,322,MATCH
235,A,322,,SER,NEAR_SHELL,11162,Q7L0Y3,322,MATCH
235,A,334,,GLU,DIRECT,11162,Q7L0Y3,334,MATCH
235,A,334,,GLU,NEAR_SHELL,11162,Q7L0Y3,334,MATCH
235,A,335,,CYS,NEAR_SHELL,11162,Q7L0Y3,335,MATCH
235,A,336,,LEU,DIRECT,11162,Q7L0Y3,336,MATCH
235,A,336,,LEU,NEAR_SHELL,11162,Q7L0Y3,336,MATCH
235,A,338,,LEU,DIRECT,11162,Q7L0Y3,338,MATCH
235,A,338,,LEU,NEAR_SHELL,11162,Q7L0Y3,338,MATCH
235,A,349,,LYS,DIRECT,11162,Q7L0Y3,349,MATCH
235,A,349,,LYS,NEAR_SHELL,11162,Q7L0Y3,349,MATCH
235,A,350,,ASN,DIRECT,11162,Q7L0Y3,350,MATCH
235,A,350,,ASN,NEAR_SHELL,11162,Q7L0Y3,350,MATCH
235,A,351,,LEU,DIRECT,11162,Q7L0Y3,351,MATCH
235,A,351,,LEU,NEAR_SHELL,11162,Q7L0Y3,351,MATCH
235,A,352,,THR,NEAR_SHELL,11162,Q7L0Y3,352,MATCH
235,A,353,,LEU,DIRECT,11162,Q7L0Y3,353,MATCH
235,A,353,,LEU,NEAR_SHELL,11162,Q7L0Y3,353,MATCH
235,A,356,,MET,DIRECT,11162,Q7L0Y3,356,MATCH
235,A,356,,MET,NEAR_SHELL,11162,Q7L0Y3,356,MATCH
236,A,231,,GLY,NEAR_SHELL,19039,,,
236,A,233,,ILE,DIRECT,19039,,,
236,A,233,,ILE,NEAR_SHELL,19039,,,
236,A,236,,PHE,DIRECT,19039,,,
236,A,236,,PHE,NEAR_SHELL,19039,,,
236,A,237,,SER,NEAR_SHELL,19039,,,
236,A,239,,TRP,DIRECT,19039,,,
236,A,239,,TRP,NEAR_SHELL,19039,,,
236,A,263,,TRP,DIRECT,19039,,,
236,A,263,,TRP,NEAR_SHELL,19039,,,
236,A,266,,ASP,DIRECT,19039,,,
236,A,266,,ASP,NEAR_SHELL,19039,,,
236,A,268,,LYS,DIRECT,19039,,,
236,A,268,,LYS,NEAR_SHELL,19039,,,
236,A,269,,PHE,NEAR_SHELL,19039,,,
236,A,270,,SER,NEAR_SHELL,19039,,,
236,A,295,,LEU,NEAR_SHELL,19039,,,
236,A,297,,SER,DIRECT,19039,,,
236,A,297,,SER,NEAR_SHELL,19039,,,
237,B,231,,GLY,NEAR_SHELL,19039,,,
237,B,233,,ILE,DIRECT,19039,,,
237,B,233,,ILE,NEAR_SHELL,19039,,,
237,B,236,,PHE,DIRECT,19039,,,
237,B,236,,PHE,NEAR_SHELL,19039,,,
237,B,237,,SER,NEAR_SHELL,19039,,,
237,B,239,,TRP,DIRECT,19039,,,
237,B,239,,TRP,NEAR_SHELL,19039,,,
237,B,263,,TRP,DIRECT,19039,,,
237,B,263,,TRP,NEAR_SHELL,19039,,,
237,B,266,,ASP,DIRECT,19039,,,
237,B,266,,ASP,NEAR_SHELL,19039,,,
237,B,268,,LYS,DIRECT,19039,,,
237,B,268,,LYS,NEAR_SHELL,19039,,,
237,B,269,,PHE,NEAR_SHELL,19039,,,
237,B,270,,SER,NEAR_SHELL,19039,,,
237,B,295,,LEU,NEAR_SHELL,19039,,,
237,B,297,,SER,DIRECT,19039,,,
237,B,297,,SER,NEAR_SHELL,19039,,,
238,A,296,,PHE,DIRECT,8324,,,
238,A,296,,PHE,NEAR_SHELL,8324,,,
238,A,297,,PHE,DIRECT,8324,,,
238,A,297,,PHE,NEAR_SHELL,8324,,,
238,A,298,,ASP,NEAR_SHELL,8324,,,
238,A,300,,GLY,DIRECT,8324,,,
238,A,300,,GLY,NEAR_SHELL,8324,,,
238,A,301,,TYR,DIRECT,8324,,,
238,A,301,,TYR,NEAR_SHELL,8324,,,
238,A,302,,ALA,DIRECT,8324,,,
238,A,302,,ALA,NEAR_SHELL,8324,,,
238,A,324,,ILE,NEAR_SHELL,8324,,,
238,A,328,,SER,NEAR_SHELL,8324,,,
238,A,329,,CYS,DIRECT,8324,,,
238,A,329,,CYS,NEAR_SHELL,8324,,,
238,A,332,,PHE,DIRECT,8324,,,
238,A,332,,PHE,NEAR_SHELL,8324,,,
238,A,333,,ILE,DIRECT,8324,,,
238,A,333,,ILE,NEAR_SHELL,8324,,,
238,A,389,,TYR,DIRECT,8324,,,
238,A,389,,TYR,NEAR_SHELL,8324,,,
238,A,392,,SER,NEAR_SHELL,8324,,,
239,A,296,,PHE,DIRECT,8324,,,
239,A,296,,PHE,NEAR_SHELL,8324,,,
239,A,297,,PHE,NEAR_SHELL,8324,,,
239,A,299,,ASP,NEAR_SHELL,8324,,,
239,A,300,,GLY,DIRECT,8324,,,
239,A,300,,GLY,NEAR_SHELL,8324,,,
239,A,301,,TYR,NEAR_SHELL,8324,,,
239,A,302,,ALA,NEAR_SHELL,8324,,,
239,A,326,,ASP,NEAR_SHELL,8324,,,
239,A,328,,SER,DIRECT,8324,,,
239,A,328,,SER,NEAR_SHELL,8324,,,
239,A,329,,CYS,DIRECT,8324,,,
239,A,329,,CYS,NEAR_SHELL,8324,,,
239,A,332,,PHE,DIRECT,8324,,,
239,A,332,,PHE,NEAR_SHELL,8324,,,
239,A,333,,ILE,DIRECT,8324,,,
239,A,333,,ILE,NEAR_SHELL,8324,,,
239,A,357,,GLU,DIRECT,8324,,,
239,A,357,,GLU,NEAR_SHELL,8324,,,
239,A,389,,TYR,NEAR_SHELL,8324,,,
239,A,392,,SER,NEAR_SHELL,8324,,,
239,A,393,,THR,DIRECT,8324,,,
239,A,393,,THR,NEAR_SHELL,8324,,,
239,A,394,,ARG,DIRECT,8324,,,
239,A,394,,ARG,NEAR_SHELL,8324,,,
240,A,315,,ARG,NEAR_SHELL,8324,,,
240,A,317,,LEU,DIRECT,8324,,,
240,A,317,,LEU,NEAR_SHELL,8324,,,
241,A,947,,PRO,NEAR_SHELL,15523,Q96KQ7,913,MATCH
241,A,1047,,LYS,NEAR_SHELL,15523,Q96KQ7,1013,MATCH
241,A,1048,,MET,DIRECT,15523,Q96KQ7,1014,MATCH
241,A,1048,,MET,NEAR_SHELL,15523,Q96KQ7,1014,MATCH
241,A,1049,,GLY,DIRECT,15523,Q96KQ7,1015,MATCH
241,A,1049,,GLY,NEAR_SHELL,15523,Q96KQ7,1015,MATCH
241,A,1050,,TRP,DIRECT,15523,Q96KQ7,1016,MATCH
241,A,1050,,TRP,NEAR_SHELL,15523,Q96KQ7,1016,MATCH
241,A,1084,,SER,DIRECT,15523,Q96KQ7,1050,MATCH
241,A,1084,,SER,NEAR_SHELL,15523,Q96KQ7,1050,MATCH
241,A,1085,,TYR,DIRECT,15523,Q96KQ7,1051,MATCH
241,A,1085,,TYR,NEAR_SHELL,15523,Q96KQ7,1051,MATCH
241,A,1109,,ARG,DIRECT,15523,Q96KQ7,1075,MATCH
241,A,1109,,ARG,NEAR_SHELL,15523,Q96KQ7,1075,MATCH
241,A,1110,,PHE,DIRECT,15523,Q96KQ7,1076,MATCH
241,A,1110,,PHE,NEAR_SHELL,15523,Q96KQ7,1076,MATCH
241,A,1112,,ASN,DIRECT,15523,Q96KQ7,1078,MATCH
241,A,1112,,ASN,NEAR_SHELL,15523,Q96KQ7,1078,MATCH
241,A,1113,,HIS,DIRECT,15523,Q96KQ7,1079,MATCH
241,A,1113,,HIS,NEAR_SHELL,15523,Q96KQ7,1079,MATCH
241,A,1154,,TYR,DIRECT,15523,Q96KQ7,1120,MATCH
241,A,1154,,TYR,NEAR_SHELL,15523,Q96KQ7,1120,MATCH
241,A,1158,,PHE,DIRECT,15523,Q96KQ7,1124,MATCH
241,A,1158,,PHE,NEAR_SHELL,15523,Q96KQ7,1124,MATCH
241,A,1159,,TRP,NEAR_SHELL,15523,Q96KQ7,1125,MATCH
241,A,1162,,LYS,NEAR_SHELL,15523,Q96KQ7,1128,MATCH
241,A,1166,,PHE,DIRECT,15523,Q96KQ7,1132,MATCH
241,A,1166,,PHE,NEAR_SHELL,15523,Q96KQ7,1132,MATCH
241,A,1167,,THR,DIRECT,15523,Q96KQ7,1133,MATCH
241,A,1167,,THR,NEAR_SHELL,15523,Q96KQ7,1133,MATCH
241,A,1168,,CYS,DIRECT,15523,Q96KQ7,1134,MATCH
241,A,1168,,CYS,NEAR_SHELL,15523,Q96KQ7,1134,MATCH
241,A,1169,,GLN,DIRECT,15523,Q96KQ7,1135,MATCH
241,A,1169,,GLN,NEAR_SHELL,15523,Q96KQ7,1135,MATCH
242,A,1044,,ARG,NEAR_SHELL,15523,Q96KQ7,1010,MATCH
242,A,1047,,LYS,NEAR_SHELL,15523,Q96KQ7,1013,MATCH
242,A,1048,,MET,DIRECT,15523,Q96KQ7,1014,MATCH
242,A,1048,,MET,NEAR_SHELL,15523,Q96KQ7,1014,MATCH
242,A,1049,,GLY,NEAR_SHELL,15523,Q96KQ7,1015,MATCH
242,A,1050,,TRP,DIRECT,15523,Q96KQ7,1016,MATCH
242,A,1050,,TRP,NEAR_SHELL,15523,Q96KQ7,1016,MATCH
242,A,1084,,SER,DIRECT,15523,Q96KQ7,1050,MATCH
242,A,1084,,SER,NEAR_SHELL,15523,Q96KQ7,1050,MATCH
242,A,1085,,TYR,DIRECT,15523,Q96KQ7,1051,MATCH
242,A,1085,,TYR,NEAR_SHELL,15523,Q96KQ7,1051,MATCH
242,A,1109,,ARG,DIRECT,15523,Q96KQ7,1075,MATCH
242,A,1109,,ARG,NEAR_SHELL,15523,Q96KQ7,1075,MATCH
242,A,1110,,PHE,DIRECT,15523,Q96KQ7,1076,MATCH
242,A,1110,,PHE,NEAR_SHELL,15523,Q96KQ7,1076,MATCH
242,A,1112,,ASN,DIRECT,15523,Q96KQ7,1078,MATCH
242,A,1112,,ASN,NEAR_SHELL,15523,Q96KQ7,1078,MATCH
242,A,1113,,HIS,DIRECT,15523,Q96KQ7,1079,MATCH
242,A,1113,,HIS,NEAR_SHELL,15523,Q96KQ7,1079,MATCH
242,A,1154,,TYR,DIRECT,15523,Q96KQ7,1120,MATCH
242,A,1154,,TYR,NEAR_SHELL,15523,Q96KQ7,1120,MATCH
242,A,1158,,PHE,DIRECT,15523,Q96KQ7,1124,MATCH
242,A,1158,,PHE,NEAR_SHELL,15523,Q96KQ7,1124,MATCH
242,A,1159,,TRP,NEAR_SHELL,15523,Q96KQ7,1125,MATCH
242,A,1166,,PHE,DIRECT,15523,Q96KQ7,1132,MATCH
242,A,1166,,PHE,NEAR_SHELL,15523,Q96KQ7,1132,MATCH
242,A,1167,,THR,DIRECT,15523,Q96KQ7,1133,MATCH
242,A,1167,,THR,NEAR_SHELL,15523,Q96KQ7,1133,MATCH
242,A,1168,,CYS,DIRECT,15523,Q96KQ7,1134,MATCH
242,A,1168,,CYS,NEAR_SHELL,15523,Q96KQ7,1134,MATCH
242,A,1169,,GLN,DIRECT,15523,Q96KQ7,1135,MATCH
242,A,1169,,GLN,NEAR_SHELL,15523,Q96KQ7,1135,MATCH
243,A,1044,,ARG,NEAR_SHELL,15523,Q96KQ7,1010,MATCH
243,A,1047,,LYS,NEAR_SHELL,15523,Q96KQ7,1013,MATCH
243,A,1048,,MET,DIRECT,15523,Q96KQ7,1014,MATCH
243,A,1048,,MET,NEAR_SHELL,15523,Q96KQ7,1014,MATCH
243,A,1049,,GLY,NEAR_SHELL,15523,Q96KQ7,1015,MATCH
243,A,1050,,TRP,DIRECT,15523,Q96KQ7,1016,MATCH
243,A,1050,,TRP,NEAR_SHELL,15523,Q96KQ7,1016,MATCH
243,A,1084,,SER,DIRECT,15523,Q96KQ7,1050,MATCH
243,A,1084,,SER,NEAR_SHELL,15523,Q96KQ7,1050,MATCH
243,A,1085,,TYR,DIRECT,15523,Q96KQ7,1051,MATCH
243,A,1085,,TYR,NEAR_SHELL,15523,Q96KQ7,1051,MATCH
243,A,1109,,ARG,DIRECT,15523,Q96KQ7,1075,MATCH
243,A,1109,,ARG,NEAR_SHELL,15523,Q96KQ7,1075,MATCH
243,A,1110,,PHE,DIRECT,15523,Q96KQ7,1076,MATCH
243,A,1110,,PHE,NEAR_SHELL,15523,Q96KQ7,1076,MATCH
243,A,1112,,ASN,DIRECT,15523,Q96KQ7,1078,MATCH
243,A,1112,,ASN,NEAR_SHELL,15523,Q96KQ7,1078,MATCH
243,A,1113,,HIS,DIRECT,15523,Q96KQ7,1079,MATCH
243,A,1113,,HIS,NEAR_SHELL,15523,Q96KQ7,1079,MATCH
243,A,1154,,TYR,DIRECT,15523,Q96KQ7,1120,MATCH
243,A,1154,,TYR,NEAR_SHELL,15523,Q96KQ7,1120,MATCH
243,A,1158,,PHE,DIRECT,15523,Q96KQ7,1124,MATCH
243,A,1158,,PHE,NEAR_SHELL,15523,Q96KQ7,1124,MATCH
243,A,1159,,TRP,NEAR_SHELL,15523,Q96KQ7,1125,MATCH
243,A,1166,,PHE,DIRECT,15523,Q96KQ7,1132,MATCH
243,A,1166,,PHE,NEAR_SHELL,15523,Q96KQ7,1132,MATCH
243,A,1167,,THR,DIRECT,15523,Q96KQ7,1133,MATCH
243,A,1167,,THR,NEAR_SHELL,15523,Q96KQ7,1133,MATCH
243,A,1168,,CYS,DIRECT,15523,Q96KQ7,1134,MATCH
243,A,1168,,CYS,NEAR_SHELL,15523,Q96KQ7,1134,MATCH
243,A,1169,,GLN,DIRECT,15523,Q96KQ7,1135,MATCH
243,A,1169,,GLN,NEAR_SHELL,15523,Q96KQ7,1135,MATCH
244,A,225,,GLY,DIRECT,18156,Q9NQR1,266,MATCH
244,A,225,,GLY,NEAR_SHELL,18156,Q9NQR1,266,MATCH
244,A,226,,LYS,DIRECT,18156,Q9NQR1,267,MATCH
244,A,226,,LYS,NEAR_SHELL,18156,Q9NQR1,267,MATCH
244,A,227,,GLY,NEAR_SHELL,18156,Q9NQR1,268,MATCH
244,A,228,,ARG,DIRECT,18156,Q9NQR1,269,MATCH
244,A,228,,ARG,NEAR_SHELL,18156,Q9NQR1,269,MATCH
244,A,269,,GLY,NEAR_SHELL,18156,Q9NQR1,310,MATCH
244,A,270,,CYS,DIRECT,18156,Q9NQR1,311,MATCH
244,A,270,,CYS,NEAR_SHELL,18156,Q9NQR1,311,MATCH
244,A,271,,TYR,DIRECT,18156,Q9NQR1,312,MATCH
244,A,271,,TYR,NEAR_SHELL,18156,Q9NQR1,312,MATCH
244,A,289,,GLU,NEAR_SHELL,18156,Q9NQR1,330,MATCH
244,A,295,,ARG,DIRECT,18156,Q9NQR1,336,MATCH
244,A,295,,ARG,NEAR_SHELL,18156,Q9NQR1,336,MATCH
244,A,296,,LEU,DIRECT,18156,Q9NQR1,337,MATCH
244,A,296,,LEU,NEAR_SHELL,18156,Q9NQR1,337,MATCH
244,A,297,,ILE,DIRECT,18156,Q9NQR1,338,MATCH
244,A,297,,ILE,NEAR_SHELL,18156,Q9NQR1,338,MATCH
244,A,298,,ASN,DIRECT,18156,Q9NQR1,339,MATCH
244,A,298,,ASN,NEAR_SHELL,18156,Q9NQR1,339,MATCH
244,A,299,,HIS,DIRECT,18156,Q9NQR1,340,MATCH
244,A,299,,HIS,NEAR_SHELL,18156,Q9NQR1,340,MATCH
244,A,336,,TYR,DIRECT,18156,Q9NQR1,377,MATCH
244,A,336,,TYR,NEAR_SHELL,18156,Q9NQR1,377,MATCH
244,A,347,,HIS,NEAR_SHELL,18156,Q9NQR1,388,MATCH
244,A,349,,TRP,DIRECT,18156,Q9NQR1,390,MATCH
244,A,349,,TRP,NEAR_SHELL,18156,Q9NQR1,390,MATCH
244,D,18,,HIS,DIRECT,18156,Q9NQR1,,NOT_MAPPED
244,D,18,,HIS,NEAR_SHELL,18156,Q9NQR1,,NOT_MAPPED
245,A,395,,ASP,NEAR_SHELL,11585,Q86U44,395,MATCH
245,A,396,,PRO,NEAR_SHELL,11585,Q86U44,396,MATCH
245,A,397,,PRO,NEAR_SHELL,11585,Q86U44,397,MATCH
245,A,511,,SER,NEAR_SHELL,11585,Q86U44,511,MATCH
245,A,512,,HIS,NEAR_SHELL,11585,Q86U44,512,MATCH
245,A,513,,LYS,NEAR_SHELL,11585,Q86U44,513,MATCH
246,A,286,,TYR,DIRECT,18156,,,
246,A,286,,TYR,NEAR_SHELL,18156,,,
246,A,309,,THR,NEAR_SHELL,18156,,,
246,A,310,,GLY,DIRECT,18156,,,
246,A,310,,GLY,NEAR_SHELL,18156,,,
246,A,311,,CYS,DIRECT,18156,,,
246,A,311,,CYS,NEAR_SHELL,18156,,,
246,A,312,,TYR,DIRECT,18156,,,
246,A,312,,TYR,NEAR_SHELL,18156,,,
246,A,313,,MET,DIRECT,18156,,,
246,A,313,,MET,NEAR_SHELL,18156,,,
246,A,314,,TYR,DIRECT,18156,,,
246,A,314,,TYR,NEAR_SHELL,18156,,,
246,A,335,,GLY,NEAR_SHELL,18156,,,
246,A,336,,ARG,DIRECT,18156,,,
246,A,336,,ARG,NEAR_SHELL,18156,,,
246,A,337,,LEU,NEAR_SHELL,18156,,,
246,A,338,,ILE,DIRECT,18156,,,
246,A,338,,ILE,NEAR_SHELL,18156,,,
246,A,339,,ASN,DIRECT,18156,,,
246,A,339,,ASN,NEAR_SHELL,18156,,,
246,A,340,,HIS,NEAR_SHELL,18156,,,
246,A,359,,LEU,DIRECT,18156,,,
246,A,359,,LEU,NEAR_SHELL,18156,,,
246,A,361,,LEU,NEAR_SHELL,18156,,,
246,A,375,,TYR,DIRECT,18156,,,
246,A,375,,TYR,NEAR_SHELL,18156,,,
246,A,377,,TYR,DIRECT,18156,,,
246,A,377,,TYR,NEAR_SHELL,18156,,,
246,B,300,,GLU,DIRECT,18156,,,
246,B,300,,GLU,NEAR_SHELL,18156,,,
246,B,305,,GLN,DIRECT,18156,,,
246,B,305,,GLN,NEAR_SHELL,18156,,,
246,B,307,,PRO,DIRECT,18156,,,
246,B,307,,PRO,NEAR_SHELL,18156,,,
246,B,308,,SER,NEAR_SHELL,18156,,,
246,B,310,,GLY,NEAR_SHELL,18156,,,
246,B,311,,CYS,DIRECT,18156,,,
246,B,311,,CYS,NEAR_SHELL,18156,,,
246,B,312,,TYR,NEAR_SHELL,18156,,,
246,B,313,,MET,NEAR_SHELL,18156,,,
247,A,300,,GLU,DIRECT,18156,,,
247,A,300,,GLU,NEAR_SHELL,18156,,,
247,A,305,,GLN,NEAR_SHELL,18156,,,
247,A,307,,PRO,DIRECT,18156,,,
247,A,307,,PRO,NEAR_SHELL,18156,,,
247,A,308,,SER,NEAR_SHELL,18156,,,
247,A,310,,GLY,NEAR_SHELL,18156,,,
247,A,311,,CYS,DIRECT,18156,,,
247,A,311,,CYS,NEAR_SHELL,18156,,,
247,A,312,,TYR,NEAR_SHELL,18156,,,
247,A,313,,MET,DIRECT,18156,,,
247,A,313,,MET,NEAR_SHELL,18156,,,
247,B,286,,TYR,DIRECT,18156,,,
247,B,286,,TYR,NEAR_SHELL,18156,,,
247,B,309,,THR,NEAR_SHELL,18156,,,
247,B,310,,GLY,DIRECT,18156,,,
247,B,310,,GLY,NEAR_SHELL,18156,,,
247,B,311,,CYS,DIRECT,18156,,,
247,B,311,,CYS,NEAR_SHELL,18156,,,
247,B,312,,TYR,DIRECT,18156,,,
247,B,312,,TYR,NEAR_SHELL,18156,,,
247,B,313,,MET,DIRECT,18156,,,
247,B,313,,MET,NEAR_SHELL,18156,,,
247,B,314,,TYR,DIRECT,18156,,,
247,B,314,,TYR,NEAR_SHELL,18156,,,
247,B,335,,GLY,NEAR_SHELL,18156,,,
247,B,336,,ARG,DIRECT,18156,,,
247,B,336,,ARG,NEAR_SHELL,18156,,,
247,B,337,,LEU,DIRECT,18156,,,
247,B,337,,LEU,NEAR_SHELL,18156,,,
247,B,338,,ILE,DIRECT,18156,,,
247,B,338,,ILE,NEAR_SHELL,18156,,,
247,B,339,,ASN,DIRECT,18156,,,
247,B,339,,ASN,NEAR_SHELL,18156,,,
247,B,340,,HIS,NEAR_SHELL,18156,,,
247,B,348,,THR,DIRECT,18156,,,
247,B,348,,THR,NEAR_SHELL,18156,,,
247,B,359,,LEU,DIRECT,18156,,,
247,B,359,,LEU,NEAR_SHELL,18156,,,
247,B,361,,LEU,DIRECT,18156,,,
247,B,361,,LEU,NEAR_SHELL,18156,,,
247,B,375,,TYR,DIRECT,18156,,,
247,B,375,,TYR,NEAR_SHELL,18156,,,
247,B,377,,TYR,DIRECT,18156,,,
247,B,377,,TYR,NEAR_SHELL,18156,,,
248,A,1044,,ARG,NEAR_SHELL,15523,Q96KQ7,1010,MATCH
248,A,1047,,LYS,NEAR_SHELL,15523,Q96KQ7,1013,MATCH
248,A,1048,,MET,DIRECT,15523,Q96KQ7,1014,MATCH
248,A,1048,,MET,NEAR_SHELL,15523,Q96KQ7,1014,MATCH
248,A,1049,,GLY,DIRECT,15523,Q96KQ7,1015,MATCH
248,A,1049,,GLY,NEAR_SHELL,15523,Q96KQ7,1015,MATCH
248,A,1050,,TRP,DIRECT,15523,Q96KQ7,1016,MATCH
248,A,1050,,TRP,NEAR_SHELL,15523,Q96KQ7,1016,MATCH
248,A,1067,,TYR,NEAR_SHELL,15523,Q96KQ7,1033,MATCH
248,A,1084,,SER,DIRECT,15523,Q96KQ7,1050,MATCH
248,A,1084,,SER,NEAR_SHELL,15523,Q96KQ7,1050,MATCH
248,A,1085,,TYR,DIRECT,15523,Q96KQ7,1051,MATCH
248,A,1085,,TYR,NEAR_SHELL,15523,Q96KQ7,1051,MATCH
248,A,1108,,SER,NEAR_SHELL,15523,Q96KQ7,1074,MATCH
248,A,1109,,ARG,DIRECT,15523,Q96KQ7,1075,MATCH
248,A,1109,,ARG,NEAR_SHELL,15523,Q96KQ7,1075,MATCH
248,A,1110,,PHE,DIRECT,15523,Q96KQ7,1076,MATCH
248,A,1110,,PHE,NEAR_SHELL,15523,Q96KQ7,1076,MATCH
248,A,1111,,ILE,DIRECT,15523,Q96KQ7,1077,MATCH
248,A,1111,,ILE,NEAR_SHELL,15523,Q96KQ7,1077,MATCH
248,A,1112,,ASN,DIRECT,15523,Q96KQ7,1078,MATCH
248,A,1112,,ASN,NEAR_SHELL,15523,Q96KQ7,1078,MATCH
248,A,1113,,HIS,DIRECT,15523,Q96KQ7,1079,MATCH
248,A,1113,,HIS,NEAR_SHELL,15523,Q96KQ7,1079,MATCH
248,A,1154,,TYR,DIRECT,15523,Q96KQ7,1120,MATCH
248,A,1154,,TYR,NEAR_SHELL,15523,Q96KQ7,1120,MATCH
248,A,1158,,PHE,DIRECT,15523,Q96KQ7,1124,MATCH
248,A,1158,,PHE,NEAR_SHELL,15523,Q96KQ7,1124,MATCH
248,A,1159,,TRP,NEAR_SHELL,15523,Q96KQ7,1125,MATCH
248,A,1162,,LYS,NEAR_SHELL,15523,Q96KQ7,1128,MATCH
248,A,1166,,PHE,DIRECT,15523,Q96KQ7,1132,MATCH
248,A,1166,,PHE,NEAR_SHELL,15523,Q96KQ7,1132,MATCH
248,A,1167,,THR,DIRECT,15523,Q96KQ7,1133,MATCH
248,A,1167,,THR,NEAR_SHELL,15523,Q96KQ7,1133,MATCH
248,A,1168,,CYS,DIRECT,15523,Q96KQ7,1134,MATCH
248,A,1168,,CYS,NEAR_SHELL,15523,Q96KQ7,1134,MATCH
248,A,1169,,GLN,DIRECT,15523,Q96KQ7,1135,MATCH
248,A,1169,,GLN,NEAR_SHELL,15523,Q96KQ7,1135,MATCH
249,A,1074,,ASP,NEAR_SHELL,15523,,,
249,A,1077,,ALA,DIRECT,15523,,,
249,A,1077,,ALA,NEAR_SHELL,15523,,,
249,A,1078,,ASP,DIRECT,15523,,,
249,A,1078,,ASP,NEAR_SHELL,15523,,,
249,A,1080,,ARG,DIRECT,15523,,,
249,A,1080,,ARG,NEAR_SHELL,15523,,,
249,A,1083,,ASP,DIRECT,15523,,,
249,A,1083,,ASP,NEAR_SHELL,15523,,,
249,A,1084,,SER,NEAR_SHELL,15523,Q96KQ7,1050,MATCH
249,A,1086,,LEU,DIRECT,15523,,,
249,A,1086,,LEU,NEAR_SHELL,15523,,,
249,A,1087,,PHE,NEAR_SHELL,15523,,,
249,A,1088,,ASP,DIRECT,15523,,,
249,A,1088,,ASP,NEAR_SHELL,15523,,,
249,A,1096,,VAL,NEAR_SHELL,15523,,,
249,A,1098,,CYS,DIRECT,15523,,,
249,A,1098,,CYS,NEAR_SHELL,15523,,,
249,A,1154,,TYR,NEAR_SHELL,15523,Q96KQ7,1120,MATCH
249,A,1157,,ARG,DIRECT,15523,,,
249,A,1157,,ARG,NEAR_SHELL,15523,,,
249,A,1158,,PHE,DIRECT,15523,Q96KQ7,1124,MATCH
249,A,1158,,PHE,NEAR_SHELL,15523,Q96KQ7,1124,MATCH
249,A,1161,,ILE,DIRECT,15523,,,
249,A,1161,,ILE,NEAR_SHELL,15523,,,
249,A,1162,,LYS,DIRECT,15523,Q96KQ7,1128,MATCH
249,A,1162,,LYS,NEAR_SHELL,15523,Q96KQ7,1128,MATCH
250,C,1044,,ARG,NEAR_SHELL,15523,Q96KQ7,1010,MATCH
250,C,1048,,MET,DIRECT,15523,Q96KQ7,1014,MATCH
250,C,1048,,MET,NEAR_SHELL,15523,Q96KQ7,1014,MATCH
250,C,1049,,GLY,DIRECT,15523,Q96KQ7,1015,MATCH
250,C,1049,,GLY,NEAR_SHELL,15523,Q96KQ7,1015,MATCH
250,C,1050,,TRP,DIRECT,15523,Q96KQ7,1016,MATCH
250,C,1050,,TRP,NEAR_SHELL,15523,Q96KQ7,1016,MATCH
250,C,1067,,TYR,NEAR_SHELL,15523,Q96KQ7,1033,MATCH
250,C,1084,,SER,DIRECT,15523,Q96KQ7,1050,MATCH
250,C,1084,,SER,NEAR_SHELL,15523,Q96KQ7,1050,MATCH
250,C,1085,,TYR,DIRECT,15523,Q96KQ7,1051,MATCH
250,C,1085,,TYR,NEAR_SHELL,15523,Q96KQ7,1051,MATCH
250,C,1108,,SER,NEAR_SHELL,15523,Q96KQ7,1074,MATCH
250,C,1109,,ARG,DIRECT,15523,Q96KQ7,1075,MATCH
250,C,1109,,ARG,NEAR_SHELL,15523,Q96KQ7,1075,MATCH
250,C,1110,,PHE,DIRECT,15523,Q96KQ7,1076,MATCH
250,C,1110,,PHE,NEAR_SHELL,15523,Q96KQ7,1076,MATCH
250,C,1111,,ILE,DIRECT,15523,Q96KQ7,1077,MATCH
250,C,1111,,ILE,NEAR_SHELL,15523,Q96KQ7,1077,MATCH
250,C,1112,,ASN,DIRECT,15523,Q96KQ7,1078,MATCH
250,C,1112,,ASN,NEAR_SHELL,15523,Q96KQ7,1078,MATCH
250,C,1113,,HIS,DIRECT,15523,Q96KQ7,1079,MATCH
250,C,1113,,HIS,NEAR_SHELL,15523,Q96KQ7,1079,MATCH
250,C,1154,,TYR,DIRECT,15523,Q96KQ7,1120,MATCH
250,C,1154,,TYR,NEAR_SHELL,15523,Q96KQ7,1120,MATCH
250,C,1158,,PHE,DIRECT,15523,Q96KQ7,1124,MATCH
250,C,1158,,PHE,NEAR_SHELL,15523,Q96KQ7,1124,MATCH
250,C,1159,,TRP,DIRECT,15523,Q96KQ7,1125,MATCH
250,C,1159,,TRP,NEAR_SHELL,15523,Q96KQ7,1125,MATCH
250,C,1162,,LYS,NEAR_SHELL,15523,Q96KQ7,1128,MATCH
250,C,1166,,PHE,DIRECT,15523,Q96KQ7,1132,MATCH
250,C,1166,,PHE,NEAR_SHELL,15523,Q96KQ7,1132,MATCH
250,C,1167,,THR,DIRECT,15523,Q96KQ7,1133,MATCH
250,C,1167,,THR,NEAR_SHELL,15523,Q96KQ7,1133,MATCH
250,C,1168,,CYS,DIRECT,15523,Q96KQ7,1134,MATCH
250,C,1168,,CYS,NEAR_SHELL,15523,Q96KQ7,1134,MATCH
250,C,1169,,GLN,DIRECT,15523,Q96KQ7,1135,MATCH
250,C,1169,,GLN,NEAR_SHELL,15523,Q96KQ7,1135,MATCH
250,C,1170,,CYS,DIRECT,15523,Q96KQ7,1136,MATCH
250,C,1170,,CYS,NEAR_SHELL,15523,Q96KQ7,1136,MATCH
251,C,1081,,GLU,NEAR_SHELL,15523,,,
251,C,1083,,ASP,DIRECT,15523,,,
251,C,1083,,ASP,NEAR_SHELL,15523,,,
251,C,1084,,SER,NEAR_SHELL,15523,Q96KQ7,1050,MATCH
251,C,1086,,LEU,DIRECT,15523,,,
251,C,1086,,LEU,NEAR_SHELL,15523,,,
251,C,1087,,PHE,NEAR_SHELL,15523,,,
251,C,1088,,ASP,DIRECT,15523,,,
251,C,1088,,ASP,NEAR_SHELL,15523,,,
251,C,1154,,TYR,NEAR_SHELL,15523,Q96KQ7,1120,MATCH
251,C,1157,,ARG,DIRECT,15523,,,
251,C,1157,,ARG,NEAR_SHELL,15523,,,
251,C,1158,,PHE,DIRECT,15523,Q96KQ7,1124,MATCH
251,C,1158,,PHE,NEAR_SHELL,15523,Q96KQ7,1124,MATCH
251,C,1161,,ILE,DIRECT,15523,,,
251,C,1161,,ILE,NEAR_SHELL,15523,,,
251,C,1162,,LYS,DIRECT,15523,Q96KQ7,1128,MATCH
251,C,1162,,LYS,NEAR_SHELL,15523,Q96KQ7,1128,MATCH
252,A,1136,,MET,DIRECT,17731,Q9H9B1,1136,MATCH
252,A,1136,,MET,NEAR_SHELL,17731,Q9H9B1,1136,MATCH
252,A,1137,,GLY,DIRECT,17731,Q9H9B1,1137,MATCH
252,A,1137,,GLY,NEAR_SHELL,17731,Q9H9B1,1137,MATCH
252,A,1138,,TRP,DIRECT,17731,Q9H9B1,1138,MATCH
252,A,1138,,TRP,NEAR_SHELL,17731,Q9H9B1,1138,MATCH
252,A,1155,,TYR,NEAR_SHELL,17731,Q9H9B1,1155,MATCH
252,A,1172,,SER,DIRECT,17731,Q9H9B1,1172,MATCH
252,A,1172,,SER,NEAR_SHELL,17731,Q9H9B1,1172,MATCH
252,A,1173,,TYR,DIRECT,17731,Q9H9B1,1173,MATCH
252,A,1173,,TYR,NEAR_SHELL,17731,Q9H9B1,1173,MATCH
252,A,1196,,SER,NEAR_SHELL,17731,Q9H9B1,1196,MATCH
252,A,1197,,ARG,DIRECT,17731,Q9H9B1,1197,MATCH
252,A,1197,,ARG,NEAR_SHELL,17731,Q9H9B1,1197,MATCH
252,A,1198,,PHE,DIRECT,17731,Q9H9B1,1198,MATCH
252,A,1198,,PHE,NEAR_SHELL,17731,Q9H9B1,1198,MATCH
252,A,1199,,ILE,DIRECT,17731,Q9H9B1,1199,MATCH
252,A,1199,,ILE,NEAR_SHELL,17731,Q9H9B1,1199,MATCH
252,A,1200,,ASN,DIRECT,17731,Q9H9B1,1200,MATCH
252,A,1200,,ASN,NEAR_SHELL,17731,Q9H9B1,1200,MATCH
252,A,1201,,HIS,DIRECT,17731,Q9H9B1,1201,MATCH
252,A,1201,,HIS,NEAR_SHELL,17731,Q9H9B1,1201,MATCH
252,A,1242,,TYR,DIRECT,17731,Q9H9B1,1242,MATCH
252,A,1242,,TYR,NEAR_SHELL,17731,Q9H9B1,1242,MATCH
252,A,1246,,PHE,DIRECT,17731,Q9H9B1,1246,MATCH
252,A,1246,,PHE,NEAR_SHELL,17731,Q9H9B1,1246,MATCH
252,A,1247,,TRP,NEAR_SHELL,17731,Q9H9B1,1247,MATCH
252,A,1250,,LYS,NEAR_SHELL,17731,Q9H9B1,1250,MATCH
252,A,1254,,PHE,DIRECT,17731,Q9H9B1,1254,MATCH
252,A,1254,,PHE,NEAR_SHELL,17731,Q9H9B1,1254,MATCH
252,A,1255,,SER,DIRECT,17731,Q9H9B1,1255,MATCH
252,A,1255,,SER,NEAR_SHELL,17731,Q9H9B1,1255,MATCH
252,A,1256,,CYS,DIRECT,17731,Q9H9B1,1256,MATCH
252,A,1256,,CYS,NEAR_SHELL,17731,Q9H9B1,1256,MATCH
252,A,1257,,ARG,DIRECT,17731,Q9H9B1,1257,MATCH
252,A,1257,,ARG,NEAR_SHELL,17731,Q9H9B1,1257,MATCH
253,A,1162,,ASP,NEAR_SHELL,17731,,,
253,A,1165,,ALA,DIRECT,17731,,,
253,A,1165,,ALA,NEAR_SHELL,17731,,,
253,A,1166,,ASP,NEAR_SHELL,17731,,,
253,A,1171,,ASP,DIRECT,17731,,,
253,A,1171,,ASP,NEAR_SHELL,17731,,,
253,A,1172,,SER,NEAR_SHELL,17731,Q9H9B1,1172,MATCH
253,A,1174,,LEU,DIRECT,17731,,,
253,A,1174,,LEU,NEAR_SHELL,17731,,,
253,A,1175,,PHE,NEAR_SHELL,17731,,,
253,A,1176,,ASP,DIRECT,17731,,,
253,A,1176,,ASP,NEAR_SHELL,17731,,,
253,A,1178,,ASP,NEAR_SHELL,17731,,,
253,A,1184,,VAL,NEAR_SHELL,17731,,,
253,A,1186,,CYS,DIRECT,17731,,,
253,A,1186,,CYS,NEAR_SHELL,17731,,,
253,A,1242,,TYR,DIRECT,17731,Q9H9B1,1242,MATCH
253,A,1242,,TYR,NEAR_SHELL,17731,Q9H9B1,1242,MATCH
253,A,1245,,ARG,DIRECT,17731,,,
253,A,1245,,ARG,NEAR_SHELL,17731,,,
253,A,1246,,PHE,DIRECT,17731,Q9H9B1,1246,MATCH
253,A,1246,,PHE,NEAR_SHELL,17731,Q9H9B1,1246,MATCH
253,A,1249,,ILE,DIRECT,17731,,,
253,A,1249,,ILE,NEAR_SHELL,17731,,,
253,A,1250,,LYS,DIRECT,17731,Q9H9B1,1250,MATCH
253,A,1250,,LYS,NEAR_SHELL,17731,Q9H9B1,1250,MATCH
254,A,1132,,ARG,NEAR_SHELL,17731,Q9H9B1,1132,MATCH
254,A,1136,,MET,DIRECT,17731,Q9H9B1,1136,MATCH
254,A,1136,,MET,NEAR_SHELL,17731,Q9H9B1,1136,MATCH
254,A,1137,,GLY,DIRECT,17731,Q9H9B1,1137,MATCH
254,A,1137,,GLY,NEAR_SHELL,17731,Q9H9B1,1137,MATCH
254,A,1138,,TRP,DIRECT,17731,Q9H9B1,1138,MATCH
254,A,1138,,TRP,NEAR_SHELL,17731,Q9H9B1,1138,MATCH
254,A,1155,,TYR,NEAR_SHELL,17731,Q9H9B1,1155,MATCH
254,A,1172,,SER,DIRECT,17731,Q9H9B1,1172,MATCH
254,A,1172,,SER,NEAR_SHELL,17731,Q9H9B1,1172,MATCH
254,A,1173,,TYR,DIRECT,17731,Q9H9B1,1173,MATCH
254,A,1173,,TYR,NEAR_SHELL,17731,Q9H9B1,1173,MATCH
254,A,1196,,SER,NEAR_SHELL,17731,Q9H9B1,1196,MATCH
254,A,1197,,ARG,DIRECT,17731,Q9H9B1,1197,MATCH
254,A,1197,,ARG,NEAR_SHELL,17731,Q9H9B1,1197,MATCH
254,A,1198,,PHE,DIRECT,17731,Q9H9B1,1198,MATCH
254,A,1198,,PHE,NEAR_SHELL,17731,Q9H9B1,1198,MATCH
254,A,1199,,ILE,DIRECT,17731,Q9H9B1,1199,MATCH
254,A,1199,,ILE,NEAR_SHELL,17731,Q9H9B1,1199,MATCH
254,A,1200,,ASN,DIRECT,17731,Q9H9B1,1200,MATCH
254,A,1200,,ASN,NEAR_SHELL,17731,Q9H9B1,1200,MATCH
254,A,1201,,HIS,DIRECT,17731,Q9H9B1,1201,MATCH
254,A,1201,,HIS,NEAR_SHELL,17731,Q9H9B1,1201,MATCH
254,A,1242,,TYR,DIRECT,17731,Q9H9B1,1242,MATCH
254,A,1242,,TYR,NEAR_SHELL,17731,Q9H9B1,1242,MATCH
254,A,1246,,PHE,DIRECT,17731,Q9H9B1,1246,MATCH
254,A,1246,,PHE,NEAR_SHELL,17731,Q9H9B1,1246,MATCH
254,A,1247,,TRP,NEAR_SHELL,17731,Q9H9B1,1247,MATCH
254,A,1250,,LYS,NEAR_SHELL,17731,Q9H9B1,1250,MATCH
254,A,1254,,PHE,DIRECT,17731,Q9H9B1,1254,MATCH
254,A,1254,,PHE,NEAR_SHELL,17731,Q9H9B1,1254,MATCH
254,A,1255,,SER,DIRECT,17731,Q9H9B1,1255,MATCH
254,A,1255,,SER,NEAR_SHELL,17731,Q9H9B1,1255,MATCH
254,A,1256,,CYS,DIRECT,17731,Q9H9B1,1256,MATCH
254,A,1256,,CYS,NEAR_SHELL,17731,Q9H9B1,1256,MATCH
254,A,1257,,ARG,DIRECT,17731,Q9H9B1,1257,MATCH
254,A,1257,,ARG,NEAR_SHELL,17731,Q9H9B1,1257,MATCH
254,A,1258,,CYS,DIRECT,17731,Q9H9B1,1258,MATCH
254,A,1258,,CYS,NEAR_SHELL,17731,Q9H9B1,1258,MATCH
255,A,1162,,ASP,DIRECT,17731,,,
255,A,1162,,ASP,NEAR_SHELL,17731,,,
255,A,1165,,ALA,DIRECT,17731,,,
255,A,1165,,ALA,NEAR_SHELL,17731,,,
255,A,1166,,ASP,DIRECT,17731,,,
255,A,1166,,ASP,NEAR_SHELL,17731,,,
255,A,1168,,ARG,DIRECT,17731,,,
255,A,1168,,ARG,NEAR_SHELL,17731,,,
255,A,1171,,ASP,DIRECT,17731,,,
255,A,1171,,ASP,NEAR_SHELL,17731,,,
255,A,1172,,SER,NEAR_SHELL,17731,Q9H9B1,1172,MATCH
255,A,1174,,LEU,DIRECT,17731,,,
255,A,1174,,LEU,NEAR_SHELL,17731,,,
255,A,1175,,PHE,NEAR_SHELL,17731,,,
255,A,1176,,ASP,DIRECT,17731,,,
255,A,1176,,ASP,NEAR_SHELL,17731,,,
255,A,1184,,VAL,NEAR_SHELL,17731,,,
255,A,1186,,CYS,DIRECT,17731,,,
255,A,1186,,CYS,NEAR_SHELL,17731,,,
255,A,1242,,TYR,NEAR_SHELL,17731,Q9H9B1,1242,MATCH
255,A,1245,,ARG,DIRECT,17731,,,
255,A,1245,,ARG,NEAR_SHELL,17731,,,
255,A,1246,,PHE,DIRECT,17731,Q9H9B1,1246,MATCH
255,A,1246,,PHE,NEAR_SHELL,17731,Q9H9B1,1246,MATCH
255,A,1249,,ILE,DIRECT,17731,,,
255,A,1249,,ILE,NEAR_SHELL,17731,,,
255,A,1250,,LYS,DIRECT,17731,Q9H9B1,1250,MATCH
255,A,1250,,LYS,NEAR_SHELL,17731,Q9H9B1,1250,MATCH
256,B,1132,,ARG,NEAR_SHELL,17731,Q9H9B1,1132,MATCH
256,B,1136,,MET,DIRECT,17731,Q9H9B1,1136,MATCH
256,B,1136,,MET,NEAR_SHELL,17731,Q9H9B1,1136,MATCH
256,B,1137,,GLY,DIRECT,17731,Q9H9B1,1137,MATCH
256,B,1137,,GLY,NEAR_SHELL,17731,Q9H9B1,1137,MATCH
256,B,1138,,TRP,DIRECT,17731,Q9H9B1,1138,MATCH
256,B,1138,,TRP,NEAR_SHELL,17731,Q9H9B1,1138,MATCH
256,B,1155,,TYR,NEAR_SHELL,17731,Q9H9B1,1155,MATCH
256,B,1172,,SER,DIRECT,17731,Q9H9B1,1172,MATCH
256,B,1172,,SER,NEAR_SHELL,17731,Q9H9B1,1172,MATCH
256,B,1173,,TYR,DIRECT,17731,Q9H9B1,1173,MATCH
256,B,1173,,TYR,NEAR_SHELL,17731,Q9H9B1,1173,MATCH
256,B,1196,,SER,NEAR_SHELL,17731,Q9H9B1,1196,MATCH
256,B,1197,,ARG,DIRECT,17731,Q9H9B1,1197,MATCH
256,B,1197,,ARG,NEAR_SHELL,17731,Q9H9B1,1197,MATCH
256,B,1198,,PHE,DIRECT,17731,Q9H9B1,1198,MATCH
256,B,1198,,PHE,NEAR_SHELL,17731,Q9H9B1,1198,MATCH
256,B,1199,,ILE,DIRECT,17731,Q9H9B1,1199,MATCH
256,B,1199,,ILE,NEAR_SHELL,17731,Q9H9B1,1199,MATCH
256,B,1200,,ASN,DIRECT,17731,Q9H9B1,1200,MATCH
256,B,1200,,ASN,NEAR_SHELL,17731,Q9H9B1,1200,MATCH
256,B,1201,,HIS,DIRECT,17731,Q9H9B1,1201,MATCH
256,B,1201,,HIS,NEAR_SHELL,17731,Q9H9B1,1201,MATCH
256,B,1242,,TYR,DIRECT,17731,Q9H9B1,1242,MATCH
256,B,1242,,TYR,NEAR_SHELL,17731,Q9H9B1,1242,MATCH
256,B,1246,,PHE,DIRECT,17731,Q9H9B1,1246,MATCH
256,B,1246,,PHE,NEAR_SHELL,17731,Q9H9B1,1246,MATCH
256,B,1247,,TRP,NEAR_SHELL,17731,Q9H9B1,1247,MATCH
256,B,1250,,LYS,NEAR_SHELL,17731,Q9H9B1,1250,MATCH
256,B,1254,,PHE,DIRECT,17731,Q9H9B1,1254,MATCH
256,B,1254,,PHE,NEAR_SHELL,17731,Q9H9B1,1254,MATCH
256,B,1255,,SER,DIRECT,17731,Q9H9B1,1255,MATCH
256,B,1255,,SER,NEAR_SHELL,17731,Q9H9B1,1255,MATCH
256,B,1256,,CYS,DIRECT,17731,Q9H9B1,1256,MATCH
256,B,1256,,CYS,NEAR_SHELL,17731,Q9H9B1,1256,MATCH
256,B,1257,,ARG,DIRECT,17731,Q9H9B1,1257,MATCH
256,B,1257,,ARG,NEAR_SHELL,17731,Q9H9B1,1257,MATCH
256,B,1258,,CYS,NEAR_SHELL,17731,Q9H9B1,1258,MATCH
257,B,1162,,ASP,DIRECT,17731,,,
257,B,1162,,ASP,NEAR_SHELL,17731,,,
257,B,1165,,ALA,DIRECT,17731,,,
257,B,1165,,ALA,NEAR_SHELL,17731,,,
257,B,1166,,ASP,DIRECT,17731,,,
257,B,1166,,ASP,NEAR_SHELL,17731,,,
257,B,1168,,ARG,DIRECT,17731,,,
257,B,1168,,ARG,NEAR_SHELL,17731,,,
257,B,1171,,ASP,DIRECT,17731,,,
257,B,1171,,ASP,NEAR_SHELL,17731,,,
257,B,1172,,SER,NEAR_SHELL,17731,Q9H9B1,1172,MATCH
257,B,1174,,LEU,DIRECT,17731,,,
257,B,1174,,LEU,NEAR_SHELL,17731,,,
257,B,1175,,PHE,NEAR_SHELL,17731,,,
257,B,1176,,ASP,DIRECT,17731,,,
257,B,1176,,ASP,NEAR_SHELL,17731,,,
257,B,1184,,VAL,NEAR_SHELL,17731,,,
257,B,1186,,CYS,DIRECT,17731,,,
257,B,1186,,CYS,NEAR_SHELL,17731,,,
257,B,1242,,TYR,NEAR_SHELL,17731,Q9H9B1,1242,MATCH
257,B,1245,,ARG,DIRECT,17731,,,
257,B,1245,,ARG,NEAR_SHELL,17731,,,
257,B,1246,,PHE,DIRECT,17731,Q9H9B1,1246,MATCH
257,B,1246,,PHE,NEAR_SHELL,17731,Q9H9B1,1246,MATCH
257,B,1249,,ILE,DIRECT,17731,,,
257,B,1249,,ILE,NEAR_SHELL,17731,,,
257,B,1250,,LYS,DIRECT,17731,Q9H9B1,1250,MATCH
257,B,1250,,LYS,NEAR_SHELL,17731,Q9H9B1,1250,MATCH
258,A,150,,TYR,DIRECT,11774,Q86X55,149,MATCH
258,A,150,,TYR,NEAR_SHELL,11774,Q86X55,149,MATCH
258,A,151,,PHE,DIRECT,11774,Q86X55,150,MATCH
258,A,151,,PHE,NEAR_SHELL,11774,Q86X55,150,MATCH
258,A,154,,TYR,DIRECT,11774,Q86X55,153,MATCH
258,A,154,,TYR,NEAR_SHELL,11774,Q86X55,153,MATCH
258,A,163,,MET,DIRECT,11774,Q86X55,162,MATCH
258,A,163,,MET,NEAR_SHELL,11774,Q86X55,162,MATCH
258,A,217,,SER,NEAR_SHELL,11774,Q86X55,216,MATCH
258,A,242,,LYS,NEAR_SHELL,11774,Q86X55,241,MATCH
258,A,244,,GLU,DIRECT,11774,Q86X55,243,MATCH
258,A,244,,GLU,NEAR_SHELL,11774,Q86X55,243,MATCH
258,A,258,,GLU,DIRECT,11774,Q86X55,257,MATCH
258,A,258,,GLU,NEAR_SHELL,11774,Q86X55,257,MATCH
258,A,269,,MET,DIRECT,11774,Q86X55,268,MATCH
258,A,269,,MET,NEAR_SHELL,11774,Q86X55,268,MATCH
258,A,272,,SER,DIRECT,11774,Q86X55,271,MATCH
258,A,272,,SER,NEAR_SHELL,11774,Q86X55,271,MATCH
259,A,146,,SER,NEAR_SHELL,11774,,,
259,A,149,,GLN,NEAR_SHELL,11774,,,
259,A,150,,TYR,DIRECT,11774,Q86X55,149,MATCH
259,A,150,,TYR,NEAR_SHELL,11774,Q86X55,149,MATCH
259,A,153,,PHE,DIRECT,11774,,,
259,A,153,,PHE,NEAR_SHELL,11774,,,
259,A,154,,TYR,DIRECT,11774,Q86X55,153,MATCH
259,A,154,,TYR,NEAR_SHELL,11774,Q86X55,153,MATCH
259,A,159,,GLN,NEAR_SHELL,11774,,,
259,A,162,,ASN,NEAR_SHELL,11774,,,
259,A,163,,MET,DIRECT,11774,Q86X55,162,MATCH
259,A,163,,MET,NEAR_SHELL,11774,Q86X55,162,MATCH
259,A,258,,GLU,DIRECT,11774,Q86X55,257,MATCH
259,A,258,,GLU,NEAR_SHELL,11774,Q86X55,257,MATCH
259,A,259,,PRO,NEAR_SHELL,11774,,,
259,A,260,,MET,DIRECT,11774,,,
259,A,260,,MET,NEAR_SHELL,11774,,,
259,A,262,,TYR,DIRECT,11774,,,
259,A,262,,TYR,NEAR_SHELL,11774,,,
259,A,266,,ASN,DIRECT,11774,,,
259,A,266,,ASN,NEAR_SHELL,11774,,,
259,A,267,,GLU,DIRECT,11774,,,
259,A,267,,GLU,NEAR_SHELL,11774,,,
259,A,269,,MET,NEAR_SHELL,11774,Q86X55,268,MATCH
259,A,415,,HIS,DIRECT,11774,,,
259,A,415,,HIS,NEAR_SHELL,11774,,,
259,A,416,,TRP,DIRECT,11774,,,
259,A,416,,TRP,NEAR_SHELL,11774,,,
259,A,446,,ARG,DIRECT,11774,,,
259,A,446,,ARG,NEAR_SHELL,11774,,,
259,A,447,,GLN,DIRECT,11774,,,
259,A,447,,GLN,NEAR_SHELL,11774,,,
259,A,471,,LYS,DIRECT,11774,,,
259,A,471,,LYS,NEAR_SHELL,11774,,,
259,A,473,,PRO,DIRECT,11774,,,
259,A,473,,PRO,NEAR_SHELL,11774,,,
259,A,475,,PHE,DIRECT,11774,,,
259,A,475,,PHE,NEAR_SHELL,11774,,,
260,B,150,,TYR,DIRECT,11774,Q86X55,149,MATCH
260,B,150,,TYR,NEAR_SHELL,11774,Q86X55,149,MATCH
260,B,151,,PHE,DIRECT,11774,Q86X55,150,MATCH
260,B,151,,PHE,NEAR_SHELL,11774,Q86X55,150,MATCH
260,B,154,,TYR,DIRECT,11774,Q86X55,153,MATCH
260,B,154,,TYR,NEAR_SHELL,11774,Q86X55,153,MATCH
260,B,163,,MET,DIRECT,11774,Q86X55,162,MATCH
260,B,163,,MET,NEAR_SHELL,11774,Q86X55,162,MATCH
260,B,216,,ALA,DIRECT,11774,Q86X55,215,MATCH
260,B,216,,ALA,NEAR_SHELL,11774,Q86X55,215,MATCH
260,B,217,,SER,NEAR_SHELL,11774,Q86X55,216,MATCH
260,B,241,,GLY,NEAR_SHELL,11774,Q86X55,240,MATCH
260,B,242,,LYS,DIRECT,11774,Q86X55,241,MATCH
260,B,242,,LYS,NEAR_SHELL,11774,Q86X55,241,MATCH
260,B,244,,GLU,DIRECT,11774,Q86X55,243,MATCH
260,B,244,,GLU,NEAR_SHELL,11774,Q86X55,243,MATCH
260,B,258,,GLU,DIRECT,11774,Q86X55,257,MATCH
260,B,258,,GLU,NEAR_SHELL,11774,Q86X55,257,MATCH
260,B,259,,PRO,NEAR_SHELL,11774,Q86X55,258,MATCH
260,B,269,,MET,DIRECT,11774,Q86X55,268,MATCH
260,B,269,,MET,NEAR_SHELL,11774,Q86X55,268,MATCH
260,B,272,,SER,DIRECT,11774,Q86X55,271,MATCH
260,B,272,,SER,NEAR_SHELL,11774,Q86X55,271,MATCH
261,B,146,,SER,NEAR_SHELL,11774,,,
261,B,149,,GLN,NEAR_SHELL,11774,,,
261,B,150,,TYR,DIRECT,11774,Q86X55,149,MATCH
261,B,150,,TYR,NEAR_SHELL,11774,Q86X55,149,MATCH
261,B,153,,PHE,DIRECT,11774,,,
261,B,153,,PHE,NEAR_SHELL,11774,,,
261,B,154,,TYR,DIRECT,11774,Q86X55,153,MATCH
261,B,154,,TYR,NEAR_SHELL,11774,Q86X55,153,MATCH
261,B,159,,GLN,NEAR_SHELL,11774,,,
261,B,162,,ASN,NEAR_SHELL,11774,,,
261,B,163,,MET,DIRECT,11774,Q86X55,162,MATCH
261,B,163,,MET,NEAR_SHELL,11774,Q86X55,162,MATCH
261,B,258,,GLU,DIRECT,11774,Q86X55,257,MATCH
261,B,258,,GLU,NEAR_SHELL,11774,Q86X55,257,MATCH
261,B,259,,PRO,NEAR_SHELL,11774,Q86X55,258,MATCH
261,B,260,,MET,DIRECT,11774,,,
261,B,260,,MET,NEAR_SHELL,11774,,,
261,B,262,,TYR,DIRECT,11774,,,
261,B,262,,TYR,NEAR_SHELL,11774,,,
261,B,266,,ASN,DIRECT,11774,,,
261,B,266,,ASN,NEAR_SHELL,11774,,,
261,B,267,,GLU,DIRECT,11774,,,
261,B,267,,GLU,NEAR_SHELL,11774,,,
261,B,269,,MET,NEAR_SHELL,11774,Q86X55,268,MATCH
261,B,415,,HIS,DIRECT,11774,,,
261,B,415,,HIS,NEAR_SHELL,11774,,,
261,B,416,,TRP,DIRECT,11774,,,
261,B,416,,TRP,NEAR_SHELL,11774,,,
261,B,446,,ARG,DIRECT,11774,,,
261,B,446,,ARG,NEAR_SHELL,11774,,,
261,B,447,,GLN,DIRECT,11774,,,
261,B,447,,GLN,NEAR_SHELL,11774,,,
261,B,471,,LYS,DIRECT,11774,,,
261,B,471,,LYS,NEAR_SHELL,11774,,,
261,B,473,,PRO,DIRECT,11774,,,
261,B,473,,PRO,NEAR_SHELL,11774,,,
262,A,97,,PHE,DIRECT,2640,,,
262,A,97,,PHE,NEAR_SHELL,2640,,,
262,A,148,,TYR,DIRECT,2640,,,
262,A,148,,TYR,NEAR_SHELL,2640,,,
262,A,194,,ASN,DIRECT,2640,,,
262,A,194,,ASN,NEAR_SHELL,2640,,,
262,A,238,,GLU,DIRECT,2640,,,
262,A,238,,GLU,NEAR_SHELL,2640,,,
262,A,240,,LEU,DIRECT,2640,,,
262,A,240,,LEU,NEAR_SHELL,2640,,,
262,A,256,,MET,NEAR_SHELL,2640,,,
262,A,310,,ASP,DIRECT,2640,,,
262,A,310,,ASP,NEAR_SHELL,2640,,,
262,A,365,,TYR,DIRECT,2640,,,
262,A,365,,TYR,NEAR_SHELL,2640,,,
262,A,367,,ARG,DIRECT,2640,,,
262,A,367,,ARG,NEAR_SHELL,2640,,,
262,A,414,,ARG,DIRECT,2640,,,
262,A,414,,ARG,NEAR_SHELL,2640,,,
263,A,97,,PHE,DIRECT,2640,,,
263,A,97,,PHE,NEAR_SHELL,2640,,,
263,A,148,,TYR,DIRECT,2640,,,
263,A,148,,TYR,NEAR_SHELL,2640,,,
263,A,194,,ASN,DIRECT,2640,,,
263,A,194,,ASN,NEAR_SHELL,2640,,,
263,A,211,,LYS,NEAR_SHELL,2640,,,
263,A,238,,GLU,DIRECT,2640,,,
263,A,238,,GLU,NEAR_SHELL,2640,,,
263,A,240,,LEU,DIRECT,2640,,,
263,A,240,,LEU,NEAR_SHELL,2640,,,
263,A,310,,ASP,DIRECT,2640,,,
263,A,310,,ASP,NEAR_SHELL,2640,,,
263,A,365,,TYR,DIRECT,2640,,,
263,A,365,,TYR,NEAR_SHELL,2640,,,
263,A,367,,ARG,DIRECT,2640,,,
263,A,367,,ARG,NEAR_SHELL,2640,,,
263,A,414,,ARG,DIRECT,2640,,,
263,A,414,,ARG,NEAR_SHELL,2640,,,
264,A,69,,TYR,NEAR_SHELL,9865,Q5VVY1,69,MATCH
264,A,72,,ALA,NEAR_SHELL,9865,Q5VVY1,72,MATCH
264,A,76,,TYR,DIRECT,9865,Q5VVY1,76,MATCH
264,A,76,,TYR,NEAR_SHELL,9865,Q5VVY1,76,MATCH
264,A,85,,GLY,NEAR_SHELL,9865,Q5VVY1,85,MATCH
264,A,86,,MET,DIRECT,9865,Q5VVY1,86,MATCH
264,A,86,,MET,NEAR_SHELL,9865,Q5VVY1,86,MATCH
264,A,122,,ASP,NEAR_SHELL,9865,Q5VVY1,122,MATCH
264,A,124,,GLY,DIRECT,9865,Q5VVY1,124,MATCH
264,A,124,,GLY,NEAR_SHELL,9865,Q5VVY1,124,MATCH
264,A,125,,SER,DIRECT,9865,Q5VVY1,125,MATCH
264,A,125,,SER,NEAR_SHELL,9865,Q5VVY1,125,MATCH
264,A,126,,GLY,DIRECT,9865,Q5VVY1,126,MATCH
264,A,126,,GLY,NEAR_SHELL,9865,Q5VVY1,126,MATCH
264,A,129,,ARG,DIRECT,9865,Q5VVY1,129,MATCH
264,A,129,,ARG,NEAR_SHELL,9865,Q5VVY1,129,MATCH
264,A,130,,VAL,DIRECT,9865,Q5VVY1,130,MATCH
264,A,130,,VAL,NEAR_SHELL,9865,Q5VVY1,130,MATCH
264,A,146,,ASP,DIRECT,9865,Q5VVY1,146,MATCH
264,A,146,,ASP,NEAR_SHELL,9865,Q5VVY1,146,MATCH
264,A,147,,MET,DIRECT,9865,Q5VVY1,147,MATCH
264,A,147,,MET,NEAR_SHELL,9865,Q5VVY1,147,MATCH
264,A,148,,MET,DIRECT,9865,Q5VVY1,148,MATCH
264,A,148,,MET,NEAR_SHELL,9865,Q5VVY1,148,MATCH
264,A,151,,PHE,DIRECT,9865,Q5VVY1,151,MATCH
264,A,151,,PHE,NEAR_SHELL,9865,Q5VVY1,151,MATCH
264,A,173,,SER,DIRECT,9865,Q5VVY1,173,MATCH
264,A,173,,SER,NEAR_SHELL,9865,Q5VVY1,173,MATCH
264,A,174,,LEU,DIRECT,9865,Q5VVY1,174,MATCH
264,A,174,,LEU,NEAR_SHELL,9865,Q5VVY1,174,MATCH
264,A,175,,GLN,DIRECT,9865,Q5VVY1,175,MATCH
264,A,175,,GLN,NEAR_SHELL,9865,Q5VVY1,175,MATCH
264,A,190,,GLN,DIRECT,9865,Q5VVY1,190,MATCH
264,A,190,,GLN,NEAR_SHELL,9865,Q5VVY1,190,MATCH
264,A,191,,TRP,DIRECT,9865,Q5VVY1,191,MATCH
264,A,191,,TRP,NEAR_SHELL,9865,Q5VVY1,191,MATCH
264,A,192,,VAL,DIRECT,9865,Q5VVY1,192,MATCH
264,A,192,,VAL,NEAR_SHELL,9865,Q5VVY1,192,MATCH
264,A,195,,HIS,DIRECT,9865,Q5VVY1,195,MATCH
264,A,195,,HIS,NEAR_SHELL,9865,Q5VVY1,195,MATCH
264,A,196,,LEU,DIRECT,9865,Q5VVY1,196,MATCH
264,A,196,,LEU,NEAR_SHELL,9865,Q5VVY1,196,MATCH
265,A-2,69,,TYR,NEAR_SHELL,9865,Q5VVY1,69,MATCH
265,A-2,72,,ALA,NEAR_SHELL,9865,Q5VVY1,72,MATCH
265,A-2,76,,TYR,DIRECT,9865,Q5VVY1,76,MATCH
265,A-2,76,,TYR,NEAR_SHELL,9865,Q5VVY1,76,MATCH
265,A-2,85,,GLY,NEAR_SHELL,9865,Q5VVY1,85,MATCH
265,A-2,86,,MET,DIRECT,9865,Q5VVY1,86,MATCH
265,A-2,86,,MET,NEAR_SHELL,9865,Q5VVY1,86,MATCH
265,A-2,122,,ASP,NEAR_SHELL,9865,Q5VVY1,122,MATCH
265,A-2,124,,GLY,DIRECT,9865,Q5VVY1,124,MATCH
265,A-2,124,,GLY,NEAR_SHELL,9865,Q5VVY1,124,MATCH
265,A-2,125,,SER,DIRECT,9865,Q5VVY1,125,MATCH
265,A-2,125,,SER,NEAR_SHELL,9865,Q5VVY1,125,MATCH
265,A-2,126,,GLY,DIRECT,9865,Q5VVY1,126,MATCH
265,A-2,126,,GLY,NEAR_SHELL,9865,Q5VVY1,126,MATCH
265,A-2,129,,ARG,DIRECT,9865,Q5VVY1,129,MATCH
265,A-2,129,,ARG,NEAR_SHELL,9865,Q5VVY1,129,MATCH
265,A-2,130,,VAL,DIRECT,9865,Q5VVY1,130,MATCH
265,A-2,130,,VAL,NEAR_SHELL,9865,Q5VVY1,130,MATCH
265,A-2,146,,ASP,DIRECT,9865,Q5VVY1,146,MATCH
265,A-2,146,,ASP,NEAR_SHELL,9865,Q5VVY1,146,MATCH
265,A-2,147,,MET,DIRECT,9865,Q5VVY1,147,MATCH
265,A-2,147,,MET,NEAR_SHELL,9865,Q5VVY1,147,MATCH
265,A-2,148,,MET,DIRECT,9865,Q5VVY1,148,MATCH
265,A-2,148,,MET,NEAR_SHELL,9865,Q5VVY1,148,MATCH
265,A-2,151,,PHE,DIRECT,9865,Q5VVY1,151,MATCH
265,A-2,151,,PHE,NEAR_SHELL,9865,Q5VVY1,151,MATCH
265,A-2,173,,SER,DIRECT,9865,Q5VVY1,173,MATCH
265,A-2,173,,SER,NEAR_SHELL,9865,Q5VVY1,173,MATCH
265,A-2,174,,LEU,DIRECT,9865,Q5VVY1,174,MATCH
265,A-2,174,,LEU,NEAR_SHELL,9865,Q5VVY1,174,MATCH
265,A-2,175,,GLN,DIRECT,9865,Q5VVY1,175,MATCH
265,A-2,175,,GLN,NEAR_SHELL,9865,Q5VVY1,175,MATCH
265,A-2,190,,GLN,DIRECT,9865,Q5VVY1,190,MATCH
265,A-2,190,,GLN,NEAR_SHELL,9865,Q5VVY1,190,MATCH
265,A-2,191,,TRP,DIRECT,9865,Q5VVY1,191,MATCH
265,A-2,191,,TRP,NEAR_SHELL,9865,Q5VVY1,191,MATCH
265,A-2,192,,VAL,DIRECT,9865,Q5VVY1,192,MATCH
265,A-2,192,,VAL,NEAR_SHELL,9865,Q5VVY1,192,MATCH
265,A-2,195,,HIS,DIRECT,9865,Q5VVY1,195,MATCH
265,A-2,195,,HIS,NEAR_SHELL,9865,Q5VVY1,195,MATCH
265,A-2,196,,LEU,DIRECT,9865,Q5VVY1,196,MATCH
265,A-2,196,,LEU,NEAR_SHELL,9865,Q5VVY1,196,MATCH
266,A,1070,,PRO,NEAR_SHELL,16926,Q9BZ95,1070,MATCH
266,A,1151,,LYS,NEAR_SHELL,16926,Q9BZ95,1151,MATCH
266,A,1154,,ARG,NEAR_SHELL,16926,Q9BZ95,1154,MATCH
266,A,1155,,ARG,DIRECT,16926,Q9BZ95,1155,MATCH
266,A,1155,,ARG,NEAR_SHELL,16926,Q9BZ95,1155,MATCH
266,A,1156,,GLY,DIRECT,16926,Q9BZ95,1156,MATCH
266,A,1156,,GLY,NEAR_SHELL,16926,Q9BZ95,1156,MATCH
266,A,1157,,TRP,DIRECT,16926,Q9BZ95,1157,MATCH
266,A,1157,,TRP,NEAR_SHELL,16926,Q9BZ95,1157,MATCH
266,A,1174,,TYR,NEAR_SHELL,16926,Q9BZ95,1174,MATCH
266,A,1197,,THR,DIRECT,16926,Q9BZ95,1197,MATCH
266,A,1197,,THR,NEAR_SHELL,16926,Q9BZ95,1197,MATCH
266,A,1198,,ASN,DIRECT,16926,Q9BZ95,1198,MATCH
266,A,1198,,ASN,NEAR_SHELL,16926,Q9BZ95,1198,MATCH
266,A,1199,,PHE,DIRECT,16926,Q9BZ95,1199,MATCH
266,A,1199,,PHE,NEAR_SHELL,16926,Q9BZ95,1199,MATCH
266,A,1200,,TYR,DIRECT,16926,Q9BZ95,1200,MATCH
266,A,1200,,TYR,NEAR_SHELL,16926,Q9BZ95,1200,MATCH
266,A,1220,,ARG,DIRECT,16926,Q9BZ95,1220,MATCH
266,A,1220,,ARG,NEAR_SHELL,16926,Q9BZ95,1220,MATCH
266,A,1221,,PHE,DIRECT,16926,Q9BZ95,1221,MATCH
266,A,1221,,PHE,NEAR_SHELL,16926,Q9BZ95,1221,MATCH
266,A,1222,,MET,DIRECT,16926,Q9BZ95,1222,MATCH
266,A,1222,,MET,NEAR_SHELL,16926,Q9BZ95,1222,MATCH
266,A,1223,,ASN,DIRECT,16926,Q9BZ95,1223,MATCH
266,A,1223,,ASN,NEAR_SHELL,16926,Q9BZ95,1223,MATCH
266,A,1224,,HIS,DIRECT,16926,Q9BZ95,1224,MATCH
266,A,1224,,HIS,NEAR_SHELL,16926,Q9BZ95,1224,MATCH
266,A,1261,,TYR,DIRECT,16926,Q9BZ95,1261,MATCH
266,A,1261,,TYR,NEAR_SHELL,16926,Q9BZ95,1261,MATCH
266,A,1271,,THR,NEAR_SHELL,16926,Q9BZ95,1271,MATCH
266,A,1272,,GLU,DIRECT,16926,Q9BZ95,1272,MATCH
266,A,1272,,GLU,NEAR_SHELL,16926,Q9BZ95,1272,MATCH
266,A,1273,,CYS,DIRECT,16926,Q9BZ95,1273,MATCH
266,A,1273,,CYS,NEAR_SHELL,16926,Q9BZ95,1273,MATCH
266,A,1274,,HIS,DIRECT,16926,Q9BZ95,1274,MATCH
266,A,1274,,HIS,NEAR_SHELL,16926,Q9BZ95,1274,MATCH
266,A,1284,,LEU,DIRECT,16926,Q9BZ95,1284,MATCH
266,A,1284,,LEU,NEAR_SHELL,16926,Q9BZ95,1284,MATCH
267,A,13,,ASN,NEAR_SHELL,17626,Q9H7B4,13,SUBSTITUTION
267,A,14,,ARG,DIRECT,17626,Q9H7B4,14,MATCH
267,A,14,,ARG,NEAR_SHELL,17626,Q9H7B4,14,MATCH
267,A,15,,GLY,DIRECT,17626,Q9H7B4,15,MATCH
267,A,15,,GLY,NEAR_SHELL,17626,Q9H7B4,15,MATCH
267,A,16,,ASN,DIRECT,17626,Q9H7B4,16,MATCH
267,A,16,,ASN,NEAR_SHELL,17626,Q9H7B4,16,MATCH
267,A,124,,TYR,DIRECT,17626,Q9H7B4,124,MATCH
267,A,124,,TYR,NEAR_SHELL,17626,Q9H7B4,124,MATCH
267,A,130,,GLU,DIRECT,17626,Q9H7B4,130,MATCH
267,A,130,,GLU,NEAR_SHELL,17626,Q9H7B4,130,MATCH
267,A,132,,ASN,DIRECT,17626,Q9H7B4,132,MATCH
267,A,132,,ASN,NEAR_SHELL,17626,Q9H7B4,132,MATCH
267,A,135,,LYS,NEAR_SHELL,17626,Q9H7B4,135,MATCH
267,A,180,,CYS,DIRECT,17626,Q9H7B4,180,MATCH
267,A,180,,CYS,NEAR_SHELL,17626,Q9H7B4,180,MATCH
267,A,181,,ASN,DIRECT,17626,Q9H7B4,181,MATCH
267,A,181,,ASN,NEAR_SHELL,17626,Q9H7B4,181,MATCH
267,A,183,,PHE,NEAR_SHELL,17626,Q9H7B4,183,MATCH
267,A,202,,SER,DIRECT,17626,Q9H7B4,202,MATCH
267,A,202,,SER,NEAR_SHELL,17626,Q9H7B4,202,MATCH
267,A,204,,LEU,DIRECT,17626,Q9H7B4,204,MATCH
267,A,204,,LEU,NEAR_SHELL,17626,Q9H7B4,204,MATCH
267,A,205,,ASN,DIRECT,17626,Q9H7B4,205,MATCH
267,A,205,,ASN,NEAR_SHELL,17626,Q9H7B4,205,MATCH
267,A,206,,HIS,DIRECT,17626,Q9H7B4,206,MATCH
267,A,206,,HIS,NEAR_SHELL,17626,Q9H7B4,206,MATCH
267,A,239,,TYR,DIRECT,17626,Q9H7B4,239,MATCH
267,A,239,,TYR,NEAR_SHELL,17626,Q9H7B4,239,MATCH
267,A,257,,TYR,DIRECT,17626,Q9H7B4,257,MATCH
267,A,257,,TYR,NEAR_SHELL,17626,Q9H7B4,257,MATCH
267,A,258,,CYS,NEAR_SHELL,17626,Q9H7B4,258,MATCH
267,A,259,,PHE,DIRECT,17626,Q9H7B4,259,MATCH
267,A,259,,PHE,NEAR_SHELL,17626,Q9H7B4,259,MATCH
267,A,260,,GLU,NEAR_SHELL,17626,Q9H7B4,260,MATCH
267,A,261,,CYS,NEAR_SHELL,17626,Q9H7B4,261,MATCH
267,A,262,,ASP,NEAR_SHELL,17626,Q9H7B4,262,MATCH
268,A,180,,CYS,DIRECT,17626,Q9H7B4,180,MATCH
268,A,180,,CYS,NEAR_SHELL,17626,Q9H7B4,180,MATCH
268,A,181,,ASN,DIRECT,17626,Q9H7B4,181,MATCH
268,A,181,,ASN,NEAR_SHELL,17626,Q9H7B4,181,MATCH
268,A,182,,SER,DIRECT,17626,,,
268,A,182,,SER,NEAR_SHELL,17626,,,
268,A,183,,PHE,DIRECT,17626,Q9H7B4,183,MATCH
268,A,183,,PHE,NEAR_SHELL,17626,Q9H7B4,183,MATCH
268,A,184,,THR,DIRECT,17626,,,
268,A,184,,THR,NEAR_SHELL,17626,,,
268,A,186,,CYS,NEAR_SHELL,17626,,,
268,A,190,,MET,DIRECT,17626,,,
268,A,190,,MET,NEAR_SHELL,17626,,,
268,A,192,,GLU,DIRECT,17626,,,
268,A,192,,GLU,NEAR_SHELL,17626,,,
268,A,202,,SER,NEAR_SHELL,17626,Q9H7B4,202,MATCH
268,A,204,,LEU,NEAR_SHELL,17626,Q9H7B4,204,MATCH
268,A,214,,ILE,NEAR_SHELL,17626,,,
268,A,216,,PHE,NEAR_SHELL,17626,,,
268,A,237,,ILE,DIRECT,17626,,,
268,A,237,,ILE,NEAR_SHELL,17626,,,
268,A,238,,CYS,DIRECT,17626,,,
268,A,238,,CYS,NEAR_SHELL,17626,,,
268,A,239,,TYR,DIRECT,17626,Q9H7B4,239,MATCH
268,A,239,,TYR,NEAR_SHELL,17626,Q9H7B4,239,MATCH
268,A,240,,LEU,DIRECT,17626,,,
268,A,240,,LEU,NEAR_SHELL,17626,,,
268,A,241,,ASP,DIRECT,17626,,,
268,A,241,,ASP,NEAR_SHELL,17626,,,
268,A,242,,MET,NEAR_SHELL,17626,,,
268,A,257,,TYR,DIRECT,17626,Q9H7B4,257,MATCH
268,A,257,,TYR,NEAR_SHELL,17626,Q9H7B4,257,MATCH
268,A,297,,LYS,NEAR_SHELL,17626,,,
268,A,332,,ASP,NEAR_SHELL,17626,,,
268,A,358,,TYR,NEAR_SHELL,17626,,,
268,A,362,,PHE,NEAR_SHELL,17626,,,
268,A,366,,HIS,NEAR_SHELL,17626,,,
268,A,367,,PRO,NEAR_SHELL,17626,,,
268,A,368,,VAL,DIRECT,17626,,,
268,A,368,,VAL,NEAR_SHELL,17626,,,
269,A,1044,,ARG,NEAR_SHELL,15523,Q96KQ7,1044,MATCH
269,A,1047,,LYS,NEAR_SHELL,15523,Q96KQ7,1047,MATCH
269,A,1048,,MET,DIRECT,15523,Q96KQ7,1048,MATCH
269,A,1048,,MET,NEAR_SHELL,15523,Q96KQ7,1048,MATCH
269,A,1049,,GLY,DIRECT,15523,Q96KQ7,1049,MATCH
269,A,1049,,GLY,NEAR_SHELL,15523,Q96KQ7,1049,MATCH
269,A,1050,,TRP,DIRECT,15523,Q96KQ7,1050,MATCH
269,A,1050,,TRP,NEAR_SHELL,15523,Q96KQ7,1050,MATCH
269,A,1067,,TYR,NEAR_SHELL,15523,Q96KQ7,1067,MATCH
269,A,1084,,SER,DIRECT,15523,Q96KQ7,1084,MATCH
269,A,1084,,SER,NEAR_SHELL,15523,Q96KQ7,1084,MATCH
269,A,1085,,TYR,DIRECT,15523,Q96KQ7,1085,MATCH
269,A,1085,,TYR,NEAR_SHELL,15523,Q96KQ7,1085,MATCH
269,A,1108,,SER,NEAR_SHELL,15523,Q96KQ7,1108,MATCH
269,A,1109,,ARG,DIRECT,15523,Q96KQ7,1109,MATCH
269,A,1109,,ARG,NEAR_SHELL,15523,Q96KQ7,1109,MATCH
269,A,1110,,PHE,DIRECT,15523,Q96KQ7,1110,MATCH
269,A,1110,,PHE,NEAR_SHELL,15523,Q96KQ7,1110,MATCH
269,A,1111,,ILE,DIRECT,15523,Q96KQ7,1111,MATCH
269,A,1111,,ILE,NEAR_SHELL,15523,Q96KQ7,1111,MATCH
269,A,1112,,ASN,DIRECT,15523,Q96KQ7,1112,MATCH
269,A,1112,,ASN,NEAR_SHELL,15523,Q96KQ7,1112,MATCH
269,A,1113,,HIS,DIRECT,15523,Q96KQ7,1113,MATCH
269,A,1113,,HIS,NEAR_SHELL,15523,Q96KQ7,1113,MATCH
269,A,1154,,TYR,DIRECT,15523,Q96KQ7,1154,MATCH
269,A,1154,,TYR,NEAR_SHELL,15523,Q96KQ7,1154,MATCH
269,A,1158,,PHE,DIRECT,15523,Q96KQ7,1158,MATCH
269,A,1158,,PHE,NEAR_SHELL,15523,Q96KQ7,1158,MATCH
269,A,1159,,TRP,NEAR_SHELL,15523,Q96KQ7,1159,MATCH
269,A,1162,,LYS,NEAR_SHELL,15523,Q96KQ7,1162,MATCH
269,A,1166,,PHE,DIRECT,15523,Q96KQ7,1166,MATCH
269,A,1166,,PHE,NEAR_SHELL,15523,Q96KQ7,1166,MATCH
269,A,1167,,THR,DIRECT,15523,Q96KQ7,1167,MATCH
269,A,1167,,THR,NEAR_SHELL,15523,Q96KQ7,1167,MATCH
269,A,1168,,CYS,DIRECT,15523,Q96KQ7,1168,MATCH
269,A,1168,,CYS,NEAR_SHELL,15523,Q96KQ7,1168,MATCH
269,A,1169,,GLN,DIRECT,15523,Q96KQ7,1169,MATCH
269,A,1169,,GLN,NEAR_SHELL,15523,Q96KQ7,1169,MATCH
270,A,1074,,ASP,DIRECT,15523,,,
270,A,1074,,ASP,NEAR_SHELL,15523,,,
270,A,1077,,ALA,DIRECT,15523,,,
270,A,1077,,ALA,NEAR_SHELL,15523,,,
270,A,1078,,ASP,DIRECT,15523,,,
270,A,1078,,ASP,NEAR_SHELL,15523,,,
270,A,1083,,ASP,DIRECT,15523,,,
270,A,1083,,ASP,NEAR_SHELL,15523,,,
270,A,1084,,SER,NEAR_SHELL,15523,Q96KQ7,1084,MATCH
270,A,1086,,LEU,DIRECT,15523,,,
270,A,1086,,LEU,NEAR_SHELL,15523,,,
270,A,1087,,PHE,NEAR_SHELL,15523,,,
270,A,1088,,ASP,DIRECT,15523,,,
270,A,1088,,ASP,NEAR_SHELL,15523,,,
270,A,1096,,VAL,NEAR_SHELL,15523,,,
270,A,1098,,CYS,DIRECT,15523,,,
270,A,1098,,CYS,NEAR_SHELL,15523,,,
270,A,1154,,TYR,NEAR_SHELL,15523,Q96KQ7,1154,MATCH
270,A,1157,,ARG,DIRECT,15523,,,
270,A,1157,,ARG,NEAR_SHELL,15523,,,
270,A,1158,,PHE,DIRECT,15523,Q96KQ7,1158,MATCH
270,A,1158,,PHE,NEAR_SHELL,15523,Q96KQ7,1158,MATCH
270,A,1161,,ILE,NEAR_SHELL,15523,,,
270,A,1162,,LYS,DIRECT,15523,Q96KQ7,1162,MATCH
270,A,1162,,LYS,NEAR_SHELL,15523,Q96KQ7,1162,MATCH
271,B,1044,,ARG,NEAR_SHELL,15523,Q96KQ7,1044,MATCH
271,B,1047,,LYS,NEAR_SHELL,15523,Q96KQ7,1047,MATCH
271,B,1048,,MET,DIRECT,15523,Q96KQ7,1048,MATCH
271,B,1048,,MET,NEAR_SHELL,15523,Q96KQ7,1048,MATCH
271,B,1049,,GLY,DIRECT,15523,Q96KQ7,1049,MATCH
271,B,1049,,GLY,NEAR_SHELL,15523,Q96KQ7,1049,MATCH
271,B,1050,,TRP,DIRECT,15523,Q96KQ7,1050,MATCH
271,B,1050,,TRP,NEAR_SHELL,15523,Q96KQ7,1050,MATCH
271,B,1067,,TYR,NEAR_SHELL,15523,Q96KQ7,1067,MATCH
271,B,1084,,SER,DIRECT,15523,Q96KQ7,1084,MATCH
271,B,1084,,SER,NEAR_SHELL,15523,Q96KQ7,1084,MATCH
271,B,1085,,TYR,DIRECT,15523,Q96KQ7,1085,MATCH
271,B,1085,,TYR,NEAR_SHELL,15523,Q96KQ7,1085,MATCH
271,B,1108,,SER,NEAR_SHELL,15523,Q96KQ7,1108,MATCH
271,B,1109,,ARG,DIRECT,15523,Q96KQ7,1109,MATCH
271,B,1109,,ARG,NEAR_SHELL,15523,Q96KQ7,1109,MATCH
271,B,1110,,PHE,DIRECT,15523,Q96KQ7,1110,MATCH
271,B,1110,,PHE,NEAR_SHELL,15523,Q96KQ7,1110,MATCH
271,B,1111,,ILE,DIRECT,15523,Q96KQ7,1111,MATCH
271,B,1111,,ILE,NEAR_SHELL,15523,Q96KQ7,1111,MATCH
271,B,1112,,ASN,DIRECT,15523,Q96KQ7,1112,MATCH
271,B,1112,,ASN,NEAR_SHELL,15523,Q96KQ7,1112,MATCH
271,B,1113,,HIS,DIRECT,15523,Q96KQ7,1113,MATCH
271,B,1113,,HIS,NEAR_SHELL,15523,Q96KQ7,1113,MATCH
271,B,1154,,TYR,DIRECT,15523,Q96KQ7,1154,MATCH
271,B,1154,,TYR,NEAR_SHELL,15523,Q96KQ7,1154,MATCH
271,B,1158,,PHE,DIRECT,15523,Q96KQ7,1158,MATCH
271,B,1158,,PHE,NEAR_SHELL,15523,Q96KQ7,1158,MATCH
271,B,1159,,TRP,NEAR_SHELL,15523,Q96KQ7,1159,MATCH
271,B,1162,,LYS,NEAR_SHELL,15523,Q96KQ7,1162,MATCH
271,B,1166,,PHE,DIRECT,15523,Q96KQ7,1166,MATCH
271,B,1166,,PHE,NEAR_SHELL,15523,Q96KQ7,1166,MATCH
271,B,1167,,THR,DIRECT,15523,Q96KQ7,1167,MATCH
271,B,1167,,THR,NEAR_SHELL,15523,Q96KQ7,1167,MATCH
271,B,1168,,CYS,DIRECT,15523,Q96KQ7,1168,MATCH
271,B,1168,,CYS,NEAR_SHELL,15523,Q96KQ7,1168,MATCH
271,B,1169,,GLN,DIRECT,15523,Q96KQ7,1169,MATCH
271,B,1169,,GLN,NEAR_SHELL,15523,Q96KQ7,1169,MATCH
272,B,1074,,ASP,DIRECT,15523,,,
272,B,1074,,ASP,NEAR_SHELL,15523,,,
272,B,1075,,ALA,NEAR_SHELL,15523,,,
272,B,1077,,ALA,DIRECT,15523,,,
272,B,1077,,ALA,NEAR_SHELL,15523,,,
272,B,1078,,ASP,DIRECT,15523,,,
272,B,1078,,ASP,NEAR_SHELL,15523,,,
272,B,1083,,ASP,DIRECT,15523,,,
272,B,1083,,ASP,NEAR_SHELL,15523,,,
272,B,1086,,LEU,DIRECT,15523,,,
272,B,1086,,LEU,NEAR_SHELL,15523,,,
272,B,1087,,PHE,NEAR_SHELL,15523,,,
272,B,1088,,ASP,DIRECT,15523,,,
272,B,1088,,ASP,NEAR_SHELL,15523,,,
272,B,1096,,VAL,NEAR_SHELL,15523,,,
272,B,1098,,CYS,DIRECT,15523,,,
272,B,1098,,CYS,NEAR_SHELL,15523,,,
272,B,1154,,TYR,NEAR_SHELL,15523,Q96KQ7,1154,MATCH
272,B,1157,,ARG,DIRECT,15523,,,
272,B,1157,,ARG,NEAR_SHELL,15523,,,
272,B,1158,,PHE,DIRECT,15523,Q96KQ7,1158,MATCH
272,B,1158,,PHE,NEAR_SHELL,15523,Q96KQ7,1158,MATCH
272,B,1161,,ILE,NEAR_SHELL,15523,,,
272,B,1162,,LYS,DIRECT,15523,Q96KQ7,1162,MATCH
272,B,1162,,LYS,NEAR_SHELL,15523,Q96KQ7,1162,MATCH
273,A,1132,,ARG,NEAR_SHELL,17731,Q9H9B1,1132,MATCH
273,A,1136,,MET,DIRECT,17731,Q9H9B1,1136,MATCH
273,A,1136,,MET,NEAR_SHELL,17731,Q9H9B1,1136,MATCH
273,A,1137,,GLY,DIRECT,17731,Q9H9B1,1137,MATCH
273,A,1137,,GLY,NEAR_SHELL,17731,Q9H9B1,1137,MATCH
273,A,1138,,TRP,DIRECT,17731,Q9H9B1,1138,MATCH
273,A,1138,,TRP,NEAR_SHELL,17731,Q9H9B1,1138,MATCH
273,A,1155,,TYR,NEAR_SHELL,17731,Q9H9B1,1155,MATCH
273,A,1172,,SER,DIRECT,17731,Q9H9B1,1172,MATCH
273,A,1172,,SER,NEAR_SHELL,17731,Q9H9B1,1172,MATCH
273,A,1173,,TYR,DIRECT,17731,Q9H9B1,1173,MATCH
273,A,1173,,TYR,NEAR_SHELL,17731,Q9H9B1,1173,MATCH
273,A,1196,,SER,NEAR_SHELL,17731,Q9H9B1,1196,MATCH
273,A,1197,,ARG,DIRECT,17731,Q9H9B1,1197,MATCH
273,A,1197,,ARG,NEAR_SHELL,17731,Q9H9B1,1197,MATCH
273,A,1198,,PHE,DIRECT,17731,Q9H9B1,1198,MATCH
273,A,1198,,PHE,NEAR_SHELL,17731,Q9H9B1,1198,MATCH
273,A,1199,,ILE,DIRECT,17731,Q9H9B1,1199,MATCH
273,A,1199,,ILE,NEAR_SHELL,17731,Q9H9B1,1199,MATCH
273,A,1200,,ASN,DIRECT,17731,Q9H9B1,1200,MATCH
273,A,1200,,ASN,NEAR_SHELL,17731,Q9H9B1,1200,MATCH
273,A,1201,,HIS,DIRECT,17731,Q9H9B1,1201,MATCH
273,A,1201,,HIS,NEAR_SHELL,17731,Q9H9B1,1201,MATCH
273,A,1242,,TYR,DIRECT,17731,Q9H9B1,1242,MATCH
273,A,1242,,TYR,NEAR_SHELL,17731,Q9H9B1,1242,MATCH
273,A,1246,,PHE,DIRECT,17731,Q9H9B1,1246,MATCH
273,A,1246,,PHE,NEAR_SHELL,17731,Q9H9B1,1246,MATCH
273,A,1247,,TRP,NEAR_SHELL,17731,Q9H9B1,1247,MATCH
273,A,1250,,LYS,NEAR_SHELL,17731,Q9H9B1,1250,MATCH
273,A,1254,,PHE,DIRECT,17731,Q9H9B1,1254,MATCH
273,A,1254,,PHE,NEAR_SHELL,17731,Q9H9B1,1254,MATCH
273,A,1255,,SER,DIRECT,17731,Q9H9B1,1255,MATCH
273,A,1255,,SER,NEAR_SHELL,17731,Q9H9B1,1255,MATCH
273,A,1256,,CYS,DIRECT,17731,Q9H9B1,1256,MATCH
273,A,1256,,CYS,NEAR_SHELL,17731,Q9H9B1,1256,MATCH
273,A,1257,,ARG,DIRECT,17731,Q9H9B1,1257,MATCH
273,A,1257,,ARG,NEAR_SHELL,17731,Q9H9B1,1257,MATCH
273,A,1258,,CYS,NEAR_SHELL,17731,Q9H9B1,1258,MATCH
274,A,1162,,ASP,DIRECT,17731,,,
274,A,1162,,ASP,NEAR_SHELL,17731,,,
274,A,1165,,ALA,DIRECT,17731,,,
274,A,1165,,ALA,NEAR_SHELL,17731,,,
274,A,1166,,ASP,DIRECT,17731,,,
274,A,1166,,ASP,NEAR_SHELL,17731,,,
274,A,1168,,ARG,DIRECT,17731,,,
274,A,1168,,ARG,NEAR_SHELL,17731,,,
274,A,1171,,ASP,DIRECT,17731,,,
274,A,1171,,ASP,NEAR_SHELL,17731,,,
274,A,1172,,SER,NEAR_SHELL,17731,Q9H9B1,1172,MATCH
274,A,1174,,LEU,DIRECT,17731,,,
274,A,1174,,LEU,NEAR_SHELL,17731,,,
274,A,1175,,PHE,NEAR_SHELL,17731,,,
274,A,1176,,ASP,DIRECT,17731,,,
274,A,1176,,ASP,NEAR_SHELL,17731,,,
274,A,1178,,ASP,NEAR_SHELL,17731,,,
274,A,1184,,VAL,DIRECT,17731,,,
274,A,1184,,VAL,NEAR_SHELL,17731,,,
274,A,1185,,TYR,NEAR_SHELL,17731,,,
274,A,1186,,CYS,DIRECT,17731,,,
274,A,1186,,CYS,NEAR_SHELL,17731,,,
274,A,1242,,TYR,DIRECT,17731,Q9H9B1,1242,MATCH
274,A,1242,,TYR,NEAR_SHELL,17731,Q9H9B1,1242,MATCH
274,A,1245,,ARG,DIRECT,17731,,,
274,A,1245,,ARG,NEAR_SHELL,17731,,,
274,A,1246,,PHE,DIRECT,17731,Q9H9B1,1246,MATCH
274,A,1246,,PHE,NEAR_SHELL,17731,Q9H9B1,1246,MATCH
274,A,1249,,ILE,DIRECT,17731,,,
274,A,1249,,ILE,NEAR_SHELL,17731,,,
274,A,1250,,LYS,DIRECT,17731,Q9H9B1,1250,MATCH
274,A,1250,,LYS,NEAR_SHELL,17731,Q9H9B1,1250,MATCH
275,B,1136,,MET,DIRECT,17731,Q9H9B1,1136,MATCH
275,B,1136,,MET,NEAR_SHELL,17731,Q9H9B1,1136,MATCH
275,B,1137,,GLY,DIRECT,17731,Q9H9B1,1137,MATCH
275,B,1137,,GLY,NEAR_SHELL,17731,Q9H9B1,1137,MATCH
275,B,1138,,TRP,DIRECT,17731,Q9H9B1,1138,MATCH
275,B,1138,,TRP,NEAR_SHELL,17731,Q9H9B1,1138,MATCH
275,B,1155,,TYR,NEAR_SHELL,17731,Q9H9B1,1155,MATCH
275,B,1172,,SER,DIRECT,17731,Q9H9B1,1172,MATCH
275,B,1172,,SER,NEAR_SHELL,17731,Q9H9B1,1172,MATCH
275,B,1173,,TYR,DIRECT,17731,Q9H9B1,1173,MATCH
275,B,1173,,TYR,NEAR_SHELL,17731,Q9H9B1,1173,MATCH
275,B,1196,,SER,NEAR_SHELL,17731,Q9H9B1,1196,MATCH
275,B,1197,,ARG,DIRECT,17731,Q9H9B1,1197,MATCH
275,B,1197,,ARG,NEAR_SHELL,17731,Q9H9B1,1197,MATCH
275,B,1198,,PHE,DIRECT,17731,Q9H9B1,1198,MATCH
275,B,1198,,PHE,NEAR_SHELL,17731,Q9H9B1,1198,MATCH
275,B,1199,,ILE,DIRECT,17731,Q9H9B1,1199,MATCH
275,B,1199,,ILE,NEAR_SHELL,17731,Q9H9B1,1199,MATCH
275,B,1200,,ASN,DIRECT,17731,Q9H9B1,1200,MATCH
275,B,1200,,ASN,NEAR_SHELL,17731,Q9H9B1,1200,MATCH
275,B,1201,,HIS,DIRECT,17731,Q9H9B1,1201,MATCH
275,B,1201,,HIS,NEAR_SHELL,17731,Q9H9B1,1201,MATCH
275,B,1242,,TYR,DIRECT,17731,Q9H9B1,1242,MATCH
275,B,1242,,TYR,NEAR_SHELL,17731,Q9H9B1,1242,MATCH
275,B,1246,,PHE,DIRECT,17731,Q9H9B1,1246,MATCH
275,B,1246,,PHE,NEAR_SHELL,17731,Q9H9B1,1246,MATCH
275,B,1247,,TRP,NEAR_SHELL,17731,Q9H9B1,1247,MATCH
275,B,1250,,LYS,NEAR_SHELL,17731,Q9H9B1,1250,MATCH
275,B,1254,,PHE,DIRECT,17731,Q9H9B1,1254,MATCH
275,B,1254,,PHE,NEAR_SHELL,17731,Q9H9B1,1254,MATCH
275,B,1255,,SER,DIRECT,17731,Q9H9B1,1255,MATCH
275,B,1255,,SER,NEAR_SHELL,17731,Q9H9B1,1255,MATCH
275,B,1256,,CYS,DIRECT,17731,Q9H9B1,1256,MATCH
275,B,1256,,CYS,NEAR_SHELL,17731,Q9H9B1,1256,MATCH
275,B,1257,,ARG,DIRECT,17731,Q9H9B1,1257,MATCH
275,B,1257,,ARG,NEAR_SHELL,17731,Q9H9B1,1257,MATCH
276,B,1162,,ASP,DIRECT,17731,,,
276,B,1162,,ASP,NEAR_SHELL,17731,,,
276,B,1165,,ALA,DIRECT,17731,,,
276,B,1165,,ALA,NEAR_SHELL,17731,,,
276,B,1166,,ASP,DIRECT,17731,,,
276,B,1166,,ASP,NEAR_SHELL,17731,,,
276,B,1168,,ARG,DIRECT,17731,,,
276,B,1168,,ARG,NEAR_SHELL,17731,,,
276,B,1171,,ASP,DIRECT,17731,,,
276,B,1171,,ASP,NEAR_SHELL,17731,,,
276,B,1172,,SER,NEAR_SHELL,17731,Q9H9B1,1172,MATCH
276,B,1174,,LEU,DIRECT,17731,,,
276,B,1174,,LEU,NEAR_SHELL,17731,,,
276,B,1175,,PHE,NEAR_SHELL,17731,,,
276,B,1176,,ASP,DIRECT,17731,,,
276,B,1176,,ASP,NEAR_SHELL,17731,,,
276,B,1177,,LEU,NEAR_SHELL,17731,,,
276,B,1184,,VAL,DIRECT,17731,,,
276,B,1184,,VAL,NEAR_SHELL,17731,,,
276,B,1185,,TYR,NEAR_SHELL,17731,,,
276,B,1186,,CYS,DIRECT,17731,,,
276,B,1186,,CYS,NEAR_SHELL,17731,,,
276,B,1242,,TYR,DIRECT,17731,Q9H9B1,1242,MATCH
276,B,1242,,TYR,NEAR_SHELL,17731,Q9H9B1,1242,MATCH
276,B,1245,,ARG,DIRECT,17731,,,
276,B,1245,,ARG,NEAR_SHELL,17731,,,
276,B,1246,,PHE,DIRECT,17731,Q9H9B1,1246,MATCH
276,B,1246,,PHE,NEAR_SHELL,17731,Q9H9B1,1246,MATCH
276,B,1249,,ILE,DIRECT,17731,,,
276,B,1249,,ILE,NEAR_SHELL,17731,,,
276,B,1250,,LYS,DIRECT,17731,Q9H9B1,1250,MATCH
276,B,1250,,LYS,NEAR_SHELL,17731,Q9H9B1,1250,MATCH
277,A,373,,PHE,NEAR_SHELL,,,,
277,A,374,,VAL,NEAR_SHELL,,,,
278,A,1044,,ARG,NEAR_SHELL,15523,Q96KQ7,1044,MATCH
278,A,1047,,LYS,NEAR_SHELL,15523,Q96KQ7,1047,MATCH
278,A,1048,,MET,DIRECT,15523,Q96KQ7,1048,MATCH
278,A,1048,,MET,NEAR_SHELL,15523,Q96KQ7,1048,MATCH
278,A,1049,,GLY,DIRECT,15523,Q96KQ7,1049,MATCH
278,A,1049,,GLY,NEAR_SHELL,15523,Q96KQ7,1049,MATCH
278,A,1050,,TRP,DIRECT,15523,Q96KQ7,1050,MATCH
278,A,1050,,TRP,NEAR_SHELL,15523,Q96KQ7,1050,MATCH
278,A,1067,,TYR,NEAR_SHELL,15523,Q96KQ7,1067,MATCH
278,A,1084,,SER,DIRECT,15523,Q96KQ7,1084,MATCH
278,A,1084,,SER,NEAR_SHELL,15523,Q96KQ7,1084,MATCH
278,A,1085,,TYR,DIRECT,15523,Q96KQ7,1085,MATCH
278,A,1085,,TYR,NEAR_SHELL,15523,Q96KQ7,1085,MATCH
278,A,1108,,SER,NEAR_SHELL,15523,Q96KQ7,1108,MATCH
278,A,1109,,ARG,DIRECT,15523,Q96KQ7,1109,MATCH
278,A,1109,,ARG,NEAR_SHELL,15523,Q96KQ7,1109,MATCH
278,A,1110,,PHE,DIRECT,15523,Q96KQ7,1110,MATCH
278,A,1110,,PHE,NEAR_SHELL,15523,Q96KQ7,1110,MATCH
278,A,1111,,ILE,DIRECT,15523,Q96KQ7,1111,MATCH
278,A,1111,,ILE,NEAR_SHELL,15523,Q96KQ7,1111,MATCH
278,A,1112,,ASN,DIRECT,15523,Q96KQ7,1112,MATCH
278,A,1112,,ASN,NEAR_SHELL,15523,Q96KQ7,1112,MATCH
278,A,1113,,HIS,DIRECT,15523,Q96KQ7,1113,MATCH
278,A,1113,,HIS,NEAR_SHELL,15523,Q96KQ7,1113,MATCH
278,A,1154,,TYR,DIRECT,15523,Q96KQ7,1154,MATCH
278,A,1154,,TYR,NEAR_SHELL,15523,Q96KQ7,1154,MATCH
278,A,1158,,PHE,DIRECT,15523,Q96KQ7,1158,MATCH
278,A,1158,,PHE,NEAR_SHELL,15523,Q96KQ7,1158,MATCH
278,A,1159,,TRP,NEAR_SHELL,15523,Q96KQ7,1159,MATCH
278,A,1162,,LYS,NEAR_SHELL,15523,Q96KQ7,1162,MATCH
278,A,1166,,PHE,DIRECT,15523,Q96KQ7,1166,MATCH
278,A,1166,,PHE,NEAR_SHELL,15523,Q96KQ7,1166,MATCH
278,A,1167,,THR,DIRECT,15523,Q96KQ7,1167,MATCH
278,A,1167,,THR,NEAR_SHELL,15523,Q96KQ7,1167,MATCH
278,A,1168,,CYS,DIRECT,15523,Q96KQ7,1168,MATCH
278,A,1168,,CYS,NEAR_SHELL,15523,Q96KQ7,1168,MATCH
278,A,1169,,GLN,DIRECT,15523,Q96KQ7,1169,MATCH
278,A,1169,,GLN,NEAR_SHELL,15523,Q96KQ7,1169,MATCH
279,A,1074,,ASP,DIRECT,15523,,,
279,A,1074,,ASP,NEAR_SHELL,15523,,,
279,A,1077,,ALA,DIRECT,15523,,,
279,A,1077,,ALA,NEAR_SHELL,15523,,,
279,A,1078,,ASP,DIRECT,15523,,,
279,A,1078,,ASP,NEAR_SHELL,15523,,,
279,A,1080,,ARG,DIRECT,15523,,,
279,A,1080,,ARG,NEAR_SHELL,15523,,,
279,A,1083,,ASP,DIRECT,15523,,,
279,A,1083,,ASP,NEAR_SHELL,15523,,,
279,A,1084,,SER,NEAR_SHELL,15523,Q96KQ7,1084,MATCH
279,A,1086,,LEU,DIRECT,15523,,,
279,A,1086,,LEU,NEAR_SHELL,15523,,,
279,A,1087,,PHE,NEAR_SHELL,15523,,,
279,A,1088,,ASP,DIRECT,15523,,,
279,A,1088,,ASP,NEAR_SHELL,15523,,,
279,A,1096,,VAL,DIRECT,15523,,,
279,A,1096,,VAL,NEAR_SHELL,15523,,,
279,A,1098,,CYS,DIRECT,15523,,,
279,A,1098,,CYS,NEAR_SHELL,15523,,,
279,A,1154,,TYR,NEAR_SHELL,15523,Q96KQ7,1154,MATCH
279,A,1157,,ARG,DIRECT,15523,,,
279,A,1157,,ARG,NEAR_SHELL,15523,,,
279,A,1158,,PHE,DIRECT,15523,Q96KQ7,1158,MATCH
279,A,1158,,PHE,NEAR_SHELL,15523,Q96KQ7,1158,MATCH
279,A,1161,,ILE,DIRECT,15523,,,
279,A,1161,,ILE,NEAR_SHELL,15523,,,
279,A,1162,,LYS,DIRECT,15523,Q96KQ7,1162,MATCH
279,A,1162,,LYS,NEAR_SHELL,15523,Q96KQ7,1162,MATCH
280,B,1044,,ARG,NEAR_SHELL,15523,Q96KQ7,1044,MATCH
280,B,1047,,LYS,NEAR_SHELL,15523,Q96KQ7,1047,MATCH
280,B,1048,,MET,DIRECT,15523,Q96KQ7,1048,MATCH
280,B,1048,,MET,NEAR_SHELL,15523,Q96KQ7,1048,MATCH
280,B,1049,,GLY,DIRECT,15523,Q96KQ7,1049,MATCH
280,B,1049,,GLY,NEAR_SHELL,15523,Q96KQ7,1049,MATCH
280,B,1050,,TRP,DIRECT,15523,Q96KQ7,1050,MATCH
280,B,1050,,TRP,NEAR_SHELL,15523,Q96KQ7,1050,MATCH
280,B,1067,,TYR,NEAR_SHELL,15523,Q96KQ7,1067,MATCH
280,B,1084,,SER,DIRECT,15523,Q96KQ7,1084,MATCH
280,B,1084,,SER,NEAR_SHELL,15523,Q96KQ7,1084,MATCH
280,B,1085,,TYR,DIRECT,15523,Q96KQ7,1085,MATCH
280,B,1085,,TYR,NEAR_SHELL,15523,Q96KQ7,1085,MATCH
280,B,1108,,SER,NEAR_SHELL,15523,Q96KQ7,1108,MATCH
280,B,1109,,ARG,DIRECT,15523,Q96KQ7,1109,MATCH
280,B,1109,,ARG,NEAR_SHELL,15523,Q96KQ7,1109,MATCH
280,B,1110,,PHE,DIRECT,15523,Q96KQ7,1110,MATCH
280,B,1110,,PHE,NEAR_SHELL,15523,Q96KQ7,1110,MATCH
280,B,1111,,ILE,DIRECT,15523,Q96KQ7,1111,MATCH
280,B,1111,,ILE,NEAR_SHELL,15523,Q96KQ7,1111,MATCH
280,B,1112,,ASN,DIRECT,15523,Q96KQ7,1112,MATCH
280,B,1112,,ASN,NEAR_SHELL,15523,Q96KQ7,1112,MATCH
280,B,1113,,HIS,DIRECT,15523,Q96KQ7,1113,MATCH
280,B,1113,,HIS,NEAR_SHELL,15523,Q96KQ7,1113,MATCH
280,B,1154,,TYR,DIRECT,15523,Q96KQ7,1154,MATCH
280,B,1154,,TYR,NEAR_SHELL,15523,Q96KQ7,1154,MATCH
280,B,1158,,PHE,DIRECT,15523,Q96KQ7,1158,MATCH
280,B,1158,,PHE,NEAR_SHELL,15523,Q96KQ7,1158,MATCH
280,B,1159,,TRP,NEAR_SHELL,15523,Q96KQ7,1159,MATCH
280,B,1162,,LYS,NEAR_SHELL,15523,Q96KQ7,1162,MATCH
280,B,1166,,PHE,DIRECT,15523,Q96KQ7,1166,MATCH
280,B,1166,,PHE,NEAR_SHELL,15523,Q96KQ7,1166,MATCH
280,B,1167,,THR,DIRECT,15523,Q96KQ7,1167,MATCH
280,B,1167,,THR,NEAR_SHELL,15523,Q96KQ7,1167,MATCH
280,B,1168,,CYS,DIRECT,15523,Q96KQ7,1168,MATCH
280,B,1168,,CYS,NEAR_SHELL,15523,Q96KQ7,1168,MATCH
280,B,1169,,GLN,DIRECT,15523,Q96KQ7,1169,MATCH
280,B,1169,,GLN,NEAR_SHELL,15523,Q96KQ7,1169,MATCH
281,B,1074,,ASP,DIRECT,15523,,,
281,B,1074,,ASP,NEAR_SHELL,15523,,,
281,B,1077,,ALA,DIRECT,15523,,,
281,B,1077,,ALA,NEAR_SHELL,15523,,,
281,B,1078,,ASP,DIRECT,15523,,,
281,B,1078,,ASP,NEAR_SHELL,15523,,,
281,B,1080,,ARG,DIRECT,15523,,,
281,B,1080,,ARG,NEAR_SHELL,15523,,,
281,B,1081,,GLU,NEAR_SHELL,15523,,,
281,B,1083,,ASP,DIRECT,15523,,,
281,B,1083,,ASP,NEAR_SHELL,15523,,,
281,B,1084,,SER,NEAR_SHELL,15523,Q96KQ7,1084,MATCH
281,B,1086,,LEU,DIRECT,15523,,,
281,B,1086,,LEU,NEAR_SHELL,15523,,,
281,B,1087,,PHE,NEAR_SHELL,15523,,,
281,B,1088,,ASP,DIRECT,15523,,,
281,B,1088,,ASP,NEAR_SHELL,15523,,,
281,B,1090,,ASP,NEAR_SHELL,15523,,,
281,B,1096,,VAL,DIRECT,15523,,,
281,B,1096,,VAL,NEAR_SHELL,15523,,,
281,B,1097,,TYR,DIRECT,15523,,,
281,B,1097,,TYR,NEAR_SHELL,15523,,,
281,B,1098,,CYS,DIRECT,15523,,,
281,B,1098,,CYS,NEAR_SHELL,15523,,,
281,B,1154,,TYR,NEAR_SHELL,15523,Q96KQ7,1154,MATCH
281,B,1157,,ARG,DIRECT,15523,,,
281,B,1157,,ARG,NEAR_SHELL,15523,,,
281,B,1158,,PHE,DIRECT,15523,Q96KQ7,1158,MATCH
281,B,1158,,PHE,NEAR_SHELL,15523,Q96KQ7,1158,MATCH
281,B,1161,,ILE,DIRECT,15523,,,
281,B,1161,,ILE,NEAR_SHELL,15523,,,
281,B,1162,,LYS,DIRECT,15523,Q96KQ7,1162,MATCH
281,B,1162,,LYS,NEAR_SHELL,15523,Q96KQ7,1162,MATCH
282,A,1132,,ARG,NEAR_SHELL,17731,Q9H9B1,1132,MATCH
282,A,1135,,ASP,NEAR_SHELL,17731,Q9H9B1,1135,MATCH
282,A,1136,,MET,DIRECT,17731,Q9H9B1,1136,MATCH
282,A,1136,,MET,NEAR_SHELL,17731,Q9H9B1,1136,MATCH
282,A,1137,,GLY,DIRECT,17731,Q9H9B1,1137,MATCH
282,A,1137,,GLY,NEAR_SHELL,17731,Q9H9B1,1137,MATCH
282,A,1138,,TRP,DIRECT,17731,Q9H9B1,1138,MATCH
282,A,1138,,TRP,NEAR_SHELL,17731,Q9H9B1,1138,MATCH
282,A,1155,,TYR,NEAR_SHELL,17731,Q9H9B1,1155,MATCH
282,A,1172,,SER,DIRECT,17731,Q9H9B1,1172,MATCH
282,A,1172,,SER,NEAR_SHELL,17731,Q9H9B1,1172,MATCH
282,A,1173,,TYR,DIRECT,17731,Q9H9B1,1173,MATCH
282,A,1173,,TYR,NEAR_SHELL,17731,Q9H9B1,1173,MATCH
282,A,1196,,SER,NEAR_SHELL,17731,Q9H9B1,1196,MATCH
282,A,1197,,ARG,DIRECT,17731,Q9H9B1,1197,MATCH
282,A,1197,,ARG,NEAR_SHELL,17731,Q9H9B1,1197,MATCH
282,A,1198,,PHE,DIRECT,17731,Q9H9B1,1198,MATCH
282,A,1198,,PHE,NEAR_SHELL,17731,Q9H9B1,1198,MATCH
282,A,1199,,ILE,DIRECT,17731,Q9H9B1,1199,MATCH
282,A,1199,,ILE,NEAR_SHELL,17731,Q9H9B1,1199,MATCH
282,A,1200,,ASN,DIRECT,17731,Q9H9B1,1200,MATCH
282,A,1200,,ASN,NEAR_SHELL,17731,Q9H9B1,1200,MATCH
282,A,1201,,HIS,DIRECT,17731,Q9H9B1,1201,MATCH
282,A,1201,,HIS,NEAR_SHELL,17731,Q9H9B1,1201,MATCH
282,A,1242,,TYR,DIRECT,17731,Q9H9B1,1242,MATCH
282,A,1242,,TYR,NEAR_SHELL,17731,Q9H9B1,1242,MATCH
282,A,1246,,PHE,DIRECT,17731,Q9H9B1,1246,MATCH
282,A,1246,,PHE,NEAR_SHELL,17731,Q9H9B1,1246,MATCH
282,A,1247,,TRP,DIRECT,17731,Q9H9B1,1247,MATCH
282,A,1247,,TRP,NEAR_SHELL,17731,Q9H9B1,1247,MATCH
282,A,1250,,LYS,NEAR_SHELL,17731,Q9H9B1,1250,MATCH
282,A,1254,,PHE,DIRECT,17731,Q9H9B1,1254,MATCH
282,A,1254,,PHE,NEAR_SHELL,17731,Q9H9B1,1254,MATCH
282,A,1255,,SER,DIRECT,17731,Q9H9B1,1255,MATCH
282,A,1255,,SER,NEAR_SHELL,17731,Q9H9B1,1255,MATCH
282,A,1256,,CYS,DIRECT,17731,Q9H9B1,1256,MATCH
282,A,1256,,CYS,NEAR_SHELL,17731,Q9H9B1,1256,MATCH
282,A,1257,,ARG,DIRECT,17731,Q9H9B1,1257,MATCH
282,A,1257,,ARG,NEAR_SHELL,17731,Q9H9B1,1257,MATCH
283,A,1162,,ASP,DIRECT,17731,,,
283,A,1162,,ASP,NEAR_SHELL,17731,,,
283,A,1165,,ALA,DIRECT,17731,,,
283,A,1165,,ALA,NEAR_SHELL,17731,,,
283,A,1166,,ASP,DIRECT,17731,,,
283,A,1166,,ASP,NEAR_SHELL,17731,,,
283,A,1168,,ARG,DIRECT,17731,,,
283,A,1168,,ARG,NEAR_SHELL,17731,,,
283,A,1171,,ASP,DIRECT,17731,,,
283,A,1171,,ASP,NEAR_SHELL,17731,,,
283,A,1172,,SER,NEAR_SHELL,17731,Q9H9B1,1172,MATCH
283,A,1174,,LEU,DIRECT,17731,,,
283,A,1174,,LEU,NEAR_SHELL,17731,,,
283,A,1175,,PHE,NEAR_SHELL,17731,,,
283,A,1176,,ASP,DIRECT,17731,,,
283,A,1176,,ASP,NEAR_SHELL,17731,,,
283,A,1184,,VAL,NEAR_SHELL,17731,,,
283,A,1185,,TYR,NEAR_SHELL,17731,,,
283,A,1186,,CYS,DIRECT,17731,,,
283,A,1186,,CYS,NEAR_SHELL,17731,,,
283,A,1242,,TYR,NEAR_SHELL,17731,Q9H9B1,1242,MATCH
283,A,1245,,ARG,DIRECT,17731,,,
283,A,1245,,ARG,NEAR_SHELL,17731,,,
283,A,1246,,PHE,DIRECT,17731,Q9H9B1,1246,MATCH
283,A,1246,,PHE,NEAR_SHELL,17731,Q9H9B1,1246,MATCH
283,A,1249,,ILE,DIRECT,17731,,,
283,A,1249,,ILE,NEAR_SHELL,17731,,,
283,A,1250,,LYS,DIRECT,17731,Q9H9B1,1250,MATCH
283,A,1250,,LYS,NEAR_SHELL,17731,Q9H9B1,1250,MATCH
284,A,1063,,VAL,NEAR_SHELL,17731,,,
284,A,1064,,CYS,DIRECT,17731,,,
284,A,1064,,CYS,NEAR_SHELL,17731,,,
284,A,1065,,ILE,DIRECT,17731,,,
284,A,1065,,ILE,NEAR_SHELL,17731,,,
284,A,1066,,ASP,DIRECT,17731,,,
284,A,1066,,ASP,NEAR_SHELL,17731,,,
284,A,1070,,SER,DIRECT,17731,,,
284,A,1070,,SER,NEAR_SHELL,17731,,,
284,A,1072,,ASN,DIRECT,17731,,,
284,A,1072,,ASN,NEAR_SHELL,17731,,,
285,B,1135,,ASP,NEAR_SHELL,17731,Q9H9B1,1135,MATCH
285,B,1136,,MET,DIRECT,17731,Q9H9B1,1136,MATCH
285,B,1136,,MET,NEAR_SHELL,17731,Q9H9B1,1136,MATCH
285,B,1137,,GLY,DIRECT,17731,Q9H9B1,1137,MATCH
285,B,1137,,GLY,NEAR_SHELL,17731,Q9H9B1,1137,MATCH
285,B,1138,,TRP,DIRECT,17731,Q9H9B1,1138,MATCH
285,B,1138,,TRP,NEAR_SHELL,17731,Q9H9B1,1138,MATCH
285,B,1155,,TYR,NEAR_SHELL,17731,Q9H9B1,1155,MATCH
285,B,1172,,SER,DIRECT,17731,Q9H9B1,1172,MATCH
285,B,1172,,SER,NEAR_SHELL,17731,Q9H9B1,1172,MATCH
285,B,1173,,TYR,DIRECT,17731,Q9H9B1,1173,MATCH
285,B,1173,,TYR,NEAR_SHELL,17731,Q9H9B1,1173,MATCH
285,B,1196,,SER,NEAR_SHELL,17731,Q9H9B1,1196,MATCH
285,B,1197,,ARG,DIRECT,17731,Q9H9B1,1197,MATCH
285,B,1197,,ARG,NEAR_SHELL,17731,Q9H9B1,1197,MATCH
285,B,1198,,PHE,DIRECT,17731,Q9H9B1,1198,MATCH
285,B,1198,,PHE,NEAR_SHELL,17731,Q9H9B1,1198,MATCH
285,B,1199,,ILE,DIRECT,17731,Q9H9B1,1199,MATCH
285,B,1199,,ILE,NEAR_SHELL,17731,Q9H9B1,1199,MATCH
285,B,1200,,ASN,DIRECT,17731,Q9H9B1,1200,MATCH
285,B,1200,,ASN,NEAR_SHELL,17731,Q9H9B1,1200,MATCH
285,B,1201,,HIS,DIRECT,17731,Q9H9B1,1201,MATCH
285,B,1201,,HIS,NEAR_SHELL,17731,Q9H9B1,1201,MATCH
285,B,1242,,TYR,DIRECT,17731,Q9H9B1,1242,MATCH
285,B,1242,,TYR,NEAR_SHELL,17731,Q9H9B1,1242,MATCH
285,B,1246,,PHE,DIRECT,17731,Q9H9B1,1246,MATCH
285,B,1246,,PHE,NEAR_SHELL,17731,Q9H9B1,1246,MATCH
285,B,1247,,TRP,NEAR_SHELL,17731,Q9H9B1,1247,MATCH
285,B,1250,,LYS,NEAR_SHELL,17731,Q9H9B1,1250,MATCH
285,B,1254,,PHE,DIRECT,17731,Q9H9B1,1254,MATCH
285,B,1254,,PHE,NEAR_SHELL,17731,Q9H9B1,1254,MATCH
285,B,1255,,SER,DIRECT,17731,Q9H9B1,1255,MATCH
285,B,1255,,SER,NEAR_SHELL,17731,Q9H9B1,1255,MATCH
285,B,1256,,CYS,DIRECT,17731,Q9H9B1,1256,MATCH
285,B,1256,,CYS,NEAR_SHELL,17731,Q9H9B1,1256,MATCH
285,B,1257,,ARG,DIRECT,17731,Q9H9B1,1257,MATCH
285,B,1257,,ARG,NEAR_SHELL,17731,Q9H9B1,1257,MATCH
285,B,1258,,CYS,NEAR_SHELL,17731,Q9H9B1,1258,MATCH
286,B,1162,,ASP,DIRECT,17731,,,
286,B,1162,,ASP,NEAR_SHELL,17731,,,
286,B,1165,,ALA,DIRECT,17731,,,
286,B,1165,,ALA,NEAR_SHELL,17731,,,
286,B,1166,,ASP,DIRECT,17731,,,
286,B,1166,,ASP,NEAR_SHELL,17731,,,
286,B,1171,,ASP,DIRECT,17731,,,
286,B,1171,,ASP,NEAR_SHELL,17731,,,
286,B,1174,,LEU,DIRECT,17731,,,
286,B,1174,,LEU,NEAR_SHELL,17731,,,
286,B,1175,,PHE,NEAR_SHELL,17731,,,
286,B,1176,,ASP,DIRECT,17731,,,
286,B,1176,,ASP,NEAR_SHELL,17731,,,
286,B,1184,,VAL,NEAR_SHELL,17731,,,
286,B,1186,,CYS,DIRECT,17731,,,
286,B,1186,,CYS,NEAR_SHELL,17731,,,
286,B,1242,,TYR,NEAR_SHELL,17731,Q9H9B1,1242,MATCH
286,B,1245,,ARG,DIRECT,17731,,,
286,B,1245,,ARG,NEAR_SHELL,17731,,,
286,B,1246,,PHE,DIRECT,17731,Q9H9B1,1246,MATCH
286,B,1246,,PHE,NEAR_SHELL,17731,Q9H9B1,1246,MATCH
286,B,1249,,ILE,DIRECT,17731,,,
286,B,1249,,ILE,NEAR_SHELL,17731,,,
286,B,1250,,LYS,DIRECT,17731,Q9H9B1,1250,MATCH
286,B,1250,,LYS,NEAR_SHELL,17731,Q9H9B1,1250,MATCH
287,A,1044,,ARG,NEAR_SHELL,15523,Q96KQ7,1010,MATCH
287,A,1047,,LYS,NEAR_SHELL,15523,Q96KQ7,1013,MATCH
287,A,1048,,MET,DIRECT,15523,Q96KQ7,1014,MATCH
287,A,1048,,MET,NEAR_SHELL,15523,Q96KQ7,1014,MATCH
287,A,1049,,GLY,DIRECT,15523,Q96KQ7,1015,MATCH
287,A,1049,,GLY,NEAR_SHELL,15523,Q96KQ7,1015,MATCH
287,A,1050,,TRP,DIRECT,15523,Q96KQ7,1016,MATCH
287,A,1050,,TRP,NEAR_SHELL,15523,Q96KQ7,1016,MATCH
287,A,1067,,TYR,NEAR_SHELL,15523,Q96KQ7,1033,MATCH
287,A,1084,,SER,DIRECT,15523,Q96KQ7,1050,MATCH
287,A,1084,,SER,NEAR_SHELL,15523,Q96KQ7,1050,MATCH
287,A,1085,,TYR,DIRECT,15523,Q96KQ7,1051,MATCH
287,A,1085,,TYR,NEAR_SHELL,15523,Q96KQ7,1051,MATCH
287,A,1108,,SER,NEAR_SHELL,15523,Q96KQ7,1074,MATCH
287,A,1109,,ARG,DIRECT,15523,Q96KQ7,1075,MATCH
287,A,1109,,ARG,NEAR_SHELL,15523,Q96KQ7,1075,MATCH
287,A,1110,,PHE,DIRECT,15523,Q96KQ7,1076,MATCH
287,A,1110,,PHE,NEAR_SHELL,15523,Q96KQ7,1076,MATCH
287,A,1111,,ILE,DIRECT,15523,Q96KQ7,1077,MATCH
287,A,1111,,ILE,NEAR_SHELL,15523,Q96KQ7,1077,MATCH
287,A,1112,,ASN,DIRECT,15523,Q96KQ7,1078,MATCH
287,A,1112,,ASN,NEAR_SHELL,15523,Q96KQ7,1078,MATCH
287,A,1113,,HIS,DIRECT,15523,Q96KQ7,1079,MATCH
287,A,1113,,HIS,NEAR_SHELL,15523,Q96KQ7,1079,MATCH
287,A,1154,,TYR,DIRECT,15523,Q96KQ7,1120,MATCH
287,A,1154,,TYR,NEAR_SHELL,15523,Q96KQ7,1120,MATCH
287,A,1158,,PHE,DIRECT,15523,Q96KQ7,1124,MATCH
287,A,1158,,PHE,NEAR_SHELL,15523,Q96KQ7,1124,MATCH
287,A,1159,,TRP,NEAR_SHELL,15523,Q96KQ7,1125,MATCH
287,A,1162,,LYS,NEAR_SHELL,15523,Q96KQ7,1128,MATCH
287,A,1166,,PHE,DIRECT,15523,Q96KQ7,1132,MATCH
287,A,1166,,PHE,NEAR_SHELL,15523,Q96KQ7,1132,MATCH
287,A,1167,,THR,DIRECT,15523,Q96KQ7,1133,MATCH
287,A,1167,,THR,NEAR_SHELL,15523,Q96KQ7,1133,MATCH
287,A,1168,,CYS,DIRECT,15523,Q96KQ7,1134,MATCH
287,A,1168,,CYS,NEAR_SHELL,15523,Q96KQ7,1134,MATCH
287,A,1169,,GLN,DIRECT,15523,Q96KQ7,1135,MATCH
287,A,1169,,GLN,NEAR_SHELL,15523,Q96KQ7,1135,MATCH
288,A,1074,,ASP,DIRECT,15523,,,
288,A,1074,,ASP,NEAR_SHELL,15523,,,
288,A,1077,,ALA,DIRECT,15523,,,
288,A,1077,,ALA,NEAR_SHELL,15523,,,
288,A,1078,,ASP,DIRECT,15523,,,
288,A,1078,,ASP,NEAR_SHELL,15523,,,
288,A,1080,,ARG,DIRECT,15523,,,
288,A,1080,,ARG,NEAR_SHELL,15523,,,
288,A,1083,,ASP,DIRECT,15523,,,
288,A,1083,,ASP,NEAR_SHELL,15523,,,
288,A,1084,,SER,NEAR_SHELL,15523,Q96KQ7,1050,MATCH
288,A,1086,,LEU,DIRECT,15523,,,
288,A,1086,,LEU,NEAR_SHELL,15523,,,
288,A,1087,,PHE,NEAR_SHELL,15523,,,
288,A,1088,,ASP,DIRECT,15523,,,
288,A,1088,,ASP,NEAR_SHELL,15523,,,
288,A,1090,,ASP,NEAR_SHELL,15523,,,
288,A,1096,,VAL,DIRECT,15523,,,
288,A,1096,,VAL,NEAR_SHELL,15523,,,
288,A,1098,,CYS,DIRECT,15523,,,
288,A,1098,,CYS,NEAR_SHELL,15523,,,
288,A,1154,,TYR,NEAR_SHELL,15523,Q96KQ7,1120,MATCH
288,A,1157,,ARG,DIRECT,15523,,,
288,A,1157,,ARG,NEAR_SHELL,15523,,,
288,A,1158,,PHE,DIRECT,15523,Q96KQ7,1124,MATCH
288,A,1158,,PHE,NEAR_SHELL,15523,Q96KQ7,1124,MATCH
288,A,1161,,ILE,DIRECT,15523,,,
288,A,1161,,ILE,NEAR_SHELL,15523,,,
288,A,1162,,LYS,DIRECT,15523,Q96KQ7,1128,MATCH
288,A,1162,,LYS,NEAR_SHELL,15523,Q96KQ7,1128,MATCH
289,A,1132,,ARG,NEAR_SHELL,17731,Q9H9B1,1132,MATCH
289,A,1135,,ASP,NEAR_SHELL,17731,Q9H9B1,1135,MATCH
289,A,1136,,MET,DIRECT,17731,Q9H9B1,1136,MATCH
289,A,1136,,MET,NEAR_SHELL,17731,Q9H9B1,1136,MATCH
289,A,1137,,GLY,DIRECT,17731,Q9H9B1,1137,MATCH
289,A,1137,,GLY,NEAR_SHELL,17731,Q9H9B1,1137,MATCH
289,A,1138,,TRP,DIRECT,17731,Q9H9B1,1138,MATCH
289,A,1138,,TRP,NEAR_SHELL,17731,Q9H9B1,1138,MATCH
289,A,1155,,TYR,NEAR_SHELL,17731,Q9H9B1,1155,MATCH
289,A,1172,,SER,DIRECT,17731,Q9H9B1,1172,MATCH
289,A,1172,,SER,NEAR_SHELL,17731,Q9H9B1,1172,MATCH
289,A,1173,,TYR,DIRECT,17731,Q9H9B1,1173,MATCH
289,A,1173,,TYR,NEAR_SHELL,17731,Q9H9B1,1173,MATCH
289,A,1196,,SER,NEAR_SHELL,17731,Q9H9B1,1196,MATCH
289,A,1197,,ARG,DIRECT,17731,Q9H9B1,1197,MATCH
289,A,1197,,ARG,NEAR_SHELL,17731,Q9H9B1,1197,MATCH
289,A,1198,,PHE,DIRECT,17731,Q9H9B1,1198,MATCH
289,A,1198,,PHE,NEAR_SHELL,17731,Q9H9B1,1198,MATCH
289,A,1199,,ILE,DIRECT,17731,Q9H9B1,1199,MATCH
289,A,1199,,ILE,NEAR_SHELL,17731,Q9H9B1,1199,MATCH
289,A,1200,,ASN,DIRECT,17731,Q9H9B1,1200,MATCH
289,A,1200,,ASN,NEAR_SHELL,17731,Q9H9B1,1200,MATCH
289,A,1201,,HIS,DIRECT,17731,Q9H9B1,1201,MATCH
289,A,1201,,HIS,NEAR_SHELL,17731,Q9H9B1,1201,MATCH
289,A,1242,,TYR,DIRECT,17731,Q9H9B1,1242,MATCH
289,A,1242,,TYR,NEAR_SHELL,17731,Q9H9B1,1242,MATCH
289,A,1246,,PHE,DIRECT,17731,Q9H9B1,1246,MATCH
289,A,1246,,PHE,NEAR_SHELL,17731,Q9H9B1,1246,MATCH
289,A,1247,,TRP,DIRECT,17731,Q9H9B1,1247,MATCH
289,A,1247,,TRP,NEAR_SHELL,17731,Q9H9B1,1247,MATCH
289,A,1250,,LYS,NEAR_SHELL,17731,Q9H9B1,1250,MATCH
289,A,1254,,PHE,DIRECT,17731,Q9H9B1,1254,MATCH
289,A,1254,,PHE,NEAR_SHELL,17731,Q9H9B1,1254,MATCH
289,A,1255,,SER,DIRECT,17731,Q9H9B1,1255,MATCH
289,A,1255,,SER,NEAR_SHELL,17731,Q9H9B1,1255,MATCH
289,A,1256,,CYS,DIRECT,17731,Q9H9B1,1256,MATCH
289,A,1256,,CYS,NEAR_SHELL,17731,Q9H9B1,1256,MATCH
289,A,1257,,ARG,DIRECT,17731,Q9H9B1,1257,MATCH
289,A,1257,,ARG,NEAR_SHELL,17731,Q9H9B1,1257,MATCH
289,A,1258,,CYS,NEAR_SHELL,17731,Q9H9B1,1258,MATCH
290,A,1162,,ASP,DIRECT,17731,,,
290,A,1162,,ASP,NEAR_SHELL,17731,,,
290,A,1165,,ALA,DIRECT,17731,,,
290,A,1165,,ALA,NEAR_SHELL,17731,,,
290,A,1166,,ASP,DIRECT,17731,,,
290,A,1166,,ASP,NEAR_SHELL,17731,,,
290,A,1168,,ARG,DIRECT,17731,,,
290,A,1168,,ARG,NEAR_SHELL,17731,,,
290,A,1171,,ASP,DIRECT,17731,,,
290,A,1171,,ASP,NEAR_SHELL,17731,,,
290,A,1172,,SER,NEAR_SHELL,17731,Q9H9B1,1172,MATCH
290,A,1174,,LEU,DIRECT,17731,,,
290,A,1174,,LEU,NEAR_SHELL,17731,,,
290,A,1175,,PHE,NEAR_SHELL,17731,,,
290,A,1176,,ASP,DIRECT,17731,,,
290,A,1176,,ASP,NEAR_SHELL,17731,,,
290,A,1184,,VAL,DIRECT,17731,,,
290,A,1184,,VAL,NEAR_SHELL,17731,,,
290,A,1186,,CYS,DIRECT,17731,,,
290,A,1186,,CYS,NEAR_SHELL,17731,,,
290,A,1242,,TYR,DIRECT,17731,Q9H9B1,1242,MATCH
290,A,1242,,TYR,NEAR_SHELL,17731,Q9H9B1,1242,MATCH
290,A,1245,,ARG,DIRECT,17731,,,
290,A,1245,,ARG,NEAR_SHELL,17731,,,
290,A,1246,,PHE,DIRECT,17731,Q9H9B1,1246,MATCH
290,A,1246,,PHE,NEAR_SHELL,17731,Q9H9B1,1246,MATCH
290,A,1249,,ILE,DIRECT,17731,,,
290,A,1249,,ILE,NEAR_SHELL,17731,,,
290,A,1250,,LYS,DIRECT,17731,Q9H9B1,1250,MATCH
290,A,1250,,LYS,NEAR_SHELL,17731,Q9H9B1,1250,MATCH
291,A,1063,,VAL,NEAR_SHELL,17731,,,
291,A,1064,,CYS,DIRECT,17731,,,
291,A,1064,,CYS,NEAR_SHELL,17731,,,
291,A,1065,,ILE,DIRECT,17731,,,
291,A,1065,,ILE,NEAR_SHELL,17731,,,
291,A,1066,,ASP,DIRECT,17731,,,
291,A,1066,,ASP,NEAR_SHELL,17731,,,
291,A,1070,,SER,DIRECT,17731,,,
291,A,1070,,SER,NEAR_SHELL,17731,,,
291,A,1072,,ASN,DIRECT,17731,,,
291,A,1072,,ASN,NEAR_SHELL,17731,,,
292,B,1132,,ARG,NEAR_SHELL,17731,Q9H9B1,1132,MATCH
292,B,1135,,ASP,NEAR_SHELL,17731,Q9H9B1,1135,MATCH
292,B,1136,,MET,DIRECT,17731,Q9H9B1,1136,MATCH
292,B,1136,,MET,NEAR_SHELL,17731,Q9H9B1,1136,MATCH
292,B,1137,,GLY,DIRECT,17731,Q9H9B1,1137,MATCH
292,B,1137,,GLY,NEAR_SHELL,17731,Q9H9B1,1137,MATCH
292,B,1138,,TRP,DIRECT,17731,Q9H9B1,1138,MATCH
292,B,1138,,TRP,NEAR_SHELL,17731,Q9H9B1,1138,MATCH
292,B,1155,,TYR,NEAR_SHELL,17731,Q9H9B1,1155,MATCH
292,B,1172,,SER,DIRECT,17731,Q9H9B1,1172,MATCH
292,B,1172,,SER,NEAR_SHELL,17731,Q9H9B1,1172,MATCH
292,B,1173,,TYR,DIRECT,17731,Q9H9B1,1173,MATCH
292,B,1173,,TYR,NEAR_SHELL,17731,Q9H9B1,1173,MATCH
292,B,1196,,SER,NEAR_SHELL,17731,Q9H9B1,1196,MATCH
292,B,1197,,ARG,DIRECT,17731,Q9H9B1,1197,MATCH
292,B,1197,,ARG,NEAR_SHELL,17731,Q9H9B1,1197,MATCH
292,B,1198,,PHE,DIRECT,17731,Q9H9B1,1198,MATCH
292,B,1198,,PHE,NEAR_SHELL,17731,Q9H9B1,1198,MATCH
292,B,1199,,ILE,DIRECT,17731,Q9H9B1,1199,MATCH
292,B,1199,,ILE,NEAR_SHELL,17731,Q9H9B1,1199,MATCH
292,B,1200,,ASN,DIRECT,17731,Q9H9B1,1200,MATCH
292,B,1200,,ASN,NEAR_SHELL,17731,Q9H9B1,1200,MATCH
292,B,1201,,HIS,DIRECT,17731,Q9H9B1,1201,MATCH
292,B,1201,,HIS,NEAR_SHELL,17731,Q9H9B1,1201,MATCH
292,B,1242,,TYR,DIRECT,17731,Q9H9B1,1242,MATCH
292,B,1242,,TYR,NEAR_SHELL,17731,Q9H9B1,1242,MATCH
292,B,1246,,PHE,DIRECT,17731,Q9H9B1,1246,MATCH
292,B,1246,,PHE,NEAR_SHELL,17731,Q9H9B1,1246,MATCH
292,B,1247,,TRP,NEAR_SHELL,17731,Q9H9B1,1247,MATCH
292,B,1250,,LYS,NEAR_SHELL,17731,Q9H9B1,1250,MATCH
292,B,1254,,PHE,DIRECT,17731,Q9H9B1,1254,MATCH
292,B,1254,,PHE,NEAR_SHELL,17731,Q9H9B1,1254,MATCH
292,B,1255,,SER,DIRECT,17731,Q9H9B1,1255,MATCH
292,B,1255,,SER,NEAR_SHELL,17731,Q9H9B1,1255,MATCH
292,B,1256,,CYS,DIRECT,17731,Q9H9B1,1256,MATCH
292,B,1256,,CYS,NEAR_SHELL,17731,Q9H9B1,1256,MATCH
292,B,1257,,ARG,DIRECT,17731,Q9H9B1,1257,MATCH
292,B,1257,,ARG,NEAR_SHELL,17731,Q9H9B1,1257,MATCH
292,B,1258,,CYS,NEAR_SHELL,17731,Q9H9B1,1258,MATCH
293,B,1162,,ASP,DIRECT,17731,,,
293,B,1162,,ASP,NEAR_SHELL,17731,,,
293,B,1165,,ALA,DIRECT,17731,,,
293,B,1165,,ALA,NEAR_SHELL,17731,,,
293,B,1166,,ASP,DIRECT,17731,,,
293,B,1166,,ASP,NEAR_SHELL,17731,,,
293,B,1168,,ARG,DIRECT,17731,,,
293,B,1168,,ARG,NEAR_SHELL,17731,,,
293,B,1171,,ASP,DIRECT,17731,,,
293,B,1171,,ASP,NEAR_SHELL,17731,,,
293,B,1172,,SER,NEAR_SHELL,17731,Q9H9B1,1172,MATCH
293,B,1174,,LEU,DIRECT,17731,,,
293,B,1174,,LEU,NEAR_SHELL,17731,,,
293,B,1175,,PHE,NEAR_SHELL,17731,,,
293,B,1176,,ASP,DIRECT,17731,,,
293,B,1176,,ASP,NEAR_SHELL,17731,,,
293,B,1184,,VAL,DIRECT,17731,,,
293,B,1184,,VAL,NEAR_SHELL,17731,,,
293,B,1185,,TYR,NEAR_SHELL,17731,,,
293,B,1186,,CYS,NEAR_SHELL,17731,,,
293,B,1242,,TYR,NEAR_SHELL,17731,Q9H9B1,1242,MATCH
293,B,1245,,ARG,DIRECT,17731,,,
293,B,1245,,ARG,NEAR_SHELL,17731,,,
293,B,1246,,PHE,DIRECT,17731,Q9H9B1,1246,MATCH
293,B,1246,,PHE,NEAR_SHELL,17731,Q9H9B1,1246,MATCH
293,B,1249,,ILE,DIRECT,17731,,,
293,B,1249,,ILE,NEAR_SHELL,17731,,,
293,B,1250,,LYS,DIRECT,17731,Q9H9B1,1250,MATCH
293,B,1250,,LYS,NEAR_SHELL,17731,Q9H9B1,1250,MATCH
294,A,300,,GLU,NEAR_SHELL,18156,,,
294,A,303,,TYR,DIRECT,18156,,,
294,A,303,,TYR,NEAR_SHELL,18156,,,
294,A,304,,ALA,NEAR_SHELL,18156,,,
294,A,306,,ASP,DIRECT,18156,,,
294,A,306,,ASP,NEAR_SHELL,18156,,,
294,A,307,,PRO,DIRECT,18156,,,
294,A,307,,PRO,NEAR_SHELL,18156,,,
294,A,309,,THR,DIRECT,18156,,,
294,A,309,,THR,NEAR_SHELL,18156,,,
294,A,310,,GLY,DIRECT,18156,,,
294,A,310,,GLY,NEAR_SHELL,18156,,,
294,A,311,,CYS,DIRECT,18156,,,
294,A,311,,CYS,NEAR_SHELL,18156,,,
294,A,384,,SER,NEAR_SHELL,18156,,,
294,A,391,,LEU,DIRECT,18156,,,
294,A,391,,LEU,NEAR_SHELL,18156,,,
294,B,311,,CYS,DIRECT,18156,,,
294,B,311,,CYS,NEAR_SHELL,18156,,,
294,B,390,,TRP,NEAR_SHELL,18156,,,
294,B,391,,LEU,NEAR_SHELL,18156,,,
295,A,311,,CYS,DIRECT,18156,,,
295,A,311,,CYS,NEAR_SHELL,18156,,,
295,A,391,,LEU,NEAR_SHELL,18156,,,
295,B,300,,GLU,NEAR_SHELL,18156,,,
295,B,303,,TYR,DIRECT,18156,,,
295,B,303,,TYR,NEAR_SHELL,18156,,,
295,B,304,,ALA,NEAR_SHELL,18156,,,
295,B,306,,ASP,DIRECT,18156,,,
295,B,306,,ASP,NEAR_SHELL,18156,,,
295,B,307,,PRO,DIRECT,18156,,,
295,B,307,,PRO,NEAR_SHELL,18156,,,
295,B,309,,THR,DIRECT,18156,,,
295,B,309,,THR,NEAR_SHELL,18156,,,
295,B,310,,GLY,DIRECT,18156,,,
295,B,310,,GLY,NEAR_SHELL,18156,,,
295,B,311,,CYS,DIRECT,18156,,,
295,B,311,,CYS,NEAR_SHELL,18156,,,
295,B,384,,SER,NEAR_SHELL,18156,,,
295,B,388,,HIS,DIRECT,18156,,,
295,B,388,,HIS,NEAR_SHELL,18156,,,
295,B,390,,TRP,NEAR_SHELL,18156,,,
295,B,391,,LEU,NEAR_SHELL,18156,,,
296,A,56,,VAL,NEAR_SHELL,15566,Q96LA8,56,MATCH
296,A,60,,MET,DIRECT,15566,Q96LA8,60,MATCH
296,A,60,,MET,NEAR_SHELL,15566,Q96LA8,60,MATCH
296,A,155,,GLU,NEAR_SHELL,15566,Q96LA8,155,MATCH
296,A,166,,MET,DIRECT,15566,Q96LA8,166,MATCH
296,A,166,,MET,NEAR_SHELL,15566,Q96LA8,166,MATCH
297,A,156,,TRP,DIRECT,15566,,,
297,A,156,,TRP,NEAR_SHELL,15566,,,
297,A,157,,MET,NEAR_SHELL,15566,,,
297,A,158,,GLY,DIRECT,15566,,,
297,A,158,,GLY,NEAR_SHELL,15566,,,
297,A,159,,TYR,DIRECT,15566,,,
297,A,159,,TYR,NEAR_SHELL,15566,,,
297,A,160,,GLY,DIRECT,15566,,,
297,A,160,,GLY,NEAR_SHELL,15566,,,
297,A,163,,HIS,DIRECT,15566,,,
297,A,163,,HIS,NEAR_SHELL,15566,,,
297,A,164,,GLU,DIRECT,15566,,,
297,A,164,,GLU,NEAR_SHELL,15566,,,
297,A,167,,LEU,NEAR_SHELL,15566,,,
297,A,189,,ALA,DIRECT,15566,,,
297,A,189,,ALA,NEAR_SHELL,15566,,,
297,A,191,,LEU,DIRECT,15566,,,
297,A,191,,LEU,NEAR_SHELL,15566,,,
297,A,236,,ILE,DIRECT,15566,,,
297,A,236,,ILE,NEAR_SHELL,15566,,,
297,A,256,,LEU,DIRECT,15566,,,
297,A,256,,LEU,NEAR_SHELL,15566,,,
297,A,267,,LEU,DIRECT,15566,,,
297,A,267,,LEU,NEAR_SHELL,15566,,,
297,A,268,,GLU,NEAR_SHELL,15566,,,
297,A,271,,VAL,NEAR_SHELL,15566,,,
297,A,290,,ILE,DIRECT,15566,,,
297,A,290,,ILE,NEAR_SHELL,15566,,,
297,A,292,,PHE,DIRECT,15566,,,
297,A,292,,PHE,NEAR_SHELL,15566,,,
297,A,321,,ALA,NEAR_SHELL,15566,,,
297,A,323,,LEU,NEAR_SHELL,15566,,,
297,A,343,,LEU,DIRECT,15566,,,
297,A,343,,LEU,NEAR_SHELL,15566,,,
297,A,344,,LEU,NEAR_SHELL,15566,,,
297,A,345,,PRO,NEAR_SHELL,15566,,,
297,A,353,,LEU,DIRECT,15566,,,
297,A,353,,LEU,NEAR_SHELL,15566,,,
297,A,355,,VAL,DIRECT,15566,,,
297,A,355,,VAL,NEAR_SHELL,15566,,,
297,A,373,,MET,DIRECT,15566,,,
297,A,373,,MET,NEAR_SHELL,15566,,,
298,A,56,,VAL,DIRECT,15566,Q96LA8,56,MATCH
298,A,56,,VAL,NEAR_SHELL,15566,Q96LA8,56,MATCH
298,A,59,,GLU,NEAR_SHELL,15566,,,
298,A,60,,MET,DIRECT,15566,Q96LA8,60,MATCH
298,A,60,,MET,NEAR_SHELL,15566,Q96LA8,60,MATCH
298,A,155,,GLU,DIRECT,15566,Q96LA8,155,MATCH
298,A,155,,GLU,NEAR_SHELL,15566,Q96LA8,155,MATCH
298,A,157,,MET,DIRECT,15566,,,
298,A,157,,MET,NEAR_SHELL,15566,,,
298,A,158,,GLY,NEAR_SHELL,15566,,,
298,A,159,,TYR,NEAR_SHELL,15566,,,
298,A,163,,HIS,DIRECT,15566,,,
298,A,163,,HIS,NEAR_SHELL,15566,,,
298,A,317,,HIS,DIRECT,15566,,,
298,A,317,,HIS,NEAR_SHELL,15566,,,
298,A,318,,TRP,DIRECT,15566,,,
298,A,318,,TRP,NEAR_SHELL,15566,,,
299,A,50,,ARG,NEAR_SHELL,3552,,,
299,A,135,,TYR,NEAR_SHELL,3552,,,
299,A,193,,PRO,NEAR_SHELL,3552,,,
299,A,195,,CYS,DIRECT,3552,,,
299,A,195,,CYS,NEAR_SHELL,3552,,,
299,A,196,,HIS,DIRECT,3552,,,
299,A,196,,HIS,NEAR_SHELL,3552,,,
299,A,214,,GLN,DIRECT,3552,,,
299,A,214,,GLN,NEAR_SHELL,3552,,,
299,A,215,,ARG,DIRECT,3552,,,
299,A,215,,ARG,NEAR_SHELL,3552,,,
299,A,216,,SER,DIRECT,3552,,,
299,A,216,,SER,NEAR_SHELL,3552,,,
299,A,218,,ASP,DIRECT,3552,,,
299,A,218,,ASP,NEAR_SHELL,3552,,,
299,A,222,,GLY,DIRECT,3552,,,
299,A,222,,GLY,NEAR_SHELL,3552,,,
299,A,225,,PHE,NEAR_SHELL,3552,,,
299,A,226,,ASN,DIRECT,3552,,,
299,A,226,,ASN,NEAR_SHELL,3552,,,
299,A,256,,HIS,DIRECT,3552,,,
299,A,256,,HIS,NEAR_SHELL,3552,,,
299,A,258,,TYR,DIRECT,3552,,,
299,A,258,,TYR,NEAR_SHELL,3552,,,
299,D,175,,ARG,DIRECT,3552,,,
299,D,175,,ARG,NEAR_SHELL,3552,,,
299,D,176,,ARG,DIRECT,3552,,,
299,D,176,,ARG,NEAR_SHELL,3552,,,
300,D,135,,TYR,NEAR_SHELL,3552,,,
300,D,193,,PRO,NEAR_SHELL,3552,,,
300,D,195,,CYS,DIRECT,3552,,,
300,D,195,,CYS,NEAR_SHELL,3552,,,
300,D,196,,HIS,DIRECT,3552,,,
300,D,196,,HIS,NEAR_SHELL,3552,,,
300,D,214,,GLN,DIRECT,3552,,,
300,D,214,,GLN,NEAR_SHELL,3552,,,
300,D,216,,SER,DIRECT,3552,,,
300,D,216,,SER,NEAR_SHELL,3552,,,
300,D,218,,ASP,DIRECT,3552,,,
300,D,218,,ASP,NEAR_SHELL,3552,,,
300,D,222,,GLY,DIRECT,3552,,,
300,D,222,,GLY,NEAR_SHELL,3552,,,
300,D,225,,PHE,NEAR_SHELL,3552,,,
300,D,226,,ASN,DIRECT,3552,,,
300,D,226,,ASN,NEAR_SHELL,3552,,,
301,A,50,,ARG,DIRECT,3552,,,
301,A,50,,ARG,NEAR_SHELL,3552,,,
301,A,135,,TYR,NEAR_SHELL,3552,,,
301,A,193,,PRO,NEAR_SHELL,3552,,,
301,A,195,,CYS,DIRECT,3552,,,
301,A,195,,CYS,NEAR_SHELL,3552,,,
301,A,196,,HIS,DIRECT,3552,,,
301,A,196,,HIS,NEAR_SHELL,3552,,,
301,A,214,,GLN,DIRECT,3552,,,
301,A,214,,GLN,NEAR_SHELL,3552,,,
301,A,215,,ARG,DIRECT,3552,,,
301,A,215,,ARG,NEAR_SHELL,3552,,,
301,A,216,,SER,DIRECT,3552,,,
301,A,216,,SER,NEAR_SHELL,3552,,,
301,A,218,,ASP,DIRECT,3552,,,
301,A,218,,ASP,NEAR_SHELL,3552,,,
301,A,222,,GLY,DIRECT,3552,,,
301,A,222,,GLY,NEAR_SHELL,3552,,,
301,A,225,,PHE,NEAR_SHELL,3552,,,
301,A,226,,ASN,DIRECT,3552,,,
301,A,226,,ASN,NEAR_SHELL,3552,,,
301,A,256,,HIS,DIRECT,3552,,,
301,A,256,,HIS,NEAR_SHELL,3552,,,
301,A,258,,TYR,DIRECT,3552,,,
301,A,258,,TYR,NEAR_SHELL,3552,,,
301,D,175,,ARG,DIRECT,3552,,,
301,D,175,,ARG,NEAR_SHELL,3552,,,
301,D,176,,ARG,DIRECT,3552,,,
301,D,176,,ARG,NEAR_SHELL,3552,,,
302,A,80,,PHE,DIRECT,3552,,,
302,A,80,,PHE,NEAR_SHELL,3552,,,
302,A,87,,GLU,NEAR_SHELL,3552,,,
302,A,108,,ILE,DIRECT,3552,,,
302,A,108,,ILE,NEAR_SHELL,3552,,,
302,A,112,,ASN,NEAR_SHELL,3552,,,
302,A,192,,LEU,NEAR_SHELL,3552,,,
302,A,218,,ASP,DIRECT,3552,,,
302,A,218,,ASP,NEAR_SHELL,3552,,,
302,A,221,,LEU,DIRECT,3552,,,
302,A,221,,LEU,NEAR_SHELL,3552,,,
302,A,222,,GLY,DIRECT,3552,,,
302,A,222,,GLY,NEAR_SHELL,3552,,,
302,A,225,,PHE,DIRECT,3552,,,
302,A,225,,PHE,NEAR_SHELL,3552,,,
302,A,226,,ASN,DIRECT,3552,,,
302,A,226,,ASN,NEAR_SHELL,3552,,,
302,A,256,,HIS,NEAR_SHELL,3552,,,
302,A,258,,TYR,DIRECT,3552,,,
302,A,258,,TYR,NEAR_SHELL,3552,,,
302,A,311,,MET,DIRECT,3552,,,
302,A,311,,MET,NEAR_SHELL,3552,,,
302,D,175,,ARG,NEAR_SHELL,3552,,,
303,A,175,,ARG,DIRECT,3552,,,
303,A,175,,ARG,NEAR_SHELL,3552,,,
303,A,176,,ARG,DIRECT,3552,,,
303,A,176,,ARG,NEAR_SHELL,3552,,,
303,D,50,,ARG,DIRECT,3552,,,
303,D,50,,ARG,NEAR_SHELL,3552,,,
303,D,87,,GLU,NEAR_SHELL,3552,,,
303,D,135,,TYR,NEAR_SHELL,3552,,,
303,D,193,,PRO,NEAR_SHELL,3552,,,
303,D,195,,CYS,DIRECT,3552,,,
303,D,195,,CYS,NEAR_SHELL,3552,,,
303,D,196,,HIS,DIRECT,3552,,,
303,D,196,,HIS,NEAR_SHELL,3552,,,
303,D,215,,ARG,DIRECT,3552,,,
303,D,215,,ARG,NEAR_SHELL,3552,,,
303,D,216,,SER,DIRECT,3552,,,
303,D,216,,SER,NEAR_SHELL,3552,,,
303,D,218,,ASP,DIRECT,3552,,,
303,D,218,,ASP,NEAR_SHELL,3552,,,
303,D,221,,LEU,NEAR_SHELL,3552,,,
303,D,222,,GLY,DIRECT,3552,,,
303,D,222,,GLY,NEAR_SHELL,3552,,,
303,D,225,,PHE,NEAR_SHELL,3552,,,
303,D,226,,ASN,DIRECT,3552,,,
303,D,226,,ASN,NEAR_SHELL,3552,,,
303,D,256,,HIS,DIRECT,3552,,,
303,D,256,,HIS,NEAR_SHELL,3552,,,
303,D,258,,TYR,DIRECT,3552,,,
303,D,258,,TYR,NEAR_SHELL,3552,,,
304,D,50,,ARG,NEAR_SHELL,3552,,,
304,D,78,,ARG,NEAR_SHELL,3552,,,
304,D,80,,PHE,DIRECT,3552,,,
304,D,80,,PHE,NEAR_SHELL,3552,,,
304,D,87,,GLU,NEAR_SHELL,3552,,,
304,D,108,,ILE,DIRECT,3552,,,
304,D,108,,ILE,NEAR_SHELL,3552,,,
304,D,112,,ASN,NEAR_SHELL,3552,,,
304,D,192,,LEU,NEAR_SHELL,3552,,,
304,D,196,,HIS,NEAR_SHELL,3552,,,
304,D,218,,ASP,DIRECT,3552,,,
304,D,218,,ASP,NEAR_SHELL,3552,,,
304,D,221,,LEU,NEAR_SHELL,3552,,,
304,D,222,,GLY,DIRECT,3552,,,
304,D,222,,GLY,NEAR_SHELL,3552,,,
304,D,225,,PHE,DIRECT,3552,,,
304,D,225,,PHE,NEAR_SHELL,3552,,,
304,D,226,,ASN,DIRECT,3552,,,
304,D,226,,ASN,NEAR_SHELL,3552,,,
304,D,256,,HIS,NEAR_SHELL,3552,,,
304,D,258,,TYR,DIRECT,3552,,,
304,D,258,,TYR,NEAR_SHELL,3552,,,
304,D,311,,MET,DIRECT,3552,,,
304,D,311,,MET,NEAR_SHELL,3552,,,
304,D,313,,VAL,NEAR_SHELL,3552,,,
305,A,180,,CYS,DIRECT,,,,
305,A,180,,CYS,NEAR_SHELL,,,,
305,A,181,,ASN,DIRECT,,,,
305,A,181,,ASN,NEAR_SHELL,,,,
305,A,182,,SER,DIRECT,,,,
305,A,182,,SER,NEAR_SHELL,,,,
305,A,183,,PHE,DIRECT,,,,
305,A,183,,PHE,NEAR_SHELL,,,,
305,A,184,,THR,DIRECT,,,,
305,A,184,,THR,NEAR_SHELL,,,,
305,A,186,,CYS,DIRECT,,,,
305,A,186,,CYS,NEAR_SHELL,,,,
305,A,190,,MET,DIRECT,,,,
305,A,190,,MET,NEAR_SHELL,,,,
305,A,192,,GLU,NEAR_SHELL,,,,
305,A,201,,ILE,NEAR_SHELL,,,,
305,A,202,,SER,NEAR_SHELL,,,,
305,A,204,,LEU,NEAR_SHELL,,,,
305,A,214,,ILE,DIRECT,,,,
305,A,214,,ILE,NEAR_SHELL,,,,
305,A,215,,VAL,NEAR_SHELL,,,,
305,A,216,,PHE,DIRECT,,,,
305,A,216,,PHE,NEAR_SHELL,,,,
305,A,237,,ILE,DIRECT,,,,
305,A,237,,ILE,NEAR_SHELL,,,,
305,A,238,,CYS,DIRECT,,,,
305,A,238,,CYS,NEAR_SHELL,,,,
305,A,239,,TYR,DIRECT,,,,
305,A,239,,TYR,NEAR_SHELL,,,,
305,A,240,,LEU,NEAR_SHELL,,,,
305,A,241,,ASP,DIRECT,,,,
305,A,241,,ASP,NEAR_SHELL,,,,
305,A,242,,MET,NEAR_SHELL,,,,
305,A,243,,LEU,DIRECT,,,,
305,A,243,,LEU,NEAR_SHELL,,,,
305,A,256,,GLN,NEAR_SHELL,,,,
305,A,257,,TYR,DIRECT,,,,
305,A,257,,TYR,NEAR_SHELL,,,,
305,A,294,,GLU,NEAR_SHELL,,,,
305,A,297,,LYS,NEAR_SHELL,,,,
305,A,329,,LYS,NEAR_SHELL,,,,
305,A,332,,ASP,DIRECT,,,,
305,A,332,,ASP,NEAR_SHELL,,,,
305,A,358,,TYR,DIRECT,,,,
305,A,358,,TYR,NEAR_SHELL,,,,
305,A,362,,PHE,DIRECT,,,,
305,A,362,,PHE,NEAR_SHELL,,,,
305,A,368,,VAL,NEAR_SHELL,,,,
306,A,13,,ASN,NEAR_SHELL,,,,
306,A,14,,ARG,DIRECT,,,,
306,A,14,,ARG,NEAR_SHELL,,,,
306,A,15,,GLY,DIRECT,,,,
306,A,15,,GLY,NEAR_SHELL,,,,
306,A,16,,ASN,DIRECT,,,,
306,A,16,,ASN,NEAR_SHELL,,,,
306,A,124,,TYR,DIRECT,,,,
306,A,124,,TYR,NEAR_SHELL,,,,
306,A,130,,GLU,DIRECT,,,,
306,A,130,,GLU,NEAR_SHELL,,,,
306,A,132,,ASN,DIRECT,,,,
306,A,132,,ASN,NEAR_SHELL,,,,
306,A,135,,LYS,NEAR_SHELL,,,,
306,A,180,,CYS,DIRECT,,,,
306,A,180,,CYS,NEAR_SHELL,,,,
306,A,181,,ASN,DIRECT,,,,
306,A,181,,ASN,NEAR_SHELL,,,,
306,A,183,,PHE,NEAR_SHELL,,,,
306,A,201,,ILE,NEAR_SHELL,,,,
306,A,202,,SER,DIRECT,,,,
306,A,202,,SER,NEAR_SHELL,,,,
306,A,203,,LEU,NEAR_SHELL,,,,
306,A,204,,LEU,DIRECT,,,,
306,A,204,,LEU,NEAR_SHELL,,,,
306,A,205,,ASN,DIRECT,,,,
306,A,205,,ASN,NEAR_SHELL,,,,
306,A,206,,HIS,DIRECT,,,,
306,A,206,,HIS,NEAR_SHELL,,,,
306,A,207,,SER,NEAR_SHELL,,,,
306,A,239,,TYR,DIRECT,,,,
306,A,239,,TYR,NEAR_SHELL,,,,
306,A,257,,TYR,DIRECT,,,,
306,A,257,,TYR,NEAR_SHELL,,,,
306,A,258,,CYS,NEAR_SHELL,,,,
306,A,259,,PHE,DIRECT,,,,
306,A,259,,PHE,NEAR_SHELL,,,,
306,A,260,,GLU,NEAR_SHELL,,,,
306,A,261,,CYS,NEAR_SHELL,,,,
307,A,223,,ILE,DIRECT,13942,Q8WTS6,223,MATCH
307,A,223,,ILE,NEAR_SHELL,13942,Q8WTS6,223,MATCH
307,A,224,,SER,NEAR_SHELL,13942,Q8WTS6,224,MATCH
307,A,225,,SER,NEAR_SHELL,13942,Q8WTS6,225,MATCH
307,A,226,,ALA,DIRECT,13942,Q8WTS6,226,MATCH
307,A,226,,ALA,NEAR_SHELL,13942,Q8WTS6,226,MATCH
307,A,227,,GLY,DIRECT,13942,Q8WTS6,227,MATCH
307,A,227,,GLY,NEAR_SHELL,13942,Q8WTS6,227,MATCH
307,A,228,,GLU,DIRECT,13942,Q8WTS6,228,MATCH
307,A,228,,GLU,NEAR_SHELL,13942,Q8WTS6,228,MATCH
307,A,245,,TYR,NEAR_SHELL,13942,Q8WTS6,245,MATCH
307,A,264,,GLY,DIRECT,13942,Q8WTS6,264,MATCH
307,A,264,,GLY,NEAR_SHELL,13942,Q8WTS6,264,MATCH
307,A,265,,ASN,DIRECT,13942,Q8WTS6,265,MATCH
307,A,265,,ASN,NEAR_SHELL,13942,Q8WTS6,265,MATCH
307,A,282,,ASN,NEAR_SHELL,13942,Q8WTS6,282,MATCH
307,A,293,,HIS,DIRECT,13942,Q8WTS6,293,MATCH
307,A,293,,HIS,NEAR_SHELL,13942,Q8WTS6,293,MATCH
307,A,294,,LYS,DIRECT,13942,Q8WTS6,294,MATCH
307,A,294,,LYS,NEAR_SHELL,13942,Q8WTS6,294,MATCH
307,A,296,,ASN,DIRECT,13942,Q8WTS6,296,MATCH
307,A,296,,ASN,NEAR_SHELL,13942,Q8WTS6,296,MATCH
307,A,297,,HIS,DIRECT,13942,Q8WTS6,297,MATCH
307,A,297,,HIS,NEAR_SHELL,13942,Q8WTS6,297,MATCH
307,A,335,,TYR,DIRECT,13942,Q8WTS6,335,MATCH
307,A,335,,TYR,NEAR_SHELL,13942,Q8WTS6,335,MATCH
307,A,350,,PRO,NEAR_SHELL,13942,Q8WTS6,350,MATCH
307,A,352,,TRP,DIRECT,13942,Q8WTS6,352,MATCH
307,A,352,,TRP,NEAR_SHELL,13942,Q8WTS6,352,MATCH
307,A,356,,GLU,DIRECT,13942,Q8WTS6,356,MATCH
307,A,356,,GLU,NEAR_SHELL,13942,Q8WTS6,356,MATCH
308,A,245,,TYR,DIRECT,13942,Q8WTS6,245,MATCH
308,A,245,,TYR,NEAR_SHELL,13942,Q8WTS6,245,MATCH
308,A,260,,TRP,DIRECT,13942,,,
308,A,260,,TRP,NEAR_SHELL,13942,,,
308,A,261,,ALA,NEAR_SHELL,13942,,,
308,A,263,,ASN,DIRECT,13942,,,
308,A,263,,ASN,NEAR_SHELL,13942,,,
308,A,264,,GLY,DIRECT,13942,Q8WTS6,264,MATCH
308,A,264,,GLY,NEAR_SHELL,13942,Q8WTS6,264,MATCH
308,A,265,,ASN,NEAR_SHELL,13942,Q8WTS6,265,MATCH
308,A,266,,THR,DIRECT,13942,,,
308,A,266,,THR,NEAR_SHELL,13942,,,
308,A,267,,LEU,NEAR_SHELL,13942,,,
308,A,305,,TYR,DIRECT,13942,,,
308,A,305,,TYR,NEAR_SHELL,13942,,,
308,A,335,,TYR,DIRECT,13942,Q8WTS6,335,MATCH
308,A,335,,TYR,NEAR_SHELL,13942,Q8WTS6,335,MATCH
308,A,336,,GLY,DIRECT,13942,,,
308,A,336,,GLY,NEAR_SHELL,13942,,,
308,A,338,,ASP,DIRECT,13942,,,
308,A,338,,ASP,NEAR_SHELL,13942,,,
308,A,340,,SER,NEAR_SHELL,13942,,,
308,A,341,,PRO,DIRECT,13942,,,
308,A,341,,PRO,NEAR_SHELL,13942,,,
308,A,342,,PRO,DIRECT,13942,,,
308,A,342,,PRO,NEAR_SHELL,13942,,,
308,A,350,,PRO,DIRECT,13942,Q8WTS6,350,MATCH
308,A,350,,PRO,NEAR_SHELL,13942,Q8WTS6,350,MATCH
308,A,352,,TRP,DIRECT,13942,Q8WTS6,352,MATCH
308,A,352,,TRP,NEAR_SHELL,13942,Q8WTS6,352,MATCH
308,A,353,,TYR,DIRECT,13942,,,
308,A,353,,TYR,NEAR_SHELL,13942,,,
309,A,149,,TYR,NEAR_SHELL,11774,Q86X55,149,MATCH
309,A,153,,TYR,NEAR_SHELL,11774,Q86X55,153,MATCH
309,A,162,,MET,DIRECT,11774,Q86X55,162,MATCH
309,A,162,,MET,NEAR_SHELL,11774,Q86X55,162,MATCH
309,A,257,,GLU,NEAR_SHELL,11774,Q86X55,257,MATCH
310,A,149,,TYR,DIRECT,11774,Q86X55,149,MATCH
310,A,149,,TYR,NEAR_SHELL,11774,Q86X55,149,MATCH
310,A,152,,PHE,DIRECT,11774,,,
310,A,152,,PHE,NEAR_SHELL,11774,,,
310,A,153,,TYR,DIRECT,11774,Q86X55,153,MATCH
310,A,153,,TYR,NEAR_SHELL,11774,Q86X55,153,MATCH
310,A,158,,GLN,NEAR_SHELL,11774,,,
310,A,162,,MET,DIRECT,11774,Q86X55,162,MATCH
310,A,162,,MET,NEAR_SHELL,11774,Q86X55,162,MATCH
310,A,257,,GLU,DIRECT,11774,Q86X55,257,MATCH
310,A,257,,GLU,NEAR_SHELL,11774,Q86X55,257,MATCH
310,A,259,,MET,DIRECT,11774,,,
310,A,259,,MET,NEAR_SHELL,11774,,,
310,A,261,,TYR,DIRECT,11774,,,
310,A,261,,TYR,NEAR_SHELL,11774,,,
310,A,265,,ASN,DIRECT,11774,,,
310,A,265,,ASN,NEAR_SHELL,11774,,,
310,A,266,,GLU,DIRECT,11774,,,
310,A,266,,GLU,NEAR_SHELL,11774,,,
310,A,340,,VAL,NEAR_SHELL,11774,,,
310,A,414,,HIS,DIRECT,11774,,,
310,A,414,,HIS,NEAR_SHELL,11774,,,
310,A,415,,TRP,DIRECT,11774,,,
310,A,415,,TRP,NEAR_SHELL,11774,,,
310,A,470,,LYS,DIRECT,11774,,,
310,A,470,,LYS,NEAR_SHELL,11774,,,
310,A,471,,ASN,NEAR_SHELL,11774,,,
310,A,472,,PRO,NEAR_SHELL,11774,,,
310,A,474,,PHE,DIRECT,11774,,,
310,A,474,,PHE,NEAR_SHELL,11774,,,
310,A,476,,TYR,DIRECT,11774,,,
310,A,476,,TYR,NEAR_SHELL,11774,,,
310,A,477,,THR,DIRECT,11774,,,
310,A,477,,THR,NEAR_SHELL,11774,,,
310,B,477,,THR,NEAR_SHELL,11774,,,
311,A,149,,TYR,DIRECT,11774,Q86X55,149,MATCH
311,A,149,,TYR,NEAR_SHELL,11774,Q86X55,149,MATCH
311,A,152,,PHE,DIRECT,11774,,,
311,A,152,,PHE,NEAR_SHELL,11774,,,
311,A,153,,TYR,DIRECT,11774,Q86X55,153,MATCH
311,A,153,,TYR,NEAR_SHELL,11774,Q86X55,153,MATCH
311,A,158,,GLN,NEAR_SHELL,11774,,,
311,A,162,,MET,DIRECT,11774,Q86X55,162,MATCH
311,A,162,,MET,NEAR_SHELL,11774,Q86X55,162,MATCH
311,A,257,,GLU,DIRECT,11774,Q86X55,257,MATCH
311,A,257,,GLU,NEAR_SHELL,11774,Q86X55,257,MATCH
311,A,259,,MET,DIRECT,11774,,,
311,A,259,,MET,NEAR_SHELL,11774,,,
311,A,261,,TYR,DIRECT,11774,,,
311,A,261,,TYR,NEAR_SHELL,11774,,,
311,A,265,,ASN,DIRECT,11774,,,
311,A,265,,ASN,NEAR_SHELL,11774,,,
311,A,266,,GLU,DIRECT,11774,,,
311,A,266,,GLU,NEAR_SHELL,11774,,,
311,A,340,,VAL,NEAR_SHELL,11774,,,
311,A,414,,HIS,DIRECT,11774,,,
311,A,414,,HIS,NEAR_SHELL,11774,,,
311,A,415,,TRP,DIRECT,11774,,,
311,A,415,,TRP,NEAR_SHELL,11774,,,
311,A,470,,LYS,DIRECT,11774,,,
311,A,470,,LYS,NEAR_SHELL,11774,,,
311,A,471,,ASN,NEAR_SHELL,11774,,,
311,A,472,,PRO,NEAR_SHELL,11774,,,
311,A,474,,PHE,DIRECT,11774,,,
311,A,474,,PHE,NEAR_SHELL,11774,,,
311,A,476,,TYR,DIRECT,11774,,,
311,A,476,,TYR,NEAR_SHELL,11774,,,
311,A,477,,THR,DIRECT,11774,,,
311,A,477,,THR,NEAR_SHELL,11774,,,
311,B,477,,THR,NEAR_SHELL,11774,,,
312,B,149,,TYR,NEAR_SHELL,11774,Q86X55,149,MATCH
312,B,153,,TYR,NEAR_SHELL,11774,Q86X55,153,MATCH
312,B,162,,MET,DIRECT,11774,Q86X55,162,MATCH
312,B,162,,MET,NEAR_SHELL,11774,Q86X55,162,MATCH
312,B,257,,GLU,DIRECT,11774,Q86X55,257,MATCH
312,B,257,,GLU,NEAR_SHELL,11774,Q86X55,257,MATCH
312,B,266,,GLU,NEAR_SHELL,11774,Q86X55,266,MATCH
313,A,474,,PHE,NEAR_SHELL,11774,,,
313,A,477,,THR,NEAR_SHELL,11774,,,
313,B,149,,TYR,DIRECT,11774,Q86X55,149,MATCH
313,B,149,,TYR,NEAR_SHELL,11774,Q86X55,149,MATCH
313,B,152,,PHE,DIRECT,11774,,,
313,B,152,,PHE,NEAR_SHELL,11774,,,
313,B,153,,TYR,DIRECT,11774,Q86X55,153,MATCH
313,B,153,,TYR,NEAR_SHELL,11774,Q86X55,153,MATCH
313,B,158,,GLN,NEAR_SHELL,11774,,,
313,B,161,,ASN,NEAR_SHELL,11774,,,
313,B,162,,MET,DIRECT,11774,Q86X55,162,MATCH
313,B,162,,MET,NEAR_SHELL,11774,Q86X55,162,MATCH
313,B,257,,GLU,DIRECT,11774,Q86X55,257,MATCH
313,B,257,,GLU,NEAR_SHELL,11774,Q86X55,257,MATCH
313,B,259,,MET,DIRECT,11774,,,
313,B,259,,MET,NEAR_SHELL,11774,,,
313,B,261,,TYR,DIRECT,11774,,,
313,B,261,,TYR,NEAR_SHELL,11774,,,
313,B,265,,ASN,DIRECT,11774,,,
313,B,265,,ASN,NEAR_SHELL,11774,,,
313,B,266,,GLU,DIRECT,11774,Q86X55,266,MATCH
313,B,266,,GLU,NEAR_SHELL,11774,Q86X55,266,MATCH
313,B,340,,VAL,NEAR_SHELL,11774,,,
313,B,414,,HIS,DIRECT,11774,,,
313,B,414,,HIS,NEAR_SHELL,11774,,,
313,B,415,,TRP,DIRECT,11774,,,
313,B,415,,TRP,NEAR_SHELL,11774,,,
313,B,470,,LYS,DIRECT,11774,,,
313,B,470,,LYS,NEAR_SHELL,11774,,,
313,B,471,,ASN,NEAR_SHELL,11774,,,
313,B,472,,PRO,NEAR_SHELL,11774,,,
313,B,474,,PHE,DIRECT,11774,,,
313,B,474,,PHE,NEAR_SHELL,11774,,,
313,B,476,,TYR,DIRECT,11774,,,
313,B,476,,TYR,NEAR_SHELL,11774,,,
313,B,477,,THR,DIRECT,11774,,,
313,B,477,,THR,NEAR_SHELL,11774,,,
314,A,474,,PHE,NEAR_SHELL,11774,,,
314,A,477,,THR,NEAR_SHELL,11774,,,
314,B,149,,TYR,DIRECT,11774,Q86X55,149,MATCH
314,B,149,,TYR,NEAR_SHELL,11774,Q86X55,149,MATCH
314,B,152,,PHE,DIRECT,11774,,,
314,B,152,,PHE,NEAR_SHELL,11774,,,
314,B,153,,TYR,DIRECT,11774,Q86X55,153,MATCH
314,B,153,,TYR,NEAR_SHELL,11774,Q86X55,153,MATCH
314,B,158,,GLN,NEAR_SHELL,11774,,,
314,B,161,,ASN,NEAR_SHELL,11774,,,
314,B,162,,MET,DIRECT,11774,Q86X55,162,MATCH
314,B,162,,MET,NEAR_SHELL,11774,Q86X55,162,MATCH
314,B,257,,GLU,DIRECT,11774,Q86X55,257,MATCH
314,B,257,,GLU,NEAR_SHELL,11774,Q86X55,257,MATCH
314,B,259,,MET,DIRECT,11774,,,
314,B,259,,MET,NEAR_SHELL,11774,,,
314,B,261,,TYR,DIRECT,11774,,,
314,B,261,,TYR,NEAR_SHELL,11774,,,
314,B,265,,ASN,DIRECT,11774,,,
314,B,265,,ASN,NEAR_SHELL,11774,,,
314,B,266,,GLU,DIRECT,11774,Q86X55,266,MATCH
314,B,266,,GLU,NEAR_SHELL,11774,Q86X55,266,MATCH
314,B,340,,VAL,NEAR_SHELL,11774,,,
314,B,414,,HIS,DIRECT,11774,,,
314,B,414,,HIS,NEAR_SHELL,11774,,,
314,B,415,,TRP,DIRECT,11774,,,
314,B,415,,TRP,NEAR_SHELL,11774,,,
314,B,470,,LYS,DIRECT,11774,,,
314,B,470,,LYS,NEAR_SHELL,11774,,,
314,B,471,,ASN,NEAR_SHELL,11774,,,
314,B,472,,PRO,NEAR_SHELL,11774,,,
314,B,474,,PHE,DIRECT,11774,,,
314,B,474,,PHE,NEAR_SHELL,11774,,,
314,B,476,,TYR,DIRECT,11774,,,
314,B,476,,TYR,NEAR_SHELL,11774,,,
314,B,477,,THR,DIRECT,11774,,,
314,B,477,,THR,NEAR_SHELL,11774,,,
315,A,153,,TYR,NEAR_SHELL,11774,Q86X55,153,MATCH
315,A,162,,MET,DIRECT,11774,Q86X55,162,MATCH
315,A,162,,MET,NEAR_SHELL,11774,Q86X55,162,MATCH
315,A,257,,GLU,DIRECT,11774,Q86X55,257,MATCH
315,A,257,,GLU,NEAR_SHELL,11774,Q86X55,257,MATCH
315,A,266,,GLU,NEAR_SHELL,11774,Q86X55,266,MATCH
316,A,149,,TYR,DIRECT,11774,,,
316,A,149,,TYR,NEAR_SHELL,11774,,,
316,A,152,,PHE,DIRECT,11774,,,
316,A,152,,PHE,NEAR_SHELL,11774,,,
316,A,153,,TYR,DIRECT,11774,Q86X55,153,MATCH
316,A,153,,TYR,NEAR_SHELL,11774,Q86X55,153,MATCH
316,A,158,,GLN,NEAR_SHELL,11774,,,
316,A,162,,MET,DIRECT,11774,Q86X55,162,MATCH
316,A,162,,MET,NEAR_SHELL,11774,Q86X55,162,MATCH
316,A,257,,GLU,DIRECT,11774,Q86X55,257,MATCH
316,A,257,,GLU,NEAR_SHELL,11774,Q86X55,257,MATCH
316,A,259,,MET,DIRECT,11774,,,
316,A,259,,MET,NEAR_SHELL,11774,,,
316,A,260,,GLY,NEAR_SHELL,11774,,,
316,A,261,,TYR,DIRECT,11774,,,
316,A,261,,TYR,NEAR_SHELL,11774,,,
316,A,265,,ASN,DIRECT,11774,,,
316,A,265,,ASN,NEAR_SHELL,11774,,,
316,A,266,,GLU,DIRECT,11774,Q86X55,266,MATCH
316,A,266,,GLU,NEAR_SHELL,11774,Q86X55,266,MATCH
316,A,414,,HIS,DIRECT,11774,,,
316,A,414,,HIS,NEAR_SHELL,11774,,,
316,A,415,,TRP,DIRECT,11774,,,
316,A,415,,TRP,NEAR_SHELL,11774,,,
316,A,470,,LYS,DIRECT,11774,,,
316,A,470,,LYS,NEAR_SHELL,11774,,,
316,A,474,,PHE,DIRECT,11774,,,
316,A,474,,PHE,NEAR_SHELL,11774,,,
316,A,476,,TYR,DIRECT,11774,,,
316,A,476,,TYR,NEAR_SHELL,11774,,,
317,B,149,,TYR,NEAR_SHELL,11774,Q86X55,149,MATCH
317,B,153,,TYR,NEAR_SHELL,11774,Q86X55,153,MATCH
317,B,162,,MET,DIRECT,11774,Q86X55,162,MATCH
317,B,162,,MET,NEAR_SHELL,11774,Q86X55,162,MATCH
317,B,257,,GLU,DIRECT,11774,Q86X55,257,MATCH
317,B,257,,GLU,NEAR_SHELL,11774,Q86X55,257,MATCH
317,B,266,,GLU,NEAR_SHELL,11774,Q86X55,266,MATCH
318,B,148,,GLN,NEAR_SHELL,11774,,,
318,B,149,,TYR,DIRECT,11774,Q86X55,149,MATCH
318,B,149,,TYR,NEAR_SHELL,11774,Q86X55,149,MATCH
318,B,152,,PHE,DIRECT,11774,,,
318,B,152,,PHE,NEAR_SHELL,11774,,,
318,B,153,,TYR,DIRECT,11774,Q86X55,153,MATCH
318,B,153,,TYR,NEAR_SHELL,11774,Q86X55,153,MATCH
318,B,158,,GLN,NEAR_SHELL,11774,,,
318,B,162,,MET,DIRECT,11774,Q86X55,162,MATCH
318,B,162,,MET,NEAR_SHELL,11774,Q86X55,162,MATCH
318,B,257,,GLU,DIRECT,11774,Q86X55,257,MATCH
318,B,257,,GLU,NEAR_SHELL,11774,Q86X55,257,MATCH
318,B,259,,MET,DIRECT,11774,,,
318,B,259,,MET,NEAR_SHELL,11774,,,
318,B,260,,GLY,NEAR_SHELL,11774,,,
318,B,261,,TYR,DIRECT,11774,,,
318,B,261,,TYR,NEAR_SHELL,11774,,,
318,B,265,,ASN,NEAR_SHELL,11774,,,
318,B,266,,GLU,DIRECT,11774,Q86X55,266,MATCH
318,B,266,,GLU,NEAR_SHELL,11774,Q86X55,266,MATCH
318,B,340,,VAL,NEAR_SHELL,11774,,,
318,B,414,,HIS,DIRECT,11774,,,
318,B,414,,HIS,NEAR_SHELL,11774,,,
318,B,415,,TRP,DIRECT,11774,,,
318,B,415,,TRP,NEAR_SHELL,11774,,,
318,B,470,,LYS,DIRECT,11774,,,
318,B,470,,LYS,NEAR_SHELL,11774,,,
318,B,474,,PHE,DIRECT,11774,,,
318,B,474,,PHE,NEAR_SHELL,11774,,,
318,B,476,,TYR,NEAR_SHELL,11774,,,
318,B,477,,THR,NEAR_SHELL,11774,,,
319,A,296,,PHE,DIRECT,8324,,,
319,A,296,,PHE,NEAR_SHELL,8324,,,
319,A,297,,PHE,DIRECT,8324,,,
319,A,297,,PHE,NEAR_SHELL,8324,,,
319,A,300,,GLY,DIRECT,8324,,,
319,A,300,,GLY,NEAR_SHELL,8324,,,
319,A,301,,TYR,DIRECT,8324,,,
319,A,301,,TYR,NEAR_SHELL,8324,,,
319,A,302,,ALA,DIRECT,8324,,,
319,A,302,,ALA,NEAR_SHELL,8324,,,
319,A,324,,ILE,NEAR_SHELL,8324,,,
319,A,329,,CYS,DIRECT,8324,,,
319,A,329,,CYS,NEAR_SHELL,8324,,,
319,A,332,,PHE,DIRECT,8324,,,
319,A,332,,PHE,NEAR_SHELL,8324,,,
319,A,333,,ILE,DIRECT,8324,,,
319,A,333,,ILE,NEAR_SHELL,8324,,,
319,A,388,,ILE,NEAR_SHELL,8324,,,
319,A,389,,TYR,DIRECT,8324,,,
319,A,389,,TYR,NEAR_SHELL,8324,,,
319,A,391,,GLY,NEAR_SHELL,8324,,,
319,A,392,,SER,DIRECT,8324,,,
319,A,392,,SER,NEAR_SHELL,8324,,,
319,A,393,,THR,NEAR_SHELL,8324,,,
319,A,394,,ARG,NEAR_SHELL,8324,,,
320,A,296,,PHE,DIRECT,8324,,,
320,A,296,,PHE,NEAR_SHELL,8324,,,
320,A,297,,PHE,NEAR_SHELL,8324,,,
320,A,298,,ASP,NEAR_SHELL,8324,,,
320,A,300,,GLY,DIRECT,8324,,,
320,A,300,,GLY,NEAR_SHELL,8324,,,
320,A,302,,ALA,DIRECT,8324,,,
320,A,302,,ALA,NEAR_SHELL,8324,,,
320,A,328,,SER,NEAR_SHELL,8324,,,
320,A,329,,CYS,DIRECT,8324,,,
320,A,329,,CYS,NEAR_SHELL,8324,,,
320,A,332,,PHE,DIRECT,8324,,,
320,A,332,,PHE,NEAR_SHELL,8324,,,
320,A,333,,ILE,DIRECT,8324,,,
320,A,333,,ILE,NEAR_SHELL,8324,,,
320,A,386,,GLU,NEAR_SHELL,8324,,,
320,A,387,,TRP,DIRECT,8324,,,
320,A,387,,TRP,NEAR_SHELL,8324,,,
320,A,388,,ILE,DIRECT,8324,,,
320,A,388,,ILE,NEAR_SHELL,8324,,,
320,A,389,,TYR,DIRECT,8324,,,
320,A,389,,TYR,NEAR_SHELL,8324,,,
320,A,391,,GLY,NEAR_SHELL,8324,,,
320,A,392,,SER,DIRECT,8324,,,
320,A,392,,SER,NEAR_SHELL,8324,,,
320,A,393,,THR,NEAR_SHELL,8324,,,
320,A,394,,ARG,DIRECT,8324,,,
320,A,394,,ARG,NEAR_SHELL,8324,,,
321,A,296,,PHE,DIRECT,8324,,,
321,A,296,,PHE,NEAR_SHELL,8324,,,
321,A,297,,PHE,NEAR_SHELL,8324,,,
321,A,299,,ASP,NEAR_SHELL,8324,,,
321,A,300,,GLY,DIRECT,8324,,,
321,A,300,,GLY,NEAR_SHELL,8324,,,
321,A,301,,TYR,NEAR_SHELL,8324,,,
321,A,302,,ALA,DIRECT,8324,,,
321,A,302,,ALA,NEAR_SHELL,8324,,,
321,A,328,,SER,NEAR_SHELL,8324,,,
321,A,329,,CYS,DIRECT,8324,,,
321,A,329,,CYS,NEAR_SHELL,8324,,,
321,A,332,,PHE,DIRECT,8324,,,
321,A,332,,PHE,NEAR_SHELL,8324,,,
321,A,333,,ILE,DIRECT,8324,,,
321,A,333,,ILE,NEAR_SHELL,8324,,,
321,A,357,,GLU,NEAR_SHELL,8324,,,
321,A,358,,TRP,NEAR_SHELL,8324,,,
321,A,386,,GLU,DIRECT,8324,,,
321,A,386,,GLU,NEAR_SHELL,8324,,,
321,A,387,,TRP,DIRECT,8324,,,
321,A,387,,TRP,NEAR_SHELL,8324,,,
321,A,388,,ILE,DIRECT,8324,,,
321,A,388,,ILE,NEAR_SHELL,8324,,,
321,A,389,,TYR,DIRECT,8324,,,
321,A,389,,TYR,NEAR_SHELL,8324,,,
321,A,391,,GLY,NEAR_SHELL,8324,,,
321,A,392,,SER,DIRECT,8324,,,
321,A,392,,SER,NEAR_SHELL,8324,,,
321,A,394,,ARG,DIRECT,8324,,,
321,A,394,,ARG,NEAR_SHELL,8324,,,
321,B,2,,SER,DIRECT,8324,,,
321,B,2,,SER,NEAR_SHELL,8324,,,
321,B,3,,THR,DIRECT,8324,,,
321,B,3,,THR,NEAR_SHELL,8324,,,
322,A,16,,GLY,DIRECT,18247,,,
322,A,16,,GLY,NEAR_SHELL,18247,,,
322,A,17,,LYS,DIRECT,18247,,,
322,A,17,,LYS,NEAR_SHELL,18247,,,
322,A,18,,GLY,NEAR_SHELL,18247,,,
322,A,19,,ARG,NEAR_SHELL,18247,,,
322,A,135,,GLU,DIRECT,18247,,,
322,A,135,,GLU,NEAR_SHELL,18247,,,
322,A,137,,HIS,DIRECT,18247,,,
322,A,137,,HIS,NEAR_SHELL,18247,,,
322,A,181,,CYS,DIRECT,18247,,,
322,A,181,,CYS,NEAR_SHELL,18247,,,
322,A,182,,ASN,DIRECT,18247,,,
322,A,182,,ASN,NEAR_SHELL,18247,,,
322,A,183,,GLY,DIRECT,18247,,,
322,A,183,,GLY,NEAR_SHELL,18247,,,
322,A,184,,PHE,DIRECT,18247,,,
322,A,184,,PHE,NEAR_SHELL,18247,,,
322,A,185,,THR,NEAR_SHELL,18247,,,
322,A,202,,VAL,NEAR_SHELL,18247,,,
322,A,203,,ALA,DIRECT,18247,,,
322,A,203,,ALA,NEAR_SHELL,18247,,,
322,A,205,,MET,NEAR_SHELL,18247,,,
322,A,206,,ASN,DIRECT,18247,,,
322,A,206,,ASN,NEAR_SHELL,18247,,,
322,A,207,,HIS,DIRECT,18247,,,
322,A,207,,HIS,NEAR_SHELL,18247,,,
322,A,237,,PHE,NEAR_SHELL,18247,,,
322,A,239,,SER,NEAR_SHELL,18247,,,
322,A,240,,TYR,DIRECT,18247,,,
322,A,240,,TYR,NEAR_SHELL,18247,,,
322,A,257,,SER,NEAR_SHELL,18247,,,
322,A,258,,TYR,DIRECT,18247,,,
322,A,258,,TYR,NEAR_SHELL,18247,,,
322,A,260,,PHE,DIRECT,18247,,,
322,A,260,,PHE,NEAR_SHELL,18247,,,
322,A,261,,THR,DIRECT,18247,,,
322,A,261,,THR,NEAR_SHELL,18247,,,
322,A,263,,GLU,DIRECT,18247,,,
322,A,263,,GLU,NEAR_SHELL,18247,,,
323,A,1070,,PRO,NEAR_SHELL,16926,Q9BZ95,1070,MATCH
323,A,1071,,PRO,NEAR_SHELL,16926,Q9BZ95,1071,MATCH
323,A,1154,,ARG,NEAR_SHELL,16926,Q9BZ95,1154,MATCH
323,A,1155,,ARG,DIRECT,16926,Q9BZ95,1155,MATCH
323,A,1155,,ARG,NEAR_SHELL,16926,Q9BZ95,1155,MATCH
323,A,1156,,GLY,DIRECT,16926,Q9BZ95,1156,MATCH
323,A,1156,,GLY,NEAR_SHELL,16926,Q9BZ95,1156,MATCH
323,A,1157,,TRP,DIRECT,16926,Q9BZ95,1157,MATCH
323,A,1157,,TRP,NEAR_SHELL,16926,Q9BZ95,1157,MATCH
323,A,1174,,TYR,NEAR_SHELL,16926,Q9BZ95,1174,MATCH
323,A,1197,,THR,DIRECT,16926,Q9BZ95,1197,MATCH
323,A,1197,,THR,NEAR_SHELL,16926,Q9BZ95,1197,MATCH
323,A,1198,,ASN,DIRECT,16926,Q9BZ95,1198,MATCH
323,A,1198,,ASN,NEAR_SHELL,16926,Q9BZ95,1198,MATCH
323,A,1199,,PHE,DIRECT,16926,Q9BZ95,1199,MATCH
323,A,1199,,PHE,NEAR_SHELL,16926,Q9BZ95,1199,MATCH
323,A,1200,,TYR,DIRECT,16926,Q9BZ95,1200,MATCH
323,A,1200,,TYR,NEAR_SHELL,16926,Q9BZ95,1200,MATCH
323,A,1219,,SER,NEAR_SHELL,16926,Q9BZ95,1219,MATCH
323,A,1220,,ARG,DIRECT,16926,Q9BZ95,1220,MATCH
323,A,1220,,ARG,NEAR_SHELL,16926,Q9BZ95,1220,MATCH
323,A,1221,,PHE,NEAR_SHELL,16926,Q9BZ95,1221,MATCH
323,A,1222,,MET,DIRECT,16926,Q9BZ95,1222,MATCH
323,A,1222,,MET,NEAR_SHELL,16926,Q9BZ95,1222,MATCH
323,A,1223,,ASN,DIRECT,16926,Q9BZ95,1223,MATCH
323,A,1223,,ASN,NEAR_SHELL,16926,Q9BZ95,1223,MATCH
323,A,1224,,HIS,DIRECT,16926,Q9BZ95,1224,MATCH
323,A,1224,,HIS,NEAR_SHELL,16926,Q9BZ95,1224,MATCH
323,A,1261,,TYR,DIRECT,16926,Q9BZ95,1261,MATCH
323,A,1261,,TYR,NEAR_SHELL,16926,Q9BZ95,1261,MATCH
323,A,1271,,THR,NEAR_SHELL,16926,Q9BZ95,1271,MATCH
323,A,1272,,GLU,DIRECT,16926,Q9BZ95,1272,MATCH
323,A,1272,,GLU,NEAR_SHELL,16926,Q9BZ95,1272,MATCH
323,A,1273,,CYS,DIRECT,16926,Q9BZ95,1273,MATCH
323,A,1273,,CYS,NEAR_SHELL,16926,Q9BZ95,1273,MATCH
323,A,1274,,HIS,DIRECT,16926,Q9BZ95,1274,MATCH
323,A,1274,,HIS,NEAR_SHELL,16926,Q9BZ95,1274,MATCH
323,A,1284,,LEU,DIRECT,16926,Q9BZ95,1284,MATCH
323,A,1284,,LEU,NEAR_SHELL,16926,Q9BZ95,1284,MATCH
324,A,149,,TYR,NEAR_SHELL,11774,,,
324,A,150,,PHE,DIRECT,11774,,,
324,A,150,,PHE,NEAR_SHELL,11774,,,
324,A,152,,PHE,DIRECT,11774,,,
324,A,152,,PHE,NEAR_SHELL,11774,,,
324,A,153,,TYR,DIRECT,11774,,,
324,A,153,,TYR,NEAR_SHELL,11774,,,
324,A,158,,GLN,NEAR_SHELL,11774,,,
324,A,159,,GLN,DIRECT,11774,,,
324,A,159,,GLN,NEAR_SHELL,11774,,,
324,A,162,,MET,NEAR_SHELL,11774,,,
324,A,163,,MET,DIRECT,11774,,,
324,A,163,,MET,NEAR_SHELL,11774,,,
324,A,168,,ARG,DIRECT,11774,,,
324,A,168,,ARG,NEAR_SHELL,11774,,,
324,A,191,,VAL,NEAR_SHELL,11774,,,
324,A,192,,GLY,DIRECT,11774,,,
324,A,192,,GLY,NEAR_SHELL,11774,,,
324,A,193,,CYS,NEAR_SHELL,11774,,,
324,A,194,,GLY,DIRECT,11774,,,
324,A,194,,GLY,NEAR_SHELL,11774,,,
324,A,197,,ILE,DIRECT,11774,,,
324,A,197,,ILE,NEAR_SHELL,11774,,,
324,A,198,,LEU,NEAR_SHELL,11774,,,
324,A,213,,VAL,NEAR_SHELL,11774,,,
324,A,214,,GLU,DIRECT,11774,,,
324,A,214,,GLU,NEAR_SHELL,11774,,,
324,A,215,,ALA,DIRECT,11774,,,
324,A,215,,ALA,NEAR_SHELL,11774,,,
324,A,240,,GLY,DIRECT,11774,,,
324,A,240,,GLY,NEAR_SHELL,11774,,,
324,A,241,,LYS,DIRECT,11774,,,
324,A,241,,LYS,NEAR_SHELL,11774,,,
324,A,242,,VAL,DIRECT,11774,,,
324,A,242,,VAL,NEAR_SHELL,11774,,,
324,A,243,,GLU,DIRECT,11774,,,
324,A,243,,GLU,NEAR_SHELL,11774,,,
324,A,257,,GLU,DIRECT,11774,,,
324,A,257,,GLU,NEAR_SHELL,11774,,,
324,A,259,,MET,DIRECT,11774,,,
324,A,259,,MET,NEAR_SHELL,11774,,,
324,A,261,,TYR,DIRECT,11774,,,
324,A,261,,TYR,NEAR_SHELL,11774,,,
324,A,265,,ASN,NEAR_SHELL,11774,,,
324,A,266,,GLU,DIRECT,11774,,,
324,A,266,,GLU,NEAR_SHELL,11774,,,
324,A,268,,MET,DIRECT,11774,,,
324,A,268,,MET,NEAR_SHELL,11774,,,
324,A,271,,SER,DIRECT,11774,,,
324,A,271,,SER,NEAR_SHELL,11774,,,
324,A,414,,HIS,DIRECT,11774,,,
324,A,414,,HIS,NEAR_SHELL,11774,,,
324,A,415,,TRP,DIRECT,11774,,,
324,A,415,,TRP,NEAR_SHELL,11774,,,
325,B,150,,PHE,DIRECT,11774,,,
325,B,150,,PHE,NEAR_SHELL,11774,,,
325,B,152,,PHE,NEAR_SHELL,11774,,,
325,B,153,,TYR,DIRECT,11774,,,
325,B,153,,TYR,NEAR_SHELL,11774,,,
325,B,159,,GLN,DIRECT,11774,,,
325,B,159,,GLN,NEAR_SHELL,11774,,,
325,B,162,,MET,NEAR_SHELL,11774,,,
325,B,163,,MET,DIRECT,11774,,,
325,B,163,,MET,NEAR_SHELL,11774,,,
325,B,168,,ARG,DIRECT,11774,,,
325,B,168,,ARG,NEAR_SHELL,11774,,,
325,B,191,,VAL,NEAR_SHELL,11774,,,
325,B,192,,GLY,DIRECT,11774,,,
325,B,192,,GLY,NEAR_SHELL,11774,,,
325,B,193,,CYS,DIRECT,11774,,,
325,B,193,,CYS,NEAR_SHELL,11774,,,
325,B,194,,GLY,NEAR_SHELL,11774,,,
325,B,197,,ILE,DIRECT,11774,,,
325,B,197,,ILE,NEAR_SHELL,11774,,,
325,B,198,,LEU,NEAR_SHELL,11774,,,
325,B,213,,VAL,DIRECT,11774,,,
325,B,213,,VAL,NEAR_SHELL,11774,,,
325,B,214,,GLU,DIRECT,11774,,,
325,B,214,,GLU,NEAR_SHELL,11774,,,
325,B,215,,ALA,DIRECT,11774,,,
325,B,215,,ALA,NEAR_SHELL,11774,,,
325,B,218,,MET,NEAR_SHELL,11774,,,
325,B,240,,GLY,DIRECT,11774,,,
325,B,240,,GLY,NEAR_SHELL,11774,,,
325,B,241,,LYS,DIRECT,11774,,,
325,B,241,,LYS,NEAR_SHELL,11774,,,
325,B,242,,VAL,DIRECT,11774,,,
325,B,242,,VAL,NEAR_SHELL,11774,,,
325,B,243,,GLU,DIRECT,11774,,,
325,B,243,,GLU,NEAR_SHELL,11774,,,
325,B,257,,GLU,DIRECT,11774,,,
325,B,257,,GLU,NEAR_SHELL,11774,,,
325,B,259,,MET,DIRECT,11774,,,
325,B,259,,MET,NEAR_SHELL,11774,,,
325,B,261,,TYR,DIRECT,11774,,,
325,B,261,,TYR,NEAR_SHELL,11774,,,
325,B,265,,ASN,DIRECT,11774,,,
325,B,265,,ASN,NEAR_SHELL,11774,,,
325,B,266,,GLU,DIRECT,11774,,,
325,B,266,,GLU,NEAR_SHELL,11774,,,
325,B,268,,MET,DIRECT,11774,,,
325,B,268,,MET,NEAR_SHELL,11774,,,
325,B,271,,SER,DIRECT,11774,,,
325,B,271,,SER,NEAR_SHELL,11774,,,
325,B,414,,HIS,DIRECT,11774,,,
325,B,414,,HIS,NEAR_SHELL,11774,,,
325,B,415,,TRP,DIRECT,11774,,,
325,B,415,,TRP,NEAR_SHELL,11774,,,
326,E,150,,PHE,DIRECT,11774,,,
326,E,150,,PHE,NEAR_SHELL,11774,,,
326,E,152,,PHE,NEAR_SHELL,11774,,,
326,E,153,,TYR,DIRECT,11774,,,
326,E,153,,TYR,NEAR_SHELL,11774,,,
326,E,159,,GLN,NEAR_SHELL,11774,,,
326,E,162,,MET,NEAR_SHELL,11774,,,
326,E,163,,MET,DIRECT,11774,,,
326,E,163,,MET,NEAR_SHELL,11774,,,
326,E,168,,ARG,DIRECT,11774,,,
326,E,168,,ARG,NEAR_SHELL,11774,,,
326,E,190,,ASP,NEAR_SHELL,11774,,,
326,E,191,,VAL,NEAR_SHELL,11774,,,
326,E,192,,GLY,DIRECT,11774,,,
326,E,192,,GLY,NEAR_SHELL,11774,,,
326,E,193,,CYS,DIRECT,11774,,,
326,E,193,,CYS,NEAR_SHELL,11774,,,
326,E,194,,GLY,NEAR_SHELL,11774,,,
326,E,197,,ILE,DIRECT,11774,,,
326,E,197,,ILE,NEAR_SHELL,11774,,,
326,E,198,,LEU,NEAR_SHELL,11774,,,
326,E,213,,VAL,DIRECT,11774,,,
326,E,213,,VAL,NEAR_SHELL,11774,,,
326,E,214,,GLU,DIRECT,11774,,,
326,E,214,,GLU,NEAR_SHELL,11774,,,
326,E,215,,ALA,DIRECT,11774,,,
326,E,215,,ALA,NEAR_SHELL,11774,,,
326,E,216,,SER,DIRECT,11774,,,
326,E,216,,SER,NEAR_SHELL,11774,,,
326,E,240,,GLY,DIRECT,11774,,,
326,E,240,,GLY,NEAR_SHELL,11774,,,
326,E,241,,LYS,DIRECT,11774,,,
326,E,241,,LYS,NEAR_SHELL,11774,,,
326,E,242,,VAL,DIRECT,11774,,,
326,E,242,,VAL,NEAR_SHELL,11774,,,
326,E,243,,GLU,DIRECT,11774,,,
326,E,243,,GLU,NEAR_SHELL,11774,,,
326,E,257,,GLU,DIRECT,11774,,,
326,E,257,,GLU,NEAR_SHELL,11774,,,
326,E,259,,MET,DIRECT,11774,,,
326,E,259,,MET,NEAR_SHELL,11774,,,
326,E,261,,TYR,NEAR_SHELL,11774,,,
326,E,265,,ASN,NEAR_SHELL,11774,,,
326,E,266,,GLU,DIRECT,11774,,,
326,E,266,,GLU,NEAR_SHELL,11774,,,
326,E,268,,MET,DIRECT,11774,,,
326,E,268,,MET,NEAR_SHELL,11774,,,
326,E,271,,SER,DIRECT,11774,,,
326,E,271,,SER,NEAR_SHELL,11774,,,
326,E,414,,HIS,DIRECT,11774,,,
326,E,414,,HIS,NEAR_SHELL,11774,,,
326,E,415,,TRP,DIRECT,11774,,,
326,E,415,,TRP,NEAR_SHELL,11774,,,
327,F,150,,PHE,DIRECT,11774,,,
327,F,150,,PHE,NEAR_SHELL,11774,,,
327,F,152,,PHE,DIRECT,11774,,,
327,F,152,,PHE,NEAR_SHELL,11774,,,
327,F,153,,TYR,DIRECT,11774,,,
327,F,153,,TYR,NEAR_SHELL,11774,,,
327,F,158,,GLN,NEAR_SHELL,11774,,,
327,F,159,,GLN,DIRECT,11774,,,
327,F,159,,GLN,NEAR_SHELL,11774,,,
327,F,162,,MET,NEAR_SHELL,11774,,,
327,F,163,,MET,DIRECT,11774,,,
327,F,163,,MET,NEAR_SHELL,11774,,,
327,F,168,,ARG,DIRECT,11774,,,
327,F,168,,ARG,NEAR_SHELL,11774,,,
327,F,169,,THR,NEAR_SHELL,11774,,,
327,F,191,,VAL,NEAR_SHELL,11774,,,
327,F,192,,GLY,DIRECT,11774,,,
327,F,192,,GLY,NEAR_SHELL,11774,,,
327,F,193,,CYS,DIRECT,11774,,,
327,F,193,,CYS,NEAR_SHELL,11774,,,
327,F,194,,GLY,NEAR_SHELL,11774,,,
327,F,197,,ILE,NEAR_SHELL,11774,,,
327,F,198,,LEU,NEAR_SHELL,11774,,,
327,F,213,,VAL,DIRECT,11774,,,
327,F,213,,VAL,NEAR_SHELL,11774,,,
327,F,214,,GLU,DIRECT,11774,,,
327,F,214,,GLU,NEAR_SHELL,11774,,,
327,F,215,,ALA,DIRECT,11774,,,
327,F,215,,ALA,NEAR_SHELL,11774,,,
327,F,218,,MET,NEAR_SHELL,11774,,,
327,F,240,,GLY,DIRECT,11774,,,
327,F,240,,GLY,NEAR_SHELL,11774,,,
327,F,241,,LYS,DIRECT,11774,,,
327,F,241,,LYS,NEAR_SHELL,11774,,,
327,F,242,,VAL,DIRECT,11774,,,
327,F,242,,VAL,NEAR_SHELL,11774,,,
327,F,243,,GLU,DIRECT,11774,,,
327,F,243,,GLU,NEAR_SHELL,11774,,,
327,F,257,,GLU,DIRECT,11774,,,
327,F,257,,GLU,NEAR_SHELL,11774,,,
327,F,259,,MET,DIRECT,11774,,,
327,F,259,,MET,NEAR_SHELL,11774,,,
327,F,261,,TYR,DIRECT,11774,,,
327,F,261,,TYR,NEAR_SHELL,11774,,,
327,F,265,,ASN,NEAR_SHELL,11774,,,
327,F,266,,GLU,DIRECT,11774,,,
327,F,266,,GLU,NEAR_SHELL,11774,,,
327,F,268,,MET,DIRECT,11774,,,
327,F,268,,MET,NEAR_SHELL,11774,,,
327,F,271,,SER,DIRECT,11774,,,
327,F,271,,SER,NEAR_SHELL,11774,,,
327,F,414,,HIS,DIRECT,11774,,,
327,F,414,,HIS,NEAR_SHELL,11774,,,
327,F,415,,TRP,DIRECT,11774,,,
327,F,415,,TRP,NEAR_SHELL,11774,,,
328,C-2,149,,TYR,DIRECT,11774,,,
328,C-2,149,,TYR,NEAR_SHELL,11774,,,
328,C-2,150,,PHE,DIRECT,11774,,,
328,C-2,150,,PHE,NEAR_SHELL,11774,,,
328,C-2,152,,PHE,NEAR_SHELL,11774,,,
328,C-2,153,,TYR,DIRECT,11774,,,
328,C-2,153,,TYR,NEAR_SHELL,11774,,,
328,C-2,159,,GLN,DIRECT,11774,,,
328,C-2,159,,GLN,NEAR_SHELL,11774,,,
328,C-2,162,,MET,DIRECT,11774,,,
328,C-2,162,,MET,NEAR_SHELL,11774,,,
328,C-2,163,,MET,DIRECT,11774,,,
328,C-2,163,,MET,NEAR_SHELL,11774,,,
328,C-2,168,,ARG,DIRECT,11774,,,
328,C-2,168,,ARG,NEAR_SHELL,11774,,,
328,C-2,190,,ASP,NEAR_SHELL,11774,,,
328,C-2,191,,VAL,NEAR_SHELL,11774,,,
328,C-2,192,,GLY,DIRECT,11774,,,
328,C-2,192,,GLY,NEAR_SHELL,11774,,,
328,C-2,193,,CYS,DIRECT,11774,,,
328,C-2,193,,CYS,NEAR_SHELL,11774,,,
328,C-2,194,,GLY,DIRECT,11774,,,
328,C-2,194,,GLY,NEAR_SHELL,11774,,,
328,C-2,197,,ILE,DIRECT,11774,,,
328,C-2,197,,ILE,NEAR_SHELL,11774,,,
328,C-2,198,,LEU,NEAR_SHELL,11774,,,
328,C-2,213,,VAL,DIRECT,11774,,,
328,C-2,213,,VAL,NEAR_SHELL,11774,,,
328,C-2,214,,GLU,DIRECT,11774,,,
328,C-2,214,,GLU,NEAR_SHELL,11774,,,
328,C-2,215,,ALA,DIRECT,11774,,,
328,C-2,215,,ALA,NEAR_SHELL,11774,,,
328,C-2,240,,GLY,DIRECT,11774,,,
328,C-2,240,,GLY,NEAR_SHELL,11774,,,
328,C-2,241,,LYS,DIRECT,11774,,,
328,C-2,241,,LYS,NEAR_SHELL,11774,,,
328,C-2,242,,VAL,DIRECT,11774,,,
328,C-2,242,,VAL,NEAR_SHELL,11774,,,
328,C-2,243,,GLU,DIRECT,11774,,,
328,C-2,243,,GLU,NEAR_SHELL,11774,,,
328,C-2,257,,GLU,DIRECT,11774,,,
328,C-2,257,,GLU,NEAR_SHELL,11774,,,
328,C-2,259,,MET,DIRECT,11774,,,
328,C-2,259,,MET,NEAR_SHELL,11774,,,
328,C-2,261,,TYR,NEAR_SHELL,11774,,,
328,C-2,265,,ASN,NEAR_SHELL,11774,,,
328,C-2,266,,GLU,DIRECT,11774,,,
328,C-2,266,,GLU,NEAR_SHELL,11774,,,
328,C-2,268,,MET,DIRECT,11774,,,
328,C-2,268,,MET,NEAR_SHELL,11774,,,
328,C-2,271,,SER,DIRECT,11774,,,
328,C-2,271,,SER,NEAR_SHELL,11774,,,
328,C-2,414,,HIS,DIRECT,11774,,,
328,C-2,414,,HIS,NEAR_SHELL,11774,,,
328,C-2,415,,TRP,DIRECT,11774,,,
328,C-2,415,,TRP,NEAR_SHELL,11774,,,
329,D-2,149,,TYR,NEAR_SHELL,11774,,,
329,D-2,150,,PHE,DIRECT,11774,,,
329,D-2,150,,PHE,NEAR_SHELL,11774,,,
329,D-2,152,,PHE,NEAR_SHELL,11774,,,
329,D-2,153,,TYR,DIRECT,11774,,,
329,D-2,153,,TYR,NEAR_SHELL,11774,,,
329,D-2,158,,GLN,NEAR_SHELL,11774,,,
329,D-2,159,,GLN,DIRECT,11774,,,
329,D-2,159,,GLN,NEAR_SHELL,11774,,,
329,D-2,162,,MET,NEAR_SHELL,11774,,,
329,D-2,163,,MET,DIRECT,11774,,,
329,D-2,163,,MET,NEAR_SHELL,11774,,,
329,D-2,168,,ARG,DIRECT,11774,,,
329,D-2,168,,ARG,NEAR_SHELL,11774,,,
329,D-2,191,,VAL,NEAR_SHELL,11774,,,
329,D-2,192,,GLY,DIRECT,11774,,,
329,D-2,192,,GLY,NEAR_SHELL,11774,,,
329,D-2,193,,CYS,DIRECT,11774,,,
329,D-2,193,,CYS,NEAR_SHELL,11774,,,
329,D-2,194,,GLY,DIRECT,11774,,,
329,D-2,194,,GLY,NEAR_SHELL,11774,,,
329,D-2,197,,ILE,DIRECT,11774,,,
329,D-2,197,,ILE,NEAR_SHELL,11774,,,
329,D-2,198,,LEU,NEAR_SHELL,11774,,,
329,D-2,213,,VAL,DIRECT,11774,,,
329,D-2,213,,VAL,NEAR_SHELL,11774,,,
329,D-2,214,,GLU,DIRECT,11774,,,
329,D-2,214,,GLU,NEAR_SHELL,11774,,,
329,D-2,215,,ALA,DIRECT,11774,,,
329,D-2,215,,ALA,NEAR_SHELL,11774,,,
329,D-2,240,,GLY,DIRECT,11774,,,
329,D-2,240,,GLY,NEAR_SHELL,11774,,,
329,D-2,241,,LYS,DIRECT,11774,,,
329,D-2,241,,LYS,NEAR_SHELL,11774,,,
329,D-2,242,,VAL,DIRECT,11774,,,
329,D-2,242,,VAL,NEAR_SHELL,11774,,,
329,D-2,243,,GLU,DIRECT,11774,,,
329,D-2,243,,GLU,NEAR_SHELL,11774,,,
329,D-2,257,,GLU,DIRECT,11774,,,
329,D-2,257,,GLU,NEAR_SHELL,11774,,,
329,D-2,259,,MET,DIRECT,11774,,,
329,D-2,259,,MET,NEAR_SHELL,11774,,,
329,D-2,261,,TYR,DIRECT,11774,,,
329,D-2,261,,TYR,NEAR_SHELL,11774,,,
329,D-2,265,,ASN,NEAR_SHELL,11774,,,
329,D-2,266,,GLU,DIRECT,11774,,,
329,D-2,266,,GLU,NEAR_SHELL,11774,,,
329,D-2,268,,MET,DIRECT,11774,,,
329,D-2,268,,MET,NEAR_SHELL,11774,,,
329,D-2,271,,SER,DIRECT,11774,,,
329,D-2,271,,SER,NEAR_SHELL,11774,,,
329,D-2,414,,HIS,DIRECT,11774,,,
329,D-2,414,,HIS,NEAR_SHELL,11774,,,
329,D-2,415,,TRP,DIRECT,11774,,,
329,D-2,415,,TRP,NEAR_SHELL,11774,,,
330,B-2,2,,G,DIRECT,11175,,,
330,B-2,2,,G,NEAR_SHELL,11175,,,
330,B-2,108,,C,DIRECT,11175,,,
330,B-2,108,,C,NEAR_SHELL,11175,,,
330,B-2,109,,A,DIRECT,11175,,,
330,B-2,109,,A,NEAR_SHELL,11175,,,
331,A,415,,TYR,NEAR_SHELL,,,,
331,A,417,,ASN,NEAR_SHELL,,,,
331,A,418,,TYR,NEAR_SHELL,,,,
331,A,421,,TYR,DIRECT,,,,
331,A,421,,TYR,NEAR_SHELL,,,,
331,A,475,,ILE,DIRECT,,,,
331,A,475,,ILE,NEAR_SHELL,,,,
331,A,476,,ASP,NEAR_SHELL,,,,
331,A,479,,LEU,NEAR_SHELL,,,,
331,A,582,,SER,DIRECT,,,,
331,A,582,,SER,NEAR_SHELL,,,,
331,A,586,,TRP,NEAR_SHELL,,,,
331,A,618,,GLN,NEAR_SHELL,,,,
332,A,76,,TYR,NEAR_SHELL,9865,Q5VVY1,76,MATCH
332,A,85,,GLY,NEAR_SHELL,9865,Q5VVY1,85,MATCH
332,A,86,,MET,DIRECT,9865,Q5VVY1,86,MATCH
332,A,86,,MET,NEAR_SHELL,9865,Q5VVY1,86,MATCH
332,A,87,,MET,DIRECT,9865,,,
332,A,87,,MET,NEAR_SHELL,9865,,,
332,A,88,,GLY,DIRECT,9865,,,
332,A,88,,GLY,NEAR_SHELL,9865,,,
332,A,89,,ASN,NEAR_SHELL,9865,,,
332,A,90,,PHE,NEAR_SHELL,9865,,,
332,A,191,,TRP,DIRECT,9865,Q5VVY1,191,MATCH
332,A,191,,TRP,NEAR_SHELL,9865,Q5VVY1,191,MATCH
332,A,195,,HIS,NEAR_SHELL,9865,Q5VVY1,195,MATCH
332,A,222,,ASP,NEAR_SHELL,9865,,,
332,A,223,,ASN,DIRECT,9865,,,
332,A,223,,ASN,NEAR_SHELL,9865,,,
332,A,235,,ASP,NEAR_SHELL,9865,,,
332,E,2,,PRO,DIRECT,9865,,,
332,E,2,,PRO,NEAR_SHELL,9865,,,
332,E,3,,LYS,DIRECT,9865,,,
332,E,3,,LYS,NEAR_SHELL,9865,,,
333,A,69,,TYR,NEAR_SHELL,9865,Q5VVY1,69,MATCH
333,A,72,,ALA,NEAR_SHELL,9865,Q5VVY1,72,MATCH
333,A,76,,TYR,DIRECT,9865,Q5VVY1,76,MATCH
333,A,76,,TYR,NEAR_SHELL,9865,Q5VVY1,76,MATCH
333,A,85,,GLY,NEAR_SHELL,9865,Q5VVY1,85,MATCH
333,A,86,,MET,DIRECT,9865,Q5VVY1,86,MATCH
333,A,86,,MET,NEAR_SHELL,9865,Q5VVY1,86,MATCH
333,A,147,,MET,DIRECT,9865,Q5VVY1,147,MATCH
333,A,147,,MET,NEAR_SHELL,9865,Q5VVY1,147,MATCH
333,A,173,,SER,NEAR_SHELL,9865,Q5VVY1,173,MATCH
333,A,175,,GLN,NEAR_SHELL,9865,Q5VVY1,175,MATCH
333,A,191,,TRP,DIRECT,9865,Q5VVY1,191,MATCH
333,A,191,,TRP,NEAR_SHELL,9865,Q5VVY1,191,MATCH
333,A,195,,HIS,DIRECT,9865,Q5VVY1,195,MATCH
333,A,195,,HIS,NEAR_SHELL,9865,Q5VVY1,195,MATCH
334,A,69,,TYR,NEAR_SHELL,9865,Q5VVY1,69,MATCH
334,A,72,,ALA,NEAR_SHELL,9865,Q5VVY1,72,MATCH
334,A,76,,TYR,DIRECT,9865,Q5VVY1,76,MATCH
334,A,76,,TYR,NEAR_SHELL,9865,Q5VVY1,76,MATCH
334,A,85,,GLY,NEAR_SHELL,9865,Q5VVY1,85,MATCH
334,A,86,,MET,DIRECT,9865,Q5VVY1,86,MATCH
334,A,86,,MET,NEAR_SHELL,9865,Q5VVY1,86,MATCH
334,A,147,,MET,DIRECT,9865,Q5VVY1,147,MATCH
334,A,147,,MET,NEAR_SHELL,9865,Q5VVY1,147,MATCH
334,A,173,,SER,NEAR_SHELL,9865,Q5VVY1,173,MATCH
334,A,175,,GLN,NEAR_SHELL,9865,Q5VVY1,175,MATCH
334,A,191,,TRP,DIRECT,9865,Q5VVY1,191,MATCH
334,A,191,,TRP,NEAR_SHELL,9865,Q5VVY1,191,MATCH
334,A,195,,HIS,DIRECT,9865,Q5VVY1,195,MATCH
334,A,195,,HIS,NEAR_SHELL,9865,Q5VVY1,195,MATCH
335,A,149,,TYR,DIRECT,11774,,,
335,A,149,,TYR,NEAR_SHELL,11774,,,
335,A,150,,PHE,DIRECT,11774,,,
335,A,150,,PHE,NEAR_SHELL,11774,,,
335,A,152,,PHE,DIRECT,11774,,,
335,A,152,,PHE,NEAR_SHELL,11774,,,
335,A,153,,TYR,DIRECT,11774,,,
335,A,153,,TYR,NEAR_SHELL,11774,,,
335,A,158,,GLN,DIRECT,11774,,,
335,A,158,,GLN,NEAR_SHELL,11774,,,
335,A,159,,GLN,DIRECT,11774,,,
335,A,159,,GLN,NEAR_SHELL,11774,,,
335,A,161,,ASN,DIRECT,11774,,,
335,A,161,,ASN,NEAR_SHELL,11774,,,
335,A,162,,MET,DIRECT,11774,,,
335,A,162,,MET,NEAR_SHELL,11774,,,
335,A,163,,MET,NEAR_SHELL,11774,,,
335,A,168,,ARG,DIRECT,11774,,,
335,A,168,,ARG,NEAR_SHELL,11774,,,
335,A,169,,THR,DIRECT,11774,,,
335,A,169,,THR,NEAR_SHELL,11774,,,
335,A,172,,TYR,NEAR_SHELL,11774,,,
335,A,191,,VAL,NEAR_SHELL,11774,,,
335,A,192,,GLY,DIRECT,11774,,,
335,A,192,,GLY,NEAR_SHELL,11774,,,
335,A,193,,CYS,NEAR_SHELL,11774,,,
335,A,194,,GLY,DIRECT,11774,,,
335,A,194,,GLY,NEAR_SHELL,11774,,,
335,A,195,,SER,NEAR_SHELL,11774,,,
335,A,197,,ILE,DIRECT,11774,,,
335,A,197,,ILE,NEAR_SHELL,11774,,,
335,A,198,,LEU,DIRECT,11774,,,
335,A,198,,LEU,NEAR_SHELL,11774,,,
335,A,213,,VAL,NEAR_SHELL,11774,,,
335,A,214,,GLU,DIRECT,11774,,,
335,A,214,,GLU,NEAR_SHELL,11774,,,
335,A,215,,ALA,DIRECT,11774,,,
335,A,215,,ALA,NEAR_SHELL,11774,,,
335,A,240,,GLY,DIRECT,11774,,,
335,A,240,,GLY,NEAR_SHELL,11774,,,
335,A,241,,LYS,DIRECT,11774,,,
335,A,241,,LYS,NEAR_SHELL,11774,,,
335,A,242,,VAL,DIRECT,11774,,,
335,A,242,,VAL,NEAR_SHELL,11774,,,
335,A,243,,GLU,DIRECT,11774,,,
335,A,243,,GLU,NEAR_SHELL,11774,,,
335,A,257,,GLU,DIRECT,11774,,,
335,A,257,,GLU,NEAR_SHELL,11774,,,
335,A,259,,MET,DIRECT,11774,,,
335,A,259,,MET,NEAR_SHELL,11774,,,
335,A,260,,GLY,NEAR_SHELL,11774,,,
335,A,266,,GLU,DIRECT,11774,,,
335,A,266,,GLU,NEAR_SHELL,11774,,,
335,A,268,,MET,DIRECT,11774,,,
335,A,268,,MET,NEAR_SHELL,11774,,,
335,A,271,,SER,DIRECT,11774,,,
335,A,271,,SER,NEAR_SHELL,11774,,,
335,A,415,,TRP,NEAR_SHELL,11774,,,
336,A,152,,PHE,DIRECT,11774,,,
336,A,152,,PHE,NEAR_SHELL,11774,,,
336,A,153,,TYR,NEAR_SHELL,11774,,,
336,A,158,,GLN,NEAR_SHELL,11774,,,
336,A,161,,ASN,DIRECT,11774,,,
336,A,161,,ASN,NEAR_SHELL,11774,,,
336,A,162,,MET,NEAR_SHELL,11774,,,
336,A,164,,GLN,NEAR_SHELL,11774,,,
336,A,168,,ARG,DIRECT,11774,,,
336,A,168,,ARG,NEAR_SHELL,11774,,,
336,A,259,,MET,NEAR_SHELL,11774,,,
336,A,260,,GLY,NEAR_SHELL,11774,,,
336,A,261,,TYR,DIRECT,11774,,,
336,A,261,,TYR,NEAR_SHELL,11774,,,
336,A,265,,ASN,NEAR_SHELL,11774,,,
336,A,266,,GLU,DIRECT,11774,,,
336,A,266,,GLU,NEAR_SHELL,11774,,,
336,A,414,,HIS,DIRECT,11774,,,
336,A,414,,HIS,NEAR_SHELL,11774,,,
336,A,415,,TRP,DIRECT,11774,,,
336,A,415,,TRP,NEAR_SHELL,11774,,,
337,B,149,,TYR,DIRECT,11774,,,
337,B,149,,TYR,NEAR_SHELL,11774,,,
337,B,150,,PHE,DIRECT,11774,,,
337,B,150,,PHE,NEAR_SHELL,11774,,,
337,B,152,,PHE,DIRECT,11774,,,
337,B,152,,PHE,NEAR_SHELL,11774,,,
337,B,153,,TYR,DIRECT,11774,,,
337,B,153,,TYR,NEAR_SHELL,11774,,,
337,B,158,,GLN,DIRECT,11774,,,
337,B,158,,GLN,NEAR_SHELL,11774,,,
337,B,159,,GLN,DIRECT,11774,,,
337,B,159,,GLN,NEAR_SHELL,11774,,,
337,B,161,,ASN,DIRECT,11774,,,
337,B,161,,ASN,NEAR_SHELL,11774,,,
337,B,162,,MET,DIRECT,11774,,,
337,B,162,,MET,NEAR_SHELL,11774,,,
337,B,163,,MET,NEAR_SHELL,11774,,,
337,B,168,,ARG,DIRECT,11774,,,
337,B,168,,ARG,NEAR_SHELL,11774,,,
337,B,169,,THR,DIRECT,11774,,,
337,B,169,,THR,NEAR_SHELL,11774,,,
337,B,172,,TYR,NEAR_SHELL,11774,,,
337,B,191,,VAL,NEAR_SHELL,11774,,,
337,B,192,,GLY,DIRECT,11774,,,
337,B,192,,GLY,NEAR_SHELL,11774,,,
337,B,193,,CYS,NEAR_SHELL,11774,,,
337,B,194,,GLY,DIRECT,11774,,,
337,B,194,,GLY,NEAR_SHELL,11774,,,
337,B,195,,SER,NEAR_SHELL,11774,,,
337,B,197,,ILE,DIRECT,11774,,,
337,B,197,,ILE,NEAR_SHELL,11774,,,
337,B,198,,LEU,DIRECT,11774,,,
337,B,198,,LEU,NEAR_SHELL,11774,,,
337,B,213,,VAL,NEAR_SHELL,11774,,,
337,B,214,,GLU,DIRECT,11774,,,
337,B,214,,GLU,NEAR_SHELL,11774,,,
337,B,215,,ALA,DIRECT,11774,,,
337,B,215,,ALA,NEAR_SHELL,11774,,,
337,B,216,,SER,NEAR_SHELL,11774,,,
337,B,240,,GLY,DIRECT,11774,,,
337,B,240,,GLY,NEAR_SHELL,11774,,,
337,B,241,,LYS,DIRECT,11774,,,
337,B,241,,LYS,NEAR_SHELL,11774,,,
337,B,242,,VAL,DIRECT,11774,,,
337,B,242,,VAL,NEAR_SHELL,11774,,,
337,B,243,,GLU,DIRECT,11774,,,
337,B,243,,GLU,NEAR_SHELL,11774,,,
337,B,257,,GLU,DIRECT,11774,,,
337,B,257,,GLU,NEAR_SHELL,11774,,,
337,B,259,,MET,DIRECT,11774,,,
337,B,259,,MET,NEAR_SHELL,11774,,,
337,B,260,,GLY,NEAR_SHELL,11774,,,
337,B,266,,GLU,DIRECT,11774,,,
337,B,266,,GLU,NEAR_SHELL,11774,,,
337,B,268,,MET,DIRECT,11774,,,
337,B,268,,MET,NEAR_SHELL,11774,,,
337,B,271,,SER,DIRECT,11774,,,
337,B,271,,SER,NEAR_SHELL,11774,,,
337,B,415,,TRP,NEAR_SHELL,11774,,,
338,B,158,,GLN,NEAR_SHELL,11774,,,
338,B,161,,ASN,DIRECT,11774,,,
338,B,161,,ASN,NEAR_SHELL,11774,,,
338,B,162,,MET,NEAR_SHELL,11774,,,
338,B,168,,ARG,DIRECT,11774,,,
338,B,168,,ARG,NEAR_SHELL,11774,,,
338,B,257,,GLU,NEAR_SHELL,11774,,,
338,B,259,,MET,NEAR_SHELL,11774,,,
338,B,260,,GLY,NEAR_SHELL,11774,,,
338,B,261,,TYR,DIRECT,11774,,,
338,B,261,,TYR,NEAR_SHELL,11774,,,
338,B,265,,ASN,DIRECT,11774,,,
338,B,265,,ASN,NEAR_SHELL,11774,,,
338,B,266,,GLU,NEAR_SHELL,11774,,,
338,B,414,,HIS,DIRECT,11774,,,
338,B,414,,HIS,NEAR_SHELL,11774,,,
338,B,415,,TRP,DIRECT,11774,,,
338,B,415,,TRP,NEAR_SHELL,11774,,,
338,B,472,,PRO,NEAR_SHELL,11774,,,
338,B,474,,PHE,NEAR_SHELL,11774,,,
339,A,276,,SER,NEAR_SHELL,16926,,,
339,A,278,,VAL,DIRECT,16926,,,
339,A,278,,VAL,NEAR_SHELL,16926,,,
339,A,281,,TYR,DIRECT,16926,,,
339,A,281,,TYR,NEAR_SHELL,16926,,,
339,A,282,,PRO,NEAR_SHELL,16926,,,
339,A,284,,TRP,DIRECT,16926,,,
339,A,284,,TRP,NEAR_SHELL,16926,,,
339,A,312,,PHE,DIRECT,16926,,,
339,A,312,,PHE,NEAR_SHELL,16926,,,
339,A,314,,SER,DIRECT,16926,,,
339,A,314,,SER,NEAR_SHELL,16926,,,
339,A,316,,GLN,DIRECT,16926,,,
339,A,316,,GLN,NEAR_SHELL,16926,,,
339,A,318,,GLU,DIRECT,16926,,,
339,A,318,,GLU,NEAR_SHELL,16926,,,
339,A,319,,ARG,NEAR_SHELL,16926,,,
339,A,320,,ALA,DIRECT,16926,,,
339,A,320,,ALA,NEAR_SHELL,16926,,,
339,A,367,,GLN,DIRECT,16926,,,
339,A,367,,GLN,NEAR_SHELL,16926,,,
340,A,276,,SER,NEAR_SHELL,16926,,,
340,A,278,,VAL,DIRECT,16926,,,
340,A,278,,VAL,NEAR_SHELL,16926,,,
340,A,279,,GLY,NEAR_SHELL,16926,,,
340,A,281,,TYR,DIRECT,16926,,,
340,A,281,,TYR,NEAR_SHELL,16926,,,
340,A,284,,TRP,DIRECT,16926,,,
340,A,284,,TRP,NEAR_SHELL,16926,,,
340,A,312,,PHE,DIRECT,16926,,,
340,A,312,,PHE,NEAR_SHELL,16926,,,
340,A,314,,SER,DIRECT,16926,,,
340,A,314,,SER,NEAR_SHELL,16926,,,
340,A,316,,GLN,NEAR_SHELL,16926,,,
340,A,318,,GLU,DIRECT,16926,,,
340,A,318,,GLU,NEAR_SHELL,16926,,,
340,A,320,,ALA,NEAR_SHELL,16926,,,
340,A,367,,GLN,DIRECT,16926,,,
340,A,367,,GLN,NEAR_SHELL,16926,,,
341,A,278,,VAL,DIRECT,16926,,,
341,A,278,,VAL,NEAR_SHELL,16926,,,
341,A,281,,TYR,DIRECT,16926,,,
341,A,281,,TYR,NEAR_SHELL,16926,,,
341,A,284,,TRP,DIRECT,16926,,,
341,A,284,,TRP,NEAR_SHELL,16926,,,
341,A,312,,PHE,DIRECT,16926,,,
341,A,312,,PHE,NEAR_SHELL,16926,,,
341,A,314,,SER,DIRECT,16926,,,
341,A,314,,SER,NEAR_SHELL,16926,,,
341,A,316,,GLN,DIRECT,16926,,,
341,A,316,,GLN,NEAR_SHELL,16926,,,
341,A,317,,PRO,NEAR_SHELL,16926,,,
341,A,318,,GLU,DIRECT,16926,,,
341,A,318,,GLU,NEAR_SHELL,16926,,,
341,A,319,,ARG,DIRECT,16926,,,
341,A,319,,ARG,NEAR_SHELL,16926,,,
341,A,320,,ALA,NEAR_SHELL,16926,,,
341,A,367,,GLN,DIRECT,16926,,,
341,A,367,,GLN,NEAR_SHELL,16926,,,
342,A,276,,SER,NEAR_SHELL,16926,,,
342,A,278,,VAL,DIRECT,16926,,,
342,A,278,,VAL,NEAR_SHELL,16926,,,
342,A,279,,GLY,NEAR_SHELL,16926,,,
342,A,281,,TYR,DIRECT,16926,,,
342,A,281,,TYR,NEAR_SHELL,16926,,,
342,A,284,,TRP,DIRECT,16926,,,
342,A,284,,TRP,NEAR_SHELL,16926,,,
342,A,312,,PHE,DIRECT,16926,,,
342,A,312,,PHE,NEAR_SHELL,16926,,,
342,A,314,,SER,DIRECT,16926,,,
342,A,314,,SER,NEAR_SHELL,16926,,,
342,A,316,,GLN,DIRECT,16926,,,
342,A,316,,GLN,NEAR_SHELL,16926,,,
342,A,317,,PRO,NEAR_SHELL,16926,,,
342,A,318,,GLU,DIRECT,16926,,,
342,A,318,,GLU,NEAR_SHELL,16926,,,
342,A,319,,ARG,NEAR_SHELL,16926,,,
342,A,320,,ALA,NEAR_SHELL,16926,,,
342,A,367,,GLN,DIRECT,16926,,,
342,A,367,,GLN,NEAR_SHELL,16926,,,
343,A,276,,SER,NEAR_SHELL,16926,,,
343,A,278,,VAL,DIRECT,16926,,,
343,A,278,,VAL,NEAR_SHELL,16926,,,
343,A,281,,TYR,DIRECT,16926,,,
343,A,281,,TYR,NEAR_SHELL,16926,,,
343,A,284,,TRP,DIRECT,16926,,,
343,A,284,,TRP,NEAR_SHELL,16926,,,
343,A,312,,PHE,DIRECT,16926,,,
343,A,312,,PHE,NEAR_SHELL,16926,,,
343,A,314,,SER,DIRECT,16926,,,
343,A,314,,SER,NEAR_SHELL,16926,,,
343,A,315,,ASN,NEAR_SHELL,16926,,,
343,A,316,,GLN,DIRECT,16926,,,
343,A,316,,GLN,NEAR_SHELL,16926,,,
343,A,317,,PRO,NEAR_SHELL,16926,,,
343,A,318,,GLU,DIRECT,16926,,,
343,A,318,,GLU,NEAR_SHELL,16926,,,
343,A,367,,GLN,DIRECT,16926,,,
343,A,367,,GLN,NEAR_SHELL,16926,,,
344,A,276,,SER,NEAR_SHELL,16926,,,
344,A,278,,VAL,DIRECT,16926,,,
344,A,278,,VAL,NEAR_SHELL,16926,,,
344,A,281,,TYR,DIRECT,16926,,,
344,A,281,,TYR,NEAR_SHELL,16926,,,
344,A,284,,TRP,DIRECT,16926,,,
344,A,284,,TRP,NEAR_SHELL,16926,,,
344,A,312,,PHE,DIRECT,16926,,,
344,A,312,,PHE,NEAR_SHELL,16926,,,
344,A,314,,SER,DIRECT,16926,,,
344,A,314,,SER,NEAR_SHELL,16926,,,
344,A,316,,GLN,DIRECT,16926,,,
344,A,316,,GLN,NEAR_SHELL,16926,,,
344,A,317,,PRO,NEAR_SHELL,16926,,,
344,A,318,,GLU,DIRECT,16926,,,
344,A,318,,GLU,NEAR_SHELL,16926,,,
344,A,319,,ARG,DIRECT,16926,,,
344,A,319,,ARG,NEAR_SHELL,16926,,,
344,A,320,,ALA,NEAR_SHELL,16926,,,
344,A,367,,GLN,DIRECT,16926,,,
344,A,367,,GLN,NEAR_SHELL,16926,,,
345,A,276,,SER,NEAR_SHELL,16926,,,
345,A,278,,VAL,DIRECT,16926,,,
345,A,278,,VAL,NEAR_SHELL,16926,,,
345,A,281,,TYR,DIRECT,16926,,,
345,A,281,,TYR,NEAR_SHELL,16926,,,
345,A,282,,PRO,NEAR_SHELL,16926,,,
345,A,284,,TRP,DIRECT,16926,,,
345,A,284,,TRP,NEAR_SHELL,16926,,,
345,A,312,,PHE,DIRECT,16926,,,
345,A,312,,PHE,NEAR_SHELL,16926,,,
345,A,314,,SER,DIRECT,16926,,,
345,A,314,,SER,NEAR_SHELL,16926,,,
345,A,316,,GLN,DIRECT,16926,,,
345,A,316,,GLN,NEAR_SHELL,16926,,,
345,A,317,,PRO,NEAR_SHELL,16926,,,
345,A,318,,GLU,DIRECT,16926,,,
345,A,318,,GLU,NEAR_SHELL,16926,,,
345,A,319,,ARG,DIRECT,16926,,,
345,A,319,,ARG,NEAR_SHELL,16926,,,
345,A,320,,ALA,DIRECT,16926,,,
345,A,320,,ALA,NEAR_SHELL,16926,,,
345,A,363,,ARG,NEAR_SHELL,16926,,,
345,A,364,,GLU,NEAR_SHELL,16926,,,
345,A,367,,GLN,DIRECT,16926,,,
345,A,367,,GLN,NEAR_SHELL,16926,,,
346,A,276,,SER,NEAR_SHELL,16926,,,
346,A,278,,VAL,DIRECT,16926,,,
346,A,278,,VAL,NEAR_SHELL,16926,,,
346,A,281,,TYR,DIRECT,16926,,,
346,A,281,,TYR,NEAR_SHELL,16926,,,
346,A,282,,PRO,NEAR_SHELL,16926,,,
346,A,284,,TRP,DIRECT,16926,,,
346,A,284,,TRP,NEAR_SHELL,16926,,,
346,A,312,,PHE,DIRECT,16926,,,
346,A,312,,PHE,NEAR_SHELL,16926,,,
346,A,314,,SER,DIRECT,16926,,,
346,A,314,,SER,NEAR_SHELL,16926,,,
346,A,316,,GLN,DIRECT,16926,,,
346,A,316,,GLN,NEAR_SHELL,16926,,,
346,A,317,,PRO,NEAR_SHELL,16926,,,
346,A,318,,GLU,DIRECT,16926,,,
346,A,318,,GLU,NEAR_SHELL,16926,,,
346,A,319,,ARG,DIRECT,16926,,,
346,A,319,,ARG,NEAR_SHELL,16926,,,
346,A,320,,ALA,NEAR_SHELL,16926,,,
346,A,363,,ARG,NEAR_SHELL,16926,,,
346,A,364,,GLU,DIRECT,16926,,,
346,A,364,,GLU,NEAR_SHELL,16926,,,
346,A,365,,ARG,NEAR_SHELL,16926,,,
346,A,367,,GLN,DIRECT,16926,,,
346,A,367,,GLN,NEAR_SHELL,16926,,,
347,A,23,,TYR,NEAR_SHELL,19308,,,
347,A,23,,TYR,NEAR_SHELL,20309,,,
347,A,28,,ASP,NEAR_SHELL,19308,,,
347,A,28,,ASP,NEAR_SHELL,20309,,,
347,A,78,,ILE,NEAR_SHELL,19308,,,
347,A,78,,ILE,NEAR_SHELL,20309,,,
347,A,103,,ASP,NEAR_SHELL,19308,,,
347,A,103,,ASP,NEAR_SHELL,20309,,,
347,A,124,,PRO,DIRECT,19308,,,
347,A,124,,PRO,DIRECT,20309,,,
347,A,124,,PRO,NEAR_SHELL,19308,,,
347,A,124,,PRO,NEAR_SHELL,20309,,,
347,A,135,,SER,NEAR_SHELL,19308,,,
347,A,135,,SER,NEAR_SHELL,20309,,,
347,A,140,,ALA,DIRECT,19308,,,
347,A,140,,ALA,DIRECT,20309,,,
347,A,140,,ALA,NEAR_SHELL,19308,,,
347,A,140,,ALA,NEAR_SHELL,20309,,,
347,A,141,,ALA,DIRECT,19308,,,
347,A,141,,ALA,DIRECT,20309,,,
347,A,141,,ALA,NEAR_SHELL,19308,,,
347,A,141,,ALA,NEAR_SHELL,20309,,,
347,A,151,,VAL,NEAR_SHELL,19308,,,
347,A,151,,VAL,NEAR_SHELL,20309,,,
347,A,154,,ARG,DIRECT,19308,,,
347,A,154,,ARG,DIRECT,20309,,,
347,A,154,,ARG,NEAR_SHELL,19308,,,
347,A,154,,ARG,NEAR_SHELL,20309,,,
348,A,78,,ILE,NEAR_SHELL,20309,Q9Y5N5,78,MATCH
348,A,103,,ASP,NEAR_SHELL,20309,Q9Y5N5,103,MATCH
348,A,124,,PRO,DIRECT,20309,Q9Y5N5,124,MATCH
348,A,124,,PRO,NEAR_SHELL,20309,Q9Y5N5,124,MATCH
348,A,135,,SER,NEAR_SHELL,20309,Q9Y5N5,135,MATCH
348,A,140,,ALA,DIRECT,20309,Q9Y5N5,140,MATCH
348,A,140,,ALA,NEAR_SHELL,20309,Q9Y5N5,140,MATCH
348,A,151,,VAL,NEAR_SHELL,20309,Q9Y5N5,151,MATCH
348,A,154,,ARG,DIRECT,20309,Q9Y5N5,154,MATCH
348,A,154,,ARG,NEAR_SHELL,20309,Q9Y5N5,154,MATCH
349,A,19,,PHE,DIRECT,18271,Q9NRN9,19,MATCH
349,A,19,,PHE,NEAR_SHELL,18271,Q9NRN9,19,MATCH
349,A,25,,LEU,NEAR_SHELL,18271,Q9NRN9,25,MATCH
349,A,26,,LEU,DIRECT,18271,Q9NRN9,26,MATCH
349,A,26,,LEU,NEAR_SHELL,18271,Q9NRN9,26,MATCH
349,A,27,,GLU,DIRECT,18271,Q9NRN9,27,MATCH
349,A,27,,GLU,NEAR_SHELL,18271,Q9NRN9,27,MATCH
349,A,28,,GLN,DIRECT,18271,Q9NRN9,28,MATCH
349,A,28,,GLN,NEAR_SHELL,18271,Q9NRN9,28,MATCH
349,A,29,,TYR,DIRECT,18271,Q9NRN9,29,MATCH
349,A,29,,TYR,NEAR_SHELL,18271,Q9NRN9,29,MATCH
349,A,30,,PRO,DIRECT,18271,Q9NRN9,30,MATCH
349,A,30,,PRO,NEAR_SHELL,18271,Q9NRN9,30,MATCH
349,A,31,,THR,DIRECT,18271,Q9NRN9,31,MATCH
349,A,31,,THR,NEAR_SHELL,18271,Q9NRN9,31,MATCH
349,A,57,,ASP,NEAR_SHELL,18271,Q9NRN9,57,MATCH
349,A,59,,GLY,DIRECT,18271,Q9NRN9,59,MATCH
349,A,59,,GLY,NEAR_SHELL,18271,Q9NRN9,59,MATCH
349,A,60,,CYS,DIRECT,18271,Q9NRN9,60,MATCH
349,A,60,,CYS,NEAR_SHELL,18271,Q9NRN9,60,MATCH
349,A,61,,GLY,DIRECT,18271,Q9NRN9,61,MATCH
349,A,61,,GLY,NEAR_SHELL,18271,Q9NRN9,61,MATCH
349,A,62,,CYS,DIRECT,18271,Q9NRN9,62,MATCH
349,A,62,,CYS,NEAR_SHELL,18271,Q9NRN9,62,MATCH
349,A,64,,VAL,DIRECT,18271,Q9NRN9,64,MATCH
349,A,64,,VAL,NEAR_SHELL,18271,Q9NRN9,64,MATCH
349,A,65,,LEU,DIRECT,18271,Q9NRN9,65,MATCH
349,A,65,,LEU,NEAR_SHELL,18271,Q9NRN9,65,MATCH
349,A,81,,ASP,DIRECT,18271,Q9NRN9,81,MATCH
349,A,81,,ASP,NEAR_SHELL,18271,Q9NRN9,81,MATCH
349,A,82,,ILE,DIRECT,18271,Q9NRN9,82,MATCH
349,A,82,,ILE,NEAR_SHELL,18271,Q9NRN9,82,MATCH
349,A,107,,CYS,DIRECT,18271,Q9NRN9,107,MATCH
349,A,107,,CYS,NEAR_SHELL,18271,Q9NRN9,107,MATCH
349,A,108,,ASP,DIRECT,18271,Q9NRN9,108,MATCH
349,A,108,,ASP,NEAR_SHELL,18271,Q9NRN9,108,MATCH
349,A,109,,VAL,DIRECT,18271,Q9NRN9,109,MATCH
349,A,109,,VAL,NEAR_SHELL,18271,Q9NRN9,109,MATCH
349,A,126,,ASN,DIRECT,18271,Q9NRN9,126,MATCH
349,A,126,,ASN,NEAR_SHELL,18271,Q9NRN9,126,MATCH
349,A,128,,PRO,DIRECT,18271,Q9NRN9,128,MATCH
349,A,128,,PRO,NEAR_SHELL,18271,Q9NRN9,128,MATCH
349,A,137,,THR,NEAR_SHELL,18271,Q9NRN9,137,MATCH
349,A,141,,PHE,DIRECT,18271,Q9NRN9,141,MATCH
349,A,141,,PHE,NEAR_SHELL,18271,Q9NRN9,141,MATCH
350,A,40,,MET,DIRECT,4929,P21964,90,MATCH
350,A,40,,MET,NEAR_SHELL,4929,P21964,90,MATCH
350,A,41,,ASN,DIRECT,4929,P21964,91,MATCH
350,A,41,,ASN,NEAR_SHELL,4929,P21964,91,MATCH
350,A,42,,VAL,DIRECT,4929,P21964,92,MATCH
350,A,42,,VAL,NEAR_SHELL,4929,P21964,92,MATCH
350,A,66,,GLY,DIRECT,4929,P21964,116,MATCH
350,A,66,,GLY,NEAR_SHELL,4929,P21964,116,MATCH
350,A,67,,ALA,DIRECT,4929,P21964,117,MATCH
350,A,67,,ALA,NEAR_SHELL,4929,P21964,117,MATCH
350,A,68,,TYR,DIRECT,4929,P21964,118,MATCH
350,A,68,,TYR,NEAR_SHELL,4929,P21964,118,MATCH
350,A,71,,TYR,DIRECT,4929,P21964,121,MATCH
350,A,71,,TYR,NEAR_SHELL,4929,P21964,121,MATCH
350,A,72,,SER,DIRECT,4929,P21964,122,MATCH
350,A,72,,SER,NEAR_SHELL,4929,P21964,122,MATCH
350,A,89,,ILE,DIRECT,4929,P21964,139,MATCH
350,A,89,,ILE,NEAR_SHELL,4929,P21964,139,MATCH
350,A,90,,GLU,DIRECT,4929,P21964,140,MATCH
350,A,90,,GLU,NEAR_SHELL,4929,P21964,140,MATCH
350,A,91,,ILE,DIRECT,4929,P21964,141,MATCH
350,A,91,,ILE,NEAR_SHELL,4929,P21964,141,MATCH
350,A,92,,ASN,NEAR_SHELL,4929,P21964,142,MATCH
350,A,95,,CYS,NEAR_SHELL,4929,P21964,145,MATCH
350,A,117,,GLY,DIRECT,4929,P21964,167,MATCH
350,A,117,,GLY,NEAR_SHELL,4929,P21964,167,MATCH
350,A,118,,ALA,DIRECT,4929,P21964,168,MATCH
350,A,118,,ALA,NEAR_SHELL,4929,P21964,168,MATCH
350,A,119,,SER,DIRECT,4929,P21964,169,MATCH
350,A,119,,SER,NEAR_SHELL,4929,P21964,169,MATCH
350,A,120,,GLN,DIRECT,4929,P21964,170,MATCH
350,A,120,,GLN,NEAR_SHELL,4929,P21964,170,MATCH
350,A,141,,ASP,DIRECT,4929,P21964,191,MATCH
350,A,141,,ASP,NEAR_SHELL,4929,P21964,191,MATCH
350,A,142,,HIS,DIRECT,4929,P21964,192,MATCH
350,A,142,,HIS,NEAR_SHELL,4929,P21964,192,MATCH
350,A,143,,TRP,DIRECT,4929,P21964,193,MATCH
350,A,143,,TRP,NEAR_SHELL,4929,P21964,193,MATCH
350,A,144,,LYS,NEAR_SHELL,4929,P21964,194,MATCH
350,A,146,,ARG,DIRECT,4929,P21964,196,MATCH
350,A,146,,ARG,NEAR_SHELL,4929,P21964,196,MATCH
350,A,170,,ASN,NEAR_SHELL,4929,P21964,220,MATCH
350,A,199,,GLU,NEAR_SHELL,4929,P21964,249,MATCH
351,A,38,,TRP,DIRECT,4929,,,
351,A,38,,TRP,NEAR_SHELL,4929,,,
351,A,40,,MET,DIRECT,4929,P21964,90,MATCH
351,A,40,,MET,NEAR_SHELL,4929,P21964,90,MATCH
351,A,41,,ASN,NEAR_SHELL,4929,P21964,91,MATCH
351,A,42,,VAL,NEAR_SHELL,4929,P21964,92,MATCH
351,A,141,,ASP,DIRECT,4929,P21964,191,MATCH
351,A,141,,ASP,NEAR_SHELL,4929,P21964,191,MATCH
351,A,142,,HIS,NEAR_SHELL,4929,P21964,192,MATCH
351,A,143,,TRP,DIRECT,4929,P21964,193,MATCH
351,A,143,,TRP,NEAR_SHELL,4929,P21964,193,MATCH
351,A,144,,LYS,DIRECT,4929,P21964,194,MATCH
351,A,144,,LYS,NEAR_SHELL,4929,P21964,194,MATCH
351,A,170,,ASN,DIRECT,4929,P21964,220,MATCH
351,A,170,,ASN,NEAR_SHELL,4929,P21964,220,MATCH
351,A,173,,CYS,NEAR_SHELL,4929,,,
351,A,174,,PRO,DIRECT,4929,,,
351,A,174,,PRO,NEAR_SHELL,4929,,,
351,A,198,,LEU,DIRECT,4929,,,
351,A,198,,LEU,NEAR_SHELL,4929,,,
351,A,199,,GLU,DIRECT,4929,P21964,249,MATCH
351,A,199,,GLU,NEAR_SHELL,4929,P21964,249,MATCH
352,A,38,,TRP,DIRECT,4929,,,
352,A,38,,TRP,NEAR_SHELL,4929,,,
352,A,40,,MET,DIRECT,4929,P21964,90,MATCH
352,A,40,,MET,NEAR_SHELL,4929,P21964,90,MATCH
352,A,41,,ASN,NEAR_SHELL,4929,P21964,91,MATCH
352,A,42,,VAL,NEAR_SHELL,4929,P21964,92,MATCH
352,A,141,,ASP,DIRECT,4929,P21964,191,MATCH
352,A,141,,ASP,NEAR_SHELL,4929,P21964,191,MATCH
352,A,142,,HIS,NEAR_SHELL,4929,P21964,192,MATCH
352,A,143,,TRP,DIRECT,4929,P21964,193,MATCH
352,A,143,,TRP,NEAR_SHELL,4929,P21964,193,MATCH
352,A,144,,LYS,DIRECT,4929,P21964,194,MATCH
352,A,144,,LYS,NEAR_SHELL,4929,P21964,194,MATCH
352,A,170,,ASN,DIRECT,4929,P21964,220,MATCH
352,A,170,,ASN,NEAR_SHELL,4929,P21964,220,MATCH
352,A,174,,PRO,DIRECT,4929,,,
352,A,174,,PRO,NEAR_SHELL,4929,,,
352,A,198,,LEU,DIRECT,4929,,,
352,A,198,,LEU,NEAR_SHELL,4929,,,
352,A,199,,GLU,DIRECT,4929,P21964,249,MATCH
352,A,199,,GLU,NEAR_SHELL,4929,P21964,249,MATCH
353,A,40,,MET,DIRECT,4929,P21964,90,MATCH
353,A,40,,MET,NEAR_SHELL,4929,P21964,90,MATCH
353,A,41,,ASN,DIRECT,4929,P21964,91,MATCH
353,A,41,,ASN,NEAR_SHELL,4929,P21964,91,MATCH
353,A,42,,VAL,DIRECT,4929,P21964,92,MATCH
353,A,42,,VAL,NEAR_SHELL,4929,P21964,92,MATCH
353,A,66,,GLY,DIRECT,4929,P21964,116,MATCH
353,A,66,,GLY,NEAR_SHELL,4929,P21964,116,MATCH
353,A,67,,ALA,DIRECT,4929,P21964,117,MATCH
353,A,67,,ALA,NEAR_SHELL,4929,P21964,117,MATCH
353,A,68,,TYR,DIRECT,4929,P21964,118,MATCH
353,A,68,,TYR,NEAR_SHELL,4929,P21964,118,MATCH
353,A,71,,TYR,DIRECT,4929,P21964,121,MATCH
353,A,71,,TYR,NEAR_SHELL,4929,P21964,121,MATCH
353,A,72,,SER,DIRECT,4929,P21964,122,MATCH
353,A,72,,SER,NEAR_SHELL,4929,P21964,122,MATCH
353,A,89,,ILE,DIRECT,4929,P21964,139,MATCH
353,A,89,,ILE,NEAR_SHELL,4929,P21964,139,MATCH
353,A,90,,GLU,DIRECT,4929,P21964,140,MATCH
353,A,90,,GLU,NEAR_SHELL,4929,P21964,140,MATCH
353,A,91,,ILE,DIRECT,4929,P21964,141,MATCH
353,A,91,,ILE,NEAR_SHELL,4929,P21964,141,MATCH
353,A,92,,ASN,DIRECT,4929,P21964,142,MATCH
353,A,92,,ASN,NEAR_SHELL,4929,P21964,142,MATCH
353,A,95,,CYS,DIRECT,4929,P21964,145,MATCH
353,A,95,,CYS,NEAR_SHELL,4929,P21964,145,MATCH
353,A,117,,GLY,DIRECT,4929,P21964,167,MATCH
353,A,117,,GLY,NEAR_SHELL,4929,P21964,167,MATCH
353,A,119,,SER,DIRECT,4929,P21964,169,MATCH
353,A,119,,SER,NEAR_SHELL,4929,P21964,169,MATCH
353,A,120,,GLN,DIRECT,4929,P21964,170,MATCH
353,A,120,,GLN,NEAR_SHELL,4929,P21964,170,MATCH
353,A,141,,ASP,DIRECT,4929,P21964,191,MATCH
353,A,141,,ASP,NEAR_SHELL,4929,P21964,191,MATCH
353,A,142,,HIS,DIRECT,4929,P21964,192,MATCH
353,A,142,,HIS,NEAR_SHELL,4929,P21964,192,MATCH
353,A,143,,TRP,DIRECT,4929,P21964,193,MATCH
353,A,143,,TRP,NEAR_SHELL,4929,P21964,193,MATCH
353,A,144,,LYS,NEAR_SHELL,4929,P21964,194,MATCH
353,A,146,,ARG,NEAR_SHELL,4929,P21964,196,MATCH
353,A,170,,ASN,NEAR_SHELL,4929,P21964,220,MATCH
353,A,199,,GLU,NEAR_SHELL,4929,P21964,249,MATCH
354,A,75,,ARG,DIRECT,11571,Q86TU7,75,MATCH
354,A,75,,ARG,NEAR_SHELL,11571,Q86TU7,75,MATCH
354,A,103,,GLU,DIRECT,11571,Q86TU7,103,MATCH
354,A,103,,GLU,NEAR_SHELL,11571,Q86TU7,103,MATCH
354,A,104,,GLU,DIRECT,11571,Q86TU7,104,MATCH
354,A,104,,GLU,NEAR_SHELL,11571,Q86TU7,104,MATCH
354,A,105,,GLY,NEAR_SHELL,11571,Q86TU7,105,MATCH
354,A,106,,PHE,DIRECT,11571,Q86TU7,106,MATCH
354,A,106,,PHE,NEAR_SHELL,11571,Q86TU7,106,MATCH
354,A,180,,PRO,DIRECT,11571,Q86TU7,180,MATCH
354,A,180,,PRO,NEAR_SHELL,11571,Q86TU7,180,MATCH
354,A,183,,TYR,NEAR_SHELL,11571,Q86TU7,183,MATCH
354,A,184,,ASP,NEAR_SHELL,11571,Q86TU7,184,MATCH
354,A,326,,GLY,NEAR_SHELL,11571,Q86TU7,326,MATCH
354,A,327,,PHE,DIRECT,11571,Q86TU7,327,MATCH
354,A,327,,PHE,NEAR_SHELL,11571,Q86TU7,327,MATCH
354,A,328,,PHE,NEAR_SHELL,11571,Q86TU7,328,MATCH
354,A,329,,PHE,DIRECT,11571,Q86TU7,329,MATCH
354,A,329,,PHE,NEAR_SHELL,11571,Q86TU7,329,MATCH
355,A,1470,,PRO,NEAR_SHELL,16909,Q9BYW2,1470,MATCH
355,A,1559,,LYS,NEAR_SHELL,16909,Q9BYW2,1559,MATCH
355,A,1560,,LYS,DIRECT,16909,Q9BYW2,1560,MATCH
355,A,1560,,LYS,NEAR_SHELL,16909,Q9BYW2,1560,MATCH
355,A,1561,,GLY,DIRECT,16909,Q9BYW2,1561,MATCH
355,A,1561,,GLY,NEAR_SHELL,16909,Q9BYW2,1561,MATCH
355,A,1562,,TRP,NEAR_SHELL,16909,Q9BYW2,1562,MATCH
355,A,1602,,ILE,NEAR_SHELL,16909,Q9BYW2,1602,MATCH
355,A,1603,,HIS,DIRECT,16909,Q9BYW2,1603,MATCH
355,A,1603,,HIS,NEAR_SHELL,16909,Q9BYW2,1603,MATCH
355,A,1605,,TYR,DIRECT,16909,Q9BYW2,1605,MATCH
355,A,1605,,TYR,NEAR_SHELL,16909,Q9BYW2,1605,MATCH
355,A,1625,,ARG,NEAR_SHELL,16909,Q9BYW2,1625,MATCH
355,A,1626,,PHE,DIRECT,16909,Q9BYW2,1626,MATCH
355,A,1626,,PHE,NEAR_SHELL,16909,Q9BYW2,1626,MATCH
355,A,1676,,GLN,DIRECT,16909,Q9BYW2,1676,MATCH
355,A,1676,,GLN,NEAR_SHELL,16909,Q9BYW2,1676,MATCH
355,A,1677,,LYS,DIRECT,16909,Q9BYW2,1677,MATCH
355,A,1677,,LYS,NEAR_SHELL,16909,Q9BYW2,1677,MATCH
355,A,1679,,PHE,NEAR_SHELL,16909,Q9BYW2,1679,MATCH
356,A,92,,ILE,NEAR_SHELL,16609,Q9BV86,92,MATCH
356,A,93,,THR,DIRECT,16609,Q9BV86,93,MATCH
356,A,93,,THR,NEAR_SHELL,16609,Q9BV86,93,MATCH
356,A,96,,PHE,NEAR_SHELL,16609,Q9BV86,96,MATCH
356,A,118,,GLY,NEAR_SHELL,16609,Q9BV86,118,MATCH
356,A,120,,GLN,NEAR_SHELL,16609,Q9BV86,120,MATCH
356,A,136,,TRP,DIRECT,16609,Q9BV86,136,MATCH
356,A,136,,TRP,NEAR_SHELL,16609,Q9BV86,136,MATCH
356,A,137,,VAL,NEAR_SHELL,16609,Q9BV86,137,MATCH
356,A,140,,HIS,DIRECT,16609,Q9BV86,140,MATCH
356,A,140,,HIS,NEAR_SHELL,16609,Q9BV86,140,MATCH
357,A,76,,TYR,DIRECT,9865,Q5VVY1,76,MATCH
357,A,76,,TYR,NEAR_SHELL,9865,Q5VVY1,76,MATCH
357,A,85,,GLY,NEAR_SHELL,9865,Q5VVY1,85,MATCH
358,A,23,,TYR,DIRECT,20309,,,
358,A,23,,TYR,NEAR_SHELL,20309,,,
358,A,26,,ALA,NEAR_SHELL,20309,,,
358,A,28,,ASP,NEAR_SHELL,20309,,,
358,A,204,,GLU,DIRECT,20309,,,
358,A,204,,GLU,NEAR_SHELL,20309,,,
359,A,78,,ILE,NEAR_SHELL,19308,,,
359,A,78,,ILE,NEAR_SHELL,20309,,,
359,A,103,,ASP,DIRECT,19308,,,
359,A,103,,ASP,DIRECT,20309,,,
359,A,103,,ASP,NEAR_SHELL,19308,,,
359,A,103,,ASP,NEAR_SHELL,20309,,,
359,A,104,,LEU,NEAR_SHELL,19308,,,
359,A,104,,LEU,NEAR_SHELL,20309,,,
359,A,135,,SER,NEAR_SHELL,19308,,,
359,A,135,,SER,NEAR_SHELL,20309,,,
359,A,140,,ALA,DIRECT,19308,,,
359,A,140,,ALA,DIRECT,20309,,,
359,A,140,,ALA,NEAR_SHELL,19308,,,
359,A,140,,ALA,NEAR_SHELL,20309,,,
359,A,151,,VAL,NEAR_SHELL,19308,,,
359,A,151,,VAL,NEAR_SHELL,20309,,,
359,A,154,,ARG,DIRECT,19308,,,
359,A,154,,ARG,DIRECT,20309,,,
359,A,154,,ARG,NEAR_SHELL,19308,,,
359,A,154,,ARG,NEAR_SHELL,20309,,,
360,B,23,,TYR,DIRECT,20309,Q9Y5N5,23,MATCH
360,B,23,,TYR,NEAR_SHELL,20309,Q9Y5N5,23,MATCH
360,B,25,,PRO,NEAR_SHELL,20309,Q9Y5N5,25,MATCH
360,B,28,,ASP,NEAR_SHELL,20309,Q9Y5N5,28,MATCH
360,B,29,,THR,DIRECT,20309,Q9Y5N5,29,MATCH
360,B,29,,THR,NEAR_SHELL,20309,Q9Y5N5,29,MATCH
360,B,51,,GLU,DIRECT,20309,Q9Y5N5,51,MATCH
360,B,51,,GLU,NEAR_SHELL,20309,Q9Y5N5,51,MATCH
360,B,52,,VAL,NEAR_SHELL,20309,Q9Y5N5,52,MATCH
360,B,53,,GLY,DIRECT,20309,Q9Y5N5,53,MATCH
360,B,53,,GLY,NEAR_SHELL,20309,Q9Y5N5,53,MATCH
360,B,54,,SER,DIRECT,20309,Q9Y5N5,54,MATCH
360,B,54,,SER,NEAR_SHELL,20309,Q9Y5N5,54,MATCH
360,B,55,,GLY,DIRECT,20309,Q9Y5N5,55,MATCH
360,B,55,,GLY,NEAR_SHELL,20309,Q9Y5N5,55,MATCH
360,B,56,,SER,NEAR_SHELL,20309,Q9Y5N5,56,MATCH
360,B,58,,VAL,NEAR_SHELL,20309,Q9Y5N5,58,MATCH
360,B,59,,VAL,DIRECT,20309,Q9Y5N5,59,MATCH
360,B,59,,VAL,NEAR_SHELL,20309,Q9Y5N5,59,MATCH
360,B,76,,THR,NEAR_SHELL,20309,Q9Y5N5,76,MATCH
360,B,77,,ASP,DIRECT,20309,Q9Y5N5,77,MATCH
360,B,77,,ASP,NEAR_SHELL,20309,Q9Y5N5,77,MATCH
360,B,78,,ILE,DIRECT,20309,Q9Y5N5,78,MATCH
360,B,78,,ILE,NEAR_SHELL,20309,Q9Y5N5,78,MATCH
360,B,79,,ASN,NEAR_SHELL,20309,Q9Y5N5,79,MATCH
360,B,82,,ALA,NEAR_SHELL,20309,Q9Y5N5,82,MATCH
360,B,102,,THR,DIRECT,20309,Q9Y5N5,102,MATCH
360,B,102,,THR,NEAR_SHELL,20309,Q9Y5N5,102,MATCH
360,B,103,,ASP,DIRECT,20309,Q9Y5N5,103,MATCH
360,B,103,,ASP,NEAR_SHELL,20309,Q9Y5N5,103,MATCH
360,B,104,,LEU,DIRECT,20309,Q9Y5N5,104,MATCH
360,B,104,,LEU,NEAR_SHELL,20309,Q9Y5N5,104,MATCH
360,B,121,,PHE,NEAR_SHELL,20309,Q9Y5N5,121,MATCH
360,B,122,,ASN,DIRECT,20309,Q9Y5N5,122,MATCH
360,B,122,,ASN,NEAR_SHELL,20309,Q9Y5N5,122,MATCH
360,B,123,,PRO,DIRECT,20309,Q9Y5N5,123,MATCH
360,B,123,,PRO,NEAR_SHELL,20309,Q9Y5N5,123,MATCH
360,B,124,,PRO,DIRECT,20309,Q9Y5N5,124,MATCH
360,B,124,,PRO,NEAR_SHELL,20309,Q9Y5N5,124,MATCH
360,B,125,,TYR,NEAR_SHELL,20309,Q9Y5N5,125,MATCH
360,B,134,,GLY,NEAR_SHELL,20309,Q9Y5N5,134,MATCH
360,B,140,,ALA,DIRECT,20309,Q9Y5N5,140,MATCH
360,B,140,,ALA,NEAR_SHELL,20309,Q9Y5N5,140,MATCH
360,B,141,,ALA,DIRECT,20309,Q9Y5N5,141,MATCH
360,B,141,,ALA,NEAR_SHELL,20309,Q9Y5N5,141,MATCH
360,B,142,,TRP,NEAR_SHELL,20309,Q9Y5N5,142,MATCH
360,B,151,,VAL,NEAR_SHELL,20309,Q9Y5N5,151,MATCH
360,B,154,,ARG,DIRECT,20309,Q9Y5N5,154,MATCH
360,B,154,,ARG,NEAR_SHELL,20309,Q9Y5N5,154,MATCH
361,A,1951,,GLN,NEAR_SHELL,15561,Q96L73,1951,MATCH
361,A,1952,,ARG,DIRECT,15561,Q96L73,1952,MATCH
361,A,1952,,ARG,NEAR_SHELL,15561,Q96L73,1952,MATCH
361,A,1953,,GLY,DIRECT,15561,Q96L73,1953,MATCH
361,A,1953,,GLY,NEAR_SHELL,15561,Q96L73,1953,MATCH
361,A,1954,,TRP,DIRECT,15561,Q96L73,1954,MATCH
361,A,1954,,TRP,NEAR_SHELL,15561,Q96L73,1954,MATCH
361,A,1971,,TYR,NEAR_SHELL,15561,Q96L73,1971,MATCH
361,A,1994,,THR,DIRECT,15561,Q96L73,1994,MATCH
361,A,1994,,THR,NEAR_SHELL,15561,Q96L73,1994,MATCH
361,A,1995,,ASN,DIRECT,15561,Q96L73,1995,MATCH
361,A,1995,,ASN,NEAR_SHELL,15561,Q96L73,1995,MATCH
361,A,1996,,PHE,DIRECT,15561,Q96L73,1996,MATCH
361,A,1996,,PHE,NEAR_SHELL,15561,Q96L73,1996,MATCH
361,A,1997,,TYR,DIRECT,15561,Q96L73,1997,MATCH
361,A,1997,,TYR,NEAR_SHELL,15561,Q96L73,1997,MATCH
361,A,2017,,ARG,DIRECT,15561,Q96L73,2017,MATCH
361,A,2017,,ARG,NEAR_SHELL,15561,Q96L73,2017,MATCH
361,A,2018,,PHE,DIRECT,15561,Q96L73,2018,MATCH
361,A,2018,,PHE,NEAR_SHELL,15561,Q96L73,2018,MATCH
361,A,2019,,MET,DIRECT,15561,Q96L73,2019,MATCH
361,A,2019,,MET,NEAR_SHELL,15561,Q96L73,2019,MATCH
361,A,2020,,ASN,DIRECT,15561,Q96L73,2020,MATCH
361,A,2020,,ASN,NEAR_SHELL,15561,Q96L73,2020,MATCH
361,A,2021,,HIS,DIRECT,15561,Q96L73,2021,MATCH
361,A,2021,,HIS,NEAR_SHELL,15561,Q96L73,2021,MATCH
361,A,2058,,TYR,DIRECT,15561,Q96L73,2058,MATCH
361,A,2058,,TYR,NEAR_SHELL,15561,Q96L73,2058,MATCH
361,A,2068,,THR,NEAR_SHELL,15561,Q96L73,2068,MATCH
361,A,2069,,VAL,DIRECT,15561,Q96L73,2069,MATCH
361,A,2069,,VAL,NEAR_SHELL,15561,Q96L73,2069,MATCH
361,A,2070,,CYS,DIRECT,15561,Q96L73,2070,MATCH
361,A,2070,,CYS,NEAR_SHELL,15561,Q96L73,2070,MATCH
361,A,2071,,LYS,DIRECT,15561,Q96L73,2071,MATCH
361,A,2071,,LYS,NEAR_SHELL,15561,Q96L73,2071,MATCH
361,A,2081,,LEU,DIRECT,15561,Q96L73,2081,MATCH
361,A,2081,,LEU,NEAR_SHELL,15561,Q96L73,2081,MATCH
362,A,1993,,ILE,NEAR_SHELL,15561,,,
362,A,1994,,THR,DIRECT,15561,Q96L73,1994,MATCH
362,A,1994,,THR,NEAR_SHELL,15561,Q96L73,1994,MATCH
362,A,1995,,ASN,NEAR_SHELL,15561,Q96L73,1995,MATCH
362,A,1996,,PHE,DIRECT,15561,Q96L73,1996,MATCH
362,A,1996,,PHE,NEAR_SHELL,15561,Q96L73,1996,MATCH
362,A,1997,,TYR,NEAR_SHELL,15561,Q96L73,1997,MATCH
362,A,1998,,MET,NEAR_SHELL,15561,,,
362,A,2058,,TYR,DIRECT,15561,Q96L73,2058,MATCH
362,A,2058,,TYR,NEAR_SHELL,15561,Q96L73,2058,MATCH
362,A,2062,,CYS,DIRECT,15561,,,
362,A,2062,,CYS,NEAR_SHELL,15561,,,
362,A,2063,,LEU,DIRECT,15561,,,
362,A,2063,,LEU,NEAR_SHELL,15561,,,
362,A,2064,,GLY,DIRECT,15561,,,
362,A,2064,,GLY,NEAR_SHELL,15561,,,
362,A,2065,,ASN,DIRECT,15561,,,
362,A,2065,,ASN,NEAR_SHELL,15561,,,
362,A,2066,,GLY,DIRECT,15561,,,
362,A,2066,,GLY,NEAR_SHELL,15561,,,
362,A,2067,,LYS,DIRECT,15561,,,
362,A,2067,,LYS,NEAR_SHELL,15561,,,
362,A,2068,,THR,DIRECT,15561,Q96L73,2068,MATCH
362,A,2068,,THR,NEAR_SHELL,15561,Q96L73,2068,MATCH
362,A,2081,,LEU,DIRECT,15561,Q96L73,2081,MATCH
362,A,2081,,LEU,NEAR_SHELL,15561,Q96L73,2081,MATCH
362,A,2082,,GLY,DIRECT,15561,,,
362,A,2082,,GLY,NEAR_SHELL,15561,,,
362,A,2084,,ARG,NEAR_SHELL,15561,,,
363,A,1863,,ASN,NEAR_SHELL,15561,,,
363,A,1864,,ASP,DIRECT,15561,,,
363,A,1864,,ASP,NEAR_SHELL,15561,,,
363,A,1865,,LYS,DIRECT,15561,,,
363,A,1865,,LYS,NEAR_SHELL,15561,,,
363,A,1866,,LYS,DIRECT,15561,,,
363,A,1866,,LYS,NEAR_SHELL,15561,,,
363,A,1867,,PRO,DIRECT,15561,,,
363,A,1867,,PRO,NEAR_SHELL,15561,,,
363,A,1871,,LYS,DIRECT,15561,,,
363,A,1871,,LYS,NEAR_SHELL,15561,,,
363,A,1872,,HIS,DIRECT,15561,,,
363,A,1872,,HIS,NEAR_SHELL,15561,,,
363,A,1946,,ILE,DIRECT,15561,,,
363,A,1946,,ILE,NEAR_SHELL,15561,,,
363,A,2010,,GLY,DIRECT,15561,,,
363,A,2010,,GLY,NEAR_SHELL,15561,,,
363,A,2011,,PRO,DIRECT,15561,,,
363,A,2011,,PRO,NEAR_SHELL,15561,,,
363,A,2012,,LYS,DIRECT,15561,,,
363,A,2012,,LYS,NEAR_SHELL,15561,,,
363,A,2013,,GLY,DIRECT,15561,,,
363,A,2013,,GLY,NEAR_SHELL,15561,,,
363,A,2014,,ASN,DIRECT,15561,,,
363,A,2014,,ASN,NEAR_SHELL,15561,,,
363,A,2015,,TYR,DIRECT,15561,,,
363,A,2015,,TYR,NEAR_SHELL,15561,,,
363,A,2017,,ARG,DIRECT,15561,Q96L73,2017,MATCH
363,A,2017,,ARG,NEAR_SHELL,15561,Q96L73,2017,MATCH
363,A,2018,,PHE,DIRECT,15561,Q96L73,2018,MATCH
363,A,2018,,PHE,NEAR_SHELL,15561,Q96L73,2018,MATCH
364,A,74,,ARG,DIRECT,11571,Q86TU7,75,MATCH
364,A,74,,ARG,NEAR_SHELL,11571,Q86TU7,75,MATCH
364,A,102,,GLU,DIRECT,11571,Q86TU7,103,MATCH
364,A,102,,GLU,NEAR_SHELL,11571,Q86TU7,103,MATCH
364,A,103,,GLU,DIRECT,11571,Q86TU7,104,MATCH
364,A,103,,GLU,NEAR_SHELL,11571,Q86TU7,104,MATCH
364,A,104,,GLY,NEAR_SHELL,11571,Q86TU7,105,MATCH
364,A,105,,PHE,DIRECT,11571,Q86TU7,106,MATCH
364,A,105,,PHE,NEAR_SHELL,11571,Q86TU7,106,MATCH
364,A,179,,PRO,DIRECT,11571,Q86TU7,180,MATCH
364,A,179,,PRO,NEAR_SHELL,11571,Q86TU7,180,MATCH
364,A,182,,TYR,NEAR_SHELL,11571,Q86TU7,183,MATCH
364,A,183,,ASP,NEAR_SHELL,11571,Q86TU7,184,MATCH
364,A,253,,ARG,DIRECT,11571,Q86TU7,254,MATCH
364,A,253,,ARG,NEAR_SHELL,11571,Q86TU7,254,MATCH
364,A,278,,HIS,DIRECT,11571,Q86TU7,279,MATCH
364,A,278,,HIS,NEAR_SHELL,11571,Q86TU7,279,MATCH
364,A,309,,TYR,NEAR_SHELL,11571,Q86TU7,310,MATCH
364,A,325,,GLY,DIRECT,11571,Q86TU7,326,MATCH
364,A,325,,GLY,NEAR_SHELL,11571,Q86TU7,326,MATCH
364,A,326,,PHE,DIRECT,11571,Q86TU7,327,MATCH
364,A,326,,PHE,NEAR_SHELL,11571,Q86TU7,327,MATCH
364,A,327,,PHE,NEAR_SHELL,11571,Q86TU7,328,MATCH
364,A,328,,PHE,DIRECT,11571,Q86TU7,329,MATCH
364,A,328,,PHE,NEAR_SHELL,11571,Q86TU7,329,MATCH
365,A,74,,ARG,DIRECT,11571,Q86TU7,75,MATCH
365,A,74,,ARG,NEAR_SHELL,11571,Q86TU7,75,MATCH
365,A,102,,GLU,DIRECT,11571,Q86TU7,103,MATCH
365,A,102,,GLU,NEAR_SHELL,11571,Q86TU7,103,MATCH
365,A,103,,GLU,DIRECT,11571,Q86TU7,104,MATCH
365,A,103,,GLU,NEAR_SHELL,11571,Q86TU7,104,MATCH
365,A,104,,GLY,NEAR_SHELL,11571,Q86TU7,105,MATCH
365,A,179,,PRO,DIRECT,11571,Q86TU7,180,MATCH
365,A,179,,PRO,NEAR_SHELL,11571,Q86TU7,180,MATCH
365,A,182,,TYR,NEAR_SHELL,11571,Q86TU7,183,MATCH
365,A,183,,ASP,NEAR_SHELL,11571,Q86TU7,184,MATCH
365,A,253,,ARG,DIRECT,11571,Q86TU7,254,MATCH
365,A,253,,ARG,NEAR_SHELL,11571,Q86TU7,254,MATCH
365,A,278,,HIS,DIRECT,11571,Q86TU7,279,MATCH
365,A,278,,HIS,NEAR_SHELL,11571,Q86TU7,279,MATCH
365,A,309,,TYR,NEAR_SHELL,11571,Q86TU7,310,MATCH
365,A,325,,GLY,NEAR_SHELL,11571,Q86TU7,326,MATCH
365,A,326,,PHE,DIRECT,11571,Q86TU7,327,MATCH
365,A,326,,PHE,NEAR_SHELL,11571,Q86TU7,327,MATCH
365,A,327,,PHE,NEAR_SHELL,11571,Q86TU7,328,MATCH
365,A,328,,PHE,DIRECT,11571,Q86TU7,329,MATCH
365,A,328,,PHE,NEAR_SHELL,11571,Q86TU7,329,MATCH
366,A,1025,,ILE,NEAR_SHELL,17731,,,
366,A,1026,,THR,DIRECT,17731,,,
366,A,1026,,THR,NEAR_SHELL,17731,,,
366,A,1028,,LEU,NEAR_SHELL,17731,,,
366,A,1030,,TYR,DIRECT,17731,,,
366,A,1030,,TYR,NEAR_SHELL,17731,,,
366,A,1076,,HIS,NEAR_SHELL,17731,,,
366,A,1077,,ALA,DIRECT,17731,,,
366,A,1077,,ALA,NEAR_SHELL,17731,,,
366,B,1008,,LYS,DIRECT,17731,,,
366,B,1008,,LYS,NEAR_SHELL,17731,,,
366,B,1159,,ARG,DIRECT,17731,,,
366,B,1159,,ARG,NEAR_SHELL,17731,,,
366,B,1160,,PHE,DIRECT,17731,,,
366,B,1160,,PHE,NEAR_SHELL,17731,,,
366,B,1161,,TYR,DIRECT,17731,,,
366,B,1161,,TYR,NEAR_SHELL,17731,,,
367,A,1124,,TYR,DIRECT,17731,,,
367,A,1124,,TYR,NEAR_SHELL,17731,,,
367,A,1131,,ASP,DIRECT,17731,,,
367,A,1131,,ASP,NEAR_SHELL,17731,,,
367,A,1134,,ALA,DIRECT,17731,,,
367,A,1134,,ALA,NEAR_SHELL,17731,,,
367,A,1135,,ASP,NEAR_SHELL,17731,,,
367,A,1140,,ASP,DIRECT,17731,,,
367,A,1140,,ASP,NEAR_SHELL,17731,,,
367,A,1141,,SER,DIRECT,17731,Q9H9B1,1172,MATCH
367,A,1141,,SER,NEAR_SHELL,17731,Q9H9B1,1172,MATCH
367,A,1143,,LEU,DIRECT,17731,,,
367,A,1143,,LEU,NEAR_SHELL,17731,,,
367,A,1144,,PHE,DIRECT,17731,,,
367,A,1144,,PHE,NEAR_SHELL,17731,,,
367,A,1145,,ASP,DIRECT,17731,,,
367,A,1145,,ASP,NEAR_SHELL,17731,,,
367,A,1153,,VAL,DIRECT,17731,,,
367,A,1153,,VAL,NEAR_SHELL,17731,,,
367,A,1154,,TYR,DIRECT,17731,,,
367,A,1154,,TYR,NEAR_SHELL,17731,,,
367,A,1155,,CYS,DIRECT,17731,,,
367,A,1155,,CYS,NEAR_SHELL,17731,,,
367,A,1166,,ARG,NEAR_SHELL,17731,Q9H9B1,1197,MATCH
367,A,1168,,ILE,NEAR_SHELL,17731,Q9H9B1,1199,MATCH
367,A,1209,,PHE,DIRECT,17731,,,
367,A,1209,,PHE,NEAR_SHELL,17731,,,
367,A,1211,,TYR,DIRECT,17731,Q9H9B1,1242,MATCH
367,A,1211,,TYR,NEAR_SHELL,17731,Q9H9B1,1242,MATCH
367,A,1214,,ARG,DIRECT,17731,,,
367,A,1214,,ARG,NEAR_SHELL,17731,,,
367,A,1215,,PHE,DIRECT,17731,Q9H9B1,1246,MATCH
367,A,1215,,PHE,NEAR_SHELL,17731,Q9H9B1,1246,MATCH
367,A,1218,,ILE,DIRECT,17731,,,
367,A,1218,,ILE,NEAR_SHELL,17731,,,
367,A,1219,,LYS,DIRECT,17731,Q9H9B1,1250,MATCH
367,A,1219,,LYS,NEAR_SHELL,17731,Q9H9B1,1250,MATCH
368,A,1104,,ASP,NEAR_SHELL,17731,Q9H9B1,1135,MATCH
368,A,1105,,MET,DIRECT,17731,Q9H9B1,1136,MATCH
368,A,1105,,MET,NEAR_SHELL,17731,Q9H9B1,1136,MATCH
368,A,1106,,GLY,DIRECT,17731,Q9H9B1,1137,MATCH
368,A,1106,,GLY,NEAR_SHELL,17731,Q9H9B1,1137,MATCH
368,A,1107,,TRP,DIRECT,17731,Q9H9B1,1138,MATCH
368,A,1107,,TRP,NEAR_SHELL,17731,Q9H9B1,1138,MATCH
368,A,1141,,SER,DIRECT,17731,Q9H9B1,1172,MATCH
368,A,1141,,SER,NEAR_SHELL,17731,Q9H9B1,1172,MATCH
368,A,1142,,TYR,DIRECT,17731,Q9H9B1,1173,MATCH
368,A,1142,,TYR,NEAR_SHELL,17731,Q9H9B1,1173,MATCH
368,A,1166,,ARG,DIRECT,17731,Q9H9B1,1197,MATCH
368,A,1166,,ARG,NEAR_SHELL,17731,Q9H9B1,1197,MATCH
368,A,1167,,PHE,NEAR_SHELL,17731,Q9H9B1,1198,MATCH
368,A,1168,,ILE,DIRECT,17731,Q9H9B1,1199,MATCH
368,A,1168,,ILE,NEAR_SHELL,17731,Q9H9B1,1199,MATCH
368,A,1169,,ASN,DIRECT,17731,Q9H9B1,1200,MATCH
368,A,1169,,ASN,NEAR_SHELL,17731,Q9H9B1,1200,MATCH
368,A,1170,,HIS,DIRECT,17731,Q9H9B1,1201,MATCH
368,A,1170,,HIS,NEAR_SHELL,17731,Q9H9B1,1201,MATCH
368,A,1211,,TYR,DIRECT,17731,Q9H9B1,1242,MATCH
368,A,1211,,TYR,NEAR_SHELL,17731,Q9H9B1,1242,MATCH
368,A,1215,,PHE,NEAR_SHELL,17731,Q9H9B1,1246,MATCH
368,A,1219,,LYS,NEAR_SHELL,17731,Q9H9B1,1250,MATCH
368,A,1223,,PHE,NEAR_SHELL,17731,Q9H9B1,1254,MATCH
368,A,1226,,ARG,NEAR_SHELL,17731,Q9H9B1,1257,MATCH
368,A,1227,,CYS,NEAR_SHELL,17731,Q9H9B1,1258,MATCH
369,B,1035,,ASP,NEAR_SHELL,17731,,,
369,B,1036,,ASP,DIRECT,17731,,,
369,B,1036,,ASP,NEAR_SHELL,17731,,,
369,B,1054,,ASP,NEAR_SHELL,17731,,,
369,B,1055,,LYS,DIRECT,17731,,,
369,B,1055,,LYS,NEAR_SHELL,17731,,,
369,B,1057,,GLY,NEAR_SHELL,17731,,,
369,B,1081,,TRP,NEAR_SHELL,17731,,,
369,B,1083,,ASN,DIRECT,17731,,,
369,B,1083,,ASN,NEAR_SHELL,17731,,,
369,B,1084,,CYS,NEAR_SHELL,17731,,,
369,B,1085,,ARG,DIRECT,17731,,,
369,B,1085,,ARG,NEAR_SHELL,17731,,,
370,B,1124,,TYR,DIRECT,17731,,,
370,B,1124,,TYR,NEAR_SHELL,17731,,,
370,B,1131,,ASP,DIRECT,17731,,,
370,B,1131,,ASP,NEAR_SHELL,17731,,,
370,B,1134,,ALA,DIRECT,17731,,,
370,B,1134,,ALA,NEAR_SHELL,17731,,,
370,B,1135,,ASP,DIRECT,17731,,,
370,B,1135,,ASP,NEAR_SHELL,17731,,,
370,B,1140,,ASP,DIRECT,17731,,,
370,B,1140,,ASP,NEAR_SHELL,17731,,,
370,B,1141,,SER,DIRECT,17731,Q9H9B1,1172,MATCH
370,B,1141,,SER,NEAR_SHELL,17731,Q9H9B1,1172,MATCH
370,B,1143,,LEU,DIRECT,17731,,,
370,B,1143,,LEU,NEAR_SHELL,17731,,,
370,B,1144,,PHE,DIRECT,17731,,,
370,B,1144,,PHE,NEAR_SHELL,17731,,,
370,B,1145,,ASP,DIRECT,17731,,,
370,B,1145,,ASP,NEAR_SHELL,17731,,,
370,B,1153,,VAL,DIRECT,17731,,,
370,B,1153,,VAL,NEAR_SHELL,17731,,,
370,B,1154,,TYR,NEAR_SHELL,17731,,,
370,B,1155,,CYS,DIRECT,17731,,,
370,B,1155,,CYS,NEAR_SHELL,17731,,,
370,B,1168,,ILE,NEAR_SHELL,17731,Q9H9B1,1199,MATCH
370,B,1209,,PHE,DIRECT,17731,,,
370,B,1209,,PHE,NEAR_SHELL,17731,,,
370,B,1211,,TYR,DIRECT,17731,Q9H9B1,1242,MATCH
370,B,1211,,TYR,NEAR_SHELL,17731,Q9H9B1,1242,MATCH
370,B,1214,,ARG,DIRECT,17731,,,
370,B,1214,,ARG,NEAR_SHELL,17731,,,
370,B,1215,,PHE,DIRECT,17731,Q9H9B1,1246,MATCH
370,B,1215,,PHE,NEAR_SHELL,17731,Q9H9B1,1246,MATCH
370,B,1218,,ILE,DIRECT,17731,,,
370,B,1218,,ILE,NEAR_SHELL,17731,,,
370,B,1219,,LYS,DIRECT,17731,Q9H9B1,1250,MATCH
370,B,1219,,LYS,NEAR_SHELL,17731,Q9H9B1,1250,MATCH
371,B,1101,,ARG,NEAR_SHELL,17731,Q9H9B1,1132,MATCH
371,B,1104,,ASP,NEAR_SHELL,17731,Q9H9B1,1135,MATCH
371,B,1105,,MET,DIRECT,17731,Q9H9B1,1136,MATCH
371,B,1105,,MET,NEAR_SHELL,17731,Q9H9B1,1136,MATCH
371,B,1106,,GLY,DIRECT,17731,Q9H9B1,1137,MATCH
371,B,1106,,GLY,NEAR_SHELL,17731,Q9H9B1,1137,MATCH
371,B,1107,,TRP,DIRECT,17731,Q9H9B1,1138,MATCH
371,B,1107,,TRP,NEAR_SHELL,17731,Q9H9B1,1138,MATCH
371,B,1141,,SER,DIRECT,17731,Q9H9B1,1172,MATCH
371,B,1141,,SER,NEAR_SHELL,17731,Q9H9B1,1172,MATCH
371,B,1142,,TYR,DIRECT,17731,Q9H9B1,1173,MATCH
371,B,1142,,TYR,NEAR_SHELL,17731,Q9H9B1,1173,MATCH
371,B,1166,,ARG,DIRECT,17731,Q9H9B1,1197,MATCH
371,B,1166,,ARG,NEAR_SHELL,17731,Q9H9B1,1197,MATCH
371,B,1167,,PHE,NEAR_SHELL,17731,Q9H9B1,1198,MATCH
371,B,1168,,ILE,DIRECT,17731,Q9H9B1,1199,MATCH
371,B,1168,,ILE,NEAR_SHELL,17731,Q9H9B1,1199,MATCH
371,B,1170,,HIS,DIRECT,17731,Q9H9B1,1201,MATCH
371,B,1170,,HIS,NEAR_SHELL,17731,Q9H9B1,1201,MATCH
371,B,1211,,TYR,DIRECT,17731,Q9H9B1,1242,MATCH
371,B,1211,,TYR,NEAR_SHELL,17731,Q9H9B1,1242,MATCH
371,B,1215,,PHE,NEAR_SHELL,17731,Q9H9B1,1246,MATCH
371,B,1219,,LYS,NEAR_SHELL,17731,Q9H9B1,1250,MATCH
371,B,1223,,PHE,NEAR_SHELL,17731,Q9H9B1,1254,MATCH
371,B,1224,,SER,DIRECT,17731,Q9H9B1,1255,MATCH
371,B,1224,,SER,NEAR_SHELL,17731,Q9H9B1,1255,MATCH
371,B,1226,,ARG,DIRECT,17731,Q9H9B1,1257,MATCH
371,B,1226,,ARG,NEAR_SHELL,17731,Q9H9B1,1257,MATCH
371,B,1227,,CYS,NEAR_SHELL,17731,Q9H9B1,1258,MATCH
372,A,1124,,TYR,DIRECT,17731,,,
372,A,1124,,TYR,NEAR_SHELL,17731,,,
372,A,1131,,ASP,DIRECT,17731,,,
372,A,1131,,ASP,NEAR_SHELL,17731,,,
372,A,1134,,ALA,DIRECT,17731,,,
372,A,1134,,ALA,NEAR_SHELL,17731,,,
372,A,1135,,ASP,DIRECT,17731,,,
372,A,1135,,ASP,NEAR_SHELL,17731,,,
372,A,1137,,ARG,DIRECT,17731,,,
372,A,1137,,ARG,NEAR_SHELL,17731,,,
372,A,1140,,ASP,DIRECT,17731,,,
372,A,1140,,ASP,NEAR_SHELL,17731,,,
372,A,1141,,SER,DIRECT,17731,Q9H9B1,1172,MATCH
372,A,1141,,SER,NEAR_SHELL,17731,Q9H9B1,1172,MATCH
372,A,1143,,LEU,DIRECT,17731,,,
372,A,1143,,LEU,NEAR_SHELL,17731,,,
372,A,1144,,PHE,NEAR_SHELL,17731,,,
372,A,1145,,ASP,DIRECT,17731,,,
372,A,1145,,ASP,NEAR_SHELL,17731,,,
372,A,1147,,ASP,DIRECT,17731,,,
372,A,1147,,ASP,NEAR_SHELL,17731,,,
372,A,1153,,VAL,DIRECT,17731,,,
372,A,1153,,VAL,NEAR_SHELL,17731,,,
372,A,1154,,TYR,NEAR_SHELL,17731,,,
372,A,1155,,CYS,NEAR_SHELL,17731,,,
372,A,1166,,ARG,NEAR_SHELL,17731,Q9H9B1,1197,MATCH
372,A,1168,,ILE,NEAR_SHELL,17731,Q9H9B1,1199,MATCH
372,A,1209,,PHE,DIRECT,17731,,,
372,A,1209,,PHE,NEAR_SHELL,17731,,,
372,A,1211,,TYR,DIRECT,17731,Q9H9B1,1242,MATCH
372,A,1211,,TYR,NEAR_SHELL,17731,Q9H9B1,1242,MATCH
372,A,1212,,GLY,NEAR_SHELL,17731,,,
372,A,1214,,ARG,DIRECT,17731,,,
372,A,1214,,ARG,NEAR_SHELL,17731,,,
372,A,1215,,PHE,DIRECT,17731,Q9H9B1,1246,MATCH
372,A,1215,,PHE,NEAR_SHELL,17731,Q9H9B1,1246,MATCH
372,A,1218,,ILE,DIRECT,17731,,,
372,A,1218,,ILE,NEAR_SHELL,17731,,,
372,A,1219,,LYS,DIRECT,17731,Q9H9B1,1250,MATCH
372,A,1219,,LYS,NEAR_SHELL,17731,Q9H9B1,1250,MATCH
373,A,1105,,MET,DIRECT,17731,Q9H9B1,1136,MATCH
373,A,1105,,MET,NEAR_SHELL,17731,Q9H9B1,1136,MATCH
373,A,1106,,GLY,DIRECT,17731,Q9H9B1,1137,MATCH
373,A,1106,,GLY,NEAR_SHELL,17731,Q9H9B1,1137,MATCH
373,A,1107,,TRP,DIRECT,17731,Q9H9B1,1138,MATCH
373,A,1107,,TRP,NEAR_SHELL,17731,Q9H9B1,1138,MATCH
373,A,1141,,SER,DIRECT,17731,Q9H9B1,1172,MATCH
373,A,1141,,SER,NEAR_SHELL,17731,Q9H9B1,1172,MATCH
373,A,1142,,TYR,DIRECT,17731,Q9H9B1,1173,MATCH
373,A,1142,,TYR,NEAR_SHELL,17731,Q9H9B1,1173,MATCH
373,A,1166,,ARG,DIRECT,17731,Q9H9B1,1197,MATCH
373,A,1166,,ARG,NEAR_SHELL,17731,Q9H9B1,1197,MATCH
373,A,1167,,PHE,NEAR_SHELL,17731,Q9H9B1,1198,MATCH
373,A,1168,,ILE,DIRECT,17731,Q9H9B1,1199,MATCH
373,A,1168,,ILE,NEAR_SHELL,17731,Q9H9B1,1199,MATCH
373,A,1169,,ASN,DIRECT,17731,Q9H9B1,1200,MATCH
373,A,1169,,ASN,NEAR_SHELL,17731,Q9H9B1,1200,MATCH
373,A,1170,,HIS,DIRECT,17731,Q9H9B1,1201,MATCH
373,A,1170,,HIS,NEAR_SHELL,17731,Q9H9B1,1201,MATCH
373,A,1211,,TYR,DIRECT,17731,Q9H9B1,1242,MATCH
373,A,1211,,TYR,NEAR_SHELL,17731,Q9H9B1,1242,MATCH
373,A,1215,,PHE,NEAR_SHELL,17731,Q9H9B1,1246,MATCH
373,A,1219,,LYS,NEAR_SHELL,17731,Q9H9B1,1250,MATCH
373,A,1227,,CYS,NEAR_SHELL,17731,Q9H9B1,1258,MATCH
374,B,1124,,TYR,DIRECT,17731,,,
374,B,1124,,TYR,NEAR_SHELL,17731,,,
374,B,1131,,ASP,DIRECT,17731,,,
374,B,1131,,ASP,NEAR_SHELL,17731,,,
374,B,1134,,ALA,DIRECT,17731,,,
374,B,1134,,ALA,NEAR_SHELL,17731,,,
374,B,1135,,ASP,DIRECT,17731,,,
374,B,1135,,ASP,NEAR_SHELL,17731,,,
374,B,1137,,ARG,DIRECT,17731,,,
374,B,1137,,ARG,NEAR_SHELL,17731,,,
374,B,1140,,ASP,DIRECT,17731,,,
374,B,1140,,ASP,NEAR_SHELL,17731,,,
374,B,1141,,SER,DIRECT,17731,Q9H9B1,1172,MATCH
374,B,1141,,SER,NEAR_SHELL,17731,Q9H9B1,1172,MATCH
374,B,1143,,LEU,DIRECT,17731,,,
374,B,1143,,LEU,NEAR_SHELL,17731,,,
374,B,1144,,PHE,NEAR_SHELL,17731,,,
374,B,1145,,ASP,DIRECT,17731,,,
374,B,1145,,ASP,NEAR_SHELL,17731,,,
374,B,1147,,ASP,DIRECT,17731,,,
374,B,1147,,ASP,NEAR_SHELL,17731,,,
374,B,1153,,VAL,DIRECT,17731,,,
374,B,1153,,VAL,NEAR_SHELL,17731,,,
374,B,1154,,TYR,NEAR_SHELL,17731,,,
374,B,1155,,CYS,NEAR_SHELL,17731,,,
374,B,1168,,ILE,NEAR_SHELL,17731,Q9H9B1,1199,MATCH
374,B,1209,,PHE,DIRECT,17731,,,
374,B,1209,,PHE,NEAR_SHELL,17731,,,
374,B,1211,,TYR,DIRECT,17731,Q9H9B1,1242,MATCH
374,B,1211,,TYR,NEAR_SHELL,17731,Q9H9B1,1242,MATCH
374,B,1212,,GLY,NEAR_SHELL,17731,,,
374,B,1214,,ARG,DIRECT,17731,,,
374,B,1214,,ARG,NEAR_SHELL,17731,,,
374,B,1215,,PHE,DIRECT,17731,Q9H9B1,1246,MATCH
374,B,1215,,PHE,NEAR_SHELL,17731,Q9H9B1,1246,MATCH
374,B,1218,,ILE,DIRECT,17731,,,
374,B,1218,,ILE,NEAR_SHELL,17731,,,
374,B,1219,,LYS,DIRECT,17731,Q9H9B1,1250,MATCH
374,B,1219,,LYS,NEAR_SHELL,17731,Q9H9B1,1250,MATCH
375,B,1104,,ASP,NEAR_SHELL,17731,Q9H9B1,1135,MATCH
375,B,1105,,MET,DIRECT,17731,Q9H9B1,1136,MATCH
375,B,1105,,MET,NEAR_SHELL,17731,Q9H9B1,1136,MATCH
375,B,1106,,GLY,DIRECT,17731,Q9H9B1,1137,MATCH
375,B,1106,,GLY,NEAR_SHELL,17731,Q9H9B1,1137,MATCH
375,B,1107,,TRP,DIRECT,17731,Q9H9B1,1138,MATCH
375,B,1107,,TRP,NEAR_SHELL,17731,Q9H9B1,1138,MATCH
375,B,1141,,SER,DIRECT,17731,Q9H9B1,1172,MATCH
375,B,1141,,SER,NEAR_SHELL,17731,Q9H9B1,1172,MATCH
375,B,1142,,TYR,DIRECT,17731,Q9H9B1,1173,MATCH
375,B,1142,,TYR,NEAR_SHELL,17731,Q9H9B1,1173,MATCH
375,B,1166,,ARG,DIRECT,17731,Q9H9B1,1197,MATCH
375,B,1166,,ARG,NEAR_SHELL,17731,Q9H9B1,1197,MATCH
375,B,1167,,PHE,NEAR_SHELL,17731,Q9H9B1,1198,MATCH
375,B,1168,,ILE,DIRECT,17731,Q9H9B1,1199,MATCH
375,B,1168,,ILE,NEAR_SHELL,17731,Q9H9B1,1199,MATCH
375,B,1211,,TYR,DIRECT,17731,Q9H9B1,1242,MATCH
375,B,1211,,TYR,NEAR_SHELL,17731,Q9H9B1,1242,MATCH
375,B,1215,,PHE,NEAR_SHELL,17731,Q9H9B1,1246,MATCH
375,B,1219,,LYS,NEAR_SHELL,17731,Q9H9B1,1250,MATCH
375,B,1223,,PHE,NEAR_SHELL,17731,Q9H9B1,1254,MATCH
375,B,1224,,SER,DIRECT,17731,Q9H9B1,1255,MATCH
375,B,1224,,SER,NEAR_SHELL,17731,Q9H9B1,1255,MATCH
375,B,1226,,ARG,NEAR_SHELL,17731,Q9H9B1,1257,MATCH
376,A,13,,ASN,NEAR_SHELL,17626,Q9H7B4,13,SUBSTITUTION
376,A,14,,ARG,DIRECT,17626,Q9H7B4,14,MATCH
376,A,14,,ARG,NEAR_SHELL,17626,Q9H7B4,14,MATCH
376,A,15,,GLY,NEAR_SHELL,17626,Q9H7B4,15,MATCH
376,A,130,,GLU,NEAR_SHELL,17626,Q9H7B4,130,MATCH
376,A,132,,ASN,DIRECT,17626,Q9H7B4,132,MATCH
376,A,132,,ASN,NEAR_SHELL,17626,Q9H7B4,132,MATCH
376,A,135,,LYS,NEAR_SHELL,17626,Q9H7B4,135,MATCH
376,A,180,,CYS,NEAR_SHELL,17626,Q9H7B4,180,MATCH
376,A,181,,ASN,DIRECT,17626,Q9H7B4,181,MATCH
376,A,181,,ASN,NEAR_SHELL,17626,Q9H7B4,181,MATCH
376,A,202,,SER,DIRECT,17626,Q9H7B4,202,MATCH
376,A,202,,SER,NEAR_SHELL,17626,Q9H7B4,202,MATCH
376,A,204,,LEU,DIRECT,17626,Q9H7B4,204,MATCH
376,A,204,,LEU,NEAR_SHELL,17626,Q9H7B4,204,MATCH
376,A,239,,TYR,DIRECT,17626,Q9H7B4,239,MATCH
376,A,239,,TYR,NEAR_SHELL,17626,Q9H7B4,239,MATCH
376,A,256,,GLN,NEAR_SHELL,17626,Q9H7B4,256,MATCH
376,A,257,,TYR,NEAR_SHELL,17626,Q9H7B4,257,MATCH
376,A,258,,CYS,NEAR_SHELL,17626,Q9H7B4,258,MATCH
377,A,180,,CYS,DIRECT,17626,Q9H7B4,180,MATCH
377,A,180,,CYS,NEAR_SHELL,17626,Q9H7B4,180,MATCH
377,A,181,,ASN,DIRECT,17626,Q9H7B4,181,MATCH
377,A,181,,ASN,NEAR_SHELL,17626,Q9H7B4,181,MATCH
377,A,182,,SER,DIRECT,17626,,,
377,A,182,,SER,NEAR_SHELL,17626,,,
377,A,183,,PHE,DIRECT,17626,,,
377,A,183,,PHE,NEAR_SHELL,17626,,,
377,A,184,,THR,DIRECT,17626,,,
377,A,184,,THR,NEAR_SHELL,17626,,,
377,A,186,,CYS,DIRECT,17626,,,
377,A,186,,CYS,NEAR_SHELL,17626,,,
377,A,190,,MET,DIRECT,17626,,,
377,A,190,,MET,NEAR_SHELL,17626,,,
377,A,192,,GLU,DIRECT,17626,,,
377,A,192,,GLU,NEAR_SHELL,17626,,,
377,A,202,,SER,DIRECT,17626,Q9H7B4,202,MATCH
377,A,202,,SER,NEAR_SHELL,17626,Q9H7B4,202,MATCH
377,A,204,,LEU,NEAR_SHELL,17626,Q9H7B4,204,MATCH
377,A,214,,ILE,NEAR_SHELL,17626,,,
377,A,216,,PHE,NEAR_SHELL,17626,,,
377,A,237,,ILE,DIRECT,17626,,,
377,A,237,,ILE,NEAR_SHELL,17626,,,
377,A,238,,CYS,NEAR_SHELL,17626,,,
377,A,239,,TYR,DIRECT,17626,Q9H7B4,239,MATCH
377,A,239,,TYR,NEAR_SHELL,17626,Q9H7B4,239,MATCH
377,A,240,,LEU,NEAR_SHELL,17626,,,
377,A,241,,ASP,DIRECT,17626,,,
377,A,241,,ASP,NEAR_SHELL,17626,,,
377,A,242,,MET,NEAR_SHELL,17626,,,
377,A,256,,GLN,NEAR_SHELL,17626,Q9H7B4,256,MATCH
377,A,257,,TYR,DIRECT,17626,Q9H7B4,257,MATCH
377,A,257,,TYR,NEAR_SHELL,17626,Q9H7B4,257,MATCH
377,A,290,,LEU,DIRECT,17626,,,
377,A,290,,LEU,NEAR_SHELL,17626,,,
377,A,294,,GLU,DIRECT,17626,,,
377,A,294,,GLU,NEAR_SHELL,17626,,,
377,A,295,,GLU,NEAR_SHELL,17626,,,
377,A,297,,LYS,NEAR_SHELL,17626,,,
377,A,329,,LYS,DIRECT,17626,,,
377,A,329,,LYS,NEAR_SHELL,17626,,,
377,A,333,,CYS,DIRECT,17626,,,
377,A,333,,CYS,NEAR_SHELL,17626,,,
377,A,362,,PHE,NEAR_SHELL,17626,,,
377,A,366,,HIS,DIRECT,17626,,,
377,A,366,,HIS,NEAR_SHELL,17626,,,
377,A,367,,PRO,NEAR_SHELL,17626,,,
377,A,368,,VAL,DIRECT,17626,,,
377,A,368,,VAL,NEAR_SHELL,17626,,,
378,A,180,,CYS,DIRECT,17626,Q9H7B4,180,MATCH
378,A,180,,CYS,NEAR_SHELL,17626,Q9H7B4,180,MATCH
378,A,181,,ASN,NEAR_SHELL,17626,Q9H7B4,181,MATCH
378,A,182,,SER,DIRECT,17626,,,
378,A,182,,SER,NEAR_SHELL,17626,,,
378,A,183,,PHE,DIRECT,17626,,,
378,A,183,,PHE,NEAR_SHELL,17626,,,
378,A,184,,THR,DIRECT,17626,,,
378,A,184,,THR,NEAR_SHELL,17626,,,
378,A,186,,CYS,DIRECT,17626,,,
378,A,186,,CYS,NEAR_SHELL,17626,,,
378,A,190,,MET,DIRECT,17626,,,
378,A,190,,MET,NEAR_SHELL,17626,,,
378,A,192,,GLU,DIRECT,17626,,,
378,A,192,,GLU,NEAR_SHELL,17626,,,
378,A,202,,SER,NEAR_SHELL,17626,Q9H7B4,202,MATCH
378,A,204,,LEU,NEAR_SHELL,17626,Q9H7B4,204,MATCH
378,A,214,,ILE,NEAR_SHELL,17626,,,
378,A,216,,PHE,NEAR_SHELL,17626,,,
378,A,237,,ILE,DIRECT,17626,,,
378,A,237,,ILE,NEAR_SHELL,17626,,,
378,A,238,,CYS,NEAR_SHELL,17626,,,
378,A,239,,TYR,DIRECT,17626,Q9H7B4,239,MATCH
378,A,239,,TYR,NEAR_SHELL,17626,Q9H7B4,239,MATCH
378,A,240,,LEU,NEAR_SHELL,17626,,,
378,A,241,,ASP,DIRECT,17626,,,
378,A,241,,ASP,NEAR_SHELL,17626,,,
378,A,242,,MET,NEAR_SHELL,17626,,,
378,A,256,,GLN,NEAR_SHELL,17626,Q9H7B4,256,MATCH
378,A,257,,TYR,DIRECT,17626,Q9H7B4,257,MATCH
378,A,257,,TYR,NEAR_SHELL,17626,Q9H7B4,257,MATCH
378,A,290,,LEU,DIRECT,17626,,,
378,A,290,,LEU,NEAR_SHELL,17626,,,
378,A,294,,GLU,DIRECT,17626,,,
378,A,294,,GLU,NEAR_SHELL,17626,,,
378,A,295,,GLU,NEAR_SHELL,17626,,,
378,A,297,,LYS,NEAR_SHELL,17626,,,
378,A,329,,LYS,DIRECT,17626,,,
378,A,329,,LYS,NEAR_SHELL,17626,,,
378,A,333,,CYS,DIRECT,17626,,,
378,A,333,,CYS,NEAR_SHELL,17626,,,
378,A,362,,PHE,NEAR_SHELL,17626,,,
378,A,366,,HIS,DIRECT,17626,,,
378,A,366,,HIS,NEAR_SHELL,17626,,,
378,A,367,,PRO,NEAR_SHELL,17626,,,
378,A,368,,VAL,DIRECT,17626,,,
378,A,368,,VAL,NEAR_SHELL,17626,,,
379,A,74,,ARG,DIRECT,6775,,,
379,A,74,,ARG,DIRECT,11571,,,
379,A,74,,ARG,NEAR_SHELL,6775,,,
379,A,74,,ARG,NEAR_SHELL,11571,,,
379,A,102,,GLU,DIRECT,6775,,,
379,A,102,,GLU,DIRECT,11571,,,
379,A,102,,GLU,NEAR_SHELL,6775,,,
379,A,102,,GLU,NEAR_SHELL,11571,,,
379,A,103,,GLU,DIRECT,6775,,,
379,A,103,,GLU,DIRECT,11571,,,
379,A,103,,GLU,NEAR_SHELL,6775,,,
379,A,103,,GLU,NEAR_SHELL,11571,,,
379,A,104,,GLY,NEAR_SHELL,6775,,,
379,A,104,,GLY,NEAR_SHELL,11571,,,
379,A,105,,PHE,DIRECT,6775,,,
379,A,105,,PHE,DIRECT,11571,,,
379,A,105,,PHE,NEAR_SHELL,6775,,,
379,A,105,,PHE,NEAR_SHELL,11571,,,
379,A,179,,PRO,DIRECT,6775,,,
379,A,179,,PRO,DIRECT,11571,,,
379,A,179,,PRO,NEAR_SHELL,6775,,,
379,A,179,,PRO,NEAR_SHELL,11571,,,
379,A,182,,TYR,NEAR_SHELL,6775,,,
379,A,182,,TYR,NEAR_SHELL,11571,,,
379,A,183,,ASP,NEAR_SHELL,6775,,,
379,A,183,,ASP,NEAR_SHELL,11571,,,
379,A,252,,THR,DIRECT,6775,,,
379,A,252,,THR,DIRECT,11571,,,
379,A,252,,THR,NEAR_SHELL,6775,,,
379,A,252,,THR,NEAR_SHELL,11571,,,
379,A,253,,ARG,DIRECT,6775,,,
379,A,253,,ARG,DIRECT,11571,,,
379,A,253,,ARG,NEAR_SHELL,6775,,,
379,A,253,,ARG,NEAR_SHELL,11571,,,
379,A,274,,ASP,DIRECT,6775,,,
379,A,274,,ASP,DIRECT,11571,,,
379,A,274,,ASP,NEAR_SHELL,6775,,,
379,A,274,,ASP,NEAR_SHELL,11571,,,
379,A,275,,MET,DIRECT,6775,,,
379,A,275,,MET,DIRECT,11571,,,
379,A,275,,MET,NEAR_SHELL,6775,,,
379,A,275,,MET,NEAR_SHELL,11571,,,
379,A,277,,ASN,DIRECT,6775,,,
379,A,277,,ASN,DIRECT,11571,,,
379,A,277,,ASN,NEAR_SHELL,6775,,,
379,A,277,,ASN,NEAR_SHELL,11571,,,
379,A,278,,HIS,DIRECT,6775,,,
379,A,278,,HIS,DIRECT,11571,,,
379,A,278,,HIS,NEAR_SHELL,6775,,,
379,A,278,,HIS,NEAR_SHELL,11571,,,
379,A,312,,TYR,DIRECT,6775,,,
379,A,312,,TYR,DIRECT,11571,,,
379,A,312,,TYR,NEAR_SHELL,6775,,,
379,A,312,,TYR,NEAR_SHELL,11571,,,
379,A,324,,SER,DIRECT,6775,,,
379,A,324,,SER,DIRECT,11571,,,
379,A,324,,SER,NEAR_SHELL,6775,,,
379,A,324,,SER,NEAR_SHELL,11571,,,
379,A,325,,GLY,NEAR_SHELL,6775,,,
379,A,325,,GLY,NEAR_SHELL,11571,,,
379,A,326,,PHE,DIRECT,6775,,,
379,A,326,,PHE,DIRECT,11571,,,
379,A,326,,PHE,NEAR_SHELL,6775,,,
379,A,326,,PHE,NEAR_SHELL,11571,,,
379,A,327,,PHE,NEAR_SHELL,6775,,,
379,A,327,,PHE,NEAR_SHELL,11571,,,
379,A,328,,PHE,DIRECT,6775,,,
379,A,328,,PHE,DIRECT,11571,,,
379,A,328,,PHE,NEAR_SHELL,6775,,,
379,A,328,,PHE,NEAR_SHELL,11571,,,
379,Y,73,,HIS,DIRECT,6775,,,
379,Y,73,,HIS,DIRECT,11571,,,
379,Y,73,,HIS,NEAR_SHELL,6775,,,
379,Y,73,,HIS,NEAR_SHELL,11571,,,
380,A,74,,ARG,DIRECT,11571,Q86TU7,75,MATCH
380,A,74,,ARG,NEAR_SHELL,11571,Q86TU7,75,MATCH
380,A,102,,GLU,DIRECT,11571,Q86TU7,103,MATCH
380,A,102,,GLU,NEAR_SHELL,11571,Q86TU7,103,MATCH
380,A,103,,GLU,DIRECT,11571,Q86TU7,104,MATCH
380,A,103,,GLU,NEAR_SHELL,11571,Q86TU7,104,MATCH
380,A,104,,GLY,NEAR_SHELL,11571,Q86TU7,105,MATCH
380,A,105,,PHE,DIRECT,11571,Q86TU7,106,MATCH
380,A,105,,PHE,NEAR_SHELL,11571,Q86TU7,106,MATCH
380,A,179,,PRO,DIRECT,11571,Q86TU7,180,MATCH
380,A,179,,PRO,NEAR_SHELL,11571,Q86TU7,180,MATCH
380,A,182,,TYR,NEAR_SHELL,11571,Q86TU7,183,MATCH
380,A,183,,ASP,NEAR_SHELL,11571,Q86TU7,184,MATCH
380,A,253,,ARG,DIRECT,11571,Q86TU7,254,MATCH
380,A,253,,ARG,NEAR_SHELL,11571,Q86TU7,254,MATCH
380,A,325,,GLY,NEAR_SHELL,11571,Q86TU7,326,MATCH
380,A,326,,PHE,DIRECT,11571,Q86TU7,327,MATCH
380,A,326,,PHE,NEAR_SHELL,11571,Q86TU7,327,MATCH
380,A,327,,PHE,NEAR_SHELL,11571,Q86TU7,328,MATCH
380,A,328,,PHE,DIRECT,11571,Q86TU7,329,MATCH
380,A,328,,PHE,NEAR_SHELL,11571,Q86TU7,329,MATCH
381,A,74,,ARG,DIRECT,11571,Q86TU7,75,MATCH
381,A,74,,ARG,NEAR_SHELL,11571,Q86TU7,75,MATCH
381,A,102,,GLU,DIRECT,11571,Q86TU7,103,MATCH
381,A,102,,GLU,NEAR_SHELL,11571,Q86TU7,103,MATCH
381,A,103,,GLU,DIRECT,11571,Q86TU7,104,MATCH
381,A,103,,GLU,NEAR_SHELL,11571,Q86TU7,104,MATCH
381,A,104,,GLY,NEAR_SHELL,11571,Q86TU7,105,MATCH
381,A,105,,PHE,DIRECT,11571,Q86TU7,106,MATCH
381,A,105,,PHE,NEAR_SHELL,11571,Q86TU7,106,MATCH
381,A,179,,PRO,DIRECT,11571,Q86TU7,180,MATCH
381,A,179,,PRO,NEAR_SHELL,11571,Q86TU7,180,MATCH
381,A,182,,TYR,NEAR_SHELL,11571,Q86TU7,183,MATCH
381,A,183,,ASP,NEAR_SHELL,11571,Q86TU7,184,MATCH
381,A,253,,ARG,DIRECT,11571,Q86TU7,254,MATCH
381,A,253,,ARG,NEAR_SHELL,11571,Q86TU7,254,MATCH
381,A,278,,HIS,DIRECT,11571,Q86TU7,279,MATCH
381,A,278,,HIS,NEAR_SHELL,11571,Q86TU7,279,MATCH
381,A,309,,TYR,NEAR_SHELL,11571,Q86TU7,310,MATCH
381,A,325,,GLY,NEAR_SHELL,11571,Q86TU7,326,MATCH
381,A,326,,PHE,DIRECT,11571,Q86TU7,327,MATCH
381,A,326,,PHE,NEAR_SHELL,11571,Q86TU7,327,MATCH
381,A,327,,PHE,NEAR_SHELL,11571,Q86TU7,328,MATCH
381,A,328,,PHE,DIRECT,11571,Q86TU7,329,MATCH
381,A,328,,PHE,NEAR_SHELL,11571,Q86TU7,329,MATCH
382,A,13,,ASN,NEAR_SHELL,17626,Q9H7B4,13,SUBSTITUTION
382,A,14,,ARG,DIRECT,17626,Q9H7B4,14,MATCH
382,A,14,,ARG,NEAR_SHELL,17626,Q9H7B4,14,MATCH
382,A,15,,GLY,NEAR_SHELL,17626,Q9H7B4,15,MATCH
382,A,130,,GLU,NEAR_SHELL,17626,Q9H7B4,130,MATCH
382,A,132,,ASN,DIRECT,17626,Q9H7B4,132,MATCH
382,A,132,,ASN,NEAR_SHELL,17626,Q9H7B4,132,MATCH
382,A,135,,LYS,NEAR_SHELL,17626,Q9H7B4,135,MATCH
382,A,180,,CYS,NEAR_SHELL,17626,Q9H7B4,180,MATCH
382,A,181,,ASN,DIRECT,17626,Q9H7B4,181,MATCH
382,A,181,,ASN,NEAR_SHELL,17626,Q9H7B4,181,MATCH
382,A,202,,SER,DIRECT,17626,Q9H7B4,202,MATCH
382,A,202,,SER,NEAR_SHELL,17626,Q9H7B4,202,MATCH
382,A,204,,LEU,DIRECT,17626,Q9H7B4,204,MATCH
382,A,204,,LEU,NEAR_SHELL,17626,Q9H7B4,204,MATCH
382,A,239,,TYR,DIRECT,17626,Q9H7B4,239,MATCH
382,A,239,,TYR,NEAR_SHELL,17626,Q9H7B4,239,MATCH
382,A,256,,GLN,NEAR_SHELL,17626,Q9H7B4,256,MATCH
382,A,257,,TYR,NEAR_SHELL,17626,Q9H7B4,257,MATCH
382,A,258,,CYS,NEAR_SHELL,17626,Q9H7B4,258,MATCH
383,A,180,,CYS,DIRECT,17626,Q9H7B4,180,MATCH
383,A,180,,CYS,NEAR_SHELL,17626,Q9H7B4,180,MATCH
383,A,181,,ASN,DIRECT,17626,Q9H7B4,181,MATCH
383,A,181,,ASN,NEAR_SHELL,17626,Q9H7B4,181,MATCH
383,A,182,,SER,DIRECT,17626,,,
383,A,182,,SER,NEAR_SHELL,17626,,,
383,A,183,,PHE,DIRECT,17626,,,
383,A,183,,PHE,NEAR_SHELL,17626,,,
383,A,184,,THR,DIRECT,17626,,,
383,A,184,,THR,NEAR_SHELL,17626,,,
383,A,186,,CYS,DIRECT,17626,,,
383,A,186,,CYS,NEAR_SHELL,17626,,,
383,A,190,,MET,DIRECT,17626,,,
383,A,190,,MET,NEAR_SHELL,17626,,,
383,A,192,,GLU,DIRECT,17626,,,
383,A,192,,GLU,NEAR_SHELL,17626,,,
383,A,202,,SER,DIRECT,17626,Q9H7B4,202,MATCH
383,A,202,,SER,NEAR_SHELL,17626,Q9H7B4,202,MATCH
383,A,204,,LEU,NEAR_SHELL,17626,Q9H7B4,204,MATCH
383,A,214,,ILE,NEAR_SHELL,17626,,,
383,A,216,,PHE,NEAR_SHELL,17626,,,
383,A,237,,ILE,DIRECT,17626,,,
383,A,237,,ILE,NEAR_SHELL,17626,,,
383,A,238,,CYS,NEAR_SHELL,17626,,,
383,A,239,,TYR,DIRECT,17626,Q9H7B4,239,MATCH
383,A,239,,TYR,NEAR_SHELL,17626,Q9H7B4,239,MATCH
383,A,240,,LEU,NEAR_SHELL,17626,,,
383,A,241,,ASP,DIRECT,17626,,,
383,A,241,,ASP,NEAR_SHELL,17626,,,
383,A,242,,MET,NEAR_SHELL,17626,,,
383,A,256,,GLN,NEAR_SHELL,17626,Q9H7B4,256,MATCH
383,A,257,,TYR,DIRECT,17626,Q9H7B4,257,MATCH
383,A,257,,TYR,NEAR_SHELL,17626,Q9H7B4,257,MATCH
383,A,290,,LEU,DIRECT,17626,,,
383,A,290,,LEU,NEAR_SHELL,17626,,,
383,A,294,,GLU,DIRECT,17626,,,
383,A,294,,GLU,NEAR_SHELL,17626,,,
383,A,295,,GLU,NEAR_SHELL,17626,,,
383,A,297,,LYS,NEAR_SHELL,17626,,,
383,A,329,,LYS,DIRECT,17626,,,
383,A,329,,LYS,NEAR_SHELL,17626,,,
383,A,333,,CYS,DIRECT,17626,,,
383,A,333,,CYS,NEAR_SHELL,17626,,,
383,A,362,,PHE,NEAR_SHELL,17626,,,
383,A,366,,HIS,DIRECT,17626,,,
383,A,366,,HIS,NEAR_SHELL,17626,,,
383,A,367,,PRO,NEAR_SHELL,17626,,,
383,A,368,,VAL,DIRECT,17626,,,
383,A,368,,VAL,NEAR_SHELL,17626,,,
384,A,180,,CYS,DIRECT,17626,Q9H7B4,180,MATCH
384,A,180,,CYS,NEAR_SHELL,17626,Q9H7B4,180,MATCH
384,A,181,,ASN,NEAR_SHELL,17626,Q9H7B4,181,MATCH
384,A,182,,SER,DIRECT,17626,,,
384,A,182,,SER,NEAR_SHELL,17626,,,
384,A,183,,PHE,DIRECT,17626,,,
384,A,183,,PHE,NEAR_SHELL,17626,,,
384,A,184,,THR,DIRECT,17626,,,
384,A,184,,THR,NEAR_SHELL,17626,,,
384,A,186,,CYS,DIRECT,17626,,,
384,A,186,,CYS,NEAR_SHELL,17626,,,
384,A,190,,MET,DIRECT,17626,,,
384,A,190,,MET,NEAR_SHELL,17626,,,
384,A,192,,GLU,DIRECT,17626,,,
384,A,192,,GLU,NEAR_SHELL,17626,,,
384,A,202,,SER,NEAR_SHELL,17626,Q9H7B4,202,MATCH
384,A,204,,LEU,NEAR_SHELL,17626,Q9H7B4,204,MATCH
384,A,214,,ILE,NEAR_SHELL,17626,,,
384,A,216,,PHE,NEAR_SHELL,17626,,,
384,A,237,,ILE,DIRECT,17626,,,
384,A,237,,ILE,NEAR_SHELL,17626,,,
384,A,238,,CYS,NEAR_SHELL,17626,,,
384,A,239,,TYR,DIRECT,17626,Q9H7B4,239,MATCH
384,A,239,,TYR,NEAR_SHELL,17626,Q9H7B4,239,MATCH
384,A,240,,LEU,NEAR_SHELL,17626,,,
384,A,241,,ASP,DIRECT,17626,,,
384,A,241,,ASP,NEAR_SHELL,17626,,,
384,A,242,,MET,NEAR_SHELL,17626,,,
384,A,256,,GLN,NEAR_SHELL,17626,Q9H7B4,256,MATCH
384,A,257,,TYR,DIRECT,17626,Q9H7B4,257,MATCH
384,A,257,,TYR,NEAR_SHELL,17626,Q9H7B4,257,MATCH
384,A,290,,LEU,DIRECT,17626,,,
384,A,290,,LEU,NEAR_SHELL,17626,,,
384,A,294,,GLU,DIRECT,17626,,,
384,A,294,,GLU,NEAR_SHELL,17626,,,
384,A,295,,GLU,NEAR_SHELL,17626,,,
384,A,297,,LYS,NEAR_SHELL,17626,,,
384,A,329,,LYS,DIRECT,17626,,,
384,A,329,,LYS,NEAR_SHELL,17626,,,
384,A,333,,CYS,DIRECT,17626,,,
384,A,333,,CYS,NEAR_SHELL,17626,,,
384,A,362,,PHE,NEAR_SHELL,17626,,,
384,A,366,,HIS,DIRECT,17626,,,
384,A,366,,HIS,NEAR_SHELL,17626,,,
384,A,367,,PRO,NEAR_SHELL,17626,,,
384,A,368,,VAL,DIRECT,17626,,,
384,A,368,,VAL,NEAR_SHELL,17626,,,
385,A,13,,ASN,NEAR_SHELL,17626,Q9H7B4,13,SUBSTITUTION
385,A,14,,ARG,DIRECT,17626,Q9H7B4,14,MATCH
385,A,14,,ARG,NEAR_SHELL,17626,Q9H7B4,14,MATCH
385,A,15,,GLY,NEAR_SHELL,17626,Q9H7B4,15,MATCH
385,A,16,,ASN,DIRECT,17626,Q9H7B4,16,MATCH
385,A,16,,ASN,NEAR_SHELL,17626,Q9H7B4,16,MATCH
385,A,124,,TYR,DIRECT,17626,Q9H7B4,124,MATCH
385,A,124,,TYR,NEAR_SHELL,17626,Q9H7B4,124,MATCH
385,A,130,,GLU,DIRECT,17626,Q9H7B4,130,MATCH
385,A,130,,GLU,NEAR_SHELL,17626,Q9H7B4,130,MATCH
385,A,132,,ASN,DIRECT,17626,Q9H7B4,132,MATCH
385,A,132,,ASN,NEAR_SHELL,17626,Q9H7B4,132,MATCH
385,A,135,,LYS,NEAR_SHELL,17626,Q9H7B4,135,MATCH
385,A,180,,CYS,DIRECT,17626,Q9H7B4,180,MATCH
385,A,180,,CYS,NEAR_SHELL,17626,Q9H7B4,180,MATCH
385,A,181,,ASN,DIRECT,17626,Q9H7B4,181,MATCH
385,A,181,,ASN,NEAR_SHELL,17626,Q9H7B4,181,MATCH
385,A,183,,PHE,NEAR_SHELL,17626,Q9H7B4,183,MATCH
385,A,202,,SER,DIRECT,17626,Q9H7B4,202,MATCH
385,A,202,,SER,NEAR_SHELL,17626,Q9H7B4,202,MATCH
385,A,204,,LEU,DIRECT,17626,Q9H7B4,204,MATCH
385,A,204,,LEU,NEAR_SHELL,17626,Q9H7B4,204,MATCH
385,A,205,,ASN,DIRECT,17626,Q9H7B4,205,MATCH
385,A,205,,ASN,NEAR_SHELL,17626,Q9H7B4,205,MATCH
385,A,206,,HIS,DIRECT,17626,Q9H7B4,206,MATCH
385,A,206,,HIS,NEAR_SHELL,17626,Q9H7B4,206,MATCH
385,A,207,,SER,NEAR_SHELL,17626,Q9H7B4,207,MATCH
385,A,239,,TYR,DIRECT,17626,Q9H7B4,239,MATCH
385,A,239,,TYR,NEAR_SHELL,17626,Q9H7B4,239,MATCH
385,A,257,,TYR,DIRECT,17626,Q9H7B4,257,MATCH
385,A,257,,TYR,NEAR_SHELL,17626,Q9H7B4,257,MATCH
385,A,258,,CYS,NEAR_SHELL,17626,Q9H7B4,258,MATCH
385,A,259,,PHE,DIRECT,17626,Q9H7B4,259,MATCH
385,A,259,,PHE,NEAR_SHELL,17626,Q9H7B4,259,MATCH
385,A,260,,GLU,NEAR_SHELL,17626,Q9H7B4,260,MATCH
385,A,261,,CYS,NEAR_SHELL,17626,Q9H7B4,261,MATCH
385,A,262,,ASP,NEAR_SHELL,17626,Q9H7B4,262,MATCH
386,A,180,,CYS,DIRECT,17626,Q9H7B4,180,MATCH
386,A,180,,CYS,NEAR_SHELL,17626,Q9H7B4,180,MATCH
386,A,181,,ASN,DIRECT,17626,Q9H7B4,181,MATCH
386,A,181,,ASN,NEAR_SHELL,17626,Q9H7B4,181,MATCH
386,A,182,,SER,DIRECT,17626,,,
386,A,182,,SER,NEAR_SHELL,17626,,,
386,A,183,,PHE,DIRECT,17626,Q9H7B4,183,MATCH
386,A,183,,PHE,NEAR_SHELL,17626,Q9H7B4,183,MATCH
386,A,184,,THR,DIRECT,17626,,,
386,A,184,,THR,NEAR_SHELL,17626,,,
386,A,186,,CYS,DIRECT,17626,,,
386,A,186,,CYS,NEAR_SHELL,17626,,,
386,A,190,,MET,DIRECT,17626,,,
386,A,190,,MET,NEAR_SHELL,17626,,,
386,A,192,,GLU,NEAR_SHELL,17626,,,
386,A,202,,SER,NEAR_SHELL,17626,Q9H7B4,202,MATCH
386,A,204,,LEU,NEAR_SHELL,17626,Q9H7B4,204,MATCH
386,A,214,,ILE,DIRECT,17626,,,
386,A,214,,ILE,NEAR_SHELL,17626,,,
386,A,216,,PHE,NEAR_SHELL,17626,,,
386,A,237,,ILE,DIRECT,17626,,,
386,A,237,,ILE,NEAR_SHELL,17626,,,
386,A,238,,CYS,NEAR_SHELL,17626,,,
386,A,239,,TYR,DIRECT,17626,Q9H7B4,239,MATCH
386,A,239,,TYR,NEAR_SHELL,17626,Q9H7B4,239,MATCH
386,A,240,,LEU,NEAR_SHELL,17626,,,
386,A,241,,ASP,DIRECT,17626,,,
386,A,241,,ASP,NEAR_SHELL,17626,,,
386,A,242,,MET,NEAR_SHELL,17626,,,
386,A,257,,TYR,DIRECT,17626,Q9H7B4,257,MATCH
386,A,257,,TYR,NEAR_SHELL,17626,Q9H7B4,257,MATCH
386,A,297,,LYS,NEAR_SHELL,17626,,,
386,A,362,,PHE,NEAR_SHELL,17626,,,
386,A,366,,HIS,NEAR_SHELL,17626,,,
386,A,367,,PRO,NEAR_SHELL,17626,,,
386,A,368,,VAL,DIRECT,17626,,,
386,A,368,,VAL,NEAR_SHELL,17626,,,
387,A,180,,CYS,DIRECT,17626,Q9H7B4,180,MATCH
387,A,180,,CYS,NEAR_SHELL,17626,Q9H7B4,180,MATCH
387,A,181,,ASN,DIRECT,17626,Q9H7B4,181,MATCH
387,A,181,,ASN,NEAR_SHELL,17626,Q9H7B4,181,MATCH
387,A,182,,SER,DIRECT,17626,,,
387,A,182,,SER,NEAR_SHELL,17626,,,
387,A,183,,PHE,DIRECT,17626,Q9H7B4,183,MATCH
387,A,183,,PHE,NEAR_SHELL,17626,Q9H7B4,183,MATCH
387,A,184,,THR,DIRECT,17626,,,
387,A,184,,THR,NEAR_SHELL,17626,,,
387,A,186,,CYS,DIRECT,17626,,,
387,A,186,,CYS,NEAR_SHELL,17626,,,
387,A,190,,MET,DIRECT,17626,,,
387,A,190,,MET,NEAR_SHELL,17626,,,
387,A,192,,GLU,NEAR_SHELL,17626,,,
387,A,202,,SER,NEAR_SHELL,17626,Q9H7B4,202,MATCH
387,A,204,,LEU,NEAR_SHELL,17626,Q9H7B4,204,MATCH
387,A,213,,SER,NEAR_SHELL,17626,,,
387,A,214,,ILE,DIRECT,17626,,,
387,A,214,,ILE,NEAR_SHELL,17626,,,
387,A,215,,VAL,DIRECT,17626,,,
387,A,215,,VAL,NEAR_SHELL,17626,,,
387,A,216,,PHE,NEAR_SHELL,17626,,,
387,A,237,,ILE,DIRECT,17626,,,
387,A,237,,ILE,NEAR_SHELL,17626,,,
387,A,238,,CYS,NEAR_SHELL,17626,,,
387,A,239,,TYR,DIRECT,17626,Q9H7B4,239,MATCH
387,A,239,,TYR,NEAR_SHELL,17626,Q9H7B4,239,MATCH
387,A,240,,LEU,NEAR_SHELL,17626,,,
387,A,241,,ASP,DIRECT,17626,,,
387,A,241,,ASP,NEAR_SHELL,17626,,,
387,A,242,,MET,NEAR_SHELL,17626,,,
387,A,257,,TYR,DIRECT,17626,Q9H7B4,257,MATCH
387,A,257,,TYR,NEAR_SHELL,17626,Q9H7B4,257,MATCH
387,A,362,,PHE,NEAR_SHELL,17626,,,
387,A,366,,HIS,DIRECT,17626,,,
387,A,366,,HIS,NEAR_SHELL,17626,,,
387,A,367,,PRO,DIRECT,17626,,,
387,A,367,,PRO,NEAR_SHELL,17626,,,
387,A,368,,VAL,DIRECT,17626,,,
387,A,368,,VAL,NEAR_SHELL,17626,,,
388,A,47,,TYR,NEAR_SHELL,15566,Q96LA8,47,MATCH
388,A,48,,TYR,DIRECT,15566,Q96LA8,48,MATCH
388,A,48,,TYR,NEAR_SHELL,15566,Q96LA8,48,MATCH
388,A,51,,TYR,DIRECT,15566,Q96LA8,51,MATCH
388,A,51,,TYR,NEAR_SHELL,15566,Q96LA8,51,MATCH
388,A,60,,MET,DIRECT,15566,Q96LA8,60,MATCH
388,A,60,,MET,NEAR_SHELL,15566,Q96LA8,60,MATCH
388,A,139,,PRO,NEAR_SHELL,15566,Q96LA8,139,MATCH
388,A,141,,GLU,DIRECT,15566,Q96LA8,141,MATCH
388,A,141,,GLU,NEAR_SHELL,15566,Q96LA8,141,MATCH
388,A,155,,GLU,DIRECT,15566,Q96LA8,155,MATCH
388,A,155,,GLU,NEAR_SHELL,15566,Q96LA8,155,MATCH
388,A,164,,GLU,NEAR_SHELL,15566,Q96LA8,164,MATCH
388,A,169,,SER,DIRECT,15566,Q96LA8,169,MATCH
388,A,169,,SER,NEAR_SHELL,15566,Q96LA8,169,MATCH
388,A,351,,ARG,NEAR_SHELL,15566,Q96LA8,351,MATCH
389,A,46,,LEU,NEAR_SHELL,15566,,,
389,A,47,,TYR,DIRECT,15566,Q96LA8,47,MATCH
389,A,47,,TYR,NEAR_SHELL,15566,Q96LA8,47,MATCH
389,A,50,,CYS,DIRECT,15566,,,
389,A,50,,CYS,NEAR_SHELL,15566,,,
389,A,51,,TYR,DIRECT,15566,Q96LA8,51,MATCH
389,A,51,,TYR,NEAR_SHELL,15566,Q96LA8,51,MATCH
389,A,56,,VAL,DIRECT,15566,,,
389,A,56,,VAL,NEAR_SHELL,15566,,,
389,A,59,,GLU,DIRECT,15566,,,
389,A,59,,GLU,NEAR_SHELL,15566,,,
389,A,60,,MET,DIRECT,15566,Q96LA8,60,MATCH
389,A,60,,MET,NEAR_SHELL,15566,Q96LA8,60,MATCH
389,A,155,,GLU,DIRECT,15566,Q96LA8,155,MATCH
389,A,155,,GLU,NEAR_SHELL,15566,Q96LA8,155,MATCH
389,A,156,,TRP,DIRECT,15566,,,
389,A,156,,TRP,NEAR_SHELL,15566,,,
389,A,157,,MET,DIRECT,15566,,,
389,A,157,,MET,NEAR_SHELL,15566,,,
389,A,159,,TYR,DIRECT,15566,,,
389,A,159,,TYR,NEAR_SHELL,15566,,,
389,A,163,,HIS,NEAR_SHELL,15566,,,
389,A,164,,GLU,DIRECT,15566,Q96LA8,164,MATCH
389,A,164,,GLU,NEAR_SHELL,15566,Q96LA8,164,MATCH
389,A,317,,HIS,DIRECT,15566,,,
389,A,317,,HIS,NEAR_SHELL,15566,,,
389,A,318,,TRP,DIRECT,15566,,,
389,A,318,,TRP,NEAR_SHELL,15566,,,
390,D,47,,TYR,NEAR_SHELL,15566,Q96LA8,47,MATCH
390,D,48,,TYR,DIRECT,15566,Q96LA8,48,MATCH
390,D,48,,TYR,NEAR_SHELL,15566,Q96LA8,48,MATCH
390,D,51,,TYR,DIRECT,15566,Q96LA8,51,MATCH
390,D,51,,TYR,NEAR_SHELL,15566,Q96LA8,51,MATCH
390,D,60,,MET,DIRECT,15566,Q96LA8,60,MATCH
390,D,60,,MET,NEAR_SHELL,15566,Q96LA8,60,MATCH
390,D,139,,PRO,NEAR_SHELL,15566,Q96LA8,139,MATCH
390,D,141,,GLU,DIRECT,15566,Q96LA8,141,MATCH
390,D,141,,GLU,NEAR_SHELL,15566,Q96LA8,141,MATCH
390,D,155,,GLU,DIRECT,15566,Q96LA8,155,MATCH
390,D,155,,GLU,NEAR_SHELL,15566,Q96LA8,155,MATCH
390,D,164,,GLU,NEAR_SHELL,15566,Q96LA8,164,MATCH
390,D,166,,MET,DIRECT,15566,Q96LA8,166,MATCH
390,D,166,,MET,NEAR_SHELL,15566,Q96LA8,166,MATCH
390,D,169,,SER,DIRECT,15566,Q96LA8,169,MATCH
390,D,169,,SER,NEAR_SHELL,15566,Q96LA8,169,MATCH
390,D,351,,ARG,NEAR_SHELL,15566,Q96LA8,351,MATCH
391,D,46,,LEU,NEAR_SHELL,15566,,,
391,D,47,,TYR,DIRECT,15566,Q96LA8,47,MATCH
391,D,47,,TYR,NEAR_SHELL,15566,Q96LA8,47,MATCH
391,D,50,,CYS,DIRECT,15566,,,
391,D,50,,CYS,NEAR_SHELL,15566,,,
391,D,51,,TYR,DIRECT,15566,Q96LA8,51,MATCH
391,D,51,,TYR,NEAR_SHELL,15566,Q96LA8,51,MATCH
391,D,56,,VAL,DIRECT,15566,,,
391,D,56,,VAL,NEAR_SHELL,15566,,,
391,D,59,,GLU,DIRECT,15566,,,
391,D,59,,GLU,NEAR_SHELL,15566,,,
391,D,60,,MET,DIRECT,15566,Q96LA8,60,MATCH
391,D,60,,MET,NEAR_SHELL,15566,Q96LA8,60,MATCH
391,D,155,,GLU,DIRECT,15566,Q96LA8,155,MATCH
391,D,155,,GLU,NEAR_SHELL,15566,Q96LA8,155,MATCH
391,D,156,,TRP,NEAR_SHELL,15566,,,
391,D,157,,MET,DIRECT,15566,,,
391,D,157,,MET,NEAR_SHELL,15566,,,
391,D,159,,TYR,DIRECT,15566,,,
391,D,159,,TYR,NEAR_SHELL,15566,,,
391,D,163,,HIS,NEAR_SHELL,15566,,,
391,D,164,,GLU,DIRECT,15566,Q96LA8,164,MATCH
391,D,164,,GLU,NEAR_SHELL,15566,Q96LA8,164,MATCH
391,D,166,,MET,NEAR_SHELL,15566,Q96LA8,166,MATCH
391,D,317,,HIS,DIRECT,15566,,,
391,D,317,,HIS,NEAR_SHELL,15566,,,
391,D,318,,TRP,DIRECT,15566,,,
391,D,318,,TRP,NEAR_SHELL,15566,,,
392,A,13,,ASN,NEAR_SHELL,17626,Q9H7B4,13,SUBSTITUTION
392,A,14,,ARG,DIRECT,17626,Q9H7B4,14,MATCH
392,A,14,,ARG,NEAR_SHELL,17626,Q9H7B4,14,MATCH
392,A,15,,GLY,DIRECT,17626,Q9H7B4,15,MATCH
392,A,15,,GLY,NEAR_SHELL,17626,Q9H7B4,15,MATCH
392,A,16,,ASN,DIRECT,17626,Q9H7B4,16,MATCH
392,A,16,,ASN,NEAR_SHELL,17626,Q9H7B4,16,MATCH
392,A,124,,TYR,DIRECT,17626,Q9H7B4,124,MATCH
392,A,124,,TYR,NEAR_SHELL,17626,Q9H7B4,124,MATCH
392,A,130,,GLU,DIRECT,17626,Q9H7B4,130,MATCH
392,A,130,,GLU,NEAR_SHELL,17626,Q9H7B4,130,MATCH
392,A,132,,ASN,DIRECT,17626,Q9H7B4,132,MATCH
392,A,132,,ASN,NEAR_SHELL,17626,Q9H7B4,132,MATCH
392,A,135,,LYS,NEAR_SHELL,17626,Q9H7B4,135,MATCH
392,A,180,,CYS,DIRECT,17626,Q9H7B4,180,MATCH
392,A,180,,CYS,NEAR_SHELL,17626,Q9H7B4,180,MATCH
392,A,181,,ASN,DIRECT,17626,Q9H7B4,181,MATCH
392,A,181,,ASN,NEAR_SHELL,17626,Q9H7B4,181,MATCH
392,A,183,,PHE,NEAR_SHELL,17626,Q9H7B4,183,MATCH
392,A,202,,SER,DIRECT,17626,Q9H7B4,202,MATCH
392,A,202,,SER,NEAR_SHELL,17626,Q9H7B4,202,MATCH
392,A,204,,LEU,DIRECT,17626,Q9H7B4,204,MATCH
392,A,204,,LEU,NEAR_SHELL,17626,Q9H7B4,204,MATCH
392,A,205,,ASN,DIRECT,17626,Q9H7B4,205,MATCH
392,A,205,,ASN,NEAR_SHELL,17626,Q9H7B4,205,MATCH
392,A,206,,HIS,DIRECT,17626,Q9H7B4,206,MATCH
392,A,206,,HIS,NEAR_SHELL,17626,Q9H7B4,206,MATCH
392,A,207,,SER,NEAR_SHELL,17626,Q9H7B4,207,MATCH
392,A,239,,TYR,DIRECT,17626,Q9H7B4,239,MATCH
392,A,239,,TYR,NEAR_SHELL,17626,Q9H7B4,239,MATCH
392,A,256,,GLN,NEAR_SHELL,17626,Q9H7B4,256,MATCH
392,A,257,,TYR,DIRECT,17626,Q9H7B4,257,MATCH
392,A,257,,TYR,NEAR_SHELL,17626,Q9H7B4,257,MATCH
392,A,258,,CYS,NEAR_SHELL,17626,Q9H7B4,258,MATCH
392,A,259,,PHE,DIRECT,17626,Q9H7B4,259,MATCH
392,A,259,,PHE,NEAR_SHELL,17626,Q9H7B4,259,MATCH
392,A,260,,GLU,NEAR_SHELL,17626,Q9H7B4,260,MATCH
392,A,261,,CYS,NEAR_SHELL,17626,Q9H7B4,261,MATCH
392,A,262,,ASP,NEAR_SHELL,17626,Q9H7B4,262,MATCH
393,A,180,,CYS,DIRECT,17626,Q9H7B4,180,MATCH
393,A,180,,CYS,NEAR_SHELL,17626,Q9H7B4,180,MATCH
393,A,181,,ASN,DIRECT,17626,Q9H7B4,181,MATCH
393,A,181,,ASN,NEAR_SHELL,17626,Q9H7B4,181,MATCH
393,A,182,,SER,DIRECT,17626,,,
393,A,182,,SER,NEAR_SHELL,17626,,,
393,A,183,,PHE,DIRECT,17626,Q9H7B4,183,MATCH
393,A,183,,PHE,NEAR_SHELL,17626,Q9H7B4,183,MATCH
393,A,184,,THR,DIRECT,17626,,,
393,A,184,,THR,NEAR_SHELL,17626,,,
393,A,186,,CYS,DIRECT,17626,,,
393,A,186,,CYS,NEAR_SHELL,17626,,,
393,A,190,,MET,DIRECT,17626,,,
393,A,190,,MET,NEAR_SHELL,17626,,,
393,A,202,,SER,NEAR_SHELL,17626,Q9H7B4,202,MATCH
393,A,204,,LEU,NEAR_SHELL,17626,Q9H7B4,204,MATCH
393,A,213,,SER,NEAR_SHELL,17626,,,
393,A,214,,ILE,NEAR_SHELL,17626,,,
393,A,216,,PHE,NEAR_SHELL,17626,,,
393,A,237,,ILE,DIRECT,17626,,,
393,A,237,,ILE,NEAR_SHELL,17626,,,
393,A,238,,CYS,NEAR_SHELL,17626,,,
393,A,239,,TYR,DIRECT,17626,Q9H7B4,239,MATCH
393,A,239,,TYR,NEAR_SHELL,17626,Q9H7B4,239,MATCH
393,A,240,,LEU,NEAR_SHELL,17626,,,
393,A,241,,ASP,NEAR_SHELL,17626,,,
393,A,242,,MET,NEAR_SHELL,17626,,,
393,A,257,,TYR,DIRECT,17626,Q9H7B4,257,MATCH
393,A,257,,TYR,NEAR_SHELL,17626,Q9H7B4,257,MATCH
393,A,362,,PHE,NEAR_SHELL,17626,,,
393,A,366,,HIS,DIRECT,17626,,,
393,A,366,,HIS,NEAR_SHELL,17626,,,
393,A,367,,PRO,DIRECT,17626,,,
393,A,367,,PRO,NEAR_SHELL,17626,,,
393,A,368,,VAL,DIRECT,17626,,,
393,A,368,,VAL,NEAR_SHELL,17626,,,
394,A,13,,ASN,NEAR_SHELL,17626,Q9H7B4,13,SUBSTITUTION
394,A,14,,ARG,DIRECT,17626,Q9H7B4,14,MATCH
394,A,14,,ARG,NEAR_SHELL,17626,Q9H7B4,14,MATCH
394,A,15,,GLY,DIRECT,17626,Q9H7B4,15,MATCH
394,A,15,,GLY,NEAR_SHELL,17626,Q9H7B4,15,MATCH
394,A,16,,ASN,DIRECT,17626,Q9H7B4,16,MATCH
394,A,16,,ASN,NEAR_SHELL,17626,Q9H7B4,16,MATCH
394,A,124,,TYR,DIRECT,17626,Q9H7B4,124,MATCH
394,A,124,,TYR,NEAR_SHELL,17626,Q9H7B4,124,MATCH
394,A,130,,GLU,DIRECT,17626,Q9H7B4,130,MATCH
394,A,130,,GLU,NEAR_SHELL,17626,Q9H7B4,130,MATCH
394,A,132,,ASN,DIRECT,17626,Q9H7B4,132,MATCH
394,A,132,,ASN,NEAR_SHELL,17626,Q9H7B4,132,MATCH
394,A,135,,LYS,NEAR_SHELL,17626,Q9H7B4,135,MATCH
394,A,180,,CYS,DIRECT,17626,Q9H7B4,180,MATCH
394,A,180,,CYS,NEAR_SHELL,17626,Q9H7B4,180,MATCH
394,A,181,,ASN,DIRECT,17626,Q9H7B4,181,MATCH
394,A,181,,ASN,NEAR_SHELL,17626,Q9H7B4,181,MATCH
394,A,183,,PHE,NEAR_SHELL,17626,Q9H7B4,183,MATCH
394,A,202,,SER,DIRECT,17626,Q9H7B4,202,MATCH
394,A,202,,SER,NEAR_SHELL,17626,Q9H7B4,202,MATCH
394,A,204,,LEU,DIRECT,17626,Q9H7B4,204,MATCH
394,A,204,,LEU,NEAR_SHELL,17626,Q9H7B4,204,MATCH
394,A,205,,ASN,DIRECT,17626,Q9H7B4,205,MATCH
394,A,205,,ASN,NEAR_SHELL,17626,Q9H7B4,205,MATCH
394,A,206,,HIS,DIRECT,17626,Q9H7B4,206,MATCH
394,A,206,,HIS,NEAR_SHELL,17626,Q9H7B4,206,MATCH
394,A,239,,TYR,DIRECT,17626,Q9H7B4,239,MATCH
394,A,239,,TYR,NEAR_SHELL,17626,Q9H7B4,239,MATCH
394,A,256,,GLN,NEAR_SHELL,17626,Q9H7B4,256,MATCH
394,A,257,,TYR,DIRECT,17626,Q9H7B4,257,MATCH
394,A,257,,TYR,NEAR_SHELL,17626,Q9H7B4,257,MATCH
394,A,258,,CYS,NEAR_SHELL,17626,Q9H7B4,258,MATCH
394,A,259,,PHE,DIRECT,17626,Q9H7B4,259,MATCH
394,A,259,,PHE,NEAR_SHELL,17626,Q9H7B4,259,MATCH
394,A,260,,GLU,NEAR_SHELL,17626,Q9H7B4,260,MATCH
394,A,261,,CYS,NEAR_SHELL,17626,Q9H7B4,261,MATCH
394,A,262,,ASP,NEAR_SHELL,17626,Q9H7B4,262,MATCH
395,A,180,,CYS,DIRECT,17626,Q9H7B4,180,MATCH
395,A,180,,CYS,NEAR_SHELL,17626,Q9H7B4,180,MATCH
395,A,181,,ASN,DIRECT,17626,Q9H7B4,181,MATCH
395,A,181,,ASN,NEAR_SHELL,17626,Q9H7B4,181,MATCH
395,A,182,,SER,DIRECT,17626,,,
395,A,182,,SER,NEAR_SHELL,17626,,,
395,A,183,,PHE,DIRECT,17626,Q9H7B4,183,MATCH
395,A,183,,PHE,NEAR_SHELL,17626,Q9H7B4,183,MATCH
395,A,184,,THR,DIRECT,17626,,,
395,A,184,,THR,NEAR_SHELL,17626,,,
395,A,186,,CYS,DIRECT,17626,,,
395,A,186,,CYS,NEAR_SHELL,17626,,,
395,A,190,,MET,DIRECT,17626,,,
395,A,190,,MET,NEAR_SHELL,17626,,,
395,A,192,,GLU,NEAR_SHELL,17626,,,
395,A,202,,SER,NEAR_SHELL,17626,Q9H7B4,202,MATCH
395,A,204,,LEU,NEAR_SHELL,17626,Q9H7B4,204,MATCH
395,A,214,,ILE,NEAR_SHELL,17626,,,
395,A,216,,PHE,NEAR_SHELL,17626,,,
395,A,237,,ILE,DIRECT,17626,,,
395,A,237,,ILE,NEAR_SHELL,17626,,,
395,A,238,,CYS,DIRECT,17626,,,
395,A,238,,CYS,NEAR_SHELL,17626,,,
395,A,239,,TYR,DIRECT,17626,Q9H7B4,239,MATCH
395,A,239,,TYR,NEAR_SHELL,17626,Q9H7B4,239,MATCH
395,A,240,,LEU,DIRECT,17626,,,
395,A,240,,LEU,NEAR_SHELL,17626,,,
395,A,241,,ASP,DIRECT,17626,,,
395,A,241,,ASP,NEAR_SHELL,17626,,,
395,A,242,,MET,NEAR_SHELL,17626,,,
395,A,257,,TYR,DIRECT,17626,Q9H7B4,257,MATCH
395,A,257,,TYR,NEAR_SHELL,17626,Q9H7B4,257,MATCH
395,A,294,,GLU,NEAR_SHELL,17626,,,
395,A,297,,LYS,NEAR_SHELL,17626,,,
395,A,332,,ASP,NEAR_SHELL,17626,,,
395,A,362,,PHE,NEAR_SHELL,17626,,,
395,A,366,,HIS,DIRECT,17626,,,
395,A,366,,HIS,NEAR_SHELL,17626,,,
395,A,367,,PRO,NEAR_SHELL,17626,,,
395,A,368,,VAL,DIRECT,17626,,,
395,A,368,,VAL,NEAR_SHELL,17626,,,
396,A,3,,PRO,NEAR_SHELL,16609,,,
396,A,4,,LYS,DIRECT,16609,,,
396,A,4,,LYS,NEAR_SHELL,16609,,,
396,A,5,,ARG,NEAR_SHELL,16609,,,
396,B,19,,TYR,DIRECT,16609,,,
396,B,19,,TYR,NEAR_SHELL,16609,,,
396,B,20,,TRP,DIRECT,16609,Q9BV86,20,MATCH
396,B,20,,TRP,NEAR_SHELL,16609,Q9BV86,20,MATCH
396,B,30,,MET,DIRECT,16609,Q9BV86,30,MATCH
396,B,30,,MET,NEAR_SHELL,16609,Q9BV86,30,MATCH
396,B,32,,GLY,DIRECT,16609,,,
396,B,32,,GLY,NEAR_SHELL,16609,,,
396,B,136,,TRP,NEAR_SHELL,16609,Q9BV86,136,MATCH
396,B,168,,ASN,NEAR_SHELL,16609,,,
396,B,177,,ASP,DIRECT,16609,,,
396,B,177,,ASP,NEAR_SHELL,16609,,,
396,B,178,,ASP,NEAR_SHELL,16609,,,
396,B,179,,VAL,DIRECT,16609,,,
396,B,179,,VAL,NEAR_SHELL,16609,,,
396,B,180,,ASP,DIRECT,16609,,,
396,B,180,,ASP,NEAR_SHELL,16609,,,
397,A,3,,PRO,DIRECT,16609,,,
397,A,3,,PRO,NEAR_SHELL,16609,,,
397,A,4,,LYS,DIRECT,16609,,,
397,A,4,,LYS,NEAR_SHELL,16609,,,
397,B,20,,TRP,NEAR_SHELL,16609,Q9BV86,20,MATCH
397,B,30,,MET,DIRECT,16609,Q9BV86,30,MATCH
397,B,30,,MET,NEAR_SHELL,16609,Q9BV86,30,MATCH
397,B,32,,GLY,NEAR_SHELL,16609,,,
397,B,136,,TRP,NEAR_SHELL,16609,Q9BV86,136,MATCH
397,B,167,,ASP,NEAR_SHELL,16609,,,
397,B,168,,ASN,DIRECT,16609,,,
397,B,168,,ASN,NEAR_SHELL,16609,,,
397,B,180,,ASP,NEAR_SHELL,16609,,,
398,B,20,,TRP,DIRECT,16609,Q9BV86,20,MATCH
398,B,20,,TRP,NEAR_SHELL,16609,Q9BV86,20,MATCH
398,B,30,,MET,DIRECT,16609,Q9BV86,30,MATCH
398,B,30,,MET,NEAR_SHELL,16609,Q9BV86,30,MATCH
398,B,136,,TRP,DIRECT,16609,Q9BV86,136,MATCH
398,B,136,,TRP,NEAR_SHELL,16609,Q9BV86,136,MATCH
398,B,137,,VAL,NEAR_SHELL,16609,Q9BV86,137,MATCH
398,B,140,,HIS,DIRECT,16609,Q9BV86,140,MATCH
398,B,140,,HIS,NEAR_SHELL,16609,Q9BV86,140,MATCH
399,A,137,,PHE,DIRECT,11774,,,
399,A,137,,PHE,NEAR_SHELL,11774,,,
399,A,140,,ARG,NEAR_SHELL,11774,,,
399,A,149,,TYR,DIRECT,11774,,,
399,A,149,,TYR,NEAR_SHELL,11774,,,
399,A,150,,PHE,DIRECT,11774,,,
399,A,150,,PHE,NEAR_SHELL,11774,,,
399,A,153,,TYR,DIRECT,11774,,,
399,A,153,,TYR,NEAR_SHELL,11774,,,
399,A,159,,GLN,DIRECT,11774,,,
399,A,159,,GLN,NEAR_SHELL,11774,,,
399,A,162,,MET,DIRECT,11774,,,
399,A,162,,MET,NEAR_SHELL,11774,,,
399,A,163,,MET,DIRECT,11774,,,
399,A,163,,MET,NEAR_SHELL,11774,,,
399,A,168,,ARG,DIRECT,11774,,,
399,A,168,,ARG,NEAR_SHELL,11774,,,
399,A,169,,THR,DIRECT,11774,,,
399,A,169,,THR,NEAR_SHELL,11774,,,
399,A,172,,TYR,NEAR_SHELL,11774,,,
399,A,191,,VAL,NEAR_SHELL,11774,,,
399,A,192,,GLY,DIRECT,11774,,,
399,A,192,,GLY,NEAR_SHELL,11774,,,
399,A,193,,CYS,DIRECT,11774,,,
399,A,193,,CYS,NEAR_SHELL,11774,,,
399,A,194,,GLY,DIRECT,11774,,,
399,A,194,,GLY,NEAR_SHELL,11774,,,
399,A,195,,SER,NEAR_SHELL,11774,,,
399,A,197,,ILE,DIRECT,11774,,,
399,A,197,,ILE,NEAR_SHELL,11774,,,
399,A,198,,LEU,DIRECT,11774,,,
399,A,198,,LEU,NEAR_SHELL,11774,,,
399,A,213,,VAL,NEAR_SHELL,11774,,,
399,A,214,,GLU,DIRECT,11774,,,
399,A,214,,GLU,NEAR_SHELL,11774,,,
399,A,215,,ALA,DIRECT,11774,,,
399,A,215,,ALA,NEAR_SHELL,11774,,,
399,A,216,,SER,NEAR_SHELL,11774,,,
399,A,240,,GLY,DIRECT,11774,,,
399,A,240,,GLY,NEAR_SHELL,11774,,,
399,A,241,,LYS,DIRECT,11774,,,
399,A,241,,LYS,NEAR_SHELL,11774,,,
399,A,242,,VAL,DIRECT,11774,,,
399,A,242,,VAL,NEAR_SHELL,11774,,,
399,A,243,,GLU,DIRECT,11774,,,
399,A,243,,GLU,NEAR_SHELL,11774,,,
399,A,257,,GLU,DIRECT,11774,,,
399,A,257,,GLU,NEAR_SHELL,11774,,,
399,A,258,,PRO,NEAR_SHELL,11774,,,
399,A,259,,MET,DIRECT,11774,,,
399,A,259,,MET,NEAR_SHELL,11774,,,
399,A,266,,GLU,NEAR_SHELL,11774,,,
399,A,268,,MET,DIRECT,11774,,,
399,A,268,,MET,NEAR_SHELL,11774,,,
399,A,271,,SER,DIRECT,11774,,,
399,A,271,,SER,NEAR_SHELL,11774,,,
399,A,415,,TRP,NEAR_SHELL,11774,,,
399,A,446,,GLN,NEAR_SHELL,11774,,,
400,C,137,,PHE,NEAR_SHELL,11774,,,
400,C,140,,ARG,NEAR_SHELL,11774,,,
400,C,149,,TYR,DIRECT,11774,,,
400,C,149,,TYR,NEAR_SHELL,11774,,,
400,C,150,,PHE,DIRECT,11774,,,
400,C,150,,PHE,NEAR_SHELL,11774,,,
400,C,153,,TYR,DIRECT,11774,,,
400,C,153,,TYR,NEAR_SHELL,11774,,,
400,C,159,,GLN,DIRECT,11774,,,
400,C,159,,GLN,NEAR_SHELL,11774,,,
400,C,162,,MET,DIRECT,11774,,,
400,C,162,,MET,NEAR_SHELL,11774,,,
400,C,163,,MET,DIRECT,11774,,,
400,C,163,,MET,NEAR_SHELL,11774,,,
400,C,168,,ARG,DIRECT,11774,,,
400,C,168,,ARG,NEAR_SHELL,11774,,,
400,C,169,,THR,DIRECT,11774,,,
400,C,169,,THR,NEAR_SHELL,11774,,,
400,C,172,,TYR,NEAR_SHELL,11774,,,
400,C,191,,VAL,NEAR_SHELL,11774,,,
400,C,192,,GLY,DIRECT,11774,,,
400,C,192,,GLY,NEAR_SHELL,11774,,,
400,C,193,,CYS,DIRECT,11774,,,
400,C,193,,CYS,NEAR_SHELL,11774,,,
400,C,194,,GLY,DIRECT,11774,,,
400,C,194,,GLY,NEAR_SHELL,11774,,,
400,C,195,,SER,NEAR_SHELL,11774,,,
400,C,197,,ILE,DIRECT,11774,,,
400,C,197,,ILE,NEAR_SHELL,11774,,,
400,C,198,,LEU,NEAR_SHELL,11774,,,
400,C,213,,VAL,NEAR_SHELL,11774,,,
400,C,214,,GLU,DIRECT,11774,,,
400,C,214,,GLU,NEAR_SHELL,11774,,,
400,C,215,,ALA,DIRECT,11774,,,
400,C,215,,ALA,NEAR_SHELL,11774,,,
400,C,240,,GLY,DIRECT,11774,,,
400,C,240,,GLY,NEAR_SHELL,11774,,,
400,C,241,,LYS,DIRECT,11774,,,
400,C,241,,LYS,NEAR_SHELL,11774,,,
400,C,242,,VAL,DIRECT,11774,,,
400,C,242,,VAL,NEAR_SHELL,11774,,,
400,C,243,,GLU,DIRECT,11774,,,
400,C,243,,GLU,NEAR_SHELL,11774,,,
400,C,257,,GLU,DIRECT,11774,,,
400,C,257,,GLU,NEAR_SHELL,11774,,,
400,C,259,,MET,DIRECT,11774,,,
400,C,259,,MET,NEAR_SHELL,11774,,,
400,C,266,,GLU,NEAR_SHELL,11774,,,
400,C,268,,MET,DIRECT,11774,,,
400,C,268,,MET,NEAR_SHELL,11774,,,
400,C,271,,SER,DIRECT,11774,,,
400,C,271,,SER,NEAR_SHELL,11774,,,
400,C,415,,TRP,NEAR_SHELL,11774,,,
401,A,129,,GLU,DIRECT,13882,,,
401,A,129,,GLU,NEAR_SHELL,13882,,,
401,A,130,,PRO,DIRECT,13882,,,
401,A,130,,PRO,NEAR_SHELL,13882,,,
401,A,131,,PHE,DIRECT,13882,,,
401,A,131,,PHE,NEAR_SHELL,13882,,,
401,A,136,,TYR,DIRECT,13882,,,
401,A,136,,TYR,NEAR_SHELL,13882,,,
401,A,140,,SER,DIRECT,13882,,,
401,A,140,,SER,NEAR_SHELL,13882,,,
401,A,143,,LEU,DIRECT,13882,,,
401,A,143,,LEU,NEAR_SHELL,13882,,,
401,A,144,,VAL,DIRECT,13882,,,
401,A,144,,VAL,NEAR_SHELL,13882,,,
401,A,147,,MET,DIRECT,13882,,,
401,A,147,,MET,NEAR_SHELL,13882,,,
401,A,169,,VAL,DIRECT,13882,,,
401,A,169,,VAL,NEAR_SHELL,13882,,,
401,A,239,,PHE,DIRECT,13882,,,
401,A,239,,PHE,NEAR_SHELL,13882,,,
401,A,240,,VAL,DIRECT,13882,,,
401,A,240,,VAL,NEAR_SHELL,13882,,,
401,A,241,,ASN,DIRECT,13882,,,
401,A,241,,ASN,NEAR_SHELL,13882,,,
401,A,243,,PHE,DIRECT,13882,,,
401,A,243,,PHE,NEAR_SHELL,13882,,,
401,A,244,,ALA,NEAR_SHELL,13882,,,
401,A,267,,VAL,DIRECT,13882,,,
401,A,267,,VAL,NEAR_SHELL,13882,,,
401,A,268,,SER,DIRECT,13882,,,
401,A,268,,SER,NEAR_SHELL,13882,,,
401,A,269,,SER,DIRECT,13882,,,
401,A,269,,SER,NEAR_SHELL,13882,,,
401,A,310,,VAL,DIRECT,13882,,,
401,A,310,,VAL,NEAR_SHELL,13882,,,
401,A,311,,SER,DIRECT,13882,,,
401,A,311,,SER,NEAR_SHELL,13882,,,
401,A,312,,TYR,DIRECT,13882,,,
401,A,312,,TYR,NEAR_SHELL,13882,,,
401,A,313,,TYR,NEAR_SHELL,13882,,,
402,A,376,,CYS,DIRECT,11585,,,
402,A,376,,CYS,NEAR_SHELL,11585,,,
402,A,377,,ASP,DIRECT,11585,,,
402,A,377,,ASP,NEAR_SHELL,11585,,,
402,A,378,,ILE,DIRECT,11585,,,
402,A,378,,ILE,NEAR_SHELL,11585,,,
402,A,379,,ARG,DIRECT,11585,,,
402,A,379,,ARG,NEAR_SHELL,11585,,,
402,A,395,,ASP,NEAR_SHELL,11585,,,
402,A,396,,PRO,NEAR_SHELL,11585,,,
402,A,397,,PRO,DIRECT,11585,,,
402,A,397,,PRO,NEAR_SHELL,11585,,,
402,A,407,,GLY,DIRECT,11585,,,
402,A,407,,GLY,NEAR_SHELL,11585,,,
402,A,408,,THR,NEAR_SHELL,11585,,,
402,A,409,,LEU,DIRECT,11585,,,
402,A,409,,LEU,NEAR_SHELL,11585,,,
402,A,511,,SER,NEAR_SHELL,11585,,,
402,A,534,,PHE,DIRECT,11585,,,
402,A,534,,PHE,NEAR_SHELL,11585,,,
402,A,535,,GLY,NEAR_SHELL,11585,,,
402,A,536,,ARG,DIRECT,11585,,,
402,A,536,,ARG,NEAR_SHELL,11585,,,
402,A,548,,GLY,DIRECT,11585,,,
402,A,548,,GLY,NEAR_SHELL,11585,,,
402,A,549,,ASN,DIRECT,11585,,,
402,A,549,,ASN,NEAR_SHELL,11585,,,
402,A,550,,GLN,DIRECT,11585,,,
402,A,550,,GLN,NEAR_SHELL,11585,,,
403,A,376,,CYS,DIRECT,11585,,,
403,A,376,,CYS,NEAR_SHELL,11585,,,
403,A,377,,ASP,DIRECT,11585,,,
403,A,377,,ASP,NEAR_SHELL,11585,,,
403,A,378,,ILE,DIRECT,11585,,,
403,A,378,,ILE,NEAR_SHELL,11585,,,
403,A,379,,ARG,DIRECT,11585,,,
403,A,379,,ARG,NEAR_SHELL,11585,,,
403,A,395,,ASP,DIRECT,11585,,,
403,A,395,,ASP,NEAR_SHELL,11585,,,
403,A,396,,PRO,DIRECT,11585,,,
403,A,396,,PRO,NEAR_SHELL,11585,,,
403,A,397,,PRO,DIRECT,11585,,,
403,A,397,,PRO,NEAR_SHELL,11585,,,
403,A,407,,GLY,NEAR_SHELL,11585,,,
403,A,408,,THR,NEAR_SHELL,11585,,,
403,A,409,,LEU,DIRECT,11585,,,
403,A,409,,LEU,NEAR_SHELL,11585,,,
403,A,511,,SER,DIRECT,11585,,,
403,A,511,,SER,NEAR_SHELL,11585,,,
403,A,513,,LYS,DIRECT,11585,,,
403,A,513,,LYS,NEAR_SHELL,11585,,,
403,A,534,,PHE,DIRECT,11585,,,
403,A,534,,PHE,NEAR_SHELL,11585,,,
403,A,535,,GLY,NEAR_SHELL,11585,,,
403,A,536,,ARG,DIRECT,11585,,,
403,A,536,,ARG,NEAR_SHELL,11585,,,
403,A,548,,GLY,DIRECT,11585,,,
403,A,548,,GLY,NEAR_SHELL,11585,,,
403,A,549,,ASN,DIRECT,11585,,,
403,A,549,,ASN,NEAR_SHELL,11585,,,
403,A,550,,GLN,DIRECT,11585,,,
403,A,550,,GLN,NEAR_SHELL,11585,,,
404,A,3838,,ILE,DIRECT,20902,,,
404,A,3838,,ILE,NEAR_SHELL,20902,,,
404,A,3839,,HIS,DIRECT,20902,,,
404,A,3839,,HIS,NEAR_SHELL,20902,,,
404,A,3840,,GLY,DIRECT,20902,,,
404,A,3840,,GLY,NEAR_SHELL,20902,,,
404,A,3841,,ARG,DIRECT,20902,,,
404,A,3841,,ARG,NEAR_SHELL,20902,,,
404,A,3882,,CYS,DIRECT,20902,,,
404,A,3882,,CYS,NEAR_SHELL,20902,,,
404,A,3883,,TYR,DIRECT,20902,,,
404,A,3883,,TYR,NEAR_SHELL,20902,,,
404,A,3884,,MET,NEAR_SHELL,20902,,,
404,A,3903,,ARG,DIRECT,20902,,,
404,A,3903,,ARG,NEAR_SHELL,20902,,,
404,A,3904,,PHE,DIRECT,20902,,,
404,A,3904,,PHE,NEAR_SHELL,20902,,,
404,A,3905,,ILE,NEAR_SHELL,20902,,,
404,A,3906,,ASN,DIRECT,20902,,,
404,A,3906,,ASN,NEAR_SHELL,20902,,,
404,A,3907,,HIS,DIRECT,20902,,,
404,A,3907,,HIS,NEAR_SHELL,20902,,,
404,A,3944,,TYR,DIRECT,20902,,,
404,A,3944,,TYR,NEAR_SHELL,20902,,,
404,A,3946,,PHE,NEAR_SHELL,20902,,,
404,A,3955,,LEU,NEAR_SHELL,20902,,,
404,A,3956,,PRO,DIRECT,20902,,,
404,A,3956,,PRO,NEAR_SHELL,20902,,,
404,A,3957,,CYS,DIRECT,20902,,,
404,A,3957,,CYS,NEAR_SHELL,20902,,,
404,A,3958,,ASN,DIRECT,20902,,,
404,A,3958,,ASN,NEAR_SHELL,20902,,,
404,A,3968,,LEU,DIRECT,20902,,,
404,A,3968,,LEU,NEAR_SHELL,20902,,,
405,A,3838,,ILE,DIRECT,20902,,,
405,A,3838,,ILE,NEAR_SHELL,20902,,,
405,A,3839,,HIS,DIRECT,20902,,,
405,A,3839,,HIS,NEAR_SHELL,20902,,,
405,A,3840,,GLY,DIRECT,20902,,,
405,A,3840,,GLY,NEAR_SHELL,20902,,,
405,A,3841,,ARG,DIRECT,20902,,,
405,A,3841,,ARG,NEAR_SHELL,20902,,,
405,A,3882,,CYS,DIRECT,20902,,,
405,A,3882,,CYS,NEAR_SHELL,20902,,,
405,A,3883,,TYR,DIRECT,20902,,,
405,A,3883,,TYR,NEAR_SHELL,20902,,,
405,A,3903,,ARG,DIRECT,20902,,,
405,A,3903,,ARG,NEAR_SHELL,20902,,,
405,A,3904,,PHE,DIRECT,20902,,,
405,A,3904,,PHE,NEAR_SHELL,20902,,,
405,A,3905,,ILE,NEAR_SHELL,20902,,,
405,A,3906,,ASN,DIRECT,20902,,,
405,A,3906,,ASN,NEAR_SHELL,20902,,,
405,A,3907,,HIS,DIRECT,20902,,,
405,A,3907,,HIS,NEAR_SHELL,20902,,,
405,A,3944,,TYR,DIRECT,20902,,,
405,A,3944,,TYR,NEAR_SHELL,20902,,,
405,A,3956,,PRO,DIRECT,20902,,,
405,A,3956,,PRO,NEAR_SHELL,20902,,,
405,A,3957,,CYS,DIRECT,20902,,,
405,A,3957,,CYS,NEAR_SHELL,20902,,,
405,A,3958,,ASN,DIRECT,20902,,,
405,A,3958,,ASN,NEAR_SHELL,20902,,,
405,A,3968,,LEU,NEAR_SHELL,20902,,,
406,A,239,,ASN,DIRECT,1718,,,
406,A,239,,ASN,NEAR_SHELL,1718,,,
406,A,243,,PHE,DIRECT,1718,,,
406,A,243,,PHE,NEAR_SHELL,1718,,,
406,A,244,,PRO,NEAR_SHELL,1718,,,
406,A,245,,VAL,DIRECT,1718,,,
406,A,245,,VAL,NEAR_SHELL,1718,,,
406,A,276,,GLU,DIRECT,1718,,,
406,A,276,,GLU,NEAR_SHELL,1718,,,
406,A,278,,CYS,DIRECT,1718,,,
406,A,278,,CYS,NEAR_SHELL,1718,,,
406,A,279,,SER,DIRECT,1718,,,
406,A,279,,SER,NEAR_SHELL,1718,,,
406,A,282,,GLN,DIRECT,1718,,,
406,A,282,,GLN,NEAR_SHELL,1718,,,
406,A,283,,TYR,DIRECT,1718,,,
406,A,283,,TYR,NEAR_SHELL,1718,,,
406,A,286,,TYR,DIRECT,1718,,,
406,A,286,,TYR,NEAR_SHELL,1718,,,
407,A,314,,PRO,DIRECT,1718,O14744,314,MATCH
407,A,314,,PRO,NEAR_SHELL,1718,O14744,314,MATCH
407,A,315,,LEU,DIRECT,1718,O14744,315,MATCH
407,A,315,,LEU,NEAR_SHELL,1718,O14744,315,MATCH
407,A,319,,LEU,NEAR_SHELL,1718,O14744,319,MATCH
407,A,324,,TYR,DIRECT,1718,O14744,324,MATCH
407,A,324,,TYR,NEAR_SHELL,1718,O14744,324,MATCH
407,A,327,,PHE,DIRECT,1718,O14744,327,MATCH
407,A,327,,PHE,NEAR_SHELL,1718,O14744,327,MATCH
407,A,328,,GLU,NEAR_SHELL,1718,O14744,328,MATCH
407,A,333,,LYS,NEAR_SHELL,1718,O14744,333,MATCH
407,A,334,,TYR,DIRECT,1718,O14744,334,MATCH
407,A,334,,TYR,NEAR_SHELL,1718,O14744,334,MATCH
407,A,365,,GLY,DIRECT,1718,O14744,365,MATCH
407,A,365,,GLY,NEAR_SHELL,1718,O14744,365,MATCH
407,A,366,,ALA,DIRECT,1718,O14744,366,MATCH
407,A,366,,ALA,NEAR_SHELL,1718,O14744,366,MATCH
407,A,367,,GLY,DIRECT,1718,O14744,367,MATCH
407,A,367,,GLY,NEAR_SHELL,1718,O14744,367,MATCH
407,A,368,,ARG,NEAR_SHELL,1718,O14744,368,MATCH
407,A,370,,PRO,DIRECT,1718,O14744,370,MATCH
407,A,370,,PRO,NEAR_SHELL,1718,O14744,370,MATCH
407,A,371,,LEU,DIRECT,1718,O14744,371,MATCH
407,A,371,,LEU,NEAR_SHELL,1718,O14744,371,MATCH
407,A,391,,VAL,NEAR_SHELL,1718,O14744,391,MATCH
407,A,392,,GLU,DIRECT,1718,O14744,392,MATCH
407,A,392,,GLU,NEAR_SHELL,1718,O14744,392,MATCH
407,A,393,,LYS,DIRECT,1718,O14744,393,MATCH
407,A,393,,LYS,NEAR_SHELL,1718,O14744,393,MATCH
407,A,418,,SER,DIRECT,1718,O14744,418,MATCH
407,A,418,,SER,NEAR_SHELL,1718,O14744,418,MATCH
407,A,419,,ASP,DIRECT,1718,O14744,419,MATCH
407,A,419,,ASP,NEAR_SHELL,1718,O14744,419,MATCH
407,A,420,,MET,DIRECT,1718,O14744,420,MATCH
407,A,420,,MET,NEAR_SHELL,1718,O14744,420,MATCH
407,A,421,,ARG,NEAR_SHELL,1718,O14744,421,MATCH
407,A,435,,GLU,DIRECT,1718,O14744,435,MATCH
407,A,435,,GLU,NEAR_SHELL,1718,O14744,435,MATCH
407,A,436,,LEU,DIRECT,1718,O14744,436,MATCH
407,A,436,,LEU,NEAR_SHELL,1718,O14744,436,MATCH
407,A,437,,LEU,NEAR_SHELL,1718,O14744,437,MATCH
407,A,444,,GLU,DIRECT,1718,O14744,444,MATCH
407,A,444,,GLU,NEAR_SHELL,1718,O14744,444,MATCH
407,A,449,,CYS,DIRECT,1718,O14744,449,MATCH
407,A,449,,CYS,NEAR_SHELL,1718,O14744,449,MATCH
408,A-2,239,,ASN,DIRECT,1718,,,
408,A-2,239,,ASN,NEAR_SHELL,1718,,,
408,A-2,243,,PHE,DIRECT,1718,,,
408,A-2,243,,PHE,NEAR_SHELL,1718,,,
408,A-2,244,,PRO,NEAR_SHELL,1718,,,
408,A-2,245,,VAL,DIRECT,1718,,,
408,A-2,245,,VAL,NEAR_SHELL,1718,,,
408,A-2,276,,GLU,DIRECT,1718,,,
408,A-2,276,,GLU,NEAR_SHELL,1718,,,
408,A-2,278,,CYS,DIRECT,1718,,,
408,A-2,278,,CYS,NEAR_SHELL,1718,,,
408,A-2,279,,SER,DIRECT,1718,,,
408,A-2,279,,SER,NEAR_SHELL,1718,,,
408,A-2,282,,GLN,DIRECT,1718,,,
408,A-2,282,,GLN,NEAR_SHELL,1718,,,
408,A-2,283,,TYR,DIRECT,1718,,,
408,A-2,283,,TYR,NEAR_SHELL,1718,,,
408,A-2,286,,TYR,DIRECT,1718,,,
408,A-2,286,,TYR,NEAR_SHELL,1718,,,
409,A-2,314,,PRO,DIRECT,1718,O14744,314,MATCH
409,A-2,314,,PRO,NEAR_SHELL,1718,O14744,314,MATCH
409,A-2,315,,LEU,DIRECT,1718,O14744,315,MATCH
409,A-2,315,,LEU,NEAR_SHELL,1718,O14744,315,MATCH
409,A-2,319,,LEU,NEAR_SHELL,1718,O14744,319,MATCH
409,A-2,324,,TYR,DIRECT,1718,O14744,324,MATCH
409,A-2,324,,TYR,NEAR_SHELL,1718,O14744,324,MATCH
409,A-2,327,,PHE,DIRECT,1718,O14744,327,MATCH
409,A-2,327,,PHE,NEAR_SHELL,1718,O14744,327,MATCH
409,A-2,328,,GLU,NEAR_SHELL,1718,O14744,328,MATCH
409,A-2,333,,LYS,NEAR_SHELL,1718,O14744,333,MATCH
409,A-2,334,,TYR,DIRECT,1718,O14744,334,MATCH
409,A-2,334,,TYR,NEAR_SHELL,1718,O14744,334,MATCH
409,A-2,365,,GLY,DIRECT,1718,O14744,365,MATCH
409,A-2,365,,GLY,NEAR_SHELL,1718,O14744,365,MATCH
409,A-2,366,,ALA,DIRECT,1718,O14744,366,MATCH
409,A-2,366,,ALA,NEAR_SHELL,1718,O14744,366,MATCH
409,A-2,367,,GLY,DIRECT,1718,O14744,367,MATCH
409,A-2,367,,GLY,NEAR_SHELL,1718,O14744,367,MATCH
409,A-2,368,,ARG,NEAR_SHELL,1718,O14744,368,MATCH
409,A-2,370,,PRO,DIRECT,1718,O14744,370,MATCH
409,A-2,370,,PRO,NEAR_SHELL,1718,O14744,370,MATCH
409,A-2,371,,LEU,DIRECT,1718,O14744,371,MATCH
409,A-2,371,,LEU,NEAR_SHELL,1718,O14744,371,MATCH
409,A-2,391,,VAL,NEAR_SHELL,1718,O14744,391,MATCH
409,A-2,392,,GLU,DIRECT,1718,O14744,392,MATCH
409,A-2,392,,GLU,NEAR_SHELL,1718,O14744,392,MATCH
409,A-2,393,,LYS,DIRECT,1718,O14744,393,MATCH
409,A-2,393,,LYS,NEAR_SHELL,1718,O14744,393,MATCH
409,A-2,418,,SER,DIRECT,1718,O14744,418,MATCH
409,A-2,418,,SER,NEAR_SHELL,1718,O14744,418,MATCH
409,A-2,419,,ASP,DIRECT,1718,O14744,419,MATCH
409,A-2,419,,ASP,NEAR_SHELL,1718,O14744,419,MATCH
409,A-2,420,,MET,DIRECT,1718,O14744,420,MATCH
409,A-2,420,,MET,NEAR_SHELL,1718,O14744,420,MATCH
409,A-2,421,,ARG,NEAR_SHELL,1718,O14744,421,MATCH
409,A-2,435,,GLU,DIRECT,1718,O14744,435,MATCH
409,A-2,435,,GLU,NEAR_SHELL,1718,O14744,435,MATCH
409,A-2,436,,LEU,DIRECT,1718,O14744,436,MATCH
409,A-2,436,,LEU,NEAR_SHELL,1718,O14744,436,MATCH
409,A-2,437,,LEU,NEAR_SHELL,1718,O14744,437,MATCH
409,A-2,444,,GLU,DIRECT,1718,O14744,444,MATCH
409,A-2,444,,GLU,NEAR_SHELL,1718,O14744,444,MATCH
409,A-2,449,,CYS,DIRECT,1718,O14744,449,MATCH
409,A-2,449,,CYS,NEAR_SHELL,1718,O14744,449,MATCH
410,A-3,239,,ASN,DIRECT,1718,,,
410,A-3,239,,ASN,NEAR_SHELL,1718,,,
410,A-3,243,,PHE,DIRECT,1718,,,
410,A-3,243,,PHE,NEAR_SHELL,1718,,,
410,A-3,244,,PRO,NEAR_SHELL,1718,,,
410,A-3,245,,VAL,DIRECT,1718,,,
410,A-3,245,,VAL,NEAR_SHELL,1718,,,
410,A-3,276,,GLU,DIRECT,1718,,,
410,A-3,276,,GLU,NEAR_SHELL,1718,,,
410,A-3,278,,CYS,DIRECT,1718,,,
410,A-3,278,,CYS,NEAR_SHELL,1718,,,
410,A-3,279,,SER,DIRECT,1718,,,
410,A-3,279,,SER,NEAR_SHELL,1718,,,
410,A-3,282,,GLN,DIRECT,1718,,,
410,A-3,282,,GLN,NEAR_SHELL,1718,,,
410,A-3,283,,TYR,DIRECT,1718,,,
410,A-3,283,,TYR,NEAR_SHELL,1718,,,
410,A-3,286,,TYR,DIRECT,1718,,,
410,A-3,286,,TYR,NEAR_SHELL,1718,,,
411,A-3,314,,PRO,DIRECT,1718,O14744,314,MATCH
411,A-3,314,,PRO,NEAR_SHELL,1718,O14744,314,MATCH
411,A-3,315,,LEU,DIRECT,1718,O14744,315,MATCH
411,A-3,315,,LEU,NEAR_SHELL,1718,O14744,315,MATCH
411,A-3,319,,LEU,NEAR_SHELL,1718,O14744,319,MATCH
411,A-3,324,,TYR,DIRECT,1718,O14744,324,MATCH
411,A-3,324,,TYR,NEAR_SHELL,1718,O14744,324,MATCH
411,A-3,327,,PHE,DIRECT,1718,O14744,327,MATCH
411,A-3,327,,PHE,NEAR_SHELL,1718,O14744,327,MATCH
411,A-3,328,,GLU,NEAR_SHELL,1718,O14744,328,MATCH
411,A-3,333,,LYS,NEAR_SHELL,1718,O14744,333,MATCH
411,A-3,334,,TYR,DIRECT,1718,O14744,334,MATCH
411,A-3,334,,TYR,NEAR_SHELL,1718,O14744,334,MATCH
411,A-3,365,,GLY,DIRECT,1718,O14744,365,MATCH
411,A-3,365,,GLY,NEAR_SHELL,1718,O14744,365,MATCH
411,A-3,366,,ALA,DIRECT,1718,O14744,366,MATCH
411,A-3,366,,ALA,NEAR_SHELL,1718,O14744,366,MATCH
411,A-3,367,,GLY,DIRECT,1718,O14744,367,MATCH
411,A-3,367,,GLY,NEAR_SHELL,1718,O14744,367,MATCH
411,A-3,368,,ARG,NEAR_SHELL,1718,O14744,368,MATCH
411,A-3,370,,PRO,DIRECT,1718,O14744,370,MATCH
411,A-3,370,,PRO,NEAR_SHELL,1718,O14744,370,MATCH
411,A-3,371,,LEU,DIRECT,1718,O14744,371,MATCH
411,A-3,371,,LEU,NEAR_SHELL,1718,O14744,371,MATCH
411,A-3,391,,VAL,NEAR_SHELL,1718,O14744,391,MATCH
411,A-3,392,,GLU,DIRECT,1718,O14744,392,MATCH
411,A-3,392,,GLU,NEAR_SHELL,1718,O14744,392,MATCH
411,A-3,393,,LYS,DIRECT,1718,O14744,393,MATCH
411,A-3,393,,LYS,NEAR_SHELL,1718,O14744,393,MATCH
411,A-3,418,,SER,DIRECT,1718,O14744,418,MATCH
411,A-3,418,,SER,NEAR_SHELL,1718,O14744,418,MATCH
411,A-3,419,,ASP,DIRECT,1718,O14744,419,MATCH
411,A-3,419,,ASP,NEAR_SHELL,1718,O14744,419,MATCH
411,A-3,420,,MET,DIRECT,1718,O14744,420,MATCH
411,A-3,420,,MET,NEAR_SHELL,1718,O14744,420,MATCH
411,A-3,421,,ARG,NEAR_SHELL,1718,O14744,421,MATCH
411,A-3,435,,GLU,DIRECT,1718,O14744,435,MATCH
411,A-3,435,,GLU,NEAR_SHELL,1718,O14744,435,MATCH
411,A-3,436,,LEU,DIRECT,1718,O14744,436,MATCH
411,A-3,436,,LEU,NEAR_SHELL,1718,O14744,436,MATCH
411,A-3,437,,LEU,NEAR_SHELL,1718,O14744,437,MATCH
411,A-3,444,,GLU,DIRECT,1718,O14744,444,MATCH
411,A-3,444,,GLU,NEAR_SHELL,1718,O14744,444,MATCH
411,A-3,449,,CYS,DIRECT,1718,O14744,449,MATCH
411,A-3,449,,CYS,NEAR_SHELL,1718,O14744,449,MATCH
412,A-4,239,,ASN,DIRECT,1718,,,
412,A-4,239,,ASN,NEAR_SHELL,1718,,,
412,A-4,243,,PHE,DIRECT,1718,,,
412,A-4,243,,PHE,NEAR_SHELL,1718,,,
412,A-4,244,,PRO,NEAR_SHELL,1718,,,
412,A-4,245,,VAL,DIRECT,1718,,,
412,A-4,245,,VAL,NEAR_SHELL,1718,,,
412,A-4,276,,GLU,DIRECT,1718,,,
412,A-4,276,,GLU,NEAR_SHELL,1718,,,
412,A-4,278,,CYS,DIRECT,1718,,,
412,A-4,278,,CYS,NEAR_SHELL,1718,,,
412,A-4,279,,SER,DIRECT,1718,,,
412,A-4,279,,SER,NEAR_SHELL,1718,,,
412,A-4,282,,GLN,DIRECT,1718,,,
412,A-4,282,,GLN,NEAR_SHELL,1718,,,
412,A-4,283,,TYR,DIRECT,1718,,,
412,A-4,283,,TYR,NEAR_SHELL,1718,,,
412,A-4,286,,TYR,DIRECT,1718,,,
412,A-4,286,,TYR,NEAR_SHELL,1718,,,
413,A-4,314,,PRO,DIRECT,1718,O14744,314,MATCH
413,A-4,314,,PRO,NEAR_SHELL,1718,O14744,314,MATCH
413,A-4,315,,LEU,DIRECT,1718,O14744,315,MATCH
413,A-4,315,,LEU,NEAR_SHELL,1718,O14744,315,MATCH
413,A-4,319,,LEU,NEAR_SHELL,1718,O14744,319,MATCH
413,A-4,324,,TYR,DIRECT,1718,O14744,324,MATCH
413,A-4,324,,TYR,NEAR_SHELL,1718,O14744,324,MATCH
413,A-4,327,,PHE,DIRECT,1718,O14744,327,MATCH
413,A-4,327,,PHE,NEAR_SHELL,1718,O14744,327,MATCH
413,A-4,328,,GLU,NEAR_SHELL,1718,O14744,328,MATCH
413,A-4,333,,LYS,NEAR_SHELL,1718,O14744,333,MATCH
413,A-4,334,,TYR,DIRECT,1718,O14744,334,MATCH
413,A-4,334,,TYR,NEAR_SHELL,1718,O14744,334,MATCH
413,A-4,365,,GLY,DIRECT,1718,O14744,365,MATCH
413,A-4,365,,GLY,NEAR_SHELL,1718,O14744,365,MATCH
413,A-4,366,,ALA,DIRECT,1718,O14744,366,MATCH
413,A-4,366,,ALA,NEAR_SHELL,1718,O14744,366,MATCH
413,A-4,367,,GLY,DIRECT,1718,O14744,367,MATCH
413,A-4,367,,GLY,NEAR_SHELL,1718,O14744,367,MATCH
413,A-4,368,,ARG,NEAR_SHELL,1718,O14744,368,MATCH
413,A-4,370,,PRO,DIRECT,1718,O14744,370,MATCH
413,A-4,370,,PRO,NEAR_SHELL,1718,O14744,370,MATCH
413,A-4,371,,LEU,DIRECT,1718,O14744,371,MATCH
413,A-4,371,,LEU,NEAR_SHELL,1718,O14744,371,MATCH
413,A-4,391,,VAL,NEAR_SHELL,1718,O14744,391,MATCH
413,A-4,392,,GLU,DIRECT,1718,O14744,392,MATCH
413,A-4,392,,GLU,NEAR_SHELL,1718,O14744,392,MATCH
413,A-4,393,,LYS,DIRECT,1718,O14744,393,MATCH
413,A-4,393,,LYS,NEAR_SHELL,1718,O14744,393,MATCH
413,A-4,418,,SER,DIRECT,1718,O14744,418,MATCH
413,A-4,418,,SER,NEAR_SHELL,1718,O14744,418,MATCH
413,A-4,419,,ASP,DIRECT,1718,O14744,419,MATCH
413,A-4,419,,ASP,NEAR_SHELL,1718,O14744,419,MATCH
413,A-4,420,,MET,DIRECT,1718,O14744,420,MATCH
413,A-4,420,,MET,NEAR_SHELL,1718,O14744,420,MATCH
413,A-4,421,,ARG,NEAR_SHELL,1718,O14744,421,MATCH
413,A-4,435,,GLU,DIRECT,1718,O14744,435,MATCH
413,A-4,435,,GLU,NEAR_SHELL,1718,O14744,435,MATCH
413,A-4,436,,LEU,DIRECT,1718,O14744,436,MATCH
413,A-4,436,,LEU,NEAR_SHELL,1718,O14744,436,MATCH
413,A-4,437,,LEU,NEAR_SHELL,1718,O14744,437,MATCH
413,A-4,444,,GLU,DIRECT,1718,O14744,444,MATCH
413,A-4,444,,GLU,NEAR_SHELL,1718,O14744,444,MATCH
413,A-4,449,,CYS,DIRECT,1718,O14744,449,MATCH
413,A-4,449,,CYS,NEAR_SHELL,1718,O14744,449,MATCH
414,A,57,,HIS,NEAR_SHELL,15566,Q96LA8,57,MATCH
414,A,60,,MET,NEAR_SHELL,15566,Q96LA8,60,MATCH
414,A,66,,ARG,DIRECT,15566,Q96LA8,66,MATCH
414,A,66,,ARG,NEAR_SHELL,15566,Q96LA8,66,MATCH
414,A,93,,THR,NEAR_SHELL,15566,Q96LA8,93,MATCH
414,A,95,,ILE,DIRECT,15566,Q96LA8,95,MATCH
414,A,95,,ILE,NEAR_SHELL,15566,Q96LA8,95,MATCH
414,A,114,,SER,DIRECT,15566,Q96LA8,114,MATCH
414,A,114,,SER,NEAR_SHELL,15566,Q96LA8,114,MATCH
414,A,155,,GLU,NEAR_SHELL,15566,Q96LA8,155,MATCH
414,A,166,,MET,DIRECT,15566,Q96LA8,166,MATCH
414,A,166,,MET,NEAR_SHELL,15566,Q96LA8,166,MATCH
415,A,156,,TRP,DIRECT,15566,,,
415,A,156,,TRP,NEAR_SHELL,15566,,,
415,A,157,,MET,DIRECT,15566,,,
415,A,157,,MET,NEAR_SHELL,15566,,,
415,A,158,,GLY,DIRECT,15566,,,
415,A,158,,GLY,NEAR_SHELL,15566,,,
415,A,159,,TYR,DIRECT,15566,,,
415,A,159,,TYR,NEAR_SHELL,15566,,,
415,A,160,,GLY,DIRECT,15566,,,
415,A,160,,GLY,NEAR_SHELL,15566,,,
415,A,163,,HIS,DIRECT,15566,,,
415,A,163,,HIS,NEAR_SHELL,15566,,,
415,A,164,,GLU,DIRECT,15566,,,
415,A,164,,GLU,NEAR_SHELL,15566,,,
415,A,167,,LEU,DIRECT,15566,,,
415,A,167,,LEU,NEAR_SHELL,15566,,,
415,A,189,,ALA,NEAR_SHELL,15566,,,
415,A,191,,LEU,DIRECT,15566,,,
415,A,191,,LEU,NEAR_SHELL,15566,,,
415,A,236,,ILE,NEAR_SHELL,15566,,,
415,A,254,,ALA,NEAR_SHELL,15566,,,
415,A,256,,LEU,DIRECT,15566,,,
415,A,256,,LEU,NEAR_SHELL,15566,,,
415,A,267,,LEU,NEAR_SHELL,15566,,,
415,A,270,,GLY,NEAR_SHELL,15566,,,
415,A,271,,VAL,NEAR_SHELL,15566,,,
415,A,290,,ILE,DIRECT,15566,,,
415,A,290,,ILE,NEAR_SHELL,15566,,,
415,A,292,,PHE,DIRECT,15566,,,
415,A,292,,PHE,NEAR_SHELL,15566,,,
415,A,321,,ALA,NEAR_SHELL,15566,,,
415,A,323,,LEU,NEAR_SHELL,15566,,,
415,A,343,,LEU,DIRECT,15566,,,
415,A,343,,LEU,NEAR_SHELL,15566,,,
415,A,344,,LEU,DIRECT,15566,,,
415,A,344,,LEU,NEAR_SHELL,15566,,,
415,A,345,,PRO,DIRECT,15566,,,
415,A,345,,PRO,NEAR_SHELL,15566,,,
415,A,353,,LEU,DIRECT,15566,,,
415,A,353,,LEU,NEAR_SHELL,15566,,,
415,A,355,,VAL,NEAR_SHELL,15566,,,
415,A,373,,MET,DIRECT,15566,,,
415,A,373,,MET,NEAR_SHELL,15566,,,
416,A-2,57,,HIS,NEAR_SHELL,15566,Q96LA8,57,MATCH
416,A-2,60,,MET,NEAR_SHELL,15566,Q96LA8,60,MATCH
416,A-2,66,,ARG,DIRECT,15566,Q96LA8,66,MATCH
416,A-2,66,,ARG,NEAR_SHELL,15566,Q96LA8,66,MATCH
416,A-2,93,,THR,NEAR_SHELL,15566,Q96LA8,93,MATCH
416,A-2,95,,ILE,DIRECT,15566,Q96LA8,95,MATCH
416,A-2,95,,ILE,NEAR_SHELL,15566,Q96LA8,95,MATCH
416,A-2,114,,SER,DIRECT,15566,Q96LA8,114,MATCH
416,A-2,114,,SER,NEAR_SHELL,15566,Q96LA8,114,MATCH
416,A-2,155,,GLU,NEAR_SHELL,15566,Q96LA8,155,MATCH
416,A-2,166,,MET,DIRECT,15566,Q96LA8,166,MATCH
416,A-2,166,,MET,NEAR_SHELL,15566,Q96LA8,166,MATCH
417,A-2,156,,TRP,DIRECT,15566,,,
417,A-2,156,,TRP,NEAR_SHELL,15566,,,
417,A-2,157,,MET,DIRECT,15566,,,
417,A-2,157,,MET,NEAR_SHELL,15566,,,
417,A-2,158,,GLY,DIRECT,15566,,,
417,A-2,158,,GLY,NEAR_SHELL,15566,,,
417,A-2,159,,TYR,DIRECT,15566,,,
417,A-2,159,,TYR,NEAR_SHELL,15566,,,
417,A-2,160,,GLY,DIRECT,15566,,,
417,A-2,160,,GLY,NEAR_SHELL,15566,,,
417,A-2,163,,HIS,DIRECT,15566,,,
417,A-2,163,,HIS,NEAR_SHELL,15566,,,
417,A-2,164,,GLU,DIRECT,15566,,,
417,A-2,164,,GLU,NEAR_SHELL,15566,,,
417,A-2,167,,LEU,DIRECT,15566,,,
417,A-2,167,,LEU,NEAR_SHELL,15566,,,
417,A-2,189,,ALA,NEAR_SHELL,15566,,,
417,A-2,191,,LEU,DIRECT,15566,,,
417,A-2,191,,LEU,NEAR_SHELL,15566,,,
417,A-2,236,,ILE,NEAR_SHELL,15566,,,
417,A-2,254,,ALA,NEAR_SHELL,15566,,,
417,A-2,256,,LEU,DIRECT,15566,,,
417,A-2,256,,LEU,NEAR_SHELL,15566,,,
417,A-2,267,,LEU,NEAR_SHELL,15566,,,
417,A-2,270,,GLY,NEAR_SHELL,15566,,,
417,A-2,271,,VAL,NEAR_SHELL,15566,,,
417,A-2,290,,ILE,DIRECT,15566,,,
417,A-2,290,,ILE,NEAR_SHELL,15566,,,
417,A-2,292,,PHE,DIRECT,15566,,,
417,A-2,292,,PHE,NEAR_SHELL,15566,,,
417,A-2,321,,ALA,NEAR_SHELL,15566,,,
417,A-2,323,,LEU,NEAR_SHELL,15566,,,
417,A-2,343,,LEU,DIRECT,15566,,,
417,A-2,343,,LEU,NEAR_SHELL,15566,,,
417,A-2,344,,LEU,DIRECT,15566,,,
417,A-2,344,,LEU,NEAR_SHELL,15566,,,
417,A-2,345,,PRO,DIRECT,15566,,,
417,A-2,345,,PRO,NEAR_SHELL,15566,,,
417,A-2,353,,LEU,DIRECT,15566,,,
417,A-2,353,,LEU,NEAR_SHELL,15566,,,
417,A-2,355,,VAL,NEAR_SHELL,15566,,,
417,A-2,373,,MET,DIRECT,15566,,,
417,A-2,373,,MET,NEAR_SHELL,15566,,,
418,B,19,,TYR,DIRECT,16609,,,
418,B,19,,TYR,NEAR_SHELL,16609,,,
418,B,20,,TRP,DIRECT,16609,Q9BV86,20,MATCH
418,B,20,,TRP,NEAR_SHELL,16609,Q9BV86,20,MATCH
418,B,29,,GLY,NEAR_SHELL,16609,Q9BV86,29,MATCH
418,B,30,,MET,DIRECT,16609,Q9BV86,30,MATCH
418,B,30,,MET,NEAR_SHELL,16609,Q9BV86,30,MATCH
418,B,31,,LEU,DIRECT,16609,,,
418,B,31,,LEU,NEAR_SHELL,16609,,,
418,B,32,,GLY,DIRECT,16609,,,
418,B,32,,GLY,NEAR_SHELL,16609,,,
418,B,136,,TRP,DIRECT,16609,Q9BV86,136,MATCH
418,B,136,,TRP,NEAR_SHELL,16609,Q9BV86,136,MATCH
418,B,140,,HIS,NEAR_SHELL,16609,Q9BV86,140,MATCH
418,B,168,,ASN,DIRECT,16609,,,
418,B,168,,ASN,NEAR_SHELL,16609,,,
418,B,177,,ASP,NEAR_SHELL,16609,,,
418,B,180,,ASP,DIRECT,16609,,,
418,B,180,,ASP,NEAR_SHELL,16609,,,
418,B,182,,SER,NEAR_SHELL,16609,,,
418,C,2,,PRO,DIRECT,16609,,,
418,C,2,,PRO,NEAR_SHELL,16609,,,
418,C,3,,LYS,DIRECT,16609,,,
418,C,3,,LYS,NEAR_SHELL,16609,,,
419,A,19,,TYR,NEAR_SHELL,16609,,,
419,A,20,,TRP,DIRECT,16609,Q9BV86,20,MATCH
419,A,20,,TRP,NEAR_SHELL,16609,Q9BV86,20,MATCH
419,A,29,,GLY,NEAR_SHELL,16609,Q9BV86,29,MATCH
419,A,30,,MET,DIRECT,16609,Q9BV86,30,MATCH
419,A,30,,MET,NEAR_SHELL,16609,Q9BV86,30,MATCH
419,A,31,,LEU,DIRECT,16609,,,
419,A,31,,LEU,NEAR_SHELL,16609,,,
419,A,32,,GLY,DIRECT,16609,,,
419,A,32,,GLY,NEAR_SHELL,16609,,,
419,A,136,,TRP,DIRECT,16609,Q9BV86,136,MATCH
419,A,136,,TRP,NEAR_SHELL,16609,Q9BV86,136,MATCH
419,A,140,,HIS,NEAR_SHELL,16609,Q9BV86,140,MATCH
419,A,168,,ASN,DIRECT,16609,,,
419,A,168,,ASN,NEAR_SHELL,16609,,,
419,A,177,,ASP,NEAR_SHELL,16609,,,
419,A,180,,ASP,DIRECT,16609,,,
419,A,180,,ASP,NEAR_SHELL,16609,,,
419,A,182,,SER,NEAR_SHELL,16609,,,
419,D,2,,PRO,DIRECT,16609,,,
419,D,2,,PRO,NEAR_SHELL,16609,,,
419,D,3,,LYS,DIRECT,16609,,,
419,D,3,,LYS,NEAR_SHELL,16609,,,
420,B,20,,TRP,DIRECT,16609,Q9BV86,20,MATCH
420,B,20,,TRP,NEAR_SHELL,16609,Q9BV86,20,MATCH
420,B,29,,GLY,NEAR_SHELL,16609,Q9BV86,29,MATCH
420,B,30,,MET,DIRECT,16609,Q9BV86,30,MATCH
420,B,30,,MET,NEAR_SHELL,16609,Q9BV86,30,MATCH
420,B,92,,ILE,NEAR_SHELL,16609,Q9BV86,92,MATCH
420,B,93,,THR,DIRECT,16609,Q9BV86,93,MATCH
420,B,93,,THR,NEAR_SHELL,16609,Q9BV86,93,MATCH
420,B,118,,GLY,NEAR_SHELL,16609,Q9BV86,118,MATCH
420,B,120,,GLN,NEAR_SHELL,16609,Q9BV86,120,MATCH
420,B,136,,TRP,DIRECT,16609,Q9BV86,136,MATCH
420,B,136,,TRP,NEAR_SHELL,16609,Q9BV86,136,MATCH
420,B,137,,VAL,NEAR_SHELL,16609,Q9BV86,137,MATCH
420,B,140,,HIS,DIRECT,16609,Q9BV86,140,MATCH
420,B,140,,HIS,NEAR_SHELL,16609,Q9BV86,140,MATCH
421,A,20,,TRP,DIRECT,16609,Q9BV86,20,MATCH
421,A,20,,TRP,NEAR_SHELL,16609,Q9BV86,20,MATCH
421,A,29,,GLY,NEAR_SHELL,16609,Q9BV86,29,MATCH
421,A,30,,MET,DIRECT,16609,Q9BV86,30,MATCH
421,A,30,,MET,NEAR_SHELL,16609,Q9BV86,30,MATCH
421,A,92,,ILE,NEAR_SHELL,16609,Q9BV86,92,MATCH
421,A,93,,THR,DIRECT,16609,Q9BV86,93,MATCH
421,A,93,,THR,NEAR_SHELL,16609,Q9BV86,93,MATCH
421,A,136,,TRP,DIRECT,16609,Q9BV86,136,MATCH
421,A,136,,TRP,NEAR_SHELL,16609,Q9BV86,136,MATCH
421,A,137,,VAL,NEAR_SHELL,16609,Q9BV86,137,MATCH
421,A,140,,HIS,DIRECT,16609,Q9BV86,140,MATCH
421,A,140,,HIS,NEAR_SHELL,16609,Q9BV86,140,MATCH
422,A,2,,GLY,DIRECT,16609,,,
422,A,2,,GLY,NEAR_SHELL,16609,,,
422,B,20,,TRP,DIRECT,16609,,,
422,B,20,,TRP,NEAR_SHELL,16609,,,
422,B,30,,MET,DIRECT,16609,,,
422,B,30,,MET,NEAR_SHELL,16609,,,
422,B,31,,LEU,NEAR_SHELL,16609,,,
422,B,136,,TRP,DIRECT,16609,,,
422,B,136,,TRP,NEAR_SHELL,16609,,,
422,B,140,,HIS,DIRECT,16609,,,
422,B,140,,HIS,NEAR_SHELL,16609,,,
423,A,74,,ARG,DIRECT,11571,Q86TU7,75,MATCH
423,A,74,,ARG,NEAR_SHELL,11571,Q86TU7,75,MATCH
423,A,102,,GLU,DIRECT,11571,Q86TU7,103,MATCH
423,A,102,,GLU,NEAR_SHELL,11571,Q86TU7,103,MATCH
423,A,103,,GLU,DIRECT,11571,Q86TU7,104,MATCH
423,A,103,,GLU,NEAR_SHELL,11571,Q86TU7,104,MATCH
423,A,104,,GLY,NEAR_SHELL,11571,Q86TU7,105,MATCH
423,A,179,,PRO,DIRECT,11571,Q86TU7,180,MATCH
423,A,179,,PRO,NEAR_SHELL,11571,Q86TU7,180,MATCH
423,A,182,,TYR,NEAR_SHELL,11571,Q86TU7,183,MATCH
423,A,183,,ASP,NEAR_SHELL,11571,Q86TU7,184,MATCH
423,A,278,,HIS,DIRECT,11571,Q86TU7,279,MATCH
423,A,278,,HIS,NEAR_SHELL,11571,Q86TU7,279,MATCH
423,A,309,,TYR,NEAR_SHELL,11571,Q86TU7,310,MATCH
423,A,325,,GLY,NEAR_SHELL,11571,Q86TU7,326,MATCH
423,A,326,,PHE,DIRECT,11571,Q86TU7,327,MATCH
423,A,326,,PHE,NEAR_SHELL,11571,Q86TU7,327,MATCH
423,A,327,,PHE,NEAR_SHELL,11571,Q86TU7,328,MATCH
423,A,328,,PHE,DIRECT,11571,Q86TU7,329,MATCH
423,A,328,,PHE,NEAR_SHELL,11571,Q86TU7,329,MATCH
424,B,74,,ARG,DIRECT,11571,Q86TU7,75,MATCH
424,B,74,,ARG,NEAR_SHELL,11571,Q86TU7,75,MATCH
424,B,102,,GLU,DIRECT,11571,Q86TU7,103,MATCH
424,B,102,,GLU,NEAR_SHELL,11571,Q86TU7,103,MATCH
424,B,103,,GLU,DIRECT,11571,Q86TU7,104,MATCH
424,B,103,,GLU,NEAR_SHELL,11571,Q86TU7,104,MATCH
424,B,104,,GLY,NEAR_SHELL,11571,Q86TU7,105,MATCH
424,B,105,,PHE,DIRECT,11571,Q86TU7,106,MATCH
424,B,105,,PHE,NEAR_SHELL,11571,Q86TU7,106,MATCH
424,B,179,,PRO,DIRECT,11571,Q86TU7,180,MATCH
424,B,179,,PRO,NEAR_SHELL,11571,Q86TU7,180,MATCH
424,B,182,,TYR,NEAR_SHELL,11571,Q86TU7,183,MATCH
424,B,183,,ASP,NEAR_SHELL,11571,Q86TU7,184,MATCH
424,B,253,,ARG,DIRECT,11571,Q86TU7,254,MATCH
424,B,253,,ARG,NEAR_SHELL,11571,Q86TU7,254,MATCH
424,B,325,,GLY,NEAR_SHELL,11571,Q86TU7,326,MATCH
424,B,326,,PHE,DIRECT,11571,Q86TU7,327,MATCH
424,B,326,,PHE,NEAR_SHELL,11571,Q86TU7,327,MATCH
424,B,327,,PHE,NEAR_SHELL,11571,Q86TU7,328,MATCH
424,B,328,,PHE,DIRECT,11571,Q86TU7,329,MATCH
424,B,328,,PHE,NEAR_SHELL,11571,Q86TU7,329,MATCH
425,A,74,,ARG,DIRECT,11571,Q86TU7,75,MATCH
425,A,74,,ARG,NEAR_SHELL,11571,Q86TU7,75,MATCH
425,A,102,,GLU,DIRECT,11571,Q86TU7,103,MATCH
425,A,102,,GLU,NEAR_SHELL,11571,Q86TU7,103,MATCH
425,A,103,,GLU,DIRECT,11571,Q86TU7,104,MATCH
425,A,103,,GLU,NEAR_SHELL,11571,Q86TU7,104,MATCH
425,A,104,,GLY,NEAR_SHELL,11571,Q86TU7,105,MATCH
425,A,105,,PHE,DIRECT,11571,Q86TU7,106,MATCH
425,A,105,,PHE,NEAR_SHELL,11571,Q86TU7,106,MATCH
425,A,179,,PRO,DIRECT,11571,Q86TU7,180,MATCH
425,A,179,,PRO,NEAR_SHELL,11571,Q86TU7,180,MATCH
425,A,182,,TYR,NEAR_SHELL,11571,Q86TU7,183,MATCH
425,A,183,,ASP,NEAR_SHELL,11571,Q86TU7,184,MATCH
425,A,252,,THR,DIRECT,11571,Q86TU7,253,MATCH
425,A,252,,THR,NEAR_SHELL,11571,Q86TU7,253,MATCH
425,A,253,,ARG,DIRECT,11571,Q86TU7,254,MATCH
425,A,253,,ARG,NEAR_SHELL,11571,Q86TU7,254,MATCH
425,A,274,,ASP,DIRECT,11571,Q86TU7,275,MATCH
425,A,274,,ASP,NEAR_SHELL,11571,Q86TU7,275,MATCH
425,A,275,,MET,DIRECT,11571,Q86TU7,276,MATCH
425,A,275,,MET,NEAR_SHELL,11571,Q86TU7,276,MATCH
425,A,277,,ASN,DIRECT,11571,Q86TU7,278,MATCH
425,A,277,,ASN,NEAR_SHELL,11571,Q86TU7,278,MATCH
425,A,278,,HIS,DIRECT,11571,Q86TU7,279,MATCH
425,A,278,,HIS,NEAR_SHELL,11571,Q86TU7,279,MATCH
425,A,312,,TYR,DIRECT,11571,Q86TU7,313,MATCH
425,A,312,,TYR,NEAR_SHELL,11571,Q86TU7,313,MATCH
425,A,324,,SER,DIRECT,11571,Q86TU7,325,MATCH
425,A,324,,SER,NEAR_SHELL,11571,Q86TU7,325,MATCH
425,A,325,,GLY,NEAR_SHELL,11571,Q86TU7,326,MATCH
425,A,326,,PHE,DIRECT,11571,Q86TU7,327,MATCH
425,A,326,,PHE,NEAR_SHELL,11571,Q86TU7,327,MATCH
425,A,327,,PHE,NEAR_SHELL,11571,Q86TU7,328,MATCH
425,A,328,,PHE,DIRECT,11571,Q86TU7,329,MATCH
425,A,328,,PHE,NEAR_SHELL,11571,Q86TU7,329,MATCH
425,Y,73,,MET,DIRECT,11571,Q86TU7,,NOT_MAPPED
425,Y,73,,MET,NEAR_SHELL,11571,Q86TU7,,NOT_MAPPED
426,C,73,,MET,DIRECT,11571,Q86TU7,,NOT_MAPPED
426,C,73,,MET,NEAR_SHELL,11571,Q86TU7,,NOT_MAPPED
426,D,74,,ARG,DIRECT,11571,Q86TU7,75,MATCH
426,D,74,,ARG,NEAR_SHELL,11571,Q86TU7,75,MATCH
426,D,102,,GLU,DIRECT,11571,Q86TU7,103,MATCH
426,D,102,,GLU,NEAR_SHELL,11571,Q86TU7,103,MATCH
426,D,103,,GLU,DIRECT,11571,Q86TU7,104,MATCH
426,D,103,,GLU,NEAR_SHELL,11571,Q86TU7,104,MATCH
426,D,104,,GLY,NEAR_SHELL,11571,Q86TU7,105,MATCH
426,D,105,,PHE,DIRECT,11571,Q86TU7,106,MATCH
426,D,105,,PHE,NEAR_SHELL,11571,Q86TU7,106,MATCH
426,D,179,,PRO,DIRECT,11571,Q86TU7,180,MATCH
426,D,179,,PRO,NEAR_SHELL,11571,Q86TU7,180,MATCH
426,D,182,,TYR,NEAR_SHELL,11571,Q86TU7,183,MATCH
426,D,183,,ASP,NEAR_SHELL,11571,Q86TU7,184,MATCH
426,D,252,,THR,DIRECT,11571,Q86TU7,253,MATCH
426,D,252,,THR,NEAR_SHELL,11571,Q86TU7,253,MATCH
426,D,253,,ARG,DIRECT,11571,Q86TU7,254,MATCH
426,D,253,,ARG,NEAR_SHELL,11571,Q86TU7,254,MATCH
426,D,274,,ASP,DIRECT,11571,Q86TU7,275,MATCH
426,D,274,,ASP,NEAR_SHELL,11571,Q86TU7,275,MATCH
426,D,275,,MET,DIRECT,11571,Q86TU7,276,MATCH
426,D,275,,MET,NEAR_SHELL,11571,Q86TU7,276,MATCH
426,D,277,,ASN,DIRECT,11571,Q86TU7,278,MATCH
426,D,277,,ASN,NEAR_SHELL,11571,Q86TU7,278,MATCH
426,D,278,,HIS,DIRECT,11571,Q86TU7,279,MATCH
426,D,278,,HIS,NEAR_SHELL,11571,Q86TU7,279,MATCH
426,D,312,,TYR,DIRECT,11571,Q86TU7,313,MATCH
426,D,312,,TYR,NEAR_SHELL,11571,Q86TU7,313,MATCH
426,D,324,,SER,DIRECT,11571,Q86TU7,325,MATCH
426,D,324,,SER,NEAR_SHELL,11571,Q86TU7,325,MATCH
426,D,325,,GLY,NEAR_SHELL,11571,Q86TU7,326,MATCH
426,D,326,,PHE,DIRECT,11571,Q86TU7,327,MATCH
426,D,326,,PHE,NEAR_SHELL,11571,Q86TU7,327,MATCH
426,D,327,,PHE,NEAR_SHELL,11571,Q86TU7,328,MATCH
426,D,328,,PHE,DIRECT,11571,Q86TU7,329,MATCH
426,D,328,,PHE,NEAR_SHELL,11571,Q86TU7,329,MATCH
427,A,2149,,GLU,DIRECT,18209,Q9NR48,2154,MATCH
427,A,2149,,GLU,NEAR_SHELL,18209,Q9NR48,2154,MATCH
427,A,2150,,LYS,DIRECT,18209,Q9NR48,2155,MATCH
427,A,2150,,LYS,NEAR_SHELL,18209,Q9NR48,2155,MATCH
427,A,2151,,GLY,DIRECT,18209,Q9NR48,2156,MATCH
427,A,2151,,GLY,NEAR_SHELL,18209,Q9NR48,2156,MATCH
427,A,2152,,TRP,DIRECT,18209,Q9NR48,2157,MATCH
427,A,2152,,TRP,NEAR_SHELL,18209,Q9NR48,2157,MATCH
427,A,2169,,TYR,NEAR_SHELL,18209,Q9NR48,2174,MATCH
427,A,2191,,SER,DIRECT,18209,Q9NR48,2196,MATCH
427,A,2191,,SER,NEAR_SHELL,18209,Q9NR48,2196,MATCH
427,A,2192,,ASP,DIRECT,18209,Q9NR48,2197,MATCH
427,A,2192,,ASP,NEAR_SHELL,18209,Q9NR48,2197,MATCH
427,A,2193,,HIS,DIRECT,18209,Q9NR48,2198,MATCH
427,A,2193,,HIS,NEAR_SHELL,18209,Q9NR48,2198,MATCH
427,A,2194,,TYR,DIRECT,18209,Q9NR48,2199,MATCH
427,A,2194,,TYR,NEAR_SHELL,18209,Q9NR48,2199,MATCH
427,A,2195,,CYS,NEAR_SHELL,18209,Q9NR48,2200,MATCH
427,A,2214,,ARG,DIRECT,18209,Q9NR48,2219,MATCH
427,A,2214,,ARG,NEAR_SHELL,18209,Q9NR48,2219,MATCH
427,A,2215,,PHE,DIRECT,18209,Q9NR48,2220,MATCH
427,A,2215,,PHE,NEAR_SHELL,18209,Q9NR48,2220,MATCH
427,A,2216,,ILE,DIRECT,18209,Q9NR48,2221,MATCH
427,A,2216,,ILE,NEAR_SHELL,18209,Q9NR48,2221,MATCH
427,A,2217,,ASN,DIRECT,18209,Q9NR48,2222,MATCH
427,A,2217,,ASN,NEAR_SHELL,18209,Q9NR48,2222,MATCH
427,A,2218,,HIS,DIRECT,18209,Q9NR48,2223,MATCH
427,A,2218,,HIS,NEAR_SHELL,18209,Q9NR48,2223,MATCH
427,A,2253,,TYR,NEAR_SHELL,18209,Q9NR48,2258,MATCH
427,A,2255,,TYR,DIRECT,18209,Q9NR48,2260,MATCH
427,A,2255,,TYR,NEAR_SHELL,18209,Q9NR48,2260,MATCH
427,A,2266,,GLN,DIRECT,18209,Q9NR48,2271,MATCH
427,A,2266,,GLN,NEAR_SHELL,18209,Q9NR48,2271,MATCH
427,A,2267,,LEU,DIRECT,18209,Q9NR48,2272,MATCH
427,A,2267,,LEU,NEAR_SHELL,18209,Q9NR48,2272,MATCH
427,A,2268,,CYS,DIRECT,18209,Q9NR48,2273,MATCH
427,A,2268,,CYS,NEAR_SHELL,18209,Q9NR48,2273,MATCH
427,A,2269,,LYS,DIRECT,18209,Q9NR48,2274,MATCH
427,A,2269,,LYS,NEAR_SHELL,18209,Q9NR48,2274,MATCH
427,A,2279,,ILE,DIRECT,18209,Q9NR48,2284,MATCH
427,A,2279,,ILE,NEAR_SHELL,18209,Q9NR48,2284,MATCH
428,A,2193,,HIS,DIRECT,18209,Q9NR48,2198,MATCH
428,A,2193,,HIS,NEAR_SHELL,18209,Q9NR48,2198,MATCH
428,A,2194,,TYR,DIRECT,18209,Q9NR48,2199,MATCH
428,A,2194,,TYR,NEAR_SHELL,18209,Q9NR48,2199,MATCH
428,A,2195,,CYS,DIRECT,18209,Q9NR48,2200,MATCH
428,A,2195,,CYS,NEAR_SHELL,18209,Q9NR48,2200,MATCH
428,A,2197,,ASN,DIRECT,18209,,,
428,A,2197,,ASN,NEAR_SHELL,18209,,,
428,A,2253,,TYR,NEAR_SHELL,18209,Q9NR48,2258,MATCH
428,A,2255,,TYR,DIRECT,18209,Q9NR48,2260,MATCH
428,A,2255,,TYR,NEAR_SHELL,18209,Q9NR48,2260,MATCH
428,A,2256,,ASN,DIRECT,18209,,,
428,A,2256,,ASN,NEAR_SHELL,18209,,,
428,A,2257,,PHE,NEAR_SHELL,18209,,,
428,A,2259,,SER,DIRECT,18209,,,
428,A,2259,,SER,NEAR_SHELL,18209,,,
428,A,2260,,PHE,DIRECT,18209,,,
428,A,2260,,PHE,NEAR_SHELL,18209,,,
428,A,2261,,ASN,DIRECT,18209,,,
428,A,2261,,ASN,NEAR_SHELL,18209,,,
428,A,2262,,VAL,DIRECT,18209,,,
428,A,2262,,VAL,NEAR_SHELL,18209,,,
428,A,2263,,GLU,NEAR_SHELL,18209,,,
428,A,2264,,LYS,DIRECT,18209,,,
428,A,2264,,LYS,NEAR_SHELL,18209,,,
428,A,2266,,GLN,DIRECT,18209,Q9NR48,2271,MATCH
428,A,2266,,GLN,NEAR_SHELL,18209,Q9NR48,2271,MATCH
428,A,2279,,ILE,DIRECT,18209,Q9NR48,2284,MATCH
428,A,2279,,ILE,NEAR_SHELL,18209,Q9NR48,2284,MATCH
428,A,2280,,GLY,DIRECT,18209,,,
428,A,2280,,GLY,NEAR_SHELL,18209,,,
429,A,2169,,TYR,NEAR_SHELL,18209,Q9NR48,2174,MATCH
429,A,2193,,HIS,DIRECT,18209,Q9NR48,2198,MATCH
429,A,2193,,HIS,NEAR_SHELL,18209,Q9NR48,2198,MATCH
429,A,2194,,TYR,NEAR_SHELL,18209,Q9NR48,2199,MATCH
429,A,2195,,CYS,DIRECT,18209,Q9NR48,2200,MATCH
429,A,2195,,CYS,NEAR_SHELL,18209,Q9NR48,2200,MATCH
429,A,2253,,TYR,NEAR_SHELL,18209,Q9NR48,2258,MATCH
429,A,2255,,TYR,DIRECT,18209,Q9NR48,2260,MATCH
429,A,2255,,TYR,NEAR_SHELL,18209,Q9NR48,2260,MATCH
429,A,2256,,ASN,DIRECT,18209,,,
429,A,2256,,ASN,NEAR_SHELL,18209,,,
429,A,2259,,SER,DIRECT,18209,,,
429,A,2259,,SER,NEAR_SHELL,18209,,,
429,A,2260,,PHE,DIRECT,18209,,,
429,A,2260,,PHE,NEAR_SHELL,18209,,,
429,A,2261,,ASN,DIRECT,18209,,,
429,A,2261,,ASN,NEAR_SHELL,18209,,,
429,A,2262,,VAL,DIRECT,18209,,,
429,A,2262,,VAL,NEAR_SHELL,18209,,,
429,A,2264,,LYS,DIRECT,18209,,,
429,A,2264,,LYS,NEAR_SHELL,18209,,,
429,A,2266,,GLN,DIRECT,18209,Q9NR48,2271,MATCH
429,A,2266,,GLN,NEAR_SHELL,18209,Q9NR48,2271,MATCH
429,A,2279,,ILE,DIRECT,18209,Q9NR48,2284,MATCH
429,A,2279,,ILE,NEAR_SHELL,18209,Q9NR48,2284,MATCH
429,A,2280,,GLY,DIRECT,18209,,,
429,A,2280,,GLY,NEAR_SHELL,18209,,,
430,A,2067,,GLY,NEAR_SHELL,18209,Q9NR48,,NOT_MAPPED
430,A,2149,,GLU,NEAR_SHELL,18209,Q9NR48,2154,MATCH
430,A,2150,,LYS,DIRECT,18209,Q9NR48,2155,MATCH
430,A,2150,,LYS,NEAR_SHELL,18209,Q9NR48,2155,MATCH
430,A,2151,,GLY,DIRECT,18209,Q9NR48,2156,MATCH
430,A,2151,,GLY,NEAR_SHELL,18209,Q9NR48,2156,MATCH
430,A,2152,,TRP,DIRECT,18209,Q9NR48,2157,MATCH
430,A,2152,,TRP,NEAR_SHELL,18209,Q9NR48,2157,MATCH
430,A,2169,,TYR,NEAR_SHELL,18209,Q9NR48,2174,MATCH
430,A,2191,,SER,DIRECT,18209,Q9NR48,2196,MATCH
430,A,2191,,SER,NEAR_SHELL,18209,Q9NR48,2196,MATCH
430,A,2192,,ASP,DIRECT,18209,Q9NR48,2197,MATCH
430,A,2192,,ASP,NEAR_SHELL,18209,Q9NR48,2197,MATCH
430,A,2193,,HIS,DIRECT,18209,Q9NR48,2198,MATCH
430,A,2193,,HIS,NEAR_SHELL,18209,Q9NR48,2198,MATCH
430,A,2194,,TYR,DIRECT,18209,Q9NR48,2199,MATCH
430,A,2194,,TYR,NEAR_SHELL,18209,Q9NR48,2199,MATCH
430,A,2195,,CYS,NEAR_SHELL,18209,Q9NR48,2200,MATCH
430,A,2214,,ARG,DIRECT,18209,Q9NR48,2219,MATCH
430,A,2214,,ARG,NEAR_SHELL,18209,Q9NR48,2219,MATCH
430,A,2215,,PHE,DIRECT,18209,Q9NR48,2220,MATCH
430,A,2215,,PHE,NEAR_SHELL,18209,Q9NR48,2220,MATCH
430,A,2217,,ASN,DIRECT,18209,Q9NR48,2222,MATCH
430,A,2217,,ASN,NEAR_SHELL,18209,Q9NR48,2222,MATCH
430,A,2218,,HIS,DIRECT,18209,Q9NR48,2223,MATCH
430,A,2218,,HIS,NEAR_SHELL,18209,Q9NR48,2223,MATCH
430,A,2219,,SER,NEAR_SHELL,18209,Q9NR48,2224,MATCH
430,A,2253,,TYR,NEAR_SHELL,18209,Q9NR48,2258,MATCH
430,A,2255,,TYR,DIRECT,18209,Q9NR48,2260,MATCH
430,A,2255,,TYR,NEAR_SHELL,18209,Q9NR48,2260,MATCH
430,A,2266,,GLN,DIRECT,18209,Q9NR48,2271,MATCH
430,A,2266,,GLN,NEAR_SHELL,18209,Q9NR48,2271,MATCH
430,A,2267,,LEU,DIRECT,18209,Q9NR48,2272,MATCH
430,A,2267,,LEU,NEAR_SHELL,18209,Q9NR48,2272,MATCH
430,A,2268,,CYS,DIRECT,18209,Q9NR48,2273,MATCH
430,A,2268,,CYS,NEAR_SHELL,18209,Q9NR48,2273,MATCH
430,A,2269,,LYS,DIRECT,18209,Q9NR48,2274,MATCH
430,A,2269,,LYS,NEAR_SHELL,18209,Q9NR48,2274,MATCH
430,A,2270,,CYS,NEAR_SHELL,18209,Q9NR48,2275,MATCH
430,A,2279,,ILE,DIRECT,18209,Q9NR48,2284,MATCH
430,A,2279,,ILE,NEAR_SHELL,18209,Q9NR48,2284,MATCH
431,A,1485,,CYS,NEAR_SHELL,5135,,,
431,A,1498,,TRP,NEAR_SHELL,5135,,,
431,A,1502,,HIS,DIRECT,5135,,,
431,A,1502,,HIS,NEAR_SHELL,5135,,,
431,A,1507,,HIS,NEAR_SHELL,5135,,,
431,A,1510,,TRP,DIRECT,5135,,,
431,A,1510,,TRP,NEAR_SHELL,5135,,,
431,A,1534,,GLY,DIRECT,5135,,,
431,A,1534,,GLY,NEAR_SHELL,5135,,,
431,A,1535,,LYS,NEAR_SHELL,5135,,,
431,C,7,,DG,DIRECT,5135,,,
431,C,7,,DG,NEAR_SHELL,5135,,,
431,D,19,,DG,DIRECT,5135,,,
431,D,19,,DG,NEAR_SHELL,5135,,,
431,D,20,,DG,NEAR_SHELL,5135,,,
432,A,1268,,VAL,DIRECT,5135,,,
432,A,1268,,VAL,NEAR_SHELL,5135,,,
432,A,1269,,ARG,NEAR_SHELL,5135,,,
432,A,1270,,ASN,DIRECT,5135,,,
432,A,1270,,ASN,NEAR_SHELL,5135,,,
432,A,1274,,PHE,NEAR_SHELL,5135,,,
432,A,1311,,ARG,NEAR_SHELL,5135,,,
432,A,1535,,LYS,DIRECT,5135,,,
432,A,1535,,LYS,NEAR_SHELL,5135,,,
432,C,7,,DG,DIRECT,5135,,,
432,C,7,,DG,NEAR_SHELL,5135,,,
432,C,8,,DC,NEAR_SHELL,5135,,,
432,D,17,,DG,DIRECT,5135,,,
432,D,17,,DG,NEAR_SHELL,5135,,,
432,D,19,,DG,DIRECT,5135,,,
432,D,19,,DG,NEAR_SHELL,5135,,,
432,D,20,,DG,NEAR_SHELL,5135,,,
433,A,1225,,PRO,NEAR_SHELL,5135,,,
433,A,1226,,CYS,DIRECT,5135,,,
433,A,1226,,CYS,NEAR_SHELL,5135,,,
433,A,1227,,GLN,DIRECT,5135,,,
433,A,1227,,GLN,NEAR_SHELL,5135,,,
433,A,1230,,SER,DIRECT,5135,,,
433,A,1230,,SER,NEAR_SHELL,5135,,,
433,A,1267,,ASN,NEAR_SHELL,5135,,,
433,A,1268,,VAL,NEAR_SHELL,5135,,,
433,A,1274,,PHE,DIRECT,5135,,,
433,A,1274,,PHE,NEAR_SHELL,5135,,,
433,A,1507,,HIS,DIRECT,5135,,,
433,A,1507,,HIS,NEAR_SHELL,5135,,,
433,A,1510,,TRP,NEAR_SHELL,5135,,,
433,A,1535,,LYS,DIRECT,5135,,,
433,A,1535,,LYS,NEAR_SHELL,5135,,,
433,C,7,,DG,DIRECT,5135,,,
433,C,7,,DG,NEAR_SHELL,5135,,,
433,D,17,,DG,NEAR_SHELL,5135,,,
433,D,19,,DG,DIRECT,5135,,,
433,D,19,,DG,NEAR_SHELL,5135,,,
433,D,20,,DG,DIRECT,5135,,,
433,D,20,,DG,NEAR_SHELL,5135,,,
434,A,228,,SER,NEAR_SHELL,3235,,,
434,A,230,,VAL,DIRECT,3235,,,
434,A,230,,VAL,NEAR_SHELL,3235,,,
434,A,233,,TYR,DIRECT,3235,,,
434,A,233,,TYR,NEAR_SHELL,3235,,,
434,A,234,,PRO,NEAR_SHELL,3235,,,
434,A,236,,TRP,DIRECT,3235,,,
434,A,236,,TRP,NEAR_SHELL,3235,,,
434,A,266,,PHE,DIRECT,3235,,,
434,A,266,,PHE,NEAR_SHELL,3235,,,
434,A,267,,PHE,DIRECT,3235,,,
434,A,267,,PHE,NEAR_SHELL,3235,,,
434,A,268,,GLY,DIRECT,3235,,,
434,A,268,,GLY,NEAR_SHELL,3235,,,
434,A,270,,ALA,DIRECT,3235,,,
434,A,270,,ALA,NEAR_SHELL,3235,,,
434,A,271,,PRO,NEAR_SHELL,3235,,,
434,A,272,,GLU,DIRECT,3235,,,
434,A,272,,GLU,NEAR_SHELL,3235,,,
434,A,273,,ARG,DIRECT,3235,,,
434,A,273,,ARG,NEAR_SHELL,3235,,,
434,A,274,,ALA,NEAR_SHELL,3235,,,
434,A,275,,TRP,NEAR_SHELL,3235,,,
434,A,318,,LEU,DIRECT,3235,,,
434,A,318,,LEU,NEAR_SHELL,3235,,,
434,A,321,,GLN,DIRECT,3235,,,
434,A,321,,GLN,NEAR_SHELL,3235,,,
435,A,376,,CYS,DIRECT,11585,Q86U44,376,MATCH
435,A,376,,CYS,NEAR_SHELL,11585,Q86U44,376,MATCH
435,A,377,,ASP,DIRECT,11585,Q86U44,377,MATCH
435,A,377,,ASP,NEAR_SHELL,11585,Q86U44,377,MATCH
435,A,378,,ILE,DIRECT,11585,Q86U44,378,MATCH
435,A,378,,ILE,NEAR_SHELL,11585,Q86U44,378,MATCH
435,A,379,,ARG,DIRECT,11585,Q86U44,379,MATCH
435,A,379,,ARG,NEAR_SHELL,11585,Q86U44,379,MATCH
435,A,395,,ASP,DIRECT,11585,Q86U44,395,MATCH
435,A,395,,ASP,NEAR_SHELL,11585,Q86U44,395,MATCH
435,A,396,,PRO,NEAR_SHELL,11585,Q86U44,396,MATCH
435,A,397,,PRO,DIRECT,11585,Q86U44,397,MATCH
435,A,397,,PRO,NEAR_SHELL,11585,Q86U44,397,MATCH
435,A,407,,GLY,DIRECT,11585,Q86U44,407,MATCH
435,A,407,,GLY,NEAR_SHELL,11585,Q86U44,407,MATCH
435,A,408,,THR,NEAR_SHELL,11585,Q86U44,408,MATCH
435,A,409,,LEU,DIRECT,11585,Q86U44,409,MATCH
435,A,409,,LEU,NEAR_SHELL,11585,Q86U44,409,MATCH
435,A,511,,SER,DIRECT,11585,Q86U44,511,MATCH
435,A,511,,SER,NEAR_SHELL,11585,Q86U44,511,MATCH
435,A,512,,HIS,NEAR_SHELL,11585,Q86U44,512,MATCH
435,A,513,,LYS,DIRECT,11585,Q86U44,513,MATCH
435,A,513,,LYS,NEAR_SHELL,11585,Q86U44,513,MATCH
435,A,518,,TYR,NEAR_SHELL,11585,Q86U44,518,MATCH
435,A,532,,GLU,DIRECT,11585,Q86U44,532,MATCH
435,A,532,,GLU,NEAR_SHELL,11585,Q86U44,532,MATCH
435,A,534,,PHE,DIRECT,11585,Q86U44,534,MATCH
435,A,534,,PHE,NEAR_SHELL,11585,Q86U44,534,MATCH
435,A,535,,GLY,NEAR_SHELL,11585,Q86U44,535,MATCH
435,A,536,,ARG,DIRECT,11585,Q86U44,536,MATCH
435,A,536,,ARG,NEAR_SHELL,11585,Q86U44,536,MATCH
435,A,539,,ASN,DIRECT,11585,Q86U44,539,MATCH
435,A,539,,ASN,NEAR_SHELL,11585,Q86U44,539,MATCH
435,A,548,,GLY,DIRECT,11585,Q86U44,548,MATCH
435,A,548,,GLY,NEAR_SHELL,11585,Q86U44,548,MATCH
435,A,549,,ASN,DIRECT,11585,Q86U44,549,MATCH
435,A,549,,ASN,NEAR_SHELL,11585,Q86U44,549,MATCH
435,A,550,,GLN,DIRECT,11585,Q86U44,550,MATCH
435,A,550,,GLN,NEAR_SHELL,11585,Q86U44,550,MATCH
436,A,13,,ASN,NEAR_SHELL,17626,Q9H7B4,13,SUBSTITUTION
436,A,14,,ARG,DIRECT,17626,Q9H7B4,14,MATCH
436,A,14,,ARG,NEAR_SHELL,17626,Q9H7B4,14,MATCH
436,A,15,,GLY,DIRECT,17626,Q9H7B4,15,MATCH
436,A,15,,GLY,NEAR_SHELL,17626,Q9H7B4,15,MATCH
436,A,16,,ASN,DIRECT,17626,Q9H7B4,16,MATCH
436,A,16,,ASN,NEAR_SHELL,17626,Q9H7B4,16,MATCH
436,A,124,,TYR,DIRECT,17626,Q9H7B4,124,MATCH
436,A,124,,TYR,NEAR_SHELL,17626,Q9H7B4,124,MATCH
436,A,130,,GLU,DIRECT,17626,Q9H7B4,130,MATCH
436,A,130,,GLU,NEAR_SHELL,17626,Q9H7B4,130,MATCH
436,A,132,,ASN,DIRECT,17626,Q9H7B4,132,MATCH
436,A,132,,ASN,NEAR_SHELL,17626,Q9H7B4,132,MATCH
436,A,135,,LYS,NEAR_SHELL,17626,Q9H7B4,135,MATCH
436,A,180,,CYS,DIRECT,17626,Q9H7B4,180,MATCH
436,A,180,,CYS,NEAR_SHELL,17626,Q9H7B4,180,MATCH
436,A,181,,ASN,DIRECT,17626,Q9H7B4,181,MATCH
436,A,181,,ASN,NEAR_SHELL,17626,Q9H7B4,181,MATCH
436,A,183,,PHE,NEAR_SHELL,17626,Q9H7B4,183,MATCH
436,A,202,,SER,DIRECT,17626,Q9H7B4,202,MATCH
436,A,202,,SER,NEAR_SHELL,17626,Q9H7B4,202,MATCH
436,A,204,,LEU,DIRECT,17626,Q9H7B4,204,MATCH
436,A,204,,LEU,NEAR_SHELL,17626,Q9H7B4,204,MATCH
436,A,205,,ASN,DIRECT,17626,Q9H7B4,205,MATCH
436,A,205,,ASN,NEAR_SHELL,17626,Q9H7B4,205,MATCH
436,A,206,,HIS,DIRECT,17626,Q9H7B4,206,MATCH
436,A,206,,HIS,NEAR_SHELL,17626,Q9H7B4,206,MATCH
436,A,239,,TYR,DIRECT,17626,Q9H7B4,239,MATCH
436,A,239,,TYR,NEAR_SHELL,17626,Q9H7B4,239,MATCH
436,A,257,,TYR,DIRECT,17626,Q9H7B4,257,MATCH
436,A,257,,TYR,NEAR_SHELL,17626,Q9H7B4,257,MATCH
436,A,258,,CYS,NEAR_SHELL,17626,Q9H7B4,258,MATCH
436,A,259,,PHE,DIRECT,17626,Q9H7B4,259,MATCH
436,A,259,,PHE,NEAR_SHELL,17626,Q9H7B4,259,MATCH
436,A,260,,GLU,NEAR_SHELL,17626,Q9H7B4,260,MATCH
436,A,261,,CYS,NEAR_SHELL,17626,Q9H7B4,261,MATCH
436,A,262,,ASP,NEAR_SHELL,17626,Q9H7B4,262,MATCH
437,A,188,,ALA,DIRECT,17626,,,
437,A,188,,ALA,NEAR_SHELL,17626,,,
437,A,189,,GLU,DIRECT,17626,,,
437,A,189,,GLU,NEAR_SHELL,17626,,,
437,A,339,,ILE,DIRECT,17626,,,
437,A,339,,ILE,NEAR_SHELL,17626,,,
437,A,344,,LEU,NEAR_SHELL,17626,,,
437,A,371,,VAL,DIRECT,17626,,,
437,A,371,,VAL,NEAR_SHELL,17626,,,
437,A,374,,MET,DIRECT,17626,,,
437,A,374,,MET,NEAR_SHELL,17626,,,
437,A,375,,LYS,DIRECT,17626,,,
437,A,375,,LYS,NEAR_SHELL,17626,,,
437,A,378,,LYS,DIRECT,17626,,,
437,A,378,,LYS,NEAR_SHELL,17626,,,
437,A,379,,LEU,DIRECT,17626,,,
437,A,379,,LEU,NEAR_SHELL,17626,,,
437,A,382,,HIS,NEAR_SHELL,17626,,,
437,A,410,,LEU,DIRECT,17626,,,
437,A,410,,LEU,NEAR_SHELL,17626,,,
437,A,413,,ASP,DIRECT,17626,,,
437,A,413,,ASP,NEAR_SHELL,17626,,,
438,A,13,,ASN,NEAR_SHELL,17626,Q9H7B4,13,SUBSTITUTION
438,A,14,,ARG,DIRECT,17626,Q9H7B4,14,MATCH
438,A,14,,ARG,NEAR_SHELL,17626,Q9H7B4,14,MATCH
438,A,15,,GLY,DIRECT,17626,Q9H7B4,15,MATCH
438,A,15,,GLY,NEAR_SHELL,17626,Q9H7B4,15,MATCH
438,A,16,,ASN,DIRECT,17626,Q9H7B4,16,MATCH
438,A,16,,ASN,NEAR_SHELL,17626,Q9H7B4,16,MATCH
438,A,124,,TYR,DIRECT,17626,Q9H7B4,124,MATCH
438,A,124,,TYR,NEAR_SHELL,17626,Q9H7B4,124,MATCH
438,A,130,,GLU,DIRECT,17626,Q9H7B4,130,MATCH
438,A,130,,GLU,NEAR_SHELL,17626,Q9H7B4,130,MATCH
438,A,132,,ASN,DIRECT,17626,Q9H7B4,132,MATCH
438,A,132,,ASN,NEAR_SHELL,17626,Q9H7B4,132,MATCH
438,A,135,,LYS,NEAR_SHELL,17626,Q9H7B4,135,MATCH
438,A,180,,CYS,DIRECT,17626,Q9H7B4,180,MATCH
438,A,180,,CYS,NEAR_SHELL,17626,Q9H7B4,180,MATCH
438,A,181,,ASN,DIRECT,17626,Q9H7B4,181,MATCH
438,A,181,,ASN,NEAR_SHELL,17626,Q9H7B4,181,MATCH
438,A,183,,PHE,NEAR_SHELL,17626,Q9H7B4,183,MATCH
438,A,202,,SER,DIRECT,17626,Q9H7B4,202,MATCH
438,A,202,,SER,NEAR_SHELL,17626,Q9H7B4,202,MATCH
438,A,203,,LEU,NEAR_SHELL,17626,Q9H7B4,203,MATCH
438,A,204,,LEU,DIRECT,17626,Q9H7B4,204,MATCH
438,A,204,,LEU,NEAR_SHELL,17626,Q9H7B4,204,MATCH
438,A,205,,ASN,DIRECT,17626,Q9H7B4,205,MATCH
438,A,205,,ASN,NEAR_SHELL,17626,Q9H7B4,205,MATCH
438,A,206,,HIS,DIRECT,17626,Q9H7B4,206,MATCH
438,A,206,,HIS,NEAR_SHELL,17626,Q9H7B4,206,MATCH
438,A,239,,TYR,DIRECT,17626,Q9H7B4,239,MATCH
438,A,239,,TYR,NEAR_SHELL,17626,Q9H7B4,239,MATCH
438,A,256,,GLN,NEAR_SHELL,17626,Q9H7B4,256,MATCH
438,A,257,,TYR,DIRECT,17626,Q9H7B4,257,MATCH
438,A,257,,TYR,NEAR_SHELL,17626,Q9H7B4,257,MATCH
438,A,258,,CYS,NEAR_SHELL,17626,Q9H7B4,258,MATCH
438,A,259,,PHE,DIRECT,17626,Q9H7B4,259,MATCH
438,A,259,,PHE,NEAR_SHELL,17626,Q9H7B4,259,MATCH
438,A,260,,GLU,NEAR_SHELL,17626,Q9H7B4,260,MATCH
438,A,261,,CYS,NEAR_SHELL,17626,Q9H7B4,261,MATCH
438,A,262,,ASP,NEAR_SHELL,17626,Q9H7B4,262,MATCH
439,A,180,,CYS,DIRECT,17626,Q9H7B4,180,MATCH
439,A,180,,CYS,NEAR_SHELL,17626,Q9H7B4,180,MATCH
439,A,181,,ASN,DIRECT,17626,Q9H7B4,181,MATCH
439,A,181,,ASN,NEAR_SHELL,17626,Q9H7B4,181,MATCH
439,A,182,,SER,DIRECT,17626,,,
439,A,182,,SER,NEAR_SHELL,17626,,,
439,A,183,,PHE,DIRECT,17626,Q9H7B4,183,MATCH
439,A,183,,PHE,NEAR_SHELL,17626,Q9H7B4,183,MATCH
439,A,184,,THR,DIRECT,17626,,,
439,A,184,,THR,NEAR_SHELL,17626,,,
439,A,190,,MET,DIRECT,17626,,,
439,A,190,,MET,NEAR_SHELL,17626,,,
439,A,192,,GLU,NEAR_SHELL,17626,,,
439,A,202,,SER,NEAR_SHELL,17626,Q9H7B4,202,MATCH
439,A,204,,LEU,NEAR_SHELL,17626,Q9H7B4,204,MATCH
439,A,214,,ILE,DIRECT,17626,,,
439,A,214,,ILE,NEAR_SHELL,17626,,,
439,A,237,,ILE,DIRECT,17626,,,
439,A,237,,ILE,NEAR_SHELL,17626,,,
439,A,238,,CYS,NEAR_SHELL,17626,,,
439,A,239,,TYR,DIRECT,17626,Q9H7B4,239,MATCH
439,A,239,,TYR,NEAR_SHELL,17626,Q9H7B4,239,MATCH
439,A,257,,TYR,DIRECT,17626,Q9H7B4,257,MATCH
439,A,257,,TYR,NEAR_SHELL,17626,Q9H7B4,257,MATCH
439,A,367,,PRO,NEAR_SHELL,17626,,,
439,A,368,,VAL,NEAR_SHELL,17626,,,
440,A,13,,ASN,NEAR_SHELL,17626,Q9H7B4,13,SUBSTITUTION
440,A,14,,ARG,DIRECT,17626,Q9H7B4,14,MATCH
440,A,14,,ARG,NEAR_SHELL,17626,Q9H7B4,14,MATCH
440,A,15,,GLY,DIRECT,17626,Q9H7B4,15,MATCH
440,A,15,,GLY,NEAR_SHELL,17626,Q9H7B4,15,MATCH
440,A,16,,ASN,DIRECT,17626,Q9H7B4,16,MATCH
440,A,16,,ASN,NEAR_SHELL,17626,Q9H7B4,16,MATCH
440,A,124,,TYR,DIRECT,17626,Q9H7B4,124,MATCH
440,A,124,,TYR,NEAR_SHELL,17626,Q9H7B4,124,MATCH
440,A,130,,GLU,DIRECT,17626,Q9H7B4,130,MATCH
440,A,130,,GLU,NEAR_SHELL,17626,Q9H7B4,130,MATCH
440,A,132,,ASN,DIRECT,17626,Q9H7B4,132,MATCH
440,A,132,,ASN,NEAR_SHELL,17626,Q9H7B4,132,MATCH
440,A,135,,LYS,NEAR_SHELL,17626,Q9H7B4,135,MATCH
440,A,180,,CYS,DIRECT,17626,Q9H7B4,180,MATCH
440,A,180,,CYS,NEAR_SHELL,17626,Q9H7B4,180,MATCH
440,A,181,,ASN,DIRECT,17626,Q9H7B4,181,MATCH
440,A,181,,ASN,NEAR_SHELL,17626,Q9H7B4,181,MATCH
440,A,183,,PHE,NEAR_SHELL,17626,Q9H7B4,183,MATCH
440,A,202,,SER,DIRECT,17626,Q9H7B4,202,MATCH
440,A,202,,SER,NEAR_SHELL,17626,Q9H7B4,202,MATCH
440,A,203,,LEU,NEAR_SHELL,17626,Q9H7B4,203,MATCH
440,A,204,,LEU,DIRECT,17626,Q9H7B4,204,MATCH
440,A,204,,LEU,NEAR_SHELL,17626,Q9H7B4,204,MATCH
440,A,205,,ASN,DIRECT,17626,Q9H7B4,205,MATCH
440,A,205,,ASN,NEAR_SHELL,17626,Q9H7B4,205,MATCH
440,A,206,,HIS,DIRECT,17626,Q9H7B4,206,MATCH
440,A,206,,HIS,NEAR_SHELL,17626,Q9H7B4,206,MATCH
440,A,207,,SER,NEAR_SHELL,17626,Q9H7B4,207,MATCH
440,A,239,,TYR,DIRECT,17626,Q9H7B4,239,MATCH
440,A,239,,TYR,NEAR_SHELL,17626,Q9H7B4,239,MATCH
440,A,256,,GLN,NEAR_SHELL,17626,Q9H7B4,256,MATCH
440,A,257,,TYR,DIRECT,17626,Q9H7B4,257,MATCH
440,A,257,,TYR,NEAR_SHELL,17626,Q9H7B4,257,MATCH
440,A,258,,CYS,NEAR_SHELL,17626,Q9H7B4,258,MATCH
440,A,259,,PHE,DIRECT,17626,Q9H7B4,259,MATCH
440,A,259,,PHE,NEAR_SHELL,17626,Q9H7B4,259,MATCH
440,A,260,,GLU,NEAR_SHELL,17626,Q9H7B4,260,MATCH
440,A,261,,CYS,NEAR_SHELL,17626,Q9H7B4,261,MATCH
440,A,262,,ASP,NEAR_SHELL,17626,Q9H7B4,262,MATCH
441,A,188,,ALA,DIRECT,17626,,,
441,A,188,,ALA,NEAR_SHELL,17626,,,
441,A,189,,GLU,DIRECT,17626,,,
441,A,189,,GLU,NEAR_SHELL,17626,,,
441,A,300,,TRP,NEAR_SHELL,17626,,,
441,A,339,,ILE,DIRECT,17626,,,
441,A,339,,ILE,NEAR_SHELL,17626,,,
441,A,340,,ASN,DIRECT,17626,,,
441,A,340,,ASN,NEAR_SHELL,17626,,,
441,A,344,,LEU,NEAR_SHELL,17626,,,
441,A,371,,VAL,DIRECT,17626,,,
441,A,371,,VAL,NEAR_SHELL,17626,,,
441,A,374,,MET,DIRECT,17626,,,
441,A,374,,MET,NEAR_SHELL,17626,,,
441,A,375,,LYS,DIRECT,17626,,,
441,A,375,,LYS,NEAR_SHELL,17626,,,
441,A,378,,LYS,DIRECT,17626,,,
441,A,378,,LYS,NEAR_SHELL,17626,,,
441,A,379,,LEU,DIRECT,17626,,,
441,A,379,,LEU,NEAR_SHELL,17626,,,
441,A,382,,HIS,NEAR_SHELL,17626,,,
441,A,410,,LEU,DIRECT,17626,,,
441,A,410,,LEU,NEAR_SHELL,17626,,,
441,A,413,,ASP,NEAR_SHELL,17626,,,
442,A,1044,,ARG,NEAR_SHELL,15523,Q96KQ7,1044,MATCH
442,A,1047,,LYS,NEAR_SHELL,15523,Q96KQ7,1047,MATCH
442,A,1048,,MET,DIRECT,15523,Q96KQ7,1048,MATCH
442,A,1048,,MET,NEAR_SHELL,15523,Q96KQ7,1048,MATCH
442,A,1049,,GLY,DIRECT,15523,Q96KQ7,1049,MATCH
442,A,1049,,GLY,NEAR_SHELL,15523,Q96KQ7,1049,MATCH
442,A,1050,,TRP,DIRECT,15523,Q96KQ7,1050,MATCH
442,A,1050,,TRP,NEAR_SHELL,15523,Q96KQ7,1050,MATCH
442,A,1067,,TYR,NEAR_SHELL,15523,Q96KQ7,1067,MATCH
442,A,1084,,SER,DIRECT,15523,Q96KQ7,1084,MATCH
442,A,1084,,SER,NEAR_SHELL,15523,Q96KQ7,1084,MATCH
442,A,1085,,TYR,DIRECT,15523,Q96KQ7,1085,MATCH
442,A,1085,,TYR,NEAR_SHELL,15523,Q96KQ7,1085,MATCH
442,A,1108,,SER,NEAR_SHELL,15523,Q96KQ7,1108,MATCH
442,A,1109,,ARG,DIRECT,15523,Q96KQ7,1109,MATCH
442,A,1109,,ARG,NEAR_SHELL,15523,Q96KQ7,1109,MATCH
442,A,1110,,PHE,DIRECT,15523,Q96KQ7,1110,MATCH
442,A,1110,,PHE,NEAR_SHELL,15523,Q96KQ7,1110,MATCH
442,A,1111,,ILE,DIRECT,15523,Q96KQ7,1111,MATCH
442,A,1111,,ILE,NEAR_SHELL,15523,Q96KQ7,1111,MATCH
442,A,1112,,ASN,DIRECT,15523,Q96KQ7,1112,MATCH
442,A,1112,,ASN,NEAR_SHELL,15523,Q96KQ7,1112,MATCH
442,A,1113,,HIS,DIRECT,15523,Q96KQ7,1113,MATCH
442,A,1113,,HIS,NEAR_SHELL,15523,Q96KQ7,1113,MATCH
442,A,1154,,TYR,DIRECT,15523,Q96KQ7,1154,MATCH
442,A,1154,,TYR,NEAR_SHELL,15523,Q96KQ7,1154,MATCH
442,A,1158,,PHE,DIRECT,15523,Q96KQ7,1158,MATCH
442,A,1158,,PHE,NEAR_SHELL,15523,Q96KQ7,1158,MATCH
442,A,1159,,TRP,DIRECT,15523,Q96KQ7,1159,MATCH
442,A,1159,,TRP,NEAR_SHELL,15523,Q96KQ7,1159,MATCH
442,A,1162,,LYS,NEAR_SHELL,15523,Q96KQ7,1162,MATCH
442,A,1166,,PHE,DIRECT,15523,Q96KQ7,1166,MATCH
442,A,1166,,PHE,NEAR_SHELL,15523,Q96KQ7,1166,MATCH
442,A,1167,,THR,DIRECT,15523,Q96KQ7,1167,MATCH
442,A,1167,,THR,NEAR_SHELL,15523,Q96KQ7,1167,MATCH
442,A,1168,,CYS,DIRECT,15523,Q96KQ7,1168,MATCH
442,A,1168,,CYS,NEAR_SHELL,15523,Q96KQ7,1168,MATCH
442,A,1169,,GLN,DIRECT,15523,Q96KQ7,1169,MATCH
442,A,1169,,GLN,NEAR_SHELL,15523,Q96KQ7,1169,MATCH
443,A,1067,,TYR,DIRECT,15523,Q96KQ7,1067,MATCH
443,A,1067,,TYR,NEAR_SHELL,15523,Q96KQ7,1067,MATCH
443,A,1077,,ALA,DIRECT,15523,,,
443,A,1077,,ALA,NEAR_SHELL,15523,,,
443,A,1078,,ASP,DIRECT,15523,,,
443,A,1078,,ASP,NEAR_SHELL,15523,,,
443,A,1083,,ASP,DIRECT,15523,,,
443,A,1083,,ASP,NEAR_SHELL,15523,,,
443,A,1084,,SER,DIRECT,15523,Q96KQ7,1084,MATCH
443,A,1084,,SER,NEAR_SHELL,15523,Q96KQ7,1084,MATCH
443,A,1085,,TYR,NEAR_SHELL,15523,Q96KQ7,1085,MATCH
443,A,1086,,LEU,DIRECT,15523,,,
443,A,1086,,LEU,NEAR_SHELL,15523,,,
443,A,1087,,PHE,DIRECT,15523,,,
443,A,1087,,PHE,NEAR_SHELL,15523,,,
443,A,1088,,ASP,DIRECT,15523,,,
443,A,1088,,ASP,NEAR_SHELL,15523,,,
443,A,1098,,CYS,DIRECT,15523,,,
443,A,1098,,CYS,NEAR_SHELL,15523,,,
443,A,1108,,SER,NEAR_SHELL,15523,Q96KQ7,1108,MATCH
443,A,1109,,ARG,NEAR_SHELL,15523,Q96KQ7,1109,MATCH
443,A,1111,,ILE,NEAR_SHELL,15523,Q96KQ7,1111,MATCH
443,A,1152,,PHE,DIRECT,15523,,,
443,A,1152,,PHE,NEAR_SHELL,15523,,,
443,A,1154,,TYR,DIRECT,15523,Q96KQ7,1154,MATCH
443,A,1154,,TYR,NEAR_SHELL,15523,Q96KQ7,1154,MATCH
443,A,1157,,ARG,DIRECT,15523,,,
443,A,1157,,ARG,NEAR_SHELL,15523,,,
443,A,1158,,PHE,DIRECT,15523,Q96KQ7,1158,MATCH
443,A,1158,,PHE,NEAR_SHELL,15523,Q96KQ7,1158,MATCH
443,A,1161,,ILE,DIRECT,15523,,,
443,A,1161,,ILE,NEAR_SHELL,15523,,,
443,A,1162,,LYS,DIRECT,15523,Q96KQ7,1162,MATCH
443,A,1162,,LYS,NEAR_SHELL,15523,Q96KQ7,1162,MATCH
444,B,1044,,ARG,NEAR_SHELL,15523,Q96KQ7,1044,MATCH
444,B,1047,,LYS,NEAR_SHELL,15523,Q96KQ7,1047,MATCH
444,B,1048,,MET,DIRECT,15523,Q96KQ7,1048,MATCH
444,B,1048,,MET,NEAR_SHELL,15523,Q96KQ7,1048,MATCH
444,B,1049,,GLY,DIRECT,15523,Q96KQ7,1049,MATCH
444,B,1049,,GLY,NEAR_SHELL,15523,Q96KQ7,1049,MATCH
444,B,1050,,TRP,DIRECT,15523,Q96KQ7,1050,MATCH
444,B,1050,,TRP,NEAR_SHELL,15523,Q96KQ7,1050,MATCH
444,B,1067,,TYR,NEAR_SHELL,15523,Q96KQ7,1067,MATCH
444,B,1084,,SER,DIRECT,15523,Q96KQ7,1084,MATCH
444,B,1084,,SER,NEAR_SHELL,15523,Q96KQ7,1084,MATCH
444,B,1085,,TYR,DIRECT,15523,Q96KQ7,1085,MATCH
444,B,1085,,TYR,NEAR_SHELL,15523,Q96KQ7,1085,MATCH
444,B,1108,,SER,NEAR_SHELL,15523,Q96KQ7,1108,MATCH
444,B,1109,,ARG,DIRECT,15523,Q96KQ7,1109,MATCH
444,B,1109,,ARG,NEAR_SHELL,15523,Q96KQ7,1109,MATCH
444,B,1110,,PHE,DIRECT,15523,Q96KQ7,1110,MATCH
444,B,1110,,PHE,NEAR_SHELL,15523,Q96KQ7,1110,MATCH
444,B,1111,,ILE,DIRECT,15523,Q96KQ7,1111,MATCH
444,B,1111,,ILE,NEAR_SHELL,15523,Q96KQ7,1111,MATCH
444,B,1112,,ASN,DIRECT,15523,Q96KQ7,1112,MATCH
444,B,1112,,ASN,NEAR_SHELL,15523,Q96KQ7,1112,MATCH
444,B,1113,,HIS,DIRECT,15523,Q96KQ7,1113,MATCH
444,B,1113,,HIS,NEAR_SHELL,15523,Q96KQ7,1113,MATCH
444,B,1114,,LEU,NEAR_SHELL,15523,Q96KQ7,1114,MATCH
444,B,1154,,TYR,DIRECT,15523,Q96KQ7,1154,MATCH
444,B,1154,,TYR,NEAR_SHELL,15523,Q96KQ7,1154,MATCH
444,B,1158,,PHE,DIRECT,15523,Q96KQ7,1158,MATCH
444,B,1158,,PHE,NEAR_SHELL,15523,Q96KQ7,1158,MATCH
444,B,1159,,TRP,NEAR_SHELL,15523,Q96KQ7,1159,MATCH
444,B,1162,,LYS,NEAR_SHELL,15523,Q96KQ7,1162,MATCH
444,B,1166,,PHE,DIRECT,15523,Q96KQ7,1166,MATCH
444,B,1166,,PHE,NEAR_SHELL,15523,Q96KQ7,1166,MATCH
444,B,1167,,THR,DIRECT,15523,Q96KQ7,1167,MATCH
444,B,1167,,THR,NEAR_SHELL,15523,Q96KQ7,1167,MATCH
444,B,1168,,CYS,DIRECT,15523,Q96KQ7,1168,MATCH
444,B,1168,,CYS,NEAR_SHELL,15523,Q96KQ7,1168,MATCH
444,B,1169,,GLN,DIRECT,15523,Q96KQ7,1169,MATCH
444,B,1169,,GLN,NEAR_SHELL,15523,Q96KQ7,1169,MATCH
444,B,1170,,CYS,NEAR_SHELL,15523,Q96KQ7,1170,MATCH
445,B,1067,,TYR,DIRECT,15523,Q96KQ7,1067,MATCH
445,B,1067,,TYR,NEAR_SHELL,15523,Q96KQ7,1067,MATCH
445,B,1077,,ALA,DIRECT,15523,,,
445,B,1077,,ALA,NEAR_SHELL,15523,,,
445,B,1078,,ASP,DIRECT,15523,,,
445,B,1078,,ASP,NEAR_SHELL,15523,,,
445,B,1083,,ASP,DIRECT,15523,,,
445,B,1083,,ASP,NEAR_SHELL,15523,,,
445,B,1084,,SER,DIRECT,15523,Q96KQ7,1084,MATCH
445,B,1084,,SER,NEAR_SHELL,15523,Q96KQ7,1084,MATCH
445,B,1085,,TYR,NEAR_SHELL,15523,Q96KQ7,1085,MATCH
445,B,1086,,LEU,DIRECT,15523,,,
445,B,1086,,LEU,NEAR_SHELL,15523,,,
445,B,1087,,PHE,DIRECT,15523,,,
445,B,1087,,PHE,NEAR_SHELL,15523,,,
445,B,1088,,ASP,DIRECT,15523,,,
445,B,1088,,ASP,NEAR_SHELL,15523,,,
445,B,1098,,CYS,DIRECT,15523,,,
445,B,1098,,CYS,NEAR_SHELL,15523,,,
445,B,1108,,SER,NEAR_SHELL,15523,Q96KQ7,1108,MATCH
445,B,1109,,ARG,NEAR_SHELL,15523,Q96KQ7,1109,MATCH
445,B,1111,,ILE,NEAR_SHELL,15523,Q96KQ7,1111,MATCH
445,B,1152,,PHE,DIRECT,15523,,,
445,B,1152,,PHE,NEAR_SHELL,15523,,,
445,B,1154,,TYR,DIRECT,15523,Q96KQ7,1154,MATCH
445,B,1154,,TYR,NEAR_SHELL,15523,Q96KQ7,1154,MATCH
445,B,1157,,ARG,DIRECT,15523,,,
445,B,1157,,ARG,NEAR_SHELL,15523,,,
445,B,1158,,PHE,DIRECT,15523,Q96KQ7,1158,MATCH
445,B,1158,,PHE,NEAR_SHELL,15523,Q96KQ7,1158,MATCH
445,B,1161,,ILE,DIRECT,15523,,,
445,B,1161,,ILE,NEAR_SHELL,15523,,,
445,B,1162,,LYS,DIRECT,15523,Q96KQ7,1162,MATCH
445,B,1162,,LYS,NEAR_SHELL,15523,Q96KQ7,1162,MATCH
446,A,210,,THR,DIRECT,8324,,,
446,A,210,,THR,NEAR_SHELL,8324,,,
446,A,211,,LYS,NEAR_SHELL,8324,,,
446,A,212,,THR,DIRECT,8324,,,
446,A,212,,THR,NEAR_SHELL,8324,,,
446,A,214,,HIS,NEAR_SHELL,8324,,,
446,A,268,,TYR,DIRECT,8324,,,
446,A,268,,TYR,NEAR_SHELL,8324,,,
446,A,270,,ASP,NEAR_SHELL,8324,,,
446,A,275,,TRP,DIRECT,8324,,,
446,A,275,,TRP,NEAR_SHELL,8324,,,
446,A,277,,TYR,DIRECT,8324,,,
446,A,277,,TYR,NEAR_SHELL,8324,,,
446,A,297,,PHE,DIRECT,8324,,,
446,A,297,,PHE,NEAR_SHELL,8324,,,
446,A,299,,ASP,DIRECT,8324,,,
446,A,299,,ASP,NEAR_SHELL,8324,,,
446,A,300,,GLY,NEAR_SHELL,8324,,,
446,A,301,,TYR,DIRECT,8324,,,
446,A,301,,TYR,NEAR_SHELL,8324,,,
446,A,358,,TRP,NEAR_SHELL,8324,,,
446,A,385,,CYS,NEAR_SHELL,8324,,,
446,A,386,,GLU,DIRECT,8324,,,
446,A,386,,GLU,NEAR_SHELL,8324,,,
446,A,387,,TRP,NEAR_SHELL,8324,,,
446,A,394,,ARG,NEAR_SHELL,8324,,,
446,B,270,,ASP,DIRECT,8324,,,
446,B,270,,ASP,NEAR_SHELL,8324,,,
446,B,273,,GLN,DIRECT,8324,,,
446,B,273,,GLN,NEAR_SHELL,8324,,,
446,B,275,,TRP,DIRECT,8324,,,
446,B,275,,TRP,NEAR_SHELL,8324,,,
446,B,299,,ASP,DIRECT,8324,,,
446,B,299,,ASP,NEAR_SHELL,8324,,,
446,B,300,,GLY,NEAR_SHELL,8324,,,
446,B,301,,TYR,NEAR_SHELL,8324,,,
446,B,326,,ASP,NEAR_SHELL,8324,,,
447,A,270,,ASP,DIRECT,8324,,,
447,A,270,,ASP,NEAR_SHELL,8324,,,
447,A,273,,GLN,DIRECT,8324,,,
447,A,273,,GLN,NEAR_SHELL,8324,,,
447,A,275,,TRP,DIRECT,8324,,,
447,A,275,,TRP,NEAR_SHELL,8324,,,
447,A,299,,ASP,DIRECT,8324,,,
447,A,299,,ASP,NEAR_SHELL,8324,,,
447,A,300,,GLY,NEAR_SHELL,8324,,,
447,A,301,,TYR,NEAR_SHELL,8324,,,
447,B,210,,THR,DIRECT,8324,,,
447,B,210,,THR,NEAR_SHELL,8324,,,
447,B,211,,LYS,NEAR_SHELL,8324,,,
447,B,212,,THR,DIRECT,8324,,,
447,B,212,,THR,NEAR_SHELL,8324,,,
447,B,214,,HIS,NEAR_SHELL,8324,,,
447,B,268,,TYR,DIRECT,8324,,,
447,B,268,,TYR,NEAR_SHELL,8324,,,
447,B,275,,TRP,DIRECT,8324,,,
447,B,275,,TRP,NEAR_SHELL,8324,,,
447,B,277,,TYR,DIRECT,8324,,,
447,B,277,,TYR,NEAR_SHELL,8324,,,
447,B,297,,PHE,DIRECT,8324,,,
447,B,297,,PHE,NEAR_SHELL,8324,,,
447,B,299,,ASP,DIRECT,8324,,,
447,B,299,,ASP,NEAR_SHELL,8324,,,
447,B,300,,GLY,NEAR_SHELL,8324,,,
447,B,301,,TYR,DIRECT,8324,,,
447,B,301,,TYR,NEAR_SHELL,8324,,,
447,B,358,,TRP,NEAR_SHELL,8324,,,
447,B,385,,CYS,NEAR_SHELL,8324,,,
447,B,386,,GLU,DIRECT,8324,,,
447,B,386,,GLU,NEAR_SHELL,8324,,,
447,B,387,,TRP,NEAR_SHELL,8324,,,
447,B,394,,ARG,NEAR_SHELL,8324,,,
448,A,1044,,ARG,NEAR_SHELL,15523,Q96KQ7,1044,MATCH
448,A,1047,,LYS,NEAR_SHELL,15523,Q96KQ7,1047,MATCH
448,A,1048,,MET,DIRECT,15523,Q96KQ7,1048,MATCH
448,A,1048,,MET,NEAR_SHELL,15523,Q96KQ7,1048,MATCH
448,A,1049,,GLY,DIRECT,15523,Q96KQ7,1049,MATCH
448,A,1049,,GLY,NEAR_SHELL,15523,Q96KQ7,1049,MATCH
448,A,1050,,TRP,DIRECT,15523,Q96KQ7,1050,MATCH
448,A,1050,,TRP,NEAR_SHELL,15523,Q96KQ7,1050,MATCH
448,A,1067,,TYR,NEAR_SHELL,15523,Q96KQ7,1067,MATCH
448,A,1084,,SER,DIRECT,15523,Q96KQ7,1084,MATCH
448,A,1084,,SER,NEAR_SHELL,15523,Q96KQ7,1084,MATCH
448,A,1085,,TYR,DIRECT,15523,Q96KQ7,1085,MATCH
448,A,1085,,TYR,NEAR_SHELL,15523,Q96KQ7,1085,MATCH
448,A,1108,,SER,NEAR_SHELL,15523,Q96KQ7,1108,MATCH
448,A,1109,,ARG,DIRECT,15523,Q96KQ7,1109,MATCH
448,A,1109,,ARG,NEAR_SHELL,15523,Q96KQ7,1109,MATCH
448,A,1110,,PHE,DIRECT,15523,Q96KQ7,1110,MATCH
448,A,1110,,PHE,NEAR_SHELL,15523,Q96KQ7,1110,MATCH
448,A,1111,,ILE,DIRECT,15523,Q96KQ7,1111,MATCH
448,A,1111,,ILE,NEAR_SHELL,15523,Q96KQ7,1111,MATCH
448,A,1112,,ASN,DIRECT,15523,Q96KQ7,1112,MATCH
448,A,1112,,ASN,NEAR_SHELL,15523,Q96KQ7,1112,MATCH
448,A,1113,,HIS,DIRECT,15523,Q96KQ7,1113,MATCH
448,A,1113,,HIS,NEAR_SHELL,15523,Q96KQ7,1113,MATCH
448,A,1154,,TYR,DIRECT,15523,Q96KQ7,1154,MATCH
448,A,1154,,TYR,NEAR_SHELL,15523,Q96KQ7,1154,MATCH
448,A,1158,,PHE,DIRECT,15523,Q96KQ7,1158,MATCH
448,A,1158,,PHE,NEAR_SHELL,15523,Q96KQ7,1158,MATCH
448,A,1159,,TRP,DIRECT,15523,Q96KQ7,1159,MATCH
448,A,1159,,TRP,NEAR_SHELL,15523,Q96KQ7,1159,MATCH
448,A,1162,,LYS,NEAR_SHELL,15523,Q96KQ7,1162,MATCH
448,A,1166,,PHE,DIRECT,15523,Q96KQ7,1166,MATCH
448,A,1166,,PHE,NEAR_SHELL,15523,Q96KQ7,1166,MATCH
448,A,1167,,THR,DIRECT,15523,Q96KQ7,1167,MATCH
448,A,1167,,THR,NEAR_SHELL,15523,Q96KQ7,1167,MATCH
448,A,1168,,CYS,DIRECT,15523,Q96KQ7,1168,MATCH
448,A,1168,,CYS,NEAR_SHELL,15523,Q96KQ7,1168,MATCH
448,A,1169,,GLN,DIRECT,15523,Q96KQ7,1169,MATCH
448,A,1169,,GLN,NEAR_SHELL,15523,Q96KQ7,1169,MATCH
449,A,1067,,TYR,DIRECT,15523,Q96KQ7,1067,MATCH
449,A,1067,,TYR,NEAR_SHELL,15523,Q96KQ7,1067,MATCH
449,A,1074,,ASP,DIRECT,15523,,,
449,A,1074,,ASP,NEAR_SHELL,15523,,,
449,A,1077,,ALA,DIRECT,15523,,,
449,A,1077,,ALA,NEAR_SHELL,15523,,,
449,A,1078,,ASP,DIRECT,15523,,,
449,A,1078,,ASP,NEAR_SHELL,15523,,,
449,A,1083,,ASP,DIRECT,15523,,,
449,A,1083,,ASP,NEAR_SHELL,15523,,,
449,A,1084,,SER,DIRECT,15523,Q96KQ7,1084,MATCH
449,A,1084,,SER,NEAR_SHELL,15523,Q96KQ7,1084,MATCH
449,A,1086,,LEU,DIRECT,15523,,,
449,A,1086,,LEU,NEAR_SHELL,15523,,,
449,A,1087,,PHE,NEAR_SHELL,15523,,,
449,A,1088,,ASP,DIRECT,15523,,,
449,A,1088,,ASP,NEAR_SHELL,15523,,,
449,A,1111,,ILE,NEAR_SHELL,15523,Q96KQ7,1111,MATCH
449,A,1152,,PHE,NEAR_SHELL,15523,,,
449,A,1154,,TYR,DIRECT,15523,Q96KQ7,1154,MATCH
449,A,1154,,TYR,NEAR_SHELL,15523,Q96KQ7,1154,MATCH
449,A,1157,,ARG,DIRECT,15523,,,
449,A,1157,,ARG,NEAR_SHELL,15523,,,
449,A,1158,,PHE,DIRECT,15523,Q96KQ7,1158,MATCH
449,A,1158,,PHE,NEAR_SHELL,15523,Q96KQ7,1158,MATCH
449,A,1161,,ILE,DIRECT,15523,,,
449,A,1161,,ILE,NEAR_SHELL,15523,,,
449,A,1162,,LYS,DIRECT,15523,Q96KQ7,1162,MATCH
449,A,1162,,LYS,NEAR_SHELL,15523,Q96KQ7,1162,MATCH
450,B,1044,,ARG,NEAR_SHELL,15523,Q96KQ7,1044,MATCH
450,B,1047,,LYS,NEAR_SHELL,15523,Q96KQ7,1047,MATCH
450,B,1048,,MET,DIRECT,15523,Q96KQ7,1048,MATCH
450,B,1048,,MET,NEAR_SHELL,15523,Q96KQ7,1048,MATCH
450,B,1049,,GLY,DIRECT,15523,Q96KQ7,1049,MATCH
450,B,1049,,GLY,NEAR_SHELL,15523,Q96KQ7,1049,MATCH
450,B,1050,,TRP,DIRECT,15523,Q96KQ7,1050,MATCH
450,B,1050,,TRP,NEAR_SHELL,15523,Q96KQ7,1050,MATCH
450,B,1067,,TYR,NEAR_SHELL,15523,Q96KQ7,1067,MATCH
450,B,1084,,SER,DIRECT,15523,Q96KQ7,1084,MATCH
450,B,1084,,SER,NEAR_SHELL,15523,Q96KQ7,1084,MATCH
450,B,1085,,TYR,DIRECT,15523,Q96KQ7,1085,MATCH
450,B,1085,,TYR,NEAR_SHELL,15523,Q96KQ7,1085,MATCH
450,B,1108,,SER,NEAR_SHELL,15523,Q96KQ7,1108,MATCH
450,B,1109,,ARG,DIRECT,15523,Q96KQ7,1109,MATCH
450,B,1109,,ARG,NEAR_SHELL,15523,Q96KQ7,1109,MATCH
450,B,1110,,PHE,DIRECT,15523,Q96KQ7,1110,MATCH
450,B,1110,,PHE,NEAR_SHELL,15523,Q96KQ7,1110,MATCH
450,B,1111,,ILE,DIRECT,15523,Q96KQ7,1111,MATCH
450,B,1111,,ILE,NEAR_SHELL,15523,Q96KQ7,1111,MATCH
450,B,1112,,ASN,DIRECT,15523,Q96KQ7,1112,MATCH
450,B,1112,,ASN,NEAR_SHELL,15523,Q96KQ7,1112,MATCH
450,B,1113,,HIS,DIRECT,15523,Q96KQ7,1113,MATCH
450,B,1113,,HIS,NEAR_SHELL,15523,Q96KQ7,1113,MATCH
450,B,1154,,TYR,DIRECT,15523,Q96KQ7,1154,MATCH
450,B,1154,,TYR,NEAR_SHELL,15523,Q96KQ7,1154,MATCH
450,B,1158,,PHE,DIRECT,15523,Q96KQ7,1158,MATCH
450,B,1158,,PHE,NEAR_SHELL,15523,Q96KQ7,1158,MATCH
450,B,1159,,TRP,DIRECT,15523,Q96KQ7,1159,MATCH
450,B,1159,,TRP,NEAR_SHELL,15523,Q96KQ7,1159,MATCH
450,B,1162,,LYS,NEAR_SHELL,15523,Q96KQ7,1162,MATCH
450,B,1166,,PHE,DIRECT,15523,Q96KQ7,1166,MATCH
450,B,1166,,PHE,NEAR_SHELL,15523,Q96KQ7,1166,MATCH
450,B,1167,,THR,DIRECT,15523,Q96KQ7,1167,MATCH
450,B,1167,,THR,NEAR_SHELL,15523,Q96KQ7,1167,MATCH
450,B,1168,,CYS,DIRECT,15523,Q96KQ7,1168,MATCH
450,B,1168,,CYS,NEAR_SHELL,15523,Q96KQ7,1168,MATCH
450,B,1169,,GLN,DIRECT,15523,Q96KQ7,1169,MATCH
450,B,1169,,GLN,NEAR_SHELL,15523,Q96KQ7,1169,MATCH
451,B,1067,,TYR,DIRECT,15523,Q96KQ7,1067,MATCH
451,B,1067,,TYR,NEAR_SHELL,15523,Q96KQ7,1067,MATCH
451,B,1074,,ASP,DIRECT,15523,,,
451,B,1074,,ASP,NEAR_SHELL,15523,,,
451,B,1077,,ALA,DIRECT,15523,,,
451,B,1077,,ALA,NEAR_SHELL,15523,,,
451,B,1078,,ASP,DIRECT,15523,,,
451,B,1078,,ASP,NEAR_SHELL,15523,,,
451,B,1083,,ASP,DIRECT,15523,,,
451,B,1083,,ASP,NEAR_SHELL,15523,,,
451,B,1084,,SER,DIRECT,15523,Q96KQ7,1084,MATCH
451,B,1084,,SER,NEAR_SHELL,15523,Q96KQ7,1084,MATCH
451,B,1086,,LEU,DIRECT,15523,,,
451,B,1086,,LEU,NEAR_SHELL,15523,,,
451,B,1087,,PHE,NEAR_SHELL,15523,,,
451,B,1088,,ASP,DIRECT,15523,,,
451,B,1088,,ASP,NEAR_SHELL,15523,,,
451,B,1111,,ILE,NEAR_SHELL,15523,Q96KQ7,1111,MATCH
451,B,1152,,PHE,NEAR_SHELL,15523,,,
451,B,1154,,TYR,DIRECT,15523,Q96KQ7,1154,MATCH
451,B,1154,,TYR,NEAR_SHELL,15523,Q96KQ7,1154,MATCH
451,B,1157,,ARG,DIRECT,15523,,,
451,B,1157,,ARG,NEAR_SHELL,15523,,,
451,B,1158,,PHE,DIRECT,15523,Q96KQ7,1158,MATCH
451,B,1158,,PHE,NEAR_SHELL,15523,Q96KQ7,1158,MATCH
451,B,1161,,ILE,DIRECT,15523,,,
451,B,1161,,ILE,NEAR_SHELL,15523,,,
451,B,1162,,LYS,DIRECT,15523,Q96KQ7,1162,MATCH
451,B,1162,,LYS,NEAR_SHELL,15523,Q96KQ7,1162,MATCH
452,A,41,,ALA,NEAR_SHELL,13729,Q8TCB7,41,MATCH
452,A,45,,TRP,DIRECT,13729,Q8TCB7,45,MATCH
452,A,45,,TRP,NEAR_SHELL,13729,Q8TCB7,45,MATCH
452,A,49,,TYR,DIRECT,13729,Q8TCB7,49,MATCH
452,A,49,,TYR,NEAR_SHELL,13729,Q8TCB7,49,MATCH
452,A,58,,LYS,DIRECT,13729,Q8TCB7,58,MATCH
452,A,58,,LYS,NEAR_SHELL,13729,Q8TCB7,58,MATCH
452,A,61,,HIS,DIRECT,13729,Q8TCB7,61,MATCH
452,A,61,,HIS,NEAR_SHELL,13729,Q8TCB7,61,MATCH
452,A,90,,VAL,NEAR_SHELL,13729,Q8TCB7,90,MATCH
452,A,92,,ASN,NEAR_SHELL,13729,Q8TCB7,92,MATCH
452,A,111,,PHE,DIRECT,13729,Q8TCB7,111,MATCH
452,A,111,,PHE,NEAR_SHELL,13729,Q8TCB7,111,MATCH
452,A,136,,ASP,DIRECT,13729,Q8TCB7,136,MATCH
452,A,136,,ASP,NEAR_SHELL,13729,Q8TCB7,136,MATCH
452,A,138,,THR,DIRECT,13729,Q8TCB7,138,MATCH
452,A,138,,THR,NEAR_SHELL,13729,Q8TCB7,138,MATCH
452,A,158,,PHE,DIRECT,13729,Q8TCB7,158,MATCH
452,A,158,,PHE,NEAR_SHELL,13729,Q8TCB7,158,MATCH
452,A,162,,ALA,DIRECT,13729,Q8TCB7,162,MATCH
452,A,162,,ALA,NEAR_SHELL,13729,Q8TCB7,162,MATCH
452,A,163,,VAL,NEAR_SHELL,13729,Q8TCB7,163,MATCH
453,A,1470,,PRO,NEAR_SHELL,16909,Q9BYW2,1470,MATCH
453,A,1559,,LYS,NEAR_SHELL,16909,Q9BYW2,1559,MATCH
453,A,1560,,LYS,DIRECT,16909,Q9BYW2,1560,MATCH
453,A,1560,,LYS,NEAR_SHELL,16909,Q9BYW2,1560,MATCH
453,A,1561,,GLY,DIRECT,16909,Q9BYW2,1561,MATCH
453,A,1561,,GLY,NEAR_SHELL,16909,Q9BYW2,1561,MATCH
453,A,1562,,TRP,DIRECT,16909,Q9BYW2,1562,MATCH
453,A,1562,,TRP,NEAR_SHELL,16909,Q9BYW2,1562,MATCH
453,A,1579,,TYR,NEAR_SHELL,16909,Q9BYW2,1579,MATCH
453,A,1602,,ILE,DIRECT,16909,Q9BYW2,1602,MATCH
453,A,1602,,ILE,NEAR_SHELL,16909,Q9BYW2,1602,MATCH
453,A,1603,,HIS,DIRECT,16909,Q9BYW2,1603,MATCH
453,A,1603,,HIS,NEAR_SHELL,16909,Q9BYW2,1603,MATCH
453,A,1604,,TYR,DIRECT,16909,Q9BYW2,1604,MATCH
453,A,1604,,TYR,NEAR_SHELL,16909,Q9BYW2,1604,MATCH
453,A,1605,,TYR,DIRECT,16909,Q9BYW2,1605,MATCH
453,A,1605,,TYR,NEAR_SHELL,16909,Q9BYW2,1605,MATCH
453,A,1625,,ARG,DIRECT,16909,Q9BYW2,1625,MATCH
453,A,1625,,ARG,NEAR_SHELL,16909,Q9BYW2,1625,MATCH
453,A,1626,,PHE,DIRECT,16909,Q9BYW2,1626,MATCH
453,A,1626,,PHE,NEAR_SHELL,16909,Q9BYW2,1626,MATCH
453,A,1627,,MET,DIRECT,16909,Q9BYW2,1627,MATCH
453,A,1627,,MET,NEAR_SHELL,16909,Q9BYW2,1627,MATCH
453,A,1628,,ASN,DIRECT,16909,Q9BYW2,1628,MATCH
453,A,1628,,ASN,NEAR_SHELL,16909,Q9BYW2,1628,MATCH
453,A,1629,,HIS,DIRECT,16909,Q9BYW2,1629,MATCH
453,A,1629,,HIS,NEAR_SHELL,16909,Q9BYW2,1629,MATCH
453,A,1676,,GLN,DIRECT,16909,Q9BYW2,1676,MATCH
453,A,1676,,GLN,NEAR_SHELL,16909,Q9BYW2,1676,MATCH
453,A,1677,,LYS,DIRECT,16909,Q9BYW2,1677,MATCH
453,A,1677,,LYS,NEAR_SHELL,16909,Q9BYW2,1677,MATCH
453,A,1678,,CYS,DIRECT,16909,Q9BYW2,1678,MATCH
453,A,1678,,CYS,NEAR_SHELL,16909,Q9BYW2,1678,MATCH
453,A,1679,,PHE,DIRECT,16909,Q9BYW2,1679,MATCH
453,A,1679,,PHE,NEAR_SHELL,16909,Q9BYW2,1679,MATCH
453,A,1689,,LEU,DIRECT,16909,Q9BYW2,1689,MATCH
453,A,1689,,LEU,NEAR_SHELL,16909,Q9BYW2,1689,MATCH
454,A,1579,,TYR,DIRECT,16909,Q9BYW2,1579,MATCH
454,A,1579,,TYR,NEAR_SHELL,16909,Q9BYW2,1579,MATCH
454,A,1589,,PHE,NEAR_SHELL,16909,,,
454,A,1593,,VAL,NEAR_SHELL,16909,,,
454,A,1597,,ALA,NEAR_SHELL,16909,,,
454,A,1601,,ASN,NEAR_SHELL,16909,,,
454,A,1602,,ILE,NEAR_SHELL,16909,Q9BYW2,1602,MATCH
454,A,1604,,TYR,DIRECT,16909,Q9BYW2,1604,MATCH
454,A,1604,,TYR,NEAR_SHELL,16909,Q9BYW2,1604,MATCH
454,A,1605,,TYR,NEAR_SHELL,16909,Q9BYW2,1605,MATCH
454,A,1606,,PHE,DIRECT,16909,,,
454,A,1606,,PHE,NEAR_SHELL,16909,,,
454,A,1607,,MET,NEAR_SHELL,16909,,,
454,A,1625,,ARG,NEAR_SHELL,16909,Q9BYW2,1625,MATCH
454,A,1627,,MET,DIRECT,16909,Q9BYW2,1627,MATCH
454,A,1627,,MET,NEAR_SHELL,16909,Q9BYW2,1627,MATCH
454,A,1628,,ASN,NEAR_SHELL,16909,Q9BYW2,1628,MATCH
454,A,1629,,HIS,DIRECT,16909,Q9BYW2,1629,MATCH
454,A,1629,,HIS,NEAR_SHELL,16909,Q9BYW2,1629,MATCH
454,A,1664,,PHE,DIRECT,16909,,,
454,A,1664,,PHE,NEAR_SHELL,16909,,,
454,A,1666,,TYR,DIRECT,16909,,,
454,A,1666,,TYR,NEAR_SHELL,16909,,,
454,A,1668,,PHE,NEAR_SHELL,16909,,,
454,A,1669,,GLN,NEAR_SHELL,16909,,,
454,A,1671,,TYR,DIRECT,16909,,,
454,A,1671,,TYR,NEAR_SHELL,16909,,,
454,A,1672,,GLY,NEAR_SHELL,16909,,,
454,A,1673,,LYS,DIRECT,16909,,,
454,A,1673,,LYS,NEAR_SHELL,16909,,,
454,A,1674,,GLU,DIRECT,16909,,,
454,A,1674,,GLU,NEAR_SHELL,16909,,,
454,A,1675,,ALA,NEAR_SHELL,16909,,,
454,A,1676,,GLN,NEAR_SHELL,16909,Q9BYW2,1676,MATCH
454,A,1689,,LEU,DIRECT,16909,Q9BYW2,1689,MATCH
454,A,1689,,LEU,NEAR_SHELL,16909,Q9BYW2,1689,MATCH
455,A,376,,CYS,DIRECT,11585,,,
455,A,376,,CYS,DIRECT,17920,,,
455,A,376,,CYS,NEAR_SHELL,11585,,,
455,A,376,,CYS,NEAR_SHELL,17920,,,
455,A,377,,ASP,DIRECT,11585,,,
455,A,377,,ASP,DIRECT,17920,,,
455,A,377,,ASP,NEAR_SHELL,11585,,,
455,A,377,,ASP,NEAR_SHELL,17920,,,
455,A,378,,ILE,DIRECT,11585,,,
455,A,378,,ILE,DIRECT,17920,,,
455,A,378,,ILE,NEAR_SHELL,11585,,,
455,A,378,,ILE,NEAR_SHELL,17920,,,
455,A,395,,ASP,DIRECT,11585,,,
455,A,395,,ASP,DIRECT,17920,,,
455,A,395,,ASP,NEAR_SHELL,11585,,,
455,A,395,,ASP,NEAR_SHELL,17920,,,
455,A,396,,PRO,NEAR_SHELL,11585,,,
455,A,396,,PRO,NEAR_SHELL,17920,,,
455,A,397,,PRO,NEAR_SHELL,11585,,,
455,A,397,,PRO,NEAR_SHELL,17920,,,
455,A,406,,TYR,DIRECT,11585,,,
455,A,406,,TYR,DIRECT,17920,,,
455,A,406,,TYR,NEAR_SHELL,11585,,,
455,A,406,,TYR,NEAR_SHELL,17920,,,
455,A,407,,GLY,DIRECT,11585,,,
455,A,407,,GLY,DIRECT,17920,,,
455,A,407,,GLY,NEAR_SHELL,11585,,,
455,A,407,,GLY,NEAR_SHELL,17920,,,
455,A,409,,LEU,DIRECT,11585,,,
455,A,409,,LEU,DIRECT,17920,,,
455,A,409,,LEU,NEAR_SHELL,11585,,,
455,A,409,,LEU,NEAR_SHELL,17920,,,
455,A,431,,TRP,DIRECT,11585,,,
455,A,431,,TRP,DIRECT,17920,,,
455,A,431,,TRP,NEAR_SHELL,11585,,,
455,A,431,,TRP,NEAR_SHELL,17920,,,
455,A,432,,VAL,NEAR_SHELL,11585,,,
455,A,432,,VAL,NEAR_SHELL,17920,,,
455,A,433,,THR,NEAR_SHELL,11585,,,
455,A,433,,THR,NEAR_SHELL,17920,,,
455,A,457,,TRP,NEAR_SHELL,11585,,,
455,A,457,,TRP,NEAR_SHELL,17920,,,
455,A,459,,LYS,NEAR_SHELL,11585,,,
455,A,459,,LYS,NEAR_SHELL,17920,,,
455,A,481,,GLU,DIRECT,11585,,,
455,A,481,,GLU,DIRECT,17920,,,
455,A,481,,GLU,NEAR_SHELL,11585,,,
455,A,481,,GLU,NEAR_SHELL,17920,,,
455,A,511,,SER,DIRECT,11585,,,
455,A,511,,SER,DIRECT,17920,,,
455,A,511,,SER,NEAR_SHELL,11585,,,
455,A,511,,SER,NEAR_SHELL,17920,,,
455,A,512,,HIS,NEAR_SHELL,11585,,,
455,A,512,,HIS,NEAR_SHELL,17920,,,
455,A,513,,LYS,DIRECT,11585,,,
455,A,513,,LYS,DIRECT,17920,,,
455,A,513,,LYS,NEAR_SHELL,11585,,,
455,A,513,,LYS,NEAR_SHELL,17920,,,
455,A,534,,PHE,DIRECT,11585,,,
455,A,534,,PHE,DIRECT,17920,,,
455,A,534,,PHE,NEAR_SHELL,11585,,,
455,A,534,,PHE,NEAR_SHELL,17920,,,
455,A,535,,GLY,NEAR_SHELL,11585,,,
455,A,535,,GLY,NEAR_SHELL,17920,,,
455,A,536,,ARG,DIRECT,11585,,,
455,A,536,,ARG,DIRECT,17920,,,
455,A,536,,ARG,NEAR_SHELL,11585,,,
455,A,536,,ARG,NEAR_SHELL,17920,,,
455,A,548,,GLY,DIRECT,11585,,,
455,A,548,,GLY,DIRECT,17920,,,
455,A,548,,GLY,NEAR_SHELL,11585,,,
455,A,548,,GLY,NEAR_SHELL,17920,,,
455,A,549,,ASN,DIRECT,11585,,,
455,A,549,,ASN,DIRECT,17920,,,
455,A,549,,ASN,NEAR_SHELL,11585,,,
455,A,549,,ASN,NEAR_SHELL,17920,,,
455,A,550,,GLN,DIRECT,11585,,,
455,A,550,,GLN,DIRECT,17920,,,
455,A,550,,GLN,NEAR_SHELL,11585,,,
455,A,550,,GLN,NEAR_SHELL,17920,,,
456,A,376,,CYS,DIRECT,11585,,,
456,A,376,,CYS,DIRECT,17920,,,
456,A,376,,CYS,NEAR_SHELL,11585,,,
456,A,376,,CYS,NEAR_SHELL,17920,,,
456,A,377,,ASP,DIRECT,11585,,,
456,A,377,,ASP,DIRECT,17920,,,
456,A,377,,ASP,NEAR_SHELL,11585,,,
456,A,377,,ASP,NEAR_SHELL,17920,,,
456,A,378,,ILE,DIRECT,11585,,,
456,A,378,,ILE,DIRECT,17920,,,
456,A,378,,ILE,NEAR_SHELL,11585,,,
456,A,378,,ILE,NEAR_SHELL,17920,,,
456,A,379,,ARG,DIRECT,11585,,,
456,A,379,,ARG,DIRECT,17920,,,
456,A,379,,ARG,NEAR_SHELL,11585,,,
456,A,379,,ARG,NEAR_SHELL,17920,,,
456,A,395,,ASP,DIRECT,11585,,,
456,A,395,,ASP,DIRECT,17920,,,
456,A,395,,ASP,NEAR_SHELL,11585,,,
456,A,395,,ASP,NEAR_SHELL,17920,,,
456,A,396,,PRO,NEAR_SHELL,11585,,,
456,A,396,,PRO,NEAR_SHELL,17920,,,
456,A,397,,PRO,NEAR_SHELL,11585,,,
456,A,397,,PRO,NEAR_SHELL,17920,,,
456,A,406,,TYR,DIRECT,11585,,,
456,A,406,,TYR,DIRECT,17920,,,
456,A,406,,TYR,NEAR_SHELL,11585,,,
456,A,406,,TYR,NEAR_SHELL,17920,,,
456,A,407,,GLY,DIRECT,11585,,,
456,A,407,,GLY,DIRECT,17920,,,
456,A,407,,GLY,NEAR_SHELL,11585,,,
456,A,407,,GLY,NEAR_SHELL,17920,,,
456,A,408,,THR,DIRECT,11585,,,
456,A,408,,THR,DIRECT,17920,,,
456,A,408,,THR,NEAR_SHELL,11585,,,
456,A,408,,THR,NEAR_SHELL,17920,,,
456,A,409,,LEU,DIRECT,11585,,,
456,A,409,,LEU,DIRECT,17920,,,
456,A,409,,LEU,NEAR_SHELL,11585,,,
456,A,409,,LEU,NEAR_SHELL,17920,,,
456,A,431,,TRP,DIRECT,11585,,,
456,A,431,,TRP,DIRECT,17920,,,
456,A,431,,TRP,NEAR_SHELL,11585,,,
456,A,431,,TRP,NEAR_SHELL,17920,,,
456,A,432,,VAL,NEAR_SHELL,11585,,,
456,A,432,,VAL,NEAR_SHELL,17920,,,
456,A,433,,THR,NEAR_SHELL,11585,,,
456,A,433,,THR,NEAR_SHELL,17920,,,
456,A,457,,TRP,NEAR_SHELL,11585,,,
456,A,457,,TRP,NEAR_SHELL,17920,,,
456,A,459,,LYS,NEAR_SHELL,11585,,,
456,A,459,,LYS,NEAR_SHELL,17920,,,
456,A,481,,GLU,DIRECT,11585,,,
456,A,481,,GLU,DIRECT,17920,,,
456,A,481,,GLU,NEAR_SHELL,11585,,,
456,A,481,,GLU,NEAR_SHELL,17920,,,
456,A,511,,SER,DIRECT,11585,,,
456,A,511,,SER,DIRECT,17920,,,
456,A,511,,SER,NEAR_SHELL,11585,,,
456,A,511,,SER,NEAR_SHELL,17920,,,
456,A,512,,HIS,NEAR_SHELL,11585,,,
456,A,512,,HIS,NEAR_SHELL,17920,,,
456,A,513,,LYS,DIRECT,11585,,,
456,A,513,,LYS,DIRECT,17920,,,
456,A,513,,LYS,NEAR_SHELL,11585,,,
456,A,513,,LYS,NEAR_SHELL,17920,,,
456,A,534,,PHE,DIRECT,11585,,,
456,A,534,,PHE,DIRECT,17920,,,
456,A,534,,PHE,NEAR_SHELL,11585,,,
456,A,534,,PHE,NEAR_SHELL,17920,,,
456,A,535,,GLY,NEAR_SHELL,11585,,,
456,A,535,,GLY,NEAR_SHELL,17920,,,
456,A,536,,ARG,DIRECT,11585,,,
456,A,536,,ARG,DIRECT,17920,,,
456,A,536,,ARG,NEAR_SHELL,11585,,,
456,A,536,,ARG,NEAR_SHELL,17920,,,
456,A,548,,GLY,DIRECT,11585,,,
456,A,548,,GLY,DIRECT,17920,,,
456,A,548,,GLY,NEAR_SHELL,11585,,,
456,A,548,,GLY,NEAR_SHELL,17920,,,
456,A,549,,ASN,DIRECT,11585,,,
456,A,549,,ASN,DIRECT,17920,,,
456,A,549,,ASN,NEAR_SHELL,11585,,,
456,A,549,,ASN,NEAR_SHELL,17920,,,
456,A,550,,GLN,DIRECT,11585,,,
456,A,550,,GLN,DIRECT,17920,,,
456,A,550,,GLN,NEAR_SHELL,11585,,,
456,A,550,,GLN,NEAR_SHELL,17920,,,
457,A,376,,CYS,DIRECT,11585,,,
457,A,376,,CYS,DIRECT,17920,,,
457,A,376,,CYS,NEAR_SHELL,11585,,,
457,A,376,,CYS,NEAR_SHELL,17920,,,
457,A,377,,ASP,DIRECT,11585,,,
457,A,377,,ASP,DIRECT,17920,,,
457,A,377,,ASP,NEAR_SHELL,11585,,,
457,A,377,,ASP,NEAR_SHELL,17920,,,
457,A,378,,ILE,DIRECT,11585,,,
457,A,378,,ILE,DIRECT,17920,,,
457,A,378,,ILE,NEAR_SHELL,11585,,,
457,A,378,,ILE,NEAR_SHELL,17920,,,
457,A,379,,ARG,DIRECT,11585,,,
457,A,379,,ARG,DIRECT,17920,,,
457,A,379,,ARG,NEAR_SHELL,11585,,,
457,A,379,,ARG,NEAR_SHELL,17920,,,
457,A,395,,ASP,DIRECT,11585,,,
457,A,395,,ASP,DIRECT,17920,,,
457,A,395,,ASP,NEAR_SHELL,11585,,,
457,A,395,,ASP,NEAR_SHELL,17920,,,
457,A,396,,PRO,DIRECT,11585,,,
457,A,396,,PRO,DIRECT,17920,,,
457,A,396,,PRO,NEAR_SHELL,11585,,,
457,A,396,,PRO,NEAR_SHELL,17920,,,
457,A,397,,PRO,DIRECT,11585,,,
457,A,397,,PRO,DIRECT,17920,,,
457,A,397,,PRO,NEAR_SHELL,11585,,,
457,A,397,,PRO,NEAR_SHELL,17920,,,
457,A,407,,GLY,DIRECT,11585,,,
457,A,407,,GLY,DIRECT,17920,,,
457,A,407,,GLY,NEAR_SHELL,11585,,,
457,A,407,,GLY,NEAR_SHELL,17920,,,
457,A,408,,THR,DIRECT,11585,,,
457,A,408,,THR,DIRECT,17920,,,
457,A,408,,THR,NEAR_SHELL,11585,,,
457,A,408,,THR,NEAR_SHELL,17920,,,
457,A,409,,LEU,DIRECT,11585,,,
457,A,409,,LEU,DIRECT,17920,,,
457,A,409,,LEU,NEAR_SHELL,11585,,,
457,A,409,,LEU,NEAR_SHELL,17920,,,
457,A,431,,TRP,DIRECT,11585,,,
457,A,431,,TRP,DIRECT,17920,,,
457,A,431,,TRP,NEAR_SHELL,11585,,,
457,A,431,,TRP,NEAR_SHELL,17920,,,
457,A,432,,VAL,NEAR_SHELL,11585,,,
457,A,432,,VAL,NEAR_SHELL,17920,,,
457,A,433,,THR,NEAR_SHELL,11585,,,
457,A,433,,THR,NEAR_SHELL,17920,,,
457,A,457,,TRP,NEAR_SHELL,11585,,,
457,A,457,,TRP,NEAR_SHELL,17920,,,
457,A,459,,LYS,NEAR_SHELL,11585,,,
457,A,459,,LYS,NEAR_SHELL,17920,,,
457,A,481,,GLU,DIRECT,11585,,,
457,A,481,,GLU,DIRECT,17920,,,
457,A,481,,GLU,NEAR_SHELL,11585,,,
457,A,481,,GLU,NEAR_SHELL,17920,,,
457,A,511,,SER,DIRECT,11585,,,
457,A,511,,SER,DIRECT,17920,,,
457,A,511,,SER,NEAR_SHELL,11585,,,
457,A,511,,SER,NEAR_SHELL,17920,,,
457,A,512,,HIS,NEAR_SHELL,11585,,,
457,A,512,,HIS,NEAR_SHELL,17920,,,
457,A,513,,LYS,DIRECT,11585,,,
457,A,513,,LYS,DIRECT,17920,,,
457,A,513,,LYS,NEAR_SHELL,11585,,,
457,A,513,,LYS,NEAR_SHELL,17920,,,
457,A,534,,PHE,DIRECT,11585,,,
457,A,534,,PHE,DIRECT,17920,,,
457,A,534,,PHE,NEAR_SHELL,11585,,,
457,A,534,,PHE,NEAR_SHELL,17920,,,
457,A,535,,GLY,DIRECT,11585,,,
457,A,535,,GLY,DIRECT,17920,,,
457,A,535,,GLY,NEAR_SHELL,11585,,,
457,A,535,,GLY,NEAR_SHELL,17920,,,
457,A,536,,ARG,NEAR_SHELL,11585,,,
457,A,536,,ARG,NEAR_SHELL,17920,,,
457,A,548,,GLY,DIRECT,11585,,,
457,A,548,,GLY,DIRECT,17920,,,
457,A,548,,GLY,NEAR_SHELL,11585,,,
457,A,548,,GLY,NEAR_SHELL,17920,,,
457,A,549,,ASN,DIRECT,11585,,,
457,A,549,,ASN,DIRECT,17920,,,
457,A,549,,ASN,NEAR_SHELL,11585,,,
457,A,549,,ASN,NEAR_SHELL,17920,,,
457,A,550,,GLN,DIRECT,11585,,,
457,A,550,,GLN,DIRECT,17920,,,
457,A,550,,GLN,NEAR_SHELL,11585,,,
457,A,550,,GLN,NEAR_SHELL,17920,,,
458,A,376,,CYS,DIRECT,11585,,,
458,A,376,,CYS,DIRECT,17920,,,
458,A,376,,CYS,NEAR_SHELL,11585,,,
458,A,376,,CYS,NEAR_SHELL,17920,,,
458,A,377,,ASP,DIRECT,11585,,,
458,A,377,,ASP,DIRECT,17920,,,
458,A,377,,ASP,NEAR_SHELL,11585,,,
458,A,377,,ASP,NEAR_SHELL,17920,,,
458,A,378,,ILE,DIRECT,11585,,,
458,A,378,,ILE,DIRECT,17920,,,
458,A,378,,ILE,NEAR_SHELL,11585,,,
458,A,378,,ILE,NEAR_SHELL,17920,,,
458,A,379,,ARG,DIRECT,11585,,,
458,A,379,,ARG,DIRECT,17920,,,
458,A,379,,ARG,NEAR_SHELL,11585,,,
458,A,379,,ARG,NEAR_SHELL,17920,,,
458,A,395,,ASP,DIRECT,11585,,,
458,A,395,,ASP,DIRECT,17920,,,
458,A,395,,ASP,NEAR_SHELL,11585,,,
458,A,395,,ASP,NEAR_SHELL,17920,,,
458,A,396,,PRO,DIRECT,11585,,,
458,A,396,,PRO,DIRECT,17920,,,
458,A,396,,PRO,NEAR_SHELL,11585,,,
458,A,396,,PRO,NEAR_SHELL,17920,,,
458,A,397,,PRO,DIRECT,11585,,,
458,A,397,,PRO,DIRECT,17920,,,
458,A,397,,PRO,NEAR_SHELL,11585,,,
458,A,397,,PRO,NEAR_SHELL,17920,,,
458,A,398,,TRP,NEAR_SHELL,11585,,,
458,A,398,,TRP,NEAR_SHELL,17920,,,
458,A,406,,TYR,NEAR_SHELL,11585,,,
458,A,406,,TYR,NEAR_SHELL,17920,,,
458,A,407,,GLY,DIRECT,11585,,,
458,A,407,,GLY,DIRECT,17920,,,
458,A,407,,GLY,NEAR_SHELL,11585,,,
458,A,407,,GLY,NEAR_SHELL,17920,,,
458,A,408,,THR,DIRECT,11585,,,
458,A,408,,THR,DIRECT,17920,,,
458,A,408,,THR,NEAR_SHELL,11585,,,
458,A,408,,THR,NEAR_SHELL,17920,,,
458,A,409,,LEU,DIRECT,11585,,,
458,A,409,,LEU,DIRECT,17920,,,
458,A,409,,LEU,NEAR_SHELL,11585,,,
458,A,409,,LEU,NEAR_SHELL,17920,,,
458,A,431,,TRP,DIRECT,11585,,,
458,A,431,,TRP,DIRECT,17920,,,
458,A,431,,TRP,NEAR_SHELL,11585,,,
458,A,431,,TRP,NEAR_SHELL,17920,,,
458,A,432,,VAL,NEAR_SHELL,11585,,,
458,A,432,,VAL,NEAR_SHELL,17920,,,
458,A,433,,THR,DIRECT,11585,,,
458,A,433,,THR,DIRECT,17920,,,
458,A,433,,THR,NEAR_SHELL,11585,,,
458,A,433,,THR,NEAR_SHELL,17920,,,
458,A,457,,TRP,DIRECT,11585,,,
458,A,457,,TRP,DIRECT,17920,,,
458,A,457,,TRP,NEAR_SHELL,11585,,,
458,A,457,,TRP,NEAR_SHELL,17920,,,
458,A,459,,LYS,NEAR_SHELL,11585,,,
458,A,459,,LYS,NEAR_SHELL,17920,,,
458,A,481,,GLU,DIRECT,11585,,,
458,A,481,,GLU,DIRECT,17920,,,
458,A,481,,GLU,NEAR_SHELL,11585,,,
458,A,481,,GLU,NEAR_SHELL,17920,,,
458,A,511,,SER,DIRECT,11585,,,
458,A,511,,SER,DIRECT,17920,,,
458,A,511,,SER,NEAR_SHELL,11585,,,
458,A,511,,SER,NEAR_SHELL,17920,,,
458,A,512,,HIS,NEAR_SHELL,11585,,,
458,A,512,,HIS,NEAR_SHELL,17920,,,
458,A,513,,LYS,DIRECT,11585,,,
458,A,513,,LYS,DIRECT,17920,,,
458,A,513,,LYS,NEAR_SHELL,11585,,,
458,A,513,,LYS,NEAR_SHELL,17920,,,
458,A,534,,PHE,DIRECT,11585,,,
458,A,534,,PHE,DIRECT,17920,,,
458,A,534,,PHE,NEAR_SHELL,11585,,,
458,A,534,,PHE,NEAR_SHELL,17920,,,
458,A,535,,GLY,DIRECT,11585,,,
458,A,535,,GLY,DIRECT,17920,,,
458,A,535,,GLY,NEAR_SHELL,11585,,,
458,A,535,,GLY,NEAR_SHELL,17920,,,
458,A,536,,ARG,NEAR_SHELL,11585,,,
458,A,536,,ARG,NEAR_SHELL,17920,,,
458,A,548,,GLY,DIRECT,11585,,,
458,A,548,,GLY,DIRECT,17920,,,
458,A,548,,GLY,NEAR_SHELL,11585,,,
458,A,548,,GLY,NEAR_SHELL,17920,,,
458,A,549,,ASN,DIRECT,11585,,,
458,A,549,,ASN,DIRECT,17920,,,
458,A,549,,ASN,NEAR_SHELL,11585,,,
458,A,549,,ASN,NEAR_SHELL,17920,,,
458,A,550,,GLN,NEAR_SHELL,11585,,,
458,A,550,,GLN,NEAR_SHELL,17920,,,
459,A,376,,CYS,DIRECT,11585,,,
459,A,376,,CYS,DIRECT,17920,,,
459,A,376,,CYS,NEAR_SHELL,11585,,,
459,A,376,,CYS,NEAR_SHELL,17920,,,
459,A,377,,ASP,DIRECT,11585,,,
459,A,377,,ASP,DIRECT,17920,,,
459,A,377,,ASP,NEAR_SHELL,11585,,,
459,A,377,,ASP,NEAR_SHELL,17920,,,
459,A,378,,ILE,DIRECT,11585,,,
459,A,378,,ILE,DIRECT,17920,,,
459,A,378,,ILE,NEAR_SHELL,11585,,,
459,A,378,,ILE,NEAR_SHELL,17920,,,
459,A,379,,ARG,DIRECT,11585,,,
459,A,379,,ARG,DIRECT,17920,,,
459,A,379,,ARG,NEAR_SHELL,11585,,,
459,A,379,,ARG,NEAR_SHELL,17920,,,
459,A,395,,ASP,DIRECT,11585,,,
459,A,395,,ASP,DIRECT,17920,,,
459,A,395,,ASP,NEAR_SHELL,11585,,,
459,A,395,,ASP,NEAR_SHELL,17920,,,
459,A,396,,PRO,DIRECT,11585,,,
459,A,396,,PRO,DIRECT,17920,,,
459,A,396,,PRO,NEAR_SHELL,11585,,,
459,A,396,,PRO,NEAR_SHELL,17920,,,
459,A,397,,PRO,DIRECT,11585,,,
459,A,397,,PRO,DIRECT,17920,,,
459,A,397,,PRO,NEAR_SHELL,11585,,,
459,A,397,,PRO,NEAR_SHELL,17920,,,
459,A,398,,TRP,NEAR_SHELL,11585,,,
459,A,398,,TRP,NEAR_SHELL,17920,,,
459,A,406,,TYR,DIRECT,11585,,,
459,A,406,,TYR,DIRECT,17920,,,
459,A,406,,TYR,NEAR_SHELL,11585,,,
459,A,406,,TYR,NEAR_SHELL,17920,,,
459,A,407,,GLY,DIRECT,11585,,,
459,A,407,,GLY,DIRECT,17920,,,
459,A,407,,GLY,NEAR_SHELL,11585,,,
459,A,407,,GLY,NEAR_SHELL,17920,,,
459,A,408,,THR,DIRECT,11585,,,
459,A,408,,THR,DIRECT,17920,,,
459,A,408,,THR,NEAR_SHELL,11585,,,
459,A,408,,THR,NEAR_SHELL,17920,,,
459,A,409,,LEU,DIRECT,11585,,,
459,A,409,,LEU,DIRECT,17920,,,
459,A,409,,LEU,NEAR_SHELL,11585,,,
459,A,409,,LEU,NEAR_SHELL,17920,,,
459,A,431,,TRP,DIRECT,11585,,,
459,A,431,,TRP,DIRECT,17920,,,
459,A,431,,TRP,NEAR_SHELL,11585,,,
459,A,431,,TRP,NEAR_SHELL,17920,,,
459,A,432,,VAL,NEAR_SHELL,11585,,,
459,A,432,,VAL,NEAR_SHELL,17920,,,
459,A,433,,THR,NEAR_SHELL,11585,,,
459,A,433,,THR,NEAR_SHELL,17920,,,
459,A,457,,TRP,NEAR_SHELL,11585,,,
459,A,457,,TRP,NEAR_SHELL,17920,,,
459,A,459,,LYS,NEAR_SHELL,11585,,,
459,A,459,,LYS,NEAR_SHELL,17920,,,
459,A,481,,GLU,DIRECT,11585,,,
459,A,481,,GLU,DIRECT,17920,,,
459,A,481,,GLU,NEAR_SHELL,11585,,,
459,A,481,,GLU,NEAR_SHELL,17920,,,
459,A,511,,SER,DIRECT,11585,,,
459,A,511,,SER,DIRECT,17920,,,
459,A,511,,SER,NEAR_SHELL,11585,,,
459,A,511,,SER,NEAR_SHELL,17920,,,
459,A,512,,HIS,NEAR_SHELL,11585,,,
459,A,512,,HIS,NEAR_SHELL,17920,,,
459,A,513,,LYS,DIRECT,11585,,,
459,A,513,,LYS,DIRECT,17920,,,
459,A,513,,LYS,NEAR_SHELL,11585,,,
459,A,513,,LYS,NEAR_SHELL,17920,,,
459,A,534,,PHE,DIRECT,11585,,,
459,A,534,,PHE,DIRECT,17920,,,
459,A,534,,PHE,NEAR_SHELL,11585,,,
459,A,534,,PHE,NEAR_SHELL,17920,,,
459,A,535,,GLY,NEAR_SHELL,11585,,,
459,A,535,,GLY,NEAR_SHELL,17920,,,
459,A,536,,ARG,DIRECT,11585,,,
459,A,536,,ARG,DIRECT,17920,,,
459,A,536,,ARG,NEAR_SHELL,11585,,,
459,A,536,,ARG,NEAR_SHELL,17920,,,
459,A,548,,GLY,DIRECT,11585,,,
459,A,548,,GLY,DIRECT,17920,,,
459,A,548,,GLY,NEAR_SHELL,11585,,,
459,A,548,,GLY,NEAR_SHELL,17920,,,
459,A,549,,ASN,DIRECT,11585,,,
459,A,549,,ASN,DIRECT,17920,,,
459,A,549,,ASN,NEAR_SHELL,11585,,,
459,A,549,,ASN,NEAR_SHELL,17920,,,
459,A,550,,GLN,DIRECT,11585,,,
459,A,550,,GLN,DIRECT,17920,,,
459,A,550,,GLN,NEAR_SHELL,11585,,,
459,A,550,,GLN,NEAR_SHELL,17920,,,
460,A,180,,CYS,DIRECT,17626,Q9H7B4,180,MATCH
460,A,180,,CYS,NEAR_SHELL,17626,Q9H7B4,180,MATCH
460,A,181,,ASN,NEAR_SHELL,17626,Q9H7B4,181,MATCH
460,A,182,,SER,DIRECT,17626,,,
460,A,182,,SER,NEAR_SHELL,17626,,,
460,A,183,,PHE,DIRECT,17626,Q9H7B4,183,MATCH
460,A,183,,PHE,NEAR_SHELL,17626,Q9H7B4,183,MATCH
460,A,184,,THR,DIRECT,17626,,,
460,A,184,,THR,NEAR_SHELL,17626,,,
460,A,186,,CYS,DIRECT,17626,,,
460,A,186,,CYS,NEAR_SHELL,17626,,,
460,A,187,,ASN,NEAR_SHELL,17626,,,
460,A,190,,MET,NEAR_SHELL,17626,,,
460,A,192,,GLU,DIRECT,17626,,,
460,A,192,,GLU,NEAR_SHELL,17626,,,
460,A,202,,SER,NEAR_SHELL,17626,Q9H7B4,202,MATCH
460,A,204,,LEU,NEAR_SHELL,17626,Q9H7B4,204,MATCH
460,A,213,,SER,NEAR_SHELL,17626,,,
460,A,214,,ILE,DIRECT,17626,,,
460,A,214,,ILE,NEAR_SHELL,17626,,,
460,A,215,,VAL,NEAR_SHELL,17626,,,
460,A,216,,PHE,DIRECT,17626,,,
460,A,216,,PHE,NEAR_SHELL,17626,,,
460,A,237,,ILE,NEAR_SHELL,17626,,,
460,A,238,,CYS,NEAR_SHELL,17626,,,
460,A,239,,TYR,DIRECT,17626,Q9H7B4,239,MATCH
460,A,239,,TYR,NEAR_SHELL,17626,Q9H7B4,239,MATCH
460,A,240,,LEU,NEAR_SHELL,17626,,,
460,A,241,,ASP,NEAR_SHELL,17626,,,
460,A,242,,MET,NEAR_SHELL,17626,,,
460,A,257,,TYR,DIRECT,17626,Q9H7B4,257,MATCH
460,A,257,,TYR,NEAR_SHELL,17626,Q9H7B4,257,MATCH
460,A,297,,LYS,NEAR_SHELL,17626,,,
460,A,366,,HIS,DIRECT,17626,,,
460,A,366,,HIS,NEAR_SHELL,17626,,,
460,A,367,,PRO,NEAR_SHELL,17626,,,
460,A,368,,VAL,DIRECT,17626,,,
460,A,368,,VAL,NEAR_SHELL,17626,,,
461,A,13,,ASN,NEAR_SHELL,17626,Q9H7B4,13,SUBSTITUTION
461,A,14,,ARG,DIRECT,17626,Q9H7B4,14,MATCH
461,A,14,,ARG,NEAR_SHELL,17626,Q9H7B4,14,MATCH
461,A,15,,GLY,NEAR_SHELL,17626,Q9H7B4,15,MATCH
461,A,16,,ASN,DIRECT,17626,Q9H7B4,16,MATCH
461,A,16,,ASN,NEAR_SHELL,17626,Q9H7B4,16,MATCH
461,A,124,,TYR,DIRECT,17626,Q9H7B4,124,MATCH
461,A,124,,TYR,NEAR_SHELL,17626,Q9H7B4,124,MATCH
461,A,130,,GLU,DIRECT,17626,Q9H7B4,130,MATCH
461,A,130,,GLU,NEAR_SHELL,17626,Q9H7B4,130,MATCH
461,A,132,,ASN,DIRECT,17626,Q9H7B4,132,MATCH
461,A,132,,ASN,NEAR_SHELL,17626,Q9H7B4,132,MATCH
461,A,135,,LYS,NEAR_SHELL,17626,Q9H7B4,135,MATCH
461,A,180,,CYS,DIRECT,17626,Q9H7B4,180,MATCH
461,A,180,,CYS,NEAR_SHELL,17626,Q9H7B4,180,MATCH
461,A,181,,ASN,DIRECT,17626,Q9H7B4,181,MATCH
461,A,181,,ASN,NEAR_SHELL,17626,Q9H7B4,181,MATCH
461,A,183,,PHE,NEAR_SHELL,17626,Q9H7B4,183,MATCH
461,A,202,,SER,DIRECT,17626,Q9H7B4,202,MATCH
461,A,202,,SER,NEAR_SHELL,17626,Q9H7B4,202,MATCH
461,A,203,,LEU,NEAR_SHELL,17626,Q9H7B4,203,MATCH
461,A,204,,LEU,DIRECT,17626,Q9H7B4,204,MATCH
461,A,204,,LEU,NEAR_SHELL,17626,Q9H7B4,204,MATCH
461,A,205,,ASN,DIRECT,17626,Q9H7B4,205,MATCH
461,A,205,,ASN,NEAR_SHELL,17626,Q9H7B4,205,MATCH
461,A,206,,HIS,DIRECT,17626,Q9H7B4,206,MATCH
461,A,206,,HIS,NEAR_SHELL,17626,Q9H7B4,206,MATCH
461,A,207,,SER,NEAR_SHELL,17626,Q9H7B4,207,MATCH
461,A,239,,TYR,DIRECT,17626,Q9H7B4,239,MATCH
461,A,239,,TYR,NEAR_SHELL,17626,Q9H7B4,239,MATCH
461,A,256,,GLN,NEAR_SHELL,17626,Q9H7B4,256,MATCH
461,A,257,,TYR,DIRECT,17626,Q9H7B4,257,MATCH
461,A,257,,TYR,NEAR_SHELL,17626,Q9H7B4,257,MATCH
461,A,258,,CYS,NEAR_SHELL,17626,Q9H7B4,258,MATCH
461,A,259,,PHE,DIRECT,17626,Q9H7B4,259,MATCH
461,A,259,,PHE,NEAR_SHELL,17626,Q9H7B4,259,MATCH
461,A,260,,GLU,NEAR_SHELL,17626,Q9H7B4,260,MATCH
461,A,261,,CYS,NEAR_SHELL,17626,Q9H7B4,261,MATCH
462,A,180,,CYS,DIRECT,17626,Q9H7B4,180,MATCH
462,A,180,,CYS,NEAR_SHELL,17626,Q9H7B4,180,MATCH
462,A,181,,ASN,NEAR_SHELL,17626,Q9H7B4,181,MATCH
462,A,182,,SER,DIRECT,17626,,,
462,A,182,,SER,NEAR_SHELL,17626,,,
462,A,183,,PHE,DIRECT,17626,Q9H7B4,183,MATCH
462,A,183,,PHE,NEAR_SHELL,17626,Q9H7B4,183,MATCH
462,A,184,,THR,DIRECT,17626,,,
462,A,184,,THR,NEAR_SHELL,17626,,,
462,A,186,,CYS,DIRECT,17626,,,
462,A,186,,CYS,NEAR_SHELL,17626,,,
462,A,187,,ASN,NEAR_SHELL,17626,,,
462,A,190,,MET,DIRECT,17626,,,
462,A,190,,MET,NEAR_SHELL,17626,,,
462,A,192,,GLU,NEAR_SHELL,17626,,,
462,A,202,,SER,NEAR_SHELL,17626,Q9H7B4,202,MATCH
462,A,204,,LEU,NEAR_SHELL,17626,Q9H7B4,204,MATCH
462,A,213,,SER,NEAR_SHELL,17626,,,
462,A,214,,ILE,DIRECT,17626,,,
462,A,214,,ILE,NEAR_SHELL,17626,,,
462,A,215,,VAL,NEAR_SHELL,17626,,,
462,A,216,,PHE,DIRECT,17626,,,
462,A,216,,PHE,NEAR_SHELL,17626,,,
462,A,237,,ILE,NEAR_SHELL,17626,,,
462,A,238,,CYS,NEAR_SHELL,17626,,,
462,A,239,,TYR,DIRECT,17626,Q9H7B4,239,MATCH
462,A,239,,TYR,NEAR_SHELL,17626,Q9H7B4,239,MATCH
462,A,240,,LEU,NEAR_SHELL,17626,,,
462,A,241,,ASP,NEAR_SHELL,17626,,,
462,A,257,,TYR,DIRECT,17626,Q9H7B4,257,MATCH
462,A,257,,TYR,NEAR_SHELL,17626,Q9H7B4,257,MATCH
462,A,366,,HIS,DIRECT,17626,,,
462,A,366,,HIS,NEAR_SHELL,17626,,,
462,A,367,,PRO,NEAR_SHELL,17626,,,
462,A,368,,VAL,DIRECT,17626,,,
462,A,368,,VAL,NEAR_SHELL,17626,,,
463,A,13,,ASN,NEAR_SHELL,17626,Q9H7B4,13,SUBSTITUTION
463,A,14,,ARG,DIRECT,17626,Q9H7B4,14,MATCH
463,A,14,,ARG,NEAR_SHELL,17626,Q9H7B4,14,MATCH
463,A,15,,GLY,NEAR_SHELL,17626,Q9H7B4,15,MATCH
463,A,16,,ASN,DIRECT,17626,Q9H7B4,16,MATCH
463,A,16,,ASN,NEAR_SHELL,17626,Q9H7B4,16,MATCH
463,A,124,,TYR,DIRECT,17626,Q9H7B4,124,MATCH
463,A,124,,TYR,NEAR_SHELL,17626,Q9H7B4,124,MATCH
463,A,130,,GLU,DIRECT,17626,Q9H7B4,130,MATCH
463,A,130,,GLU,NEAR_SHELL,17626,Q9H7B4,130,MATCH
463,A,132,,ASN,DIRECT,17626,Q9H7B4,132,MATCH
463,A,132,,ASN,NEAR_SHELL,17626,Q9H7B4,132,MATCH
463,A,135,,LYS,NEAR_SHELL,17626,Q9H7B4,135,MATCH
463,A,180,,CYS,DIRECT,17626,Q9H7B4,180,MATCH
463,A,180,,CYS,NEAR_SHELL,17626,Q9H7B4,180,MATCH
463,A,181,,ASN,DIRECT,17626,Q9H7B4,181,MATCH
463,A,181,,ASN,NEAR_SHELL,17626,Q9H7B4,181,MATCH
463,A,183,,PHE,NEAR_SHELL,17626,Q9H7B4,183,MATCH
463,A,202,,SER,DIRECT,17626,Q9H7B4,202,MATCH
463,A,202,,SER,NEAR_SHELL,17626,Q9H7B4,202,MATCH
463,A,203,,LEU,DIRECT,17626,Q9H7B4,203,MATCH
463,A,203,,LEU,NEAR_SHELL,17626,Q9H7B4,203,MATCH
463,A,204,,LEU,DIRECT,17626,Q9H7B4,204,MATCH
463,A,204,,LEU,NEAR_SHELL,17626,Q9H7B4,204,MATCH
463,A,205,,ASN,DIRECT,17626,Q9H7B4,205,MATCH
463,A,205,,ASN,NEAR_SHELL,17626,Q9H7B4,205,MATCH
463,A,206,,HIS,DIRECT,17626,Q9H7B4,206,MATCH
463,A,206,,HIS,NEAR_SHELL,17626,Q9H7B4,206,MATCH
463,A,207,,SER,NEAR_SHELL,17626,Q9H7B4,207,MATCH
463,A,239,,TYR,DIRECT,17626,Q9H7B4,239,MATCH
463,A,239,,TYR,NEAR_SHELL,17626,Q9H7B4,239,MATCH
463,A,256,,GLN,NEAR_SHELL,17626,Q9H7B4,256,MATCH
463,A,257,,TYR,DIRECT,17626,Q9H7B4,257,MATCH
463,A,257,,TYR,NEAR_SHELL,17626,Q9H7B4,257,MATCH
463,A,258,,CYS,NEAR_SHELL,17626,Q9H7B4,258,MATCH
463,A,259,,PHE,DIRECT,17626,Q9H7B4,259,MATCH
463,A,259,,PHE,NEAR_SHELL,17626,Q9H7B4,259,MATCH
463,A,260,,GLU,NEAR_SHELL,17626,Q9H7B4,260,MATCH
463,A,261,,CYS,NEAR_SHELL,17626,Q9H7B4,261,MATCH
464,A,376,,CYS,DIRECT,11585,,,
464,A,376,,CYS,NEAR_SHELL,11585,,,
464,A,377,,ASP,DIRECT,11585,,,
464,A,377,,ASP,NEAR_SHELL,11585,,,
464,A,378,,ILE,DIRECT,11585,,,
464,A,378,,ILE,NEAR_SHELL,11585,,,
464,A,379,,ARG,DIRECT,11585,,,
464,A,379,,ARG,NEAR_SHELL,11585,,,
464,A,395,,ASP,DIRECT,11585,,,
464,A,395,,ASP,NEAR_SHELL,11585,,,
464,A,396,,PRO,DIRECT,11585,,,
464,A,396,,PRO,NEAR_SHELL,11585,,,
464,A,397,,PRO,NEAR_SHELL,11585,,,
464,A,406,,TYR,DIRECT,11585,,,
464,A,406,,TYR,NEAR_SHELL,11585,,,
464,A,407,,GLY,DIRECT,11585,,,
464,A,407,,GLY,NEAR_SHELL,11585,,,
464,A,408,,THR,NEAR_SHELL,11585,,,
464,A,409,,LEU,DIRECT,11585,,,
464,A,409,,LEU,NEAR_SHELL,11585,,,
464,A,431,,TRP,DIRECT,11585,,,
464,A,431,,TRP,NEAR_SHELL,11585,,,
464,A,432,,VAL,NEAR_SHELL,11585,,,
464,A,433,,THR,NEAR_SHELL,11585,,,
464,A,457,,TRP,NEAR_SHELL,11585,,,
464,A,481,,GLU,DIRECT,11585,,,
464,A,481,,GLU,NEAR_SHELL,11585,,,
464,A,511,,SER,DIRECT,11585,,,
464,A,511,,SER,NEAR_SHELL,11585,,,
464,A,512,,HIS,NEAR_SHELL,11585,,,
464,A,513,,LYS,DIRECT,11585,,,
464,A,513,,LYS,NEAR_SHELL,11585,,,
464,A,534,,PHE,DIRECT,11585,,,
464,A,534,,PHE,NEAR_SHELL,11585,,,
464,A,535,,GLY,DIRECT,11585,,,
464,A,535,,GLY,NEAR_SHELL,11585,,,
464,A,536,,ARG,DIRECT,11585,,,
464,A,536,,ARG,NEAR_SHELL,11585,,,
464,A,548,,GLY,DIRECT,11585,,,
464,A,548,,GLY,NEAR_SHELL,11585,,,
464,A,549,,ASN,DIRECT,11585,,,
464,A,549,,ASN,NEAR_SHELL,11585,,,
464,A,550,,GLN,DIRECT,11585,,,
464,A,550,,GLN,NEAR_SHELL,11585,,,
465,A,376,,CYS,DIRECT,11585,,,
465,A,376,,CYS,DIRECT,17920,,,
465,A,376,,CYS,NEAR_SHELL,11585,,,
465,A,376,,CYS,NEAR_SHELL,17920,,,
465,A,377,,ASP,DIRECT,11585,,,
465,A,377,,ASP,DIRECT,17920,,,
465,A,377,,ASP,NEAR_SHELL,11585,,,
465,A,377,,ASP,NEAR_SHELL,17920,,,
465,A,378,,ILE,DIRECT,11585,,,
465,A,378,,ILE,DIRECT,17920,,,
465,A,378,,ILE,NEAR_SHELL,11585,,,
465,A,378,,ILE,NEAR_SHELL,17920,,,
465,A,379,,ARG,DIRECT,11585,,,
465,A,379,,ARG,DIRECT,17920,,,
465,A,379,,ARG,NEAR_SHELL,11585,,,
465,A,379,,ARG,NEAR_SHELL,17920,,,
465,A,395,,ASP,DIRECT,11585,,,
465,A,395,,ASP,DIRECT,17920,,,
465,A,395,,ASP,NEAR_SHELL,11585,,,
465,A,395,,ASP,NEAR_SHELL,17920,,,
465,A,396,,PRO,DIRECT,11585,,,
465,A,396,,PRO,DIRECT,17920,,,
465,A,396,,PRO,NEAR_SHELL,11585,,,
465,A,396,,PRO,NEAR_SHELL,17920,,,
465,A,397,,PRO,DIRECT,11585,,,
465,A,397,,PRO,DIRECT,17920,,,
465,A,397,,PRO,NEAR_SHELL,11585,,,
465,A,397,,PRO,NEAR_SHELL,17920,,,
465,A,398,,TRP,NEAR_SHELL,11585,,,
465,A,398,,TRP,NEAR_SHELL,17920,,,
465,A,406,,TYR,NEAR_SHELL,11585,,,
465,A,406,,TYR,NEAR_SHELL,17920,,,
465,A,407,,GLY,DIRECT,11585,,,
465,A,407,,GLY,DIRECT,17920,,,
465,A,407,,GLY,NEAR_SHELL,11585,,,
465,A,407,,GLY,NEAR_SHELL,17920,,,
465,A,408,,THR,DIRECT,11585,,,
465,A,408,,THR,DIRECT,17920,,,
465,A,408,,THR,NEAR_SHELL,11585,,,
465,A,408,,THR,NEAR_SHELL,17920,,,
465,A,409,,LEU,DIRECT,11585,,,
465,A,409,,LEU,DIRECT,17920,,,
465,A,409,,LEU,NEAR_SHELL,11585,,,
465,A,409,,LEU,NEAR_SHELL,17920,,,
465,A,431,,TRP,DIRECT,11585,,,
465,A,431,,TRP,DIRECT,17920,,,
465,A,431,,TRP,NEAR_SHELL,11585,,,
465,A,431,,TRP,NEAR_SHELL,17920,,,
465,A,432,,VAL,DIRECT,11585,,,
465,A,432,,VAL,DIRECT,17920,,,
465,A,432,,VAL,NEAR_SHELL,11585,,,
465,A,432,,VAL,NEAR_SHELL,17920,,,
465,A,433,,THR,DIRECT,11585,,,
465,A,433,,THR,DIRECT,17920,,,
465,A,433,,THR,NEAR_SHELL,11585,,,
465,A,433,,THR,NEAR_SHELL,17920,,,
465,A,457,,TRP,DIRECT,11585,,,
465,A,457,,TRP,DIRECT,17920,,,
465,A,457,,TRP,NEAR_SHELL,11585,,,
465,A,457,,TRP,NEAR_SHELL,17920,,,
465,A,481,,GLU,DIRECT,11585,,,
465,A,481,,GLU,DIRECT,17920,,,
465,A,481,,GLU,NEAR_SHELL,11585,,,
465,A,481,,GLU,NEAR_SHELL,17920,,,
465,A,511,,SER,DIRECT,11585,,,
465,A,511,,SER,DIRECT,17920,,,
465,A,511,,SER,NEAR_SHELL,11585,,,
465,A,511,,SER,NEAR_SHELL,17920,,,
465,A,512,,HIS,NEAR_SHELL,11585,,,
465,A,512,,HIS,NEAR_SHELL,17920,,,
465,A,513,,LYS,DIRECT,11585,,,
465,A,513,,LYS,DIRECT,17920,,,
465,A,513,,LYS,NEAR_SHELL,11585,,,
465,A,513,,LYS,NEAR_SHELL,17920,,,
465,A,534,,PHE,DIRECT,11585,,,
465,A,534,,PHE,DIRECT,17920,,,
465,A,534,,PHE,NEAR_SHELL,11585,,,
465,A,534,,PHE,NEAR_SHELL,17920,,,
465,A,535,,GLY,DIRECT,11585,,,
465,A,535,,GLY,DIRECT,17920,,,
465,A,535,,GLY,NEAR_SHELL,11585,,,
465,A,535,,GLY,NEAR_SHELL,17920,,,
465,A,536,,ARG,DIRECT,11585,,,
465,A,536,,ARG,DIRECT,17920,,,
465,A,536,,ARG,NEAR_SHELL,11585,,,
465,A,536,,ARG,NEAR_SHELL,17920,,,
465,A,548,,GLY,DIRECT,11585,,,
465,A,548,,GLY,DIRECT,17920,,,
465,A,548,,GLY,NEAR_SHELL,11585,,,
465,A,548,,GLY,NEAR_SHELL,17920,,,
465,A,549,,ASN,DIRECT,11585,,,
465,A,549,,ASN,DIRECT,17920,,,
465,A,549,,ASN,NEAR_SHELL,11585,,,
465,A,549,,ASN,NEAR_SHELL,17920,,,
465,A,550,,GLN,DIRECT,11585,,,
465,A,550,,GLN,DIRECT,17920,,,
465,A,550,,GLN,NEAR_SHELL,11585,,,
465,A,550,,GLN,NEAR_SHELL,17920,,,
466,A,376,,CYS,DIRECT,11585,,,
466,A,376,,CYS,NEAR_SHELL,11585,,,
466,A,377,,ASP,DIRECT,11585,,,
466,A,377,,ASP,NEAR_SHELL,11585,,,
466,A,378,,ILE,DIRECT,11585,,,
466,A,378,,ILE,NEAR_SHELL,11585,,,
466,A,379,,ARG,DIRECT,11585,,,
466,A,379,,ARG,NEAR_SHELL,11585,,,
466,A,395,,ASP,DIRECT,11585,,,
466,A,395,,ASP,NEAR_SHELL,11585,,,
466,A,396,,PRO,NEAR_SHELL,11585,,,
466,A,397,,PRO,NEAR_SHELL,11585,,,
466,A,407,,GLY,DIRECT,11585,,,
466,A,407,,GLY,NEAR_SHELL,11585,,,
466,A,408,,THR,DIRECT,11585,,,
466,A,408,,THR,NEAR_SHELL,11585,,,
466,A,409,,LEU,DIRECT,11585,,,
466,A,409,,LEU,NEAR_SHELL,11585,,,
466,A,431,,TRP,DIRECT,11585,,,
466,A,431,,TRP,NEAR_SHELL,11585,,,
466,A,432,,VAL,NEAR_SHELL,11585,,,
466,A,433,,THR,NEAR_SHELL,11585,,,
466,A,457,,TRP,DIRECT,11585,,,
466,A,457,,TRP,NEAR_SHELL,11585,,,
466,A,459,,LYS,NEAR_SHELL,11585,,,
466,A,481,,GLU,DIRECT,11585,,,
466,A,481,,GLU,NEAR_SHELL,11585,,,
466,A,511,,SER,DIRECT,11585,,,
466,A,511,,SER,NEAR_SHELL,11585,,,
466,A,512,,HIS,NEAR_SHELL,11585,,,
466,A,513,,LYS,DIRECT,11585,,,
466,A,513,,LYS,NEAR_SHELL,11585,,,
466,A,534,,PHE,DIRECT,11585,,,
466,A,534,,PHE,NEAR_SHELL,11585,,,
466,A,535,,GLY,DIRECT,11585,,,
466,A,535,,GLY,NEAR_SHELL,11585,,,
466,A,536,,ARG,DIRECT,11585,,,
466,A,536,,ARG,NEAR_SHELL,11585,,,
466,A,548,,GLY,DIRECT,11585,,,
466,A,548,,GLY,NEAR_SHELL,11585,,,
466,A,549,,ASN,DIRECT,11585,,,
466,A,549,,ASN,NEAR_SHELL,11585,,,
466,A,550,,GLN,DIRECT,11585,,,
466,A,550,,GLN,NEAR_SHELL,11585,,,
467,A,53,,ILE,NEAR_SHELL,19085,Q9UBP6,83,MATCH
467,A,54,,GLY,DIRECT,19085,Q9UBP6,84,MATCH
467,A,54,,GLY,NEAR_SHELL,19085,Q9UBP6,84,MATCH
467,A,110,,ASN,DIRECT,19085,Q9UBP6,140,MATCH
467,A,110,,ASN,NEAR_SHELL,19085,Q9UBP6,140,MATCH
467,A,112,,MET,DIRECT,19085,Q9UBP6,142,MATCH
467,A,112,,MET,NEAR_SHELL,19085,Q9UBP6,142,MATCH
467,A,130,,LEU,DIRECT,19085,Q9UBP6,160,MATCH
467,A,130,,LEU,NEAR_SHELL,19085,Q9UBP6,160,MATCH
467,A,131,,PHE,DIRECT,19085,Q9UBP6,161,MATCH
467,A,131,,PHE,NEAR_SHELL,19085,Q9UBP6,161,MATCH
467,A,132,,PRO,NEAR_SHELL,19085,Q9UBP6,162,MATCH
467,A,133,,ASP,NEAR_SHELL,19085,Q9UBP6,163,MATCH
467,A,210,,GLU,NEAR_SHELL,19085,Q9UBP6,240,MATCH
468,A,376,,CYS,DIRECT,11585,,,
468,A,376,,CYS,DIRECT,17920,,,
468,A,376,,CYS,NEAR_SHELL,11585,,,
468,A,376,,CYS,NEAR_SHELL,17920,,,
468,A,377,,ASP,DIRECT,11585,,,
468,A,377,,ASP,DIRECT,17920,,,
468,A,377,,ASP,NEAR_SHELL,11585,,,
468,A,377,,ASP,NEAR_SHELL,17920,,,
468,A,378,,ILE,DIRECT,11585,,,
468,A,378,,ILE,DIRECT,17920,,,
468,A,378,,ILE,NEAR_SHELL,11585,,,
468,A,378,,ILE,NEAR_SHELL,17920,,,
468,A,379,,ARG,DIRECT,11585,,,
468,A,379,,ARG,DIRECT,17920,,,
468,A,379,,ARG,NEAR_SHELL,11585,,,
468,A,379,,ARG,NEAR_SHELL,17920,,,
468,A,395,,ASP,DIRECT,11585,,,
468,A,395,,ASP,DIRECT,17920,,,
468,A,395,,ASP,NEAR_SHELL,11585,,,
468,A,395,,ASP,NEAR_SHELL,17920,,,
468,A,396,,PRO,DIRECT,11585,,,
468,A,396,,PRO,DIRECT,17920,,,
468,A,396,,PRO,NEAR_SHELL,11585,,,
468,A,396,,PRO,NEAR_SHELL,17920,,,
468,A,397,,PRO,DIRECT,11585,,,
468,A,397,,PRO,DIRECT,17920,,,
468,A,397,,PRO,NEAR_SHELL,11585,,,
468,A,397,,PRO,NEAR_SHELL,17920,,,
468,A,398,,TRP,DIRECT,11585,,,
468,A,398,,TRP,DIRECT,17920,,,
468,A,398,,TRP,NEAR_SHELL,11585,,,
468,A,398,,TRP,NEAR_SHELL,17920,,,
468,A,406,,TYR,DIRECT,11585,,,
468,A,406,,TYR,DIRECT,17920,,,
468,A,406,,TYR,NEAR_SHELL,11585,,,
468,A,406,,TYR,NEAR_SHELL,17920,,,
468,A,407,,GLY,DIRECT,11585,,,
468,A,407,,GLY,DIRECT,17920,,,
468,A,407,,GLY,NEAR_SHELL,11585,,,
468,A,407,,GLY,NEAR_SHELL,17920,,,
468,A,409,,LEU,DIRECT,11585,,,
468,A,409,,LEU,DIRECT,17920,,,
468,A,409,,LEU,NEAR_SHELL,11585,,,
468,A,409,,LEU,NEAR_SHELL,17920,,,
468,A,431,,TRP,DIRECT,11585,,,
468,A,431,,TRP,DIRECT,17920,,,
468,A,431,,TRP,NEAR_SHELL,11585,,,
468,A,431,,TRP,NEAR_SHELL,17920,,,
468,A,432,,VAL,DIRECT,11585,,,
468,A,432,,VAL,DIRECT,17920,,,
468,A,432,,VAL,NEAR_SHELL,11585,,,
468,A,432,,VAL,NEAR_SHELL,17920,,,
468,A,433,,THR,DIRECT,11585,,,
468,A,433,,THR,DIRECT,17920,,,
468,A,433,,THR,NEAR_SHELL,11585,,,
468,A,433,,THR,NEAR_SHELL,17920,,,
468,A,457,,TRP,DIRECT,11585,,,
468,A,457,,TRP,DIRECT,17920,,,
468,A,457,,TRP,NEAR_SHELL,11585,,,
468,A,457,,TRP,NEAR_SHELL,17920,,,
468,A,481,,GLU,DIRECT,11585,,,
468,A,481,,GLU,DIRECT,17920,,,
468,A,481,,GLU,NEAR_SHELL,11585,,,
468,A,481,,GLU,NEAR_SHELL,17920,,,
468,A,511,,SER,DIRECT,11585,,,
468,A,511,,SER,DIRECT,17920,,,
468,A,511,,SER,NEAR_SHELL,11585,,,
468,A,511,,SER,NEAR_SHELL,17920,,,
468,A,512,,HIS,NEAR_SHELL,11585,,,
468,A,512,,HIS,NEAR_SHELL,17920,,,
468,A,513,,LYS,DIRECT,11585,,,
468,A,513,,LYS,DIRECT,17920,,,
468,A,513,,LYS,NEAR_SHELL,11585,,,
468,A,513,,LYS,NEAR_SHELL,17920,,,
468,A,534,,PHE,DIRECT,11585,,,
468,A,534,,PHE,DIRECT,17920,,,
468,A,534,,PHE,NEAR_SHELL,11585,,,
468,A,534,,PHE,NEAR_SHELL,17920,,,
468,A,535,,GLY,NEAR_SHELL,11585,,,
468,A,535,,GLY,NEAR_SHELL,17920,,,
468,A,536,,ARG,DIRECT,11585,,,
468,A,536,,ARG,DIRECT,17920,,,
468,A,536,,ARG,NEAR_SHELL,11585,,,
468,A,536,,ARG,NEAR_SHELL,17920,,,
468,A,548,,GLY,DIRECT,11585,,,
468,A,548,,GLY,DIRECT,17920,,,
468,A,548,,GLY,NEAR_SHELL,11585,,,
468,A,548,,GLY,NEAR_SHELL,17920,,,
468,A,549,,ASN,DIRECT,11585,,,
468,A,549,,ASN,DIRECT,17920,,,
468,A,549,,ASN,NEAR_SHELL,11585,,,
468,A,549,,ASN,NEAR_SHELL,17920,,,
468,A,550,,GLN,DIRECT,11585,,,
468,A,550,,GLN,DIRECT,17920,,,
468,A,550,,GLN,NEAR_SHELL,11585,,,
468,A,550,,GLN,NEAR_SHELL,17920,,,
469,A,52,,ASP,NEAR_SHELL,19085,Q9UBP6,82,MATCH
469,A,53,,ILE,NEAR_SHELL,19085,Q9UBP6,83,MATCH
469,A,54,,GLY,DIRECT,19085,Q9UBP6,84,MATCH
469,A,54,,GLY,NEAR_SHELL,19085,Q9UBP6,84,MATCH
469,A,55,,CYS,DIRECT,19085,Q9UBP6,85,MATCH
469,A,55,,CYS,NEAR_SHELL,19085,Q9UBP6,85,MATCH
469,A,56,,GLY,DIRECT,19085,Q9UBP6,86,MATCH
469,A,56,,GLY,NEAR_SHELL,19085,Q9UBP6,86,MATCH
469,A,57,,TYR,NEAR_SHELL,19085,Q9UBP6,87,MATCH
469,A,110,,ASN,NEAR_SHELL,19085,Q9UBP6,140,MATCH
469,A,112,,MET,DIRECT,19085,Q9UBP6,142,MATCH
469,A,112,,MET,NEAR_SHELL,19085,Q9UBP6,142,MATCH
469,A,130,,LEU,DIRECT,19085,Q9UBP6,160,MATCH
469,A,130,,LEU,NEAR_SHELL,19085,Q9UBP6,160,MATCH
469,A,131,,PHE,DIRECT,19085,Q9UBP6,161,MATCH
469,A,131,,PHE,NEAR_SHELL,19085,Q9UBP6,161,MATCH
469,A,132,,PRO,NEAR_SHELL,19085,Q9UBP6,162,MATCH
469,A,133,,ASP,NEAR_SHELL,19085,Q9UBP6,163,MATCH
469,A,208,,THR,DIRECT,19085,Q9UBP6,238,MATCH
469,A,208,,THR,NEAR_SHELL,19085,Q9UBP6,238,MATCH
469,A,209,,GLU,NEAR_SHELL,19085,Q9UBP6,239,MATCH
469,A,210,,GLU,DIRECT,19085,Q9UBP6,240,MATCH
469,A,210,,GLU,NEAR_SHELL,19085,Q9UBP6,240,MATCH
470,A,97,,PHE,DIRECT,2640,,,
470,A,97,,PHE,NEAR_SHELL,2640,,,
470,A,146,,ASN,NEAR_SHELL,2640,,,
470,A,148,,TYR,DIRECT,2640,,,
470,A,148,,TYR,NEAR_SHELL,2640,,,
470,A,194,,ASN,DIRECT,2640,,,
470,A,194,,ASN,NEAR_SHELL,2640,,,
470,A,211,,LYS,DIRECT,2640,,,
470,A,211,,LYS,NEAR_SHELL,2640,,,
470,A,240,,LEU,DIRECT,2640,,,
470,A,240,,LEU,NEAR_SHELL,2640,,,
470,A,310,,ASP,DIRECT,2640,,,
470,A,310,,ASP,NEAR_SHELL,2640,,,
470,A,365,,TYR,DIRECT,2640,,,
470,A,365,,TYR,NEAR_SHELL,2640,,,
470,A,366,,MET,DIRECT,2640,,,
470,A,366,,MET,NEAR_SHELL,2640,,,
470,A,367,,ARG,DIRECT,2640,,,
470,A,367,,ARG,NEAR_SHELL,2640,,,
470,A,414,,ARG,DIRECT,2640,,,
470,A,414,,ARG,NEAR_SHELL,2640,,,
471,A,97,,PHE,DIRECT,2640,,,
471,A,97,,PHE,NEAR_SHELL,2640,,,
471,A,146,,ASN,NEAR_SHELL,2640,,,
471,A,148,,TYR,DIRECT,2640,,,
471,A,148,,TYR,NEAR_SHELL,2640,,,
471,A,194,,ASN,DIRECT,2640,,,
471,A,194,,ASN,NEAR_SHELL,2640,,,
471,A,211,,LYS,DIRECT,2640,,,
471,A,211,,LYS,NEAR_SHELL,2640,,,
471,A,240,,LEU,DIRECT,2640,,,
471,A,240,,LEU,NEAR_SHELL,2640,,,
471,A,310,,ASP,DIRECT,2640,,,
471,A,310,,ASP,NEAR_SHELL,2640,,,
471,A,365,,TYR,DIRECT,2640,,,
471,A,365,,TYR,NEAR_SHELL,2640,,,
471,A,366,,MET,DIRECT,2640,,,
471,A,366,,MET,NEAR_SHELL,2640,,,
471,A,367,,ARG,DIRECT,2640,,,
471,A,367,,ARG,NEAR_SHELL,2640,,,
471,A,414,,ARG,DIRECT,2640,,,
471,A,414,,ARG,NEAR_SHELL,2640,,,
471,A,430,,ASP,DIRECT,2640,,,
471,A,430,,ASP,NEAR_SHELL,2640,,,
472,A,97,,PHE,DIRECT,2640,,,
472,A,97,,PHE,NEAR_SHELL,2640,,,
472,A,146,,ASN,DIRECT,2640,,,
472,A,146,,ASN,NEAR_SHELL,2640,,,
472,A,148,,TYR,DIRECT,2640,,,
472,A,148,,TYR,NEAR_SHELL,2640,,,
472,A,194,,ASN,DIRECT,2640,,,
472,A,194,,ASN,NEAR_SHELL,2640,,,
472,A,211,,LYS,DIRECT,2640,,,
472,A,211,,LYS,NEAR_SHELL,2640,,,
472,A,240,,LEU,DIRECT,2640,,,
472,A,240,,LEU,NEAR_SHELL,2640,,,
472,A,310,,ASP,DIRECT,2640,,,
472,A,310,,ASP,NEAR_SHELL,2640,,,
472,A,364,,TRP,NEAR_SHELL,2640,,,
472,A,365,,TYR,DIRECT,2640,,,
472,A,365,,TYR,NEAR_SHELL,2640,,,
472,A,367,,ARG,DIRECT,2640,,,
472,A,367,,ARG,NEAR_SHELL,2640,,,
472,A,414,,ARG,DIRECT,2640,,,
472,A,414,,ARG,NEAR_SHELL,2640,,,
473,A,97,,PHE,DIRECT,2640,,,
473,A,97,,PHE,NEAR_SHELL,2640,,,
473,A,146,,ASN,NEAR_SHELL,2640,,,
473,A,148,,TYR,DIRECT,2640,,,
473,A,148,,TYR,NEAR_SHELL,2640,,,
473,A,194,,ASN,DIRECT,2640,,,
473,A,194,,ASN,NEAR_SHELL,2640,,,
473,A,211,,LYS,DIRECT,2640,,,
473,A,211,,LYS,NEAR_SHELL,2640,,,
473,A,240,,LEU,DIRECT,2640,,,
473,A,240,,LEU,NEAR_SHELL,2640,,,
473,A,310,,ASP,DIRECT,2640,,,
473,A,310,,ASP,NEAR_SHELL,2640,,,
473,A,364,,TRP,NEAR_SHELL,2640,,,
473,A,365,,TYR,DIRECT,2640,,,
473,A,365,,TYR,NEAR_SHELL,2640,,,
473,A,367,,ARG,DIRECT,2640,,,
473,A,367,,ARG,NEAR_SHELL,2640,,,
473,A,414,,ARG,DIRECT,2640,,,
473,A,414,,ARG,NEAR_SHELL,2640,,,
474,A,180,,CYS,NEAR_SHELL,17626,Q9H7B4,180,MATCH
474,A,181,,ASN,DIRECT,17626,Q9H7B4,181,MATCH
474,A,181,,ASN,NEAR_SHELL,17626,Q9H7B4,181,MATCH
474,A,182,,SER,DIRECT,17626,,,
474,A,182,,SER,NEAR_SHELL,17626,,,
474,A,183,,PHE,DIRECT,17626,,,
474,A,183,,PHE,NEAR_SHELL,17626,,,
474,A,184,,THR,NEAR_SHELL,17626,,,
474,A,201,,ILE,NEAR_SHELL,17626,Q9H7B4,201,MATCH
474,A,202,,SER,DIRECT,17626,Q9H7B4,202,MATCH
474,A,202,,SER,NEAR_SHELL,17626,Q9H7B4,202,MATCH
474,A,204,,LEU,NEAR_SHELL,17626,Q9H7B4,204,MATCH
474,A,214,,ILE,DIRECT,17626,,,
474,A,214,,ILE,NEAR_SHELL,17626,,,
474,A,216,,PHE,NEAR_SHELL,17626,,,
474,A,237,,ILE,DIRECT,17626,,,
474,A,237,,ILE,NEAR_SHELL,17626,,,
474,A,238,,CYS,DIRECT,17626,,,
474,A,238,,CYS,NEAR_SHELL,17626,,,
474,A,239,,TYR,DIRECT,17626,Q9H7B4,239,MATCH
474,A,239,,TYR,NEAR_SHELL,17626,Q9H7B4,239,MATCH
474,A,240,,LEU,NEAR_SHELL,17626,,,
474,A,256,,GLN,NEAR_SHELL,17626,,,
474,A,257,,TYR,DIRECT,17626,Q9H7B4,257,MATCH
474,A,257,,TYR,NEAR_SHELL,17626,Q9H7B4,257,MATCH
475,A,14,,ARG,NEAR_SHELL,17626,Q9H7B4,14,MATCH
475,A,15,,GLY,NEAR_SHELL,17626,Q9H7B4,15,MATCH
475,A,16,,ASN,NEAR_SHELL,17626,Q9H7B4,16,MATCH
475,A,130,,GLU,DIRECT,17626,Q9H7B4,130,MATCH
475,A,130,,GLU,NEAR_SHELL,17626,Q9H7B4,130,MATCH
475,A,132,,ASN,DIRECT,17626,Q9H7B4,132,MATCH
475,A,132,,ASN,NEAR_SHELL,17626,Q9H7B4,132,MATCH
475,A,135,,LYS,DIRECT,17626,Q9H7B4,135,MATCH
475,A,135,,LYS,NEAR_SHELL,17626,Q9H7B4,135,MATCH
475,A,258,,CYS,NEAR_SHELL,17626,Q9H7B4,258,MATCH
476,A,13,,ASN,NEAR_SHELL,17626,Q9H7B4,13,SUBSTITUTION
476,A,14,,ARG,DIRECT,17626,Q9H7B4,14,MATCH
476,A,14,,ARG,NEAR_SHELL,17626,Q9H7B4,14,MATCH
476,A,15,,GLY,DIRECT,17626,Q9H7B4,15,MATCH
476,A,15,,GLY,NEAR_SHELL,17626,Q9H7B4,15,MATCH
476,A,16,,ASN,DIRECT,17626,Q9H7B4,16,MATCH
476,A,16,,ASN,NEAR_SHELL,17626,Q9H7B4,16,MATCH
476,A,124,,TYR,DIRECT,17626,Q9H7B4,124,MATCH
476,A,124,,TYR,NEAR_SHELL,17626,Q9H7B4,124,MATCH
476,A,130,,GLU,DIRECT,17626,Q9H7B4,130,MATCH
476,A,130,,GLU,NEAR_SHELL,17626,Q9H7B4,130,MATCH
476,A,132,,ASN,DIRECT,17626,Q9H7B4,132,MATCH
476,A,132,,ASN,NEAR_SHELL,17626,Q9H7B4,132,MATCH
476,A,135,,LYS,NEAR_SHELL,17626,Q9H7B4,135,MATCH
476,A,180,,CYS,DIRECT,17626,Q9H7B4,180,MATCH
476,A,180,,CYS,NEAR_SHELL,17626,Q9H7B4,180,MATCH
476,A,181,,ASN,DIRECT,17626,Q9H7B4,181,MATCH
476,A,181,,ASN,NEAR_SHELL,17626,Q9H7B4,181,MATCH
476,A,201,,ILE,NEAR_SHELL,17626,Q9H7B4,201,MATCH
476,A,202,,SER,DIRECT,17626,Q9H7B4,202,MATCH
476,A,202,,SER,NEAR_SHELL,17626,Q9H7B4,202,MATCH
476,A,203,,LEU,NEAR_SHELL,17626,Q9H7B4,203,MATCH
476,A,204,,LEU,DIRECT,17626,Q9H7B4,204,MATCH
476,A,204,,LEU,NEAR_SHELL,17626,Q9H7B4,204,MATCH
476,A,205,,ASN,DIRECT,17626,Q9H7B4,205,MATCH
476,A,205,,ASN,NEAR_SHELL,17626,Q9H7B4,205,MATCH
476,A,206,,HIS,DIRECT,17626,Q9H7B4,206,MATCH
476,A,206,,HIS,NEAR_SHELL,17626,Q9H7B4,206,MATCH
476,A,239,,TYR,DIRECT,17626,Q9H7B4,239,MATCH
476,A,239,,TYR,NEAR_SHELL,17626,Q9H7B4,239,MATCH
476,A,257,,TYR,DIRECT,17626,Q9H7B4,257,MATCH
476,A,257,,TYR,NEAR_SHELL,17626,Q9H7B4,257,MATCH
476,A,258,,CYS,NEAR_SHELL,17626,Q9H7B4,258,MATCH
476,A,259,,PHE,DIRECT,17626,Q9H7B4,259,MATCH
476,A,259,,PHE,NEAR_SHELL,17626,Q9H7B4,259,MATCH
476,A,260,,GLU,NEAR_SHELL,17626,Q9H7B4,260,MATCH
476,A,261,,CYS,NEAR_SHELL,17626,Q9H7B4,261,MATCH
476,A,262,,ASP,NEAR_SHELL,17626,Q9H7B4,262,MATCH
477,A,13,,ASN,NEAR_SHELL,17626,Q9H7B4,13,SUBSTITUTION
477,A,14,,ARG,DIRECT,17626,Q9H7B4,14,MATCH
477,A,14,,ARG,NEAR_SHELL,17626,Q9H7B4,14,MATCH
477,A,15,,GLY,DIRECT,17626,Q9H7B4,15,MATCH
477,A,15,,GLY,NEAR_SHELL,17626,Q9H7B4,15,MATCH
477,A,16,,ASN,DIRECT,17626,Q9H7B4,16,MATCH
477,A,16,,ASN,NEAR_SHELL,17626,Q9H7B4,16,MATCH
477,A,124,,TYR,DIRECT,17626,Q9H7B4,124,MATCH
477,A,124,,TYR,NEAR_SHELL,17626,Q9H7B4,124,MATCH
477,A,130,,GLU,DIRECT,17626,Q9H7B4,130,MATCH
477,A,130,,GLU,NEAR_SHELL,17626,Q9H7B4,130,MATCH
477,A,132,,ASN,DIRECT,17626,Q9H7B4,132,MATCH
477,A,132,,ASN,NEAR_SHELL,17626,Q9H7B4,132,MATCH
477,A,135,,LYS,NEAR_SHELL,17626,Q9H7B4,135,MATCH
477,A,180,,CYS,DIRECT,17626,Q9H7B4,180,MATCH
477,A,180,,CYS,NEAR_SHELL,17626,Q9H7B4,180,MATCH
477,A,181,,ASN,DIRECT,17626,Q9H7B4,181,MATCH
477,A,181,,ASN,NEAR_SHELL,17626,Q9H7B4,181,MATCH
477,A,183,,PHE,NEAR_SHELL,17626,Q9H7B4,183,MATCH
477,A,202,,SER,DIRECT,17626,Q9H7B4,202,MATCH
477,A,202,,SER,NEAR_SHELL,17626,Q9H7B4,202,MATCH
477,A,203,,LEU,NEAR_SHELL,17626,Q9H7B4,203,MATCH
477,A,204,,LEU,DIRECT,17626,Q9H7B4,204,MATCH
477,A,204,,LEU,NEAR_SHELL,17626,Q9H7B4,204,MATCH
477,A,205,,ASN,DIRECT,17626,Q9H7B4,205,MATCH
477,A,205,,ASN,NEAR_SHELL,17626,Q9H7B4,205,MATCH
477,A,206,,HIS,DIRECT,17626,Q9H7B4,206,MATCH
477,A,206,,HIS,NEAR_SHELL,17626,Q9H7B4,206,MATCH
477,A,239,,TYR,DIRECT,17626,Q9H7B4,239,MATCH
477,A,239,,TYR,NEAR_SHELL,17626,Q9H7B4,239,MATCH
477,A,257,,TYR,DIRECT,17626,Q9H7B4,257,MATCH
477,A,257,,TYR,NEAR_SHELL,17626,Q9H7B4,257,MATCH
477,A,258,,CYS,NEAR_SHELL,17626,Q9H7B4,258,MATCH
477,A,259,,PHE,DIRECT,17626,Q9H7B4,259,MATCH
477,A,259,,PHE,NEAR_SHELL,17626,Q9H7B4,259,MATCH
477,A,260,,GLU,NEAR_SHELL,17626,Q9H7B4,260,MATCH
478,A,81,,PRO,DIRECT,17626,,,
478,A,81,,PRO,NEAR_SHELL,17626,,,
478,A,82,,ASP,DIRECT,17626,,,
478,A,82,,ASP,NEAR_SHELL,17626,,,
478,A,84,,LYS,DIRECT,17626,,,
478,A,84,,LYS,NEAR_SHELL,17626,,,
478,A,85,,ARG,NEAR_SHELL,17626,,,
478,A,107,,ARG,NEAR_SHELL,17626,,,
478,A,110,,PHE,DIRECT,17626,,,
478,A,110,,PHE,NEAR_SHELL,17626,,,
478,A,111,,LYS,DIRECT,17626,,,
478,A,111,,LYS,NEAR_SHELL,17626,,,
478,A,114,,ASP,DIRECT,17626,,,
478,A,114,,ASP,NEAR_SHELL,17626,,,
478,A,115,,GLY,DIRECT,17626,,,
478,A,115,,GLY,NEAR_SHELL,17626,,,
479,A,13,,ASN,NEAR_SHELL,17626,Q9H7B4,13,SUBSTITUTION
479,A,14,,ARG,DIRECT,17626,Q9H7B4,14,MATCH
479,A,14,,ARG,NEAR_SHELL,17626,Q9H7B4,14,MATCH
479,A,15,,GLY,DIRECT,17626,Q9H7B4,15,MATCH
479,A,15,,GLY,NEAR_SHELL,17626,Q9H7B4,15,MATCH
479,A,16,,ASN,DIRECT,17626,Q9H7B4,16,MATCH
479,A,16,,ASN,NEAR_SHELL,17626,Q9H7B4,16,MATCH
479,A,124,,TYR,DIRECT,17626,Q9H7B4,124,MATCH
479,A,124,,TYR,NEAR_SHELL,17626,Q9H7B4,124,MATCH
479,A,130,,GLU,DIRECT,17626,Q9H7B4,130,MATCH
479,A,130,,GLU,NEAR_SHELL,17626,Q9H7B4,130,MATCH
479,A,132,,ASN,DIRECT,17626,Q9H7B4,132,MATCH
479,A,132,,ASN,NEAR_SHELL,17626,Q9H7B4,132,MATCH
479,A,135,,LYS,NEAR_SHELL,17626,Q9H7B4,135,MATCH
479,A,180,,CYS,DIRECT,17626,Q9H7B4,180,MATCH
479,A,180,,CYS,NEAR_SHELL,17626,Q9H7B4,180,MATCH
479,A,181,,ASN,DIRECT,17626,Q9H7B4,181,MATCH
479,A,181,,ASN,NEAR_SHELL,17626,Q9H7B4,181,MATCH
479,A,183,,PHE,NEAR_SHELL,17626,Q9H7B4,183,MATCH
479,A,202,,SER,DIRECT,17626,Q9H7B4,202,MATCH
479,A,202,,SER,NEAR_SHELL,17626,Q9H7B4,202,MATCH
479,A,203,,LEU,NEAR_SHELL,17626,Q9H7B4,203,MATCH
479,A,204,,LEU,DIRECT,17626,Q9H7B4,204,MATCH
479,A,204,,LEU,NEAR_SHELL,17626,Q9H7B4,204,MATCH
479,A,205,,ASN,DIRECT,17626,Q9H7B4,205,MATCH
479,A,205,,ASN,NEAR_SHELL,17626,Q9H7B4,205,MATCH
479,A,206,,HIS,DIRECT,17626,Q9H7B4,206,MATCH
479,A,206,,HIS,NEAR_SHELL,17626,Q9H7B4,206,MATCH
479,A,239,,TYR,DIRECT,17626,Q9H7B4,239,MATCH
479,A,239,,TYR,NEAR_SHELL,17626,Q9H7B4,239,MATCH
479,A,257,,TYR,DIRECT,17626,Q9H7B4,257,MATCH
479,A,257,,TYR,NEAR_SHELL,17626,Q9H7B4,257,MATCH
479,A,258,,CYS,NEAR_SHELL,17626,Q9H7B4,258,MATCH
479,A,259,,PHE,DIRECT,17626,Q9H7B4,259,MATCH
479,A,259,,PHE,NEAR_SHELL,17626,Q9H7B4,259,MATCH
479,A,260,,GLU,NEAR_SHELL,17626,Q9H7B4,260,MATCH
479,A,261,,CYS,NEAR_SHELL,17626,Q9H7B4,261,MATCH
479,A,262,,ASP,NEAR_SHELL,17626,Q9H7B4,262,MATCH
480,A,3,,PRO,NEAR_SHELL,17626,,,
480,A,4,,LEU,DIRECT,17626,,,
480,A,4,,LEU,NEAR_SHELL,17626,,,
480,A,5,,LYS,NEAR_SHELL,17626,,,
480,A,29,,LEU,DIRECT,17626,,,
480,A,29,,LEU,NEAR_SHELL,17626,,,
480,A,30,,LEU,DIRECT,17626,,,
480,A,30,,LEU,NEAR_SHELL,17626,,,
480,A,31,,PHE,DIRECT,17626,,,
480,A,31,,PHE,NEAR_SHELL,17626,,,
480,A,32,,ARG,DIRECT,17626,,,
480,A,32,,ARG,NEAR_SHELL,17626,,,
480,A,33,,SER,NEAR_SHELL,17626,,,
480,A,119,,GLU,NEAR_SHELL,17626,,,
480,A,122,,LYS,NEAR_SHELL,17626,,,
481,A,62,,ARG,NEAR_SHELL,3403,,,
481,A,62,,ARG,NEAR_SHELL,7339,,,
481,A,155,,GLN,DIRECT,3403,,,
481,A,155,,GLN,DIRECT,7339,,,
481,A,155,,GLN,NEAR_SHELL,3403,,,
481,A,155,,GLN,NEAR_SHELL,7339,,,
481,A,159,,TYR,NEAR_SHELL,3403,,,
481,A,159,,TYR,NEAR_SHELL,7339,,,
481,E,3,,ARG,DIRECT,3403,,,
481,E,3,,ARG,DIRECT,7339,,,
481,E,3,,ARG,NEAR_SHELL,3403,,,
481,E,3,,ARG,NEAR_SHELL,7339,,,
482,A,62,,ARG,DIRECT,3403,,,
482,A,62,,ARG,DIRECT,7339,,,
482,A,62,,ARG,NEAR_SHELL,3403,,,
482,A,62,,ARG,NEAR_SHELL,7339,,,
482,A,66,,ILE,NEAR_SHELL,3403,,,
482,A,66,,ILE,NEAR_SHELL,7339,,,
482,A,155,,GLN,DIRECT,3403,,,
482,A,155,,GLN,DIRECT,7339,,,
482,A,155,,GLN,NEAR_SHELL,3403,,,
482,A,155,,GLN,NEAR_SHELL,7339,,,
482,A,159,,TYR,NEAR_SHELL,3403,,,
482,A,159,,TYR,NEAR_SHELL,7339,,,
482,E,3,,ARG,DIRECT,3403,,,
482,E,3,,ARG,DIRECT,7339,,,
482,E,3,,ARG,NEAR_SHELL,3403,,,
482,E,3,,ARG,NEAR_SHELL,7339,,,
482,E,5,,PRO,DIRECT,3403,,,
482,E,5,,PRO,DIRECT,7339,,,
482,E,5,,PRO,NEAR_SHELL,3403,,,
482,E,5,,PRO,NEAR_SHELL,7339,,,
483,A,284,,VAL,DIRECT,4939,,,
483,A,284,,VAL,NEAR_SHELL,4939,,,
483,A,297,,GLN,DIRECT,4939,,,
483,A,297,,GLN,NEAR_SHELL,4939,,,
484,A,141,,ARG,NEAR_SHELL,4939,P22087,141,MATCH
484,A,165,,TYR,DIRECT,4939,P22087,165,MATCH
484,A,165,,TYR,NEAR_SHELL,4939,P22087,165,MATCH
484,A,167,,GLY,DIRECT,4939,P22087,167,MATCH
484,A,167,,GLY,NEAR_SHELL,4939,P22087,167,MATCH
484,A,168,,ALA,NEAR_SHELL,4939,P22087,168,MATCH
484,A,169,,ALA,DIRECT,4939,P22087,169,MATCH
484,A,169,,ALA,NEAR_SHELL,4939,P22087,169,MATCH
484,A,172,,THR,DIRECT,4939,P22087,172,MATCH
484,A,172,,THR,NEAR_SHELL,4939,P22087,172,MATCH
484,A,173,,THR,DIRECT,4939,P22087,173,MATCH
484,A,173,,THR,NEAR_SHELL,4939,P22087,173,MATCH
484,A,190,,VAL,NEAR_SHELL,4939,P22087,190,MATCH
484,A,191,,GLU,DIRECT,4939,P22087,191,MATCH
484,A,191,,GLU,NEAR_SHELL,4939,P22087,191,MATCH
484,A,192,,PHE,DIRECT,4939,P22087,192,MATCH
484,A,192,,PHE,NEAR_SHELL,4939,P22087,192,MATCH
484,A,215,,GLU,DIRECT,4939,P22087,215,MATCH
484,A,215,,GLU,NEAR_SHELL,4939,P22087,215,MATCH
484,A,216,,ASP,DIRECT,4939,P22087,216,MATCH
484,A,216,,ASP,NEAR_SHELL,4939,P22087,216,MATCH
484,A,217,,ALA,DIRECT,4939,P22087,217,MATCH
484,A,217,,ALA,NEAR_SHELL,4939,P22087,217,MATCH
484,A,218,,ARG,DIRECT,4939,P22087,218,MATCH
484,A,218,,ARG,NEAR_SHELL,4939,P22087,218,MATCH
484,A,236,,ASP,DIRECT,4939,P22087,236,MATCH
484,A,236,,ASP,NEAR_SHELL,4939,P22087,236,MATCH
484,A,237,,VAL,DIRECT,4939,P22087,237,MATCH
484,A,237,,VAL,NEAR_SHELL,4939,P22087,237,MATCH
484,A,239,,GLN,DIRECT,4939,P22087,239,MATCH
484,A,239,,GLN,NEAR_SHELL,4939,P22087,239,MATCH
484,A,245,,ILE,NEAR_SHELL,4939,P22087,245,MATCH
485,A,166,,LEU,DIRECT,4939,,,
485,A,166,,LEU,NEAR_SHELL,4939,,,
485,A,167,,GLY,DIRECT,4939,,,
485,A,167,,GLY,NEAR_SHELL,4939,,,
485,A,169,,ALA,NEAR_SHELL,4939,,,
485,A,190,,VAL,NEAR_SHELL,4939,,,
485,A,191,,GLU,DIRECT,4939,,,
485,A,191,,GLU,NEAR_SHELL,4939,,,
485,A,192,,PHE,DIRECT,4939,,,
485,A,192,,PHE,NEAR_SHELL,4939,,,
485,A,215,,GLU,NEAR_SHELL,4939,,,
485,A,217,,ALA,DIRECT,4939,,,
485,A,217,,ALA,NEAR_SHELL,4939,,,
485,A,218,,ARG,NEAR_SHELL,4939,,,
485,A,235,,ALA,NEAR_SHELL,4939,,,
485,A,236,,ASP,DIRECT,4939,,,
485,A,236,,ASP,NEAR_SHELL,4939,,,
485,A,237,,VAL,NEAR_SHELL,4939,,,
485,A,242,,GLN,DIRECT,4939,,,
485,A,242,,GLN,NEAR_SHELL,4939,,,
485,A,245,,ILE,DIRECT,4939,,,
485,A,245,,ILE,NEAR_SHELL,4939,,,
485,A,246,,VAL,DIRECT,4939,,,
485,A,246,,VAL,NEAR_SHELL,4939,,,
486,A,192,,PHE,DIRECT,4939,,,
486,A,192,,PHE,NEAR_SHELL,4939,,,
486,A,215,,GLU,NEAR_SHELL,4939,,,
486,A,216,,ASP,DIRECT,4939,,,
486,A,216,,ASP,NEAR_SHELL,4939,,,
486,A,217,,ALA,NEAR_SHELL,4939,,,
486,A,218,,ARG,DIRECT,4939,,,
486,A,218,,ARG,NEAR_SHELL,4939,,,
486,A,241,,ASP,NEAR_SHELL,4939,,,
486,A,242,,GLN,NEAR_SHELL,4939,,,
486,A,245,,ILE,NEAR_SHELL,4939,,,
487,A,141,,ARG,DIRECT,4939,,,
487,A,141,,ARG,NEAR_SHELL,4939,,,
487,A,165,,TYR,DIRECT,4939,,,
487,A,165,,TYR,NEAR_SHELL,4939,,,
487,A,167,,GLY,NEAR_SHELL,4939,,,
487,A,168,,ALA,NEAR_SHELL,4939,,,
487,A,169,,ALA,NEAR_SHELL,4939,,,
487,A,170,,SER,NEAR_SHELL,4939,,,
487,A,172,,THR,DIRECT,4939,,,
487,A,172,,THR,NEAR_SHELL,4939,,,
487,A,173,,THR,DIRECT,4939,,,
487,A,173,,THR,NEAR_SHELL,4939,,,
487,A,236,,ASP,NEAR_SHELL,4939,,,
488,A,194,,HIS,DIRECT,4939,,,
488,A,194,,HIS,NEAR_SHELL,4939,,,
489,A,119,,GLY,DIRECT,4939,,,
489,A,119,,GLY,NEAR_SHELL,4939,,,
489,A,120,,GLU,NEAR_SHELL,4939,,,
489,A,121,,LYS,NEAR_SHELL,4939,,,
490,A,118,,TYR,DIRECT,4939,,,
490,A,118,,TYR,NEAR_SHELL,4939,,,
490,A,119,,GLY,DIRECT,4939,,,
490,A,119,,GLY,NEAR_SHELL,4939,,,
490,A,120,,GLU,NEAR_SHELL,4939,,,
490,A,121,,LYS,NEAR_SHELL,4939,,,
490,A,136,,ALA,NEAR_SHELL,4939,,,
490,A,138,,ASN,DIRECT,4939,,,
490,A,138,,ASN,NEAR_SHELL,4939,,,
490,A,141,,ARG,DIRECT,4939,,,
490,A,141,,ARG,NEAR_SHELL,4939,,,
491,A,166,,LEU,DIRECT,4939,,,
491,A,166,,LEU,NEAR_SHELL,4939,,,
491,A,167,,GLY,DIRECT,4939,,,
491,A,167,,GLY,NEAR_SHELL,4939,,,
491,A,169,,ALA,NEAR_SHELL,4939,,,
491,A,190,,VAL,NEAR_SHELL,4939,,,
491,A,191,,GLU,DIRECT,4939,,,
491,A,191,,GLU,NEAR_SHELL,4939,,,
491,A,192,,PHE,DIRECT,4939,,,
491,A,192,,PHE,NEAR_SHELL,4939,,,
491,A,215,,GLU,NEAR_SHELL,4939,,,
491,A,217,,ALA,DIRECT,4939,,,
491,A,217,,ALA,NEAR_SHELL,4939,,,
491,A,218,,ARG,NEAR_SHELL,4939,,,
491,A,235,,ALA,NEAR_SHELL,4939,,,
491,A,236,,ASP,DIRECT,4939,,,
491,A,236,,ASP,NEAR_SHELL,4939,,,
491,A,237,,VAL,DIRECT,4939,,,
491,A,237,,VAL,NEAR_SHELL,4939,,,
491,A,242,,GLN,DIRECT,4939,,,
491,A,242,,GLN,NEAR_SHELL,4939,,,
491,A,245,,ILE,DIRECT,4939,,,
491,A,245,,ILE,NEAR_SHELL,4939,,,
491,A,246,,VAL,DIRECT,4939,,,
491,A,246,,VAL,NEAR_SHELL,4939,,,
492,A,192,,PHE,DIRECT,4939,,,
492,A,192,,PHE,NEAR_SHELL,4939,,,
492,A,215,,GLU,NEAR_SHELL,4939,,,
492,A,216,,ASP,DIRECT,4939,,,
492,A,216,,ASP,NEAR_SHELL,4939,,,
492,A,217,,ALA,NEAR_SHELL,4939,,,
492,A,218,,ARG,DIRECT,4939,,,
492,A,218,,ARG,NEAR_SHELL,4939,,,
492,A,242,,GLN,NEAR_SHELL,4939,,,
492,A,245,,ILE,NEAR_SHELL,4939,,,
493,A,141,,ARG,DIRECT,4939,,,
493,A,141,,ARG,NEAR_SHELL,4939,,,
493,A,165,,TYR,DIRECT,4939,,,
493,A,165,,TYR,NEAR_SHELL,4939,,,
493,A,167,,GLY,NEAR_SHELL,4939,,,
493,A,168,,ALA,NEAR_SHELL,4939,,,
493,A,169,,ALA,NEAR_SHELL,4939,,,
493,A,172,,THR,DIRECT,4939,,,
493,A,172,,THR,NEAR_SHELL,4939,,,
493,A,173,,THR,DIRECT,4939,,,
493,A,173,,THR,NEAR_SHELL,4939,,,
493,A,236,,ASP,NEAR_SHELL,4939,,,
494,A,192,,PHE,DIRECT,4939,,,
494,A,192,,PHE,NEAR_SHELL,4939,,,
495,A,119,,GLY,DIRECT,4939,,,
495,A,119,,GLY,NEAR_SHELL,4939,,,
495,A,120,,GLU,NEAR_SHELL,4939,,,
495,A,121,,LYS,NEAR_SHELL,4939,,,
496,A,118,,TYR,DIRECT,4939,,,
496,A,118,,TYR,NEAR_SHELL,4939,,,
496,A,119,,GLY,DIRECT,4939,,,
496,A,119,,GLY,NEAR_SHELL,4939,,,
496,A,120,,GLU,DIRECT,4939,,,
496,A,120,,GLU,NEAR_SHELL,4939,,,
496,A,121,,LYS,NEAR_SHELL,4939,,,
496,A,136,,ALA,NEAR_SHELL,4939,,,
496,A,138,,ASN,DIRECT,4939,,,
496,A,138,,ASN,NEAR_SHELL,4939,,,
496,A,141,,ARG,DIRECT,4939,,,
496,A,141,,ARG,NEAR_SHELL,4939,,,
497,A,141,,ARG,DIRECT,4939,,,
497,A,141,,ARG,NEAR_SHELL,4939,,,
497,A,165,,TYR,NEAR_SHELL,4939,,,
497,A,167,,GLY,NEAR_SHELL,4939,,,
497,A,168,,ALA,NEAR_SHELL,4939,,,
497,A,169,,ALA,NEAR_SHELL,4939,,,
497,A,172,,THR,DIRECT,4939,,,
497,A,172,,THR,NEAR_SHELL,4939,,,
497,A,173,,THR,DIRECT,4939,,,
497,A,173,,THR,NEAR_SHELL,4939,,,
497,A,236,,ASP,NEAR_SHELL,4939,,,
498,A,194,,HIS,DIRECT,4939,,,
498,A,194,,HIS,NEAR_SHELL,4939,,,
499,A,214,,ILE,DIRECT,4939,,,
499,A,214,,ILE,NEAR_SHELL,4939,,,
500,A,269,,ILE,NEAR_SHELL,4939,,,
500,A,270,,ASP,DIRECT,4939,,,
500,A,270,,ASP,NEAR_SHELL,4939,,,
500,A,273,,ALA,DIRECT,4939,,,
500,A,273,,ALA,NEAR_SHELL,4939,,,
500,A,277,,ALA,DIRECT,4939,,,
500,A,277,,ALA,NEAR_SHELL,4939,,,
500,A,278,,VAL,NEAR_SHELL,4939,,,
500,A,281,,SER,DIRECT,4939,,,
500,A,281,,SER,NEAR_SHELL,4939,,,
501,A,167,,GLY,DIRECT,4939,,,
501,A,167,,GLY,NEAR_SHELL,4939,,,
501,A,169,,ALA,NEAR_SHELL,4939,,,
501,A,191,,GLU,DIRECT,4939,,,
501,A,191,,GLU,NEAR_SHELL,4939,,,
501,A,236,,ASP,DIRECT,4939,,,
501,A,236,,ASP,NEAR_SHELL,4939,,,
501,A,237,,VAL,NEAR_SHELL,4939,,,
502,A,167,,GLY,DIRECT,4939,,,
502,A,167,,GLY,NEAR_SHELL,4939,,,
502,A,190,,VAL,NEAR_SHELL,4939,,,
502,A,191,,GLU,DIRECT,4939,,,
502,A,191,,GLU,NEAR_SHELL,4939,,,
502,A,192,,PHE,DIRECT,4939,,,
502,A,192,,PHE,NEAR_SHELL,4939,,,
502,A,215,,GLU,DIRECT,4939,,,
502,A,215,,GLU,NEAR_SHELL,4939,,,
502,A,216,,ASP,DIRECT,4939,,,
502,A,216,,ASP,NEAR_SHELL,4939,,,
502,A,217,,ALA,DIRECT,4939,,,
502,A,217,,ALA,NEAR_SHELL,4939,,,
502,A,218,,ARG,DIRECT,4939,,,
502,A,218,,ARG,NEAR_SHELL,4939,,,
502,A,236,,ASP,NEAR_SHELL,4939,,,
502,A,237,,VAL,NEAR_SHELL,4939,,,
502,A,239,,GLN,DIRECT,4939,,,
502,A,239,,GLN,NEAR_SHELL,4939,,,
502,A,245,,ILE,NEAR_SHELL,4939,,,
503,A,167,,GLY,DIRECT,4939,,,
503,A,167,,GLY,NEAR_SHELL,4939,,,
503,A,190,,VAL,NEAR_SHELL,4939,,,
503,A,191,,GLU,DIRECT,4939,,,
503,A,191,,GLU,NEAR_SHELL,4939,,,
503,A,192,,PHE,DIRECT,4939,,,
503,A,192,,PHE,NEAR_SHELL,4939,,,
503,A,215,,GLU,DIRECT,4939,,,
503,A,215,,GLU,NEAR_SHELL,4939,,,
503,A,216,,ASP,DIRECT,4939,,,
503,A,216,,ASP,NEAR_SHELL,4939,,,
503,A,217,,ALA,DIRECT,4939,,,
503,A,217,,ALA,NEAR_SHELL,4939,,,
503,A,218,,ARG,DIRECT,4939,,,
503,A,218,,ARG,NEAR_SHELL,4939,,,
503,A,236,,ASP,NEAR_SHELL,4939,,,
503,A,237,,VAL,DIRECT,4939,,,
503,A,237,,VAL,NEAR_SHELL,4939,,,
503,A,239,,GLN,DIRECT,4939,,,
503,A,239,,GLN,NEAR_SHELL,4939,,,
503,A,245,,ILE,DIRECT,4939,,,
503,A,245,,ILE,NEAR_SHELL,4939,,,
504,A,141,,ARG,DIRECT,4939,,,
504,A,141,,ARG,NEAR_SHELL,4939,,,
504,A,165,,TYR,NEAR_SHELL,4939,,,
504,A,167,,GLY,NEAR_SHELL,4939,,,
504,A,168,,ALA,NEAR_SHELL,4939,,,
504,A,169,,ALA,NEAR_SHELL,4939,,,
504,A,170,,SER,NEAR_SHELL,4939,,,
504,A,172,,THR,DIRECT,4939,,,
504,A,172,,THR,NEAR_SHELL,4939,,,
504,A,173,,THR,DIRECT,4939,,,
504,A,173,,THR,NEAR_SHELL,4939,,,
504,A,236,,ASP,NEAR_SHELL,4939,,,
505,A,214,,ILE,DIRECT,4939,,,
505,A,214,,ILE,NEAR_SHELL,4939,,,
506,A,167,,GLY,DIRECT,4939,,,
506,A,167,,GLY,NEAR_SHELL,4939,,,
506,A,168,,ALA,NEAR_SHELL,4939,,,
506,A,169,,ALA,DIRECT,4939,,,
506,A,169,,ALA,NEAR_SHELL,4939,,,
506,A,191,,GLU,DIRECT,4939,,,
506,A,191,,GLU,NEAR_SHELL,4939,,,
506,A,236,,ASP,DIRECT,4939,,,
506,A,236,,ASP,NEAR_SHELL,4939,,,
506,A,237,,VAL,NEAR_SHELL,4939,,,
507,A,141,,ARG,DIRECT,4939,,,
507,A,141,,ARG,NEAR_SHELL,4939,,,
507,A,143,,LYS,NEAR_SHELL,4939,,,
507,A,165,,TYR,DIRECT,4939,,,
507,A,165,,TYR,NEAR_SHELL,4939,,,
507,A,167,,GLY,NEAR_SHELL,4939,,,
507,A,168,,ALA,NEAR_SHELL,4939,,,
507,A,169,,ALA,NEAR_SHELL,4939,,,
507,A,170,,SER,NEAR_SHELL,4939,,,
507,A,172,,THR,DIRECT,4939,,,
507,A,172,,THR,NEAR_SHELL,4939,,,
507,A,173,,THR,DIRECT,4939,,,
507,A,173,,THR,NEAR_SHELL,4939,,,
508,A,166,,LEU,DIRECT,4939,,,
508,A,166,,LEU,NEAR_SHELL,4939,,,
508,A,167,,GLY,DIRECT,4939,,,
508,A,167,,GLY,NEAR_SHELL,4939,,,
508,A,190,,VAL,DIRECT,4939,,,
508,A,190,,VAL,NEAR_SHELL,4939,,,
508,A,191,,GLU,DIRECT,4939,,,
508,A,191,,GLU,NEAR_SHELL,4939,,,
508,A,192,,PHE,DIRECT,4939,,,
508,A,192,,PHE,NEAR_SHELL,4939,,,
508,A,215,,GLU,NEAR_SHELL,4939,,,
508,A,217,,ALA,NEAR_SHELL,4939,,,
508,A,235,,ALA,NEAR_SHELL,4939,,,
508,A,236,,ASP,DIRECT,4939,,,
508,A,236,,ASP,NEAR_SHELL,4939,,,
508,A,242,,GLN,DIRECT,4939,,,
508,A,242,,GLN,NEAR_SHELL,4939,,,
508,A,245,,ILE,DIRECT,4939,,,
508,A,245,,ILE,NEAR_SHELL,4939,,,
508,A,246,,VAL,NEAR_SHELL,4939,,,
509,A,118,,TYR,DIRECT,4939,,,
509,A,118,,TYR,NEAR_SHELL,4939,,,
509,A,119,,GLY,DIRECT,4939,,,
509,A,119,,GLY,NEAR_SHELL,4939,,,
509,A,120,,GLU,DIRECT,4939,,,
509,A,120,,GLU,NEAR_SHELL,4939,,,
509,A,121,,LYS,NEAR_SHELL,4939,,,
509,A,136,,ALA,NEAR_SHELL,4939,,,
509,A,138,,ASN,DIRECT,4939,,,
509,A,138,,ASN,NEAR_SHELL,4939,,,
509,A,141,,ARG,DIRECT,4939,,,
509,A,141,,ARG,NEAR_SHELL,4939,,,
510,A,269,,ILE,NEAR_SHELL,4939,,,
510,A,270,,ASP,NEAR_SHELL,4939,,,
510,A,273,,ALA,NEAR_SHELL,4939,,,
510,A,277,,ALA,DIRECT,4939,,,
510,A,277,,ALA,NEAR_SHELL,4939,,,
510,A,278,,VAL,NEAR_SHELL,4939,,,
510,A,281,,SER,DIRECT,4939,,,
510,A,281,,SER,NEAR_SHELL,4939,,,
511,A,192,,PHE,DIRECT,4939,,,
511,A,192,,PHE,NEAR_SHELL,4939,,,
511,A,215,,GLU,NEAR_SHELL,4939,,,
511,A,216,,ASP,DIRECT,4939,,,
511,A,216,,ASP,NEAR_SHELL,4939,,,
511,A,217,,ALA,NEAR_SHELL,4939,,,
511,A,218,,ARG,NEAR_SHELL,4939,,,
511,A,241,,ASP,NEAR_SHELL,4939,,,
511,A,242,,GLN,NEAR_SHELL,4939,,,
511,A,245,,ILE,DIRECT,4939,,,
511,A,245,,ILE,NEAR_SHELL,4939,,,
512,A,167,,GLY,DIRECT,4939,,,
512,A,167,,GLY,NEAR_SHELL,4939,,,
512,A,169,,ALA,NEAR_SHELL,4939,,,
512,A,190,,VAL,DIRECT,4939,,,
512,A,190,,VAL,NEAR_SHELL,4939,,,
512,A,191,,GLU,DIRECT,4939,,,
512,A,191,,GLU,NEAR_SHELL,4939,,,
512,A,192,,PHE,DIRECT,4939,,,
512,A,192,,PHE,NEAR_SHELL,4939,,,
512,A,215,,GLU,DIRECT,4939,,,
512,A,215,,GLU,NEAR_SHELL,4939,,,
512,A,216,,ASP,DIRECT,4939,,,
512,A,216,,ASP,NEAR_SHELL,4939,,,
512,A,217,,ALA,DIRECT,4939,,,
512,A,217,,ALA,NEAR_SHELL,4939,,,
512,A,218,,ARG,DIRECT,4939,,,
512,A,218,,ARG,NEAR_SHELL,4939,,,
512,A,236,,ASP,DIRECT,4939,,,
512,A,236,,ASP,NEAR_SHELL,4939,,,
512,A,237,,VAL,DIRECT,4939,,,
512,A,237,,VAL,NEAR_SHELL,4939,,,
512,A,239,,GLN,DIRECT,4939,,,
512,A,239,,GLN,NEAR_SHELL,4939,,,
512,A,245,,ILE,DIRECT,4939,,,
512,A,245,,ILE,NEAR_SHELL,4939,,,
513,A,141,,ARG,DIRECT,4939,,,
513,A,141,,ARG,NEAR_SHELL,4939,,,
513,A,143,,LYS,NEAR_SHELL,4939,,,
513,A,165,,TYR,NEAR_SHELL,4939,,,
513,A,167,,GLY,NEAR_SHELL,4939,,,
513,A,168,,ALA,NEAR_SHELL,4939,,,
513,A,169,,ALA,NEAR_SHELL,4939,,,
513,A,170,,SER,NEAR_SHELL,4939,,,
513,A,172,,THR,DIRECT,4939,,,
513,A,172,,THR,NEAR_SHELL,4939,,,
513,A,173,,THR,DIRECT,4939,,,
513,A,173,,THR,NEAR_SHELL,4939,,,
513,A,236,,ASP,NEAR_SHELL,4939,,,
514,A,1485,,CYS,NEAR_SHELL,5135,,,
514,A,1498,,TRP,NEAR_SHELL,5135,,,
514,A,1502,,HIS,DIRECT,5135,,,
514,A,1502,,HIS,NEAR_SHELL,5135,,,
514,A,1506,,ARG,NEAR_SHELL,5135,,,
514,A,1507,,HIS,DIRECT,5135,,,
514,A,1507,,HIS,NEAR_SHELL,5135,,,
514,A,1510,,TRP,DIRECT,5135,,,
514,A,1510,,TRP,NEAR_SHELL,5135,,,
514,A,1533,,MET,DIRECT,5135,,,
514,A,1533,,MET,NEAR_SHELL,5135,,,
514,A,1534,,GLY,NEAR_SHELL,5135,,,
514,A,1535,,LYS,NEAR_SHELL,5135,,,
514,C,5,,DC,DIRECT,5135,,,
514,C,5,,DC,NEAR_SHELL,5135,,,
514,C,7,,DG,DIRECT,5135,,,
514,C,7,,DG,NEAR_SHELL,5135,,,
514,D,19,,DG,DIRECT,5135,,,
514,D,19,,DG,NEAR_SHELL,5135,,,
514,D,20,,DG,NEAR_SHELL,5135,,,
515,A,1230,,SER,NEAR_SHELL,5135,,,
515,A,1268,,VAL,DIRECT,5135,,,
515,A,1268,,VAL,NEAR_SHELL,5135,,,
515,A,1269,,ARG,NEAR_SHELL,5135,,,
515,A,1270,,ASN,NEAR_SHELL,5135,,,
515,A,1274,,PHE,NEAR_SHELL,5135,,,
515,A,1311,,ARG,NEAR_SHELL,5135,,,
515,A,1535,,LYS,NEAR_SHELL,5135,,,
515,C,7,,DG,DIRECT,5135,,,
515,C,7,,DG,NEAR_SHELL,5135,,,
515,D,17,,DG,DIRECT,5135,,,
515,D,17,,DG,NEAR_SHELL,5135,,,
515,D,19,,DG,DIRECT,5135,,,
515,D,19,,DG,NEAR_SHELL,5135,,,
516,A,807,,ALA,DIRECT,5135,,,
516,A,807,,ALA,NEAR_SHELL,5135,,,
516,A,808,,THR,DIRECT,5135,,,
516,A,808,,THR,NEAR_SHELL,5135,,,
516,A,809,,SER,DIRECT,5135,,,
516,A,809,,SER,NEAR_SHELL,5135,,,
516,A,810,,ASP,NEAR_SHELL,5135,,,
516,A,811,,PRO,NEAR_SHELL,5135,,,
516,A,855,,LEU,NEAR_SHELL,5135,,,
516,A,856,,GLU,DIRECT,5135,,,
516,A,856,,GLU,NEAR_SHELL,5135,,,
516,A,858,,ASP,DIRECT,5135,,,
516,A,858,,ASP,NEAR_SHELL,5135,,,
516,A,1240,,TYR,DIRECT,5135,,,
516,A,1240,,TYR,NEAR_SHELL,5135,,,
516,A,1278,,MET,DIRECT,5135,,,
516,A,1278,,MET,NEAR_SHELL,5135,,,
516,A,1282,,LEU,NEAR_SHELL,5135,,,
516,A,1285,,ARG,DIRECT,5135,,,
516,A,1285,,ARG,NEAR_SHELL,5135,,,
517,A,775,,TYR,DIRECT,5135,,,
517,A,775,,TYR,NEAR_SHELL,5135,,,
517,A,796,,TRP,DIRECT,5135,,,
517,A,796,,TRP,NEAR_SHELL,5135,,,
517,A,797,,PHE,DIRECT,5135,,,
517,A,797,,PHE,NEAR_SHELL,5135,,,
517,A,798,,CYS,DIRECT,5135,,,
517,A,798,,CYS,NEAR_SHELL,5135,,,
517,A,799,,ALA,NEAR_SHELL,5135,,,
517,A,802,,ASP,DIRECT,5135,,,
517,A,802,,ASP,NEAR_SHELL,5135,,,
517,A,803,,THR,NEAR_SHELL,5135,,,
517,A,817,,VAL,DIRECT,5135,,,
517,A,817,,VAL,NEAR_SHELL,5135,,,
517,A,819,,GLU,NEAR_SHELL,5135,,,
517,A,821,,GLU,DIRECT,5135,,,
517,A,821,,GLU,NEAR_SHELL,5135,,,
517,A,869,,TYR,NEAR_SHELL,5135,,,
517,A,871,,GLN,DIRECT,5135,,,
517,A,871,,GLN,NEAR_SHELL,5135,,,
517,A,1348,,LYS,NEAR_SHELL,5135,,,
518,A,1226,,CYS,NEAR_SHELL,5135,,,
518,A,1227,,GLN,DIRECT,5135,,,
518,A,1227,,GLN,NEAR_SHELL,5135,,,
518,A,1228,,GLY,DIRECT,5135,,,
518,A,1228,,GLY,NEAR_SHELL,5135,,,
518,A,1230,,SER,DIRECT,5135,,,
518,A,1230,,SER,NEAR_SHELL,5135,,,
518,A,1231,,GLY,NEAR_SHELL,5135,,,
518,A,1507,,HIS,DIRECT,5135,,,
518,A,1507,,HIS,NEAR_SHELL,5135,,,
518,A,1510,,TRP,DIRECT,5135,,,
518,A,1510,,TRP,NEAR_SHELL,5135,,,
518,A,1535,,LYS,DIRECT,5135,,,
518,A,1535,,LYS,NEAR_SHELL,5135,,,
518,C,7,,DG,DIRECT,5135,,,
518,C,7,,DG,NEAR_SHELL,5135,,,
518,C,8,,DC,NEAR_SHELL,5135,,,
518,D,17,,DG,NEAR_SHELL,5135,,,
518,D,19,,DG,DIRECT,5135,,,
518,D,19,,DG,NEAR_SHELL,5135,,,
518,D,20,,DG,DIRECT,5135,,,
518,D,20,,DG,NEAR_SHELL,5135,,,
519,A,149,,TYR,DIRECT,11774,,,
519,A,149,,TYR,NEAR_SHELL,11774,,,
519,A,150,,PHE,NEAR_SHELL,11774,,,
519,A,153,,TYR,DIRECT,11774,,,
519,A,153,,TYR,NEAR_SHELL,11774,,,
519,A,158,,GLN,NEAR_SHELL,11774,,,
519,A,159,,GLN,NEAR_SHELL,11774,,,
519,A,162,,MET,DIRECT,11774,,,
519,A,162,,MET,NEAR_SHELL,11774,,,
519,A,165,,ASP,NEAR_SHELL,11774,,,
519,A,168,,ARG,DIRECT,11774,,,
519,A,168,,ARG,NEAR_SHELL,11774,,,
519,A,191,,VAL,NEAR_SHELL,11774,,,
519,A,192,,GLY,DIRECT,11774,,,
519,A,192,,GLY,NEAR_SHELL,11774,,,
519,A,193,,CYS,NEAR_SHELL,11774,,,
519,A,194,,GLY,DIRECT,11774,,,
519,A,194,,GLY,NEAR_SHELL,11774,,,
519,A,213,,VAL,NEAR_SHELL,11774,,,
519,A,214,,GLU,DIRECT,11774,,,
519,A,214,,GLU,NEAR_SHELL,11774,,,
519,A,215,,ALA,DIRECT,11774,,,
519,A,215,,ALA,NEAR_SHELL,11774,,,
519,A,216,,SER,NEAR_SHELL,11774,,,
519,A,240,,GLY,DIRECT,11774,,,
519,A,240,,GLY,NEAR_SHELL,11774,,,
519,A,241,,LYS,DIRECT,11774,,,
519,A,241,,LYS,NEAR_SHELL,11774,,,
519,A,242,,VAL,DIRECT,11774,,,
519,A,242,,VAL,NEAR_SHELL,11774,,,
519,A,243,,GLU,DIRECT,11774,,,
519,A,243,,GLU,NEAR_SHELL,11774,,,
519,A,257,,GLU,DIRECT,11774,,,
519,A,257,,GLU,NEAR_SHELL,11774,,,
519,A,258,,PRO,DIRECT,11774,,,
519,A,258,,PRO,NEAR_SHELL,11774,,,
519,A,259,,MET,DIRECT,11774,,,
519,A,259,,MET,NEAR_SHELL,11774,,,
519,A,260,,GLY,NEAR_SHELL,11774,,,
519,A,261,,TYR,DIRECT,11774,,,
519,A,261,,TYR,NEAR_SHELL,11774,,,
519,A,266,,GLU,DIRECT,11774,,,
519,A,266,,GLU,NEAR_SHELL,11774,,,
519,A,268,,MET,DIRECT,11774,,,
519,A,268,,MET,NEAR_SHELL,11774,,,
519,A,271,,SER,DIRECT,11774,,,
519,A,271,,SER,NEAR_SHELL,11774,,,
519,A,414,,HIS,DIRECT,11774,,,
519,A,414,,HIS,NEAR_SHELL,11774,,,
519,A,415,,TRP,DIRECT,11774,,,
519,A,415,,TRP,NEAR_SHELL,11774,,,
520,B,153,,TYR,DIRECT,11774,,,
520,B,153,,TYR,NEAR_SHELL,11774,,,
520,B,158,,GLN,NEAR_SHELL,11774,,,
520,B,159,,GLN,NEAR_SHELL,11774,,,
520,B,162,,MET,DIRECT,11774,,,
520,B,162,,MET,NEAR_SHELL,11774,,,
520,B,165,,ASP,NEAR_SHELL,11774,,,
520,B,168,,ARG,DIRECT,11774,,,
520,B,168,,ARG,NEAR_SHELL,11774,,,
520,B,191,,VAL,NEAR_SHELL,11774,,,
520,B,192,,GLY,DIRECT,11774,,,
520,B,192,,GLY,NEAR_SHELL,11774,,,
520,B,193,,CYS,NEAR_SHELL,11774,,,
520,B,194,,GLY,DIRECT,11774,,,
520,B,194,,GLY,NEAR_SHELL,11774,,,
520,B,213,,VAL,NEAR_SHELL,11774,,,
520,B,214,,GLU,DIRECT,11774,,,
520,B,214,,GLU,NEAR_SHELL,11774,,,
520,B,215,,ALA,DIRECT,11774,,,
520,B,215,,ALA,NEAR_SHELL,11774,,,
520,B,240,,GLY,DIRECT,11774,,,
520,B,240,,GLY,NEAR_SHELL,11774,,,
520,B,241,,LYS,DIRECT,11774,,,
520,B,241,,LYS,NEAR_SHELL,11774,,,
520,B,242,,VAL,DIRECT,11774,,,
520,B,242,,VAL,NEAR_SHELL,11774,,,
520,B,243,,GLU,DIRECT,11774,,,
520,B,243,,GLU,NEAR_SHELL,11774,,,
520,B,257,,GLU,DIRECT,11774,,,
520,B,257,,GLU,NEAR_SHELL,11774,,,
520,B,258,,PRO,DIRECT,11774,,,
520,B,258,,PRO,NEAR_SHELL,11774,,,
520,B,259,,MET,DIRECT,11774,,,
520,B,259,,MET,NEAR_SHELL,11774,,,
520,B,260,,GLY,NEAR_SHELL,11774,,,
520,B,261,,TYR,DIRECT,11774,,,
520,B,261,,TYR,NEAR_SHELL,11774,,,
520,B,266,,GLU,DIRECT,11774,,,
520,B,266,,GLU,NEAR_SHELL,11774,,,
520,B,268,,MET,DIRECT,11774,,,
520,B,268,,MET,NEAR_SHELL,11774,,,
520,B,271,,SER,DIRECT,11774,,,
520,B,271,,SER,NEAR_SHELL,11774,,,
520,B,414,,HIS,DIRECT,11774,,,
520,B,414,,HIS,NEAR_SHELL,11774,,,
520,B,415,,TRP,DIRECT,11774,,,
520,B,415,,TRP,NEAR_SHELL,11774,,,
520,B,446,,GLN,NEAR_SHELL,11774,,,
521,A,252,,THR,DIRECT,6775,,,
521,A,252,,THR,DIRECT,11571,,,
521,A,252,,THR,NEAR_SHELL,6775,,,
521,A,252,,THR,NEAR_SHELL,11571,,,
521,A,253,,ARG,NEAR_SHELL,6775,,,
521,A,253,,ARG,NEAR_SHELL,11571,,,
521,A,255,,ASN,DIRECT,6775,,,
521,A,255,,ASN,DIRECT,11571,,,
521,A,255,,ASN,NEAR_SHELL,6775,,,
521,A,255,,ASN,NEAR_SHELL,11571,,,
521,A,273,,TRP,DIRECT,6775,,,
521,A,273,,TRP,DIRECT,11571,,,
521,A,273,,TRP,NEAR_SHELL,6775,,,
521,A,273,,TRP,NEAR_SHELL,11571,,,
521,A,274,,ASP,DIRECT,6775,,,
521,A,274,,ASP,DIRECT,11571,,,
521,A,274,,ASP,NEAR_SHELL,6775,,,
521,A,274,,ASP,NEAR_SHELL,11571,,,
521,A,276,,CYS,DIRECT,6775,,,
521,A,276,,CYS,DIRECT,11571,,,
521,A,276,,CYS,NEAR_SHELL,6775,,,
521,A,276,,CYS,NEAR_SHELL,11571,,,
521,A,310,,ILE,DIRECT,6775,,,
521,A,310,,ILE,DIRECT,11571,,,
521,A,310,,ILE,NEAR_SHELL,6775,,,
521,A,310,,ILE,NEAR_SHELL,11571,,,
521,A,312,,TYR,DIRECT,6775,,,
521,A,312,,TYR,DIRECT,11571,,,
521,A,312,,TYR,NEAR_SHELL,6775,,,
521,A,312,,TYR,NEAR_SHELL,11571,,,
521,P,72,,GLU,DIRECT,6775,,,
521,P,72,,GLU,DIRECT,11571,,,
521,P,72,,GLU,NEAR_SHELL,6775,,,
521,P,72,,GLU,NEAR_SHELL,11571,,,
521,P,74,,GLY,DIRECT,6775,,,
521,P,74,,GLY,DIRECT,11571,,,
521,P,74,,GLY,NEAR_SHELL,6775,,,
521,P,74,,GLY,NEAR_SHELL,11571,,,
522,A,74,,ARG,DIRECT,6775,,,
522,A,74,,ARG,DIRECT,11571,,,
522,A,74,,ARG,NEAR_SHELL,6775,,,
522,A,74,,ARG,NEAR_SHELL,11571,,,
522,A,102,,GLU,DIRECT,6775,,,
522,A,102,,GLU,DIRECT,11571,,,
522,A,102,,GLU,NEAR_SHELL,6775,,,
522,A,102,,GLU,NEAR_SHELL,11571,,,
522,A,103,,GLU,DIRECT,6775,,,
522,A,103,,GLU,DIRECT,11571,,,
522,A,103,,GLU,NEAR_SHELL,6775,,,
522,A,103,,GLU,NEAR_SHELL,11571,,,
522,A,104,,GLY,NEAR_SHELL,6775,,,
522,A,104,,GLY,NEAR_SHELL,11571,,,
522,A,179,,PRO,DIRECT,6775,,,
522,A,179,,PRO,DIRECT,11571,,,
522,A,179,,PRO,NEAR_SHELL,6775,,,
522,A,179,,PRO,NEAR_SHELL,11571,,,
522,A,182,,TYR,NEAR_SHELL,6775,,,
522,A,182,,TYR,NEAR_SHELL,11571,,,
522,A,183,,ASP,NEAR_SHELL,6775,,,
522,A,183,,ASP,NEAR_SHELL,11571,,,
522,A,252,,THR,NEAR_SHELL,6775,,,
522,A,252,,THR,NEAR_SHELL,11571,,,
522,A,253,,ARG,DIRECT,6775,,,
522,A,253,,ARG,DIRECT,11571,,,
522,A,253,,ARG,NEAR_SHELL,6775,,,
522,A,253,,ARG,NEAR_SHELL,11571,,,
522,A,274,,ASP,DIRECT,6775,,,
522,A,274,,ASP,DIRECT,11571,,,
522,A,274,,ASP,NEAR_SHELL,6775,,,
522,A,274,,ASP,NEAR_SHELL,11571,,,
522,A,276,,CYS,DIRECT,6775,,,
522,A,276,,CYS,DIRECT,11571,,,
522,A,276,,CYS,NEAR_SHELL,6775,,,
522,A,276,,CYS,NEAR_SHELL,11571,,,
522,A,309,,TYR,NEAR_SHELL,6775,,,
522,A,309,,TYR,NEAR_SHELL,11571,,,
522,A,312,,TYR,DIRECT,6775,,,
522,A,312,,TYR,DIRECT,11571,,,
522,A,312,,TYR,NEAR_SHELL,6775,,,
522,A,312,,TYR,NEAR_SHELL,11571,,,
522,A,325,,GLY,NEAR_SHELL,6775,,,
522,A,325,,GLY,NEAR_SHELL,11571,,,
522,A,326,,PHE,DIRECT,6775,,,
522,A,326,,PHE,DIRECT,11571,,,
522,A,326,,PHE,NEAR_SHELL,6775,,,
522,A,326,,PHE,NEAR_SHELL,11571,,,
522,A,327,,PHE,NEAR_SHELL,6775,,,
522,A,327,,PHE,NEAR_SHELL,11571,,,
523,A,6,,THR,DIRECT,5686,,,
523,A,6,,THR,NEAR_SHELL,5686,,,
523,A,7,,SER,DIRECT,5686,,,
523,A,7,,SER,NEAR_SHELL,5686,,,
523,A,8,,LYS,DIRECT,5686,,,
523,A,8,,LYS,NEAR_SHELL,5686,,,
523,A,11,,TYR,DIRECT,5686,,,
523,A,11,,TYR,NEAR_SHELL,5686,,,
523,A,13,,SER,DIRECT,5686,,,
523,A,13,,SER,NEAR_SHELL,5686,,,
523,A,62,,ILE,NEAR_SHELL,5686,,,
523,A,63,,GLY,DIRECT,5686,,,
523,A,63,,GLY,NEAR_SHELL,5686,,,
523,A,64,,SER,DIRECT,5686,,,
523,A,64,,SER,NEAR_SHELL,5686,,,
523,A,65,,GLY,DIRECT,5686,,,
523,A,65,,GLY,NEAR_SHELL,5686,,,
523,A,66,,PRO,NEAR_SHELL,5686,,,
523,A,67,,THR,NEAR_SHELL,5686,,,
523,A,85,,ASP,DIRECT,5686,,,
523,A,85,,ASP,NEAR_SHELL,5686,,,
523,A,86,,TYR,DIRECT,5686,,,
523,A,86,,TYR,NEAR_SHELL,5686,,,
523,A,90,,ASN,NEAR_SHELL,5686,,,
523,A,141,,CYS,DIRECT,5686,,,
523,A,141,,CYS,NEAR_SHELL,5686,,,
523,A,142,,ASP,DIRECT,5686,,,
523,A,142,,ASP,NEAR_SHELL,5686,,,
523,A,143,,VAL,DIRECT,5686,,,
523,A,143,,VAL,NEAR_SHELL,5686,,,
523,A,144,,THR,DIRECT,5686,,,
523,A,144,,THR,NEAR_SHELL,5686,,,
523,A,162,,SER,NEAR_SHELL,5686,,,
523,A,163,,THR,DIRECT,5686,,,
523,A,163,,THR,NEAR_SHELL,5686,,,
523,A,164,,LEU,DIRECT,5686,,,
523,A,164,,LEU,NEAR_SHELL,5686,,,
523,A,165,,CYS,DIRECT,5686,,,
523,A,165,,CYS,NEAR_SHELL,5686,,,
523,A,166,,LEU,NEAR_SHELL,5686,,,
523,A,168,,ALA,DIRECT,5686,,,
523,A,168,,ALA,NEAR_SHELL,5686,,,
523,A,169,,ALA,DIRECT,5686,,,
523,A,169,,ALA,NEAR_SHELL,5686,,,
523,A,171,,PRO,DIRECT,5686,,,
523,A,171,,PRO,NEAR_SHELL,5686,,,
523,A,175,,THR,DIRECT,5686,,,
523,A,175,,THR,NEAR_SHELL,5686,,,
523,A,176,,TYR,DIRECT,5686,,,
523,A,176,,TYR,NEAR_SHELL,5686,,,
523,A,179,,ALA,NEAR_SHELL,5686,,,
523,A,180,,LEU,DIRECT,5686,,,
523,A,180,,LEU,NEAR_SHELL,5686,,,
523,A,183,,LEU,DIRECT,5686,,,
523,A,183,,LEU,NEAR_SHELL,5686,,,
524,A,1044,,ARG,NEAR_SHELL,15523,Q96KQ7,1044,MATCH
524,A,1047,,LYS,NEAR_SHELL,15523,Q96KQ7,1047,MATCH
524,A,1048,,MET,DIRECT,15523,Q96KQ7,1048,MATCH
524,A,1048,,MET,NEAR_SHELL,15523,Q96KQ7,1048,MATCH
524,A,1049,,GLY,DIRECT,15523,Q96KQ7,1049,MATCH
524,A,1049,,GLY,NEAR_SHELL,15523,Q96KQ7,1049,MATCH
524,A,1050,,TRP,DIRECT,15523,Q96KQ7,1050,MATCH
524,A,1050,,TRP,NEAR_SHELL,15523,Q96KQ7,1050,MATCH
524,A,1067,,TYR,NEAR_SHELL,15523,Q96KQ7,1067,MATCH
524,A,1084,,SER,DIRECT,15523,Q96KQ7,1084,MATCH
524,A,1084,,SER,NEAR_SHELL,15523,Q96KQ7,1084,MATCH
524,A,1085,,TYR,DIRECT,15523,Q96KQ7,1085,MATCH
524,A,1085,,TYR,NEAR_SHELL,15523,Q96KQ7,1085,MATCH
524,A,1108,,SER,NEAR_SHELL,15523,Q96KQ7,1108,MATCH
524,A,1109,,ARG,DIRECT,15523,Q96KQ7,1109,MATCH
524,A,1109,,ARG,NEAR_SHELL,15523,Q96KQ7,1109,MATCH
524,A,1110,,PHE,DIRECT,15523,Q96KQ7,1110,MATCH
524,A,1110,,PHE,NEAR_SHELL,15523,Q96KQ7,1110,MATCH
524,A,1111,,ILE,DIRECT,15523,Q96KQ7,1111,MATCH
524,A,1111,,ILE,NEAR_SHELL,15523,Q96KQ7,1111,MATCH
524,A,1112,,ASN,DIRECT,15523,Q96KQ7,1112,MATCH
524,A,1112,,ASN,NEAR_SHELL,15523,Q96KQ7,1112,MATCH
524,A,1113,,HIS,DIRECT,15523,Q96KQ7,1113,MATCH
524,A,1113,,HIS,NEAR_SHELL,15523,Q96KQ7,1113,MATCH
524,A,1114,,LEU,NEAR_SHELL,15523,Q96KQ7,1114,MATCH
524,A,1154,,TYR,DIRECT,15523,Q96KQ7,1154,MATCH
524,A,1154,,TYR,NEAR_SHELL,15523,Q96KQ7,1154,MATCH
524,A,1158,,PHE,DIRECT,15523,Q96KQ7,1158,MATCH
524,A,1158,,PHE,NEAR_SHELL,15523,Q96KQ7,1158,MATCH
524,A,1159,,TRP,DIRECT,15523,Q96KQ7,1159,MATCH
524,A,1159,,TRP,NEAR_SHELL,15523,Q96KQ7,1159,MATCH
524,A,1162,,LYS,NEAR_SHELL,15523,Q96KQ7,1162,MATCH
524,A,1166,,PHE,DIRECT,15523,Q96KQ7,1166,MATCH
524,A,1166,,PHE,NEAR_SHELL,15523,Q96KQ7,1166,MATCH
524,A,1167,,THR,DIRECT,15523,Q96KQ7,1167,MATCH
524,A,1167,,THR,NEAR_SHELL,15523,Q96KQ7,1167,MATCH
524,A,1168,,CYS,DIRECT,15523,Q96KQ7,1168,MATCH
524,A,1168,,CYS,NEAR_SHELL,15523,Q96KQ7,1168,MATCH
524,A,1169,,GLN,DIRECT,15523,Q96KQ7,1169,MATCH
524,A,1169,,GLN,NEAR_SHELL,15523,Q96KQ7,1169,MATCH
525,A,1067,,TYR,DIRECT,15523,Q96KQ7,1067,MATCH
525,A,1067,,TYR,NEAR_SHELL,15523,Q96KQ7,1067,MATCH
525,A,1083,,ASP,DIRECT,15523,,,
525,A,1083,,ASP,NEAR_SHELL,15523,,,
525,A,1084,,SER,DIRECT,15523,Q96KQ7,1084,MATCH
525,A,1084,,SER,NEAR_SHELL,15523,Q96KQ7,1084,MATCH
525,A,1086,,LEU,DIRECT,15523,,,
525,A,1086,,LEU,NEAR_SHELL,15523,,,
525,A,1087,,PHE,DIRECT,15523,,,
525,A,1087,,PHE,NEAR_SHELL,15523,,,
525,A,1088,,ASP,DIRECT,15523,,,
525,A,1088,,ASP,NEAR_SHELL,15523,,,
525,A,1089,,LEU,NEAR_SHELL,15523,,,
525,A,1090,,ASP,DIRECT,15523,,,
525,A,1090,,ASP,NEAR_SHELL,15523,,,
525,A,1108,,SER,NEAR_SHELL,15523,Q96KQ7,1108,MATCH
525,A,1109,,ARG,NEAR_SHELL,15523,Q96KQ7,1109,MATCH
525,A,1111,,ILE,NEAR_SHELL,15523,Q96KQ7,1111,MATCH
525,A,1121,,PRO,DIRECT,15523,,,
525,A,1121,,PRO,NEAR_SHELL,15523,,,
525,A,1123,,ARG,DIRECT,15523,,,
525,A,1123,,ARG,NEAR_SHELL,15523,,,
525,A,1136,,ILE,DIRECT,15523,,,
525,A,1136,,ILE,NEAR_SHELL,15523,,,
525,A,1152,,PHE,DIRECT,15523,,,
525,A,1152,,PHE,NEAR_SHELL,15523,,,
525,A,1153,,ASP,DIRECT,15523,,,
525,A,1153,,ASP,NEAR_SHELL,15523,,,
525,A,1154,,TYR,DIRECT,15523,Q96KQ7,1154,MATCH
525,A,1154,,TYR,NEAR_SHELL,15523,Q96KQ7,1154,MATCH
525,A,1157,,ARG,DIRECT,15523,,,
525,A,1157,,ARG,NEAR_SHELL,15523,,,
525,A,1158,,PHE,DIRECT,15523,Q96KQ7,1158,MATCH
525,A,1158,,PHE,NEAR_SHELL,15523,Q96KQ7,1158,MATCH
525,A,1161,,ILE,DIRECT,15523,,,
525,A,1161,,ILE,NEAR_SHELL,15523,,,
525,A,1162,,LYS,NEAR_SHELL,15523,Q96KQ7,1162,MATCH
526,B,1044,,ARG,NEAR_SHELL,15523,Q96KQ7,1044,MATCH
526,B,1047,,LYS,NEAR_SHELL,15523,Q96KQ7,1047,MATCH
526,B,1048,,MET,DIRECT,15523,Q96KQ7,1048,MATCH
526,B,1048,,MET,NEAR_SHELL,15523,Q96KQ7,1048,MATCH
526,B,1049,,GLY,DIRECT,15523,Q96KQ7,1049,MATCH
526,B,1049,,GLY,NEAR_SHELL,15523,Q96KQ7,1049,MATCH
526,B,1050,,TRP,DIRECT,15523,Q96KQ7,1050,MATCH
526,B,1050,,TRP,NEAR_SHELL,15523,Q96KQ7,1050,MATCH
526,B,1067,,TYR,NEAR_SHELL,15523,Q96KQ7,1067,MATCH
526,B,1084,,SER,DIRECT,15523,Q96KQ7,1084,MATCH
526,B,1084,,SER,NEAR_SHELL,15523,Q96KQ7,1084,MATCH
526,B,1085,,TYR,DIRECT,15523,Q96KQ7,1085,MATCH
526,B,1085,,TYR,NEAR_SHELL,15523,Q96KQ7,1085,MATCH
526,B,1108,,SER,NEAR_SHELL,15523,Q96KQ7,1108,MATCH
526,B,1109,,ARG,DIRECT,15523,Q96KQ7,1109,MATCH
526,B,1109,,ARG,NEAR_SHELL,15523,Q96KQ7,1109,MATCH
526,B,1110,,PHE,DIRECT,15523,Q96KQ7,1110,MATCH
526,B,1110,,PHE,NEAR_SHELL,15523,Q96KQ7,1110,MATCH
526,B,1111,,ILE,DIRECT,15523,Q96KQ7,1111,MATCH
526,B,1111,,ILE,NEAR_SHELL,15523,Q96KQ7,1111,MATCH
526,B,1112,,ASN,DIRECT,15523,Q96KQ7,1112,MATCH
526,B,1112,,ASN,NEAR_SHELL,15523,Q96KQ7,1112,MATCH
526,B,1113,,HIS,DIRECT,15523,Q96KQ7,1113,MATCH
526,B,1113,,HIS,NEAR_SHELL,15523,Q96KQ7,1113,MATCH
526,B,1154,,TYR,DIRECT,15523,Q96KQ7,1154,MATCH
526,B,1154,,TYR,NEAR_SHELL,15523,Q96KQ7,1154,MATCH
526,B,1158,,PHE,NEAR_SHELL,15523,Q96KQ7,1158,MATCH
526,B,1159,,TRP,NEAR_SHELL,15523,Q96KQ7,1159,MATCH
526,B,1162,,LYS,NEAR_SHELL,15523,Q96KQ7,1162,MATCH
526,B,1166,,PHE,DIRECT,15523,Q96KQ7,1166,MATCH
526,B,1166,,PHE,NEAR_SHELL,15523,Q96KQ7,1166,MATCH
526,B,1167,,THR,DIRECT,15523,Q96KQ7,1167,MATCH
526,B,1167,,THR,NEAR_SHELL,15523,Q96KQ7,1167,MATCH
526,B,1168,,CYS,DIRECT,15523,Q96KQ7,1168,MATCH
526,B,1168,,CYS,NEAR_SHELL,15523,Q96KQ7,1168,MATCH
526,B,1169,,GLN,DIRECT,15523,Q96KQ7,1169,MATCH
526,B,1169,,GLN,NEAR_SHELL,15523,Q96KQ7,1169,MATCH
527,B,1011,,PRO,NEAR_SHELL,15523,,,
527,B,1067,,TYR,DIRECT,15523,Q96KQ7,1067,MATCH
527,B,1067,,TYR,NEAR_SHELL,15523,Q96KQ7,1067,MATCH
527,B,1083,,ASP,DIRECT,15523,,,
527,B,1083,,ASP,NEAR_SHELL,15523,,,
527,B,1084,,SER,DIRECT,15523,Q96KQ7,1084,MATCH
527,B,1084,,SER,NEAR_SHELL,15523,Q96KQ7,1084,MATCH
527,B,1085,,TYR,NEAR_SHELL,15523,Q96KQ7,1085,MATCH
527,B,1086,,LEU,DIRECT,15523,,,
527,B,1086,,LEU,NEAR_SHELL,15523,,,
527,B,1087,,PHE,DIRECT,15523,,,
527,B,1087,,PHE,NEAR_SHELL,15523,,,
527,B,1088,,ASP,DIRECT,15523,,,
527,B,1088,,ASP,NEAR_SHELL,15523,,,
527,B,1089,,LEU,NEAR_SHELL,15523,,,
527,B,1090,,ASP,DIRECT,15523,,,
527,B,1090,,ASP,NEAR_SHELL,15523,,,
527,B,1108,,SER,NEAR_SHELL,15523,Q96KQ7,1108,MATCH
527,B,1109,,ARG,NEAR_SHELL,15523,Q96KQ7,1109,MATCH
527,B,1111,,ILE,NEAR_SHELL,15523,Q96KQ7,1111,MATCH
527,B,1121,,PRO,DIRECT,15523,,,
527,B,1121,,PRO,NEAR_SHELL,15523,,,
527,B,1122,,VAL,NEAR_SHELL,15523,,,
527,B,1123,,ARG,DIRECT,15523,,,
527,B,1123,,ARG,NEAR_SHELL,15523,,,
527,B,1136,,ILE,DIRECT,15523,,,
527,B,1136,,ILE,NEAR_SHELL,15523,,,
527,B,1152,,PHE,DIRECT,15523,,,
527,B,1152,,PHE,NEAR_SHELL,15523,,,
527,B,1154,,TYR,DIRECT,15523,Q96KQ7,1154,MATCH
527,B,1154,,TYR,NEAR_SHELL,15523,Q96KQ7,1154,MATCH
527,B,1157,,ARG,DIRECT,15523,,,
527,B,1157,,ARG,NEAR_SHELL,15523,,,
527,B,1158,,PHE,DIRECT,15523,Q96KQ7,1158,MATCH
527,B,1158,,PHE,NEAR_SHELL,15523,Q96KQ7,1158,MATCH
527,B,1161,,ILE,DIRECT,15523,,,
527,B,1161,,ILE,NEAR_SHELL,15523,,,
527,B,1162,,LYS,NEAR_SHELL,15523,Q96KQ7,1162,MATCH
528,A,1044,,ARG,NEAR_SHELL,15523,Q96KQ7,1044,MATCH
528,A,1047,,LYS,NEAR_SHELL,15523,Q96KQ7,1047,MATCH
528,A,1048,,MET,DIRECT,15523,Q96KQ7,1048,MATCH
528,A,1048,,MET,NEAR_SHELL,15523,Q96KQ7,1048,MATCH
528,A,1049,,GLY,DIRECT,15523,Q96KQ7,1049,MATCH
528,A,1049,,GLY,NEAR_SHELL,15523,Q96KQ7,1049,MATCH
528,A,1050,,TRP,DIRECT,15523,Q96KQ7,1050,MATCH
528,A,1050,,TRP,NEAR_SHELL,15523,Q96KQ7,1050,MATCH
528,A,1067,,TYR,NEAR_SHELL,15523,Q96KQ7,1067,MATCH
528,A,1084,,SER,DIRECT,15523,Q96KQ7,1084,MATCH
528,A,1084,,SER,NEAR_SHELL,15523,Q96KQ7,1084,MATCH
528,A,1085,,TYR,DIRECT,15523,Q96KQ7,1085,MATCH
528,A,1085,,TYR,NEAR_SHELL,15523,Q96KQ7,1085,MATCH
528,A,1108,,SER,NEAR_SHELL,15523,Q96KQ7,1108,MATCH
528,A,1109,,ARG,DIRECT,15523,Q96KQ7,1109,MATCH
528,A,1109,,ARG,NEAR_SHELL,15523,Q96KQ7,1109,MATCH
528,A,1110,,PHE,DIRECT,15523,Q96KQ7,1110,MATCH
528,A,1110,,PHE,NEAR_SHELL,15523,Q96KQ7,1110,MATCH
528,A,1111,,ILE,DIRECT,15523,Q96KQ7,1111,MATCH
528,A,1111,,ILE,NEAR_SHELL,15523,Q96KQ7,1111,MATCH
528,A,1112,,ASN,DIRECT,15523,Q96KQ7,1112,MATCH
528,A,1112,,ASN,NEAR_SHELL,15523,Q96KQ7,1112,MATCH
528,A,1113,,HIS,DIRECT,15523,Q96KQ7,1113,MATCH
528,A,1113,,HIS,NEAR_SHELL,15523,Q96KQ7,1113,MATCH
528,A,1154,,TYR,DIRECT,15523,Q96KQ7,1154,MATCH
528,A,1154,,TYR,NEAR_SHELL,15523,Q96KQ7,1154,MATCH
528,A,1158,,PHE,NEAR_SHELL,15523,Q96KQ7,1158,MATCH
528,A,1159,,TRP,DIRECT,15523,Q96KQ7,1159,MATCH
528,A,1159,,TRP,NEAR_SHELL,15523,Q96KQ7,1159,MATCH
528,A,1166,,PHE,DIRECT,15523,Q96KQ7,1166,MATCH
528,A,1166,,PHE,NEAR_SHELL,15523,Q96KQ7,1166,MATCH
528,A,1167,,THR,DIRECT,15523,Q96KQ7,1167,MATCH
528,A,1167,,THR,NEAR_SHELL,15523,Q96KQ7,1167,MATCH
528,A,1168,,CYS,DIRECT,15523,Q96KQ7,1168,MATCH
528,A,1168,,CYS,NEAR_SHELL,15523,Q96KQ7,1168,MATCH
528,A,1169,,GLN,DIRECT,15523,Q96KQ7,1169,MATCH
528,A,1169,,GLN,NEAR_SHELL,15523,Q96KQ7,1169,MATCH
529,A,1011,,PRO,NEAR_SHELL,15523,,,
529,A,1067,,TYR,DIRECT,15523,Q96KQ7,1067,MATCH
529,A,1067,,TYR,NEAR_SHELL,15523,Q96KQ7,1067,MATCH
529,A,1083,,ASP,NEAR_SHELL,15523,,,
529,A,1084,,SER,DIRECT,15523,Q96KQ7,1084,MATCH
529,A,1084,,SER,NEAR_SHELL,15523,Q96KQ7,1084,MATCH
529,A,1086,,LEU,DIRECT,15523,,,
529,A,1086,,LEU,NEAR_SHELL,15523,,,
529,A,1087,,PHE,DIRECT,15523,,,
529,A,1087,,PHE,NEAR_SHELL,15523,,,
529,A,1088,,ASP,DIRECT,15523,,,
529,A,1088,,ASP,NEAR_SHELL,15523,,,
529,A,1089,,LEU,NEAR_SHELL,15523,,,
529,A,1090,,ASP,DIRECT,15523,,,
529,A,1090,,ASP,NEAR_SHELL,15523,,,
529,A,1111,,ILE,NEAR_SHELL,15523,Q96KQ7,1111,MATCH
529,A,1121,,PRO,DIRECT,15523,,,
529,A,1121,,PRO,NEAR_SHELL,15523,,,
529,A,1123,,ARG,NEAR_SHELL,15523,,,
529,A,1136,,ILE,NEAR_SHELL,15523,,,
529,A,1152,,PHE,DIRECT,15523,,,
529,A,1152,,PHE,NEAR_SHELL,15523,,,
529,A,1153,,ASP,DIRECT,15523,,,
529,A,1153,,ASP,NEAR_SHELL,15523,,,
529,A,1154,,TYR,DIRECT,15523,Q96KQ7,1154,MATCH
529,A,1154,,TYR,NEAR_SHELL,15523,Q96KQ7,1154,MATCH
529,A,1157,,ARG,NEAR_SHELL,15523,,,
529,A,1158,,PHE,DIRECT,15523,Q96KQ7,1158,MATCH
529,A,1158,,PHE,NEAR_SHELL,15523,Q96KQ7,1158,MATCH
530,B,1044,,ARG,NEAR_SHELL,15523,Q96KQ7,1044,MATCH
530,B,1047,,LYS,NEAR_SHELL,15523,Q96KQ7,1047,MATCH
530,B,1048,,MET,DIRECT,15523,Q96KQ7,1048,MATCH
530,B,1048,,MET,NEAR_SHELL,15523,Q96KQ7,1048,MATCH
530,B,1049,,GLY,DIRECT,15523,Q96KQ7,1049,MATCH
530,B,1049,,GLY,NEAR_SHELL,15523,Q96KQ7,1049,MATCH
530,B,1050,,TRP,DIRECT,15523,Q96KQ7,1050,MATCH
530,B,1050,,TRP,NEAR_SHELL,15523,Q96KQ7,1050,MATCH
530,B,1067,,TYR,NEAR_SHELL,15523,Q96KQ7,1067,MATCH
530,B,1084,,SER,DIRECT,15523,Q96KQ7,1084,MATCH
530,B,1084,,SER,NEAR_SHELL,15523,Q96KQ7,1084,MATCH
530,B,1085,,TYR,DIRECT,15523,Q96KQ7,1085,MATCH
530,B,1085,,TYR,NEAR_SHELL,15523,Q96KQ7,1085,MATCH
530,B,1108,,SER,NEAR_SHELL,15523,Q96KQ7,1108,MATCH
530,B,1109,,ARG,DIRECT,15523,Q96KQ7,1109,MATCH
530,B,1109,,ARG,NEAR_SHELL,15523,Q96KQ7,1109,MATCH
530,B,1110,,PHE,DIRECT,15523,Q96KQ7,1110,MATCH
530,B,1110,,PHE,NEAR_SHELL,15523,Q96KQ7,1110,MATCH
530,B,1111,,ILE,DIRECT,15523,Q96KQ7,1111,MATCH
530,B,1111,,ILE,NEAR_SHELL,15523,Q96KQ7,1111,MATCH
530,B,1112,,ASN,DIRECT,15523,Q96KQ7,1112,MATCH
530,B,1112,,ASN,NEAR_SHELL,15523,Q96KQ7,1112,MATCH
530,B,1113,,HIS,DIRECT,15523,Q96KQ7,1113,MATCH
530,B,1113,,HIS,NEAR_SHELL,15523,Q96KQ7,1113,MATCH
530,B,1114,,LEU,NEAR_SHELL,15523,Q96KQ7,1114,MATCH
530,B,1154,,TYR,DIRECT,15523,Q96KQ7,1154,MATCH
530,B,1154,,TYR,NEAR_SHELL,15523,Q96KQ7,1154,MATCH
530,B,1158,,PHE,NEAR_SHELL,15523,Q96KQ7,1158,MATCH
530,B,1159,,TRP,DIRECT,15523,Q96KQ7,1159,MATCH
530,B,1159,,TRP,NEAR_SHELL,15523,Q96KQ7,1159,MATCH
530,B,1166,,PHE,DIRECT,15523,Q96KQ7,1166,MATCH
530,B,1166,,PHE,NEAR_SHELL,15523,Q96KQ7,1166,MATCH
530,B,1167,,THR,DIRECT,15523,Q96KQ7,1167,MATCH
530,B,1167,,THR,NEAR_SHELL,15523,Q96KQ7,1167,MATCH
530,B,1168,,CYS,DIRECT,15523,Q96KQ7,1168,MATCH
530,B,1168,,CYS,NEAR_SHELL,15523,Q96KQ7,1168,MATCH
530,B,1169,,GLN,DIRECT,15523,Q96KQ7,1169,MATCH
530,B,1169,,GLN,NEAR_SHELL,15523,Q96KQ7,1169,MATCH
530,B,1170,,CYS,NEAR_SHELL,15523,Q96KQ7,1170,MATCH
531,B,1067,,TYR,DIRECT,15523,Q96KQ7,1067,MATCH
531,B,1067,,TYR,NEAR_SHELL,15523,Q96KQ7,1067,MATCH
531,B,1083,,ASP,DIRECT,15523,,,
531,B,1083,,ASP,NEAR_SHELL,15523,,,
531,B,1084,,SER,DIRECT,15523,Q96KQ7,1084,MATCH
531,B,1084,,SER,NEAR_SHELL,15523,Q96KQ7,1084,MATCH
531,B,1086,,LEU,DIRECT,15523,,,
531,B,1086,,LEU,NEAR_SHELL,15523,,,
531,B,1087,,PHE,DIRECT,15523,,,
531,B,1087,,PHE,NEAR_SHELL,15523,,,
531,B,1088,,ASP,DIRECT,15523,,,
531,B,1088,,ASP,NEAR_SHELL,15523,,,
531,B,1089,,LEU,NEAR_SHELL,15523,,,
531,B,1090,,ASP,NEAR_SHELL,15523,,,
531,B,1111,,ILE,NEAR_SHELL,15523,Q96KQ7,1111,MATCH
531,B,1121,,PRO,DIRECT,15523,,,
531,B,1121,,PRO,NEAR_SHELL,15523,,,
531,B,1123,,ARG,DIRECT,15523,,,
531,B,1123,,ARG,NEAR_SHELL,15523,,,
531,B,1136,,ILE,NEAR_SHELL,15523,,,
531,B,1152,,PHE,DIRECT,15523,,,
531,B,1152,,PHE,NEAR_SHELL,15523,,,
531,B,1153,,ASP,DIRECT,15523,,,
531,B,1153,,ASP,NEAR_SHELL,15523,,,
531,B,1154,,TYR,DIRECT,15523,Q96KQ7,1154,MATCH
531,B,1154,,TYR,NEAR_SHELL,15523,Q96KQ7,1154,MATCH
531,B,1157,,ARG,DIRECT,15523,,,
531,B,1157,,ARG,NEAR_SHELL,15523,,,
531,B,1158,,PHE,DIRECT,15523,Q96KQ7,1158,MATCH
531,B,1158,,PHE,NEAR_SHELL,15523,Q96KQ7,1158,MATCH
531,B,1161,,ILE,DIRECT,15523,,,
531,B,1161,,ILE,NEAR_SHELL,15523,,,
532,A,1044,,ARG,NEAR_SHELL,15523,Q96KQ7,1044,MATCH
532,A,1047,,LYS,NEAR_SHELL,15523,Q96KQ7,1047,MATCH
532,A,1048,,MET,DIRECT,15523,Q96KQ7,1048,MATCH
532,A,1048,,MET,NEAR_SHELL,15523,Q96KQ7,1048,MATCH
532,A,1049,,GLY,DIRECT,15523,Q96KQ7,1049,MATCH
532,A,1049,,GLY,NEAR_SHELL,15523,Q96KQ7,1049,MATCH
532,A,1050,,TRP,DIRECT,15523,Q96KQ7,1050,MATCH
532,A,1050,,TRP,NEAR_SHELL,15523,Q96KQ7,1050,MATCH
532,A,1067,,TYR,NEAR_SHELL,15523,Q96KQ7,1067,MATCH
532,A,1083,,ASP,NEAR_SHELL,15523,Q96KQ7,1083,MATCH
532,A,1084,,SER,DIRECT,15523,Q96KQ7,1084,MATCH
532,A,1084,,SER,NEAR_SHELL,15523,Q96KQ7,1084,MATCH
532,A,1085,,TYR,DIRECT,15523,Q96KQ7,1085,MATCH
532,A,1085,,TYR,NEAR_SHELL,15523,Q96KQ7,1085,MATCH
532,A,1108,,SER,NEAR_SHELL,15523,Q96KQ7,1108,MATCH
532,A,1109,,ARG,DIRECT,15523,Q96KQ7,1109,MATCH
532,A,1109,,ARG,NEAR_SHELL,15523,Q96KQ7,1109,MATCH
532,A,1110,,PHE,DIRECT,15523,Q96KQ7,1110,MATCH
532,A,1110,,PHE,NEAR_SHELL,15523,Q96KQ7,1110,MATCH
532,A,1111,,ILE,DIRECT,15523,Q96KQ7,1111,MATCH
532,A,1111,,ILE,NEAR_SHELL,15523,Q96KQ7,1111,MATCH
532,A,1112,,ASN,DIRECT,15523,Q96KQ7,1112,MATCH
532,A,1112,,ASN,NEAR_SHELL,15523,Q96KQ7,1112,MATCH
532,A,1113,,HIS,DIRECT,15523,Q96KQ7,1113,MATCH
532,A,1113,,HIS,NEAR_SHELL,15523,Q96KQ7,1113,MATCH
532,A,1154,,TYR,DIRECT,15523,Q96KQ7,1154,MATCH
532,A,1154,,TYR,NEAR_SHELL,15523,Q96KQ7,1154,MATCH
532,A,1158,,PHE,NEAR_SHELL,15523,Q96KQ7,1158,MATCH
532,A,1159,,TRP,DIRECT,15523,Q96KQ7,1159,MATCH
532,A,1159,,TRP,NEAR_SHELL,15523,Q96KQ7,1159,MATCH
532,A,1162,,LYS,DIRECT,15523,Q96KQ7,1162,MATCH
532,A,1162,,LYS,NEAR_SHELL,15523,Q96KQ7,1162,MATCH
532,A,1166,,PHE,DIRECT,15523,Q96KQ7,1166,MATCH
532,A,1166,,PHE,NEAR_SHELL,15523,Q96KQ7,1166,MATCH
532,A,1167,,THR,DIRECT,15523,Q96KQ7,1167,MATCH
532,A,1167,,THR,NEAR_SHELL,15523,Q96KQ7,1167,MATCH
532,A,1168,,CYS,DIRECT,15523,Q96KQ7,1168,MATCH
532,A,1168,,CYS,NEAR_SHELL,15523,Q96KQ7,1168,MATCH
532,A,1169,,GLN,DIRECT,15523,Q96KQ7,1169,MATCH
532,A,1169,,GLN,NEAR_SHELL,15523,Q96KQ7,1169,MATCH
533,A,1009,,ILE,NEAR_SHELL,15523,,,
533,A,1011,,PRO,NEAR_SHELL,15523,,,
533,A,1067,,TYR,DIRECT,15523,Q96KQ7,1067,MATCH
533,A,1067,,TYR,NEAR_SHELL,15523,Q96KQ7,1067,MATCH
533,A,1083,,ASP,DIRECT,15523,Q96KQ7,1083,MATCH
533,A,1083,,ASP,NEAR_SHELL,15523,Q96KQ7,1083,MATCH
533,A,1084,,SER,DIRECT,15523,Q96KQ7,1084,MATCH
533,A,1084,,SER,NEAR_SHELL,15523,Q96KQ7,1084,MATCH
533,A,1086,,LEU,DIRECT,15523,,,
533,A,1086,,LEU,NEAR_SHELL,15523,,,
533,A,1087,,PHE,DIRECT,15523,,,
533,A,1087,,PHE,NEAR_SHELL,15523,,,
533,A,1088,,ASP,DIRECT,15523,,,
533,A,1088,,ASP,NEAR_SHELL,15523,,,
533,A,1089,,LEU,NEAR_SHELL,15523,,,
533,A,1090,,ASP,DIRECT,15523,,,
533,A,1090,,ASP,NEAR_SHELL,15523,,,
533,A,1121,,PRO,DIRECT,15523,,,
533,A,1121,,PRO,NEAR_SHELL,15523,,,
533,A,1123,,ARG,NEAR_SHELL,15523,,,
533,A,1136,,ILE,NEAR_SHELL,15523,,,
533,A,1152,,PHE,DIRECT,15523,,,
533,A,1152,,PHE,NEAR_SHELL,15523,,,
533,A,1154,,TYR,DIRECT,15523,Q96KQ7,1154,MATCH
533,A,1154,,TYR,NEAR_SHELL,15523,Q96KQ7,1154,MATCH
533,A,1157,,ARG,DIRECT,15523,,,
533,A,1157,,ARG,NEAR_SHELL,15523,,,
533,A,1158,,PHE,DIRECT,15523,Q96KQ7,1158,MATCH
533,A,1158,,PHE,NEAR_SHELL,15523,Q96KQ7,1158,MATCH
533,A,1161,,ILE,NEAR_SHELL,15523,,,
534,B,1044,,ARG,NEAR_SHELL,15523,Q96KQ7,1044,MATCH
534,B,1047,,LYS,NEAR_SHELL,15523,Q96KQ7,1047,MATCH
534,B,1048,,MET,DIRECT,15523,Q96KQ7,1048,MATCH
534,B,1048,,MET,NEAR_SHELL,15523,Q96KQ7,1048,MATCH
534,B,1049,,GLY,DIRECT,15523,Q96KQ7,1049,MATCH
534,B,1049,,GLY,NEAR_SHELL,15523,Q96KQ7,1049,MATCH
534,B,1050,,TRP,DIRECT,15523,Q96KQ7,1050,MATCH
534,B,1050,,TRP,NEAR_SHELL,15523,Q96KQ7,1050,MATCH
534,B,1067,,TYR,NEAR_SHELL,15523,Q96KQ7,1067,MATCH
534,B,1084,,SER,DIRECT,15523,Q96KQ7,1084,MATCH
534,B,1084,,SER,NEAR_SHELL,15523,Q96KQ7,1084,MATCH
534,B,1085,,TYR,DIRECT,15523,Q96KQ7,1085,MATCH
534,B,1085,,TYR,NEAR_SHELL,15523,Q96KQ7,1085,MATCH
534,B,1108,,SER,NEAR_SHELL,15523,Q96KQ7,1108,MATCH
534,B,1109,,ARG,DIRECT,15523,Q96KQ7,1109,MATCH
534,B,1109,,ARG,NEAR_SHELL,15523,Q96KQ7,1109,MATCH
534,B,1110,,PHE,DIRECT,15523,Q96KQ7,1110,MATCH
534,B,1110,,PHE,NEAR_SHELL,15523,Q96KQ7,1110,MATCH
534,B,1112,,ASN,DIRECT,15523,Q96KQ7,1112,MATCH
534,B,1112,,ASN,NEAR_SHELL,15523,Q96KQ7,1112,MATCH
534,B,1113,,HIS,DIRECT,15523,Q96KQ7,1113,MATCH
534,B,1113,,HIS,NEAR_SHELL,15523,Q96KQ7,1113,MATCH
534,B,1154,,TYR,DIRECT,15523,Q96KQ7,1154,MATCH
534,B,1154,,TYR,NEAR_SHELL,15523,Q96KQ7,1154,MATCH
534,B,1158,,PHE,NEAR_SHELL,15523,Q96KQ7,1158,MATCH
534,B,1159,,TRP,DIRECT,15523,Q96KQ7,1159,MATCH
534,B,1159,,TRP,NEAR_SHELL,15523,Q96KQ7,1159,MATCH
534,B,1162,,LYS,NEAR_SHELL,15523,Q96KQ7,1162,MATCH
534,B,1166,,PHE,DIRECT,15523,Q96KQ7,1166,MATCH
534,B,1166,,PHE,NEAR_SHELL,15523,Q96KQ7,1166,MATCH
534,B,1167,,THR,DIRECT,15523,Q96KQ7,1167,MATCH
534,B,1167,,THR,NEAR_SHELL,15523,Q96KQ7,1167,MATCH
534,B,1168,,CYS,DIRECT,15523,Q96KQ7,1168,MATCH
534,B,1168,,CYS,NEAR_SHELL,15523,Q96KQ7,1168,MATCH
534,B,1169,,GLN,DIRECT,15523,Q96KQ7,1169,MATCH
534,B,1169,,GLN,NEAR_SHELL,15523,Q96KQ7,1169,MATCH
535,B,1067,,TYR,DIRECT,15523,Q96KQ7,1067,MATCH
535,B,1067,,TYR,NEAR_SHELL,15523,Q96KQ7,1067,MATCH
535,B,1083,,ASP,DIRECT,15523,,,
535,B,1083,,ASP,NEAR_SHELL,15523,,,
535,B,1084,,SER,DIRECT,15523,Q96KQ7,1084,MATCH
535,B,1084,,SER,NEAR_SHELL,15523,Q96KQ7,1084,MATCH
535,B,1086,,LEU,DIRECT,15523,,,
535,B,1086,,LEU,NEAR_SHELL,15523,,,
535,B,1087,,PHE,DIRECT,15523,,,
535,B,1087,,PHE,NEAR_SHELL,15523,,,
535,B,1088,,ASP,DIRECT,15523,,,
535,B,1088,,ASP,NEAR_SHELL,15523,,,
535,B,1089,,LEU,NEAR_SHELL,15523,,,
535,B,1090,,ASP,DIRECT,15523,,,
535,B,1090,,ASP,NEAR_SHELL,15523,,,
535,B,1121,,PRO,DIRECT,15523,,,
535,B,1121,,PRO,NEAR_SHELL,15523,,,
535,B,1123,,ARG,DIRECT,15523,,,
535,B,1123,,ARG,NEAR_SHELL,15523,,,
535,B,1136,,ILE,NEAR_SHELL,15523,,,
535,B,1152,,PHE,DIRECT,15523,,,
535,B,1152,,PHE,NEAR_SHELL,15523,,,
535,B,1153,,ASP,DIRECT,15523,,,
535,B,1153,,ASP,NEAR_SHELL,15523,,,
535,B,1154,,TYR,DIRECT,15523,Q96KQ7,1154,MATCH
535,B,1154,,TYR,NEAR_SHELL,15523,Q96KQ7,1154,MATCH
535,B,1157,,ARG,DIRECT,15523,,,
535,B,1157,,ARG,NEAR_SHELL,15523,,,
535,B,1158,,PHE,DIRECT,15523,Q96KQ7,1158,MATCH
535,B,1158,,PHE,NEAR_SHELL,15523,Q96KQ7,1158,MATCH
535,B,1161,,ILE,DIRECT,15523,,,
535,B,1161,,ILE,NEAR_SHELL,15523,,,
536,A,1044,,ARG,NEAR_SHELL,15523,Q96KQ7,1044,MATCH
536,A,1047,,LYS,NEAR_SHELL,15523,Q96KQ7,1047,MATCH
536,A,1048,,MET,DIRECT,15523,Q96KQ7,1048,MATCH
536,A,1048,,MET,NEAR_SHELL,15523,Q96KQ7,1048,MATCH
536,A,1049,,GLY,DIRECT,15523,Q96KQ7,1049,MATCH
536,A,1049,,GLY,NEAR_SHELL,15523,Q96KQ7,1049,MATCH
536,A,1050,,TRP,DIRECT,15523,Q96KQ7,1050,MATCH
536,A,1050,,TRP,NEAR_SHELL,15523,Q96KQ7,1050,MATCH
536,A,1067,,TYR,NEAR_SHELL,15523,Q96KQ7,1067,MATCH
536,A,1084,,SER,DIRECT,15523,Q96KQ7,1084,MATCH
536,A,1084,,SER,NEAR_SHELL,15523,Q96KQ7,1084,MATCH
536,A,1085,,TYR,DIRECT,15523,Q96KQ7,1085,MATCH
536,A,1085,,TYR,NEAR_SHELL,15523,Q96KQ7,1085,MATCH
536,A,1108,,SER,NEAR_SHELL,15523,Q96KQ7,1108,MATCH
536,A,1109,,ARG,DIRECT,15523,Q96KQ7,1109,MATCH
536,A,1109,,ARG,NEAR_SHELL,15523,Q96KQ7,1109,MATCH
536,A,1110,,PHE,DIRECT,15523,Q96KQ7,1110,MATCH
536,A,1110,,PHE,NEAR_SHELL,15523,Q96KQ7,1110,MATCH
536,A,1111,,ILE,DIRECT,15523,Q96KQ7,1111,MATCH
536,A,1111,,ILE,NEAR_SHELL,15523,Q96KQ7,1111,MATCH
536,A,1112,,ASN,DIRECT,15523,Q96KQ7,1112,MATCH
536,A,1112,,ASN,NEAR_SHELL,15523,Q96KQ7,1112,MATCH
536,A,1113,,HIS,DIRECT,15523,Q96KQ7,1113,MATCH
536,A,1113,,HIS,NEAR_SHELL,15523,Q96KQ7,1113,MATCH
536,A,1154,,TYR,DIRECT,15523,Q96KQ7,1154,MATCH
536,A,1154,,TYR,NEAR_SHELL,15523,Q96KQ7,1154,MATCH
536,A,1158,,PHE,NEAR_SHELL,15523,Q96KQ7,1158,MATCH
536,A,1159,,TRP,DIRECT,15523,Q96KQ7,1159,MATCH
536,A,1159,,TRP,NEAR_SHELL,15523,Q96KQ7,1159,MATCH
536,A,1162,,LYS,NEAR_SHELL,15523,Q96KQ7,1162,MATCH
536,A,1166,,PHE,DIRECT,15523,Q96KQ7,1166,MATCH
536,A,1166,,PHE,NEAR_SHELL,15523,Q96KQ7,1166,MATCH
536,A,1167,,THR,DIRECT,15523,Q96KQ7,1167,MATCH
536,A,1167,,THR,NEAR_SHELL,15523,Q96KQ7,1167,MATCH
536,A,1168,,CYS,DIRECT,15523,Q96KQ7,1168,MATCH
536,A,1168,,CYS,NEAR_SHELL,15523,Q96KQ7,1168,MATCH
536,A,1169,,GLN,DIRECT,15523,Q96KQ7,1169,MATCH
536,A,1169,,GLN,NEAR_SHELL,15523,Q96KQ7,1169,MATCH
537,A,1067,,TYR,DIRECT,15523,Q96KQ7,1067,MATCH
537,A,1067,,TYR,NEAR_SHELL,15523,Q96KQ7,1067,MATCH
537,A,1083,,ASP,DIRECT,15523,,,
537,A,1083,,ASP,NEAR_SHELL,15523,,,
537,A,1084,,SER,DIRECT,15523,Q96KQ7,1084,MATCH
537,A,1084,,SER,NEAR_SHELL,15523,Q96KQ7,1084,MATCH
537,A,1086,,LEU,DIRECT,15523,,,
537,A,1086,,LEU,NEAR_SHELL,15523,,,
537,A,1087,,PHE,DIRECT,15523,,,
537,A,1087,,PHE,NEAR_SHELL,15523,,,
537,A,1088,,ASP,DIRECT,15523,,,
537,A,1088,,ASP,NEAR_SHELL,15523,,,
537,A,1089,,LEU,NEAR_SHELL,15523,,,
537,A,1090,,ASP,DIRECT,15523,,,
537,A,1090,,ASP,NEAR_SHELL,15523,,,
537,A,1121,,PRO,DIRECT,15523,,,
537,A,1121,,PRO,NEAR_SHELL,15523,,,
537,A,1123,,ARG,DIRECT,15523,,,
537,A,1123,,ARG,NEAR_SHELL,15523,,,
537,A,1136,,ILE,NEAR_SHELL,15523,,,
537,A,1152,,PHE,DIRECT,15523,,,
537,A,1152,,PHE,NEAR_SHELL,15523,,,
537,A,1154,,TYR,DIRECT,15523,Q96KQ7,1154,MATCH
537,A,1154,,TYR,NEAR_SHELL,15523,Q96KQ7,1154,MATCH
537,A,1157,,ARG,DIRECT,15523,,,
537,A,1157,,ARG,NEAR_SHELL,15523,,,
537,A,1158,,PHE,DIRECT,15523,Q96KQ7,1158,MATCH
537,A,1158,,PHE,NEAR_SHELL,15523,Q96KQ7,1158,MATCH
537,A,1161,,ILE,DIRECT,15523,,,
537,A,1161,,ILE,NEAR_SHELL,15523,,,
537,A,1162,,LYS,NEAR_SHELL,15523,Q96KQ7,1162,MATCH
538,B,1044,,ARG,NEAR_SHELL,15523,Q96KQ7,1044,MATCH
538,B,1047,,LYS,NEAR_SHELL,15523,Q96KQ7,1047,MATCH
538,B,1048,,MET,DIRECT,15523,Q96KQ7,1048,MATCH
538,B,1048,,MET,NEAR_SHELL,15523,Q96KQ7,1048,MATCH
538,B,1049,,GLY,DIRECT,15523,Q96KQ7,1049,MATCH
538,B,1049,,GLY,NEAR_SHELL,15523,Q96KQ7,1049,MATCH
538,B,1050,,TRP,DIRECT,15523,Q96KQ7,1050,MATCH
538,B,1050,,TRP,NEAR_SHELL,15523,Q96KQ7,1050,MATCH
538,B,1067,,TYR,NEAR_SHELL,15523,Q96KQ7,1067,MATCH
538,B,1084,,SER,DIRECT,15523,Q96KQ7,1084,MATCH
538,B,1084,,SER,NEAR_SHELL,15523,Q96KQ7,1084,MATCH
538,B,1085,,TYR,DIRECT,15523,Q96KQ7,1085,MATCH
538,B,1085,,TYR,NEAR_SHELL,15523,Q96KQ7,1085,MATCH
538,B,1108,,SER,NEAR_SHELL,15523,Q96KQ7,1108,MATCH
538,B,1109,,ARG,DIRECT,15523,Q96KQ7,1109,MATCH
538,B,1109,,ARG,NEAR_SHELL,15523,Q96KQ7,1109,MATCH
538,B,1110,,PHE,DIRECT,15523,Q96KQ7,1110,MATCH
538,B,1110,,PHE,NEAR_SHELL,15523,Q96KQ7,1110,MATCH
538,B,1112,,ASN,DIRECT,15523,Q96KQ7,1112,MATCH
538,B,1112,,ASN,NEAR_SHELL,15523,Q96KQ7,1112,MATCH
538,B,1113,,HIS,DIRECT,15523,Q96KQ7,1113,MATCH
538,B,1113,,HIS,NEAR_SHELL,15523,Q96KQ7,1113,MATCH
538,B,1154,,TYR,DIRECT,15523,Q96KQ7,1154,MATCH
538,B,1154,,TYR,NEAR_SHELL,15523,Q96KQ7,1154,MATCH
538,B,1158,,PHE,NEAR_SHELL,15523,Q96KQ7,1158,MATCH
538,B,1159,,TRP,DIRECT,15523,Q96KQ7,1159,MATCH
538,B,1159,,TRP,NEAR_SHELL,15523,Q96KQ7,1159,MATCH
538,B,1162,,LYS,NEAR_SHELL,15523,Q96KQ7,1162,MATCH
538,B,1166,,PHE,DIRECT,15523,Q96KQ7,1166,MATCH
538,B,1166,,PHE,NEAR_SHELL,15523,Q96KQ7,1166,MATCH
538,B,1167,,THR,DIRECT,15523,Q96KQ7,1167,MATCH
538,B,1167,,THR,NEAR_SHELL,15523,Q96KQ7,1167,MATCH
538,B,1168,,CYS,DIRECT,15523,Q96KQ7,1168,MATCH
538,B,1168,,CYS,NEAR_SHELL,15523,Q96KQ7,1168,MATCH
538,B,1169,,GLN,DIRECT,15523,Q96KQ7,1169,MATCH
538,B,1169,,GLN,NEAR_SHELL,15523,Q96KQ7,1169,MATCH
539,B,1011,,PRO,NEAR_SHELL,15523,,,
539,B,1067,,TYR,DIRECT,15523,Q96KQ7,1067,MATCH
539,B,1067,,TYR,NEAR_SHELL,15523,Q96KQ7,1067,MATCH
539,B,1083,,ASP,DIRECT,15523,,,
539,B,1083,,ASP,NEAR_SHELL,15523,,,
539,B,1084,,SER,DIRECT,15523,Q96KQ7,1084,MATCH
539,B,1084,,SER,NEAR_SHELL,15523,Q96KQ7,1084,MATCH
539,B,1085,,TYR,DIRECT,15523,Q96KQ7,1085,MATCH
539,B,1085,,TYR,NEAR_SHELL,15523,Q96KQ7,1085,MATCH
539,B,1086,,LEU,DIRECT,15523,,,
539,B,1086,,LEU,NEAR_SHELL,15523,,,
539,B,1087,,PHE,DIRECT,15523,,,
539,B,1087,,PHE,NEAR_SHELL,15523,,,
539,B,1088,,ASP,DIRECT,15523,,,
539,B,1088,,ASP,NEAR_SHELL,15523,,,
539,B,1089,,LEU,NEAR_SHELL,15523,,,
539,B,1090,,ASP,NEAR_SHELL,15523,,,
539,B,1121,,PRO,DIRECT,15523,,,
539,B,1121,,PRO,NEAR_SHELL,15523,,,
539,B,1122,,VAL,NEAR_SHELL,15523,,,
539,B,1123,,ARG,DIRECT,15523,,,
539,B,1123,,ARG,NEAR_SHELL,15523,,,
539,B,1136,,ILE,DIRECT,15523,,,
539,B,1136,,ILE,NEAR_SHELL,15523,,,
539,B,1152,,PHE,DIRECT,15523,,,
539,B,1152,,PHE,NEAR_SHELL,15523,,,
539,B,1154,,TYR,DIRECT,15523,Q96KQ7,1154,MATCH
539,B,1154,,TYR,NEAR_SHELL,15523,Q96KQ7,1154,MATCH
539,B,1157,,ARG,DIRECT,15523,,,
539,B,1157,,ARG,NEAR_SHELL,15523,,,
539,B,1158,,PHE,DIRECT,15523,Q96KQ7,1158,MATCH
539,B,1158,,PHE,NEAR_SHELL,15523,Q96KQ7,1158,MATCH
539,B,1161,,ILE,DIRECT,15523,,,
539,B,1161,,ILE,NEAR_SHELL,15523,,,
539,B,1162,,LYS,NEAR_SHELL,15523,Q96KQ7,1162,MATCH
540,A,1044,,ARG,NEAR_SHELL,15523,Q96KQ7,1044,MATCH
540,A,1047,,LYS,NEAR_SHELL,15523,Q96KQ7,1047,MATCH
540,A,1048,,MET,DIRECT,15523,Q96KQ7,1048,MATCH
540,A,1048,,MET,NEAR_SHELL,15523,Q96KQ7,1048,MATCH
540,A,1049,,GLY,DIRECT,15523,Q96KQ7,1049,MATCH
540,A,1049,,GLY,NEAR_SHELL,15523,Q96KQ7,1049,MATCH
540,A,1050,,TRP,DIRECT,15523,Q96KQ7,1050,MATCH
540,A,1050,,TRP,NEAR_SHELL,15523,Q96KQ7,1050,MATCH
540,A,1067,,TYR,NEAR_SHELL,15523,Q96KQ7,1067,MATCH
540,A,1084,,SER,DIRECT,15523,Q96KQ7,1084,MATCH
540,A,1084,,SER,NEAR_SHELL,15523,Q96KQ7,1084,MATCH
540,A,1085,,TYR,DIRECT,15523,Q96KQ7,1085,MATCH
540,A,1085,,TYR,NEAR_SHELL,15523,Q96KQ7,1085,MATCH
540,A,1108,,SER,NEAR_SHELL,15523,Q96KQ7,1108,MATCH
540,A,1109,,ARG,DIRECT,15523,Q96KQ7,1109,MATCH
540,A,1109,,ARG,NEAR_SHELL,15523,Q96KQ7,1109,MATCH
540,A,1110,,PHE,DIRECT,15523,Q96KQ7,1110,MATCH
540,A,1110,,PHE,NEAR_SHELL,15523,Q96KQ7,1110,MATCH
540,A,1111,,ILE,DIRECT,15523,Q96KQ7,1111,MATCH
540,A,1111,,ILE,NEAR_SHELL,15523,Q96KQ7,1111,MATCH
540,A,1112,,ASN,DIRECT,15523,Q96KQ7,1112,MATCH
540,A,1112,,ASN,NEAR_SHELL,15523,Q96KQ7,1112,MATCH
540,A,1113,,HIS,DIRECT,15523,Q96KQ7,1113,MATCH
540,A,1113,,HIS,NEAR_SHELL,15523,Q96KQ7,1113,MATCH
540,A,1154,,TYR,DIRECT,15523,Q96KQ7,1154,MATCH
540,A,1154,,TYR,NEAR_SHELL,15523,Q96KQ7,1154,MATCH
540,A,1158,,PHE,DIRECT,15523,Q96KQ7,1158,MATCH
540,A,1158,,PHE,NEAR_SHELL,15523,Q96KQ7,1158,MATCH
540,A,1159,,TRP,DIRECT,15523,Q96KQ7,1159,MATCH
540,A,1159,,TRP,NEAR_SHELL,15523,Q96KQ7,1159,MATCH
540,A,1162,,LYS,NEAR_SHELL,15523,Q96KQ7,1162,MATCH
540,A,1166,,PHE,DIRECT,15523,Q96KQ7,1166,MATCH
540,A,1166,,PHE,NEAR_SHELL,15523,Q96KQ7,1166,MATCH
540,A,1167,,THR,DIRECT,15523,Q96KQ7,1167,MATCH
540,A,1167,,THR,NEAR_SHELL,15523,Q96KQ7,1167,MATCH
540,A,1168,,CYS,DIRECT,15523,Q96KQ7,1168,MATCH
540,A,1168,,CYS,NEAR_SHELL,15523,Q96KQ7,1168,MATCH
540,A,1169,,GLN,DIRECT,15523,Q96KQ7,1169,MATCH
540,A,1169,,GLN,NEAR_SHELL,15523,Q96KQ7,1169,MATCH
541,A,1011,,PRO,NEAR_SHELL,15523,,,
541,A,1067,,TYR,DIRECT,15523,Q96KQ7,1067,MATCH
541,A,1067,,TYR,NEAR_SHELL,15523,Q96KQ7,1067,MATCH
541,A,1083,,ASP,DIRECT,15523,,,
541,A,1083,,ASP,NEAR_SHELL,15523,,,
541,A,1084,,SER,DIRECT,15523,Q96KQ7,1084,MATCH
541,A,1084,,SER,NEAR_SHELL,15523,Q96KQ7,1084,MATCH
541,A,1085,,TYR,NEAR_SHELL,15523,Q96KQ7,1085,MATCH
541,A,1086,,LEU,DIRECT,15523,,,
541,A,1086,,LEU,NEAR_SHELL,15523,,,
541,A,1087,,PHE,DIRECT,15523,,,
541,A,1087,,PHE,NEAR_SHELL,15523,,,
541,A,1088,,ASP,DIRECT,15523,,,
541,A,1088,,ASP,NEAR_SHELL,15523,,,
541,A,1089,,LEU,NEAR_SHELL,15523,,,
541,A,1090,,ASP,DIRECT,15523,,,
541,A,1090,,ASP,NEAR_SHELL,15523,,,
541,A,1108,,SER,NEAR_SHELL,15523,Q96KQ7,1108,MATCH
541,A,1109,,ARG,NEAR_SHELL,15523,Q96KQ7,1109,MATCH
541,A,1111,,ILE,NEAR_SHELL,15523,Q96KQ7,1111,MATCH
541,A,1121,,PRO,DIRECT,15523,,,
541,A,1121,,PRO,NEAR_SHELL,15523,,,
541,A,1122,,VAL,NEAR_SHELL,15523,,,
541,A,1123,,ARG,DIRECT,15523,,,
541,A,1123,,ARG,NEAR_SHELL,15523,,,
541,A,1136,,ILE,NEAR_SHELL,15523,,,
541,A,1152,,PHE,DIRECT,15523,,,
541,A,1152,,PHE,NEAR_SHELL,15523,,,
541,A,1153,,ASP,DIRECT,15523,,,
541,A,1153,,ASP,NEAR_SHELL,15523,,,
541,A,1154,,TYR,DIRECT,15523,Q96KQ7,1154,MATCH
541,A,1154,,TYR,NEAR_SHELL,15523,Q96KQ7,1154,MATCH
541,A,1157,,ARG,DIRECT,15523,,,
541,A,1157,,ARG,NEAR_SHELL,15523,,,
541,A,1158,,PHE,DIRECT,15523,Q96KQ7,1158,MATCH
541,A,1158,,PHE,NEAR_SHELL,15523,Q96KQ7,1158,MATCH
541,A,1161,,ILE,DIRECT,15523,,,
541,A,1161,,ILE,NEAR_SHELL,15523,,,
541,A,1162,,LYS,NEAR_SHELL,15523,Q96KQ7,1162,MATCH
542,B,1044,,ARG,NEAR_SHELL,15523,Q96KQ7,1044,MATCH
542,B,1047,,LYS,NEAR_SHELL,15523,Q96KQ7,1047,MATCH
542,B,1048,,MET,DIRECT,15523,Q96KQ7,1048,MATCH
542,B,1048,,MET,NEAR_SHELL,15523,Q96KQ7,1048,MATCH
542,B,1049,,GLY,DIRECT,15523,Q96KQ7,1049,MATCH
542,B,1049,,GLY,NEAR_SHELL,15523,Q96KQ7,1049,MATCH
542,B,1050,,TRP,DIRECT,15523,Q96KQ7,1050,MATCH
542,B,1050,,TRP,NEAR_SHELL,15523,Q96KQ7,1050,MATCH
542,B,1067,,TYR,NEAR_SHELL,15523,Q96KQ7,1067,MATCH
542,B,1084,,SER,DIRECT,15523,Q96KQ7,1084,MATCH
542,B,1084,,SER,NEAR_SHELL,15523,Q96KQ7,1084,MATCH
542,B,1085,,TYR,DIRECT,15523,Q96KQ7,1085,MATCH
542,B,1085,,TYR,NEAR_SHELL,15523,Q96KQ7,1085,MATCH
542,B,1108,,SER,NEAR_SHELL,15523,Q96KQ7,1108,MATCH
542,B,1109,,ARG,DIRECT,15523,Q96KQ7,1109,MATCH
542,B,1109,,ARG,NEAR_SHELL,15523,Q96KQ7,1109,MATCH
542,B,1110,,PHE,DIRECT,15523,Q96KQ7,1110,MATCH
542,B,1110,,PHE,NEAR_SHELL,15523,Q96KQ7,1110,MATCH
542,B,1111,,ILE,DIRECT,15523,Q96KQ7,1111,MATCH
542,B,1111,,ILE,NEAR_SHELL,15523,Q96KQ7,1111,MATCH
542,B,1112,,ASN,DIRECT,15523,Q96KQ7,1112,MATCH
542,B,1112,,ASN,NEAR_SHELL,15523,Q96KQ7,1112,MATCH
542,B,1113,,HIS,DIRECT,15523,Q96KQ7,1113,MATCH
542,B,1113,,HIS,NEAR_SHELL,15523,Q96KQ7,1113,MATCH
542,B,1154,,TYR,DIRECT,15523,Q96KQ7,1154,MATCH
542,B,1154,,TYR,NEAR_SHELL,15523,Q96KQ7,1154,MATCH
542,B,1158,,PHE,DIRECT,15523,Q96KQ7,1158,MATCH
542,B,1158,,PHE,NEAR_SHELL,15523,Q96KQ7,1158,MATCH
542,B,1159,,TRP,DIRECT,15523,Q96KQ7,1159,MATCH
542,B,1159,,TRP,NEAR_SHELL,15523,Q96KQ7,1159,MATCH
542,B,1162,,LYS,NEAR_SHELL,15523,Q96KQ7,1162,MATCH
542,B,1166,,PHE,DIRECT,15523,Q96KQ7,1166,MATCH
542,B,1166,,PHE,NEAR_SHELL,15523,Q96KQ7,1166,MATCH
542,B,1167,,THR,DIRECT,15523,Q96KQ7,1167,MATCH
542,B,1167,,THR,NEAR_SHELL,15523,Q96KQ7,1167,MATCH
542,B,1168,,CYS,DIRECT,15523,Q96KQ7,1168,MATCH
542,B,1168,,CYS,NEAR_SHELL,15523,Q96KQ7,1168,MATCH
542,B,1169,,GLN,DIRECT,15523,Q96KQ7,1169,MATCH
542,B,1169,,GLN,NEAR_SHELL,15523,Q96KQ7,1169,MATCH
543,B,1011,,PRO,NEAR_SHELL,15523,,,
543,B,1067,,TYR,DIRECT,15523,Q96KQ7,1067,MATCH
543,B,1067,,TYR,NEAR_SHELL,15523,Q96KQ7,1067,MATCH
543,B,1083,,ASP,DIRECT,15523,,,
543,B,1083,,ASP,NEAR_SHELL,15523,,,
543,B,1084,,SER,DIRECT,15523,Q96KQ7,1084,MATCH
543,B,1084,,SER,NEAR_SHELL,15523,Q96KQ7,1084,MATCH
543,B,1085,,TYR,NEAR_SHELL,15523,Q96KQ7,1085,MATCH
543,B,1086,,LEU,DIRECT,15523,,,
543,B,1086,,LEU,NEAR_SHELL,15523,,,
543,B,1087,,PHE,DIRECT,15523,,,
543,B,1087,,PHE,NEAR_SHELL,15523,,,
543,B,1088,,ASP,DIRECT,15523,,,
543,B,1088,,ASP,NEAR_SHELL,15523,,,
543,B,1089,,LEU,NEAR_SHELL,15523,,,
543,B,1090,,ASP,NEAR_SHELL,15523,,,
543,B,1108,,SER,NEAR_SHELL,15523,Q96KQ7,1108,MATCH
543,B,1109,,ARG,NEAR_SHELL,15523,Q96KQ7,1109,MATCH
543,B,1111,,ILE,NEAR_SHELL,15523,Q96KQ7,1111,MATCH
543,B,1121,,PRO,DIRECT,15523,,,
543,B,1121,,PRO,NEAR_SHELL,15523,,,
543,B,1122,,VAL,NEAR_SHELL,15523,,,
543,B,1123,,ARG,DIRECT,15523,,,
543,B,1123,,ARG,NEAR_SHELL,15523,,,
543,B,1136,,ILE,NEAR_SHELL,15523,,,
543,B,1152,,PHE,DIRECT,15523,,,
543,B,1152,,PHE,NEAR_SHELL,15523,,,
543,B,1154,,TYR,DIRECT,15523,Q96KQ7,1154,MATCH
543,B,1154,,TYR,NEAR_SHELL,15523,Q96KQ7,1154,MATCH
543,B,1157,,ARG,DIRECT,15523,,,
543,B,1157,,ARG,NEAR_SHELL,15523,,,
543,B,1158,,PHE,DIRECT,15523,Q96KQ7,1158,MATCH
543,B,1158,,PHE,NEAR_SHELL,15523,Q96KQ7,1158,MATCH
543,B,1161,,ILE,DIRECT,15523,,,
543,B,1161,,ILE,NEAR_SHELL,15523,,,
543,B,1162,,LYS,NEAR_SHELL,15523,Q96KQ7,1162,MATCH
544,A,115,,THR,DIRECT,17251,Q9H1A3,115,MATCH
544,A,115,,THR,NEAR_SHELL,17251,Q9H1A3,115,MATCH
544,A,126,,MET,DIRECT,17251,Q9H1A3,126,MATCH
544,A,126,,MET,NEAR_SHELL,17251,Q9H1A3,126,MATCH
544,A,152,,LEU,NEAR_SHELL,17251,Q9H1A3,152,MATCH
544,A,154,,ALA,NEAR_SHELL,17251,Q9H1A3,154,MATCH
544,A,155,,GLY,DIRECT,17251,Q9H1A3,155,MATCH
544,A,155,,GLY,NEAR_SHELL,17251,Q9H1A3,155,MATCH
544,A,156,,ASP,NEAR_SHELL,17251,Q9H1A3,156,MATCH
544,A,159,,VAL,DIRECT,17251,Q9H1A3,159,MATCH
544,A,159,,VAL,NEAR_SHELL,17251,Q9H1A3,159,MATCH
544,A,173,,THR,DIRECT,17251,Q9H1A3,173,MATCH
544,A,173,,THR,NEAR_SHELL,17251,Q9H1A3,173,MATCH
544,A,175,,LEU,DIRECT,17251,Q9H1A3,175,MATCH
544,A,175,,LEU,NEAR_SHELL,17251,Q9H1A3,175,MATCH
544,A,176,,SER,NEAR_SHELL,17251,Q9H1A3,176,MATCH
544,A,179,,MET,NEAR_SHELL,17251,Q9H1A3,179,MATCH
544,A,193,,ILE,NEAR_SHELL,17251,Q9H1A3,193,MATCH
544,A,211,,LEU,NEAR_SHELL,17251,Q9H1A3,211,MATCH
544,A,214,,ARG,DIRECT,17251,Q9H1A3,214,MATCH
544,A,214,,ARG,NEAR_SHELL,17251,Q9H1A3,214,MATCH
544,A,215,,CYS,NEAR_SHELL,17251,Q9H1A3,215,MATCH
544,A,216,,ASP,NEAR_SHELL,17251,Q9H1A3,216,MATCH
544,A,248,,VAL,NEAR_SHELL,17251,Q9H1A3,248,MATCH
544,A,249,,GLU,NEAR_SHELL,17251,Q9H1A3,249,MATCH
544,C,0,,SER,NEAR_SHELL,17251,Q9H1A3,,NOT_MAPPED
544,C,1,,HIS,NEAR_SHELL,17251,Q9H1A3,,NOT_MAPPED
545,B-2,115,,THR,DIRECT,17251,Q9H1A3,115,MATCH
545,B-2,115,,THR,NEAR_SHELL,17251,Q9H1A3,115,MATCH
545,B-2,126,,MET,DIRECT,17251,Q9H1A3,126,MATCH
545,B-2,126,,MET,NEAR_SHELL,17251,Q9H1A3,126,MATCH
545,B-2,154,,ALA,NEAR_SHELL,17251,Q9H1A3,154,MATCH
545,B-2,155,,GLY,DIRECT,17251,Q9H1A3,155,MATCH
545,B-2,155,,GLY,NEAR_SHELL,17251,Q9H1A3,155,MATCH
545,B-2,156,,ASP,NEAR_SHELL,17251,Q9H1A3,156,MATCH
545,B-2,159,,VAL,DIRECT,17251,Q9H1A3,159,MATCH
545,B-2,159,,VAL,NEAR_SHELL,17251,Q9H1A3,159,MATCH
545,B-2,175,,LEU,DIRECT,17251,Q9H1A3,175,MATCH
545,B-2,175,,LEU,NEAR_SHELL,17251,Q9H1A3,175,MATCH
545,B-2,176,,SER,NEAR_SHELL,17251,Q9H1A3,176,MATCH
545,B-2,179,,MET,NEAR_SHELL,17251,Q9H1A3,179,MATCH
545,B-2,193,,ILE,NEAR_SHELL,17251,Q9H1A3,193,MATCH
545,B-2,211,,LEU,NEAR_SHELL,17251,Q9H1A3,211,MATCH
545,B-2,214,,ARG,DIRECT,17251,Q9H1A3,214,MATCH
545,B-2,214,,ARG,NEAR_SHELL,17251,Q9H1A3,214,MATCH
545,B-2,215,,CYS,NEAR_SHELL,17251,Q9H1A3,215,MATCH
545,B-2,216,,ASP,NEAR_SHELL,17251,Q9H1A3,216,MATCH
545,B-2,248,,VAL,NEAR_SHELL,17251,Q9H1A3,248,MATCH
545,B-2,249,,GLU,NEAR_SHELL,17251,Q9H1A3,249,MATCH
545,D-2,0,,SER,NEAR_SHELL,17251,Q9H1A3,,NOT_MAPPED
545,D-2,1,,HIS,NEAR_SHELL,17251,Q9H1A3,,NOT_MAPPED
546,A,314,,PRO,DIRECT,1718,,,
546,A,314,,PRO,NEAR_SHELL,1718,,,
546,A,315,,LEU,DIRECT,1718,,,
546,A,315,,LEU,NEAR_SHELL,1718,,,
546,A,319,,LEU,NEAR_SHELL,1718,,,
546,A,324,,TYR,DIRECT,1718,,,
546,A,324,,TYR,NEAR_SHELL,1718,,,
546,A,327,,PHE,DIRECT,1718,,,
546,A,327,,PHE,NEAR_SHELL,1718,,,
546,A,365,,GLY,DIRECT,1718,,,
546,A,365,,GLY,NEAR_SHELL,1718,,,
546,A,367,,GLY,DIRECT,1718,,,
546,A,367,,GLY,NEAR_SHELL,1718,,,
546,A,368,,ARG,NEAR_SHELL,1718,,,
546,A,391,,VAL,NEAR_SHELL,1718,,,
546,A,392,,GLU,DIRECT,1718,,,
546,A,392,,GLU,NEAR_SHELL,1718,,,
546,A,393,,LYS,DIRECT,1718,,,
546,A,393,,LYS,NEAR_SHELL,1718,,,
546,A,418,,SER,DIRECT,1718,,,
546,A,418,,SER,NEAR_SHELL,1718,,,
546,A,419,,ASP,DIRECT,1718,,,
546,A,419,,ASP,NEAR_SHELL,1718,,,
546,A,420,,MET,DIRECT,1718,,,
546,A,420,,MET,NEAR_SHELL,1718,,,
546,A,435,,GLU,DIRECT,1718,,,
546,A,435,,GLU,NEAR_SHELL,1718,,,
546,A,436,,LEU,DIRECT,1718,,,
546,A,436,,LEU,NEAR_SHELL,1718,,,
546,A,444,,GLU,NEAR_SHELL,1718,,,
546,A,449,,CYS,DIRECT,1718,,,
546,A,449,,CYS,NEAR_SHELL,1718,,,
547,A,309,,GLN,DIRECT,1718,,,
547,A,309,,GLN,NEAR_SHELL,1718,,,
547,A,310,,SER,DIRECT,1718,,,
547,A,310,,SER,NEAR_SHELL,1718,,,
547,A,311,,PRO,NEAR_SHELL,1718,,,
547,A,312,,LEU,DIRECT,1718,,,
547,A,312,,LEU,NEAR_SHELL,1718,,,
547,A,314,,PRO,NEAR_SHELL,1718,,,
547,A,319,,LEU,NEAR_SHELL,1718,,,
547,A,326,,VAL,NEAR_SHELL,1718,,,
547,A,327,,PHE,DIRECT,1718,,,
547,A,327,,PHE,NEAR_SHELL,1718,,,
547,A,333,,LYS,DIRECT,1718,,,
547,A,333,,LYS,NEAR_SHELL,1718,,,
547,A,334,,TYR,NEAR_SHELL,1718,,,
547,A,435,,GLU,DIRECT,1718,,,
547,A,435,,GLU,NEAR_SHELL,1718,,,
547,A,436,,LEU,NEAR_SHELL,1718,,,
547,A,437,,LEU,DIRECT,1718,,,
547,A,437,,LEU,NEAR_SHELL,1718,,,
547,A,438,,GLY,NEAR_SHELL,1718,,,
547,A,439,,SER,NEAR_SHELL,1718,,,
547,A,444,,GLU,DIRECT,1718,,,
547,A,444,,GLU,NEAR_SHELL,1718,,,
547,A,503,,VAL,DIRECT,1718,,,
547,A,503,,VAL,NEAR_SHELL,1718,,,
547,A,578,,SER,DIRECT,1718,,,
547,A,578,,SER,NEAR_SHELL,1718,,,
547,A,579,,TRP,DIRECT,1718,,,
547,A,579,,TRP,NEAR_SHELL,1718,,,
547,A,580,,PHE,NEAR_SHELL,1718,,,
548,A,314,,PRO,DIRECT,1718,,,
548,A,314,,PRO,NEAR_SHELL,1718,,,
548,A,315,,LEU,DIRECT,1718,,,
548,A,315,,LEU,NEAR_SHELL,1718,,,
548,A,319,,LEU,NEAR_SHELL,1718,,,
548,A,324,,TYR,DIRECT,1718,,,
548,A,324,,TYR,NEAR_SHELL,1718,,,
548,A,327,,PHE,DIRECT,1718,,,
548,A,327,,PHE,NEAR_SHELL,1718,,,
548,A,334,,TYR,NEAR_SHELL,1718,,,
548,A,365,,GLY,DIRECT,1718,,,
548,A,365,,GLY,NEAR_SHELL,1718,,,
548,A,367,,GLY,DIRECT,1718,,,
548,A,367,,GLY,NEAR_SHELL,1718,,,
548,A,368,,ARG,NEAR_SHELL,1718,,,
548,A,391,,VAL,NEAR_SHELL,1718,,,
548,A,392,,GLU,DIRECT,1718,,,
548,A,392,,GLU,NEAR_SHELL,1718,,,
548,A,393,,LYS,DIRECT,1718,,,
548,A,393,,LYS,NEAR_SHELL,1718,,,
548,A,418,,SER,DIRECT,1718,,,
548,A,418,,SER,NEAR_SHELL,1718,,,
548,A,419,,ASP,DIRECT,1718,,,
548,A,419,,ASP,NEAR_SHELL,1718,,,
548,A,420,,MET,DIRECT,1718,,,
548,A,420,,MET,NEAR_SHELL,1718,,,
548,A,435,,GLU,DIRECT,1718,,,
548,A,435,,GLU,NEAR_SHELL,1718,,,
548,A,436,,LEU,DIRECT,1718,,,
548,A,436,,LEU,NEAR_SHELL,1718,,,
548,A,444,,GLU,NEAR_SHELL,1718,,,
548,A,449,,CYS,DIRECT,1718,,,
548,A,449,,CYS,NEAR_SHELL,1718,,,
549,A,309,,GLN,DIRECT,1718,,,
549,A,309,,GLN,NEAR_SHELL,1718,,,
549,A,310,,SER,NEAR_SHELL,1718,,,
549,A,311,,PRO,NEAR_SHELL,1718,,,
549,A,312,,LEU,DIRECT,1718,,,
549,A,312,,LEU,NEAR_SHELL,1718,,,
549,A,314,,PRO,NEAR_SHELL,1718,,,
549,A,319,,LEU,NEAR_SHELL,1718,,,
549,A,326,,VAL,NEAR_SHELL,1718,,,
549,A,327,,PHE,DIRECT,1718,,,
549,A,327,,PHE,NEAR_SHELL,1718,,,
549,A,333,,LYS,DIRECT,1718,,,
549,A,333,,LYS,NEAR_SHELL,1718,,,
549,A,334,,TYR,NEAR_SHELL,1718,,,
549,A,435,,GLU,DIRECT,1718,,,
549,A,435,,GLU,NEAR_SHELL,1718,,,
549,A,436,,LEU,NEAR_SHELL,1718,,,
549,A,437,,LEU,DIRECT,1718,,,
549,A,437,,LEU,NEAR_SHELL,1718,,,
549,A,438,,GLY,NEAR_SHELL,1718,,,
549,A,439,,SER,NEAR_SHELL,1718,,,
549,A,444,,GLU,DIRECT,1718,,,
549,A,444,,GLU,NEAR_SHELL,1718,,,
549,A,503,,VAL,NEAR_SHELL,1718,,,
549,A,578,,SER,NEAR_SHELL,1718,,,
549,A,579,,TRP,DIRECT,1718,,,
549,A,579,,TRP,NEAR_SHELL,1718,,,
549,A,580,,PHE,NEAR_SHELL,1718,,,
550,A-2,314,,PRO,DIRECT,1718,,,
550,A-2,314,,PRO,NEAR_SHELL,1718,,,
550,A-2,315,,LEU,DIRECT,1718,,,
550,A-2,315,,LEU,NEAR_SHELL,1718,,,
550,A-2,319,,LEU,NEAR_SHELL,1718,,,
550,A-2,324,,TYR,DIRECT,1718,,,
550,A-2,324,,TYR,NEAR_SHELL,1718,,,
550,A-2,327,,PHE,DIRECT,1718,,,
550,A-2,327,,PHE,NEAR_SHELL,1718,,,
550,A-2,334,,TYR,NEAR_SHELL,1718,,,
550,A-2,365,,GLY,DIRECT,1718,,,
550,A-2,365,,GLY,NEAR_SHELL,1718,,,
550,A-2,367,,GLY,DIRECT,1718,,,
550,A-2,367,,GLY,NEAR_SHELL,1718,,,
550,A-2,368,,ARG,NEAR_SHELL,1718,,,
550,A-2,391,,VAL,NEAR_SHELL,1718,,,
550,A-2,392,,GLU,DIRECT,1718,,,
550,A-2,392,,GLU,NEAR_SHELL,1718,,,
550,A-2,393,,LYS,DIRECT,1718,,,
550,A-2,393,,LYS,NEAR_SHELL,1718,,,
550,A-2,418,,SER,DIRECT,1718,,,
550,A-2,418,,SER,NEAR_SHELL,1718,,,
550,A-2,419,,ASP,DIRECT,1718,,,
550,A-2,419,,ASP,NEAR_SHELL,1718,,,
550,A-2,420,,MET,DIRECT,1718,,,
550,A-2,420,,MET,NEAR_SHELL,1718,,,
550,A-2,435,,GLU,DIRECT,1718,,,
550,A-2,435,,GLU,NEAR_SHELL,1718,,,
550,A-2,436,,LEU,DIRECT,1718,,,
550,A-2,436,,LEU,NEAR_SHELL,1718,,,
550,A-2,444,,GLU,NEAR_SHELL,1718,,,
550,A-2,449,,CYS,DIRECT,1718,,,
550,A-2,449,,CYS,NEAR_SHELL,1718,,,
551,A-2,309,,GLN,DIRECT,1718,,,
551,A-2,309,,GLN,NEAR_SHELL,1718,,,
551,A-2,310,,SER,NEAR_SHELL,1718,,,
551,A-2,311,,PRO,NEAR_SHELL,1718,,,
551,A-2,312,,LEU,DIRECT,1718,,,
551,A-2,312,,LEU,NEAR_SHELL,1718,,,
551,A-2,314,,PRO,NEAR_SHELL,1718,,,
551,A-2,319,,LEU,NEAR_SHELL,1718,,,
551,A-2,326,,VAL,NEAR_SHELL,1718,,,
551,A-2,327,,PHE,DIRECT,1718,,,
551,A-2,327,,PHE,NEAR_SHELL,1718,,,
551,A-2,333,,LYS,DIRECT,1718,,,
551,A-2,333,,LYS,NEAR_SHELL,1718,,,
551,A-2,334,,TYR,NEAR_SHELL,1718,,,
551,A-2,435,,GLU,DIRECT,1718,,,
551,A-2,435,,GLU,NEAR_SHELL,1718,,,
551,A-2,436,,LEU,NEAR_SHELL,1718,,,
551,A-2,437,,LEU,DIRECT,1718,,,
551,A-2,437,,LEU,NEAR_SHELL,1718,,,
551,A-2,438,,GLY,NEAR_SHELL,1718,,,
551,A-2,439,,SER,NEAR_SHELL,1718,,,
551,A-2,444,,GLU,DIRECT,1718,,,
551,A-2,444,,GLU,NEAR_SHELL,1718,,,
551,A-2,503,,VAL,NEAR_SHELL,1718,,,
551,A-2,578,,SER,NEAR_SHELL,1718,,,
551,A-2,579,,TRP,DIRECT,1718,,,
551,A-2,579,,TRP,NEAR_SHELL,1718,,,
551,A-2,580,,PHE,NEAR_SHELL,1718,,,
552,A,23,,TYR,DIRECT,20309,,,
552,A,23,,TYR,NEAR_SHELL,20309,,,
552,A,25,,PRO,NEAR_SHELL,20309,,,
552,A,28,,ASP,DIRECT,20309,,,
552,A,28,,ASP,NEAR_SHELL,20309,,,
552,A,29,,THR,DIRECT,20309,,,
552,A,29,,THR,NEAR_SHELL,20309,,,
552,A,51,,GLU,DIRECT,20309,,,
552,A,51,,GLU,NEAR_SHELL,20309,,,
552,A,52,,VAL,NEAR_SHELL,20309,,,
552,A,53,,GLY,DIRECT,20309,,,
552,A,53,,GLY,NEAR_SHELL,20309,,,
552,A,54,,SER,DIRECT,20309,,,
552,A,54,,SER,NEAR_SHELL,20309,,,
552,A,55,,GLY,DIRECT,20309,,,
552,A,55,,GLY,NEAR_SHELL,20309,,,
552,A,56,,SER,NEAR_SHELL,20309,,,
552,A,58,,VAL,NEAR_SHELL,20309,,,
552,A,59,,VAL,DIRECT,20309,,,
552,A,59,,VAL,NEAR_SHELL,20309,,,
552,A,76,,THR,NEAR_SHELL,20309,,,
552,A,77,,ASP,DIRECT,20309,,,
552,A,77,,ASP,NEAR_SHELL,20309,,,
552,A,78,,ILE,DIRECT,20309,,,
552,A,78,,ILE,NEAR_SHELL,20309,,,
552,A,79,,ASN,DIRECT,20309,,,
552,A,79,,ASN,NEAR_SHELL,20309,,,
552,A,82,,ALA,NEAR_SHELL,20309,,,
552,A,102,,THR,DIRECT,20309,,,
552,A,102,,THR,NEAR_SHELL,20309,,,
552,A,103,,ASP,DIRECT,20309,,,
552,A,103,,ASP,NEAR_SHELL,20309,,,
552,A,104,,LEU,DIRECT,20309,,,
552,A,104,,LEU,NEAR_SHELL,20309,,,
552,A,121,,PHE,NEAR_SHELL,20309,,,
552,A,122,,ASN,DIRECT,20309,,,
552,A,122,,ASN,NEAR_SHELL,20309,,,
552,A,123,,PRO,DIRECT,20309,,,
552,A,123,,PRO,NEAR_SHELL,20309,,,
552,A,124,,PRO,DIRECT,20309,,,
552,A,124,,PRO,NEAR_SHELL,20309,,,
552,A,125,,TYR,DIRECT,20309,,,
552,A,125,,TYR,NEAR_SHELL,20309,,,
552,A,135,,SER,NEAR_SHELL,20309,,,
552,A,137,,GLY,NEAR_SHELL,20309,,,
552,A,140,,ALA,DIRECT,20309,,,
552,A,140,,ALA,NEAR_SHELL,20309,,,
552,A,141,,ALA,DIRECT,20309,,,
552,A,141,,ALA,NEAR_SHELL,20309,,,
552,A,142,,TRP,NEAR_SHELL,20309,,,
552,A,151,,VAL,NEAR_SHELL,20309,,,
552,A,154,,ARG,DIRECT,20309,,,
552,A,154,,ARG,NEAR_SHELL,20309,,,
553,A,83,,ILE,NEAR_SHELL,19085,Q9UBP6,83,MATCH
553,A,84,,GLY,DIRECT,19085,Q9UBP6,84,MATCH
553,A,84,,GLY,NEAR_SHELL,19085,Q9UBP6,84,MATCH
553,A,142,,MET,NEAR_SHELL,19085,Q9UBP6,142,MATCH
553,A,162,,PRO,NEAR_SHELL,19085,Q9UBP6,162,MATCH
553,A,163,,ASP,DIRECT,19085,Q9UBP6,163,MATCH
553,A,163,,ASP,NEAR_SHELL,19085,Q9UBP6,163,MATCH
553,A,239,,GLU,DIRECT,19085,Q9UBP6,239,MATCH
553,A,239,,GLU,NEAR_SHELL,19085,Q9UBP6,239,MATCH
554,A,243,,LYS,DIRECT,19085,,,
554,A,243,,LYS,NEAR_SHELL,19085,,,
554,A,247,,ASN,DIRECT,19085,,,
554,A,247,,ASN,NEAR_SHELL,19085,,,
555,A,149,,TYR,DIRECT,11774,,,
555,A,149,,TYR,NEAR_SHELL,11774,,,
555,A,150,,PHE,DIRECT,11774,,,
555,A,150,,PHE,NEAR_SHELL,11774,,,
555,A,153,,TYR,DIRECT,11774,,,
555,A,153,,TYR,NEAR_SHELL,11774,,,
555,A,159,,GLN,DIRECT,11774,,,
555,A,159,,GLN,NEAR_SHELL,11774,,,
555,A,162,,MET,DIRECT,11774,,,
555,A,162,,MET,NEAR_SHELL,11774,,,
555,A,163,,MET,DIRECT,11774,,,
555,A,163,,MET,NEAR_SHELL,11774,,,
555,A,168,,ARG,DIRECT,11774,,,
555,A,168,,ARG,NEAR_SHELL,11774,,,
555,A,169,,THR,DIRECT,11774,,,
555,A,169,,THR,NEAR_SHELL,11774,,,
555,A,172,,TYR,DIRECT,11774,,,
555,A,172,,TYR,NEAR_SHELL,11774,,,
555,A,190,,ASP,NEAR_SHELL,11774,,,
555,A,191,,VAL,NEAR_SHELL,11774,,,
555,A,192,,GLY,DIRECT,11774,,,
555,A,192,,GLY,NEAR_SHELL,11774,,,
555,A,193,,CYS,DIRECT,11774,,,
555,A,193,,CYS,NEAR_SHELL,11774,,,
555,A,194,,GLY,DIRECT,11774,,,
555,A,194,,GLY,NEAR_SHELL,11774,,,
555,A,195,,SER,NEAR_SHELL,11774,,,
555,A,197,,ILE,DIRECT,11774,,,
555,A,197,,ILE,NEAR_SHELL,11774,,,
555,A,198,,LEU,DIRECT,11774,,,
555,A,198,,LEU,NEAR_SHELL,11774,,,
555,A,201,,PHE,NEAR_SHELL,11774,,,
555,A,213,,VAL,NEAR_SHELL,11774,,,
555,A,214,,GLU,DIRECT,11774,,,
555,A,214,,GLU,NEAR_SHELL,11774,,,
555,A,215,,ALA,DIRECT,11774,,,
555,A,215,,ALA,NEAR_SHELL,11774,,,
555,A,240,,GLY,DIRECT,11774,,,
555,A,240,,GLY,NEAR_SHELL,11774,,,
555,A,241,,LYS,DIRECT,11774,,,
555,A,241,,LYS,NEAR_SHELL,11774,,,
555,A,242,,VAL,DIRECT,11774,,,
555,A,242,,VAL,NEAR_SHELL,11774,,,
555,A,243,,GLU,DIRECT,11774,,,
555,A,243,,GLU,NEAR_SHELL,11774,,,
555,A,257,,GLU,DIRECT,11774,,,
555,A,257,,GLU,NEAR_SHELL,11774,,,
555,A,268,,MET,DIRECT,11774,,,
555,A,268,,MET,NEAR_SHELL,11774,,,
555,A,271,,SER,DIRECT,11774,,,
555,A,271,,SER,NEAR_SHELL,11774,,,
556,A,149,,TYR,DIRECT,11774,,,
556,A,149,,TYR,NEAR_SHELL,11774,,,
556,A,150,,PHE,DIRECT,11774,,,
556,A,150,,PHE,NEAR_SHELL,11774,,,
556,A,153,,TYR,DIRECT,11774,,,
556,A,153,,TYR,NEAR_SHELL,11774,,,
556,A,159,,GLN,DIRECT,11774,,,
556,A,159,,GLN,NEAR_SHELL,11774,,,
556,A,162,,MET,DIRECT,11774,,,
556,A,162,,MET,NEAR_SHELL,11774,,,
556,A,163,,MET,DIRECT,11774,,,
556,A,163,,MET,NEAR_SHELL,11774,,,
556,A,168,,ARG,DIRECT,11774,,,
556,A,168,,ARG,NEAR_SHELL,11774,,,
556,A,169,,THR,DIRECT,11774,,,
556,A,169,,THR,NEAR_SHELL,11774,,,
556,A,172,,TYR,DIRECT,11774,,,
556,A,172,,TYR,NEAR_SHELL,11774,,,
556,A,190,,ASP,NEAR_SHELL,11774,,,
556,A,191,,VAL,NEAR_SHELL,11774,,,
556,A,192,,GLY,DIRECT,11774,,,
556,A,192,,GLY,NEAR_SHELL,11774,,,
556,A,193,,CYS,DIRECT,11774,,,
556,A,193,,CYS,NEAR_SHELL,11774,,,
556,A,194,,GLY,DIRECT,11774,,,
556,A,194,,GLY,NEAR_SHELL,11774,,,
556,A,195,,SER,NEAR_SHELL,11774,,,
556,A,197,,ILE,DIRECT,11774,,,
556,A,197,,ILE,NEAR_SHELL,11774,,,
556,A,198,,LEU,DIRECT,11774,,,
556,A,198,,LEU,NEAR_SHELL,11774,,,
556,A,201,,PHE,NEAR_SHELL,11774,,,
556,A,213,,VAL,NEAR_SHELL,11774,,,
556,A,214,,GLU,DIRECT,11774,,,
556,A,214,,GLU,NEAR_SHELL,11774,,,
556,A,215,,ALA,DIRECT,11774,,,
556,A,215,,ALA,NEAR_SHELL,11774,,,
556,A,240,,GLY,DIRECT,11774,,,
556,A,240,,GLY,NEAR_SHELL,11774,,,
556,A,241,,LYS,DIRECT,11774,,,
556,A,241,,LYS,NEAR_SHELL,11774,,,
556,A,242,,VAL,DIRECT,11774,,,
556,A,242,,VAL,NEAR_SHELL,11774,,,
556,A,243,,GLU,DIRECT,11774,,,
556,A,243,,GLU,NEAR_SHELL,11774,,,
556,A,257,,GLU,DIRECT,11774,,,
556,A,257,,GLU,NEAR_SHELL,11774,,,
556,A,268,,MET,DIRECT,11774,,,
556,A,268,,MET,NEAR_SHELL,11774,,,
556,A,271,,SER,DIRECT,11774,,,
556,A,271,,SER,NEAR_SHELL,11774,,,
557,A-2,149,,TYR,DIRECT,11774,,,
557,A-2,149,,TYR,NEAR_SHELL,11774,,,
557,A-2,150,,PHE,DIRECT,11774,,,
557,A-2,150,,PHE,NEAR_SHELL,11774,,,
557,A-2,153,,TYR,DIRECT,11774,,,
557,A-2,153,,TYR,NEAR_SHELL,11774,,,
557,A-2,159,,GLN,DIRECT,11774,,,
557,A-2,159,,GLN,NEAR_SHELL,11774,,,
557,A-2,162,,MET,DIRECT,11774,,,
557,A-2,162,,MET,NEAR_SHELL,11774,,,
557,A-2,163,,MET,DIRECT,11774,,,
557,A-2,163,,MET,NEAR_SHELL,11774,,,
557,A-2,168,,ARG,DIRECT,11774,,,
557,A-2,168,,ARG,NEAR_SHELL,11774,,,
557,A-2,169,,THR,DIRECT,11774,,,
557,A-2,169,,THR,NEAR_SHELL,11774,,,
557,A-2,172,,TYR,DIRECT,11774,,,
557,A-2,172,,TYR,NEAR_SHELL,11774,,,
557,A-2,190,,ASP,NEAR_SHELL,11774,,,
557,A-2,191,,VAL,NEAR_SHELL,11774,,,
557,A-2,192,,GLY,DIRECT,11774,,,
557,A-2,192,,GLY,NEAR_SHELL,11774,,,
557,A-2,193,,CYS,DIRECT,11774,,,
557,A-2,193,,CYS,NEAR_SHELL,11774,,,
557,A-2,194,,GLY,DIRECT,11774,,,
557,A-2,194,,GLY,NEAR_SHELL,11774,,,
557,A-2,195,,SER,NEAR_SHELL,11774,,,
557,A-2,197,,ILE,DIRECT,11774,,,
557,A-2,197,,ILE,NEAR_SHELL,11774,,,
557,A-2,198,,LEU,DIRECT,11774,,,
557,A-2,198,,LEU,NEAR_SHELL,11774,,,
557,A-2,201,,PHE,NEAR_SHELL,11774,,,
557,A-2,213,,VAL,NEAR_SHELL,11774,,,
557,A-2,214,,GLU,DIRECT,11774,,,
557,A-2,214,,GLU,NEAR_SHELL,11774,,,
557,A-2,215,,ALA,DIRECT,11774,,,
557,A-2,215,,ALA,NEAR_SHELL,11774,,,
557,A-2,240,,GLY,DIRECT,11774,,,
557,A-2,240,,GLY,NEAR_SHELL,11774,,,
557,A-2,241,,LYS,DIRECT,11774,,,
557,A-2,241,,LYS,NEAR_SHELL,11774,,,
557,A-2,242,,VAL,DIRECT,11774,,,
557,A-2,242,,VAL,NEAR_SHELL,11774,,,
557,A-2,243,,GLU,DIRECT,11774,,,
557,A-2,243,,GLU,NEAR_SHELL,11774,,,
557,A-2,257,,GLU,DIRECT,11774,,,
557,A-2,257,,GLU,NEAR_SHELL,11774,,,
557,A-2,268,,MET,DIRECT,11774,,,
557,A-2,268,,MET,NEAR_SHELL,11774,,,
557,A-2,271,,SER,DIRECT,11774,,,
557,A-2,271,,SER,NEAR_SHELL,11774,,,
558,A-2,149,,TYR,DIRECT,11774,,,
558,A-2,149,,TYR,NEAR_SHELL,11774,,,
558,A-2,150,,PHE,DIRECT,11774,,,
558,A-2,150,,PHE,NEAR_SHELL,11774,,,
558,A-2,153,,TYR,DIRECT,11774,,,
558,A-2,153,,TYR,NEAR_SHELL,11774,,,
558,A-2,159,,GLN,DIRECT,11774,,,
558,A-2,159,,GLN,NEAR_SHELL,11774,,,
558,A-2,162,,MET,DIRECT,11774,,,
558,A-2,162,,MET,NEAR_SHELL,11774,,,
558,A-2,163,,MET,DIRECT,11774,,,
558,A-2,163,,MET,NEAR_SHELL,11774,,,
558,A-2,168,,ARG,DIRECT,11774,,,
558,A-2,168,,ARG,NEAR_SHELL,11774,,,
558,A-2,169,,THR,DIRECT,11774,,,
558,A-2,169,,THR,NEAR_SHELL,11774,,,
558,A-2,172,,TYR,DIRECT,11774,,,
558,A-2,172,,TYR,NEAR_SHELL,11774,,,
558,A-2,190,,ASP,NEAR_SHELL,11774,,,
558,A-2,191,,VAL,NEAR_SHELL,11774,,,
558,A-2,192,,GLY,DIRECT,11774,,,
558,A-2,192,,GLY,NEAR_SHELL,11774,,,
558,A-2,193,,CYS,DIRECT,11774,,,
558,A-2,193,,CYS,NEAR_SHELL,11774,,,
558,A-2,194,,GLY,DIRECT,11774,,,
558,A-2,194,,GLY,NEAR_SHELL,11774,,,
558,A-2,195,,SER,NEAR_SHELL,11774,,,
558,A-2,197,,ILE,DIRECT,11774,,,
558,A-2,197,,ILE,NEAR_SHELL,11774,,,
558,A-2,198,,LEU,DIRECT,11774,,,
558,A-2,198,,LEU,NEAR_SHELL,11774,,,
558,A-2,201,,PHE,NEAR_SHELL,11774,,,
558,A-2,213,,VAL,NEAR_SHELL,11774,,,
558,A-2,214,,GLU,DIRECT,11774,,,
558,A-2,214,,GLU,NEAR_SHELL,11774,,,
558,A-2,215,,ALA,DIRECT,11774,,,
558,A-2,215,,ALA,NEAR_SHELL,11774,,,
558,A-2,240,,GLY,DIRECT,11774,,,
558,A-2,240,,GLY,NEAR_SHELL,11774,,,
558,A-2,241,,LYS,DIRECT,11774,,,
558,A-2,241,,LYS,NEAR_SHELL,11774,,,
558,A-2,242,,VAL,DIRECT,11774,,,
558,A-2,242,,VAL,NEAR_SHELL,11774,,,
558,A-2,243,,GLU,DIRECT,11774,,,
558,A-2,243,,GLU,NEAR_SHELL,11774,,,
558,A-2,257,,GLU,DIRECT,11774,,,
558,A-2,257,,GLU,NEAR_SHELL,11774,,,
558,A-2,268,,MET,DIRECT,11774,,,
558,A-2,268,,MET,NEAR_SHELL,11774,,,
558,A-2,271,,SER,DIRECT,11774,,,
558,A-2,271,,SER,NEAR_SHELL,11774,,,
559,A,268,,TYR,DIRECT,8324,,,
559,A,268,,TYR,NEAR_SHELL,8324,,,
559,A,269,,LYS,DIRECT,8324,,,
559,A,269,,LYS,NEAR_SHELL,8324,,,
559,A,270,,ASP,DIRECT,8324,,,
559,A,270,,ASP,NEAR_SHELL,8324,,,
559,A,273,,GLN,NEAR_SHELL,8324,,,
559,A,277,,TYR,DIRECT,8324,,,
559,A,277,,TYR,NEAR_SHELL,8324,,,
559,A,297,,PHE,DIRECT,8324,,,
559,A,297,,PHE,NEAR_SHELL,8324,,,
559,A,299,,ASP,DIRECT,8324,,,
559,A,299,,ASP,NEAR_SHELL,8324,,,
559,A,301,,TYR,DIRECT,8324,,,
559,A,301,,TYR,NEAR_SHELL,8324,,,
559,A,358,,TRP,DIRECT,8324,,,
559,A,358,,TRP,NEAR_SHELL,8324,,,
559,A,363,,TRP,DIRECT,8324,,,
559,A,363,,TRP,NEAR_SHELL,8324,,,
559,A,379,,PHE,DIRECT,8324,,,
559,A,379,,PHE,NEAR_SHELL,8324,,,
559,A,381,,ASP,NEAR_SHELL,8324,,,
559,A,382,,ASP,DIRECT,8324,,,
559,A,382,,ASP,NEAR_SHELL,8324,,,
559,A,384,,ARG,DIRECT,8324,,,
559,A,384,,ARG,NEAR_SHELL,8324,,,
559,A,385,,CYS,DIRECT,8324,,,
559,A,385,,CYS,NEAR_SHELL,8324,,,
559,A,386,,GLU,DIRECT,8324,,,
559,A,386,,GLU,NEAR_SHELL,8324,,,
559,A,387,,TRP,DIRECT,8324,,,
559,A,387,,TRP,NEAR_SHELL,8324,,,
560,A,40,,CYS,DIRECT,17671,Q9H867,40,MATCH
560,A,40,,CYS,NEAR_SHELL,17671,Q9H867,40,MATCH
560,A,41,,VAL,DIRECT,17671,Q9H867,41,MATCH
560,A,41,,VAL,NEAR_SHELL,17671,Q9H867,41,MATCH
560,A,42,,VAL,DIRECT,17671,Q9H867,42,MATCH
560,A,42,,VAL,NEAR_SHELL,17671,Q9H867,42,MATCH
560,A,43,,TRP,DIRECT,17671,Q9H867,43,MATCH
560,A,43,,TRP,NEAR_SHELL,17671,Q9H867,43,MATCH
560,A,46,,ALA,DIRECT,17671,Q9H867,46,MATCH
560,A,46,,ALA,NEAR_SHELL,17671,Q9H867,46,MATCH
560,A,73,,GLU,NEAR_SHELL,17671,Q9H867,73,MATCH
560,A,75,,GLY,DIRECT,17671,Q9H867,75,MATCH
560,A,75,,GLY,NEAR_SHELL,17671,Q9H867,75,MATCH
560,A,76,,SER,DIRECT,17671,Q9H867,76,MATCH
560,A,76,,SER,NEAR_SHELL,17671,Q9H867,76,MATCH
560,A,77,,GLY,DIRECT,17671,Q9H867,77,MATCH
560,A,77,,GLY,NEAR_SHELL,17671,Q9H867,77,MATCH
560,A,78,,THR,NEAR_SHELL,17671,Q9H867,78,MATCH
560,A,96,,ASP,DIRECT,17671,Q9H867,96,MATCH
560,A,96,,ASP,NEAR_SHELL,17671,Q9H867,96,MATCH
560,A,97,,LEU,DIRECT,17671,Q9H867,97,MATCH
560,A,97,,LEU,NEAR_SHELL,17671,Q9H867,97,MATCH
560,A,100,,LEU,DIRECT,17671,Q9H867,100,MATCH
560,A,100,,LEU,NEAR_SHELL,17671,Q9H867,100,MATCH
560,A,124,,LEU,DIRECT,17671,Q9H867,124,MATCH
560,A,124,,LEU,NEAR_SHELL,17671,Q9H867,124,MATCH
560,A,125,,LYS,DIRECT,17671,Q9H867,125,MATCH
560,A,125,,LYS,NEAR_SHELL,17671,Q9H867,125,MATCH
560,A,126,,TRP,DIRECT,17671,Q9H867,126,MATCH
560,A,126,,TRP,NEAR_SHELL,17671,Q9H867,126,MATCH
560,A,143,,ALA,DIRECT,17671,Q9H867,143,MATCH
560,A,143,,ALA,NEAR_SHELL,17671,Q9H867,143,MATCH
560,A,144,,ASP,DIRECT,17671,Q9H867,144,MATCH
560,A,144,,ASP,NEAR_SHELL,17671,Q9H867,144,MATCH
560,A,145,,CYS,NEAR_SHELL,17671,Q9H867,145,MATCH
560,A,148,,TYR,DIRECT,17671,Q9H867,148,MATCH
560,A,148,,TYR,NEAR_SHELL,17671,Q9H867,148,MATCH
560,A,151,,SER,DIRECT,17671,Q9H867,151,MATCH
560,A,151,,SER,NEAR_SHELL,17671,Q9H867,151,MATCH
560,A,154,,PRO,NEAR_SHELL,17671,Q9H867,154,MATCH
560,A,176,,ARG,NEAR_SHELL,17671,Q9H867,176,MATCH
561,A,5,,PRO,DIRECT,971,A6NJ78,74,MATCH
561,A,5,,PRO,NEAR_SHELL,971,A6NJ78,74,MATCH
561,A,6,,VAL,NEAR_SHELL,971,A6NJ78,75,MATCH
561,A,26,,MET,NEAR_SHELL,971,A6NJ78,95,MATCH
561,A,27,,THR,DIRECT,971,A6NJ78,96,MATCH
561,A,27,,THR,NEAR_SHELL,971,A6NJ78,96,MATCH
561,A,28,,PHE,DIRECT,971,A6NJ78,97,MATCH
561,A,28,,PHE,NEAR_SHELL,971,A6NJ78,97,MATCH
561,A,29,,GLY,DIRECT,971,A6NJ78,98,MATCH
561,A,29,,GLY,NEAR_SHELL,971,A6NJ78,98,MATCH
561,A,30,,SER,DIRECT,971,A6NJ78,99,MATCH
561,A,30,,SER,NEAR_SHELL,971,A6NJ78,99,MATCH
561,A,32,,GLY,DIRECT,971,A6NJ78,101,MATCH
561,A,32,,GLY,NEAR_SHELL,971,A6NJ78,101,MATCH
561,A,33,,HIS,DIRECT,971,A6NJ78,102,MATCH
561,A,33,,HIS,NEAR_SHELL,971,A6NJ78,102,MATCH
561,A,50,,ASP,DIRECT,971,A6NJ78,119,MATCH
561,A,50,,ASP,NEAR_SHELL,971,A6NJ78,119,MATCH
561,A,51,,ARG,DIRECT,971,A6NJ78,120,MATCH
561,A,51,,ARG,NEAR_SHELL,971,A6NJ78,120,MATCH
561,A,75,,GLY,DIRECT,971,A6NJ78,144,MATCH
561,A,75,,GLY,NEAR_SHELL,971,A6NJ78,144,MATCH
561,A,77,,PHE,DIRECT,971,A6NJ78,146,MATCH
561,A,77,,PHE,NEAR_SHELL,971,A6NJ78,146,MATCH
561,A,100,,ASP,DIRECT,971,A6NJ78,169,MATCH
561,A,100,,ASP,NEAR_SHELL,971,A6NJ78,169,MATCH
561,A,101,,LEU,DIRECT,971,A6NJ78,170,MATCH
561,A,101,,LEU,NEAR_SHELL,971,A6NJ78,170,MATCH
561,A,102,,GLY,DIRECT,971,A6NJ78,171,MATCH
561,A,102,,GLY,NEAR_SHELL,971,A6NJ78,171,MATCH
561,A,103,,CYS,DIRECT,971,A6NJ78,172,MATCH
561,A,103,,CYS,NEAR_SHELL,971,A6NJ78,172,MATCH
561,A,104,,SER,DIRECT,971,A6NJ78,173,MATCH
561,A,104,,SER,NEAR_SHELL,971,A6NJ78,173,MATCH
561,A,105,,SER,NEAR_SHELL,971,A6NJ78,174,MATCH
561,A,107,,GLN,DIRECT,971,A6NJ78,176,MATCH
561,A,107,,GLN,NEAR_SHELL,971,A6NJ78,176,MATCH
561,A,127,,MET,DIRECT,971,A6NJ78,196,MATCH
561,A,127,,MET,NEAR_SHELL,971,A6NJ78,196,MATCH
561,A,226,,GLU,NEAR_SHELL,971,A6NJ78,295,MATCH
561,A,229,,GLU,DIRECT,971,A6NJ78,298,MATCH
561,A,229,,GLU,NEAR_SHELL,971,A6NJ78,298,MATCH
561,A,252,,PHE,NEAR_SHELL,971,A6NJ78,321,MATCH
562,A,13,,ASN,NEAR_SHELL,17626,Q9H7B4,13,SUBSTITUTION
562,A,14,,ARG,DIRECT,17626,Q9H7B4,14,MATCH
562,A,14,,ARG,NEAR_SHELL,17626,Q9H7B4,14,MATCH
562,A,15,,GLY,DIRECT,17626,Q9H7B4,15,MATCH
562,A,15,,GLY,NEAR_SHELL,17626,Q9H7B4,15,MATCH
562,A,16,,ASN,DIRECT,17626,Q9H7B4,16,MATCH
562,A,16,,ASN,NEAR_SHELL,17626,Q9H7B4,16,MATCH
562,A,124,,TYR,DIRECT,17626,Q9H7B4,124,MATCH
562,A,124,,TYR,NEAR_SHELL,17626,Q9H7B4,124,MATCH
562,A,130,,GLU,DIRECT,17626,Q9H7B4,130,MATCH
562,A,130,,GLU,NEAR_SHELL,17626,Q9H7B4,130,MATCH
562,A,132,,ASN,DIRECT,17626,Q9H7B4,132,MATCH
562,A,132,,ASN,NEAR_SHELL,17626,Q9H7B4,132,MATCH
562,A,135,,LYS,NEAR_SHELL,17626,Q9H7B4,135,MATCH
562,A,180,,CYS,DIRECT,17626,Q9H7B4,180,MATCH
562,A,180,,CYS,NEAR_SHELL,17626,Q9H7B4,180,MATCH
562,A,181,,ASN,DIRECT,17626,Q9H7B4,181,MATCH
562,A,181,,ASN,NEAR_SHELL,17626,Q9H7B4,181,MATCH
562,A,202,,SER,DIRECT,17626,Q9H7B4,202,MATCH
562,A,202,,SER,NEAR_SHELL,17626,Q9H7B4,202,MATCH
562,A,204,,LEU,DIRECT,17626,Q9H7B4,204,MATCH
562,A,204,,LEU,NEAR_SHELL,17626,Q9H7B4,204,MATCH
562,A,205,,ASN,DIRECT,17626,Q9H7B4,205,MATCH
562,A,205,,ASN,NEAR_SHELL,17626,Q9H7B4,205,MATCH
562,A,206,,HIS,DIRECT,17626,Q9H7B4,206,MATCH
562,A,206,,HIS,NEAR_SHELL,17626,Q9H7B4,206,MATCH
562,A,207,,SER,NEAR_SHELL,17626,Q9H7B4,207,MATCH
562,A,239,,TYR,DIRECT,17626,Q9H7B4,239,MATCH
562,A,239,,TYR,NEAR_SHELL,17626,Q9H7B4,239,MATCH
562,A,257,,TYR,DIRECT,17626,Q9H7B4,257,MATCH
562,A,257,,TYR,NEAR_SHELL,17626,Q9H7B4,257,MATCH
562,A,258,,CYS,NEAR_SHELL,17626,Q9H7B4,258,MATCH
562,A,259,,PHE,DIRECT,17626,Q9H7B4,259,MATCH
562,A,259,,PHE,NEAR_SHELL,17626,Q9H7B4,259,MATCH
562,A,260,,GLU,NEAR_SHELL,17626,Q9H7B4,260,MATCH
562,A,261,,CYS,NEAR_SHELL,17626,Q9H7B4,261,MATCH
562,A,262,,ASP,NEAR_SHELL,17626,Q9H7B4,262,MATCH
563,A,96,,ARG,NEAR_SHELL,17626,,,
563,A,97,,TYR,NEAR_SHELL,17626,,,
563,A,98,,PRO,NEAR_SHELL,17626,,,
563,A,99,,PRO,DIRECT,17626,,,
563,A,99,,PRO,NEAR_SHELL,17626,,,
563,A,146,,GLN,NEAR_SHELL,17626,,,
563,A,150,,THR,DIRECT,17626,,,
563,A,150,,THR,NEAR_SHELL,17626,,,
564,A,1470,,PRO,NEAR_SHELL,16909,Q9BYW2,1470,MATCH
564,A,1559,,LYS,NEAR_SHELL,16909,Q9BYW2,1559,MATCH
564,A,1560,,LYS,DIRECT,16909,Q9BYW2,1560,MATCH
564,A,1560,,LYS,NEAR_SHELL,16909,Q9BYW2,1560,MATCH
564,A,1562,,TRP,DIRECT,16909,Q9BYW2,1562,MATCH
564,A,1562,,TRP,NEAR_SHELL,16909,Q9BYW2,1562,MATCH
564,A,1602,,ILE,NEAR_SHELL,16909,Q9BYW2,1602,MATCH
564,A,1603,,HIS,DIRECT,16909,Q9BYW2,1603,MATCH
564,A,1603,,HIS,NEAR_SHELL,16909,Q9BYW2,1603,MATCH
564,A,1604,,TYR,DIRECT,16909,Q9BYW2,1604,MATCH
564,A,1604,,TYR,NEAR_SHELL,16909,Q9BYW2,1604,MATCH
564,A,1605,,TYR,DIRECT,16909,Q9BYW2,1605,MATCH
564,A,1605,,TYR,NEAR_SHELL,16909,Q9BYW2,1605,MATCH
564,A,1625,,ARG,DIRECT,16909,Q9BYW2,1625,MATCH
564,A,1625,,ARG,NEAR_SHELL,16909,Q9BYW2,1625,MATCH
564,A,1626,,PHE,DIRECT,16909,Q9BYW2,1626,MATCH
564,A,1626,,PHE,NEAR_SHELL,16909,Q9BYW2,1626,MATCH
564,A,1628,,ASN,DIRECT,16909,Q9BYW2,1628,MATCH
564,A,1628,,ASN,NEAR_SHELL,16909,Q9BYW2,1628,MATCH
564,A,1629,,HIS,DIRECT,16909,Q9BYW2,1629,MATCH
564,A,1629,,HIS,NEAR_SHELL,16909,Q9BYW2,1629,MATCH
564,A,1666,,TYR,DIRECT,16909,Q9BYW2,1666,MATCH
564,A,1666,,TYR,NEAR_SHELL,16909,Q9BYW2,1666,MATCH
564,A,1668,,PHE,NEAR_SHELL,16909,Q9BYW2,1668,MATCH
564,A,1676,,GLN,DIRECT,16909,Q9BYW2,1676,MATCH
564,A,1676,,GLN,NEAR_SHELL,16909,Q9BYW2,1676,MATCH
564,A,1677,,LYS,DIRECT,16909,Q9BYW2,1677,MATCH
564,A,1677,,LYS,NEAR_SHELL,16909,Q9BYW2,1677,MATCH
564,A,1678,,CYS,DIRECT,16909,Q9BYW2,1678,MATCH
564,A,1678,,CYS,NEAR_SHELL,16909,Q9BYW2,1678,MATCH
564,A,1679,,PHE,DIRECT,16909,Q9BYW2,1679,MATCH
564,A,1679,,PHE,NEAR_SHELL,16909,Q9BYW2,1679,MATCH
564,A,1689,,LEU,NEAR_SHELL,16909,Q9BYW2,1689,MATCH
565,A,177,,ASN,NEAR_SHELL,2005,O43148,177,MATCH
565,A,180,,LYS,DIRECT,2005,O43148,180,MATCH
565,A,180,,LYS,NEAR_SHELL,2005,O43148,180,MATCH
565,A,207,,GLY,DIRECT,2005,O43148,207,MATCH
565,A,207,,GLY,NEAR_SHELL,2005,O43148,207,MATCH
565,A,208,,LYS,NEAR_SHELL,2005,O43148,208,MATCH
565,A,210,,GLY,NEAR_SHELL,2005,O43148,210,MATCH
565,A,228,,ILE,DIRECT,2005,O43148,228,MATCH
565,A,228,,ILE,NEAR_SHELL,2005,O43148,228,MATCH
565,A,232,,SER,NEAR_SHELL,2005,O43148,232,MATCH
565,A,261,,ASP,NEAR_SHELL,2005,O43148,261,MATCH
565,A,263,,SER,DIRECT,2005,O43148,263,MATCH
565,A,263,,SER,NEAR_SHELL,2005,O43148,263,MATCH
565,A,285,,PHE,DIRECT,2005,O43148,285,MATCH
565,A,285,,PHE,NEAR_SHELL,2005,O43148,285,MATCH
565,A,289,,TYR,DIRECT,2005,O43148,289,MATCH
565,A,289,,TYR,NEAR_SHELL,2005,O43148,289,MATCH
566,A,173,,ARG,NEAR_SHELL,2005,,,
566,A,176,,ASN,DIRECT,2005,,,
566,A,176,,ASN,NEAR_SHELL,2005,,,
566,A,177,,ASN,NEAR_SHELL,2005,O43148,177,MATCH
566,A,180,,LYS,NEAR_SHELL,2005,O43148,180,MATCH
566,A,285,,PHE,DIRECT,2005,O43148,285,MATCH
566,A,285,,PHE,NEAR_SHELL,2005,O43148,285,MATCH
566,A,288,,HIS,NEAR_SHELL,2005,,,
566,A,289,,TYR,DIRECT,2005,O43148,289,MATCH
566,A,289,,TYR,NEAR_SHELL,2005,O43148,289,MATCH
566,A,360,,PHE,DIRECT,2005,,,
566,A,360,,PHE,NEAR_SHELL,2005,,,
566,A,362,,LEU,DIRECT,2005,,,
566,A,362,,LEU,NEAR_SHELL,2005,,,
566,A,365,,VAL,DIRECT,2005,,,
566,A,365,,VAL,NEAR_SHELL,2005,,,
566,A,366,,VAL,DIRECT,2005,,,
566,A,366,,VAL,NEAR_SHELL,2005,,,
566,A,368,,VAL,NEAR_SHELL,2005,,,
566,A,370,,GLU,NEAR_SHELL,2005,,,
566,A,467,,TYR,DIRECT,2005,,,
566,A,467,,TYR,NEAR_SHELL,2005,,,
567,A,23,,TYR,DIRECT,19308,,,
567,A,23,,TYR,DIRECT,20309,,,
567,A,23,,TYR,NEAR_SHELL,19308,,,
567,A,23,,TYR,NEAR_SHELL,20309,,,
567,A,25,,PRO,NEAR_SHELL,19308,,,
567,A,25,,PRO,NEAR_SHELL,20309,,,
567,A,28,,ASP,DIRECT,19308,,,
567,A,28,,ASP,DIRECT,20309,,,
567,A,28,,ASP,NEAR_SHELL,19308,,,
567,A,28,,ASP,NEAR_SHELL,20309,,,
567,A,29,,THR,DIRECT,19308,,,
567,A,29,,THR,DIRECT,20309,,,
567,A,29,,THR,NEAR_SHELL,19308,,,
567,A,29,,THR,NEAR_SHELL,20309,,,
567,A,51,,GLU,DIRECT,19308,,,
567,A,51,,GLU,DIRECT,20309,,,
567,A,51,,GLU,NEAR_SHELL,19308,,,
567,A,51,,GLU,NEAR_SHELL,20309,,,
567,A,52,,VAL,NEAR_SHELL,19308,,,
567,A,52,,VAL,NEAR_SHELL,20309,,,
567,A,53,,GLY,DIRECT,19308,,,
567,A,53,,GLY,DIRECT,20309,,,
567,A,53,,GLY,NEAR_SHELL,19308,,,
567,A,53,,GLY,NEAR_SHELL,20309,,,
567,A,54,,SER,DIRECT,19308,,,
567,A,54,,SER,DIRECT,20309,,,
567,A,54,,SER,NEAR_SHELL,19308,,,
567,A,54,,SER,NEAR_SHELL,20309,,,
567,A,55,,GLY,DIRECT,19308,,,
567,A,55,,GLY,DIRECT,20309,,,
567,A,55,,GLY,NEAR_SHELL,19308,,,
567,A,55,,GLY,NEAR_SHELL,20309,,,
567,A,56,,SER,NEAR_SHELL,19308,,,
567,A,56,,SER,NEAR_SHELL,20309,,,
567,A,58,,VAL,NEAR_SHELL,19308,,,
567,A,58,,VAL,NEAR_SHELL,20309,,,
567,A,59,,VAL,DIRECT,19308,,,
567,A,59,,VAL,DIRECT,20309,,,
567,A,59,,VAL,NEAR_SHELL,19308,,,
567,A,59,,VAL,NEAR_SHELL,20309,,,
567,A,76,,THR,NEAR_SHELL,19308,,,
567,A,76,,THR,NEAR_SHELL,20309,,,
567,A,77,,ASP,DIRECT,19308,,,
567,A,77,,ASP,DIRECT,20309,,,
567,A,77,,ASP,NEAR_SHELL,19308,,,
567,A,77,,ASP,NEAR_SHELL,20309,,,
567,A,78,,ILE,DIRECT,19308,,,
567,A,78,,ILE,DIRECT,20309,,,
567,A,78,,ILE,NEAR_SHELL,19308,,,
567,A,78,,ILE,NEAR_SHELL,20309,,,
567,A,79,,ASN,NEAR_SHELL,19308,,,
567,A,79,,ASN,NEAR_SHELL,20309,,,
567,A,82,,ALA,NEAR_SHELL,19308,,,
567,A,82,,ALA,NEAR_SHELL,20309,,,
567,A,102,,THR,DIRECT,19308,,,
567,A,102,,THR,DIRECT,20309,,,
567,A,102,,THR,NEAR_SHELL,19308,,,
567,A,102,,THR,NEAR_SHELL,20309,,,
567,A,103,,ASP,DIRECT,19308,,,
567,A,103,,ASP,DIRECT,20309,,,
567,A,103,,ASP,NEAR_SHELL,19308,,,
567,A,103,,ASP,NEAR_SHELL,20309,,,
567,A,104,,LEU,DIRECT,19308,,,
567,A,104,,LEU,DIRECT,20309,,,
567,A,104,,LEU,NEAR_SHELL,19308,,,
567,A,104,,LEU,NEAR_SHELL,20309,,,
567,A,121,,PHE,NEAR_SHELL,19308,,,
567,A,121,,PHE,NEAR_SHELL,20309,,,
567,A,122,,ASN,DIRECT,19308,,,
567,A,122,,ASN,DIRECT,20309,,,
567,A,122,,ASN,NEAR_SHELL,19308,,,
567,A,122,,ASN,NEAR_SHELL,20309,,,
567,A,123,,PRO,DIRECT,19308,,,
567,A,123,,PRO,DIRECT,20309,,,
567,A,123,,PRO,NEAR_SHELL,19308,,,
567,A,123,,PRO,NEAR_SHELL,20309,,,
567,A,124,,PRO,DIRECT,19308,,,
567,A,124,,PRO,DIRECT,20309,,,
567,A,124,,PRO,NEAR_SHELL,19308,,,
567,A,124,,PRO,NEAR_SHELL,20309,,,
567,A,125,,TYR,DIRECT,19308,,,
567,A,125,,TYR,DIRECT,20309,,,
567,A,125,,TYR,NEAR_SHELL,19308,,,
567,A,125,,TYR,NEAR_SHELL,20309,,,
567,A,126,,VAL,NEAR_SHELL,19308,,,
567,A,126,,VAL,NEAR_SHELL,20309,,,
567,A,140,,ALA,DIRECT,19308,,,
567,A,140,,ALA,DIRECT,20309,,,
567,A,140,,ALA,NEAR_SHELL,19308,,,
567,A,140,,ALA,NEAR_SHELL,20309,,,
567,A,141,,ALA,DIRECT,19308,,,
567,A,141,,ALA,DIRECT,20309,,,
567,A,141,,ALA,NEAR_SHELL,19308,,,
567,A,141,,ALA,NEAR_SHELL,20309,,,
567,A,142,,TRP,DIRECT,19308,,,
567,A,142,,TRP,DIRECT,20309,,,
567,A,142,,TRP,NEAR_SHELL,19308,,,
567,A,142,,TRP,NEAR_SHELL,20309,,,
567,A,151,,VAL,NEAR_SHELL,19308,,,
567,A,151,,VAL,NEAR_SHELL,20309,,,
568,A,23,,TYR,DIRECT,20309,,,
568,A,23,,TYR,NEAR_SHELL,20309,,,
568,A,25,,PRO,NEAR_SHELL,20309,,,
568,A,28,,ASP,DIRECT,20309,,,
568,A,28,,ASP,NEAR_SHELL,20309,,,
568,A,29,,THR,DIRECT,20309,,,
568,A,29,,THR,NEAR_SHELL,20309,,,
568,A,51,,GLU,DIRECT,20309,,,
568,A,51,,GLU,NEAR_SHELL,20309,,,
568,A,52,,VAL,NEAR_SHELL,20309,,,
568,A,53,,GLY,DIRECT,20309,,,
568,A,53,,GLY,NEAR_SHELL,20309,,,
568,A,54,,SER,DIRECT,20309,,,
568,A,54,,SER,NEAR_SHELL,20309,,,
568,A,55,,GLY,DIRECT,20309,,,
568,A,55,,GLY,NEAR_SHELL,20309,,,
568,A,56,,SER,NEAR_SHELL,20309,,,
568,A,58,,VAL,NEAR_SHELL,20309,,,
568,A,59,,VAL,DIRECT,20309,,,
568,A,59,,VAL,NEAR_SHELL,20309,,,
568,A,76,,THR,NEAR_SHELL,20309,,,
568,A,77,,ASP,DIRECT,20309,,,
568,A,77,,ASP,NEAR_SHELL,20309,,,
568,A,78,,ILE,DIRECT,20309,,,
568,A,78,,ILE,NEAR_SHELL,20309,,,
568,A,79,,ASN,DIRECT,20309,,,
568,A,79,,ASN,NEAR_SHELL,20309,,,
568,A,82,,ALA,NEAR_SHELL,20309,,,
568,A,102,,THR,DIRECT,20309,,,
568,A,102,,THR,NEAR_SHELL,20309,,,
568,A,103,,ASP,DIRECT,20309,,,
568,A,103,,ASP,NEAR_SHELL,20309,,,
568,A,104,,LEU,DIRECT,20309,,,
568,A,104,,LEU,NEAR_SHELL,20309,,,
568,A,121,,PHE,NEAR_SHELL,20309,,,
568,A,122,,ASN,DIRECT,20309,,,
568,A,122,,ASN,NEAR_SHELL,20309,,,
568,A,123,,PRO,DIRECT,20309,,,
568,A,123,,PRO,NEAR_SHELL,20309,,,
568,A,124,,PRO,DIRECT,20309,,,
568,A,124,,PRO,NEAR_SHELL,20309,,,
568,A,125,,TYR,DIRECT,20309,,,
568,A,125,,TYR,NEAR_SHELL,20309,,,
568,A,126,,VAL,NEAR_SHELL,20309,,,
568,A,135,,SER,NEAR_SHELL,20309,,,
568,A,137,,GLY,NEAR_SHELL,20309,,,
568,A,140,,ALA,DIRECT,20309,,,
568,A,140,,ALA,NEAR_SHELL,20309,,,
568,A,141,,ALA,DIRECT,20309,,,
568,A,141,,ALA,NEAR_SHELL,20309,,,
568,A,142,,TRP,DIRECT,20309,,,
568,A,142,,TRP,NEAR_SHELL,20309,,,
568,A,151,,VAL,NEAR_SHELL,20309,,,
568,A,154,,ARG,DIRECT,20309,,,
568,A,154,,ARG,NEAR_SHELL,20309,,,
568,A,204,,GLU,NEAR_SHELL,20309,,,
569,A,221,,PHE,NEAR_SHELL,2392,,,
569,A,224,,TYR,DIRECT,2392,,,
569,A,224,,TYR,NEAR_SHELL,2392,,,
569,A,230,,HIS,DIRECT,2392,,,
569,A,230,,HIS,NEAR_SHELL,2392,,,
569,A,233,,MET,DIRECT,2392,,,
569,A,233,,MET,NEAR_SHELL,2392,,,
569,A,234,,LEU,DIRECT,2392,,,
569,A,234,,LEU,NEAR_SHELL,2392,,,
569,A,239,,ARG,DIRECT,2392,,,
569,A,239,,ARG,NEAR_SHELL,2392,,,
569,A,240,,THR,DIRECT,2392,,,
569,A,240,,THR,NEAR_SHELL,2392,,,
569,A,243,,TYR,DIRECT,2392,,,
569,A,243,,TYR,NEAR_SHELL,2392,,,
569,A,261,,ASP,NEAR_SHELL,2392,,,
569,A,262,,VAL,NEAR_SHELL,2392,,,
569,A,263,,GLY,DIRECT,2392,,,
569,A,263,,GLY,NEAR_SHELL,2392,,,
569,A,264,,CYS,DIRECT,2392,,,
569,A,264,,CYS,NEAR_SHELL,2392,,,
569,A,265,,GLY,DIRECT,2392,,,
569,A,265,,GLY,NEAR_SHELL,2392,,,
569,A,266,,THR,NEAR_SHELL,2392,,,
569,A,268,,ILE,DIRECT,2392,,,
569,A,268,,ILE,NEAR_SHELL,2392,,,
569,A,269,,LEU,DIRECT,2392,,,
569,A,269,,LEU,NEAR_SHELL,2392,,,
569,A,272,,PHE,NEAR_SHELL,2392,,,
569,A,284,,VAL,NEAR_SHELL,2392,,,
569,A,285,,ASP,DIRECT,2392,,,
569,A,285,,ASP,NEAR_SHELL,2392,,,
569,A,286,,GLN,DIRECT,2392,,,
569,A,286,,GLN,NEAR_SHELL,2392,,,
569,A,311,,GLY,DIRECT,2392,,,
569,A,311,,GLY,NEAR_SHELL,2392,,,
569,A,312,,LYS,DIRECT,2392,,,
569,A,312,,LYS,NEAR_SHELL,2392,,,
569,A,313,,ILE,DIRECT,2392,,,
569,A,313,,ILE,NEAR_SHELL,2392,,,
569,A,314,,GLU,DIRECT,2392,,,
569,A,314,,GLU,NEAR_SHELL,2392,,,
569,A,329,,GLU,DIRECT,2392,,,
569,A,329,,GLU,NEAR_SHELL,2392,,,
569,A,340,,MET,DIRECT,2392,,,
569,A,340,,MET,NEAR_SHELL,2392,,,
569,A,343,,SER,DIRECT,2392,,,
569,A,343,,SER,NEAR_SHELL,2392,,,
569,A,513,,ARG,NEAR_SHELL,2392,,,
570,A-2,221,,PHE,NEAR_SHELL,2392,,,
570,A-2,224,,TYR,DIRECT,2392,,,
570,A-2,224,,TYR,NEAR_SHELL,2392,,,
570,A-2,230,,HIS,DIRECT,2392,,,
570,A-2,230,,HIS,NEAR_SHELL,2392,,,
570,A-2,233,,MET,DIRECT,2392,,,
570,A-2,233,,MET,NEAR_SHELL,2392,,,
570,A-2,234,,LEU,DIRECT,2392,,,
570,A-2,234,,LEU,NEAR_SHELL,2392,,,
570,A-2,239,,ARG,DIRECT,2392,,,
570,A-2,239,,ARG,NEAR_SHELL,2392,,,
570,A-2,240,,THR,DIRECT,2392,,,
570,A-2,240,,THR,NEAR_SHELL,2392,,,
570,A-2,243,,TYR,DIRECT,2392,,,
570,A-2,243,,TYR,NEAR_SHELL,2392,,,
570,A-2,261,,ASP,NEAR_SHELL,2392,,,
570,A-2,262,,VAL,NEAR_SHELL,2392,,,
570,A-2,263,,GLY,DIRECT,2392,,,
570,A-2,263,,GLY,NEAR_SHELL,2392,,,
570,A-2,264,,CYS,DIRECT,2392,,,
570,A-2,264,,CYS,NEAR_SHELL,2392,,,
570,A-2,265,,GLY,DIRECT,2392,,,
570,A-2,265,,GLY,NEAR_SHELL,2392,,,
570,A-2,266,,THR,NEAR_SHELL,2392,,,
570,A-2,268,,ILE,DIRECT,2392,,,
570,A-2,268,,ILE,NEAR_SHELL,2392,,,
570,A-2,269,,LEU,DIRECT,2392,,,
570,A-2,269,,LEU,NEAR_SHELL,2392,,,
570,A-2,272,,PHE,NEAR_SHELL,2392,,,
570,A-2,284,,VAL,NEAR_SHELL,2392,,,
570,A-2,285,,ASP,DIRECT,2392,,,
570,A-2,285,,ASP,NEAR_SHELL,2392,,,
570,A-2,286,,GLN,DIRECT,2392,,,
570,A-2,286,,GLN,NEAR_SHELL,2392,,,
570,A-2,311,,GLY,DIRECT,2392,,,
570,A-2,311,,GLY,NEAR_SHELL,2392,,,
570,A-2,312,,LYS,DIRECT,2392,,,
570,A-2,312,,LYS,NEAR_SHELL,2392,,,
570,A-2,313,,ILE,DIRECT,2392,,,
570,A-2,313,,ILE,NEAR_SHELL,2392,,,
570,A-2,314,,GLU,DIRECT,2392,,,
570,A-2,314,,GLU,NEAR_SHELL,2392,,,
570,A-2,329,,GLU,DIRECT,2392,,,
570,A-2,329,,GLU,NEAR_SHELL,2392,,,
570,A-2,340,,MET,DIRECT,2392,,,
570,A-2,340,,MET,NEAR_SHELL,2392,,,
570,A-2,343,,SER,DIRECT,2392,,,
570,A-2,343,,SER,NEAR_SHELL,2392,,,
570,A-2,513,,ARG,NEAR_SHELL,2392,,,
571,A,149,,TYR,DIRECT,11774,,,
571,A,149,,TYR,NEAR_SHELL,11774,,,
571,A,150,,PHE,DIRECT,11774,,,
571,A,150,,PHE,NEAR_SHELL,11774,,,
571,A,153,,TYR,DIRECT,11774,,,
571,A,153,,TYR,NEAR_SHELL,11774,,,
571,A,159,,GLN,DIRECT,11774,,,
571,A,159,,GLN,NEAR_SHELL,11774,,,
571,A,162,,MET,NEAR_SHELL,11774,,,
571,A,163,,MET,NEAR_SHELL,11774,,,
571,A,168,,ARG,DIRECT,11774,,,
571,A,168,,ARG,NEAR_SHELL,11774,,,
571,A,169,,THR,DIRECT,11774,,,
571,A,169,,THR,NEAR_SHELL,11774,,,
571,A,172,,TYR,DIRECT,11774,,,
571,A,172,,TYR,NEAR_SHELL,11774,,,
571,A,190,,ASP,NEAR_SHELL,11774,,,
571,A,191,,VAL,NEAR_SHELL,11774,,,
571,A,192,,GLY,DIRECT,11774,,,
571,A,192,,GLY,NEAR_SHELL,11774,,,
571,A,193,,CYS,DIRECT,11774,,,
571,A,193,,CYS,NEAR_SHELL,11774,,,
571,A,194,,GLY,DIRECT,11774,,,
571,A,194,,GLY,NEAR_SHELL,11774,,,
571,A,195,,SER,NEAR_SHELL,11774,,,
571,A,197,,ILE,DIRECT,11774,,,
571,A,197,,ILE,NEAR_SHELL,11774,,,
571,A,198,,LEU,DIRECT,11774,,,
571,A,198,,LEU,NEAR_SHELL,11774,,,
571,A,201,,PHE,NEAR_SHELL,11774,,,
571,A,213,,VAL,NEAR_SHELL,11774,,,
571,A,214,,GLU,DIRECT,11774,,,
571,A,214,,GLU,NEAR_SHELL,11774,,,
571,A,215,,ALA,DIRECT,11774,,,
571,A,215,,ALA,NEAR_SHELL,11774,,,
571,A,240,,GLY,DIRECT,11774,,,
571,A,240,,GLY,NEAR_SHELL,11774,,,
571,A,241,,LYS,DIRECT,11774,,,
571,A,241,,LYS,NEAR_SHELL,11774,,,
571,A,242,,VAL,DIRECT,11774,,,
571,A,242,,VAL,NEAR_SHELL,11774,,,
571,A,243,,GLU,DIRECT,11774,,,
571,A,243,,GLU,NEAR_SHELL,11774,,,
571,A,257,,GLU,DIRECT,11774,,,
571,A,257,,GLU,NEAR_SHELL,11774,,,
571,A,259,,MET,DIRECT,11774,,,
571,A,259,,MET,NEAR_SHELL,11774,,,
571,A,260,,GLY,NEAR_SHELL,11774,,,
571,A,266,,GLU,DIRECT,11774,,,
571,A,266,,GLU,NEAR_SHELL,11774,,,
571,A,267,,ARG,NEAR_SHELL,11774,,,
571,A,268,,MET,DIRECT,11774,,,
571,A,268,,MET,NEAR_SHELL,11774,,,
571,A,271,,SER,DIRECT,11774,,,
571,A,271,,SER,NEAR_SHELL,11774,,,
571,A,415,,TRP,NEAR_SHELL,11774,,,
572,A-2,149,,TYR,DIRECT,11774,,,
572,A-2,149,,TYR,NEAR_SHELL,11774,,,
572,A-2,150,,PHE,DIRECT,11774,,,
572,A-2,150,,PHE,NEAR_SHELL,11774,,,
572,A-2,153,,TYR,DIRECT,11774,,,
572,A-2,153,,TYR,NEAR_SHELL,11774,,,
572,A-2,159,,GLN,DIRECT,11774,,,
572,A-2,159,,GLN,NEAR_SHELL,11774,,,
572,A-2,162,,MET,NEAR_SHELL,11774,,,
572,A-2,163,,MET,NEAR_SHELL,11774,,,
572,A-2,168,,ARG,DIRECT,11774,,,
572,A-2,168,,ARG,NEAR_SHELL,11774,,,
572,A-2,169,,THR,DIRECT,11774,,,
572,A-2,169,,THR,NEAR_SHELL,11774,,,
572,A-2,172,,TYR,DIRECT,11774,,,
572,A-2,172,,TYR,NEAR_SHELL,11774,,,
572,A-2,190,,ASP,NEAR_SHELL,11774,,,
572,A-2,191,,VAL,NEAR_SHELL,11774,,,
572,A-2,192,,GLY,DIRECT,11774,,,
572,A-2,192,,GLY,NEAR_SHELL,11774,,,
572,A-2,193,,CYS,DIRECT,11774,,,
572,A-2,193,,CYS,NEAR_SHELL,11774,,,
572,A-2,194,,GLY,DIRECT,11774,,,
572,A-2,194,,GLY,NEAR_SHELL,11774,,,
572,A-2,195,,SER,NEAR_SHELL,11774,,,
572,A-2,197,,ILE,DIRECT,11774,,,
572,A-2,197,,ILE,NEAR_SHELL,11774,,,
572,A-2,198,,LEU,DIRECT,11774,,,
572,A-2,198,,LEU,NEAR_SHELL,11774,,,
572,A-2,201,,PHE,NEAR_SHELL,11774,,,
572,A-2,213,,VAL,NEAR_SHELL,11774,,,
572,A-2,214,,GLU,DIRECT,11774,,,
572,A-2,214,,GLU,NEAR_SHELL,11774,,,
572,A-2,215,,ALA,DIRECT,11774,,,
572,A-2,215,,ALA,NEAR_SHELL,11774,,,
572,A-2,240,,GLY,DIRECT,11774,,,
572,A-2,240,,GLY,NEAR_SHELL,11774,,,
572,A-2,241,,LYS,DIRECT,11774,,,
572,A-2,241,,LYS,NEAR_SHELL,11774,,,
572,A-2,242,,VAL,DIRECT,11774,,,
572,A-2,242,,VAL,NEAR_SHELL,11774,,,
572,A-2,243,,GLU,DIRECT,11774,,,
572,A-2,243,,GLU,NEAR_SHELL,11774,,,
572,A-2,257,,GLU,DIRECT,11774,,,
572,A-2,257,,GLU,NEAR_SHELL,11774,,,
572,A-2,259,,MET,DIRECT,11774,,,
572,A-2,259,,MET,NEAR_SHELL,11774,,,
572,A-2,260,,GLY,NEAR_SHELL,11774,,,
572,A-2,266,,GLU,DIRECT,11774,,,
572,A-2,266,,GLU,NEAR_SHELL,11774,,,
572,A-2,267,,ARG,NEAR_SHELL,11774,,,
572,A-2,268,,MET,DIRECT,11774,,,
572,A-2,268,,MET,NEAR_SHELL,11774,,,
572,A-2,271,,SER,DIRECT,11774,,,
572,A-2,271,,SER,NEAR_SHELL,11774,,,
572,A-2,415,,TRP,NEAR_SHELL,11774,,,
573,A,98,,HIS,DIRECT,9082,Q4FZB7,98,MATCH
573,A,98,,HIS,NEAR_SHELL,9082,Q4FZB7,98,MATCH
573,A,203,,TYR,DIRECT,9082,Q4FZB7,203,MATCH
573,A,203,,TYR,NEAR_SHELL,9082,Q4FZB7,203,MATCH
573,A,205,,SER,DIRECT,9082,Q4FZB7,205,MATCH
573,A,205,,SER,NEAR_SHELL,9082,Q4FZB7,205,MATCH
573,A,206,,GLU,DIRECT,9082,Q4FZB7,206,MATCH
573,A,206,,GLU,NEAR_SHELL,9082,Q4FZB7,206,MATCH
573,A,208,,ASN,NEAR_SHELL,9082,Q4FZB7,208,MATCH
573,A,209,,GLY,NEAR_SHELL,9082,Q4FZB7,209,MATCH
573,A,210,,ALA,DIRECT,9082,Q4FZB7,210,MATCH
573,A,210,,ALA,NEAR_SHELL,9082,Q4FZB7,210,MATCH
573,A,249,,ASP,NEAR_SHELL,9082,Q4FZB7,249,MATCH
573,A,250,,PHE,DIRECT,9082,Q4FZB7,250,MATCH
573,A,250,,PHE,NEAR_SHELL,9082,Q4FZB7,250,MATCH
573,A,251,,SER,NEAR_SHELL,9082,Q4FZB7,251,MATCH
573,A,268,,ALA,NEAR_SHELL,9082,Q4FZB7,268,MATCH
573,A,269,,ALA,DIRECT,9082,Q4FZB7,269,MATCH
573,A,269,,ALA,NEAR_SHELL,9082,Q4FZB7,269,MATCH
573,A,270,,PHE,DIRECT,9082,Q4FZB7,270,MATCH
573,A,270,,PHE,NEAR_SHELL,9082,Q4FZB7,270,MATCH
573,A,271,,ILE,DIRECT,9082,Q4FZB7,271,MATCH
573,A,271,,ILE,NEAR_SHELL,9082,Q4FZB7,271,MATCH
573,A,272,,ASN,DIRECT,9082,Q4FZB7,272,MATCH
573,A,272,,ASN,NEAR_SHELL,9082,Q4FZB7,272,MATCH
573,A,273,,HIS,DIRECT,9082,Q4FZB7,273,MATCH
573,A,273,,HIS,NEAR_SHELL,9082,Q4FZB7,273,MATCH
573,A,307,,TYR,DIRECT,9082,Q4FZB7,307,MATCH
573,A,307,,TYR,NEAR_SHELL,9082,Q4FZB7,307,MATCH
573,A,311,,PHE,NEAR_SHELL,9082,Q4FZB7,311,MATCH
573,A,312,,PHE,DIRECT,9082,Q4FZB7,312,MATCH
573,A,312,,PHE,NEAR_SHELL,9082,Q4FZB7,312,MATCH
573,A,318,,PHE,NEAR_SHELL,9082,Q4FZB7,318,MATCH
573,A,319,,CYS,DIRECT,9082,Q4FZB7,319,MATCH
573,A,319,,CYS,NEAR_SHELL,9082,Q4FZB7,319,MATCH
573,A,320,,GLU,DIRECT,9082,Q4FZB7,320,MATCH
573,A,320,,GLU,NEAR_SHELL,9082,Q4FZB7,320,MATCH
573,A,321,,CYS,DIRECT,9082,Q4FZB7,321,MATCH
573,A,321,,CYS,NEAR_SHELL,9082,Q4FZB7,321,MATCH
574,A,229,,GLY,DIRECT,9082,,,
574,A,229,,GLY,NEAR_SHELL,9082,,,
574,A,249,,ASP,NEAR_SHELL,9082,Q4FZB7,249,MATCH
574,A,250,,PHE,NEAR_SHELL,9082,Q4FZB7,250,MATCH
574,A,251,,SER,DIRECT,9082,Q4FZB7,251,MATCH
574,A,251,,SER,NEAR_SHELL,9082,Q4FZB7,251,MATCH
574,A,252,,VAL,DIRECT,9082,,,
574,A,252,,VAL,NEAR_SHELL,9082,,,
574,A,253,,MET,DIRECT,9082,,,
574,A,253,,MET,NEAR_SHELL,9082,,,
574,A,264,,TRP,DIRECT,9082,,,
574,A,264,,TRP,NEAR_SHELL,9082,,,
574,A,268,,ALA,DIRECT,9082,Q4FZB7,268,MATCH
574,A,268,,ALA,NEAR_SHELL,9082,Q4FZB7,268,MATCH
574,A,269,,ALA,DIRECT,9082,Q4FZB7,269,MATCH
574,A,269,,ALA,NEAR_SHELL,9082,Q4FZB7,269,MATCH
574,A,281,,PHE,DIRECT,9082,,,
574,A,281,,PHE,NEAR_SHELL,9082,,,
574,A,282,,VAL,NEAR_SHELL,9082,,,
574,A,283,,SER,DIRECT,9082,,,
574,A,283,,SER,NEAR_SHELL,9082,,,
574,A,289,,ALA,DIRECT,9082,,,
574,A,289,,ALA,NEAR_SHELL,9082,,,
574,A,307,,TYR,DIRECT,9082,Q4FZB7,307,MATCH
574,A,307,,TYR,NEAR_SHELL,9082,Q4FZB7,307,MATCH
574,A,311,,PHE,DIRECT,9082,Q4FZB7,311,MATCH
574,A,311,,PHE,NEAR_SHELL,9082,Q4FZB7,311,MATCH
575,A,150,,TYR,DIRECT,11774,,,
575,A,150,,TYR,NEAR_SHELL,11774,,,
575,A,151,,PHE,DIRECT,11774,,,
575,A,151,,PHE,NEAR_SHELL,11774,,,
575,A,154,,TYR,DIRECT,11774,,,
575,A,154,,TYR,NEAR_SHELL,11774,,,
575,A,159,,GLN,NEAR_SHELL,11774,,,
575,A,160,,GLN,NEAR_SHELL,11774,,,
575,A,162,,ASN,NEAR_SHELL,11774,,,
575,A,163,,MET,DIRECT,11774,,,
575,A,163,,MET,NEAR_SHELL,11774,,,
575,A,166,,ASP,NEAR_SHELL,11774,,,
575,A,169,,ARG,DIRECT,11774,,,
575,A,169,,ARG,NEAR_SHELL,11774,,,
575,A,192,,VAL,NEAR_SHELL,11774,,,
575,A,193,,GLY,DIRECT,11774,,,
575,A,193,,GLY,NEAR_SHELL,11774,,,
575,A,195,,GLY,NEAR_SHELL,11774,,,
575,A,214,,VAL,NEAR_SHELL,11774,,,
575,A,215,,GLU,DIRECT,11774,,,
575,A,215,,GLU,NEAR_SHELL,11774,,,
575,A,216,,ALA,DIRECT,11774,,,
575,A,216,,ALA,NEAR_SHELL,11774,,,
575,A,241,,GLY,DIRECT,11774,,,
575,A,241,,GLY,NEAR_SHELL,11774,,,
575,A,242,,LYS,DIRECT,11774,,,
575,A,242,,LYS,NEAR_SHELL,11774,,,
575,A,243,,VAL,DIRECT,11774,,,
575,A,243,,VAL,NEAR_SHELL,11774,,,
575,A,244,,GLU,DIRECT,11774,,,
575,A,244,,GLU,NEAR_SHELL,11774,,,
575,A,258,,GLU,DIRECT,11774,,,
575,A,258,,GLU,NEAR_SHELL,11774,,,
575,A,259,,PRO,NEAR_SHELL,11774,,,
575,A,260,,MET,DIRECT,11774,,,
575,A,260,,MET,NEAR_SHELL,11774,,,
575,A,262,,TYR,NEAR_SHELL,11774,,,
575,A,267,,GLU,DIRECT,11774,,,
575,A,267,,GLU,NEAR_SHELL,11774,,,
575,A,269,,MET,DIRECT,11774,,,
575,A,269,,MET,NEAR_SHELL,11774,,,
575,A,272,,SER,DIRECT,11774,,,
575,A,272,,SER,NEAR_SHELL,11774,,,
575,A,414,,THR,NEAR_SHELL,11774,,,
575,A,415,,HIS,DIRECT,11774,,,
575,A,415,,HIS,NEAR_SHELL,11774,,,
575,A,416,,TRP,DIRECT,11774,,,
575,A,416,,TRP,NEAR_SHELL,11774,,,
575,A,447,,GLN,NEAR_SHELL,11774,,,
576,A,150,,TYR,DIRECT,11774,,,
576,A,150,,TYR,NEAR_SHELL,11774,,,
576,A,151,,PHE,DIRECT,11774,,,
576,A,151,,PHE,NEAR_SHELL,11774,,,
576,A,154,,TYR,DIRECT,11774,,,
576,A,154,,TYR,NEAR_SHELL,11774,,,
576,A,159,,GLN,NEAR_SHELL,11774,,,
576,A,160,,GLN,NEAR_SHELL,11774,,,
576,A,163,,MET,DIRECT,11774,,,
576,A,163,,MET,NEAR_SHELL,11774,,,
576,A,166,,ASP,NEAR_SHELL,11774,,,
576,A,169,,ARG,NEAR_SHELL,11774,,,
576,A,192,,VAL,NEAR_SHELL,11774,,,
576,A,193,,GLY,DIRECT,11774,,,
576,A,193,,GLY,NEAR_SHELL,11774,,,
576,A,195,,GLY,NEAR_SHELL,11774,,,
576,A,214,,VAL,NEAR_SHELL,11774,,,
576,A,215,,GLU,DIRECT,11774,,,
576,A,215,,GLU,NEAR_SHELL,11774,,,
576,A,216,,ALA,DIRECT,11774,,,
576,A,216,,ALA,NEAR_SHELL,11774,,,
576,A,241,,GLY,DIRECT,11774,,,
576,A,241,,GLY,NEAR_SHELL,11774,,,
576,A,242,,LYS,DIRECT,11774,,,
576,A,242,,LYS,NEAR_SHELL,11774,,,
576,A,243,,VAL,DIRECT,11774,,,
576,A,243,,VAL,NEAR_SHELL,11774,,,
576,A,244,,GLU,DIRECT,11774,,,
576,A,244,,GLU,NEAR_SHELL,11774,,,
576,A,258,,GLU,DIRECT,11774,,,
576,A,258,,GLU,NEAR_SHELL,11774,,,
576,A,259,,PRO,NEAR_SHELL,11774,,,
576,A,260,,MET,DIRECT,11774,,,
576,A,260,,MET,NEAR_SHELL,11774,,,
576,A,262,,TYR,DIRECT,11774,,,
576,A,262,,TYR,NEAR_SHELL,11774,,,
576,A,266,,ASN,NEAR_SHELL,11774,,,
576,A,267,,GLU,DIRECT,11774,,,
576,A,267,,GLU,NEAR_SHELL,11774,,,
576,A,269,,MET,DIRECT,11774,,,
576,A,269,,MET,NEAR_SHELL,11774,,,
576,A,272,,SER,DIRECT,11774,,,
576,A,272,,SER,NEAR_SHELL,11774,,,
576,A,415,,HIS,DIRECT,11774,,,
576,A,415,,HIS,NEAR_SHELL,11774,,,
576,A,416,,TRP,DIRECT,11774,,,
576,A,416,,TRP,NEAR_SHELL,11774,,,
576,A,447,,GLN,NEAR_SHELL,11774,,,
577,B,150,,TYR,DIRECT,11774,,,
577,B,150,,TYR,NEAR_SHELL,11774,,,
577,B,151,,PHE,DIRECT,11774,,,
577,B,151,,PHE,NEAR_SHELL,11774,,,
577,B,154,,TYR,DIRECT,11774,,,
577,B,154,,TYR,NEAR_SHELL,11774,,,
577,B,160,,GLN,NEAR_SHELL,11774,,,
577,B,162,,ASN,NEAR_SHELL,11774,,,
577,B,163,,MET,DIRECT,11774,,,
577,B,163,,MET,NEAR_SHELL,11774,,,
577,B,166,,ASP,DIRECT,11774,,,
577,B,166,,ASP,NEAR_SHELL,11774,,,
577,B,169,,ARG,DIRECT,11774,,,
577,B,169,,ARG,NEAR_SHELL,11774,,,
577,B,192,,VAL,NEAR_SHELL,11774,,,
577,B,193,,GLY,DIRECT,11774,,,
577,B,193,,GLY,NEAR_SHELL,11774,,,
577,B,195,,GLY,NEAR_SHELL,11774,,,
577,B,214,,VAL,NEAR_SHELL,11774,,,
577,B,215,,GLU,DIRECT,11774,,,
577,B,215,,GLU,NEAR_SHELL,11774,,,
577,B,216,,ALA,DIRECT,11774,,,
577,B,216,,ALA,NEAR_SHELL,11774,,,
577,B,241,,GLY,DIRECT,11774,,,
577,B,241,,GLY,NEAR_SHELL,11774,,,
577,B,242,,LYS,DIRECT,11774,,,
577,B,242,,LYS,NEAR_SHELL,11774,,,
577,B,243,,VAL,DIRECT,11774,,,
577,B,243,,VAL,NEAR_SHELL,11774,,,
577,B,244,,GLU,DIRECT,11774,,,
577,B,244,,GLU,NEAR_SHELL,11774,,,
577,B,258,,GLU,DIRECT,11774,,,
577,B,258,,GLU,NEAR_SHELL,11774,,,
577,B,259,,PRO,NEAR_SHELL,11774,,,
577,B,260,,MET,DIRECT,11774,,,
577,B,260,,MET,NEAR_SHELL,11774,,,
577,B,261,,GLY,NEAR_SHELL,11774,,,
577,B,262,,TYR,NEAR_SHELL,11774,,,
577,B,267,,GLU,DIRECT,11774,,,
577,B,267,,GLU,NEAR_SHELL,11774,,,
577,B,269,,MET,DIRECT,11774,,,
577,B,269,,MET,NEAR_SHELL,11774,,,
577,B,272,,SER,DIRECT,11774,,,
577,B,272,,SER,NEAR_SHELL,11774,,,
577,B,414,,THR,NEAR_SHELL,11774,,,
577,B,415,,HIS,DIRECT,11774,,,
577,B,415,,HIS,NEAR_SHELL,11774,,,
577,B,416,,TRP,DIRECT,11774,,,
577,B,416,,TRP,NEAR_SHELL,11774,,,
578,B,150,,TYR,DIRECT,11774,,,
578,B,150,,TYR,NEAR_SHELL,11774,,,
578,B,151,,PHE,DIRECT,11774,,,
578,B,151,,PHE,NEAR_SHELL,11774,,,
578,B,154,,TYR,DIRECT,11774,,,
578,B,154,,TYR,NEAR_SHELL,11774,,,
578,B,160,,GLN,NEAR_SHELL,11774,,,
578,B,163,,MET,DIRECT,11774,,,
578,B,163,,MET,NEAR_SHELL,11774,,,
578,B,166,,ASP,NEAR_SHELL,11774,,,
578,B,169,,ARG,NEAR_SHELL,11774,,,
578,B,192,,VAL,NEAR_SHELL,11774,,,
578,B,193,,GLY,DIRECT,11774,,,
578,B,193,,GLY,NEAR_SHELL,11774,,,
578,B,195,,GLY,NEAR_SHELL,11774,,,
578,B,214,,VAL,NEAR_SHELL,11774,,,
578,B,215,,GLU,DIRECT,11774,,,
578,B,215,,GLU,NEAR_SHELL,11774,,,
578,B,216,,ALA,DIRECT,11774,,,
578,B,216,,ALA,NEAR_SHELL,11774,,,
578,B,241,,GLY,DIRECT,11774,,,
578,B,241,,GLY,NEAR_SHELL,11774,,,
578,B,242,,LYS,DIRECT,11774,,,
578,B,242,,LYS,NEAR_SHELL,11774,,,
578,B,243,,VAL,DIRECT,11774,,,
578,B,243,,VAL,NEAR_SHELL,11774,,,
578,B,244,,GLU,DIRECT,11774,,,
578,B,244,,GLU,NEAR_SHELL,11774,,,
578,B,258,,GLU,DIRECT,11774,,,
578,B,258,,GLU,NEAR_SHELL,11774,,,
578,B,259,,PRO,NEAR_SHELL,11774,,,
578,B,260,,MET,DIRECT,11774,,,
578,B,260,,MET,NEAR_SHELL,11774,,,
578,B,261,,GLY,NEAR_SHELL,11774,,,
578,B,262,,TYR,DIRECT,11774,,,
578,B,262,,TYR,NEAR_SHELL,11774,,,
578,B,266,,ASN,NEAR_SHELL,11774,,,
578,B,267,,GLU,DIRECT,11774,,,
578,B,267,,GLU,NEAR_SHELL,11774,,,
578,B,269,,MET,DIRECT,11774,,,
578,B,269,,MET,NEAR_SHELL,11774,,,
578,B,272,,SER,DIRECT,11774,,,
578,B,272,,SER,NEAR_SHELL,11774,,,
578,B,415,,HIS,DIRECT,11774,,,
578,B,415,,HIS,NEAR_SHELL,11774,,,
578,B,416,,TRP,DIRECT,11774,,,
578,B,416,,TRP,NEAR_SHELL,11774,,,
579,C,150,,TYR,DIRECT,11774,,,
579,C,150,,TYR,NEAR_SHELL,11774,,,
579,C,151,,PHE,DIRECT,11774,,,
579,C,151,,PHE,NEAR_SHELL,11774,,,
579,C,154,,TYR,DIRECT,11774,,,
579,C,154,,TYR,NEAR_SHELL,11774,,,
579,C,160,,GLN,NEAR_SHELL,11774,,,
579,C,162,,ASN,NEAR_SHELL,11774,,,
579,C,163,,MET,NEAR_SHELL,11774,,,
579,C,166,,ASP,NEAR_SHELL,11774,,,
579,C,169,,ARG,NEAR_SHELL,11774,,,
579,C,192,,VAL,NEAR_SHELL,11774,,,
579,C,193,,GLY,DIRECT,11774,,,
579,C,193,,GLY,NEAR_SHELL,11774,,,
579,C,194,,CYS,NEAR_SHELL,11774,,,
579,C,195,,GLY,DIRECT,11774,,,
579,C,195,,GLY,NEAR_SHELL,11774,,,
579,C,214,,VAL,NEAR_SHELL,11774,,,
579,C,215,,GLU,DIRECT,11774,,,
579,C,215,,GLU,NEAR_SHELL,11774,,,
579,C,216,,ALA,DIRECT,11774,,,
579,C,216,,ALA,NEAR_SHELL,11774,,,
579,C,217,,SER,NEAR_SHELL,11774,,,
579,C,241,,GLY,DIRECT,11774,,,
579,C,241,,GLY,NEAR_SHELL,11774,,,
579,C,242,,LYS,DIRECT,11774,,,
579,C,242,,LYS,NEAR_SHELL,11774,,,
579,C,243,,VAL,DIRECT,11774,,,
579,C,243,,VAL,NEAR_SHELL,11774,,,
579,C,244,,GLU,DIRECT,11774,,,
579,C,244,,GLU,NEAR_SHELL,11774,,,
579,C,258,,GLU,DIRECT,11774,,,
579,C,258,,GLU,NEAR_SHELL,11774,,,
579,C,260,,MET,DIRECT,11774,,,
579,C,260,,MET,NEAR_SHELL,11774,,,
579,C,261,,GLY,NEAR_SHELL,11774,,,
579,C,262,,TYR,DIRECT,11774,,,
579,C,262,,TYR,NEAR_SHELL,11774,,,
579,C,267,,GLU,DIRECT,11774,,,
579,C,267,,GLU,NEAR_SHELL,11774,,,
579,C,269,,MET,DIRECT,11774,,,
579,C,269,,MET,NEAR_SHELL,11774,,,
579,C,272,,SER,DIRECT,11774,,,
579,C,272,,SER,NEAR_SHELL,11774,,,
579,C,415,,HIS,DIRECT,11774,,,
579,C,415,,HIS,NEAR_SHELL,11774,,,
579,C,416,,TRP,DIRECT,11774,,,
579,C,416,,TRP,NEAR_SHELL,11774,,,
579,C,447,,GLN,NEAR_SHELL,11774,,,
580,C,150,,TYR,DIRECT,11774,,,
580,C,150,,TYR,NEAR_SHELL,11774,,,
580,C,151,,PHE,DIRECT,11774,,,
580,C,151,,PHE,NEAR_SHELL,11774,,,
580,C,154,,TYR,DIRECT,11774,,,
580,C,154,,TYR,NEAR_SHELL,11774,,,
580,C,160,,GLN,NEAR_SHELL,11774,,,
580,C,163,,MET,DIRECT,11774,,,
580,C,163,,MET,NEAR_SHELL,11774,,,
580,C,166,,ASP,NEAR_SHELL,11774,,,
580,C,169,,ARG,NEAR_SHELL,11774,,,
580,C,192,,VAL,NEAR_SHELL,11774,,,
580,C,193,,GLY,DIRECT,11774,,,
580,C,193,,GLY,NEAR_SHELL,11774,,,
580,C,194,,CYS,NEAR_SHELL,11774,,,
580,C,195,,GLY,NEAR_SHELL,11774,,,
580,C,214,,VAL,NEAR_SHELL,11774,,,
580,C,215,,GLU,DIRECT,11774,,,
580,C,215,,GLU,NEAR_SHELL,11774,,,
580,C,216,,ALA,DIRECT,11774,,,
580,C,216,,ALA,NEAR_SHELL,11774,,,
580,C,217,,SER,NEAR_SHELL,11774,,,
580,C,241,,GLY,DIRECT,11774,,,
580,C,241,,GLY,NEAR_SHELL,11774,,,
580,C,242,,LYS,DIRECT,11774,,,
580,C,242,,LYS,NEAR_SHELL,11774,,,
580,C,243,,VAL,DIRECT,11774,,,
580,C,243,,VAL,NEAR_SHELL,11774,,,
580,C,244,,GLU,DIRECT,11774,,,
580,C,244,,GLU,NEAR_SHELL,11774,,,
580,C,258,,GLU,DIRECT,11774,,,
580,C,258,,GLU,NEAR_SHELL,11774,,,
580,C,260,,MET,DIRECT,11774,,,
580,C,260,,MET,NEAR_SHELL,11774,,,
580,C,261,,GLY,NEAR_SHELL,11774,,,
580,C,262,,TYR,DIRECT,11774,,,
580,C,262,,TYR,NEAR_SHELL,11774,,,
580,C,266,,ASN,NEAR_SHELL,11774,,,
580,C,267,,GLU,DIRECT,11774,,,
580,C,267,,GLU,NEAR_SHELL,11774,,,
580,C,269,,MET,DIRECT,11774,,,
580,C,269,,MET,NEAR_SHELL,11774,,,
580,C,272,,SER,DIRECT,11774,,,
580,C,272,,SER,NEAR_SHELL,11774,,,
580,C,415,,HIS,DIRECT,11774,,,
580,C,415,,HIS,NEAR_SHELL,11774,,,
580,C,416,,TRP,DIRECT,11774,,,
580,C,416,,TRP,NEAR_SHELL,11774,,,
580,C,447,,GLN,NEAR_SHELL,11774,,,
581,D,150,,TYR,DIRECT,11774,,,
581,D,150,,TYR,NEAR_SHELL,11774,,,
581,D,151,,PHE,DIRECT,11774,,,
581,D,151,,PHE,NEAR_SHELL,11774,,,
581,D,154,,TYR,DIRECT,11774,,,
581,D,154,,TYR,NEAR_SHELL,11774,,,
581,D,160,,GLN,NEAR_SHELL,11774,,,
581,D,163,,MET,NEAR_SHELL,11774,,,
581,D,166,,ASP,DIRECT,11774,,,
581,D,166,,ASP,NEAR_SHELL,11774,,,
581,D,169,,ARG,NEAR_SHELL,11774,,,
581,D,192,,VAL,NEAR_SHELL,11774,,,
581,D,193,,GLY,DIRECT,11774,,,
581,D,193,,GLY,NEAR_SHELL,11774,,,
581,D,195,,GLY,NEAR_SHELL,11774,,,
581,D,214,,VAL,NEAR_SHELL,11774,,,
581,D,215,,GLU,DIRECT,11774,,,
581,D,215,,GLU,NEAR_SHELL,11774,,,
581,D,216,,ALA,DIRECT,11774,,,
581,D,216,,ALA,NEAR_SHELL,11774,,,
581,D,217,,SER,NEAR_SHELL,11774,,,
581,D,241,,GLY,DIRECT,11774,,,
581,D,241,,GLY,NEAR_SHELL,11774,,,
581,D,242,,LYS,DIRECT,11774,,,
581,D,242,,LYS,NEAR_SHELL,11774,,,
581,D,243,,VAL,DIRECT,11774,,,
581,D,243,,VAL,NEAR_SHELL,11774,,,
581,D,244,,GLU,DIRECT,11774,,,
581,D,244,,GLU,NEAR_SHELL,11774,,,
581,D,258,,GLU,DIRECT,11774,,,
581,D,258,,GLU,NEAR_SHELL,11774,,,
581,D,259,,PRO,NEAR_SHELL,11774,,,
581,D,260,,MET,DIRECT,11774,,,
581,D,260,,MET,NEAR_SHELL,11774,,,
581,D,261,,GLY,NEAR_SHELL,11774,,,
581,D,262,,TYR,NEAR_SHELL,11774,,,
581,D,267,,GLU,DIRECT,11774,,,
581,D,267,,GLU,NEAR_SHELL,11774,,,
581,D,269,,MET,DIRECT,11774,,,
581,D,269,,MET,NEAR_SHELL,11774,,,
581,D,272,,SER,DIRECT,11774,,,
581,D,272,,SER,NEAR_SHELL,11774,,,
581,D,414,,THR,NEAR_SHELL,11774,,,
581,D,415,,HIS,DIRECT,11774,,,
581,D,415,,HIS,NEAR_SHELL,11774,,,
581,D,416,,TRP,DIRECT,11774,,,
581,D,416,,TRP,NEAR_SHELL,11774,,,
582,D,150,,TYR,DIRECT,11774,,,
582,D,150,,TYR,NEAR_SHELL,11774,,,
582,D,151,,PHE,DIRECT,11774,,,
582,D,151,,PHE,NEAR_SHELL,11774,,,
582,D,154,,TYR,DIRECT,11774,,,
582,D,154,,TYR,NEAR_SHELL,11774,,,
582,D,160,,GLN,NEAR_SHELL,11774,,,
582,D,163,,MET,DIRECT,11774,,,
582,D,163,,MET,NEAR_SHELL,11774,,,
582,D,166,,ASP,NEAR_SHELL,11774,,,
582,D,169,,ARG,NEAR_SHELL,11774,,,
582,D,192,,VAL,NEAR_SHELL,11774,,,
582,D,193,,GLY,DIRECT,11774,,,
582,D,193,,GLY,NEAR_SHELL,11774,,,
582,D,195,,GLY,NEAR_SHELL,11774,,,
582,D,214,,VAL,NEAR_SHELL,11774,,,
582,D,215,,GLU,DIRECT,11774,,,
582,D,215,,GLU,NEAR_SHELL,11774,,,
582,D,216,,ALA,DIRECT,11774,,,
582,D,216,,ALA,NEAR_SHELL,11774,,,
582,D,217,,SER,NEAR_SHELL,11774,,,
582,D,241,,GLY,DIRECT,11774,,,
582,D,241,,GLY,NEAR_SHELL,11774,,,
582,D,242,,LYS,DIRECT,11774,,,
582,D,242,,LYS,NEAR_SHELL,11774,,,
582,D,243,,VAL,DIRECT,11774,,,
582,D,243,,VAL,NEAR_SHELL,11774,,,
582,D,244,,GLU,DIRECT,11774,,,
582,D,244,,GLU,NEAR_SHELL,11774,,,
582,D,258,,GLU,DIRECT,11774,,,
582,D,258,,GLU,NEAR_SHELL,11774,,,
582,D,259,,PRO,NEAR_SHELL,11774,,,
582,D,260,,MET,DIRECT,11774,,,
582,D,260,,MET,NEAR_SHELL,11774,,,
582,D,261,,GLY,NEAR_SHELL,11774,,,
582,D,262,,TYR,DIRECT,11774,,,
582,D,262,,TYR,NEAR_SHELL,11774,,,
582,D,267,,GLU,DIRECT,11774,,,
582,D,267,,GLU,NEAR_SHELL,11774,,,
582,D,269,,MET,DIRECT,11774,,,
582,D,269,,MET,NEAR_SHELL,11774,,,
582,D,272,,SER,DIRECT,11774,,,
582,D,272,,SER,NEAR_SHELL,11774,,,
582,D,415,,HIS,DIRECT,11774,,,
582,D,415,,HIS,NEAR_SHELL,11774,,,
582,D,416,,TRP,DIRECT,11774,,,
582,D,416,,TRP,NEAR_SHELL,11774,,,
583,A-2,150,,TYR,DIRECT,11774,,,
583,A-2,150,,TYR,NEAR_SHELL,11774,,,
583,A-2,151,,PHE,DIRECT,11774,,,
583,A-2,151,,PHE,NEAR_SHELL,11774,,,
583,A-2,154,,TYR,DIRECT,11774,,,
583,A-2,154,,TYR,NEAR_SHELL,11774,,,
583,A-2,159,,GLN,NEAR_SHELL,11774,,,
583,A-2,160,,GLN,NEAR_SHELL,11774,,,
583,A-2,162,,ASN,NEAR_SHELL,11774,,,
583,A-2,163,,MET,DIRECT,11774,,,
583,A-2,163,,MET,NEAR_SHELL,11774,,,
583,A-2,166,,ASP,NEAR_SHELL,11774,,,
583,A-2,169,,ARG,DIRECT,11774,,,
583,A-2,169,,ARG,NEAR_SHELL,11774,,,
583,A-2,192,,VAL,NEAR_SHELL,11774,,,
583,A-2,193,,GLY,DIRECT,11774,,,
583,A-2,193,,GLY,NEAR_SHELL,11774,,,
583,A-2,195,,GLY,NEAR_SHELL,11774,,,
583,A-2,214,,VAL,NEAR_SHELL,11774,,,
583,A-2,215,,GLU,DIRECT,11774,,,
583,A-2,215,,GLU,NEAR_SHELL,11774,,,
583,A-2,216,,ALA,DIRECT,11774,,,
583,A-2,216,,ALA,NEAR_SHELL,11774,,,
583,A-2,241,,GLY,DIRECT,11774,,,
583,A-2,241,,GLY,NEAR_SHELL,11774,,,
583,A-2,242,,LYS,DIRECT,11774,,,
583,A-2,242,,LYS,NEAR_SHELL,11774,,,
583,A-2,243,,VAL,DIRECT,11774,,,
583,A-2,243,,VAL,NEAR_SHELL,11774,,,
583,A-2,244,,GLU,DIRECT,11774,,,
583,A-2,244,,GLU,NEAR_SHELL,11774,,,
583,A-2,258,,GLU,DIRECT,11774,,,
583,A-2,258,,GLU,NEAR_SHELL,11774,,,
583,A-2,259,,PRO,NEAR_SHELL,11774,,,
583,A-2,260,,MET,DIRECT,11774,,,
583,A-2,260,,MET,NEAR_SHELL,11774,,,
583,A-2,262,,TYR,NEAR_SHELL,11774,,,
583,A-2,267,,GLU,DIRECT,11774,,,
583,A-2,267,,GLU,NEAR_SHELL,11774,,,
583,A-2,269,,MET,DIRECT,11774,,,
583,A-2,269,,MET,NEAR_SHELL,11774,,,
583,A-2,272,,SER,DIRECT,11774,,,
583,A-2,272,,SER,NEAR_SHELL,11774,,,
583,A-2,414,,THR,NEAR_SHELL,11774,,,
583,A-2,415,,HIS,DIRECT,11774,,,
583,A-2,415,,HIS,NEAR_SHELL,11774,,,
583,A-2,416,,TRP,DIRECT,11774,,,
583,A-2,416,,TRP,NEAR_SHELL,11774,,,
583,A-2,447,,GLN,NEAR_SHELL,11774,,,
584,A-2,150,,TYR,DIRECT,11774,,,
584,A-2,150,,TYR,NEAR_SHELL,11774,,,
584,A-2,151,,PHE,DIRECT,11774,,,
584,A-2,151,,PHE,NEAR_SHELL,11774,,,
584,A-2,154,,TYR,DIRECT,11774,,,
584,A-2,154,,TYR,NEAR_SHELL,11774,,,
584,A-2,159,,GLN,NEAR_SHELL,11774,,,
584,A-2,160,,GLN,NEAR_SHELL,11774,,,
584,A-2,163,,MET,DIRECT,11774,,,
584,A-2,163,,MET,NEAR_SHELL,11774,,,
584,A-2,166,,ASP,NEAR_SHELL,11774,,,
584,A-2,169,,ARG,NEAR_SHELL,11774,,,
584,A-2,192,,VAL,NEAR_SHELL,11774,,,
584,A-2,193,,GLY,DIRECT,11774,,,
584,A-2,193,,GLY,NEAR_SHELL,11774,,,
584,A-2,195,,GLY,NEAR_SHELL,11774,,,
584,A-2,214,,VAL,NEAR_SHELL,11774,,,
584,A-2,215,,GLU,DIRECT,11774,,,
584,A-2,215,,GLU,NEAR_SHELL,11774,,,
584,A-2,216,,ALA,DIRECT,11774,,,
584,A-2,216,,ALA,NEAR_SHELL,11774,,,
584,A-2,241,,GLY,DIRECT,11774,,,
584,A-2,241,,GLY,NEAR_SHELL,11774,,,
584,A-2,242,,LYS,DIRECT,11774,,,
584,A-2,242,,LYS,NEAR_SHELL,11774,,,
584,A-2,243,,VAL,DIRECT,11774,,,
584,A-2,243,,VAL,NEAR_SHELL,11774,,,
584,A-2,244,,GLU,DIRECT,11774,,,
584,A-2,244,,GLU,NEAR_SHELL,11774,,,
584,A-2,258,,GLU,DIRECT,11774,,,
584,A-2,258,,GLU,NEAR_SHELL,11774,,,
584,A-2,259,,PRO,NEAR_SHELL,11774,,,
584,A-2,260,,MET,DIRECT,11774,,,
584,A-2,260,,MET,NEAR_SHELL,11774,,,
584,A-2,262,,TYR,DIRECT,11774,,,
584,A-2,262,,TYR,NEAR_SHELL,11774,,,
584,A-2,266,,ASN,NEAR_SHELL,11774,,,
584,A-2,267,,GLU,DIRECT,11774,,,
584,A-2,267,,GLU,NEAR_SHELL,11774,,,
584,A-2,269,,MET,DIRECT,11774,,,
584,A-2,269,,MET,NEAR_SHELL,11774,,,
584,A-2,272,,SER,DIRECT,11774,,,
584,A-2,272,,SER,NEAR_SHELL,11774,,,
584,A-2,415,,HIS,DIRECT,11774,,,
584,A-2,415,,HIS,NEAR_SHELL,11774,,,
584,A-2,416,,TRP,DIRECT,11774,,,
584,A-2,416,,TRP,NEAR_SHELL,11774,,,
584,A-2,447,,GLN,NEAR_SHELL,11774,,,
585,B-2,150,,TYR,DIRECT,11774,,,
585,B-2,150,,TYR,NEAR_SHELL,11774,,,
585,B-2,151,,PHE,DIRECT,11774,,,
585,B-2,151,,PHE,NEAR_SHELL,11774,,,
585,B-2,154,,TYR,DIRECT,11774,,,
585,B-2,154,,TYR,NEAR_SHELL,11774,,,
585,B-2,160,,GLN,NEAR_SHELL,11774,,,
585,B-2,162,,ASN,NEAR_SHELL,11774,,,
585,B-2,163,,MET,DIRECT,11774,,,
585,B-2,163,,MET,NEAR_SHELL,11774,,,
585,B-2,166,,ASP,DIRECT,11774,,,
585,B-2,166,,ASP,NEAR_SHELL,11774,,,
585,B-2,169,,ARG,DIRECT,11774,,,
585,B-2,169,,ARG,NEAR_SHELL,11774,,,
585,B-2,192,,VAL,NEAR_SHELL,11774,,,
585,B-2,193,,GLY,DIRECT,11774,,,
585,B-2,193,,GLY,NEAR_SHELL,11774,,,
585,B-2,195,,GLY,NEAR_SHELL,11774,,,
585,B-2,214,,VAL,NEAR_SHELL,11774,,,
585,B-2,215,,GLU,DIRECT,11774,,,
585,B-2,215,,GLU,NEAR_SHELL,11774,,,
585,B-2,216,,ALA,DIRECT,11774,,,
585,B-2,216,,ALA,NEAR_SHELL,11774,,,
585,B-2,241,,GLY,DIRECT,11774,,,
585,B-2,241,,GLY,NEAR_SHELL,11774,,,
585,B-2,242,,LYS,DIRECT,11774,,,
585,B-2,242,,LYS,NEAR_SHELL,11774,,,
585,B-2,243,,VAL,DIRECT,11774,,,
585,B-2,243,,VAL,NEAR_SHELL,11774,,,
585,B-2,244,,GLU,DIRECT,11774,,,
585,B-2,244,,GLU,NEAR_SHELL,11774,,,
585,B-2,258,,GLU,DIRECT,11774,,,
585,B-2,258,,GLU,NEAR_SHELL,11774,,,
585,B-2,259,,PRO,NEAR_SHELL,11774,,,
585,B-2,260,,MET,DIRECT,11774,,,
585,B-2,260,,MET,NEAR_SHELL,11774,,,
585,B-2,261,,GLY,NEAR_SHELL,11774,,,
585,B-2,262,,TYR,NEAR_SHELL,11774,,,
585,B-2,267,,GLU,DIRECT,11774,,,
585,B-2,267,,GLU,NEAR_SHELL,11774,,,
585,B-2,269,,MET,DIRECT,11774,,,
585,B-2,269,,MET,NEAR_SHELL,11774,,,
585,B-2,272,,SER,DIRECT,11774,,,
585,B-2,272,,SER,NEAR_SHELL,11774,,,
585,B-2,414,,THR,NEAR_SHELL,11774,,,
585,B-2,415,,HIS,DIRECT,11774,,,
585,B-2,415,,HIS,NEAR_SHELL,11774,,,
585,B-2,416,,TRP,DIRECT,11774,,,
585,B-2,416,,TRP,NEAR_SHELL,11774,,,
586,B-2,150,,TYR,DIRECT,11774,,,
586,B-2,150,,TYR,NEAR_SHELL,11774,,,
586,B-2,151,,PHE,DIRECT,11774,,,
586,B-2,151,,PHE,NEAR_SHELL,11774,,,
586,B-2,154,,TYR,DIRECT,11774,,,
586,B-2,154,,TYR,NEAR_SHELL,11774,,,
586,B-2,160,,GLN,NEAR_SHELL,11774,,,
586,B-2,163,,MET,DIRECT,11774,,,
586,B-2,163,,MET,NEAR_SHELL,11774,,,
586,B-2,166,,ASP,NEAR_SHELL,11774,,,
586,B-2,169,,ARG,NEAR_SHELL,11774,,,
586,B-2,192,,VAL,NEAR_SHELL,11774,,,
586,B-2,193,,GLY,DIRECT,11774,,,
586,B-2,193,,GLY,NEAR_SHELL,11774,,,
586,B-2,195,,GLY,NEAR_SHELL,11774,,,
586,B-2,214,,VAL,NEAR_SHELL,11774,,,
586,B-2,215,,GLU,DIRECT,11774,,,
586,B-2,215,,GLU,NEAR_SHELL,11774,,,
586,B-2,216,,ALA,DIRECT,11774,,,
586,B-2,216,,ALA,NEAR_SHELL,11774,,,
586,B-2,241,,GLY,DIRECT,11774,,,
586,B-2,241,,GLY,NEAR_SHELL,11774,,,
586,B-2,242,,LYS,DIRECT,11774,,,
586,B-2,242,,LYS,NEAR_SHELL,11774,,,
586,B-2,243,,VAL,DIRECT,11774,,,
586,B-2,243,,VAL,NEAR_SHELL,11774,,,
586,B-2,244,,GLU,DIRECT,11774,,,
586,B-2,244,,GLU,NEAR_SHELL,11774,,,
586,B-2,258,,GLU,DIRECT,11774,,,
586,B-2,258,,GLU,NEAR_SHELL,11774,,,
586,B-2,259,,PRO,NEAR_SHELL,11774,,,
586,B-2,260,,MET,DIRECT,11774,,,
586,B-2,260,,MET,NEAR_SHELL,11774,,,
586,B-2,261,,GLY,NEAR_SHELL,11774,,,
586,B-2,262,,TYR,DIRECT,11774,,,
586,B-2,262,,TYR,NEAR_SHELL,11774,,,
586,B-2,266,,ASN,NEAR_SHELL,11774,,,
586,B-2,267,,GLU,DIRECT,11774,,,
586,B-2,267,,GLU,NEAR_SHELL,11774,,,
586,B-2,269,,MET,DIRECT,11774,,,
586,B-2,269,,MET,NEAR_SHELL,11774,,,
586,B-2,272,,SER,DIRECT,11774,,,
586,B-2,272,,SER,NEAR_SHELL,11774,,,
586,B-2,415,,HIS,DIRECT,11774,,,
586,B-2,415,,HIS,NEAR_SHELL,11774,,,
586,B-2,416,,TRP,DIRECT,11774,,,
586,B-2,416,,TRP,NEAR_SHELL,11774,,,
587,C-2,150,,TYR,DIRECT,11774,,,
587,C-2,150,,TYR,NEAR_SHELL,11774,,,
587,C-2,151,,PHE,DIRECT,11774,,,
587,C-2,151,,PHE,NEAR_SHELL,11774,,,
587,C-2,154,,TYR,DIRECT,11774,,,
587,C-2,154,,TYR,NEAR_SHELL,11774,,,
587,C-2,160,,GLN,NEAR_SHELL,11774,,,
587,C-2,162,,ASN,NEAR_SHELL,11774,,,
587,C-2,163,,MET,NEAR_SHELL,11774,,,
587,C-2,166,,ASP,NEAR_SHELL,11774,,,
587,C-2,169,,ARG,NEAR_SHELL,11774,,,
587,C-2,192,,VAL,NEAR_SHELL,11774,,,
587,C-2,193,,GLY,DIRECT,11774,,,
587,C-2,193,,GLY,NEAR_SHELL,11774,,,
587,C-2,194,,CYS,NEAR_SHELL,11774,,,
587,C-2,195,,GLY,DIRECT,11774,,,
587,C-2,195,,GLY,NEAR_SHELL,11774,,,
587,C-2,214,,VAL,NEAR_SHELL,11774,,,
587,C-2,215,,GLU,DIRECT,11774,,,
587,C-2,215,,GLU,NEAR_SHELL,11774,,,
587,C-2,216,,ALA,DIRECT,11774,,,
587,C-2,216,,ALA,NEAR_SHELL,11774,,,
587,C-2,217,,SER,NEAR_SHELL,11774,,,
587,C-2,241,,GLY,DIRECT,11774,,,
587,C-2,241,,GLY,NEAR_SHELL,11774,,,
587,C-2,242,,LYS,DIRECT,11774,,,
587,C-2,242,,LYS,NEAR_SHELL,11774,,,
587,C-2,243,,VAL,DIRECT,11774,,,
587,C-2,243,,VAL,NEAR_SHELL,11774,,,
587,C-2,244,,GLU,DIRECT,11774,,,
587,C-2,244,,GLU,NEAR_SHELL,11774,,,
587,C-2,258,,GLU,DIRECT,11774,,,
587,C-2,258,,GLU,NEAR_SHELL,11774,,,
587,C-2,260,,MET,DIRECT,11774,,,
587,C-2,260,,MET,NEAR_SHELL,11774,,,
587,C-2,261,,GLY,NEAR_SHELL,11774,,,
587,C-2,262,,TYR,DIRECT,11774,,,
587,C-2,262,,TYR,NEAR_SHELL,11774,,,
587,C-2,267,,GLU,DIRECT,11774,,,
587,C-2,267,,GLU,NEAR_SHELL,11774,,,
587,C-2,269,,MET,DIRECT,11774,,,
587,C-2,269,,MET,NEAR_SHELL,11774,,,
587,C-2,272,,SER,DIRECT,11774,,,
587,C-2,272,,SER,NEAR_SHELL,11774,,,
587,C-2,415,,HIS,DIRECT,11774,,,
587,C-2,415,,HIS,NEAR_SHELL,11774,,,
587,C-2,416,,TRP,DIRECT,11774,,,
587,C-2,416,,TRP,NEAR_SHELL,11774,,,
587,C-2,447,,GLN,NEAR_SHELL,11774,,,
588,C-2,150,,TYR,DIRECT,11774,,,
588,C-2,150,,TYR,NEAR_SHELL,11774,,,
588,C-2,151,,PHE,DIRECT,11774,,,
588,C-2,151,,PHE,NEAR_SHELL,11774,,,
588,C-2,154,,TYR,DIRECT,11774,,,
588,C-2,154,,TYR,NEAR_SHELL,11774,,,
588,C-2,160,,GLN,NEAR_SHELL,11774,,,
588,C-2,163,,MET,DIRECT,11774,,,
588,C-2,163,,MET,NEAR_SHELL,11774,,,
588,C-2,166,,ASP,NEAR_SHELL,11774,,,
588,C-2,169,,ARG,NEAR_SHELL,11774,,,
588,C-2,192,,VAL,NEAR_SHELL,11774,,,
588,C-2,193,,GLY,DIRECT,11774,,,
588,C-2,193,,GLY,NEAR_SHELL,11774,,,
588,C-2,194,,CYS,NEAR_SHELL,11774,,,
588,C-2,195,,GLY,NEAR_SHELL,11774,,,
588,C-2,214,,VAL,NEAR_SHELL,11774,,,
588,C-2,215,,GLU,DIRECT,11774,,,
588,C-2,215,,GLU,NEAR_SHELL,11774,,,
588,C-2,216,,ALA,DIRECT,11774,,,
588,C-2,216,,ALA,NEAR_SHELL,11774,,,
588,C-2,217,,SER,NEAR_SHELL,11774,,,
588,C-2,241,,GLY,DIRECT,11774,,,
588,C-2,241,,GLY,NEAR_SHELL,11774,,,
588,C-2,242,,LYS,DIRECT,11774,,,
588,C-2,242,,LYS,NEAR_SHELL,11774,,,
588,C-2,243,,VAL,DIRECT,11774,,,
588,C-2,243,,VAL,NEAR_SHELL,11774,,,
588,C-2,244,,GLU,DIRECT,11774,,,
588,C-2,244,,GLU,NEAR_SHELL,11774,,,
588,C-2,258,,GLU,DIRECT,11774,,,
588,C-2,258,,GLU,NEAR_SHELL,11774,,,
588,C-2,260,,MET,DIRECT,11774,,,
588,C-2,260,,MET,NEAR_SHELL,11774,,,
588,C-2,261,,GLY,NEAR_SHELL,11774,,,
588,C-2,262,,TYR,DIRECT,11774,,,
588,C-2,262,,TYR,NEAR_SHELL,11774,,,
588,C-2,266,,ASN,NEAR_SHELL,11774,,,
588,C-2,267,,GLU,DIRECT,11774,,,
588,C-2,267,,GLU,NEAR_SHELL,11774,,,
588,C-2,269,,MET,DIRECT,11774,,,
588,C-2,269,,MET,NEAR_SHELL,11774,,,
588,C-2,272,,SER,DIRECT,11774,,,
588,C-2,272,,SER,NEAR_SHELL,11774,,,
588,C-2,415,,HIS,DIRECT,11774,,,
588,C-2,415,,HIS,NEAR_SHELL,11774,,,
588,C-2,416,,TRP,DIRECT,11774,,,
588,C-2,416,,TRP,NEAR_SHELL,11774,,,
588,C-2,447,,GLN,NEAR_SHELL,11774,,,
589,D-2,150,,TYR,DIRECT,11774,,,
589,D-2,150,,TYR,NEAR_SHELL,11774,,,
589,D-2,151,,PHE,DIRECT,11774,,,
589,D-2,151,,PHE,NEAR_SHELL,11774,,,
589,D-2,154,,TYR,DIRECT,11774,,,
589,D-2,154,,TYR,NEAR_SHELL,11774,,,
589,D-2,160,,GLN,NEAR_SHELL,11774,,,
589,D-2,163,,MET,NEAR_SHELL,11774,,,
589,D-2,166,,ASP,DIRECT,11774,,,
589,D-2,166,,ASP,NEAR_SHELL,11774,,,
589,D-2,169,,ARG,NEAR_SHELL,11774,,,
589,D-2,192,,VAL,NEAR_SHELL,11774,,,
589,D-2,193,,GLY,DIRECT,11774,,,
589,D-2,193,,GLY,NEAR_SHELL,11774,,,
589,D-2,195,,GLY,NEAR_SHELL,11774,,,
589,D-2,214,,VAL,NEAR_SHELL,11774,,,
589,D-2,215,,GLU,DIRECT,11774,,,
589,D-2,215,,GLU,NEAR_SHELL,11774,,,
589,D-2,216,,ALA,DIRECT,11774,,,
589,D-2,216,,ALA,NEAR_SHELL,11774,,,
589,D-2,217,,SER,NEAR_SHELL,11774,,,
589,D-2,241,,GLY,DIRECT,11774,,,
589,D-2,241,,GLY,NEAR_SHELL,11774,,,
589,D-2,242,,LYS,DIRECT,11774,,,
589,D-2,242,,LYS,NEAR_SHELL,11774,,,
589,D-2,243,,VAL,DIRECT,11774,,,
589,D-2,243,,VAL,NEAR_SHELL,11774,,,
589,D-2,244,,GLU,DIRECT,11774,,,
589,D-2,244,,GLU,NEAR_SHELL,11774,,,
589,D-2,258,,GLU,DIRECT,11774,,,
589,D-2,258,,GLU,NEAR_SHELL,11774,,,
589,D-2,259,,PRO,NEAR_SHELL,11774,,,
589,D-2,260,,MET,DIRECT,11774,,,
589,D-2,260,,MET,NEAR_SHELL,11774,,,
589,D-2,261,,GLY,NEAR_SHELL,11774,,,
589,D-2,262,,TYR,NEAR_SHELL,11774,,,
589,D-2,267,,GLU,DIRECT,11774,,,
589,D-2,267,,GLU,NEAR_SHELL,11774,,,
589,D-2,269,,MET,DIRECT,11774,,,
589,D-2,269,,MET,NEAR_SHELL,11774,,,
589,D-2,272,,SER,DIRECT,11774,,,
589,D-2,272,,SER,NEAR_SHELL,11774,,,
589,D-2,414,,THR,NEAR_SHELL,11774,,,
589,D-2,415,,HIS,DIRECT,11774,,,
589,D-2,415,,HIS,NEAR_SHELL,11774,,,
589,D-2,416,,TRP,DIRECT,11774,,,
589,D-2,416,,TRP,NEAR_SHELL,11774,,,
590,D-2,150,,TYR,DIRECT,11774,,,
590,D-2,150,,TYR,NEAR_SHELL,11774,,,
590,D-2,151,,PHE,DIRECT,11774,,,
590,D-2,151,,PHE,NEAR_SHELL,11774,,,
590,D-2,154,,TYR,DIRECT,11774,,,
590,D-2,154,,TYR,NEAR_SHELL,11774,,,
590,D-2,160,,GLN,NEAR_SHELL,11774,,,
590,D-2,163,,MET,DIRECT,11774,,,
590,D-2,163,,MET,NEAR_SHELL,11774,,,
590,D-2,166,,ASP,NEAR_SHELL,11774,,,
590,D-2,169,,ARG,NEAR_SHELL,11774,,,
590,D-2,192,,VAL,NEAR_SHELL,11774,,,
590,D-2,193,,GLY,DIRECT,11774,,,
590,D-2,193,,GLY,NEAR_SHELL,11774,,,
590,D-2,195,,GLY,NEAR_SHELL,11774,,,
590,D-2,214,,VAL,NEAR_SHELL,11774,,,
590,D-2,215,,GLU,DIRECT,11774,,,
590,D-2,215,,GLU,NEAR_SHELL,11774,,,
590,D-2,216,,ALA,DIRECT,11774,,,
590,D-2,216,,ALA,NEAR_SHELL,11774,,,
590,D-2,217,,SER,NEAR_SHELL,11774,,,
590,D-2,241,,GLY,DIRECT,11774,,,
590,D-2,241,,GLY,NEAR_SHELL,11774,,,
590,D-2,242,,LYS,DIRECT,11774,,,
590,D-2,242,,LYS,NEAR_SHELL,11774,,,
590,D-2,243,,VAL,DIRECT,11774,,,
590,D-2,243,,VAL,NEAR_SHELL,11774,,,
590,D-2,244,,GLU,DIRECT,11774,,,
590,D-2,244,,GLU,NEAR_SHELL,11774,,,
590,D-2,258,,GLU,DIRECT,11774,,,
590,D-2,258,,GLU,NEAR_SHELL,11774,,,
590,D-2,259,,PRO,NEAR_SHELL,11774,,,
590,D-2,260,,MET,DIRECT,11774,,,
590,D-2,260,,MET,NEAR_SHELL,11774,,,
590,D-2,261,,GLY,NEAR_SHELL,11774,,,
590,D-2,262,,TYR,DIRECT,11774,,,
590,D-2,262,,TYR,NEAR_SHELL,11774,,,
590,D-2,267,,GLU,DIRECT,11774,,,
590,D-2,267,,GLU,NEAR_SHELL,11774,,,
590,D-2,269,,MET,DIRECT,11774,,,
590,D-2,269,,MET,NEAR_SHELL,11774,,,
590,D-2,272,,SER,DIRECT,11774,,,
590,D-2,272,,SER,NEAR_SHELL,11774,,,
590,D-2,415,,HIS,DIRECT,11774,,,
590,D-2,415,,HIS,NEAR_SHELL,11774,,,
590,D-2,416,,TRP,DIRECT,11774,,,
590,D-2,416,,TRP,NEAR_SHELL,11774,,,
591,A,23,,THR,NEAR_SHELL,8324,,,
591,A,79,,TYR,DIRECT,8324,,,
591,A,79,,TYR,NEAR_SHELL,8324,,,
591,A,81,,ASP,DIRECT,8324,,,
591,A,81,,ASP,NEAR_SHELL,8324,,,
591,A,86,,TRP,DIRECT,8324,,,
591,A,86,,TRP,NEAR_SHELL,8324,,,
591,A,88,,TYR,DIRECT,8324,,,
591,A,88,,TYR,NEAR_SHELL,8324,,,
591,A,108,,PHE,DIRECT,8324,,,
591,A,108,,PHE,NEAR_SHELL,8324,,,
591,A,110,,ASP,DIRECT,8324,,,
591,A,110,,ASP,NEAR_SHELL,8324,,,
591,A,112,,TYR,DIRECT,8324,,,
591,A,112,,TYR,NEAR_SHELL,8324,,,
591,A,169,,TRP,DIRECT,8324,,,
591,A,169,,TRP,NEAR_SHELL,8324,,,
591,A,174,,TRP,DIRECT,8324,,,
591,A,174,,TRP,NEAR_SHELL,8324,,,
591,A,190,,PHE,DIRECT,8324,,,
591,A,190,,PHE,NEAR_SHELL,8324,,,
591,A,192,,ASP,DIRECT,8324,,,
591,A,192,,ASP,NEAR_SHELL,8324,,,
591,A,193,,ASP,DIRECT,8324,,,
591,A,193,,ASP,NEAR_SHELL,8324,,,
591,A,195,,ARG,DIRECT,8324,,,
591,A,195,,ARG,NEAR_SHELL,8324,,,
591,A,197,,GLU,DIRECT,8324,,,
591,A,197,,GLU,NEAR_SHELL,8324,,,
591,A,205,,ARG,NEAR_SHELL,8324,,,
592,A,1044,,ARG,NEAR_SHELL,15523,Q96KQ7,1044,MATCH
592,A,1047,,LYS,NEAR_SHELL,15523,Q96KQ7,1047,MATCH
592,A,1048,,MET,DIRECT,15523,Q96KQ7,1048,MATCH
592,A,1048,,MET,NEAR_SHELL,15523,Q96KQ7,1048,MATCH
592,A,1049,,GLY,DIRECT,15523,Q96KQ7,1049,MATCH
592,A,1049,,GLY,NEAR_SHELL,15523,Q96KQ7,1049,MATCH
592,A,1050,,TRP,DIRECT,15523,Q96KQ7,1050,MATCH
592,A,1050,,TRP,NEAR_SHELL,15523,Q96KQ7,1050,MATCH
592,A,1067,,TYR,NEAR_SHELL,15523,Q96KQ7,1067,MATCH
592,A,1084,,SER,DIRECT,15523,Q96KQ7,1084,MATCH
592,A,1084,,SER,NEAR_SHELL,15523,Q96KQ7,1084,MATCH
592,A,1085,,TYR,DIRECT,15523,Q96KQ7,1085,MATCH
592,A,1085,,TYR,NEAR_SHELL,15523,Q96KQ7,1085,MATCH
592,A,1108,,SER,NEAR_SHELL,15523,Q96KQ7,1108,MATCH
592,A,1109,,ARG,DIRECT,15523,Q96KQ7,1109,MATCH
592,A,1109,,ARG,NEAR_SHELL,15523,Q96KQ7,1109,MATCH
592,A,1110,,PHE,DIRECT,15523,Q96KQ7,1110,MATCH
592,A,1110,,PHE,NEAR_SHELL,15523,Q96KQ7,1110,MATCH
592,A,1111,,ILE,DIRECT,15523,Q96KQ7,1111,MATCH
592,A,1111,,ILE,NEAR_SHELL,15523,Q96KQ7,1111,MATCH
592,A,1112,,ASN,DIRECT,15523,Q96KQ7,1112,MATCH
592,A,1112,,ASN,NEAR_SHELL,15523,Q96KQ7,1112,MATCH
592,A,1113,,HIS,DIRECT,15523,Q96KQ7,1113,MATCH
592,A,1113,,HIS,NEAR_SHELL,15523,Q96KQ7,1113,MATCH
592,A,1154,,TYR,DIRECT,15523,Q96KQ7,1154,MATCH
592,A,1154,,TYR,NEAR_SHELL,15523,Q96KQ7,1154,MATCH
592,A,1158,,PHE,DIRECT,15523,Q96KQ7,1158,MATCH
592,A,1158,,PHE,NEAR_SHELL,15523,Q96KQ7,1158,MATCH
592,A,1159,,TRP,NEAR_SHELL,15523,Q96KQ7,1159,MATCH
592,A,1162,,LYS,NEAR_SHELL,15523,Q96KQ7,1162,MATCH
592,A,1166,,PHE,DIRECT,15523,Q96KQ7,1166,MATCH
592,A,1166,,PHE,NEAR_SHELL,15523,Q96KQ7,1166,MATCH
592,A,1167,,THR,DIRECT,15523,Q96KQ7,1167,MATCH
592,A,1167,,THR,NEAR_SHELL,15523,Q96KQ7,1167,MATCH
592,A,1168,,CYS,DIRECT,15523,Q96KQ7,1168,MATCH
592,A,1168,,CYS,NEAR_SHELL,15523,Q96KQ7,1168,MATCH
592,A,1169,,GLN,DIRECT,15523,Q96KQ7,1169,MATCH
592,A,1169,,GLN,NEAR_SHELL,15523,Q96KQ7,1169,MATCH
593,A,1067,,TYR,DIRECT,15523,Q96KQ7,1067,MATCH
593,A,1067,,TYR,NEAR_SHELL,15523,Q96KQ7,1067,MATCH
593,A,1074,,ASP,DIRECT,15523,,,
593,A,1074,,ASP,NEAR_SHELL,15523,,,
593,A,1077,,ALA,DIRECT,15523,,,
593,A,1077,,ALA,NEAR_SHELL,15523,,,
593,A,1078,,ASP,DIRECT,15523,,,
593,A,1078,,ASP,NEAR_SHELL,15523,,,
593,A,1083,,ASP,DIRECT,15523,,,
593,A,1083,,ASP,NEAR_SHELL,15523,,,
593,A,1084,,SER,DIRECT,15523,Q96KQ7,1084,MATCH
593,A,1084,,SER,NEAR_SHELL,15523,Q96KQ7,1084,MATCH
593,A,1085,,TYR,NEAR_SHELL,15523,Q96KQ7,1085,MATCH
593,A,1086,,LEU,DIRECT,15523,,,
593,A,1086,,LEU,NEAR_SHELL,15523,,,
593,A,1087,,PHE,DIRECT,15523,,,
593,A,1087,,PHE,NEAR_SHELL,15523,,,
593,A,1088,,ASP,DIRECT,15523,,,
593,A,1088,,ASP,NEAR_SHELL,15523,,,
593,A,1096,,VAL,NEAR_SHELL,15523,,,
593,A,1098,,CYS,DIRECT,15523,,,
593,A,1098,,CYS,NEAR_SHELL,15523,,,
593,A,1111,,ILE,NEAR_SHELL,15523,Q96KQ7,1111,MATCH
593,A,1152,,PHE,DIRECT,15523,,,
593,A,1152,,PHE,NEAR_SHELL,15523,,,
593,A,1153,,ASP,NEAR_SHELL,15523,,,
593,A,1154,,TYR,DIRECT,15523,Q96KQ7,1154,MATCH
593,A,1154,,TYR,NEAR_SHELL,15523,Q96KQ7,1154,MATCH
593,A,1157,,ARG,DIRECT,15523,,,
593,A,1157,,ARG,NEAR_SHELL,15523,,,
593,A,1158,,PHE,DIRECT,15523,Q96KQ7,1158,MATCH
593,A,1158,,PHE,NEAR_SHELL,15523,Q96KQ7,1158,MATCH
593,A,1161,,ILE,NEAR_SHELL,15523,,,
593,A,1162,,LYS,DIRECT,15523,Q96KQ7,1162,MATCH
593,A,1162,,LYS,NEAR_SHELL,15523,Q96KQ7,1162,MATCH
594,A,1044,,ARG,NEAR_SHELL,15523,Q96KQ7,1044,MATCH
594,A,1047,,LYS,NEAR_SHELL,15523,Q96KQ7,1047,MATCH
594,A,1048,,MET,DIRECT,15523,Q96KQ7,1048,MATCH
594,A,1048,,MET,NEAR_SHELL,15523,Q96KQ7,1048,MATCH
594,A,1049,,GLY,DIRECT,15523,Q96KQ7,1049,MATCH
594,A,1049,,GLY,NEAR_SHELL,15523,Q96KQ7,1049,MATCH
594,A,1050,,TRP,DIRECT,15523,Q96KQ7,1050,MATCH
594,A,1050,,TRP,NEAR_SHELL,15523,Q96KQ7,1050,MATCH
594,A,1067,,TYR,NEAR_SHELL,15523,Q96KQ7,1067,MATCH
594,A,1084,,SER,DIRECT,15523,Q96KQ7,1084,MATCH
594,A,1084,,SER,NEAR_SHELL,15523,Q96KQ7,1084,MATCH
594,A,1085,,TYR,DIRECT,15523,Q96KQ7,1085,MATCH
594,A,1085,,TYR,NEAR_SHELL,15523,Q96KQ7,1085,MATCH
594,A,1108,,SER,NEAR_SHELL,15523,Q96KQ7,1108,MATCH
594,A,1109,,ARG,DIRECT,15523,Q96KQ7,1109,MATCH
594,A,1109,,ARG,NEAR_SHELL,15523,Q96KQ7,1109,MATCH
594,A,1110,,PHE,DIRECT,15523,Q96KQ7,1110,MATCH
594,A,1110,,PHE,NEAR_SHELL,15523,Q96KQ7,1110,MATCH
594,A,1111,,ILE,DIRECT,15523,Q96KQ7,1111,MATCH
594,A,1111,,ILE,NEAR_SHELL,15523,Q96KQ7,1111,MATCH
594,A,1112,,ASN,DIRECT,15523,Q96KQ7,1112,MATCH
594,A,1112,,ASN,NEAR_SHELL,15523,Q96KQ7,1112,MATCH
594,A,1113,,HIS,DIRECT,15523,Q96KQ7,1113,MATCH
594,A,1113,,HIS,NEAR_SHELL,15523,Q96KQ7,1113,MATCH
594,A,1154,,TYR,DIRECT,15523,Q96KQ7,1154,MATCH
594,A,1154,,TYR,NEAR_SHELL,15523,Q96KQ7,1154,MATCH
594,A,1158,,PHE,NEAR_SHELL,15523,Q96KQ7,1158,MATCH
594,A,1159,,TRP,DIRECT,15523,Q96KQ7,1159,MATCH
594,A,1159,,TRP,NEAR_SHELL,15523,Q96KQ7,1159,MATCH
594,A,1166,,PHE,DIRECT,15523,Q96KQ7,1166,MATCH
594,A,1166,,PHE,NEAR_SHELL,15523,Q96KQ7,1166,MATCH
594,A,1167,,THR,DIRECT,15523,Q96KQ7,1167,MATCH
594,A,1167,,THR,NEAR_SHELL,15523,Q96KQ7,1167,MATCH
594,A,1168,,CYS,DIRECT,15523,Q96KQ7,1168,MATCH
594,A,1168,,CYS,NEAR_SHELL,15523,Q96KQ7,1168,MATCH
594,A,1169,,GLN,DIRECT,15523,Q96KQ7,1169,MATCH
594,A,1169,,GLN,NEAR_SHELL,15523,Q96KQ7,1169,MATCH
595,A,1011,,PRO,NEAR_SHELL,15523,,,
595,A,1067,,TYR,NEAR_SHELL,15523,Q96KQ7,1067,MATCH
595,A,1077,,ALA,DIRECT,15523,,,
595,A,1077,,ALA,NEAR_SHELL,15523,,,
595,A,1078,,ASP,DIRECT,15523,,,
595,A,1078,,ASP,NEAR_SHELL,15523,,,
595,A,1080,,ARG,NEAR_SHELL,15523,,,
595,A,1083,,ASP,DIRECT,15523,,,
595,A,1083,,ASP,NEAR_SHELL,15523,,,
595,A,1084,,SER,DIRECT,15523,Q96KQ7,1084,MATCH
595,A,1084,,SER,NEAR_SHELL,15523,Q96KQ7,1084,MATCH
595,A,1086,,LEU,DIRECT,15523,,,
595,A,1086,,LEU,NEAR_SHELL,15523,,,
595,A,1087,,PHE,DIRECT,15523,,,
595,A,1087,,PHE,NEAR_SHELL,15523,,,
595,A,1088,,ASP,DIRECT,15523,,,
595,A,1088,,ASP,NEAR_SHELL,15523,,,
595,A,1089,,LEU,NEAR_SHELL,15523,,,
595,A,1090,,ASP,DIRECT,15523,,,
595,A,1090,,ASP,NEAR_SHELL,15523,,,
595,A,1121,,PRO,DIRECT,15523,,,
595,A,1121,,PRO,NEAR_SHELL,15523,,,
595,A,1123,,ARG,DIRECT,15523,,,
595,A,1123,,ARG,NEAR_SHELL,15523,,,
595,A,1136,,ILE,NEAR_SHELL,15523,,,
595,A,1152,,PHE,DIRECT,15523,,,
595,A,1152,,PHE,NEAR_SHELL,15523,,,
595,A,1153,,ASP,DIRECT,15523,,,
595,A,1153,,ASP,NEAR_SHELL,15523,,,
595,A,1154,,TYR,DIRECT,15523,Q96KQ7,1154,MATCH
595,A,1154,,TYR,NEAR_SHELL,15523,Q96KQ7,1154,MATCH
595,A,1157,,ARG,DIRECT,15523,,,
595,A,1157,,ARG,NEAR_SHELL,15523,,,
595,A,1158,,PHE,DIRECT,15523,Q96KQ7,1158,MATCH
595,A,1158,,PHE,NEAR_SHELL,15523,Q96KQ7,1158,MATCH
595,A,1161,,ILE,DIRECT,15523,,,
595,A,1161,,ILE,NEAR_SHELL,15523,,,
596,B,1044,,ARG,NEAR_SHELL,15523,Q96KQ7,1044,MATCH
596,B,1047,,LYS,NEAR_SHELL,15523,Q96KQ7,1047,MATCH
596,B,1048,,MET,DIRECT,15523,Q96KQ7,1048,MATCH
596,B,1048,,MET,NEAR_SHELL,15523,Q96KQ7,1048,MATCH
596,B,1049,,GLY,DIRECT,15523,Q96KQ7,1049,MATCH
596,B,1049,,GLY,NEAR_SHELL,15523,Q96KQ7,1049,MATCH
596,B,1050,,TRP,DIRECT,15523,Q96KQ7,1050,MATCH
596,B,1050,,TRP,NEAR_SHELL,15523,Q96KQ7,1050,MATCH
596,B,1067,,TYR,NEAR_SHELL,15523,Q96KQ7,1067,MATCH
596,B,1084,,SER,DIRECT,15523,Q96KQ7,1084,MATCH
596,B,1084,,SER,NEAR_SHELL,15523,Q96KQ7,1084,MATCH
596,B,1085,,TYR,DIRECT,15523,Q96KQ7,1085,MATCH
596,B,1085,,TYR,NEAR_SHELL,15523,Q96KQ7,1085,MATCH
596,B,1108,,SER,NEAR_SHELL,15523,Q96KQ7,1108,MATCH
596,B,1109,,ARG,DIRECT,15523,Q96KQ7,1109,MATCH
596,B,1109,,ARG,NEAR_SHELL,15523,Q96KQ7,1109,MATCH
596,B,1110,,PHE,DIRECT,15523,Q96KQ7,1110,MATCH
596,B,1110,,PHE,NEAR_SHELL,15523,Q96KQ7,1110,MATCH
596,B,1112,,ASN,DIRECT,15523,Q96KQ7,1112,MATCH
596,B,1112,,ASN,NEAR_SHELL,15523,Q96KQ7,1112,MATCH
596,B,1113,,HIS,DIRECT,15523,Q96KQ7,1113,MATCH
596,B,1113,,HIS,NEAR_SHELL,15523,Q96KQ7,1113,MATCH
596,B,1154,,TYR,DIRECT,15523,Q96KQ7,1154,MATCH
596,B,1154,,TYR,NEAR_SHELL,15523,Q96KQ7,1154,MATCH
596,B,1158,,PHE,NEAR_SHELL,15523,Q96KQ7,1158,MATCH
596,B,1159,,TRP,DIRECT,15523,Q96KQ7,1159,MATCH
596,B,1159,,TRP,NEAR_SHELL,15523,Q96KQ7,1159,MATCH
596,B,1162,,LYS,NEAR_SHELL,15523,Q96KQ7,1162,MATCH
596,B,1166,,PHE,DIRECT,15523,Q96KQ7,1166,MATCH
596,B,1166,,PHE,NEAR_SHELL,15523,Q96KQ7,1166,MATCH
596,B,1167,,THR,DIRECT,15523,Q96KQ7,1167,MATCH
596,B,1167,,THR,NEAR_SHELL,15523,Q96KQ7,1167,MATCH
596,B,1168,,CYS,DIRECT,15523,Q96KQ7,1168,MATCH
596,B,1168,,CYS,NEAR_SHELL,15523,Q96KQ7,1168,MATCH
596,B,1169,,GLN,DIRECT,15523,Q96KQ7,1169,MATCH
596,B,1169,,GLN,NEAR_SHELL,15523,Q96KQ7,1169,MATCH
597,B,1011,,PRO,NEAR_SHELL,15523,,,
597,B,1067,,TYR,DIRECT,15523,Q96KQ7,1067,MATCH
597,B,1067,,TYR,NEAR_SHELL,15523,Q96KQ7,1067,MATCH
597,B,1077,,ALA,DIRECT,15523,,,
597,B,1077,,ALA,NEAR_SHELL,15523,,,
597,B,1078,,ASP,DIRECT,15523,,,
597,B,1078,,ASP,NEAR_SHELL,15523,,,
597,B,1080,,ARG,NEAR_SHELL,15523,,,
597,B,1083,,ASP,DIRECT,15523,,,
597,B,1083,,ASP,NEAR_SHELL,15523,,,
597,B,1084,,SER,DIRECT,15523,Q96KQ7,1084,MATCH
597,B,1084,,SER,NEAR_SHELL,15523,Q96KQ7,1084,MATCH
597,B,1086,,LEU,DIRECT,15523,,,
597,B,1086,,LEU,NEAR_SHELL,15523,,,
597,B,1087,,PHE,DIRECT,15523,,,
597,B,1087,,PHE,NEAR_SHELL,15523,,,
597,B,1088,,ASP,DIRECT,15523,,,
597,B,1088,,ASP,NEAR_SHELL,15523,,,
597,B,1089,,LEU,NEAR_SHELL,15523,,,
597,B,1090,,ASP,NEAR_SHELL,15523,,,
597,B,1092,,LYS,NEAR_SHELL,15523,,,
597,B,1121,,PRO,DIRECT,15523,,,
597,B,1121,,PRO,NEAR_SHELL,15523,,,
597,B,1122,,VAL,NEAR_SHELL,15523,,,
597,B,1123,,ARG,DIRECT,15523,,,
597,B,1123,,ARG,NEAR_SHELL,15523,,,
597,B,1136,,ILE,DIRECT,15523,,,
597,B,1136,,ILE,NEAR_SHELL,15523,,,
597,B,1152,,PHE,DIRECT,15523,,,
597,B,1152,,PHE,NEAR_SHELL,15523,,,
597,B,1154,,TYR,DIRECT,15523,Q96KQ7,1154,MATCH
597,B,1154,,TYR,NEAR_SHELL,15523,Q96KQ7,1154,MATCH
597,B,1157,,ARG,DIRECT,15523,,,
597,B,1157,,ARG,NEAR_SHELL,15523,,,
597,B,1158,,PHE,DIRECT,15523,Q96KQ7,1158,MATCH
597,B,1158,,PHE,NEAR_SHELL,15523,Q96KQ7,1158,MATCH
597,B,1161,,ILE,DIRECT,15523,,,
597,B,1161,,ILE,NEAR_SHELL,15523,,,
597,B,1162,,LYS,NEAR_SHELL,15523,Q96KQ7,1162,MATCH
598,A,1044,,ARG,NEAR_SHELL,15523,Q96KQ7,1044,MATCH
598,A,1047,,LYS,NEAR_SHELL,15523,Q96KQ7,1047,MATCH
598,A,1048,,MET,DIRECT,15523,Q96KQ7,1048,MATCH
598,A,1048,,MET,NEAR_SHELL,15523,Q96KQ7,1048,MATCH
598,A,1049,,GLY,DIRECT,15523,Q96KQ7,1049,MATCH
598,A,1049,,GLY,NEAR_SHELL,15523,Q96KQ7,1049,MATCH
598,A,1050,,TRP,DIRECT,15523,Q96KQ7,1050,MATCH
598,A,1050,,TRP,NEAR_SHELL,15523,Q96KQ7,1050,MATCH
598,A,1067,,TYR,NEAR_SHELL,15523,Q96KQ7,1067,MATCH
598,A,1084,,SER,DIRECT,15523,Q96KQ7,1084,MATCH
598,A,1084,,SER,NEAR_SHELL,15523,Q96KQ7,1084,MATCH
598,A,1085,,TYR,DIRECT,15523,Q96KQ7,1085,MATCH
598,A,1085,,TYR,NEAR_SHELL,15523,Q96KQ7,1085,MATCH
598,A,1108,,SER,NEAR_SHELL,15523,Q96KQ7,1108,MATCH
598,A,1109,,ARG,DIRECT,15523,Q96KQ7,1109,MATCH
598,A,1109,,ARG,NEAR_SHELL,15523,Q96KQ7,1109,MATCH
598,A,1110,,PHE,DIRECT,15523,Q96KQ7,1110,MATCH
598,A,1110,,PHE,NEAR_SHELL,15523,Q96KQ7,1110,MATCH
598,A,1111,,ILE,DIRECT,15523,Q96KQ7,1111,MATCH
598,A,1111,,ILE,NEAR_SHELL,15523,Q96KQ7,1111,MATCH
598,A,1112,,ASN,DIRECT,15523,Q96KQ7,1112,MATCH
598,A,1112,,ASN,NEAR_SHELL,15523,Q96KQ7,1112,MATCH
598,A,1113,,HIS,DIRECT,15523,Q96KQ7,1113,MATCH
598,A,1113,,HIS,NEAR_SHELL,15523,Q96KQ7,1113,MATCH
598,A,1154,,TYR,DIRECT,15523,Q96KQ7,1154,MATCH
598,A,1154,,TYR,NEAR_SHELL,15523,Q96KQ7,1154,MATCH
598,A,1158,,PHE,DIRECT,15523,Q96KQ7,1158,MATCH
598,A,1158,,PHE,NEAR_SHELL,15523,Q96KQ7,1158,MATCH
598,A,1159,,TRP,DIRECT,15523,Q96KQ7,1159,MATCH
598,A,1159,,TRP,NEAR_SHELL,15523,Q96KQ7,1159,MATCH
598,A,1162,,LYS,NEAR_SHELL,15523,Q96KQ7,1162,MATCH
598,A,1166,,PHE,DIRECT,15523,Q96KQ7,1166,MATCH
598,A,1166,,PHE,NEAR_SHELL,15523,Q96KQ7,1166,MATCH
598,A,1167,,THR,DIRECT,15523,Q96KQ7,1167,MATCH
598,A,1167,,THR,NEAR_SHELL,15523,Q96KQ7,1167,MATCH
598,A,1168,,CYS,DIRECT,15523,Q96KQ7,1168,MATCH
598,A,1168,,CYS,NEAR_SHELL,15523,Q96KQ7,1168,MATCH
598,A,1169,,GLN,DIRECT,15523,Q96KQ7,1169,MATCH
598,A,1169,,GLN,NEAR_SHELL,15523,Q96KQ7,1169,MATCH
599,A,1011,,PRO,NEAR_SHELL,15523,,,
599,A,1067,,TYR,NEAR_SHELL,15523,Q96KQ7,1067,MATCH
599,A,1083,,ASP,DIRECT,15523,,,
599,A,1083,,ASP,NEAR_SHELL,15523,,,
599,A,1084,,SER,DIRECT,15523,Q96KQ7,1084,MATCH
599,A,1084,,SER,NEAR_SHELL,15523,Q96KQ7,1084,MATCH
599,A,1086,,LEU,DIRECT,15523,,,
599,A,1086,,LEU,NEAR_SHELL,15523,,,
599,A,1087,,PHE,DIRECT,15523,,,
599,A,1087,,PHE,NEAR_SHELL,15523,,,
599,A,1088,,ASP,DIRECT,15523,,,
599,A,1088,,ASP,NEAR_SHELL,15523,,,
599,A,1089,,LEU,NEAR_SHELL,15523,,,
599,A,1090,,ASP,DIRECT,15523,,,
599,A,1090,,ASP,NEAR_SHELL,15523,,,
599,A,1121,,PRO,DIRECT,15523,,,
599,A,1121,,PRO,NEAR_SHELL,15523,,,
599,A,1123,,ARG,DIRECT,15523,,,
599,A,1123,,ARG,NEAR_SHELL,15523,,,
599,A,1136,,ILE,NEAR_SHELL,15523,,,
599,A,1152,,PHE,NEAR_SHELL,15523,,,
599,A,1154,,TYR,DIRECT,15523,Q96KQ7,1154,MATCH
599,A,1154,,TYR,NEAR_SHELL,15523,Q96KQ7,1154,MATCH
599,A,1157,,ARG,DIRECT,15523,,,
599,A,1157,,ARG,NEAR_SHELL,15523,,,
599,A,1158,,PHE,DIRECT,15523,Q96KQ7,1158,MATCH
599,A,1158,,PHE,NEAR_SHELL,15523,Q96KQ7,1158,MATCH
599,A,1161,,ILE,DIRECT,15523,,,
599,A,1161,,ILE,NEAR_SHELL,15523,,,
599,A,1162,,LYS,NEAR_SHELL,15523,Q96KQ7,1162,MATCH
600,B,1044,,ARG,NEAR_SHELL,15523,Q96KQ7,1044,MATCH
600,B,1047,,LYS,NEAR_SHELL,15523,Q96KQ7,1047,MATCH
600,B,1048,,MET,DIRECT,15523,Q96KQ7,1048,MATCH
600,B,1048,,MET,NEAR_SHELL,15523,Q96KQ7,1048,MATCH
600,B,1049,,GLY,DIRECT,15523,Q96KQ7,1049,MATCH
600,B,1049,,GLY,NEAR_SHELL,15523,Q96KQ7,1049,MATCH
600,B,1050,,TRP,DIRECT,15523,Q96KQ7,1050,MATCH
600,B,1050,,TRP,NEAR_SHELL,15523,Q96KQ7,1050,MATCH
600,B,1067,,TYR,NEAR_SHELL,15523,Q96KQ7,1067,MATCH
600,B,1084,,SER,DIRECT,15523,Q96KQ7,1084,MATCH
600,B,1084,,SER,NEAR_SHELL,15523,Q96KQ7,1084,MATCH
600,B,1085,,TYR,DIRECT,15523,Q96KQ7,1085,MATCH
600,B,1085,,TYR,NEAR_SHELL,15523,Q96KQ7,1085,MATCH
600,B,1108,,SER,NEAR_SHELL,15523,Q96KQ7,1108,MATCH
600,B,1109,,ARG,DIRECT,15523,Q96KQ7,1109,MATCH
600,B,1109,,ARG,NEAR_SHELL,15523,Q96KQ7,1109,MATCH
600,B,1110,,PHE,DIRECT,15523,Q96KQ7,1110,MATCH
600,B,1110,,PHE,NEAR_SHELL,15523,Q96KQ7,1110,MATCH
600,B,1111,,ILE,DIRECT,15523,Q96KQ7,1111,MATCH
600,B,1111,,ILE,NEAR_SHELL,15523,Q96KQ7,1111,MATCH
600,B,1112,,ASN,DIRECT,15523,Q96KQ7,1112,MATCH
600,B,1112,,ASN,NEAR_SHELL,15523,Q96KQ7,1112,MATCH
600,B,1113,,HIS,DIRECT,15523,Q96KQ7,1113,MATCH
600,B,1113,,HIS,NEAR_SHELL,15523,Q96KQ7,1113,MATCH
600,B,1154,,TYR,DIRECT,15523,Q96KQ7,1154,MATCH
600,B,1154,,TYR,NEAR_SHELL,15523,Q96KQ7,1154,MATCH
600,B,1158,,PHE,DIRECT,15523,Q96KQ7,1158,MATCH
600,B,1158,,PHE,NEAR_SHELL,15523,Q96KQ7,1158,MATCH
600,B,1159,,TRP,DIRECT,15523,Q96KQ7,1159,MATCH
600,B,1159,,TRP,NEAR_SHELL,15523,Q96KQ7,1159,MATCH
600,B,1162,,LYS,NEAR_SHELL,15523,Q96KQ7,1162,MATCH
600,B,1166,,PHE,DIRECT,15523,Q96KQ7,1166,MATCH
600,B,1166,,PHE,NEAR_SHELL,15523,Q96KQ7,1166,MATCH
600,B,1167,,THR,DIRECT,15523,Q96KQ7,1167,MATCH
600,B,1167,,THR,NEAR_SHELL,15523,Q96KQ7,1167,MATCH
600,B,1168,,CYS,DIRECT,15523,Q96KQ7,1168,MATCH
600,B,1168,,CYS,NEAR_SHELL,15523,Q96KQ7,1168,MATCH
600,B,1169,,GLN,DIRECT,15523,Q96KQ7,1169,MATCH
600,B,1169,,GLN,NEAR_SHELL,15523,Q96KQ7,1169,MATCH
601,B,1011,,PRO,NEAR_SHELL,15523,,,
601,B,1067,,TYR,NEAR_SHELL,15523,Q96KQ7,1067,MATCH
601,B,1083,,ASP,DIRECT,15523,,,
601,B,1083,,ASP,NEAR_SHELL,15523,,,
601,B,1084,,SER,DIRECT,15523,Q96KQ7,1084,MATCH
601,B,1084,,SER,NEAR_SHELL,15523,Q96KQ7,1084,MATCH
601,B,1086,,LEU,DIRECT,15523,,,
601,B,1086,,LEU,NEAR_SHELL,15523,,,
601,B,1087,,PHE,DIRECT,15523,,,
601,B,1087,,PHE,NEAR_SHELL,15523,,,
601,B,1088,,ASP,DIRECT,15523,,,
601,B,1088,,ASP,NEAR_SHELL,15523,,,
601,B,1089,,LEU,NEAR_SHELL,15523,,,
601,B,1090,,ASP,NEAR_SHELL,15523,,,
601,B,1111,,ILE,NEAR_SHELL,15523,Q96KQ7,1111,MATCH
601,B,1121,,PRO,DIRECT,15523,,,
601,B,1121,,PRO,NEAR_SHELL,15523,,,
601,B,1122,,VAL,NEAR_SHELL,15523,,,
601,B,1123,,ARG,DIRECT,15523,,,
601,B,1123,,ARG,NEAR_SHELL,15523,,,
601,B,1136,,ILE,NEAR_SHELL,15523,,,
601,B,1152,,PHE,DIRECT,15523,,,
601,B,1152,,PHE,NEAR_SHELL,15523,,,
601,B,1154,,TYR,DIRECT,15523,Q96KQ7,1154,MATCH
601,B,1154,,TYR,NEAR_SHELL,15523,Q96KQ7,1154,MATCH
601,B,1157,,ARG,DIRECT,15523,,,
601,B,1157,,ARG,NEAR_SHELL,15523,,,
601,B,1158,,PHE,DIRECT,15523,Q96KQ7,1158,MATCH
601,B,1158,,PHE,NEAR_SHELL,15523,Q96KQ7,1158,MATCH
601,B,1161,,ILE,DIRECT,15523,,,
601,B,1161,,ILE,NEAR_SHELL,15523,,,
601,B,1162,,LYS,NEAR_SHELL,15523,Q96KQ7,1162,MATCH
602,A,1044,,ARG,NEAR_SHELL,15523,Q96KQ7,1044,MATCH
602,A,1047,,LYS,NEAR_SHELL,15523,Q96KQ7,1047,MATCH
602,A,1048,,MET,DIRECT,15523,Q96KQ7,1048,MATCH
602,A,1048,,MET,NEAR_SHELL,15523,Q96KQ7,1048,MATCH
602,A,1049,,GLY,DIRECT,15523,Q96KQ7,1049,MATCH
602,A,1049,,GLY,NEAR_SHELL,15523,Q96KQ7,1049,MATCH
602,A,1050,,TRP,DIRECT,15523,Q96KQ7,1050,MATCH
602,A,1050,,TRP,NEAR_SHELL,15523,Q96KQ7,1050,MATCH
602,A,1067,,TYR,NEAR_SHELL,15523,Q96KQ7,1067,MATCH
602,A,1084,,SER,DIRECT,15523,Q96KQ7,1084,MATCH
602,A,1084,,SER,NEAR_SHELL,15523,Q96KQ7,1084,MATCH
602,A,1085,,TYR,DIRECT,15523,Q96KQ7,1085,MATCH
602,A,1085,,TYR,NEAR_SHELL,15523,Q96KQ7,1085,MATCH
602,A,1108,,SER,NEAR_SHELL,15523,Q96KQ7,1108,MATCH
602,A,1109,,ARG,DIRECT,15523,Q96KQ7,1109,MATCH
602,A,1109,,ARG,NEAR_SHELL,15523,Q96KQ7,1109,MATCH
602,A,1110,,PHE,DIRECT,15523,Q96KQ7,1110,MATCH
602,A,1110,,PHE,NEAR_SHELL,15523,Q96KQ7,1110,MATCH
602,A,1112,,ASN,DIRECT,15523,Q96KQ7,1112,MATCH
602,A,1112,,ASN,NEAR_SHELL,15523,Q96KQ7,1112,MATCH
602,A,1113,,HIS,DIRECT,15523,Q96KQ7,1113,MATCH
602,A,1113,,HIS,NEAR_SHELL,15523,Q96KQ7,1113,MATCH
602,A,1154,,TYR,DIRECT,15523,Q96KQ7,1154,MATCH
602,A,1154,,TYR,NEAR_SHELL,15523,Q96KQ7,1154,MATCH
602,A,1158,,PHE,DIRECT,15523,Q96KQ7,1158,MATCH
602,A,1158,,PHE,NEAR_SHELL,15523,Q96KQ7,1158,MATCH
602,A,1159,,TRP,DIRECT,15523,Q96KQ7,1159,MATCH
602,A,1159,,TRP,NEAR_SHELL,15523,Q96KQ7,1159,MATCH
602,A,1162,,LYS,NEAR_SHELL,15523,Q96KQ7,1162,MATCH
602,A,1166,,PHE,DIRECT,15523,Q96KQ7,1166,MATCH
602,A,1166,,PHE,NEAR_SHELL,15523,Q96KQ7,1166,MATCH
602,A,1167,,THR,DIRECT,15523,Q96KQ7,1167,MATCH
602,A,1167,,THR,NEAR_SHELL,15523,Q96KQ7,1167,MATCH
602,A,1168,,CYS,DIRECT,15523,Q96KQ7,1168,MATCH
602,A,1168,,CYS,NEAR_SHELL,15523,Q96KQ7,1168,MATCH
602,A,1169,,GLN,DIRECT,15523,Q96KQ7,1169,MATCH
602,A,1169,,GLN,NEAR_SHELL,15523,Q96KQ7,1169,MATCH
603,A,1067,,TYR,DIRECT,15523,Q96KQ7,1067,MATCH
603,A,1067,,TYR,NEAR_SHELL,15523,Q96KQ7,1067,MATCH
603,A,1074,,ASP,DIRECT,15523,,,
603,A,1074,,ASP,NEAR_SHELL,15523,,,
603,A,1077,,ALA,DIRECT,15523,,,
603,A,1077,,ALA,NEAR_SHELL,15523,,,
603,A,1078,,ASP,DIRECT,15523,,,
603,A,1078,,ASP,NEAR_SHELL,15523,,,
603,A,1083,,ASP,DIRECT,15523,,,
603,A,1083,,ASP,NEAR_SHELL,15523,,,
603,A,1084,,SER,DIRECT,15523,Q96KQ7,1084,MATCH
603,A,1084,,SER,NEAR_SHELL,15523,Q96KQ7,1084,MATCH
603,A,1086,,LEU,DIRECT,15523,,,
603,A,1086,,LEU,NEAR_SHELL,15523,,,
603,A,1087,,PHE,DIRECT,15523,,,
603,A,1087,,PHE,NEAR_SHELL,15523,,,
603,A,1088,,ASP,DIRECT,15523,,,
603,A,1088,,ASP,NEAR_SHELL,15523,,,
603,A,1089,,LEU,NEAR_SHELL,15523,,,
603,A,1090,,ASP,NEAR_SHELL,15523,,,
603,A,1091,,ASN,DIRECT,15523,,,
603,A,1091,,ASN,NEAR_SHELL,15523,,,
603,A,1096,,VAL,NEAR_SHELL,15523,,,
603,A,1098,,CYS,DIRECT,15523,,,
603,A,1098,,CYS,NEAR_SHELL,15523,,,
603,A,1121,,PRO,DIRECT,15523,,,
603,A,1121,,PRO,NEAR_SHELL,15523,,,
603,A,1123,,ARG,DIRECT,15523,,,
603,A,1123,,ARG,NEAR_SHELL,15523,,,
603,A,1136,,ILE,NEAR_SHELL,15523,,,
603,A,1152,,PHE,DIRECT,15523,,,
603,A,1152,,PHE,NEAR_SHELL,15523,,,
603,A,1154,,TYR,DIRECT,15523,Q96KQ7,1154,MATCH
603,A,1154,,TYR,NEAR_SHELL,15523,Q96KQ7,1154,MATCH
603,A,1155,,GLY,NEAR_SHELL,15523,,,
603,A,1157,,ARG,DIRECT,15523,,,
603,A,1157,,ARG,NEAR_SHELL,15523,,,
603,A,1158,,PHE,DIRECT,15523,Q96KQ7,1158,MATCH
603,A,1158,,PHE,NEAR_SHELL,15523,Q96KQ7,1158,MATCH
603,A,1161,,ILE,NEAR_SHELL,15523,,,
604,B,1047,,LYS,NEAR_SHELL,15523,Q96KQ7,1047,MATCH
604,B,1048,,MET,DIRECT,15523,Q96KQ7,1048,MATCH
604,B,1048,,MET,NEAR_SHELL,15523,Q96KQ7,1048,MATCH
604,B,1049,,GLY,DIRECT,15523,Q96KQ7,1049,MATCH
604,B,1049,,GLY,NEAR_SHELL,15523,Q96KQ7,1049,MATCH
604,B,1050,,TRP,DIRECT,15523,Q96KQ7,1050,MATCH
604,B,1050,,TRP,NEAR_SHELL,15523,Q96KQ7,1050,MATCH
604,B,1067,,TYR,NEAR_SHELL,15523,Q96KQ7,1067,MATCH
604,B,1084,,SER,DIRECT,15523,Q96KQ7,1084,MATCH
604,B,1084,,SER,NEAR_SHELL,15523,Q96KQ7,1084,MATCH
604,B,1085,,TYR,DIRECT,15523,Q96KQ7,1085,MATCH
604,B,1085,,TYR,NEAR_SHELL,15523,Q96KQ7,1085,MATCH
604,B,1108,,SER,NEAR_SHELL,15523,Q96KQ7,1108,MATCH
604,B,1109,,ARG,DIRECT,15523,Q96KQ7,1109,MATCH
604,B,1109,,ARG,NEAR_SHELL,15523,Q96KQ7,1109,MATCH
604,B,1110,,PHE,DIRECT,15523,Q96KQ7,1110,MATCH
604,B,1110,,PHE,NEAR_SHELL,15523,Q96KQ7,1110,MATCH
604,B,1112,,ASN,DIRECT,15523,Q96KQ7,1112,MATCH
604,B,1112,,ASN,NEAR_SHELL,15523,Q96KQ7,1112,MATCH
604,B,1113,,HIS,DIRECT,15523,Q96KQ7,1113,MATCH
604,B,1113,,HIS,NEAR_SHELL,15523,Q96KQ7,1113,MATCH
604,B,1114,,LEU,NEAR_SHELL,15523,Q96KQ7,1114,MATCH
604,B,1154,,TYR,DIRECT,15523,Q96KQ7,1154,MATCH
604,B,1154,,TYR,NEAR_SHELL,15523,Q96KQ7,1154,MATCH
604,B,1158,,PHE,DIRECT,15523,Q96KQ7,1158,MATCH
604,B,1158,,PHE,NEAR_SHELL,15523,Q96KQ7,1158,MATCH
604,B,1159,,TRP,DIRECT,15523,Q96KQ7,1159,MATCH
604,B,1159,,TRP,NEAR_SHELL,15523,Q96KQ7,1159,MATCH
604,B,1162,,LYS,NEAR_SHELL,15523,Q96KQ7,1162,MATCH
604,B,1166,,PHE,DIRECT,15523,Q96KQ7,1166,MATCH
604,B,1166,,PHE,NEAR_SHELL,15523,Q96KQ7,1166,MATCH
604,B,1167,,THR,DIRECT,15523,Q96KQ7,1167,MATCH
604,B,1167,,THR,NEAR_SHELL,15523,Q96KQ7,1167,MATCH
604,B,1168,,CYS,DIRECT,15523,Q96KQ7,1168,MATCH
604,B,1168,,CYS,NEAR_SHELL,15523,Q96KQ7,1168,MATCH
604,B,1169,,GLN,DIRECT,15523,Q96KQ7,1169,MATCH
604,B,1169,,GLN,NEAR_SHELL,15523,Q96KQ7,1169,MATCH
604,B,1170,,CYS,NEAR_SHELL,15523,Q96KQ7,1170,MATCH
605,B,1067,,TYR,DIRECT,15523,Q96KQ7,1067,MATCH
605,B,1067,,TYR,NEAR_SHELL,15523,Q96KQ7,1067,MATCH
605,B,1074,,ASP,DIRECT,15523,,,
605,B,1074,,ASP,NEAR_SHELL,15523,,,
605,B,1077,,ALA,DIRECT,15523,,,
605,B,1077,,ALA,NEAR_SHELL,15523,,,
605,B,1078,,ASP,NEAR_SHELL,15523,,,
605,B,1083,,ASP,NEAR_SHELL,15523,,,
605,B,1084,,SER,DIRECT,15523,Q96KQ7,1084,MATCH
605,B,1084,,SER,NEAR_SHELL,15523,Q96KQ7,1084,MATCH
605,B,1086,,LEU,DIRECT,15523,,,
605,B,1086,,LEU,NEAR_SHELL,15523,,,
605,B,1087,,PHE,DIRECT,15523,,,
605,B,1087,,PHE,NEAR_SHELL,15523,,,
605,B,1088,,ASP,DIRECT,15523,,,
605,B,1088,,ASP,NEAR_SHELL,15523,,,
605,B,1089,,LEU,NEAR_SHELL,15523,,,
605,B,1090,,ASP,DIRECT,15523,,,
605,B,1090,,ASP,NEAR_SHELL,15523,,,
605,B,1098,,CYS,DIRECT,15523,,,
605,B,1098,,CYS,NEAR_SHELL,15523,,,
605,B,1121,,PRO,DIRECT,15523,,,
605,B,1121,,PRO,NEAR_SHELL,15523,,,
605,B,1123,,ARG,DIRECT,15523,,,
605,B,1123,,ARG,NEAR_SHELL,15523,,,
605,B,1136,,ILE,NEAR_SHELL,15523,,,
605,B,1152,,PHE,DIRECT,15523,,,
605,B,1152,,PHE,NEAR_SHELL,15523,,,
605,B,1153,,ASP,DIRECT,15523,,,
605,B,1153,,ASP,NEAR_SHELL,15523,,,
605,B,1154,,TYR,DIRECT,15523,Q96KQ7,1154,MATCH
605,B,1154,,TYR,NEAR_SHELL,15523,Q96KQ7,1154,MATCH
605,B,1157,,ARG,DIRECT,15523,,,
605,B,1157,,ARG,NEAR_SHELL,15523,,,
605,B,1158,,PHE,DIRECT,15523,Q96KQ7,1158,MATCH
605,B,1158,,PHE,NEAR_SHELL,15523,Q96KQ7,1158,MATCH
605,B,1161,,ILE,DIRECT,15523,,,
605,B,1161,,ILE,NEAR_SHELL,15523,,,
606,A,268,,TYR,DIRECT,8324,,,
606,A,268,,TYR,NEAR_SHELL,8324,,,
606,A,270,,ASP,DIRECT,8324,,,
606,A,270,,ASP,NEAR_SHELL,8324,,,
606,A,275,,TRP,NEAR_SHELL,8324,,,
606,A,277,,TYR,DIRECT,8324,,,
606,A,277,,TYR,NEAR_SHELL,8324,,,
606,A,297,,PHE,DIRECT,8324,,,
606,A,297,,PHE,NEAR_SHELL,8324,,,
606,A,299,,ASP,DIRECT,8324,,,
606,A,299,,ASP,NEAR_SHELL,8324,,,
606,A,301,,TYR,DIRECT,8324,,,
606,A,301,,TYR,NEAR_SHELL,8324,,,
606,A,358,,TRP,DIRECT,8324,,,
606,A,358,,TRP,NEAR_SHELL,8324,,,
606,A,363,,TRP,DIRECT,8324,,,
606,A,363,,TRP,NEAR_SHELL,8324,,,
606,A,376,,ARG,NEAR_SHELL,8324,,,
606,A,379,,PHE,DIRECT,8324,,,
606,A,379,,PHE,NEAR_SHELL,8324,,,
606,A,381,,ASP,NEAR_SHELL,8324,,,
606,A,382,,ASP,DIRECT,8324,,,
606,A,382,,ASP,NEAR_SHELL,8324,,,
606,A,384,,ARG,DIRECT,8324,,,
606,A,384,,ARG,NEAR_SHELL,8324,,,
606,A,385,,CYS,DIRECT,8324,,,
606,A,385,,CYS,NEAR_SHELL,8324,,,
606,A,386,,GLU,DIRECT,8324,,,
606,A,386,,GLU,NEAR_SHELL,8324,,,
606,A,394,,ARG,NEAR_SHELL,8324,,,
607,A,268,,TYR,DIRECT,8324,,,
607,A,268,,TYR,NEAR_SHELL,8324,,,
607,A,275,,TRP,NEAR_SHELL,8324,,,
607,A,277,,TYR,DIRECT,8324,,,
607,A,277,,TYR,NEAR_SHELL,8324,,,
607,A,297,,PHE,DIRECT,8324,,,
607,A,297,,PHE,NEAR_SHELL,8324,,,
607,A,299,,ASP,DIRECT,8324,,,
607,A,299,,ASP,NEAR_SHELL,8324,,,
607,A,301,,TYR,DIRECT,8324,,,
607,A,301,,TYR,NEAR_SHELL,8324,,,
607,A,358,,TRP,DIRECT,8324,,,
607,A,358,,TRP,NEAR_SHELL,8324,,,
607,A,363,,TRP,DIRECT,8324,,,
607,A,363,,TRP,NEAR_SHELL,8324,,,
607,A,376,,ARG,NEAR_SHELL,8324,,,
607,A,379,,PHE,DIRECT,8324,,,
607,A,379,,PHE,NEAR_SHELL,8324,,,
607,A,382,,ASP,DIRECT,8324,,,
607,A,382,,ASP,NEAR_SHELL,8324,,,
607,A,384,,ARG,DIRECT,8324,,,
607,A,384,,ARG,NEAR_SHELL,8324,,,
607,A,385,,CYS,DIRECT,8324,,,
607,A,385,,CYS,NEAR_SHELL,8324,,,
607,A,386,,GLU,DIRECT,8324,,,
607,A,386,,GLU,NEAR_SHELL,8324,,,
607,A,394,,ARG,NEAR_SHELL,8324,,,
608,A,228,,SER,NEAR_SHELL,3235,,,
608,A,230,,VAL,DIRECT,3235,,,
608,A,230,,VAL,NEAR_SHELL,3235,,,
608,A,233,,TYR,DIRECT,3235,,,
608,A,233,,TYR,NEAR_SHELL,3235,,,
608,A,234,,PRO,NEAR_SHELL,3235,,,
608,A,236,,TRP,DIRECT,3235,,,
608,A,236,,TRP,NEAR_SHELL,3235,,,
608,A,266,,PHE,DIRECT,3235,,,
608,A,266,,PHE,NEAR_SHELL,3235,,,
608,A,267,,PHE,DIRECT,3235,,,
608,A,267,,PHE,NEAR_SHELL,3235,,,
608,A,268,,GLY,DIRECT,3235,,,
608,A,268,,GLY,NEAR_SHELL,3235,,,
608,A,270,,ALA,DIRECT,3235,,,
608,A,270,,ALA,NEAR_SHELL,3235,,,
608,A,272,,GLU,DIRECT,3235,,,
608,A,272,,GLU,NEAR_SHELL,3235,,,
608,A,273,,ARG,DIRECT,3235,,,
608,A,273,,ARG,NEAR_SHELL,3235,,,
608,A,274,,ALA,DIRECT,3235,,,
608,A,274,,ALA,NEAR_SHELL,3235,,,
608,A,276,,ILE,NEAR_SHELL,3235,,,
608,A,318,,LEU,DIRECT,3235,,,
608,A,318,,LEU,NEAR_SHELL,3235,,,
608,A,321,,GLN,DIRECT,3235,,,
608,A,321,,GLN,NEAR_SHELL,3235,,,
609,A,228,,SER,NEAR_SHELL,3235,,,
609,A,230,,VAL,DIRECT,3235,,,
609,A,230,,VAL,NEAR_SHELL,3235,,,
609,A,233,,TYR,DIRECT,3235,,,
609,A,233,,TYR,NEAR_SHELL,3235,,,
609,A,234,,PRO,NEAR_SHELL,3235,,,
609,A,236,,TRP,DIRECT,3235,,,
609,A,236,,TRP,NEAR_SHELL,3235,,,
609,A,266,,PHE,DIRECT,3235,,,
609,A,266,,PHE,NEAR_SHELL,3235,,,
609,A,267,,PHE,DIRECT,3235,,,
609,A,267,,PHE,NEAR_SHELL,3235,,,
609,A,268,,GLY,DIRECT,3235,,,
609,A,268,,GLY,NEAR_SHELL,3235,,,
609,A,270,,ALA,DIRECT,3235,,,
609,A,270,,ALA,NEAR_SHELL,3235,,,
609,A,272,,GLU,DIRECT,3235,,,
609,A,272,,GLU,NEAR_SHELL,3235,,,
609,A,273,,ARG,DIRECT,3235,,,
609,A,273,,ARG,NEAR_SHELL,3235,,,
609,A,274,,ALA,DIRECT,3235,,,
609,A,274,,ALA,NEAR_SHELL,3235,,,
609,A,276,,ILE,NEAR_SHELL,3235,,,
609,A,318,,LEU,DIRECT,3235,,,
609,A,318,,LEU,NEAR_SHELL,3235,,,
609,A,321,,GLN,DIRECT,3235,,,
609,A,321,,GLN,NEAR_SHELL,3235,,,
610,A,230,,VAL,DIRECT,3235,,,
610,A,230,,VAL,NEAR_SHELL,3235,,,
610,A,231,,SER,NEAR_SHELL,3235,,,
610,A,233,,TYR,DIRECT,3235,,,
610,A,233,,TYR,NEAR_SHELL,3235,,,
610,A,234,,PRO,NEAR_SHELL,3235,,,
610,A,236,,TRP,DIRECT,3235,,,
610,A,236,,TRP,NEAR_SHELL,3235,,,
610,A,266,,PHE,DIRECT,3235,,,
610,A,266,,PHE,NEAR_SHELL,3235,,,
610,A,267,,PHE,DIRECT,3235,,,
610,A,267,,PHE,NEAR_SHELL,3235,,,
610,A,268,,GLY,DIRECT,3235,,,
610,A,268,,GLY,NEAR_SHELL,3235,,,
610,A,270,,ALA,DIRECT,3235,,,
610,A,270,,ALA,NEAR_SHELL,3235,,,
610,A,272,,GLU,DIRECT,3235,,,
610,A,272,,GLU,NEAR_SHELL,3235,,,
610,A,273,,ARG,DIRECT,3235,,,
610,A,273,,ARG,NEAR_SHELL,3235,,,
610,A,274,,ALA,DIRECT,3235,,,
610,A,274,,ALA,NEAR_SHELL,3235,,,
610,A,318,,LEU,DIRECT,3235,,,
610,A,318,,LEU,NEAR_SHELL,3235,,,
610,A,321,,GLN,DIRECT,3235,,,
610,A,321,,GLN,NEAR_SHELL,3235,,,
611,A,23,,TYR,DIRECT,20309,,,
611,A,23,,TYR,NEAR_SHELL,20309,,,
611,A,24,,GLU,NEAR_SHELL,20309,,,
611,A,25,,PRO,NEAR_SHELL,20309,,,
611,A,28,,ASP,DIRECT,20309,,,
611,A,28,,ASP,NEAR_SHELL,20309,,,
611,A,29,,THR,DIRECT,20309,,,
611,A,29,,THR,NEAR_SHELL,20309,,,
611,A,51,,GLU,DIRECT,20309,,,
611,A,51,,GLU,NEAR_SHELL,20309,,,
611,A,52,,VAL,NEAR_SHELL,20309,,,
611,A,53,,GLY,DIRECT,20309,,,
611,A,53,,GLY,NEAR_SHELL,20309,,,
611,A,54,,SER,DIRECT,20309,,,
611,A,54,,SER,NEAR_SHELL,20309,,,
611,A,55,,GLY,DIRECT,20309,,,
611,A,55,,GLY,NEAR_SHELL,20309,,,
611,A,56,,SER,NEAR_SHELL,20309,,,
611,A,58,,VAL,NEAR_SHELL,20309,,,
611,A,59,,VAL,DIRECT,20309,,,
611,A,59,,VAL,NEAR_SHELL,20309,,,
611,A,76,,THR,NEAR_SHELL,20309,,,
611,A,77,,ASP,DIRECT,20309,,,
611,A,77,,ASP,NEAR_SHELL,20309,,,
611,A,78,,ILE,DIRECT,20309,,,
611,A,78,,ILE,NEAR_SHELL,20309,,,
611,A,79,,ASN,DIRECT,20309,,,
611,A,79,,ASN,NEAR_SHELL,20309,,,
611,A,82,,ALA,NEAR_SHELL,20309,,,
611,A,102,,THR,DIRECT,20309,,,
611,A,102,,THR,NEAR_SHELL,20309,,,
611,A,103,,ASP,DIRECT,20309,,,
611,A,103,,ASP,NEAR_SHELL,20309,,,
611,A,104,,LEU,DIRECT,20309,,,
611,A,104,,LEU,NEAR_SHELL,20309,,,
611,A,121,,PHE,NEAR_SHELL,20309,,,
611,A,122,,ASN,DIRECT,20309,,,
611,A,122,,ASN,NEAR_SHELL,20309,,,
611,A,123,,PRO,DIRECT,20309,,,
611,A,123,,PRO,NEAR_SHELL,20309,,,
611,A,124,,PRO,DIRECT,20309,,,
611,A,124,,PRO,NEAR_SHELL,20309,,,
611,A,125,,TYR,DIRECT,20309,,,
611,A,125,,TYR,NEAR_SHELL,20309,,,
611,A,126,,VAL,DIRECT,20309,,,
611,A,126,,VAL,NEAR_SHELL,20309,,,
611,A,134,,GLY,NEAR_SHELL,20309,,,
611,A,140,,ALA,DIRECT,20309,,,
611,A,140,,ALA,NEAR_SHELL,20309,,,
611,A,141,,ALA,DIRECT,20309,,,
611,A,141,,ALA,NEAR_SHELL,20309,,,
611,A,142,,TRP,DIRECT,20309,,,
611,A,142,,TRP,NEAR_SHELL,20309,,,
611,A,151,,VAL,NEAR_SHELL,20309,,,
611,A,154,,ARG,DIRECT,20309,,,
611,A,154,,ARG,NEAR_SHELL,20309,,,
612,A,23,,TYR,NEAR_SHELL,19308,,,
612,A,23,,TYR,NEAR_SHELL,20309,,,
612,A,28,,ASP,NEAR_SHELL,19308,,,
612,A,28,,ASP,NEAR_SHELL,20309,,,
612,A,78,,ILE,DIRECT,19308,,,
612,A,78,,ILE,DIRECT,20309,,,
612,A,78,,ILE,NEAR_SHELL,19308,,,
612,A,78,,ILE,NEAR_SHELL,20309,,,
612,A,103,,ASP,DIRECT,19308,,,
612,A,103,,ASP,DIRECT,20309,,,
612,A,103,,ASP,NEAR_SHELL,19308,,,
612,A,103,,ASP,NEAR_SHELL,20309,,,
612,A,104,,LEU,NEAR_SHELL,19308,,,
612,A,104,,LEU,NEAR_SHELL,20309,,,
612,A,105,,VAL,NEAR_SHELL,19308,,,
612,A,105,,VAL,NEAR_SHELL,20309,,,
612,A,135,,SER,NEAR_SHELL,19308,,,
612,A,135,,SER,NEAR_SHELL,20309,,,
612,A,140,,ALA,DIRECT,19308,,,
612,A,140,,ALA,DIRECT,20309,,,
612,A,140,,ALA,NEAR_SHELL,19308,,,
612,A,140,,ALA,NEAR_SHELL,20309,,,
612,A,141,,ALA,DIRECT,19308,,,
612,A,141,,ALA,DIRECT,20309,,,
612,A,141,,ALA,NEAR_SHELL,19308,,,
612,A,141,,ALA,NEAR_SHELL,20309,,,
612,A,151,,VAL,NEAR_SHELL,19308,,,
612,A,151,,VAL,NEAR_SHELL,20309,,,
612,A,154,,ARG,NEAR_SHELL,19308,,,
612,A,154,,ARG,NEAR_SHELL,20309,,,
613,A,23,,TYR,DIRECT,19308,,,
613,A,23,,TYR,DIRECT,20309,,,
613,A,23,,TYR,NEAR_SHELL,19308,,,
613,A,23,,TYR,NEAR_SHELL,20309,,,
613,A,25,,PRO,NEAR_SHELL,19308,,,
613,A,25,,PRO,NEAR_SHELL,20309,,,
613,A,28,,ASP,DIRECT,19308,,,
613,A,28,,ASP,DIRECT,20309,,,
613,A,28,,ASP,NEAR_SHELL,19308,,,
613,A,28,,ASP,NEAR_SHELL,20309,,,
613,A,29,,THR,DIRECT,19308,,,
613,A,29,,THR,DIRECT,20309,,,
613,A,29,,THR,NEAR_SHELL,19308,,,
613,A,29,,THR,NEAR_SHELL,20309,,,
613,A,51,,GLU,DIRECT,19308,,,
613,A,51,,GLU,DIRECT,20309,,,
613,A,51,,GLU,NEAR_SHELL,19308,,,
613,A,51,,GLU,NEAR_SHELL,20309,,,
613,A,52,,VAL,NEAR_SHELL,19308,,,
613,A,52,,VAL,NEAR_SHELL,20309,,,
613,A,53,,GLY,DIRECT,19308,,,
613,A,53,,GLY,DIRECT,20309,,,
613,A,53,,GLY,NEAR_SHELL,19308,,,
613,A,53,,GLY,NEAR_SHELL,20309,,,
613,A,54,,SER,DIRECT,19308,,,
613,A,54,,SER,DIRECT,20309,,,
613,A,54,,SER,NEAR_SHELL,19308,,,
613,A,54,,SER,NEAR_SHELL,20309,,,
613,A,55,,GLY,DIRECT,19308,,,
613,A,55,,GLY,DIRECT,20309,,,
613,A,55,,GLY,NEAR_SHELL,19308,,,
613,A,55,,GLY,NEAR_SHELL,20309,,,
613,A,56,,SER,NEAR_SHELL,19308,,,
613,A,56,,SER,NEAR_SHELL,20309,,,
613,A,58,,VAL,NEAR_SHELL,19308,,,
613,A,58,,VAL,NEAR_SHELL,20309,,,
613,A,59,,VAL,DIRECT,19308,,,
613,A,59,,VAL,DIRECT,20309,,,
613,A,59,,VAL,NEAR_SHELL,19308,,,
613,A,59,,VAL,NEAR_SHELL,20309,,,
613,A,76,,THR,NEAR_SHELL,19308,,,
613,A,76,,THR,NEAR_SHELL,20309,,,
613,A,77,,ASP,DIRECT,19308,,,
613,A,77,,ASP,DIRECT,20309,,,
613,A,77,,ASP,NEAR_SHELL,19308,,,
613,A,77,,ASP,NEAR_SHELL,20309,,,
613,A,78,,ILE,DIRECT,19308,,,
613,A,78,,ILE,DIRECT,20309,,,
613,A,78,,ILE,NEAR_SHELL,19308,,,
613,A,78,,ILE,NEAR_SHELL,20309,,,
613,A,79,,ASN,NEAR_SHELL,19308,,,
613,A,79,,ASN,NEAR_SHELL,20309,,,
613,A,82,,ALA,NEAR_SHELL,19308,,,
613,A,82,,ALA,NEAR_SHELL,20309,,,
613,A,102,,THR,DIRECT,19308,,,
613,A,102,,THR,DIRECT,20309,,,
613,A,102,,THR,NEAR_SHELL,19308,,,
613,A,102,,THR,NEAR_SHELL,20309,,,
613,A,103,,ASP,DIRECT,19308,,,
613,A,103,,ASP,DIRECT,20309,,,
613,A,103,,ASP,NEAR_SHELL,19308,,,
613,A,103,,ASP,NEAR_SHELL,20309,,,
613,A,104,,LEU,DIRECT,19308,,,
613,A,104,,LEU,DIRECT,20309,,,
613,A,104,,LEU,NEAR_SHELL,19308,,,
613,A,104,,LEU,NEAR_SHELL,20309,,,
613,A,105,,VAL,NEAR_SHELL,19308,,,
613,A,105,,VAL,NEAR_SHELL,20309,,,
613,A,121,,PHE,NEAR_SHELL,19308,,,
613,A,121,,PHE,NEAR_SHELL,20309,,,
613,A,122,,ASN,DIRECT,19308,,,
613,A,122,,ASN,DIRECT,20309,,,
613,A,122,,ASN,NEAR_SHELL,19308,,,
613,A,122,,ASN,NEAR_SHELL,20309,,,
613,A,123,,PRO,DIRECT,19308,,,
613,A,123,,PRO,DIRECT,20309,,,
613,A,123,,PRO,NEAR_SHELL,19308,,,
613,A,123,,PRO,NEAR_SHELL,20309,,,
613,A,124,,PRO,DIRECT,19308,,,
613,A,124,,PRO,DIRECT,20309,,,
613,A,124,,PRO,NEAR_SHELL,19308,,,
613,A,124,,PRO,NEAR_SHELL,20309,,,
613,A,125,,TYR,DIRECT,19308,,,
613,A,125,,TYR,DIRECT,20309,,,
613,A,125,,TYR,NEAR_SHELL,19308,,,
613,A,125,,TYR,NEAR_SHELL,20309,,,
613,A,126,,VAL,DIRECT,19308,,,
613,A,126,,VAL,DIRECT,20309,,,
613,A,126,,VAL,NEAR_SHELL,19308,,,
613,A,126,,VAL,NEAR_SHELL,20309,,,
613,A,137,,GLY,NEAR_SHELL,19308,,,
613,A,137,,GLY,NEAR_SHELL,20309,,,
613,A,140,,ALA,DIRECT,19308,,,
613,A,140,,ALA,DIRECT,20309,,,
613,A,140,,ALA,NEAR_SHELL,19308,,,
613,A,140,,ALA,NEAR_SHELL,20309,,,
613,A,141,,ALA,DIRECT,19308,,,
613,A,141,,ALA,DIRECT,20309,,,
613,A,141,,ALA,NEAR_SHELL,19308,,,
613,A,141,,ALA,NEAR_SHELL,20309,,,
613,A,142,,TRP,DIRECT,19308,,,
613,A,142,,TRP,DIRECT,20309,,,
613,A,142,,TRP,NEAR_SHELL,19308,,,
613,A,142,,TRP,NEAR_SHELL,20309,,,
613,A,151,,VAL,NEAR_SHELL,19308,,,
613,A,151,,VAL,NEAR_SHELL,20309,,,
613,A,154,,ARG,DIRECT,19308,,,
613,A,154,,ARG,DIRECT,20309,,,
613,A,154,,ARG,NEAR_SHELL,19308,,,
613,A,154,,ARG,NEAR_SHELL,20309,,,
613,A,204,,GLU,NEAR_SHELL,19308,,,
613,A,204,,GLU,NEAR_SHELL,20309,,,
614,A,22,,VAL,NEAR_SHELL,19308,,,
614,A,22,,VAL,NEAR_SHELL,20309,,,
614,A,23,,TYR,DIRECT,19308,,,
614,A,23,,TYR,DIRECT,20309,,,
614,A,23,,TYR,NEAR_SHELL,19308,,,
614,A,23,,TYR,NEAR_SHELL,20309,,,
614,A,25,,PRO,NEAR_SHELL,19308,,,
614,A,25,,PRO,NEAR_SHELL,20309,,,
614,A,28,,ASP,DIRECT,19308,,,
614,A,28,,ASP,DIRECT,20309,,,
614,A,28,,ASP,NEAR_SHELL,19308,,,
614,A,28,,ASP,NEAR_SHELL,20309,,,
614,A,29,,THR,DIRECT,19308,,,
614,A,29,,THR,DIRECT,20309,,,
614,A,29,,THR,NEAR_SHELL,19308,,,
614,A,29,,THR,NEAR_SHELL,20309,,,
614,A,51,,GLU,DIRECT,19308,,,
614,A,51,,GLU,DIRECT,20309,,,
614,A,51,,GLU,NEAR_SHELL,19308,,,
614,A,51,,GLU,NEAR_SHELL,20309,,,
614,A,52,,VAL,NEAR_SHELL,19308,,,
614,A,52,,VAL,NEAR_SHELL,20309,,,
614,A,53,,GLY,DIRECT,19308,,,
614,A,53,,GLY,DIRECT,20309,,,
614,A,53,,GLY,NEAR_SHELL,19308,,,
614,A,53,,GLY,NEAR_SHELL,20309,,,
614,A,54,,SER,DIRECT,19308,,,
614,A,54,,SER,DIRECT,20309,,,
614,A,54,,SER,NEAR_SHELL,19308,,,
614,A,54,,SER,NEAR_SHELL,20309,,,
614,A,55,,GLY,DIRECT,19308,,,
614,A,55,,GLY,DIRECT,20309,,,
614,A,55,,GLY,NEAR_SHELL,19308,,,
614,A,55,,GLY,NEAR_SHELL,20309,,,
614,A,56,,SER,NEAR_SHELL,19308,,,
614,A,56,,SER,NEAR_SHELL,20309,,,
614,A,58,,VAL,NEAR_SHELL,19308,,,
614,A,58,,VAL,NEAR_SHELL,20309,,,
614,A,59,,VAL,DIRECT,19308,,,
614,A,59,,VAL,DIRECT,20309,,,
614,A,59,,VAL,NEAR_SHELL,19308,,,
614,A,59,,VAL,NEAR_SHELL,20309,,,
614,A,76,,THR,NEAR_SHELL,19308,,,
614,A,76,,THR,NEAR_SHELL,20309,,,
614,A,77,,ASP,DIRECT,19308,,,
614,A,77,,ASP,DIRECT,20309,,,
614,A,77,,ASP,NEAR_SHELL,19308,,,
614,A,77,,ASP,NEAR_SHELL,20309,,,
614,A,78,,ILE,DIRECT,19308,,,
614,A,78,,ILE,DIRECT,20309,,,
614,A,78,,ILE,NEAR_SHELL,19308,,,
614,A,78,,ILE,NEAR_SHELL,20309,,,
614,A,79,,ASN,DIRECT,19308,,,
614,A,79,,ASN,DIRECT,20309,,,
614,A,79,,ASN,NEAR_SHELL,19308,,,
614,A,79,,ASN,NEAR_SHELL,20309,,,
614,A,82,,ALA,NEAR_SHELL,19308,,,
614,A,82,,ALA,NEAR_SHELL,20309,,,
614,A,102,,THR,DIRECT,19308,,,
614,A,102,,THR,DIRECT,20309,,,
614,A,102,,THR,NEAR_SHELL,19308,,,
614,A,102,,THR,NEAR_SHELL,20309,,,
614,A,103,,ASP,DIRECT,19308,,,
614,A,103,,ASP,DIRECT,20309,,,
614,A,103,,ASP,NEAR_SHELL,19308,,,
614,A,103,,ASP,NEAR_SHELL,20309,,,
614,A,104,,LEU,DIRECT,19308,,,
614,A,104,,LEU,DIRECT,20309,,,
614,A,104,,LEU,NEAR_SHELL,19308,,,
614,A,104,,LEU,NEAR_SHELL,20309,,,
614,A,105,,VAL,NEAR_SHELL,19308,,,
614,A,105,,VAL,NEAR_SHELL,20309,,,
614,A,121,,PHE,NEAR_SHELL,19308,,,
614,A,121,,PHE,NEAR_SHELL,20309,,,
614,A,122,,ASN,DIRECT,19308,,,
614,A,122,,ASN,DIRECT,20309,,,
614,A,122,,ASN,NEAR_SHELL,19308,,,
614,A,122,,ASN,NEAR_SHELL,20309,,,
614,A,123,,PRO,DIRECT,19308,,,
614,A,123,,PRO,DIRECT,20309,,,
614,A,123,,PRO,NEAR_SHELL,19308,,,
614,A,123,,PRO,NEAR_SHELL,20309,,,
614,A,124,,PRO,DIRECT,19308,,,
614,A,124,,PRO,DIRECT,20309,,,
614,A,124,,PRO,NEAR_SHELL,19308,,,
614,A,124,,PRO,NEAR_SHELL,20309,,,
614,A,125,,TYR,DIRECT,19308,,,
614,A,125,,TYR,DIRECT,20309,,,
614,A,125,,TYR,NEAR_SHELL,19308,,,
614,A,125,,TYR,NEAR_SHELL,20309,,,
614,A,126,,VAL,DIRECT,19308,,,
614,A,126,,VAL,DIRECT,20309,,,
614,A,126,,VAL,NEAR_SHELL,19308,,,
614,A,126,,VAL,NEAR_SHELL,20309,,,
614,A,135,,SER,NEAR_SHELL,19308,,,
614,A,135,,SER,NEAR_SHELL,20309,,,
614,A,137,,GLY,NEAR_SHELL,19308,,,
614,A,137,,GLY,NEAR_SHELL,20309,,,
614,A,140,,ALA,DIRECT,19308,,,
614,A,140,,ALA,DIRECT,20309,,,
614,A,140,,ALA,NEAR_SHELL,19308,,,
614,A,140,,ALA,NEAR_SHELL,20309,,,
614,A,141,,ALA,DIRECT,19308,,,
614,A,141,,ALA,DIRECT,20309,,,
614,A,141,,ALA,NEAR_SHELL,19308,,,
614,A,141,,ALA,NEAR_SHELL,20309,,,
614,A,142,,TRP,DIRECT,19308,,,
614,A,142,,TRP,DIRECT,20309,,,
614,A,142,,TRP,NEAR_SHELL,19308,,,
614,A,142,,TRP,NEAR_SHELL,20309,,,
614,A,151,,VAL,NEAR_SHELL,19308,,,
614,A,151,,VAL,NEAR_SHELL,20309,,,
614,A,154,,ARG,DIRECT,19308,,,
614,A,154,,ARG,DIRECT,20309,,,
614,A,154,,ARG,NEAR_SHELL,19308,,,
614,A,154,,ARG,NEAR_SHELL,20309,,,
614,A,204,,GLU,NEAR_SHELL,19308,,,
614,A,204,,GLU,NEAR_SHELL,20309,,,
615,A,23,,TYR,DIRECT,20309,,,
615,A,23,,TYR,NEAR_SHELL,20309,,,
615,A,25,,PRO,NEAR_SHELL,20309,,,
615,A,28,,ASP,DIRECT,20309,,,
615,A,28,,ASP,NEAR_SHELL,20309,,,
615,A,29,,THR,DIRECT,20309,,,
615,A,29,,THR,NEAR_SHELL,20309,,,
615,A,51,,GLU,DIRECT,20309,,,
615,A,51,,GLU,NEAR_SHELL,20309,,,
615,A,52,,VAL,NEAR_SHELL,20309,,,
615,A,53,,GLY,DIRECT,20309,,,
615,A,53,,GLY,NEAR_SHELL,20309,,,
615,A,54,,SER,DIRECT,20309,,,
615,A,54,,SER,NEAR_SHELL,20309,,,
615,A,55,,GLY,DIRECT,20309,,,
615,A,55,,GLY,NEAR_SHELL,20309,,,
615,A,56,,SER,NEAR_SHELL,20309,,,
615,A,58,,VAL,NEAR_SHELL,20309,,,
615,A,59,,VAL,DIRECT,20309,,,
615,A,59,,VAL,NEAR_SHELL,20309,,,
615,A,76,,THR,NEAR_SHELL,20309,,,
615,A,77,,ASP,DIRECT,20309,,,
615,A,77,,ASP,NEAR_SHELL,20309,,,
615,A,78,,ILE,DIRECT,20309,,,
615,A,78,,ILE,NEAR_SHELL,20309,,,
615,A,79,,ASN,NEAR_SHELL,20309,,,
615,A,82,,ALA,NEAR_SHELL,20309,,,
615,A,102,,THR,DIRECT,20309,,,
615,A,102,,THR,NEAR_SHELL,20309,,,
615,A,103,,ASP,DIRECT,20309,,,
615,A,103,,ASP,NEAR_SHELL,20309,,,
615,A,104,,LEU,DIRECT,20309,,,
615,A,104,,LEU,NEAR_SHELL,20309,,,
615,A,121,,PHE,NEAR_SHELL,20309,,,
615,A,122,,ASN,DIRECT,20309,,,
615,A,122,,ASN,NEAR_SHELL,20309,,,
615,A,123,,PRO,DIRECT,20309,,,
615,A,123,,PRO,NEAR_SHELL,20309,,,
615,A,124,,PRO,DIRECT,20309,,,
615,A,124,,PRO,NEAR_SHELL,20309,,,
615,A,125,,TYR,DIRECT,20309,,,
615,A,125,,TYR,NEAR_SHELL,20309,,,
615,A,126,,VAL,NEAR_SHELL,20309,,,
615,A,135,,SER,NEAR_SHELL,20309,,,
615,A,137,,GLY,NEAR_SHELL,20309,,,
615,A,140,,ALA,DIRECT,20309,,,
615,A,140,,ALA,NEAR_SHELL,20309,,,
615,A,141,,ALA,DIRECT,20309,,,
615,A,141,,ALA,NEAR_SHELL,20309,,,
615,A,142,,TRP,DIRECT,20309,,,
615,A,142,,TRP,NEAR_SHELL,20309,,,
615,A,151,,VAL,NEAR_SHELL,20309,,,
615,A,154,,ARG,DIRECT,20309,,,
615,A,154,,ARG,NEAR_SHELL,20309,,,
616,A,23,,TYR,DIRECT,20309,,,
616,A,23,,TYR,NEAR_SHELL,20309,,,
616,A,28,,ASP,DIRECT,20309,,,
616,A,28,,ASP,NEAR_SHELL,20309,,,
616,A,29,,THR,DIRECT,20309,,,
616,A,29,,THR,NEAR_SHELL,20309,,,
616,A,51,,GLU,DIRECT,20309,,,
616,A,51,,GLU,NEAR_SHELL,20309,,,
616,A,52,,VAL,NEAR_SHELL,20309,,,
616,A,53,,GLY,DIRECT,20309,,,
616,A,53,,GLY,NEAR_SHELL,20309,,,
616,A,54,,SER,DIRECT,20309,,,
616,A,54,,SER,NEAR_SHELL,20309,,,
616,A,55,,GLY,DIRECT,20309,,,
616,A,55,,GLY,NEAR_SHELL,20309,,,
616,A,56,,SER,NEAR_SHELL,20309,,,
616,A,58,,VAL,NEAR_SHELL,20309,,,
616,A,59,,VAL,DIRECT,20309,,,
616,A,59,,VAL,NEAR_SHELL,20309,,,
616,A,76,,THR,NEAR_SHELL,20309,,,
616,A,77,,ASP,DIRECT,20309,,,
616,A,77,,ASP,NEAR_SHELL,20309,,,
616,A,78,,ILE,DIRECT,20309,,,
616,A,78,,ILE,NEAR_SHELL,20309,,,
616,A,79,,ASN,DIRECT,20309,,,
616,A,79,,ASN,NEAR_SHELL,20309,,,
616,A,82,,ALA,NEAR_SHELL,20309,,,
616,A,102,,THR,DIRECT,20309,,,
616,A,102,,THR,NEAR_SHELL,20309,,,
616,A,103,,ASP,DIRECT,20309,,,
616,A,103,,ASP,NEAR_SHELL,20309,,,
616,A,104,,LEU,DIRECT,20309,,,
616,A,104,,LEU,NEAR_SHELL,20309,,,
616,A,121,,PHE,NEAR_SHELL,20309,,,
616,A,122,,ASN,DIRECT,20309,,,
616,A,122,,ASN,NEAR_SHELL,20309,,,
616,A,123,,PRO,DIRECT,20309,,,
616,A,123,,PRO,NEAR_SHELL,20309,,,
616,A,124,,PRO,DIRECT,20309,,,
616,A,124,,PRO,NEAR_SHELL,20309,,,
616,A,125,,TYR,DIRECT,20309,,,
616,A,125,,TYR,NEAR_SHELL,20309,,,
616,A,126,,VAL,NEAR_SHELL,20309,,,
616,A,135,,SER,NEAR_SHELL,20309,,,
616,A,137,,GLY,NEAR_SHELL,20309,,,
616,A,140,,ALA,DIRECT,20309,,,
616,A,140,,ALA,NEAR_SHELL,20309,,,
616,A,141,,ALA,DIRECT,20309,,,
616,A,141,,ALA,NEAR_SHELL,20309,,,
616,A,142,,TRP,NEAR_SHELL,20309,,,
616,A,151,,VAL,NEAR_SHELL,20309,,,
616,A,154,,ARG,DIRECT,20309,,,
616,A,154,,ARG,NEAR_SHELL,20309,,,
617,A,23,,TYR,DIRECT,20309,,,
617,A,23,,TYR,NEAR_SHELL,20309,,,
617,A,25,,PRO,NEAR_SHELL,20309,,,
617,A,28,,ASP,DIRECT,20309,,,
617,A,28,,ASP,NEAR_SHELL,20309,,,
617,A,29,,THR,DIRECT,20309,,,
617,A,29,,THR,NEAR_SHELL,20309,,,
617,A,51,,GLU,DIRECT,20309,,,
617,A,51,,GLU,NEAR_SHELL,20309,,,
617,A,52,,VAL,NEAR_SHELL,20309,,,
617,A,53,,GLY,DIRECT,20309,,,
617,A,53,,GLY,NEAR_SHELL,20309,,,
617,A,54,,SER,DIRECT,20309,,,
617,A,54,,SER,NEAR_SHELL,20309,,,
617,A,55,,GLY,DIRECT,20309,,,
617,A,55,,GLY,NEAR_SHELL,20309,,,
617,A,56,,SER,NEAR_SHELL,20309,,,
617,A,58,,VAL,NEAR_SHELL,20309,,,
617,A,59,,VAL,DIRECT,20309,,,
617,A,59,,VAL,NEAR_SHELL,20309,,,
617,A,76,,THR,NEAR_SHELL,20309,,,
617,A,77,,ASP,DIRECT,20309,,,
617,A,77,,ASP,NEAR_SHELL,20309,,,
617,A,78,,ILE,DIRECT,20309,,,
617,A,78,,ILE,NEAR_SHELL,20309,,,
617,A,79,,ASN,DIRECT,20309,,,
617,A,79,,ASN,NEAR_SHELL,20309,,,
617,A,82,,ALA,NEAR_SHELL,20309,,,
617,A,102,,THR,DIRECT,20309,,,
617,A,102,,THR,NEAR_SHELL,20309,,,
617,A,103,,ASP,DIRECT,20309,,,
617,A,103,,ASP,NEAR_SHELL,20309,,,
617,A,104,,LEU,DIRECT,20309,,,
617,A,104,,LEU,NEAR_SHELL,20309,,,
617,A,121,,PHE,NEAR_SHELL,20309,,,
617,A,122,,ASN,DIRECT,20309,,,
617,A,122,,ASN,NEAR_SHELL,20309,,,
617,A,123,,PRO,DIRECT,20309,,,
617,A,123,,PRO,NEAR_SHELL,20309,,,
617,A,124,,PRO,DIRECT,20309,,,
617,A,124,,PRO,NEAR_SHELL,20309,,,
617,A,125,,TYR,DIRECT,20309,,,
617,A,125,,TYR,NEAR_SHELL,20309,,,
617,A,126,,VAL,DIRECT,20309,,,
617,A,126,,VAL,NEAR_SHELL,20309,,,
617,A,135,,SER,NEAR_SHELL,20309,,,
617,A,137,,GLY,NEAR_SHELL,20309,,,
617,A,140,,ALA,DIRECT,20309,,,
617,A,140,,ALA,NEAR_SHELL,20309,,,
617,A,141,,ALA,DIRECT,20309,,,
617,A,141,,ALA,NEAR_SHELL,20309,,,
617,A,142,,TRP,DIRECT,20309,,,
617,A,142,,TRP,NEAR_SHELL,20309,,,
617,A,151,,VAL,NEAR_SHELL,20309,,,
617,A,154,,ARG,DIRECT,20309,,,
617,A,154,,ARG,NEAR_SHELL,20309,,,
617,A,204,,GLU,NEAR_SHELL,20309,,,
618,A,22,,VAL,NEAR_SHELL,19308,,,
618,A,22,,VAL,NEAR_SHELL,20309,,,
618,A,23,,TYR,DIRECT,19308,,,
618,A,23,,TYR,DIRECT,20309,,,
618,A,23,,TYR,NEAR_SHELL,19308,,,
618,A,23,,TYR,NEAR_SHELL,20309,,,
618,A,25,,PRO,NEAR_SHELL,19308,,,
618,A,25,,PRO,NEAR_SHELL,20309,,,
618,A,28,,ASP,DIRECT,19308,,,
618,A,28,,ASP,DIRECT,20309,,,
618,A,28,,ASP,NEAR_SHELL,19308,,,
618,A,28,,ASP,NEAR_SHELL,20309,,,
618,A,29,,THR,DIRECT,19308,,,
618,A,29,,THR,DIRECT,20309,,,
618,A,29,,THR,NEAR_SHELL,19308,,,
618,A,29,,THR,NEAR_SHELL,20309,,,
618,A,51,,GLU,DIRECT,19308,,,
618,A,51,,GLU,DIRECT,20309,,,
618,A,51,,GLU,NEAR_SHELL,19308,,,
618,A,51,,GLU,NEAR_SHELL,20309,,,
618,A,52,,VAL,NEAR_SHELL,19308,,,
618,A,52,,VAL,NEAR_SHELL,20309,,,
618,A,53,,GLY,DIRECT,19308,,,
618,A,53,,GLY,DIRECT,20309,,,
618,A,53,,GLY,NEAR_SHELL,19308,,,
618,A,53,,GLY,NEAR_SHELL,20309,,,
618,A,54,,SER,DIRECT,19308,,,
618,A,54,,SER,DIRECT,20309,,,
618,A,54,,SER,NEAR_SHELL,19308,,,
618,A,54,,SER,NEAR_SHELL,20309,,,
618,A,55,,GLY,DIRECT,19308,,,
618,A,55,,GLY,DIRECT,20309,,,
618,A,55,,GLY,NEAR_SHELL,19308,,,
618,A,55,,GLY,NEAR_SHELL,20309,,,
618,A,56,,SER,NEAR_SHELL,19308,,,
618,A,56,,SER,NEAR_SHELL,20309,,,
618,A,58,,VAL,NEAR_SHELL,19308,,,
618,A,58,,VAL,NEAR_SHELL,20309,,,
618,A,59,,VAL,DIRECT,19308,,,
618,A,59,,VAL,DIRECT,20309,,,
618,A,59,,VAL,NEAR_SHELL,19308,,,
618,A,59,,VAL,NEAR_SHELL,20309,,,
618,A,76,,THR,NEAR_SHELL,19308,,,
618,A,76,,THR,NEAR_SHELL,20309,,,
618,A,77,,ASP,DIRECT,19308,,,
618,A,77,,ASP,DIRECT,20309,,,
618,A,77,,ASP,NEAR_SHELL,19308,,,
618,A,77,,ASP,NEAR_SHELL,20309,,,
618,A,78,,ILE,DIRECT,19308,,,
618,A,78,,ILE,DIRECT,20309,,,
618,A,78,,ILE,NEAR_SHELL,19308,,,
618,A,78,,ILE,NEAR_SHELL,20309,,,
618,A,79,,ASN,NEAR_SHELL,19308,,,
618,A,79,,ASN,NEAR_SHELL,20309,,,
618,A,82,,ALA,NEAR_SHELL,19308,,,
618,A,82,,ALA,NEAR_SHELL,20309,,,
618,A,102,,THR,DIRECT,19308,,,
618,A,102,,THR,DIRECT,20309,,,
618,A,102,,THR,NEAR_SHELL,19308,,,
618,A,102,,THR,NEAR_SHELL,20309,,,
618,A,103,,ASP,DIRECT,19308,,,
618,A,103,,ASP,DIRECT,20309,,,
618,A,103,,ASP,NEAR_SHELL,19308,,,
618,A,103,,ASP,NEAR_SHELL,20309,,,
618,A,104,,LEU,DIRECT,19308,,,
618,A,104,,LEU,DIRECT,20309,,,
618,A,104,,LEU,NEAR_SHELL,19308,,,
618,A,104,,LEU,NEAR_SHELL,20309,,,
618,A,121,,PHE,NEAR_SHELL,19308,,,
618,A,121,,PHE,NEAR_SHELL,20309,,,
618,A,122,,ASN,DIRECT,19308,,,
618,A,122,,ASN,DIRECT,20309,,,
618,A,122,,ASN,NEAR_SHELL,19308,,,
618,A,122,,ASN,NEAR_SHELL,20309,,,
618,A,123,,PRO,DIRECT,19308,,,
618,A,123,,PRO,DIRECT,20309,,,
618,A,123,,PRO,NEAR_SHELL,19308,,,
618,A,123,,PRO,NEAR_SHELL,20309,,,
618,A,124,,PRO,DIRECT,19308,,,
618,A,124,,PRO,DIRECT,20309,,,
618,A,124,,PRO,NEAR_SHELL,19308,,,
618,A,124,,PRO,NEAR_SHELL,20309,,,
618,A,125,,TYR,DIRECT,19308,,,
618,A,125,,TYR,DIRECT,20309,,,
618,A,125,,TYR,NEAR_SHELL,19308,,,
618,A,125,,TYR,NEAR_SHELL,20309,,,
618,A,126,,VAL,NEAR_SHELL,19308,,,
618,A,126,,VAL,NEAR_SHELL,20309,,,
618,A,140,,ALA,DIRECT,19308,,,
618,A,140,,ALA,DIRECT,20309,,,
618,A,140,,ALA,NEAR_SHELL,19308,,,
618,A,140,,ALA,NEAR_SHELL,20309,,,
618,A,141,,ALA,DIRECT,19308,,,
618,A,141,,ALA,DIRECT,20309,,,
618,A,141,,ALA,NEAR_SHELL,19308,,,
618,A,141,,ALA,NEAR_SHELL,20309,,,
618,A,142,,TRP,DIRECT,19308,,,
618,A,142,,TRP,DIRECT,20309,,,
618,A,142,,TRP,NEAR_SHELL,19308,,,
618,A,142,,TRP,NEAR_SHELL,20309,,,
618,A,151,,VAL,NEAR_SHELL,19308,,,
618,A,151,,VAL,NEAR_SHELL,20309,,,
618,A,154,,ARG,DIRECT,19308,,,
618,A,154,,ARG,DIRECT,20309,,,
618,A,154,,ARG,NEAR_SHELL,19308,,,
618,A,154,,ARG,NEAR_SHELL,20309,,,
618,A,204,,GLU,NEAR_SHELL,19308,,,
618,A,204,,GLU,NEAR_SHELL,20309,,,
619,A,230,,VAL,NEAR_SHELL,3235,,,
619,A,233,,TYR,DIRECT,3235,,,
619,A,233,,TYR,NEAR_SHELL,3235,,,
619,A,234,,PRO,NEAR_SHELL,3235,,,
619,A,236,,TRP,DIRECT,3235,,,
619,A,236,,TRP,NEAR_SHELL,3235,,,
619,A,266,,PHE,DIRECT,3235,,,
619,A,266,,PHE,NEAR_SHELL,3235,,,
619,A,267,,PHE,DIRECT,3235,,,
619,A,267,,PHE,NEAR_SHELL,3235,,,
619,A,268,,GLY,NEAR_SHELL,3235,,,
619,A,269,,ASP,DIRECT,3235,,,
619,A,269,,ASP,NEAR_SHELL,3235,,,
619,A,270,,ALA,DIRECT,3235,,,
619,A,270,,ALA,NEAR_SHELL,3235,,,
619,A,271,,PRO,DIRECT,3235,,,
619,A,271,,PRO,NEAR_SHELL,3235,,,
619,A,272,,GLU,DIRECT,3235,,,
619,A,272,,GLU,NEAR_SHELL,3235,,,
619,A,273,,ARG,NEAR_SHELL,3235,,,
619,A,274,,ALA,NEAR_SHELL,3235,,,
619,A,318,,LEU,NEAR_SHELL,3235,,,
619,A,321,,GLN,DIRECT,3235,,,
619,A,321,,GLN,NEAR_SHELL,3235,,,
620,A,230,,VAL,NEAR_SHELL,3235,,,
620,A,233,,TYR,DIRECT,3235,,,
620,A,233,,TYR,NEAR_SHELL,3235,,,
620,A,234,,PRO,NEAR_SHELL,3235,,,
620,A,236,,TRP,DIRECT,3235,,,
620,A,236,,TRP,NEAR_SHELL,3235,,,
620,A,266,,PHE,DIRECT,3235,,,
620,A,266,,PHE,NEAR_SHELL,3235,,,
620,A,267,,PHE,DIRECT,3235,,,
620,A,267,,PHE,NEAR_SHELL,3235,,,
620,A,268,,GLY,NEAR_SHELL,3235,,,
620,A,269,,ASP,DIRECT,3235,,,
620,A,269,,ASP,NEAR_SHELL,3235,,,
620,A,270,,ALA,DIRECT,3235,,,
620,A,270,,ALA,NEAR_SHELL,3235,,,
620,A,271,,PRO,DIRECT,3235,,,
620,A,271,,PRO,NEAR_SHELL,3235,,,
620,A,272,,GLU,DIRECT,3235,,,
620,A,272,,GLU,NEAR_SHELL,3235,,,
620,A,273,,ARG,NEAR_SHELL,3235,,,
620,A,274,,ALA,NEAR_SHELL,3235,,,
620,A,318,,LEU,NEAR_SHELL,3235,,,
620,A,321,,GLN,DIRECT,3235,,,
620,A,321,,GLN,NEAR_SHELL,3235,,,
621,A,230,,VAL,NEAR_SHELL,3235,,,
621,A,233,,TYR,DIRECT,3235,,,
621,A,233,,TYR,NEAR_SHELL,3235,,,
621,A,236,,TRP,DIRECT,3235,,,
621,A,236,,TRP,NEAR_SHELL,3235,,,
621,A,266,,PHE,DIRECT,3235,,,
621,A,266,,PHE,NEAR_SHELL,3235,,,
621,A,267,,PHE,DIRECT,3235,,,
621,A,267,,PHE,NEAR_SHELL,3235,,,
621,A,269,,ASP,DIRECT,3235,,,
621,A,269,,ASP,NEAR_SHELL,3235,,,
621,A,270,,ALA,DIRECT,3235,,,
621,A,270,,ALA,NEAR_SHELL,3235,,,
621,A,272,,GLU,DIRECT,3235,,,
621,A,272,,GLU,NEAR_SHELL,3235,,,
621,A,273,,ARG,NEAR_SHELL,3235,,,
621,A,274,,ALA,NEAR_SHELL,3235,,,
621,A,318,,LEU,NEAR_SHELL,3235,,,
621,A,321,,GLN,DIRECT,3235,,,
621,A,321,,GLN,NEAR_SHELL,3235,,,
622,A,1559,,LYS,NEAR_SHELL,16909,Q9BYW2,1559,MATCH
622,A,1560,,LYS,DIRECT,16909,Q9BYW2,1560,MATCH
622,A,1560,,LYS,NEAR_SHELL,16909,Q9BYW2,1560,MATCH
622,A,1562,,TRP,DIRECT,16909,Q9BYW2,1562,MATCH
622,A,1562,,TRP,NEAR_SHELL,16909,Q9BYW2,1562,MATCH
622,A,1602,,ILE,DIRECT,16909,Q9BYW2,1602,MATCH
622,A,1602,,ILE,NEAR_SHELL,16909,Q9BYW2,1602,MATCH
622,A,1603,,HIS,DIRECT,16909,Q9BYW2,1603,MATCH
622,A,1603,,HIS,NEAR_SHELL,16909,Q9BYW2,1603,MATCH
622,A,1604,,TYR,DIRECT,16909,Q9BYW2,1604,MATCH
622,A,1604,,TYR,NEAR_SHELL,16909,Q9BYW2,1604,MATCH
622,A,1605,,TYR,DIRECT,16909,Q9BYW2,1605,MATCH
622,A,1605,,TYR,NEAR_SHELL,16909,Q9BYW2,1605,MATCH
622,A,1625,,ARG,DIRECT,16909,Q9BYW2,1625,MATCH
622,A,1625,,ARG,NEAR_SHELL,16909,Q9BYW2,1625,MATCH
622,A,1626,,PHE,DIRECT,16909,Q9BYW2,1626,MATCH
622,A,1626,,PHE,NEAR_SHELL,16909,Q9BYW2,1626,MATCH
622,A,1628,,ASN,DIRECT,16909,Q9BYW2,1628,MATCH
622,A,1628,,ASN,NEAR_SHELL,16909,Q9BYW2,1628,MATCH
622,A,1629,,HIS,DIRECT,16909,Q9BYW2,1629,MATCH
622,A,1629,,HIS,NEAR_SHELL,16909,Q9BYW2,1629,MATCH
622,A,1666,,TYR,DIRECT,16909,Q9BYW2,1666,MATCH
622,A,1666,,TYR,NEAR_SHELL,16909,Q9BYW2,1666,MATCH
622,A,1668,,PHE,NEAR_SHELL,16909,Q9BYW2,1668,MATCH
622,A,1676,,GLN,NEAR_SHELL,16909,Q9BYW2,1676,MATCH
622,A,1677,,LYS,DIRECT,16909,Q9BYW2,1677,MATCH
622,A,1677,,LYS,NEAR_SHELL,16909,Q9BYW2,1677,MATCH
622,A,1679,,PHE,DIRECT,16909,Q9BYW2,1679,MATCH
622,A,1679,,PHE,NEAR_SHELL,16909,Q9BYW2,1679,MATCH
622,A,1689,,LEU,DIRECT,16909,Q9BYW2,1689,MATCH
622,A,1689,,LEU,NEAR_SHELL,16909,Q9BYW2,1689,MATCH
623,A,376,,CYS,DIRECT,11585,,,
623,A,376,,CYS,NEAR_SHELL,11585,,,
623,A,377,,ASP,DIRECT,11585,,,
623,A,377,,ASP,NEAR_SHELL,11585,,,
623,A,378,,ILE,DIRECT,11585,,,
623,A,378,,ILE,NEAR_SHELL,11585,,,
623,A,379,,ARG,DIRECT,11585,,,
623,A,379,,ARG,NEAR_SHELL,11585,,,
623,A,395,,ASP,DIRECT,11585,,,
623,A,395,,ASP,NEAR_SHELL,11585,,,
623,A,396,,PRO,DIRECT,11585,,,
623,A,396,,PRO,NEAR_SHELL,11585,,,
623,A,397,,PRO,DIRECT,11585,,,
623,A,397,,PRO,NEAR_SHELL,11585,,,
623,A,398,,TRP,NEAR_SHELL,11585,,,
623,A,406,,TYR,DIRECT,11585,,,
623,A,406,,TYR,NEAR_SHELL,11585,,,
623,A,407,,GLY,DIRECT,11585,,,
623,A,407,,GLY,NEAR_SHELL,11585,,,
623,A,408,,THR,DIRECT,11585,,,
623,A,408,,THR,NEAR_SHELL,11585,,,
623,A,409,,LEU,DIRECT,11585,,,
623,A,409,,LEU,NEAR_SHELL,11585,,,
623,A,431,,TRP,DIRECT,11585,,,
623,A,431,,TRP,NEAR_SHELL,11585,,,
623,A,433,,THR,NEAR_SHELL,11585,,,
623,A,457,,TRP,DIRECT,11585,,,
623,A,457,,TRP,NEAR_SHELL,11585,,,
623,A,481,,GLU,DIRECT,11585,,,
623,A,481,,GLU,NEAR_SHELL,11585,,,
623,A,512,,HIS,DIRECT,11585,,,
623,A,512,,HIS,NEAR_SHELL,11585,,,
623,A,513,,LYS,DIRECT,11585,,,
623,A,513,,LYS,NEAR_SHELL,11585,,,
623,A,534,,PHE,DIRECT,11585,,,
623,A,534,,PHE,NEAR_SHELL,11585,,,
623,A,535,,GLY,DIRECT,11585,,,
623,A,535,,GLY,NEAR_SHELL,11585,,,
623,A,536,,ARG,DIRECT,11585,,,
623,A,536,,ARG,NEAR_SHELL,11585,,,
623,A,548,,GLY,DIRECT,11585,,,
623,A,548,,GLY,NEAR_SHELL,11585,,,
623,A,549,,ASN,DIRECT,11585,,,
623,A,549,,ASN,NEAR_SHELL,11585,,,
623,A,550,,GLN,DIRECT,11585,,,
623,A,550,,GLN,NEAR_SHELL,11585,,,
624,A,376,,CYS,DIRECT,11585,,,
624,A,376,,CYS,DIRECT,17920,,,
624,A,376,,CYS,NEAR_SHELL,11585,,,
624,A,376,,CYS,NEAR_SHELL,17920,,,
624,A,377,,ASP,DIRECT,11585,,,
624,A,377,,ASP,DIRECT,17920,,,
624,A,377,,ASP,NEAR_SHELL,11585,,,
624,A,377,,ASP,NEAR_SHELL,17920,,,
624,A,378,,ILE,DIRECT,11585,,,
624,A,378,,ILE,DIRECT,17920,,,
624,A,378,,ILE,NEAR_SHELL,11585,,,
624,A,378,,ILE,NEAR_SHELL,17920,,,
624,A,379,,ARG,DIRECT,11585,,,
624,A,379,,ARG,DIRECT,17920,,,
624,A,379,,ARG,NEAR_SHELL,11585,,,
624,A,379,,ARG,NEAR_SHELL,17920,,,
624,A,395,,ASP,DIRECT,11585,,,
624,A,395,,ASP,DIRECT,17920,,,
624,A,395,,ASP,NEAR_SHELL,11585,,,
624,A,395,,ASP,NEAR_SHELL,17920,,,
624,A,396,,PRO,DIRECT,11585,,,
624,A,396,,PRO,DIRECT,17920,,,
624,A,396,,PRO,NEAR_SHELL,11585,,,
624,A,396,,PRO,NEAR_SHELL,17920,,,
624,A,397,,PRO,DIRECT,11585,,,
624,A,397,,PRO,DIRECT,17920,,,
624,A,397,,PRO,NEAR_SHELL,11585,,,
624,A,397,,PRO,NEAR_SHELL,17920,,,
624,A,398,,TRP,NEAR_SHELL,11585,,,
624,A,398,,TRP,NEAR_SHELL,17920,,,
624,A,406,,TYR,DIRECT,11585,,,
624,A,406,,TYR,DIRECT,17920,,,
624,A,406,,TYR,NEAR_SHELL,11585,,,
624,A,406,,TYR,NEAR_SHELL,17920,,,
624,A,407,,GLY,DIRECT,11585,,,
624,A,407,,GLY,DIRECT,17920,,,
624,A,407,,GLY,NEAR_SHELL,11585,,,
624,A,407,,GLY,NEAR_SHELL,17920,,,
624,A,408,,THR,DIRECT,11585,,,
624,A,408,,THR,DIRECT,17920,,,
624,A,408,,THR,NEAR_SHELL,11585,,,
624,A,408,,THR,NEAR_SHELL,17920,,,
624,A,409,,LEU,DIRECT,11585,,,
624,A,409,,LEU,DIRECT,17920,,,
624,A,409,,LEU,NEAR_SHELL,11585,,,
624,A,409,,LEU,NEAR_SHELL,17920,,,
624,A,431,,TRP,DIRECT,11585,,,
624,A,431,,TRP,DIRECT,17920,,,
624,A,431,,TRP,NEAR_SHELL,11585,,,
624,A,431,,TRP,NEAR_SHELL,17920,,,
624,A,457,,TRP,DIRECT,11585,,,
624,A,457,,TRP,DIRECT,17920,,,
624,A,457,,TRP,NEAR_SHELL,11585,,,
624,A,457,,TRP,NEAR_SHELL,17920,,,
624,A,481,,GLU,DIRECT,11585,,,
624,A,481,,GLU,DIRECT,17920,,,
624,A,481,,GLU,NEAR_SHELL,11585,,,
624,A,481,,GLU,NEAR_SHELL,17920,,,
624,A,511,,SER,DIRECT,11585,,,
624,A,511,,SER,DIRECT,17920,,,
624,A,511,,SER,NEAR_SHELL,11585,,,
624,A,511,,SER,NEAR_SHELL,17920,,,
624,A,512,,HIS,DIRECT,11585,,,
624,A,512,,HIS,DIRECT,17920,,,
624,A,512,,HIS,NEAR_SHELL,11585,,,
624,A,512,,HIS,NEAR_SHELL,17920,,,
624,A,513,,LYS,NEAR_SHELL,11585,,,
624,A,513,,LYS,NEAR_SHELL,17920,,,
624,A,534,,PHE,DIRECT,11585,,,
624,A,534,,PHE,DIRECT,17920,,,
624,A,534,,PHE,NEAR_SHELL,11585,,,
624,A,534,,PHE,NEAR_SHELL,17920,,,
624,A,535,,GLY,NEAR_SHELL,11585,,,
624,A,535,,GLY,NEAR_SHELL,17920,,,
624,A,536,,ARG,DIRECT,11585,,,
624,A,536,,ARG,DIRECT,17920,,,
624,A,536,,ARG,NEAR_SHELL,11585,,,
624,A,536,,ARG,NEAR_SHELL,17920,,,
624,A,548,,GLY,DIRECT,11585,,,
624,A,548,,GLY,DIRECT,17920,,,
624,A,548,,GLY,NEAR_SHELL,11585,,,
624,A,548,,GLY,NEAR_SHELL,17920,,,
624,A,549,,ASN,DIRECT,11585,,,
624,A,549,,ASN,DIRECT,17920,,,
624,A,549,,ASN,NEAR_SHELL,11585,,,
624,A,549,,ASN,NEAR_SHELL,17920,,,
624,A,550,,GLN,DIRECT,11585,,,
624,A,550,,GLN,DIRECT,17920,,,
624,A,550,,GLN,NEAR_SHELL,11585,,,
624,A,550,,GLN,NEAR_SHELL,17920,,,
625,A,376,,CYS,DIRECT,11585,,,
625,A,376,,CYS,NEAR_SHELL,11585,,,
625,A,377,,ASP,DIRECT,11585,,,
625,A,377,,ASP,NEAR_SHELL,11585,,,
625,A,378,,ILE,DIRECT,11585,,,
625,A,378,,ILE,NEAR_SHELL,11585,,,
625,A,379,,ARG,DIRECT,11585,,,
625,A,379,,ARG,NEAR_SHELL,11585,,,
625,A,395,,ASP,DIRECT,11585,,,
625,A,395,,ASP,NEAR_SHELL,11585,,,
625,A,396,,PRO,DIRECT,11585,,,
625,A,396,,PRO,NEAR_SHELL,11585,,,
625,A,397,,PRO,DIRECT,11585,,,
625,A,397,,PRO,NEAR_SHELL,11585,,,
625,A,406,,TYR,DIRECT,11585,,,
625,A,406,,TYR,NEAR_SHELL,11585,,,
625,A,407,,GLY,DIRECT,11585,,,
625,A,407,,GLY,NEAR_SHELL,11585,,,
625,A,408,,THR,DIRECT,11585,,,
625,A,408,,THR,NEAR_SHELL,11585,,,
625,A,409,,LEU,DIRECT,11585,,,
625,A,409,,LEU,NEAR_SHELL,11585,,,
625,A,431,,TRP,DIRECT,11585,,,
625,A,431,,TRP,NEAR_SHELL,11585,,,
625,A,457,,TRP,DIRECT,11585,,,
625,A,457,,TRP,NEAR_SHELL,11585,,,
625,A,481,,GLU,DIRECT,11585,,,
625,A,481,,GLU,NEAR_SHELL,11585,,,
625,A,512,,HIS,DIRECT,11585,,,
625,A,512,,HIS,NEAR_SHELL,11585,,,
625,A,513,,LYS,DIRECT,11585,,,
625,A,513,,LYS,NEAR_SHELL,11585,,,
625,A,534,,PHE,DIRECT,11585,,,
625,A,534,,PHE,NEAR_SHELL,11585,,,
625,A,535,,GLY,NEAR_SHELL,11585,,,
625,A,536,,ARG,DIRECT,11585,,,
625,A,536,,ARG,NEAR_SHELL,11585,,,
625,A,548,,GLY,DIRECT,11585,,,
625,A,548,,GLY,NEAR_SHELL,11585,,,
625,A,549,,ASN,DIRECT,11585,,,
625,A,549,,ASN,NEAR_SHELL,11585,,,
625,A,550,,GLN,DIRECT,11585,,,
625,A,550,,GLN,NEAR_SHELL,11585,,,
626,A,8,,LYS,NEAR_SHELL,5686,P40261,8,MATCH
626,A,11,,TYR,DIRECT,5686,P40261,11,MATCH
626,A,11,,TYR,NEAR_SHELL,5686,P40261,11,MATCH
626,A,20,,TYR,DIRECT,5686,P40261,20,MATCH
626,A,20,,TYR,NEAR_SHELL,5686,P40261,20,MATCH
626,A,25,,TYR,DIRECT,5686,P40261,25,MATCH
626,A,25,,TYR,NEAR_SHELL,5686,P40261,25,MATCH
626,A,144,,THR,DIRECT,5686,P40261,144,MATCH
626,A,144,,THR,NEAR_SHELL,5686,P40261,144,MATCH
626,A,164,,LEU,DIRECT,5686,P40261,164,MATCH
626,A,164,,LEU,NEAR_SHELL,5686,P40261,164,MATCH
626,A,168,,ALA,NEAR_SHELL,5686,P40261,168,MATCH
626,A,169,,ALA,NEAR_SHELL,5686,P40261,169,MATCH
626,A,204,,TYR,NEAR_SHELL,5686,P40261,204,MATCH
627,A,20,,TYR,DIRECT,5686,P40261,20,MATCH
627,A,20,,TYR,NEAR_SHELL,5686,P40261,20,MATCH
627,A,24,,TYR,DIRECT,5686,,,
627,A,24,,TYR,NEAR_SHELL,5686,,,
627,A,25,,TYR,DIRECT,5686,P40261,25,MATCH
627,A,25,,TYR,NEAR_SHELL,5686,P40261,25,MATCH
627,A,164,,LEU,DIRECT,5686,P40261,164,MATCH
627,A,164,,LEU,NEAR_SHELL,5686,P40261,164,MATCH
627,A,167,,ASP,DIRECT,5686,,,
627,A,167,,ASP,NEAR_SHELL,5686,,,
627,A,168,,ALA,NEAR_SHELL,5686,P40261,168,MATCH
627,A,197,,ASP,NEAR_SHELL,5686,,,
627,A,198,,ALA,NEAR_SHELL,5686,,,
627,A,201,,SER,DIRECT,5686,,,
627,A,201,,SER,NEAR_SHELL,5686,,,
627,A,204,,TYR,DIRECT,5686,P40261,204,MATCH
627,A,204,,TYR,NEAR_SHELL,5686,P40261,204,MATCH
627,A,213,,SER,DIRECT,5686,,,
627,A,213,,SER,NEAR_SHELL,5686,,,
627,A,242,,TYR,DIRECT,5686,,,
627,A,242,,TYR,NEAR_SHELL,5686,,,
627,A,247,,ALA,DIRECT,5686,,,
627,A,247,,ALA,NEAR_SHELL,5686,,,
628,A,20,,TYR,DIRECT,5686,P40261,20,MATCH
628,A,20,,TYR,NEAR_SHELL,5686,P40261,20,MATCH
628,A,24,,TYR,DIRECT,5686,,,
628,A,24,,TYR,NEAR_SHELL,5686,,,
628,A,25,,TYR,NEAR_SHELL,5686,P40261,25,MATCH
628,A,164,,LEU,DIRECT,5686,P40261,164,MATCH
628,A,164,,LEU,NEAR_SHELL,5686,P40261,164,MATCH
628,A,167,,ASP,NEAR_SHELL,5686,,,
628,A,168,,ALA,NEAR_SHELL,5686,P40261,168,MATCH
628,A,197,,ASP,NEAR_SHELL,5686,,,
628,A,198,,ALA,NEAR_SHELL,5686,,,
628,A,201,,SER,DIRECT,5686,,,
628,A,201,,SER,NEAR_SHELL,5686,,,
628,A,204,,TYR,DIRECT,5686,P40261,204,MATCH
628,A,204,,TYR,NEAR_SHELL,5686,P40261,204,MATCH
628,A,213,,SER,DIRECT,5686,,,
628,A,213,,SER,NEAR_SHELL,5686,,,
628,A,242,,TYR,DIRECT,5686,,,
628,A,242,,TYR,NEAR_SHELL,5686,,,
628,A,247,,ALA,NEAR_SHELL,5686,,,
629,A,8,,LYS,NEAR_SHELL,5686,P40261,8,MATCH
629,A,11,,TYR,DIRECT,5686,P40261,11,MATCH
629,A,11,,TYR,NEAR_SHELL,5686,P40261,11,MATCH
629,A,20,,TYR,DIRECT,5686,P40261,20,MATCH
629,A,20,,TYR,NEAR_SHELL,5686,P40261,20,MATCH
629,A,25,,TYR,DIRECT,5686,P40261,25,MATCH
629,A,25,,TYR,NEAR_SHELL,5686,P40261,25,MATCH
629,A,41,,LEU,NEAR_SHELL,5686,P40261,41,MATCH
629,A,144,,THR,NEAR_SHELL,5686,P40261,144,MATCH
629,A,164,,LEU,DIRECT,5686,P40261,164,MATCH
629,A,164,,LEU,NEAR_SHELL,5686,P40261,164,MATCH
629,A,168,,ALA,NEAR_SHELL,5686,P40261,168,MATCH
629,A,169,,ALA,NEAR_SHELL,5686,P40261,169,MATCH
629,A,204,,TYR,NEAR_SHELL,5686,P40261,204,MATCH
630,A,8,,LYS,NEAR_SHELL,5686,P40261,8,MATCH
630,A,11,,TYR,DIRECT,5686,P40261,11,MATCH
630,A,11,,TYR,NEAR_SHELL,5686,P40261,11,MATCH
630,A,20,,TYR,DIRECT,5686,P40261,20,MATCH
630,A,20,,TYR,NEAR_SHELL,5686,P40261,20,MATCH
630,A,144,,THR,NEAR_SHELL,5686,P40261,144,MATCH
630,A,164,,LEU,DIRECT,5686,P40261,164,MATCH
630,A,164,,LEU,NEAR_SHELL,5686,P40261,164,MATCH
630,A,168,,ALA,NEAR_SHELL,5686,P40261,168,MATCH
630,A,169,,ALA,NEAR_SHELL,5686,P40261,169,MATCH
630,A,204,,TYR,NEAR_SHELL,5686,P40261,204,MATCH
631,A,20,,TYR,DIRECT,5686,P40261,20,MATCH
631,A,20,,TYR,NEAR_SHELL,5686,P40261,20,MATCH
631,A,24,,TYR,DIRECT,5686,,,
631,A,24,,TYR,NEAR_SHELL,5686,,,
631,A,164,,LEU,DIRECT,5686,P40261,164,MATCH
631,A,164,,LEU,NEAR_SHELL,5686,P40261,164,MATCH
631,A,167,,ASP,NEAR_SHELL,5686,,,
631,A,168,,ALA,NEAR_SHELL,5686,P40261,168,MATCH
631,A,197,,ASP,NEAR_SHELL,5686,,,
631,A,198,,ALA,DIRECT,5686,,,
631,A,198,,ALA,NEAR_SHELL,5686,,,
631,A,201,,SER,DIRECT,5686,,,
631,A,201,,SER,NEAR_SHELL,5686,,,
631,A,204,,TYR,DIRECT,5686,P40261,204,MATCH
631,A,204,,TYR,NEAR_SHELL,5686,P40261,204,MATCH
631,A,213,,SER,DIRECT,5686,,,
631,A,213,,SER,NEAR_SHELL,5686,,,
631,A,242,,TYR,DIRECT,5686,,,
631,A,242,,TYR,NEAR_SHELL,5686,,,
631,A,247,,ALA,DIRECT,5686,,,
631,A,247,,ALA,NEAR_SHELL,5686,,,
632,B,20,,TYR,DIRECT,5686,P40261,20,MATCH
632,B,20,,TYR,NEAR_SHELL,5686,P40261,20,MATCH
632,B,24,,TYR,DIRECT,5686,,,
632,B,24,,TYR,NEAR_SHELL,5686,,,
632,B,164,,LEU,DIRECT,5686,P40261,164,MATCH
632,B,164,,LEU,NEAR_SHELL,5686,P40261,164,MATCH
632,B,165,,CYS,NEAR_SHELL,5686,P40261,165,MATCH
632,B,167,,ASP,NEAR_SHELL,5686,,,
632,B,168,,ALA,NEAR_SHELL,5686,P40261,168,MATCH
632,B,197,,ASP,NEAR_SHELL,5686,,,
632,B,198,,ALA,DIRECT,5686,,,
632,B,198,,ALA,NEAR_SHELL,5686,,,
632,B,201,,SER,DIRECT,5686,,,
632,B,201,,SER,NEAR_SHELL,5686,,,
632,B,204,,TYR,DIRECT,5686,P40261,204,MATCH
632,B,204,,TYR,NEAR_SHELL,5686,P40261,204,MATCH
632,B,213,,SER,DIRECT,5686,,,
632,B,213,,SER,NEAR_SHELL,5686,,,
632,B,242,,TYR,DIRECT,5686,,,
632,B,242,,TYR,NEAR_SHELL,5686,,,
632,B,247,,ALA,DIRECT,5686,,,
632,B,247,,ALA,NEAR_SHELL,5686,,,
633,B,8,,LYS,NEAR_SHELL,5686,P40261,8,MATCH
633,B,11,,TYR,DIRECT,5686,P40261,11,MATCH
633,B,11,,TYR,NEAR_SHELL,5686,P40261,11,MATCH
633,B,15,,PHE,NEAR_SHELL,5686,P40261,15,MATCH
633,B,20,,TYR,DIRECT,5686,P40261,20,MATCH
633,B,20,,TYR,NEAR_SHELL,5686,P40261,20,MATCH
633,B,63,,GLY,DIRECT,5686,P40261,63,MATCH
633,B,63,,GLY,NEAR_SHELL,5686,P40261,63,MATCH
633,B,85,,ASP,DIRECT,5686,P40261,85,MATCH
633,B,85,,ASP,NEAR_SHELL,5686,P40261,85,MATCH
633,B,86,,TYR,DIRECT,5686,P40261,86,MATCH
633,B,86,,TYR,NEAR_SHELL,5686,P40261,86,MATCH
633,B,90,,ASN,DIRECT,5686,P40261,90,MATCH
633,B,90,,ASN,NEAR_SHELL,5686,P40261,90,MATCH
633,B,141,,CYS,DIRECT,5686,P40261,141,MATCH
633,B,141,,CYS,NEAR_SHELL,5686,P40261,141,MATCH
633,B,142,,ASP,DIRECT,5686,P40261,142,MATCH
633,B,142,,ASP,NEAR_SHELL,5686,P40261,142,MATCH
633,B,143,,VAL,DIRECT,5686,P40261,143,MATCH
633,B,143,,VAL,NEAR_SHELL,5686,P40261,143,MATCH
633,B,144,,THR,NEAR_SHELL,5686,P40261,144,MATCH
633,B,164,,LEU,DIRECT,5686,P40261,164,MATCH
633,B,164,,LEU,NEAR_SHELL,5686,P40261,164,MATCH
633,B,165,,CYS,DIRECT,5686,P40261,165,MATCH
633,B,165,,CYS,NEAR_SHELL,5686,P40261,165,MATCH
633,B,168,,ALA,NEAR_SHELL,5686,P40261,168,MATCH
633,B,169,,ALA,DIRECT,5686,P40261,169,MATCH
633,B,169,,ALA,NEAR_SHELL,5686,P40261,169,MATCH
633,B,204,,TYR,DIRECT,5686,P40261,204,MATCH
633,B,204,,TYR,NEAR_SHELL,5686,P40261,204,MATCH
634,A,8,,LYS,NEAR_SHELL,5686,P40261,8,MATCH
634,A,11,,TYR,NEAR_SHELL,5686,P40261,11,MATCH
634,A,20,,TYR,DIRECT,5686,P40261,20,MATCH
634,A,20,,TYR,NEAR_SHELL,5686,P40261,20,MATCH
634,A,141,,CYS,DIRECT,5686,P40261,141,MATCH
634,A,141,,CYS,NEAR_SHELL,5686,P40261,141,MATCH
634,A,142,,ASP,NEAR_SHELL,5686,P40261,142,MATCH
634,A,144,,THR,NEAR_SHELL,5686,P40261,144,MATCH
634,A,164,,LEU,DIRECT,5686,P40261,164,MATCH
634,A,164,,LEU,NEAR_SHELL,5686,P40261,164,MATCH
634,A,168,,ALA,NEAR_SHELL,5686,P40261,168,MATCH
634,A,169,,ALA,DIRECT,5686,P40261,169,MATCH
634,A,169,,ALA,NEAR_SHELL,5686,P40261,169,MATCH
634,A,204,,TYR,NEAR_SHELL,5686,P40261,204,MATCH
635,A,20,,TYR,DIRECT,5686,P40261,20,MATCH
635,A,20,,TYR,NEAR_SHELL,5686,P40261,20,MATCH
635,A,24,,TYR,DIRECT,5686,,,
635,A,24,,TYR,NEAR_SHELL,5686,,,
635,A,164,,LEU,DIRECT,5686,P40261,164,MATCH
635,A,164,,LEU,NEAR_SHELL,5686,P40261,164,MATCH
635,A,198,,ALA,DIRECT,5686,,,
635,A,198,,ALA,NEAR_SHELL,5686,,,
635,A,201,,SER,DIRECT,5686,,,
635,A,201,,SER,NEAR_SHELL,5686,,,
635,A,204,,TYR,DIRECT,5686,P40261,204,MATCH
635,A,204,,TYR,NEAR_SHELL,5686,P40261,204,MATCH
635,A,242,,TYR,DIRECT,5686,,,
635,A,242,,TYR,NEAR_SHELL,5686,,,
635,A,247,,ALA,DIRECT,5686,,,
635,A,247,,ALA,NEAR_SHELL,5686,,,
636,B,20,,TYR,DIRECT,5686,P40261,20,MATCH
636,B,20,,TYR,NEAR_SHELL,5686,P40261,20,MATCH
636,B,24,,TYR,DIRECT,5686,,,
636,B,24,,TYR,NEAR_SHELL,5686,,,
636,B,25,,TYR,NEAR_SHELL,5686,P40261,25,MATCH
636,B,164,,LEU,DIRECT,5686,P40261,164,MATCH
636,B,164,,LEU,NEAR_SHELL,5686,P40261,164,MATCH
636,B,167,,ASP,DIRECT,5686,,,
636,B,167,,ASP,NEAR_SHELL,5686,,,
636,B,168,,ALA,NEAR_SHELL,5686,P40261,168,MATCH
636,B,197,,ASP,DIRECT,5686,,,
636,B,197,,ASP,NEAR_SHELL,5686,,,
636,B,198,,ALA,DIRECT,5686,,,
636,B,198,,ALA,NEAR_SHELL,5686,,,
636,B,201,,SER,DIRECT,5686,,,
636,B,201,,SER,NEAR_SHELL,5686,,,
636,B,204,,TYR,DIRECT,5686,P40261,204,MATCH
636,B,204,,TYR,NEAR_SHELL,5686,P40261,204,MATCH
636,B,213,,SER,DIRECT,5686,,,
636,B,213,,SER,NEAR_SHELL,5686,,,
636,B,242,,TYR,DIRECT,5686,,,
636,B,242,,TYR,NEAR_SHELL,5686,,,
636,B,247,,ALA,DIRECT,5686,,,
636,B,247,,ALA,NEAR_SHELL,5686,,,
637,B,8,,LYS,NEAR_SHELL,5686,P40261,8,MATCH
637,B,11,,TYR,DIRECT,5686,P40261,11,MATCH
637,B,11,,TYR,NEAR_SHELL,5686,P40261,11,MATCH
637,B,20,,TYR,DIRECT,5686,P40261,20,MATCH
637,B,20,,TYR,NEAR_SHELL,5686,P40261,20,MATCH
637,B,25,,TYR,DIRECT,5686,P40261,25,MATCH
637,B,25,,TYR,NEAR_SHELL,5686,P40261,25,MATCH
637,B,141,,CYS,DIRECT,5686,P40261,141,MATCH
637,B,141,,CYS,NEAR_SHELL,5686,P40261,141,MATCH
637,B,142,,ASP,NEAR_SHELL,5686,P40261,142,MATCH
637,B,144,,THR,NEAR_SHELL,5686,P40261,144,MATCH
637,B,164,,LEU,DIRECT,5686,P40261,164,MATCH
637,B,164,,LEU,NEAR_SHELL,5686,P40261,164,MATCH
637,B,168,,ALA,NEAR_SHELL,5686,P40261,168,MATCH
637,B,169,,ALA,NEAR_SHELL,5686,P40261,169,MATCH
637,B,204,,TYR,NEAR_SHELL,5686,P40261,204,MATCH
638,A,376,,CYS,NEAR_SHELL,11585,,,
638,A,376,,CYS,NEAR_SHELL,17920,,,
638,A,377,,ASP,DIRECT,11585,,,
638,A,377,,ASP,DIRECT,17920,,,
638,A,377,,ASP,NEAR_SHELL,11585,,,
638,A,377,,ASP,NEAR_SHELL,17920,,,
638,A,378,,ILE,DIRECT,11585,,,
638,A,378,,ILE,DIRECT,17920,,,
638,A,378,,ILE,NEAR_SHELL,11585,,,
638,A,378,,ILE,NEAR_SHELL,17920,,,
638,A,379,,ARG,DIRECT,11585,,,
638,A,379,,ARG,DIRECT,17920,,,
638,A,379,,ARG,NEAR_SHELL,11585,,,
638,A,379,,ARG,NEAR_SHELL,17920,,,
638,A,395,,ASP,DIRECT,11585,,,
638,A,395,,ASP,DIRECT,17920,,,
638,A,395,,ASP,NEAR_SHELL,11585,,,
638,A,395,,ASP,NEAR_SHELL,17920,,,
638,A,396,,PRO,DIRECT,11585,,,
638,A,396,,PRO,DIRECT,17920,,,
638,A,396,,PRO,NEAR_SHELL,11585,,,
638,A,396,,PRO,NEAR_SHELL,17920,,,
638,A,397,,PRO,DIRECT,11585,,,
638,A,397,,PRO,DIRECT,17920,,,
638,A,397,,PRO,NEAR_SHELL,11585,,,
638,A,397,,PRO,NEAR_SHELL,17920,,,
638,A,398,,TRP,NEAR_SHELL,11585,,,
638,A,398,,TRP,NEAR_SHELL,17920,,,
638,A,406,,TYR,DIRECT,11585,,,
638,A,406,,TYR,DIRECT,17920,,,
638,A,406,,TYR,NEAR_SHELL,11585,,,
638,A,406,,TYR,NEAR_SHELL,17920,,,
638,A,407,,GLY,DIRECT,11585,,,
638,A,407,,GLY,DIRECT,17920,,,
638,A,407,,GLY,NEAR_SHELL,11585,,,
638,A,407,,GLY,NEAR_SHELL,17920,,,
638,A,408,,THR,DIRECT,11585,,,
638,A,408,,THR,DIRECT,17920,,,
638,A,408,,THR,NEAR_SHELL,11585,,,
638,A,408,,THR,NEAR_SHELL,17920,,,
638,A,409,,LEU,DIRECT,11585,,,
638,A,409,,LEU,DIRECT,17920,,,
638,A,409,,LEU,NEAR_SHELL,11585,,,
638,A,409,,LEU,NEAR_SHELL,17920,,,
638,A,431,,TRP,DIRECT,11585,,,
638,A,431,,TRP,DIRECT,17920,,,
638,A,431,,TRP,NEAR_SHELL,11585,,,
638,A,431,,TRP,NEAR_SHELL,17920,,,
638,A,457,,TRP,DIRECT,11585,,,
638,A,457,,TRP,DIRECT,17920,,,
638,A,457,,TRP,NEAR_SHELL,11585,,,
638,A,457,,TRP,NEAR_SHELL,17920,,,
638,A,481,,GLU,DIRECT,11585,,,
638,A,481,,GLU,DIRECT,17920,,,
638,A,481,,GLU,NEAR_SHELL,11585,,,
638,A,481,,GLU,NEAR_SHELL,17920,,,
638,A,511,,SER,DIRECT,11585,,,
638,A,511,,SER,DIRECT,17920,,,
638,A,511,,SER,NEAR_SHELL,11585,,,
638,A,511,,SER,NEAR_SHELL,17920,,,
638,A,512,,HIS,DIRECT,11585,,,
638,A,512,,HIS,DIRECT,17920,,,
638,A,512,,HIS,NEAR_SHELL,11585,,,
638,A,512,,HIS,NEAR_SHELL,17920,,,
638,A,513,,LYS,DIRECT,11585,,,
638,A,513,,LYS,DIRECT,17920,,,
638,A,513,,LYS,NEAR_SHELL,11585,,,
638,A,513,,LYS,NEAR_SHELL,17920,,,
638,A,534,,PHE,DIRECT,11585,,,
638,A,534,,PHE,DIRECT,17920,,,
638,A,534,,PHE,NEAR_SHELL,11585,,,
638,A,534,,PHE,NEAR_SHELL,17920,,,
638,A,535,,GLY,DIRECT,11585,,,
638,A,535,,GLY,DIRECT,17920,,,
638,A,535,,GLY,NEAR_SHELL,11585,,,
638,A,535,,GLY,NEAR_SHELL,17920,,,
638,A,536,,ARG,DIRECT,11585,,,
638,A,536,,ARG,DIRECT,17920,,,
638,A,536,,ARG,NEAR_SHELL,11585,,,
638,A,536,,ARG,NEAR_SHELL,17920,,,
638,A,548,,GLY,DIRECT,11585,,,
638,A,548,,GLY,DIRECT,17920,,,
638,A,548,,GLY,NEAR_SHELL,11585,,,
638,A,548,,GLY,NEAR_SHELL,17920,,,
638,A,549,,ASN,DIRECT,11585,,,
638,A,549,,ASN,DIRECT,17920,,,
638,A,549,,ASN,NEAR_SHELL,11585,,,
638,A,549,,ASN,NEAR_SHELL,17920,,,
638,A,550,,GLN,DIRECT,11585,,,
638,A,550,,GLN,DIRECT,17920,,,
638,A,550,,GLN,NEAR_SHELL,11585,,,
638,A,550,,GLN,NEAR_SHELL,17920,,,
639,A,1044,,ARG,NEAR_SHELL,15523,Q96KQ7,1044,MATCH
639,A,1047,,LYS,NEAR_SHELL,15523,Q96KQ7,1047,MATCH
639,A,1048,,MET,DIRECT,15523,Q96KQ7,1048,MATCH
639,A,1048,,MET,NEAR_SHELL,15523,Q96KQ7,1048,MATCH
639,A,1049,,GLY,DIRECT,15523,Q96KQ7,1049,MATCH
639,A,1049,,GLY,NEAR_SHELL,15523,Q96KQ7,1049,MATCH
639,A,1050,,TRP,DIRECT,15523,Q96KQ7,1050,MATCH
639,A,1050,,TRP,NEAR_SHELL,15523,Q96KQ7,1050,MATCH
639,A,1067,,TYR,NEAR_SHELL,15523,Q96KQ7,1067,MATCH
639,A,1084,,SER,DIRECT,15523,Q96KQ7,1084,MATCH
639,A,1084,,SER,NEAR_SHELL,15523,Q96KQ7,1084,MATCH
639,A,1085,,TYR,DIRECT,15523,Q96KQ7,1085,MATCH
639,A,1085,,TYR,NEAR_SHELL,15523,Q96KQ7,1085,MATCH
639,A,1108,,SER,NEAR_SHELL,15523,Q96KQ7,1108,MATCH
639,A,1109,,ARG,DIRECT,15523,Q96KQ7,1109,MATCH
639,A,1109,,ARG,NEAR_SHELL,15523,Q96KQ7,1109,MATCH
639,A,1110,,PHE,DIRECT,15523,Q96KQ7,1110,MATCH
639,A,1110,,PHE,NEAR_SHELL,15523,Q96KQ7,1110,MATCH
639,A,1111,,ILE,DIRECT,15523,Q96KQ7,1111,MATCH
639,A,1111,,ILE,NEAR_SHELL,15523,Q96KQ7,1111,MATCH
639,A,1112,,ASN,DIRECT,15523,Q96KQ7,1112,MATCH
639,A,1112,,ASN,NEAR_SHELL,15523,Q96KQ7,1112,MATCH
639,A,1113,,HIS,DIRECT,15523,Q96KQ7,1113,MATCH
639,A,1113,,HIS,NEAR_SHELL,15523,Q96KQ7,1113,MATCH
639,A,1114,,LEU,NEAR_SHELL,15523,Q96KQ7,1114,MATCH
639,A,1154,,TYR,DIRECT,15523,Q96KQ7,1154,MATCH
639,A,1154,,TYR,NEAR_SHELL,15523,Q96KQ7,1154,MATCH
639,A,1158,,PHE,NEAR_SHELL,15523,Q96KQ7,1158,MATCH
639,A,1159,,TRP,NEAR_SHELL,15523,Q96KQ7,1159,MATCH
639,A,1166,,PHE,DIRECT,15523,Q96KQ7,1166,MATCH
639,A,1166,,PHE,NEAR_SHELL,15523,Q96KQ7,1166,MATCH
639,A,1167,,THR,DIRECT,15523,Q96KQ7,1167,MATCH
639,A,1167,,THR,NEAR_SHELL,15523,Q96KQ7,1167,MATCH
639,A,1168,,CYS,DIRECT,15523,Q96KQ7,1168,MATCH
639,A,1168,,CYS,NEAR_SHELL,15523,Q96KQ7,1168,MATCH
639,A,1169,,GLN,DIRECT,15523,Q96KQ7,1169,MATCH
639,A,1169,,GLN,NEAR_SHELL,15523,Q96KQ7,1169,MATCH
640,A,1011,,PRO,NEAR_SHELL,15523,,,
640,A,1067,,TYR,DIRECT,15523,Q96KQ7,1067,MATCH
640,A,1067,,TYR,NEAR_SHELL,15523,Q96KQ7,1067,MATCH
640,A,1074,,ASP,DIRECT,15523,,,
640,A,1074,,ASP,NEAR_SHELL,15523,,,
640,A,1077,,ALA,DIRECT,15523,,,
640,A,1077,,ALA,NEAR_SHELL,15523,,,
640,A,1078,,ASP,DIRECT,15523,,,
640,A,1078,,ASP,NEAR_SHELL,15523,,,
640,A,1083,,ASP,NEAR_SHELL,15523,,,
640,A,1084,,SER,DIRECT,15523,Q96KQ7,1084,MATCH
640,A,1084,,SER,NEAR_SHELL,15523,Q96KQ7,1084,MATCH
640,A,1085,,TYR,DIRECT,15523,Q96KQ7,1085,MATCH
640,A,1085,,TYR,NEAR_SHELL,15523,Q96KQ7,1085,MATCH
640,A,1086,,LEU,DIRECT,15523,,,
640,A,1086,,LEU,NEAR_SHELL,15523,,,
640,A,1087,,PHE,DIRECT,15523,,,
640,A,1087,,PHE,NEAR_SHELL,15523,,,
640,A,1088,,ASP,DIRECT,15523,,,
640,A,1088,,ASP,NEAR_SHELL,15523,,,
640,A,1089,,LEU,NEAR_SHELL,15523,,,
640,A,1090,,ASP,NEAR_SHELL,15523,,,
640,A,1096,,VAL,NEAR_SHELL,15523,,,
640,A,1098,,CYS,DIRECT,15523,,,
640,A,1098,,CYS,NEAR_SHELL,15523,,,
640,A,1111,,ILE,NEAR_SHELL,15523,Q96KQ7,1111,MATCH
640,A,1121,,PRO,DIRECT,15523,,,
640,A,1121,,PRO,NEAR_SHELL,15523,,,
640,A,1123,,ARG,DIRECT,15523,,,
640,A,1123,,ARG,NEAR_SHELL,15523,,,
640,A,1136,,ILE,NEAR_SHELL,15523,,,
640,A,1152,,PHE,NEAR_SHELL,15523,,,
640,A,1153,,ASP,DIRECT,15523,,,
640,A,1153,,ASP,NEAR_SHELL,15523,,,
640,A,1154,,TYR,DIRECT,15523,Q96KQ7,1154,MATCH
640,A,1154,,TYR,NEAR_SHELL,15523,Q96KQ7,1154,MATCH
640,A,1157,,ARG,DIRECT,15523,,,
640,A,1157,,ARG,NEAR_SHELL,15523,,,
640,A,1158,,PHE,DIRECT,15523,Q96KQ7,1158,MATCH
640,A,1158,,PHE,NEAR_SHELL,15523,Q96KQ7,1158,MATCH
641,B,1044,,ARG,NEAR_SHELL,15523,Q96KQ7,1044,MATCH
641,B,1047,,LYS,NEAR_SHELL,15523,Q96KQ7,1047,MATCH
641,B,1048,,MET,DIRECT,15523,Q96KQ7,1048,MATCH
641,B,1048,,MET,NEAR_SHELL,15523,Q96KQ7,1048,MATCH
641,B,1049,,GLY,DIRECT,15523,Q96KQ7,1049,MATCH
641,B,1049,,GLY,NEAR_SHELL,15523,Q96KQ7,1049,MATCH
641,B,1050,,TRP,DIRECT,15523,Q96KQ7,1050,MATCH
641,B,1050,,TRP,NEAR_SHELL,15523,Q96KQ7,1050,MATCH
641,B,1067,,TYR,NEAR_SHELL,15523,Q96KQ7,1067,MATCH
641,B,1084,,SER,DIRECT,15523,Q96KQ7,1084,MATCH
641,B,1084,,SER,NEAR_SHELL,15523,Q96KQ7,1084,MATCH
641,B,1085,,TYR,DIRECT,15523,Q96KQ7,1085,MATCH
641,B,1085,,TYR,NEAR_SHELL,15523,Q96KQ7,1085,MATCH
641,B,1108,,SER,NEAR_SHELL,15523,Q96KQ7,1108,MATCH
641,B,1109,,ARG,DIRECT,15523,Q96KQ7,1109,MATCH
641,B,1109,,ARG,NEAR_SHELL,15523,Q96KQ7,1109,MATCH
641,B,1110,,PHE,DIRECT,15523,Q96KQ7,1110,MATCH
641,B,1110,,PHE,NEAR_SHELL,15523,Q96KQ7,1110,MATCH
641,B,1111,,ILE,DIRECT,15523,Q96KQ7,1111,MATCH
641,B,1111,,ILE,NEAR_SHELL,15523,Q96KQ7,1111,MATCH
641,B,1112,,ASN,DIRECT,15523,Q96KQ7,1112,MATCH
641,B,1112,,ASN,NEAR_SHELL,15523,Q96KQ7,1112,MATCH
641,B,1113,,HIS,DIRECT,15523,Q96KQ7,1113,MATCH
641,B,1113,,HIS,NEAR_SHELL,15523,Q96KQ7,1113,MATCH
641,B,1154,,TYR,DIRECT,15523,Q96KQ7,1154,MATCH
641,B,1154,,TYR,NEAR_SHELL,15523,Q96KQ7,1154,MATCH
641,B,1158,,PHE,NEAR_SHELL,15523,Q96KQ7,1158,MATCH
641,B,1159,,TRP,NEAR_SHELL,15523,Q96KQ7,1159,MATCH
641,B,1166,,PHE,DIRECT,15523,Q96KQ7,1166,MATCH
641,B,1166,,PHE,NEAR_SHELL,15523,Q96KQ7,1166,MATCH
641,B,1167,,THR,DIRECT,15523,Q96KQ7,1167,MATCH
641,B,1167,,THR,NEAR_SHELL,15523,Q96KQ7,1167,MATCH
641,B,1168,,CYS,DIRECT,15523,Q96KQ7,1168,MATCH
641,B,1168,,CYS,NEAR_SHELL,15523,Q96KQ7,1168,MATCH
641,B,1169,,GLN,DIRECT,15523,Q96KQ7,1169,MATCH
641,B,1169,,GLN,NEAR_SHELL,15523,Q96KQ7,1169,MATCH
642,B,1011,,PRO,NEAR_SHELL,15523,,,
642,B,1067,,TYR,DIRECT,15523,Q96KQ7,1067,MATCH
642,B,1067,,TYR,NEAR_SHELL,15523,Q96KQ7,1067,MATCH
642,B,1074,,ASP,DIRECT,15523,,,
642,B,1074,,ASP,NEAR_SHELL,15523,,,
642,B,1077,,ALA,DIRECT,15523,,,
642,B,1077,,ALA,NEAR_SHELL,15523,,,
642,B,1078,,ASP,DIRECT,15523,,,
642,B,1078,,ASP,NEAR_SHELL,15523,,,
642,B,1083,,ASP,NEAR_SHELL,15523,,,
642,B,1084,,SER,DIRECT,15523,Q96KQ7,1084,MATCH
642,B,1084,,SER,NEAR_SHELL,15523,Q96KQ7,1084,MATCH
642,B,1085,,TYR,DIRECT,15523,Q96KQ7,1085,MATCH
642,B,1085,,TYR,NEAR_SHELL,15523,Q96KQ7,1085,MATCH
642,B,1086,,LEU,DIRECT,15523,,,
642,B,1086,,LEU,NEAR_SHELL,15523,,,
642,B,1087,,PHE,DIRECT,15523,,,
642,B,1087,,PHE,NEAR_SHELL,15523,,,
642,B,1088,,ASP,DIRECT,15523,,,
642,B,1088,,ASP,NEAR_SHELL,15523,,,
642,B,1089,,LEU,NEAR_SHELL,15523,,,
642,B,1096,,VAL,NEAR_SHELL,15523,,,
642,B,1098,,CYS,DIRECT,15523,,,
642,B,1098,,CYS,NEAR_SHELL,15523,,,
642,B,1111,,ILE,NEAR_SHELL,15523,Q96KQ7,1111,MATCH
642,B,1121,,PRO,DIRECT,15523,,,
642,B,1121,,PRO,NEAR_SHELL,15523,,,
642,B,1123,,ARG,DIRECT,15523,,,
642,B,1123,,ARG,NEAR_SHELL,15523,,,
642,B,1136,,ILE,NEAR_SHELL,15523,,,
642,B,1152,,PHE,NEAR_SHELL,15523,,,
642,B,1153,,ASP,DIRECT,15523,,,
642,B,1153,,ASP,NEAR_SHELL,15523,,,
642,B,1154,,TYR,DIRECT,15523,Q96KQ7,1154,MATCH
642,B,1154,,TYR,NEAR_SHELL,15523,Q96KQ7,1154,MATCH
642,B,1157,,ARG,DIRECT,15523,,,
642,B,1157,,ARG,NEAR_SHELL,15523,,,
642,B,1158,,PHE,DIRECT,15523,Q96KQ7,1158,MATCH
642,B,1158,,PHE,NEAR_SHELL,15523,Q96KQ7,1158,MATCH
642,B,1161,,ILE,NEAR_SHELL,15523,,,
643,B,229,,LYS,NEAR_SHELL,3235,,,
643,B,232,,GLY,DIRECT,3235,,,
643,B,232,,GLY,NEAR_SHELL,3235,,,
643,B,233,,TYR,DIRECT,3235,,,
643,B,233,,TYR,NEAR_SHELL,3235,,,
643,B,234,,PRO,DIRECT,3235,,,
643,B,234,,PRO,NEAR_SHELL,3235,,,
643,B,235,,TRP,DIRECT,3235,,,
643,B,235,,TRP,NEAR_SHELL,3235,,,
643,B,290,,PHE,DIRECT,3235,,,
643,B,290,,PHE,NEAR_SHELL,3235,,,
643,B,294,,CYS,DIRECT,3235,,,
643,B,294,,CYS,NEAR_SHELL,3235,,,
643,B,297,,SER,NEAR_SHELL,3235,,,
643,B,309,,LYS,NEAR_SHELL,3235,,,
643,B,310,,LEU,DIRECT,3235,,,
643,B,310,,LEU,NEAR_SHELL,3235,,,
643,B,312,,LYS,NEAR_SHELL,3235,,,
643,B,314,,ILE,DIRECT,3235,,,
643,B,314,,ILE,NEAR_SHELL,3235,,,
643,B,318,,LEU,NEAR_SHELL,3235,,,
644,A,229,,LYS,NEAR_SHELL,3235,,,
644,A,232,,GLY,DIRECT,3235,,,
644,A,232,,GLY,NEAR_SHELL,3235,,,
644,A,233,,TYR,DIRECT,3235,,,
644,A,233,,TYR,NEAR_SHELL,3235,,,
644,A,234,,PRO,DIRECT,3235,,,
644,A,234,,PRO,NEAR_SHELL,3235,,,
644,A,235,,TRP,DIRECT,3235,,,
644,A,235,,TRP,NEAR_SHELL,3235,,,
644,A,290,,PHE,NEAR_SHELL,3235,,,
644,A,294,,CYS,DIRECT,3235,,,
644,A,294,,CYS,NEAR_SHELL,3235,,,
644,A,297,,SER,NEAR_SHELL,3235,,,
644,A,309,,LYS,DIRECT,3235,,,
644,A,309,,LYS,NEAR_SHELL,3235,,,
644,A,310,,LEU,DIRECT,3235,,,
644,A,310,,LEU,NEAR_SHELL,3235,,,
644,A,311,,LEU,NEAR_SHELL,3235,,,
644,A,312,,LYS,DIRECT,3235,,,
644,A,312,,LYS,NEAR_SHELL,3235,,,
644,A,314,,ILE,NEAR_SHELL,3235,,,
644,A,318,,LEU,NEAR_SHELL,3235,,,
644,B,246,,LEU,NEAR_SHELL,3235,,,
645,A,229,,LYS,DIRECT,3235,,,
645,A,229,,LYS,NEAR_SHELL,3235,,,
645,A,232,,GLY,DIRECT,3235,,,
645,A,232,,GLY,NEAR_SHELL,3235,,,
645,A,233,,TYR,DIRECT,3235,,,
645,A,233,,TYR,NEAR_SHELL,3235,,,
645,A,234,,PRO,DIRECT,3235,,,
645,A,234,,PRO,NEAR_SHELL,3235,,,
645,A,235,,TRP,DIRECT,3235,,,
645,A,235,,TRP,NEAR_SHELL,3235,,,
645,A,290,,PHE,DIRECT,3235,,,
645,A,290,,PHE,NEAR_SHELL,3235,,,
645,A,294,,CYS,DIRECT,3235,,,
645,A,294,,CYS,NEAR_SHELL,3235,,,
645,A,310,,LEU,DIRECT,3235,,,
645,A,310,,LEU,NEAR_SHELL,3235,,,
645,A,311,,LEU,DIRECT,3235,,,
645,A,311,,LEU,NEAR_SHELL,3235,,,
645,A,312,,LYS,DIRECT,3235,,,
645,A,312,,LYS,NEAR_SHELL,3235,,,
645,A,313,,PRO,DIRECT,3235,,,
645,A,313,,PRO,NEAR_SHELL,3235,,,
645,A,314,,ILE,DIRECT,3235,,,
645,A,314,,ILE,NEAR_SHELL,3235,,,
645,A,318,,LEU,DIRECT,3235,,,
645,A,318,,LEU,NEAR_SHELL,3235,,,
646,A,314,,PRO,NEAR_SHELL,1718,O14744,314,MATCH
646,A,315,,LEU,DIRECT,1718,O14744,315,MATCH
646,A,315,,LEU,NEAR_SHELL,1718,O14744,315,MATCH
646,A,317,,ASP,NEAR_SHELL,1718,O14744,317,MATCH
646,A,319,,LEU,DIRECT,1718,O14744,319,MATCH
646,A,319,,LEU,NEAR_SHELL,1718,O14744,319,MATCH
646,A,324,,TYR,DIRECT,1718,O14744,324,MATCH
646,A,324,,TYR,NEAR_SHELL,1718,O14744,324,MATCH
646,A,327,,PHE,NEAR_SHELL,1718,O14744,327,MATCH
646,A,328,,GLU,NEAR_SHELL,1718,O14744,328,MATCH
646,A,333,,LYS,DIRECT,1718,O14744,333,MATCH
646,A,333,,LYS,NEAR_SHELL,1718,O14744,333,MATCH
646,A,334,,TYR,DIRECT,1718,O14744,334,MATCH
646,A,334,,TYR,NEAR_SHELL,1718,O14744,334,MATCH
646,A,365,,GLY,DIRECT,1718,O14744,365,MATCH
646,A,365,,GLY,NEAR_SHELL,1718,O14744,365,MATCH
646,A,366,,ALA,DIRECT,1718,O14744,366,MATCH
646,A,366,,ALA,NEAR_SHELL,1718,O14744,366,MATCH
646,A,367,,GLY,DIRECT,1718,O14744,367,MATCH
646,A,367,,GLY,NEAR_SHELL,1718,O14744,367,MATCH
646,A,370,,PRO,DIRECT,1718,O14744,370,MATCH
646,A,370,,PRO,NEAR_SHELL,1718,O14744,370,MATCH
646,A,371,,LEU,DIRECT,1718,O14744,371,MATCH
646,A,371,,LEU,NEAR_SHELL,1718,O14744,371,MATCH
646,A,391,,VAL,NEAR_SHELL,1718,O14744,391,MATCH
646,A,392,,GLU,DIRECT,1718,O14744,392,MATCH
646,A,392,,GLU,NEAR_SHELL,1718,O14744,392,MATCH
646,A,393,,LYS,DIRECT,1718,O14744,393,MATCH
646,A,393,,LYS,NEAR_SHELL,1718,O14744,393,MATCH
646,A,394,,ASN,NEAR_SHELL,1718,O14744,394,MATCH
646,A,418,,SER,DIRECT,1718,O14744,418,MATCH
646,A,418,,SER,NEAR_SHELL,1718,O14744,418,MATCH
646,A,419,,ASP,DIRECT,1718,O14744,419,MATCH
646,A,419,,ASP,NEAR_SHELL,1718,O14744,419,MATCH
646,A,420,,MET,DIRECT,1718,O14744,420,MATCH
646,A,420,,MET,NEAR_SHELL,1718,O14744,420,MATCH
646,A,435,,GLU,DIRECT,1718,O14744,435,MATCH
646,A,435,,GLU,NEAR_SHELL,1718,O14744,435,MATCH
646,A,436,,LEU,DIRECT,1718,O14744,436,MATCH
646,A,436,,LEU,NEAR_SHELL,1718,O14744,436,MATCH
646,A,437,,LEU,NEAR_SHELL,1718,O14744,437,MATCH
646,A,444,,GLU,NEAR_SHELL,1718,O14744,444,MATCH
646,A,449,,CYS,DIRECT,1718,O14744,449,MATCH
646,A,449,,CYS,NEAR_SHELL,1718,O14744,449,MATCH
647,A,300,,PHE,DIRECT,1718,,,
647,A,300,,PHE,NEAR_SHELL,1718,,,
647,A,304,,TYR,DIRECT,1718,,,
647,A,304,,TYR,NEAR_SHELL,1718,,,
647,A,309,,GLN,DIRECT,1718,,,
647,A,309,,GLN,NEAR_SHELL,1718,,,
647,A,312,,LEU,NEAR_SHELL,1718,,,
647,A,319,,LEU,DIRECT,1718,O14744,319,MATCH
647,A,319,,LEU,NEAR_SHELL,1718,O14744,319,MATCH
647,A,323,,THR,NEAR_SHELL,1718,,,
647,A,324,,TYR,NEAR_SHELL,1718,O14744,324,MATCH
647,A,326,,VAL,NEAR_SHELL,1718,,,
647,A,327,,PHE,DIRECT,1718,O14744,327,MATCH
647,A,327,,PHE,NEAR_SHELL,1718,O14744,327,MATCH
647,A,333,,LYS,NEAR_SHELL,1718,O14744,333,MATCH
647,A,334,,TYR,NEAR_SHELL,1718,O14744,334,MATCH
647,A,435,,GLU,DIRECT,1718,O14744,435,MATCH
647,A,435,,GLU,NEAR_SHELL,1718,O14744,435,MATCH
647,A,437,,LEU,DIRECT,1718,O14744,437,MATCH
647,A,437,,LEU,NEAR_SHELL,1718,O14744,437,MATCH
647,A,439,,SER,DIRECT,1718,,,
647,A,439,,SER,NEAR_SHELL,1718,,,
647,A,444,,GLU,DIRECT,1718,O14744,444,MATCH
647,A,444,,GLU,NEAR_SHELL,1718,O14744,444,MATCH
647,A,503,,VAL,DIRECT,1718,,,
647,A,503,,VAL,NEAR_SHELL,1718,,,
647,A,577,,PHE,DIRECT,1718,,,
647,A,577,,PHE,NEAR_SHELL,1718,,,
647,A,578,,SER,DIRECT,1718,,,
647,A,578,,SER,NEAR_SHELL,1718,,,
647,A,579,,TRP,DIRECT,1718,,,
647,A,579,,TRP,NEAR_SHELL,1718,,,
647,A,580,,PHE,DIRECT,1718,,,
647,A,580,,PHE,NEAR_SHELL,1718,,,
648,A-2,314,,PRO,NEAR_SHELL,1718,O14744,314,MATCH
648,A-2,315,,LEU,DIRECT,1718,O14744,315,MATCH
648,A-2,315,,LEU,NEAR_SHELL,1718,O14744,315,MATCH
648,A-2,317,,ASP,NEAR_SHELL,1718,O14744,317,MATCH
648,A-2,319,,LEU,DIRECT,1718,O14744,319,MATCH
648,A-2,319,,LEU,NEAR_SHELL,1718,O14744,319,MATCH
648,A-2,324,,TYR,DIRECT,1718,O14744,324,MATCH
648,A-2,324,,TYR,NEAR_SHELL,1718,O14744,324,MATCH
648,A-2,327,,PHE,NEAR_SHELL,1718,O14744,327,MATCH
648,A-2,328,,GLU,NEAR_SHELL,1718,O14744,328,MATCH
648,A-2,333,,LYS,DIRECT,1718,O14744,333,MATCH
648,A-2,333,,LYS,NEAR_SHELL,1718,O14744,333,MATCH
648,A-2,334,,TYR,DIRECT,1718,O14744,334,MATCH
648,A-2,334,,TYR,NEAR_SHELL,1718,O14744,334,MATCH
648,A-2,365,,GLY,DIRECT,1718,O14744,365,MATCH
648,A-2,365,,GLY,NEAR_SHELL,1718,O14744,365,MATCH
648,A-2,366,,ALA,DIRECT,1718,O14744,366,MATCH
648,A-2,366,,ALA,NEAR_SHELL,1718,O14744,366,MATCH
648,A-2,367,,GLY,DIRECT,1718,O14744,367,MATCH
648,A-2,367,,GLY,NEAR_SHELL,1718,O14744,367,MATCH
648,A-2,370,,PRO,DIRECT,1718,O14744,370,MATCH
648,A-2,370,,PRO,NEAR_SHELL,1718,O14744,370,MATCH
648,A-2,371,,LEU,DIRECT,1718,O14744,371,MATCH
648,A-2,371,,LEU,NEAR_SHELL,1718,O14744,371,MATCH
648,A-2,391,,VAL,NEAR_SHELL,1718,O14744,391,MATCH
648,A-2,392,,GLU,DIRECT,1718,O14744,392,MATCH
648,A-2,392,,GLU,NEAR_SHELL,1718,O14744,392,MATCH
648,A-2,393,,LYS,DIRECT,1718,O14744,393,MATCH
648,A-2,393,,LYS,NEAR_SHELL,1718,O14744,393,MATCH
648,A-2,394,,ASN,NEAR_SHELL,1718,O14744,394,MATCH
648,A-2,418,,SER,DIRECT,1718,O14744,418,MATCH
648,A-2,418,,SER,NEAR_SHELL,1718,O14744,418,MATCH
648,A-2,419,,ASP,DIRECT,1718,O14744,419,MATCH
648,A-2,419,,ASP,NEAR_SHELL,1718,O14744,419,MATCH
648,A-2,420,,MET,DIRECT,1718,O14744,420,MATCH
648,A-2,420,,MET,NEAR_SHELL,1718,O14744,420,MATCH
648,A-2,435,,GLU,DIRECT,1718,O14744,435,MATCH
648,A-2,435,,GLU,NEAR_SHELL,1718,O14744,435,MATCH
648,A-2,436,,LEU,DIRECT,1718,O14744,436,MATCH
648,A-2,436,,LEU,NEAR_SHELL,1718,O14744,436,MATCH
648,A-2,437,,LEU,NEAR_SHELL,1718,O14744,437,MATCH
648,A-2,444,,GLU,NEAR_SHELL,1718,O14744,444,MATCH
648,A-2,449,,CYS,DIRECT,1718,O14744,449,MATCH
648,A-2,449,,CYS,NEAR_SHELL,1718,O14744,449,MATCH
649,A-2,300,,PHE,DIRECT,1718,,,
649,A-2,300,,PHE,NEAR_SHELL,1718,,,
649,A-2,304,,TYR,DIRECT,1718,,,
649,A-2,304,,TYR,NEAR_SHELL,1718,,,
649,A-2,309,,GLN,DIRECT,1718,,,
649,A-2,309,,GLN,NEAR_SHELL,1718,,,
649,A-2,312,,LEU,NEAR_SHELL,1718,,,
649,A-2,319,,LEU,DIRECT,1718,O14744,319,MATCH
649,A-2,319,,LEU,NEAR_SHELL,1718,O14744,319,MATCH
649,A-2,323,,THR,NEAR_SHELL,1718,,,
649,A-2,324,,TYR,NEAR_SHELL,1718,O14744,324,MATCH
649,A-2,326,,VAL,NEAR_SHELL,1718,,,
649,A-2,327,,PHE,DIRECT,1718,O14744,327,MATCH
649,A-2,327,,PHE,NEAR_SHELL,1718,O14744,327,MATCH
649,A-2,333,,LYS,NEAR_SHELL,1718,O14744,333,MATCH
649,A-2,334,,TYR,NEAR_SHELL,1718,O14744,334,MATCH
649,A-2,435,,GLU,DIRECT,1718,O14744,435,MATCH
649,A-2,435,,GLU,NEAR_SHELL,1718,O14744,435,MATCH
649,A-2,437,,LEU,DIRECT,1718,O14744,437,MATCH
649,A-2,437,,LEU,NEAR_SHELL,1718,O14744,437,MATCH
649,A-2,439,,SER,DIRECT,1718,,,
649,A-2,439,,SER,NEAR_SHELL,1718,,,
649,A-2,444,,GLU,DIRECT,1718,O14744,444,MATCH
649,A-2,444,,GLU,NEAR_SHELL,1718,O14744,444,MATCH
649,A-2,503,,VAL,DIRECT,1718,,,
649,A-2,503,,VAL,NEAR_SHELL,1718,,,
649,A-2,577,,PHE,DIRECT,1718,,,
649,A-2,577,,PHE,NEAR_SHELL,1718,,,
649,A-2,578,,SER,DIRECT,1718,,,
649,A-2,578,,SER,NEAR_SHELL,1718,,,
649,A-2,579,,TRP,DIRECT,1718,,,
649,A-2,579,,TRP,NEAR_SHELL,1718,,,
649,A-2,580,,PHE,DIRECT,1718,,,
649,A-2,580,,PHE,NEAR_SHELL,1718,,,
650,A-3,314,,PRO,NEAR_SHELL,1718,O14744,314,MATCH
650,A-3,315,,LEU,DIRECT,1718,O14744,315,MATCH
650,A-3,315,,LEU,NEAR_SHELL,1718,O14744,315,MATCH
650,A-3,317,,ASP,NEAR_SHELL,1718,O14744,317,MATCH
650,A-3,319,,LEU,DIRECT,1718,O14744,319,MATCH
650,A-3,319,,LEU,NEAR_SHELL,1718,O14744,319,MATCH
650,A-3,324,,TYR,DIRECT,1718,O14744,324,MATCH
650,A-3,324,,TYR,NEAR_SHELL,1718,O14744,324,MATCH
650,A-3,327,,PHE,NEAR_SHELL,1718,O14744,327,MATCH
650,A-3,328,,GLU,NEAR_SHELL,1718,O14744,328,MATCH
650,A-3,333,,LYS,DIRECT,1718,O14744,333,MATCH
650,A-3,333,,LYS,NEAR_SHELL,1718,O14744,333,MATCH
650,A-3,334,,TYR,DIRECT,1718,O14744,334,MATCH
650,A-3,334,,TYR,NEAR_SHELL,1718,O14744,334,MATCH
650,A-3,365,,GLY,DIRECT,1718,O14744,365,MATCH
650,A-3,365,,GLY,NEAR_SHELL,1718,O14744,365,MATCH
650,A-3,366,,ALA,DIRECT,1718,O14744,366,MATCH
650,A-3,366,,ALA,NEAR_SHELL,1718,O14744,366,MATCH
650,A-3,367,,GLY,DIRECT,1718,O14744,367,MATCH
650,A-3,367,,GLY,NEAR_SHELL,1718,O14744,367,MATCH
650,A-3,370,,PRO,DIRECT,1718,O14744,370,MATCH
650,A-3,370,,PRO,NEAR_SHELL,1718,O14744,370,MATCH
650,A-3,371,,LEU,DIRECT,1718,O14744,371,MATCH
650,A-3,371,,LEU,NEAR_SHELL,1718,O14744,371,MATCH
650,A-3,391,,VAL,NEAR_SHELL,1718,O14744,391,MATCH
650,A-3,392,,GLU,DIRECT,1718,O14744,392,MATCH
650,A-3,392,,GLU,NEAR_SHELL,1718,O14744,392,MATCH
650,A-3,393,,LYS,DIRECT,1718,O14744,393,MATCH
650,A-3,393,,LYS,NEAR_SHELL,1718,O14744,393,MATCH
650,A-3,394,,ASN,NEAR_SHELL,1718,O14744,394,MATCH
650,A-3,418,,SER,DIRECT,1718,O14744,418,MATCH
650,A-3,418,,SER,NEAR_SHELL,1718,O14744,418,MATCH
650,A-3,419,,ASP,DIRECT,1718,O14744,419,MATCH
650,A-3,419,,ASP,NEAR_SHELL,1718,O14744,419,MATCH
650,A-3,420,,MET,DIRECT,1718,O14744,420,MATCH
650,A-3,420,,MET,NEAR_SHELL,1718,O14744,420,MATCH
650,A-3,435,,GLU,DIRECT,1718,O14744,435,MATCH
650,A-3,435,,GLU,NEAR_SHELL,1718,O14744,435,MATCH
650,A-3,436,,LEU,DIRECT,1718,O14744,436,MATCH
650,A-3,436,,LEU,NEAR_SHELL,1718,O14744,436,MATCH
650,A-3,437,,LEU,NEAR_SHELL,1718,O14744,437,MATCH
650,A-3,444,,GLU,NEAR_SHELL,1718,O14744,444,MATCH
650,A-3,449,,CYS,DIRECT,1718,O14744,449,MATCH
650,A-3,449,,CYS,NEAR_SHELL,1718,O14744,449,MATCH
651,A-3,300,,PHE,DIRECT,1718,,,
651,A-3,300,,PHE,NEAR_SHELL,1718,,,
651,A-3,304,,TYR,DIRECT,1718,,,
651,A-3,304,,TYR,NEAR_SHELL,1718,,,
651,A-3,309,,GLN,DIRECT,1718,,,
651,A-3,309,,GLN,NEAR_SHELL,1718,,,
651,A-3,312,,LEU,NEAR_SHELL,1718,,,
651,A-3,319,,LEU,DIRECT,1718,O14744,319,MATCH
651,A-3,319,,LEU,NEAR_SHELL,1718,O14744,319,MATCH
651,A-3,323,,THR,NEAR_SHELL,1718,,,
651,A-3,324,,TYR,NEAR_SHELL,1718,O14744,324,MATCH
651,A-3,326,,VAL,NEAR_SHELL,1718,,,
651,A-3,327,,PHE,DIRECT,1718,O14744,327,MATCH
651,A-3,327,,PHE,NEAR_SHELL,1718,O14744,327,MATCH
651,A-3,333,,LYS,NEAR_SHELL,1718,O14744,333,MATCH
651,A-3,334,,TYR,NEAR_SHELL,1718,O14744,334,MATCH
651,A-3,435,,GLU,DIRECT,1718,O14744,435,MATCH
651,A-3,435,,GLU,NEAR_SHELL,1718,O14744,435,MATCH
651,A-3,437,,LEU,DIRECT,1718,O14744,437,MATCH
651,A-3,437,,LEU,NEAR_SHELL,1718,O14744,437,MATCH
651,A-3,439,,SER,DIRECT,1718,,,
651,A-3,439,,SER,NEAR_SHELL,1718,,,
651,A-3,444,,GLU,DIRECT,1718,O14744,444,MATCH
651,A-3,444,,GLU,NEAR_SHELL,1718,O14744,444,MATCH
651,A-3,503,,VAL,DIRECT,1718,,,
651,A-3,503,,VAL,NEAR_SHELL,1718,,,
651,A-3,577,,PHE,DIRECT,1718,,,
651,A-3,577,,PHE,NEAR_SHELL,1718,,,
651,A-3,578,,SER,DIRECT,1718,,,
651,A-3,578,,SER,NEAR_SHELL,1718,,,
651,A-3,579,,TRP,DIRECT,1718,,,
651,A-3,579,,TRP,NEAR_SHELL,1718,,,
651,A-3,580,,PHE,DIRECT,1718,,,
651,A-3,580,,PHE,NEAR_SHELL,1718,,,
652,A-4,314,,PRO,NEAR_SHELL,1718,O14744,314,MATCH
652,A-4,315,,LEU,DIRECT,1718,O14744,315,MATCH
652,A-4,315,,LEU,NEAR_SHELL,1718,O14744,315,MATCH
652,A-4,317,,ASP,NEAR_SHELL,1718,O14744,317,MATCH
652,A-4,319,,LEU,DIRECT,1718,O14744,319,MATCH
652,A-4,319,,LEU,NEAR_SHELL,1718,O14744,319,MATCH
652,A-4,324,,TYR,DIRECT,1718,O14744,324,MATCH
652,A-4,324,,TYR,NEAR_SHELL,1718,O14744,324,MATCH
652,A-4,327,,PHE,NEAR_SHELL,1718,O14744,327,MATCH
652,A-4,328,,GLU,NEAR_SHELL,1718,O14744,328,MATCH
652,A-4,333,,LYS,DIRECT,1718,O14744,333,MATCH
652,A-4,333,,LYS,NEAR_SHELL,1718,O14744,333,MATCH
652,A-4,334,,TYR,DIRECT,1718,O14744,334,MATCH
652,A-4,334,,TYR,NEAR_SHELL,1718,O14744,334,MATCH
652,A-4,365,,GLY,DIRECT,1718,O14744,365,MATCH
652,A-4,365,,GLY,NEAR_SHELL,1718,O14744,365,MATCH
652,A-4,366,,ALA,DIRECT,1718,O14744,366,MATCH
652,A-4,366,,ALA,NEAR_SHELL,1718,O14744,366,MATCH
652,A-4,367,,GLY,DIRECT,1718,O14744,367,MATCH
652,A-4,367,,GLY,NEAR_SHELL,1718,O14744,367,MATCH
652,A-4,370,,PRO,DIRECT,1718,O14744,370,MATCH
652,A-4,370,,PRO,NEAR_SHELL,1718,O14744,370,MATCH
652,A-4,371,,LEU,DIRECT,1718,O14744,371,MATCH
652,A-4,371,,LEU,NEAR_SHELL,1718,O14744,371,MATCH
652,A-4,391,,VAL,NEAR_SHELL,1718,O14744,391,MATCH
652,A-4,392,,GLU,DIRECT,1718,O14744,392,MATCH
652,A-4,392,,GLU,NEAR_SHELL,1718,O14744,392,MATCH
652,A-4,393,,LYS,DIRECT,1718,O14744,393,MATCH
652,A-4,393,,LYS,NEAR_SHELL,1718,O14744,393,MATCH
652,A-4,394,,ASN,NEAR_SHELL,1718,O14744,394,MATCH
652,A-4,418,,SER,DIRECT,1718,O14744,418,MATCH
652,A-4,418,,SER,NEAR_SHELL,1718,O14744,418,MATCH
652,A-4,419,,ASP,DIRECT,1718,O14744,419,MATCH
652,A-4,419,,ASP,NEAR_SHELL,1718,O14744,419,MATCH
652,A-4,420,,MET,DIRECT,1718,O14744,420,MATCH
652,A-4,420,,MET,NEAR_SHELL,1718,O14744,420,MATCH
652,A-4,435,,GLU,DIRECT,1718,O14744,435,MATCH
652,A-4,435,,GLU,NEAR_SHELL,1718,O14744,435,MATCH
652,A-4,436,,LEU,DIRECT,1718,O14744,436,MATCH
652,A-4,436,,LEU,NEAR_SHELL,1718,O14744,436,MATCH
652,A-4,437,,LEU,NEAR_SHELL,1718,O14744,437,MATCH
652,A-4,444,,GLU,NEAR_SHELL,1718,O14744,444,MATCH
652,A-4,449,,CYS,DIRECT,1718,O14744,449,MATCH
652,A-4,449,,CYS,NEAR_SHELL,1718,O14744,449,MATCH
653,A-4,300,,PHE,DIRECT,1718,,,
653,A-4,300,,PHE,NEAR_SHELL,1718,,,
653,A-4,304,,TYR,DIRECT,1718,,,
653,A-4,304,,TYR,NEAR_SHELL,1718,,,
653,A-4,309,,GLN,DIRECT,1718,,,
653,A-4,309,,GLN,NEAR_SHELL,1718,,,
653,A-4,312,,LEU,NEAR_SHELL,1718,,,
653,A-4,319,,LEU,DIRECT,1718,O14744,319,MATCH
653,A-4,319,,LEU,NEAR_SHELL,1718,O14744,319,MATCH
653,A-4,323,,THR,NEAR_SHELL,1718,,,
653,A-4,324,,TYR,NEAR_SHELL,1718,O14744,324,MATCH
653,A-4,326,,VAL,NEAR_SHELL,1718,,,
653,A-4,327,,PHE,DIRECT,1718,O14744,327,MATCH
653,A-4,327,,PHE,NEAR_SHELL,1718,O14744,327,MATCH
653,A-4,333,,LYS,NEAR_SHELL,1718,O14744,333,MATCH
653,A-4,334,,TYR,NEAR_SHELL,1718,O14744,334,MATCH
653,A-4,435,,GLU,DIRECT,1718,O14744,435,MATCH
653,A-4,435,,GLU,NEAR_SHELL,1718,O14744,435,MATCH
653,A-4,437,,LEU,DIRECT,1718,O14744,437,MATCH
653,A-4,437,,LEU,NEAR_SHELL,1718,O14744,437,MATCH
653,A-4,439,,SER,DIRECT,1718,,,
653,A-4,439,,SER,NEAR_SHELL,1718,,,
653,A-4,444,,GLU,DIRECT,1718,O14744,444,MATCH
653,A-4,444,,GLU,NEAR_SHELL,1718,O14744,444,MATCH
653,A-4,503,,VAL,DIRECT,1718,,,
653,A-4,503,,VAL,NEAR_SHELL,1718,,,
653,A-4,577,,PHE,DIRECT,1718,,,
653,A-4,577,,PHE,NEAR_SHELL,1718,,,
653,A-4,578,,SER,DIRECT,1718,,,
653,A-4,578,,SER,NEAR_SHELL,1718,,,
653,A-4,579,,TRP,DIRECT,1718,,,
653,A-4,579,,TRP,NEAR_SHELL,1718,,,
653,A-4,580,,PHE,DIRECT,1718,,,
653,A-4,580,,PHE,NEAR_SHELL,1718,,,
654,A,150,,TYR,DIRECT,11774,,,
654,A,150,,TYR,NEAR_SHELL,11774,,,
654,A,151,,PHE,DIRECT,11774,,,
654,A,151,,PHE,NEAR_SHELL,11774,,,
654,A,153,,PHE,NEAR_SHELL,11774,,,
654,A,154,,TYR,DIRECT,11774,,,
654,A,154,,TYR,NEAR_SHELL,11774,,,
654,A,159,,GLN,NEAR_SHELL,11774,,,
654,A,160,,GLN,DIRECT,11774,,,
654,A,160,,GLN,NEAR_SHELL,11774,,,
654,A,163,,MET,DIRECT,11774,,,
654,A,163,,MET,NEAR_SHELL,11774,,,
654,A,169,,ARG,NEAR_SHELL,11774,,,
654,A,192,,VAL,NEAR_SHELL,11774,,,
654,A,193,,GLY,DIRECT,11774,,,
654,A,193,,GLY,NEAR_SHELL,11774,,,
654,A,194,,CYS,NEAR_SHELL,11774,,,
654,A,195,,GLY,DIRECT,11774,,,
654,A,195,,GLY,NEAR_SHELL,11774,,,
654,A,214,,VAL,NEAR_SHELL,11774,,,
654,A,215,,GLU,DIRECT,11774,,,
654,A,215,,GLU,NEAR_SHELL,11774,,,
654,A,216,,ALA,DIRECT,11774,,,
654,A,216,,ALA,NEAR_SHELL,11774,,,
654,A,241,,GLY,DIRECT,11774,,,
654,A,241,,GLY,NEAR_SHELL,11774,,,
654,A,242,,LYS,DIRECT,11774,,,
654,A,242,,LYS,NEAR_SHELL,11774,,,
654,A,243,,VAL,DIRECT,11774,,,
654,A,243,,VAL,NEAR_SHELL,11774,,,
654,A,244,,GLU,DIRECT,11774,,,
654,A,244,,GLU,NEAR_SHELL,11774,,,
654,A,258,,GLU,DIRECT,11774,,,
654,A,258,,GLU,NEAR_SHELL,11774,,,
654,A,259,,PRO,NEAR_SHELL,11774,,,
654,A,260,,MET,DIRECT,11774,,,
654,A,260,,MET,NEAR_SHELL,11774,,,
654,A,261,,GLY,NEAR_SHELL,11774,,,
654,A,262,,TYR,DIRECT,11774,,,
654,A,262,,TYR,NEAR_SHELL,11774,,,
654,A,266,,ASN,NEAR_SHELL,11774,,,
654,A,267,,GLU,DIRECT,11774,,,
654,A,267,,GLU,NEAR_SHELL,11774,,,
654,A,269,,MET,DIRECT,11774,,,
654,A,269,,MET,NEAR_SHELL,11774,,,
654,A,272,,SER,DIRECT,11774,,,
654,A,272,,SER,NEAR_SHELL,11774,,,
654,A,415,,HIS,DIRECT,11774,,,
654,A,415,,HIS,NEAR_SHELL,11774,,,
654,A,416,,TRP,DIRECT,11774,,,
654,A,416,,TRP,NEAR_SHELL,11774,,,
654,A,446,,ARG,NEAR_SHELL,11774,,,
654,A,475,,PHE,NEAR_SHELL,11774,,,
655,C,19,,PHE,DIRECT,18271,Q9NRN9,19,MATCH
655,C,19,,PHE,NEAR_SHELL,18271,Q9NRN9,19,MATCH
655,C,26,,LEU,DIRECT,18271,Q9NRN9,26,MATCH
655,C,26,,LEU,NEAR_SHELL,18271,Q9NRN9,26,MATCH
655,C,27,,GLU,DIRECT,18271,Q9NRN9,27,MATCH
655,C,27,,GLU,NEAR_SHELL,18271,Q9NRN9,27,MATCH
655,C,28,,GLN,DIRECT,18271,Q9NRN9,28,MATCH
655,C,28,,GLN,NEAR_SHELL,18271,Q9NRN9,28,MATCH
655,C,29,,TYR,DIRECT,18271,Q9NRN9,29,MATCH
655,C,29,,TYR,NEAR_SHELL,18271,Q9NRN9,29,MATCH
655,C,30,,PRO,DIRECT,18271,Q9NRN9,30,MATCH
655,C,30,,PRO,NEAR_SHELL,18271,Q9NRN9,30,MATCH
655,C,31,,THR,DIRECT,18271,Q9NRN9,31,MATCH
655,C,31,,THR,NEAR_SHELL,18271,Q9NRN9,31,MATCH
655,C,57,,ASP,NEAR_SHELL,18271,Q9NRN9,57,MATCH
655,C,59,,GLY,DIRECT,18271,Q9NRN9,59,MATCH
655,C,59,,GLY,NEAR_SHELL,18271,Q9NRN9,59,MATCH
655,C,60,,CYS,DIRECT,18271,Q9NRN9,60,MATCH
655,C,60,,CYS,NEAR_SHELL,18271,Q9NRN9,60,MATCH
655,C,61,,GLY,DIRECT,18271,Q9NRN9,61,MATCH
655,C,61,,GLY,NEAR_SHELL,18271,Q9NRN9,61,MATCH
655,C,62,,CYS,DIRECT,18271,Q9NRN9,62,MATCH
655,C,62,,CYS,NEAR_SHELL,18271,Q9NRN9,62,MATCH
655,C,64,,VAL,DIRECT,18271,Q9NRN9,64,MATCH
655,C,64,,VAL,NEAR_SHELL,18271,Q9NRN9,64,MATCH
655,C,65,,LEU,DIRECT,18271,Q9NRN9,65,MATCH
655,C,65,,LEU,NEAR_SHELL,18271,Q9NRN9,65,MATCH
655,C,81,,ASP,DIRECT,18271,Q9NRN9,81,MATCH
655,C,81,,ASP,NEAR_SHELL,18271,Q9NRN9,81,MATCH
655,C,82,,ILE,DIRECT,18271,Q9NRN9,82,MATCH
655,C,82,,ILE,NEAR_SHELL,18271,Q9NRN9,82,MATCH
655,C,107,,CYS,DIRECT,18271,Q9NRN9,107,MATCH
655,C,107,,CYS,NEAR_SHELL,18271,Q9NRN9,107,MATCH
655,C,108,,ASP,DIRECT,18271,Q9NRN9,108,MATCH
655,C,108,,ASP,NEAR_SHELL,18271,Q9NRN9,108,MATCH
655,C,109,,VAL,DIRECT,18271,Q9NRN9,109,MATCH
655,C,109,,VAL,NEAR_SHELL,18271,Q9NRN9,109,MATCH
655,C,110,,CYS,DIRECT,18271,Q9NRN9,110,MATCH
655,C,110,,CYS,NEAR_SHELL,18271,Q9NRN9,110,MATCH
655,C,126,,ASN,DIRECT,18271,Q9NRN9,126,MATCH
655,C,126,,ASN,NEAR_SHELL,18271,Q9NRN9,126,MATCH
655,C,128,,PRO,DIRECT,18271,Q9NRN9,128,MATCH
655,C,128,,PRO,NEAR_SHELL,18271,Q9NRN9,128,MATCH
655,C,132,,LYS,NEAR_SHELL,18271,Q9NRN9,132,MATCH
655,C,137,,THR,NEAR_SHELL,18271,Q9NRN9,137,MATCH
655,C,141,,PHE,DIRECT,18271,Q9NRN9,141,MATCH
655,C,141,,PHE,NEAR_SHELL,18271,Q9NRN9,141,MATCH
656,C,80,,PHE,NEAR_SHELL,18271,,,
656,C,80,,PHE,NEAR_SHELL,19308,,,
656,C,105,,VAL,DIRECT,18271,,,
656,C,105,,VAL,DIRECT,19308,,,
656,C,105,,VAL,NEAR_SHELL,18271,,,
656,C,105,,VAL,NEAR_SHELL,19308,,,
656,C,107,,CYS,DIRECT,18271,Q9NRN9,107,MATCH
656,C,107,,CYS,DIRECT,19308,,,
656,C,107,,CYS,NEAR_SHELL,18271,Q9NRN9,107,MATCH
656,C,107,,CYS,NEAR_SHELL,19308,,,
656,C,108,,ASP,NEAR_SHELL,18271,Q9NRN9,108,MATCH
656,C,108,,ASP,NEAR_SHELL,19308,,,
656,C,111,,LEU,DIRECT,18271,,,
656,C,111,,LEU,DIRECT,19308,,,
656,C,111,,LEU,NEAR_SHELL,18271,,,
656,C,111,,LEU,NEAR_SHELL,19308,,,
656,C,112,,LEU,DIRECT,18271,,,
656,C,112,,LEU,DIRECT,19308,,,
656,C,112,,LEU,NEAR_SHELL,18271,,,
656,C,112,,LEU,NEAR_SHELL,19308,,,
656,C,115,,ARG,DIRECT,18271,,,
656,C,115,,ARG,DIRECT,19308,,,
656,C,115,,ARG,NEAR_SHELL,18271,,,
656,C,115,,ARG,NEAR_SHELL,19308,,,
656,C,116,,MET,DIRECT,18271,,,
656,C,116,,MET,DIRECT,19308,,,
656,C,116,,MET,NEAR_SHELL,18271,,,
656,C,116,,MET,NEAR_SHELL,19308,,,
656,D,9,,LEU,DIRECT,18271,,,
656,D,9,,LEU,DIRECT,19308,,,
656,D,9,,LEU,NEAR_SHELL,18271,,,
656,D,9,,LEU,NEAR_SHELL,19308,,,
656,D,23,,LEU,NEAR_SHELL,18271,,,
656,D,23,,LEU,NEAR_SHELL,19308,,,
656,D,100,,CYS,DIRECT,18271,,,
656,D,100,,CYS,DIRECT,19308,,,
656,D,100,,CYS,NEAR_SHELL,18271,,,
656,D,100,,CYS,NEAR_SHELL,19308,,,
656,D,101,,PRO,NEAR_SHELL,18271,,,
656,D,101,,PRO,NEAR_SHELL,19308,,,
656,D,102,,GLU,DIRECT,18271,,,
656,D,102,,GLU,DIRECT,19308,,,
656,D,102,,GLU,NEAR_SHELL,18271,,,
656,D,102,,GLU,NEAR_SHELL,19308,,,
656,D,103,,SER,NEAR_SHELL,18271,,,
656,D,103,,SER,NEAR_SHELL,19308,,,
656,D,107,,PHE,DIRECT,18271,,,
656,D,107,,PHE,DIRECT,19308,,,
656,D,107,,PHE,NEAR_SHELL,18271,,,
656,D,107,,PHE,NEAR_SHELL,19308,,,
656,D,116,,MET,DIRECT,18271,,,
656,D,116,,MET,DIRECT,19308,,,
656,D,116,,MET,NEAR_SHELL,18271,,,
656,D,116,,MET,NEAR_SHELL,19308,,,
656,D,117,,LEU,DIRECT,18271,,,
656,D,117,,LEU,DIRECT,19308,,,
656,D,117,,LEU,NEAR_SHELL,18271,,,
656,D,117,,LEU,NEAR_SHELL,19308,,,
656,D,118,,LEU,DIRECT,18271,,,
656,D,118,,LEU,DIRECT,19308,,,
656,D,118,,LEU,NEAR_SHELL,18271,,,
656,D,118,,LEU,NEAR_SHELL,19308,,,
657,A,376,,CYS,DIRECT,11585,,,
657,A,376,,CYS,NEAR_SHELL,11585,,,
657,A,377,,ASP,DIRECT,11585,,,
657,A,377,,ASP,NEAR_SHELL,11585,,,
657,A,378,,ILE,DIRECT,11585,,,
657,A,378,,ILE,NEAR_SHELL,11585,,,
657,A,379,,ARG,DIRECT,11585,,,
657,A,379,,ARG,NEAR_SHELL,11585,,,
657,A,395,,ASP,DIRECT,11585,,,
657,A,395,,ASP,NEAR_SHELL,11585,,,
657,A,396,,PRO,DIRECT,11585,,,
657,A,396,,PRO,NEAR_SHELL,11585,,,
657,A,397,,PRO,DIRECT,11585,,,
657,A,397,,PRO,NEAR_SHELL,11585,,,
657,A,398,,TRP,NEAR_SHELL,11585,,,
657,A,406,,TYR,DIRECT,11585,,,
657,A,406,,TYR,NEAR_SHELL,11585,,,
657,A,407,,GLY,DIRECT,11585,,,
657,A,407,,GLY,NEAR_SHELL,11585,,,
657,A,408,,THR,DIRECT,11585,,,
657,A,408,,THR,NEAR_SHELL,11585,,,
657,A,409,,LEU,DIRECT,11585,,,
657,A,409,,LEU,NEAR_SHELL,11585,,,
657,A,431,,TRP,DIRECT,11585,,,
657,A,431,,TRP,NEAR_SHELL,11585,,,
657,A,433,,THR,NEAR_SHELL,11585,,,
657,A,457,,TRP,NEAR_SHELL,11585,,,
657,A,481,,GLU,DIRECT,11585,,,
657,A,481,,GLU,NEAR_SHELL,11585,,,
657,A,512,,HIS,DIRECT,11585,,,
657,A,512,,HIS,NEAR_SHELL,11585,,,
657,A,513,,LYS,DIRECT,11585,,,
657,A,513,,LYS,NEAR_SHELL,11585,,,
657,A,534,,PHE,DIRECT,11585,,,
657,A,534,,PHE,NEAR_SHELL,11585,,,
657,A,535,,GLY,DIRECT,11585,,,
657,A,535,,GLY,NEAR_SHELL,11585,,,
657,A,536,,ARG,DIRECT,11585,,,
657,A,536,,ARG,NEAR_SHELL,11585,,,
657,A,548,,GLY,DIRECT,11585,,,
657,A,548,,GLY,NEAR_SHELL,11585,,,
657,A,549,,ASN,DIRECT,11585,,,
657,A,549,,ASN,NEAR_SHELL,11585,,,
657,A,550,,GLN,DIRECT,11585,,,
657,A,550,,GLN,NEAR_SHELL,11585,,,
658,A,376,,CYS,DIRECT,11585,,,
658,A,376,,CYS,DIRECT,17920,,,
658,A,376,,CYS,NEAR_SHELL,11585,,,
658,A,376,,CYS,NEAR_SHELL,17920,,,
658,A,377,,ASP,DIRECT,11585,,,
658,A,377,,ASP,DIRECT,17920,,,
658,A,377,,ASP,NEAR_SHELL,11585,,,
658,A,377,,ASP,NEAR_SHELL,17920,,,
658,A,378,,ILE,DIRECT,11585,,,
658,A,378,,ILE,DIRECT,17920,,,
658,A,378,,ILE,NEAR_SHELL,11585,,,
658,A,378,,ILE,NEAR_SHELL,17920,,,
658,A,379,,ARG,DIRECT,11585,,,
658,A,379,,ARG,DIRECT,17920,,,
658,A,379,,ARG,NEAR_SHELL,11585,,,
658,A,379,,ARG,NEAR_SHELL,17920,,,
658,A,395,,ASP,DIRECT,11585,,,
658,A,395,,ASP,DIRECT,17920,,,
658,A,395,,ASP,NEAR_SHELL,11585,,,
658,A,395,,ASP,NEAR_SHELL,17920,,,
658,A,396,,PRO,DIRECT,11585,,,
658,A,396,,PRO,DIRECT,17920,,,
658,A,396,,PRO,NEAR_SHELL,11585,,,
658,A,396,,PRO,NEAR_SHELL,17920,,,
658,A,397,,PRO,DIRECT,11585,,,
658,A,397,,PRO,DIRECT,17920,,,
658,A,397,,PRO,NEAR_SHELL,11585,,,
658,A,397,,PRO,NEAR_SHELL,17920,,,
658,A,398,,TRP,NEAR_SHELL,11585,,,
658,A,398,,TRP,NEAR_SHELL,17920,,,
658,A,406,,TYR,DIRECT,11585,,,
658,A,406,,TYR,DIRECT,17920,,,
658,A,406,,TYR,NEAR_SHELL,11585,,,
658,A,406,,TYR,NEAR_SHELL,17920,,,
658,A,407,,GLY,DIRECT,11585,,,
658,A,407,,GLY,DIRECT,17920,,,
658,A,407,,GLY,NEAR_SHELL,11585,,,
658,A,407,,GLY,NEAR_SHELL,17920,,,
658,A,408,,THR,DIRECT,11585,,,
658,A,408,,THR,DIRECT,17920,,,
658,A,408,,THR,NEAR_SHELL,11585,,,
658,A,408,,THR,NEAR_SHELL,17920,,,
658,A,409,,LEU,DIRECT,11585,,,
658,A,409,,LEU,DIRECT,17920,,,
658,A,409,,LEU,NEAR_SHELL,11585,,,
658,A,409,,LEU,NEAR_SHELL,17920,,,
658,A,431,,TRP,DIRECT,11585,,,
658,A,431,,TRP,DIRECT,17920,,,
658,A,431,,TRP,NEAR_SHELL,11585,,,
658,A,431,,TRP,NEAR_SHELL,17920,,,
658,A,457,,TRP,NEAR_SHELL,11585,,,
658,A,457,,TRP,NEAR_SHELL,17920,,,
658,A,481,,GLU,DIRECT,11585,,,
658,A,481,,GLU,DIRECT,17920,,,
658,A,481,,GLU,NEAR_SHELL,11585,,,
658,A,481,,GLU,NEAR_SHELL,17920,,,
658,A,511,,SER,DIRECT,11585,,,
658,A,511,,SER,DIRECT,17920,,,
658,A,511,,SER,NEAR_SHELL,11585,,,
658,A,511,,SER,NEAR_SHELL,17920,,,
658,A,512,,HIS,DIRECT,11585,,,
658,A,512,,HIS,DIRECT,17920,,,
658,A,512,,HIS,NEAR_SHELL,11585,,,
658,A,512,,HIS,NEAR_SHELL,17920,,,
658,A,513,,LYS,NEAR_SHELL,11585,,,
658,A,513,,LYS,NEAR_SHELL,17920,,,
658,A,534,,PHE,DIRECT,11585,,,
658,A,534,,PHE,DIRECT,17920,,,
658,A,534,,PHE,NEAR_SHELL,11585,,,
658,A,534,,PHE,NEAR_SHELL,17920,,,
658,A,535,,GLY,DIRECT,11585,,,
658,A,535,,GLY,DIRECT,17920,,,
658,A,535,,GLY,NEAR_SHELL,11585,,,
658,A,535,,GLY,NEAR_SHELL,17920,,,
658,A,536,,ARG,DIRECT,11585,,,
658,A,536,,ARG,DIRECT,17920,,,
658,A,536,,ARG,NEAR_SHELL,11585,,,
658,A,536,,ARG,NEAR_SHELL,17920,,,
658,A,548,,GLY,DIRECT,11585,,,
658,A,548,,GLY,DIRECT,17920,,,
658,A,548,,GLY,NEAR_SHELL,11585,,,
658,A,548,,GLY,NEAR_SHELL,17920,,,
658,A,549,,ASN,DIRECT,11585,,,
658,A,549,,ASN,DIRECT,17920,,,
658,A,549,,ASN,NEAR_SHELL,11585,,,
658,A,549,,ASN,NEAR_SHELL,17920,,,
658,A,550,,GLN,DIRECT,11585,,,
658,A,550,,GLN,DIRECT,17920,,,
658,A,550,,GLN,NEAR_SHELL,11585,,,
658,A,550,,GLN,NEAR_SHELL,17920,,,
659,A,376,,CYS,DIRECT,11585,,,
659,A,376,,CYS,NEAR_SHELL,11585,,,
659,A,377,,ASP,DIRECT,11585,,,
659,A,377,,ASP,NEAR_SHELL,11585,,,
659,A,378,,ILE,DIRECT,11585,,,
659,A,378,,ILE,NEAR_SHELL,11585,,,
659,A,379,,ARG,DIRECT,11585,,,
659,A,379,,ARG,NEAR_SHELL,11585,,,
659,A,395,,ASP,DIRECT,11585,,,
659,A,395,,ASP,NEAR_SHELL,11585,,,
659,A,396,,PRO,DIRECT,11585,,,
659,A,396,,PRO,NEAR_SHELL,11585,,,
659,A,397,,PRO,DIRECT,11585,,,
659,A,397,,PRO,NEAR_SHELL,11585,,,
659,A,398,,TRP,NEAR_SHELL,11585,,,
659,A,406,,TYR,DIRECT,11585,,,
659,A,406,,TYR,NEAR_SHELL,11585,,,
659,A,407,,GLY,DIRECT,11585,,,
659,A,407,,GLY,NEAR_SHELL,11585,,,
659,A,408,,THR,DIRECT,11585,,,
659,A,408,,THR,NEAR_SHELL,11585,,,
659,A,409,,LEU,DIRECT,11585,,,
659,A,409,,LEU,NEAR_SHELL,11585,,,
659,A,431,,TRP,DIRECT,11585,,,
659,A,431,,TRP,NEAR_SHELL,11585,,,
659,A,457,,TRP,DIRECT,11585,,,
659,A,457,,TRP,NEAR_SHELL,11585,,,
659,A,481,,GLU,DIRECT,11585,,,
659,A,481,,GLU,NEAR_SHELL,11585,,,
659,A,512,,HIS,DIRECT,11585,,,
659,A,512,,HIS,NEAR_SHELL,11585,,,
659,A,513,,LYS,DIRECT,11585,,,
659,A,513,,LYS,NEAR_SHELL,11585,,,
659,A,534,,PHE,DIRECT,11585,,,
659,A,534,,PHE,NEAR_SHELL,11585,,,
659,A,535,,GLY,DIRECT,11585,,,
659,A,535,,GLY,NEAR_SHELL,11585,,,
659,A,536,,ARG,DIRECT,11585,,,
659,A,536,,ARG,NEAR_SHELL,11585,,,
659,A,548,,GLY,DIRECT,11585,,,
659,A,548,,GLY,NEAR_SHELL,11585,,,
659,A,549,,ASN,DIRECT,11585,,,
659,A,549,,ASN,NEAR_SHELL,11585,,,
659,A,550,,GLN,DIRECT,11585,,,
659,A,550,,GLN,NEAR_SHELL,11585,,,
660,A,376,,CYS,DIRECT,11585,,,
660,A,376,,CYS,DIRECT,17920,,,
660,A,376,,CYS,NEAR_SHELL,11585,,,
660,A,376,,CYS,NEAR_SHELL,17920,,,
660,A,377,,ASP,DIRECT,11585,,,
660,A,377,,ASP,DIRECT,17920,,,
660,A,377,,ASP,NEAR_SHELL,11585,,,
660,A,377,,ASP,NEAR_SHELL,17920,,,
660,A,378,,ILE,DIRECT,11585,,,
660,A,378,,ILE,DIRECT,17920,,,
660,A,378,,ILE,NEAR_SHELL,11585,,,
660,A,378,,ILE,NEAR_SHELL,17920,,,
660,A,379,,ARG,DIRECT,11585,,,
660,A,379,,ARG,DIRECT,17920,,,
660,A,379,,ARG,NEAR_SHELL,11585,,,
660,A,379,,ARG,NEAR_SHELL,17920,,,
660,A,395,,ASP,DIRECT,11585,,,
660,A,395,,ASP,DIRECT,17920,,,
660,A,395,,ASP,NEAR_SHELL,11585,,,
660,A,395,,ASP,NEAR_SHELL,17920,,,
660,A,396,,PRO,DIRECT,11585,,,
660,A,396,,PRO,DIRECT,17920,,,
660,A,396,,PRO,NEAR_SHELL,11585,,,
660,A,396,,PRO,NEAR_SHELL,17920,,,
660,A,397,,PRO,NEAR_SHELL,11585,,,
660,A,397,,PRO,NEAR_SHELL,17920,,,
660,A,398,,TRP,NEAR_SHELL,11585,,,
660,A,398,,TRP,NEAR_SHELL,17920,,,
660,A,406,,TYR,DIRECT,11585,,,
660,A,406,,TYR,DIRECT,17920,,,
660,A,406,,TYR,NEAR_SHELL,11585,,,
660,A,406,,TYR,NEAR_SHELL,17920,,,
660,A,407,,GLY,DIRECT,11585,,,
660,A,407,,GLY,DIRECT,17920,,,
660,A,407,,GLY,NEAR_SHELL,11585,,,
660,A,407,,GLY,NEAR_SHELL,17920,,,
660,A,409,,LEU,DIRECT,11585,,,
660,A,409,,LEU,DIRECT,17920,,,
660,A,409,,LEU,NEAR_SHELL,11585,,,
660,A,409,,LEU,NEAR_SHELL,17920,,,
660,A,431,,TRP,DIRECT,11585,,,
660,A,431,,TRP,DIRECT,17920,,,
660,A,431,,TRP,NEAR_SHELL,11585,,,
660,A,431,,TRP,NEAR_SHELL,17920,,,
660,A,432,,VAL,NEAR_SHELL,11585,,,
660,A,432,,VAL,NEAR_SHELL,17920,,,
660,A,433,,THR,NEAR_SHELL,11585,,,
660,A,433,,THR,NEAR_SHELL,17920,,,
660,A,457,,TRP,NEAR_SHELL,11585,,,
660,A,457,,TRP,NEAR_SHELL,17920,,,
660,A,481,,GLU,DIRECT,11585,,,
660,A,481,,GLU,DIRECT,17920,,,
660,A,481,,GLU,NEAR_SHELL,11585,,,
660,A,481,,GLU,NEAR_SHELL,17920,,,
660,A,511,,SER,DIRECT,11585,,,
660,A,511,,SER,DIRECT,17920,,,
660,A,511,,SER,NEAR_SHELL,11585,,,
660,A,511,,SER,NEAR_SHELL,17920,,,
660,A,512,,HIS,NEAR_SHELL,11585,,,
660,A,512,,HIS,NEAR_SHELL,17920,,,
660,A,513,,LYS,DIRECT,11585,,,
660,A,513,,LYS,DIRECT,17920,,,
660,A,513,,LYS,NEAR_SHELL,11585,,,
660,A,513,,LYS,NEAR_SHELL,17920,,,
660,A,534,,PHE,DIRECT,11585,,,
660,A,534,,PHE,DIRECT,17920,,,
660,A,534,,PHE,NEAR_SHELL,11585,,,
660,A,534,,PHE,NEAR_SHELL,17920,,,
660,A,535,,GLY,DIRECT,11585,,,
660,A,535,,GLY,DIRECT,17920,,,
660,A,535,,GLY,NEAR_SHELL,11585,,,
660,A,535,,GLY,NEAR_SHELL,17920,,,
660,A,536,,ARG,NEAR_SHELL,11585,,,
660,A,536,,ARG,NEAR_SHELL,17920,,,
660,A,548,,GLY,DIRECT,11585,,,
660,A,548,,GLY,DIRECT,17920,,,
660,A,548,,GLY,NEAR_SHELL,11585,,,
660,A,548,,GLY,NEAR_SHELL,17920,,,
660,A,549,,ASN,DIRECT,11585,,,
660,A,549,,ASN,DIRECT,17920,,,
660,A,549,,ASN,NEAR_SHELL,11585,,,
660,A,549,,ASN,NEAR_SHELL,17920,,,
661,B,174,,ILE,DIRECT,17920,,,
661,B,174,,ILE,NEAR_SHELL,17920,,,
661,B,175,,GLU,DIRECT,17920,,,
661,B,175,,GLU,NEAR_SHELL,17920,,,
661,B,176,,ALA,DIRECT,17920,,,
661,B,176,,ALA,NEAR_SHELL,17920,,,
661,B,177,,PHE,DIRECT,17920,,,
661,B,177,,PHE,NEAR_SHELL,17920,,,
661,B,178,,ASP,DIRECT,17920,,,
661,B,178,,ASP,NEAR_SHELL,17920,,,
661,B,180,,ARG,NEAR_SHELL,17920,,,
661,B,182,,LEU,DIRECT,17920,,,
661,B,182,,LEU,NEAR_SHELL,17920,,,
661,B,209,,LYS,NEAR_SHELL,17920,,,
661,B,210,,CYS,DIRECT,17920,,,
661,B,210,,CYS,NEAR_SHELL,17920,,,
661,B,211,,TRP,DIRECT,17920,,,
661,B,211,,TRP,NEAR_SHELL,17920,,,
661,B,214,,ASP,NEAR_SHELL,17920,,,
661,B,215,,ASP,DIRECT,17920,,,
661,B,215,,ASP,NEAR_SHELL,17920,,,
661,B,218,,LYS,DIRECT,17920,,,
661,B,218,,LYS,NEAR_SHELL,17920,,,
661,B,219,,LEU,DIRECT,17920,,,
661,B,219,,LEU,NEAR_SHELL,17920,,,
661,B,220,,GLU,DIRECT,17920,,,
661,B,220,,GLU,NEAR_SHELL,17920,,,
661,B,221,,ILE,DIRECT,17920,,,
661,B,221,,ILE,NEAR_SHELL,17920,,,
661,B,223,,GLU,NEAR_SHELL,17920,,,
661,B,224,,ILE,DIRECT,17920,,,
661,B,224,,ILE,NEAR_SHELL,17920,,,
661,B,346,,LEU,NEAR_SHELL,17920,,,
662,A,376,,CYS,DIRECT,11585,,,
662,A,376,,CYS,DIRECT,17920,,,
662,A,376,,CYS,NEAR_SHELL,11585,,,
662,A,376,,CYS,NEAR_SHELL,17920,,,
662,A,377,,ASP,DIRECT,11585,,,
662,A,377,,ASP,DIRECT,17920,,,
662,A,377,,ASP,NEAR_SHELL,11585,,,
662,A,377,,ASP,NEAR_SHELL,17920,,,
662,A,378,,ILE,DIRECT,11585,,,
662,A,378,,ILE,DIRECT,17920,,,
662,A,378,,ILE,NEAR_SHELL,11585,,,
662,A,378,,ILE,NEAR_SHELL,17920,,,
662,A,379,,ARG,DIRECT,11585,,,
662,A,379,,ARG,DIRECT,17920,,,
662,A,379,,ARG,NEAR_SHELL,11585,,,
662,A,379,,ARG,NEAR_SHELL,17920,,,
662,A,395,,ASP,DIRECT,11585,,,
662,A,395,,ASP,DIRECT,17920,,,
662,A,395,,ASP,NEAR_SHELL,11585,,,
662,A,395,,ASP,NEAR_SHELL,17920,,,
662,A,396,,PRO,DIRECT,11585,,,
662,A,396,,PRO,DIRECT,17920,,,
662,A,396,,PRO,NEAR_SHELL,11585,,,
662,A,396,,PRO,NEAR_SHELL,17920,,,
662,A,397,,PRO,DIRECT,11585,,,
662,A,397,,PRO,DIRECT,17920,,,
662,A,397,,PRO,NEAR_SHELL,11585,,,
662,A,397,,PRO,NEAR_SHELL,17920,,,
662,A,398,,TRP,NEAR_SHELL,11585,,,
662,A,398,,TRP,NEAR_SHELL,17920,,,
662,A,406,,TYR,NEAR_SHELL,11585,,,
662,A,406,,TYR,NEAR_SHELL,17920,,,
662,A,407,,GLY,DIRECT,11585,,,
662,A,407,,GLY,DIRECT,17920,,,
662,A,407,,GLY,NEAR_SHELL,11585,,,
662,A,407,,GLY,NEAR_SHELL,17920,,,
662,A,408,,THR,DIRECT,11585,,,
662,A,408,,THR,DIRECT,17920,,,
662,A,408,,THR,NEAR_SHELL,11585,,,
662,A,408,,THR,NEAR_SHELL,17920,,,
662,A,409,,LEU,DIRECT,11585,,,
662,A,409,,LEU,DIRECT,17920,,,
662,A,409,,LEU,NEAR_SHELL,11585,,,
662,A,409,,LEU,NEAR_SHELL,17920,,,
662,A,431,,TRP,DIRECT,11585,,,
662,A,431,,TRP,DIRECT,17920,,,
662,A,431,,TRP,NEAR_SHELL,11585,,,
662,A,431,,TRP,NEAR_SHELL,17920,,,
662,A,432,,VAL,NEAR_SHELL,11585,,,
662,A,432,,VAL,NEAR_SHELL,17920,,,
662,A,433,,THR,NEAR_SHELL,11585,,,
662,A,433,,THR,NEAR_SHELL,17920,,,
662,A,457,,TRP,DIRECT,11585,,,
662,A,457,,TRP,DIRECT,17920,,,
662,A,457,,TRP,NEAR_SHELL,11585,,,
662,A,457,,TRP,NEAR_SHELL,17920,,,
662,A,459,,LYS,NEAR_SHELL,11585,,,
662,A,459,,LYS,NEAR_SHELL,17920,,,
662,A,481,,GLU,DIRECT,11585,,,
662,A,481,,GLU,DIRECT,17920,,,
662,A,481,,GLU,NEAR_SHELL,11585,,,
662,A,481,,GLU,NEAR_SHELL,17920,,,
662,A,511,,SER,DIRECT,11585,,,
662,A,511,,SER,DIRECT,17920,,,
662,A,511,,SER,NEAR_SHELL,11585,,,
662,A,511,,SER,NEAR_SHELL,17920,,,
662,A,512,,HIS,NEAR_SHELL,11585,,,
662,A,512,,HIS,NEAR_SHELL,17920,,,
662,A,513,,LYS,DIRECT,11585,,,
662,A,513,,LYS,DIRECT,17920,,,
662,A,513,,LYS,NEAR_SHELL,11585,,,
662,A,513,,LYS,NEAR_SHELL,17920,,,
662,A,534,,PHE,DIRECT,11585,,,
662,A,534,,PHE,DIRECT,17920,,,
662,A,534,,PHE,NEAR_SHELL,11585,,,
662,A,534,,PHE,NEAR_SHELL,17920,,,
662,A,535,,GLY,DIRECT,11585,,,
662,A,535,,GLY,DIRECT,17920,,,
662,A,535,,GLY,NEAR_SHELL,11585,,,
662,A,535,,GLY,NEAR_SHELL,17920,,,
662,A,536,,ARG,NEAR_SHELL,11585,,,
662,A,536,,ARG,NEAR_SHELL,17920,,,
662,A,548,,GLY,DIRECT,11585,,,
662,A,548,,GLY,DIRECT,17920,,,
662,A,548,,GLY,NEAR_SHELL,11585,,,
662,A,548,,GLY,NEAR_SHELL,17920,,,
662,A,549,,ASN,DIRECT,11585,,,
662,A,549,,ASN,DIRECT,17920,,,
662,A,549,,ASN,NEAR_SHELL,11585,,,
662,A,549,,ASN,NEAR_SHELL,17920,,,
662,A,550,,GLN,DIRECT,11585,,,
662,A,550,,GLN,DIRECT,17920,,,
662,A,550,,GLN,NEAR_SHELL,11585,,,
662,A,550,,GLN,NEAR_SHELL,17920,,,
663,B,170,,LEU,NEAR_SHELL,17920,,,
663,B,174,,ILE,DIRECT,17920,,,
663,B,174,,ILE,NEAR_SHELL,17920,,,
663,B,175,,GLU,DIRECT,17920,,,
663,B,175,,GLU,NEAR_SHELL,17920,,,
663,B,176,,ALA,NEAR_SHELL,17920,,,
663,B,177,,PHE,DIRECT,17920,,,
663,B,177,,PHE,NEAR_SHELL,17920,,,
663,B,179,,ILE,DIRECT,17920,,,
663,B,179,,ILE,NEAR_SHELL,17920,,,
663,B,183,,THR,DIRECT,17920,,,
663,B,183,,THR,NEAR_SHELL,17920,,,
663,B,186,,PHE,NEAR_SHELL,17920,,,
663,B,211,,TRP,DIRECT,17920,,,
663,B,211,,TRP,NEAR_SHELL,17920,,,
663,B,214,,ASP,NEAR_SHELL,17920,,,
663,B,215,,ASP,DIRECT,17920,,,
663,B,215,,ASP,NEAR_SHELL,17920,,,
663,B,218,,LYS,DIRECT,17920,,,
663,B,218,,LYS,NEAR_SHELL,17920,,,
663,B,219,,LEU,DIRECT,17920,,,
663,B,219,,LEU,NEAR_SHELL,17920,,,
663,B,220,,GLU,DIRECT,17920,,,
663,B,220,,GLU,NEAR_SHELL,17920,,,
663,B,221,,ILE,DIRECT,17920,,,
663,B,221,,ILE,NEAR_SHELL,17920,,,
663,B,224,,ILE,DIRECT,17920,,,
663,B,224,,ILE,NEAR_SHELL,17920,,,
663,B,344,,LEU,DIRECT,17920,,,
663,B,344,,LEU,NEAR_SHELL,17920,,,
663,B,346,,LEU,DIRECT,17920,,,
663,B,346,,LEU,NEAR_SHELL,17920,,,
663,B,358,,LEU,NEAR_SHELL,17920,,,
663,B,360,,VAL,NEAR_SHELL,17920,,,
663,B,369,,TYR,NEAR_SHELL,17920,,,
664,A,511,,SER,NEAR_SHELL,11585,Q86U44,511,MATCH
664,A,512,,HIS,NEAR_SHELL,11585,Q86U44,512,MATCH
664,A,513,,LYS,NEAR_SHELL,11585,Q86U44,513,MATCH
665,B,170,,LEU,NEAR_SHELL,17920,,,
665,B,174,,ILE,DIRECT,17920,,,
665,B,174,,ILE,NEAR_SHELL,17920,,,
665,B,175,,GLU,DIRECT,17920,,,
665,B,175,,GLU,NEAR_SHELL,17920,,,
665,B,176,,ALA,NEAR_SHELL,17920,,,
665,B,177,,PHE,DIRECT,17920,,,
665,B,177,,PHE,NEAR_SHELL,17920,,,
665,B,178,,ASP,NEAR_SHELL,17920,,,
665,B,179,,ILE,DIRECT,17920,,,
665,B,179,,ILE,NEAR_SHELL,17920,,,
665,B,183,,THR,DIRECT,17920,,,
665,B,183,,THR,NEAR_SHELL,17920,,,
665,B,186,,PHE,NEAR_SHELL,17920,,,
665,B,209,,LYS,NEAR_SHELL,17920,,,
665,B,211,,TRP,DIRECT,17920,,,
665,B,211,,TRP,NEAR_SHELL,17920,,,
665,B,215,,ASP,DIRECT,17920,,,
665,B,215,,ASP,NEAR_SHELL,17920,,,
665,B,218,,LYS,DIRECT,17920,,,
665,B,218,,LYS,NEAR_SHELL,17920,,,
665,B,219,,LEU,DIRECT,17920,,,
665,B,219,,LEU,NEAR_SHELL,17920,,,
665,B,220,,GLU,DIRECT,17920,,,
665,B,220,,GLU,NEAR_SHELL,17920,,,
665,B,221,,ILE,DIRECT,17920,,,
665,B,221,,ILE,NEAR_SHELL,17920,,,
665,B,224,,ILE,DIRECT,17920,,,
665,B,224,,ILE,NEAR_SHELL,17920,,,
665,B,344,,LEU,NEAR_SHELL,17920,,,
665,B,346,,LEU,DIRECT,17920,,,
665,B,346,,LEU,NEAR_SHELL,17920,,,
665,B,358,,LEU,NEAR_SHELL,17920,,,
665,B,360,,VAL,NEAR_SHELL,17920,,,
665,B,369,,TYR,NEAR_SHELL,17920,,,
666,A,106,,SER,DIRECT,6581,,,
666,A,106,,SER,NEAR_SHELL,6581,,,
666,A,107,,GLY,NEAR_SHELL,6581,,,
666,A,127,,PRO,NEAR_SHELL,6581,,,
666,A,130,,ALA,NEAR_SHELL,6581,,,
666,A,131,,VAL,NEAR_SHELL,6581,,,
666,A,189,,GLY,DIRECT,6581,,,
666,A,189,,GLY,NEAR_SHELL,6581,,,
666,A,190,,ARG,DIRECT,6581,,,
666,A,190,,ARG,NEAR_SHELL,6581,,,
666,A,191,,THR,DIRECT,6581,,,
666,A,191,,THR,NEAR_SHELL,6581,,,
666,A,209,,TYR,NEAR_SHELL,6581,,,
666,A,210,,ASP,NEAR_SHELL,6581,,,
666,A,211,,PRO,NEAR_SHELL,6581,,,
666,A,212,,TYR,DIRECT,6581,,,
666,A,212,,TYR,NEAR_SHELL,6581,,,
666,A,213,,LEU,DIRECT,6581,,,
666,A,213,,LEU,NEAR_SHELL,6581,,,
666,A,244,,ASN,DIRECT,6581,,,
666,A,244,,ASN,NEAR_SHELL,6581,,,
666,A,246,,ASN,DIRECT,6581,,,
666,A,246,,ASN,NEAR_SHELL,6581,,,
666,A,272,,ARG,DIRECT,6581,,,
666,A,272,,ARG,NEAR_SHELL,6581,,,
666,A,321,,HIS,DIRECT,6581,,,
666,A,321,,HIS,NEAR_SHELL,6581,,,
666,A,324,,TRP,DIRECT,6581,,,
666,A,324,,TRP,NEAR_SHELL,6581,,,
667,B,106,,SER,DIRECT,6581,,,
667,B,106,,SER,NEAR_SHELL,6581,,,
667,B,107,,GLY,NEAR_SHELL,6581,,,
667,B,127,,PRO,NEAR_SHELL,6581,,,
667,B,130,,ALA,NEAR_SHELL,6581,,,
667,B,131,,VAL,NEAR_SHELL,6581,,,
667,B,189,,GLY,DIRECT,6581,,,
667,B,189,,GLY,NEAR_SHELL,6581,,,
667,B,190,,ARG,DIRECT,6581,,,
667,B,190,,ARG,NEAR_SHELL,6581,,,
667,B,191,,THR,DIRECT,6581,,,
667,B,191,,THR,NEAR_SHELL,6581,,,
667,B,212,,TYR,DIRECT,6581,,,
667,B,212,,TYR,NEAR_SHELL,6581,,,
667,B,213,,LEU,DIRECT,6581,,,
667,B,213,,LEU,NEAR_SHELL,6581,,,
667,B,244,,ASN,DIRECT,6581,,,
667,B,244,,ASN,NEAR_SHELL,6581,,,
667,B,246,,ASN,DIRECT,6581,,,
667,B,246,,ASN,NEAR_SHELL,6581,,,
667,B,272,,ARG,DIRECT,6581,,,
667,B,272,,ARG,NEAR_SHELL,6581,,,
667,B,321,,HIS,DIRECT,6581,,,
667,B,321,,HIS,NEAR_SHELL,6581,,,
667,B,324,,TRP,DIRECT,6581,,,
667,B,324,,TRP,NEAR_SHELL,6581,,,
668,A-2,106,,SER,DIRECT,6581,,,
668,A-2,106,,SER,NEAR_SHELL,6581,,,
668,A-2,107,,GLY,NEAR_SHELL,6581,,,
668,A-2,127,,PRO,NEAR_SHELL,6581,,,
668,A-2,130,,ALA,NEAR_SHELL,6581,,,
668,A-2,131,,VAL,NEAR_SHELL,6581,,,
668,A-2,189,,GLY,DIRECT,6581,,,
668,A-2,189,,GLY,NEAR_SHELL,6581,,,
668,A-2,190,,ARG,DIRECT,6581,,,
668,A-2,190,,ARG,NEAR_SHELL,6581,,,
668,A-2,191,,THR,DIRECT,6581,,,
668,A-2,191,,THR,NEAR_SHELL,6581,,,
668,A-2,209,,TYR,NEAR_SHELL,6581,,,
668,A-2,210,,ASP,NEAR_SHELL,6581,,,
668,A-2,211,,PRO,NEAR_SHELL,6581,,,
668,A-2,212,,TYR,DIRECT,6581,,,
668,A-2,212,,TYR,NEAR_SHELL,6581,,,
668,A-2,213,,LEU,DIRECT,6581,,,
668,A-2,213,,LEU,NEAR_SHELL,6581,,,
668,A-2,244,,ASN,DIRECT,6581,,,
668,A-2,244,,ASN,NEAR_SHELL,6581,,,
668,A-2,246,,ASN,DIRECT,6581,,,
668,A-2,246,,ASN,NEAR_SHELL,6581,,,
668,A-2,272,,ARG,DIRECT,6581,,,
668,A-2,272,,ARG,NEAR_SHELL,6581,,,
668,A-2,321,,HIS,DIRECT,6581,,,
668,A-2,321,,HIS,NEAR_SHELL,6581,,,
668,A-2,324,,TRP,DIRECT,6581,,,
668,A-2,324,,TRP,NEAR_SHELL,6581,,,
669,B-2,106,,SER,DIRECT,6581,,,
669,B-2,106,,SER,NEAR_SHELL,6581,,,
669,B-2,107,,GLY,NEAR_SHELL,6581,,,
669,B-2,127,,PRO,NEAR_SHELL,6581,,,
669,B-2,130,,ALA,NEAR_SHELL,6581,,,
669,B-2,131,,VAL,NEAR_SHELL,6581,,,
669,B-2,189,,GLY,DIRECT,6581,,,
669,B-2,189,,GLY,NEAR_SHELL,6581,,,
669,B-2,190,,ARG,DIRECT,6581,,,
669,B-2,190,,ARG,NEAR_SHELL,6581,,,
669,B-2,191,,THR,DIRECT,6581,,,
669,B-2,191,,THR,NEAR_SHELL,6581,,,
669,B-2,212,,TYR,DIRECT,6581,,,
669,B-2,212,,TYR,NEAR_SHELL,6581,,,
669,B-2,213,,LEU,DIRECT,6581,,,
669,B-2,213,,LEU,NEAR_SHELL,6581,,,
669,B-2,244,,ASN,DIRECT,6581,,,
669,B-2,244,,ASN,NEAR_SHELL,6581,,,
669,B-2,246,,ASN,DIRECT,6581,,,
669,B-2,246,,ASN,NEAR_SHELL,6581,,,
669,B-2,272,,ARG,DIRECT,6581,,,
669,B-2,272,,ARG,NEAR_SHELL,6581,,,
669,B-2,321,,HIS,DIRECT,6581,,,
669,B-2,321,,HIS,NEAR_SHELL,6581,,,
669,B-2,324,,TRP,DIRECT,6581,,,
669,B-2,324,,TRP,NEAR_SHELL,6581,,,
670,A,1132,,ARG,NEAR_SHELL,17731,Q9H9B1,1132,MATCH
670,A,1135,,ASP,NEAR_SHELL,17731,Q9H9B1,1135,MATCH
670,A,1136,,MET,DIRECT,17731,Q9H9B1,1136,MATCH
670,A,1136,,MET,NEAR_SHELL,17731,Q9H9B1,1136,MATCH
670,A,1137,,GLY,DIRECT,17731,Q9H9B1,1137,MATCH
670,A,1137,,GLY,NEAR_SHELL,17731,Q9H9B1,1137,MATCH
670,A,1138,,TRP,DIRECT,17731,Q9H9B1,1138,MATCH
670,A,1138,,TRP,NEAR_SHELL,17731,Q9H9B1,1138,MATCH
670,A,1155,,TYR,NEAR_SHELL,17731,Q9H9B1,1155,MATCH
670,A,1172,,SER,DIRECT,17731,Q9H9B1,1172,MATCH
670,A,1172,,SER,NEAR_SHELL,17731,Q9H9B1,1172,MATCH
670,A,1173,,TYR,DIRECT,17731,Q9H9B1,1173,MATCH
670,A,1173,,TYR,NEAR_SHELL,17731,Q9H9B1,1173,MATCH
670,A,1196,,SER,NEAR_SHELL,17731,Q9H9B1,1196,MATCH
670,A,1197,,ARG,DIRECT,17731,Q9H9B1,1197,MATCH
670,A,1197,,ARG,NEAR_SHELL,17731,Q9H9B1,1197,MATCH
670,A,1198,,PHE,DIRECT,17731,Q9H9B1,1198,MATCH
670,A,1198,,PHE,NEAR_SHELL,17731,Q9H9B1,1198,MATCH
670,A,1199,,ILE,DIRECT,17731,Q9H9B1,1199,MATCH
670,A,1199,,ILE,NEAR_SHELL,17731,Q9H9B1,1199,MATCH
670,A,1200,,ASN,DIRECT,17731,Q9H9B1,1200,MATCH
670,A,1200,,ASN,NEAR_SHELL,17731,Q9H9B1,1200,MATCH
670,A,1201,,HIS,DIRECT,17731,Q9H9B1,1201,MATCH
670,A,1201,,HIS,NEAR_SHELL,17731,Q9H9B1,1201,MATCH
670,A,1242,,TYR,DIRECT,17731,Q9H9B1,1242,MATCH
670,A,1242,,TYR,NEAR_SHELL,17731,Q9H9B1,1242,MATCH
670,A,1246,,PHE,DIRECT,17731,Q9H9B1,1246,MATCH
670,A,1246,,PHE,NEAR_SHELL,17731,Q9H9B1,1246,MATCH
670,A,1247,,TRP,NEAR_SHELL,17731,Q9H9B1,1247,MATCH
670,A,1250,,LYS,NEAR_SHELL,17731,Q9H9B1,1250,MATCH
670,A,1254,,PHE,NEAR_SHELL,17731,Q9H9B1,1254,MATCH
670,A,1255,,SER,DIRECT,17731,Q9H9B1,1255,MATCH
670,A,1255,,SER,NEAR_SHELL,17731,Q9H9B1,1255,MATCH
670,A,1256,,CYS,DIRECT,17731,Q9H9B1,1256,MATCH
670,A,1256,,CYS,NEAR_SHELL,17731,Q9H9B1,1256,MATCH
670,A,1257,,ARG,DIRECT,17731,Q9H9B1,1257,MATCH
670,A,1257,,ARG,NEAR_SHELL,17731,Q9H9B1,1257,MATCH
670,A,1258,,CYS,NEAR_SHELL,17731,Q9H9B1,1258,MATCH
671,A,1155,,TYR,NEAR_SHELL,17731,Q9H9B1,1155,MATCH
671,A,1165,,ALA,DIRECT,17731,,,
671,A,1165,,ALA,NEAR_SHELL,17731,,,
671,A,1166,,ASP,DIRECT,17731,,,
671,A,1166,,ASP,NEAR_SHELL,17731,,,
671,A,1171,,ASP,DIRECT,17731,,,
671,A,1171,,ASP,NEAR_SHELL,17731,,,
671,A,1172,,SER,DIRECT,17731,Q9H9B1,1172,MATCH
671,A,1172,,SER,NEAR_SHELL,17731,Q9H9B1,1172,MATCH
671,A,1174,,LEU,DIRECT,17731,,,
671,A,1174,,LEU,NEAR_SHELL,17731,,,
671,A,1175,,PHE,DIRECT,17731,,,
671,A,1175,,PHE,NEAR_SHELL,17731,,,
671,A,1176,,ASP,DIRECT,17731,,,
671,A,1176,,ASP,NEAR_SHELL,17731,,,
671,A,1186,,CYS,DIRECT,17731,,,
671,A,1186,,CYS,NEAR_SHELL,17731,,,
671,A,1240,,PHE,DIRECT,17731,,,
671,A,1240,,PHE,NEAR_SHELL,17731,,,
671,A,1241,,ASP,NEAR_SHELL,17731,,,
671,A,1242,,TYR,DIRECT,17731,Q9H9B1,1242,MATCH
671,A,1242,,TYR,NEAR_SHELL,17731,Q9H9B1,1242,MATCH
671,A,1243,,GLY,NEAR_SHELL,17731,,,
671,A,1245,,ARG,DIRECT,17731,,,
671,A,1245,,ARG,NEAR_SHELL,17731,,,
671,A,1246,,PHE,DIRECT,17731,Q9H9B1,1246,MATCH
671,A,1246,,PHE,NEAR_SHELL,17731,Q9H9B1,1246,MATCH
671,A,1249,,ILE,DIRECT,17731,,,
671,A,1249,,ILE,NEAR_SHELL,17731,,,
671,A,1250,,LYS,DIRECT,17731,Q9H9B1,1250,MATCH
671,A,1250,,LYS,NEAR_SHELL,17731,Q9H9B1,1250,MATCH
672,B,1132,,ARG,NEAR_SHELL,17731,Q9H9B1,1132,MATCH
672,B,1135,,ASP,NEAR_SHELL,17731,Q9H9B1,1135,MATCH
672,B,1136,,MET,DIRECT,17731,Q9H9B1,1136,MATCH
672,B,1136,,MET,NEAR_SHELL,17731,Q9H9B1,1136,MATCH
672,B,1137,,GLY,DIRECT,17731,Q9H9B1,1137,MATCH
672,B,1137,,GLY,NEAR_SHELL,17731,Q9H9B1,1137,MATCH
672,B,1138,,TRP,DIRECT,17731,Q9H9B1,1138,MATCH
672,B,1138,,TRP,NEAR_SHELL,17731,Q9H9B1,1138,MATCH
672,B,1155,,TYR,NEAR_SHELL,17731,Q9H9B1,1155,MATCH
672,B,1172,,SER,DIRECT,17731,Q9H9B1,1172,MATCH
672,B,1172,,SER,NEAR_SHELL,17731,Q9H9B1,1172,MATCH
672,B,1173,,TYR,DIRECT,17731,Q9H9B1,1173,MATCH
672,B,1173,,TYR,NEAR_SHELL,17731,Q9H9B1,1173,MATCH
672,B,1196,,SER,NEAR_SHELL,17731,Q9H9B1,1196,MATCH
672,B,1197,,ARG,DIRECT,17731,Q9H9B1,1197,MATCH
672,B,1197,,ARG,NEAR_SHELL,17731,Q9H9B1,1197,MATCH
672,B,1198,,PHE,DIRECT,17731,Q9H9B1,1198,MATCH
672,B,1198,,PHE,NEAR_SHELL,17731,Q9H9B1,1198,MATCH
672,B,1199,,ILE,DIRECT,17731,Q9H9B1,1199,MATCH
672,B,1199,,ILE,NEAR_SHELL,17731,Q9H9B1,1199,MATCH
672,B,1200,,ASN,DIRECT,17731,Q9H9B1,1200,MATCH
672,B,1200,,ASN,NEAR_SHELL,17731,Q9H9B1,1200,MATCH
672,B,1201,,HIS,DIRECT,17731,Q9H9B1,1201,MATCH
672,B,1201,,HIS,NEAR_SHELL,17731,Q9H9B1,1201,MATCH
672,B,1242,,TYR,DIRECT,17731,Q9H9B1,1242,MATCH
672,B,1242,,TYR,NEAR_SHELL,17731,Q9H9B1,1242,MATCH
672,B,1246,,PHE,DIRECT,17731,Q9H9B1,1246,MATCH
672,B,1246,,PHE,NEAR_SHELL,17731,Q9H9B1,1246,MATCH
672,B,1247,,TRP,NEAR_SHELL,17731,Q9H9B1,1247,MATCH
672,B,1250,,LYS,NEAR_SHELL,17731,Q9H9B1,1250,MATCH
672,B,1254,,PHE,DIRECT,17731,Q9H9B1,1254,MATCH
672,B,1254,,PHE,NEAR_SHELL,17731,Q9H9B1,1254,MATCH
672,B,1255,,SER,DIRECT,17731,Q9H9B1,1255,MATCH
672,B,1255,,SER,NEAR_SHELL,17731,Q9H9B1,1255,MATCH
672,B,1256,,CYS,DIRECT,17731,Q9H9B1,1256,MATCH
672,B,1256,,CYS,NEAR_SHELL,17731,Q9H9B1,1256,MATCH
672,B,1257,,ARG,DIRECT,17731,Q9H9B1,1257,MATCH
672,B,1257,,ARG,NEAR_SHELL,17731,Q9H9B1,1257,MATCH
672,B,1258,,CYS,NEAR_SHELL,17731,Q9H9B1,1258,MATCH
673,B,1155,,TYR,NEAR_SHELL,17731,Q9H9B1,1155,MATCH
673,B,1162,,ASP,DIRECT,17731,,,
673,B,1162,,ASP,NEAR_SHELL,17731,,,
673,B,1165,,ALA,DIRECT,17731,,,
673,B,1165,,ALA,NEAR_SHELL,17731,,,
673,B,1166,,ASP,DIRECT,17731,,,
673,B,1166,,ASP,NEAR_SHELL,17731,,,
673,B,1171,,ASP,DIRECT,17731,,,
673,B,1171,,ASP,NEAR_SHELL,17731,,,
673,B,1172,,SER,DIRECT,17731,Q9H9B1,1172,MATCH
673,B,1172,,SER,NEAR_SHELL,17731,Q9H9B1,1172,MATCH
673,B,1174,,LEU,DIRECT,17731,,,
673,B,1174,,LEU,NEAR_SHELL,17731,,,
673,B,1175,,PHE,DIRECT,17731,,,
673,B,1175,,PHE,NEAR_SHELL,17731,,,
673,B,1176,,ASP,DIRECT,17731,,,
673,B,1176,,ASP,NEAR_SHELL,17731,,,
673,B,1184,,VAL,DIRECT,17731,,,
673,B,1184,,VAL,NEAR_SHELL,17731,,,
673,B,1186,,CYS,DIRECT,17731,,,
673,B,1186,,CYS,NEAR_SHELL,17731,,,
673,B,1240,,PHE,DIRECT,17731,,,
673,B,1240,,PHE,NEAR_SHELL,17731,,,
673,B,1241,,ASP,NEAR_SHELL,17731,,,
673,B,1242,,TYR,DIRECT,17731,Q9H9B1,1242,MATCH
673,B,1242,,TYR,NEAR_SHELL,17731,Q9H9B1,1242,MATCH
673,B,1245,,ARG,DIRECT,17731,,,
673,B,1245,,ARG,NEAR_SHELL,17731,,,
673,B,1246,,PHE,DIRECT,17731,Q9H9B1,1246,MATCH
673,B,1246,,PHE,NEAR_SHELL,17731,Q9H9B1,1246,MATCH
673,B,1249,,ILE,DIRECT,17731,,,
673,B,1249,,ILE,NEAR_SHELL,17731,,,
673,B,1250,,LYS,DIRECT,17731,Q9H9B1,1250,MATCH
673,B,1250,,LYS,NEAR_SHELL,17731,Q9H9B1,1250,MATCH
674,A,1044,,ARG,NEAR_SHELL,15523,Q96KQ7,1044,MATCH
674,A,1047,,LYS,NEAR_SHELL,15523,Q96KQ7,1047,MATCH
674,A,1048,,MET,DIRECT,15523,Q96KQ7,1048,MATCH
674,A,1048,,MET,NEAR_SHELL,15523,Q96KQ7,1048,MATCH
674,A,1049,,GLY,DIRECT,15523,Q96KQ7,1049,MATCH
674,A,1049,,GLY,NEAR_SHELL,15523,Q96KQ7,1049,MATCH
674,A,1050,,TRP,DIRECT,15523,Q96KQ7,1050,MATCH
674,A,1050,,TRP,NEAR_SHELL,15523,Q96KQ7,1050,MATCH
674,A,1067,,TYR,NEAR_SHELL,15523,Q96KQ7,1067,MATCH
674,A,1084,,SER,DIRECT,15523,Q96KQ7,1084,MATCH
674,A,1084,,SER,NEAR_SHELL,15523,Q96KQ7,1084,MATCH
674,A,1085,,TYR,DIRECT,15523,Q96KQ7,1085,MATCH
674,A,1085,,TYR,NEAR_SHELL,15523,Q96KQ7,1085,MATCH
674,A,1108,,SER,NEAR_SHELL,15523,Q96KQ7,1108,MATCH
674,A,1109,,ARG,DIRECT,15523,Q96KQ7,1109,MATCH
674,A,1109,,ARG,NEAR_SHELL,15523,Q96KQ7,1109,MATCH
674,A,1110,,PHE,DIRECT,15523,Q96KQ7,1110,MATCH
674,A,1110,,PHE,NEAR_SHELL,15523,Q96KQ7,1110,MATCH
674,A,1111,,ILE,DIRECT,15523,Q96KQ7,1111,MATCH
674,A,1111,,ILE,NEAR_SHELL,15523,Q96KQ7,1111,MATCH
674,A,1112,,ASN,DIRECT,15523,Q96KQ7,1112,MATCH
674,A,1112,,ASN,NEAR_SHELL,15523,Q96KQ7,1112,MATCH
674,A,1113,,HIS,DIRECT,15523,Q96KQ7,1113,MATCH
674,A,1113,,HIS,NEAR_SHELL,15523,Q96KQ7,1113,MATCH
674,A,1154,,TYR,DIRECT,15523,Q96KQ7,1154,MATCH
674,A,1154,,TYR,NEAR_SHELL,15523,Q96KQ7,1154,MATCH
674,A,1158,,PHE,DIRECT,15523,Q96KQ7,1158,MATCH
674,A,1158,,PHE,NEAR_SHELL,15523,Q96KQ7,1158,MATCH
674,A,1159,,TRP,NEAR_SHELL,15523,Q96KQ7,1159,MATCH
674,A,1162,,LYS,NEAR_SHELL,15523,Q96KQ7,1162,MATCH
674,A,1166,,PHE,DIRECT,15523,Q96KQ7,1166,MATCH
674,A,1166,,PHE,NEAR_SHELL,15523,Q96KQ7,1166,MATCH
674,A,1167,,THR,DIRECT,15523,Q96KQ7,1167,MATCH
674,A,1167,,THR,NEAR_SHELL,15523,Q96KQ7,1167,MATCH
674,A,1168,,CYS,DIRECT,15523,Q96KQ7,1168,MATCH
674,A,1168,,CYS,NEAR_SHELL,15523,Q96KQ7,1168,MATCH
674,A,1169,,GLN,DIRECT,15523,Q96KQ7,1169,MATCH
674,A,1169,,GLN,NEAR_SHELL,15523,Q96KQ7,1169,MATCH
675,A,1067,,TYR,NEAR_SHELL,15523,Q96KQ7,1067,MATCH
675,A,1074,,ASP,DIRECT,15523,,,
675,A,1074,,ASP,NEAR_SHELL,15523,,,
675,A,1077,,ALA,DIRECT,15523,,,
675,A,1077,,ALA,NEAR_SHELL,15523,,,
675,A,1078,,ASP,DIRECT,15523,,,
675,A,1078,,ASP,NEAR_SHELL,15523,,,
675,A,1080,,ARG,NEAR_SHELL,15523,,,
675,A,1083,,ASP,DIRECT,15523,,,
675,A,1083,,ASP,NEAR_SHELL,15523,,,
675,A,1084,,SER,DIRECT,15523,Q96KQ7,1084,MATCH
675,A,1084,,SER,NEAR_SHELL,15523,Q96KQ7,1084,MATCH
675,A,1086,,LEU,DIRECT,15523,,,
675,A,1086,,LEU,NEAR_SHELL,15523,,,
675,A,1087,,PHE,DIRECT,15523,,,
675,A,1087,,PHE,NEAR_SHELL,15523,,,
675,A,1088,,ASP,DIRECT,15523,,,
675,A,1088,,ASP,NEAR_SHELL,15523,,,
675,A,1096,,VAL,NEAR_SHELL,15523,,,
675,A,1098,,CYS,DIRECT,15523,,,
675,A,1098,,CYS,NEAR_SHELL,15523,,,
675,A,1152,,PHE,DIRECT,15523,,,
675,A,1152,,PHE,NEAR_SHELL,15523,,,
675,A,1153,,ASP,NEAR_SHELL,15523,,,
675,A,1154,,TYR,DIRECT,15523,Q96KQ7,1154,MATCH
675,A,1154,,TYR,NEAR_SHELL,15523,Q96KQ7,1154,MATCH
675,A,1157,,ARG,DIRECT,15523,,,
675,A,1157,,ARG,NEAR_SHELL,15523,,,
675,A,1158,,PHE,DIRECT,15523,Q96KQ7,1158,MATCH
675,A,1158,,PHE,NEAR_SHELL,15523,Q96KQ7,1158,MATCH
675,A,1161,,ILE,DIRECT,15523,,,
675,A,1161,,ILE,NEAR_SHELL,15523,,,
675,A,1162,,LYS,DIRECT,15523,Q96KQ7,1162,MATCH
675,A,1162,,LYS,NEAR_SHELL,15523,Q96KQ7,1162,MATCH
676,B,1044,,ARG,NEAR_SHELL,15523,Q96KQ7,1044,MATCH
676,B,1047,,LYS,NEAR_SHELL,15523,Q96KQ7,1047,MATCH
676,B,1048,,MET,DIRECT,15523,Q96KQ7,1048,MATCH
676,B,1048,,MET,NEAR_SHELL,15523,Q96KQ7,1048,MATCH
676,B,1049,,GLY,DIRECT,15523,Q96KQ7,1049,MATCH
676,B,1049,,GLY,NEAR_SHELL,15523,Q96KQ7,1049,MATCH
676,B,1050,,TRP,DIRECT,15523,Q96KQ7,1050,MATCH
676,B,1050,,TRP,NEAR_SHELL,15523,Q96KQ7,1050,MATCH
676,B,1067,,TYR,NEAR_SHELL,15523,Q96KQ7,1067,MATCH
676,B,1084,,SER,DIRECT,15523,Q96KQ7,1084,MATCH
676,B,1084,,SER,NEAR_SHELL,15523,Q96KQ7,1084,MATCH
676,B,1085,,TYR,DIRECT,15523,Q96KQ7,1085,MATCH
676,B,1085,,TYR,NEAR_SHELL,15523,Q96KQ7,1085,MATCH
676,B,1108,,SER,NEAR_SHELL,15523,Q96KQ7,1108,MATCH
676,B,1109,,ARG,DIRECT,15523,Q96KQ7,1109,MATCH
676,B,1109,,ARG,NEAR_SHELL,15523,Q96KQ7,1109,MATCH
676,B,1110,,PHE,DIRECT,15523,Q96KQ7,1110,MATCH
676,B,1110,,PHE,NEAR_SHELL,15523,Q96KQ7,1110,MATCH
676,B,1111,,ILE,DIRECT,15523,Q96KQ7,1111,MATCH
676,B,1111,,ILE,NEAR_SHELL,15523,Q96KQ7,1111,MATCH
676,B,1112,,ASN,DIRECT,15523,Q96KQ7,1112,MATCH
676,B,1112,,ASN,NEAR_SHELL,15523,Q96KQ7,1112,MATCH
676,B,1113,,HIS,DIRECT,15523,Q96KQ7,1113,MATCH
676,B,1113,,HIS,NEAR_SHELL,15523,Q96KQ7,1113,MATCH
676,B,1154,,TYR,DIRECT,15523,Q96KQ7,1154,MATCH
676,B,1154,,TYR,NEAR_SHELL,15523,Q96KQ7,1154,MATCH
676,B,1158,,PHE,DIRECT,15523,Q96KQ7,1158,MATCH
676,B,1158,,PHE,NEAR_SHELL,15523,Q96KQ7,1158,MATCH
676,B,1159,,TRP,NEAR_SHELL,15523,Q96KQ7,1159,MATCH
676,B,1162,,LYS,NEAR_SHELL,15523,Q96KQ7,1162,MATCH
676,B,1166,,PHE,DIRECT,15523,Q96KQ7,1166,MATCH
676,B,1166,,PHE,NEAR_SHELL,15523,Q96KQ7,1166,MATCH
676,B,1167,,THR,DIRECT,15523,Q96KQ7,1167,MATCH
676,B,1167,,THR,NEAR_SHELL,15523,Q96KQ7,1167,MATCH
676,B,1168,,CYS,DIRECT,15523,Q96KQ7,1168,MATCH
676,B,1168,,CYS,NEAR_SHELL,15523,Q96KQ7,1168,MATCH
676,B,1169,,GLN,DIRECT,15523,Q96KQ7,1169,MATCH
676,B,1169,,GLN,NEAR_SHELL,15523,Q96KQ7,1169,MATCH
677,B,1067,,TYR,NEAR_SHELL,15523,Q96KQ7,1067,MATCH
677,B,1074,,ASP,DIRECT,15523,,,
677,B,1074,,ASP,NEAR_SHELL,15523,,,
677,B,1077,,ALA,DIRECT,15523,,,
677,B,1077,,ALA,NEAR_SHELL,15523,,,
677,B,1078,,ASP,DIRECT,15523,,,
677,B,1078,,ASP,NEAR_SHELL,15523,,,
677,B,1083,,ASP,DIRECT,15523,,,
677,B,1083,,ASP,NEAR_SHELL,15523,,,
677,B,1084,,SER,DIRECT,15523,Q96KQ7,1084,MATCH
677,B,1084,,SER,NEAR_SHELL,15523,Q96KQ7,1084,MATCH
677,B,1086,,LEU,DIRECT,15523,,,
677,B,1086,,LEU,NEAR_SHELL,15523,,,
677,B,1087,,PHE,DIRECT,15523,,,
677,B,1087,,PHE,NEAR_SHELL,15523,,,
677,B,1088,,ASP,DIRECT,15523,,,
677,B,1088,,ASP,NEAR_SHELL,15523,,,
677,B,1096,,VAL,DIRECT,15523,,,
677,B,1096,,VAL,NEAR_SHELL,15523,,,
677,B,1098,,CYS,DIRECT,15523,,,
677,B,1098,,CYS,NEAR_SHELL,15523,,,
677,B,1152,,PHE,DIRECT,15523,,,
677,B,1152,,PHE,NEAR_SHELL,15523,,,
677,B,1153,,ASP,NEAR_SHELL,15523,,,
677,B,1154,,TYR,DIRECT,15523,Q96KQ7,1154,MATCH
677,B,1154,,TYR,NEAR_SHELL,15523,Q96KQ7,1154,MATCH
677,B,1157,,ARG,DIRECT,15523,,,
677,B,1157,,ARG,NEAR_SHELL,15523,,,
677,B,1158,,PHE,DIRECT,15523,Q96KQ7,1158,MATCH
677,B,1158,,PHE,NEAR_SHELL,15523,Q96KQ7,1158,MATCH
677,B,1161,,ILE,NEAR_SHELL,15523,,,
677,B,1162,,LYS,DIRECT,15523,Q96KQ7,1162,MATCH
677,B,1162,,LYS,NEAR_SHELL,15523,Q96KQ7,1162,MATCH
678,A,314,,PRO,DIRECT,1718,,,
678,A,314,,PRO,NEAR_SHELL,1718,,,
678,A,315,,LEU,DIRECT,1718,,,
678,A,315,,LEU,NEAR_SHELL,1718,,,
678,A,319,,LEU,NEAR_SHELL,1718,,,
678,A,324,,TYR,DIRECT,1718,,,
678,A,324,,TYR,NEAR_SHELL,1718,,,
678,A,327,,PHE,DIRECT,1718,,,
678,A,327,,PHE,NEAR_SHELL,1718,,,
678,A,334,,TYR,NEAR_SHELL,1718,,,
678,A,365,,GLY,DIRECT,1718,,,
678,A,365,,GLY,NEAR_SHELL,1718,,,
678,A,366,,ALA,NEAR_SHELL,1718,,,
678,A,367,,GLY,DIRECT,1718,,,
678,A,367,,GLY,NEAR_SHELL,1718,,,
678,A,368,,ARG,NEAR_SHELL,1718,,,
678,A,391,,VAL,NEAR_SHELL,1718,,,
678,A,392,,GLU,DIRECT,1718,,,
678,A,392,,GLU,NEAR_SHELL,1718,,,
678,A,393,,LYS,DIRECT,1718,,,
678,A,393,,LYS,NEAR_SHELL,1718,,,
678,A,418,,SER,DIRECT,1718,,,
678,A,418,,SER,NEAR_SHELL,1718,,,
678,A,419,,ASP,DIRECT,1718,,,
678,A,419,,ASP,NEAR_SHELL,1718,,,
678,A,420,,MET,DIRECT,1718,,,
678,A,420,,MET,NEAR_SHELL,1718,,,
678,A,421,,ARG,DIRECT,1718,,,
678,A,421,,ARG,NEAR_SHELL,1718,,,
678,A,435,,GLU,DIRECT,1718,,,
678,A,435,,GLU,NEAR_SHELL,1718,,,
678,A,436,,LEU,DIRECT,1718,,,
678,A,436,,LEU,NEAR_SHELL,1718,,,
678,A,444,,GLU,NEAR_SHELL,1718,,,
678,A,449,,CYS,DIRECT,1718,,,
678,A,449,,CYS,NEAR_SHELL,1718,,,
679,A,297,,TYR,NEAR_SHELL,1718,,,
679,A,300,,PHE,DIRECT,1718,,,
679,A,300,,PHE,NEAR_SHELL,1718,,,
679,A,301,,ALA,DIRECT,1718,,,
679,A,301,,ALA,NEAR_SHELL,1718,,,
679,A,304,,TYR,DIRECT,1718,,,
679,A,304,,TYR,NEAR_SHELL,1718,,,
679,A,309,,GLN,DIRECT,1718,,,
679,A,309,,GLN,NEAR_SHELL,1718,,,
679,A,312,,LEU,DIRECT,1718,,,
679,A,312,,LEU,NEAR_SHELL,1718,,,
679,A,314,,PRO,NEAR_SHELL,1718,,,
679,A,323,,THR,NEAR_SHELL,1718,,,
679,A,326,,VAL,NEAR_SHELL,1718,,,
679,A,327,,PHE,DIRECT,1718,,,
679,A,327,,PHE,NEAR_SHELL,1718,,,
679,A,333,,LYS,DIRECT,1718,,,
679,A,333,,LYS,NEAR_SHELL,1718,,,
679,A,334,,TYR,NEAR_SHELL,1718,,,
679,A,435,,GLU,DIRECT,1718,,,
679,A,435,,GLU,NEAR_SHELL,1718,,,
679,A,436,,LEU,NEAR_SHELL,1718,,,
679,A,437,,LEU,DIRECT,1718,,,
679,A,437,,LEU,NEAR_SHELL,1718,,,
679,A,438,,GLY,NEAR_SHELL,1718,,,
679,A,439,,SER,DIRECT,1718,,,
679,A,439,,SER,NEAR_SHELL,1718,,,
679,A,444,,GLU,DIRECT,1718,,,
679,A,444,,GLU,NEAR_SHELL,1718,,,
679,A,503,,VAL,DIRECT,1718,,,
679,A,503,,VAL,NEAR_SHELL,1718,,,
679,A,577,,PHE,DIRECT,1718,,,
679,A,577,,PHE,NEAR_SHELL,1718,,,
679,A,578,,SER,DIRECT,1718,,,
679,A,578,,SER,NEAR_SHELL,1718,,,
679,A,579,,TRP,DIRECT,1718,,,
679,A,579,,TRP,NEAR_SHELL,1718,,,
679,A,580,,PHE,DIRECT,1718,,,
679,A,580,,PHE,NEAR_SHELL,1718,,,
680,A-2,314,,PRO,DIRECT,1718,,,
680,A-2,314,,PRO,NEAR_SHELL,1718,,,
680,A-2,315,,LEU,DIRECT,1718,,,
680,A-2,315,,LEU,NEAR_SHELL,1718,,,
680,A-2,319,,LEU,NEAR_SHELL,1718,,,
680,A-2,324,,TYR,DIRECT,1718,,,
680,A-2,324,,TYR,NEAR_SHELL,1718,,,
680,A-2,327,,PHE,DIRECT,1718,,,
680,A-2,327,,PHE,NEAR_SHELL,1718,,,
680,A-2,334,,TYR,NEAR_SHELL,1718,,,
680,A-2,365,,GLY,DIRECT,1718,,,
680,A-2,365,,GLY,NEAR_SHELL,1718,,,
680,A-2,366,,ALA,NEAR_SHELL,1718,,,
680,A-2,367,,GLY,DIRECT,1718,,,
680,A-2,367,,GLY,NEAR_SHELL,1718,,,
680,A-2,368,,ARG,NEAR_SHELL,1718,,,
680,A-2,391,,VAL,NEAR_SHELL,1718,,,
680,A-2,392,,GLU,DIRECT,1718,,,
680,A-2,392,,GLU,NEAR_SHELL,1718,,,
680,A-2,393,,LYS,DIRECT,1718,,,
680,A-2,393,,LYS,NEAR_SHELL,1718,,,
680,A-2,418,,SER,DIRECT,1718,,,
680,A-2,418,,SER,NEAR_SHELL,1718,,,
680,A-2,419,,ASP,DIRECT,1718,,,
680,A-2,419,,ASP,NEAR_SHELL,1718,,,
680,A-2,420,,MET,DIRECT,1718,,,
680,A-2,420,,MET,NEAR_SHELL,1718,,,
680,A-2,421,,ARG,DIRECT,1718,,,
680,A-2,421,,ARG,NEAR_SHELL,1718,,,
680,A-2,435,,GLU,DIRECT,1718,,,
680,A-2,435,,GLU,NEAR_SHELL,1718,,,
680,A-2,436,,LEU,DIRECT,1718,,,
680,A-2,436,,LEU,NEAR_SHELL,1718,,,
680,A-2,444,,GLU,NEAR_SHELL,1718,,,
680,A-2,449,,CYS,DIRECT,1718,,,
680,A-2,449,,CYS,NEAR_SHELL,1718,,,
681,A-2,297,,TYR,NEAR_SHELL,1718,,,
681,A-2,300,,PHE,DIRECT,1718,,,
681,A-2,300,,PHE,NEAR_SHELL,1718,,,
681,A-2,301,,ALA,DIRECT,1718,,,
681,A-2,301,,ALA,NEAR_SHELL,1718,,,
681,A-2,304,,TYR,DIRECT,1718,,,
681,A-2,304,,TYR,NEAR_SHELL,1718,,,
681,A-2,309,,GLN,DIRECT,1718,,,
681,A-2,309,,GLN,NEAR_SHELL,1718,,,
681,A-2,312,,LEU,DIRECT,1718,,,
681,A-2,312,,LEU,NEAR_SHELL,1718,,,
681,A-2,314,,PRO,NEAR_SHELL,1718,,,
681,A-2,323,,THR,NEAR_SHELL,1718,,,
681,A-2,326,,VAL,NEAR_SHELL,1718,,,
681,A-2,327,,PHE,DIRECT,1718,,,
681,A-2,327,,PHE,NEAR_SHELL,1718,,,
681,A-2,333,,LYS,DIRECT,1718,,,
681,A-2,333,,LYS,NEAR_SHELL,1718,,,
681,A-2,334,,TYR,NEAR_SHELL,1718,,,
681,A-2,435,,GLU,DIRECT,1718,,,
681,A-2,435,,GLU,NEAR_SHELL,1718,,,
681,A-2,436,,LEU,NEAR_SHELL,1718,,,
681,A-2,437,,LEU,DIRECT,1718,,,
681,A-2,437,,LEU,NEAR_SHELL,1718,,,
681,A-2,438,,GLY,NEAR_SHELL,1718,,,
681,A-2,439,,SER,DIRECT,1718,,,
681,A-2,439,,SER,NEAR_SHELL,1718,,,
681,A-2,444,,GLU,DIRECT,1718,,,
681,A-2,444,,GLU,NEAR_SHELL,1718,,,
681,A-2,503,,VAL,DIRECT,1718,,,
681,A-2,503,,VAL,NEAR_SHELL,1718,,,
681,A-2,577,,PHE,DIRECT,1718,,,
681,A-2,577,,PHE,NEAR_SHELL,1718,,,
681,A-2,578,,SER,DIRECT,1718,,,
681,A-2,578,,SER,NEAR_SHELL,1718,,,
681,A-2,579,,TRP,DIRECT,1718,,,
681,A-2,579,,TRP,NEAR_SHELL,1718,,,
681,A-2,580,,PHE,DIRECT,1718,,,
681,A-2,580,,PHE,NEAR_SHELL,1718,,,
682,A-3,314,,PRO,DIRECT,1718,,,
682,A-3,314,,PRO,NEAR_SHELL,1718,,,
682,A-3,315,,LEU,DIRECT,1718,,,
682,A-3,315,,LEU,NEAR_SHELL,1718,,,
682,A-3,319,,LEU,NEAR_SHELL,1718,,,
682,A-3,324,,TYR,DIRECT,1718,,,
682,A-3,324,,TYR,NEAR_SHELL,1718,,,
682,A-3,327,,PHE,DIRECT,1718,,,
682,A-3,327,,PHE,NEAR_SHELL,1718,,,
682,A-3,334,,TYR,NEAR_SHELL,1718,,,
682,A-3,365,,GLY,DIRECT,1718,,,
682,A-3,365,,GLY,NEAR_SHELL,1718,,,
682,A-3,366,,ALA,NEAR_SHELL,1718,,,
682,A-3,367,,GLY,DIRECT,1718,,,
682,A-3,367,,GLY,NEAR_SHELL,1718,,,
682,A-3,368,,ARG,NEAR_SHELL,1718,,,
682,A-3,391,,VAL,NEAR_SHELL,1718,,,
682,A-3,392,,GLU,DIRECT,1718,,,
682,A-3,392,,GLU,NEAR_SHELL,1718,,,
682,A-3,393,,LYS,DIRECT,1718,,,
682,A-3,393,,LYS,NEAR_SHELL,1718,,,
682,A-3,418,,SER,DIRECT,1718,,,
682,A-3,418,,SER,NEAR_SHELL,1718,,,
682,A-3,419,,ASP,DIRECT,1718,,,
682,A-3,419,,ASP,NEAR_SHELL,1718,,,
682,A-3,420,,MET,DIRECT,1718,,,
682,A-3,420,,MET,NEAR_SHELL,1718,,,
682,A-3,421,,ARG,DIRECT,1718,,,
682,A-3,421,,ARG,NEAR_SHELL,1718,,,
682,A-3,435,,GLU,DIRECT,1718,,,
682,A-3,435,,GLU,NEAR_SHELL,1718,,,
682,A-3,436,,LEU,DIRECT,1718,,,
682,A-3,436,,LEU,NEAR_SHELL,1718,,,
682,A-3,444,,GLU,NEAR_SHELL,1718,,,
682,A-3,449,,CYS,DIRECT,1718,,,
682,A-3,449,,CYS,NEAR_SHELL,1718,,,
683,A-3,297,,TYR,NEAR_SHELL,1718,,,
683,A-3,300,,PHE,DIRECT,1718,,,
683,A-3,300,,PHE,NEAR_SHELL,1718,,,
683,A-3,301,,ALA,DIRECT,1718,,,
683,A-3,301,,ALA,NEAR_SHELL,1718,,,
683,A-3,304,,TYR,DIRECT,1718,,,
683,A-3,304,,TYR,NEAR_SHELL,1718,,,
683,A-3,309,,GLN,DIRECT,1718,,,
683,A-3,309,,GLN,NEAR_SHELL,1718,,,
683,A-3,312,,LEU,DIRECT,1718,,,
683,A-3,312,,LEU,NEAR_SHELL,1718,,,
683,A-3,314,,PRO,NEAR_SHELL,1718,,,
683,A-3,323,,THR,NEAR_SHELL,1718,,,
683,A-3,326,,VAL,NEAR_SHELL,1718,,,
683,A-3,327,,PHE,DIRECT,1718,,,
683,A-3,327,,PHE,NEAR_SHELL,1718,,,
683,A-3,333,,LYS,DIRECT,1718,,,
683,A-3,333,,LYS,NEAR_SHELL,1718,,,
683,A-3,334,,TYR,NEAR_SHELL,1718,,,
683,A-3,435,,GLU,DIRECT,1718,,,
683,A-3,435,,GLU,NEAR_SHELL,1718,,,
683,A-3,436,,LEU,NEAR_SHELL,1718,,,
683,A-3,437,,LEU,DIRECT,1718,,,
683,A-3,437,,LEU,NEAR_SHELL,1718,,,
683,A-3,438,,GLY,NEAR_SHELL,1718,,,
683,A-3,439,,SER,DIRECT,1718,,,
683,A-3,439,,SER,NEAR_SHELL,1718,,,
683,A-3,444,,GLU,DIRECT,1718,,,
683,A-3,444,,GLU,NEAR_SHELL,1718,,,
683,A-3,503,,VAL,DIRECT,1718,,,
683,A-3,503,,VAL,NEAR_SHELL,1718,,,
683,A-3,577,,PHE,DIRECT,1718,,,
683,A-3,577,,PHE,NEAR_SHELL,1718,,,
683,A-3,578,,SER,DIRECT,1718,,,
683,A-3,578,,SER,NEAR_SHELL,1718,,,
683,A-3,579,,TRP,DIRECT,1718,,,
683,A-3,579,,TRP,NEAR_SHELL,1718,,,
683,A-3,580,,PHE,DIRECT,1718,,,
683,A-3,580,,PHE,NEAR_SHELL,1718,,,
684,A-4,314,,PRO,DIRECT,1718,,,
684,A-4,314,,PRO,NEAR_SHELL,1718,,,
684,A-4,315,,LEU,DIRECT,1718,,,
684,A-4,315,,LEU,NEAR_SHELL,1718,,,
684,A-4,319,,LEU,NEAR_SHELL,1718,,,
684,A-4,324,,TYR,DIRECT,1718,,,
684,A-4,324,,TYR,NEAR_SHELL,1718,,,
684,A-4,327,,PHE,DIRECT,1718,,,
684,A-4,327,,PHE,NEAR_SHELL,1718,,,
684,A-4,334,,TYR,NEAR_SHELL,1718,,,
684,A-4,365,,GLY,DIRECT,1718,,,
684,A-4,365,,GLY,NEAR_SHELL,1718,,,
684,A-4,366,,ALA,NEAR_SHELL,1718,,,
684,A-4,367,,GLY,DIRECT,1718,,,
684,A-4,367,,GLY,NEAR_SHELL,1718,,,
684,A-4,368,,ARG,NEAR_SHELL,1718,,,
684,A-4,391,,VAL,NEAR_SHELL,1718,,,
684,A-4,392,,GLU,DIRECT,1718,,,
684,A-4,392,,GLU,NEAR_SHELL,1718,,,
684,A-4,393,,LYS,DIRECT,1718,,,
684,A-4,393,,LYS,NEAR_SHELL,1718,,,
684,A-4,418,,SER,DIRECT,1718,,,
684,A-4,418,,SER,NEAR_SHELL,1718,,,
684,A-4,419,,ASP,DIRECT,1718,,,
684,A-4,419,,ASP,NEAR_SHELL,1718,,,
684,A-4,420,,MET,DIRECT,1718,,,
684,A-4,420,,MET,NEAR_SHELL,1718,,,
684,A-4,421,,ARG,DIRECT,1718,,,
684,A-4,421,,ARG,NEAR_SHELL,1718,,,
684,A-4,435,,GLU,DIRECT,1718,,,
684,A-4,435,,GLU,NEAR_SHELL,1718,,,
684,A-4,436,,LEU,DIRECT,1718,,,
684,A-4,436,,LEU,NEAR_SHELL,1718,,,
684,A-4,444,,GLU,NEAR_SHELL,1718,,,
684,A-4,449,,CYS,DIRECT,1718,,,
684,A-4,449,,CYS,NEAR_SHELL,1718,,,
685,A-4,297,,TYR,NEAR_SHELL,1718,,,
685,A-4,300,,PHE,DIRECT,1718,,,
685,A-4,300,,PHE,NEAR_SHELL,1718,,,
685,A-4,301,,ALA,DIRECT,1718,,,
685,A-4,301,,ALA,NEAR_SHELL,1718,,,
685,A-4,304,,TYR,DIRECT,1718,,,
685,A-4,304,,TYR,NEAR_SHELL,1718,,,
685,A-4,309,,GLN,DIRECT,1718,,,
685,A-4,309,,GLN,NEAR_SHELL,1718,,,
685,A-4,312,,LEU,DIRECT,1718,,,
685,A-4,312,,LEU,NEAR_SHELL,1718,,,
685,A-4,314,,PRO,NEAR_SHELL,1718,,,
685,A-4,323,,THR,NEAR_SHELL,1718,,,
685,A-4,326,,VAL,NEAR_SHELL,1718,,,
685,A-4,327,,PHE,DIRECT,1718,,,
685,A-4,327,,PHE,NEAR_SHELL,1718,,,
685,A-4,333,,LYS,DIRECT,1718,,,
685,A-4,333,,LYS,NEAR_SHELL,1718,,,
685,A-4,334,,TYR,NEAR_SHELL,1718,,,
685,A-4,435,,GLU,DIRECT,1718,,,
685,A-4,435,,GLU,NEAR_SHELL,1718,,,
685,A-4,436,,LEU,NEAR_SHELL,1718,,,
685,A-4,437,,LEU,DIRECT,1718,,,
685,A-4,437,,LEU,NEAR_SHELL,1718,,,
685,A-4,438,,GLY,NEAR_SHELL,1718,,,
685,A-4,439,,SER,DIRECT,1718,,,
685,A-4,439,,SER,NEAR_SHELL,1718,,,
685,A-4,444,,GLU,DIRECT,1718,,,
685,A-4,444,,GLU,NEAR_SHELL,1718,,,
685,A-4,503,,VAL,DIRECT,1718,,,
685,A-4,503,,VAL,NEAR_SHELL,1718,,,
685,A-4,577,,PHE,DIRECT,1718,,,
685,A-4,577,,PHE,NEAR_SHELL,1718,,,
685,A-4,578,,SER,DIRECT,1718,,,
685,A-4,578,,SER,NEAR_SHELL,1718,,,
685,A-4,579,,TRP,DIRECT,1718,,,
685,A-4,579,,TRP,NEAR_SHELL,1718,,,
685,A-4,580,,PHE,DIRECT,1718,,,
685,A-4,580,,PHE,NEAR_SHELL,1718,,,
686,A,297,,TYR,NEAR_SHELL,1718,,,
686,A,300,,PHE,DIRECT,1718,,,
686,A,300,,PHE,NEAR_SHELL,1718,,,
686,A,301,,ALA,DIRECT,1718,,,
686,A,301,,ALA,NEAR_SHELL,1718,,,
686,A,304,,TYR,DIRECT,1718,,,
686,A,304,,TYR,NEAR_SHELL,1718,,,
686,A,309,,GLN,DIRECT,1718,,,
686,A,309,,GLN,NEAR_SHELL,1718,,,
686,A,312,,LEU,DIRECT,1718,,,
686,A,312,,LEU,NEAR_SHELL,1718,,,
686,A,314,,PRO,NEAR_SHELL,1718,,,
686,A,326,,VAL,NEAR_SHELL,1718,,,
686,A,327,,PHE,DIRECT,1718,,,
686,A,327,,PHE,NEAR_SHELL,1718,,,
686,A,333,,LYS,DIRECT,1718,,,
686,A,333,,LYS,NEAR_SHELL,1718,,,
686,A,334,,TYR,NEAR_SHELL,1718,,,
686,A,435,,GLU,DIRECT,1718,,,
686,A,435,,GLU,NEAR_SHELL,1718,,,
686,A,436,,LEU,NEAR_SHELL,1718,,,
686,A,437,,LEU,DIRECT,1718,,,
686,A,437,,LEU,NEAR_SHELL,1718,,,
686,A,438,,GLY,NEAR_SHELL,1718,,,
686,A,439,,SER,DIRECT,1718,,,
686,A,439,,SER,NEAR_SHELL,1718,,,
686,A,444,,GLU,DIRECT,1718,,,
686,A,444,,GLU,NEAR_SHELL,1718,,,
686,A,503,,VAL,DIRECT,1718,,,
686,A,503,,VAL,NEAR_SHELL,1718,,,
686,A,577,,PHE,DIRECT,1718,,,
686,A,577,,PHE,NEAR_SHELL,1718,,,
686,A,578,,SER,DIRECT,1718,,,
686,A,578,,SER,NEAR_SHELL,1718,,,
686,A,579,,TRP,DIRECT,1718,,,
686,A,579,,TRP,NEAR_SHELL,1718,,,
686,A,580,,PHE,DIRECT,1718,,,
686,A,580,,PHE,NEAR_SHELL,1718,,,
687,A,314,,PRO,DIRECT,1718,,,
687,A,314,,PRO,NEAR_SHELL,1718,,,
687,A,315,,LEU,DIRECT,1718,,,
687,A,315,,LEU,NEAR_SHELL,1718,,,
687,A,319,,LEU,NEAR_SHELL,1718,,,
687,A,324,,TYR,DIRECT,1718,,,
687,A,324,,TYR,NEAR_SHELL,1718,,,
687,A,327,,PHE,DIRECT,1718,,,
687,A,327,,PHE,NEAR_SHELL,1718,,,
687,A,334,,TYR,NEAR_SHELL,1718,,,
687,A,365,,GLY,DIRECT,1718,,,
687,A,365,,GLY,NEAR_SHELL,1718,,,
687,A,366,,ALA,NEAR_SHELL,1718,,,
687,A,367,,GLY,DIRECT,1718,,,
687,A,367,,GLY,NEAR_SHELL,1718,,,
687,A,368,,ARG,NEAR_SHELL,1718,,,
687,A,391,,VAL,NEAR_SHELL,1718,,,
687,A,392,,GLU,DIRECT,1718,,,
687,A,392,,GLU,NEAR_SHELL,1718,,,
687,A,393,,LYS,DIRECT,1718,,,
687,A,393,,LYS,NEAR_SHELL,1718,,,
687,A,418,,SER,DIRECT,1718,,,
687,A,418,,SER,NEAR_SHELL,1718,,,
687,A,419,,ASP,DIRECT,1718,,,
687,A,419,,ASP,NEAR_SHELL,1718,,,
687,A,420,,MET,DIRECT,1718,,,
687,A,420,,MET,NEAR_SHELL,1718,,,
687,A,421,,ARG,NEAR_SHELL,1718,,,
687,A,435,,GLU,DIRECT,1718,,,
687,A,435,,GLU,NEAR_SHELL,1718,,,
687,A,436,,LEU,DIRECT,1718,,,
687,A,436,,LEU,NEAR_SHELL,1718,,,
687,A,444,,GLU,NEAR_SHELL,1718,,,
687,A,449,,CYS,DIRECT,1718,,,
687,A,449,,CYS,NEAR_SHELL,1718,,,
688,B,35,,ARG,DIRECT,1718,,,
688,B,35,,ARG,DIRECT,16326,,,
688,B,35,,ARG,NEAR_SHELL,1718,,,
688,B,35,,ARG,NEAR_SHELL,16326,,,
688,B,36,,TYR,DIRECT,1718,,,
688,B,36,,TYR,DIRECT,16326,,,
688,B,36,,TYR,NEAR_SHELL,1718,,,
688,B,36,,TYR,NEAR_SHELL,16326,,,
688,B,37,,ARG,NEAR_SHELL,1718,,,
688,B,37,,ARG,NEAR_SHELL,16326,,,
688,B,85,,ASP,NEAR_SHELL,1718,,,
688,B,85,,ASP,NEAR_SHELL,16326,,,
688,B,261,,LEU,NEAR_SHELL,1718,,,
688,B,261,,LEU,NEAR_SHELL,16326,,,
688,B,262,,VAL,DIRECT,1718,,,
688,B,262,,VAL,DIRECT,16326,,,
688,B,262,,VAL,NEAR_SHELL,1718,,,
688,B,262,,VAL,NEAR_SHELL,16326,,,
688,B,265,,PRO,DIRECT,1718,,,
688,B,265,,PRO,DIRECT,16326,,,
688,B,265,,PRO,NEAR_SHELL,1718,,,
688,B,265,,PRO,NEAR_SHELL,16326,,,
688,B,302,,ASP,DIRECT,1718,,,
688,B,302,,ASP,DIRECT,16326,,,
688,B,302,,ASP,NEAR_SHELL,1718,,,
688,B,302,,ASP,NEAR_SHELL,16326,,,
688,B,303,,ALA,DIRECT,1718,,,
688,B,303,,ALA,DIRECT,16326,,,
688,B,303,,ALA,NEAR_SHELL,1718,,,
688,B,303,,ALA,NEAR_SHELL,16326,,,
688,B,304,,THR,DIRECT,1718,,,
688,B,304,,THR,DIRECT,16326,,,
688,B,304,,THR,NEAR_SHELL,1718,,,
688,B,304,,THR,NEAR_SHELL,16326,,,
688,B,305,,TRP,DIRECT,1718,,,
688,B,305,,TRP,DIRECT,16326,,,
688,B,305,,TRP,NEAR_SHELL,1718,,,
688,B,305,,TRP,NEAR_SHELL,16326,,,
688,B,307,,PRO,NEAR_SHELL,1718,,,
688,B,307,,PRO,NEAR_SHELL,16326,,,
689,A-2,297,,TYR,NEAR_SHELL,1718,,,
689,A-2,300,,PHE,DIRECT,1718,,,
689,A-2,300,,PHE,NEAR_SHELL,1718,,,
689,A-2,301,,ALA,DIRECT,1718,,,
689,A-2,301,,ALA,NEAR_SHELL,1718,,,
689,A-2,304,,TYR,DIRECT,1718,,,
689,A-2,304,,TYR,NEAR_SHELL,1718,,,
689,A-2,309,,GLN,DIRECT,1718,,,
689,A-2,309,,GLN,NEAR_SHELL,1718,,,
689,A-2,312,,LEU,DIRECT,1718,,,
689,A-2,312,,LEU,NEAR_SHELL,1718,,,
689,A-2,314,,PRO,NEAR_SHELL,1718,,,
689,A-2,326,,VAL,NEAR_SHELL,1718,,,
689,A-2,327,,PHE,DIRECT,1718,,,
689,A-2,327,,PHE,NEAR_SHELL,1718,,,
689,A-2,333,,LYS,DIRECT,1718,,,
689,A-2,333,,LYS,NEAR_SHELL,1718,,,
689,A-2,334,,TYR,NEAR_SHELL,1718,,,
689,A-2,435,,GLU,DIRECT,1718,,,
689,A-2,435,,GLU,NEAR_SHELL,1718,,,
689,A-2,436,,LEU,NEAR_SHELL,1718,,,
689,A-2,437,,LEU,DIRECT,1718,,,
689,A-2,437,,LEU,NEAR_SHELL,1718,,,
689,A-2,438,,GLY,NEAR_SHELL,1718,,,
689,A-2,439,,SER,DIRECT,1718,,,
689,A-2,439,,SER,NEAR_SHELL,1718,,,
689,A-2,444,,GLU,DIRECT,1718,,,
689,A-2,444,,GLU,NEAR_SHELL,1718,,,
689,A-2,503,,VAL,DIRECT,1718,,,
689,A-2,503,,VAL,NEAR_SHELL,1718,,,
689,A-2,577,,PHE,DIRECT,1718,,,
689,A-2,577,,PHE,NEAR_SHELL,1718,,,
689,A-2,578,,SER,DIRECT,1718,,,
689,A-2,578,,SER,NEAR_SHELL,1718,,,
689,A-2,579,,TRP,DIRECT,1718,,,
689,A-2,579,,TRP,NEAR_SHELL,1718,,,
689,A-2,580,,PHE,DIRECT,1718,,,
689,A-2,580,,PHE,NEAR_SHELL,1718,,,
690,A-2,314,,PRO,DIRECT,1718,,,
690,A-2,314,,PRO,NEAR_SHELL,1718,,,
690,A-2,315,,LEU,DIRECT,1718,,,
690,A-2,315,,LEU,NEAR_SHELL,1718,,,
690,A-2,319,,LEU,NEAR_SHELL,1718,,,
690,A-2,324,,TYR,DIRECT,1718,,,
690,A-2,324,,TYR,NEAR_SHELL,1718,,,
690,A-2,327,,PHE,DIRECT,1718,,,
690,A-2,327,,PHE,NEAR_SHELL,1718,,,
690,A-2,334,,TYR,NEAR_SHELL,1718,,,
690,A-2,365,,GLY,DIRECT,1718,,,
690,A-2,365,,GLY,NEAR_SHELL,1718,,,
690,A-2,366,,ALA,NEAR_SHELL,1718,,,
690,A-2,367,,GLY,DIRECT,1718,,,
690,A-2,367,,GLY,NEAR_SHELL,1718,,,
690,A-2,368,,ARG,NEAR_SHELL,1718,,,
690,A-2,391,,VAL,NEAR_SHELL,1718,,,
690,A-2,392,,GLU,DIRECT,1718,,,
690,A-2,392,,GLU,NEAR_SHELL,1718,,,
690,A-2,393,,LYS,DIRECT,1718,,,
690,A-2,393,,LYS,NEAR_SHELL,1718,,,
690,A-2,418,,SER,DIRECT,1718,,,
690,A-2,418,,SER,NEAR_SHELL,1718,,,
690,A-2,419,,ASP,DIRECT,1718,,,
690,A-2,419,,ASP,NEAR_SHELL,1718,,,
690,A-2,420,,MET,DIRECT,1718,,,
690,A-2,420,,MET,NEAR_SHELL,1718,,,
690,A-2,421,,ARG,NEAR_SHELL,1718,,,
690,A-2,435,,GLU,DIRECT,1718,,,
690,A-2,435,,GLU,NEAR_SHELL,1718,,,
690,A-2,436,,LEU,DIRECT,1718,,,
690,A-2,436,,LEU,NEAR_SHELL,1718,,,
690,A-2,444,,GLU,NEAR_SHELL,1718,,,
690,A-2,449,,CYS,DIRECT,1718,,,
690,A-2,449,,CYS,NEAR_SHELL,1718,,,
691,B-2,35,,ARG,DIRECT,1718,,,
691,B-2,35,,ARG,DIRECT,16326,,,
691,B-2,35,,ARG,NEAR_SHELL,1718,,,
691,B-2,35,,ARG,NEAR_SHELL,16326,,,
691,B-2,36,,TYR,DIRECT,1718,,,
691,B-2,36,,TYR,DIRECT,16326,,,
691,B-2,36,,TYR,NEAR_SHELL,1718,,,
691,B-2,36,,TYR,NEAR_SHELL,16326,,,
691,B-2,37,,ARG,NEAR_SHELL,1718,,,
691,B-2,37,,ARG,NEAR_SHELL,16326,,,
691,B-2,85,,ASP,NEAR_SHELL,1718,,,
691,B-2,85,,ASP,NEAR_SHELL,16326,,,
691,B-2,261,,LEU,NEAR_SHELL,1718,,,
691,B-2,261,,LEU,NEAR_SHELL,16326,,,
691,B-2,262,,VAL,DIRECT,1718,,,
691,B-2,262,,VAL,DIRECT,16326,,,
691,B-2,262,,VAL,NEAR_SHELL,1718,,,
691,B-2,262,,VAL,NEAR_SHELL,16326,,,
691,B-2,265,,PRO,DIRECT,1718,,,
691,B-2,265,,PRO,DIRECT,16326,,,
691,B-2,265,,PRO,NEAR_SHELL,1718,,,
691,B-2,265,,PRO,NEAR_SHELL,16326,,,
691,B-2,302,,ASP,DIRECT,1718,,,
691,B-2,302,,ASP,DIRECT,16326,,,
691,B-2,302,,ASP,NEAR_SHELL,1718,,,
691,B-2,302,,ASP,NEAR_SHELL,16326,,,
691,B-2,303,,ALA,DIRECT,1718,,,
691,B-2,303,,ALA,DIRECT,16326,,,
691,B-2,303,,ALA,NEAR_SHELL,1718,,,
691,B-2,303,,ALA,NEAR_SHELL,16326,,,
691,B-2,304,,THR,DIRECT,1718,,,
691,B-2,304,,THR,DIRECT,16326,,,
691,B-2,304,,THR,NEAR_SHELL,1718,,,
691,B-2,304,,THR,NEAR_SHELL,16326,,,
691,B-2,305,,TRP,DIRECT,1718,,,
691,B-2,305,,TRP,DIRECT,16326,,,
691,B-2,305,,TRP,NEAR_SHELL,1718,,,
691,B-2,305,,TRP,NEAR_SHELL,16326,,,
691,B-2,307,,PRO,NEAR_SHELL,1718,,,
691,B-2,307,,PRO,NEAR_SHELL,16326,,,
692,A-3,297,,TYR,NEAR_SHELL,1718,,,
692,A-3,300,,PHE,DIRECT,1718,,,
692,A-3,300,,PHE,NEAR_SHELL,1718,,,
692,A-3,301,,ALA,DIRECT,1718,,,
692,A-3,301,,ALA,NEAR_SHELL,1718,,,
692,A-3,304,,TYR,DIRECT,1718,,,
692,A-3,304,,TYR,NEAR_SHELL,1718,,,
692,A-3,309,,GLN,DIRECT,1718,,,
692,A-3,309,,GLN,NEAR_SHELL,1718,,,
692,A-3,312,,LEU,DIRECT,1718,,,
692,A-3,312,,LEU,NEAR_SHELL,1718,,,
692,A-3,314,,PRO,NEAR_SHELL,1718,,,
692,A-3,326,,VAL,NEAR_SHELL,1718,,,
692,A-3,327,,PHE,DIRECT,1718,,,
692,A-3,327,,PHE,NEAR_SHELL,1718,,,
692,A-3,333,,LYS,DIRECT,1718,,,
692,A-3,333,,LYS,NEAR_SHELL,1718,,,
692,A-3,334,,TYR,NEAR_SHELL,1718,,,
692,A-3,435,,GLU,DIRECT,1718,,,
692,A-3,435,,GLU,NEAR_SHELL,1718,,,
692,A-3,436,,LEU,NEAR_SHELL,1718,,,
692,A-3,437,,LEU,DIRECT,1718,,,
692,A-3,437,,LEU,NEAR_SHELL,1718,,,
692,A-3,438,,GLY,NEAR_SHELL,1718,,,
692,A-3,439,,SER,DIRECT,1718,,,
692,A-3,439,,SER,NEAR_SHELL,1718,,,
692,A-3,444,,GLU,DIRECT,1718,,,
692,A-3,444,,GLU,NEAR_SHELL,1718,,,
692,A-3,503,,VAL,DIRECT,1718,,,
692,A-3,503,,VAL,NEAR_SHELL,1718,,,
692,A-3,577,,PHE,DIRECT,1718,,,
692,A-3,577,,PHE,NEAR_SHELL,1718,,,
692,A-3,578,,SER,DIRECT,1718,,,
692,A-3,578,,SER,NEAR_SHELL,1718,,,
692,A-3,579,,TRP,DIRECT,1718,,,
692,A-3,579,,TRP,NEAR_SHELL,1718,,,
692,A-3,580,,PHE,DIRECT,1718,,,
692,A-3,580,,PHE,NEAR_SHELL,1718,,,
693,A-3,314,,PRO,DIRECT,1718,,,
693,A-3,314,,PRO,NEAR_SHELL,1718,,,
693,A-3,315,,LEU,DIRECT,1718,,,
693,A-3,315,,LEU,NEAR_SHELL,1718,,,
693,A-3,319,,LEU,NEAR_SHELL,1718,,,
693,A-3,324,,TYR,DIRECT,1718,,,
693,A-3,324,,TYR,NEAR_SHELL,1718,,,
693,A-3,327,,PHE,DIRECT,1718,,,
693,A-3,327,,PHE,NEAR_SHELL,1718,,,
693,A-3,334,,TYR,NEAR_SHELL,1718,,,
693,A-3,365,,GLY,DIRECT,1718,,,
693,A-3,365,,GLY,NEAR_SHELL,1718,,,
693,A-3,366,,ALA,NEAR_SHELL,1718,,,
693,A-3,367,,GLY,DIRECT,1718,,,
693,A-3,367,,GLY,NEAR_SHELL,1718,,,
693,A-3,368,,ARG,NEAR_SHELL,1718,,,
693,A-3,391,,VAL,NEAR_SHELL,1718,,,
693,A-3,392,,GLU,DIRECT,1718,,,
693,A-3,392,,GLU,NEAR_SHELL,1718,,,
693,A-3,393,,LYS,DIRECT,1718,,,
693,A-3,393,,LYS,NEAR_SHELL,1718,,,
693,A-3,418,,SER,DIRECT,1718,,,
693,A-3,418,,SER,NEAR_SHELL,1718,,,
693,A-3,419,,ASP,DIRECT,1718,,,
693,A-3,419,,ASP,NEAR_SHELL,1718,,,
693,A-3,420,,MET,DIRECT,1718,,,
693,A-3,420,,MET,NEAR_SHELL,1718,,,
693,A-3,421,,ARG,NEAR_SHELL,1718,,,
693,A-3,435,,GLU,DIRECT,1718,,,
693,A-3,435,,GLU,NEAR_SHELL,1718,,,
693,A-3,436,,LEU,DIRECT,1718,,,
693,A-3,436,,LEU,NEAR_SHELL,1718,,,
693,A-3,444,,GLU,NEAR_SHELL,1718,,,
693,A-3,449,,CYS,DIRECT,1718,,,
693,A-3,449,,CYS,NEAR_SHELL,1718,,,
694,B-3,35,,ARG,DIRECT,1718,,,
694,B-3,35,,ARG,DIRECT,16326,,,
694,B-3,35,,ARG,NEAR_SHELL,1718,,,
694,B-3,35,,ARG,NEAR_SHELL,16326,,,
694,B-3,36,,TYR,DIRECT,1718,,,
694,B-3,36,,TYR,DIRECT,16326,,,
694,B-3,36,,TYR,NEAR_SHELL,1718,,,
694,B-3,36,,TYR,NEAR_SHELL,16326,,,
694,B-3,37,,ARG,NEAR_SHELL,1718,,,
694,B-3,37,,ARG,NEAR_SHELL,16326,,,
694,B-3,85,,ASP,NEAR_SHELL,1718,,,
694,B-3,85,,ASP,NEAR_SHELL,16326,,,
694,B-3,261,,LEU,NEAR_SHELL,1718,,,
694,B-3,261,,LEU,NEAR_SHELL,16326,,,
694,B-3,262,,VAL,DIRECT,1718,,,
694,B-3,262,,VAL,DIRECT,16326,,,
694,B-3,262,,VAL,NEAR_SHELL,1718,,,
694,B-3,262,,VAL,NEAR_SHELL,16326,,,
694,B-3,265,,PRO,DIRECT,1718,,,
694,B-3,265,,PRO,DIRECT,16326,,,
694,B-3,265,,PRO,NEAR_SHELL,1718,,,
694,B-3,265,,PRO,NEAR_SHELL,16326,,,
694,B-3,302,,ASP,DIRECT,1718,,,
694,B-3,302,,ASP,DIRECT,16326,,,
694,B-3,302,,ASP,NEAR_SHELL,1718,,,
694,B-3,302,,ASP,NEAR_SHELL,16326,,,
694,B-3,303,,ALA,DIRECT,1718,,,
694,B-3,303,,ALA,DIRECT,16326,,,
694,B-3,303,,ALA,NEAR_SHELL,1718,,,
694,B-3,303,,ALA,NEAR_SHELL,16326,,,
694,B-3,304,,THR,DIRECT,1718,,,
694,B-3,304,,THR,DIRECT,16326,,,
694,B-3,304,,THR,NEAR_SHELL,1718,,,
694,B-3,304,,THR,NEAR_SHELL,16326,,,
694,B-3,305,,TRP,DIRECT,1718,,,
694,B-3,305,,TRP,DIRECT,16326,,,
694,B-3,305,,TRP,NEAR_SHELL,1718,,,
694,B-3,305,,TRP,NEAR_SHELL,16326,,,
694,B-3,307,,PRO,NEAR_SHELL,1718,,,
694,B-3,307,,PRO,NEAR_SHELL,16326,,,
695,A-4,297,,TYR,NEAR_SHELL,1718,,,
695,A-4,300,,PHE,DIRECT,1718,,,
695,A-4,300,,PHE,NEAR_SHELL,1718,,,
695,A-4,301,,ALA,DIRECT,1718,,,
695,A-4,301,,ALA,NEAR_SHELL,1718,,,
695,A-4,304,,TYR,DIRECT,1718,,,
695,A-4,304,,TYR,NEAR_SHELL,1718,,,
695,A-4,309,,GLN,DIRECT,1718,,,
695,A-4,309,,GLN,NEAR_SHELL,1718,,,
695,A-4,312,,LEU,DIRECT,1718,,,
695,A-4,312,,LEU,NEAR_SHELL,1718,,,
695,A-4,314,,PRO,NEAR_SHELL,1718,,,
695,A-4,326,,VAL,NEAR_SHELL,1718,,,
695,A-4,327,,PHE,DIRECT,1718,,,
695,A-4,327,,PHE,NEAR_SHELL,1718,,,
695,A-4,333,,LYS,DIRECT,1718,,,
695,A-4,333,,LYS,NEAR_SHELL,1718,,,
695,A-4,334,,TYR,NEAR_SHELL,1718,,,
695,A-4,435,,GLU,DIRECT,1718,,,
695,A-4,435,,GLU,NEAR_SHELL,1718,,,
695,A-4,436,,LEU,NEAR_SHELL,1718,,,
695,A-4,437,,LEU,DIRECT,1718,,,
695,A-4,437,,LEU,NEAR_SHELL,1718,,,
695,A-4,438,,GLY,NEAR_SHELL,1718,,,
695,A-4,439,,SER,DIRECT,1718,,,
695,A-4,439,,SER,NEAR_SHELL,1718,,,
695,A-4,444,,GLU,DIRECT,1718,,,
695,A-4,444,,GLU,NEAR_SHELL,1718,,,
695,A-4,503,,VAL,DIRECT,1718,,,
695,A-4,503,,VAL,NEAR_SHELL,1718,,,
695,A-4,577,,PHE,DIRECT,1718,,,
695,A-4,577,,PHE,NEAR_SHELL,1718,,,
695,A-4,578,,SER,DIRECT,1718,,,
695,A-4,578,,SER,NEAR_SHELL,1718,,,
695,A-4,579,,TRP,DIRECT,1718,,,
695,A-4,579,,TRP,NEAR_SHELL,1718,,,
695,A-4,580,,PHE,DIRECT,1718,,,
695,A-4,580,,PHE,NEAR_SHELL,1718,,,
696,A-4,314,,PRO,DIRECT,1718,,,
696,A-4,314,,PRO,NEAR_SHELL,1718,,,
696,A-4,315,,LEU,DIRECT,1718,,,
696,A-4,315,,LEU,NEAR_SHELL,1718,,,
696,A-4,319,,LEU,NEAR_SHELL,1718,,,
696,A-4,324,,TYR,DIRECT,1718,,,
696,A-4,324,,TYR,NEAR_SHELL,1718,,,
696,A-4,327,,PHE,DIRECT,1718,,,
696,A-4,327,,PHE,NEAR_SHELL,1718,,,
696,A-4,334,,TYR,NEAR_SHELL,1718,,,
696,A-4,365,,GLY,DIRECT,1718,,,
696,A-4,365,,GLY,NEAR_SHELL,1718,,,
696,A-4,366,,ALA,NEAR_SHELL,1718,,,
696,A-4,367,,GLY,DIRECT,1718,,,
696,A-4,367,,GLY,NEAR_SHELL,1718,,,
696,A-4,368,,ARG,NEAR_SHELL,1718,,,
696,A-4,391,,VAL,NEAR_SHELL,1718,,,
696,A-4,392,,GLU,DIRECT,1718,,,
696,A-4,392,,GLU,NEAR_SHELL,1718,,,
696,A-4,393,,LYS,DIRECT,1718,,,
696,A-4,393,,LYS,NEAR_SHELL,1718,,,
696,A-4,418,,SER,DIRECT,1718,,,
696,A-4,418,,SER,NEAR_SHELL,1718,,,
696,A-4,419,,ASP,DIRECT,1718,,,
696,A-4,419,,ASP,NEAR_SHELL,1718,,,
696,A-4,420,,MET,DIRECT,1718,,,
696,A-4,420,,MET,NEAR_SHELL,1718,,,
696,A-4,421,,ARG,NEAR_SHELL,1718,,,
696,A-4,435,,GLU,DIRECT,1718,,,
696,A-4,435,,GLU,NEAR_SHELL,1718,,,
696,A-4,436,,LEU,DIRECT,1718,,,
696,A-4,436,,LEU,NEAR_SHELL,1718,,,
696,A-4,444,,GLU,NEAR_SHELL,1718,,,
696,A-4,449,,CYS,DIRECT,1718,,,
696,A-4,449,,CYS,NEAR_SHELL,1718,,,
697,B-4,35,,ARG,DIRECT,1718,,,
697,B-4,35,,ARG,DIRECT,16326,,,
697,B-4,35,,ARG,NEAR_SHELL,1718,,,
697,B-4,35,,ARG,NEAR_SHELL,16326,,,
697,B-4,36,,TYR,DIRECT,1718,,,
697,B-4,36,,TYR,DIRECT,16326,,,
697,B-4,36,,TYR,NEAR_SHELL,1718,,,
697,B-4,36,,TYR,NEAR_SHELL,16326,,,
697,B-4,37,,ARG,NEAR_SHELL,1718,,,
697,B-4,37,,ARG,NEAR_SHELL,16326,,,
697,B-4,85,,ASP,NEAR_SHELL,1718,,,
697,B-4,85,,ASP,NEAR_SHELL,16326,,,
697,B-4,261,,LEU,NEAR_SHELL,1718,,,
697,B-4,261,,LEU,NEAR_SHELL,16326,,,
697,B-4,262,,VAL,DIRECT,1718,,,
697,B-4,262,,VAL,DIRECT,16326,,,
697,B-4,262,,VAL,NEAR_SHELL,1718,,,
697,B-4,262,,VAL,NEAR_SHELL,16326,,,
697,B-4,265,,PRO,DIRECT,1718,,,
697,B-4,265,,PRO,DIRECT,16326,,,
697,B-4,265,,PRO,NEAR_SHELL,1718,,,
697,B-4,265,,PRO,NEAR_SHELL,16326,,,
697,B-4,302,,ASP,DIRECT,1718,,,
697,B-4,302,,ASP,DIRECT,16326,,,
697,B-4,302,,ASP,NEAR_SHELL,1718,,,
697,B-4,302,,ASP,NEAR_SHELL,16326,,,
697,B-4,303,,ALA,DIRECT,1718,,,
697,B-4,303,,ALA,DIRECT,16326,,,
697,B-4,303,,ALA,NEAR_SHELL,1718,,,
697,B-4,303,,ALA,NEAR_SHELL,16326,,,
697,B-4,304,,THR,DIRECT,1718,,,
697,B-4,304,,THR,DIRECT,16326,,,
697,B-4,304,,THR,NEAR_SHELL,1718,,,
697,B-4,304,,THR,NEAR_SHELL,16326,,,
697,B-4,305,,TRP,DIRECT,1718,,,
697,B-4,305,,TRP,DIRECT,16326,,,
697,B-4,305,,TRP,NEAR_SHELL,1718,,,
697,B-4,305,,TRP,NEAR_SHELL,16326,,,
697,B-4,307,,PRO,NEAR_SHELL,1718,,,
697,B-4,307,,PRO,NEAR_SHELL,16326,,,
