n,x,y,z,weight
110,1,0,0,0.0038282704949371619
110,-1,0,0,0.0038282704949371619
110,0,1,0,0.0038282704949371619
110,0,-1,0,0.0038282704949371619
110,0,0,1,0.0038282704949371619
110,0,0,-1,0.0038282704949371619
110,0.57735026918962573,0.57735026918962573,0.57735026918962573,0.0097937375124875128
110,-0.57735026918962573,0.57735026918962573,0.57735026918962573,0.0097937375124875128
110,0.57735026918962573,-0.57735026918962573,0.57735026918962573,0.0097937375124875128
110,-0.57735026918962573,-0.57735026918962573,0.57735026918962573,0.0097937375124875128
110,0.57735026918962573,0.57735026918962573,-0.57735026918962573,0.0097937375124875128
110,-0.57735026918962573,0.57735026918962573,-0.57735026918962573,0.0097937375124875128
110,0.57735026918962573,-0.57735026918962573,-0.57735026918962573,0.0097937375124875128
110,-0.57735026918962573,-0.57735026918962573,-0.57735026918962573,0.0097937375124875128
110,0.18511563534473621,0.18511563534473621,0.96512403508659406,0.0082117372831911114
110,-0.18511563534473621,0.18511563534473621,0.96512403508659406,0.0082117372831911114
110,0.18511563534473621,-0.18511563534473621,0.96512403508659406,0.0082117372831911114
110,-0.18511563534473621,-0.18511563534473621,0.96512403508659406,0.0082117372831911114
110,0.18511563534473621,0.18511563534473621,-0.96512403508659406,0.0082117372831911114
110,-0.18511563534473621,0.18511563534473621,-0.96512403508659406,0.0082117372831911114
110,0.18511563534473621,-0.18511563534473621,-0.96512403508659406,0.0082117372831911114
110,-0.18511563534473621,-0.18511563534473621,-0.96512403508659406,0.0082117372831911114
110,0.18511563534473621,0.96512403508659406,0.18511563534473621,0.0082117372831911114
110,-0.18511563534473621,0.96512403508659406,0.18511563534473621,0.0082117372831911114
110,0.18511563534473621,-0.96512403508659406,0.18511563534473621,0.0082117372831911114
110,-0.18511563534473621,-0.96512403508659406,0.18511563534473621,0.0082117372831911114
110,0.18511563534473621,0.96512403508659406,-0.18511563534473621,0.0082117372831911114
110,-0.18511563534473621,0.96512403508659406,-0.18511563534473621,0.0082117372831911114
110,0.18511563534473621,-0.96512403508659406,-0.18511563534473621,0.0082117372831911114
110,-0.18511563534473621,-0.96512403508659406,-0.18511563534473621,0.0082117372831911114
110,0.96512403508659406,0.18511563534473621,0.18511563534473621,0.0082117372831911114
110,-0.96512403508659406,0.18511563534473621,0.18511563534473621,0.0082117372831911114
110,0.96512403508659406,-0.18511563534473621,0.18511563534473621,0.0082117372831911114
110,-0.96512403508659406,-0.18511563534473621,0.18511563534473621,0.0082117372831911114
110,0.96512403508659406,0.18511563534473621,-0.18511563534473621,0.0082117372831911114
110,-0.96512403508659406,0.18511563534473621,-0.18511563534473621,0.0082117372831911114
110,0.96512403508659406,-0.18511563534473621,-0.18511563534473621,0.0082117372831911114
110,-0.96512403508659406,-0.18511563534473621,-0.18511563534473621,0.0082117372831911114
110,0.69042104838229224,0.69042104838229224,0.21595729184584844,0.009942814891178103
110,-0.69042104838229224,0.69042104838229224,0.21595729184584844,0.009942814891178103
110,0.69042104838229224,-0.69042104838229224,0.21595729184584844,0.009942814891178103
110,-0.69042104838229224,-0.69042104838229224,0.21595729184584844,0.009942814891178103
110,0.69042104838229224,0.69042104838229224,-0.21595729184584844,0.009942814891178103
110,-0.69042104838229224,0.69042104838229224,-0.21595729184584844,0.009942814891178103
110,0.69042104838229224,-0.69042104838229224,-0.21595729184584844,0.009942814891178103
110,-0.69042104838229224,-0.69042104838229224,-0.21595729184584844,0.009942814891178103
110,0.69042104838229224,0.21595729184584844,0.69042104838229224,0.009942814891178103
110,-0.69042104838229224,0.21595729184584844,0.69042104838229224,0.009942814891178103
110,0.69042104838229224,-0.21595729184584844,0.69042104838229224,0.009942814891178103
110,-0.69042104838229224,-0.21595729184584844,0.69042104838229224,0.009942814891178103
110,0.69042104838229224,0.21595729184584844,-0.69042104838229224,0.009942814891178103
110,-0.69042104838229224,0.21595729184584844,-0.69042104838229224,0.009942814891178103
110,0.69042104838229224,-0.21595729184584844,-0.69042104838229224,0.009942814891178103
110,-0.69042104838229224,-0.21595729184584844,-0.69042104838229224,0.009942814891178103
110,0.21595729184584844,0.69042104838229224,0.69042104838229224,0.009942814891178103
110,-0.21595729184584844,0.69042104838229224,0.69042104838229224,0.009942814891178103
110,0.21595729184584844,-0.69042104838229224,0.69042104838229224,0.009942814891178103
110,-0.21595729184584844,-0.69042104838229224,0.69042104838229224,0.009942814891178103
110,0.21595729184584844,0.69042104838229224,-0.69042104838229224,0.009942814891178103
110,-0.21595729184584844,0.69042104838229224,-0.69042104838229224,0.009942814891178103
110,0.21595729184584844,-0.69042104838229224,-0.69042104838229224,0.009942814891178103
110,-0.21595729184584844,-0.69042104838229224,-0.69042104838229224,0.009942814891178103
110,0.39568947305594188,0.39568947305594188,0.82876998125259227,0.0095954713360709622
110,-0.39568947305594188,0.39568947305594188,0.82876998125259227,0.0095954713360709622
110,0.39568947305594188,-0.39568947305594188,0.82876998125259227,0.0095954713360709622
110,-0.39568947305594188,-0.39568947305594188,0.82876998125259227,0.0095954713360709622
110,0.39568947305594188,0.39568947305594188,-0.82876998125259227,0.0095954713360709622
110,-0.39568947305594188,0.39568947305594188,-0.82876998125259227,0.0095954713360709622
110,0.39568947305594188,-0.39568947305594188,-0.82876998125259227,0.0095954713360709622
110,-0.39568947305594188,-0.39568947305594188,-0.82876998125259227,0.0095954713360709622
110,0.39568947305594188,0.82876998125259227,0.39568947305594188,0.0095954713360709622
110,-0.39568947305594188,0.82876998125259227,0.39568947305594188,0.0095954713360709622
110,0.39568947305594188,-0.82876998125259227,0.39568947305594188,0.0095954713360709622
110,-0.39568947305594188,-0.82876998125259227,0.39568947305594188,0.0095954713360709622
110,0.39568947305594188,0.82876998125259227,-0.39568947305594188,0.0095954713360709622
110,-0.39568947305594188,0.82876998125259227,-0.39568947305594188,0.0095954713360709622
110,0.39568947305594188,-0.82876998125259227,-0.39568947305594188,0.0095954713360709622
110,-0.39568947305594188,-0.82876998125259227,-0.39568947305594188,0.0095954713360709622
110,0.82876998125259227,0.39568947305594188,0.39568947305594188,0.0095954713360709622
110,-0.82876998125259227,0.39568947305594188,0.39568947305594188,0.0095954713360709622
110,0.82876998125259227,-0.39568947305594188,0.39568947305594188,0.0095954713360709622
110,-0.82876998125259227,-0.39568947305594188,0.39568947305594188,0.0095954713360709622
110,0.82876998125259227,0.39568947305594188,-0.39568947305594188,0.0095954713360709622
110,-0.82876998125259227,0.39568947305594188,-0.39568947305594188,0.0095954713360709622
110,0.82876998125259227,-0.39568947305594188,-0.39568947305594188,0.0095954713360709622
110,-0.82876998125259227,-0.39568947305594188,-0.39568947305594188,0.0095954713360709622
110,0.47836902881215021,0.87815891060406615,0,0.0096949963616630285
110,-0.47836902881215021,0.87815891060406615,0,0.0096949963616630285
110,0.47836902881215021,-0.87815891060406615,0,0.0096949963616630285
110,-0.47836902881215021,-0.87815891060406615,0,0.0096949963616630285
110,0.87815891060406615,0.47836902881215021,0,0.0096949963616630285
110,-0.87815891060406615,0.47836902881215021,0,0.0096949963616630285
110,0.87815891060406615,-0.47836902881215021,0,0.0096949963616630285
110,-0.87815891060406615,-0.47836902881215021,0,0.0096949963616630285
110,0.47836902881215021,0,0.87815891060406615,0.0096949963616630285
110,-0.47836902881215021,0,0.87815891060406615,0.0096949963616630285
110,0.47836902881215021,0,-0.87815891060406615,0.0096949963616630285
110,-0.47836902881215021,0,-0.87815891060406615,0.0096949963616630285
110,0.87815891060406615,0,0.47836902881215021,0.0096949963616630285
110,-0.87815891060406615,0,0.47836902881215021,0.0096949963616630285
110,0.87815891060406615,0,-0.47836902881215021,0.0096949963616630285
110,-0.87815891060406615,0,-0.47836902881215021,0.0096949963616630285
110,0,0.47836902881215021,0.87815891060406615,0.0096949963616630285
110,0,-0.47836902881215021,0.87815891060406615,0.0096949963616630285
110,0,0.47836902881215021,-0.87815891060406615,0.0096949963616630285
110,0,-0.47836902881215021,-0.87815891060406615,0.0096949963616630285
110,0,0.87815891060406615,0.47836902881215021,0.0096949963616630285
110,0,-0.87815891060406615,0.47836902881215021,0.0096949963616630285
110,0,0.87815891060406615,-0.47836902881215021,0.0096949963616630285
110,0,-0.87815891060406615,-0.47836902881215021,0.0096949963616630285
302,1,0,0,0.00085459117251281483
302,-1,0,0,0.00085459117251281483
302,0,1,0,0.00085459117251281483
302,0,-1,0,0.00085459117251281483
302,0,0,1,0.00085459117251281483
302,0,0,-1,0.00085459117251281483
302,0.57735026918962573,0.57735026918962573,0.57735026918962573,0.0035991192850255709
302,-0.57735026918962573,0.57735026918962573,0.57735026918962573,0.0035991192850255709
302,0.57735026918962573,-0.57735026918962573,0.57735026918962573,0.0035991192850255709
302,-0.57735026918962573,-0.57735026918962573,0.57735026918962573,0.0035991192850255709
302,0.57735026918962573,0.57735026918962573,-0.57735026918962573,0.0035991192850255709
302,-0.57735026918962573,0.57735026918962573,-0.57735026918962573,0.0035991192850255709
302,0.57735026918962573,-0.57735026918962573,-0.57735026918962573,0.0035991192850255709
302,-0.57735026918962573,-0.57735026918962573,-0.57735026918962573,0.0035991192850255709
302,0.35156403455701052,0.35156403455701052,0.86764362454408339,0.003449788424305883
302,-0.35156403455701052,0.35156403455701052,0.86764362454408339,0.003449788424305883
302,0.35156403455701052,-0.35156403455701052,0.86764362454408339,0.003449788424305883
302,-0.35156403455701052,-0.35156403455701052,0.86764362454408339,0.003449788424305883
302,0.35156403455701052,0.35156403455701052,-0.86764362454408339,0.003449788424305883
302,-0.35156403455701052,0.35156403455701052,-0.86764362454408339,0.003449788424305883
302,0.35156403455701052,-0.35156403455701052,-0.86764362454408339,0.003449788424305883
302,-0.35156403455701052,-0.35156403455701052,-0.86764362454408339,0.003449788424305883
302,0.35156403455701052,0.86764362454408339,0.35156403455701052,0.003449788424305883
302,-0.35156403455701052,0.86764362454408339,0.35156403455701052,0.003449788424305883
302,0.35156403455701052,-0.86764362454408339,0.35156403455701052,0.003449788424305883
302,-0.35156403455701052,-0.86764362454408339,0.35156403455701052,0.003449788424305883
302,0.35156403455701052,0.86764362454408339,-0.35156403455701052,0.003449788424305883
302,-0.35156403455701052,0.86764362454408339,-0.35156403455701052,0.003449788424305883
302,0.35156403455701052,-0.86764362454408339,-0.35156403455701052,0.003449788424305883
302,-0.35156403455701052,-0.86764362454408339,-0.35156403455701052,0.003449788424305883
302,0.86764362454408339,0.35156403455701052,0.35156403455701052,0.003449788424305883
302,-0.86764362454408339,0.35156403455701052,0.35156403455701052,0.003449788424305883
302,0.86764362454408339,-0.35156403455701052,0.35156403455701052,0.003449788424305883
302,-0.86764362454408339,-0.35156403455701052,0.35156403455701052,0.003449788424305883
302,0.86764362454408339,0.35156403455701052,-0.35156403455701052,0.003449788424305883
302,-0.86764362454408339,0.35156403455701052,-0.35156403455701052,0.003449788424305883
302,0.86764362454408339,-0.35156403455701052,-0.35156403455701052,0.003449788424305883
302,-0.86764362454408339,-0.35156403455701052,-0.35156403455701052,0.003449788424305883
302,0.65663294102196124,0.65663294102196124,0.37103417838482095,0.0036048226014198819
302,-0.65663294102196124,0.65663294102196124,0.37103417838482095,0.0036048226014198819
302,0.65663294102196124,-0.65663294102196124,0.37103417838482095,0.0036048226014198819
302,-0.65663294102196124,-0.65663294102196124,0.37103417838482095,0.0036048226014198819
302,0.65663294102196124,0.65663294102196124,-0.37103417838482095,0.0036048226014198819
302,-0.65663294102196124,0.65663294102196124,-0.37103417838482095,0.0036048226014198819
302,0.65663294102196124,-0.65663294102196124,-0.37103417838482095,0.0036048226014198819
302,-0.65663294102196124,-0.65663294102196124,-0.37103417838482095,0.0036048226014198819
302,0.65663294102196124,0.37103417838482095,0.65663294102196124,0.0036048226014198819
302,-0.65663294102196124,0.37103417838482095,0.65663294102196124,0.0036048226014198819
302,0.65663294102196124,-0.37103417838482095,0.65663294102196124,0.0036048226014198819
302,-0.65663294102196124,-0.37103417838482095,0.65663294102196124,0.0036048226014198819
302,0.65663294102196124,0.37103417838482095,-0.65663294102196124,0.0036048226014198819
302,-0.65663294102196124,0.37103417838482095,-0.65663294102196124,0.0036048226014198819
302,0.65663294102196124,-0.37103417838482095,-0.65663294102196124,0.0036048226014198819
302,-0.65663294102196124,-0.37103417838482095,-0.65663294102196124,0.0036048226014198819
302,0.37103417838482095,0.65663294102196124,0.65663294102196124,0.0036048226014198819
302,-0.37103417838482095,0.65663294102196124,0.65663294102196124,0.0036048226014198819
302,0.37103417838482095,-0.65663294102196124,0.65663294102196124,0.0036048226014198819
302,-0.37103417838482095,-0.65663294102196124,0.65663294102196124,0.0036048226014198819
302,0.37103417838482095,0.65663294102196124,-0.65663294102196124,0.0036048226014198819
302,-0.37103417838482095,0.65663294102196124,-0.65663294102196124,0.0036048226014198819
302,0.37103417838482095,-0.65663294102196124,-0.65663294102196124,0.0036048226014198819
302,-0.37103417838482095,-0.65663294102196124,-0.65663294102196124,0.0036048226014198819
302,0.47290541325810048,0.47290541325810048,0.74345204298755574,0.003576729661743367
302,-0.47290541325810048,0.47290541325810048,0.74345204298755574,0.003576729661743367
302,0.47290541325810048,-0.47290541325810048,0.74345204298755574,0.003576729661743367
302,-0.47290541325810048,-0.47290541325810048,0.74345204298755574,0.003576729661743367
302,0.47290541325810048,0.47290541325810048,-0.74345204298755574,0.003576729661743367
302,-0.47290541325810048,0.47290541325810048,-0.74345204298755574,0.003576729661743367
302,0.47290541325810048,-0.47290541325810048,-0.74345204298755574,0.003576729661743367
302,-0.47290541325810048,-0.47290541325810048,-0.74345204298755574,0.003576729661743367
302,0.47290541325810048,0.74345204298755574,0.47290541325810048,0.003576729661743367
302,-0.47290541325810048,0.74345204298755574,0.47290541325810048,0.003576729661743367
302,0.47290541325810048,-0.74345204298755574,0.47290541325810048,0.003576729661743367
302,-0.47290541325810048,-0.74345204298755574,0.47290541325810048,0.003576729661743367
302,0.47290541325810048,0.74345204298755574,-0.47290541325810048,0.003576729661743367
302,-0.47290541325810048,0.74345204298755574,-0.47290541325810048,0.003576729661743367
302,0.47290541325810048,-0.74345204298755574,-0.47290541325810048,0.003576729661743367
302,-0.47290541325810048,-0.74345204298755574,-0.47290541325810048,0.003576729661743367
302,0.74345204298755574,0.47290541325810048,0.47290541325810048,0.003576729661743367
302,-0.74345204298755574,0.47290541325810048,0.47290541325810048,0.003576729661743367
302,0.74345204298755574,-0.47290541325810048,0.47290541325810048,0.003576729661743367
302,-0.74345204298755574,-0.47290541325810048,0.47290541325810048,0.003576729661743367
302,0.74345204298755574,0.47290541325810048,-0.47290541325810048,0.003576729661743367
302,-0.74345204298755574,0.47290541325810048,-0.47290541325810048,0.003576729661743367
302,0.74345204298755574,-0.47290541325810048,-0.47290541325810048,0.003576729661743367
302,-0.74345204298755574,-0.47290541325810048,-0.47290541325810048,0.003576729661743367
302,0.096183085226147838,0.096183085226147838,0.9907056213794081,0.0023521014136891642
302,-0.096183085226147838,0.096183085226147838,0.9907056213794081,0.0023521014136891642
302,0.096183085226147838,-0.096183085226147838,0.9907056213794081,0.0023521014136891642
302,-0.096183085226147838,-0.096183085226147838,0.9907056213794081,0.0023521014136891642
302,0.096183085226147838,0.096183085226147838,-0.9907056213794081,0.0023521014136891642
302,-0.096183085226147838,0.096183085226147838,-0.9907056213794081,0.0023521014136891642
302,0.096183085226147838,-0.096183085226147838,-0.9907056213794081,0.0023521014136891642
302,-0.096183085226147838,-0.096183085226147838,-0.9907056213794081,0.0023521014136891642
302,0.096183085226147838,0.9907056213794081,0.096183085226147838,0.0023521014136891642
302,-0.096183085226147838,0.9907056213794081,0.096183085226147838,0.0023521014136891642
302,0.096183085226147838,-0.9907056213794081,0.096183085226147838,0.0023521014136891642
302,-0.096183085226147838,-0.9907056213794081,0.096183085226147838,0.0023521014136891642
302,0.096183085226147838,0.9907056213794081,-0.096183085226147838,0.0023521014136891642
302,-0.096183085226147838,0.9907056213794081,-0.096183085226147838,0.0023521014136891642
302,0.096183085226147838,-0.9907056213794081,-0.096183085226147838,0.0023521014136891642
302,-0.096183085226147838,-0.9907056213794081,-0.096183085226147838,0.0023521014136891642
302,0.9907056213794081,0.096183085226147838,0.096183085226147838,0.0023521014136891642
302,-0.9907056213794081,0.096183085226147838,0.096183085226147838,0.0023521014136891642
302,0.9907056213794081,-0.096183085226147838,0.096183085226147838,0.0023521014136891642
302,-0.9907056213794081,-0.096183085226147838,0.096183085226147838,0.0023521014136891642
302,0.9907056213794081,0.096183085226147838,-0.096183085226147838,0.0023521014136891642
302,-0.9907056213794081,0.096183085226147838,-0.096183085226147838,0.0023521014136891642
302,0.9907056213794081,-0.096183085226147838,-0.096183085226147838,0.0023521014136891642
302,-0.9907056213794081,-0.096183085226147838,-0.096183085226147838,0.0023521014136891642
302,0.22196452362941779,0.22196452362941779,0.94945431722644313,0.0031089531224136749
302,-0.22196452362941779,0.22196452362941779,0.94945431722644313,0.0031089531224136749
302,0.22196452362941779,-0.22196452362941779,0.94945431722644313,0.0031089531224136749
302,-0.22196452362941779,-0.22196452362941779,0.94945431722644313,0.0031089531224136749
302,0.22196452362941779,0.22196452362941779,-0.94945431722644313,0.0031089531224136749
302,-0.22196452362941779,0.22196452362941779,-0.94945431722644313,0.0031089531224136749
302,0.22196452362941779,-0.22196452362941779,-0.94945431722644313,0.0031089531224136749
302,-0.22196452362941779,-0.22196452362941779,-0.94945431722644313,0.0031089531224136749
302,0.22196452362941779,0.94945431722644313,0.22196452362941779,0.0031089531224136749
302,-0.22196452362941779,0.94945431722644313,0.22196452362941779,0.0031089531224136749
302,0.22196452362941779,-0.94945431722644313,0.22196452362941779,0.0031089531224136749
302,-0.22196452362941779,-0.94945431722644313,0.22196452362941779,0.0031089531224136749
302,0.22196452362941779,0.94945431722644313,-0.22196452362941779,0.0031089531224136749
302,-0.22196452362941779,0.94945431722644313,-0.22196452362941779,0.0031089531224136749
302,0.22196452362941779,-0.94945431722644313,-0.22196452362941779,0.0031089531224136749
302,-0.22196452362941779,-0.94945431722644313,-0.22196452362941779,0.0031089531224136749
302,0.94945431722644313,0.22196452362941779,0.22196452362941779,0.0031089531224136749
302,-0.94945431722644313,0.22196452362941779,0.22196452362941779,0.0031089531224136749
302,0.94945431722644313,-0.22196452362941779,0.22196452362941779,0.0031089531224136749
302,-0.94945431722644313,-0.22196452362941779,0.22196452362941779,0.0031089531224136749
302,0.94945431722644313,0.22196452362941779,-0.22196452362941779,0.0031089531224136749
302,-0.94945431722644313,0.22196452362941779,-0.22196452362941779,0.0031089531224136749
302,0.94945431722644313,-0.22196452362941779,-0.22196452362941779,0.0031089531224136749
302,-0.94945431722644313,-0.22196452362941779,-0.22196452362941779,0.0031089531224136749
302,0.70117664160895454,0.70117664160895454,0.12923867271051442,0.0036500458076772551
302,-0.70117664160895454,0.70117664160895454,0.12923867271051442,0.0036500458076772551
302,0.70117664160895454,-0.70117664160895454,0.12923867271051442,0.0036500458076772551
302,-0.70117664160895454,-0.70117664160895454,0.12923867271051442,0.0036500458076772551
302,0.70117664160895454,0.70117664160895454,-0.12923867271051442,0.0036500458076772551
302,-0.70117664160895454,0.70117664160895454,-0.12923867271051442,0.0036500458076772551
302,0.70117664160895454,-0.70117664160895454,-0.12923867271051442,0.0036500458076772551
302,-0.70117664160895454,-0.70117664160895454,-0.12923867271051442,0.0036500458076772551
302,0.70117664160895454,0.12923867271051442,0.70117664160895454,0.0036500458076772551
302,-0.70117664160895454,0.12923867271051442,0.70117664160895454,0.0036500458076772551
302,0.70117664160895454,-0.12923867271051442,0.70117664160895454,0.0036500458076772551
302,-0.70117664160895454,-0.12923867271051442,0.70117664160895454,0.0036500458076772551
302,0.70117664160895454,0.12923867271051442,-0.70117664160895454,0.0036500458076772551
302,-0.70117664160895454,0.12923867271051442,-0.70117664160895454,0.0036500458076772551
302,0.70117664160895454,-0.12923867271051442,-0.70117664160895454,0.0036500458076772551
302,-0.70117664160895454,-0.12923867271051442,-0.70117664160895454,0.0036500458076772551
302,0.12923867271051442,0.70117664160895454,0.70117664160895454,0.0036500458076772551
302,-0.12923867271051442,0.70117664160895454,0.70117664160895454,0.0036500458076772551
302,0.12923867271051442,-0.70117664160895454,0.70117664160895454,0.0036500458076772551
302,-0.12923867271051442,-0.70117664160895454,0.70117664160895454,0.0036500458076772551
302,0.12923867271051442,0.70117664160895454,-0.70117664160895454,0.0036500458076772551
302,-0.12923867271051442,0.70117664160895454,-0.70117664160895454,0.0036500458076772551
302,0.12923867271051442,-0.70117664160895454,-0.70117664160895454,0.0036500458076772551
302,-0.12923867271051442,-0.70117664160895454,-0.70117664160895454,0.0036500458076772551
302,0.26441528870606629,0.96440891487920599,0,0.0029823449631718041
302,-0.26441528870606629,0.96440891487920599,0,0.0029823449631718041
302,0.26441528870606629,-0.96440891487920599,0,0.0029823449631718041
302,-0.26441528870606629,-0.96440891487920599,0,0.0029823449631718041
302,0.96440891487920599,0.26441528870606629,0,0.0029823449631718041
302,-0.96440891487920599,0.26441528870606629,0,0.0029823449631718041
302,0.96440891487920599,-0.26441528870606629,0,0.0029823449631718041
302,-0.96440891487920599,-0.26441528870606629,0,0.0029823449631718041
302,0.26441528870606629,0,0.96440891487920599,0.0029823449631718041
302,-0.26441528870606629,0,0.96440891487920599,0.0029823449631718041
302,0.26441528870606629,0,-0.96440891487920599,0.0029823449631718041
302,-0.26441528870606629,0,-0.96440891487920599,0.0029823449631718041
302,0.96440891487920599,0,0.26441528870606629,0.0029823449631718041
302,-0.96440891487920599,0,0.26441528870606629,0.0029823449631718041
302,0.96440891487920599,0,-0.26441528870606629,0.0029823449631718041
302,-0.96440891487920599,0,-0.26441528870606629,0.0029823449631718041
302,0,0.26441528870606629,0.96440891487920599,0.0029823449631718041
302,0,-0.26441528870606629,0.96440891487920599,0.0029823449631718041
302,0,0.26441528870606629,-0.96440891487920599,0.0029823449631718041
302,0,-0.26441528870606629,-0.96440891487920599,0.0029823449631718041
302,0,0.96440891487920599,0.26441528870606629,0.0029823449631718041
302,0,-0.96440891487920599,0.26441528870606629,0.0029823449631718041
302,0,0.96440891487920599,-0.26441528870606629,0.0029823449631718041
302,0,-0.96440891487920599,-0.26441528870606629,0.0029823449631718041
302,0.57189558918789607,0.82032641982775933,0,0.0036008209322164601
302,-0.57189558918789607,0.82032641982775933,0,0.0036008209322164601
302,0.57189558918789607,-0.82032641982775933,0,0.0036008209322164601
302,-0.57189558918789607,-0.82032641982775933,0,0.0036008209322164601
302,0.82032641982775933,0.57189558918789607,0,0.0036008209322164601
302,-0.82032641982775933,0.57189558918789607,0,0.0036008209322164601
302,0.82032641982775933,-0.57189558918789607,0,0.0036008209322164601
302,-0.82032641982775933,-0.57189558918789607,0,0.0036008209322164601
302,0.57189558918789607,0,0.82032641982775933,0.0036008209322164601
302,-0.57189558918789607,0,0.82032641982775933,0.0036008209322164601
302,0.57189558918789607,0,-0.82032641982775933,0.0036008209322164601
302,-0.57189558918789607,0,-0.82032641982775933,0.0036008209322164601
302,0.82032641982775933,0,0.57189558918789607,0.0036008209322164601
302,-0.82032641982775933,0,0.57189558918789607,0.0036008209322164601
302,0.82032641982775933,0,-0.57189558918789607,0.0036008209322164601
302,-0.82032641982775933,0,-0.57189558918789607,0.0036008209322164601
302,0,0.57189558918789607,0.82032641982775933,0.0036008209322164601
302,0,-0.57189558918789607,0.82032641982775933,0.0036008209322164601
302,0,0.57189558918789607,-0.82032641982775933,0.0036008209322164601
302,0,-0.57189558918789607,-0.82032641982775933,0.0036008209322164601
302,0,0.82032641982775933,0.57189558918789607,0.0036008209322164601
302,0,-0.82032641982775933,0.57189558918789607,0.0036008209322164601
302,0,0.82032641982775933,-0.57189558918789607,0.0036008209322164601
302,0,-0.82032641982775933,-0.57189558918789607,0.0036008209322164601
302,0.25100347517704652,0.80007274940739515,0.54486773725807736,0.003571540554273387
302,-0.25100347517704652,0.80007274940739515,0.54486773725807736,0.003571540554273387
302,0.25100347517704652,-0.80007274940739515,0.54486773725807736,0.003571540554273387
302,-0.25100347517704652,-0.80007274940739515,0.54486773725807736,0.003571540554273387
302,0.25100347517704652,0.80007274940739515,-0.54486773725807736,0.003571540554273387
302,-0.25100347517704652,0.80007274940739515,-0.54486773725807736,0.003571540554273387
302,0.25100347517704652,-0.80007274940739515,-0.54486773725807736,0.003571540554273387
302,-0.25100347517704652,-0.80007274940739515,-0.54486773725807736,0.003571540554273387
302,0.25100347517704652,0.54486773725807736,0.80007274940739515,0.003571540554273387
302,-0.25100347517704652,0.54486773725807736,0.80007274940739515,0.003571540554273387
302,0.25100347517704652,-0.54486773725807736,0.80007274940739515,0.003571540554273387
302,-0.25100347517704652,-0.54486773725807736,0.80007274940739515,0.003571540554273387
302,0.25100347517704652,0.54486773725807736,-0.80007274940739515,0.003571540554273387
302,-0.25100347517704652,0.54486773725807736,-0.80007274940739515,0.003571540554273387
302,0.25100347517704652,-0.54486773725807736,-0.80007274940739515,0.003571540554273387
302,-0.25100347517704652,-0.54486773725807736,-0.80007274940739515,0.003571540554273387
302,0.80007274940739515,0.25100347517704652,0.54486773725807736,0.003571540554273387
302,-0.80007274940739515,0.25100347517704652,0.54486773725807736,0.003571540554273387
302,0.80007274940739515,-0.25100347517704652,0.54486773725807736,0.003571540554273387
302,-0.80007274940739515,-0.25100347517704652,0.54486773725807736,0.003571540554273387
302,0.80007274940739515,0.25100347517704652,-0.54486773725807736,0.003571540554273387
302,-0.80007274940739515,0.25100347517704652,-0.54486773725807736,0.003571540554273387
302,0.80007274940739515,-0.25100347517704652,-0.54486773725807736,0.003571540554273387
302,-0.80007274940739515,-0.25100347517704652,-0.54486773725807736,0.003571540554273387
302,0.80007274940739515,0.54486773725807736,0.25100347517704652,0.003571540554273387
302,-0.80007274940739515,0.54486773725807736,0.25100347517704652,0.003571540554273387
302,0.80007274940739515,-0.54486773725807736,0.25100347517704652,0.003571540554273387
302,-0.80007274940739515,-0.54486773725807736,0.25100347517704652,0.003571540554273387
302,0.80007274940739515,0.54486773725807736,-0.25100347517704652,0.003571540554273387
302,-0.80007274940739515,0.54486773725807736,-0.25100347517704652,0.003571540554273387
302,0.80007274940739515,-0.54486773725807736,-0.25100347517704652,0.003571540554273387
302,-0.80007274940739515,-0.54486773725807736,-0.25100347517704652,0.003571540554273387
302,0.54486773725807736,0.25100347517704652,0.80007274940739515,0.003571540554273387
302,-0.54486773725807736,0.25100347517704652,0.80007274940739515,0.003571540554273387
302,0.54486773725807736,-0.25100347517704652,0.80007274940739515,0.003571540554273387
302,-0.54486773725807736,-0.25100347517704652,0.80007274940739515,0.003571540554273387
302,0.54486773725807736,0.25100347517704652,-0.80007274940739515,0.003571540554273387
302,-0.54486773725807736,0.25100347517704652,-0.80007274940739515,0.003571540554273387
302,0.54486773725807736,-0.25100347517704652,-0.80007274940739515,0.003571540554273387
302,-0.54486773725807736,-0.25100347517704652,-0.80007274940739515,0.003571540554273387
302,0.54486773725807736,0.80007274940739515,0.25100347517704652,0.003571540554273387
302,-0.54486773725807736,0.80007274940739515,0.25100347517704652,0.003571540554273387
302,0.54486773725807736,-0.80007274940739515,0.25100347517704652,0.003571540554273387
302,-0.54486773725807736,-0.80007274940739515,0.25100347517704652,0.003571540554273387
302,0.54486773725807736,0.80007274940739515,-0.25100347517704652,0.003571540554273387
302,-0.54486773725807736,0.80007274940739515,-0.25100347517704652,0.003571540554273387
302,0.54486773725807736,-0.80007274940739515,-0.25100347517704652,0.003571540554273387
302,-0.54486773725807736,-0.80007274940739515,-0.25100347517704652,0.003571540554273387
302,0.1233548532583327,0.41277240831685308,0.90244252953300041,0.0033923122050061698
302,-0.1233548532583327,0.41277240831685308,0.90244252953300041,0.0033923122050061698
302,0.1233548532583327,-0.41277240831685308,0.90244252953300041,0.0033923122050061698
302,-0.1233548532583327,-0.41277240831685308,0.90244252953300041,0.0033923122050061698
302,0.1233548532583327,0.41277240831685308,-0.90244252953300041,0.0033923122050061698
302,-0.1233548532583327,0.41277240831685308,-0.90244252953300041,0.0033923122050061698
302,0.1233548532583327,-0.41277240831685308,-0.90244252953300041,0.0033923122050061698
302,-0.1233548532583327,-0.41277240831685308,-0.90244252953300041,0.0033923122050061698
302,0.1233548532583327,0.90244252953300041,0.41277240831685308,0.0033923122050061698
302,-0.1233548532583327,0.90244252953300041,0.41277240831685308,0.0033923122050061698
302,0.1233548532583327,-0.90244252953300041,0.41277240831685308,0.0033923122050061698
302,-0.1233548532583327,-0.90244252953300041,0.41277240831685308,0.0033923122050061698
302,0.1233548532583327,0.90244252953300041,-0.41277240831685308,0.0033923122050061698
302,-0.1233548532583327,0.90244252953300041,-0.41277240831685308,0.0033923122050061698
302,0.1233548532583327,-0.90244252953300041,-0.41277240831685308,0.0033923122050061698
302,-0.1233548532583327,-0.90244252953300041,-0.41277240831685308,0.0033923122050061698
302,0.41277240831685308,0.1233548532583327,0.90244252953300041,0.0033923122050061698
302,-0.41277240831685308,0.1233548532583327,0.90244252953300041,0.0033923122050061698
302,0.41277240831685308,-0.1233548532583327,0.90244252953300041,0.0033923122050061698
302,-0.41277240831685308,-0.1233548532583327,0.90244252953300041,0.0033923122050061698
302,0.41277240831685308,0.1233548532583327,-0.90244252953300041,0.0033923122050061698
302,-0.41277240831685308,0.1233548532583327,-0.90244252953300041,0.0033923122050061698
302,0.41277240831685308,-0.1233548532583327,-0.90244252953300041,0.0033923122050061698
302,-0.41277240831685308,-0.1233548532583327,-0.90244252953300041,0.0033923122050061698
302,0.41277240831685308,0.90244252953300041,0.1233548532583327,0.0033923122050061698
302,-0.41277240831685308,0.90244252953300041,0.1233548532583327,0.0033923122050061698
302,0.41277240831685308,-0.90244252953300041,0.1233548532583327,0.0033923122050061698
302,-0.41277240831685308,-0.90244252953300041,0.1233548532583327,0.0033923122050061698
302,0.41277240831685308,0.90244252953300041,-0.1233548532583327,0.0033923122050061698
302,-0.41277240831685308,0.90244252953300041,-0.1233548532583327,0.0033923122050061698
302,0.41277240831685308,-0.90244252953300041,-0.1233548532583327,0.0033923122050061698
302,-0.41277240831685308,-0.90244252953300041,-0.1233548532583327,0.0033923122050061698
302,0.90244252953300041,0.1233548532583327,0.41277240831685308,0.0033923122050061698
302,-0.90244252953300041,0.1233548532583327,0.41277240831685308,0.0033923122050061698
302,0.90244252953300041,-0.1233548532583327,0.41277240831685308,0.0033923122050061698
302,-0.90244252953300041,-0.1233548532583327,0.41277240831685308,0.0033923122050061698
302,0.90244252953300041,0.1233548532583327,-0.41277240831685308,0.0033923122050061698
302,-0.90244252953300041,0.1233548532583327,-0.41277240831685308,0.0033923122050061698
302,0.90244252953300041,-0.1233548532583327,-0.41277240831685308,0.0033923122050061698
302,-0.90244252953300041,-0.1233548532583327,-0.41277240831685308,0.0033923122050061698
302,0.90244252953300041,0.41277240831685308,0.1233548532583327,0.0033923122050061698
302,-0.90244252953300041,0.41277240831685308,0.1233548532583327,0.0033923122050061698
302,0.90244252953300041,-0.41277240831685308,0.1233548532583327,0.0033923122050061698
302,-0.90244252953300041,-0.41277240831685308,0.1233548532583327,0.0033923122050061698
302,0.90244252953300041,0.41277240831685308,-0.1233548532583327,0.0033923122050061698
302,-0.90244252953300041,0.41277240831685308,-0.1233548532583327,0.0033923122050061698
302,0.90244252953300041,-0.41277240831685308,-0.1233548532583327,0.0033923122050061698
302,-0.90244252953300041,-0.41277240831685308,-0.1233548532583327,0.0033923122050061698
590,1,0,0,0.00030951212953061872
590,-1,0,0,0.00030951212953061872
590,0,1,0,0.00030951212953061872
590,0,-1,0,0.00030951212953061872
590,0,0,1,0.00030951212953061872
590,0,0,-1,0.00030951212953061872
590,0.57735026918962573,0.57735026918962573,0.57735026918962573,0.001852379698597489
590,-0.57735026918962573,0.57735026918962573,0.57735026918962573,0.001852379698597489
590,0.57735026918962573,-0.57735026918962573,0.57735026918962573,0.001852379698597489
590,-0.57735026918962573,-0.57735026918962573,0.57735026918962573,0.001852379698597489
590,0.57735026918962573,0.57735026918962573,-0.57735026918962573,0.001852379698597489
590,-0.57735026918962573,0.57735026918962573,-0.57735026918962573,0.001852379698597489
590,0.57735026918962573,-0.57735026918962573,-0.57735026918962573,0.001852379698597489
590,-0.57735026918962573,-0.57735026918962573,-0.57735026918962573,0.001852379698597489
590,0.70409549382274694,0.70409549382274694,0.092190407076898254,0.0018717906392777439
590,-0.70409549382274694,0.70409549382274694,0.092190407076898254,0.0018717906392777439
590,0.70409549382274694,-0.70409549382274694,0.092190407076898254,0.0018717906392777439
590,-0.70409549382274694,-0.70409549382274694,0.092190407076898254,0.0018717906392777439
590,0.70409549382274694,0.70409549382274694,-0.092190407076898254,0.0018717906392777439
590,-0.70409549382274694,0.70409549382274694,-0.092190407076898254,0.0018717906392777439
590,0.70409549382274694,-0.70409549382274694,-0.092190407076898254,0.0018717906392777439
590,-0.70409549382274694,-0.70409549382274694,-0.092190407076898254,0.0018717906392777439
590,0.70409549382274694,0.092190407076898254,0.70409549382274694,0.0018717906392777439
590,-0.70409549382274694,0.092190407076898254,0.70409549382274694,0.0018717906392777439
590,0.70409549382274694,-0.092190407076898254,0.70409549382274694,0.0018717906392777439
590,-0.70409549382274694,-0.092190407076898254,0.70409549382274694,0.0018717906392777439
590,0.70409549382274694,0.092190407076898254,-0.70409549382274694,0.0018717906392777439
590,-0.70409549382274694,0.092190407076898254,-0.70409549382274694,0.0018717906392777439
590,0.70409549382274694,-0.092190407076898254,-0.70409549382274694,0.0018717906392777439
590,-0.70409549382274694,-0.092190407076898254,-0.70409549382274694,0.0018717906392777439
590,0.092190407076898254,0.70409549382274694,0.70409549382274694,0.0018717906392777439
590,-0.092190407076898254,0.70409549382274694,0.70409549382274694,0.0018717906392777439
590,0.092190407076898254,-0.70409549382274694,0.70409549382274694,0.0018717906392777439
590,-0.092190407076898254,-0.70409549382274694,0.70409549382274694,0.0018717906392777439
590,0.092190407076898254,0.70409549382274694,-0.70409549382274694,0.0018717906392777439
590,-0.092190407076898254,0.70409549382274694,-0.70409549382274694,0.0018717906392777439
590,0.092190407076898254,-0.70409549382274694,-0.70409549382274694,0.0018717906392777439
590,-0.092190407076898254,-0.70409549382274694,-0.70409549382274694,0.0018717906392777439
590,0.68077440664552435,0.68077440664552435,0.2703560883591648,0.001858812585438317
590,-0.68077440664552435,0.68077440664552435,0.2703560883591648,0.001858812585438317
590,0.68077440664552435,-0.68077440664552435,0.2703560883591648,0.001858812585438317
590,-0.68077440664552435,-0.68077440664552435,0.2703560883591648,0.001858812585438317
590,0.68077440664552435,0.68077440664552435,-0.2703560883591648,0.001858812585438317
590,-0.68077440664552435,0.68077440664552435,-0.2703560883591648,0.001858812585438317
590,0.68077440664552435,-0.68077440664552435,-0.2703560883591648,0.001858812585438317
590,-0.68077440664552435,-0.68077440664552435,-0.2703560883591648,0.001858812585438317
590,0.68077440664552435,0.2703560883591648,0.68077440664552435,0.001858812585438317
590,-0.68077440664552435,0.2703560883591648,0.68077440664552435,0.001858812585438317
590,0.68077440664552435,-0.2703560883591648,0.68077440664552435,0.001858812585438317
590,-0.68077440664552435,-0.2703560883591648,0.68077440664552435,0.001858812585438317
590,0.68077440664552435,0.2703560883591648,-0.68077440664552435,0.001858812585438317
590,-0.68077440664552435,0.2703560883591648,-0.68077440664552435,0.001858812585438317
590,0.68077440664552435,-0.2703560883591648,-0.68077440664552435,0.001858812585438317
590,-0.68077440664552435,-0.2703560883591648,-0.68077440664552435,0.001858812585438317
590,0.2703560883591648,0.68077440664552435,0.68077440664552435,0.001858812585438317
590,-0.2703560883591648,0.68077440664552435,0.68077440664552435,0.001858812585438317
590,0.2703560883591648,-0.68077440664552435,0.68077440664552435,0.001858812585438317
590,-0.2703560883591648,-0.68077440664552435,0.68077440664552435,0.001858812585438317
590,0.2703560883591648,0.68077440664552435,-0.68077440664552435,0.001858812585438317
590,-0.2703560883591648,0.68077440664552435,-0.68077440664552435,0.001858812585438317
590,0.2703560883591648,-0.68077440664552435,-0.68077440664552435,0.001858812585438317
590,-0.2703560883591648,-0.68077440664552435,-0.68077440664552435,0.001858812585438317
590,0.63725469392587519,0.63725469392587519,0.43337386877715439,0.001852028828296213
590,-0.63725469392587519,0.63725469392587519,0.43337386877715439,0.001852028828296213
590,0.63725469392587519,-0.63725469392587519,0.43337386877715439,0.001852028828296213
590,-0.63725469392587519,-0.63725469392587519,0.43337386877715439,0.001852028828296213
590,0.63725469392587519,0.63725469392587519,-0.43337386877715439,0.001852028828296213
590,-0.63725469392587519,0.63725469392587519,-0.43337386877715439,0.001852028828296213
590,0.63725469392587519,-0.63725469392587519,-0.43337386877715439,0.001852028828296213
590,-0.63725469392587519,-0.63725469392587519,-0.43337386877715439,0.001852028828296213
590,0.63725469392587519,0.43337386877715439,0.63725469392587519,0.001852028828296213
590,-0.63725469392587519,0.43337386877715439,0.63725469392587519,0.001852028828296213
590,0.63725469392587519,-0.43337386877715439,0.63725469392587519,0.001852028828296213
590,-0.63725469392587519,-0.43337386877715439,0.63725469392587519,0.001852028828296213
590,0.63725469392587519,0.43337386877715439,-0.63725469392587519,0.001852028828296213
590,-0.63725469392587519,0.43337386877715439,-0.63725469392587519,0.001852028828296213
590,0.63725469392587519,-0.43337386877715439,-0.63725469392587519,0.001852028828296213
590,-0.63725469392587519,-0.43337386877715439,-0.63725469392587519,0.001852028828296213
590,0.43337386877715439,0.63725469392587519,0.63725469392587519,0.001852028828296213
590,-0.43337386877715439,0.63725469392587519,0.63725469392587519,0.001852028828296213
590,0.43337386877715439,-0.63725469392587519,0.63725469392587519,0.001852028828296213
590,-0.43337386877715439,-0.63725469392587519,0.63725469392587519,0.001852028828296213
590,0.43337386877715439,0.63725469392587519,-0.63725469392587519,0.001852028828296213
590,-0.43337386877715439,0.63725469392587519,-0.63725469392587519,0.001852028828296213
590,0.43337386877715439,-0.63725469392587519,-0.63725469392587519,0.001852028828296213
590,-0.43337386877715439,-0.63725469392587519,-0.63725469392587519,0.001852028828296213
590,0.50444197078003583,0.50444197078003583,0.70076857537357296,0.001846715956151242
590,-0.50444197078003583,0.50444197078003583,0.70076857537357296,0.001846715956151242
590,0.50444197078003583,-0.50444197078003583,0.70076857537357296,0.001846715956151242
590,-0.50444197078003583,-0.50444197078003583,0.70076857537357296,0.001846715956151242
590,0.50444197078003583,0.50444197078003583,-0.70076857537357296,0.001846715956151242
590,-0.50444197078003583,0.50444197078003583,-0.70076857537357296,0.001846715956151242
590,0.50444197078003583,-0.50444197078003583,-0.70076857537357296,0.001846715956151242
590,-0.50444197078003583,-0.50444197078003583,-0.70076857537357296,0.001846715956151242
590,0.50444197078003583,0.70076857537357296,0.50444197078003583,0.001846715956151242
590,-0.50444197078003583,0.70076857537357296,0.50444197078003583,0.001846715956151242
590,0.50444197078003583,-0.70076857537357296,0.50444197078003583,0.001846715956151242
590,-0.50444197078003583,-0.70076857537357296,0.50444197078003583,0.001846715956151242
590,0.50444197078003583,0.70076857537357296,-0.50444197078003583,0.001846715956151242
590,-0.50444197078003583,0.70076857537357296,-0.50444197078003583,0.001846715956151242
590,0.50444197078003583,-0.70076857537357296,-0.50444197078003583,0.001846715956151242
590,-0.50444197078003583,-0.70076857537357296,-0.50444197078003583,0.001846715956151242
590,0.70076857537357296,0.50444197078003583,0.50444197078003583,0.001846715956151242
590,-0.70076857537357296,0.50444197078003583,0.50444197078003583,0.001846715956151242
590,0.70076857537357296,-0.50444197078003583,0.50444197078003583,0.001846715956151242
590,-0.70076857537357296,-0.50444197078003583,0.50444197078003583,0.001846715956151242
590,0.70076857537357296,0.50444197078003583,-0.50444197078003583,0.001846715956151242
590,-0.70076857537357296,0.50444197078003583,-0.50444197078003583,0.001846715956151242
590,0.70076857537357296,-0.50444197078003583,-0.50444197078003583,0.001846715956151242
590,-0.70076857537357296,-0.50444197078003583,-0.50444197078003583,0.001846715956151242
590,0.42157617840109668,0.42157617840109668,0.80283687733527376,0.0018184717781627689
590,-0.42157617840109668,0.42157617840109668,0.80283687733527376,0.0018184717781627689
590,0.42157617840109668,-0.42157617840109668,0.80283687733527376,0.0018184717781627689
590,-0.42157617840109668,-0.42157617840109668,0.80283687733527376,0.0018184717781627689
590,0.42157617840109668,0.42157617840109668,-0.80283687733527376,0.0018184717781627689
590,-0.42157617840109668,0.42157617840109668,-0.80283687733527376,0.0018184717781627689
590,0.42157617840109668,-0.42157617840109668,-0.80283687733527376,0.0018184717781627689
590,-0.42157617840109668,-0.42157617840109668,-0.80283687733527376,0.0018184717781627689
590,0.42157617840109668,0.80283687733527376,0.42157617840109668,0.0018184717781627689
590,-0.42157617840109668,0.80283687733527376,0.42157617840109668,0.0018184717781627689
590,0.42157617840109668,-0.80283687733527376,0.42157617840109668,0.0018184717781627689
590,-0.42157617840109668,-0.80283687733527376,0.42157617840109668,0.0018184717781627689
590,0.42157617840109668,0.80283687733527376,-0.42157617840109668,0.0018184717781627689
590,-0.42157617840109668,0.80283687733527376,-0.42157617840109668,0.0018184717781627689
590,0.42157617840109668,-0.80283687733527376,-0.42157617840109668,0.0018184717781627689
590,-0.42157617840109668,-0.80283687733527376,-0.42157617840109668,0.0018184717781627689
590,0.80283687733527376,0.42157617840109668,0.42157617840109668,0.0018184717781627689
590,-0.80283687733527376,0.42157617840109668,0.42157617840109668,0.0018184717781627689
590,0.80283687733527376,-0.42157617840109668,0.42157617840109668,0.0018184717781627689
590,-0.80283687733527376,-0.42157617840109668,0.42157617840109668,0.0018184717781627689
590,0.80283687733527376,0.42157617840109668,-0.42157617840109668,0.0018184717781627689
590,-0.80283687733527376,0.42157617840109668,-0.42157617840109668,0.0018184717781627689
590,0.80283687733527376,-0.42157617840109668,-0.42157617840109668,0.0018184717781627689
590,-0.80283687733527376,-0.42157617840109668,-0.42157617840109668,0.0018184717781627689
590,0.3317920736472123,0.3317920736472123,0.88307872793413256,0.0017495646572811541
590,-0.3317920736472123,0.3317920736472123,0.88307872793413256,0.0017495646572811541
590,0.3317920736472123,-0.3317920736472123,0.88307872793413256,0.0017495646572811541
590,-0.3317920736472123,-0.3317920736472123,0.88307872793413256,0.0017495646572811541
590,0.3317920736472123,0.3317920736472123,-0.88307872793413256,0.0017495646572811541
590,-0.3317920736472123,0.3317920736472123,-0.88307872793413256,0.0017495646572811541
590,0.3317920736472123,-0.3317920736472123,-0.88307872793413256,0.0017495646572811541
590,-0.3317920736472123,-0.3317920736472123,-0.88307872793413256,0.0017495646572811541
590,0.3317920736472123,0.88307872793413256,0.3317920736472123,0.0017495646572811541
590,-0.3317920736472123,0.88307872793413256,0.3317920736472123,0.0017495646572811541
590,0.3317920736472123,-0.88307872793413256,0.3317920736472123,0.0017495646572811541
590,-0.3317920736472123,-0.88307872793413256,0.3317920736472123,0.0017495646572811541
590,0.3317920736472123,0.88307872793413256,-0.3317920736472123,0.0017495646572811541
590,-0.3317920736472123,0.88307872793413256,-0.3317920736472123,0.0017495646572811541
590,0.3317920736472123,-0.88307872793413256,-0.3317920736472123,0.0017495646572811541
590,-0.3317920736472123,-0.88307872793413256,-0.3317920736472123,0.0017495646572811541
590,0.88307872793413256,0.3317920736472123,0.3317920736472123,0.0017495646572811541
590,-0.88307872793413256,0.3317920736472123,0.3317920736472123,0.0017495646572811541
590,0.88307872793413256,-0.3317920736472123,0.3317920736472123,0.0017495646572811541
590,-0.88307872793413256,-0.3317920736472123,0.3317920736472123,0.0017495646572811541
590,0.88307872793413256,0.3317920736472123,-0.3317920736472123,0.0017495646572811541
590,-0.88307872793413256,0.3317920736472123,-0.3317920736472123,0.0017495646572811541
590,0.88307872793413256,-0.3317920736472123,-0.3317920736472123,0.0017495646572811541
590,-0.88307872793413256,-0.3317920736472123,-0.3317920736472123,0.0017495646572811541
590,0.2384736701421887,0.2384736701421887,0.94141415822040253,0.0016172106472544111
590,-0.2384736701421887,0.2384736701421887,0.94141415822040253,0.0016172106472544111
590,0.2384736701421887,-0.2384736701421887,0.94141415822040253,0.0016172106472544111
590,-0.2384736701421887,-0.2384736701421887,0.94141415822040253,0.0016172106472544111
590,0.2384736701421887,0.2384736701421887,-0.94141415822040253,0.0016172106472544111
590,-0.2384736701421887,0.2384736701421887,-0.94141415822040253,0.0016172106472544111
590,0.2384736701421887,-0.2384736701421887,-0.94141415822040253,0.0016172106472544111
590,-0.2384736701421887,-0.2384736701421887,-0.94141415822040253,0.0016172106472544111
590,0.2384736701421887,0.94141415822040253,0.2384736701421887,0.0016172106472544111
590,-0.2384736701421887,0.94141415822040253,0.2384736701421887,0.0016172106472544111
590,0.2384736701421887,-0.94141415822040253,0.2384736701421887,0.0016172106472544111
590,-0.2384736701421887,-0.94141415822040253,0.2384736701421887,0.0016172106472544111
590,0.2384736701421887,0.94141415822040253,-0.2384736701421887,0.0016172106472544111
590,-0.2384736701421887,0.94141415822040253,-0.2384736701421887,0.0016172106472544111
590,0.2384736701421887,-0.94141415822040253,-0.2384736701421887,0.0016172106472544111
590,-0.2384736701421887,-0.94141415822040253,-0.2384736701421887,0.0016172106472544111
590,0.94141415822040253,0.2384736701421887,0.2384736701421887,0.0016172106472544111
590,-0.94141415822040253,0.2384736701421887,0.2384736701421887,0.0016172106472544111
590,0.94141415822040253,-0.2384736701421887,0.2384736701421887,0.0016172106472544111
590,-0.94141415822040253,-0.2384736701421887,0.2384736701421887,0.0016172106472544111
590,0.94141415822040253,0.2384736701421887,-0.2384736701421887,0.0016172106472544111
590,-0.94141415822040253,0.2384736701421887,-0.2384736701421887,0.0016172106472544111
590,0.94141415822040253,-0.2384736701421887,-0.2384736701421887,0.0016172106472544111
590,-0.94141415822040253,-0.2384736701421887,-0.2384736701421887,0.0016172106472544111
590,0.14590364491577629,0.14590364491577629,0.97848058376269387,0.0013847372348516919
590,-0.14590364491577629,0.14590364491577629,0.97848058376269387,0.0013847372348516919
590,0.14590364491577629,-0.14590364491577629,0.97848058376269387,0.0013847372348516919
590,-0.14590364491577629,-0.14590364491577629,0.97848058376269387,0.0013847372348516919
590,0.14590364491577629,0.14590364491577629,-0.97848058376269387,0.0013847372348516919
590,-0.14590364491577629,0.14590364491577629,-0.97848058376269387,0.0013847372348516919
590,0.14590364491577629,-0.14590364491577629,-0.97848058376269387,0.0013847372348516919
590,-0.14590364491577629,-0.14590364491577629,-0.97848058376269387,0.0013847372348516919
590,0.14590364491577629,0.97848058376269387,0.14590364491577629,0.0013847372348516919
590,-0.14590364491577629,0.97848058376269387,0.14590364491577629,0.0013847372348516919
590,0.14590364491577629,-0.97848058376269387,0.14590364491577629,0.0013847372348516919
590,-0.14590364491577629,-0.97848058376269387,0.14590364491577629,0.0013847372348516919
590,0.14590364491577629,0.97848058376269387,-0.14590364491577629,0.0013847372348516919
590,-0.14590364491577629,0.97848058376269387,-0.14590364491577629,0.0013847372348516919
590,0.14590364491577629,-0.97848058376269387,-0.14590364491577629,0.0013847372348516919
590,-0.14590364491577629,-0.97848058376269387,-0.14590364491577629,0.0013847372348516919
590,0.97848058376269387,0.14590364491577629,0.14590364491577629,0.0013847372348516919
590,-0.97848058376269387,0.14590364491577629,0.14590364491577629,0.0013847372348516919
590,0.97848058376269387,-0.14590364491577629,0.14590364491577629,0.0013847372348516919
590,-0.97848058376269387,-0.14590364491577629,0.14590364491577629,0.0013847372348516919
590,0.97848058376269387,0.14590364491577629,-0.14590364491577629,0.0013847372348516919
590,-0.97848058376269387,0.14590364491577629,-0.14590364491577629,0.0013847372348516919
590,0.97848058376269387,-0.14590364491577629,-0.14590364491577629,0.0013847372348516919
590,-0.97848058376269387,-0.14590364491577629,-0.14590364491577629,0.0013847372348516919
590,0.06095034115507196,0.06095034115507196,0.99627812975401642,0.00097643311650510501
590,-0.06095034115507196,0.06095034115507196,0.99627812975401642,0.00097643311650510501
590,0.06095034115507196,-0.06095034115507196,0.99627812975401642,0.00097643311650510501
590,-0.06095034115507196,-0.06095034115507196,0.99627812975401642,0.00097643311650510501
590,0.06095034115507196,0.06095034115507196,-0.99627812975401642,0.00097643311650510501
590,-0.06095034115507196,0.06095034115507196,-0.99627812975401642,0.00097643311650510501
590,0.06095034115507196,-0.06095034115507196,-0.99627812975401642,0.00097643311650510501
590,-0.06095034115507196,-0.06095034115507196,-0.99627812975401642,0.00097643311650510501
590,0.06095034115507196,0.99627812975401642,0.06095034115507196,0.00097643311650510501
590,-0.06095034115507196,0.99627812975401642,0.06095034115507196,0.00097643311650510501
590,0.06095034115507196,-0.99627812975401642,0.06095034115507196,0.00097643311650510501
590,-0.06095034115507196,-0.99627812975401642,0.06095034115507196,0.00097643311650510501
590,0.06095034115507196,0.99627812975401642,-0.06095034115507196,0.00097643311650510501
590,-0.06095034115507196,0.99627812975401642,-0.06095034115507196,0.00097643311650510501
590,0.06095034115507196,-0.99627812975401642,-0.06095034115507196,0.00097643311650510501
590,-0.06095034115507196,-0.99627812975401642,-0.06095034115507196,0.00097643311650510501
590,0.99627812975401642,0.06095034115507196,0.06095034115507196,0.00097643311650510501
590,-0.99627812975401642,0.06095034115507196,0.06095034115507196,0.00097643311650510501
590,0.99627812975401642,-0.06095034115507196,0.06095034115507196,0.00097643311650510501
590,-0.99627812975401642,-0.06095034115507196,0.06095034115507196,0.00097643311650510501
590,0.99627812975401642,0.06095034115507196,-0.06095034115507196,0.00097643311650510501
590,-0.99627812975401642,0.06095034115507196,-0.06095034115507196,0.00097643311650510501
590,0.99627812975401642,-0.06095034115507196,-0.06095034115507196,0.00097643311650510501
590,-0.99627812975401642,-0.06095034115507196,-0.06095034115507196,0.00097643311650510501
590,0.61168434420098761,0.79110192962690196,0,0.0018571611967740779
590,-0.61168434420098761,0.79110192962690196,0,0.0018571611967740779
590,0.61168434420098761,-0.79110192962690196,0,0.0018571611967740779
590,-0.61168434420098761,-0.79110192962690196,0,0.0018571611967740779
590,0.79110192962690196,0.61168434420098761,0,0.0018571611967740779
590,-0.79110192962690196,0.61168434420098761,0,0.0018571611967740779
590,0.79110192962690196,-0.61168434420098761,0,0.0018571611967740779
590,-0.79110192962690196,-0.61168434420098761,0,0.0018571611967740779
590,0.61168434420098761,0,0.79110192962690196,0.0018571611967740779
590,-0.61168434420098761,0,0.79110192962690196,0.0018571611967740779
590,0.61168434420098761,0,-0.79110192962690196,0.0018571611967740779
590,-0.61168434420098761,0,-0.79110192962690196,0.0018571611967740779
590,0.79110192962690196,0,0.61168434420098761,0.0018571611967740779
590,-0.79110192962690196,0,0.61168434420098761,0.0018571611967740779
590,0.79110192962690196,0,-0.61168434420098761,0.0018571611967740779
590,-0.79110192962690196,0,-0.61168434420098761,0.0018571611967740779
590,0,0.61168434420098761,0.79110192962690196,0.0018571611967740779
590,0,-0.61168434420098761,0.79110192962690196,0.0018571611967740779
590,0,0.61168434420098761,-0.79110192962690196,0.0018571611967740779
590,0,-0.61168434420098761,-0.79110192962690196,0.0018571611967740779
590,0,0.79110192962690196,0.61168434420098761,0.0018571611967740779
590,0,-0.79110192962690196,0.61168434420098761,0.0018571611967740779
590,0,0.79110192962690196,-0.61168434420098761,0.0018571611967740779
590,0,-0.79110192962690196,-0.61168434420098761,0.0018571611967740779
590,0.39647553481998582,0.91804528771145399,0,0.0017051539963958641
590,-0.39647553481998582,0.91804528771145399,0,0.0017051539963958641
590,0.39647553481998582,-0.91804528771145399,0,0.0017051539963958641
590,-0.39647553481998582,-0.91804528771145399,0,0.0017051539963958641
590,0.91804528771145399,0.39647553481998582,0,0.0017051539963958641
590,-0.91804528771145399,0.39647553481998582,0,0.0017051539963958641
590,0.91804528771145399,-0.39647553481998582,0,0.0017051539963958641
590,-0.91804528771145399,-0.39647553481998582,0,0.0017051539963958641
590,0.39647553481998582,0,0.91804528771145399,0.0017051539963958641
590,-0.39647553481998582,0,0.91804528771145399,0.0017051539963958641
590,0.39647553481998582,0,-0.91804528771145399,0.0017051539963958641
590,-0.39647553481998582,0,-0.91804528771145399,0.0017051539963958641
590,0.91804528771145399,0,0.39647553481998582,0.0017051539963958641
590,-0.91804528771145399,0,0.39647553481998582,0.0017051539963958641
590,0.91804528771145399,0,-0.39647553481998582,0.0017051539963958641
590,-0.91804528771145399,0,-0.39647553481998582,0.0017051539963958641
590,0,0.39647553481998582,0.91804528771145399,0.0017051539963958641
590,0,-0.39647553481998582,0.91804528771145399,0.0017051539963958641
590,0,0.39647553481998582,-0.91804528771145399,0.0017051539963958641
590,0,-0.39647553481998582,-0.91804528771145399,0.0017051539963958641
590,0,0.91804528771145399,0.39647553481998582,0.0017051539963958641
590,0,-0.91804528771145399,0.39647553481998582,0.0017051539963958641
590,0,0.91804528771145399,-0.39647553481998582,0.0017051539963958641
590,0,-0.91804528771145399,-0.39647553481998582,0.0017051539963958641
590,0.17247820099077241,0.98501333502800192,0,0.0013003216858860479
590,-0.17247820099077241,0.98501333502800192,0,0.0013003216858860479
590,0.17247820099077241,-0.98501333502800192,0,0.0013003216858860479
590,-0.17247820099077241,-0.98501333502800192,0,0.0013003216858860479
590,0.98501333502800192,0.17247820099077241,0,0.0013003216858860479
590,-0.98501333502800192,0.17247820099077241,0,0.0013003216858860479
590,0.98501333502800192,-0.17247820099077241,0,0.0013003216858860479
590,-0.98501333502800192,-0.17247820099077241,0,0.0013003216858860479
590,0.17247820099077241,0,0.98501333502800192,0.0013003216858860479
590,-0.17247820099077241,0,0.98501333502800192,0.0013003216858860479
590,0.17247820099077241,0,-0.98501333502800192,0.0013003216858860479
590,-0.17247820099077241,0,-0.98501333502800192,0.0013003216858860479
590,0.98501333502800192,0,0.17247820099077241,0.0013003216858860479
590,-0.98501333502800192,0,0.17247820099077241,0.0013003216858860479
590,0.98501333502800192,0,-0.17247820099077241,0.0013003216858860479
590,-0.98501333502800192,0,-0.17247820099077241,0.0013003216858860479
590,0,0.17247820099077241,0.98501333502800192,0.0013003216858860479
590,0,-0.17247820099077241,0.98501333502800192,0.0013003216858860479
590,0,0.17247820099077241,-0.98501333502800192,0.0013003216858860479
590,0,-0.17247820099077241,-0.98501333502800192,0.0013003216858860479
590,0,0.98501333502800192,0.17247820099077241,0.0013003216858860479
590,0,-0.98501333502800192,0.17247820099077241,0.0013003216858860479
590,0,0.98501333502800192,-0.17247820099077241,0.0013003216858860479
590,0,-0.98501333502800192,-0.17247820099077241,0.0013003216858860479
590,0.56102638086220602,0.35182809277335192,0.74931061190411585,0.001842866472905286
590,-0.56102638086220602,0.35182809277335192,0.74931061190411585,0.001842866472905286
590,0.56102638086220602,-0.35182809277335192,0.74931061190411585,0.001842866472905286
590,-0.56102638086220602,-0.35182809277335192,0.74931061190411585,0.001842866472905286
590,0.56102638086220602,0.35182809277335192,-0.74931061190411585,0.001842866472905286
590,-0.56102638086220602,0.35182809277335192,-0.74931061190411585,0.001842866472905286
590,0.56102638086220602,-0.35182809277335192,-0.74931061190411585,0.001842866472905286
590,-0.56102638086220602,-0.35182809277335192,-0.74931061190411585,0.001842866472905286
590,0.56102638086220602,0.74931061190411585,0.35182809277335192,0.001842866472905286
590,-0.56102638086220602,0.74931061190411585,0.35182809277335192,0.001842866472905286
590,0.56102638086220602,-0.74931061190411585,0.35182809277335192,0.001842866472905286
590,-0.56102638086220602,-0.74931061190411585,0.35182809277335192,0.001842866472905286
590,0.56102638086220602,0.74931061190411585,-0.35182809277335192,0.001842866472905286
590,-0.56102638086220602,0.74931061190411585,-0.35182809277335192,0.001842866472905286
590,0.56102638086220602,-0.74931061190411585,-0.35182809277335192,0.001842866472905286
590,-0.56102638086220602,-0.74931061190411585,-0.35182809277335192,0.001842866472905286
590,0.35182809277335192,0.56102638086220602,0.74931061190411585,0.001842866472905286
590,-0.35182809277335192,0.56102638086220602,0.74931061190411585,0.001842866472905286
590,0.35182809277335192,-0.56102638086220602,0.74931061190411585,0.001842866472905286
590,-0.35182809277335192,-0.56102638086220602,0.74931061190411585,0.001842866472905286
590,0.35182809277335192,0.56102638086220602,-0.74931061190411585,0.001842866472905286
590,-0.35182809277335192,0.56102638086220602,-0.74931061190411585,0.001842866472905286
590,0.35182809277335192,-0.56102638086220602,-0.74931061190411585,0.001842866472905286
590,-0.35182809277335192,-0.56102638086220602,-0.74931061190411585,0.001842866472905286
590,0.35182809277335192,0.74931061190411585,0.56102638086220602,0.001842866472905286
590,-0.35182809277335192,0.74931061190411585,0.56102638086220602,0.001842866472905286
590,0.35182809277335192,-0.74931061190411585,0.56102638086220602,0.001842866472905286
590,-0.35182809277335192,-0.74931061190411585,0.56102638086220602,0.001842866472905286
590,0.35182809277335192,0.74931061190411585,-0.56102638086220602,0.001842866472905286
590,-0.35182809277335192,0.74931061190411585,-0.56102638086220602,0.001842866472905286
590,0.35182809277335192,-0.74931061190411585,-0.56102638086220602,0.001842866472905286
590,-0.35182809277335192,-0.74931061190411585,-0.56102638086220602,0.001842866472905286
590,0.74931061190411585,0.56102638086220602,0.35182809277335192,0.001842866472905286
590,-0.74931061190411585,0.56102638086220602,0.35182809277335192,0.001842866472905286
590,0.74931061190411585,-0.56102638086220602,0.35182809277335192,0.001842866472905286
590,-0.74931061190411585,-0.56102638086220602,0.35182809277335192,0.001842866472905286
590,0.74931061190411585,0.56102638086220602,-0.35182809277335192,0.001842866472905286
590,-0.74931061190411585,0.56102638086220602,-0.35182809277335192,0.001842866472905286
590,0.74931061190411585,-0.56102638086220602,-0.35182809277335192,0.001842866472905286
590,-0.74931061190411585,-0.56102638086220602,-0.35182809277335192,0.001842866472905286
590,0.74931061190411585,0.35182809277335192,0.56102638086220602,0.001842866472905286
590,-0.74931061190411585,0.35182809277335192,0.56102638086220602,0.001842866472905286
590,0.74931061190411585,-0.35182809277335192,0.56102638086220602,0.001842866472905286
590,-0.74931061190411585,-0.35182809277335192,0.56102638086220602,0.001842866472905286
590,0.74931061190411585,0.35182809277335192,-0.56102638086220602,0.001842866472905286
590,-0.74931061190411585,0.35182809277335192,-0.56102638086220602,0.001842866472905286
590,0.74931061190411585,-0.35182809277335192,-0.56102638086220602,0.001842866472905286
590,-0.74931061190411585,-0.35182809277335192,-0.56102638086220602,0.001842866472905286
590,0.47423928425519801,0.26347166559379498,0.84004748835905041,0.001802658934377451
590,-0.47423928425519801,0.26347166559379498,0.84004748835905041,0.001802658934377451
590,0.47423928425519801,-0.26347166559379498,0.84004748835905041,0.001802658934377451
590,-0.47423928425519801,-0.26347166559379498,0.84004748835905041,0.001802658934377451
590,0.47423928425519801,0.26347166559379498,-0.84004748835905041,0.001802658934377451
590,-0.47423928425519801,0.26347166559379498,-0.84004748835905041,0.001802658934377451
590,0.47423928425519801,-0.26347166559379498,-0.84004748835905041,0.001802658934377451
590,-0.47423928425519801,-0.26347166559379498,-0.84004748835905041,0.001802658934377451
590,0.47423928425519801,0.84004748835905041,0.26347166559379498,0.001802658934377451
590,-0.47423928425519801,0.84004748835905041,0.26347166559379498,0.001802658934377451
590,0.47423928425519801,-0.84004748835905041,0.26347166559379498,0.001802658934377451
590,-0.47423928425519801,-0.84004748835905041,0.26347166559379498,0.001802658934377451
590,0.47423928425519801,0.84004748835905041,-0.26347166559379498,0.001802658934377451
590,-0.47423928425519801,0.84004748835905041,-0.26347166559379498,0.001802658934377451
590,0.47423928425519801,-0.84004748835905041,-0.26347166559379498,0.001802658934377451
590,-0.47423928425519801,-0.84004748835905041,-0.26347166559379498,0.001802658934377451
590,0.26347166559379498,0.47423928425519801,0.84004748835905041,0.001802658934377451
590,-0.26347166559379498,0.47423928425519801,0.84004748835905041,0.001802658934377451
590,0.26347166559379498,-0.47423928425519801,0.84004748835905041,0.001802658934377451
590,-0.26347166559379498,-0.47423928425519801,0.84004748835905041,0.001802658934377451
590,0.26347166559379498,0.47423928425519801,-0.84004748835905041,0.001802658934377451
590,-0.26347166559379498,0.47423928425519801,-0.84004748835905041,0.001802658934377451
590,0.26347166559379498,-0.47423928425519801,-0.84004748835905041,0.001802658934377451
590,-0.26347166559379498,-0.47423928425519801,-0.84004748835905041,0.001802658934377451
590,0.26347166559379498,0.84004748835905041,0.47423928425519801,0.001802658934377451
590,-0.26347166559379498,0.84004748835905041,0.47423928425519801,0.001802658934377451
590,0.26347166559379498,-0.84004748835905041,0.47423928425519801,0.001802658934377451
590,-0.26347166559379498,-0.84004748835905041,0.47423928425519801,0.001802658934377451
590,0.26347166559379498,0.84004748835905041,-0.47423928425519801,0.001802658934377451
590,-0.26347166559379498,0.84004748835905041,-0.47423928425519801,0.001802658934377451
590,0.26347166559379498,-0.84004748835905041,-0.47423928425519801,0.001802658934377451
590,-0.26347166559379498,-0.84004748835905041,-0.47423928425519801,0.001802658934377451
590,0.84004748835905041,0.47423928425519801,0.26347166559379498,0.001802658934377451
590,-0.84004748835905041,0.47423928425519801,0.26347166559379498,0.001802658934377451
590,0.84004748835905041,-0.47423928425519801,0.26347166559379498,0.001802658934377451
590,-0.84004748835905041,-0.47423928425519801,0.26347166559379498,0.001802658934377451
590,0.84004748835905041,0.47423928425519801,-0.26347166559379498,0.001802658934377451
590,-0.84004748835905041,0.47423928425519801,-0.26347166559379498,0.001802658934377451
590,0.84004748835905041,-0.47423928425519801,-0.26347166559379498,0.001802658934377451
590,-0.84004748835905041,-0.47423928425519801,-0.26347166559379498,0.001802658934377451
590,0.84004748835905041,0.26347166559379498,0.47423928425519801,0.001802658934377451
590,-0.84004748835905041,0.26347166559379498,0.47423928425519801,0.001802658934377451
590,0.84004748835905041,-0.26347166559379498,0.47423928425519801,0.001802658934377451
590,-0.84004748835905041,-0.26347166559379498,0.47423928425519801,0.001802658934377451
590,0.84004748835905041,0.26347166559379498,-0.47423928425519801,0.001802658934377451
590,-0.84004748835905041,0.26347166559379498,-0.47423928425519801,0.001802658934377451
590,0.84004748835905041,-0.26347166559379498,-0.47423928425519801,0.001802658934377451
590,-0.84004748835905041,-0.26347166559379498,-0.47423928425519801,0.001802658934377451
590,0.59841264978853803,0.18166408403602091,0.78032074247992034,0.00184983056044366
590,-0.59841264978853803,0.18166408403602091,0.78032074247992034,0.00184983056044366
590,0.59841264978853803,-0.18166408403602091,0.78032074247992034,0.00184983056044366
590,-0.59841264978853803,-0.18166408403602091,0.78032074247992034,0.00184983056044366
590,0.59841264978853803,0.18166408403602091,-0.78032074247992034,0.00184983056044366
590,-0.59841264978853803,0.18166408403602091,-0.78032074247992034,0.00184983056044366
590,0.59841264978853803,-0.18166408403602091,-0.78032074247992034,0.00184983056044366
590,-0.59841264978853803,-0.18166408403602091,-0.78032074247992034,0.00184983056044366
590,0.59841264978853803,0.78032074247992034,0.18166408403602091,0.00184983056044366
590,-0.59841264978853803,0.78032074247992034,0.18166408403602091,0.00184983056044366
590,0.59841264978853803,-0.78032074247992034,0.18166408403602091,0.00184983056044366
590,-0.59841264978853803,-0.78032074247992034,0.18166408403602091,0.00184983056044366
590,0.59841264978853803,0.78032074247992034,-0.18166408403602091,0.00184983056044366
590,-0.59841264978853803,0.78032074247992034,-0.18166408403602091,0.00184983056044366
590,0.59841264978853803,-0.78032074247992034,-0.18166408403602091,0.00184983056044366
590,-0.59841264978853803,-0.78032074247992034,-0.18166408403602091,0.00184983056044366
590,0.18166408403602091,0.59841264978853803,0.78032074247992034,0.00184983056044366
590,-0.18166408403602091,0.59841264978853803,0.78032074247992034,0.00184983056044366
590,0.18166408403602091,-0.59841264978853803,0.78032074247992034,0.00184983056044366
590,-0.18166408403602091,-0.59841264978853803,0.78032074247992034,0.00184983056044366
590,0.18166408403602091,0.59841264978853803,-0.78032074247992034,0.00184983056044366
590,-0.18166408403602091,0.59841264978853803,-0.78032074247992034,0.00184983056044366
590,0.18166408403602091,-0.59841264978853803,-0.78032074247992034,0.00184983056044366
590,-0.18166408403602091,-0.59841264978853803,-0.78032074247992034,0.00184983056044366
590,0.18166408403602091,0.78032074247992034,0.59841264978853803,0.00184983056044366
590,-0.18166408403602091,0.78032074247992034,0.59841264978853803,0.00184983056044366
590,0.18166408403602091,-0.78032074247992034,0.59841264978853803,0.00184983056044366
590,-0.18166408403602091,-0.78032074247992034,0.59841264978853803,0.00184983056044366
590,0.18166408403602091,0.78032074247992034,-0.59841264978853803,0.00184983056044366
590,-0.18166408403602091,0.78032074247992034,-0.59841264978853803,0.00184983056044366
590,0.18166408403602091,-0.78032074247992034,-0.59841264978853803,0.00184983056044366
590,-0.18166408403602091,-0.78032074247992034,-0.59841264978853803,0.00184983056044366
590,0.78032074247992034,0.59841264978853803,0.18166408403602091,0.00184983056044366
590,-0.78032074247992034,0.59841264978853803,0.18166408403602091,0.00184983056044366
590,0.78032074247992034,-0.59841264978853803,0.18166408403602091,0.00184983056044366
590,-0.78032074247992034,-0.59841264978853803,0.18166408403602091,0.00184983056044366
590,0.78032074247992034,0.59841264978853803,-0.18166408403602091,0.00184983056044366
590,-0.78032074247992034,0.59841264978853803,-0.18166408403602091,0.00184983056044366
590,0.78032074247992034,-0.59841264978853803,-0.18166408403602091,0.00184983056044366
590,-0.78032074247992034,-0.59841264978853803,-0.18166408403602091,0.00184983056044366
590,0.78032074247992034,0.18166408403602091,0.59841264978853803,0.00184983056044366
590,-0.78032074247992034,0.18166408403602091,0.59841264978853803,0.00184983056044366
590,0.78032074247992034,-0.18166408403602091,0.59841264978853803,0.00184983056044366
590,-0.78032074247992034,-0.18166408403602091,0.59841264978853803,0.00184983056044366
590,0.78032074247992034,0.18166408403602091,-0.59841264978853803,0.00184983056044366
590,-0.78032074247992034,0.18166408403602091,-0.59841264978853803,0.00184983056044366
590,0.78032074247992034,-0.18166408403602091,-0.59841264978853803,0.00184983056044366
590,-0.78032074247992034,-0.18166408403602091,-0.59841264978853803,0.00184983056044366
590,0.37910354076955632,0.17207952256568779,0.9092134750923736,0.0017139045071067091
590,-0.37910354076955632,0.17207952256568779,0.9092134750923736,0.0017139045071067091
590,0.37910354076955632,-0.17207952256568779,0.9092134750923736,0.0017139045071067091
590,-0.37910354076955632,-0.17207952256568779,0.9092134750923736,0.0017139045071067091
590,0.37910354076955632,0.17207952256568779,-0.9092134750923736,0.0017139045071067091
590,-0.37910354076955632,0.17207952256568779,-0.9092134750923736,0.0017139045071067091
590,0.37910354076955632,-0.17207952256568779,-0.9092134750923736,0.0017139045071067091
590,-0.37910354076955632,-0.17207952256568779,-0.9092134750923736,0.0017139045071067091
590,0.37910354076955632,0.9092134750923736,0.17207952256568779,0.0017139045071067091
590,-0.37910354076955632,0.9092134750923736,0.17207952256568779,0.0017139045071067091
590,0.37910354076955632,-0.9092134750923736,0.17207952256568779,0.0017139045071067091
590,-0.37910354076955632,-0.9092134750923736,0.17207952256568779,0.0017139045071067091
590,0.37910354076955632,0.9092134750923736,-0.17207952256568779,0.0017139045071067091
590,-0.37910354076955632,0.9092134750923736,-0.17207952256568779,0.0017139045071067091
590,0.37910354076955632,-0.9092134750923736,-0.17207952256568779,0.0017139045071067091
590,-0.37910354076955632,-0.9092134750923736,-0.17207952256568779,0.0017139045071067091
590,0.17207952256568779,0.37910354076955632,0.9092134750923736,0.0017139045071067091
590,-0.17207952256568779,0.37910354076955632,0.9092134750923736,0.0017139045071067091
590,0.17207952256568779,-0.37910354076955632,0.9092134750923736,0.0017139045071067091
590,-0.17207952256568779,-0.37910354076955632,0.9092134750923736,0.0017139045071067091
590,0.17207952256568779,0.37910354076955632,-0.9092134750923736,0.0017139045071067091
590,-0.17207952256568779,0.37910354076955632,-0.9092134750923736,0.0017139045071067091
590,0.17207952256568779,-0.37910354076955632,-0.9092134750923736,0.0017139045071067091
590,-0.17207952256568779,-0.37910354076955632,-0.9092134750923736,0.0017139045071067091
590,0.17207952256568779,0.9092134750923736,0.37910354076955632,0.0017139045071067091
590,-0.17207952256568779,0.9092134750923736,0.37910354076955632,0.0017139045071067091
590,0.17207952256568779,-0.9092134750923736,0.37910354076955632,0.0017139045071067091
590,-0.17207952256568779,-0.9092134750923736,0.37910354076955632,0.0017139045071067091
590,0.17207952256568779,0.9092134750923736,-0.37910354076955632,0.0017139045071067091
590,-0.17207952256568779,0.9092134750923736,-0.37910354076955632,0.0017139045071067091
590,0.17207952256568779,-0.9092134750923736,-0.37910354076955632,0.0017139045071067091
590,-0.17207952256568779,-0.9092134750923736,-0.37910354076955632,0.0017139045071067091
590,0.9092134750923736,0.37910354076955632,0.17207952256568779,0.0017139045071067091
590,-0.9092134750923736,0.37910354076955632,0.17207952256568779,0.0017139045071067091
590,0.9092134750923736,-0.37910354076955632,0.17207952256568779,0.0017139045071067091
590,-0.9092134750923736,-0.37910354076955632,0.17207952256568779,0.0017139045071067091
590,0.9092134750923736,0.37910354076955632,-0.17207952256568779,0.0017139045071067091
590,-0.9092134750923736,0.37910354076955632,-0.17207952256568779,0.0017139045071067091
590,0.9092134750923736,-0.37910354076955632,-0.17207952256568779,0.0017139045071067091
590,-0.9092134750923736,-0.37910354076955632,-0.17207952256568779,0.0017139045071067091
590,0.9092134750923736,0.17207952256568779,0.37910354076955632,0.0017139045071067091
590,-0.9092134750923736,0.17207952256568779,0.37910354076955632,0.0017139045071067091
590,0.9092134750923736,-0.17207952256568779,0.37910354076955632,0.0017139045071067091
590,-0.9092134750923736,-0.17207952256568779,0.37910354076955632,0.0017139045071067091
590,0.9092134750923736,0.17207952256568779,-0.37910354076955632,0.0017139045071067091
590,-0.9092134750923736,0.17207952256568779,-0.37910354076955632,0.0017139045071067091
590,0.9092134750923736,-0.17207952256568779,-0.37910354076955632,0.0017139045071067091
590,-0.9092134750923736,-0.17207952256568779,-0.37910354076955632,0.0017139045071067091
590,0.27786731905862438,0.082130215819325114,0.95710207431007255,0.0015552136033968079
590,-0.27786731905862438,0.082130215819325114,0.95710207431007255,0.0015552136033968079
590,0.27786731905862438,-0.082130215819325114,0.95710207431007255,0.0015552136033968079
590,-0.27786731905862438,-0.082130215819325114,0.95710207431007255,0.0015552136033968079
590,0.27786731905862438,0.082130215819325114,-0.95710207431007255,0.0015552136033968079
590,-0.27786731905862438,0.082130215819325114,-0.95710207431007255,0.0015552136033968079
590,0.27786731905862438,-0.082130215819325114,-0.95710207431007255,0.0015552136033968079
590,-0.27786731905862438,-0.082130215819325114,-0.95710207431007255,0.0015552136033968079
590,0.27786731905862438,0.95710207431007255,0.082130215819325114,0.0015552136033968079
590,-0.27786731905862438,0.95710207431007255,0.082130215819325114,0.0015552136033968079
590,0.27786731905862438,-0.95710207431007255,0.082130215819325114,0.0015552136033968079
590,-0.27786731905862438,-0.95710207431007255,0.082130215819325114,0.0015552136033968079
590,0.27786731905862438,0.95710207431007255,-0.082130215819325114,0.0015552136033968079
590,-0.27786731905862438,0.95710207431007255,-0.082130215819325114,0.0015552136033968079
590,0.27786731905862438,-0.95710207431007255,-0.082130215819325114,0.0015552136033968079
590,-0.27786731905862438,-0.95710207431007255,-0.082130215819325114,0.0015552136033968079
590,0.082130215819325114,0.27786731905862438,0.95710207431007255,0.0015552136033968079
590,-0.082130215819325114,0.27786731905862438,0.95710207431007255,0.0015552136033968079
590,0.082130215819325114,-0.27786731905862438,0.95710207431007255,0.0015552136033968079
590,-0.082130215819325114,-0.27786731905862438,0.95710207431007255,0.0015552136033968079
590,0.082130215819325114,0.27786731905862438,-0.95710207431007255,0.0015552136033968079
590,-0.082130215819325114,0.27786731905862438,-0.95710207431007255,0.0015552136033968079
590,0.082130215819325114,-0.27786731905862438,-0.95710207431007255,0.0015552136033968079
590,-0.082130215819325114,-0.27786731905862438,-0.95710207431007255,0.0015552136033968079
590,0.082130215819325114,0.95710207431007255,0.27786731905862438,0.0015552136033968079
590,-0.082130215819325114,0.95710207431007255,0.27786731905862438,0.0015552136033968079
590,0.082130215819325114,-0.95710207431007255,0.27786731905862438,0.0015552136033968079
590,-0.082130215819325114,-0.95710207431007255,0.27786731905862438,0.0015552136033968079
590,0.082130215819325114,0.95710207431007255,-0.27786731905862438,0.0015552136033968079
590,-0.082130215819325114,0.95710207431007255,-0.27786731905862438,0.0015552136033968079
590,0.082130215819325114,-0.95710207431007255,-0.27786731905862438,0.0015552136033968079
590,-0.082130215819325114,-0.95710207431007255,-0.27786731905862438,0.0015552136033968079
590,0.95710207431007255,0.27786731905862438,0.082130215819325114,0.0015552136033968079
590,-0.95710207431007255,0.27786731905862438,0.082130215819325114,0.0015552136033968079
590,0.95710207431007255,-0.27786731905862438,0.082130215819325114,0.0015552136033968079
590,-0.95710207431007255,-0.27786731905862438,0.082130215819325114,0.0015552136033968079
590,0.95710207431007255,0.27786731905862438,-0.082130215819325114,0.0015552136033968079
590,-0.95710207431007255,0.27786731905862438,-0.082130215819325114,0.0015552136033968079
590,0.95710207431007255,-0.27786731905862438,-0.082130215819325114,0.0015552136033968079
590,-0.95710207431007255,-0.27786731905862438,-0.082130215819325114,0.0015552136033968079
590,0.95710207431007255,0.082130215819325114,0.27786731905862438,0.0015552136033968079
590,-0.95710207431007255,0.082130215819325114,0.27786731905862438,0.0015552136033968079
590,0.95710207431007255,-0.082130215819325114,0.27786731905862438,0.0015552136033968079
590,-0.95710207431007255,-0.082130215819325114,0.27786731905862438,0.0015552136033968079
590,0.95710207431007255,0.082130215819325114,-0.27786731905862438,0.0015552136033968079
590,-0.95710207431007255,0.082130215819325114,-0.27786731905862438,0.0015552136033968079
590,0.95710207431007255,-0.082130215819325114,-0.27786731905862438,0.0015552136033968079
590,-0.95710207431007255,-0.082130215819325114,-0.27786731905862438,0.0015552136033968079
590,0.50335642710751172,0.089992058420748755,0.85937985589072119,0.001802239128008525
590,-0.50335642710751172,0.089992058420748755,0.85937985589072119,0.001802239128008525
590,0.50335642710751172,-0.089992058420748755,0.85937985589072119,0.001802239128008525
590,-0.50335642710751172,-0.089992058420748755,0.85937985589072119,0.001802239128008525
590,0.50335642710751172,0.089992058420748755,-0.85937985589072119,0.001802239128008525
590,-0.50335642710751172,0.089992058420748755,-0.85937985589072119,0.001802239128008525
590,0.50335642710751172,-0.089992058420748755,-0.85937985589072119,0.001802239128008525
590,-0.50335642710751172,-0.089992058420748755,-0.85937985589072119,0.001802239128008525
590,0.50335642710751172,0.85937985589072119,0.089992058420748755,0.001802239128008525
590,-0.50335642710751172,0.85937985589072119,0.089992058420748755,0.001802239128008525
590,0.50335642710751172,-0.85937985589072119,0.089992058420748755,0.001802239128008525
590,-0.50335642710751172,-0.85937985589072119,0.089992058420748755,0.001802239128008525
590,0.50335642710751172,0.85937985589072119,-0.089992058420748755,0.001802239128008525
590,-0.50335642710751172,0.85937985589072119,-0.089992058420748755,0.001802239128008525
590,0.50335642710751172,-0.85937985589072119,-0.089992058420748755,0.001802239128008525
590,-0.50335642710751172,-0.85937985589072119,-0.089992058420748755,0.001802239128008525
590,0.089992058420748755,0.50335642710751172,0.85937985589072119,0.001802239128008525
590,-0.089992058420748755,0.50335642710751172,0.85937985589072119,0.001802239128008525
590,0.089992058420748755,-0.50335642710751172,0.85937985589072119,0.001802239128008525
590,-0.089992058420748755,-0.50335642710751172,0.85937985589072119,0.001802239128008525
590,0.089992058420748755,0.50335642710751172,-0.85937985589072119,0.001802239128008525
590,-0.089992058420748755,0.50335642710751172,-0.85937985589072119,0.001802239128008525
590,0.089992058420748755,-0.50335642710751172,-0.85937985589072119,0.001802239128008525
590,-0.089992058420748755,-0.50335642710751172,-0.85937985589072119,0.001802239128008525
590,0.089992058420748755,0.85937985589072119,0.50335642710751172,0.001802239128008525
590,-0.089992058420748755,0.85937985589072119,0.50335642710751172,0.001802239128008525
590,0.089992058420748755,-0.85937985589072119,0.50335642710751172,0.001802239128008525
590,-0.089992058420748755,-0.85937985589072119,0.50335642710751172,0.001802239128008525
590,0.089992058420748755,0.85937985589072119,-0.50335642710751172,0.001802239128008525
590,-0.089992058420748755,0.85937985589072119,-0.50335642710751172,0.001802239128008525
590,0.089992058420748755,-0.85937985589072119,-0.50335642710751172,0.001802239128008525
590,-0.089992058420748755,-0.85937985589072119,-0.50335642710751172,0.001802239128008525
590,0.85937985589072119,0.50335642710751172,0.089992058420748755,0.001802239128008525
590,-0.85937985589072119,0.50335642710751172,0.089992058420748755,0.001802239128008525
590,0.85937985589072119,-0.50335642710751172,0.089992058420748755,0.001802239128008525
590,-0.85937985589072119,-0.50335642710751172,0.089992058420748755,0.001802239128008525
590,0.85937985589072119,0.50335642710751172,-0.089992058420748755,0.001802239128008525
590,-0.85937985589072119,0.50335642710751172,-0.089992058420748755,0.001802239128008525
590,0.85937985589072119,-0.50335642710751172,-0.089992058420748755,0.001802239128008525
590,-0.85937985589072119,-0.50335642710751172,-0.089992058420748755,0.001802239128008525
590,0.85937985589072119,0.089992058420748755,0.50335642710751172,0.001802239128008525
590,-0.85937985589072119,0.089992058420748755,0.50335642710751172,0.001802239128008525
590,0.85937985589072119,-0.089992058420748755,0.50335642710751172,0.001802239128008525
590,-0.85937985589072119,-0.089992058420748755,0.50335642710751172,0.001802239128008525
590,0.85937985589072119,0.089992058420748755,-0.50335642710751172,0.001802239128008525
590,-0.85937985589072119,0.089992058420748755,-0.50335642710751172,0.001802239128008525
590,0.85937985589072119,-0.089992058420748755,-0.50335642710751172,0.001802239128008525
590,-0.85937985589072119,-0.089992058420748755,-0.50335642710751172,0.001802239128008525
974,1,0,0,0.0001438294190527431
974,-1,0,0,0.0001438294190527431
974,0,1,0,0.0001438294190527431
974,0,-1,0,0.0001438294190527431
974,0,0,1,0.0001438294190527431
974,0,0,-1,0.0001438294190527431
974,0.57735026918962573,0.57735026918962573,0.57735026918962573,0.001125772288287004
974,-0.57735026918962573,0.57735026918962573,0.57735026918962573,0.001125772288287004
974,0.57735026918962573,-0.57735026918962573,0.57735026918962573,0.001125772288287004
974,-0.57735026918962573,-0.57735026918962573,0.57735026918962573,0.001125772288287004
974,0.57735026918962573,0.57735026918962573,-0.57735026918962573,0.001125772288287004
974,-0.57735026918962573,0.57735026918962573,-0.57735026918962573,0.001125772288287004
974,0.57735026918962573,-0.57735026918962573,-0.57735026918962573,0.001125772288287004
974,-0.57735026918962573,-0.57735026918962573,-0.57735026918962573,0.001125772288287004
974,0.042929635453413467,0.042929635453413467,0.99815534502384651,0.00049480293419492413
974,-0.042929635453413467,0.042929635453413467,0.99815534502384651,0.00049480293419492413
974,0.042929635453413467,-0.042929635453413467,0.99815534502384651,0.00049480293419492413
974,-0.042929635453413467,-0.042929635453413467,0.99815534502384651,0.00049480293419492413
974,0.042929635453413467,0.042929635453413467,-0.99815534502384651,0.00049480293419492413
974,-0.042929635453413467,0.042929635453413467,-0.99815534502384651,0.00049480293419492413
974,0.042929635453413467,-0.042929635453413467,-0.99815534502384651,0.00049480293419492413
974,-0.042929635453413467,-0.042929635453413467,-0.99815534502384651,0.00049480293419492413
974,0.042929635453413467,0.99815534502384651,0.042929635453413467,0.00049480293419492413
974,-0.042929635453413467,0.99815534502384651,0.042929635453413467,0.00049480293419492413
974,0.042929635453413467,-0.99815534502384651,0.042929635453413467,0.00049480293419492413
974,-0.042929635453413467,-0.99815534502384651,0.042929635453413467,0.00049480293419492413
974,0.042929635453413467,0.99815534502384651,-0.042929635453413467,0.00049480293419492413
974,-0.042929635453413467,0.99815534502384651,-0.042929635453413467,0.00049480293419492413
974,0.042929635453413467,-0.99815534502384651,-0.042929635453413467,0.00049480293419492413
974,-0.042929635453413467,-0.99815534502384651,-0.042929635453413467,0.00049480293419492413
974,0.99815534502384651,0.042929635453413467,0.042929635453413467,0.00049480293419492413
974,-0.99815534502384651,0.042929635453413467,0.042929635453413467,0.00049480293419492413
974,0.99815534502384651,-0.042929635453413467,0.042929635453413467,0.00049480293419492413
974,-0.99815534502384651,-0.042929635453413467,0.042929635453413467,0.00049480293419492413
974,0.99815534502384651,0.042929635453413467,-0.042929635453413467,0.00049480293419492413
974,-0.99815534502384651,0.042929635453413467,-0.042929635453413467,0.00049480293419492413
974,0.99815534502384651,-0.042929635453413467,-0.042929635453413467,0.00049480293419492413
974,-0.99815534502384651,-0.042929635453413467,-0.042929635453413467,0.00049480293419492413
974,0.1051426854086404,0.1051426854086404,0.98888322435468556,0.000735799010912547
974,-0.1051426854086404,0.1051426854086404,0.98888322435468556,0.000735799010912547
974,0.1051426854086404,-0.1051426854086404,0.98888322435468556,0.000735799010912547
974,-0.1051426854086404,-0.1051426854086404,0.98888322435468556,0.000735799010912547
974,0.1051426854086404,0.1051426854086404,-0.98888322435468556,0.000735799010912547
974,-0.1051426854086404,0.1051426854086404,-0.98888322435468556,0.000735799010912547
974,0.1051426854086404,-0.1051426854086404,-0.98888322435468556,0.000735799010912547
974,-0.1051426854086404,-0.1051426854086404,-0.98888322435468556,0.000735799010912547
974,0.1051426854086404,0.98888322435468556,0.1051426854086404,0.000735799010912547
974,-0.1051426854086404,0.98888322435468556,0.1051426854086404,0.000735799010912547
974,0.1051426854086404,-0.98888322435468556,0.1051426854086404,0.000735799010912547
974,-0.1051426854086404,-0.98888322435468556,0.1051426854086404,0.000735799010912547
974,0.1051426854086404,0.98888322435468556,-0.1051426854086404,0.000735799010912547
974,-0.1051426854086404,0.98888322435468556,-0.1051426854086404,0.000735799010912547
974,0.1051426854086404,-0.98888322435468556,-0.1051426854086404,0.000735799010912547
974,-0.1051426854086404,-0.98888322435468556,-0.1051426854086404,0.000735799010912547
974,0.98888322435468556,0.1051426854086404,0.1051426854086404,0.000735799010912547
974,-0.98888322435468556,0.1051426854086404,0.1051426854086404,0.000735799010912547
974,0.98888322435468556,-0.1051426854086404,0.1051426854086404,0.000735799010912547
974,-0.98888322435468556,-0.1051426854086404,0.1051426854086404,0.000735799010912547
974,0.98888322435468556,0.1051426854086404,-0.1051426854086404,0.000735799010912547
974,-0.98888322435468556,0.1051426854086404,-0.1051426854086404,0.000735799010912547
974,0.98888322435468556,-0.1051426854086404,-0.1051426854086404,0.000735799010912547
974,-0.98888322435468556,-0.1051426854086404,-0.1051426854086404,0.000735799010912547
974,0.1750024867623087,0.1750024867623087,0.96889022043470741,0.00088891327713043835
974,-0.1750024867623087,0.1750024867623087,0.96889022043470741,0.00088891327713043835
974,0.1750024867623087,-0.1750024867623087,0.96889022043470741,0.00088891327713043835
974,-0.1750024867623087,-0.1750024867623087,0.96889022043470741,0.00088891327713043835
974,0.1750024867623087,0.1750024867623087,-0.96889022043470741,0.00088891327713043835
974,-0.1750024867623087,0.1750024867623087,-0.96889022043470741,0.00088891327713043835
974,0.1750024867623087,-0.1750024867623087,-0.96889022043470741,0.00088891327713043835
974,-0.1750024867623087,-0.1750024867623087,-0.96889022043470741,0.00088891327713043835
974,0.1750024867623087,0.96889022043470741,0.1750024867623087,0.00088891327713043835
974,-0.1750024867623087,0.96889022043470741,0.1750024867623087,0.00088891327713043835
974,0.1750024867623087,-0.96889022043470741,0.1750024867623087,0.00088891327713043835
974,-0.1750024867623087,-0.96889022043470741,0.1750024867623087,0.00088891327713043835
974,0.1750024867623087,0.96889022043470741,-0.1750024867623087,0.00088891327713043835
974,-0.1750024867623087,0.96889022043470741,-0.1750024867623087,0.00088891327713043835
974,0.1750024867623087,-0.96889022043470741,-0.1750024867623087,0.00088891327713043835
974,-0.1750024867623087,-0.96889022043470741,-0.1750024867623087,0.00088891327713043835
974,0.96889022043470741,0.1750024867623087,0.1750024867623087,0.00088891327713043835
974,-0.96889022043470741,0.1750024867623087,0.1750024867623087,0.00088891327713043835
974,0.96889022043470741,-0.1750024867623087,0.1750024867623087,0.00088891327713043835
974,-0.96889022043470741,-0.1750024867623087,0.1750024867623087,0.00088891327713043835
974,0.96889022043470741,0.1750024867623087,-0.1750024867623087,0.00088891327713043835
974,-0.96889022043470741,0.1750024867623087,-0.1750024867623087,0.00088891327713043835
974,0.96889022043470741,-0.1750024867623087,-0.1750024867623087,0.00088891327713043835
974,-0.96889022043470741,-0.1750024867623087,-0.1750024867623087,0.00088891327713043835
974,0.2477653379650257,0.2477653379650257,0.93660273040716313,0.00098883478389214354
974,-0.2477653379650257,0.2477653379650257,0.93660273040716313,0.00098883478389214354
974,0.2477653379650257,-0.2477653379650257,0.93660273040716313,0.00098883478389214354
974,-0.2477653379650257,-0.2477653379650257,0.93660273040716313,0.00098883478389214354
974,0.2477653379650257,0.2477653379650257,-0.93660273040716313,0.00098883478389214354
974,-0.2477653379650257,0.2477653379650257,-0.93660273040716313,0.00098883478389214354
974,0.2477653379650257,-0.2477653379650257,-0.93660273040716313,0.00098883478389214354
974,-0.2477653379650257,-0.2477653379650257,-0.93660273040716313,0.00098883478389214354
974,0.2477653379650257,0.93660273040716313,0.2477653379650257,0.00098883478389214354
974,-0.2477653379650257,0.93660273040716313,0.2477653379650257,0.00098883478389214354
974,0.2477653379650257,-0.93660273040716313,0.2477653379650257,0.00098883478389214354
974,-0.2477653379650257,-0.93660273040716313,0.2477653379650257,0.00098883478389214354
974,0.2477653379650257,0.93660273040716313,-0.2477653379650257,0.00098883478389214354
974,-0.2477653379650257,0.93660273040716313,-0.2477653379650257,0.00098883478389214354
974,0.2477653379650257,-0.93660273040716313,-0.2477653379650257,0.00098883478389214354
974,-0.2477653379650257,-0.93660273040716313,-0.2477653379650257,0.00098883478389214354
974,0.93660273040716313,0.2477653379650257,0.2477653379650257,0.00098883478389214354
974,-0.93660273040716313,0.2477653379650257,0.2477653379650257,0.00098883478389214354
974,0.93660273040716313,-0.2477653379650257,0.2477653379650257,0.00098883478389214354
974,-0.93660273040716313,-0.2477653379650257,0.2477653379650257,0.00098883478389214354
974,0.93660273040716313,0.2477653379650257,-0.2477653379650257,0.00098883478389214354
974,-0.93660273040716313,0.2477653379650257,-0.2477653379650257,0.00098883478389214354
974,0.93660273040716313,-0.2477653379650257,-0.2477653379650257,0.00098883478389214354
974,-0.93660273040716313,-0.2477653379650257,-0.2477653379650257,0.00098883478389214354
974,0.32065671239559568,0.32065671239559568,0.89126794264760612,0.0010532996817094709
974,-0.32065671239559568,0.32065671239559568,0.89126794264760612,0.0010532996817094709
974,0.32065671239559568,-0.32065671239559568,0.89126794264760612,0.0010532996817094709
974,-0.32065671239559568,-0.32065671239559568,0.89126794264760612,0.0010532996817094709
974,0.32065671239559568,0.32065671239559568,-0.89126794264760612,0.0010532996817094709
974,-0.32065671239559568,0.32065671239559568,-0.89126794264760612,0.0010532996817094709
974,0.32065671239559568,-0.32065671239559568,-0.89126794264760612,0.0010532996817094709
974,-0.32065671239559568,-0.32065671239559568,-0.89126794264760612,0.0010532996817094709
974,0.32065671239559568,0.89126794264760612,0.32065671239559568,0.0010532996817094709
974,-0.32065671239559568,0.89126794264760612,0.32065671239559568,0.0010532996817094709
974,0.32065671239559568,-0.89126794264760612,0.32065671239559568,0.0010532996817094709
974,-0.32065671239559568,-0.89126794264760612,0.32065671239559568,0.0010532996817094709
974,0.32065671239559568,0.89126794264760612,-0.32065671239559568,0.0010532996817094709
974,-0.32065671239559568,0.89126794264760612,-0.32065671239559568,0.0010532996817094709
974,0.32065671239559568,-0.89126794264760612,-0.32065671239559568,0.0010532996817094709
974,-0.32065671239559568,-0.89126794264760612,-0.32065671239559568,0.0010532996817094709
974,0.89126794264760612,0.32065671239559568,0.32065671239559568,0.0010532996817094709
974,-0.89126794264760612,0.32065671239559568,0.32065671239559568,0.0010532996817094709
974,0.89126794264760612,-0.32065671239559568,0.32065671239559568,0.0010532996817094709
974,-0.89126794264760612,-0.32065671239559568,0.32065671239559568,0.0010532996817094709
974,0.89126794264760612,0.32065671239559568,-0.32065671239559568,0.0010532996817094709
974,-0.89126794264760612,0.32065671239559568,-0.32065671239559568,0.0010532996817094709
974,0.89126794264760612,-0.32065671239559568,-0.32065671239559568,0.0010532996817094709
974,-0.89126794264760612,-0.32065671239559568,-0.32065671239559568,0.0010532996817094709
974,0.39165207498499832,0.39165207498499832,0.83259672370235194,0.001092778807014578
974,-0.39165207498499832,0.39165207498499832,0.83259672370235194,0.001092778807014578
974,0.39165207498499832,-0.39165207498499832,0.83259672370235194,0.001092778807014578
974,-0.39165207498499832,-0.39165207498499832,0.83259672370235194,0.001092778807014578
974,0.39165207498499832,0.39165207498499832,-0.83259672370235194,0.001092778807014578
974,-0.39165207498499832,0.39165207498499832,-0.83259672370235194,0.001092778807014578
974,0.39165207498499832,-0.39165207498499832,-0.83259672370235194,0.001092778807014578
974,-0.39165207498499832,-0.39165207498499832,-0.83259672370235194,0.001092778807014578
974,0.39165207498499832,0.83259672370235194,0.39165207498499832,0.001092778807014578
974,-0.39165207498499832,0.83259672370235194,0.39165207498499832,0.001092778807014578
974,0.39165207498499832,-0.83259672370235194,0.39165207498499832,0.001092778807014578
974,-0.39165207498499832,-0.83259672370235194,0.39165207498499832,0.001092778807014578
974,0.39165207498499832,0.83259672370235194,-0.39165207498499832,0.001092778807014578
974,-0.39165207498499832,0.83259672370235194,-0.39165207498499832,0.001092778807014578
974,0.39165207498499832,-0.83259672370235194,-0.39165207498499832,0.001092778807014578
974,-0.39165207498499832,-0.83259672370235194,-0.39165207498499832,0.001092778807014578
974,0.83259672370235194,0.39165207498499832,0.39165207498499832,0.001092778807014578
974,-0.83259672370235194,0.39165207498499832,0.39165207498499832,0.001092778807014578
974,0.83259672370235194,-0.39165207498499832,0.39165207498499832,0.001092778807014578
974,-0.83259672370235194,-0.39165207498499832,0.39165207498499832,0.001092778807014578
974,0.83259672370235194,0.39165207498499832,-0.39165207498499832,0.001092778807014578
974,-0.83259672370235194,0.39165207498499832,-0.39165207498499832,0.001092778807014578
974,0.83259672370235194,-0.39165207498499832,-0.39165207498499832,0.001092778807014578
974,-0.83259672370235194,-0.39165207498499832,-0.39165207498499832,0.001092778807014578
974,0.4590825874187624,0.4590825874187624,0.76058290531525141,0.0011143893940632271
974,-0.4590825874187624,0.4590825874187624,0.76058290531525141,0.0011143893940632271
974,0.4590825874187624,-0.4590825874187624,0.76058290531525141,0.0011143893940632271
974,-0.4590825874187624,-0.4590825874187624,0.76058290531525141,0.0011143893940632271
974,0.4590825874187624,0.4590825874187624,-0.76058290531525141,0.0011143893940632271
974,-0.4590825874187624,0.4590825874187624,-0.76058290531525141,0.0011143893940632271
974,0.4590825874187624,-0.4590825874187624,-0.76058290531525141,0.0011143893940632271
974,-0.4590825874187624,-0.4590825874187624,-0.76058290531525141,0.0011143893940632271
974,0.4590825874187624,0.76058290531525141,0.4590825874187624,0.0011143893940632271
974,-0.4590825874187624,0.76058290531525141,0.4590825874187624,0.0011143893940632271
974,0.4590825874187624,-0.76058290531525141,0.4590825874187624,0.0011143893940632271
974,-0.4590825874187624,-0.76058290531525141,0.4590825874187624,0.0011143893940632271
974,0.4590825874187624,0.76058290531525141,-0.4590825874187624,0.0011143893940632271
974,-0.4590825874187624,0.76058290531525141,-0.4590825874187624,0.0011143893940632271
974,0.4590825874187624,-0.76058290531525141,-0.4590825874187624,0.0011143893940632271
974,-0.4590825874187624,-0.76058290531525141,-0.4590825874187624,0.0011143893940632271
974,0.76058290531525141,0.4590825874187624,0.4590825874187624,0.0011143893940632271
974,-0.76058290531525141,0.4590825874187624,0.4590825874187624,0.0011143893940632271
974,0.76058290531525141,-0.4590825874187624,0.4590825874187624,0.0011143893940632271
974,-0.76058290531525141,-0.4590825874187624,0.4590825874187624,0.0011143893940632271
974,0.76058290531525141,0.4590825874187624,-0.4590825874187624,0.0011143893940632271
974,-0.76058290531525141,0.4590825874187624,-0.4590825874187624,0.0011143893940632271
974,0.76058290531525141,-0.4590825874187624,-0.4590825874187624,0.0011143893940632271
974,-0.76058290531525141,-0.4590825874187624,-0.4590825874187624,0.0011143893940632271
974,0.52145638884158607,0.52145638884158607,0.6754009691084143,0.001123724788051555
974,-0.52145638884158607,0.52145638884158607,0.6754009691084143,0.001123724788051555
974,0.52145638884158607,-0.52145638884158607,0.6754009691084143,0.001123724788051555
974,-0.52145638884158607,-0.52145638884158607,0.6754009691084143,0.001123724788051555
974,0.52145638884158607,0.52145638884158607,-0.6754009691084143,0.001123724788051555
974,-0.52145638884158607,0.52145638884158607,-0.6754009691084143,0.001123724788051555
974,0.52145638884158607,-0.52145638884158607,-0.6754009691084143,0.001123724788051555
974,-0.52145638884158607,-0.52145638884158607,-0.6754009691084143,0.001123724788051555
974,0.52145638884158607,0.6754009691084143,0.52145638884158607,0.001123724788051555
974,-0.52145638884158607,0.6754009691084143,0.52145638884158607,0.001123724788051555
974,0.52145638884158607,-0.6754009691084143,0.52145638884158607,0.001123724788051555
974,-0.52145638884158607,-0.6754009691084143,0.52145638884158607,0.001123724788051555
974,0.52145638884158607,0.6754009691084143,-0.52145638884158607,0.001123724788051555
974,-0.52145638884158607,0.6754009691084143,-0.52145638884158607,0.001123724788051555
974,0.52145638884158607,-0.6754009691084143,-0.52145638884158607,0.001123724788051555
974,-0.52145638884158607,-0.6754009691084143,-0.52145638884158607,0.001123724788051555
974,0.6754009691084143,0.52145638884158607,0.52145638884158607,0.001123724788051555
974,-0.6754009691084143,0.52145638884158607,0.52145638884158607,0.001123724788051555
974,0.6754009691084143,-0.52145638884158607,0.52145638884158607,0.001123724788051555
974,-0.6754009691084143,-0.52145638884158607,0.52145638884158607,0.001123724788051555
974,0.6754009691084143,0.52145638884158607,-0.52145638884158607,0.001123724788051555
974,-0.6754009691084143,0.52145638884158607,-0.52145638884158607,0.001123724788051555
974,0.6754009691084143,-0.52145638884158607,-0.52145638884158607,0.001123724788051555
974,-0.6754009691084143,-0.52145638884158607,-0.52145638884158607,0.001123724788051555
974,0.62531702446541992,0.62531702446541992,0.46685890569574318,0.001125239325243814
974,-0.62531702446541992,0.62531702446541992,0.46685890569574318,0.001125239325243814
974,0.62531702446541992,-0.62531702446541992,0.46685890569574318,0.001125239325243814
974,-0.62531702446541992,-0.62531702446541992,0.46685890569574318,0.001125239325243814
974,0.62531702446541992,0.62531702446541992,-0.46685890569574318,0.001125239325243814
974,-0.62531702446541992,0.62531702446541992,-0.46685890569574318,0.001125239325243814
974,0.62531702446541992,-0.62531702446541992,-0.46685890569574318,0.001125239325243814
974,-0.62531702446541992,-0.62531702446541992,-0.46685890569574318,0.001125239325243814
974,0.62531702446541992,0.46685890569574318,0.62531702446541992,0.001125239325243814
974,-0.62531702446541992,0.46685890569574318,0.62531702446541992,0.001125239325243814
974,0.62531702446541992,-0.46685890569574318,0.62531702446541992,0.001125239325243814
974,-0.62531702446541992,-0.46685890569574318,0.62531702446541992,0.001125239325243814
974,0.62531702446541992,0.46685890569574318,-0.62531702446541992,0.001125239325243814
974,-0.62531702446541992,0.46685890569574318,-0.62531702446541992,0.001125239325243814
974,0.62531702446541992,-0.46685890569574318,-0.62531702446541992,0.001125239325243814
974,-0.62531702446541992,-0.46685890569574318,-0.62531702446541992,0.001125239325243814
974,0.46685890569574318,0.62531702446541992,0.62531702446541992,0.001125239325243814
974,-0.46685890569574318,0.62531702446541992,0.62531702446541992,0.001125239325243814
974,0.46685890569574318,-0.62531702446541992,0.62531702446541992,0.001125239325243814
974,-0.46685890569574318,-0.62531702446541992,0.62531702446541992,0.001125239325243814
974,0.46685890569574318,0.62531702446541992,-0.62531702446541992,0.001125239325243814
974,-0.46685890569574318,0.62531702446541992,-0.62531702446541992,0.001125239325243814
974,0.46685890569574318,-0.62531702446541992,-0.62531702446541992,0.001125239325243814
974,-0.46685890569574318,-0.62531702446541992,-0.62531702446541992,0.001125239325243814
974,0.66379267445231704,0.66379267445231704,0.34461365423743795,0.001126153271815905
974,-0.66379267445231704,0.66379267445231704,0.34461365423743795,0.001126153271815905
974,0.66379267445231704,-0.66379267445231704,0.34461365423743795,0.001126153271815905
974,-0.66379267445231704,-0.66379267445231704,0.34461365423743795,0.001126153271815905
974,0.66379267445231704,0.66379267445231704,-0.34461365423743795,0.001126153271815905
974,-0.66379267445231704,0.66379267445231704,-0.34461365423743795,0.001126153271815905
974,0.66379267445231704,-0.66379267445231704,-0.34461365423743795,0.001126153271815905
974,-0.66379267445231704,-0.66379267445231704,-0.34461365423743795,0.001126153271815905
974,0.66379267445231704,0.34461365423743795,0.66379267445231704,0.001126153271815905
974,-0.66379267445231704,0.34461365423743795,0.66379267445231704,0.001126153271815905
974,0.66379267445231704,-0.34461365423743795,0.66379267445231704,0.001126153271815905
974,-0.66379267445231704,-0.34461365423743795,0.66379267445231704,0.001126153271815905
974,0.66379267445231704,0.34461365423743795,-0.66379267445231704,0.001126153271815905
974,-0.66379267445231704,0.34461365423743795,-0.66379267445231704,0.001126153271815905
974,0.66379267445231704,-0.34461365423743795,-0.66379267445231704,0.001126153271815905
974,-0.66379267445231704,-0.34461365423743795,-0.66379267445231704,0.001126153271815905
974,0.34461365423743795,0.66379267445231704,0.66379267445231704,0.001126153271815905
974,-0.34461365423743795,0.66379267445231704,0.66379267445231704,0.001126153271815905
974,0.34461365423743795,-0.66379267445231704,0.66379267445231704,0.001126153271815905
974,-0.34461365423743795,-0.66379267445231704,0.66379267445231704,0.001126153271815905
974,0.34461365423743795,0.66379267445231704,-0.66379267445231704,0.001126153271815905
974,-0.34461365423743795,0.66379267445231704,-0.66379267445231704,0.001126153271815905
974,0.34461365423743795,-0.66379267445231704,-0.66379267445231704,0.001126153271815905
974,-0.34461365423743795,-0.66379267445231704,-0.66379267445231704,0.001126153271815905
974,0.69104103984983012,0.69104103984983012,0.21195415185018429,0.0011302869311238411
974,-0.69104103984983012,0.69104103984983012,0.21195415185018429,0.0011302869311238411
974,0.69104103984983012,-0.69104103984983012,0.21195415185018429,0.0011302869311238411
974,-0.69104103984983012,-0.69104103984983012,0.21195415185018429,0.0011302869311238411
974,0.69104103984983012,0.69104103984983012,-0.21195415185018429,0.0011302869311238411
974,-0.69104103984983012,0.69104103984983012,-0.21195415185018429,0.0011302869311238411
974,0.69104103984983012,-0.69104103984983012,-0.21195415185018429,0.0011302869311238411
974,-0.69104103984983012,-0.69104103984983012,-0.21195415185018429,0.0011302869311238411
974,0.69104103984983012,0.21195415185018429,0.69104103984983012,0.0011302869311238411
974,-0.69104103984983012,0.21195415185018429,0.69104103984983012,0.0011302869311238411
974,0.69104103984983012,-0.21195415185018429,0.69104103984983012,0.0011302869311238411
974,-0.69104103984983012,-0.21195415185018429,0.69104103984983012,0.0011302869311238411
974,0.69104103984983012,0.21195415185018429,-0.69104103984983012,0.0011302869311238411
974,-0.69104103984983012,0.21195415185018429,-0.69104103984983012,0.0011302869311238411
974,0.69104103984983012,-0.21195415185018429,-0.69104103984983012,0.0011302869311238411
974,-0.69104103984983012,-0.21195415185018429,-0.69104103984983012,0.0011302869311238411
974,0.21195415185018429,0.69104103984983012,0.69104103984983012,0.0011302869311238411
974,-0.21195415185018429,0.69104103984983012,0.69104103984983012,0.0011302869311238411
974,0.21195415185018429,-0.69104103984983012,0.69104103984983012,0.0011302869311238411
974,-0.21195415185018429,-0.69104103984983012,0.69104103984983012,0.0011302869311238411
974,0.21195415185018429,0.69104103984983012,-0.69104103984983012,0.0011302869311238411
974,-0.21195415185018429,0.69104103984983012,-0.69104103984983012,0.0011302869311238411
974,0.21195415185018429,-0.69104103984983012,-0.69104103984983012,0.0011302869311238411
974,-0.21195415185018429,-0.69104103984983012,-0.69104103984983012,0.0011302869311238411
974,0.70529070074577604,0.70529070074577604,0.071624401449955549,0.0011349865343639549
974,-0.70529070074577604,0.70529070074577604,0.071624401449955549,0.0011349865343639549
974,0.70529070074577604,-0.70529070074577604,0.071624401449955549,0.0011349865343639549
974,-0.70529070074577604,-0.70529070074577604,0.071624401449955549,0.0011349865343639549
974,0.70529070074577604,0.70529070074577604,-0.071624401449955549,0.0011349865343639549
974,-0.70529070074577604,0.70529070074577604,-0.071624401449955549,0.0011349865343639549
974,0.70529070074577604,-0.70529070074577604,-0.071624401449955549,0.0011349865343639549
974,-0.70529070074577604,-0.70529070074577604,-0.071624401449955549,0.0011349865343639549
974,0.70529070074577604,0.071624401449955549,0.70529070074577604,0.0011349865343639549
974,-0.70529070074577604,0.071624401449955549,0.70529070074577604,0.0011349865343639549
974,0.70529070074577604,-0.071624401449955549,0.70529070074577604,0.0011349865343639549
974,-0.70529070074577604,-0.071624401449955549,0.70529070074577604,0.0011349865343639549
974,0.70529070074577604,0.071624401449955549,-0.70529070074577604,0.0011349865343639549
974,-0.70529070074577604,0.071624401449955549,-0.70529070074577604,0.0011349865343639549
974,0.70529070074577604,-0.071624401449955549,-0.70529070074577604,0.0011349865343639549
974,-0.70529070074577604,-0.071624401449955549,-0.70529070074577604,0.0011349865343639549
974,0.071624401449955549,0.70529070074577604,0.70529070074577604,0.0011349865343639549
974,-0.071624401449955549,0.70529070074577604,0.70529070074577604,0.0011349865343639549
974,0.071624401449955549,-0.70529070074577604,0.70529070074577604,0.0011349865343639549
974,-0.071624401449955549,-0.70529070074577604,0.70529070074577604,0.0011349865343639549
974,0.071624401449955549,0.70529070074577604,-0.70529070074577604,0.0011349865343639549
974,-0.071624401449955549,0.70529070074577604,-0.70529070074577604,0.0011349865343639549
974,0.071624401449955549,-0.70529070074577604,-0.70529070074577604,0.0011349865343639549
974,-0.071624401449955549,-0.70529070074577604,-0.70529070074577604,0.0011349865343639549
974,0.123668676265799,0.99232356543149014,0,0.00068233679271099306
974,-0.123668676265799,0.99232356543149014,0,0.00068233679271099306
974,0.123668676265799,-0.99232356543149014,0,0.00068233679271099306
974,-0.123668676265799,-0.99232356543149014,0,0.00068233679271099306
974,0.99232356543149014,0.123668676265799,0,0.00068233679271099306
974,-0.99232356543149014,0.123668676265799,0,0.00068233679271099306
974,0.99232356543149014,-0.123668676265799,0,0.00068233679271099306
974,-0.99232356543149014,-0.123668676265799,0,0.00068233679271099306
974,0.123668676265799,0,0.99232356543149014,0.00068233679271099306
974,-0.123668676265799,0,0.99232356543149014,0.00068233679271099306
974,0.123668676265799,0,-0.99232356543149014,0.00068233679271099306
974,-0.123668676265799,0,-0.99232356543149014,0.00068233679271099306
974,0.99232356543149014,0,0.123668676265799,0.00068233679271099306
974,-0.99232356543149014,0,0.123668676265799,0.00068233679271099306
974,0.99232356543149014,0,-0.123668676265799,0.00068233679271099306
974,-0.99232356543149014,0,-0.123668676265799,0.00068233679271099306
974,0,0.123668676265799,0.99232356543149014,0.00068233679271099306
974,0,-0.123668676265799,0.99232356543149014,0.00068233679271099306
974,0,0.123668676265799,-0.99232356543149014,0.00068233679271099306
974,0,-0.123668676265799,-0.99232356543149014,0.00068233679271099306
974,0,0.99232356543149014,0.123668676265799,0.00068233679271099306
974,0,-0.99232356543149014,0.123668676265799,0.00068233679271099306
974,0,0.99232356543149014,-0.123668676265799,0.00068233679271099306
974,0,-0.99232356543149014,-0.123668676265799,0.00068233679271099306
974,0.2940777114468387,0.95578151249654841,0,0.00094541581604470958
974,-0.2940777114468387,0.95578151249654841,0,0.00094541581604470958
974,0.2940777114468387,-0.95578151249654841,0,0.00094541581604470958
974,-0.2940777114468387,-0.95578151249654841,0,0.00094541581604470958
974,0.95578151249654841,0.2940777114468387,0,0.00094541581604470958
974,-0.95578151249654841,0.2940777114468387,0,0.00094541581604470958
974,0.95578151249654841,-0.2940777114468387,0,0.00094541581604470958
974,-0.95578151249654841,-0.2940777114468387,0,0.00094541581604470958
974,0.2940777114468387,0,0.95578151249654841,0.00094541581604470958
974,-0.2940777114468387,0,0.95578151249654841,0.00094541581604470958
974,0.2940777114468387,0,-0.95578151249654841,0.00094541581604470958
974,-0.2940777114468387,0,-0.95578151249654841,0.00094541581604470958
974,0.95578151249654841,0,0.2940777114468387,0.00094541581604470958
974,-0.95578151249654841,0,0.2940777114468387,0.00094541581604470958
974,0.95578151249654841,0,-0.2940777114468387,0.00094541581604470958
974,-0.95578151249654841,0,-0.2940777114468387,0.00094541581604470958
974,0,0.2940777114468387,0.95578151249654841,0.00094541581604470958
974,0,-0.2940777114468387,0.95578151249654841,0.00094541581604470958
974,0,0.2940777114468387,-0.95578151249654841,0.00094541581604470958
974,0,-0.2940777114468387,-0.95578151249654841,0.00094541581604470958
974,0,0.95578151249654841,0.2940777114468387,0.00094541581604470958
974,0,-0.95578151249654841,0.2940777114468387,0.00094541581604470958
974,0,0.95578151249654841,-0.2940777114468387,0.00094541581604470958
974,0,-0.95578151249654841,-0.2940777114468387,0.00094541581604470958
974,0.46977538492076493,0.88278598070118164,0,0.0010744299753856789
974,-0.46977538492076493,0.88278598070118164,0,0.0010744299753856789
974,0.46977538492076493,-0.88278598070118164,0,0.0010744299753856789
974,-0.46977538492076493,-0.88278598070118164,0,0.0010744299753856789
974,0.88278598070118164,0.46977538492076493,0,0.0010744299753856789
974,-0.88278598070118164,0.46977538492076493,0,0.0010744299753856789
974,0.88278598070118164,-0.46977538492076493,0,0.0010744299753856789
974,-0.88278598070118164,-0.46977538492076493,0,0.0010744299753856789
974,0.46977538492076493,0,0.88278598070118164,0.0010744299753856789
974,-0.46977538492076493,0,0.88278598070118164,0.0010744299753856789
974,0.46977538492076493,0,-0.88278598070118164,0.0010744299753856789
974,-0.46977538492076493,0,-0.88278598070118164,0.0010744299753856789
974,0.88278598070118164,0,0.46977538492076493,0.0010744299753856789
974,-0.88278598070118164,0,0.46977538492076493,0.0010744299753856789
974,0.88278598070118164,0,-0.46977538492076493,0.0010744299753856789
974,-0.88278598070118164,0,-0.46977538492076493,0.0010744299753856789
974,0,0.46977538492076493,0.88278598070118164,0.0010744299753856789
974,0,-0.46977538492076493,0.88278598070118164,0.0010744299753856789
974,0,0.46977538492076493,-0.88278598070118164,0.0010744299753856789
974,0,-0.46977538492076493,-0.88278598070118164,0.0010744299753856789
974,0,0.88278598070118164,0.46977538492076493,0.0010744299753856789
974,0,-0.88278598070118164,0.46977538492076493,0.0010744299753856789
974,0,0.88278598070118164,-0.46977538492076493,0.0010744299753856789
974,0,-0.88278598070118164,-0.46977538492076493,0.0010744299753856789
974,0.63345632411395669,0.77377844725737477,0,0.001129300086569132
974,-0.63345632411395669,0.77377844725737477,0,0.001129300086569132
974,0.63345632411395669,-0.77377844725737477,0,0.001129300086569132
974,-0.63345632411395669,-0.77377844725737477,0,0.001129300086569132
974,0.77377844725737477,0.63345632411395669,0,0.001129300086569132
974,-0.77377844725737477,0.63345632411395669,0,0.001129300086569132
974,0.77377844725737477,-0.63345632411395669,0,0.001129300086569132
974,-0.77377844725737477,-0.63345632411395669,0,0.001129300086569132
974,0.63345632411395669,0,0.77377844725737477,0.001129300086569132
974,-0.63345632411395669,0,0.77377844725737477,0.001129300086569132
974,0.63345632411395669,0,-0.77377844725737477,0.001129300086569132
974,-0.63345632411395669,0,-0.77377844725737477,0.001129300086569132
974,0.77377844725737477,0,0.63345632411395669,0.001129300086569132
974,-0.77377844725737477,0,0.63345632411395669,0.001129300086569132
974,0.77377844725737477,0,-0.63345632411395669,0.001129300086569132
974,-0.77377844725737477,0,-0.63345632411395669,0.001129300086569132
974,0,0.63345632411395669,0.77377844725737477,0.001129300086569132
974,0,-0.63345632411395669,0.77377844725737477,0.001129300086569132
974,0,0.63345632411395669,-0.77377844725737477,0.001129300086569132
974,0,-0.63345632411395669,-0.77377844725737477,0.001129300086569132
974,0,0.77377844725737477,0.63345632411395669,0.001129300086569132
974,0,-0.77377844725737477,0.63345632411395669,0.001129300086569132
974,0,0.77377844725737477,-0.63345632411395669,0.001129300086569132
974,0,-0.77377844725737477,-0.63345632411395669,0.001129300086569132
974,0.059740486141813418,0.20291287527775231,0.97737272284530996,0.00084368845009019536
974,-0.059740486141813418,0.20291287527775231,0.97737272284530996,0.00084368845009019536
974,0.059740486141813418,-0.20291287527775231,0.97737272284530996,0.00084368845009019536
974,-0.059740486141813418,-0.20291287527775231,0.97737272284530996,0.00084368845009019536
974,0.059740486141813418,0.20291287527775231,-0.97737272284530996,0.00084368845009019536
974,-0.059740486141813418,0.20291287527775231,-0.97737272284530996,0.00084368845009019536
974,0.059740486141813418,-0.20291287527775231,-0.97737272284530996,0.00084368845009019536
974,-0.059740486141813418,-0.20291287527775231,-0.97737272284530996,0.00084368845009019536
974,0.059740486141813418,0.97737272284530996,0.20291287527775231,0.00084368845009019536
974,-0.059740486141813418,0.97737272284530996,0.20291287527775231,0.00084368845009019536
974,0.059740486141813418,-0.97737272284530996,0.20291287527775231,0.00084368845009019536
974,-0.059740486141813418,-0.97737272284530996,0.20291287527775231,0.00084368845009019536
974,0.059740486141813418,0.97737272284530996,-0.20291287527775231,0.00084368845009019536
974,-0.059740486141813418,0.97737272284530996,-0.20291287527775231,0.00084368845009019536
974,0.059740486141813418,-0.97737272284530996,-0.20291287527775231,0.00084368845009019536
974,-0.059740486141813418,-0.97737272284530996,-0.20291287527775231,0.00084368845009019536
974,0.20291287527775231,0.059740486141813418,0.97737272284530996,0.00084368845009019536
974,-0.20291287527775231,0.059740486141813418,0.97737272284530996,0.00084368845009019536
974,0.20291287527775231,-0.059740486141813418,0.97737272284530996,0.00084368845009019536
974,-0.20291287527775231,-0.059740486141813418,0.97737272284530996,0.00084368845009019536
974,0.20291287527775231,0.059740486141813418,-0.97737272284530996,0.00084368845009019536
974,-0.20291287527775231,0.059740486141813418,-0.97737272284530996,0.00084368845009019536
974,0.20291287527775231,-0.059740486141813418,-0.97737272284530996,0.00084368845009019536
974,-0.20291287527775231,-0.059740486141813418,-0.97737272284530996,0.00084368845009019536
974,0.20291287527775231,0.97737272284530996,0.059740486141813418,0.00084368845009019536
974,-0.20291287527775231,0.97737272284530996,0.059740486141813418,0.00084368845009019536
974,0.20291287527775231,-0.97737272284530996,0.059740486141813418,0.00084368845009019536
974,-0.20291287527775231,-0.97737272284530996,0.059740486141813418,0.00084368845009019536
974,0.20291287527775231,0.97737272284530996,-0.059740486141813418,0.00084368845009019536
974,-0.20291287527775231,0.97737272284530996,-0.059740486141813418,0.00084368845009019536
974,0.20291287527775231,-0.97737272284530996,-0.059740486141813418,0.00084368845009019536
974,-0.20291287527775231,-0.97737272284530996,-0.059740486141813418,0.00084368845009019536
974,0.97737272284530996,0.059740486141813418,0.20291287527775231,0.00084368845009019536
974,-0.97737272284530996,0.059740486141813418,0.20291287527775231,0.00084368845009019536
974,0.97737272284530996,-0.059740486141813418,0.20291287527775231,0.00084368845009019536
974,-0.97737272284530996,-0.059740486141813418,0.20291287527775231,0.00084368845009019536
974,0.97737272284530996,0.059740486141813418,-0.20291287527775231,0.00084368845009019536
974,-0.97737272284530996,0.059740486141813418,-0.20291287527775231,0.00084368845009019536
974,0.97737272284530996,-0.059740486141813418,-0.20291287527775231,0.00084368845009019536
974,-0.97737272284530996,-0.059740486141813418,-0.20291287527775231,0.00084368845009019536
974,0.97737272284530996,0.20291287527775231,0.059740486141813418,0.00084368845009019536
974,-0.97737272284530996,0.20291287527775231,0.059740486141813418,0.00084368845009019536
974,0.97737272284530996,-0.20291287527775231,0.059740486141813418,0.00084368845009019536
974,-0.97737272284530996,-0.20291287527775231,0.059740486141813418,0.00084368845009019536
974,0.97737272284530996,0.20291287527775231,-0.059740486141813418,0.00084368845009019536
974,-0.97737272284530996,0.20291287527775231,-0.059740486141813418,0.00084368845009019536
974,0.97737272284530996,-0.20291287527775231,-0.059740486141813418,0.00084368845009019536
974,-0.97737272284530996,-0.20291287527775231,-0.059740486141813418,0.00084368845009019536
974,0.13757604084736361,0.46026219424840542,0.87705846186580272,0.001075255720448885
974,-0.13757604084736361,0.46026219424840542,0.87705846186580272,0.001075255720448885
974,0.13757604084736361,-0.46026219424840542,0.87705846186580272,0.001075255720448885
974,-0.13757604084736361,-0.46026219424840542,0.87705846186580272,0.001075255720448885
974,0.13757604084736361,0.46026219424840542,-0.87705846186580272,0.001075255720448885
974,-0.13757604084736361,0.46026219424840542,-0.87705846186580272,0.001075255720448885
974,0.13757604084736361,-0.46026219424840542,-0.87705846186580272,0.001075255720448885
974,-0.13757604084736361,-0.46026219424840542,-0.87705846186580272,0.001075255720448885
974,0.13757604084736361,0.87705846186580272,0.46026219424840542,0.001075255720448885
974,-0.13757604084736361,0.87705846186580272,0.46026219424840542,0.001075255720448885
974,0.13757604084736361,-0.87705846186580272,0.46026219424840542,0.001075255720448885
974,-0.13757604084736361,-0.87705846186580272,0.46026219424840542,0.001075255720448885
974,0.13757604084736361,0.87705846186580272,-0.46026219424840542,0.001075255720448885
974,-0.13757604084736361,0.87705846186580272,-0.46026219424840542,0.001075255720448885
974,0.13757604084736361,-0.87705846186580272,-0.46026219424840542,0.001075255720448885
974,-0.13757604084736361,-0.87705846186580272,-0.46026219424840542,0.001075255720448885
974,0.46026219424840542,0.13757604084736361,0.87705846186580272,0.001075255720448885
974,-0.46026219424840542,0.13757604084736361,0.87705846186580272,0.001075255720448885
974,0.46026219424840542,-0.13757604084736361,0.87705846186580272,0.001075255720448885
974,-0.46026219424840542,-0.13757604084736361,0.87705846186580272,0.001075255720448885
974,0.46026219424840542,0.13757604084736361,-0.87705846186580272,0.001075255720448885
974,-0.46026219424840542,0.13757604084736361,-0.87705846186580272,0.001075255720448885
974,0.46026219424840542,-0.13757604084736361,-0.87705846186580272,0.001075255720448885
974,-0.46026219424840542,-0.13757604084736361,-0.87705846186580272,0.001075255720448885
974,0.46026219424840542,0.87705846186580272,0.13757604084736361,0.001075255720448885
974,-0.46026219424840542,0.87705846186580272,0.13757604084736361,0.001075255720448885
974,0.46026219424840542,-0.87705846186580272,0.13757604084736361,0.001075255720448885
974,-0.46026219424840542,-0.87705846186580272,0.13757604084736361,0.001075255720448885
974,0.46026219424840542,0.87705846186580272,-0.13757604084736361,0.001075255720448885
974,-0.46026219424840542,0.87705846186580272,-0.13757604084736361,0.001075255720448885
974,0.46026219424840542,-0.87705846186580272,-0.13757604084736361,0.001075255720448885
974,-0.46026219424840542,-0.87705846186580272,-0.13757604084736361,0.001075255720448885
974,0.87705846186580272,0.13757604084736361,0.46026219424840542,0.001075255720448885
974,-0.87705846186580272,0.13757604084736361,0.46026219424840542,0.001075255720448885
974,0.87705846186580272,-0.13757604084736361,0.46026219424840542,0.001075255720448885
974,-0.87705846186580272,-0.13757604084736361,0.46026219424840542,0.001075255720448885
974,0.87705846186580272,0.13757604084736361,-0.46026219424840542,0.001075255720448885
974,-0.87705846186580272,0.13757604084736361,-0.46026219424840542,0.001075255720448885
974,0.87705846186580272,-0.13757604084736361,-0.46026219424840542,0.001075255720448885
974,-0.87705846186580272,-0.13757604084736361,-0.46026219424840542,0.001075255720448885
974,0.87705846186580272,0.46026219424840542,0.13757604084736361,0.001075255720448885
974,-0.87705846186580272,0.46026219424840542,0.13757604084736361,0.001075255720448885
974,0.87705846186580272,-0.46026219424840542,0.13757604084736361,0.001075255720448885
974,-0.87705846186580272,-0.46026219424840542,0.13757604084736361,0.001075255720448885
974,0.87705846186580272,0.46026219424840542,-0.13757604084736361,0.001075255720448885
974,-0.87705846186580272,0.46026219424840542,-0.13757604084736361,0.001075255720448885
974,0.87705846186580272,-0.46026219424840542,-0.13757604084736361,0.001075255720448885
974,-0.87705846186580272,-0.46026219424840542,-0.13757604084736361,0.001075255720448885
974,0.33910165263362863,0.50306739996620364,0.7949422999642084,0.001108577236864462
974,-0.33910165263362863,0.50306739996620364,0.7949422999642084,0.001108577236864462
974,0.33910165263362863,-0.50306739996620364,0.7949422999642084,0.001108577236864462
974,-0.33910165263362863,-0.50306739996620364,0.7949422999642084,0.001108577236864462
974,0.33910165263362863,0.50306739996620364,-0.7949422999642084,0.001108577236864462
974,-0.33910165263362863,0.50306739996620364,-0.7949422999642084,0.001108577236864462
974,0.33910165263362863,-0.50306739996620364,-0.7949422999642084,0.001108577236864462
974,-0.33910165263362863,-0.50306739996620364,-0.7949422999642084,0.001108577236864462
974,0.33910165263362863,0.7949422999642084,0.50306739996620364,0.001108577236864462
974,-0.33910165263362863,0.7949422999642084,0.50306739996620364,0.001108577236864462
974,0.33910165263362863,-0.7949422999642084,0.50306739996620364,0.001108577236864462
974,-0.33910165263362863,-0.7949422999642084,0.50306739996620364,0.001108577236864462
974,0.33910165263362863,0.7949422999642084,-0.50306739996620364,0.001108577236864462
974,-0.33910165263362863,0.7949422999642084,-0.50306739996620364,0.001108577236864462
974,0.33910165263362863,-0.7949422999642084,-0.50306739996620364,0.001108577236864462
974,-0.33910165263362863,-0.7949422999642084,-0.50306739996620364,0.001108577236864462
974,0.50306739996620364,0.33910165263362863,0.7949422999642084,0.001108577236864462
974,-0.50306739996620364,0.33910165263362863,0.7949422999642084,0.001108577236864462
974,0.50306739996620364,-0.33910165263362863,0.7949422999642084,0.001108577236864462
974,-0.50306739996620364,-0.33910165263362863,0.7949422999642084,0.001108577236864462
974,0.50306739996620364,0.33910165263362863,-0.7949422999642084,0.001108577236864462
974,-0.50306739996620364,0.33910165263362863,-0.7949422999642084,0.001108577236864462
974,0.50306739996620364,-0.33910165263362863,-0.7949422999642084,0.001108577236864462
974,-0.50306739996620364,-0.33910165263362863,-0.7949422999642084,0.001108577236864462
974,0.50306739996620364,0.7949422999642084,0.33910165263362863,0.001108577236864462
974,-0.50306739996620364,0.7949422999642084,0.33910165263362863,0.001108577236864462
974,0.50306739996620364,-0.7949422999642084,0.33910165263362863,0.001108577236864462
974,-0.50306739996620364,-0.7949422999642084,0.33910165263362863,0.001108577236864462
974,0.50306739996620364,0.7949422999642084,-0.33910165263362863,0.001108577236864462
974,-0.50306739996620364,0.7949422999642084,-0.33910165263362863,0.001108577236864462
974,0.50306739996620364,-0.7949422999642084,-0.33910165263362863,0.001108577236864462
974,-0.50306739996620364,-0.7949422999642084,-0.33910165263362863,0.001108577236864462
974,0.7949422999642084,0.33910165263362863,0.50306739996620364,0.001108577236864462
974,-0.7949422999642084,0.33910165263362863,0.50306739996620364,0.001108577236864462
974,0.7949422999642084,-0.33910165263362863,0.50306739996620364,0.001108577236864462
974,-0.7949422999642084,-0.33910165263362863,0.50306739996620364,0.001108577236864462
974,0.7949422999642084,0.33910165263362863,-0.50306739996620364,0.001108577236864462
974,-0.7949422999642084,0.33910165263362863,-0.50306739996620364,0.001108577236864462
974,0.7949422999642084,-0.33910165263362863,-0.50306739996620364,0.001108577236864462
974,-0.7949422999642084,-0.33910165263362863,-0.50306739996620364,0.001108577236864462
974,0.7949422999642084,0.50306739996620364,0.33910165263362863,0.001108577236864462
974,-0.7949422999642084,0.50306739996620364,0.33910165263362863,0.001108577236864462
974,0.7949422999642084,-0.50306739996620364,0.33910165263362863,0.001108577236864462
974,-0.7949422999642084,-0.50306739996620364,0.33910165263362863,0.001108577236864462
974,0.7949422999642084,0.50306739996620364,-0.33910165263362863,0.001108577236864462
974,-0.7949422999642084,0.50306739996620364,-0.33910165263362863,0.001108577236864462
974,0.7949422999642084,-0.50306739996620364,-0.33910165263362863,0.001108577236864462
974,-0.7949422999642084,-0.50306739996620364,-0.33910165263362863,0.001108577236864462
974,0.127167519143982,0.28176064224421338,0.95102016937438993,0.00095664753237833567
974,-0.127167519143982,0.28176064224421338,0.95102016937438993,0.00095664753237833567
974,0.127167519143982,-0.28176064224421338,0.95102016937438993,0.00095664753237833567
974,-0.127167519143982,-0.28176064224421338,0.95102016937438993,0.00095664753237833567
974,0.127167519143982,0.28176064224421338,-0.95102016937438993,0.00095664753237833567
974,-0.127167519143982,0.28176064224421338,-0.95102016937438993,0.00095664753237833567
974,0.127167519143982,-0.28176064224421338,-0.95102016937438993,0.00095664753237833567
974,-0.127167519143982,-0.28176064224421338,-0.95102016937438993,0.00095664753237833567
974,0.127167519143982,0.95102016937438993,0.28176064224421338,0.00095664753237833567
974,-0.127167519143982,0.95102016937438993,0.28176064224421338,0.00095664753237833567
974,0.127167519143982,-0.95102016937438993,0.28176064224421338,0.00095664753237833567
974,-0.127167519143982,-0.95102016937438993,0.28176064224421338,0.00095664753237833567
974,0.127167519143982,0.95102016937438993,-0.28176064224421338,0.00095664753237833567
974,-0.127167519143982,0.95102016937438993,-0.28176064224421338,0.00095664753237833567
974,0.127167519143982,-0.95102016937438993,-0.28176064224421338,0.00095664753237833567
974,-0.127167519143982,-0.95102016937438993,-0.28176064224421338,0.00095664753237833567
974,0.28176064224421338,0.127167519143982,0.95102016937438993,0.00095664753237833567
974,-0.28176064224421338,0.127167519143982,0.95102016937438993,0.00095664753237833567
974,0.28176064224421338,-0.127167519143982,0.95102016937438993,0.00095664753237833567
974,-0.28176064224421338,-0.127167519143982,0.95102016937438993,0.00095664753237833567
974,0.28176064224421338,0.127167519143982,-0.95102016937438993,0.00095664753237833567
974,-0.28176064224421338,0.127167519143982,-0.95102016937438993,0.00095664753237833567
974,0.28176064224421338,-0.127167519143982,-0.95102016937438993,0.00095664753237833567
974,-0.28176064224421338,-0.127167519143982,-0.95102016937438993,0.00095664753237833567
974,0.28176064224421338,0.95102016937438993,0.127167519143982,0.00095664753237833567
974,-0.28176064224421338,0.95102016937438993,0.127167519143982,0.00095664753237833567
974,0.28176064224421338,-0.95102016937438993,0.127167519143982,0.00095664753237833567
974,-0.28176064224421338,-0.95102016937438993,0.127167519143982,0.00095664753237833567
974,0.28176064224421338,0.95102016937438993,-0.127167519143982,0.00095664753237833567
974,-0.28176064224421338,0.95102016937438993,-0.127167519143982,0.00095664753237833567
974,0.28176064224421338,-0.95102016937438993,-0.127167519143982,0.00095664753237833567
974,-0.28176064224421338,-0.95102016937438993,-0.127167519143982,0.00095664753237833567
974,0.95102016937438993,0.127167519143982,0.28176064224421338,0.00095664753237833567
974,-0.95102016937438993,0.127167519143982,0.28176064224421338,0.00095664753237833567
974,0.95102016937438993,-0.127167519143982,0.28176064224421338,0.00095664753237833567
974,-0.95102016937438993,-0.127167519143982,0.28176064224421338,0.00095664753237833567
974,0.95102016937438993,0.127167519143982,-0.28176064224421338,0.00095664753237833567
974,-0.95102016937438993,0.127167519143982,-0.28176064224421338,0.00095664753237833567
974,0.95102016937438993,-0.127167519143982,-0.28176064224421338,0.00095664753237833567
974,-0.95102016937438993,-0.127167519143982,-0.28176064224421338,0.00095664753237833567
974,0.95102016937438993,0.28176064224421338,0.127167519143982,0.00095664753237833567
974,-0.95102016937438993,0.28176064224421338,0.127167519143982,0.00095664753237833567
974,0.95102016937438993,-0.28176064224421338,0.127167519143982,0.00095664753237833567
974,-0.95102016937438993,-0.28176064224421338,0.127167519143982,0.00095664753237833567
974,0.95102016937438993,0.28176064224421338,-0.127167519143982,0.00095664753237833567
974,-0.95102016937438993,0.28176064224421338,-0.127167519143982,0.00095664753237833567
974,0.95102016937438993,-0.28176064224421338,-0.127167519143982,0.00095664753237833567
974,-0.95102016937438993,-0.28176064224421338,-0.127167519143982,0.00095664753237833567
974,0.26931207404135121,0.43315612917201568,0.86014346160176203,0.001080663250717391
974,-0.26931207404135121,0.43315612917201568,0.86014346160176203,0.001080663250717391
974,0.26931207404135121,-0.43315612917201568,0.86014346160176203,0.001080663250717391
974,-0.26931207404135121,-0.43315612917201568,0.86014346160176203,0.001080663250717391
974,0.26931207404135121,0.43315612917201568,-0.86014346160176203,0.001080663250717391
974,-0.26931207404135121,0.43315612917201568,-0.86014346160176203,0.001080663250717391
974,0.26931207404135121,-0.43315612917201568,-0.86014346160176203,0.001080663250717391
974,-0.26931207404135121,-0.43315612917201568,-0.86014346160176203,0.001080663250717391
974,0.26931207404135121,0.86014346160176203,0.43315612917201568,0.001080663250717391
974,-0.26931207404135121,0.86014346160176203,0.43315612917201568,0.001080663250717391
974,0.26931207404135121,-0.86014346160176203,0.43315612917201568,0.001080663250717391
974,-0.26931207404135121,-0.86014346160176203,0.43315612917201568,0.001080663250717391
974,0.26931207404135121,0.86014346160176203,-0.43315612917201568,0.001080663250717391
974,-0.26931207404135121,0.86014346160176203,-0.43315612917201568,0.001080663250717391
974,0.26931207404135121,-0.86014346160176203,-0.43315612917201568,0.001080663250717391
974,-0.26931207404135121,-0.86014346160176203,-0.43315612917201568,0.001080663250717391
974,0.43315612917201568,0.26931207404135121,0.86014346160176203,0.001080663250717391
974,-0.43315612917201568,0.26931207404135121,0.86014346160176203,0.001080663250717391
974,0.43315612917201568,-0.26931207404135121,0.86014346160176203,0.001080663250717391
974,-0.43315612917201568,-0.26931207404135121,0.86014346160176203,0.001080663250717391
974,0.43315612917201568,0.26931207404135121,-0.86014346160176203,0.001080663250717391
974,-0.43315612917201568,0.26931207404135121,-0.86014346160176203,0.001080663250717391
974,0.43315612917201568,-0.26931207404135121,-0.86014346160176203,0.001080663250717391
974,-0.43315612917201568,-0.26931207404135121,-0.86014346160176203,0.001080663250717391
974,0.43315612917201568,0.86014346160176203,0.26931207404135121,0.001080663250717391
974,-0.43315612917201568,0.86014346160176203,0.26931207404135121,0.001080663250717391
974,0.43315612917201568,-0.86014346160176203,0.26931207404135121,0.001080663250717391
974,-0.43315612917201568,-0.86014346160176203,0.26931207404135121,0.001080663250717391
974,0.43315612917201568,0.86014346160176203,-0.26931207404135121,0.001080663250717391
974,-0.43315612917201568,0.86014346160176203,-0.26931207404135121,0.001080663250717391
974,0.43315612917201568,-0.86014346160176203,-0.26931207404135121,0.001080663250717391
974,-0.43315612917201568,-0.86014346160176203,-0.26931207404135121,0.001080663250717391
974,0.86014346160176203,0.26931207404135121,0.43315612917201568,0.001080663250717391
974,-0.86014346160176203,0.26931207404135121,0.43315612917201568,0.001080663250717391
974,0.86014346160176203,-0.26931207404135121,0.43315612917201568,0.001080663250717391
974,-0.86014346160176203,-0.26931207404135121,0.43315612917201568,0.001080663250717391
974,0.86014346160176203,0.26931207404135121,-0.43315612917201568,0.001080663250717391
974,-0.86014346160176203,0.26931207404135121,-0.43315612917201568,0.001080663250717391
974,0.86014346160176203,-0.26931207404135121,-0.43315612917201568,0.001080663250717391
974,-0.86014346160176203,-0.26931207404135121,-0.43315612917201568,0.001080663250717391
974,0.86014346160176203,0.43315612917201568,0.26931207404135121,0.001080663250717391
974,-0.86014346160176203,0.43315612917201568,0.26931207404135121,0.001080663250717391
974,0.86014346160176203,-0.43315612917201568,0.26931207404135121,0.001080663250717391
974,-0.86014346160176203,-0.43315612917201568,0.26931207404135121,0.001080663250717391
974,0.86014346160176203,0.43315612917201568,-0.26931207404135121,0.001080663250717391
974,-0.86014346160176203,0.43315612917201568,-0.26931207404135121,0.001080663250717391
974,0.86014346160176203,-0.43315612917201568,-0.26931207404135121,0.001080663250717391
974,-0.86014346160176203,-0.43315612917201568,-0.26931207404135121,0.001080663250717391
974,0.1419786452601918,0.62561673585808142,0.76710218622055826,0.0011267971311962951
974,-0.1419786452601918,0.62561673585808142,0.76710218622055826,0.0011267971311962951
974,0.1419786452601918,-0.62561673585808142,0.76710218622055826,0.0011267971311962951
974,-0.1419786452601918,-0.62561673585808142,0.76710218622055826,0.0011267971311962951
974,0.1419786452601918,0.62561673585808142,-0.76710218622055826,0.0011267971311962951
974,-0.1419786452601918,0.62561673585808142,-0.76710218622055826,0.0011267971311962951
974,0.1419786452601918,-0.62561673585808142,-0.76710218622055826,0.0011267971311962951
974,-0.1419786452601918,-0.62561673585808142,-0.76710218622055826,0.0011267971311962951
974,0.1419786452601918,0.76710218622055826,0.62561673585808142,0.0011267971311962951
974,-0.1419786452601918,0.76710218622055826,0.62561673585808142,0.0011267971311962951
974,0.1419786452601918,-0.76710218622055826,0.62561673585808142,0.0011267971311962951
974,-0.1419786452601918,-0.76710218622055826,0.62561673585808142,0.0011267971311962951
974,0.1419786452601918,0.76710218622055826,-0.62561673585808142,0.0011267971311962951
974,-0.1419786452601918,0.76710218622055826,-0.62561673585808142,0.0011267971311962951
974,0.1419786452601918,-0.76710218622055826,-0.62561673585808142,0.0011267971311962951
974,-0.1419786452601918,-0.76710218622055826,-0.62561673585808142,0.0011267971311962951
974,0.62561673585808142,0.1419786452601918,0.76710218622055826,0.0011267971311962951
974,-0.62561673585808142,0.1419786452601918,0.76710218622055826,0.0011267971311962951
974,0.62561673585808142,-0.1419786452601918,0.76710218622055826,0.0011267971311962951
974,-0.62561673585808142,-0.1419786452601918,0.76710218622055826,0.0011267971311962951
974,0.62561673585808142,0.1419786452601918,-0.76710218622055826,0.0011267971311962951
974,-0.62561673585808142,0.1419786452601918,-0.76710218622055826,0.0011267971311962951
974,0.62561673585808142,-0.1419786452601918,-0.76710218622055826,0.0011267971311962951
974,-0.62561673585808142,-0.1419786452601918,-0.76710218622055826,0.0011267971311962951
974,0.62561673585808142,0.76710218622055826,0.1419786452601918,0.0011267971311962951
974,-0.62561673585808142,0.76710218622055826,0.1419786452601918,0.0011267971311962951
974,0.62561673585808142,-0.76710218622055826,0.1419786452601918,0.0011267971311962951
974,-0.62561673585808142,-0.76710218622055826,0.1419786452601918,0.0011267971311962951
974,0.62561673585808142,0.76710218622055826,-0.1419786452601918,0.0011267971311962951
974,-0.62561673585808142,0.76710218622055826,-0.1419786452601918,0.0011267971311962951
974,0.62561673585808142,-0.76710218622055826,-0.1419786452601918,0.0011267971311962951
974,-0.62561673585808142,-0.76710218622055826,-0.1419786452601918,0.0011267971311962951
974,0.76710218622055826,0.1419786452601918,0.62561673585808142,0.0011267971311962951
974,-0.76710218622055826,0.1419786452601918,0.62561673585808142,0.0011267971311962951
974,0.76710218622055826,-0.1419786452601918,0.62561673585808142,0.0011267971311962951
974,-0.76710218622055826,-0.1419786452601918,0.62561673585808142,0.0011267971311962951
974,0.76710218622055826,0.1419786452601918,-0.62561673585808142,0.0011267971311962951
974,-0.76710218622055826,0.1419786452601918,-0.62561673585808142,0.0011267971311962951
974,0.76710218622055826,-0.1419786452601918,-0.62561673585808142,0.0011267971311962951
974,-0.76710218622055826,-0.1419786452601918,-0.62561673585808142,0.0011267971311962951
974,0.76710218622055826,0.62561673585808142,0.1419786452601918,0.0011267971311962951
974,-0.76710218622055826,0.62561673585808142,0.1419786452601918,0.0011267971311962951
974,0.76710218622055826,-0.62561673585808142,0.1419786452601918,0.0011267971311962951
974,-0.76710218622055826,-0.62561673585808142,0.1419786452601918,0.0011267971311962951
974,0.76710218622055826,0.62561673585808142,-0.1419786452601918,0.0011267971311962951
974,-0.76710218622055826,0.62561673585808142,-0.1419786452601918,0.0011267971311962951
974,0.76710218622055826,-0.62561673585808142,-0.1419786452601918,0.0011267971311962951
974,-0.76710218622055826,-0.62561673585808142,-0.1419786452601918,0.0011267971311962951
974,0.067092846007382551,0.37983952168591573,0.92261611073080896,0.0010225687153580609
974,-0.067092846007382551,0.37983952168591573,0.92261611073080896,0.0010225687153580609
974,0.067092846007382551,-0.37983952168591573,0.92261611073080896,0.0010225687153580609
974,-0.067092846007382551,-0.37983952168591573,0.92261611073080896,0.0010225687153580609
974,0.067092846007382551,0.37983952168591573,-0.92261611073080896,0.0010225687153580609
974,-0.067092846007382551,0.37983952168591573,-0.92261611073080896,0.0010225687153580609
974,0.067092846007382551,-0.37983952168591573,-0.92261611073080896,0.0010225687153580609
974,-0.067092846007382551,-0.37983952168591573,-0.92261611073080896,0.0010225687153580609
974,0.067092846007382551,0.92261611073080896,0.37983952168591573,0.0010225687153580609
974,-0.067092846007382551,0.92261611073080896,0.37983952168591573,0.0010225687153580609
974,0.067092846007382551,-0.92261611073080896,0.37983952168591573,0.0010225687153580609
974,-0.067092846007382551,-0.92261611073080896,0.37983952168591573,0.0010225687153580609
974,0.067092846007382551,0.92261611073080896,-0.37983952168591573,0.0010225687153580609
974,-0.067092846007382551,0.92261611073080896,-0.37983952168591573,0.0010225687153580609
974,0.067092846007382551,-0.92261611073080896,-0.37983952168591573,0.0010225687153580609
974,-0.067092846007382551,-0.92261611073080896,-0.37983952168591573,0.0010225687153580609
974,0.37983952168591573,0.067092846007382551,0.92261611073080896,0.0010225687153580609
974,-0.37983952168591573,0.067092846007382551,0.92261611073080896,0.0010225687153580609
974,0.37983952168591573,-0.067092846007382551,0.92261611073080896,0.0010225687153580609
974,-0.37983952168591573,-0.067092846007382551,0.92261611073080896,0.0010225687153580609
974,0.37983952168591573,0.067092846007382551,-0.92261611073080896,0.0010225687153580609
974,-0.37983952168591573,0.067092846007382551,-0.92261611073080896,0.0010225687153580609
974,0.37983952168591573,-0.067092846007382551,-0.92261611073080896,0.0010225687153580609
974,-0.37983952168591573,-0.067092846007382551,-0.92261611073080896,0.0010225687153580609
974,0.37983952168591573,0.92261611073080896,0.067092846007382551,0.0010225687153580609
974,-0.37983952168591573,0.92261611073080896,0.067092846007382551,0.0010225687153580609
974,0.37983952168591573,-0.92261611073080896,0.067092846007382551,0.0010225687153580609
974,-0.37983952168591573,-0.92261611073080896,0.067092846007382551,0.0010225687153580609
974,0.37983952168591573,0.92261611073080896,-0.067092846007382551,0.0010225687153580609
974,-0.37983952168591573,0.92261611073080896,-0.067092846007382551,0.0010225687153580609
974,0.37983952168591573,-0.92261611073080896,-0.067092846007382551,0.0010225687153580609
974,-0.37983952168591573,-0.92261611073080896,-0.067092846007382551,0.0010225687153580609
974,0.92261611073080896,0.067092846007382551,0.37983952168591573,0.0010225687153580609
974,-0.92261611073080896,0.067092846007382551,0.37983952168591573,0.0010225687153580609
974,0.92261611073080896,-0.067092846007382551,0.37983952168591573,0.0010225687153580609
974,-0.92261611073080896,-0.067092846007382551,0.37983952168591573,0.0010225687153580609
974,0.92261611073080896,0.067092846007382551,-0.37983952168591573,0.0010225687153580609
974,-0.92261611073080896,0.067092846007382551,-0.37983952168591573,0.0010225687153580609
974,0.92261611073080896,-0.067092846007382551,-0.37983952168591573,0.0010225687153580609
974,-0.92261611073080896,-0.067092846007382551,-0.37983952168591573,0.0010225687153580609
974,0.92261611073080896,0.37983952168591573,0.067092846007382551,0.0010225687153580609
974,-0.92261611073080896,0.37983952168591573,0.067092846007382551,0.0010225687153580609
974,0.92261611073080896,-0.37983952168591573,0.067092846007382551,0.0010225687153580609
974,-0.92261611073080896,-0.37983952168591573,0.067092846007382551,0.0010225687153580609
974,0.92261611073080896,0.37983952168591573,-0.067092846007382551,0.0010225687153580609
974,-0.92261611073080896,0.37983952168591573,-0.067092846007382551,0.0010225687153580609
974,0.92261611073080896,-0.37983952168591573,-0.067092846007382551,0.0010225687153580609
974,-0.92261611073080896,-0.37983952168591573,-0.067092846007382551,0.0010225687153580609
974,0.070577381832561722,0.55175054214235197,0.8310175524134743,0.001108960267713108
974,-0.070577381832561722,0.55175054214235197,0.8310175524134743,0.001108960267713108
974,0.070577381832561722,-0.55175054214235197,0.8310175524134743,0.001108960267713108
974,-0.070577381832561722,-0.55175054214235197,0.8310175524134743,0.001108960267713108
974,0.070577381832561722,0.55175054214235197,-0.8310175524134743,0.001108960267713108
974,-0.070577381832561722,0.55175054214235197,-0.8310175524134743,0.001108960267713108
974,0.070577381832561722,-0.55175054214235197,-0.8310175524134743,0.001108960267713108
974,-0.070577381832561722,-0.55175054214235197,-0.8310175524134743,0.001108960267713108
974,0.070577381832561722,0.8310175524134743,0.55175054214235197,0.001108960267713108
974,-0.070577381832561722,0.8310175524134743,0.55175054214235197,0.001108960267713108
974,0.070577381832561722,-0.8310175524134743,0.55175054214235197,0.001108960267713108
974,-0.070577381832561722,-0.8310175524134743,0.55175054214235197,0.001108960267713108
974,0.070577381832561722,0.8310175524134743,-0.55175054214235197,0.001108960267713108
974,-0.070577381832561722,0.8310175524134743,-0.55175054214235197,0.001108960267713108
974,0.070577381832561722,-0.8310175524134743,-0.55175054214235197,0.001108960267713108
974,-0.070577381832561722,-0.8310175524134743,-0.55175054214235197,0.001108960267713108
974,0.55175054214235197,0.070577381832561722,0.8310175524134743,0.001108960267713108
974,-0.55175054214235197,0.070577381832561722,0.8310175524134743,0.001108960267713108
974,0.55175054214235197,-0.070577381832561722,0.8310175524134743,0.001108960267713108
974,-0.55175054214235197,-0.070577381832561722,0.8310175524134743,0.001108960267713108
974,0.55175054214235197,0.070577381832561722,-0.8310175524134743,0.001108960267713108
974,-0.55175054214235197,0.070577381832561722,-0.8310175524134743,0.001108960267713108
974,0.55175054214235197,-0.070577381832561722,-0.8310175524134743,0.001108960267713108
974,-0.55175054214235197,-0.070577381832561722,-0.8310175524134743,0.001108960267713108
974,0.55175054214235197,0.8310175524134743,0.070577381832561722,0.001108960267713108
974,-0.55175054214235197,0.8310175524134743,0.070577381832561722,0.001108960267713108
974,0.55175054214235197,-0.8310175524134743,0.070577381832561722,0.001108960267713108
974,-0.55175054214235197,-0.8310175524134743,0.070577381832561722,0.001108960267713108
974,0.55175054214235197,0.8310175524134743,-0.070577381832561722,0.001108960267713108
974,-0.55175054214235197,0.8310175524134743,-0.070577381832561722,0.001108960267713108
974,0.55175054214235197,-0.8310175524134743,-0.070577381832561722,0.001108960267713108
974,-0.55175054214235197,-0.8310175524134743,-0.070577381832561722,0.001108960267713108
974,0.8310175524134743,0.070577381832561722,0.55175054214235197,0.001108960267713108
974,-0.8310175524134743,0.070577381832561722,0.55175054214235197,0.001108960267713108
974,0.8310175524134743,-0.070577381832561722,0.55175054214235197,0.001108960267713108
974,-0.8310175524134743,-0.070577381832561722,0.55175054214235197,0.001108960267713108
974,0.8310175524134743,0.070577381832561722,-0.55175054214235197,0.001108960267713108
974,-0.8310175524134743,0.070577381832561722,-0.55175054214235197,0.001108960267713108
974,0.8310175524134743,-0.070577381832561722,-0.55175054214235197,0.001108960267713108
974,-0.8310175524134743,-0.070577381832561722,-0.55175054214235197,0.001108960267713108
974,0.8310175524134743,0.55175054214235197,0.070577381832561722,0.001108960267713108
974,-0.8310175524134743,0.55175054214235197,0.070577381832561722,0.001108960267713108
974,0.8310175524134743,-0.55175054214235197,0.070577381832561722,0.001108960267713108
974,-0.8310175524134743,-0.55175054214235197,0.070577381832561722,0.001108960267713108
974,0.8310175524134743,0.55175054214235197,-0.070577381832561722,0.001108960267713108
974,-0.8310175524134743,0.55175054214235197,-0.070577381832561722,0.001108960267713108
974,0.8310175524134743,-0.55175054214235197,-0.070577381832561722,0.001108960267713108
974,-0.8310175524134743,-0.55175054214235197,-0.070577381832561722,0.001108960267713108
974,0.27838884778821549,0.60296191561591872,0.74762061083408571,0.001122790653435766
974,-0.27838884778821549,0.60296191561591872,0.74762061083408571,0.001122790653435766
974,0.27838884778821549,-0.60296191561591872,0.74762061083408571,0.001122790653435766
974,-0.27838884778821549,-0.60296191561591872,0.74762061083408571,0.001122790653435766
974,0.27838884778821549,0.60296191561591872,-0.74762061083408571,0.001122790653435766
974,-0.27838884778821549,0.60296191561591872,-0.74762061083408571,0.001122790653435766
974,0.27838884778821549,-0.60296191561591872,-0.74762061083408571,0.001122790653435766
974,-0.27838884778821549,-0.60296191561591872,-0.74762061083408571,0.001122790653435766
974,0.27838884778821549,0.74762061083408571,0.60296191561591872,0.001122790653435766
974,-0.27838884778821549,0.74762061083408571,0.60296191561591872,0.001122790653435766
974,0.27838884778821549,-0.74762061083408571,0.60296191561591872,0.001122790653435766
974,-0.27838884778821549,-0.74762061083408571,0.60296191561591872,0.001122790653435766
974,0.27838884778821549,0.74762061083408571,-0.60296191561591872,0.001122790653435766
974,-0.27838884778821549,0.74762061083408571,-0.60296191561591872,0.001122790653435766
974,0.27838884778821549,-0.74762061083408571,-0.60296191561591872,0.001122790653435766
974,-0.27838884778821549,-0.74762061083408571,-0.60296191561591872,0.001122790653435766
974,0.60296191561591872,0.27838884778821549,0.74762061083408571,0.001122790653435766
974,-0.60296191561591872,0.27838884778821549,0.74762061083408571,0.001122790653435766
974,0.60296191561591872,-0.27838884778821549,0.74762061083408571,0.001122790653435766
974,-0.60296191561591872,-0.27838884778821549,0.74762061083408571,0.001122790653435766
974,0.60296191561591872,0.27838884778821549,-0.74762061083408571,0.001122790653435766
974,-0.60296191561591872,0.27838884778821549,-0.74762061083408571,0.001122790653435766
974,0.60296191561591872,-0.27838884778821549,-0.74762061083408571,0.001122790653435766
974,-0.60296191561591872,-0.27838884778821549,-0.74762061083408571,0.001122790653435766
974,0.60296191561591872,0.74762061083408571,0.27838884778821549,0.001122790653435766
974,-0.60296191561591872,0.74762061083408571,0.27838884778821549,0.001122790653435766
974,0.60296191561591872,-0.74762061083408571,0.27838884778821549,0.001122790653435766
974,-0.60296191561591872,-0.74762061083408571,0.27838884778821549,0.001122790653435766
974,0.60296191561591872,0.74762061083408571,-0.27838884778821549,0.001122790653435766
974,-0.60296191561591872,0.74762061083408571,-0.27838884778821549,0.001122790653435766
974,0.60296191561591872,-0.74762061083408571,-0.27838884778821549,0.001122790653435766
974,-0.60296191561591872,-0.74762061083408571,-0.27838884778821549,0.001122790653435766
974,0.74762061083408571,0.27838884778821549,0.60296191561591872,0.001122790653435766
974,-0.74762061083408571,0.27838884778821549,0.60296191561591872,0.001122790653435766
974,0.74762061083408571,-0.27838884778821549,0.60296191561591872,0.001122790653435766
974,-0.74762061083408571,-0.27838884778821549,0.60296191561591872,0.001122790653435766
974,0.74762061083408571,0.27838884778821549,-0.60296191561591872,0.001122790653435766
974,-0.74762061083408571,0.27838884778821549,-0.60296191561591872,0.001122790653435766
974,0.74762061083408571,-0.27838884778821549,-0.60296191561591872,0.001122790653435766
974,-0.74762061083408571,-0.27838884778821549,-0.60296191561591872,0.001122790653435766
974,0.74762061083408571,0.60296191561591872,0.27838884778821549,0.001122790653435766
974,-0.74762061083408571,0.60296191561591872,0.27838884778821549,0.001122790653435766
974,0.74762061083408571,-0.60296191561591872,0.27838884778821549,0.001122790653435766
974,-0.74762061083408571,-0.60296191561591872,0.27838884778821549,0.001122790653435766
974,0.74762061083408571,0.60296191561591872,-0.27838884778821549,0.001122790653435766
974,-0.74762061083408571,0.60296191561591872,-0.27838884778821549,0.001122790653435766
974,0.74762061083408571,-0.60296191561591872,-0.27838884778821549,0.001122790653435766
974,-0.74762061083408571,-0.60296191561591872,-0.27838884778821549,0.001122790653435766
974,0.1979578938917407,0.35896063295890962,0.91211837840912147,0.00103240184711746
974,-0.1979578938917407,0.35896063295890962,0.91211837840912147,0.00103240184711746
974,0.1979578938917407,-0.35896063295890962,0.91211837840912147,0.00103240184711746
974,-0.1979578938917407,-0.35896063295890962,0.91211837840912147,0.00103240184711746
974,0.1979578938917407,0.35896063295890962,-0.91211837840912147,0.00103240184711746
974,-0.1979578938917407,0.35896063295890962,-0.91211837840912147,0.00103240184711746
974,0.1979578938917407,-0.35896063295890962,-0.91211837840912147,0.00103240184711746
974,-0.1979578938917407,-0.35896063295890962,-0.91211837840912147,0.00103240184711746
974,0.1979578938917407,0.91211837840912147,0.35896063295890962,0.00103240184711746
974,-0.1979578938917407,0.91211837840912147,0.35896063295890962,0.00103240184711746
974,0.1979578938917407,-0.91211837840912147,0.35896063295890962,0.00103240184711746
974,-0.1979578938917407,-0.91211837840912147,0.35896063295890962,0.00103240184711746
974,0.1979578938917407,0.91211837840912147,-0.35896063295890962,0.00103240184711746
974,-0.1979578938917407,0.91211837840912147,-0.35896063295890962,0.00103240184711746
974,0.1979578938917407,-0.91211837840912147,-0.35896063295890962,0.00103240184711746
974,-0.1979578938917407,-0.91211837840912147,-0.35896063295890962,0.00103240184711746
974,0.35896063295890962,0.1979578938917407,0.91211837840912147,0.00103240184711746
974,-0.35896063295890962,0.1979578938917407,0.91211837840912147,0.00103240184711746
974,0.35896063295890962,-0.1979578938917407,0.91211837840912147,0.00103240184711746
974,-0.35896063295890962,-0.1979578938917407,0.91211837840912147,0.00103240184711746
974,0.35896063295890962,0.1979578938917407,-0.91211837840912147,0.00103240184711746
974,-0.35896063295890962,0.1979578938917407,-0.91211837840912147,0.00103240184711746
974,0.35896063295890962,-0.1979578938917407,-0.91211837840912147,0.00103240184711746
974,-0.35896063295890962,-0.1979578938917407,-0.91211837840912147,0.00103240184711746
974,0.35896063295890962,0.91211837840912147,0.1979578938917407,0.00103240184711746
974,-0.35896063295890962,0.91211837840912147,0.1979578938917407,0.00103240184711746
974,0.35896063295890962,-0.91211837840912147,0.1979578938917407,0.00103240184711746
974,-0.35896063295890962,-0.91211837840912147,0.1979578938917407,0.00103240184711746
974,0.35896063295890962,0.91211837840912147,-0.1979578938917407,0.00103240184711746
974,-0.35896063295890962,0.91211837840912147,-0.1979578938917407,0.00103240184711746
974,0.35896063295890962,-0.91211837840912147,-0.1979578938917407,0.00103240184711746
974,-0.35896063295890962,-0.91211837840912147,-0.1979578938917407,0.00103240184711746
974,0.91211837840912147,0.1979578938917407,0.35896063295890962,0.00103240184711746
974,-0.91211837840912147,0.1979578938917407,0.35896063295890962,0.00103240184711746
974,0.91211837840912147,-0.1979578938917407,0.35896063295890962,0.00103240184711746
974,-0.91211837840912147,-0.1979578938917407,0.35896063295890962,0.00103240184711746
974,0.91211837840912147,0.1979578938917407,-0.35896063295890962,0.00103240184711746
974,-0.91211837840912147,0.1979578938917407,-0.35896063295890962,0.00103240184711746
974,0.91211837840912147,-0.1979578938917407,-0.35896063295890962,0.00103240184711746
974,-0.91211837840912147,-0.1979578938917407,-0.35896063295890962,0.00103240184711746
974,0.91211837840912147,0.35896063295890962,0.1979578938917407,0.00103240184711746
974,-0.91211837840912147,0.35896063295890962,0.1979578938917407,0.00103240184711746
974,0.91211837840912147,-0.35896063295890962,0.1979578938917407,0.00103240184711746
974,-0.91211837840912147,-0.35896063295890962,0.1979578938917407,0.00103240184711746
974,0.91211837840912147,0.35896063295890962,-0.1979578938917407,0.00103240184711746
974,-0.91211837840912147,0.35896063295890962,-0.1979578938917407,0.00103240184711746
974,0.91211837840912147,-0.35896063295890962,-0.1979578938917407,0.00103240184711746
974,-0.91211837840912147,-0.35896063295890962,-0.1979578938917407,0.00103240184711746
974,0.2087307061103274,0.53486664381354765,0.81874853628102184,0.0011072493822838539
974,-0.2087307061103274,0.53486664381354765,0.81874853628102184,0.0011072493822838539
974,0.2087307061103274,-0.53486664381354765,0.81874853628102184,0.0011072493822838539
974,-0.2087307061103274,-0.53486664381354765,0.81874853628102184,0.0011072493822838539
974,0.2087307061103274,0.53486664381354765,-0.81874853628102184,0.0011072493822838539
974,-0.2087307061103274,0.53486664381354765,-0.81874853628102184,0.0011072493822838539
974,0.2087307061103274,-0.53486664381354765,-0.81874853628102184,0.0011072493822838539
974,-0.2087307061103274,-0.53486664381354765,-0.81874853628102184,0.0011072493822838539
974,0.2087307061103274,0.81874853628102184,0.53486664381354765,0.0011072493822838539
974,-0.2087307061103274,0.81874853628102184,0.53486664381354765,0.0011072493822838539
974,0.2087307061103274,-0.81874853628102184,0.53486664381354765,0.0011072493822838539
974,-0.2087307061103274,-0.81874853628102184,0.53486664381354765,0.0011072493822838539
974,0.2087307061103274,0.81874853628102184,-0.53486664381354765,0.0011072493822838539
974,-0.2087307061103274,0.81874853628102184,-0.53486664381354765,0.0011072493822838539
974,0.2087307061103274,-0.81874853628102184,-0.53486664381354765,0.0011072493822838539
974,-0.2087307061103274,-0.81874853628102184,-0.53486664381354765,0.0011072493822838539
974,0.53486664381354765,0.2087307061103274,0.81874853628102184,0.0011072493822838539
974,-0.53486664381354765,0.2087307061103274,0.81874853628102184,0.0011072493822838539
974,0.53486664381354765,-0.2087307061103274,0.81874853628102184,0.0011072493822838539
974,-0.53486664381354765,-0.2087307061103274,0.81874853628102184,0.0011072493822838539
974,0.53486664381354765,0.2087307061103274,-0.81874853628102184,0.0011072493822838539
974,-0.53486664381354765,0.2087307061103274,-0.81874853628102184,0.0011072493822838539
974,0.53486664381354765,-0.2087307061103274,-0.81874853628102184,0.0011072493822838539
974,-0.53486664381354765,-0.2087307061103274,-0.81874853628102184,0.0011072493822838539
974,0.53486664381354765,0.81874853628102184,0.2087307061103274,0.0011072493822838539
974,-0.53486664381354765,0.81874853628102184,0.2087307061103274,0.0011072493822838539
974,0.53486664381354765,-0.81874853628102184,0.2087307061103274,0.0011072493822838539
974,-0.53486664381354765,-0.81874853628102184,0.2087307061103274,0.0011072493822838539
974,0.53486664381354765,0.81874853628102184,-0.2087307061103274,0.0011072493822838539
974,-0.53486664381354765,0.81874853628102184,-0.2087307061103274,0.0011072493822838539
974,0.53486664381354765,-0.81874853628102184,-0.2087307061103274,0.0011072493822838539
974,-0.53486664381354765,-0.81874853628102184,-0.2087307061103274,0.0011072493822838539
974,0.81874853628102184,0.2087307061103274,0.53486664381354765,0.0011072493822838539
974,-0.81874853628102184,0.2087307061103274,0.53486664381354765,0.0011072493822838539
974,0.81874853628102184,-0.2087307061103274,0.53486664381354765,0.0011072493822838539
974,-0.81874853628102184,-0.2087307061103274,0.53486664381354765,0.0011072493822838539
974,0.81874853628102184,0.2087307061103274,-0.53486664381354765,0.0011072493822838539
974,-0.81874853628102184,0.2087307061103274,-0.53486664381354765,0.0011072493822838539
974,0.81874853628102184,-0.2087307061103274,-0.53486664381354765,0.0011072493822838539
974,-0.81874853628102184,-0.2087307061103274,-0.53486664381354765,0.0011072493822838539
974,0.81874853628102184,0.53486664381354765,0.2087307061103274,0.0011072493822838539
974,-0.81874853628102184,0.53486664381354765,0.2087307061103274,0.0011072493822838539
974,0.81874853628102184,-0.53486664381354765,0.2087307061103274,0.0011072493822838539
974,-0.81874853628102184,-0.53486664381354765,0.2087307061103274,0.0011072493822838539
974,0.81874853628102184,0.53486664381354765,-0.2087307061103274,0.0011072493822838539
974,-0.81874853628102184,0.53486664381354765,-0.2087307061103274,0.0011072493822838539
974,0.81874853628102184,-0.53486664381354765,-0.2087307061103274,0.0011072493822838539
974,-0.81874853628102184,-0.53486664381354765,-0.2087307061103274,0.0011072493822838539
974,0.40551221378728358,0.56749975460743729,0.71659184546702381,0.0011217800485199721
974,-0.40551221378728358,0.56749975460743729,0.71659184546702381,0.0011217800485199721
974,0.40551221378728358,-0.56749975460743729,0.71659184546702381,0.0011217800485199721
974,-0.40551221378728358,-0.56749975460743729,0.71659184546702381,0.0011217800485199721
974,0.40551221378728358,0.56749975460743729,-0.71659184546702381,0.0011217800485199721
974,-0.40551221378728358,0.56749975460743729,-0.71659184546702381,0.0011217800485199721
974,0.40551221378728358,-0.56749975460743729,-0.71659184546702381,0.0011217800485199721
974,-0.40551221378728358,-0.56749975460743729,-0.71659184546702381,0.0011217800485199721
974,0.40551221378728358,0.71659184546702381,0.56749975460743729,0.0011217800485199721
974,-0.40551221378728358,0.71659184546702381,0.56749975460743729,0.0011217800485199721
974,0.40551221378728358,-0.71659184546702381,0.56749975460743729,0.0011217800485199721
974,-0.40551221378728358,-0.71659184546702381,0.56749975460743729,0.0011217800485199721
974,0.40551221378728358,0.71659184546702381,-0.56749975460743729,0.0011217800485199721
974,-0.40551221378728358,0.71659184546702381,-0.56749975460743729,0.0011217800485199721
974,0.40551221378728358,-0.71659184546702381,-0.56749975460743729,0.0011217800485199721
974,-0.40551221378728358,-0.71659184546702381,-0.56749975460743729,0.0011217800485199721
974,0.56749975460743729,0.40551221378728358,0.71659184546702381,0.0011217800485199721
974,-0.56749975460743729,0.40551221378728358,0.71659184546702381,0.0011217800485199721
974,0.56749975460743729,-0.40551221378728358,0.71659184546702381,0.0011217800485199721
974,-0.56749975460743729,-0.40551221378728358,0.71659184546702381,0.0011217800485199721
974,0.56749975460743729,0.40551221378728358,-0.71659184546702381,0.0011217800485199721
974,-0.56749975460743729,0.40551221378728358,-0.71659184546702381,0.0011217800485199721
974,0.56749975460743729,-0.40551221378728358,-0.71659184546702381,0.0011217800485199721
974,-0.56749975460743729,-0.40551221378728358,-0.71659184546702381,0.0011217800485199721
974,0.56749975460743729,0.71659184546702381,0.40551221378728358,0.0011217800485199721
974,-0.56749975460743729,0.71659184546702381,0.40551221378728358,0.0011217800485199721
974,0.56749975460743729,-0.71659184546702381,0.40551221378728358,0.0011217800485199721
974,-0.56749975460743729,-0.71659184546702381,0.40551221378728358,0.0011217800485199721
974,0.56749975460743729,0.71659184546702381,-0.40551221378728358,0.0011217800485199721
974,-0.56749975460743729,0.71659184546702381,-0.40551221378728358,0.0011217800485199721
974,0.56749975460743729,-0.71659184546702381,-0.40551221378728358,0.0011217800485199721
974,-0.56749975460743729,-0.71659184546702381,-0.40551221378728358,0.0011217800485199721
974,0.71659184546702381,0.40551221378728358,0.56749975460743729,0.0011217800485199721
974,-0.71659184546702381,0.40551221378728358,0.56749975460743729,0.0011217800485199721
974,0.71659184546702381,-0.40551221378728358,0.56749975460743729,0.0011217800485199721
974,-0.71659184546702381,-0.40551221378728358,0.56749975460743729,0.0011217800485199721
974,0.71659184546702381,0.40551221378728358,-0.56749975460743729,0.0011217800485199721
974,-0.71659184546702381,0.40551221378728358,-0.56749975460743729,0.0011217800485199721
974,0.71659184546702381,-0.40551221378728358,-0.56749975460743729,0.0011217800485199721
974,-0.71659184546702381,-0.40551221378728358,-0.56749975460743729,0.0011217800485199721
974,0.71659184546702381,0.56749975460743729,0.40551221378728358,0.0011217800485199721
974,-0.71659184546702381,0.56749975460743729,0.40551221378728358,0.0011217800485199721
974,0.71659184546702381,-0.56749975460743729,0.40551221378728358,0.0011217800485199721
974,-0.71659184546702381,-0.56749975460743729,0.40551221378728358,0.0011217800485199721
974,0.71659184546702381,0.56749975460743729,-0.40551221378728358,0.0011217800485199721
974,-0.71659184546702381,0.56749975460743729,-0.40551221378728358,0.0011217800485199721
974,0.71659184546702381,-0.56749975460743729,-0.40551221378728358,0.0011217800485199721
974,-0.71659184546702381,-0.56749975460743729,-0.40551221378728358,0.0011217800485199721
