torsion_instance,chemical_class_id,parent_parameter,one_four_pair,one_four_atom_names,charge_i_e,charge_l_e,scee,scan_axis,angle_degrees,qm_relative_kcal_mol,distance_angstrom,pair_eel14_kcal_mol
8-9-25-55,CHI_C8_SIDE_S_H,LOCAL_TYPE_17,8-55,C8-H30,-0.2874720002414624,0.1722720002414624,1.2,CHI,-180,1.8361875979134048,3.763580506485613,-3.641239210396175
8-9-25-55,CHI_C8_SIDE_S_H,LOCAL_TYPE_17,8-55,C8-H30,-0.2874720002414624,0.1722720002414624,1.2,CHI,-165,1.4130028718141248,3.7481615153659757,-3.656218350120919
8-9-25-55,CHI_C8_SIDE_S_H,LOCAL_TYPE_17,8-55,C8-H30,-0.2874720002414624,0.1722720002414624,1.2,CHI,-150,1.3982414847839755,3.6984964523565695,-3.7053156838818317
8-9-25-55,CHI_C8_SIDE_S_H,LOCAL_TYPE_17,8-55,C8-H30,-0.2874720002414624,0.1722720002414624,1.2,CHI,-135,1.7201805587324959,3.6151044186726966,-3.790788681210386
8-9-25-55,CHI_C8_SIDE_S_H,LOCAL_TYPE_17,8-55,C8-H30,-0.2874720002414624,0.1722720002414624,1.2,CHI,-120,2.1004462123625456,3.492170442636142,-3.9242348381350105
8-9-25-55,CHI_C8_SIDE_S_H,LOCAL_TYPE_17,8-55,C8-H30,-0.2874720002414624,0.1722720002414624,1.2,CHI,-105,2.282405294363951,3.351467830837549,-4.088983574779945
8-9-25-55,CHI_C8_SIDE_S_H,LOCAL_TYPE_17,8-55,C8-H30,-0.2874720002414624,0.1722720002414624,1.2,CHI,-90,2.191846518770847,3.195174464473217,-4.2889980074867315
8-9-25-55,CHI_C8_SIDE_S_H,LOCAL_TYPE_17,8-55,C8-H30,-0.2874720002414624,0.1722720002414624,1.2,CHI,-75,1.9493375527533943,3.033429535810341,-4.517690867685588
8-9-25-55,CHI_C8_SIDE_S_H,LOCAL_TYPE_17,8-55,C8-H30,-0.2874720002414624,0.1722720002414624,1.2,CHI,-60,1.7582771045303314,2.876744688025423,-4.7637515309377365
8-9-25-55,CHI_C8_SIDE_S_H,LOCAL_TYPE_17,8-55,C8-H30,-0.2874720002414624,0.1722720002414624,1.2,CHI,-45,1.7517423921353694,2.744232956576822,-4.993780458344436
8-9-25-55,CHI_C8_SIDE_S_H,LOCAL_TYPE_17,8-55,C8-H30,-0.2874720002414624,0.1722720002414624,1.2,CHI,-30,1.8731815879809242,2.6261799773973538,-5.218262658936042
8-9-25-55,CHI_C8_SIDE_S_H,LOCAL_TYPE_17,8-55,C8-H30,-0.2874720002414624,0.1722720002414624,1.2,CHI,-15,1.8830474967830666,2.5421898698675527,-5.390666163110818
8-9-25-55,CHI_C8_SIDE_S_H,LOCAL_TYPE_17,8-55,C8-H30,-0.2874720002414624,0.1722720002414624,1.2,CHI,0,1.53761834092137,2.5029755758378758,-5.475122108257344
8-9-25-55,CHI_C8_SIDE_S_H,LOCAL_TYPE_17,8-55,C8-H30,-0.2874720002414624,0.1722720002414624,1.2,CHI,15,0.8500053424677801,2.5248872481404647,-5.427607479023445
8-9-25-55,CHI_C8_SIDE_S_H,LOCAL_TYPE_17,8-55,C8-H30,-0.2874720002414624,0.1722720002414624,1.2,CHI,30,0.1979165005694423,2.6034129389937815,-5.2638967512371435
8-9-25-55,CHI_C8_SIDE_S_H,LOCAL_TYPE_17,8-55,C8-H30,-0.2874720002414624,0.1722720002414624,1.2,CHI,45,0.0,2.7258609465019767,-5.027438002398547
8-9-25-55,CHI_C8_SIDE_S_H,LOCAL_TYPE_17,8-55,C8-H30,-0.2874720002414624,0.1722720002414624,1.2,CHI,60,0.32618472333560894,2.8659599102258646,-4.78167781161255
8-9-25-55,CHI_C8_SIDE_S_H,LOCAL_TYPE_17,8-55,C8-H30,-0.2874720002414624,0.1722720002414624,1.2,CHI,75,1.0408015037026501,3.030308392509285,-4.522343978445791
8-9-25-55,CHI_C8_SIDE_S_H,LOCAL_TYPE_17,8-55,C8-H30,-0.2874720002414624,0.1722720002414624,1.2,CHI,90,2.0223598887749024,3.2047148038212714,-4.2762297897327635
8-9-25-55,CHI_C8_SIDE_S_H,LOCAL_TYPE_17,8-55,C8-H30,-0.2874720002414624,0.1722720002414624,1.2,CHI,105,3.0480034924252344,3.3521979728103077,-4.088092953594059
8-9-25-55,CHI_C8_SIDE_S_H,LOCAL_TYPE_17,8-55,C8-H30,-0.2874720002414624,0.1722720002414624,1.2,CHI,120,3.7373350122694022,3.490211379455379,-3.926437519619952
8-9-25-55,CHI_C8_SIDE_S_H,LOCAL_TYPE_17,8-55,C8-H30,-0.2874720002414624,0.1722720002414624,1.2,CHI,135,3.8030037733710786,3.612915329279083,-3.7930855452493017
8-9-25-55,CHI_C8_SIDE_S_H,LOCAL_TYPE_17,8-55,C8-H30,-0.2874720002414624,0.1722720002414624,1.2,CHI,150,3.292878201783699,3.6976016820268263,-3.7062123208972206
8-9-25-55,CHI_C8_SIDE_S_H,LOCAL_TYPE_17,8-55,C8-H30,-0.2874720002414624,0.1722720002414624,1.2,CHI,165,2.5316328285396272,3.747597718404445,-3.65676839976642
8-9-25-55,CHI_C8_SIDE_S_H,LOCAL_TYPE_17,8-55,C8-H30,-0.2874720002414624,0.1722720002414624,1.2,PHI,-180,12.297421019351964,2.8363215417033327,-4.831644335877452
8-9-25-55,CHI_C8_SIDE_S_H,LOCAL_TYPE_17,8-55,C8-H30,-0.2874720002414624,0.1722720002414624,1.2,PHI,-165,12.017065696114134,2.8302281047542595,-4.842046790743743
8-9-25-55,CHI_C8_SIDE_S_H,LOCAL_TYPE_17,8-55,C8-H30,-0.2874720002414624,0.1722720002414624,1.2,PHI,-150,12.14534987811232,2.8579710420848197,-4.795044004960004
8-9-25-55,CHI_C8_SIDE_S_H,LOCAL_TYPE_17,8-55,C8-H30,-0.2874720002414624,0.1722720002414624,1.2,PHI,-135,12.088672339648122,2.893712444202095,-4.735818494735348
8-9-25-55,CHI_C8_SIDE_S_H,LOCAL_TYPE_17,8-55,C8-H30,-0.2874720002414624,0.1722720002414624,1.2,PHI,-120,9.406090467076242,2.9226408673560997,-4.688943162590896
8-9-25-55,CHI_C8_SIDE_S_H,LOCAL_TYPE_17,8-55,C8-H30,-0.2874720002414624,0.1722720002414624,1.2,PHI,-105,5.389702277432289,2.917832623258714,-4.696669988010829
8-9-25-55,CHI_C8_SIDE_S_H,LOCAL_TYPE_17,8-55,C8-H30,-0.2874720002414624,0.1722720002414624,1.2,PHI,-90,1.8840517384563273,2.8807548835021612,-4.757120083412966
8-9-25-55,CHI_C8_SIDE_S_H,LOCAL_TYPE_17,8-55,C8-H30,-0.2874720002414624,0.1722720002414624,1.2,PHI,-75,0.0,2.8314830517025333,-4.839900738045392
8-9-25-55,CHI_C8_SIDE_S_H,LOCAL_TYPE_17,8-55,C8-H30,-0.2874720002414624,0.1722720002414624,1.2,PHI,-60,1.1679589391511374,2.797597385328023,-4.898523634447593
8-9-25-55,CHI_C8_SIDE_S_H,LOCAL_TYPE_17,8-55,C8-H30,-0.2874720002414624,0.1722720002414624,1.2,PHI,-45,5.348395421266241,2.9292718552103505,-4.6783288097082485
8-9-25-55,CHI_C8_SIDE_S_H,LOCAL_TYPE_17,8-55,C8-H30,-0.2874720002414624,0.1722720002414624,1.2,PHI,-30,12.61886348886727,3.023678102955703,-4.532260526774359
8-9-25-55,CHI_C8_SIDE_S_H,LOCAL_TYPE_17,8-55,C8-H30,-0.2874720002414624,0.1722720002414624,1.2,PHI,-15,24.120153734931876,3.129660538652781,-4.378780619318313
8-9-25-55,CHI_C8_SIDE_S_H,LOCAL_TYPE_17,8-55,C8-H30,-0.2874720002414624,0.1722720002414624,1.2,PHI,0,39.62646469177788,3.2486946110057127,-4.218339534061552
8-9-25-55,CHI_C8_SIDE_S_H,LOCAL_TYPE_17,8-55,C8-H30,-0.2874720002414624,0.1722720002414624,1.2,PHI,105,36.46525443667219,3.1666363863118683,-4.327650933001202
8-9-25-55,CHI_C8_SIDE_S_H,LOCAL_TYPE_17,8-55,C8-H30,-0.2874720002414624,0.1722720002414624,1.2,PHI,120,25.91194918747669,3.3163921929470135,-4.132230482523351
8-9-25-55,CHI_C8_SIDE_S_H,LOCAL_TYPE_17,8-55,C8-H30,-0.2874720002414624,0.1722720002414624,1.2,PHI,135,18.085910819557824,3.1788813368415005,-4.310980958261985
8-9-25-55,CHI_C8_SIDE_S_H,LOCAL_TYPE_17,8-55,C8-H30,-0.2874720002414624,0.1722720002414624,1.2,PHI,150,13.569233322541978,3.0330401259108615,-4.518270890854961
8-9-25-55,CHI_C8_SIDE_S_H,LOCAL_TYPE_17,8-55,C8-H30,-0.2874720002414624,0.1722720002414624,1.2,PHI,165,12.21349737743903,2.915394818924985,-4.700597264816201
8-9-25-55,CHI_C8_SIDE_S_H,LOCAL_TYPE_17,8-55,C8-H30,-0.2874720002414624,0.1722720002414624,1.2,PSI,-105,32.011747071349355,2.9561789070246522,-4.635746801092993
8-9-25-55,CHI_C8_SIDE_S_H,LOCAL_TYPE_17,8-55,C8-H30,-0.2874720002414624,0.1722720002414624,1.2,PSI,-90,14.696882575166297,2.878947441021631,-4.760106668302023
8-9-25-55,CHI_C8_SIDE_S_H,LOCAL_TYPE_17,8-55,C8-H30,-0.2874720002414624,0.1722720002414624,1.2,PSI,-75,4.330868332829533,2.830132441061087,-4.842210460850413
8-9-25-55,CHI_C8_SIDE_S_H,LOCAL_TYPE_17,8-55,C8-H30,-0.2874720002414624,0.1722720002414624,1.2,PSI,-60,0.0,2.8134632647473152,-4.8708995363154
8-9-25-55,CHI_C8_SIDE_S_H,LOCAL_TYPE_17,8-55,C8-H30,-0.2874720002414624,0.1722720002414624,1.2,PSI,-45,0.19638589416353,2.8151518905691937,-4.867977801697687
8-9-25-55,CHI_C8_SIDE_S_H,LOCAL_TYPE_17,8-55,C8-H30,-0.2874720002414624,0.1722720002414624,1.2,PSI,-30,3.0779934750218234,2.8256602022090584,-4.84987434121925
8-9-25-55,CHI_C8_SIDE_S_H,LOCAL_TYPE_17,8-55,C8-H30,-0.2874720002414624,0.1722720002414624,1.2,PSI,-15,6.97513939178259,2.837820549554635,-4.829092140392323
8-9-25-55,CHI_C8_SIDE_S_H,LOCAL_TYPE_17,8-55,C8-H30,-0.2874720002414624,0.1722720002414624,1.2,PSI,0,10.412722960962697,2.84990569754836,-4.808614166948436
8-9-25-55,CHI_C8_SIDE_S_H,LOCAL_TYPE_17,8-55,C8-H30,-0.2874720002414624,0.1722720002414624,1.2,PSI,15,11.945479233545104,2.862530180356425,-4.787406961065389
8-9-25-55,CHI_C8_SIDE_S_H,LOCAL_TYPE_17,8-55,C8-H30,-0.2874720002414624,0.1722720002414624,1.2,PSI,30,11.696853683615846,2.833113247421954,-4.83711582096777
8-9-25-55,CHI_C8_SIDE_S_H,LOCAL_TYPE_17,8-55,C8-H30,-0.2874720002414624,0.1722720002414624,1.2,PSI,45,12.409782605194598,2.8069669503266623,-4.8821725208069475
8-9-25-55,CHI_C8_SIDE_S_H,LOCAL_TYPE_17,8-55,C8-H30,-0.2874720002414624,0.1722720002414624,1.2,PSI,60,15.683428081132595,2.7954140142272843,-4.902349649086321
8-9-25-55,CHI_C8_SIDE_S_H,LOCAL_TYPE_17,8-55,C8-H30,-0.2874720002414624,0.1722720002414624,1.2,PSI,75,23.207234060776265,2.779259788665045,-4.9308441649064285
8-9-25-55,CHI_C8_SIDE_S_H,LOCAL_TYPE_17,8-55,C8-H30,-0.2874720002414624,0.1722720002414624,1.2,PSI,90,36.77978373595889,2.7630339992092607,-4.959800319366327
10-9-25-55,CHI_C10_SIDE_S_H,LOCAL_TYPE_17,10-55,C10-H30,0.0991709998189032,0.1722720002414624,1.2,CHI,-180,1.8361875979134048,2.965905374178506,1.5939778096071058
10-9-25-55,CHI_C10_SIDE_S_H,LOCAL_TYPE_17,10-55,C10-H30,0.0991709998189032,0.1722720002414624,1.2,CHI,-165,1.4130028718141248,3.1017535110956533,1.524166035412995
10-9-25-55,CHI_C10_SIDE_S_H,LOCAL_TYPE_17,10-55,C10-H30,0.0991709998189032,0.1722720002414624,1.2,CHI,-150,1.3982414847839755,3.2551733857926863,1.4523304265354076
10-9-25-55,CHI_C10_SIDE_S_H,LOCAL_TYPE_17,10-55,C10-H30,0.0991709998189032,0.1722720002414624,1.2,CHI,-135,1.7201805587324959,3.407755089809168,1.387302557620049
10-9-25-55,CHI_C10_SIDE_S_H,LOCAL_TYPE_17,10-55,C10-H30,0.0991709998189032,0.1722720002414624,1.2,CHI,-120,2.1004462123625456,3.5577307676122194,1.3288209987311468
10-9-25-55,CHI_C10_SIDE_S_H,LOCAL_TYPE_17,10-55,C10-H30,0.0991709998189032,0.1722720002414624,1.2,CHI,-105,2.282405294363951,3.6737837774314173,1.286844201576927
10-9-25-55,CHI_C10_SIDE_S_H,LOCAL_TYPE_17,10-55,C10-H30,0.0991709998189032,0.1722720002414624,1.2,CHI,-90,2.191846518770847,3.7579794795143657,1.2580130832555618
10-9-25-55,CHI_C10_SIDE_S_H,LOCAL_TYPE_17,10-55,C10-H30,0.0991709998189032,0.1722720002414624,1.2,CHI,-75,1.9493375527533943,3.808677995972175,1.2412672735354908
10-9-25-55,CHI_C10_SIDE_S_H,LOCAL_TYPE_17,10-55,C10-H30,0.0991709998189032,0.1722720002414624,1.2,CHI,-60,1.7582771045303314,3.827200391167808,1.2352599468648289
10-9-25-55,CHI_C10_SIDE_S_H,LOCAL_TYPE_17,10-55,C10-H30,0.0991709998189032,0.1722720002414624,1.2,CHI,-45,1.7517423921353694,3.816037649612493,1.2388733513452286
10-9-25-55,CHI_C10_SIDE_S_H,LOCAL_TYPE_17,10-55,C10-H30,0.0991709998189032,0.1722720002414624,1.2,CHI,-30,1.8731815879809242,3.7720776207781364,1.2533112589713231
10-9-25-55,CHI_C10_SIDE_S_H,LOCAL_TYPE_17,10-55,C10-H30,0.0991709998189032,0.1722720002414624,1.2,CHI,-15,1.8830474967830666,3.6924891670047524,1.2803253139046824
10-9-25-55,CHI_C10_SIDE_S_H,LOCAL_TYPE_17,10-55,C10-H30,0.0991709998189032,0.1722720002414624,1.2,CHI,0,1.53761834092137,3.570477070197783,1.324077219622956
10-9-25-55,CHI_C10_SIDE_S_H,LOCAL_TYPE_17,10-55,C10-H30,0.0991709998189032,0.1722720002414624,1.2,CHI,15,0.8500053424677801,3.4329888740317087,1.377105352014413
10-9-25-55,CHI_C10_SIDE_S_H,LOCAL_TYPE_17,10-55,C10-H30,0.0991709998189032,0.1722720002414624,1.2,CHI,30,0.1979165005694423,3.2871461648125,1.4382041791879558
10-9-25-55,CHI_C10_SIDE_S_H,LOCAL_TYPE_17,10-55,C10-H30,0.0991709998189032,0.1722720002414624,1.2,CHI,45,0.0,3.142100885634216,1.5045943857021513
10-9-25-55,CHI_C10_SIDE_S_H,LOCAL_TYPE_17,10-55,C10-H30,0.0991709998189032,0.1722720002414624,1.2,CHI,60,0.32618472333560894,3.0136448250750485,1.5687274467445804
10-9-25-55,CHI_C10_SIDE_S_H,LOCAL_TYPE_17,10-55,C10-H30,0.0991709998189032,0.1722720002414624,1.2,CHI,75,1.0408015037026501,2.8895118226901744,1.6361197468413717
10-9-25-55,CHI_C10_SIDE_S_H,LOCAL_TYPE_17,10-55,C10-H30,0.0991709998189032,0.1722720002414624,1.2,CHI,90,2.0223598887749024,2.77759656845113,1.7020424800104217
10-9-25-55,CHI_C10_SIDE_S_H,LOCAL_TYPE_17,10-55,C10-H30,0.0991709998189032,0.1722720002414624,1.2,CHI,105,3.0480034924252344,2.696300870290577,1.7533604665289126
10-9-25-55,CHI_C10_SIDE_S_H,LOCAL_TYPE_17,10-55,C10-H30,0.0991709998189032,0.1722720002414624,1.2,CHI,120,3.7373350122694022,2.6507802719063442,1.7834700981968192
10-9-25-55,CHI_C10_SIDE_S_H,LOCAL_TYPE_17,10-55,C10-H30,0.0991709998189032,0.1722720002414624,1.2,CHI,135,3.8030037733710786,2.6706784587920573,1.7701821558755813
10-9-25-55,CHI_C10_SIDE_S_H,LOCAL_TYPE_17,10-55,C10-H30,0.0991709998189032,0.1722720002414624,1.2,CHI,150,3.292878201783699,2.741347768676264,1.7245485617893148
10-9-25-55,CHI_C10_SIDE_S_H,LOCAL_TYPE_17,10-55,C10-H30,0.0991709998189032,0.1722720002414624,1.2,CHI,165,2.5316328285396272,2.839885755072163,1.6647104001952602
10-9-25-55,CHI_C10_SIDE_S_H,LOCAL_TYPE_17,10-55,C10-H30,0.0991709998189032,0.1722720002414624,1.2,PHI,-180,12.297421019351964,3.096816567921851,1.526595860021342
10-9-25-55,CHI_C10_SIDE_S_H,LOCAL_TYPE_17,10-55,C10-H30,0.0991709998189032,0.1722720002414624,1.2,PHI,-165,12.017065696114134,3.068506156793274,1.540680419157294
10-9-25-55,CHI_C10_SIDE_S_H,LOCAL_TYPE_17,10-55,C10-H30,0.0991709998189032,0.1722720002414624,1.2,PHI,-150,12.14534987811232,3.0666513626724026,1.541612264563126
10-9-25-55,CHI_C10_SIDE_S_H,LOCAL_TYPE_17,10-55,C10-H30,0.0991709998189032,0.1722720002414624,1.2,PHI,-135,12.088672339648122,3.0915235305054134,1.529209564535359
10-9-25-55,CHI_C10_SIDE_S_H,LOCAL_TYPE_17,10-55,C10-H30,0.0991709998189032,0.1722720002414624,1.2,PHI,-120,9.406090467076242,3.128781260436202,1.5109996379791337
10-9-25-55,CHI_C10_SIDE_S_H,LOCAL_TYPE_17,10-55,C10-H30,0.0991709998189032,0.1722720002414624,1.2,PHI,-105,5.389702277432289,3.1385110566368386,1.506315340784869
10-9-25-55,CHI_C10_SIDE_S_H,LOCAL_TYPE_17,10-55,C10-H30,0.0991709998189032,0.1722720002414624,1.2,PHI,-90,1.8840517384563273,3.1165148152712305,1.5169468563631894
10-9-25-55,CHI_C10_SIDE_S_H,LOCAL_TYPE_17,10-55,C10-H30,0.0991709998189032,0.1722720002414624,1.2,PHI,-75,0.0,3.0786822069717372,1.5355879671923536
10-9-25-55,CHI_C10_SIDE_S_H,LOCAL_TYPE_17,10-55,C10-H30,0.0991709998189032,0.1722720002414624,1.2,PHI,-60,1.1679589391511374,3.031864453225118,1.5593003660853213
10-9-25-55,CHI_C10_SIDE_S_H,LOCAL_TYPE_17,10-55,C10-H30,0.0991709998189032,0.1722720002414624,1.2,PHI,-45,5.348395421266241,3.7863782131149426,1.2485776871047836
10-9-25-55,CHI_C10_SIDE_S_H,LOCAL_TYPE_17,10-55,C10-H30,0.0991709998189032,0.1722720002414624,1.2,PHI,-30,12.61886348886727,3.74579111767311,1.262106509231028
10-9-25-55,CHI_C10_SIDE_S_H,LOCAL_TYPE_17,10-55,C10-H30,0.0991709998189032,0.1722720002414624,1.2,PHI,-15,24.120153734931876,3.6939115328041554,1.27983231592072
10-9-25-55,CHI_C10_SIDE_S_H,LOCAL_TYPE_17,10-55,C10-H30,0.0991709998189032,0.1722720002414624,1.2,PHI,0,39.62646469177788,3.632782164224123,1.3013682456362479
10-9-25-55,CHI_C10_SIDE_S_H,LOCAL_TYPE_17,10-55,C10-H30,0.0991709998189032,0.1722720002414624,1.2,PHI,105,36.46525443667219,3.714155023854518,1.2728567659323897
10-9-25-55,CHI_C10_SIDE_S_H,LOCAL_TYPE_17,10-55,C10-H30,0.0991709998189032,0.1722720002414624,1.2,PHI,120,25.91194918747669,3.409410076670276,1.386629136865839
10-9-25-55,CHI_C10_SIDE_S_H,LOCAL_TYPE_17,10-55,C10-H30,0.0991709998189032,0.1722720002414624,1.2,PHI,135,18.085910819557824,3.31160200995583,1.427583187116756
10-9-25-55,CHI_C10_SIDE_S_H,LOCAL_TYPE_17,10-55,C10-H30,0.0991709998189032,0.1722720002414624,1.2,PHI,150,13.569233322541978,3.214580775024788,1.4706699512935848
10-9-25-55,CHI_C10_SIDE_S_H,LOCAL_TYPE_17,10-55,C10-H30,0.0991709998189032,0.1722720002414624,1.2,PHI,165,12.21349737743903,3.1341542488900953,1.508409279316482
10-9-25-55,CHI_C10_SIDE_S_H,LOCAL_TYPE_17,10-55,C10-H30,0.0991709998189032,0.1722720002414624,1.2,PSI,-105,32.011747071349355,3.0500704517944994,1.54999283674039
10-9-25-55,CHI_C10_SIDE_S_H,LOCAL_TYPE_17,10-55,C10-H30,0.0991709998189032,0.1722720002414624,1.2,PSI,-90,14.696882575166297,3.068357755551607,1.5407549342254283
10-9-25-55,CHI_C10_SIDE_S_H,LOCAL_TYPE_17,10-55,C10-H30,0.0991709998189032,0.1722720002414624,1.2,PSI,-75,4.330868332829533,3.070882764532602,1.5394880607090036
10-9-25-55,CHI_C10_SIDE_S_H,LOCAL_TYPE_17,10-55,C10-H30,0.0991709998189032,0.1722720002414624,1.2,PSI,-60,0.0,3.063007841282532,1.5434460493759234
10-9-25-55,CHI_C10_SIDE_S_H,LOCAL_TYPE_17,10-55,C10-H30,0.0991709998189032,0.1722720002414624,1.2,PSI,-45,0.19638589416353,3.0549879528293564,1.5474978706402347
10-9-25-55,CHI_C10_SIDE_S_H,LOCAL_TYPE_17,10-55,C10-H30,0.0991709998189032,0.1722720002414624,1.2,PSI,-30,3.0779934750218234,3.0479088395759675,1.5510921095962675
10-9-25-55,CHI_C10_SIDE_S_H,LOCAL_TYPE_17,10-55,C10-H30,0.0991709998189032,0.1722720002414624,1.2,PSI,-15,6.97513939178259,3.0408293474859014,1.5547032771647236
10-9-25-55,CHI_C10_SIDE_S_H,LOCAL_TYPE_17,10-55,C10-H30,0.0991709998189032,0.1722720002414624,1.2,PSI,0,10.412722960962697,3.034620095708849,1.5578844147641795
10-9-25-55,CHI_C10_SIDE_S_H,LOCAL_TYPE_17,10-55,C10-H30,0.0991709998189032,0.1722720002414624,1.2,PSI,15,11.945479233545104,3.044837521955619,1.5526566911191353
10-9-25-55,CHI_C10_SIDE_S_H,LOCAL_TYPE_17,10-55,C10-H30,0.0991709998189032,0.1722720002414624,1.2,PSI,30,11.696853683615846,3.0557735039555483,1.5471000536248416
10-9-25-55,CHI_C10_SIDE_S_H,LOCAL_TYPE_17,10-55,C10-H30,0.0991709998189032,0.1722720002414624,1.2,PSI,45,12.409782605194598,3.062611457054051,1.5436458127739459
10-9-25-55,CHI_C10_SIDE_S_H,LOCAL_TYPE_17,10-55,C10-H30,0.0991709998189032,0.1722720002414624,1.2,PSI,60,15.683428081132595,3.0634660859322307,1.5432151749760163
10-9-25-55,CHI_C10_SIDE_S_H,LOCAL_TYPE_17,10-55,C10-H30,0.0991709998189032,0.1722720002414624,1.2,PSI,75,23.207234060776265,3.053916212600852,1.5480409489718034
10-9-25-55,CHI_C10_SIDE_S_H,LOCAL_TYPE_17,10-55,C10-H30,0.0991709998189032,0.1722720002414624,1.2,PSI,90,36.77978373595889,3.046456475586385,1.5518315753797298
36-9-25-55,CHI_H11_S_H,LOCAL_TYPE_30,36-55,H11-H30,0.12464899985182991,0.1722720002414624,1.2,CHI,-180,1.8361875979134048,2.682927418379929,2.214801172518817
36-9-25-55,CHI_H11_S_H,LOCAL_TYPE_30,36-55,H11-H30,0.12464899985182991,0.1722720002414624,1.2,CHI,-165,1.4130028718141248,2.5789869714955915,2.3040639048148472
36-9-25-55,CHI_H11_S_H,LOCAL_TYPE_30,36-55,H11-H30,0.12464899985182991,0.1722720002414624,1.2,CHI,-150,1.3982414847839755,2.4860378906520944,2.3902092620366733
36-9-25-55,CHI_H11_S_H,LOCAL_TYPE_30,36-55,H11-H30,0.12464899985182991,0.1722720002414624,1.2,CHI,-135,1.7201805587324959,2.4218888256377245,2.4535192239660635
36-9-25-55,CHI_H11_S_H,LOCAL_TYPE_30,36-55,H11-H30,0.12464899985182991,0.1722720002414624,1.2,CHI,-120,2.1004462123625456,2.3968102333654504,2.4791911805496403
36-9-25-55,CHI_H11_S_H,LOCAL_TYPE_30,36-55,H11-H30,0.12464899985182991,0.1722720002414624,1.2,CHI,-105,2.282405294363951,2.4174885191826685,2.4579851134183412
36-9-25-55,CHI_H11_S_H,LOCAL_TYPE_30,36-55,H11-H30,0.12464899985182991,0.1722720002414624,1.2,CHI,-90,2.191846518770847,2.474298542385516,2.401549647392919
36-9-25-55,CHI_H11_S_H,LOCAL_TYPE_30,36-55,H11-H30,0.12464899985182991,0.1722720002414624,1.2,CHI,-75,1.9493375527533943,2.556901855065902,2.3239651456459978
36-9-25-55,CHI_H11_S_H,LOCAL_TYPE_30,36-55,H11-H30,0.12464899985182991,0.1722720002414624,1.2,CHI,-60,1.7582771045303314,2.657308202477526,2.2361541602402837
36-9-25-55,CHI_H11_S_H,LOCAL_TYPE_30,36-55,H11-H30,0.12464899985182991,0.1722720002414624,1.2,CHI,-45,1.7517423921353694,2.7626853830763163,2.150860473802494
36-9-25-55,CHI_H11_S_H,LOCAL_TYPE_30,36-55,H11-H30,0.12464899985182991,0.1722720002414624,1.2,CHI,-30,1.8731815879809242,2.88404975538503,2.060349611138194
36-9-25-55,CHI_H11_S_H,LOCAL_TYPE_30,36-55,H11-H30,0.12464899985182991,0.1722720002414624,1.2,CHI,-15,1.8830474967830666,3.0079137780504888,1.9755056928068
36-9-25-55,CHI_H11_S_H,LOCAL_TYPE_30,36-55,H11-H30,0.12464899985182991,0.1722720002414624,1.2,CHI,0,1.53761834092137,3.1315723912886164,1.8974975027052157
36-9-25-55,CHI_H11_S_H,LOCAL_TYPE_30,36-55,H11-H30,0.12464899985182991,0.1722720002414624,1.2,CHI,15,0.8500053424677801,3.2280134847694377,1.8408073014711
36-9-25-55,CHI_H11_S_H,LOCAL_TYPE_30,36-55,H11-H30,0.12464899985182991,0.1722720002414624,1.2,CHI,30,0.1979165005694423,3.2985708521733503,1.8014319104577083
36-9-25-55,CHI_H11_S_H,LOCAL_TYPE_30,36-55,H11-H30,0.12464899985182991,0.1722720002414624,1.2,CHI,45,0.0,3.341482977251089,1.7782974902057203
36-9-25-55,CHI_H11_S_H,LOCAL_TYPE_30,36-55,H11-H30,0.12464899985182991,0.1722720002414624,1.2,CHI,60,0.32618472333560894,3.357445769809095,1.769842671903714
36-9-25-55,CHI_H11_S_H,LOCAL_TYPE_30,36-55,H11-H30,0.12464899985182991,0.1722720002414624,1.2,CHI,75,1.0408015037026501,3.3499227673912766,1.7738172503117582
36-9-25-55,CHI_H11_S_H,LOCAL_TYPE_30,36-55,H11-H30,0.12464899985182991,0.1722720002414624,1.2,CHI,90,2.0223598887749024,3.314277012648852,1.792895032410594
36-9-25-55,CHI_H11_S_H,LOCAL_TYPE_30,36-55,H11-H30,0.12464899985182991,0.1722720002414624,1.2,CHI,105,3.0480034924252344,3.2557591953935052,1.8251198677156946
36-9-25-55,CHI_H11_S_H,LOCAL_TYPE_30,36-55,H11-H30,0.12464899985182991,0.1722720002414624,1.2,CHI,120,3.7373350122694022,3.16862003720452,1.8753118778019047
36-9-25-55,CHI_H11_S_H,LOCAL_TYPE_30,36-55,H11-H30,0.12464899985182991,0.1722720002414624,1.2,CHI,135,3.8030037733710786,3.0553987625628807,1.944803691360551
36-9-25-55,CHI_H11_S_H,LOCAL_TYPE_30,36-55,H11-H30,0.12464899985182991,0.1722720002414624,1.2,CHI,150,3.292878201783699,2.9354020701668455,2.024305580622897
36-9-25-55,CHI_H11_S_H,LOCAL_TYPE_30,36-55,H11-H30,0.12464899985182991,0.1722720002414624,1.2,CHI,165,2.5316328285396272,2.806816893886752,2.1170425491426803
36-9-25-55,CHI_H11_S_H,LOCAL_TYPE_30,36-55,H11-H30,0.12464899985182991,0.1722720002414624,1.2,PHI,-180,12.297421019351964,3.3420793298245304,1.777980175091395
36-9-25-55,CHI_H11_S_H,LOCAL_TYPE_30,36-55,H11-H30,0.12464899985182991,0.1722720002414624,1.2,PHI,-165,12.017065696114134,3.349686073674074,1.7739425908330428
36-9-25-55,CHI_H11_S_H,LOCAL_TYPE_30,36-55,H11-H30,0.12464899985182991,0.1722720002414624,1.2,PHI,-150,12.14534987811232,3.345869033914141,1.7759663429083377
36-9-25-55,CHI_H11_S_H,LOCAL_TYPE_30,36-55,H11-H30,0.12464899985182991,0.1722720002414624,1.2,PHI,-135,12.088672339648122,3.3349415081863136,1.7817856107594374
36-9-25-55,CHI_H11_S_H,LOCAL_TYPE_30,36-55,H11-H30,0.12464899985182991,0.1722720002414624,1.2,PHI,-120,9.406090467076242,3.3214750396085666,1.7890096180614465
36-9-25-55,CHI_H11_S_H,LOCAL_TYPE_30,36-55,H11-H30,0.12464899985182991,0.1722720002414624,1.2,PHI,-105,5.389702277432289,3.3191417001400647,1.7902672825809143
36-9-25-55,CHI_H11_S_H,LOCAL_TYPE_30,36-55,H11-H30,0.12464899985182991,0.1722720002414624,1.2,PHI,-90,1.8840517384563273,3.3291857343903932,1.7848661102408625
36-9-25-55,CHI_H11_S_H,LOCAL_TYPE_30,36-55,H11-H30,0.12464899985182991,0.1722720002414624,1.2,PHI,-75,0.0,3.3456851371634992,1.7760639595178873
36-9-25-55,CHI_H11_S_H,LOCAL_TYPE_30,36-55,H11-H30,0.12464899985182991,0.1722720002414624,1.2,PHI,-60,1.1679589391511374,3.3663640268569988,1.7651539597631192
36-9-25-55,CHI_H11_S_H,LOCAL_TYPE_30,36-55,H11-H30,0.12464899985182991,0.1722720002414624,1.2,PHI,-45,5.348395421266241,2.76124254866904,2.151984364747296
36-9-25-55,CHI_H11_S_H,LOCAL_TYPE_30,36-55,H11-H30,0.12464899985182991,0.1722720002414624,1.2,PHI,-30,12.61886348886727,2.8201787540492256,2.107012111724827
36-9-25-55,CHI_H11_S_H,LOCAL_TYPE_30,36-55,H11-H30,0.12464899985182991,0.1722720002414624,1.2,PHI,-15,24.120153734931876,2.877541422400317,2.0650096453013256
36-9-25-55,CHI_H11_S_H,LOCAL_TYPE_30,36-55,H11-H30,0.12464899985182991,0.1722720002414624,1.2,PHI,0,39.62646469177788,2.927466597444881,2.0297928581651834
36-9-25-55,CHI_H11_S_H,LOCAL_TYPE_30,36-55,H11-H30,0.12464899985182991,0.1722720002414624,1.2,PHI,105,36.46525443667219,2.9244305106538397,2.0319001495721
36-9-25-55,CHI_H11_S_H,LOCAL_TYPE_30,36-55,H11-H30,0.12464899985182991,0.1722720002414624,1.2,PHI,120,25.91194918747669,3.1013180851755267,1.9160081709820613
36-9-25-55,CHI_H11_S_H,LOCAL_TYPE_30,36-55,H11-H30,0.12464899985182991,0.1722720002414624,1.2,PHI,135,18.085910819557824,3.1976857343193483,1.8582660354131335
36-9-25-55,CHI_H11_S_H,LOCAL_TYPE_30,36-55,H11-H30,0.12464899985182991,0.1722720002414624,1.2,PHI,150,13.569233322541978,3.27149384722314,1.8163417293462056
36-9-25-55,CHI_H11_S_H,LOCAL_TYPE_30,36-55,H11-H30,0.12464899985182991,0.1722720002414624,1.2,PHI,165,12.21349737743903,3.317307348341602,1.7912572360777388
36-9-25-55,CHI_H11_S_H,LOCAL_TYPE_30,36-55,H11-H30,0.12464899985182991,0.1722720002414624,1.2,PSI,-105,32.011747071349355,3.371836369132285,1.7622891924437944
36-9-25-55,CHI_H11_S_H,LOCAL_TYPE_30,36-55,H11-H30,0.12464899985182991,0.1722720002414624,1.2,PSI,-90,14.696882575166297,3.3669946524794496,1.7648233529670028
36-9-25-55,CHI_H11_S_H,LOCAL_TYPE_30,36-55,H11-H30,0.12464899985182991,0.1722720002414624,1.2,PSI,-75,4.330868332829533,3.3609905615980815,1.7679760425109257
36-9-25-55,CHI_H11_S_H,LOCAL_TYPE_30,36-55,H11-H30,0.12464899985182991,0.1722720002414624,1.2,PSI,-60,0.0,3.3558255227256626,1.770697180699796
36-9-25-55,CHI_H11_S_H,LOCAL_TYPE_30,36-55,H11-H30,0.12464899985182991,0.1722720002414624,1.2,PSI,-45,0.19638589416353,3.3526945484706427,1.7723507781886385
36-9-25-55,CHI_H11_S_H,LOCAL_TYPE_30,36-55,H11-H30,0.12464899985182991,0.1722720002414624,1.2,PSI,-30,3.0779934750218234,3.3517282405324793,1.772861749396108
36-9-25-55,CHI_H11_S_H,LOCAL_TYPE_30,36-55,H11-H30,0.12464899985182991,0.1722720002414624,1.2,PSI,-15,6.97513939178259,3.3519197932074225,1.7727604353935804
36-9-25-55,CHI_H11_S_H,LOCAL_TYPE_30,36-55,H11-H30,0.12464899985182991,0.1722720002414624,1.2,PSI,0,10.412722960962697,3.351845777531053,1.7727995816047653
36-9-25-55,CHI_H11_S_H,LOCAL_TYPE_30,36-55,H11-H30,0.12464899985182991,0.1722720002414624,1.2,PSI,15,11.945479233545104,3.3489662621403027,1.774323873962576
36-9-25-55,CHI_H11_S_H,LOCAL_TYPE_30,36-55,H11-H30,0.12464899985182991,0.1722720002414624,1.2,PSI,30,11.696853683615846,3.351924399142012,1.7727579994142337
36-9-25-55,CHI_H11_S_H,LOCAL_TYPE_30,36-55,H11-H30,0.12464899985182991,0.1722720002414624,1.2,PSI,45,12.409782605194598,3.355902485861894,1.770656572127611
36-9-25-55,CHI_H11_S_H,LOCAL_TYPE_30,36-55,H11-H30,0.12464899985182991,0.1722720002414624,1.2,PSI,60,15.683428081132595,3.3609948821875806,1.7679737697616384
36-9-25-55,CHI_H11_S_H,LOCAL_TYPE_30,36-55,H11-H30,0.12464899985182991,0.1722720002414624,1.2,PSI,75,23.207234060776265,3.3692818080015807,1.763625345288411
36-9-25-55,CHI_H11_S_H,LOCAL_TYPE_30,36-55,H11-H30,0.12464899985182991,0.1722720002414624,1.2,PSI,90,36.77978373595889,3.3774022619814597,1.7593849743336762
7-8-9-10,PHI_C7_C10,LOCAL_TYPE_12,7-10,C7-C10,0.10068600012073119,0.0991709998189032,1.2,CHI,-180,1.8361875979134048,2.9722247576762193,0.929634658518042
7-8-9-10,PHI_C7_C10,LOCAL_TYPE_12,7-10,C7-C10,0.10068600012073119,0.0991709998189032,1.2,CHI,-165,1.4130028718141248,2.9742343821415984,0.9290065249167226
7-8-9-10,PHI_C7_C10,LOCAL_TYPE_12,7-10,C7-C10,0.10068600012073119,0.0991709998189032,1.2,CHI,-150,1.3982414847839755,2.975361356610779,0.9286546460993961
7-8-9-10,PHI_C7_C10,LOCAL_TYPE_12,7-10,C7-C10,0.10068600012073119,0.0991709998189032,1.2,CHI,-135,1.7201805587324959,2.9747512937473286,0.9288450948652297
7-8-9-10,PHI_C7_C10,LOCAL_TYPE_12,7-10,C7-C10,0.10068600012073119,0.0991709998189032,1.2,CHI,-120,2.1004462123625456,2.9723795472392127,0.9295862468868056
7-8-9-10,PHI_C7_C10,LOCAL_TYPE_12,7-10,C7-C10,0.10068600012073119,0.0991709998189032,1.2,CHI,-105,2.282405294363951,2.9699477981082567,0.9303473782943864
7-8-9-10,PHI_C7_C10,LOCAL_TYPE_12,7-10,C7-C10,0.10068600012073119,0.0991709998189032,1.2,CHI,-90,2.191846518770847,2.968846729457351,0.9306924201325278
7-8-9-10,PHI_C7_C10,LOCAL_TYPE_12,7-10,C7-C10,0.10068600012073119,0.0991709998189032,1.2,CHI,-75,1.9493375527533943,2.969522852093556,0.9304805132895977
7-8-9-10,PHI_C7_C10,LOCAL_TYPE_12,7-10,C7-C10,0.10068600012073119,0.0991709998189032,1.2,CHI,-60,1.7582771045303314,2.9713576304211147,0.9299059525357791
7-8-9-10,PHI_C7_C10,LOCAL_TYPE_12,7-10,C7-C10,0.10068600012073119,0.0991709998189032,1.2,CHI,-45,1.7517423921353694,2.9731351184089636,0.9293500085256239
7-8-9-10,PHI_C7_C10,LOCAL_TYPE_12,7-10,C7-C10,0.10068600012073119,0.0991709998189032,1.2,CHI,-30,1.8731815879809242,2.9740161926424133,0.9290746817307013
7-8-9-10,PHI_C7_C10,LOCAL_TYPE_12,7-10,C7-C10,0.10068600012073119,0.0991709998189032,1.2,CHI,-15,1.8830474967830666,2.973033266356901,0.9293818467853985
7-8-9-10,PHI_C7_C10,LOCAL_TYPE_12,7-10,C7-C10,0.10068600012073119,0.0991709998189032,1.2,CHI,0,1.53761834092137,2.970080863872975,0.930305696807915
7-8-9-10,PHI_C7_C10,LOCAL_TYPE_12,7-10,C7-C10,0.10068600012073119,0.0991709998189032,1.2,CHI,15,0.8500053424677801,2.9672317260274754,0.931198976946911
7-8-9-10,PHI_C7_C10,LOCAL_TYPE_12,7-10,C7-C10,0.10068600012073119,0.0991709998189032,1.2,CHI,30,0.1979165005694423,2.9662697221090495,0.9315009781634491
7-8-9-10,PHI_C7_C10,LOCAL_TYPE_12,7-10,C7-C10,0.10068600012073119,0.0991709998189032,1.2,CHI,45,0.0,2.9676453937355998,0.9310691747315203
7-8-9-10,PHI_C7_C10,LOCAL_TYPE_12,7-10,C7-C10,0.10068600012073119,0.0991709998189032,1.2,CHI,60,0.32618472333560894,2.970228129712011,0.9302595716474837
7-8-9-10,PHI_C7_C10,LOCAL_TYPE_12,7-10,C7-C10,0.10068600012073119,0.0991709998189032,1.2,CHI,75,1.0408015037026501,2.973069696496382,0.929370458720615
7-8-9-10,PHI_C7_C10,LOCAL_TYPE_12,7-10,C7-C10,0.10068600012073119,0.0991709998189032,1.2,CHI,90,2.0223598887749024,2.9748790980901507,0.9288051905756708
7-8-9-10,PHI_C7_C10,LOCAL_TYPE_12,7-10,C7-C10,0.10068600012073119,0.0991709998189032,1.2,CHI,105,3.0480034924252344,2.974776673194684,0.9288371703795367
7-8-9-10,PHI_C7_C10,LOCAL_TYPE_12,7-10,C7-C10,0.10068600012073119,0.0991709998189032,1.2,CHI,120,3.7373350122694022,2.9728572705488663,0.9294368670215593
7-8-9-10,PHI_C7_C10,LOCAL_TYPE_12,7-10,C7-C10,0.10068600012073119,0.0991709998189032,1.2,CHI,135,3.8030037733710786,2.969990747968187,0.930333924282918
7-8-9-10,PHI_C7_C10,LOCAL_TYPE_12,7-10,C7-C10,0.10068600012073119,0.0991709998189032,1.2,CHI,150,3.292878201783699,2.968692477389632,0.9307407785365421
7-8-9-10,PHI_C7_C10,LOCAL_TYPE_12,7-10,C7-C10,0.10068600012073119,0.0991709998189032,1.2,CHI,165,2.5316328285396272,2.969888055963026,0.9303660931237475
7-8-9-10,PHI_C7_C10,LOCAL_TYPE_12,7-10,C7-C10,0.10068600012073119,0.0991709998189032,1.2,PHI,-180,12.297421019351964,3.062179449903868,0.9023256777874152
7-8-9-10,PHI_C7_C10,LOCAL_TYPE_12,7-10,C7-C10,0.10068600012073119,0.0991709998189032,1.2,PHI,-165,12.017065696114134,3.045398526029894,0.9072977227854874
7-8-9-10,PHI_C7_C10,LOCAL_TYPE_12,7-10,C7-C10,0.10068600012073119,0.0991709998189032,1.2,PHI,-150,12.14534987811232,3.036866381699641,0.9098467961223863
7-8-9-10,PHI_C7_C10,LOCAL_TYPE_12,7-10,C7-C10,0.10068600012073119,0.0991709998189032,1.2,PHI,-135,12.088672339648122,3.034986075986177,0.9104104857362076
7-8-9-10,PHI_C7_C10,LOCAL_TYPE_12,7-10,C7-C10,0.10068600012073119,0.0991709998189032,1.2,PHI,-120,9.406090467076242,3.03112259772165,0.9115708977650986
7-8-9-10,PHI_C7_C10,LOCAL_TYPE_12,7-10,C7-C10,0.10068600012073119,0.0991709998189032,1.2,PHI,-105,5.389702277432289,3.0136012087494426,0.916870865202434
7-8-9-10,PHI_C7_C10,LOCAL_TYPE_12,7-10,C7-C10,0.10068600012073119,0.0991709998189032,1.2,PHI,-90,1.8840517384563273,2.992700054144097,0.9232743334284582
7-8-9-10,PHI_C7_C10,LOCAL_TYPE_12,7-10,C7-C10,0.10068600012073119,0.0991709998189032,1.2,PHI,-75,0.0,2.9749595912903284,0.9287800599815109
7-8-9-10,PHI_C7_C10,LOCAL_TYPE_12,7-10,C7-C10,0.10068600012073119,0.0991709998189032,1.2,PHI,-60,1.1679589391511374,2.964938341362674,0.9319192608812567
7-8-9-10,PHI_C7_C10,LOCAL_TYPE_12,7-10,C7-C10,0.10068600012073119,0.0991709998189032,1.2,PHI,-45,5.348395421266241,2.9707800813873373,0.9300867354512685
7-8-9-10,PHI_C7_C10,LOCAL_TYPE_12,7-10,C7-C10,0.10068600012073119,0.0991709998189032,1.2,PHI,-30,12.61886348886727,2.9831424286055217,0.9262323921063378
7-8-9-10,PHI_C7_C10,LOCAL_TYPE_12,7-10,C7-C10,0.10068600012073119,0.0991709998189032,1.2,PHI,-15,24.120153734931876,2.9968324493620035,0.9220012110551712
7-8-9-10,PHI_C7_C10,LOCAL_TYPE_12,7-10,C7-C10,0.10068600012073119,0.0991709998189032,1.2,PHI,0,39.62646469177788,3.005149567033923,0.9194494603369642
7-8-9-10,PHI_C7_C10,LOCAL_TYPE_12,7-10,C7-C10,0.10068600012073119,0.0991709998189032,1.2,PHI,105,36.46525443667219,3.0826565063344025,0.8963318300185167
7-8-9-10,PHI_C7_C10,LOCAL_TYPE_12,7-10,C7-C10,0.10068600012073119,0.0991709998189032,1.2,PHI,120,25.91194918747669,3.082809166360332,0.896287443865165
7-8-9-10,PHI_C7_C10,LOCAL_TYPE_12,7-10,C7-C10,0.10068600012073119,0.0991709998189032,1.2,PHI,135,18.085910819557824,3.0736692773726917,0.898952651797017
7-8-9-10,PHI_C7_C10,LOCAL_TYPE_12,7-10,C7-C10,0.10068600012073119,0.0991709998189032,1.2,PHI,150,13.569233322541978,3.0635039918754376,0.9019355466710779
7-8-9-10,PHI_C7_C10,LOCAL_TYPE_12,7-10,C7-C10,0.10068600012073119,0.0991709998189032,1.2,PHI,165,12.21349737743903,3.0661135810432425,0.9011679034737733
7-8-9-10,PHI_C7_C10,LOCAL_TYPE_12,7-10,C7-C10,0.10068600012073119,0.0991709998189032,1.2,PSI,-105,32.011747071349355,2.681701312370435,1.0303470915628672
7-8-9-10,PHI_C7_C10,LOCAL_TYPE_12,7-10,C7-C10,0.10068600012073119,0.0991709998189032,1.2,PSI,-90,14.696882575166297,2.7862818878725517,0.9916739435689105
7-8-9-10,PHI_C7_C10,LOCAL_TYPE_12,7-10,C7-C10,0.10068600012073119,0.0991709998189032,1.2,PSI,-75,4.330868332829533,2.8801040489201455,0.9593692105245925
7-8-9-10,PHI_C7_C10,LOCAL_TYPE_12,7-10,C7-C10,0.10068600012073119,0.0991709998189032,1.2,PSI,-60,0.0,2.94922981077087,0.936882957560702
7-8-9-10,PHI_C7_C10,LOCAL_TYPE_12,7-10,C7-C10,0.10068600012073119,0.0991709998189032,1.2,PSI,-45,0.19638589416353,2.9881574106103703,0.9246779094802794
7-8-9-10,PHI_C7_C10,LOCAL_TYPE_12,7-10,C7-C10,0.10068600012073119,0.0991709998189032,1.2,PSI,-30,3.0779934750218234,2.9993942421283237,0.9212137267025494
7-8-9-10,PHI_C7_C10,LOCAL_TYPE_12,7-10,C7-C10,0.10068600012073119,0.0991709998189032,1.2,PSI,-15,6.97513939178259,2.993446867800921,0.9230439923161385
7-8-9-10,PHI_C7_C10,LOCAL_TYPE_12,7-10,C7-C10,0.10068600012073119,0.0991709998189032,1.2,PSI,0,10.412722960962697,2.9851823918721667,0.9255994391378967
7-8-9-10,PHI_C7_C10,LOCAL_TYPE_12,7-10,C7-C10,0.10068600012073119,0.0991709998189032,1.2,PSI,15,11.945479233545104,3.0040833256671124,0.9197758011681012
7-8-9-10,PHI_C7_C10,LOCAL_TYPE_12,7-10,C7-C10,0.10068600012073119,0.0991709998189032,1.2,PSI,30,11.696853683615846,3.0333004600331845,0.9109164041108456
7-8-9-10,PHI_C7_C10,LOCAL_TYPE_12,7-10,C7-C10,0.10068600012073119,0.0991709998189032,1.2,PSI,45,12.409782605194598,3.0207753424761425,0.9146933599425806
7-8-9-10,PHI_C7_C10,LOCAL_TYPE_12,7-10,C7-C10,0.10068600012073119,0.0991709998189032,1.2,PSI,60,15.683428081132595,2.964372585830808,0.9320971192515628
7-8-9-10,PHI_C7_C10,LOCAL_TYPE_12,7-10,C7-C10,0.10068600012073119,0.0991709998189032,1.2,PSI,75,23.207234060776265,2.861410150735684,0.9656368720614199
7-8-9-10,PHI_C7_C10,LOCAL_TYPE_12,7-10,C7-C10,0.10068600012073119,0.0991709998189032,1.2,PSI,90,36.77978373595889,2.7336522902952716,1.0107661305171887
7-8-9-25,PHI_C7_S,LOCAL_TYPE_12,7-25,C7-S1,0.10068600012073119,-0.2900640001536579,1.2,CHI,-180,1.8361875979134048,3.253876556800819,-2.4837164929683992
7-8-9-25,PHI_C7_S,LOCAL_TYPE_12,7-25,C7-S1,0.10068600012073119,-0.2900640001536579,1.2,CHI,-165,1.4130028718141248,3.259586758705809,-2.4793654743579197
7-8-9-25,PHI_C7_S,LOCAL_TYPE_12,7-25,C7-S1,0.10068600012073119,-0.2900640001536579,1.2,CHI,-150,1.3982414847839755,3.26240224961268,-2.4772257532524997
7-8-9-25,PHI_C7_S,LOCAL_TYPE_12,7-25,C7-S1,0.10068600012073119,-0.2900640001536579,1.2,CHI,-135,1.7201805587324959,3.2594316865777335,-2.4794834337193534
7-8-9-25,PHI_C7_S,LOCAL_TYPE_12,7-25,C7-S1,0.10068600012073119,-0.2900640001536579,1.2,CHI,-120,2.1004462123625456,3.2507752351143013,-2.486086021239564
7-8-9-25,PHI_C7_S,LOCAL_TYPE_12,7-25,C7-S1,0.10068600012073119,-0.2900640001536579,1.2,CHI,-105,2.282405294363951,3.2424983737183553,-2.4924320504567206
7-8-9-25,PHI_C7_S,LOCAL_TYPE_12,7-25,C7-S1,0.10068600012073119,-0.2900640001536579,1.2,CHI,-90,2.191846518770847,3.238681268599267,-2.495369627312776
7-8-9-25,PHI_C7_S,LOCAL_TYPE_12,7-25,C7-S1,0.10068600012073119,-0.2900640001536579,1.2,CHI,-75,1.9493375527533943,3.2402257312078904,-2.4941802024381574
7-8-9-25,PHI_C7_S,LOCAL_TYPE_12,7-25,C7-S1,0.10068600012073119,-0.2900640001536579,1.2,CHI,-60,1.7582771045303314,3.2450388956921206,-2.4904807399806863
7-8-9-25,PHI_C7_S,LOCAL_TYPE_12,7-25,C7-S1,0.10068600012073119,-0.2900640001536579,1.2,CHI,-45,1.7517423921353694,3.2490990868097405,-2.487368545643455
7-8-9-25,PHI_C7_S,LOCAL_TYPE_12,7-25,C7-S1,0.10068600012073119,-0.2900640001536579,1.2,CHI,-30,1.8731815879809242,3.248811697391739,-2.487588577909179
7-8-9-25,PHI_C7_S,LOCAL_TYPE_12,7-25,C7-S1,0.10068600012073119,-0.2900640001536579,1.2,CHI,-15,1.8830474967830666,3.2410756121767785,-2.493526173794374
7-8-9-25,PHI_C7_S,LOCAL_TYPE_12,7-25,C7-S1,0.10068600012073119,-0.2900640001536579,1.2,CHI,0,1.53761834092137,3.228054581044755,-2.5035843314625086
7-8-9-25,PHI_C7_S,LOCAL_TYPE_12,7-25,C7-S1,0.10068600012073119,-0.2900640001536579,1.2,CHI,15,0.8500053424677801,3.221551060030347,-2.5086384538425697
7-8-9-25,PHI_C7_S,LOCAL_TYPE_12,7-25,C7-S1,0.10068600012073119,-0.2900640001536579,1.2,CHI,30,0.1979165005694423,3.2264578535014574,-2.5048233193063068
7-8-9-25,PHI_C7_S,LOCAL_TYPE_12,7-25,C7-S1,0.10068600012073119,-0.2900640001536579,1.2,CHI,45,0.0,3.2395112962196126,-2.4947302636791138
7-8-9-25,PHI_C7_S,LOCAL_TYPE_12,7-25,C7-S1,0.10068600012073119,-0.2900640001536579,1.2,CHI,60,0.32618472333560894,3.2547683625063075,-2.483035955279524
7-8-9-25,PHI_C7_S,LOCAL_TYPE_12,7-25,C7-S1,0.10068600012073119,-0.2900640001536579,1.2,CHI,75,1.0408015037026501,3.270987773094038,-2.4707236562259935
7-8-9-25,PHI_C7_S,LOCAL_TYPE_12,7-25,C7-S1,0.10068600012073119,-0.2900640001536579,1.2,CHI,90,2.0223598887749024,3.2822573463746765,-2.462240469698648
7-8-9-25,PHI_C7_S,LOCAL_TYPE_12,7-25,C7-S1,0.10068600012073119,-0.2900640001536579,1.2,CHI,105,3.0480034924252344,3.2798357167102554,-2.4640584371449994
7-8-9-25,PHI_C7_S,LOCAL_TYPE_12,7-25,C7-S1,0.10068600012073119,-0.2900640001536579,1.2,CHI,120,3.7373350122694022,3.2664205537876088,-2.474178305312891
7-8-9-25,PHI_C7_S,LOCAL_TYPE_12,7-25,C7-S1,0.10068600012073119,-0.2900640001536579,1.2,CHI,135,3.8030037733710786,3.249870802745144,-2.486777893872845
7-8-9-25,PHI_C7_S,LOCAL_TYPE_12,7-25,C7-S1,0.10068600012073119,-0.2900640001536579,1.2,CHI,150,3.292878201783699,3.2425493842128152,-2.4923928405091647
7-8-9-25,PHI_C7_S,LOCAL_TYPE_12,7-25,C7-S1,0.10068600012073119,-0.2900640001536579,1.2,CHI,165,2.5316328285396272,3.246663942398851,-2.4892341842556456
7-8-9-25,PHI_C7_S,LOCAL_TYPE_12,7-25,C7-S1,0.10068600012073119,-0.2900640001536579,1.2,PHI,-180,12.297421019351964,4.140664207176544,-1.9517899703632853
7-8-9-25,PHI_C7_S,LOCAL_TYPE_12,7-25,C7-S1,0.10068600012073119,-0.2900640001536579,1.2,PHI,-165,12.017065696114134,4.1379513976317055,-1.9530695490611287
7-8-9-25,PHI_C7_S,LOCAL_TYPE_12,7-25,C7-S1,0.10068600012073119,-0.2900640001536579,1.2,PHI,-150,12.14534987811232,4.111093790017786,-1.9658288725576503
7-8-9-25,PHI_C7_S,LOCAL_TYPE_12,7-25,C7-S1,0.10068600012073119,-0.2900640001536579,1.2,PHI,-135,12.088672339648122,4.052420749282672,-1.9942911583502239
7-8-9-25,PHI_C7_S,LOCAL_TYPE_12,7-25,C7-S1,0.10068600012073119,-0.2900640001536579,1.2,PHI,-120,9.406090467076242,3.944433215488641,-2.048889264615994
7-8-9-25,PHI_C7_S,LOCAL_TYPE_12,7-25,C7-S1,0.10068600012073119,-0.2900640001536579,1.2,PHI,-105,5.389702277432289,3.7793913198068574,-2.1383620234970615
7-8-9-25,PHI_C7_S,LOCAL_TYPE_12,7-25,C7-S1,0.10068600012073119,-0.2900640001536579,1.2,PHI,-90,1.8840517384563273,3.571538380535303,-2.262808350108821
7-8-9-25,PHI_C7_S,LOCAL_TYPE_12,7-25,C7-S1,0.10068600012073119,-0.2900640001536579,1.2,PHI,-75,0.0,3.3447652911136583,-2.416225405017454
7-8-9-25,PHI_C7_S,LOCAL_TYPE_12,7-25,C7-S1,0.10068600012073119,-0.2900640001536579,1.2,PHI,-60,1.1679589391511374,3.1407127982776415,-2.573207863718519
7-8-9-25,PHI_C7_S,LOCAL_TYPE_12,7-25,C7-S1,0.10068600012073119,-0.2900640001536579,1.2,PHI,-45,5.348395421266241,3.0081933446354405,-2.686564972501405
7-8-9-25,PHI_C7_S,LOCAL_TYPE_12,7-25,C7-S1,0.10068600012073119,-0.2900640001536579,1.2,PHI,-30,12.61886348886727,2.9420351072792648,-2.74697839268248
7-8-9-25,PHI_C7_S,LOCAL_TYPE_12,7-25,C7-S1,0.10068600012073119,-0.2900640001536579,1.2,PHI,-15,24.120153734931876,2.94181833715279,-2.7471808058791356
7-8-9-25,PHI_C7_S,LOCAL_TYPE_12,7-25,C7-S1,0.10068600012073119,-0.2900640001536579,1.2,PHI,0,39.62646469177788,3.00447342230628,-2.689891283513428
7-8-9-25,PHI_C7_S,LOCAL_TYPE_12,7-25,C7-S1,0.10068600012073119,-0.2900640001536579,1.2,PHI,105,36.46525443667219,3.882576186925515,-2.0815320758996
7-8-9-25,PHI_C7_S,LOCAL_TYPE_12,7-25,C7-S1,0.10068600012073119,-0.2900640001536579,1.2,PHI,120,25.91194918747669,3.970122284603258,-2.0356317238769996
7-8-9-25,PHI_C7_S,LOCAL_TYPE_12,7-25,C7-S1,0.10068600012073119,-0.2900640001536579,1.2,PHI,135,18.085910819557824,4.0397933323004915,-2.00052483021631
7-8-9-25,PHI_C7_S,LOCAL_TYPE_12,7-25,C7-S1,0.10068600012073119,-0.2900640001536579,1.2,PHI,150,13.569233322541978,4.099961514489128,-1.9711665198926716
7-8-9-25,PHI_C7_S,LOCAL_TYPE_12,7-25,C7-S1,0.10068600012073119,-0.2900640001536579,1.2,PHI,165,12.21349737743903,4.139654717842088,-1.9522659306286876
7-8-9-25,PHI_C7_S,LOCAL_TYPE_12,7-25,C7-S1,0.10068600012073119,-0.2900640001536579,1.2,PSI,-105,32.011747071349355,3.0338731556960594,-2.6638249048204656
7-8-9-25,PHI_C7_S,LOCAL_TYPE_12,7-25,C7-S1,0.10068600012073119,-0.2900640001536579,1.2,PSI,-90,14.696882575166297,3.0217175350625114,-2.6745408121153957
7-8-9-25,PHI_C7_S,LOCAL_TYPE_12,7-25,C7-S1,0.10068600012073119,-0.2900640001536579,1.2,PSI,-75,4.330868332829533,3.0697677782255695,-2.6326769495511884
7-8-9-25,PHI_C7_S,LOCAL_TYPE_12,7-25,C7-S1,0.10068600012073119,-0.2900640001536579,1.2,PSI,-60,0.0,3.1858548024626105,-2.536746766978333
7-8-9-25,PHI_C7_S,LOCAL_TYPE_12,7-25,C7-S1,0.10068600012073119,-0.2900640001536579,1.2,PSI,-45,0.19638589416353,3.3430905316229063,-2.4174358408075025
7-8-9-25,PHI_C7_S,LOCAL_TYPE_12,7-25,C7-S1,0.10068600012073119,-0.2900640001536579,1.2,PSI,-30,3.0779934750218234,3.5066068701371687,-2.304708560014111
7-8-9-25,PHI_C7_S,LOCAL_TYPE_12,7-25,C7-S1,0.10068600012073119,-0.2900640001536579,1.2,PSI,-15,6.97513939178259,3.6652558268499145,-2.2049502823259144
7-8-9-25,PHI_C7_S,LOCAL_TYPE_12,7-25,C7-S1,0.10068600012073119,-0.2900640001536579,1.2,PSI,0,10.412722960962697,3.828758526226658,-2.1107904337268706
7-8-9-25,PHI_C7_S,LOCAL_TYPE_12,7-25,C7-S1,0.10068600012073119,-0.2900640001536579,1.2,PSI,15,11.945479233545104,4.028580701721008,-2.006092832335944
7-8-9-25,PHI_C7_S,LOCAL_TYPE_12,7-25,C7-S1,0.10068600012073119,-0.2900640001536579,1.2,PSI,30,11.696853683615846,4.127440350242485,-1.958043286981634
7-8-9-25,PHI_C7_S,LOCAL_TYPE_12,7-25,C7-S1,0.10068600012073119,-0.2900640001536579,1.2,PSI,45,12.409782605194598,4.127310934549511,-1.958104683259471
7-8-9-25,PHI_C7_S,LOCAL_TYPE_12,7-25,C7-S1,0.10068600012073119,-0.2900640001536579,1.2,PSI,60,15.683428081132595,4.098256116401536,-1.9719867769771173
7-8-9-25,PHI_C7_S,LOCAL_TYPE_12,7-25,C7-S1,0.10068600012073119,-0.2900640001536579,1.2,PSI,75,23.207234060776265,4.06907570990714,-1.986128410079117
7-8-9-25,PHI_C7_S,LOCAL_TYPE_12,7-25,C7-S1,0.10068600012073119,-0.2900640001536579,1.2,PSI,90,36.77978373595889,4.03503878103845,-2.0028820808828827
7-8-9-36,PHI_C7_H11,LOCAL_TYPE_12,7-36,C7-H11,0.10068600012073119,0.12464899985182991,1.2,CHI,-180,1.8361875979134048,3.4771759514125975,0.9987835783262228
7-8-9-36,PHI_C7_H11,LOCAL_TYPE_12,7-36,C7-H11,0.10068600012073119,0.12464899985182991,1.2,CHI,-165,1.4130028718141248,3.472426224960046,1.0001497553088323
7-8-9-36,PHI_C7_H11,LOCAL_TYPE_12,7-36,C7-H11,0.10068600012073119,0.12464899985182991,1.2,CHI,-150,1.3982414847839755,3.4696216570137017,1.0009581973300576
7-8-9-36,PHI_C7_H11,LOCAL_TYPE_12,7-36,C7-H11,0.10068600012073119,0.12464899985182991,1.2,CHI,-135,1.7201805587324959,3.4710293064518583,1.0005522663742252
7-8-9-36,PHI_C7_H11,LOCAL_TYPE_12,7-36,C7-H11,0.10068600012073119,0.12464899985182991,1.2,CHI,-120,2.1004462123625456,3.4766594251723513,0.9989319673006496
7-8-9-36,PHI_C7_H11,LOCAL_TYPE_12,7-36,C7-H11,0.10068600012073119,0.12464899985182991,1.2,CHI,-105,2.282405294363951,3.482354925951444,0.9972981827155051
7-8-9-36,PHI_C7_H11,LOCAL_TYPE_12,7-36,C7-H11,0.10068600012073119,0.12464899985182991,1.2,CHI,-90,2.191846518770847,3.4849112813578604,0.9965666149953074
7-8-9-36,PHI_C7_H11,LOCAL_TYPE_12,7-36,C7-H11,0.10068600012073119,0.12464899985182991,1.2,CHI,-75,1.9493375527533943,3.4832883538149875,0.9970309335482093
7-8-9-36,PHI_C7_H11,LOCAL_TYPE_12,7-36,C7-H11,0.10068600012073119,0.12464899985182991,1.2,CHI,-60,1.7582771045303314,3.47874711004675,0.9983324827469537
7-8-9-36,PHI_C7_H11,LOCAL_TYPE_12,7-36,C7-H11,0.10068600012073119,0.12464899985182991,1.2,CHI,-45,1.7517423921353694,3.4739963947455337,0.9996977096679319
7-8-9-36,PHI_C7_H11,LOCAL_TYPE_12,7-36,C7-H11,0.10068600012073119,0.12464899985182991,1.2,CHI,-30,1.8731815879809242,3.47086171256227,1.000600579000871
7-8-9-36,PHI_C7_H11,LOCAL_TYPE_12,7-36,C7-H11,0.10068600012073119,0.12464899985182991,1.2,CHI,-15,1.8830474967830666,3.4714588791266303,1.000428453899908
7-8-9-36,PHI_C7_H11,LOCAL_TYPE_12,7-36,C7-H11,0.10068600012073119,0.12464899985182991,1.2,CHI,0,1.53761834092137,3.4754220879684325,0.9992876120701306
7-8-9-36,PHI_C7_H11,LOCAL_TYPE_12,7-36,C7-H11,0.10068600012073119,0.12464899985182991,1.2,CHI,15,0.8500053424677801,3.479215782302349,0.998198001080451
7-8-9-36,PHI_C7_H11,LOCAL_TYPE_12,7-36,C7-H11,0.10068600012073119,0.12464899985182991,1.2,CHI,30,0.1979165005694423,3.480603055806079,0.9978001465661118
7-8-9-36,PHI_C7_H11,LOCAL_TYPE_12,7-36,C7-H11,0.10068600012073119,0.12464899985182991,1.2,CHI,45,0.0,3.4788605379692807,0.9982999322097083
7-8-9-36,PHI_C7_H11,LOCAL_TYPE_12,7-36,C7-H11,0.10068600012073119,0.12464899985182991,1.2,CHI,60,0.32618472333560894,3.475018611520573,0.9994036370648663
7-8-9-36,PHI_C7_H11,LOCAL_TYPE_12,7-36,C7-H11,0.10068600012073119,0.12464899985182991,1.2,CHI,75,1.0408015037026501,3.4702926846411057,1.0007646486396957
7-8-9-36,PHI_C7_H11,LOCAL_TYPE_12,7-36,C7-H11,0.10068600012073119,0.12464899985182991,1.2,CHI,90,2.0223598887749024,3.4677564121021756,1.0014965950611394
7-8-9-36,PHI_C7_H11,LOCAL_TYPE_12,7-36,C7-H11,0.10068600012073119,0.12464899985182991,1.2,CHI,105,3.0480034924252344,3.469702660487278,1.0009348290190458
7-8-9-36,PHI_C7_H11,LOCAL_TYPE_12,7-36,C7-H11,0.10068600012073119,0.12464899985182991,1.2,CHI,120,3.7373350122694022,3.474945644276086,0.9994246226390282
7-8-9-36,PHI_C7_H11,LOCAL_TYPE_12,7-36,C7-H11,0.10068600012073119,0.12464899985182991,1.2,CHI,135,3.8030037733710786,3.4804744189319843,0.9978370248408457
7-8-9-36,PHI_C7_H11,LOCAL_TYPE_12,7-36,C7-H11,0.10068600012073119,0.12464899985182991,1.2,CHI,150,3.292878201783699,3.4831963111593263,0.9970572798596723
7-8-9-36,PHI_C7_H11,LOCAL_TYPE_12,7-36,C7-H11,0.10068600012073119,0.12464899985182991,1.2,CHI,165,2.5316328285396272,3.481874858761694,0.9974356862603881
7-8-9-36,PHI_C7_H11,LOCAL_TYPE_12,7-36,C7-H11,0.10068600012073119,0.12464899985182991,1.2,PHI,-180,12.297421019351964,2.8543717454903783,1.2167112586889461
7-8-9-36,PHI_C7_H11,LOCAL_TYPE_12,7-36,C7-H11,0.10068600012073119,0.12464899985182991,1.2,PHI,-165,12.017065696114134,3.0392552422154138,1.1426964708269176
7-8-9-36,PHI_C7_H11,LOCAL_TYPE_12,7-36,C7-H11,0.10068600012073119,0.12464899985182991,1.2,PHI,-150,12.14534987811232,3.1959497708107807,1.0866710956914414
7-8-9-36,PHI_C7_H11,LOCAL_TYPE_12,7-36,C7-H11,0.10068600012073119,0.12464899985182991,1.2,PHI,-135,12.088672339648122,3.310342488352386,1.0491199177853971
7-8-9-36,PHI_C7_H11,LOCAL_TYPE_12,7-36,C7-H11,0.10068600012073119,0.12464899985182991,1.2,PHI,-120,9.406090467076242,3.3896627057654833,1.0245698586218097
7-8-9-36,PHI_C7_H11,LOCAL_TYPE_12,7-36,C7-H11,0.10068600012073119,0.12464899985182991,1.2,PHI,-105,5.389702277432289,3.436880890748195,1.0104936276874337
7-8-9-36,PHI_C7_H11,LOCAL_TYPE_12,7-36,C7-H11,0.10068600012073119,0.12464899985182991,1.2,PHI,-90,1.8840517384563273,3.4649336215227793,1.0023124880803522
7-8-9-36,PHI_C7_H11,LOCAL_TYPE_12,7-36,C7-H11,0.10068600012073119,0.12464899985182991,1.2,PHI,-75,0.0,3.47623843959024,0.9990529417283396
7-8-9-36,PHI_C7_H11,LOCAL_TYPE_12,7-36,C7-H11,0.10068600012073119,0.12464899985182991,1.2,PHI,-60,1.1679589391511374,3.474450428090834,0.9995670714260562
7-8-9-36,PHI_C7_H11,LOCAL_TYPE_12,7-36,C7-H11,0.10068600012073119,0.12464899985182991,1.2,PHI,-45,5.348395421266241,3.46598740256161,1.0020077501306004
7-8-9-36,PHI_C7_H11,LOCAL_TYPE_12,7-36,C7-H11,0.10068600012073119,0.12464899985182991,1.2,PHI,-30,12.61886348886727,3.4528605136798256,1.0058171262529603
7-8-9-36,PHI_C7_H11,LOCAL_TYPE_12,7-36,C7-H11,0.10068600012073119,0.12464899985182991,1.2,PHI,-15,24.120153734931876,3.4344346958405243,1.0112133573038613
7-8-9-36,PHI_C7_H11,LOCAL_TYPE_12,7-36,C7-H11,0.10068600012073119,0.12464899985182991,1.2,PHI,0,39.62646469177788,3.413061984805523,1.0175456099780302
7-8-9-36,PHI_C7_H11,LOCAL_TYPE_12,7-36,C7-H11,0.10068600012073119,0.12464899985182991,1.2,PHI,105,36.46525443667219,2.219120105875098,1.5650104877276236
7-8-9-36,PHI_C7_H11,LOCAL_TYPE_12,7-36,C7-H11,0.10068600012073119,0.12464899985182991,1.2,PHI,120,25.91194918747669,2.2659528597744765,1.532664823207052
7-8-9-36,PHI_C7_H11,LOCAL_TYPE_12,7-36,C7-H11,0.10068600012073119,0.12464899985182991,1.2,PHI,135,18.085910819557824,2.34200404181909,1.4828950664509708
7-8-9-36,PHI_C7_H11,LOCAL_TYPE_12,7-36,C7-H11,0.10068600012073119,0.12464899985182991,1.2,PHI,150,13.569233322541978,2.4651957765091574,1.4087912498940067
7-8-9-36,PHI_C7_H11,LOCAL_TYPE_12,7-36,C7-H11,0.10068600012073119,0.12464899985182991,1.2,PHI,165,12.21349737743903,2.6521595128759956,1.3094786427290368
7-8-9-36,PHI_C7_H11,LOCAL_TYPE_12,7-36,C7-H11,0.10068600012073119,0.12464899985182991,1.2,PSI,-105,32.011747071349355,3.3594327073556065,1.0337894941659684
7-8-9-36,PHI_C7_H11,LOCAL_TYPE_12,7-36,C7-H11,0.10068600012073119,0.12464899985182991,1.2,PSI,-90,14.696882575166297,3.3847648132484904,1.0260524529291124
7-8-9-36,PHI_C7_H11,LOCAL_TYPE_12,7-36,C7-H11,0.10068600012073119,0.12464899985182991,1.2,PSI,-75,4.330868332829533,3.4221155222062785,1.0148535947093662
7-8-9-36,PHI_C7_H11,LOCAL_TYPE_12,7-36,C7-H11,0.10068600012073119,0.12464899985182991,1.2,PSI,-60,0.0,3.462339799324312,1.0030633734734875
7-8-9-36,PHI_C7_H11,LOCAL_TYPE_12,7-36,C7-H11,0.10068600012073119,0.12464899985182991,1.2,PSI,-45,0.19638589416353,3.4912380261880127,0.9947606588754354
7-8-9-36,PHI_C7_H11,LOCAL_TYPE_12,7-36,C7-H11,0.10068600012073119,0.12464899985182991,1.2,PSI,-30,3.0779934750218234,3.499246309644718,0.9924840756849648
7-8-9-36,PHI_C7_H11,LOCAL_TYPE_12,7-36,C7-H11,0.10068600012073119,0.12464899985182991,1.2,PSI,-15,6.97513939178259,3.484118270520189,0.9967934408561973
7-8-9-36,PHI_C7_H11,LOCAL_TYPE_12,7-36,C7-H11,0.10068600012073119,0.12464899985182991,1.2,PSI,0,10.412722960962697,3.439651585526821,1.0096796587872552
7-8-9-36,PHI_C7_H11,LOCAL_TYPE_12,7-36,C7-H11,0.10068600012073119,0.12464899985182991,1.2,PSI,15,11.945479233545104,3.31775017416364,1.0467775018947125
7-8-9-36,PHI_C7_H11,LOCAL_TYPE_12,7-36,C7-H11,0.10068600012073119,0.12464899985182991,1.2,PSI,30,11.696853683615846,3.105589844912128,1.118288767240617
7-8-9-36,PHI_C7_H11,LOCAL_TYPE_12,7-36,C7-H11,0.10068600012073119,0.12464899985182991,1.2,PSI,45,12.409782605194598,2.887659363339619,1.2026855671803514
7-8-9-36,PHI_C7_H11,LOCAL_TYPE_12,7-36,C7-H11,0.10068600012073119,0.12464899985182991,1.2,PSI,60,15.683428081132595,2.7409892340801134,1.267041182081584
7-8-9-36,PHI_C7_H11,LOCAL_TYPE_12,7-36,C7-H11,0.10068600012073119,0.12464899985182991,1.2,PSI,75,23.207234060776265,2.6619031309963646,1.3046854330577462
7-8-9-36,PHI_C7_H11,LOCAL_TYPE_12,7-36,C7-H11,0.10068600012073119,0.12464899985182991,1.2,PSI,90,36.77978373595889,2.576761970182215,1.347794743717121
10-9-8-34,PHI_C10_HC,LOCAL_TYPE_1,10-34,C10-H9,0.0991709998189032,0.11249000016463342,1.2,CHI,-180,1.8361875979134048,2.8662340478433346,1.0770283434841765
10-9-8-34,PHI_C10_HC,LOCAL_TYPE_1,10-34,C10-H9,0.0991709998189032,0.11249000016463342,1.2,CHI,-165,1.4130028718141248,2.8710657673770745,1.0752158113768544
10-9-8-34,PHI_C10_HC,LOCAL_TYPE_1,10-34,C10-H9,0.0991709998189032,0.11249000016463342,1.2,CHI,-150,1.3982414847839755,2.8732998778877357,1.074379786232416
10-9-8-34,PHI_C10_HC,LOCAL_TYPE_1,10-34,C10-H9,0.0991709998189032,0.11249000016463342,1.2,CHI,-135,1.7201805587324959,2.8708612498525725,1.0752924087658993
10-9-8-34,PHI_C10_HC,LOCAL_TYPE_1,10-34,C10-H9,0.0991709998189032,0.11249000016463342,1.2,CHI,-120,2.1004462123625456,2.863468477952321,1.0780685495075508
10-9-8-34,PHI_C10_HC,LOCAL_TYPE_1,10-34,C10-H9,0.0991709998189032,0.11249000016463342,1.2,CHI,-105,2.282405294363951,2.855653073275036,1.0810190276532003
10-9-8-34,PHI_C10_HC,LOCAL_TYPE_1,10-34,C10-H9,0.0991709998189032,0.11249000016463342,1.2,CHI,-90,2.191846518770847,2.851064608323387,1.0827588051054446
10-9-8-34,PHI_C10_HC,LOCAL_TYPE_1,10-34,C10-H9,0.0991709998189032,0.11249000016463342,1.2,CHI,-75,1.9493375527533943,2.85087071749407,1.082832444713647
10-9-8-34,PHI_C10_HC,LOCAL_TYPE_1,10-34,C10-H9,0.0991709998189032,0.11249000016463342,1.2,CHI,-60,1.7582771045303314,2.853317444145534,1.0819039132573989
10-9-8-34,PHI_C10_HC,LOCAL_TYPE_1,10-34,C10-H9,0.0991709998189032,0.11249000016463342,1.2,CHI,-45,1.7517423921353694,2.8554570476313845,1.08109323904814
10-9-8-34,PHI_C10_HC,LOCAL_TYPE_1,10-34,C10-H9,0.0991709998189032,0.11249000016463342,1.2,CHI,-30,1.8731815879809242,2.855436028364253,1.0811011971278728
10-9-8-34,PHI_C10_HC,LOCAL_TYPE_1,10-34,C10-H9,0.0991709998189032,0.11249000016463342,1.2,CHI,-15,1.8830474967830666,2.8524599719565567,1.0822291421916816
10-9-8-34,PHI_C10_HC,LOCAL_TYPE_1,10-34,C10-H9,0.0991709998189032,0.11249000016463342,1.2,CHI,0,1.53761834092137,2.8481109447375963,1.0838816915789309
10-9-8-34,PHI_C10_HC,LOCAL_TYPE_1,10-34,C10-H9,0.0991709998189032,0.11249000016463342,1.2,CHI,15,0.8500053424677801,2.847175299912293,1.0842378790943248
10-9-8-34,PHI_C10_HC,LOCAL_TYPE_1,10-34,C10-H9,0.0991709998189032,0.11249000016463342,1.2,CHI,30,0.1979165005694423,2.8515393324446534,1.0825785474753116
10-9-8-34,PHI_C10_HC,LOCAL_TYPE_1,10-34,C10-H9,0.0991709998189032,0.11249000016463342,1.2,CHI,45,0.0,2.859629097170737,1.0795159804608532
10-9-8-34,PHI_C10_HC,LOCAL_TYPE_1,10-34,C10-H9,0.0991709998189032,0.11249000016463342,1.2,CHI,60,0.32618472333560894,2.8683516922236176,1.0762331958650166
10-9-8-34,PHI_C10_HC,LOCAL_TYPE_1,10-34,C10-H9,0.0991709998189032,0.11249000016463342,1.2,CHI,75,1.0408015037026501,2.8768373627558668,1.0730586819233485
10-9-8-34,PHI_C10_HC,LOCAL_TYPE_1,10-34,C10-H9,0.0991709998189032,0.11249000016463342,1.2,CHI,90,2.0223598887749024,2.8818273291569767,1.0712006501408604
10-9-8-34,PHI_C10_HC,LOCAL_TYPE_1,10-34,C10-H9,0.0991709998189032,0.11249000016463342,1.2,CHI,105,3.0480034924252344,2.8799360122783018,1.0719041310034285
10-9-8-34,PHI_C10_HC,LOCAL_TYPE_1,10-34,C10-H9,0.0991709998189032,0.11249000016463342,1.2,CHI,120,3.7373350122694022,2.872109889215953,1.0748249292889576
10-9-8-34,PHI_C10_HC,LOCAL_TYPE_1,10-34,C10-H9,0.0991709998189032,0.11249000016463342,1.2,CHI,135,3.8030037733710786,2.8615145647854043,1.0788046814705483
10-9-8-34,PHI_C10_HC,LOCAL_TYPE_1,10-34,C10-H9,0.0991709998189032,0.11249000016463342,1.2,CHI,150,3.292878201783699,2.8563897653720827,1.0807402218039133
10-9-8-34,PHI_C10_HC,LOCAL_TYPE_1,10-34,C10-H9,0.0991709998189032,0.11249000016463342,1.2,CHI,165,2.5316328285396272,2.859860813450574,1.0794285141667452
10-9-8-34,PHI_C10_HC,LOCAL_TYPE_1,10-34,C10-H9,0.0991709998189032,0.11249000016463342,1.2,PHI,-180,12.297421019351964,3.548249448763339,0.8700107907189448
10-9-8-34,PHI_C10_HC,LOCAL_TYPE_1,10-34,C10-H9,0.0991709998189032,0.11249000016463342,1.2,PHI,-165,12.017065696114134,3.533610529377754,0.8736150413074121
10-9-8-34,PHI_C10_HC,LOCAL_TYPE_1,10-34,C10-H9,0.0991709998189032,0.11249000016463342,1.2,PHI,-150,12.14534987811232,3.489463171838256,0.8846676857060529
10-9-8-34,PHI_C10_HC,LOCAL_TYPE_1,10-34,C10-H9,0.0991709998189032,0.11249000016463342,1.2,PHI,-135,12.088672339648122,3.406783388055984,0.9061378306027842
10-9-8-34,PHI_C10_HC,LOCAL_TYPE_1,10-34,C10-H9,0.0991709998189032,0.11249000016463342,1.2,PHI,-120,9.406090467076242,3.286700783182857,0.9392444010668876
10-9-8-34,PHI_C10_HC,LOCAL_TYPE_1,10-34,C10-H9,0.0991709998189032,0.11249000016463342,1.2,PHI,-105,5.389702277432289,3.1583535339307804,0.9774128435662037
10-9-8-34,PHI_C10_HC,LOCAL_TYPE_1,10-34,C10-H9,0.0991709998189032,0.11249000016463342,1.2,PHI,-90,1.8840517384563273,3.0376122818641598,1.0162637697435746
10-9-8-34,PHI_C10_HC,LOCAL_TYPE_1,10-34,C10-H9,0.0991709998189032,0.11249000016463342,1.2,PHI,-75,0.0,2.9188925893892423,1.0575981177959648
10-9-8-34,PHI_C10_HC,LOCAL_TYPE_1,10-34,C10-H9,0.0991709998189032,0.11249000016463342,1.2,PHI,-60,1.1679589391511374,2.794489845295433,1.104679379595417
10-9-8-34,PHI_C10_HC,LOCAL_TYPE_1,10-34,C10-H9,0.0991709998189032,0.11249000016463342,1.2,PHI,-45,5.348395421266241,2.666955175399327,1.157505509302169
10-9-8-34,PHI_C10_HC,LOCAL_TYPE_1,10-34,C10-H9,0.0991709998189032,0.11249000016463342,1.2,PHI,-30,12.61886348886727,2.5574526982899632,1.2070664339757995
10-9-8-34,PHI_C10_HC,LOCAL_TYPE_1,10-34,C10-H9,0.0991709998189032,0.11249000016463342,1.2,PHI,-15,24.120153734931876,2.4699662675061673,1.2498208373118782
10-9-8-34,PHI_C10_HC,LOCAL_TYPE_1,10-34,C10-H9,0.0991709998189032,0.11249000016463342,1.2,PHI,0,39.62646469177788,2.4021670167469877,1.2850960349822327
10-9-8-34,PHI_C10_HC,LOCAL_TYPE_1,10-34,C10-H9,0.0991709998189032,0.11249000016463342,1.2,PHI,105,36.46525443667219,3.515629067758485,0.8780833384549552
10-9-8-34,PHI_C10_HC,LOCAL_TYPE_1,10-34,C10-H9,0.0991709998189032,0.11249000016463342,1.2,PHI,120,25.91194918747669,3.512802147541348,0.8787899741940467
10-9-8-34,PHI_C10_HC,LOCAL_TYPE_1,10-34,C10-H9,0.0991709998189032,0.11249000016463342,1.2,PHI,135,18.085910819557824,3.5069180882214397,0.880264446140017
10-9-8-34,PHI_C10_HC,LOCAL_TYPE_1,10-34,C10-H9,0.0991709998189032,0.11249000016463342,1.2,PHI,150,13.569233322541978,3.511516201931048,0.879111794184246
10-9-8-34,PHI_C10_HC,LOCAL_TYPE_1,10-34,C10-H9,0.0991709998189032,0.11249000016463342,1.2,PHI,165,12.21349737743903,3.535555073350745,0.8731345558311446
10-9-8-34,PHI_C10_HC,LOCAL_TYPE_1,10-34,C10-H9,0.0991709998189032,0.11249000016463342,1.2,PSI,-105,32.011747071349355,2.527801726986175,1.2212252549835907
10-9-8-34,PHI_C10_HC,LOCAL_TYPE_1,10-34,C10-H9,0.0991709998189032,0.11249000016463342,1.2,PSI,-90,14.696882575166297,2.629333765620196,1.174067495329373
10-9-8-34,PHI_C10_HC,LOCAL_TYPE_1,10-34,C10-H9,0.0991709998189032,0.11249000016463342,1.2,PSI,-75,4.330868332829533,2.726204335100037,1.1323492039247218
10-9-8-34,PHI_C10_HC,LOCAL_TYPE_1,10-34,C10-H9,0.0991709998189032,0.11249000016463342,1.2,PSI,-60,0.0,2.823794921241864,1.0932151217373207
10-9-8-34,PHI_C10_HC,LOCAL_TYPE_1,10-34,C10-H9,0.0991709998189032,0.11249000016463342,1.2,PSI,-45,0.19638589416353,2.921848962751513,1.056528023159555
10-9-8-34,PHI_C10_HC,LOCAL_TYPE_1,10-34,C10-H9,0.0991709998189032,0.11249000016463342,1.2,PSI,-30,3.0779934750218234,3.0153588053170473,1.023763839694053
10-9-8-34,PHI_C10_HC,LOCAL_TYPE_1,10-34,C10-H9,0.0991709998189032,0.11249000016463342,1.2,PSI,-15,6.97513939178259,3.1117042585930936,0.9920657787647198
10-9-8-34,PHI_C10_HC,LOCAL_TYPE_1,10-34,C10-H9,0.0991709998189032,0.11249000016463342,1.2,PSI,0,10.412722960962697,3.2273107822988027,0.9565286756758461
10-9-8-34,PHI_C10_HC,LOCAL_TYPE_1,10-34,C10-H9,0.0991709998189032,0.11249000016463342,1.2,PSI,15,11.945479233545104,3.400283823051927,0.9078698924067756
10-9-8-34,PHI_C10_HC,LOCAL_TYPE_1,10-34,C10-H9,0.0991709998189032,0.11249000016463342,1.2,PSI,30,11.696853683615846,3.5187726123941383,0.877298890446427
10-9-8-34,PHI_C10_HC,LOCAL_TYPE_1,10-34,C10-H9,0.0991709998189032,0.11249000016463342,1.2,PSI,45,12.409782605194598,3.534080766562998,0.8734987999690992
10-9-8-34,PHI_C10_HC,LOCAL_TYPE_1,10-34,C10-H9,0.0991709998189032,0.11249000016463342,1.2,PSI,60,15.683428081132595,3.5092591287480484,0.8796772182759744
10-9-8-34,PHI_C10_HC,LOCAL_TYPE_1,10-34,C10-H9,0.0991709998189032,0.11249000016463342,1.2,PSI,75,23.207234060776265,3.469954380215372,0.889641467965077
10-9-8-34,PHI_C10_HC,LOCAL_TYPE_1,10-34,C10-H9,0.0991709998189032,0.11249000016463342,1.2,PSI,90,36.77978373595889,3.424957517196476,0.9013295181288998
10-9-8-35,PHI_C10_HC,LOCAL_TYPE_1,10-35,C10-H10,0.0991709998189032,0.1128650000274389,1.2,CHI,-180,1.8361875979134048,3.482812854618354,0.8893117143749485
10-9-8-35,PHI_C10_HC,LOCAL_TYPE_1,10-35,C10-H10,0.0991709998189032,0.1128650000274389,1.2,CHI,-165,1.4130028718141248,3.485456603485586,0.8886371637765723
10-9-8-35,PHI_C10_HC,LOCAL_TYPE_1,10-35,C10-H10,0.0991709998189032,0.1128650000274389,1.2,CHI,-150,1.3982414847839755,3.4870515679321885,0.8882307044356245
10-9-8-35,PHI_C10_HC,LOCAL_TYPE_1,10-35,C10-H10,0.0991709998189032,0.1128650000274389,1.2,CHI,-135,1.7201805587324959,3.486522784444491,0.8883654179478571
10-9-8-35,PHI_C10_HC,LOCAL_TYPE_1,10-35,C10-H10,0.0991709998189032,0.1128650000274389,1.2,CHI,-120,2.1004462123625456,3.483846111447141,0.8890479577759474
10-9-8-35,PHI_C10_HC,LOCAL_TYPE_1,10-35,C10-H10,0.0991709998189032,0.1128650000274389,1.2,CHI,-105,2.282405294363951,3.481149095787188,0.8897367465059312
10-9-8-35,PHI_C10_HC,LOCAL_TYPE_1,10-35,C10-H10,0.0991709998189032,0.1128650000274389,1.2,CHI,-90,2.191846518770847,3.480275663961933,0.8899600404244399
10-9-8-35,PHI_C10_HC,LOCAL_TYPE_1,10-35,C10-H10,0.0991709998189032,0.1128650000274389,1.2,CHI,-75,1.9493375527533943,3.481813108577288,0.8895670657789425
10-9-8-35,PHI_C10_HC,LOCAL_TYPE_1,10-35,C10-H10,0.0991709998189032,0.1128650000274389,1.2,CHI,-60,1.7582771045303314,3.484861114356809,0.8887890130908179
10-9-8-35,PHI_C10_HC,LOCAL_TYPE_1,10-35,C10-H10,0.0991709998189032,0.1128650000274389,1.2,CHI,-45,1.7517423921353694,3.4876617414915487,0.8880753066560718
10-9-8-35,PHI_C10_HC,LOCAL_TYPE_1,10-35,C10-H10,0.0991709998189032,0.1128650000274389,1.2,CHI,-30,1.8731815879809242,3.4891037585689153,0.8877082726419526
10-9-8-35,PHI_C10_HC,LOCAL_TYPE_1,10-35,C10-H10,0.0991709998189032,0.1128650000274389,1.2,CHI,-15,1.8830474967830666,3.4880355273460646,0.8879801384776601
10-9-8-35,PHI_C10_HC,LOCAL_TYPE_1,10-35,C10-H10,0.0991709998189032,0.1128650000274389,1.2,CHI,0,1.53761834092137,3.4849191072813763,0.888774222654482
10-9-8-35,PHI_C10_HC,LOCAL_TYPE_1,10-35,C10-H10,0.0991709998189032,0.1128650000274389,1.2,CHI,15,0.8500053424677801,3.4825233822737602,0.8893856352417385
10-9-8-35,PHI_C10_HC,LOCAL_TYPE_1,10-35,C10-H10,0.0991709998189032,0.1128650000274389,1.2,CHI,30,0.1979165005694423,3.482221193511975,0.8894628165375059
10-9-8-35,PHI_C10_HC,LOCAL_TYPE_1,10-35,C10-H10,0.0991709998189032,0.1128650000274389,1.2,CHI,45,0.0,3.483810294984702,0.8890570979271296
10-9-8-35,PHI_C10_HC,LOCAL_TYPE_1,10-35,C10-H10,0.0991709998189032,0.1128650000274389,1.2,CHI,60,0.32618472333560894,3.4862287652891455,0.8884403402973091
10-9-8-35,PHI_C10_HC,LOCAL_TYPE_1,10-35,C10-H10,0.0991709998189032,0.1128650000274389,1.2,CHI,75,1.0408015037026501,3.4888039828253326,0.8877845490417807
10-9-8-35,PHI_C10_HC,LOCAL_TYPE_1,10-35,C10-H10,0.0991709998189032,0.1128650000274389,1.2,CHI,90,2.0223598887749024,3.489969466899143,0.887488071160614
10-9-8-35,PHI_C10_HC,LOCAL_TYPE_1,10-35,C10-H10,0.0991709998189032,0.1128650000274389,1.2,CHI,105,3.0480034924252344,3.4885170033580706,0.8878575817765164
10-9-8-35,PHI_C10_HC,LOCAL_TYPE_1,10-35,C10-H10,0.0991709998189032,0.1128650000274389,1.2,CHI,120,3.7373350122694022,3.4849246696223495,0.8887728040685029
10-9-8-35,PHI_C10_HC,LOCAL_TYPE_1,10-35,C10-H10,0.0991709998189032,0.1128650000274389,1.2,CHI,135,3.8030037733710786,3.480687667874502,0.8898546971550426
10-9-8-35,PHI_C10_HC,LOCAL_TYPE_1,10-35,C10-H10,0.0991709998189032,0.1128650000274389,1.2,CHI,150,3.292878201783699,3.4786487881708172,0.8903762521586485
10-9-8-35,PHI_C10_HC,LOCAL_TYPE_1,10-35,C10-H10,0.0991709998189032,0.1128650000274389,1.2,CHI,165,2.5316328285396272,3.479881772022257,0.8900607760555684
10-9-8-35,PHI_C10_HC,LOCAL_TYPE_1,10-35,C10-H10,0.0991709998189032,0.1128650000274389,1.2,PHI,-180,12.297421019351964,2.9963500525932973,1.0336930653035958
10-9-8-35,PHI_C10_HC,LOCAL_TYPE_1,10-35,C10-H10,0.0991709998189032,0.1128650000274389,1.2,PHI,-165,12.017065696114134,3.108920516498922,0.9962642190916334
10-9-8-35,PHI_C10_HC,LOCAL_TYPE_1,10-35,C10-H10,0.0991709998189032,0.1128650000274389,1.2,PHI,-150,12.14534987811232,3.243507874904929,0.9549248498983657
10-9-8-35,PHI_C10_HC,LOCAL_TYPE_1,10-35,C10-H10,0.0991709998189032,0.1128650000274389,1.2,PHI,-135,12.088672339648122,3.372979697305001,0.9182700604638959
10-9-8-35,PHI_C10_HC,LOCAL_TYPE_1,10-35,C10-H10,0.0991709998189032,0.1128650000274389,1.2,PHI,-120,9.406090467076242,3.472520708503178,0.8919475305081314
10-9-8-35,PHI_C10_HC,LOCAL_TYPE_1,10-35,C10-H10,0.0991709998189032,0.1128650000274389,1.2,PHI,-105,5.389702277432289,3.515280211006103,0.8810979736097001
10-9-8-35,PHI_C10_HC,LOCAL_TYPE_1,10-35,C10-H10,0.0991709998189032,0.1128650000274389,1.2,PHI,-90,1.8840517384563273,3.5185282581340753,0.8802846086080041
10-9-8-35,PHI_C10_HC,LOCAL_TYPE_1,10-35,C10-H10,0.0991709998189032,0.1128650000274389,1.2,PHI,-75,0.0,3.499384856195215,0.8851002098567039
10-9-8-35,PHI_C10_HC,LOCAL_TYPE_1,10-35,C10-H10,0.0991709998189032,0.1128650000274389,1.2,PHI,-60,1.1679589391511374,3.4621791763147116,0.8946117785517556
10-9-8-35,PHI_C10_HC,LOCAL_TYPE_1,10-35,C10-H10,0.0991709998189032,0.1128650000274389,1.2,PHI,-45,5.348395421266241,3.411363953261221,0.9079377964426137
10-9-8-35,PHI_C10_HC,LOCAL_TYPE_1,10-35,C10-H10,0.0991709998189032,0.1128650000274389,1.2,PHI,-30,12.61886348886727,3.344383893828639,0.9261216322394051
10-9-8-35,PHI_C10_HC,LOCAL_TYPE_1,10-35,C10-H10,0.0991709998189032,0.1128650000274389,1.2,PHI,-15,24.120153734931876,3.2701553730002564,0.9471434587360549
10-9-8-35,PHI_C10_HC,LOCAL_TYPE_1,10-35,C10-H10,0.0991709998189032,0.1128650000274389,1.2,PHI,0,39.62646469177788,3.192981660047456,0.970035722203842
10-9-8-35,PHI_C10_HC,LOCAL_TYPE_1,10-35,C10-H10,0.0991709998189032,0.1128650000274389,1.2,PHI,105,36.46525443667219,2.8778431759914804,1.0762595739848355
10-9-8-35,PHI_C10_HC,LOCAL_TYPE_1,10-35,C10-H10,0.0991709998189032,0.1128650000274389,1.2,PHI,120,25.91194918747669,2.8584918036700397,1.0835456189208241
10-9-8-35,PHI_C10_HC,LOCAL_TYPE_1,10-35,C10-H10,0.0991709998189032,0.1128650000274389,1.2,PHI,135,18.085910819557824,2.8289392959454536,1.094864875689251
10-9-8-35,PHI_C10_HC,LOCAL_TYPE_1,10-35,C10-H10,0.0991709998189032,0.1128650000274389,1.2,PHI,150,13.569233322541978,2.824171237322147,1.096713340060992
10-9-8-35,PHI_C10_HC,LOCAL_TYPE_1,10-35,C10-H10,0.0991709998189032,0.1128650000274389,1.2,PHI,165,12.21349737743903,2.886416945827349,1.0730626686020786
10-9-8-35,PHI_C10_HC,LOCAL_TYPE_1,10-35,C10-H10,0.0991709998189032,0.1128650000274389,1.2,PSI,-105,32.011747071349355,3.3231985944144227,0.9320256321104786
10-9-8-35,PHI_C10_HC,LOCAL_TYPE_1,10-35,C10-H10,0.0991709998189032,0.1128650000274389,1.2,PSI,-90,14.696882575166297,3.381805644116454,0.9158735292716602
10-9-8-35,PHI_C10_HC,LOCAL_TYPE_1,10-35,C10-H10,0.0991709998189032,0.1128650000274389,1.2,PSI,-75,4.330868332829533,3.4327221183634644,0.9022886688143531
10-9-8-35,PHI_C10_HC,LOCAL_TYPE_1,10-35,C10-H10,0.0991709998189032,0.1128650000274389,1.2,PSI,-60,0.0,3.473136554104098,0.8917893731899961
10-9-8-35,PHI_C10_HC,LOCAL_TYPE_1,10-35,C10-H10,0.0991709998189032,0.1128650000274389,1.2,PSI,-45,0.19638589416353,3.496624120273491,0.8857990347402565
10-9-8-35,PHI_C10_HC,LOCAL_TYPE_1,10-35,C10-H10,0.0991709998189032,0.1128650000274389,1.2,PSI,-30,3.0779934750218234,3.502723235104603,0.8842566376773016
10-9-8-35,PHI_C10_HC,LOCAL_TYPE_1,10-35,C10-H10,0.0991709998189032,0.1128650000274389,1.2,PSI,-15,6.97513939178259,3.4953462108829445,0.8861228856083355
10-9-8-35,PHI_C10_HC,LOCAL_TYPE_1,10-35,C10-H10,0.0991709998189032,0.1128650000274389,1.2,PSI,0,10.412722960962697,3.4642303340478153,0.8940820822871431
10-9-8-35,PHI_C10_HC,LOCAL_TYPE_1,10-35,C10-H10,0.0991709998189032,0.1128650000274389,1.2,PSI,15,11.945479233545104,3.35266969738102,0.9238328109110348
10-9-8-35,PHI_C10_HC,LOCAL_TYPE_1,10-35,C10-H10,0.0991709998189032,0.1128650000274389,1.2,PSI,30,11.696853683615846,3.1541573249592685,0.9819758342674786
10-9-8-35,PHI_C10_HC,LOCAL_TYPE_1,10-35,C10-H10,0.0991709998189032,0.1128650000274389,1.2,PSI,45,12.409782605194598,2.9941930161205157,1.034437744631721
10-9-8-35,PHI_C10_HC,LOCAL_TYPE_1,10-35,C10-H10,0.0991709998189032,0.1128650000274389,1.2,PSI,60,15.683428081132595,2.8996426419726102,1.0681682721015155
10-9-8-35,PHI_C10_HC,LOCAL_TYPE_1,10-35,C10-H10,0.0991709998189032,0.1128650000274389,1.2,PSI,75,23.207234060776265,2.8436388194426265,1.0892052286706546
10-9-8-35,PHI_C10_HC,LOCAL_TYPE_1,10-35,C10-H10,0.0991709998189032,0.1128650000274389,1.2,PSI,90,36.77978373595889,2.7869045367896157,1.1113786746910639
25-9-8-34,PHI_S_HC,LOCAL_TYPE_12,25-34,S1-H9,-0.2900640001536579,0.11249000016463342,1.2,CHI,-180,1.8361875979134048,3.762356490167463,-2.399871454175868
25-9-8-34,PHI_S_HC,LOCAL_TYPE_12,25-34,S1-H9,-0.2900640001536579,0.11249000016463342,1.2,CHI,-165,1.4130028718141248,3.7626033747072203,-2.399713985768907
25-9-8-34,PHI_S_HC,LOCAL_TYPE_12,25-34,S1-H9,-0.2900640001536579,0.11249000016463342,1.2,CHI,-150,1.3982414847839755,3.763000145993961,-2.399460959574647
25-9-8-34,PHI_S_HC,LOCAL_TYPE_12,25-34,S1-H9,-0.2900640001536579,0.11249000016463342,1.2,CHI,-135,1.7201805587324959,3.7636448707667753,-2.3990499240027057
25-9-8-34,PHI_S_HC,LOCAL_TYPE_12,25-34,S1-H9,-0.2900640001536579,0.11249000016463342,1.2,CHI,-120,2.1004462123625456,3.764605347577303,-2.398437846080438
25-9-8-34,PHI_S_HC,LOCAL_TYPE_12,25-34,S1-H9,-0.2900640001536579,0.11249000016463342,1.2,CHI,-105,2.282405294363951,3.7656194605637014,-2.3977919265996586
25-9-8-34,PHI_S_HC,LOCAL_TYPE_12,25-34,S1-H9,-0.2900640001536579,0.11249000016463342,1.2,CHI,-90,2.191846518770847,3.7665044086211728,-2.3972285603912433
25-9-8-34,PHI_S_HC,LOCAL_TYPE_12,25-34,S1-H9,-0.2900640001536579,0.11249000016463342,1.2,CHI,-75,1.9493375527533943,3.7671814671369033,-2.3967977173259105
25-9-8-34,PHI_S_HC,LOCAL_TYPE_12,25-34,S1-H9,-0.2900640001536579,0.11249000016463342,1.2,CHI,-60,1.7582771045303314,3.7677533791485027,-2.3964339043939127
25-9-8-34,PHI_S_HC,LOCAL_TYPE_12,25-34,S1-H9,-0.2900640001536579,0.11249000016463342,1.2,CHI,-45,1.7517423921353694,3.7681617964641667,-2.396174163662154
25-9-8-34,PHI_S_HC,LOCAL_TYPE_12,25-34,S1-H9,-0.2900640001536579,0.11249000016463342,1.2,CHI,-30,1.8731815879809242,3.7680099308041606,-2.396270738930674
25-9-8-34,PHI_S_HC,LOCAL_TYPE_12,25-34,S1-H9,-0.2900640001536579,0.11249000016463342,1.2,CHI,-15,1.8830474967830666,3.7665602967605287,-2.3971929903662614
25-9-8-34,PHI_S_HC,LOCAL_TYPE_12,25-34,S1-H9,-0.2900640001536579,0.11249000016463342,1.2,CHI,0,1.53761834092137,3.763704005457262,-2.3990122305298627
25-9-8-34,PHI_S_HC,LOCAL_TYPE_12,25-34,S1-H9,-0.2900640001536579,0.11249000016463342,1.2,CHI,15,0.8500053424677801,3.7611638655009494,-2.400632427639153
25-9-8-34,PHI_S_HC,LOCAL_TYPE_12,25-34,S1-H9,-0.2900640001536579,0.11249000016463342,1.2,CHI,30,0.1979165005694423,3.759775652774201,-2.4015188072522116
25-9-8-34,PHI_S_HC,LOCAL_TYPE_12,25-34,S1-H9,-0.2900640001536579,0.11249000016463342,1.2,CHI,45,0.0,3.759411110834152,-2.401751677321286
25-9-8-34,PHI_S_HC,LOCAL_TYPE_12,25-34,S1-H9,-0.2900640001536579,0.11249000016463342,1.2,CHI,60,0.32618472333560894,3.7596096418185203,-2.4016248497593495
25-9-8-34,PHI_S_HC,LOCAL_TYPE_12,25-34,S1-H9,-0.2900640001536579,0.11249000016463342,1.2,CHI,75,1.0408015037026501,3.760011580911348,-2.4013681199880033
25-9-8-34,PHI_S_HC,LOCAL_TYPE_12,25-34,S1-H9,-0.2900640001536579,0.11249000016463342,1.2,CHI,90,2.0223598887749024,3.7604769293044056,-2.4010709574693165
25-9-8-34,PHI_S_HC,LOCAL_TYPE_12,25-34,S1-H9,-0.2900640001536579,0.11249000016463342,1.2,CHI,105,3.0480034924252344,3.760917233633572,-2.400789855314833
25-9-8-34,PHI_S_HC,LOCAL_TYPE_12,25-34,S1-H9,-0.2900640001536579,0.11249000016463342,1.2,CHI,120,3.7373350122694022,3.761244950806009,-2.40058067455865
25-9-8-34,PHI_S_HC,LOCAL_TYPE_12,25-34,S1-H9,-0.2900640001536579,0.11249000016463342,1.2,CHI,135,3.8030037733710786,3.76110939383652,-2.4006671956903642
25-9-8-34,PHI_S_HC,LOCAL_TYPE_12,25-34,S1-H9,-0.2900640001536579,0.11249000016463342,1.2,CHI,150,3.292878201783699,3.761134547207854,-2.4006511407280477
25-9-8-34,PHI_S_HC,LOCAL_TYPE_12,25-34,S1-H9,-0.2900640001536579,0.11249000016463342,1.2,CHI,165,2.5316328285396272,3.7618537951992947,-2.4001921480066075
25-9-8-34,PHI_S_HC,LOCAL_TYPE_12,25-34,S1-H9,-0.2900640001536579,0.11249000016463342,1.2,PHI,-180,12.297421019351964,2.8252208116872852,-3.195917254975118
25-9-8-34,PHI_S_HC,LOCAL_TYPE_12,25-34,S1-H9,-0.2900640001536579,0.11249000016463342,1.2,PHI,-165,12.017065696114134,2.955665495942029,-3.0548693529706847
25-9-8-34,PHI_S_HC,LOCAL_TYPE_12,25-34,S1-H9,-0.2900640001536579,0.11249000016463342,1.2,PHI,-150,12.14534987811232,3.1296002498043927,-2.8850879411038357
25-9-8-34,PHI_S_HC,LOCAL_TYPE_12,25-34,S1-H9,-0.2900640001536579,0.11249000016463342,1.2,PHI,-135,12.088672339648122,3.3084861865254798,-2.7290946469595205
25-9-8-34,PHI_S_HC,LOCAL_TYPE_12,25-34,S1-H9,-0.2900640001536579,0.11249000016463342,1.2,PHI,-120,9.406090467076242,3.4775149136153987,-2.596443772486665
25-9-8-34,PHI_S_HC,LOCAL_TYPE_12,25-34,S1-H9,-0.2900640001536579,0.11249000016463342,1.2,PHI,-105,5.389702277432289,3.6038703151644036,-2.5054097821425922
25-9-8-34,PHI_S_HC,LOCAL_TYPE_12,25-34,S1-H9,-0.2900640001536579,0.11249000016463342,1.2,PHI,-90,1.8840517384563273,3.687250473115228,-2.4487547040865314
25-9-8-34,PHI_S_HC,LOCAL_TYPE_12,25-34,S1-H9,-0.2900640001536579,0.11249000016463342,1.2,PHI,-75,0.0,3.741088178433878,-2.413514868009891
25-9-8-34,PHI_S_HC,LOCAL_TYPE_12,25-34,S1-H9,-0.2900640001536579,0.11249000016463342,1.2,PHI,-60,1.1679589391511374,3.7817225421520075,-2.3875818071116632
25-9-8-34,PHI_S_HC,LOCAL_TYPE_12,25-34,S1-H9,-0.2900640001536579,0.11249000016463342,1.2,PHI,-45,5.348395421266241,3.8218691803739064,-2.3625015705804064
25-9-8-34,PHI_S_HC,LOCAL_TYPE_12,25-34,S1-H9,-0.2900640001536579,0.11249000016463342,1.2,PHI,-30,12.61886348886727,3.856211188711592,-2.341461994513574
25-9-8-34,PHI_S_HC,LOCAL_TYPE_12,25-34,S1-H9,-0.2900640001536579,0.11249000016463342,1.2,PHI,-15,24.120153734931876,3.885776453780223,-2.3236467791147124
25-9-8-34,PHI_S_HC,LOCAL_TYPE_12,25-34,S1-H9,-0.2900640001536579,0.11249000016463342,1.2,PHI,0,39.62646469177788,3.9139747919581023,-2.3069060024960066
25-9-8-34,PHI_S_HC,LOCAL_TYPE_12,25-34,S1-H9,-0.2900640001536579,0.11249000016463342,1.2,PHI,105,36.46525443667219,2.955067782885169,-3.0554872526039345
25-9-8-34,PHI_S_HC,LOCAL_TYPE_12,25-34,S1-H9,-0.2900640001536579,0.11249000016463342,1.2,PHI,120,25.91194918747669,2.896525880784847,-3.1172419349277996
25-9-8-34,PHI_S_HC,LOCAL_TYPE_12,25-34,S1-H9,-0.2900640001536579,0.11249000016463342,1.2,PHI,135,18.085910819557824,2.8366931081467617,-3.182992166214641
25-9-8-34,PHI_S_HC,LOCAL_TYPE_12,25-34,S1-H9,-0.2900640001536579,0.11249000016463342,1.2,PHI,150,13.569233322541978,2.7955489070151343,-3.2298386619273423
25-9-8-34,PHI_S_HC,LOCAL_TYPE_12,25-34,S1-H9,-0.2900640001536579,0.11249000016463342,1.2,PHI,165,12.21349737743903,2.785434975912474,-3.2415662254791497
25-9-8-34,PHI_S_HC,LOCAL_TYPE_12,25-34,S1-H9,-0.2900640001536579,0.11249000016463342,1.2,PSI,-105,32.011747071349355,3.9000738204830694,-2.3151284710984874
25-9-8-34,PHI_S_HC,LOCAL_TYPE_12,25-34,S1-H9,-0.2900640001536579,0.11249000016463342,1.2,PSI,-90,14.696882575166297,3.8580595035114067,-2.340340249539521
25-9-8-34,PHI_S_HC,LOCAL_TYPE_12,25-34,S1-H9,-0.2900640001536579,0.11249000016463342,1.2,PSI,-75,4.330868332829533,3.8164482382373834,-2.3658573043705955
25-9-8-34,PHI_S_HC,LOCAL_TYPE_12,25-34,S1-H9,-0.2900640001536579,0.11249000016463342,1.2,PSI,-60,0.0,3.776431519166433,-2.3909269624937357
25-9-8-34,PHI_S_HC,LOCAL_TYPE_12,25-34,S1-H9,-0.2900640001536579,0.11249000016463342,1.2,PSI,-45,0.19638589416353,3.7349228592949997,-2.417498909974955
25-9-8-34,PHI_S_HC,LOCAL_TYPE_12,25-34,S1-H9,-0.2900640001536579,0.11249000016463342,1.2,PSI,-30,3.0779934750218234,3.687052296605864,-2.448886322957246
25-9-8-34,PHI_S_HC,LOCAL_TYPE_12,25-34,S1-H9,-0.2900640001536579,0.11249000016463342,1.2,PSI,-15,6.97513939178259,3.6236546836784034,-2.491730788216446
25-9-8-34,PHI_S_HC,LOCAL_TYPE_12,25-34,S1-H9,-0.2900640001536579,0.11249000016463342,1.2,PSI,0,10.412722960962697,3.5249881768673013,-2.561475808753077
25-9-8-34,PHI_S_HC,LOCAL_TYPE_12,25-34,S1-H9,-0.2900640001536579,0.11249000016463342,1.2,PSI,15,11.945479233545104,3.309591955116023,-2.7281828284688565
25-9-8-34,PHI_S_HC,LOCAL_TYPE_12,25-34,S1-H9,-0.2900640001536579,0.11249000016463342,1.2,PSI,30,11.696853683615846,3.021810537712954,-2.9880006798903747
25-9-8-34,PHI_S_HC,LOCAL_TYPE_12,25-34,S1-H9,-0.2900640001536579,0.11249000016463342,1.2,PSI,45,12.409782605194598,2.8509826778170173,-3.1670385132258305
25-9-8-34,PHI_S_HC,LOCAL_TYPE_12,25-34,S1-H9,-0.2900640001536579,0.11249000016463342,1.2,PSI,60,15.683428081132595,2.7968942149620806,-3.2282851074182006
25-9-8-34,PHI_S_HC,LOCAL_TYPE_12,25-34,S1-H9,-0.2900640001536579,0.11249000016463342,1.2,PSI,75,23.207234060776265,2.801132653897978,-3.2234003372248226
25-9-8-34,PHI_S_HC,LOCAL_TYPE_12,25-34,S1-H9,-0.2900640001536579,0.11249000016463342,1.2,PSI,90,36.77978373595889,2.8157814351065196,-3.206630965249132
25-9-8-35,PHI_S_HC,LOCAL_TYPE_12,25-35,S1-H10,-0.2900640001536579,0.1128650000274389,1.2,CHI,-180,1.8361875979134048,2.8425690699434307,-3.187001484422086
25-9-8-35,PHI_S_HC,LOCAL_TYPE_12,25-35,S1-H10,-0.2900640001536579,0.1128650000274389,1.2,CHI,-165,1.4130028718141248,2.8405398811910265,-3.189278174008072
25-9-8-35,PHI_S_HC,LOCAL_TYPE_12,25-35,S1-H10,-0.2900640001536579,0.1128650000274389,1.2,CHI,-150,1.3982414847839755,2.840169002964039,-3.1896946400117887
25-9-8-35,PHI_S_HC,LOCAL_TYPE_12,25-35,S1-H10,-0.2900640001536579,0.1128650000274389,1.2,CHI,-135,1.7201805587324959,2.8431268156773077,-3.186376279639804
25-9-8-35,PHI_S_HC,LOCAL_TYPE_12,25-35,S1-H10,-0.2900640001536579,0.1128650000274389,1.2,CHI,-120,2.1004462123625456,2.8499033962682354,-3.17879962434676
25-9-8-35,PHI_S_HC,LOCAL_TYPE_12,25-35,S1-H10,-0.2900640001536579,0.1128650000274389,1.2,CHI,-105,2.282405294363951,2.857382891246596,-3.1704787878567147
25-9-8-35,PHI_S_HC,LOCAL_TYPE_12,25-35,S1-H10,-0.2900640001536579,0.1128650000274389,1.2,CHI,-90,2.191846518770847,2.8631078666193273,-3.164139203801267
25-9-8-35,PHI_S_HC,LOCAL_TYPE_12,25-35,S1-H10,-0.2900640001536579,0.1128650000274389,1.2,CHI,-75,1.9493375527533943,2.866171887764377,-3.160756646925416
25-9-8-35,PHI_S_HC,LOCAL_TYPE_12,25-35,S1-H10,-0.2900640001536579,0.1128650000274389,1.2,CHI,-60,1.7582771045303314,2.8676725285163287,-3.1591026365095782
25-9-8-35,PHI_S_HC,LOCAL_TYPE_12,25-35,S1-H10,-0.2900640001536579,0.1128650000274389,1.2,CHI,-45,1.7517423921353694,2.86893722002737,-3.157710033611539
25-9-8-35,PHI_S_HC,LOCAL_TYPE_12,25-35,S1-H10,-0.2900640001536579,0.1128650000274389,1.2,CHI,-30,1.8731815879809242,2.870322660855138,-3.1561858772989124
25-9-8-35,PHI_S_HC,LOCAL_TYPE_12,25-35,S1-H10,-0.2900640001536579,0.1128650000274389,1.2,CHI,-15,1.8830474967830666,2.8704722142403787,-3.156021438054367
25-9-8-35,PHI_S_HC,LOCAL_TYPE_12,25-35,S1-H10,-0.2900640001536579,0.1128650000274389,1.2,CHI,0,1.53761834092137,2.8679193567951993,-3.158830747460572
25-9-8-35,PHI_S_HC,LOCAL_TYPE_12,25-35,S1-H10,-0.2900640001536579,0.1128650000274389,1.2,CHI,15,0.8500053424677801,2.8626312495898962,-3.1646660207387396
25-9-8-35,PHI_S_HC,LOCAL_TYPE_12,25-35,S1-H10,-0.2900640001536579,0.1128650000274389,1.2,CHI,30,0.1979165005694423,2.855260024722544,-3.1728360173999723
25-9-8-35,PHI_S_HC,LOCAL_TYPE_12,25-35,S1-H10,-0.2900640001536579,0.1128650000274389,1.2,CHI,45,0.0,2.8473120660328504,-3.1816926404221904
25-9-8-35,PHI_S_HC,LOCAL_TYPE_12,25-35,S1-H10,-0.2900640001536579,0.1128650000274389,1.2,CHI,60,0.32618472333560894,2.84035855772938,-3.189481771880281
25-9-8-35,PHI_S_HC,LOCAL_TYPE_12,25-35,S1-H10,-0.2900640001536579,0.1128650000274389,1.2,CHI,75,1.0408015037026501,2.833977445937277,-3.196663353291389
25-9-8-35,PHI_S_HC,LOCAL_TYPE_12,25-35,S1-H10,-0.2900640001536579,0.1128650000274389,1.2,CHI,90,2.0223598887749024,2.8301725082647793,-3.200961008216561
25-9-8-35,PHI_S_HC,LOCAL_TYPE_12,25-35,S1-H10,-0.2900640001536579,0.1128650000274389,1.2,CHI,105,3.0480034924252344,2.8313802035324067,-3.1995956721671464
25-9-8-35,PHI_S_HC,LOCAL_TYPE_12,25-35,S1-H10,-0.2900640001536579,0.1128650000274389,1.2,CHI,120,3.7373350122694022,2.8360827324613043,-3.1942903998501837
25-9-8-35,PHI_S_HC,LOCAL_TYPE_12,25-35,S1-H10,-0.2900640001536579,0.1128650000274389,1.2,CHI,135,3.8030037733710786,2.840626453072202,-3.189180976500523
25-9-8-35,PHI_S_HC,LOCAL_TYPE_12,25-35,S1-H10,-0.2900640001536579,0.1128650000274389,1.2,CHI,150,3.292878201783699,2.843219460497338,-3.186272453234183
25-9-8-35,PHI_S_HC,LOCAL_TYPE_12,25-35,S1-H10,-0.2900640001536579,0.1128650000274389,1.2,CHI,165,2.5316328285396272,2.844136906530643,-3.1852446429988395
25-9-8-35,PHI_S_HC,LOCAL_TYPE_12,25-35,S1-H10,-0.2900640001536579,0.1128650000274389,1.2,PHI,-180,12.297421019351964,2.8322188761901614,-3.198648212410884
25-9-8-35,PHI_S_HC,LOCAL_TYPE_12,25-35,S1-H10,-0.2900640001536579,0.1128650000274389,1.2,PHI,-165,12.017065696114134,2.686557647708679,-3.372074242742763
25-9-8-35,PHI_S_HC,LOCAL_TYPE_12,25-35,S1-H10,-0.2900640001536579,0.1128650000274389,1.2,PHI,-150,12.14534987811232,2.60229821026086,-3.481258147033772
25-9-8-35,PHI_S_HC,LOCAL_TYPE_12,25-35,S1-H10,-0.2900640001536579,0.1128650000274389,1.2,PHI,-135,12.088672339648122,2.573124889386751,-3.520727611336854
25-9-8-35,PHI_S_HC,LOCAL_TYPE_12,25-35,S1-H10,-0.2900640001536579,0.1128650000274389,1.2,PHI,-120,9.406090467076242,2.587442247717164,-3.5012460098287383
25-9-8-35,PHI_S_HC,LOCAL_TYPE_12,25-35,S1-H10,-0.2900640001536579,0.1128650000274389,1.2,PHI,-105,5.389702277432289,2.632082449937865,-3.4418647659369035
25-9-8-35,PHI_S_HC,LOCAL_TYPE_12,25-35,S1-H10,-0.2900640001536579,0.1128650000274389,1.2,PHI,-90,1.8840517384563273,2.697062764297503,-3.3589399421491284
25-9-8-35,PHI_S_HC,LOCAL_TYPE_12,25-35,S1-H10,-0.2900640001536579,0.1128650000274389,1.2,PHI,-75,0.0,2.7896610900592718,-3.2474453179147793
25-9-8-35,PHI_S_HC,LOCAL_TYPE_12,25-35,S1-H10,-0.2900640001536579,0.1128650000274389,1.2,PHI,-60,1.1679589391511374,2.9238870436902022,-3.0983658773795946
25-9-8-35,PHI_S_HC,LOCAL_TYPE_12,25-35,S1-H10,-0.2900640001536579,0.1128650000274389,1.2,PHI,-45,5.348395421266241,3.108412845659749,-2.914436497111833
25-9-8-35,PHI_S_HC,LOCAL_TYPE_12,25-35,S1-H10,-0.2900640001536579,0.1128650000274389,1.2,PHI,-30,12.61886348886727,3.2880578141790067,-2.755204548538033
25-9-8-35,PHI_S_HC,LOCAL_TYPE_12,25-35,S1-H10,-0.2900640001536579,0.1128650000274389,1.2,PHI,-15,24.120153734931876,3.454471095964903,-2.622477245811659
25-9-8-35,PHI_S_HC,LOCAL_TYPE_12,25-35,S1-H10,-0.2900640001536579,0.1128650000274389,1.2,PHI,0,39.62646469177788,3.601264326084606,-2.5155809252500814
25-9-8-35,PHI_S_HC,LOCAL_TYPE_12,25-35,S1-H10,-0.2900640001536579,0.1128650000274389,1.2,PHI,105,36.46525443667219,3.7905791542653757,-2.38994398396562
25-9-8-35,PHI_S_HC,LOCAL_TYPE_12,25-35,S1-H10,-0.2900640001536579,0.1128650000274389,1.2,PHI,120,25.91194918747669,3.6787217601349083,-2.4626140372056287
25-9-8-35,PHI_S_HC,LOCAL_TYPE_12,25-35,S1-H10,-0.2900640001536579,0.1128650000274389,1.2,PHI,135,18.085910819557824,3.5173947369176752,-2.5755630297612666
25-9-8-35,PHI_S_HC,LOCAL_TYPE_12,25-35,S1-H10,-0.2900640001536579,0.1128650000274389,1.2,PHI,150,13.569233322541978,3.311268864922326,-2.7358913501258466
25-9-8-35,PHI_S_HC,LOCAL_TYPE_12,25-35,S1-H10,-0.2900640001536579,0.1128650000274389,1.2,PHI,165,12.21349737743903,3.0636170416802604,-2.9570510028607906
25-9-8-35,PHI_S_HC,LOCAL_TYPE_12,25-35,S1-H10,-0.2900640001536579,0.1128650000274389,1.2,PSI,-105,32.011747071349355,3.1636689395043684,-2.8635334539464425
25-9-8-35,PHI_S_HC,LOCAL_TYPE_12,25-35,S1-H10,-0.2900640001536579,0.1128650000274389,1.2,PSI,-90,14.696882575166297,3.076788871879673,-2.9443917742550623
25-9-8-35,PHI_S_HC,LOCAL_TYPE_12,25-35,S1-H10,-0.2900640001536579,0.1128650000274389,1.2,PSI,-75,4.330868332829533,2.987309662461157,-3.032585459526266
25-9-8-35,PHI_S_HC,LOCAL_TYPE_12,25-35,S1-H10,-0.2900640001536579,0.1128650000274389,1.2,PSI,-60,0.0,2.8870322661240184,-3.137918461037686
25-9-8-35,PHI_S_HC,LOCAL_TYPE_12,25-35,S1-H10,-0.2900640001536579,0.1128650000274389,1.2,PSI,-45,0.19638589416353,2.7829670181288373,-3.2552566331070416
25-9-8-35,PHI_S_HC,LOCAL_TYPE_12,25-35,S1-H10,-0.2900640001536579,0.1128650000274389,1.2,PSI,-30,3.0779934750218234,2.694506876325983,-3.362126081427757
25-9-8-35,PHI_S_HC,LOCAL_TYPE_12,25-35,S1-H10,-0.2900640001536579,0.1128650000274389,1.2,PSI,-15,6.97513939178259,2.6277101984257896,-3.4475916906321165
25-9-8-35,PHI_S_HC,LOCAL_TYPE_12,25-35,S1-H10,-0.2900640001536579,0.1128650000274389,1.2,PSI,0,10.412722960962697,2.5772305836937757,-3.5151188654986245
25-9-8-35,PHI_S_HC,LOCAL_TYPE_12,25-35,S1-H10,-0.2900640001536579,0.1128650000274389,1.2,PSI,15,11.945479233545104,2.560609075760041,-3.5379363180586423
25-9-8-35,PHI_S_HC,LOCAL_TYPE_12,25-35,S1-H10,-0.2900640001536579,0.1128650000274389,1.2,PSI,30,11.696853683615846,2.643605153964556,-3.426862681023311
25-9-8-35,PHI_S_HC,LOCAL_TYPE_12,25-35,S1-H10,-0.2900640001536579,0.1128650000274389,1.2,PSI,45,12.409782605194598,2.7840258321787186,-3.2540186016853268
25-9-8-35,PHI_S_HC,LOCAL_TYPE_12,25-35,S1-H10,-0.2900640001536579,0.1128650000274389,1.2,PSI,60,15.683428081132595,2.8785892645092885,-3.1471220841318432
25-9-8-35,PHI_S_HC,LOCAL_TYPE_12,25-35,S1-H10,-0.2900640001536579,0.1128650000274389,1.2,PSI,75,23.207234060776265,2.9048971613493118,-3.118620502652848
25-9-8-35,PHI_S_HC,LOCAL_TYPE_12,25-35,S1-H10,-0.2900640001536579,0.1128650000274389,1.2,PSI,90,36.77978373595889,2.9230588998338956,-3.0992436881777583
34-8-9-36,PHI_HC_H11,LOCAL_TYPE_12,34-36,H9-H11,0.11249000016463342,0.12464899985182991,1.2,CHI,-180,1.8361875979134048,2.458496348287432,1.5782410024774576
34-8-9-36,PHI_HC_H11,LOCAL_TYPE_12,34-36,H9-H11,0.11249000016463342,0.12464899985182991,1.2,CHI,-165,1.4130028718141248,2.4516857574596087,1.5826252322519558
34-8-9-36,PHI_HC_H11,LOCAL_TYPE_12,34-36,H9-H11,0.11249000016463342,0.12464899985182991,1.2,CHI,-150,1.3982414847839755,2.447858583305065,1.5850996327040543
34-8-9-36,PHI_HC_H11,LOCAL_TYPE_12,34-36,H9-H11,0.11249000016463342,0.12464899985182991,1.2,CHI,-135,1.7201805587324959,2.450364858888605,1.5834783653680842
34-8-9-36,PHI_HC_H11,LOCAL_TYPE_12,34-36,H9-H11,0.11249000016463342,0.12464899985182991,1.2,CHI,-120,2.1004462123625456,2.459380510355506,1.5776736153558655
34-8-9-36,PHI_HC_H11,LOCAL_TYPE_12,34-36,H9-H11,0.11249000016463342,0.12464899985182991,1.2,CHI,-105,2.282405294363951,2.4687109685471063,1.5717108202390553
34-8-9-36,PHI_HC_H11,LOCAL_TYPE_12,34-36,H9-H11,0.11249000016463342,0.12464899985182991,1.2,CHI,-90,2.191846518770847,2.4735976115126914,1.5686058731822226
34-8-9-36,PHI_HC_H11,LOCAL_TYPE_12,34-36,H9-H11,0.11249000016463342,0.12464899985182991,1.2,CHI,-75,1.9493375527533943,2.4725140687567877,1.5692932915278777
34-8-9-36,PHI_HC_H11,LOCAL_TYPE_12,34-36,H9-H11,0.11249000016463342,0.12464899985182991,1.2,CHI,-60,1.7582771045303314,2.467386024141172,1.5725548022664508
34-8-9-36,PHI_HC_H11,LOCAL_TYPE_12,34-36,H9-H11,0.11249000016463342,0.12464899985182991,1.2,CHI,-45,1.7517423921353694,2.4621762889109493,1.575882181460102
34-8-9-36,PHI_HC_H11,LOCAL_TYPE_12,34-36,H9-H11,0.11249000016463342,0.12464899985182991,1.2,CHI,-30,1.8731815879809242,2.4598503000964924,1.5773723064188585
34-8-9-36,PHI_HC_H11,LOCAL_TYPE_12,34-36,H9-H11,0.11249000016463342,0.12464899985182991,1.2,CHI,-15,1.8830474967830666,2.4632424572421487,1.5752000903932506
34-8-9-36,PHI_HC_H11,LOCAL_TYPE_12,34-36,H9-H11,0.11249000016463342,0.12464899985182991,1.2,CHI,0,1.53761834092137,2.471300868553807,1.570063682120154
34-8-9-36,PHI_HC_H11,LOCAL_TYPE_12,34-36,H9-H11,0.11249000016463342,0.12464899985182991,1.2,CHI,15,0.8500053424677801,2.4767211384159262,1.566627619526831
34-8-9-36,PHI_HC_H11,LOCAL_TYPE_12,34-36,H9-H11,0.11249000016463342,0.12464899985182991,1.2,CHI,30,0.1979165005694423,2.4756135168612263,1.5673285490167361
34-8-9-36,PHI_HC_H11,LOCAL_TYPE_12,34-36,H9-H11,0.11249000016463342,0.12464899985182991,1.2,CHI,45,0.0,2.468553639483909,1.571810990552153
34-8-9-36,PHI_HC_H11,LOCAL_TYPE_12,34-36,H9-H11,0.11249000016463342,0.12464899985182991,1.2,CHI,60,0.32618472333560894,2.4588907612922304,1.5779878481747605
34-8-9-36,PHI_HC_H11,LOCAL_TYPE_12,34-36,H9-H11,0.11249000016463342,0.12464899985182991,1.2,CHI,75,1.0408015037026501,2.44820807367987,1.5848733541165876
34-8-9-36,PHI_HC_H11,LOCAL_TYPE_12,34-36,H9-H11,0.11249000016463342,0.12464899985182991,1.2,CHI,90,2.0223598887749024,2.441355391834677,1.5893219620075194
34-8-9-36,PHI_HC_H11,LOCAL_TYPE_12,34-36,H9-H11,0.11249000016463342,0.12464899985182991,1.2,CHI,105,3.0480034924252344,2.4435800417689473,1.5878750337555785
34-8-9-36,PHI_HC_H11,LOCAL_TYPE_12,34-36,H9-H11,0.11249000016463342,0.12464899985182991,1.2,CHI,120,3.7373350122694022,2.453038121567699,1.5817527282570778
34-8-9-36,PHI_HC_H11,LOCAL_TYPE_12,34-36,H9-H11,0.11249000016463342,0.12464899985182991,1.2,CHI,135,3.8030037733710786,2.464072829825664,1.5746692607226414
34-8-9-36,PHI_HC_H11,LOCAL_TYPE_12,34-36,H9-H11,0.11249000016463342,0.12464899985182991,1.2,CHI,150,3.292878201783699,2.4689299207806896,1.5715714361310893
34-8-9-36,PHI_HC_H11,LOCAL_TYPE_12,34-36,H9-H11,0.11249000016463342,0.12464899985182991,1.2,CHI,165,2.5316328285396272,2.4658202738263055,1.5735533455110373
34-8-9-36,PHI_HC_H11,LOCAL_TYPE_12,34-36,H9-H11,0.11249000016463342,0.12464899985182991,1.2,PHI,-180,12.297421019351964,2.395353146473875,1.6198445506960422
34-8-9-36,PHI_HC_H11,LOCAL_TYPE_12,34-36,H9-H11,0.11249000016463342,0.12464899985182991,1.2,PHI,-165,12.017065696114134,2.3324589508803495,1.6635232700853506
34-8-9-36,PHI_HC_H11,LOCAL_TYPE_12,34-36,H9-H11,0.11249000016463342,0.12464899985182991,1.2,PHI,-150,12.14534987811232,2.266194879600542,1.712165081756898
34-8-9-36,PHI_HC_H11,LOCAL_TYPE_12,34-36,H9-H11,0.11249000016463342,0.12464899985182991,1.2,PHI,-135,12.088672339648122,2.2168901565150745,1.7502444719262935
34-8-9-36,PHI_HC_H11,LOCAL_TYPE_12,34-36,H9-H11,0.11249000016463342,0.12464899985182991,1.2,PHI,-120,9.406090467076242,2.207300491890623,1.757848446807936
34-8-9-36,PHI_HC_H11,LOCAL_TYPE_12,34-36,H9-H11,0.11249000016463342,0.12464899985182991,1.2,PHI,-105,5.389702277432289,2.2487807293977524,1.7254237776875014
34-8-9-36,PHI_HC_H11,LOCAL_TYPE_12,34-36,H9-H11,0.11249000016463342,0.12464899985182991,1.2,PHI,-90,1.8840517384563273,2.32463236285218,1.6691240315297353
34-8-9-36,PHI_HC_H11,LOCAL_TYPE_12,34-36,H9-H11,0.11249000016463342,0.12464899985182991,1.2,PHI,-75,0.0,2.418699090783057,1.6042093686206076
34-8-9-36,PHI_HC_H11,LOCAL_TYPE_12,34-36,H9-H11,0.11249000016463342,0.12464899985182991,1.2,PHI,-60,1.1679589391511374,2.5187462522817485,1.5404885417867393
34-8-9-36,PHI_HC_H11,LOCAL_TYPE_12,34-36,H9-H11,0.11249000016463342,0.12464899985182991,1.2,PHI,-45,5.348395421266241,2.6134764498827994,1.4846507384760734
34-8-9-36,PHI_HC_H11,LOCAL_TYPE_12,34-36,H9-H11,0.11249000016463342,0.12464899985182991,1.2,PHI,-30,12.61886348886727,2.706592913074301,1.4335734504311135
34-8-9-36,PHI_HC_H11,LOCAL_TYPE_12,34-36,H9-H11,0.11249000016463342,0.12464899985182991,1.2,PHI,-15,24.120153734931876,2.7911433001843604,1.3901470917140073
34-8-9-36,PHI_HC_H11,LOCAL_TYPE_12,34-36,H9-H11,0.11249000016463342,0.12464899985182991,1.2,PHI,0,39.62646469177788,2.8602909784884663,1.3565402158345377
34-8-9-36,PHI_HC_H11,LOCAL_TYPE_12,34-36,H9-H11,0.11249000016463342,0.12464899985182991,1.2,PHI,105,36.46525443667219,2.4632554845613925,1.5751917596965042
34-8-9-36,PHI_HC_H11,LOCAL_TYPE_12,34-36,H9-H11,0.11249000016463342,0.12464899985182991,1.2,PHI,120,25.91194918747669,2.484536302771149,1.5616997574076992
34-8-9-36,PHI_HC_H11,LOCAL_TYPE_12,34-36,H9-H11,0.11249000016463342,0.12464899985182991,1.2,PHI,135,18.085910819557824,2.502707339641767,1.5503609550542634
34-8-9-36,PHI_HC_H11,LOCAL_TYPE_12,34-36,H9-H11,0.11249000016463342,0.12464899985182991,1.2,PHI,150,13.569233322541978,2.495444363263265,1.5548732716422344
34-8-9-36,PHI_HC_H11,LOCAL_TYPE_12,34-36,H9-H11,0.11249000016463342,0.12464899985182991,1.2,PHI,165,12.21349737743903,2.453499218877435,1.5814554622453114
34-8-9-36,PHI_HC_H11,LOCAL_TYPE_12,34-36,H9-H11,0.11249000016463342,0.12464899985182991,1.2,PSI,-105,32.011747071349355,2.5418309431609063,1.5264979568165962
34-8-9-36,PHI_HC_H11,LOCAL_TYPE_12,34-36,H9-H11,0.11249000016463342,0.12464899985182991,1.2,PSI,-90,14.696882575166297,2.555491219103589,1.5183381231375859
34-8-9-36,PHI_HC_H11,LOCAL_TYPE_12,34-36,H9-H11,0.11249000016463342,0.12464899985182991,1.2,PSI,-75,4.330868332829533,2.5405614753193912,1.5272607173658457
34-8-9-36,PHI_HC_H11,LOCAL_TYPE_12,34-36,H9-H11,0.11249000016463342,0.12464899985182991,1.2,PSI,-60,0.0,2.490927885735262,1.5576925223441436
34-8-9-36,PHI_HC_H11,LOCAL_TYPE_12,34-36,H9-H11,0.11249000016463342,0.12464899985182991,1.2,PSI,-45,0.19638589416353,2.420142842550373,1.6032523672112815
34-8-9-36,PHI_HC_H11,LOCAL_TYPE_12,34-36,H9-H11,0.11249000016463342,0.12464899985182991,1.2,PSI,-30,3.0779934750218234,2.3480205883387515,1.6524981767956026
34-8-9-36,PHI_HC_H11,LOCAL_TYPE_12,34-36,H9-H11,0.11249000016463342,0.12464899985182991,1.2,PSI,-15,6.97513939178259,2.2853230323734905,1.6978342607777999
34-8-9-36,PHI_HC_H11,LOCAL_TYPE_12,34-36,H9-H11,0.11249000016463342,0.12464899985182991,1.2,PSI,0,10.412722960962697,2.2377712350668415,1.7339126004059247
34-8-9-36,PHI_HC_H11,LOCAL_TYPE_12,34-36,H9-H11,0.11249000016463342,0.12464899985182991,1.2,PSI,15,11.945479233545104,2.2299882719487485,1.7399641917926199
34-8-9-36,PHI_HC_H11,LOCAL_TYPE_12,34-36,H9-H11,0.11249000016463342,0.12464899985182991,1.2,PSI,30,11.696853683615846,2.310011556284539,1.6796884546972317
34-8-9-36,PHI_HC_H11,LOCAL_TYPE_12,34-36,H9-H11,0.11249000016463342,0.12464899985182991,1.2,PSI,45,12.409782605194598,2.398115977590103,1.6179783536605625
34-8-9-36,PHI_HC_H11,LOCAL_TYPE_12,34-36,H9-H11,0.11249000016463342,0.12464899985182991,1.2,PSI,60,15.683428081132595,2.4479134188679468,1.5850641249814719
34-8-9-36,PHI_HC_H11,LOCAL_TYPE_12,34-36,H9-H11,0.11249000016463342,0.12464899985182991,1.2,PSI,75,23.207234060776265,2.461572833602613,1.576268509443062
34-8-9-36,PHI_HC_H11,LOCAL_TYPE_12,34-36,H9-H11,0.11249000016463342,0.12464899985182991,1.2,PSI,90,36.77978373595889,2.4683996089056017,1.5719090731134169
35-8-9-36,PHI_HC_H11,LOCAL_TYPE_12,35-36,H10-H11,0.1128650000274389,0.12464899985182991,1.2,CHI,-180,1.8361875979134048,2.494591622368588,1.5605899247053978
35-8-9-36,PHI_HC_H11,LOCAL_TYPE_12,35-36,H10-H11,0.1128650000274389,0.12464899985182991,1.2,CHI,-165,1.4130028718141248,2.4908230891408567,1.5629510458190388
35-8-9-36,PHI_HC_H11,LOCAL_TYPE_12,35-36,H10-H11,0.1128650000274389,0.12464899985182991,1.2,CHI,-150,1.3982414847839755,2.488863455190698,1.5641816524742314
35-8-9-36,PHI_HC_H11,LOCAL_TYPE_12,35-36,H10-H11,0.1128650000274389,0.12464899985182991,1.2,CHI,-135,1.7201805587324959,2.49066937757044,1.5630475032862163
35-8-9-36,PHI_HC_H11,LOCAL_TYPE_12,35-36,H10-H11,0.1128650000274389,0.12464899985182991,1.2,CHI,-120,2.1004462123625456,2.4963442327544048,1.5594942800927067
35-8-9-36,PHI_HC_H11,LOCAL_TYPE_12,35-36,H10-H11,0.1128650000274389,0.12464899985182991,1.2,CHI,-105,2.282405294363951,2.502211028084703,1.555837820402703
35-8-9-36,PHI_HC_H11,LOCAL_TYPE_12,35-36,H10-H11,0.1128650000274389,0.12464899985182991,1.2,CHI,-90,2.191846518770847,2.505275288831217,1.5539348388093204
35-8-9-36,PHI_HC_H11,LOCAL_TYPE_12,35-36,H10-H11,0.1128650000274389,0.12464899985182991,1.2,CHI,-75,1.9493375527533943,2.504350528026135,1.5545086474740824
35-8-9-36,PHI_HC_H11,LOCAL_TYPE_12,35-36,H10-H11,0.1128650000274389,0.12464899985182991,1.2,CHI,-60,1.7582771045303314,2.500397936926504,1.5569659911446894
35-8-9-36,PHI_HC_H11,LOCAL_TYPE_12,35-36,H10-H11,0.1128650000274389,0.12464899985182991,1.2,CHI,-45,1.7517423921353694,2.4957210911558128,1.5598836608460835
35-8-9-36,PHI_HC_H11,LOCAL_TYPE_12,35-36,H10-H11,0.1128650000274389,0.12464899985182991,1.2,CHI,-30,1.8731815879809242,2.4917814530325475,1.5623499193257944
35-8-9-36,PHI_HC_H11,LOCAL_TYPE_12,35-36,H10-H11,0.1128650000274389,0.12464899985182991,1.2,CHI,-15,1.8830474967830666,2.490837650035694,1.5629419091473598
35-8-9-36,PHI_HC_H11,LOCAL_TYPE_12,35-36,H10-H11,0.1128650000274389,0.12464899985182991,1.2,CHI,0,1.53761834092137,2.493647325502134,1.5611808904609192
35-8-9-36,PHI_HC_H11,LOCAL_TYPE_12,35-36,H10-H11,0.1128650000274389,0.12464899985182991,1.2,CHI,15,0.8500053424677801,2.4979370530789455,1.5584998618457477
35-8-9-36,PHI_HC_H11,LOCAL_TYPE_12,35-36,H10-H11,0.1128650000274389,0.12464899985182991,1.2,CHI,30,0.1979165005694423,2.50077582246542,1.5567307221824127
35-8-9-36,PHI_HC_H11,LOCAL_TYPE_12,35-36,H10-H11,0.1128650000274389,0.12464899985182991,1.2,CHI,45,0.0,2.5003653167943227,1.5569863035510774
35-8-9-36,PHI_HC_H11,LOCAL_TYPE_12,35-36,H10-H11,0.1128650000274389,0.12464899985182991,1.2,CHI,60,0.32618472333560894,2.4975340076498154,1.5587513684293188
35-8-9-36,PHI_HC_H11,LOCAL_TYPE_12,35-36,H10-H11,0.1128650000274389,0.12464899985182991,1.2,CHI,75,1.0408015037026501,2.4938961919446396,1.5610250998808732
35-8-9-36,PHI_HC_H11,LOCAL_TYPE_12,35-36,H10-H11,0.1128650000274389,0.12464899985182991,1.2,CHI,90,2.0223598887749024,2.4917547591377183,1.562366656608739
35-8-9-36,PHI_HC_H11,LOCAL_TYPE_12,35-36,H10-H11,0.1128650000274389,0.12464899985182991,1.2,CHI,105,3.0480034924252344,2.4921129153066968,1.562142119729678
35-8-9-36,PHI_HC_H11,LOCAL_TYPE_12,35-36,H10-H11,0.1128650000274389,0.12464899985182991,1.2,CHI,120,3.7373350122694022,2.494659453583114,1.5605474913745405
35-8-9-36,PHI_HC_H11,LOCAL_TYPE_12,35-36,H10-H11,0.1128650000274389,0.12464899985182991,1.2,CHI,135,3.8030037733710786,2.497816234415028,1.5585752460427234
35-8-9-36,PHI_HC_H11,LOCAL_TYPE_12,35-36,H10-H11,0.1128650000274389,0.12464899985182991,1.2,CHI,150,3.292878201783699,2.499318050027122,1.5576387135205398
35-8-9-36,PHI_HC_H11,LOCAL_TYPE_12,35-36,H10-H11,0.1128650000274389,0.12464899985182991,1.2,CHI,165,2.5316328285396272,2.4982659804314697,1.558294666227074
35-8-9-36,PHI_HC_H11,LOCAL_TYPE_12,35-36,H10-H11,0.1128650000274389,0.12464899985182991,1.2,PHI,-180,12.297421019351964,3.068738822838981,1.268610584631425
35-8-9-36,PHI_HC_H11,LOCAL_TYPE_12,35-36,H10-H11,0.1128650000274389,0.12464899985182991,1.2,PHI,-165,12.017065696114134,3.048139914123938,1.2771836798186487
35-8-9-36,PHI_HC_H11,LOCAL_TYPE_12,35-36,H10-H11,0.1128650000274389,0.12464899985182991,1.2,PHI,-150,12.14534987811232,2.993862723671424,1.3003383626583978
35-8-9-36,PHI_HC_H11,LOCAL_TYPE_12,35-36,H10-H11,0.1128650000274389,0.12464899985182991,1.2,PHI,-135,12.088672339648122,2.9056273224101075,1.3398258345443237
35-8-9-36,PHI_HC_H11,LOCAL_TYPE_12,35-36,H10-H11,0.1128650000274389,0.12464899985182991,1.2,PHI,-120,9.406090467076242,2.784184753312611,1.3982673195415625
35-8-9-36,PHI_HC_H11,LOCAL_TYPE_12,35-36,H10-H11,0.1128650000274389,0.12464899985182991,1.2,PHI,-105,5.389702277432289,2.671859223256256,1.4570507750697959
35-8-9-36,PHI_HC_H11,LOCAL_TYPE_12,35-36,H10-H11,0.1128650000274389,0.12464899985182991,1.2,PHI,-90,1.8840517384563273,2.5854860183047648,1.5057263990448773
35-8-9-36,PHI_HC_H11,LOCAL_TYPE_12,35-36,H10-H11,0.1128650000274389,0.12464899985182991,1.2,PHI,-75,0.0,2.520668271157867,1.5444454142054356
35-8-9-36,PHI_HC_H11,LOCAL_TYPE_12,35-36,H10-H11,0.1128650000274389,0.12464899985182991,1.2,PHI,-60,1.1679589391511374,2.476677477997609,1.5718778834579725
35-8-9-36,PHI_HC_H11,LOCAL_TYPE_12,35-36,H10-H11,0.1128650000274389,0.12464899985182991,1.2,PHI,-45,5.348395421266241,2.4526863089480466,1.5872533466347056
35-8-9-36,PHI_HC_H11,LOCAL_TYPE_12,35-36,H10-H11,0.1128650000274389,0.12464899985182991,1.2,PHI,-30,12.61886348886727,2.4399184495345936,1.595559291281024
35-8-9-36,PHI_HC_H11,LOCAL_TYPE_12,35-36,H10-H11,0.1128650000274389,0.12464899985182991,1.2,PHI,-15,24.120153734931876,2.433586021179495,1.5997110922900764
35-8-9-36,PHI_HC_H11,LOCAL_TYPE_12,35-36,H10-H11,0.1128650000274389,0.12464899985182991,1.2,PHI,0,39.62646469177788,2.427759578169326,1.6035502803199682
35-8-9-36,PHI_HC_H11,LOCAL_TYPE_12,35-36,H10-H11,0.1128650000274389,0.12464899985182991,1.2,PHI,105,36.46525443667219,2.871600349669255,1.355702074827823
35-8-9-36,PHI_HC_H11,LOCAL_TYPE_12,35-36,H10-H11,0.1128650000274389,0.12464899985182991,1.2,PHI,120,25.91194918747669,2.9312415578194617,1.328117957981915
35-8-9-36,PHI_HC_H11,LOCAL_TYPE_12,35-36,H10-H11,0.1128650000274389,0.12464899985182991,1.2,PHI,135,18.085910819557824,2.9880657422740144,1.3028610773336553
35-8-9-36,PHI_HC_H11,LOCAL_TYPE_12,35-36,H10-H11,0.1128650000274389,0.12464899985182991,1.2,PHI,150,13.569233322541978,3.0323696438014984,1.2838258554924884
35-8-9-36,PHI_HC_H11,LOCAL_TYPE_12,35-36,H10-H11,0.1128650000274389,0.12464899985182991,1.2,PHI,165,12.21349737743903,3.059351384842773,1.2725032408537742
35-8-9-36,PHI_HC_H11,LOCAL_TYPE_12,35-36,H10-H11,0.1128650000274389,0.12464899985182991,1.2,PSI,-105,32.011747071349355,2.5009566797399816,1.5566181468315798
35-8-9-36,PHI_HC_H11,LOCAL_TYPE_12,35-36,H10-H11,0.1128650000274389,0.12464899985182991,1.2,PSI,-90,14.696882575166297,2.487258048491329,1.5651912572900386
35-8-9-36,PHI_HC_H11,LOCAL_TYPE_12,35-36,H10-H11,0.1128650000274389,0.12464899985182991,1.2,PSI,-75,4.330868332829533,2.4790070405580527,1.5704007646733205
35-8-9-36,PHI_HC_H11,LOCAL_TYPE_12,35-36,H10-H11,0.1128650000274389,0.12464899985182991,1.2,PSI,-60,0.0,2.487878535067863,1.564800892506884
35-8-9-36,PHI_HC_H11,LOCAL_TYPE_12,35-36,H10-H11,0.1128650000274389,0.12464899985182991,1.2,PSI,-45,0.19638589416353,2.521396673496224,1.5439992417871893
35-8-9-36,PHI_HC_H11,LOCAL_TYPE_12,35-36,H10-H11,0.1128650000274389,0.12464899985182991,1.2,PSI,-30,3.0779934750218234,2.5807528233930466,1.508487956240823
35-8-9-36,PHI_HC_H11,LOCAL_TYPE_12,35-36,H10-H11,0.1128650000274389,0.12464899985182991,1.2,PSI,-15,6.97513939178259,2.66467745109795,1.4609777819521197
35-8-9-36,PHI_HC_H11,LOCAL_TYPE_12,35-36,H10-H11,0.1128650000274389,0.12464899985182991,1.2,PSI,0,10.412722960962697,2.7734596646516825,1.4036744798348582
35-8-9-36,PHI_HC_H11,LOCAL_TYPE_12,35-36,H10-H11,0.1128650000274389,0.12464899985182991,1.2,PSI,15,11.945479233545104,2.9239730004537163,1.331419459591051
35-8-9-36,PHI_HC_H11,LOCAL_TYPE_12,35-36,H10-H11,0.1128650000274389,0.12464899985182991,1.2,PSI,30,11.696853683615846,3.034709385466883,1.2828360339103695
35-8-9-36,PHI_HC_H11,LOCAL_TYPE_12,35-36,H10-H11,0.1128650000274389,0.12464899985182991,1.2,PSI,45,12.409782605194598,3.082491579663861,1.2629505877019906
35-8-9-36,PHI_HC_H11,LOCAL_TYPE_12,35-36,H10-H11,0.1128650000274389,0.12464899985182991,1.2,PSI,60,15.683428081132595,3.1046902346093908,1.2539204422797123
35-8-9-36,PHI_HC_H11,LOCAL_TYPE_12,35-36,H10-H11,0.1128650000274389,0.12464899985182991,1.2,PSI,75,23.207234060776265,3.121288432684982,1.2472524203006965
35-8-9-36,PHI_HC_H11,LOCAL_TYPE_12,35-36,H10-H11,0.1128650000274389,0.12464899985182991,1.2,PSI,90,36.77978373595889,3.1361789389071557,1.241330494196703
1-7-8-9,PSI_C2_C9,LOCAL_TYPE_2,1-9,C2-C9,0.14421600017560898,-0.04779499997256109,1.2,CHI,-180,1.8361875979134048,3.0636532701707573,-0.6225818758231131
1-7-8-9,PSI_C2_C9,LOCAL_TYPE_2,1-9,C2-C9,0.14421600017560898,-0.04779499997256109,1.2,CHI,-165,1.4130028718141248,3.059795361524664,-0.623366851194944
1-7-8-9,PSI_C2_C9,LOCAL_TYPE_2,1-9,C2-C9,0.14421600017560898,-0.04779499997256109,1.2,CHI,-150,1.3982414847839755,3.057605798137403,-0.6238132466181342
1-7-8-9,PSI_C2_C9,LOCAL_TYPE_2,1-9,C2-C9,0.14421600017560898,-0.04779499997256109,1.2,CHI,-135,1.7201805587324959,3.0586664843401734,-0.6235969202853414
1-7-8-9,PSI_C2_C9,LOCAL_TYPE_2,1-9,C2-C9,0.14421600017560898,-0.04779499997256109,1.2,CHI,-120,2.1004462123625456,3.0629316395068127,-0.622728556919947
1-7-8-9,PSI_C2_C9,LOCAL_TYPE_2,1-9,C2-C9,0.14421600017560898,-0.04779499997256109,1.2,CHI,-105,2.282405294363951,3.0671966319094217,-0.6218626415963188
1-7-8-9,PSI_C2_C9,LOCAL_TYPE_2,1-9,C2-C9,0.14421600017560898,-0.04779499997256109,1.2,CHI,-90,2.191846518770847,3.0688859119431915,-0.6215203349174984
1-7-8-9,PSI_C2_C9,LOCAL_TYPE_2,1-9,C2-C9,0.14421600017560898,-0.04779499997256109,1.2,CHI,-75,1.9493375527533943,3.0671831874245297,-0.6218653674272779
1-7-8-9,PSI_C2_C9,LOCAL_TYPE_2,1-9,C2-C9,0.14421600017560898,-0.04779499997256109,1.2,CHI,-60,1.7582771045303314,3.063205781876883,-0.62267282567149
1-7-8-9,PSI_C2_C9,LOCAL_TYPE_2,1-9,C2-C9,0.14421600017560898,-0.04779499997256109,1.2,CHI,-45,1.7517423921353694,3.059227916820886,-0.6234824771724254
1-7-8-9,PSI_C2_C9,LOCAL_TYPE_2,1-9,C2-C9,0.14421600017560898,-0.04779499997256109,1.2,CHI,-30,1.8731815879809242,3.0566937747687013,-0.6239993732963502
1-7-8-9,PSI_C2_C9,LOCAL_TYPE_2,1-9,C2-C9,0.14421600017560898,-0.04779499997256109,1.2,CHI,-15,1.8830474967830666,3.057327555960501,-0.6238700187998982
1-7-8-9,PSI_C2_C9,LOCAL_TYPE_2,1-9,C2-C9,0.14421600017560898,-0.04779499997256109,1.2,CHI,0,1.53761834092137,3.061039372066883,-0.6231135140632386
1-7-8-9,PSI_C2_C9,LOCAL_TYPE_2,1-9,C2-C9,0.14421600017560898,-0.04779499997256109,1.2,CHI,15,0.8500053424677801,3.064827778530692,-0.6223432889690587
1-7-8-9,PSI_C2_C9,LOCAL_TYPE_2,1-9,C2-C9,0.14421600017560898,-0.04779499997256109,1.2,CHI,30,0.1979165005694423,3.066453648369866,-0.6220133152276702
1-7-8-9,PSI_C2_C9,LOCAL_TYPE_2,1-9,C2-C9,0.14421600017560898,-0.04779499997256109,1.2,CHI,45,0.0,3.0651674172001444,-0.6222743296536811
1-7-8-9,PSI_C2_C9,LOCAL_TYPE_2,1-9,C2-C9,0.14421600017560898,-0.04779499997256109,1.2,CHI,60,0.32618472333560894,3.0621158773237926,-0.6228944547590144
1-7-8-9,PSI_C2_C9,LOCAL_TYPE_2,1-9,C2-C9,0.14421600017560898,-0.04779499997256109,1.2,CHI,75,1.0408015037026501,3.058708682839496,-0.6235883170292139
1-7-8-9,PSI_C2_C9,LOCAL_TYPE_2,1-9,C2-C9,0.14421600017560898,-0.04779499997256109,1.2,CHI,90,2.0223598887749024,3.05730747992181,-0.6238741154891314
1-7-8-9,PSI_C2_C9,LOCAL_TYPE_2,1-9,C2-C9,0.14421600017560898,-0.04779499997256109,1.2,CHI,105,3.0480034924252344,3.058631578027184,-0.6236040370199738
1-7-8-9,PSI_C2_C9,LOCAL_TYPE_2,1-9,C2-C9,0.14421600017560898,-0.04779499997256109,1.2,CHI,120,3.7373350122694022,3.0619782060641443,-0.6229224610537831
1-7-8-9,PSI_C2_C9,LOCAL_TYPE_2,1-9,C2-C9,0.14421600017560898,-0.04779499997256109,1.2,CHI,135,3.8030037733710786,3.066044700490703,-0.6220962791277179
1-7-8-9,PSI_C2_C9,LOCAL_TYPE_2,1-9,C2-C9,0.14421600017560898,-0.04779499997256109,1.2,CHI,150,3.292878201783699,3.0687317970436747,-0.6215515483145296
1-7-8-9,PSI_C2_C9,LOCAL_TYPE_2,1-9,C2-C9,0.14421600017560898,-0.04779499997256109,1.2,CHI,165,2.5316328285396272,3.0677747645679014,-0.621745449452245
1-7-8-9,PSI_C2_C9,LOCAL_TYPE_2,1-9,C2-C9,0.14421600017560898,-0.04779499997256109,1.2,PHI,-180,12.297421019351964,2.979487930865439,-0.6401687283426913
1-7-8-9,PSI_C2_C9,LOCAL_TYPE_2,1-9,C2-C9,0.14421600017560898,-0.04779499997256109,1.2,PHI,-165,12.017065696114134,3.034830770193272,-0.6284946819927802
1-7-8-9,PSI_C2_C9,LOCAL_TYPE_2,1-9,C2-C9,0.14421600017560898,-0.04779499997256109,1.2,PHI,-150,12.14534987811232,3.0685290709431094,-0.6215926118725983
1-7-8-9,PSI_C2_C9,LOCAL_TYPE_2,1-9,C2-C9,0.14421600017560898,-0.04779499997256109,1.2,PHI,-135,12.088672339648122,3.0795140700886274,-0.6193753158463833
1-7-8-9,PSI_C2_C9,LOCAL_TYPE_2,1-9,C2-C9,0.14421600017560898,-0.04779499997256109,1.2,PHI,-120,9.406090467076242,3.0744636489075967,-0.6203927636263463
1-7-8-9,PSI_C2_C9,LOCAL_TYPE_2,1-9,C2-C9,0.14421600017560898,-0.04779499997256109,1.2,PHI,-105,5.389702277432289,3.069314334110097,-0.6214335816365777
1-7-8-9,PSI_C2_C9,LOCAL_TYPE_2,1-9,C2-C9,0.14421600017560898,-0.04779499997256109,1.2,PHI,-90,1.8840517384563273,3.0663669316508266,-0.6220309057362745
1-7-8-9,PSI_C2_C9,LOCAL_TYPE_2,1-9,C2-C9,0.14421600017560898,-0.04779499997256109,1.2,PHI,-75,0.0,3.063704895516291,-0.6225713849287358
1-7-8-9,PSI_C2_C9,LOCAL_TYPE_2,1-9,C2-C9,0.14421600017560898,-0.04779499997256109,1.2,PHI,-60,1.1679589391511374,3.0645224640060063,-0.6224052922494049
1-7-8-9,PSI_C2_C9,LOCAL_TYPE_2,1-9,C2-C9,0.14421600017560898,-0.04779499997256109,1.2,PHI,-45,5.348395421266241,3.067617490446283,-0.6217773258089737
1-7-8-9,PSI_C2_C9,LOCAL_TYPE_2,1-9,C2-C9,0.14421600017560898,-0.04779499997256109,1.2,PHI,-30,12.61886348886727,3.0764602828055545,-0.6199901264693425
1-7-8-9,PSI_C2_C9,LOCAL_TYPE_2,1-9,C2-C9,0.14421600017560898,-0.04779499997256109,1.2,PHI,-15,24.120153734931876,3.0849473201978643,-0.6182844638307108
1-7-8-9,PSI_C2_C9,LOCAL_TYPE_2,1-9,C2-C9,0.14421600017560898,-0.04779499997256109,1.2,PHI,0,39.62646469177788,3.0908107162896,-0.617111552565165
1-7-8-9,PSI_C2_C9,LOCAL_TYPE_2,1-9,C2-C9,0.14421600017560898,-0.04779499997256109,1.2,PHI,105,36.46525443667219,2.9231203065405067,-0.6525133418377468
1-7-8-9,PSI_C2_C9,LOCAL_TYPE_2,1-9,C2-C9,0.14421600017560898,-0.04779499997256109,1.2,PHI,120,25.91194918747669,2.8822457994029116,-0.6617669458342721
1-7-8-9,PSI_C2_C9,LOCAL_TYPE_2,1-9,C2-C9,0.14421600017560898,-0.04779499997256109,1.2,PHI,135,18.085910819557824,2.8630088241813785,-0.6662134547768644
1-7-8-9,PSI_C2_C9,LOCAL_TYPE_2,1-9,C2-C9,0.14421600017560898,-0.04779499997256109,1.2,PHI,150,13.569233322541978,2.874907846932705,-0.6634560484606629
1-7-8-9,PSI_C2_C9,LOCAL_TYPE_2,1-9,C2-C9,0.14421600017560898,-0.04779499997256109,1.2,PHI,165,12.21349737743903,2.91637721803915,-0.6540220476337981
1-7-8-9,PSI_C2_C9,LOCAL_TYPE_2,1-9,C2-C9,0.14421600017560898,-0.04779499997256109,1.2,PSI,-105,32.011747071349355,3.3000225360679343,-0.577988477038467
1-7-8-9,PSI_C2_C9,LOCAL_TYPE_2,1-9,C2-C9,0.14421600017560898,-0.04779499997256109,1.2,PSI,-90,14.696882575166297,3.2008183065769704,-0.5959023028252785
1-7-8-9,PSI_C2_C9,LOCAL_TYPE_2,1-9,C2-C9,0.14421600017560898,-0.04779499997256109,1.2,PSI,-75,4.330868332829533,3.12037086786676,-0.6112654811184354
1-7-8-9,PSI_C2_C9,LOCAL_TYPE_2,1-9,C2-C9,0.14421600017560898,-0.04779499997256109,1.2,PSI,-60,0.0,3.0729033482562653,-0.6207077749115912
1-7-8-9,PSI_C2_C9,LOCAL_TYPE_2,1-9,C2-C9,0.14421600017560898,-0.04779499997256109,1.2,PSI,-45,0.19638589416353,3.0582384245800305,-0.6236842047645298
1-7-8-9,PSI_C2_C9,LOCAL_TYPE_2,1-9,C2-C9,0.14421600017560898,-0.04779499997256109,1.2,PSI,-30,3.0779934750218234,3.0638234188027793,-0.6225473009015159
1-7-8-9,PSI_C2_C9,LOCAL_TYPE_2,1-9,C2-C9,0.14421600017560898,-0.04779499997256109,1.2,PSI,-15,6.97513939178259,3.077753375458475,-0.6197296427399399
1-7-8-9,PSI_C2_C9,LOCAL_TYPE_2,1-9,C2-C9,0.14421600017560898,-0.04779499997256109,1.2,PSI,0,10.412722960962697,3.0951826431508045,-0.6162398862100342
1-7-8-9,PSI_C2_C9,LOCAL_TYPE_2,1-9,C2-C9,0.14421600017560898,-0.04779499997256109,1.2,PSI,15,11.945479233545104,3.10142087186191,-0.6150003751891466
1-7-8-9,PSI_C2_C9,LOCAL_TYPE_2,1-9,C2-C9,0.14421600017560898,-0.04779499997256109,1.2,PSI,30,11.696853683615846,3.0578940342340677,-0.6237544461844893
1-7-8-9,PSI_C2_C9,LOCAL_TYPE_2,1-9,C2-C9,0.14421600017560898,-0.04779499997256109,1.2,PSI,45,12.409782605194598,3.028963671368858,-0.6297120754018612
1-7-8-9,PSI_C2_C9,LOCAL_TYPE_2,1-9,C2-C9,0.14421600017560898,-0.04779499997256109,1.2,PSI,60,15.683428081132595,3.051991761471612,-0.6249607302002759
1-7-8-9,PSI_C2_C9,LOCAL_TYPE_2,1-9,C2-C9,0.14421600017560898,-0.04779499997256109,1.2,PSI,75,23.207234060776265,3.1145768600971335,-0.6124026105283014
1-7-8-9,PSI_C2_C9,LOCAL_TYPE_2,1-9,C2-C9,0.14421600017560898,-0.04779499997256109,1.2,PSI,90,36.77978373595889,3.1802104774794273,-0.5997637619653001
6-7-8-9,PSI_C6_C9,LOCAL_TYPE_2,6-9,C6-C9,-0.402716000175609,-0.04779499997256109,1.2,CHI,-180,1.8361875979134048,3.639974532980367,1.4632656556152306
6-7-8-9,PSI_C6_C9,LOCAL_TYPE_2,6-9,C6-C9,-0.402716000175609,-0.04779499997256109,1.2,CHI,-165,1.4130028718141248,3.639615754223509,1.463409898488195
6-7-8-9,PSI_C6_C9,LOCAL_TYPE_2,6-9,C6-C9,-0.402716000175609,-0.04779499997256109,1.2,CHI,-150,1.3982414847839755,3.639258670022435,1.46355348832388
6-7-8-9,PSI_C6_C9,LOCAL_TYPE_2,6-9,C6-C9,-0.402716000175609,-0.04779499997256109,1.2,CHI,-135,1.7201805587324959,3.6391776805733347,1.4635860595257153
6-7-8-9,PSI_C6_C9,LOCAL_TYPE_2,6-9,C6-C9,-0.402716000175609,-0.04779499997256109,1.2,CHI,-120,2.1004462123625456,3.6392778554110463,1.4635457728254921
6-7-8-9,PSI_C6_C9,LOCAL_TYPE_2,6-9,C6-C9,-0.402716000175609,-0.04779499997256109,1.2,CHI,-105,2.282405294363951,3.6391657321085207,1.4635908649145937
6-7-8-9,PSI_C6_C9,LOCAL_TYPE_2,6-9,C6-C9,-0.402716000175609,-0.04779499997256109,1.2,CHI,-90,2.191846518770847,3.6386075397255553,1.463815391814968
6-7-8-9,PSI_C6_C9,LOCAL_TYPE_2,6-9,C6-C9,-0.402716000175609,-0.04779499997256109,1.2,CHI,-75,1.9493375527533943,3.6374903997762544,1.4642649563423953
6-7-8-9,PSI_C6_C9,LOCAL_TYPE_2,6-9,C6-C9,-0.402716000175609,-0.04779499997256109,1.2,CHI,-60,1.7582771045303314,3.6358224112341775,1.4649367100458208
6-7-8-9,PSI_C6_C9,LOCAL_TYPE_2,6-9,C6-C9,-0.402716000175609,-0.04779499997256109,1.2,CHI,-45,1.7517423921353694,3.6338303948836055,1.4657397684062423
6-7-8-9,PSI_C6_C9,LOCAL_TYPE_2,6-9,C6-C9,-0.402716000175609,-0.04779499997256109,1.2,CHI,-30,1.8731815879809242,3.631399676072035,1.4667208780459793
6-7-8-9,PSI_C6_C9,LOCAL_TYPE_2,6-9,C6-C9,-0.402716000175609,-0.04779499997256109,1.2,CHI,-15,1.8830474967830666,3.6287656391339165,1.4677855367632626
6-7-8-9,PSI_C6_C9,LOCAL_TYPE_2,6-9,C6-C9,-0.402716000175609,-0.04779499997256109,1.2,CHI,0,1.53761834092137,3.625752179525815,1.4690054525791776
6-7-8-9,PSI_C6_C9,LOCAL_TYPE_2,6-9,C6-C9,-0.402716000175609,-0.04779499997256109,1.2,CHI,15,0.8500053424677801,3.6239475191910704,1.4697369907313595
6-7-8-9,PSI_C6_C9,LOCAL_TYPE_2,6-9,C6-C9,-0.402716000175609,-0.04779499997256109,1.2,CHI,30,0.1979165005694423,3.6247233130298833,1.46942242523115
6-7-8-9,PSI_C6_C9,LOCAL_TYPE_2,6-9,C6-C9,-0.402716000175609,-0.04779499997256109,1.2,CHI,45,0.0,3.6275520234424126,1.4682765917633473
6-7-8-9,PSI_C6_C9,LOCAL_TYPE_2,6-9,C6-C9,-0.402716000175609,-0.04779499997256109,1.2,CHI,60,0.32618472333560894,3.6305887678904085,1.4670484766907745
6-7-8-9,PSI_C6_C9,LOCAL_TYPE_2,6-9,C6-C9,-0.402716000175609,-0.04779499997256109,1.2,CHI,75,1.0408015037026501,3.6333593042437853,1.4659298118969868
6-7-8-9,PSI_C6_C9,LOCAL_TYPE_2,6-9,C6-C9,-0.402716000175609,-0.04779499997256109,1.2,CHI,90,2.0223598887749024,3.6359072190237702,1.4649025402948377
6-7-8-9,PSI_C6_C9,LOCAL_TYPE_2,6-9,C6-C9,-0.402716000175609,-0.04779499997256109,1.2,CHI,105,3.0480034924252344,3.637842675841443,1.4641231620035036
6-7-8-9,PSI_C6_C9,LOCAL_TYPE_2,6-9,C6-C9,-0.402716000175609,-0.04779499997256109,1.2,CHI,120,3.7373350122694022,3.638892336929766,1.463700826586742
6-7-8-9,PSI_C6_C9,LOCAL_TYPE_2,6-9,C6-C9,-0.402716000175609,-0.04779499997256109,1.2,CHI,135,3.8030037733710786,3.638755422462714,1.463755900862237
6-7-8-9,PSI_C6_C9,LOCAL_TYPE_2,6-9,C6-C9,-0.402716000175609,-0.04779499997256109,1.2,CHI,150,3.292878201783699,3.638834226617296,1.4637242011366935
6-7-8-9,PSI_C6_C9,LOCAL_TYPE_2,6-9,C6-C9,-0.402716000175609,-0.04779499997256109,1.2,CHI,165,2.5316328285396272,3.6397320248993146,1.4633631500856437
6-7-8-9,PSI_C6_C9,LOCAL_TYPE_2,6-9,C6-C9,-0.402716000175609,-0.04779499997256109,1.2,PHI,-180,12.297421019351964,3.7591124309712574,1.4168902418404374
6-7-8-9,PSI_C6_C9,LOCAL_TYPE_2,6-9,C6-C9,-0.402716000175609,-0.04779499997256109,1.2,PHI,-165,12.017065696114134,3.8122506712649153,1.3971404770340023
6-7-8-9,PSI_C6_C9,LOCAL_TYPE_2,6-9,C6-C9,-0.402716000175609,-0.04779499997256109,1.2,PHI,-150,12.14534987811232,3.858783118834534,1.380292583801119
6-7-8-9,PSI_C6_C9,LOCAL_TYPE_2,6-9,C6-C9,-0.402716000175609,-0.04779499997256109,1.2,PHI,-135,12.088672339648122,3.8791709018393923,1.3730381713522093
6-7-8-9,PSI_C6_C9,LOCAL_TYPE_2,6-9,C6-C9,-0.402716000175609,-0.04779499997256109,1.2,PHI,-120,9.406090467076242,3.8572681887883427,1.3808346894067944
6-7-8-9,PSI_C6_C9,LOCAL_TYPE_2,6-9,C6-C9,-0.402716000175609,-0.04779499997256109,1.2,PHI,-105,5.389702277432289,3.79829014183521,1.402275635228537
6-7-8-9,PSI_C6_C9,LOCAL_TYPE_2,6-9,C6-C9,-0.402716000175609,-0.04779499997256109,1.2,PHI,-90,1.8840517384563273,3.7297573847734555,1.4280418729562419
6-7-8-9,PSI_C6_C9,LOCAL_TYPE_2,6-9,C6-C9,-0.402716000175609,-0.04779499997256109,1.2,PHI,-75,0.0,3.659533497549181,1.455444997290308
6-7-8-9,PSI_C6_C9,LOCAL_TYPE_2,6-9,C6-C9,-0.402716000175609,-0.04779499997256109,1.2,PHI,-60,1.1679589391511374,3.594292269362102,1.4818632771812787
6-7-8-9,PSI_C6_C9,LOCAL_TYPE_2,6-9,C6-C9,-0.402716000175609,-0.04779499997256109,1.2,PHI,-45,5.348395421266241,3.550776214009134,1.5000240511948406
6-7-8-9,PSI_C6_C9,LOCAL_TYPE_2,6-9,C6-C9,-0.402716000175609,-0.04779499997256109,1.2,PHI,-30,12.61886348886727,3.5039340145897153,1.520077061738825
6-7-8-9,PSI_C6_C9,LOCAL_TYPE_2,6-9,C6-C9,-0.402716000175609,-0.04779499997256109,1.2,PHI,-15,24.120153734931876,3.454459136144587,1.541847655887665
6-7-8-9,PSI_C6_C9,LOCAL_TYPE_2,6-9,C6-C9,-0.402716000175609,-0.04779499997256109,1.2,PHI,0,39.62646469177788,3.403080484392604,1.5651259927150714
6-7-8-9,PSI_C6_C9,LOCAL_TYPE_2,6-9,C6-C9,-0.402716000175609,-0.04779499997256109,1.2,PHI,105,36.46525443667219,3.6894277429563744,1.443651994972067
6-7-8-9,PSI_C6_C9,LOCAL_TYPE_2,6-9,C6-C9,-0.402716000175609,-0.04779499997256109,1.2,PHI,120,25.91194918747669,3.6557294059122603,1.45695950931443
6-7-8-9,PSI_C6_C9,LOCAL_TYPE_2,6-9,C6-C9,-0.402716000175609,-0.04779499997256109,1.2,PHI,135,18.085910819557824,3.6364319461616152,1.4646911588834512
6-7-8-9,PSI_C6_C9,LOCAL_TYPE_2,6-9,C6-C9,-0.402716000175609,-0.04779499997256109,1.2,PHI,150,13.569233322541978,3.650625114828256,1.4589966249314081
6-7-8-9,PSI_C6_C9,LOCAL_TYPE_2,6-9,C6-C9,-0.402716000175609,-0.04779499997256109,1.2,PHI,165,12.21349737743903,3.7049857371070924,1.4375898044841258
6-7-8-9,PSI_C6_C9,LOCAL_TYPE_2,6-9,C6-C9,-0.402716000175609,-0.04779499997256109,1.2,PSI,-105,32.011747071349355,3.176715632094611,1.6766529769340177
6-7-8-9,PSI_C6_C9,LOCAL_TYPE_2,6-9,C6-C9,-0.402716000175609,-0.04779499997256109,1.2,PSI,-90,14.696882575166297,3.296018831187501,1.6159645906832698
6-7-8-9,PSI_C6_C9,LOCAL_TYPE_2,6-9,C6-C9,-0.402716000175609,-0.04779499997256109,1.2,PSI,-75,4.330868332829533,3.436633853310425,1.5498449787700295
6-7-8-9,PSI_C6_C9,LOCAL_TYPE_2,6-9,C6-C9,-0.402716000175609,-0.04779499997256109,1.2,PSI,-60,0.0,3.576605595565415,1.489191239880686
6-7-8-9,PSI_C6_C9,LOCAL_TYPE_2,6-9,C6-C9,-0.402716000175609,-0.04779499997256109,1.2,PSI,-45,0.19638589416353,3.694289633312331,1.4417520687593461
6-7-8-9,PSI_C6_C9,LOCAL_TYPE_2,6-9,C6-C9,-0.402716000175609,-0.04779499997256109,1.2,PSI,-30,3.0779934750218234,3.77980409872058,1.4091338022589937
6-7-8-9,PSI_C6_C9,LOCAL_TYPE_2,6-9,C6-C9,-0.402716000175609,-0.04779499997256109,1.2,PSI,-15,6.97513939178259,3.834402891134045,1.3890688779052618
6-7-8-9,PSI_C6_C9,LOCAL_TYPE_2,6-9,C6-C9,-0.402716000175609,-0.04779499997256109,1.2,PSI,0,10.412722960962697,3.8644520685340598,1.3782677665464533
6-7-8-9,PSI_C6_C9,LOCAL_TYPE_2,6-9,C6-C9,-0.402716000175609,-0.04779499997256109,1.2,PSI,15,11.945479233545104,3.871088160307373,1.375905042937938
6-7-8-9,PSI_C6_C9,LOCAL_TYPE_2,6-9,C6-C9,-0.402716000175609,-0.04779499997256109,1.2,PSI,30,11.696853683615846,3.827032332725468,1.3917441135468813
6-7-8-9,PSI_C6_C9,LOCAL_TYPE_2,6-9,C6-C9,-0.402716000175609,-0.04779499997256109,1.2,PSI,45,12.409782605194598,3.733454956725712,1.4266275562878223
6-7-8-9,PSI_C6_C9,LOCAL_TYPE_2,6-9,C6-C9,-0.402716000175609,-0.04779499997256109,1.2,PSI,60,15.683428081132595,3.629326509051518,1.4675587076942858
6-7-8-9,PSI_C6_C9,LOCAL_TYPE_2,6-9,C6-C9,-0.402716000175609,-0.04779499997256109,1.2,PSI,75,23.207234060776265,3.522758151497897,1.511954409688757
6-7-8-9,PSI_C6_C9,LOCAL_TYPE_2,6-9,C6-C9,-0.402716000175609,-0.04779499997256109,1.2,PSI,90,36.77978373595889,3.392318962441213,1.5700910735089997
1-7-8-34,PSI_C2_HC,LOCAL_TYPE_7,1-34,C2-H9,0.14421600017560898,0.11249000016463342,1.2,CHI,-180,1.8361875979134048,2.9630084179671257,1.5150768152986251
1-7-8-34,PSI_C2_HC,LOCAL_TYPE_7,1-34,C2-H9,0.14421600017560898,0.11249000016463342,1.2,CHI,-165,1.4130028718141248,2.965067721158782,1.514024561922055
1-7-8-34,PSI_C2_HC,LOCAL_TYPE_7,1-34,C2-H9,0.14421600017560898,0.11249000016463342,1.2,CHI,-150,1.3982414847839755,2.9659592493839675,1.5135694661108572
1-7-8-34,PSI_C2_HC,LOCAL_TYPE_7,1-34,C2-H9,0.14421600017560898,0.11249000016463342,1.2,CHI,-135,1.7201805587324959,2.964874668990686,1.5141231447482655
1-7-8-34,PSI_C2_HC,LOCAL_TYPE_7,1-34,C2-H9,0.14421600017560898,0.11249000016463342,1.2,CHI,-120,2.1004462123625456,2.9617318664214136,1.5157298364827403
1-7-8-34,PSI_C2_HC,LOCAL_TYPE_7,1-34,C2-H9,0.14421600017560898,0.11249000016463342,1.2,CHI,-105,2.282405294363951,2.9583348968755043,1.51747030477786
1-7-8-34,PSI_C2_HC,LOCAL_TYPE_7,1-34,C2-H9,0.14421600017560898,0.11249000016463342,1.2,CHI,-90,2.191846518770847,2.956084123096183,1.5186257124830083
1-7-8-34,PSI_C2_HC,LOCAL_TYPE_7,1-34,C2-H9,0.14421600017560898,0.11249000016463342,1.2,CHI,-75,1.9493375527533943,2.955369105008995,1.5189931267766255
1-7-8-34,PSI_C2_HC,LOCAL_TYPE_7,1-34,C2-H9,0.14421600017560898,0.11249000016463342,1.2,CHI,-60,1.7582771045303314,2.9555051050941947,1.5189232290138697
1-7-8-34,PSI_C2_HC,LOCAL_TYPE_7,1-34,C2-H9,0.14421600017560898,0.11249000016463342,1.2,CHI,-45,1.7517423921353694,2.9554482194634555,1.518952464818225
1-7-8-34,PSI_C2_HC,LOCAL_TYPE_7,1-34,C2-H9,0.14421600017560898,0.11249000016463342,1.2,CHI,-30,1.8731815879809242,2.954460455963296,1.5194602955458953
1-7-8-34,PSI_C2_HC,LOCAL_TYPE_7,1-34,C2-H9,0.14421600017560898,0.11249000016463342,1.2,CHI,-15,1.8830474967830666,2.952440957006366,1.520499621488949
1-7-8-34,PSI_C2_HC,LOCAL_TYPE_7,1-34,C2-H9,0.14421600017560898,0.11249000016463342,1.2,CHI,0,1.53761834092137,2.9499283503183404,1.5217947097298825
1-7-8-34,PSI_C2_HC,LOCAL_TYPE_7,1-34,C2-H9,0.14421600017560898,0.11249000016463342,1.2,CHI,15,0.8500053424677801,2.948977773011386,1.5222852470035613
1-7-8-34,PSI_C2_HC,LOCAL_TYPE_7,1-34,C2-H9,0.14421600017560898,0.11249000016463342,1.2,CHI,30,0.1979165005694423,2.950631513366056,1.5214320518374131
1-7-8-34,PSI_C2_HC,LOCAL_TYPE_7,1-34,C2-H9,0.14421600017560898,0.11249000016463342,1.2,CHI,45,0.0,2.9543933427522986,1.5194948122292162
1-7-8-34,PSI_C2_HC,LOCAL_TYPE_7,1-34,C2-H9,0.14421600017560898,0.11249000016463342,1.2,CHI,60,0.32618472333560894,2.9586713423192377,1.5172977455744294
1-7-8-34,PSI_C2_HC,LOCAL_TYPE_7,1-34,C2-H9,0.14421600017560898,0.11249000016463342,1.2,CHI,75,1.0408015037026501,2.9627247573464,1.5152218735355771
1-7-8-34,PSI_C2_HC,LOCAL_TYPE_7,1-34,C2-H9,0.14421600017560898,0.11249000016463342,1.2,CHI,90,2.0223598887749024,2.965127397292476,1.513994090674089
1-7-8-34,PSI_C2_HC,LOCAL_TYPE_7,1-34,C2-H9,0.14421600017560898,0.11249000016463342,1.2,CHI,105,3.0480034924252344,2.965395068106416,1.5138574302894712
1-7-8-34,PSI_C2_HC,LOCAL_TYPE_7,1-34,C2-H9,0.14421600017560898,0.11249000016463342,1.2,CHI,120,3.7373350122694022,2.964067105600272,1.5145356692886063
1-7-8-34,PSI_C2_HC,LOCAL_TYPE_7,1-34,C2-H9,0.14421600017560898,0.11249000016463342,1.2,CHI,135,3.8030037733710786,2.961643451824539,1.5157750859007215
1-7-8-34,PSI_C2_HC,LOCAL_TYPE_7,1-34,C2-H9,0.14421600017560898,0.11249000016463342,1.2,CHI,150,3.292878201783699,2.9596287166460393,1.5168069333656016
1-7-8-34,PSI_C2_HC,LOCAL_TYPE_7,1-34,C2-H9,0.14421600017560898,0.11249000016463342,1.2,CHI,165,2.5316328285396272,2.960348653133376,1.5164380563232238
1-7-8-34,PSI_C2_HC,LOCAL_TYPE_7,1-34,C2-H9,0.14421600017560898,0.11249000016463342,1.2,PHI,-180,12.297421019351964,3.49487568942829,1.284505017210216
1-7-8-34,PSI_C2_HC,LOCAL_TYPE_7,1-34,C2-H9,0.14421600017560898,0.11249000016463342,1.2,PHI,-165,12.017065696114134,3.489549921475806,1.2864654349745128
1-7-8-34,PSI_C2_HC,LOCAL_TYPE_7,1-34,C2-H9,0.14421600017560898,0.11249000016463342,1.2,PHI,-150,12.14534987811232,3.461539789949087,1.2968752722795303
1-7-8-34,PSI_C2_HC,LOCAL_TYPE_7,1-34,C2-H9,0.14421600017560898,0.11249000016463342,1.2,PHI,-135,12.088672339648122,3.3907604732119734,1.3239464695494014
1-7-8-34,PSI_C2_HC,LOCAL_TYPE_7,1-34,C2-H9,0.14421600017560898,0.11249000016463342,1.2,PHI,-120,9.406090467076242,3.26484320359011,1.3750079491291405
1-7-8-34,PSI_C2_HC,LOCAL_TYPE_7,1-34,C2-H9,0.14421600017560898,0.11249000016463342,1.2,PHI,-105,5.389702277432289,3.145511648793954,1.4271717478197499
1-7-8-34,PSI_C2_HC,LOCAL_TYPE_7,1-34,C2-H9,0.14421600017560898,0.11249000016463342,1.2,PHI,-90,1.8840517384563273,3.0583642661768256,1.4678386767866778
1-7-8-34,PSI_C2_HC,LOCAL_TYPE_7,1-34,C2-H9,0.14421600017560898,0.11249000016463342,1.2,PHI,-75,0.0,2.987226746212512,1.5027936407199296
1-7-8-34,PSI_C2_HC,LOCAL_TYPE_7,1-34,C2-H9,0.14421600017560898,0.11249000016463342,1.2,PHI,-60,1.1679589391511374,2.918195582851445,1.5383428663853127
1-7-8-34,PSI_C2_HC,LOCAL_TYPE_7,1-34,C2-H9,0.14421600017560898,0.11249000016463342,1.2,PHI,-45,5.348395421266241,2.84929291752843,1.5755436480327607
1-7-8-34,PSI_C2_HC,LOCAL_TYPE_7,1-34,C2-H9,0.14421600017560898,0.11249000016463342,1.2,PHI,-30,12.61886348886727,2.7766978480211693,1.6167352745261412
1-7-8-34,PSI_C2_HC,LOCAL_TYPE_7,1-34,C2-H9,0.14421600017560898,0.11249000016463342,1.2,PHI,-15,24.120153734931876,2.7058171881526096,1.6590867177769801
1-7-8-34,PSI_C2_HC,LOCAL_TYPE_7,1-34,C2-H9,0.14421600017560898,0.11249000016463342,1.2,PHI,0,39.62646469177788,2.6447939515966112,1.6973667664683727
1-7-8-34,PSI_C2_HC,LOCAL_TYPE_7,1-34,C2-H9,0.14421600017560898,0.11249000016463342,1.2,PHI,105,36.46525443667219,3.524489361360851,1.2737122735599113
1-7-8-34,PSI_C2_HC,LOCAL_TYPE_7,1-34,C2-H9,0.14421600017560898,0.11249000016463342,1.2,PHI,120,25.91194918747669,3.5262167455884073,1.2730883214178474
1-7-8-34,PSI_C2_HC,LOCAL_TYPE_7,1-34,C2-H9,0.14421600017560898,0.11249000016463342,1.2,PHI,135,18.085910819557824,3.5265449292001696,1.272969846612676
1-7-8-34,PSI_C2_HC,LOCAL_TYPE_7,1-34,C2-H9,0.14421600017560898,0.11249000016463342,1.2,PHI,150,13.569233322541978,3.523559645216551,1.2740483515557897
1-7-8-34,PSI_C2_HC,LOCAL_TYPE_7,1-34,C2-H9,0.14421600017560898,0.11249000016463342,1.2,PHI,165,12.21349737743903,3.5092034699621237,1.2792604920241641
1-7-8-34,PSI_C2_HC,LOCAL_TYPE_7,1-34,C2-H9,0.14421600017560898,0.11249000016463342,1.2,PSI,-105,32.011747071349355,2.653179295285919,1.6920022576585327
1-7-8-34,PSI_C2_HC,LOCAL_TYPE_7,1-34,C2-H9,0.14421600017560898,0.11249000016463342,1.2,PSI,-90,14.696882575166297,2.713034203268698,1.6546733366604898
1-7-8-34,PSI_C2_HC,LOCAL_TYPE_7,1-34,C2-H9,0.14421600017560898,0.11249000016463342,1.2,PSI,-75,4.330868332829533,2.796949487377131,1.6050291139889092
1-7-8-34,PSI_C2_HC,LOCAL_TYPE_7,1-34,C2-H9,0.14421600017560898,0.11249000016463342,1.2,PSI,-60,0.0,2.905472891570749,1.5450790715069171
1-7-8-34,PSI_C2_HC,LOCAL_TYPE_7,1-34,C2-H9,0.14421600017560898,0.11249000016463342,1.2,PSI,-45,0.19638589416353,3.032591742583076,1.480313124434247
1-7-8-34,PSI_C2_HC,LOCAL_TYPE_7,1-34,C2-H9,0.14421600017560898,0.11249000016463342,1.2,PSI,-30,3.0779934750218234,3.161912301337287,1.4197690921718515
1-7-8-34,PSI_C2_HC,LOCAL_TYPE_7,1-34,C2-H9,0.14421600017560898,0.11249000016463342,1.2,PSI,-15,6.97513939178259,3.2740738815964305,1.3711313549857143
1-7-8-34,PSI_C2_HC,LOCAL_TYPE_7,1-34,C2-H9,0.14421600017560898,0.11249000016463342,1.2,PSI,0,10.412722960962697,3.3670253522320874,1.3332793454081522
1-7-8-34,PSI_C2_HC,LOCAL_TYPE_7,1-34,C2-H9,0.14421600017560898,0.11249000016463342,1.2,PSI,15,11.945479233545104,3.4448850635277446,1.303145177505425
1-7-8-34,PSI_C2_HC,LOCAL_TYPE_7,1-34,C2-H9,0.14421600017560898,0.11249000016463342,1.2,PSI,30,11.696853683615846,3.4895806024778135,1.286454124145766
1-7-8-34,PSI_C2_HC,LOCAL_TYPE_7,1-34,C2-H9,0.14421600017560898,0.11249000016463342,1.2,PSI,45,12.409782605194598,3.5085293260677943,1.2795062946297022
1-7-8-34,PSI_C2_HC,LOCAL_TYPE_7,1-34,C2-H9,0.14421600017560898,0.11249000016463342,1.2,PSI,60,15.683428081132595,3.5042391361724743,1.2810727759007878
1-7-8-34,PSI_C2_HC,LOCAL_TYPE_7,1-34,C2-H9,0.14421600017560898,0.11249000016463342,1.2,PSI,75,23.207234060776265,3.4752871507779317,1.291745160278845
1-7-8-34,PSI_C2_HC,LOCAL_TYPE_7,1-34,C2-H9,0.14421600017560898,0.11249000016463342,1.2,PSI,90,36.77978373595889,3.4216652133175067,1.311988484473652
1-7-8-35,PSI_C2_HC,LOCAL_TYPE_7,1-35,C2-H10,0.14421600017560898,0.1128650000274389,1.2,CHI,-180,1.8361875979134048,3.5365193284610363,1.273611202203987
1-7-8-35,PSI_C2_HC,LOCAL_TYPE_7,1-35,C2-H10,0.14421600017560898,0.1128650000274389,1.2,CHI,-165,1.4130028718141248,3.537243629739009,1.2733504120753
1-7-8-35,PSI_C2_HC,LOCAL_TYPE_7,1-35,C2-H10,0.14421600017560898,0.1128650000274389,1.2,CHI,-150,1.3982414847839755,3.5376538255508807,1.2732027653490132
1-7-8-35,PSI_C2_HC,LOCAL_TYPE_7,1-35,C2-H10,0.14421600017560898,0.1128650000274389,1.2,CHI,-135,1.7201805587324959,3.5374939203539033,1.2732603178829736
1-7-8-35,PSI_C2_HC,LOCAL_TYPE_7,1-35,C2-H10,0.14421600017560898,0.1128650000274389,1.2,CHI,-120,2.1004462123625456,3.536784415395208,1.2735157432646607
1-7-8-35,PSI_C2_HC,LOCAL_TYPE_7,1-35,C2-H10,0.14421600017560898,0.1128650000274389,1.2,CHI,-105,2.282405294363951,3.5361090567220264,1.2737589710296564
1-7-8-35,PSI_C2_HC,LOCAL_TYPE_7,1-35,C2-H10,0.14421600017560898,0.1128650000274389,1.2,CHI,-90,2.191846518770847,3.536006231495094,1.27379601127978
1-7-8-35,PSI_C2_HC,LOCAL_TYPE_7,1-35,C2-H10,0.14421600017560898,0.1128650000274389,1.2,CHI,-75,1.9493375527533943,3.5366905740147496,1.2735495343110876
1-7-8-35,PSI_C2_HC,LOCAL_TYPE_7,1-35,C2-H10,0.14421600017560898,0.1128650000274389,1.2,CHI,-60,1.7582771045303314,3.5379848031256076,1.2730836575554925
1-7-8-35,PSI_C2_HC,LOCAL_TYPE_7,1-35,C2-H10,0.14421600017560898,0.1128650000274389,1.2,CHI,-45,1.7517423921353694,3.539405226202268,1.2725727475889466
1-7-8-35,PSI_C2_HC,LOCAL_TYPE_7,1-35,C2-H10,0.14421600017560898,0.1128650000274389,1.2,CHI,-30,1.8731815879809242,3.5406886149535874,1.2721114798167417
1-7-8-35,PSI_C2_HC,LOCAL_TYPE_7,1-35,C2-H10,0.14421600017560898,0.1128650000274389,1.2,CHI,-15,1.8830474967830666,3.541216539511859,1.2719218334385656
1-7-8-35,PSI_C2_HC,LOCAL_TYPE_7,1-35,C2-H10,0.14421600017560898,0.1128650000274389,1.2,CHI,0,1.53761834092137,3.5408071774035843,1.272068883694965
1-7-8-35,PSI_C2_HC,LOCAL_TYPE_7,1-35,C2-H10,0.14421600017560898,0.1128650000274389,1.2,CHI,15,0.8500053424677801,3.5401072079922855,1.2723204041307419
1-7-8-35,PSI_C2_HC,LOCAL_TYPE_7,1-35,C2-H10,0.14421600017560898,0.1128650000274389,1.2,CHI,30,0.1979165005694423,3.539646217592844,1.2724861064227966
1-7-8-35,PSI_C2_HC,LOCAL_TYPE_7,1-35,C2-H10,0.14421600017560898,0.1128650000274389,1.2,CHI,45,0.0,3.5395078504372663,1.272535850706606
1-7-8-35,PSI_C2_HC,LOCAL_TYPE_7,1-35,C2-H10,0.14421600017560898,0.1128650000274389,1.2,CHI,60,0.32618472333560894,3.53958705542589,1.2725073752980343
1-7-8-35,PSI_C2_HC,LOCAL_TYPE_7,1-35,C2-H10,0.14421600017560898,0.1128650000274389,1.2,CHI,75,1.0408015037026501,3.5396878206815803,1.2724711504845663
1-7-8-35,PSI_C2_HC,LOCAL_TYPE_7,1-35,C2-H10,0.14421600017560898,0.1128650000274389,1.2,CHI,90,2.0223598887749024,3.539364626603359,1.2725873451081586
1-7-8-35,PSI_C2_HC,LOCAL_TYPE_7,1-35,C2-H10,0.14421600017560898,0.1128650000274389,1.2,CHI,105,3.0480034924252344,3.53855679768684,1.2728778683115296
1-7-8-35,PSI_C2_HC,LOCAL_TYPE_7,1-35,C2-H10,0.14421600017560898,0.1128650000274389,1.2,CHI,120,3.7373350122694022,3.5375445469077627,1.2732420959832333
1-7-8-35,PSI_C2_HC,LOCAL_TYPE_7,1-35,C2-H10,0.14421600017560898,0.1128650000274389,1.2,CHI,135,3.8030037733710786,3.53662373580252,1.27357360296538
1-7-8-35,PSI_C2_HC,LOCAL_TYPE_7,1-35,C2-H10,0.14421600017560898,0.1128650000274389,1.2,CHI,150,3.292878201783699,3.5358178685205774,1.2738638699802374
1-7-8-35,PSI_C2_HC,LOCAL_TYPE_7,1-35,C2-H10,0.14421600017560898,0.1128650000274389,1.2,CHI,165,2.5316328285396272,3.5357532549264827,1.2738871490150263
1-7-8-35,PSI_C2_HC,LOCAL_TYPE_7,1-35,C2-H10,0.14421600017560898,0.1128650000274389,1.2,PHI,-180,12.297421019351964,3.09177835937255,1.4568154990427502
1-7-8-35,PSI_C2_HC,LOCAL_TYPE_7,1-35,C2-H10,0.14421600017560898,0.1128650000274389,1.2,PHI,-165,12.017065696114134,3.1241747010190886,1.4417089518296362
1-7-8-35,PSI_C2_HC,LOCAL_TYPE_7,1-35,C2-H10,0.14421600017560898,0.1128650000274389,1.2,PHI,-150,12.14534987811232,3.2145214992939706,1.4011885235572938
1-7-8-35,PSI_C2_HC,LOCAL_TYPE_7,1-35,C2-H10,0.14421600017560898,0.1128650000274389,1.2,PHI,-135,12.088672339648122,3.337448139437711,1.3495792130264384
1-7-8-35,PSI_C2_HC,LOCAL_TYPE_7,1-35,C2-H10,0.14421600017560898,0.1128650000274389,1.2,PHI,-120,9.406090467076242,3.458353630258791,1.3023973587113613
1-7-8-35,PSI_C2_HC,LOCAL_TYPE_7,1-35,C2-H10,0.14421600017560898,0.1128650000274389,1.2,PHI,-105,5.389702277432289,3.5224455046771226,1.2786998769912157
1-7-8-35,PSI_C2_HC,LOCAL_TYPE_7,1-35,C2-H10,0.14421600017560898,0.1128650000274389,1.2,PHI,-90,1.8840517384563273,3.5445001509934393,1.2707435298814955
1-7-8-35,PSI_C2_HC,LOCAL_TYPE_7,1-35,C2-H10,0.14421600017560898,0.1128650000274389,1.2,PHI,-75,0.0,3.544730671358833,1.2706608910888797
1-7-8-35,PSI_C2_HC,LOCAL_TYPE_7,1-35,C2-H10,0.14421600017560898,0.1128650000274389,1.2,PHI,-60,1.1679589391511374,3.528081177283173,1.2766573123488487
1-7-8-35,PSI_C2_HC,LOCAL_TYPE_7,1-35,C2-H10,0.14421600017560898,0.1128650000274389,1.2,PHI,-45,5.348395421266241,3.4966567394098167,1.2881306256842158
1-7-8-35,PSI_C2_HC,LOCAL_TYPE_7,1-35,C2-H10,0.14421600017560898,0.1128650000274389,1.2,PHI,-30,12.61886348886727,3.448761947173117,1.3060195810936912
1-7-8-35,PSI_C2_HC,LOCAL_TYPE_7,1-35,C2-H10,0.14421600017560898,0.1128650000274389,1.2,PHI,-15,24.120153734931876,3.3916394002359755,1.3280157770385372
1-7-8-35,PSI_C2_HC,LOCAL_TYPE_7,1-35,C2-H10,0.14421600017560898,0.1128650000274389,1.2,PHI,0,39.62646469177788,3.3339481766923527,1.3509959947870323
1-7-8-35,PSI_C2_HC,LOCAL_TYPE_7,1-35,C2-H10,0.14421600017560898,0.1128650000274389,1.2,PHI,105,36.46525443667219,3.037754839637879,1.4827235479199574
1-7-8-35,PSI_C2_HC,LOCAL_TYPE_7,1-35,C2-H10,0.14421600017560898,0.1128650000274389,1.2,PHI,120,25.91194918747669,3.0384945227235534,1.4823625976135062
1-7-8-35,PSI_C2_HC,LOCAL_TYPE_7,1-35,C2-H10,0.14421600017560898,0.1128650000274389,1.2,PHI,135,18.085910819557824,3.0453478559413183,1.4790266487132262
1-7-8-35,PSI_C2_HC,LOCAL_TYPE_7,1-35,C2-H10,0.14421600017560898,0.1128650000274389,1.2,PHI,150,13.569233322541978,3.0687337887584225,1.467755414314133
1-7-8-35,PSI_C2_HC,LOCAL_TYPE_7,1-35,C2-H10,0.14421600017560898,0.1128650000274389,1.2,PHI,165,12.21349737743903,3.1012607941167896,1.4523611306999538
1-7-8-35,PSI_C2_HC,LOCAL_TYPE_7,1-35,C2-H10,0.14421600017560898,0.1128650000274389,1.2,PSI,-105,32.011747071349355,3.3206531078775208,1.3564050466017628
1-7-8-35,PSI_C2_HC,LOCAL_TYPE_7,1-35,C2-H10,0.14421600017560898,0.1128650000274389,1.2,PSI,-90,14.696882575166297,3.4139312289069452,1.3193442783500395
1-7-8-35,PSI_C2_HC,LOCAL_TYPE_7,1-35,C2-H10,0.14421600017560898,0.1128650000274389,1.2,PSI,-75,4.330868332829533,3.483612313101058,1.2929540456037059
1-7-8-35,PSI_C2_HC,LOCAL_TYPE_7,1-35,C2-H10,0.14421600017560898,0.1128650000274389,1.2,PSI,-60,0.0,3.5288062300910177,1.276395001553464
1-7-8-35,PSI_C2_HC,LOCAL_TYPE_7,1-35,C2-H10,0.14421600017560898,0.1128650000274389,1.2,PSI,-45,0.19638589416353,3.5457209117325323,1.2703060239837238
1-7-8-35,PSI_C2_HC,LOCAL_TYPE_7,1-35,C2-H10,0.14421600017560898,0.1128650000274389,1.2,PSI,-30,3.0779934750218234,3.531483559803446,1.2754273260129767
1-7-8-35,PSI_C2_HC,LOCAL_TYPE_7,1-35,C2-H10,0.14421600017560898,0.1128650000274389,1.2,PSI,-15,6.97513939178259,3.4871973266872387,1.2916248240582766
1-7-8-35,PSI_C2_HC,LOCAL_TYPE_7,1-35,C2-H10,0.14421600017560898,0.1128650000274389,1.2,PSI,0,10.412722960962697,3.411059737436347,1.3204549261057754
1-7-8-35,PSI_C2_HC,LOCAL_TYPE_7,1-35,C2-H10,0.14421600017560898,0.1128650000274389,1.2,PSI,15,11.945479233545104,3.2806432059446418,1.372947422437532
1-7-8-35,PSI_C2_HC,LOCAL_TYPE_7,1-35,C2-H10,0.14421600017560898,0.1128650000274389,1.2,PSI,30,11.696853683615846,3.138434101103504,1.43515858177656
1-7-8-35,PSI_C2_HC,LOCAL_TYPE_7,1-35,C2-H10,0.14421600017560898,0.1128650000274389,1.2,PSI,45,12.409782605194598,3.023495942673185,1.4897161163565547
1-7-8-35,PSI_C2_HC,LOCAL_TYPE_7,1-35,C2-H10,0.14421600017560898,0.1128650000274389,1.2,PSI,60,15.683428081132595,2.9223989370864563,1.5412511195440686
1-7-8-35,PSI_C2_HC,LOCAL_TYPE_7,1-35,C2-H10,0.14421600017560898,0.1128650000274389,1.2,PSI,75,23.207234060776265,2.8244279414352205,1.5947125318587994
1-7-8-35,PSI_C2_HC,LOCAL_TYPE_7,1-35,C2-H10,0.14421600017560898,0.1128650000274389,1.2,PSI,90,36.77978373595889,2.745686837635144,1.6404458701555038
6-7-8-34,PSI_C6_HC,LOCAL_TYPE_2,6-34,C6-H9,-0.402716000175609,0.11249000016463342,1.2,CHI,-180,1.8361875979134048,3.1201882259356144,-4.017650761121087
6-7-8-34,PSI_C6_HC,LOCAL_TYPE_2,6-34,C6-H9,-0.402716000175609,0.11249000016463342,1.2,CHI,-165,1.4130028718141248,3.118633328745013,-4.019653893013414
6-7-8-34,PSI_C6_HC,LOCAL_TYPE_2,6-34,C6-H9,-0.402716000175609,0.11249000016463342,1.2,CHI,-150,1.3982414847839755,3.1178082363553785,-4.020717648570096
6-7-8-34,PSI_C6_HC,LOCAL_TYPE_2,6-34,C6-H9,-0.402716000175609,0.11249000016463342,1.2,CHI,-135,1.7201805587324959,3.1182239363072592,-4.020181634426411
6-7-8-34,PSI_C6_HC,LOCAL_TYPE_2,6-34,C6-H9,-0.402716000175609,0.11249000016463342,1.2,CHI,-120,2.1004462123625456,3.119933956763535,-4.017978192645885
6-7-8-34,PSI_C6_HC,LOCAL_TYPE_2,6-34,C6-H9,-0.402716000175609,0.11249000016463342,1.2,CHI,-105,2.282405294363951,3.12185018376646,-4.015511912120974
6-7-8-34,PSI_C6_HC,LOCAL_TYPE_2,6-34,C6-H9,-0.402716000175609,0.11249000016463342,1.2,CHI,-90,2.191846518770847,3.123027807561498,-4.013997752571859
6-7-8-34,PSI_C6_HC,LOCAL_TYPE_2,6-34,C6-H9,-0.402716000175609,0.11249000016463342,1.2,CHI,-75,1.9493375527533943,3.1232086802121772,-4.013765292148088
6-7-8-34,PSI_C6_HC,LOCAL_TYPE_2,6-34,C6-H9,-0.402716000175609,0.11249000016463342,1.2,CHI,-60,1.7582771045303314,3.122857296564552,-4.014216920690519
6-7-8-34,PSI_C6_HC,LOCAL_TYPE_2,6-34,C6-H9,-0.402716000175609,0.11249000016463342,1.2,CHI,-45,1.7517423921353694,3.122735359737667,-4.014373668162639
6-7-8-34,PSI_C6_HC,LOCAL_TYPE_2,6-34,C6-H9,-0.402716000175609,0.11249000016463342,1.2,CHI,-30,1.8731815879809242,3.12348781282404,-4.01340659928404
6-7-8-34,PSI_C6_HC,LOCAL_TYPE_2,6-34,C6-H9,-0.402716000175609,0.11249000016463342,1.2,CHI,-15,1.8830474967830666,3.125591110329973,-4.010705865953096
6-7-8-34,PSI_C6_HC,LOCAL_TYPE_2,6-34,C6-H9,-0.402716000175609,0.11249000016463342,1.2,CHI,0,1.53761834092137,3.129216655481006,-4.006059017618369
6-7-8-34,PSI_C6_HC,LOCAL_TYPE_2,6-34,C6-H9,-0.402716000175609,0.11249000016463342,1.2,CHI,15,0.8500053424677801,3.1322556823355017,-4.002172195414199
6-7-8-34,PSI_C6_HC,LOCAL_TYPE_2,6-34,C6-H9,-0.402716000175609,0.11249000016463342,1.2,CHI,30,0.1979165005694423,3.1328377573709294,-4.001428599766148
6-7-8-34,PSI_C6_HC,LOCAL_TYPE_2,6-34,C6-H9,-0.402716000175609,0.11249000016463342,1.2,CHI,45,0.0,3.130718136312657,-4.004137726539606
6-7-8-34,PSI_C6_HC,LOCAL_TYPE_2,6-34,C6-H9,-0.402716000175609,0.11249000016463342,1.2,CHI,60,0.32618472333560894,3.1274219807708215,-4.008357899205385
6-7-8-34,PSI_C6_HC,LOCAL_TYPE_2,6-34,C6-H9,-0.402716000175609,0.11249000016463342,1.2,CHI,75,1.0408015037026501,3.123882770979458,-4.012899177020272
6-7-8-34,PSI_C6_HC,LOCAL_TYPE_2,6-34,C6-H9,-0.402716000175609,0.11249000016463342,1.2,CHI,90,2.0223598887749024,3.1211988124091183,-4.0163499200793975
6-7-8-34,PSI_C6_HC,LOCAL_TYPE_2,6-34,C6-H9,-0.402716000175609,0.11249000016463342,1.2,CHI,105,3.0480034924252344,3.1202549669078157,-4.017564825221423
6-7-8-34,PSI_C6_HC,LOCAL_TYPE_2,6-34,C6-H9,-0.402716000175609,0.11249000016463342,1.2,CHI,120,3.7373350122694022,3.1209289421583835,-4.016697218393476
6-7-8-34,PSI_C6_HC,LOCAL_TYPE_2,6-34,C6-H9,-0.402716000175609,0.11249000016463342,1.2,CHI,135,3.8030037733710786,3.1227834336375397,-4.014311868616856
6-7-8-34,PSI_C6_HC,LOCAL_TYPE_2,6-34,C6-H9,-0.402716000175609,0.11249000016463342,1.2,CHI,150,3.292878201783699,3.1237317514276657,-4.01309318415127
6-7-8-34,PSI_C6_HC,LOCAL_TYPE_2,6-34,C6-H9,-0.402716000175609,0.11249000016463342,1.2,CHI,165,2.5316328285396272,3.122367032760315,-4.014847219831498
6-7-8-34,PSI_C6_HC,LOCAL_TYPE_2,6-34,C6-H9,-0.402716000175609,0.11249000016463342,1.2,PHI,-180,12.297421019351964,2.6119609054028348,-4.799392890927635
6-7-8-34,PSI_C6_HC,LOCAL_TYPE_2,6-34,C6-H9,-0.402716000175609,0.11249000016463342,1.2,PHI,-165,12.017065696114134,2.616108423631718,-4.79178404363259
6-7-8-34,PSI_C6_HC,LOCAL_TYPE_2,6-34,C6-H9,-0.402716000175609,0.11249000016463342,1.2,PHI,-150,12.14534987811232,2.636467161609227,-4.75478199892304
6-7-8-34,PSI_C6_HC,LOCAL_TYPE_2,6-34,C6-H9,-0.402716000175609,0.11249000016463342,1.2,PHI,-135,12.088672339648122,2.691450537516042,-4.657647029374975
6-7-8-34,PSI_C6_HC,LOCAL_TYPE_2,6-34,C6-H9,-0.402716000175609,0.11249000016463342,1.2,PHI,-120,9.406090467076242,2.806363821751465,-4.4669285228127
6-7-8-34,PSI_C6_HC,LOCAL_TYPE_2,6-34,C6-H9,-0.402716000175609,0.11249000016463342,1.2,PHI,-105,5.389702277432289,2.9268476417821034,-4.283047201301685
6-7-8-34,PSI_C6_HC,LOCAL_TYPE_2,6-34,C6-H9,-0.402716000175609,0.11249000016463342,1.2,PHI,-90,1.8840517384563273,3.020248302619398,-4.150594701071172
6-7-8-34,PSI_C6_HC,LOCAL_TYPE_2,6-34,C6-H9,-0.402716000175609,0.11249000016463342,1.2,PHI,-75,0.0,3.097572138811637,-4.046984554032231
6-7-8-34,PSI_C6_HC,LOCAL_TYPE_2,6-34,C6-H9,-0.402716000175609,0.11249000016463342,1.2,PHI,-60,1.1679589391511374,3.165729654240402,-3.9598537998909356
6-7-8-34,PSI_C6_HC,LOCAL_TYPE_2,6-34,C6-H9,-0.402716000175609,0.11249000016463342,1.2,PHI,-45,5.348395421266241,3.212480574606223,-3.9022264289669306
6-7-8-34,PSI_C6_HC,LOCAL_TYPE_2,6-34,C6-H9,-0.402716000175609,0.11249000016463342,1.2,PHI,-30,12.61886348886727,3.2574629983108676,-3.8483404438581896
6-7-8-34,PSI_C6_HC,LOCAL_TYPE_2,6-34,C6-H9,-0.402716000175609,0.11249000016463342,1.2,PHI,-15,24.120153734931876,3.290604545936721,-3.8095816211798126
6-7-8-34,PSI_C6_HC,LOCAL_TYPE_2,6-34,C6-H9,-0.402716000175609,0.11249000016463342,1.2,PHI,0,39.62646469177788,3.3118423339605596,-3.7851519899439032
6-7-8-34,PSI_C6_HC,LOCAL_TYPE_2,6-34,C6-H9,-0.402716000175609,0.11249000016463342,1.2,PHI,105,36.46525443667219,2.64966395147106,-4.73110055854877
6-7-8-34,PSI_C6_HC,LOCAL_TYPE_2,6-34,C6-H9,-0.402716000175609,0.11249000016463342,1.2,PHI,120,25.91194918747669,2.6527965844687293,-4.725513699076856
6-7-8-34,PSI_C6_HC,LOCAL_TYPE_2,6-34,C6-H9,-0.402716000175609,0.11249000016463342,1.2,PHI,135,18.085910819557824,2.647864228822394,-4.7343162328026285
6-7-8-34,PSI_C6_HC,LOCAL_TYPE_2,6-34,C6-H9,-0.402716000175609,0.11249000016463342,1.2,PHI,150,13.569233322541978,2.6348912453655147,-4.757625812002837
6-7-8-34,PSI_C6_HC,LOCAL_TYPE_2,6-34,C6-H9,-0.402716000175609,0.11249000016463342,1.2,PHI,165,12.21349737743903,2.6197484470725008,-4.785126073757092
6-7-8-34,PSI_C6_HC,LOCAL_TYPE_2,6-34,C6-H9,-0.402716000175609,0.11249000016463342,1.2,PSI,-105,32.011747071349355,3.421116992492524,-3.664249608616291
6-7-8-34,PSI_C6_HC,LOCAL_TYPE_2,6-34,C6-H9,-0.402716000175609,0.11249000016463342,1.2,PSI,-90,14.696882575166297,3.3534909638310246,-3.738142352544275
6-7-8-34,PSI_C6_HC,LOCAL_TYPE_2,6-34,C6-H9,-0.402716000175609,0.11249000016463342,1.2,PSI,-75,4.330868332829533,3.2714967974940024,-3.8318321480167232
6-7-8-34,PSI_C6_HC,LOCAL_TYPE_2,6-34,C6-H9,-0.402716000175609,0.11249000016463342,1.2,PSI,-60,0.0,3.173740876388648,-3.9498582552951214
6-7-8-34,PSI_C6_HC,LOCAL_TYPE_2,6-34,C6-H9,-0.402716000175609,0.11249000016463342,1.2,PSI,-45,0.19638589416353,3.0630081964779063,-4.0926519932875065
6-7-8-34,PSI_C6_HC,LOCAL_TYPE_2,6-34,C6-H9,-0.402716000175609,0.11249000016463342,1.2,PSI,-30,3.0779934750218234,2.9456782640710184,-4.255667278288014
6-7-8-34,PSI_C6_HC,LOCAL_TYPE_2,6-34,C6-H9,-0.402716000175609,0.11249000016463342,1.2,PSI,-15,6.97513939178259,2.834305619038105,-4.422891630517118
6-7-8-34,PSI_C6_HC,LOCAL_TYPE_2,6-34,C6-H9,-0.402716000175609,0.11249000016463342,1.2,PSI,0,10.412722960962697,2.7359085136498833,-4.581961179706134
6-7-8-34,PSI_C6_HC,LOCAL_TYPE_2,6-34,C6-H9,-0.402716000175609,0.11249000016463342,1.2,PSI,15,11.945479233545104,2.654078161427992,-4.723231886293258
6-7-8-34,PSI_C6_HC,LOCAL_TYPE_2,6-34,C6-H9,-0.402716000175609,0.11249000016463342,1.2,PSI,30,11.696853683615846,2.6170466155271335,-4.790066224420794
6-7-8-34,PSI_C6_HC,LOCAL_TYPE_2,6-34,C6-H9,-0.402716000175609,0.11249000016463342,1.2,PSI,45,12.409782605194598,2.599793466689368,-4.821854797848484
6-7-8-34,PSI_C6_HC,LOCAL_TYPE_2,6-34,C6-H9,-0.402716000175609,0.11249000016463342,1.2,PSI,60,15.683428081132595,2.5823811610631635,-4.854367275360035
6-7-8-34,PSI_C6_HC,LOCAL_TYPE_2,6-34,C6-H9,-0.402716000175609,0.11249000016463342,1.2,PSI,75,23.207234060776265,2.5522005972617627,-4.911771674303686
6-7-8-34,PSI_C6_HC,LOCAL_TYPE_2,6-34,C6-H9,-0.402716000175609,0.11249000016463342,1.2,PSI,90,36.77978373595889,2.5092696289698657,-4.995806929651328
6-7-8-35,PSI_C6_HC,LOCAL_TYPE_2,6-35,C6-H10,-0.402716000175609,0.1128650000274389,1.2,CHI,-180,1.8361875979134048,2.5753881596770007,-4.883775030757734
6-7-8-35,PSI_C6_HC,LOCAL_TYPE_2,6-35,C6-H10,-0.402716000175609,0.1128650000274389,1.2,CHI,-165,1.4130028718141248,2.5756902494226837,-4.883202237364839
6-7-8-35,PSI_C6_HC,LOCAL_TYPE_2,6-35,C6-H10,-0.402716000175609,0.1128650000274389,1.2,CHI,-150,1.3982414847839755,2.5757764132395597,-4.883038886485009
6-7-8-35,PSI_C6_HC,LOCAL_TYPE_2,6-35,C6-H10,-0.402716000175609,0.1128650000274389,1.2,CHI,-135,1.7201805587324959,2.5754777498344583,-4.883605144539916
6-7-8-35,PSI_C6_HC,LOCAL_TYPE_2,6-35,C6-H10,-0.402716000175609,0.1128650000274389,1.2,CHI,-120,2.1004462123625456,2.5748273855411252,-4.884838672824796
6-7-8-35,PSI_C6_HC,LOCAL_TYPE_2,6-35,C6-H10,-0.402716000175609,0.1128650000274389,1.2,CHI,-105,2.282405294363951,2.574287475941797,-4.885863178174441
6-7-8-35,PSI_C6_HC,LOCAL_TYPE_2,6-35,C6-H10,-0.402716000175609,0.1128650000274389,1.2,CHI,-90,2.191846518770847,2.574219732905103,-4.885991754303483
6-7-8-35,PSI_C6_HC,LOCAL_TYPE_2,6-35,C6-H10,-0.402716000175609,0.1128650000274389,1.2,CHI,-75,1.9493375527533943,2.5748025803076553,-4.884885732574024
6-7-8-35,PSI_C6_HC,LOCAL_TYPE_2,6-35,C6-H10,-0.402716000175609,0.1128650000274389,1.2,CHI,-60,1.7582771045303314,2.576008842082073,-4.882598298293776
6-7-8-35,PSI_C6_HC,LOCAL_TYPE_2,6-35,C6-H10,-0.402716000175609,0.1128650000274389,1.2,CHI,-45,1.7517423921353694,2.5775369759981888,-4.879703571999693
6-7-8-35,PSI_C6_HC,LOCAL_TYPE_2,6-35,C6-H10,-0.402716000175609,0.1128650000274389,1.2,CHI,-30,1.8731815879809242,2.57918977972944,-4.876576546476179
6-7-8-35,PSI_C6_HC,LOCAL_TYPE_2,6-35,C6-H10,-0.402716000175609,0.1128650000274389,1.2,CHI,-15,1.8830474967830666,2.5801304872769903,-4.874798561840867
6-7-8-35,PSI_C6_HC,LOCAL_TYPE_2,6-35,C6-H10,-0.402716000175609,0.1128650000274389,1.2,CHI,0,1.53761834092137,2.579893374640152,-4.875246594442686
6-7-8-35,PSI_C6_HC,LOCAL_TYPE_2,6-35,C6-H10,-0.402716000175609,0.1128650000274389,1.2,CHI,15,0.8500053424677801,2.5791487978729046,-4.876654033731112
6-7-8-35,PSI_C6_HC,LOCAL_TYPE_2,6-35,C6-H10,-0.402716000175609,0.1128650000274389,1.2,CHI,30,0.1979165005694423,2.578651857141485,-4.877593830243654
6-7-8-35,PSI_C6_HC,LOCAL_TYPE_2,6-35,C6-H10,-0.402716000175609,0.1128650000274389,1.2,CHI,45,0.0,2.5784840236292044,-4.877911312801819
6-7-8-35,PSI_C6_HC,LOCAL_TYPE_2,6-35,C6-H10,-0.402716000175609,0.1128650000274389,1.2,CHI,60,0.32618472333560894,2.578451929532222,-4.877972028364111
6-7-8-35,PSI_C6_HC,LOCAL_TYPE_2,6-35,C6-H10,-0.402716000175609,0.1128650000274389,1.2,CHI,75,1.0408015037026501,2.5783728578566376,-4.878121622485288
6-7-8-35,PSI_C6_HC,LOCAL_TYPE_2,6-35,C6-H10,-0.402716000175609,0.1128650000274389,1.2,CHI,90,2.0223598887749024,2.5780085341408605,-4.878810997780978
6-7-8-35,PSI_C6_HC,LOCAL_TYPE_2,6-35,C6-H10,-0.402716000175609,0.1128650000274389,1.2,CHI,105,3.0480034924252344,2.5774098604441495,-4.879944234624843
6-7-8-35,PSI_C6_HC,LOCAL_TYPE_2,6-35,C6-H10,-0.402716000175609,0.1128650000274389,1.2,CHI,120,3.7373350122694022,2.57666752907635,-4.881350134158872
6-7-8-35,PSI_C6_HC,LOCAL_TYPE_2,6-35,C6-H10,-0.402716000175609,0.1128650000274389,1.2,CHI,135,3.8030037733710786,2.575948131245088,-4.882713373060133
6-7-8-35,PSI_C6_HC,LOCAL_TYPE_2,6-35,C6-H10,-0.402716000175609,0.1128650000274389,1.2,CHI,150,3.292878201783699,2.5753317289552227,-4.883882044136589
6-7-8-35,PSI_C6_HC,LOCAL_TYPE_2,6-35,C6-H10,-0.402716000175609,0.1128650000274389,1.2,CHI,165,2.5316328285396272,2.5751070084082754,-4.8843082433743685
6-7-8-35,PSI_C6_HC,LOCAL_TYPE_2,6-35,C6-H10,-0.402716000175609,0.1128650000274389,1.2,PHI,-180,12.297421019351964,2.9843868424925466,-4.214472537425771
6-7-8-35,PSI_C6_HC,LOCAL_TYPE_2,6-35,C6-H10,-0.402716000175609,0.1128650000274389,1.2,PHI,-165,12.017065696114134,2.91363418828126,-4.316813840024005
6-7-8-35,PSI_C6_HC,LOCAL_TYPE_2,6-35,C6-H10,-0.402716000175609,0.1128650000274389,1.2,PHI,-150,12.14534987811232,2.8095089546293632,-4.476802384991479
6-7-8-35,PSI_C6_HC,LOCAL_TYPE_2,6-35,C6-H10,-0.402716000175609,0.1128650000274389,1.2,PHI,-135,12.088672339648122,2.7007104844422627,-4.657150946461822
6-7-8-35,PSI_C6_HC,LOCAL_TYPE_2,6-35,C6-H10,-0.402716000175609,0.1128650000274389,1.2,PHI,-120,9.406090467076242,2.6120830416444876,-4.8151671245570995
6-7-8-35,PSI_C6_HC,LOCAL_TYPE_2,6-35,C6-H10,-0.402716000175609,0.1128650000274389,1.2,PHI,-105,5.389702277432289,2.5795705947382457,-4.875856630710246
6-7-8-35,PSI_C6_HC,LOCAL_TYPE_2,6-35,C6-H10,-0.402716000175609,0.1128650000274389,1.2,PHI,-90,1.8840517384563273,2.5732722245566886,-4.8877908325095545
6-7-8-35,PSI_C6_HC,LOCAL_TYPE_2,6-35,C6-H10,-0.402716000175609,0.1128650000274389,1.2,PHI,-75,0.0,2.5755731029423576,-4.883424343254272
6-7-8-35,PSI_C6_HC,LOCAL_TYPE_2,6-35,C6-H10,-0.402716000175609,0.1128650000274389,1.2,PHI,-60,1.1679589391511374,2.5837046820993685,-4.868054958401751
6-7-8-35,PSI_C6_HC,LOCAL_TYPE_2,6-35,C6-H10,-0.402716000175609,0.1128650000274389,1.2,PHI,-45,5.348395421266241,2.5929514853213678,-4.850694839429591
6-7-8-35,PSI_C6_HC,LOCAL_TYPE_2,6-35,C6-H10,-0.402716000175609,0.1128650000274389,1.2,PHI,-30,12.61886348886727,2.603925148371052,-4.830252665522233
6-7-8-35,PSI_C6_HC,LOCAL_TYPE_2,6-35,C6-H10,-0.402716000175609,0.1128650000274389,1.2,PHI,-15,24.120153734931876,2.6125174269208613,-4.8143665030260685
6-7-8-35,PSI_C6_HC,LOCAL_TYPE_2,6-35,C6-H10,-0.402716000175609,0.1128650000274389,1.2,PHI,0,39.62646469177788,2.6176442885442657,-4.804937188671407
6-7-8-35,PSI_C6_HC,LOCAL_TYPE_2,6-35,C6-H10,-0.402716000175609,0.1128650000274389,1.2,PHI,105,36.46525443667219,3.093159201075719,-4.06626868231208
6-7-8-35,PSI_C6_HC,LOCAL_TYPE_2,6-35,C6-H10,-0.402716000175609,0.1128650000274389,1.2,PHI,120,25.91194918747669,3.102833047008214,-4.053591088591482
6-7-8-35,PSI_C6_HC,LOCAL_TYPE_2,6-35,C6-H10,-0.402716000175609,0.1128650000274389,1.2,PHI,135,18.085910819557824,3.1048260180886635,-4.050989110327816
6-7-8-35,PSI_C6_HC,LOCAL_TYPE_2,6-35,C6-H10,-0.402716000175609,0.1128650000274389,1.2,PHI,150,13.569233322541978,3.082230508410439,-4.080686488054441
6-7-8-35,PSI_C6_HC,LOCAL_TYPE_2,6-35,C6-H10,-0.402716000175609,0.1128650000274389,1.2,PHI,165,12.21349737743903,3.0264459000938353,-4.155903262090256
6-7-8-35,PSI_C6_HC,LOCAL_TYPE_2,6-35,C6-H10,-0.402716000175609,0.1128650000274389,1.2,PSI,-105,32.011747071349355,2.6499138293403304,-4.746424675956622
6-7-8-35,PSI_C6_HC,LOCAL_TYPE_2,6-35,C6-H10,-0.402716000175609,0.1128650000274389,1.2,PSI,-90,14.696882575166297,2.615971446191109,-4.808009814882665
6-7-8-35,PSI_C6_HC,LOCAL_TYPE_2,6-35,C6-H10,-0.402716000175609,0.1128650000274389,1.2,PSI,-75,4.330868332829533,2.594967551694453,-4.846926267161515
6-7-8-35,PSI_C6_HC,LOCAL_TYPE_2,6-35,C6-H10,-0.402716000175609,0.1128650000274389,1.2,PSI,-60,0.0,2.582015328361246,-4.87124001572927
6-7-8-35,PSI_C6_HC,LOCAL_TYPE_2,6-35,C6-H10,-0.402716000175609,0.1128650000274389,1.2,PSI,-45,0.19638589416353,2.576098771179859,-4.882427851545099
6-7-8-35,PSI_C6_HC,LOCAL_TYPE_2,6-35,C6-H10,-0.402716000175609,0.1128650000274389,1.2,PSI,-30,3.0779934750218234,2.584252714096484,-4.867022609720691
6-7-8-35,PSI_C6_HC,LOCAL_TYPE_2,6-35,C6-H10,-0.402716000175609,0.1128650000274389,1.2,PSI,-15,6.97513939178259,2.6130022921191594,-4.813473155639344
6-7-8-35,PSI_C6_HC,LOCAL_TYPE_2,6-35,C6-H10,-0.402716000175609,0.1128650000274389,1.2,PSI,0,10.412722960962697,2.661297810367412,-4.726121345661505
6-7-8-35,PSI_C6_HC,LOCAL_TYPE_2,6-35,C6-H10,-0.402716000175609,0.1128650000274389,1.2,PSI,15,11.945479233545104,2.746284485379938,-4.579866527192497
6-7-8-35,PSI_C6_HC,LOCAL_TYPE_2,6-35,C6-H10,-0.402716000175609,0.1128650000274389,1.2,PSI,30,11.696853683615846,2.8860549841499292,-4.358065406866915
6-7-8-35,PSI_C6_HC,LOCAL_TYPE_2,6-35,C6-H10,-0.402716000175609,0.1128650000274389,1.2,PSI,45,12.409782605194598,3.0197977937106746,-4.165052512765928
6-7-8-35,PSI_C6_HC,LOCAL_TYPE_2,6-35,C6-H10,-0.402716000175609,0.1128650000274389,1.2,PSI,60,15.683428081132595,3.104534915779319,-4.051368958619794
6-7-8-35,PSI_C6_HC,LOCAL_TYPE_2,6-35,C6-H10,-0.402716000175609,0.1128650000274389,1.2,PSI,75,23.207234060776265,3.1523874407198105,-3.9898700985395688
6-7-8-35,PSI_C6_HC,LOCAL_TYPE_2,6-35,C6-H10,-0.402716000175609,0.1128650000274389,1.2,PSI,90,36.77978373595889,3.1904551943923862,-3.942263916085185
