system,seed,residue_number,identity,chi1_deg,chi2_deg,sidechain_orientation,start_ligand_min_distance_a,final_ligand_min_distance_a,direct_contact_start,direct_contact_final,sidechain_rms_displacement_a,sidechain_max_displacement_a,residue_sasa_start_a2,hbond_donor_count,hbond_acceptor_count
7B_WT,314159,190,VAL,169.38099512260882,,0.9337;1.2177;-1.2413,11.831355163293848,11.894716894487235,False,False,0.0,0.0,1.7805369063301848,1,1
7B_WT,314159,191,PHE,-65.46195612286809,-52.20344240227585,-0.0123;3.1027;-1.4879,10.33832795958805,10.349301184137989,False,False,0.0,0.0,71.59654314613783,1,1
7B_WT,314159,192,GLU,-177.08745296174877,175.95383624194068,-1.7436;-2.8208;-0.3644,4.494620562405685,4.695955493826576,False,False,0.1397991416282665,0.23875719884434973,24.59439005761756,1,3
7B_WT,314159,193,PRO,-25.653605273050395,,0.7777;-0.2950;-1.6673,6.494703765376832,6.514728774093362,False,False,0.0,0.0,44.86052937656812,0,1
7B_WT,314159,194,THR,-52.397011580742266,,1.1337;1.4683;-0.5910,8.302578515136128,8.370508825633003,False,False,0.0,0.0,14.988970519266767,2,2
7B_WT,314159,195,TRP,-166.55178851043294,-91.31286517532178,-2.9478;2.1397;-1.0491,7.214208827030168,7.275481221197674,False,False,0.0,0.0,45.19696449733646,2,1
7B_WT,314159,196,LYS,-76.76681386561326,170.55142917585766,0.0944;-3.2664;-1.9348,3.0718103782623034,3.0429868550488353,True,True,0.09778445684258825,0.1565375354347958,72.2527629466105,2,1
7B_WT,314159,197,HIS,-65.47891268673396,-44.54730844492721,2.6273;-1.7640;-0.1967,5.6215423150590995,5.581420786860635,False,False,0.15504622966500506,0.25555038642115296,40.42580809937556,2,2
7B_WT,314159,198,ILE,57.13950447537415,167.00296666427005,0.9730;1.2535;-1.8042,7.961865924517945,8.018517693439355,False,False,0.23182860047888806,0.2722462120948616,69.58926179003481,1,1
7B_WT,314159,199,GLY,,,,6.565968397730833,6.612559338108052,False,False,0.0,0.0,15.081372613190478,1,1
7B_WT,314159,200,ASP,-158.51880383240416,27.516310726069907,-1.2475;0.0300;2.1915,3.5216197977635235,3.5884594187478283,True,True,0.30723565873771885,0.4823618973343563,34.01500540812093,1,3
7B_WT,314159,201,GLY,,,,3.402889654396687,3.4754300453325198,True,True,0.0,0.0,25.49400474892708,1,1
7B_WT,314159,202,CYS,175.4229473968232,,-0.6365;1.6735;-0.9910,5.501731363852656,5.546342037775888,False,False,0.002236067977498749,0.0031622776601669075,11.816315368314608,1,2
7B_WT,314159,203,CYS,-62.13265308248275,,0.0865;-1.9120;0.6910,3.4421490380284236,3.5183209063415473,True,True,0.23555360324138513,0.3331231003698179,17.786323157839462,1,2
7B_WT,314159,204,LEU,-66.09304788021592,176.68333313044494,1.5047;2.1285;0.2125,6.627402884991978,6.667169864342741,False,False,0.1617111622616078,0.29946285245418974,0.0,1,1
7B_WT,314159,205,THR,63.65968645254459,,1.8177;-0.6230;-0.3273,3.4099536653743554,3.4284085229155523,True,True,0.0025166114784236,0.003162277660168874,36.419855314535745,2,2
7B_WT,314159,206,ARG,-166.38602744732503,165.52117799985209,-0.2394;-1.2116;4.0577,3.231533382157764,3.258553360005019,True,True,0.06111230879057241,0.09680392554023716,38.16323307026019,4,1
7B_WT,314159,207,GLU,-57.038118565981954,-171.34607665195682,1.2132;-1.7032;-2.5448,3.1681409375215623,3.109817679543288,True,True,0.3900789663645041,0.5462233975215639,30.94861462867644,1,3
7B_WT,314159,208,THR,-49.66115999128745,,-0.0333;1.2580;1.4900,5.46344918526749,5.373397993821041,False,False,0.15179701358502823,0.19088740136530694,0.0,2,2
7B_WT,314159,209,TRP,70.77216659663817,89.3824331008734,2.5327;0.5542;-2.9872,7.364058256151971,7.322567104506452,False,False,0.0,0.0,35.636705353381025,2,1
7B_WT,314159,210,LYS,-63.59529035192367,-175.35213443373277,2.8746;-0.4638;-2.5024,6.579377022180747,6.518277763335956,False,False,0.0,0.0,85.47782736565702,2,1
7B_WT,271828,190,VAL,169.38099512260882,,0.9337;1.2177;-1.2413,11.831355163293848,11.894716894487235,False,False,0.0,0.0,1.7805369063301848,1,1
7B_WT,271828,191,PHE,-65.46195612286809,-52.20344240227585,-0.0123;3.1027;-1.4879,10.33832795958805,10.349301184137989,False,False,0.0,0.0,71.59654314613783,1,1
7B_WT,271828,192,GLU,-177.08745296174877,175.95383624194068,-1.7436;-2.8208;-0.3644,4.494620562405685,4.695955493826576,False,False,0.1397991416282665,0.23875719884434973,24.59439005761756,1,3
7B_WT,271828,193,PRO,-25.653605273050395,,0.7777;-0.2950;-1.6673,6.494703765376832,6.514728774093362,False,False,0.0,0.0,44.86052937656812,0,1
7B_WT,271828,194,THR,-52.397011580742266,,1.1337;1.4683;-0.5910,8.302578515136128,8.370508825633003,False,False,0.0,0.0,14.988970519266767,2,2
7B_WT,271828,195,TRP,-166.55178851043294,-91.31286517532178,-2.9478;2.1397;-1.0491,7.214208827030168,7.275481221197674,False,False,0.0,0.0,45.19696449733646,2,1
7B_WT,271828,196,LYS,-76.76681386561326,170.55142917585766,0.0944;-3.2664;-1.9348,3.0718103782623034,3.0429868550488353,True,True,0.09778445684258825,0.1565375354347958,72.2527629466105,2,1
7B_WT,271828,197,HIS,-65.47891268673396,-44.54730844492721,2.6273;-1.7640;-0.1967,5.6215423150590995,5.581420786860635,False,False,0.15504622966500506,0.25555038642115296,40.42580809937556,2,2
7B_WT,271828,198,ILE,57.13950447537415,167.00296666427005,0.9730;1.2535;-1.8042,7.961865924517945,8.018517693439355,False,False,0.23182860047888806,0.2722462120948616,69.58926179003481,1,1
7B_WT,271828,199,GLY,,,,6.565968397730833,6.612559338108052,False,False,0.0,0.0,15.081372613190478,1,1
7B_WT,271828,200,ASP,-158.51880383240416,27.516310726069907,-1.2475;0.0300;2.1915,3.5216197977635235,3.5884594187478283,True,True,0.30723565873771885,0.4823618973343563,34.01500540812093,1,3
7B_WT,271828,201,GLY,,,,3.402889654396687,3.4754300453325198,True,True,0.0,0.0,25.49400474892708,1,1
7B_WT,271828,202,CYS,175.4229473968232,,-0.6365;1.6735;-0.9910,5.501731363852656,5.546342037775888,False,False,0.002236067977498749,0.0031622776601669075,11.816315368314608,1,2
7B_WT,271828,203,CYS,-62.13265308248275,,0.0865;-1.9120;0.6910,3.4421490380284236,3.5183209063415473,True,True,0.23555360324138513,0.3331231003698179,17.786323157839462,1,2
7B_WT,271828,204,LEU,-66.09304788021592,176.68333313044494,1.5047;2.1285;0.2125,6.627402884991978,6.667169864342741,False,False,0.1617111622616078,0.29946285245418974,0.0,1,1
7B_WT,271828,205,THR,63.65968645254459,,1.8177;-0.6230;-0.3273,3.4099536653743554,3.4284085229155523,True,True,0.0025166114784236,0.003162277660168874,36.419855314535745,2,2
7B_WT,271828,206,ARG,-166.38602744732503,165.52117799985209,-0.2394;-1.2116;4.0577,3.231533382157764,3.258553360005019,True,True,0.06111230879057241,0.09680392554023716,38.16323307026019,4,1
7B_WT,271828,207,GLU,-57.038118565981954,-171.34607665195682,1.2132;-1.7032;-2.5448,3.1681409375215623,3.109817679543288,True,True,0.3900789663645041,0.5462233975215639,30.94861462867644,1,3
7B_WT,271828,208,THR,-49.66115999128745,,-0.0333;1.2580;1.4900,5.46344918526749,5.373397993821041,False,False,0.15179701358502823,0.19088740136530694,0.0,2,2
7B_WT,271828,209,TRP,70.77216659663817,89.3824331008734,2.5327;0.5542;-2.9872,7.364058256151971,7.322567104506452,False,False,0.0,0.0,35.636705353381025,2,1
7B_WT,271828,210,LYS,-63.59529035192367,-175.35213443373277,2.8746;-0.4638;-2.5024,6.579377022180747,6.518277763335956,False,False,0.0,0.0,85.47782736565702,2,1
7B_WT,161803,190,VAL,169.38099512260882,,0.9337;1.2177;-1.2413,11.831355163293848,11.894716894487235,False,False,0.0,0.0,1.7805369063301848,1,1
7B_WT,161803,191,PHE,-65.46195612286809,-52.20344240227585,-0.0123;3.1027;-1.4879,10.33832795958805,10.349301184137989,False,False,0.0,0.0,71.59654314613783,1,1
7B_WT,161803,192,GLU,-177.08745296174877,175.95383624194068,-1.7436;-2.8208;-0.3644,4.494620562405685,4.695955493826576,False,False,0.1397991416282665,0.23875719884434973,24.59439005761756,1,3
7B_WT,161803,193,PRO,-25.653605273050395,,0.7777;-0.2950;-1.6673,6.494703765376832,6.514728774093362,False,False,0.0,0.0,44.86052937656812,0,1
7B_WT,161803,194,THR,-52.397011580742266,,1.1337;1.4683;-0.5910,8.302578515136128,8.370508825633003,False,False,0.0,0.0,14.988970519266767,2,2
7B_WT,161803,195,TRP,-166.55178851043294,-91.31286517532178,-2.9478;2.1397;-1.0491,7.214208827030168,7.275481221197674,False,False,0.0,0.0,45.19696449733646,2,1
7B_WT,161803,196,LYS,-76.76681386561326,170.55142917585766,0.0944;-3.2664;-1.9348,3.0718103782623034,3.0429868550488353,True,True,0.09778445684258825,0.1565375354347958,72.2527629466105,2,1
7B_WT,161803,197,HIS,-65.47891268673396,-44.54730844492721,2.6273;-1.7640;-0.1967,5.6215423150590995,5.581420786860635,False,False,0.15504622966500506,0.25555038642115296,40.42580809937556,2,2
7B_WT,161803,198,ILE,57.13950447537415,167.00296666427005,0.9730;1.2535;-1.8042,7.961865924517945,8.018517693439355,False,False,0.23182860047888806,0.2722462120948616,69.58926179003481,1,1
7B_WT,161803,199,GLY,,,,6.565968397730833,6.612559338108052,False,False,0.0,0.0,15.081372613190478,1,1
7B_WT,161803,200,ASP,-158.51880383240416,27.516310726069907,-1.2475;0.0300;2.1915,3.5216197977635235,3.5884594187478283,True,True,0.30723565873771885,0.4823618973343563,34.01500540812093,1,3
7B_WT,161803,201,GLY,,,,3.402889654396687,3.4754300453325198,True,True,0.0,0.0,25.49400474892708,1,1
7B_WT,161803,202,CYS,175.4229473968232,,-0.6365;1.6735;-0.9910,5.501731363852656,5.546342037775888,False,False,0.002236067977498749,0.0031622776601669075,11.816315368314608,1,2
7B_WT,161803,203,CYS,-62.13265308248275,,0.0865;-1.9120;0.6910,3.4421490380284236,3.5183209063415473,True,True,0.23555360324138513,0.3331231003698179,17.786323157839462,1,2
7B_WT,161803,204,LEU,-66.09304788021592,176.68333313044494,1.5047;2.1285;0.2125,6.627402884991978,6.667169864342741,False,False,0.1617111622616078,0.29946285245418974,0.0,1,1
7B_WT,161803,205,THR,63.65968645254459,,1.8177;-0.6230;-0.3273,3.4099536653743554,3.4284085229155523,True,True,0.0025166114784236,0.003162277660168874,36.419855314535745,2,2
7B_WT,161803,206,ARG,-166.38602744732503,165.52117799985209,-0.2394;-1.2116;4.0577,3.231533382157764,3.258553360005019,True,True,0.06111230879057241,0.09680392554023716,38.16323307026019,4,1
7B_WT,161803,207,GLU,-57.038118565981954,-171.34607665195682,1.2132;-1.7032;-2.5448,3.1681409375215623,3.109817679543288,True,True,0.3900789663645041,0.5462233975215639,30.94861462867644,1,3
7B_WT,161803,208,THR,-49.66115999128745,,-0.0333;1.2580;1.4900,5.46344918526749,5.373397993821041,False,False,0.15179701358502823,0.19088740136530694,0.0,2,2
7B_WT,161803,209,TRP,70.77216659663817,89.3824331008734,2.5327;0.5542;-2.9872,7.364058256151971,7.322567104506452,False,False,0.0,0.0,35.636705353381025,2,1
7B_WT,161803,210,LYS,-63.59529035192367,-175.35213443373277,2.8746;-0.4638;-2.5024,6.579377022180747,6.518277763335956,False,False,0.0,0.0,85.47782736565702,2,1
7B_C203N,314159,190,VAL,169.38099512260882,,0.9337;1.2177;-1.2413,11.831355163293848,12.015502694436051,False,False,0.0,0.0,1.7805369063301848,1,1
7B_C203N,314159,191,PHE,-65.46195612286809,-52.20344240227585,-0.0123;3.1027;-1.4879,10.33832795958805,10.39340531298573,False,False,0.0,0.0,71.59654314613783,1,1
7B_C203N,314159,192,GLU,-177.08745296174877,175.95383624194068,-1.7436;-2.8208;-0.3644,4.494620562405685,4.608826965725661,False,False,0.1619864191838318,0.2512309694285325,23.75731269506856,1,3
7B_C203N,314159,193,PRO,-25.653605273050395,,0.7777;-0.2950;-1.6673,6.494703765376832,6.605628054924074,False,False,0.0,0.0,44.86052937656812,0,1
7B_C203N,314159,194,THR,-52.397011580742266,,1.1337;1.4683;-0.5910,8.302578515136128,8.638248722976202,False,False,0.0,0.0,14.988970519266767,2,2
7B_C203N,314159,195,TRP,-166.55178851043294,-91.31286517532178,-2.9478;2.1397;-1.0491,7.214208827030168,7.554679410802288,False,False,0.0,0.0,45.19696449733646,2,1
7B_C203N,314159,196,LYS,-76.76681386561326,170.55142917585766,0.0944;-3.2664;-1.9348,3.0718103782623034,3.0446426719731825,True,True,0.14724061939560026,0.2758894706218419,69.60057152358775,2,1
7B_C203N,314159,197,HIS,-65.47891268673396,-44.54730844492721,2.6273;-1.7640;-0.1967,5.6215423150590995,5.704116145381333,False,False,0.36870494074982746,0.5804007236384198,40.42580809937556,2,2
7B_C203N,314159,198,ILE,57.13950447537415,167.00296666427005,0.9730;1.2535;-1.8042,7.961865924517945,8.231119668672058,False,False,0.3653371730333497,0.43849173310337347,69.58926179003481,1,1
7B_C203N,314159,199,GLY,,,,6.565968397730833,6.879401136726947,False,False,0.0,0.0,15.081372613190478,1,1
7B_C203N,314159,200,ASP,-158.51880383240416,27.516310726069907,-1.2475;0.0300;2.1915,3.5216197977635235,3.692462186671652,True,True,0.8307201694915084,1.2843979134209151,34.01500540812093,1,3
7B_C203N,314159,201,GLY,,,,3.402889654396687,3.7534338944491887,True,True,0.0,0.0,25.49400474892708,1,1
7B_C203N,314159,202,CYS,175.4229473968232,,-0.6365;1.6735;-0.9910,5.501731363852656,5.7417326653197645,False,False,0.020161845153657,0.02851315485876799,11.816315368314608,1,2
7B_C203N,314159,203,ASN,-66.86595867963206,9.594708492358803,0.4290;-2.3010;0.9810,2.643079453970312,2.966923490756039,True,True,0.37053474870786457,0.5834800767806907,31.775089116019583,2,2
7B_C203N,314159,204,LEU,-66.09304788021592,176.68333313044494,1.5047;2.1285;0.2125,6.627402884991978,7.384105633047241,False,False,0.0950565621090939,0.17526551286548053,0.0,1,1
7B_C203N,314159,205,THR,63.65968645254459,,1.8177;-0.6230;-0.3273,3.4099536653743554,3.622565527357649,True,True,0.05554277630799479,0.07058328414008432,36.419855314535745,2,2
7B_C203N,314159,206,ARG,-166.38602744732503,165.52117799985209,-0.2394;-1.2116;4.0577,3.231533382157764,3.4838761459041563,True,True,0.40577087130546946,0.6804799776628251,32.182671492914686,4,1
7B_C203N,314159,207,GLU,-57.038118565981954,-171.34607665195682,1.2132;-1.7032;-2.5448,3.1681409375215623,3.178177779797725,True,True,0.47862030880438006,0.6108600494384947,30.94861462867644,1,3
7B_C203N,314159,208,THR,-49.66115999128745,,-0.0333;1.2580;1.4900,5.46344918526749,5.3043727244604515,False,False,0.06464260720814587,0.08136952746575288,0.0,2,2
7B_C203N,314159,209,TRP,70.77216659663817,89.3824331008734,2.5327;0.5542;-2.9872,7.364058256151971,7.298092970084718,False,False,0.0,0.0,35.636705353381025,2,1
7B_C203N,314159,210,LYS,-63.59529035192367,-175.35213443373277,2.8746;-0.4638;-2.5024,6.579377022180747,6.353536102045851,False,False,0.0,0.0,85.47782736565702,2,1
7B_C203N,271828,190,VAL,169.38099512260882,,0.9337;1.2177;-1.2413,11.831355163293848,12.015502694436051,False,False,0.0,0.0,1.7805369063301848,1,1
7B_C203N,271828,191,PHE,-65.46195612286809,-52.20344240227585,-0.0123;3.1027;-1.4879,10.33832795958805,10.39340531298573,False,False,0.0,0.0,71.59654314613783,1,1
7B_C203N,271828,192,GLU,-177.08745296174877,175.95383624194068,-1.7436;-2.8208;-0.3644,4.494620562405685,4.608826965725661,False,False,0.1619864191838318,0.2512309694285325,23.75731269506856,1,3
7B_C203N,271828,193,PRO,-25.653605273050395,,0.7777;-0.2950;-1.6673,6.494703765376832,6.605628054924074,False,False,0.0,0.0,44.86052937656812,0,1
7B_C203N,271828,194,THR,-52.397011580742266,,1.1337;1.4683;-0.5910,8.302578515136128,8.638248722976202,False,False,0.0,0.0,14.988970519266767,2,2
7B_C203N,271828,195,TRP,-166.55178851043294,-91.31286517532178,-2.9478;2.1397;-1.0491,7.214208827030168,7.554679410802288,False,False,0.0,0.0,45.19696449733646,2,1
7B_C203N,271828,196,LYS,-76.76681386561326,170.55142917585766,0.0944;-3.2664;-1.9348,3.0718103782623034,3.0446426719731825,True,True,0.14724061939560026,0.2758894706218419,69.60057152358775,2,1
7B_C203N,271828,197,HIS,-65.47891268673396,-44.54730844492721,2.6273;-1.7640;-0.1967,5.6215423150590995,5.704116145381333,False,False,0.36870494074982746,0.5804007236384198,40.42580809937556,2,2
7B_C203N,271828,198,ILE,57.13950447537415,167.00296666427005,0.9730;1.2535;-1.8042,7.961865924517945,8.231119668672058,False,False,0.3653371730333497,0.43849173310337347,69.58926179003481,1,1
7B_C203N,271828,199,GLY,,,,6.565968397730833,6.879401136726947,False,False,0.0,0.0,15.081372613190478,1,1
7B_C203N,271828,200,ASP,-158.51880383240416,27.516310726069907,-1.2475;0.0300;2.1915,3.5216197977635235,3.692462186671652,True,True,0.8307201694915084,1.2843979134209151,34.01500540812093,1,3
7B_C203N,271828,201,GLY,,,,3.402889654396687,3.7534338944491887,True,True,0.0,0.0,25.49400474892708,1,1
7B_C203N,271828,202,CYS,175.4229473968232,,-0.6365;1.6735;-0.9910,5.501731363852656,5.7417326653197645,False,False,0.020161845153657,0.02851315485876799,11.816315368314608,1,2
7B_C203N,271828,203,ASN,-66.86595867963206,9.594708492358803,0.4290;-2.3010;0.9810,2.643079453970312,2.966923490756039,True,True,0.37053474870786457,0.5834800767806907,31.775089116019583,2,2
7B_C203N,271828,204,LEU,-66.09304788021592,176.68333313044494,1.5047;2.1285;0.2125,6.627402884991978,7.384105633047241,False,False,0.0950565621090939,0.17526551286548053,0.0,1,1
7B_C203N,271828,205,THR,63.65968645254459,,1.8177;-0.6230;-0.3273,3.4099536653743554,3.622565527357649,True,True,0.05554277630799479,0.07058328414008432,36.419855314535745,2,2
7B_C203N,271828,206,ARG,-166.38602744732503,165.52117799985209,-0.2394;-1.2116;4.0577,3.231533382157764,3.4838761459041563,True,True,0.40577087130546946,0.6804799776628251,32.182671492914686,4,1
7B_C203N,271828,207,GLU,-57.038118565981954,-171.34607665195682,1.2132;-1.7032;-2.5448,3.1681409375215623,3.178177779797725,True,True,0.47862030880438006,0.6108600494384947,30.94861462867644,1,3
7B_C203N,271828,208,THR,-49.66115999128745,,-0.0333;1.2580;1.4900,5.46344918526749,5.3043727244604515,False,False,0.06464260720814587,0.08136952746575288,0.0,2,2
7B_C203N,271828,209,TRP,70.77216659663817,89.3824331008734,2.5327;0.5542;-2.9872,7.364058256151971,7.298092970084718,False,False,0.0,0.0,35.636705353381025,2,1
7B_C203N,271828,210,LYS,-63.59529035192367,-175.35213443373277,2.8746;-0.4638;-2.5024,6.579377022180747,6.353536102045851,False,False,0.0,0.0,85.47782736565702,2,1
7B_C203N,161803,190,VAL,169.38099512260882,,0.9337;1.2177;-1.2413,11.831355163293848,12.015502694436051,False,False,0.0,0.0,1.7805369063301848,1,1
7B_C203N,161803,191,PHE,-65.46195612286809,-52.20344240227585,-0.0123;3.1027;-1.4879,10.33832795958805,10.39340531298573,False,False,0.0,0.0,71.59654314613783,1,1
7B_C203N,161803,192,GLU,-177.08745296174877,175.95383624194068,-1.7436;-2.8208;-0.3644,4.494620562405685,4.608826965725661,False,False,0.1619864191838318,0.2512309694285325,23.75731269506856,1,3
7B_C203N,161803,193,PRO,-25.653605273050395,,0.7777;-0.2950;-1.6673,6.494703765376832,6.605628054924074,False,False,0.0,0.0,44.86052937656812,0,1
7B_C203N,161803,194,THR,-52.397011580742266,,1.1337;1.4683;-0.5910,8.302578515136128,8.638248722976202,False,False,0.0,0.0,14.988970519266767,2,2
7B_C203N,161803,195,TRP,-166.55178851043294,-91.31286517532178,-2.9478;2.1397;-1.0491,7.214208827030168,7.554679410802288,False,False,0.0,0.0,45.19696449733646,2,1
7B_C203N,161803,196,LYS,-76.76681386561326,170.55142917585766,0.0944;-3.2664;-1.9348,3.0718103782623034,3.0446426719731825,True,True,0.14724061939560026,0.2758894706218419,69.60057152358775,2,1
7B_C203N,161803,197,HIS,-65.47891268673396,-44.54730844492721,2.6273;-1.7640;-0.1967,5.6215423150590995,5.704116145381333,False,False,0.36870494074982746,0.5804007236384198,40.42580809937556,2,2
7B_C203N,161803,198,ILE,57.13950447537415,167.00296666427005,0.9730;1.2535;-1.8042,7.961865924517945,8.231119668672058,False,False,0.3653371730333497,0.43849173310337347,69.58926179003481,1,1
7B_C203N,161803,199,GLY,,,,6.565968397730833,6.879401136726947,False,False,0.0,0.0,15.081372613190478,1,1
7B_C203N,161803,200,ASP,-158.51880383240416,27.516310726069907,-1.2475;0.0300;2.1915,3.5216197977635235,3.692462186671652,True,True,0.8307201694915084,1.2843979134209151,34.01500540812093,1,3
7B_C203N,161803,201,GLY,,,,3.402889654396687,3.7534338944491887,True,True,0.0,0.0,25.49400474892708,1,1
7B_C203N,161803,202,CYS,175.4229473968232,,-0.6365;1.6735;-0.9910,5.501731363852656,5.7417326653197645,False,False,0.020161845153657,0.02851315485876799,11.816315368314608,1,2
7B_C203N,161803,203,ASN,-66.86595867963206,9.594708492358803,0.4290;-2.3010;0.9810,2.643079453970312,2.966923490756039,True,True,0.37053474870786457,0.5834800767806907,31.775089116019583,2,2
7B_C203N,161803,204,LEU,-66.09304788021592,176.68333313044494,1.5047;2.1285;0.2125,6.627402884991978,7.384105633047241,False,False,0.0950565621090939,0.17526551286548053,0.0,1,1
7B_C203N,161803,205,THR,63.65968645254459,,1.8177;-0.6230;-0.3273,3.4099536653743554,3.622565527357649,True,True,0.05554277630799479,0.07058328414008432,36.419855314535745,2,2
7B_C203N,161803,206,ARG,-166.38602744732503,165.52117799985209,-0.2394;-1.2116;4.0577,3.231533382157764,3.4838761459041563,True,True,0.40577087130546946,0.6804799776628251,32.182671492914686,4,1
7B_C203N,161803,207,GLU,-57.038118565981954,-171.34607665195682,1.2132;-1.7032;-2.5448,3.1681409375215623,3.178177779797725,True,True,0.47862030880438006,0.6108600494384947,30.94861462867644,1,3
7B_C203N,161803,208,THR,-49.66115999128745,,-0.0333;1.2580;1.4900,5.46344918526749,5.3043727244604515,False,False,0.06464260720814587,0.08136952746575288,0.0,2,2
7B_C203N,161803,209,TRP,70.77216659663817,89.3824331008734,2.5327;0.5542;-2.9872,7.364058256151971,7.298092970084718,False,False,0.0,0.0,35.636705353381025,2,1
7B_C203N,161803,210,LYS,-63.59529035192367,-175.35213443373277,2.8746;-0.4638;-2.5024,6.579377022180747,6.353536102045851,False,False,0.0,0.0,85.47782736565702,2,1
7B_RECIP_196_199,314159,190,VAL,169.38099512260882,,0.9337;1.2177;-1.2413,11.831355163293848,11.874049940942644,False,False,0.0,0.0,1.7805369063301848,1,1
7B_RECIP_196_199,314159,191,PHE,-65.46195612286809,-52.20344240227585,-0.0123;3.1027;-1.4879,10.33832795958805,10.592429277554794,False,False,0.0,0.0,71.59654314613783,1,1
7B_RECIP_196_199,314159,192,GLU,-177.08745296174877,175.95383624194068,-1.7436;-2.8208;-0.3644,4.494620562405685,4.7844000668840385,False,False,0.23839546975561496,0.315627945530811,35.476395770754564,1,3
7B_RECIP_196_199,314159,193,PRO,-25.653605273050395,,0.7777;-0.2950;-1.6673,6.494703765376832,6.764659784497665,False,False,0.0,0.0,51.55714827696012,0,1
7B_RECIP_196_199,314159,194,THR,-52.397011580742266,,1.1337;1.4683;-0.5910,8.302578515136128,8.508249937560603,False,False,0.0,0.0,13.102051431704398,2,2
7B_RECIP_196_199,314159,195,TRP,-166.55178851043294,-91.31286517532178,-2.9478;2.1397;-1.0491,7.214208827030168,7.3991379227583,False,False,0.0,0.0,24.440854534150397,2,1
7B_RECIP_196_199,314159,196,HIS,-60.008997001978315,0.004565640308459365,-0.1733;-2.2197;-2.2302,3.772131227833942,3.7432559356795254,True,True,0.5716782311755448,0.9440529646158626,53.65418100818539,2,2
7B_RECIP_196_199,314159,197,LEU,-167.59494705460563,64.04064279530178,2.4132;0.1342;0.9837,5.661477369026568,5.724704708541741,False,False,1.4118126646265787,1.9805360385511799,12.069498283762815,1,1
7B_RECIP_196_199,314159,198,LEU,-68.26479318481725,172.15308318619063,1.9340;1.6210;-0.7897,7.961865924517945,8.127693522765238,False,False,0.32682793638243335,0.5535350034099016,66.45371670230318,1,1
7B_RECIP_196_199,314159,199,PHE,60.01563277324854,-60.008469018644355,0.0514;3.1387;-1.2593,6.565968397730833,6.660540893951482,False,False,0.9590740325960245,1.6209904379730316,43.59792328909038,1,1
7B_RECIP_196_199,314159,200,ASP,-158.51880383240416,27.516310726069907,-1.2475;0.0300;2.1915,3.5216197977635235,3.6047625441906717,True,True,0.7368013640052519,1.1068306103464978,34.01500540812093,1,3
7B_RECIP_196_199,314159,201,GLY,,,,3.402889654396687,3.368768469337126,True,True,0.0,0.0,25.49400474892708,1,1
7B_RECIP_196_199,314159,202,CYS,175.4229473968232,,-0.6365;1.6735;-0.9910,5.501731363852656,5.527556150777666,False,False,0.09759610647971571,0.13802173741842266,11.816315368314608,1,2
7B_RECIP_196_199,314159,203,CYS,-62.13265308248275,,0.0865;-1.9120;0.6910,3.4421490380284236,3.573075565951551,True,True,0.061135096303187114,0.08645808232895248,22.81287140358313,1,2
7B_RECIP_196_199,314159,204,LEU,-66.09304788021592,176.68333313044494,1.5047;2.1285;0.2125,6.627402884991978,6.473116869020673,False,False,0.03797696670351662,0.06745368781616042,0.0,1,1
7B_RECIP_196_199,314159,205,THR,63.65968645254459,,1.8177;-0.6230;-0.3273,3.4099536653743554,3.393015472997433,True,True,0.014422205101855682,0.01838477631085029,36.419855314535745,2,2
7B_RECIP_196_199,314159,206,ARG,-166.38602744732503,165.52117799985209,-0.2394;-1.2116;4.0577,3.231533382157764,3.2403077014382444,True,True,0.08955604789340438,0.1343167897174442,38.16323307026019,4,1
7B_RECIP_196_199,314159,207,GLU,-57.038118565981954,-171.34607665195682,1.2132;-1.7032;-2.5448,3.1681409375215623,3.133666223451375,True,True,0.3310827691076659,0.3914664736602617,30.94861462867644,1,3
7B_RECIP_196_199,314159,208,THR,-49.66115999128745,,-0.0333;1.2580;1.4900,5.46344918526749,5.416413388950294,False,False,0.014259499757471851,0.018220867158289054,0.0,2,2
7B_RECIP_196_199,314159,209,TRP,70.77216659663817,89.3824331008734,2.5327;0.5542;-2.9872,7.364058256151971,7.377749318050865,False,False,0.0,0.0,35.636705353381025,2,1
7B_RECIP_196_199,314159,210,LYS,-63.59529035192367,-175.35213443373277,2.8746;-0.4638;-2.5024,6.579377022180747,6.623875678181165,False,False,0.0,0.0,85.47782736565702,2,1
7B_RECIP_196_199,271828,190,VAL,169.38099512260882,,0.9337;1.2177;-1.2413,11.831355163293848,11.874049940942644,False,False,0.0,0.0,1.7805369063301848,1,1
7B_RECIP_196_199,271828,191,PHE,-65.46195612286809,-52.20344240227585,-0.0123;3.1027;-1.4879,10.33832795958805,10.592429277554794,False,False,0.0,0.0,71.59654314613783,1,1
7B_RECIP_196_199,271828,192,GLU,-177.08745296174877,175.95383624194068,-1.7436;-2.8208;-0.3644,4.494620562405685,4.7844000668840385,False,False,0.23839546975561496,0.315627945530811,35.476395770754564,1,3
7B_RECIP_196_199,271828,193,PRO,-25.653605273050395,,0.7777;-0.2950;-1.6673,6.494703765376832,6.764659784497665,False,False,0.0,0.0,51.55714827696012,0,1
7B_RECIP_196_199,271828,194,THR,-52.397011580742266,,1.1337;1.4683;-0.5910,8.302578515136128,8.508249937560603,False,False,0.0,0.0,13.102051431704398,2,2
7B_RECIP_196_199,271828,195,TRP,-166.55178851043294,-91.31286517532178,-2.9478;2.1397;-1.0491,7.214208827030168,7.3991379227583,False,False,0.0,0.0,24.440854534150397,2,1
7B_RECIP_196_199,271828,196,HIS,-60.008997001978315,0.004565640308459365,-0.1733;-2.2197;-2.2302,3.772131227833942,3.7432559356795254,True,True,0.5716782311755448,0.9440529646158626,53.65418100818539,2,2
7B_RECIP_196_199,271828,197,LEU,-167.59494705460563,64.04064279530178,2.4132;0.1342;0.9837,5.661477369026568,5.724704708541741,False,False,1.4118126646265787,1.9805360385511799,12.069498283762815,1,1
7B_RECIP_196_199,271828,198,LEU,-68.26479318481725,172.15308318619063,1.9340;1.6210;-0.7897,7.961865924517945,8.127693522765238,False,False,0.32682793638243335,0.5535350034099016,66.45371670230318,1,1
7B_RECIP_196_199,271828,199,PHE,60.01563277324854,-60.008469018644355,0.0514;3.1387;-1.2593,6.565968397730833,6.660540893951482,False,False,0.9590740325960245,1.6209904379730316,43.59792328909038,1,1
7B_RECIP_196_199,271828,200,ASP,-158.51880383240416,27.516310726069907,-1.2475;0.0300;2.1915,3.5216197977635235,3.6047625441906717,True,True,0.7368013640052519,1.1068306103464978,34.01500540812093,1,3
7B_RECIP_196_199,271828,201,GLY,,,,3.402889654396687,3.368768469337126,True,True,0.0,0.0,25.49400474892708,1,1
7B_RECIP_196_199,271828,202,CYS,175.4229473968232,,-0.6365;1.6735;-0.9910,5.501731363852656,5.527556150777666,False,False,0.09759610647971571,0.13802173741842266,11.816315368314608,1,2
7B_RECIP_196_199,271828,203,CYS,-62.13265308248275,,0.0865;-1.9120;0.6910,3.4421490380284236,3.573075565951551,True,True,0.061135096303187114,0.08645808232895248,22.81287140358313,1,2
7B_RECIP_196_199,271828,204,LEU,-66.09304788021592,176.68333313044494,1.5047;2.1285;0.2125,6.627402884991978,6.473116869020673,False,False,0.03797696670351662,0.06745368781616042,0.0,1,1
7B_RECIP_196_199,271828,205,THR,63.65968645254459,,1.8177;-0.6230;-0.3273,3.4099536653743554,3.393015472997433,True,True,0.014422205101855682,0.01838477631085029,36.419855314535745,2,2
7B_RECIP_196_199,271828,206,ARG,-166.38602744732503,165.52117799985209,-0.2394;-1.2116;4.0577,3.231533382157764,3.2403077014382444,True,True,0.08955604789340438,0.1343167897174442,38.16323307026019,4,1
7B_RECIP_196_199,271828,207,GLU,-57.038118565981954,-171.34607665195682,1.2132;-1.7032;-2.5448,3.1681409375215623,3.133666223451375,True,True,0.3310827691076659,0.3914664736602617,30.94861462867644,1,3
7B_RECIP_196_199,271828,208,THR,-49.66115999128745,,-0.0333;1.2580;1.4900,5.46344918526749,5.416413388950294,False,False,0.014259499757471851,0.018220867158289054,0.0,2,2
7B_RECIP_196_199,271828,209,TRP,70.77216659663817,89.3824331008734,2.5327;0.5542;-2.9872,7.364058256151971,7.377749318050865,False,False,0.0,0.0,35.636705353381025,2,1
7B_RECIP_196_199,271828,210,LYS,-63.59529035192367,-175.35213443373277,2.8746;-0.4638;-2.5024,6.579377022180747,6.623875678181165,False,False,0.0,0.0,85.47782736565702,2,1
7B_RECIP_196_199,161803,190,VAL,169.38099512260882,,0.9337;1.2177;-1.2413,11.831355163293848,11.874049940942644,False,False,0.0,0.0,1.7805369063301848,1,1
7B_RECIP_196_199,161803,191,PHE,-65.46195612286809,-52.20344240227585,-0.0123;3.1027;-1.4879,10.33832795958805,10.592429277554794,False,False,0.0,0.0,71.59654314613783,1,1
7B_RECIP_196_199,161803,192,GLU,-177.08745296174877,175.95383624194068,-1.7436;-2.8208;-0.3644,4.494620562405685,4.7844000668840385,False,False,0.23839546975561496,0.315627945530811,35.476395770754564,1,3
7B_RECIP_196_199,161803,193,PRO,-25.653605273050395,,0.7777;-0.2950;-1.6673,6.494703765376832,6.764659784497665,False,False,0.0,0.0,51.55714827696012,0,1
7B_RECIP_196_199,161803,194,THR,-52.397011580742266,,1.1337;1.4683;-0.5910,8.302578515136128,8.508249937560603,False,False,0.0,0.0,13.102051431704398,2,2
7B_RECIP_196_199,161803,195,TRP,-166.55178851043294,-91.31286517532178,-2.9478;2.1397;-1.0491,7.214208827030168,7.3991379227583,False,False,0.0,0.0,24.440854534150397,2,1
7B_RECIP_196_199,161803,196,HIS,-60.008997001978315,0.004565640308459365,-0.1733;-2.2197;-2.2302,3.772131227833942,3.7432559356795254,True,True,0.5716782311755448,0.9440529646158626,53.65418100818539,2,2
7B_RECIP_196_199,161803,197,LEU,-167.59494705460563,64.04064279530178,2.4132;0.1342;0.9837,5.661477369026568,5.724704708541741,False,False,1.4118126646265787,1.9805360385511799,12.069498283762815,1,1
7B_RECIP_196_199,161803,198,LEU,-68.26479318481725,172.15308318619063,1.9340;1.6210;-0.7897,7.961865924517945,8.127693522765238,False,False,0.32682793638243335,0.5535350034099016,66.45371670230318,1,1
7B_RECIP_196_199,161803,199,PHE,60.01563277324854,-60.008469018644355,0.0514;3.1387;-1.2593,6.565968397730833,6.660540893951482,False,False,0.9590740325960245,1.6209904379730316,43.59792328909038,1,1
7B_RECIP_196_199,161803,200,ASP,-158.51880383240416,27.516310726069907,-1.2475;0.0300;2.1915,3.5216197977635235,3.6047625441906717,True,True,0.7368013640052519,1.1068306103464978,34.01500540812093,1,3
7B_RECIP_196_199,161803,201,GLY,,,,3.402889654396687,3.368768469337126,True,True,0.0,0.0,25.49400474892708,1,1
7B_RECIP_196_199,161803,202,CYS,175.4229473968232,,-0.6365;1.6735;-0.9910,5.501731363852656,5.527556150777666,False,False,0.09759610647971571,0.13802173741842266,11.816315368314608,1,2
7B_RECIP_196_199,161803,203,CYS,-62.13265308248275,,0.0865;-1.9120;0.6910,3.4421490380284236,3.573075565951551,True,True,0.061135096303187114,0.08645808232895248,22.81287140358313,1,2
7B_RECIP_196_199,161803,204,LEU,-66.09304788021592,176.68333313044494,1.5047;2.1285;0.2125,6.627402884991978,6.473116869020673,False,False,0.03797696670351662,0.06745368781616042,0.0,1,1
7B_RECIP_196_199,161803,205,THR,63.65968645254459,,1.8177;-0.6230;-0.3273,3.4099536653743554,3.393015472997433,True,True,0.014422205101855682,0.01838477631085029,36.419855314535745,2,2
7B_RECIP_196_199,161803,206,ARG,-166.38602744732503,165.52117799985209,-0.2394;-1.2116;4.0577,3.231533382157764,3.2403077014382444,True,True,0.08955604789340438,0.1343167897174442,38.16323307026019,4,1
7B_RECIP_196_199,161803,207,GLU,-57.038118565981954,-171.34607665195682,1.2132;-1.7032;-2.5448,3.1681409375215623,3.133666223451375,True,True,0.3310827691076659,0.3914664736602617,30.94861462867644,1,3
7B_RECIP_196_199,161803,208,THR,-49.66115999128745,,-0.0333;1.2580;1.4900,5.46344918526749,5.416413388950294,False,False,0.014259499757471851,0.018220867158289054,0.0,2,2
7B_RECIP_196_199,161803,209,TRP,70.77216659663817,89.3824331008734,2.5327;0.5542;-2.9872,7.364058256151971,7.377749318050865,False,False,0.0,0.0,35.636705353381025,2,1
7B_RECIP_196_199,161803,210,LYS,-63.59529035192367,-175.35213443373277,2.8746;-0.4638;-2.5024,6.579377022180747,6.623875678181165,False,False,0.0,0.0,85.47782736565702,2,1
7B_RECIP_196_199_C203N,314159,190,VAL,169.38099512260882,,0.9337;1.2177;-1.2413,11.831355163293848,12.24977452853725,False,False,0.0,0.0,1.7805369063301848,1,1
7B_RECIP_196_199_C203N,314159,191,PHE,-65.46195612286809,-52.20344240227585,-0.0123;3.1027;-1.4879,10.33832795958805,10.65201455124804,False,False,0.0,0.0,71.59654314613783,1,1
7B_RECIP_196_199_C203N,314159,192,GLU,-177.08745296174877,175.95383624194068,-1.7436;-2.8208;-0.3644,4.494620562405685,5.301458384256165,False,False,0.25803991939233034,0.3258235718912923,34.63931840820556,1,3
7B_RECIP_196_199_C203N,314159,193,PRO,-25.653605273050395,,0.7777;-0.2950;-1.6673,6.494703765376832,6.849003285150329,False,False,0.0,0.0,51.55714827696012,0,1
7B_RECIP_196_199_C203N,314159,194,THR,-52.397011580742266,,1.1337;1.4683;-0.5910,8.302578515136128,8.944804860923464,False,False,0.0,0.0,13.102051431704398,2,2
7B_RECIP_196_199_C203N,314159,195,TRP,-166.55178851043294,-91.31286517532178,-2.9478;2.1397;-1.0491,7.214208827030168,7.6896050613799405,False,False,0.0,0.0,24.440854534150397,2,1
7B_RECIP_196_199_C203N,314159,196,HIS,-60.008997001978315,0.004565640308459365,-0.1733;-2.2197;-2.2302,3.772131227833942,3.979159333326576,True,True,0.34995571148361004,0.5757082594509125,52.799815068564605,2,2
7B_RECIP_196_199_C203N,314159,197,LEU,-167.59494705460563,64.04064279530178,2.4132;0.1342;0.9837,5.661477369026568,6.167127126953036,False,False,1.5085407684249037,2.1542360594883743,12.069498283762815,1,1
7B_RECIP_196_199_C203N,314159,198,LEU,-68.26479318481725,172.15308318619063,1.9340;1.6210;-0.7897,7.961865924517945,8.256053052155128,False,False,0.2900258609158848,0.4906169585328257,66.45371670230318,1,1
7B_RECIP_196_199_C203N,314159,199,PHE,60.01563277324854,-60.008469018644355,0.0514;3.1387;-1.2593,6.565968397730833,6.783181775538675,False,False,0.9122024368057156,1.5337059692131336,43.59792328909038,1,1
7B_RECIP_196_199_C203N,314159,200,ASP,-158.51880383240416,27.516310726069907,-1.2475;0.0300;2.1915,3.5216197977635235,3.4469525671236037,True,True,0.7986749964785427,1.2411373815980242,34.01500540812093,1,3
7B_RECIP_196_199_C203N,314159,201,GLY,,,,3.402889654396687,3.736311684000681,True,True,0.0,0.0,25.49400474892708,1,1
7B_RECIP_196_199_C203N,314159,202,CYS,175.4229473968232,,-0.6365;1.6735;-0.9910,5.501731363852656,5.937210877171199,False,False,0.09059801322324981,0.12812493902437688,11.816315368314608,1,2
7B_RECIP_196_199_C203N,314159,203,ASN,-66.86595867963206,9.594708492358803,0.4290;-2.3010;0.9810,2.643079453970312,3.1457870239417036,True,True,0.48196161672896753,0.8428837405004324,37.7383621162933,2,2
7B_RECIP_196_199_C203N,314159,204,LEU,-66.09304788021592,176.68333313044494,1.5047;2.1285;0.2125,6.627402884991978,7.332200624641965,False,False,0.14863209613000786,0.2752925716397002,0.0,1,1
7B_RECIP_196_199_C203N,314159,205,THR,63.65968645254459,,1.8177;-0.6230;-0.3273,3.4099536653743554,3.687216429774634,True,True,0.052351376931907286,0.06649060083951691,36.419855314535745,2,2
7B_RECIP_196_199_C203N,314159,206,ARG,-166.38602744732503,165.52117799985209,-0.2394;-1.2116;4.0577,3.231533382157764,3.3246377246250467,True,True,0.2674239544778505,0.4221622910682576,32.182671492914686,4,1
7B_RECIP_196_199_C203N,314159,207,GLU,-57.038118565981954,-171.34607665195682,1.2132;-1.7032;-2.5448,3.1681409375215623,3.167345102763511,True,True,0.3130747514572201,0.3877073638712584,30.94861462867644,1,3
7B_RECIP_196_199_C203N,314159,208,THR,-49.66115999128745,,-0.0333;1.2580;1.4900,5.46344918526749,5.25109360038459,False,False,0.15687149730485322,0.19794443664826727,0.0,2,2
7B_RECIP_196_199_C203N,314159,209,TRP,70.77216659663817,89.3824331008734,2.5327;0.5542;-2.9872,7.364058256151971,7.244314874437747,False,False,0.0,0.0,35.636705353381025,2,1
7B_RECIP_196_199_C203N,314159,210,LYS,-63.59529035192367,-175.35213443373277,2.8746;-0.4638;-2.5024,6.579377022180747,6.212265770232308,False,False,0.0,0.0,85.47782736565702,2,1
7B_RECIP_196_199_C203N,271828,190,VAL,169.38099512260882,,0.9337;1.2177;-1.2413,11.831355163293848,12.24977452853725,False,False,0.0,0.0,1.7805369063301848,1,1
7B_RECIP_196_199_C203N,271828,191,PHE,-65.46195612286809,-52.20344240227585,-0.0123;3.1027;-1.4879,10.33832795958805,10.65201455124804,False,False,0.0,0.0,71.59654314613783,1,1
7B_RECIP_196_199_C203N,271828,192,GLU,-177.08745296174877,175.95383624194068,-1.7436;-2.8208;-0.3644,4.494620562405685,5.301458384256165,False,False,0.25803991939233034,0.3258235718912923,34.63931840820556,1,3
7B_RECIP_196_199_C203N,271828,193,PRO,-25.653605273050395,,0.7777;-0.2950;-1.6673,6.494703765376832,6.849003285150329,False,False,0.0,0.0,51.55714827696012,0,1
7B_RECIP_196_199_C203N,271828,194,THR,-52.397011580742266,,1.1337;1.4683;-0.5910,8.302578515136128,8.944804860923464,False,False,0.0,0.0,13.102051431704398,2,2
7B_RECIP_196_199_C203N,271828,195,TRP,-166.55178851043294,-91.31286517532178,-2.9478;2.1397;-1.0491,7.214208827030168,7.6896050613799405,False,False,0.0,0.0,24.440854534150397,2,1
7B_RECIP_196_199_C203N,271828,196,HIS,-60.008997001978315,0.004565640308459365,-0.1733;-2.2197;-2.2302,3.772131227833942,3.979159333326576,True,True,0.34995571148361004,0.5757082594509125,52.799815068564605,2,2
7B_RECIP_196_199_C203N,271828,197,LEU,-167.59494705460563,64.04064279530178,2.4132;0.1342;0.9837,5.661477369026568,6.167127126953036,False,False,1.5085407684249037,2.1542360594883743,12.069498283762815,1,1
7B_RECIP_196_199_C203N,271828,198,LEU,-68.26479318481725,172.15308318619063,1.9340;1.6210;-0.7897,7.961865924517945,8.256053052155128,False,False,0.2900258609158848,0.4906169585328257,66.45371670230318,1,1
7B_RECIP_196_199_C203N,271828,199,PHE,60.01563277324854,-60.008469018644355,0.0514;3.1387;-1.2593,6.565968397730833,6.783181775538675,False,False,0.9122024368057156,1.5337059692131336,43.59792328909038,1,1
7B_RECIP_196_199_C203N,271828,200,ASP,-158.51880383240416,27.516310726069907,-1.2475;0.0300;2.1915,3.5216197977635235,3.4469525671236037,True,True,0.7986749964785427,1.2411373815980242,34.01500540812093,1,3
7B_RECIP_196_199_C203N,271828,201,GLY,,,,3.402889654396687,3.736311684000681,True,True,0.0,0.0,25.49400474892708,1,1
7B_RECIP_196_199_C203N,271828,202,CYS,175.4229473968232,,-0.6365;1.6735;-0.9910,5.501731363852656,5.937210877171199,False,False,0.09059801322324981,0.12812493902437688,11.816315368314608,1,2
7B_RECIP_196_199_C203N,271828,203,ASN,-66.86595867963206,9.594708492358803,0.4290;-2.3010;0.9810,2.643079453970312,3.1457870239417036,True,True,0.48196161672896753,0.8428837405004324,37.7383621162933,2,2
7B_RECIP_196_199_C203N,271828,204,LEU,-66.09304788021592,176.68333313044494,1.5047;2.1285;0.2125,6.627402884991978,7.332200624641965,False,False,0.14863209613000786,0.2752925716397002,0.0,1,1
7B_RECIP_196_199_C203N,271828,205,THR,63.65968645254459,,1.8177;-0.6230;-0.3273,3.4099536653743554,3.687216429774634,True,True,0.052351376931907286,0.06649060083951691,36.419855314535745,2,2
7B_RECIP_196_199_C203N,271828,206,ARG,-166.38602744732503,165.52117799985209,-0.2394;-1.2116;4.0577,3.231533382157764,3.3246377246250467,True,True,0.2674239544778505,0.4221622910682576,32.182671492914686,4,1
7B_RECIP_196_199_C203N,271828,207,GLU,-57.038118565981954,-171.34607665195682,1.2132;-1.7032;-2.5448,3.1681409375215623,3.167345102763511,True,True,0.3130747514572201,0.3877073638712584,30.94861462867644,1,3
7B_RECIP_196_199_C203N,271828,208,THR,-49.66115999128745,,-0.0333;1.2580;1.4900,5.46344918526749,5.25109360038459,False,False,0.15687149730485322,0.19794443664826727,0.0,2,2
7B_RECIP_196_199_C203N,271828,209,TRP,70.77216659663817,89.3824331008734,2.5327;0.5542;-2.9872,7.364058256151971,7.244314874437747,False,False,0.0,0.0,35.636705353381025,2,1
7B_RECIP_196_199_C203N,271828,210,LYS,-63.59529035192367,-175.35213443373277,2.8746;-0.4638;-2.5024,6.579377022180747,6.212265770232308,False,False,0.0,0.0,85.47782736565702,2,1
7B_RECIP_196_199_C203N,161803,190,VAL,169.38099512260882,,0.9337;1.2177;-1.2413,11.831355163293848,12.24977452853725,False,False,0.0,0.0,1.7805369063301848,1,1
7B_RECIP_196_199_C203N,161803,191,PHE,-65.46195612286809,-52.20344240227585,-0.0123;3.1027;-1.4879,10.33832795958805,10.65201455124804,False,False,0.0,0.0,71.59654314613783,1,1
7B_RECIP_196_199_C203N,161803,192,GLU,-177.08745296174877,175.95383624194068,-1.7436;-2.8208;-0.3644,4.494620562405685,5.301458384256165,False,False,0.25803991939233034,0.3258235718912923,34.63931840820556,1,3
7B_RECIP_196_199_C203N,161803,193,PRO,-25.653605273050395,,0.7777;-0.2950;-1.6673,6.494703765376832,6.849003285150329,False,False,0.0,0.0,51.55714827696012,0,1
7B_RECIP_196_199_C203N,161803,194,THR,-52.397011580742266,,1.1337;1.4683;-0.5910,8.302578515136128,8.944804860923464,False,False,0.0,0.0,13.102051431704398,2,2
7B_RECIP_196_199_C203N,161803,195,TRP,-166.55178851043294,-91.31286517532178,-2.9478;2.1397;-1.0491,7.214208827030168,7.6896050613799405,False,False,0.0,0.0,24.440854534150397,2,1
7B_RECIP_196_199_C203N,161803,196,HIS,-60.008997001978315,0.004565640308459365,-0.1733;-2.2197;-2.2302,3.772131227833942,3.979159333326576,True,True,0.34995571148361004,0.5757082594509125,52.799815068564605,2,2
7B_RECIP_196_199_C203N,161803,197,LEU,-167.59494705460563,64.04064279530178,2.4132;0.1342;0.9837,5.661477369026568,6.167127126953036,False,False,1.5085407684249037,2.1542360594883743,12.069498283762815,1,1
7B_RECIP_196_199_C203N,161803,198,LEU,-68.26479318481725,172.15308318619063,1.9340;1.6210;-0.7897,7.961865924517945,8.256053052155128,False,False,0.2900258609158848,0.4906169585328257,66.45371670230318,1,1
7B_RECIP_196_199_C203N,161803,199,PHE,60.01563277324854,-60.008469018644355,0.0514;3.1387;-1.2593,6.565968397730833,6.783181775538675,False,False,0.9122024368057156,1.5337059692131336,43.59792328909038,1,1
7B_RECIP_196_199_C203N,161803,200,ASP,-158.51880383240416,27.516310726069907,-1.2475;0.0300;2.1915,3.5216197977635235,3.4469525671236037,True,True,0.7986749964785427,1.2411373815980242,34.01500540812093,1,3
7B_RECIP_196_199_C203N,161803,201,GLY,,,,3.402889654396687,3.736311684000681,True,True,0.0,0.0,25.49400474892708,1,1
7B_RECIP_196_199_C203N,161803,202,CYS,175.4229473968232,,-0.6365;1.6735;-0.9910,5.501731363852656,5.937210877171199,False,False,0.09059801322324981,0.12812493902437688,11.816315368314608,1,2
7B_RECIP_196_199_C203N,161803,203,ASN,-66.86595867963206,9.594708492358803,0.4290;-2.3010;0.9810,2.643079453970312,3.1457870239417036,True,True,0.48196161672896753,0.8428837405004324,37.7383621162933,2,2
7B_RECIP_196_199_C203N,161803,204,LEU,-66.09304788021592,176.68333313044494,1.5047;2.1285;0.2125,6.627402884991978,7.332200624641965,False,False,0.14863209613000786,0.2752925716397002,0.0,1,1
7B_RECIP_196_199_C203N,161803,205,THR,63.65968645254459,,1.8177;-0.6230;-0.3273,3.4099536653743554,3.687216429774634,True,True,0.052351376931907286,0.06649060083951691,36.419855314535745,2,2
7B_RECIP_196_199_C203N,161803,206,ARG,-166.38602744732503,165.52117799985209,-0.2394;-1.2116;4.0577,3.231533382157764,3.3246377246250467,True,True,0.2674239544778505,0.4221622910682576,32.182671492914686,4,1
7B_RECIP_196_199_C203N,161803,207,GLU,-57.038118565981954,-171.34607665195682,1.2132;-1.7032;-2.5448,3.1681409375215623,3.167345102763511,True,True,0.3130747514572201,0.3877073638712584,30.94861462867644,1,3
7B_RECIP_196_199_C203N,161803,208,THR,-49.66115999128745,,-0.0333;1.2580;1.4900,5.46344918526749,5.25109360038459,False,False,0.15687149730485322,0.19794443664826727,0.0,2,2
7B_RECIP_196_199_C203N,161803,209,TRP,70.77216659663817,89.3824331008734,2.5327;0.5542;-2.9872,7.364058256151971,7.244314874437747,False,False,0.0,0.0,35.636705353381025,2,1
7B_RECIP_196_199_C203N,161803,210,LYS,-63.59529035192367,-175.35213443373277,2.8746;-0.4638;-2.5024,6.579377022180747,6.212265770232308,False,False,0.0,0.0,85.47782736565702,2,1
7A_WT_TRANSFER,314159,190,VAL,170.16196849645738,,1.8730;0.6313;0.0333,12.239101151636913,14.006752300230055,False,False,0.0,0.0,1.886919087562369,1,1
7A_WT_TRANSFER,314159,191,LEU,-62.89539910417156,171.75031571891384,2.0753;-0.0693;1.6250,10.991353010435068,14.169544735099995,False,False,0.0,0.0,48.95351409538941,1,1
7A_WT_TRANSFER,314159,192,ASP,-169.76574117612725,87.1009261786634,-2.3567;0.9108;-0.0598,5.901102015725538,8.546802501520672,False,False,0.286446766433137,0.4021405227031967,22.601088788823006,1,3
7A_WT_TRANSFER,314159,193,PRO,-21.71367439284111,,0.7163;1.5660;-0.7260,7.220255258645638,12.910791842485882,False,False,0.0,0.0,12.264974069155398,0,1
7A_WT_TRANSFER,314159,194,ALA,,,1.4850;0.2640;0.2570,9.065790478496622,15.479974483183103,False,False,0.0,0.0,11.321514525374214,1,1
7A_WT_TRANSFER,314159,195,TRP,-169.96722331972384,-77.74944174653156,-0.0516;1.0120;3.7888,7.876042915068455,13.326569551088532,False,False,0.0,0.0,33.87544997196224,2,1
7A_WT_TRANSFER,314159,196,HIS,-178.56047730850213,82.24124181146686,-2.5843;0.2037;-1.7957,1.0244149549865034,10.513912402146024,True,False,0.35774735032794674,0.49936159243578215,87.01102275537927,2,2
7A_WT_TRANSFER,314159,197,LEU,-167.7420521834385,63.85174027354379,1.0490;-0.8540;-2.2323,5.943459093827433,14.950769010321842,False,False,1.0512988395313676,1.8368802356169007,16.4503608819004,1,1
7A_WT_TRANSFER,314159,198,LEU,-68.58294046576253,172.0606668546344,2.5747;0.4393;-0.3978,8.09910945721812,17.415024088412856,False,False,0.5029831011077809,0.7588207957087101,75.34242114664562,1,1
7A_WT_TRANSFER,314159,199,PHE,-60.39070273353126,-73.3892334858861,2.8243;1.2186;1.5189,6.714042150597507,15.187777125043677,False,False,0.14035465283142046,0.19053870997778896,40.03684947643001,1,1
7A_WT_TRANSFER,314159,200,ASP,-157.45405242055136,26.94051413127947,-1.6203;-1.8172;0.6982,3.476431072234857,12.630525483921877,True,False,0.6159748371484022,0.8533012363755256,51.18208138402967,1,3
7A_WT_TRANSFER,314159,201,GLY,,,,3.6074309418199535,10.431412847740235,True,False,0.0,0.0,11.784928894209836,1,1
7A_WT_TRANSFER,314159,202,CYS,176.10493121086952,,1.1320;0.2460;1.6765,5.769210517913175,10.47948920510919,False,False,0.4351769754938784,0.6154331807759469,11.878165473682158,1,2
7A_WT_TRANSFER,314159,203,ASN,-66.51204955537312,9.527413009370884,-1.6770;-0.0715;-1.9065,3.1711280327353553,6.0139404719368486,True,False,0.6964169010011174,1.015177816936521,29.97461291381615,2,2
7A_WT_TRANSFER,314159,204,LEU,-72.7738788817546,177.12645676219338,2.4633;-0.8952;0.1288,7.595025082249563,8.334843969745325,False,False,0.336122001660111,0.4596324618649112,0.0,1,1
7A_WT_TRANSFER,314159,205,THR,57.768898195824384,,0.7240;0.2117;-1.7887,3.866157006641091,4.339804719108914,True,False,0.12490529745904871,0.15856229059899593,44.379080302405484,2,2
7A_WT_TRANSFER,314159,206,ARG,-157.86067985853762,76.16016645772243,-2.9247;-2.5826;-1.5441,2.4208471657665624,3.49973999034214,True,True,0.8255876694815637,1.5780370718078838,49.80455191029281,4,1
7A_WT_TRANSFER,314159,207,GLU,-57.32587641876972,-175.74918125792354,0.6504;2.7580;-1.7468,3.6061536295615584,3.108033140106457,True,True,0.8200320725435075,1.4671799480636323,66.9914984597355,1,3
7A_WT_TRANSFER,314159,208,SER,-56.472578035353514,,0.7660;-1.7035;0.3445,5.615213798244907,4.51142139463828,False,False,0.03061045573002789,0.04328972164382666,0.8370773625490002,2,2
7A_WT_TRANSFER,314159,209,TRP,70.0135863640038,91.50079257838246,3.1288;2.1750;-1.0951,7.57023275731995,6.490325800759158,False,False,0.0,0.0,34.60415220543944,2,1
7A_WT_TRANSFER,314159,210,LYS,-61.814735924168104,-173.78640730299506,2.5516;1.9346;-2.1394,6.018425873930823,5.259179879030571,False,False,0.0,0.0,74.70882081327883,2,1
7A_WT_TRANSFER,271828,190,VAL,170.16196849645738,,1.8730;0.6313;0.0333,12.239101151636913,14.006752300230055,False,False,0.0,0.0,1.886919087562369,1,1
7A_WT_TRANSFER,271828,191,LEU,-62.89539910417156,171.75031571891384,2.0753;-0.0693;1.6250,10.991353010435068,14.169544735099995,False,False,0.0,0.0,48.95351409538941,1,1
7A_WT_TRANSFER,271828,192,ASP,-169.76574117612725,87.1009261786634,-2.3567;0.9108;-0.0598,5.901102015725538,8.546802501520672,False,False,0.286446766433137,0.4021405227031967,22.601088788823006,1,3
7A_WT_TRANSFER,271828,193,PRO,-21.71367439284111,,0.7163;1.5660;-0.7260,7.220255258645638,12.910791842485882,False,False,0.0,0.0,12.264974069155398,0,1
7A_WT_TRANSFER,271828,194,ALA,,,1.4850;0.2640;0.2570,9.065790478496622,15.479974483183103,False,False,0.0,0.0,11.321514525374214,1,1
7A_WT_TRANSFER,271828,195,TRP,-169.96722331972384,-77.74944174653156,-0.0516;1.0120;3.7888,7.876042915068455,13.326569551088532,False,False,0.0,0.0,33.87544997196224,2,1
7A_WT_TRANSFER,271828,196,HIS,-178.56047730850213,82.24124181146686,-2.5843;0.2037;-1.7957,1.0244149549865034,10.513912402146024,True,False,0.35774735032794674,0.49936159243578215,87.01102275537927,2,2
7A_WT_TRANSFER,271828,197,LEU,-167.7420521834385,63.85174027354379,1.0490;-0.8540;-2.2323,5.943459093827433,14.950769010321842,False,False,1.0512988395313676,1.8368802356169007,16.4503608819004,1,1
7A_WT_TRANSFER,271828,198,LEU,-68.58294046576253,172.0606668546344,2.5747;0.4393;-0.3978,8.09910945721812,17.415024088412856,False,False,0.5029831011077809,0.7588207957087101,75.34242114664562,1,1
7A_WT_TRANSFER,271828,199,PHE,-60.39070273353126,-73.3892334858861,2.8243;1.2186;1.5189,6.714042150597507,15.187777125043677,False,False,0.14035465283142046,0.19053870997778896,40.03684947643001,1,1
7A_WT_TRANSFER,271828,200,ASP,-157.45405242055136,26.94051413127947,-1.6203;-1.8172;0.6982,3.476431072234857,12.630525483921877,True,False,0.6159748371484022,0.8533012363755256,51.18208138402967,1,3
7A_WT_TRANSFER,271828,201,GLY,,,,3.6074309418199535,10.431412847740235,True,False,0.0,0.0,11.784928894209836,1,1
7A_WT_TRANSFER,271828,202,CYS,176.10493121086952,,1.1320;0.2460;1.6765,5.769210517913175,10.47948920510919,False,False,0.4351769754938784,0.6154331807759469,11.878165473682158,1,2
7A_WT_TRANSFER,271828,203,ASN,-66.51204955537312,9.527413009370884,-1.6770;-0.0715;-1.9065,3.1711280327353553,6.0139404719368486,True,False,0.6964169010011174,1.015177816936521,29.97461291381615,2,2
7A_WT_TRANSFER,271828,204,LEU,-72.7738788817546,177.12645676219338,2.4633;-0.8952;0.1288,7.595025082249563,8.334843969745325,False,False,0.336122001660111,0.4596324618649112,0.0,1,1
7A_WT_TRANSFER,271828,205,THR,57.768898195824384,,0.7240;0.2117;-1.7887,3.866157006641091,4.339804719108914,True,False,0.12490529745904871,0.15856229059899593,44.379080302405484,2,2
7A_WT_TRANSFER,271828,206,ARG,-157.86067985853762,76.16016645772243,-2.9247;-2.5826;-1.5441,2.4208471657665624,3.49973999034214,True,True,0.8255876694815637,1.5780370718078838,49.80455191029281,4,1
7A_WT_TRANSFER,271828,207,GLU,-57.32587641876972,-175.74918125792354,0.6504;2.7580;-1.7468,3.6061536295615584,3.108033140106457,True,True,0.8200320725435075,1.4671799480636323,66.9914984597355,1,3
7A_WT_TRANSFER,271828,208,SER,-56.472578035353514,,0.7660;-1.7035;0.3445,5.615213798244907,4.51142139463828,False,False,0.03061045573002789,0.04328972164382666,0.8370773625490002,2,2
7A_WT_TRANSFER,271828,209,TRP,70.0135863640038,91.50079257838246,3.1288;2.1750;-1.0951,7.57023275731995,6.490325800759158,False,False,0.0,0.0,34.60415220543944,2,1
7A_WT_TRANSFER,271828,210,LYS,-61.814735924168104,-173.78640730299506,2.5516;1.9346;-2.1394,6.018425873930823,5.259179879030571,False,False,0.0,0.0,74.70882081327883,2,1
7A_WT_TRANSFER,161803,190,VAL,170.16196849645738,,1.8730;0.6313;0.0333,12.239101151636913,14.006752300230055,False,False,0.0,0.0,1.886919087562369,1,1
7A_WT_TRANSFER,161803,191,LEU,-62.89539910417156,171.75031571891384,2.0753;-0.0693;1.6250,10.991353010435068,14.169544735099995,False,False,0.0,0.0,48.95351409538941,1,1
7A_WT_TRANSFER,161803,192,ASP,-169.76574117612725,87.1009261786634,-2.3567;0.9108;-0.0598,5.901102015725538,8.546802501520672,False,False,0.286446766433137,0.4021405227031967,22.601088788823006,1,3
7A_WT_TRANSFER,161803,193,PRO,-21.71367439284111,,0.7163;1.5660;-0.7260,7.220255258645638,12.910791842485882,False,False,0.0,0.0,12.264974069155398,0,1
7A_WT_TRANSFER,161803,194,ALA,,,1.4850;0.2640;0.2570,9.065790478496622,15.479974483183103,False,False,0.0,0.0,11.321514525374214,1,1
7A_WT_TRANSFER,161803,195,TRP,-169.96722331972384,-77.74944174653156,-0.0516;1.0120;3.7888,7.876042915068455,13.326569551088532,False,False,0.0,0.0,33.87544997196224,2,1
7A_WT_TRANSFER,161803,196,HIS,-178.56047730850213,82.24124181146686,-2.5843;0.2037;-1.7957,1.0244149549865034,10.513912402146024,True,False,0.35774735032794674,0.49936159243578215,87.01102275537927,2,2
7A_WT_TRANSFER,161803,197,LEU,-167.7420521834385,63.85174027354379,1.0490;-0.8540;-2.2323,5.943459093827433,14.950769010321842,False,False,1.0512988395313676,1.8368802356169007,16.4503608819004,1,1
7A_WT_TRANSFER,161803,198,LEU,-68.58294046576253,172.0606668546344,2.5747;0.4393;-0.3978,8.09910945721812,17.415024088412856,False,False,0.5029831011077809,0.7588207957087101,75.34242114664562,1,1
7A_WT_TRANSFER,161803,199,PHE,-60.39070273353126,-73.3892334858861,2.8243;1.2186;1.5189,6.714042150597507,15.187777125043677,False,False,0.14035465283142046,0.19053870997778896,40.03684947643001,1,1
7A_WT_TRANSFER,161803,200,ASP,-157.45405242055136,26.94051413127947,-1.6203;-1.8172;0.6982,3.476431072234857,12.630525483921877,True,False,0.6159748371484022,0.8533012363755256,51.18208138402967,1,3
7A_WT_TRANSFER,161803,201,GLY,,,,3.6074309418199535,10.431412847740235,True,False,0.0,0.0,11.784928894209836,1,1
7A_WT_TRANSFER,161803,202,CYS,176.10493121086952,,1.1320;0.2460;1.6765,5.769210517913175,10.47948920510919,False,False,0.4351769754938784,0.6154331807759469,11.878165473682158,1,2
7A_WT_TRANSFER,161803,203,ASN,-66.51204955537312,9.527413009370884,-1.6770;-0.0715;-1.9065,3.1711280327353553,6.0139404719368486,True,False,0.6964169010011174,1.015177816936521,29.97461291381615,2,2
7A_WT_TRANSFER,161803,204,LEU,-72.7738788817546,177.12645676219338,2.4633;-0.8952;0.1288,7.595025082249563,8.334843969745325,False,False,0.336122001660111,0.4596324618649112,0.0,1,1
7A_WT_TRANSFER,161803,205,THR,57.768898195824384,,0.7240;0.2117;-1.7887,3.866157006641091,4.339804719108914,True,False,0.12490529745904871,0.15856229059899593,44.379080302405484,2,2
7A_WT_TRANSFER,161803,206,ARG,-157.86067985853762,76.16016645772243,-2.9247;-2.5826;-1.5441,2.4208471657665624,3.49973999034214,True,True,0.8255876694815637,1.5780370718078838,49.80455191029281,4,1
7A_WT_TRANSFER,161803,207,GLU,-57.32587641876972,-175.74918125792354,0.6504;2.7580;-1.7468,3.6061536295615584,3.108033140106457,True,True,0.8200320725435075,1.4671799480636323,66.9914984597355,1,3
7A_WT_TRANSFER,161803,208,SER,-56.472578035353514,,0.7660;-1.7035;0.3445,5.615213798244907,4.51142139463828,False,False,0.03061045573002789,0.04328972164382666,0.8370773625490002,2,2
7A_WT_TRANSFER,161803,209,TRP,70.0135863640038,91.50079257838246,3.1288;2.1750;-1.0951,7.57023275731995,6.490325800759158,False,False,0.0,0.0,34.60415220543944,2,1
7A_WT_TRANSFER,161803,210,LYS,-61.814735924168104,-173.78640730299506,2.5516;1.9346;-2.1394,6.018425873930823,5.259179879030571,False,False,0.0,0.0,74.70882081327883,2,1
7A_N203C_TRANSFER,314159,190,VAL,170.16196849645738,,1.8730;0.6313;0.0333,12.239101151636913,13.914783864652732,False,False,0.0,0.0,1.886919087562369,1,1
7A_N203C_TRANSFER,314159,191,LEU,-62.89539910417156,171.75031571891384,2.0753;-0.0693;1.6250,10.991353010435068,13.970349888245462,False,False,0.0,0.0,48.95351409538941,1,1
7A_N203C_TRANSFER,314159,192,ASP,-169.76574117612725,87.1009261786634,-2.3567;0.9108;-0.0598,5.901102015725538,8.379150971309683,False,False,0.18847214648324065,0.2668182902276379,25.112320876470008,1,3
7A_N203C_TRANSFER,314159,193,PRO,-21.71367439284111,,0.7163;1.5660;-0.7260,7.220255258645638,12.72350093331234,False,False,0.0,0.0,12.264974069155398,0,1
7A_N203C_TRANSFER,314159,194,ALA,,,1.4850;0.2640;0.2570,9.065790478496622,15.238811141293143,False,False,0.0,0.0,11.321514525374214,1,1
7A_N203C_TRANSFER,314159,195,TRP,-169.96722331972384,-77.74944174653156,-0.0516;1.0120;3.7888,7.876042915068455,13.01198301566675,False,False,0.0,0.0,33.87544997196224,2,1
7A_N203C_TRANSFER,314159,196,HIS,-178.56047730850213,82.24124181146686,-2.5843;0.2037;-1.7957,1.0244149549865034,9.843347296524694,True,False,0.18722001317523024,0.235756230034331,87.01102275537927,2,2
7A_N203C_TRANSFER,314159,197,LEU,-167.7420521834385,63.85174027354379,1.0490;-0.8540;-2.2323,5.943459093827433,14.55255541133584,False,False,0.9855848517504717,1.7296615275827807,16.4503608819004,1,1
7A_N203C_TRANSFER,314159,198,LEU,-68.58294046576253,172.0606668546344,2.5747;0.4393;-0.3978,8.09910945721812,16.99411336316196,False,False,0.6104905814179284,0.9176333690532401,75.34242114664562,1,1
7A_N203C_TRANSFER,314159,199,PHE,-60.39070273353126,-73.3892334858861,2.8243;1.2186;1.5189,6.714042150597507,14.838900430961855,False,False,0.20936912038652827,0.2886537718444019,40.03684947643001,1,1
7A_N203C_TRANSFER,314159,200,ASP,-157.45405242055136,26.94051413127947,-1.6203;-1.8172;0.6982,3.476431072234857,12.597092124772287,True,False,0.7870949752094726,1.1025665512793326,51.18208138402967,1,3
7A_N203C_TRANSFER,314159,201,GLY,,,,3.6074309418199535,9.938067669320832,True,False,0.0,0.0,10.110774169111835,1,1
7A_N203C_TRANSFER,314159,202,CYS,176.10493121086952,,1.1320;0.2460;1.6765,5.769210517913175,10.140447623256085,False,False,0.6972811484616513,0.9861044569415549,11.878165473682158,1,2
7A_N203C_TRANSFER,314159,203,CYS,-61.806117279700686,,-1.5135;0.0940;-1.3600,4.1353582674298,6.6717389787071255,False,False,0.8234251635698293,1.1644990339197367,22.87472150895068,1,2
7A_N203C_TRANSFER,314159,204,LEU,-72.7738788817546,177.12645676219338,2.4633;-0.8952;0.1288,7.595025082249563,8.20496130399163,False,False,0.37453804880145325,0.5398712809550061,0.0,1,1
7A_N203C_TRANSFER,314159,205,THR,57.768898195824384,,0.7240;0.2117;-1.7887,3.866157006641091,4.240231715366508,True,False,0.3198332899079353,0.4057905863866242,44.379080302405484,2,2
7A_N203C_TRANSFER,314159,206,ARG,-157.86067985853762,76.16016645772243,-2.9247;-2.5826;-1.5441,2.4208471657665624,3.5293826655663163,True,True,0.9974906372636141,1.4547611487801004,55.96330069595911,4,1
7A_N203C_TRANSFER,314159,207,GLU,-57.32587641876972,-175.74918125792354,0.6504;2.7580;-1.7468,3.6061536295615584,3.005307638162855,True,True,0.7800388451865718,1.3615784957173795,66.9914984597355,1,3
7A_N203C_TRANSFER,314159,208,SER,-56.472578035353514,,0.7660;-1.7035;0.3445,5.615213798244907,4.632681404974877,False,False,0.0180831413200251,0.02557342370508881,0.8370773625490002,2,2
7A_N203C_TRANSFER,314159,209,TRP,70.0135863640038,91.50079257838246,3.1288;2.1750;-1.0951,7.57023275731995,6.578160913203629,False,False,0.0,0.0,34.60415220543944,2,1
7A_N203C_TRANSFER,314159,210,LYS,-61.814735924168104,-173.78640730299506,2.5516;1.9346;-2.1394,6.018425873930823,5.196005677441087,False,False,0.0,0.0,74.70882081327883,2,1
7A_N203C_TRANSFER,271828,190,VAL,170.16196849645738,,1.8730;0.6313;0.0333,12.239101151636913,13.914783864652732,False,False,0.0,0.0,1.886919087562369,1,1
7A_N203C_TRANSFER,271828,191,LEU,-62.89539910417156,171.75031571891384,2.0753;-0.0693;1.6250,10.991353010435068,13.970349888245462,False,False,0.0,0.0,48.95351409538941,1,1
7A_N203C_TRANSFER,271828,192,ASP,-169.76574117612725,87.1009261786634,-2.3567;0.9108;-0.0598,5.901102015725538,8.379150971309683,False,False,0.18847214648324065,0.2668182902276379,25.112320876470008,1,3
7A_N203C_TRANSFER,271828,193,PRO,-21.71367439284111,,0.7163;1.5660;-0.7260,7.220255258645638,12.72350093331234,False,False,0.0,0.0,12.264974069155398,0,1
7A_N203C_TRANSFER,271828,194,ALA,,,1.4850;0.2640;0.2570,9.065790478496622,15.238811141293143,False,False,0.0,0.0,11.321514525374214,1,1
7A_N203C_TRANSFER,271828,195,TRP,-169.96722331972384,-77.74944174653156,-0.0516;1.0120;3.7888,7.876042915068455,13.01198301566675,False,False,0.0,0.0,33.87544997196224,2,1
7A_N203C_TRANSFER,271828,196,HIS,-178.56047730850213,82.24124181146686,-2.5843;0.2037;-1.7957,1.0244149549865034,9.843347296524694,True,False,0.18722001317523024,0.235756230034331,87.01102275537927,2,2
7A_N203C_TRANSFER,271828,197,LEU,-167.7420521834385,63.85174027354379,1.0490;-0.8540;-2.2323,5.943459093827433,14.55255541133584,False,False,0.9855848517504717,1.7296615275827807,16.4503608819004,1,1
7A_N203C_TRANSFER,271828,198,LEU,-68.58294046576253,172.0606668546344,2.5747;0.4393;-0.3978,8.09910945721812,16.99411336316196,False,False,0.6104905814179284,0.9176333690532401,75.34242114664562,1,1
7A_N203C_TRANSFER,271828,199,PHE,-60.39070273353126,-73.3892334858861,2.8243;1.2186;1.5189,6.714042150597507,14.838900430961855,False,False,0.20936912038652827,0.2886537718444019,40.03684947643001,1,1
7A_N203C_TRANSFER,271828,200,ASP,-157.45405242055136,26.94051413127947,-1.6203;-1.8172;0.6982,3.476431072234857,12.597092124772287,True,False,0.7870949752094726,1.1025665512793326,51.18208138402967,1,3
7A_N203C_TRANSFER,271828,201,GLY,,,,3.6074309418199535,9.938067669320832,True,False,0.0,0.0,10.110774169111835,1,1
7A_N203C_TRANSFER,271828,202,CYS,176.10493121086952,,1.1320;0.2460;1.6765,5.769210517913175,10.140447623256085,False,False,0.6972811484616513,0.9861044569415549,11.878165473682158,1,2
7A_N203C_TRANSFER,271828,203,CYS,-61.806117279700686,,-1.5135;0.0940;-1.3600,4.1353582674298,6.6717389787071255,False,False,0.8234251635698293,1.1644990339197367,22.87472150895068,1,2
7A_N203C_TRANSFER,271828,204,LEU,-72.7738788817546,177.12645676219338,2.4633;-0.8952;0.1288,7.595025082249563,8.20496130399163,False,False,0.37453804880145325,0.5398712809550061,0.0,1,1
7A_N203C_TRANSFER,271828,205,THR,57.768898195824384,,0.7240;0.2117;-1.7887,3.866157006641091,4.240231715366508,True,False,0.3198332899079353,0.4057905863866242,44.379080302405484,2,2
7A_N203C_TRANSFER,271828,206,ARG,-157.86067985853762,76.16016645772243,-2.9247;-2.5826;-1.5441,2.4208471657665624,3.5293826655663163,True,True,0.9974906372636141,1.4547611487801004,55.96330069595911,4,1
7A_N203C_TRANSFER,271828,207,GLU,-57.32587641876972,-175.74918125792354,0.6504;2.7580;-1.7468,3.6061536295615584,3.005307638162855,True,True,0.7800388451865718,1.3615784957173795,66.9914984597355,1,3
7A_N203C_TRANSFER,271828,208,SER,-56.472578035353514,,0.7660;-1.7035;0.3445,5.615213798244907,4.632681404974877,False,False,0.0180831413200251,0.02557342370508881,0.8370773625490002,2,2
7A_N203C_TRANSFER,271828,209,TRP,70.0135863640038,91.50079257838246,3.1288;2.1750;-1.0951,7.57023275731995,6.578160913203629,False,False,0.0,0.0,34.60415220543944,2,1
7A_N203C_TRANSFER,271828,210,LYS,-61.814735924168104,-173.78640730299506,2.5516;1.9346;-2.1394,6.018425873930823,5.196005677441087,False,False,0.0,0.0,74.70882081327883,2,1
7A_N203C_TRANSFER,161803,190,VAL,170.16196849645738,,1.8730;0.6313;0.0333,12.239101151636913,13.914783864652732,False,False,0.0,0.0,1.886919087562369,1,1
7A_N203C_TRANSFER,161803,191,LEU,-62.89539910417156,171.75031571891384,2.0753;-0.0693;1.6250,10.991353010435068,13.970349888245462,False,False,0.0,0.0,48.95351409538941,1,1
7A_N203C_TRANSFER,161803,192,ASP,-169.76574117612725,87.1009261786634,-2.3567;0.9108;-0.0598,5.901102015725538,8.379150971309683,False,False,0.18847214648324065,0.2668182902276379,25.112320876470008,1,3
7A_N203C_TRANSFER,161803,193,PRO,-21.71367439284111,,0.7163;1.5660;-0.7260,7.220255258645638,12.72350093331234,False,False,0.0,0.0,12.264974069155398,0,1
7A_N203C_TRANSFER,161803,194,ALA,,,1.4850;0.2640;0.2570,9.065790478496622,15.238811141293143,False,False,0.0,0.0,11.321514525374214,1,1
7A_N203C_TRANSFER,161803,195,TRP,-169.96722331972384,-77.74944174653156,-0.0516;1.0120;3.7888,7.876042915068455,13.01198301566675,False,False,0.0,0.0,33.87544997196224,2,1
7A_N203C_TRANSFER,161803,196,HIS,-178.56047730850213,82.24124181146686,-2.5843;0.2037;-1.7957,1.0244149549865034,9.843347296524694,True,False,0.18722001317523024,0.235756230034331,87.01102275537927,2,2
7A_N203C_TRANSFER,161803,197,LEU,-167.7420521834385,63.85174027354379,1.0490;-0.8540;-2.2323,5.943459093827433,14.55255541133584,False,False,0.9855848517504717,1.7296615275827807,16.4503608819004,1,1
7A_N203C_TRANSFER,161803,198,LEU,-68.58294046576253,172.0606668546344,2.5747;0.4393;-0.3978,8.09910945721812,16.99411336316196,False,False,0.6104905814179284,0.9176333690532401,75.34242114664562,1,1
7A_N203C_TRANSFER,161803,199,PHE,-60.39070273353126,-73.3892334858861,2.8243;1.2186;1.5189,6.714042150597507,14.838900430961855,False,False,0.20936912038652827,0.2886537718444019,40.03684947643001,1,1
7A_N203C_TRANSFER,161803,200,ASP,-157.45405242055136,26.94051413127947,-1.6203;-1.8172;0.6982,3.476431072234857,12.597092124772287,True,False,0.7870949752094726,1.1025665512793326,51.18208138402967,1,3
7A_N203C_TRANSFER,161803,201,GLY,,,,3.6074309418199535,9.938067669320832,True,False,0.0,0.0,10.110774169111835,1,1
7A_N203C_TRANSFER,161803,202,CYS,176.10493121086952,,1.1320;0.2460;1.6765,5.769210517913175,10.140447623256085,False,False,0.6972811484616513,0.9861044569415549,11.878165473682158,1,2
7A_N203C_TRANSFER,161803,203,CYS,-61.806117279700686,,-1.5135;0.0940;-1.3600,4.1353582674298,6.6717389787071255,False,False,0.8234251635698293,1.1644990339197367,22.87472150895068,1,2
7A_N203C_TRANSFER,161803,204,LEU,-72.7738788817546,177.12645676219338,2.4633;-0.8952;0.1288,7.595025082249563,8.20496130399163,False,False,0.37453804880145325,0.5398712809550061,0.0,1,1
7A_N203C_TRANSFER,161803,205,THR,57.768898195824384,,0.7240;0.2117;-1.7887,3.866157006641091,4.240231715366508,True,False,0.3198332899079353,0.4057905863866242,44.379080302405484,2,2
7A_N203C_TRANSFER,161803,206,ARG,-157.86067985853762,76.16016645772243,-2.9247;-2.5826;-1.5441,2.4208471657665624,3.5293826655663163,True,True,0.9974906372636141,1.4547611487801004,55.96330069595911,4,1
7A_N203C_TRANSFER,161803,207,GLU,-57.32587641876972,-175.74918125792354,0.6504;2.7580;-1.7468,3.6061536295615584,3.005307638162855,True,True,0.7800388451865718,1.3615784957173795,66.9914984597355,1,3
7A_N203C_TRANSFER,161803,208,SER,-56.472578035353514,,0.7660;-1.7035;0.3445,5.615213798244907,4.632681404974877,False,False,0.0180831413200251,0.02557342370508881,0.8370773625490002,2,2
7A_N203C_TRANSFER,161803,209,TRP,70.0135863640038,91.50079257838246,3.1288;2.1750;-1.0951,7.57023275731995,6.578160913203629,False,False,0.0,0.0,34.60415220543944,2,1
7A_N203C_TRANSFER,161803,210,LYS,-61.814735924168104,-173.78640730299506,2.5516;1.9346;-2.1394,6.018425873930823,5.196005677441087,False,False,0.0,0.0,74.70882081327883,2,1
7B_K196H,314159,190,VAL,169.38099512260882,,0.9337;1.2177;-1.2413,11.831355163293848,11.981834333690314,False,False,0.0,0.0,1.7805369063301848,1,1
7B_K196H,314159,191,PHE,-65.46195612286809,-52.20344240227585,-0.0123;3.1027;-1.4879,10.33832795958805,10.436278024276662,False,False,0.0,0.0,71.59654314613783,1,1
7B_K196H,314159,192,GLU,-177.08745296174877,175.95383624194068,-1.7436;-2.8208;-0.3644,4.494620562405685,4.754243367771574,False,False,0.14993265154728647,0.23236609046932868,35.476395770754564,1,3
7B_K196H,314159,193,PRO,-25.653605273050395,,0.7777;-0.2950;-1.6673,6.494703765376832,6.596099680872022,False,False,0.0,0.0,44.86052937656812,0,1
7B_K196H,314159,194,THR,-52.397011580742266,,1.1337;1.4683;-0.5910,8.302578515136128,8.399797259458111,False,False,0.0,0.0,14.988970519266767,2,2
7B_K196H,314159,195,TRP,-166.55178851043294,-91.31286517532178,-2.9478;2.1397;-1.0491,7.214208827030168,7.324419499182171,False,False,0.0,0.0,45.19696449733646,2,1
7B_K196H,314159,196,HIS,-60.008997001978315,0.004565640308459365,-0.1733;-2.2197;-2.2302,3.772131227833942,3.6832725937676676,True,True,0.531361145236144,0.8717275950662571,49.043265470511656,2,2
7B_K196H,314159,197,HIS,-65.47891268673396,-44.54730844492721,2.6273;-1.7640;-0.1967,5.6215423150590995,5.364351405342495,False,False,0.37871185176419664,0.6190977305724847,40.42580809937556,2,2
7B_K196H,314159,198,ILE,57.13950447537415,167.00296666427005,0.9730;1.2535;-1.8042,7.961865924517945,8.061332706196911,False,False,0.1698793689651568,0.20633225632459953,69.58926179003481,1,1
7B_K196H,314159,199,GLY,,,,6.565968397730833,6.767542981023468,False,False,0.0,0.0,15.081372613190478,1,1
7B_K196H,314159,200,ASP,-158.51880383240416,27.516310726069907,-1.2475;0.0300;2.1915,3.5216197977635235,3.700873680632723,True,True,0.6815168743325437,0.9718791077083615,34.01500540812093,1,3
7B_K196H,314159,201,GLY,,,,3.402889654396687,3.4456392730522447,True,True,0.0,0.0,25.49400474892708,1,1
7B_K196H,314159,202,CYS,175.4229473968232,,-0.6365;1.6735;-0.9910,5.501731363852656,5.562999910120438,False,False,0.0015811388300835943,0.0022360679774989477,11.816315368314608,1,2
7B_K196H,314159,203,CYS,-62.13265308248275,,0.0865;-1.9120;0.6910,3.4421490380284236,3.4948130135960063,True,True,0.011379806676741135,0.016093476939431212,22.81287140358313,1,2
7B_K196H,314159,204,LEU,-66.09304788021592,176.68333313044494,1.5047;2.1285;0.2125,6.627402884991978,6.504480609549082,False,False,0.08548830329349136,0.12179490958163967,0.0,1,1
7B_K196H,314159,205,THR,63.65968645254459,,1.8177;-0.6230;-0.3273,3.4099536653743554,3.501373587608155,True,True,0.011075498483890563,0.013928388277184307,36.419855314535745,2,2
7B_K196H,314159,206,ARG,-166.38602744732503,165.52117799985209,-0.2394;-1.2116;4.0577,3.231533382157764,3.2253282003541908,True,True,0.10127332182902725,0.14593491700069566,38.16323307026019,4,1
7B_K196H,314159,207,GLU,-57.038118565981954,-171.34607665195682,1.2132;-1.7032;-2.5448,3.1681409375215623,3.172994327130131,True,True,0.4047396694172692,0.49820176635576124,30.94861462867644,1,3
7B_K196H,314159,208,THR,-49.66115999128745,,-0.0333;1.2580;1.4900,5.46344918526749,5.375455608597284,False,False,0.16002812252851098,0.201935633309231,0.0,2,2
7B_K196H,314159,209,TRP,70.77216659663817,89.3824331008734,2.5327;0.5542;-2.9872,7.364058256151971,7.426890601052367,False,False,0.0,0.0,35.636705353381025,2,1
7B_K196H,314159,210,LYS,-63.59529035192367,-175.35213443373277,2.8746;-0.4638;-2.5024,6.579377022180747,6.556511572475107,False,False,0.0,0.0,85.47782736565702,2,1
7B_K196H,271828,190,VAL,169.38099512260882,,0.9337;1.2177;-1.2413,11.831355163293848,11.981834333690314,False,False,0.0,0.0,1.7805369063301848,1,1
7B_K196H,271828,191,PHE,-65.46195612286809,-52.20344240227585,-0.0123;3.1027;-1.4879,10.33832795958805,10.436278024276662,False,False,0.0,0.0,71.59654314613783,1,1
7B_K196H,271828,192,GLU,-177.08745296174877,175.95383624194068,-1.7436;-2.8208;-0.3644,4.494620562405685,4.754243367771574,False,False,0.14993265154728647,0.23236609046932868,35.476395770754564,1,3
7B_K196H,271828,193,PRO,-25.653605273050395,,0.7777;-0.2950;-1.6673,6.494703765376832,6.596099680872022,False,False,0.0,0.0,44.86052937656812,0,1
7B_K196H,271828,194,THR,-52.397011580742266,,1.1337;1.4683;-0.5910,8.302578515136128,8.399797259458111,False,False,0.0,0.0,14.988970519266767,2,2
7B_K196H,271828,195,TRP,-166.55178851043294,-91.31286517532178,-2.9478;2.1397;-1.0491,7.214208827030168,7.324419499182171,False,False,0.0,0.0,45.19696449733646,2,1
7B_K196H,271828,196,HIS,-60.008997001978315,0.004565640308459365,-0.1733;-2.2197;-2.2302,3.772131227833942,3.6832725937676676,True,True,0.531361145236144,0.8717275950662571,49.043265470511656,2,2
7B_K196H,271828,197,HIS,-65.47891268673396,-44.54730844492721,2.6273;-1.7640;-0.1967,5.6215423150590995,5.364351405342495,False,False,0.37871185176419664,0.6190977305724847,40.42580809937556,2,2
7B_K196H,271828,198,ILE,57.13950447537415,167.00296666427005,0.9730;1.2535;-1.8042,7.961865924517945,8.061332706196911,False,False,0.1698793689651568,0.20633225632459953,69.58926179003481,1,1
7B_K196H,271828,199,GLY,,,,6.565968397730833,6.767542981023468,False,False,0.0,0.0,15.081372613190478,1,1
7B_K196H,271828,200,ASP,-158.51880383240416,27.516310726069907,-1.2475;0.0300;2.1915,3.5216197977635235,3.700873680632723,True,True,0.6815168743325437,0.9718791077083615,34.01500540812093,1,3
7B_K196H,271828,201,GLY,,,,3.402889654396687,3.4456392730522447,True,True,0.0,0.0,25.49400474892708,1,1
7B_K196H,271828,202,CYS,175.4229473968232,,-0.6365;1.6735;-0.9910,5.501731363852656,5.562999910120438,False,False,0.0015811388300835943,0.0022360679774989477,11.816315368314608,1,2
7B_K196H,271828,203,CYS,-62.13265308248275,,0.0865;-1.9120;0.6910,3.4421490380284236,3.4948130135960063,True,True,0.011379806676741135,0.016093476939431212,22.81287140358313,1,2
7B_K196H,271828,204,LEU,-66.09304788021592,176.68333313044494,1.5047;2.1285;0.2125,6.627402884991978,6.504480609549082,False,False,0.08548830329349136,0.12179490958163967,0.0,1,1
7B_K196H,271828,205,THR,63.65968645254459,,1.8177;-0.6230;-0.3273,3.4099536653743554,3.501373587608155,True,True,0.011075498483890563,0.013928388277184307,36.419855314535745,2,2
7B_K196H,271828,206,ARG,-166.38602744732503,165.52117799985209,-0.2394;-1.2116;4.0577,3.231533382157764,3.2253282003541908,True,True,0.10127332182902725,0.14593491700069566,38.16323307026019,4,1
7B_K196H,271828,207,GLU,-57.038118565981954,-171.34607665195682,1.2132;-1.7032;-2.5448,3.1681409375215623,3.172994327130131,True,True,0.4047396694172692,0.49820176635576124,30.94861462867644,1,3
7B_K196H,271828,208,THR,-49.66115999128745,,-0.0333;1.2580;1.4900,5.46344918526749,5.375455608597284,False,False,0.16002812252851098,0.201935633309231,0.0,2,2
7B_K196H,271828,209,TRP,70.77216659663817,89.3824331008734,2.5327;0.5542;-2.9872,7.364058256151971,7.426890601052367,False,False,0.0,0.0,35.636705353381025,2,1
7B_K196H,271828,210,LYS,-63.59529035192367,-175.35213443373277,2.8746;-0.4638;-2.5024,6.579377022180747,6.556511572475107,False,False,0.0,0.0,85.47782736565702,2,1
7B_K196H,161803,190,VAL,169.38099512260882,,0.9337;1.2177;-1.2413,11.831355163293848,11.981834333690314,False,False,0.0,0.0,1.7805369063301848,1,1
7B_K196H,161803,191,PHE,-65.46195612286809,-52.20344240227585,-0.0123;3.1027;-1.4879,10.33832795958805,10.436278024276662,False,False,0.0,0.0,71.59654314613783,1,1
7B_K196H,161803,192,GLU,-177.08745296174877,175.95383624194068,-1.7436;-2.8208;-0.3644,4.494620562405685,4.754243367771574,False,False,0.14993265154728647,0.23236609046932868,35.476395770754564,1,3
7B_K196H,161803,193,PRO,-25.653605273050395,,0.7777;-0.2950;-1.6673,6.494703765376832,6.596099680872022,False,False,0.0,0.0,44.86052937656812,0,1
7B_K196H,161803,194,THR,-52.397011580742266,,1.1337;1.4683;-0.5910,8.302578515136128,8.399797259458111,False,False,0.0,0.0,14.988970519266767,2,2
7B_K196H,161803,195,TRP,-166.55178851043294,-91.31286517532178,-2.9478;2.1397;-1.0491,7.214208827030168,7.324419499182171,False,False,0.0,0.0,45.19696449733646,2,1
7B_K196H,161803,196,HIS,-60.008997001978315,0.004565640308459365,-0.1733;-2.2197;-2.2302,3.772131227833942,3.6832725937676676,True,True,0.531361145236144,0.8717275950662571,49.043265470511656,2,2
7B_K196H,161803,197,HIS,-65.47891268673396,-44.54730844492721,2.6273;-1.7640;-0.1967,5.6215423150590995,5.364351405342495,False,False,0.37871185176419664,0.6190977305724847,40.42580809937556,2,2
7B_K196H,161803,198,ILE,57.13950447537415,167.00296666427005,0.9730;1.2535;-1.8042,7.961865924517945,8.061332706196911,False,False,0.1698793689651568,0.20633225632459953,69.58926179003481,1,1
7B_K196H,161803,199,GLY,,,,6.565968397730833,6.767542981023468,False,False,0.0,0.0,15.081372613190478,1,1
7B_K196H,161803,200,ASP,-158.51880383240416,27.516310726069907,-1.2475;0.0300;2.1915,3.5216197977635235,3.700873680632723,True,True,0.6815168743325437,0.9718791077083615,34.01500540812093,1,3
7B_K196H,161803,201,GLY,,,,3.402889654396687,3.4456392730522447,True,True,0.0,0.0,25.49400474892708,1,1
7B_K196H,161803,202,CYS,175.4229473968232,,-0.6365;1.6735;-0.9910,5.501731363852656,5.562999910120438,False,False,0.0015811388300835943,0.0022360679774989477,11.816315368314608,1,2
7B_K196H,161803,203,CYS,-62.13265308248275,,0.0865;-1.9120;0.6910,3.4421490380284236,3.4948130135960063,True,True,0.011379806676741135,0.016093476939431212,22.81287140358313,1,2
7B_K196H,161803,204,LEU,-66.09304788021592,176.68333313044494,1.5047;2.1285;0.2125,6.627402884991978,6.504480609549082,False,False,0.08548830329349136,0.12179490958163967,0.0,1,1
7B_K196H,161803,205,THR,63.65968645254459,,1.8177;-0.6230;-0.3273,3.4099536653743554,3.501373587608155,True,True,0.011075498483890563,0.013928388277184307,36.419855314535745,2,2
7B_K196H,161803,206,ARG,-166.38602744732503,165.52117799985209,-0.2394;-1.2116;4.0577,3.231533382157764,3.2253282003541908,True,True,0.10127332182902725,0.14593491700069566,38.16323307026019,4,1
7B_K196H,161803,207,GLU,-57.038118565981954,-171.34607665195682,1.2132;-1.7032;-2.5448,3.1681409375215623,3.172994327130131,True,True,0.4047396694172692,0.49820176635576124,30.94861462867644,1,3
7B_K196H,161803,208,THR,-49.66115999128745,,-0.0333;1.2580;1.4900,5.46344918526749,5.375455608597284,False,False,0.16002812252851098,0.201935633309231,0.0,2,2
7B_K196H,161803,209,TRP,70.77216659663817,89.3824331008734,2.5327;0.5542;-2.9872,7.364058256151971,7.426890601052367,False,False,0.0,0.0,35.636705353381025,2,1
7B_K196H,161803,210,LYS,-63.59529035192367,-175.35213443373277,2.8746;-0.4638;-2.5024,6.579377022180747,6.556511572475107,False,False,0.0,0.0,85.47782736565702,2,1
7B_H197L_I198L,314159,190,VAL,169.38099512260882,,0.9337;1.2177;-1.2413,11.831355163293848,11.842091833793555,False,False,0.0,0.0,1.7805369063301848,1,1
7B_H197L_I198L,314159,191,PHE,-65.46195612286809,-52.20344240227585,-0.0123;3.1027;-1.4879,10.33832795958805,10.37155687445236,False,False,0.0,0.0,71.59654314613783,1,1
7B_H197L_I198L,314159,192,GLU,-177.08745296174877,175.95383624194068,-1.7436;-2.8208;-0.3644,4.494620562405685,4.786142496833959,False,False,0.25144701231074545,0.3862822802045152,24.59439005761756,1,3
7B_H197L_I198L,314159,193,PRO,-25.653605273050395,,0.7777;-0.2950;-1.6673,6.494703765376832,6.546055911768552,False,False,0.0,0.0,51.55714827696012,0,1
7B_H197L_I198L,314159,194,THR,-52.397011580742266,,1.1337;1.4683;-0.5910,8.302578515136128,8.352941098798675,False,False,0.0,0.0,13.102051431704398,2,2
7B_H197L_I198L,314159,195,TRP,-166.55178851043294,-91.31286517532178,-2.9478;2.1397;-1.0491,7.214208827030168,7.285908934374626,False,False,0.0,0.0,60.2923171978354,2,1
7B_H197L_I198L,314159,196,LYS,-76.76681386561326,170.55142917585766,0.0944;-3.2664;-1.9348,3.0718103782623034,3.0441376447197657,True,True,0.09371445993015158,0.1286157066613556,76.86367848428424,2,1
7B_H197L_I198L,314159,197,LEU,-167.59494705460563,64.04064279530178,2.4132;0.1342;0.9837,5.661477369026568,5.594892760366369,False,False,1.4820511968214862,2.106578268187536,12.069498283762815,1,1
7B_H197L_I198L,314159,198,LEU,-68.26479318481725,172.15308318619063,1.9340;1.6210;-0.7897,7.961865924517945,8.048196381798844,False,False,0.38400716139155505,0.5879115579744965,84.57823230930157,1,1
7B_H197L_I198L,314159,199,GLY,,,,6.565968397730833,6.712708991159977,False,False,0.0,0.0,15.081372613190478,1,1
7B_H197L_I198L,314159,200,ASP,-158.51880383240416,27.516310726069907,-1.2475;0.0300;2.1915,3.5216197977635235,3.683334494720782,True,True,0.7407788131419528,1.1041652955966335,34.01500540812093,1,3
7B_H197L_I198L,314159,201,GLY,,,,3.402889654396687,3.4113390332829714,True,True,0.0,0.0,25.49400474892708,1,1
7B_H197L_I198L,314159,202,CYS,175.4229473968232,,-0.6365;1.6735;-0.9910,5.501731363852656,5.513085343072425,False,False,0.09602864156073501,0.1358050072714561,11.816315368314608,1,2
7B_H197L_I198L,314159,203,CYS,-62.13265308248275,,0.0865;-1.9120;0.6910,3.4421490380284236,3.538630667362731,True,True,0.23555360324138513,0.3331231003698179,17.786323157839462,1,2
7B_H197L_I198L,314159,204,LEU,-66.09304788021592,176.68333313044494,1.5047;2.1285;0.2125,6.627402884991978,6.52924658747087,False,False,0.05444263035526489,0.09978476837674165,0.0,1,1
7B_H197L_I198L,314159,205,THR,63.65968645254459,,1.8177;-0.6230;-0.3273,3.4099536653743554,3.394346181520087,True,True,0.03310589071449395,0.042166337284616724,36.419855314535745,2,2
7B_H197L_I198L,314159,206,ARG,-166.38602744732503,165.52117799985209,-0.2394;-1.2116;4.0577,3.231533382157764,3.2937859675455536,True,True,0.11610463261337044,0.15986244086714096,38.16323307026019,4,1
7B_H197L_I198L,314159,207,GLU,-57.038118565981954,-171.34607665195682,1.2132;-1.7032;-2.5448,3.1681409375215623,3.1512908466214284,True,True,0.3550025352022152,0.428301295818727,30.94861462867644,1,3
7B_H197L_I198L,314159,208,THR,-49.66115999128745,,-0.0333;1.2580;1.4900,5.46344918526749,5.4338047443757125,False,False,0.20714085384909786,0.26109768286984125,0.0,2,2
7B_H197L_I198L,314159,209,TRP,70.77216659663817,89.3824331008734,2.5327;0.5542;-2.9872,7.364058256151971,7.368587449436967,False,False,0.0,0.0,35.636705353381025,2,1
7B_H197L_I198L,314159,210,LYS,-63.59529035192367,-175.35213443373277,2.8746;-0.4638;-2.5024,6.579377022180747,6.586441603779692,False,False,0.0,0.0,85.47782736565702,2,1
7B_H197L_I198L,271828,190,VAL,169.38099512260882,,0.9337;1.2177;-1.2413,11.831355163293848,11.842091833793555,False,False,0.0,0.0,1.7805369063301848,1,1
7B_H197L_I198L,271828,191,PHE,-65.46195612286809,-52.20344240227585,-0.0123;3.1027;-1.4879,10.33832795958805,10.37155687445236,False,False,0.0,0.0,71.59654314613783,1,1
7B_H197L_I198L,271828,192,GLU,-177.08745296174877,175.95383624194068,-1.7436;-2.8208;-0.3644,4.494620562405685,4.786142496833959,False,False,0.25144701231074545,0.3862822802045152,24.59439005761756,1,3
7B_H197L_I198L,271828,193,PRO,-25.653605273050395,,0.7777;-0.2950;-1.6673,6.494703765376832,6.546055911768552,False,False,0.0,0.0,51.55714827696012,0,1
7B_H197L_I198L,271828,194,THR,-52.397011580742266,,1.1337;1.4683;-0.5910,8.302578515136128,8.352941098798675,False,False,0.0,0.0,13.102051431704398,2,2
7B_H197L_I198L,271828,195,TRP,-166.55178851043294,-91.31286517532178,-2.9478;2.1397;-1.0491,7.214208827030168,7.285908934374626,False,False,0.0,0.0,60.2923171978354,2,1
7B_H197L_I198L,271828,196,LYS,-76.76681386561326,170.55142917585766,0.0944;-3.2664;-1.9348,3.0718103782623034,3.0441376447197657,True,True,0.09371445993015158,0.1286157066613556,76.86367848428424,2,1
7B_H197L_I198L,271828,197,LEU,-167.59494705460563,64.04064279530178,2.4132;0.1342;0.9837,5.661477369026568,5.594892760366369,False,False,1.4820511968214862,2.106578268187536,12.069498283762815,1,1
7B_H197L_I198L,271828,198,LEU,-68.26479318481725,172.15308318619063,1.9340;1.6210;-0.7897,7.961865924517945,8.048196381798844,False,False,0.38400716139155505,0.5879115579744965,84.57823230930157,1,1
7B_H197L_I198L,271828,199,GLY,,,,6.565968397730833,6.712708991159977,False,False,0.0,0.0,15.081372613190478,1,1
7B_H197L_I198L,271828,200,ASP,-158.51880383240416,27.516310726069907,-1.2475;0.0300;2.1915,3.5216197977635235,3.683334494720782,True,True,0.7407788131419528,1.1041652955966335,34.01500540812093,1,3
7B_H197L_I198L,271828,201,GLY,,,,3.402889654396687,3.4113390332829714,True,True,0.0,0.0,25.49400474892708,1,1
7B_H197L_I198L,271828,202,CYS,175.4229473968232,,-0.6365;1.6735;-0.9910,5.501731363852656,5.513085343072425,False,False,0.09602864156073501,0.1358050072714561,11.816315368314608,1,2
7B_H197L_I198L,271828,203,CYS,-62.13265308248275,,0.0865;-1.9120;0.6910,3.4421490380284236,3.538630667362731,True,True,0.23555360324138513,0.3331231003698179,17.786323157839462,1,2
7B_H197L_I198L,271828,204,LEU,-66.09304788021592,176.68333313044494,1.5047;2.1285;0.2125,6.627402884991978,6.52924658747087,False,False,0.05444263035526489,0.09978476837674165,0.0,1,1
7B_H197L_I198L,271828,205,THR,63.65968645254459,,1.8177;-0.6230;-0.3273,3.4099536653743554,3.394346181520087,True,True,0.03310589071449395,0.042166337284616724,36.419855314535745,2,2
7B_H197L_I198L,271828,206,ARG,-166.38602744732503,165.52117799985209,-0.2394;-1.2116;4.0577,3.231533382157764,3.2937859675455536,True,True,0.11610463261337044,0.15986244086714096,38.16323307026019,4,1
7B_H197L_I198L,271828,207,GLU,-57.038118565981954,-171.34607665195682,1.2132;-1.7032;-2.5448,3.1681409375215623,3.1512908466214284,True,True,0.3550025352022152,0.428301295818727,30.94861462867644,1,3
7B_H197L_I198L,271828,208,THR,-49.66115999128745,,-0.0333;1.2580;1.4900,5.46344918526749,5.4338047443757125,False,False,0.20714085384909786,0.26109768286984125,0.0,2,2
7B_H197L_I198L,271828,209,TRP,70.77216659663817,89.3824331008734,2.5327;0.5542;-2.9872,7.364058256151971,7.368587449436967,False,False,0.0,0.0,35.636705353381025,2,1
7B_H197L_I198L,271828,210,LYS,-63.59529035192367,-175.35213443373277,2.8746;-0.4638;-2.5024,6.579377022180747,6.586441603779692,False,False,0.0,0.0,85.47782736565702,2,1
7B_H197L_I198L,161803,190,VAL,169.38099512260882,,0.9337;1.2177;-1.2413,11.831355163293848,11.842091833793555,False,False,0.0,0.0,1.7805369063301848,1,1
7B_H197L_I198L,161803,191,PHE,-65.46195612286809,-52.20344240227585,-0.0123;3.1027;-1.4879,10.33832795958805,10.37155687445236,False,False,0.0,0.0,71.59654314613783,1,1
7B_H197L_I198L,161803,192,GLU,-177.08745296174877,175.95383624194068,-1.7436;-2.8208;-0.3644,4.494620562405685,4.786142496833959,False,False,0.25144701231074545,0.3862822802045152,24.59439005761756,1,3
7B_H197L_I198L,161803,193,PRO,-25.653605273050395,,0.7777;-0.2950;-1.6673,6.494703765376832,6.546055911768552,False,False,0.0,0.0,51.55714827696012,0,1
7B_H197L_I198L,161803,194,THR,-52.397011580742266,,1.1337;1.4683;-0.5910,8.302578515136128,8.352941098798675,False,False,0.0,0.0,13.102051431704398,2,2
7B_H197L_I198L,161803,195,TRP,-166.55178851043294,-91.31286517532178,-2.9478;2.1397;-1.0491,7.214208827030168,7.285908934374626,False,False,0.0,0.0,60.2923171978354,2,1
7B_H197L_I198L,161803,196,LYS,-76.76681386561326,170.55142917585766,0.0944;-3.2664;-1.9348,3.0718103782623034,3.0441376447197657,True,True,0.09371445993015158,0.1286157066613556,76.86367848428424,2,1
7B_H197L_I198L,161803,197,LEU,-167.59494705460563,64.04064279530178,2.4132;0.1342;0.9837,5.661477369026568,5.594892760366369,False,False,1.4820511968214862,2.106578268187536,12.069498283762815,1,1
7B_H197L_I198L,161803,198,LEU,-68.26479318481725,172.15308318619063,1.9340;1.6210;-0.7897,7.961865924517945,8.048196381798844,False,False,0.38400716139155505,0.5879115579744965,84.57823230930157,1,1
7B_H197L_I198L,161803,199,GLY,,,,6.565968397730833,6.712708991159977,False,False,0.0,0.0,15.081372613190478,1,1
7B_H197L_I198L,161803,200,ASP,-158.51880383240416,27.516310726069907,-1.2475;0.0300;2.1915,3.5216197977635235,3.683334494720782,True,True,0.7407788131419528,1.1041652955966335,34.01500540812093,1,3
7B_H197L_I198L,161803,201,GLY,,,,3.402889654396687,3.4113390332829714,True,True,0.0,0.0,25.49400474892708,1,1
7B_H197L_I198L,161803,202,CYS,175.4229473968232,,-0.6365;1.6735;-0.9910,5.501731363852656,5.513085343072425,False,False,0.09602864156073501,0.1358050072714561,11.816315368314608,1,2
7B_H197L_I198L,161803,203,CYS,-62.13265308248275,,0.0865;-1.9120;0.6910,3.4421490380284236,3.538630667362731,True,True,0.23555360324138513,0.3331231003698179,17.786323157839462,1,2
7B_H197L_I198L,161803,204,LEU,-66.09304788021592,176.68333313044494,1.5047;2.1285;0.2125,6.627402884991978,6.52924658747087,False,False,0.05444263035526489,0.09978476837674165,0.0,1,1
7B_H197L_I198L,161803,205,THR,63.65968645254459,,1.8177;-0.6230;-0.3273,3.4099536653743554,3.394346181520087,True,True,0.03310589071449395,0.042166337284616724,36.419855314535745,2,2
7B_H197L_I198L,161803,206,ARG,-166.38602744732503,165.52117799985209,-0.2394;-1.2116;4.0577,3.231533382157764,3.2937859675455536,True,True,0.11610463261337044,0.15986244086714096,38.16323307026019,4,1
7B_H197L_I198L,161803,207,GLU,-57.038118565981954,-171.34607665195682,1.2132;-1.7032;-2.5448,3.1681409375215623,3.1512908466214284,True,True,0.3550025352022152,0.428301295818727,30.94861462867644,1,3
7B_H197L_I198L,161803,208,THR,-49.66115999128745,,-0.0333;1.2580;1.4900,5.46344918526749,5.4338047443757125,False,False,0.20714085384909786,0.26109768286984125,0.0,2,2
7B_H197L_I198L,161803,209,TRP,70.77216659663817,89.3824331008734,2.5327;0.5542;-2.9872,7.364058256151971,7.368587449436967,False,False,0.0,0.0,35.636705353381025,2,1
7B_H197L_I198L,161803,210,LYS,-63.59529035192367,-175.35213443373277,2.8746;-0.4638;-2.5024,6.579377022180747,6.586441603779692,False,False,0.0,0.0,85.47782736565702,2,1
7B_G199F,314159,190,VAL,169.38099512260882,,0.9337;1.2177;-1.2413,11.831355163293848,11.897126753968791,False,False,0.0,0.0,1.7805369063301848,1,1
7B_G199F,314159,191,PHE,-65.46195612286809,-52.20344240227585,-0.0123;3.1027;-1.4879,10.33832795958805,10.336852664133314,False,False,0.0,0.0,71.59654314613783,1,1
7B_G199F,314159,192,GLU,-177.08745296174877,175.95383624194068,-1.7436;-2.8208;-0.3644,4.494620562405685,4.7249350260082945,False,False,0.13056875583385252,0.2156501796892378,24.59439005761756,1,3
7B_G199F,314159,193,PRO,-25.653605273050395,,0.7777;-0.2950;-1.6673,6.494703765376832,6.516615916255921,False,False,0.0,0.0,44.86052937656812,0,1
7B_G199F,314159,194,THR,-52.397011580742266,,1.1337;1.4683;-0.5910,8.302578515136128,8.361442578885535,False,False,0.0,0.0,14.988970519266767,2,2
7B_G199F,314159,195,TRP,-166.55178851043294,-91.31286517532178,-2.9478;2.1397;-1.0491,7.214208827030168,7.2607708957107295,False,False,0.0,0.0,17.83663772768211,2,1
7B_G199F,314159,196,LYS,-76.76681386561326,170.55142917585766,0.0944;-3.2664;-1.9348,3.0718103782623034,3.1126782679872327,True,True,0.07007567338242239,0.10715876072444976,72.2527629466105,2,1
7B_G199F,314159,197,HIS,-65.47891268673396,-44.54730844492721,2.6273;-1.7640;-0.1967,5.6215423150590995,5.543133590307923,False,False,0.18309423803058367,0.29969484480050756,40.42580809937556,2,2
7B_G199F,314159,198,ILE,57.13950447537415,167.00296666427005,0.9730;1.2535;-1.8042,7.961865924517945,7.983862098007455,False,False,1.172784826811807,1.593334239888166,53.245283089366595,1,1
7B_G199F,314159,199,PHE,60.01563277324854,-60.008469018644355,0.0514;3.1387;-1.2593,6.565968397730833,6.585768671916742,False,False,0.9479322609915601,1.6052183652076741,40.767544657746825,1,1
7B_G199F,314159,200,ASP,-158.51880383240416,27.516310726069907,-1.2475;0.0300;2.1915,3.5216197977635235,3.5511368602181475,True,True,0.48967846593453546,0.7723017544975544,34.01500540812093,1,3
7B_G199F,314159,201,GLY,,,,3.402889654396687,3.437235662563742,True,True,0.0,0.0,25.49400474892708,1,1
7B_G199F,314159,202,CYS,175.4229473968232,,-0.6365;1.6735;-0.9910,5.501731363852656,5.5081761954389235,False,False,0.13227622613304388,0.18706683297688106,11.816315368314608,1,2
7B_G199F,314159,203,CYS,-62.13265308248275,,0.0865;-1.9120;0.6910,3.4421490380284236,3.543306506640372,True,True,0.2903041508487256,0.41055206734347255,17.786323157839462,1,2
7B_G199F,314159,204,LEU,-66.09304788021592,176.68333313044494,1.5047;2.1285;0.2125,6.627402884991978,6.6296911692777964,False,False,0.09792726892954796,0.18180484041961026,0.0,1,1
7B_G199F,314159,205,THR,63.65968645254459,,1.8177;-0.6230;-0.3273,3.4099536653743554,3.4156923163540354,True,True,0.0678257571526726,0.08581957818586647,36.419855314535745,2,2
7B_G199F,314159,206,ARG,-166.38602744732503,165.52117799985209,-0.2394;-1.2116;4.0577,3.231533382157764,3.2454309421092296,True,True,0.08258069646455778,0.12442668524074695,38.16323307026019,4,1
7B_G199F,314159,207,GLU,-57.038118565981954,-171.34607665195682,1.2132;-1.7032;-2.5448,3.1681409375215623,3.0759526979457927,True,True,0.4551234997228774,0.5931955832606988,30.94861462867644,1,3
7B_G199F,314159,208,THR,-49.66115999128745,,-0.0333;1.2580;1.4900,5.46344918526749,5.3338771076956775,False,False,0.16009059934924316,0.20152419209613462,0.0,2,2
7B_G199F,314159,209,TRP,70.77216659663817,89.3824331008734,2.5327;0.5542;-2.9872,7.364058256151971,7.309855402126638,False,False,0.0,0.0,35.636705353381025,2,1
7B_G199F,314159,210,LYS,-63.59529035192367,-175.35213443373277,2.8746;-0.4638;-2.5024,6.579377022180747,6.523835834844404,False,False,0.0,0.0,85.47782736565702,2,1
7B_G199F,271828,190,VAL,169.38099512260882,,0.9337;1.2177;-1.2413,11.831355163293848,11.897126753968791,False,False,0.0,0.0,1.7805369063301848,1,1
7B_G199F,271828,191,PHE,-65.46195612286809,-52.20344240227585,-0.0123;3.1027;-1.4879,10.33832795958805,10.336852664133314,False,False,0.0,0.0,71.59654314613783,1,1
7B_G199F,271828,192,GLU,-177.08745296174877,175.95383624194068,-1.7436;-2.8208;-0.3644,4.494620562405685,4.7249350260082945,False,False,0.13056875583385252,0.2156501796892378,24.59439005761756,1,3
7B_G199F,271828,193,PRO,-25.653605273050395,,0.7777;-0.2950;-1.6673,6.494703765376832,6.516615916255921,False,False,0.0,0.0,44.86052937656812,0,1
7B_G199F,271828,194,THR,-52.397011580742266,,1.1337;1.4683;-0.5910,8.302578515136128,8.361442578885535,False,False,0.0,0.0,14.988970519266767,2,2
7B_G199F,271828,195,TRP,-166.55178851043294,-91.31286517532178,-2.9478;2.1397;-1.0491,7.214208827030168,7.2607708957107295,False,False,0.0,0.0,17.83663772768211,2,1
7B_G199F,271828,196,LYS,-76.76681386561326,170.55142917585766,0.0944;-3.2664;-1.9348,3.0718103782623034,3.1126782679872327,True,True,0.07007567338242239,0.10715876072444976,72.2527629466105,2,1
7B_G199F,271828,197,HIS,-65.47891268673396,-44.54730844492721,2.6273;-1.7640;-0.1967,5.6215423150590995,5.543133590307923,False,False,0.18309423803058367,0.29969484480050756,40.42580809937556,2,2
7B_G199F,271828,198,ILE,57.13950447537415,167.00296666427005,0.9730;1.2535;-1.8042,7.961865924517945,7.983862098007455,False,False,1.172784826811807,1.593334239888166,53.245283089366595,1,1
7B_G199F,271828,199,PHE,60.01563277324854,-60.008469018644355,0.0514;3.1387;-1.2593,6.565968397730833,6.585768671916742,False,False,0.9479322609915601,1.6052183652076741,40.767544657746825,1,1
7B_G199F,271828,200,ASP,-158.51880383240416,27.516310726069907,-1.2475;0.0300;2.1915,3.5216197977635235,3.5511368602181475,True,True,0.48967846593453546,0.7723017544975544,34.01500540812093,1,3
7B_G199F,271828,201,GLY,,,,3.402889654396687,3.437235662563742,True,True,0.0,0.0,25.49400474892708,1,1
7B_G199F,271828,202,CYS,175.4229473968232,,-0.6365;1.6735;-0.9910,5.501731363852656,5.5081761954389235,False,False,0.13227622613304388,0.18706683297688106,11.816315368314608,1,2
7B_G199F,271828,203,CYS,-62.13265308248275,,0.0865;-1.9120;0.6910,3.4421490380284236,3.543306506640372,True,True,0.2903041508487256,0.41055206734347255,17.786323157839462,1,2
7B_G199F,271828,204,LEU,-66.09304788021592,176.68333313044494,1.5047;2.1285;0.2125,6.627402884991978,6.6296911692777964,False,False,0.09792726892954796,0.18180484041961026,0.0,1,1
7B_G199F,271828,205,THR,63.65968645254459,,1.8177;-0.6230;-0.3273,3.4099536653743554,3.4156923163540354,True,True,0.0678257571526726,0.08581957818586647,36.419855314535745,2,2
7B_G199F,271828,206,ARG,-166.38602744732503,165.52117799985209,-0.2394;-1.2116;4.0577,3.231533382157764,3.2454309421092296,True,True,0.08258069646455778,0.12442668524074695,38.16323307026019,4,1
7B_G199F,271828,207,GLU,-57.038118565981954,-171.34607665195682,1.2132;-1.7032;-2.5448,3.1681409375215623,3.0759526979457927,True,True,0.4551234997228774,0.5931955832606988,30.94861462867644,1,3
7B_G199F,271828,208,THR,-49.66115999128745,,-0.0333;1.2580;1.4900,5.46344918526749,5.3338771076956775,False,False,0.16009059934924316,0.20152419209613462,0.0,2,2
7B_G199F,271828,209,TRP,70.77216659663817,89.3824331008734,2.5327;0.5542;-2.9872,7.364058256151971,7.309855402126638,False,False,0.0,0.0,35.636705353381025,2,1
7B_G199F,271828,210,LYS,-63.59529035192367,-175.35213443373277,2.8746;-0.4638;-2.5024,6.579377022180747,6.523835834844404,False,False,0.0,0.0,85.47782736565702,2,1
7B_G199F,161803,190,VAL,169.38099512260882,,0.9337;1.2177;-1.2413,11.831355163293848,11.897126753968791,False,False,0.0,0.0,1.7805369063301848,1,1
7B_G199F,161803,191,PHE,-65.46195612286809,-52.20344240227585,-0.0123;3.1027;-1.4879,10.33832795958805,10.336852664133314,False,False,0.0,0.0,71.59654314613783,1,1
7B_G199F,161803,192,GLU,-177.08745296174877,175.95383624194068,-1.7436;-2.8208;-0.3644,4.494620562405685,4.7249350260082945,False,False,0.13056875583385252,0.2156501796892378,24.59439005761756,1,3
7B_G199F,161803,193,PRO,-25.653605273050395,,0.7777;-0.2950;-1.6673,6.494703765376832,6.516615916255921,False,False,0.0,0.0,44.86052937656812,0,1
7B_G199F,161803,194,THR,-52.397011580742266,,1.1337;1.4683;-0.5910,8.302578515136128,8.361442578885535,False,False,0.0,0.0,14.988970519266767,2,2
7B_G199F,161803,195,TRP,-166.55178851043294,-91.31286517532178,-2.9478;2.1397;-1.0491,7.214208827030168,7.2607708957107295,False,False,0.0,0.0,17.83663772768211,2,1
7B_G199F,161803,196,LYS,-76.76681386561326,170.55142917585766,0.0944;-3.2664;-1.9348,3.0718103782623034,3.1126782679872327,True,True,0.07007567338242239,0.10715876072444976,72.2527629466105,2,1
7B_G199F,161803,197,HIS,-65.47891268673396,-44.54730844492721,2.6273;-1.7640;-0.1967,5.6215423150590995,5.543133590307923,False,False,0.18309423803058367,0.29969484480050756,40.42580809937556,2,2
7B_G199F,161803,198,ILE,57.13950447537415,167.00296666427005,0.9730;1.2535;-1.8042,7.961865924517945,7.983862098007455,False,False,1.172784826811807,1.593334239888166,53.245283089366595,1,1
7B_G199F,161803,199,PHE,60.01563277324854,-60.008469018644355,0.0514;3.1387;-1.2593,6.565968397730833,6.585768671916742,False,False,0.9479322609915601,1.6052183652076741,40.767544657746825,1,1
7B_G199F,161803,200,ASP,-158.51880383240416,27.516310726069907,-1.2475;0.0300;2.1915,3.5216197977635235,3.5511368602181475,True,True,0.48967846593453546,0.7723017544975544,34.01500540812093,1,3
7B_G199F,161803,201,GLY,,,,3.402889654396687,3.437235662563742,True,True,0.0,0.0,25.49400474892708,1,1
7B_G199F,161803,202,CYS,175.4229473968232,,-0.6365;1.6735;-0.9910,5.501731363852656,5.5081761954389235,False,False,0.13227622613304388,0.18706683297688106,11.816315368314608,1,2
7B_G199F,161803,203,CYS,-62.13265308248275,,0.0865;-1.9120;0.6910,3.4421490380284236,3.543306506640372,True,True,0.2903041508487256,0.41055206734347255,17.786323157839462,1,2
7B_G199F,161803,204,LEU,-66.09304788021592,176.68333313044494,1.5047;2.1285;0.2125,6.627402884991978,6.6296911692777964,False,False,0.09792726892954796,0.18180484041961026,0.0,1,1
7B_G199F,161803,205,THR,63.65968645254459,,1.8177;-0.6230;-0.3273,3.4099536653743554,3.4156923163540354,True,True,0.0678257571526726,0.08581957818586647,36.419855314535745,2,2
7B_G199F,161803,206,ARG,-166.38602744732503,165.52117799985209,-0.2394;-1.2116;4.0577,3.231533382157764,3.2454309421092296,True,True,0.08258069646455778,0.12442668524074695,38.16323307026019,4,1
7B_G199F,161803,207,GLU,-57.038118565981954,-171.34607665195682,1.2132;-1.7032;-2.5448,3.1681409375215623,3.0759526979457927,True,True,0.4551234997228774,0.5931955832606988,30.94861462867644,1,3
7B_G199F,161803,208,THR,-49.66115999128745,,-0.0333;1.2580;1.4900,5.46344918526749,5.3338771076956775,False,False,0.16009059934924316,0.20152419209613462,0.0,2,2
7B_G199F,161803,209,TRP,70.77216659663817,89.3824331008734,2.5327;0.5542;-2.9872,7.364058256151971,7.309855402126638,False,False,0.0,0.0,35.636705353381025,2,1
7B_G199F,161803,210,LYS,-63.59529035192367,-175.35213443373277,2.8746;-0.4638;-2.5024,6.579377022180747,6.523835834844404,False,False,0.0,0.0,85.47782736565702,2,1
7B_T208S,314159,190,VAL,169.38099512260882,,0.9337;1.2177;-1.2413,11.831355163293848,11.83762704261289,False,False,0.0,0.0,1.7805369063301848,1,1
7B_T208S,314159,191,PHE,-65.46195612286809,-52.20344240227585,-0.0123;3.1027;-1.4879,10.33832795958805,10.269750629883863,False,False,0.0,0.0,71.59654314613783,1,1
7B_T208S,314159,192,GLU,-177.08745296174877,175.95383624194068,-1.7436;-2.8208;-0.3644,4.494620562405685,4.702433625262562,False,False,0.20874338312866375,0.3560575796131857,24.59439005761756,1,3
7B_T208S,314159,193,PRO,-25.653605273050395,,0.7777;-0.2950;-1.6673,6.494703765376832,6.487924937913508,False,False,0.0,0.0,44.86052937656812,0,1
7B_T208S,314159,194,THR,-52.397011580742266,,1.1337;1.4683;-0.5910,8.302578515136128,8.272856882601076,False,False,0.0,0.0,14.988970519266767,2,2
7B_T208S,314159,195,TRP,-166.55178851043294,-91.31286517532178,-2.9478;2.1397;-1.0491,7.214208827030168,7.170061715215567,False,False,0.0,0.0,45.19696449733646,2,1
7B_T208S,314159,196,LYS,-76.76681386561326,170.55142917585766,0.0944;-3.2664;-1.9348,3.0718103782623034,3.002093436254108,True,True,0.07514918495898665,0.12047406359876761,72.2527629466105,2,1
7B_T208S,314159,197,HIS,-65.47891268673396,-44.54730844492721,2.6273;-1.7640;-0.1967,5.6215423150590995,5.456465247758846,False,False,0.24465962751000306,0.3954604910733827,40.42580809937556,2,2
7B_T208S,314159,198,ILE,57.13950447537415,167.00296666427005,0.9730;1.2535;-1.8042,7.961865924517945,8.002651185700898,False,False,0.3788631019246922,0.45000777771056377,69.58926179003481,1,1
7B_T208S,314159,199,GLY,,,,6.565968397730833,6.6846106094521325,False,False,0.0,0.0,15.081372613190478,1,1
7B_T208S,314159,200,ASP,-158.51880383240416,27.516310726069907,-1.2475;0.0300;2.1915,3.5216197977635235,3.653071858039477,True,True,0.646343368496962,0.9756623391317302,34.01500540812093,1,3
7B_T208S,314159,201,GLY,,,,3.402889654396687,3.3051046882058066,True,True,0.0,0.0,25.49400474892708,1,1
7B_T208S,314159,202,CYS,175.4229473968232,,-0.6365;1.6735;-0.9910,5.501731363852656,5.394698972139224,False,False,0.255257712909914,0.36098891949753825,11.816315368314608,1,2
7B_T208S,314159,203,CYS,-62.13265308248275,,0.0865;-1.9120;0.6910,3.4421490380284236,3.468116924211178,True,True,0.2987733254492441,0.42252928892563163,17.786323157839462,1,2
7B_T208S,314159,204,LEU,-66.09304788021592,176.68333313044494,1.5047;2.1285;0.2125,6.627402884991978,6.596214065659179,False,False,0.03925238846235979,0.07128113354878661,0.0,1,1
7B_T208S,314159,205,THR,63.65968645254459,,1.8177;-0.6230;-0.3273,3.4099536653743554,3.3792232835372094,True,True,0.008793937305514985,0.010770329614269306,36.419855314535745,2,2
7B_T208S,314159,206,ARG,-166.38602744732503,165.52117799985209,-0.2394;-1.2116;4.0577,3.231533382157764,3.306531415244682,True,True,0.06638201133267556,0.10858176642512377,38.16323307026019,4,1
7B_T208S,314159,207,GLU,-57.038118565981954,-171.34607665195682,1.2132;-1.7032;-2.5448,3.1681409375215623,3.09181338376041,True,True,0.22268408115534427,0.288334874755032,30.94861462867644,1,3
7B_T208S,314159,208,SER,-56.74636789116209,,0.4825;1.3085;1.2865,5.46344918526749,5.370611697004355,False,False,0.10355191934483916,0.1464445287472364,0.0,2,2
7B_T208S,314159,209,TRP,70.77216659663817,89.3824331008734,2.5327;0.5542;-2.9872,7.364058256151971,7.303289190494923,False,False,0.0,0.0,35.636705353381025,2,1
7B_T208S,314159,210,LYS,-63.59529035192367,-175.35213443373277,2.8746;-0.4638;-2.5024,6.579377022180747,6.524843369767583,False,False,0.0,0.0,85.47782736565702,2,1
7B_T208S,271828,190,VAL,169.38099512260882,,0.9337;1.2177;-1.2413,11.831355163293848,11.83762704261289,False,False,0.0,0.0,1.7805369063301848,1,1
7B_T208S,271828,191,PHE,-65.46195612286809,-52.20344240227585,-0.0123;3.1027;-1.4879,10.33832795958805,10.269750629883863,False,False,0.0,0.0,71.59654314613783,1,1
7B_T208S,271828,192,GLU,-177.08745296174877,175.95383624194068,-1.7436;-2.8208;-0.3644,4.494620562405685,4.702433625262562,False,False,0.20874338312866375,0.3560575796131857,24.59439005761756,1,3
7B_T208S,271828,193,PRO,-25.653605273050395,,0.7777;-0.2950;-1.6673,6.494703765376832,6.487924937913508,False,False,0.0,0.0,44.86052937656812,0,1
7B_T208S,271828,194,THR,-52.397011580742266,,1.1337;1.4683;-0.5910,8.302578515136128,8.272856882601076,False,False,0.0,0.0,14.988970519266767,2,2
7B_T208S,271828,195,TRP,-166.55178851043294,-91.31286517532178,-2.9478;2.1397;-1.0491,7.214208827030168,7.170061715215567,False,False,0.0,0.0,45.19696449733646,2,1
7B_T208S,271828,196,LYS,-76.76681386561326,170.55142917585766,0.0944;-3.2664;-1.9348,3.0718103782623034,3.002093436254108,True,True,0.07514918495898665,0.12047406359876761,72.2527629466105,2,1
7B_T208S,271828,197,HIS,-65.47891268673396,-44.54730844492721,2.6273;-1.7640;-0.1967,5.6215423150590995,5.456465247758846,False,False,0.24465962751000306,0.3954604910733827,40.42580809937556,2,2
7B_T208S,271828,198,ILE,57.13950447537415,167.00296666427005,0.9730;1.2535;-1.8042,7.961865924517945,8.002651185700898,False,False,0.3788631019246922,0.45000777771056377,69.58926179003481,1,1
7B_T208S,271828,199,GLY,,,,6.565968397730833,6.6846106094521325,False,False,0.0,0.0,15.081372613190478,1,1
7B_T208S,271828,200,ASP,-158.51880383240416,27.516310726069907,-1.2475;0.0300;2.1915,3.5216197977635235,3.653071858039477,True,True,0.646343368496962,0.9756623391317302,34.01500540812093,1,3
7B_T208S,271828,201,GLY,,,,3.402889654396687,3.3051046882058066,True,True,0.0,0.0,25.49400474892708,1,1
7B_T208S,271828,202,CYS,175.4229473968232,,-0.6365;1.6735;-0.9910,5.501731363852656,5.394698972139224,False,False,0.255257712909914,0.36098891949753825,11.816315368314608,1,2
7B_T208S,271828,203,CYS,-62.13265308248275,,0.0865;-1.9120;0.6910,3.4421490380284236,3.468116924211178,True,True,0.2987733254492441,0.42252928892563163,17.786323157839462,1,2
7B_T208S,271828,204,LEU,-66.09304788021592,176.68333313044494,1.5047;2.1285;0.2125,6.627402884991978,6.596214065659179,False,False,0.03925238846235979,0.07128113354878661,0.0,1,1
7B_T208S,271828,205,THR,63.65968645254459,,1.8177;-0.6230;-0.3273,3.4099536653743554,3.3792232835372094,True,True,0.008793937305514985,0.010770329614269306,36.419855314535745,2,2
7B_T208S,271828,206,ARG,-166.38602744732503,165.52117799985209,-0.2394;-1.2116;4.0577,3.231533382157764,3.306531415244682,True,True,0.06638201133267556,0.10858176642512377,38.16323307026019,4,1
7B_T208S,271828,207,GLU,-57.038118565981954,-171.34607665195682,1.2132;-1.7032;-2.5448,3.1681409375215623,3.09181338376041,True,True,0.22268408115534427,0.288334874755032,30.94861462867644,1,3
7B_T208S,271828,208,SER,-56.74636789116209,,0.4825;1.3085;1.2865,5.46344918526749,5.370611697004355,False,False,0.10355191934483916,0.1464445287472364,0.0,2,2
7B_T208S,271828,209,TRP,70.77216659663817,89.3824331008734,2.5327;0.5542;-2.9872,7.364058256151971,7.303289190494923,False,False,0.0,0.0,35.636705353381025,2,1
7B_T208S,271828,210,LYS,-63.59529035192367,-175.35213443373277,2.8746;-0.4638;-2.5024,6.579377022180747,6.524843369767583,False,False,0.0,0.0,85.47782736565702,2,1
7B_T208S,161803,190,VAL,169.38099512260882,,0.9337;1.2177;-1.2413,11.831355163293848,11.83762704261289,False,False,0.0,0.0,1.7805369063301848,1,1
7B_T208S,161803,191,PHE,-65.46195612286809,-52.20344240227585,-0.0123;3.1027;-1.4879,10.33832795958805,10.269750629883863,False,False,0.0,0.0,71.59654314613783,1,1
7B_T208S,161803,192,GLU,-177.08745296174877,175.95383624194068,-1.7436;-2.8208;-0.3644,4.494620562405685,4.702433625262562,False,False,0.20874338312866375,0.3560575796131857,24.59439005761756,1,3
7B_T208S,161803,193,PRO,-25.653605273050395,,0.7777;-0.2950;-1.6673,6.494703765376832,6.487924937913508,False,False,0.0,0.0,44.86052937656812,0,1
7B_T208S,161803,194,THR,-52.397011580742266,,1.1337;1.4683;-0.5910,8.302578515136128,8.272856882601076,False,False,0.0,0.0,14.988970519266767,2,2
7B_T208S,161803,195,TRP,-166.55178851043294,-91.31286517532178,-2.9478;2.1397;-1.0491,7.214208827030168,7.170061715215567,False,False,0.0,0.0,45.19696449733646,2,1
7B_T208S,161803,196,LYS,-76.76681386561326,170.55142917585766,0.0944;-3.2664;-1.9348,3.0718103782623034,3.002093436254108,True,True,0.07514918495898665,0.12047406359876761,72.2527629466105,2,1
7B_T208S,161803,197,HIS,-65.47891268673396,-44.54730844492721,2.6273;-1.7640;-0.1967,5.6215423150590995,5.456465247758846,False,False,0.24465962751000306,0.3954604910733827,40.42580809937556,2,2
7B_T208S,161803,198,ILE,57.13950447537415,167.00296666427005,0.9730;1.2535;-1.8042,7.961865924517945,8.002651185700898,False,False,0.3788631019246922,0.45000777771056377,69.58926179003481,1,1
7B_T208S,161803,199,GLY,,,,6.565968397730833,6.6846106094521325,False,False,0.0,0.0,15.081372613190478,1,1
7B_T208S,161803,200,ASP,-158.51880383240416,27.516310726069907,-1.2475;0.0300;2.1915,3.5216197977635235,3.653071858039477,True,True,0.646343368496962,0.9756623391317302,34.01500540812093,1,3
7B_T208S,161803,201,GLY,,,,3.402889654396687,3.3051046882058066,True,True,0.0,0.0,25.49400474892708,1,1
7B_T208S,161803,202,CYS,175.4229473968232,,-0.6365;1.6735;-0.9910,5.501731363852656,5.394698972139224,False,False,0.255257712909914,0.36098891949753825,11.816315368314608,1,2
7B_T208S,161803,203,CYS,-62.13265308248275,,0.0865;-1.9120;0.6910,3.4421490380284236,3.468116924211178,True,True,0.2987733254492441,0.42252928892563163,17.786323157839462,1,2
7B_T208S,161803,204,LEU,-66.09304788021592,176.68333313044494,1.5047;2.1285;0.2125,6.627402884991978,6.596214065659179,False,False,0.03925238846235979,0.07128113354878661,0.0,1,1
7B_T208S,161803,205,THR,63.65968645254459,,1.8177;-0.6230;-0.3273,3.4099536653743554,3.3792232835372094,True,True,0.008793937305514985,0.010770329614269306,36.419855314535745,2,2
7B_T208S,161803,206,ARG,-166.38602744732503,165.52117799985209,-0.2394;-1.2116;4.0577,3.231533382157764,3.306531415244682,True,True,0.06638201133267556,0.10858176642512377,38.16323307026019,4,1
7B_T208S,161803,207,GLU,-57.038118565981954,-171.34607665195682,1.2132;-1.7032;-2.5448,3.1681409375215623,3.09181338376041,True,True,0.22268408115534427,0.288334874755032,30.94861462867644,1,3
7B_T208S,161803,208,SER,-56.74636789116209,,0.4825;1.3085;1.2865,5.46344918526749,5.370611697004355,False,False,0.10355191934483916,0.1464445287472364,0.0,2,2
7B_T208S,161803,209,TRP,70.77216659663817,89.3824331008734,2.5327;0.5542;-2.9872,7.364058256151971,7.303289190494923,False,False,0.0,0.0,35.636705353381025,2,1
7B_T208S,161803,210,LYS,-63.59529035192367,-175.35213443373277,2.8746;-0.4638;-2.5024,6.579377022180747,6.524843369767583,False,False,0.0,0.0,85.47782736565702,2,1
