state,paralog,cofactor_state,compound_id,pose_rank,affinity_kcal_mol,centroid_x,centroid_y,centroid_z,orientation_axis_x,orientation_axis_y,orientation_axis_z,pocket_sphere_fraction_4A,nearest_pocket_sphere_A,sam_min_heavy_distance_A,sam_contacts_lt3A,sam_contacts_lt4A,sam_hard_overlaps_lt2A,sam_overlap_proxy_A3,protein_contacts,hydrophobic_contacts,aromatic_contacts,hydrogen_bond_candidates,amine_environment,chlorine_environment,burial_atom_fraction_4p5A,mouth_projection_A,farthest_mouth_projection_A,exits_toward_mouth,classification
7A_APO,7A,APO,23CL2BA,1,-6.279,8.1615,-2.0148,-2.3661000000000003,0.5872298312036476,0.607695056012426,0.5346661053803486,1.0,0.2414518585556959,,,,,,A:CYS148;A:CYS202;A:HIS175;A:LEU145;A:LEU40;A:PHE199;A:PHE36;A:PHE39;A:PHE43;A:SER149;A:TRP195;A:TRP231;A:VAL234,A:LEU145;A:LEU40;A:PHE199;A:PHE36;A:PHE39;A:PHE43;A:TRP195;A:TRP231;A:VAL234,A:HIS175;A:PHE199;A:PHE36;A:PHE39;A:PHE43;A:TRP195;A:TRP231,A:PHE199,A:CYS202;A:PHE199;A:PHE36;A:SER149,A:CYS148;A:CYS202;A:HIS175;A:LEU145;A:PHE43;A:VAL234,1.0,-0.7358593891161724,2.2900352263276713,False,SAM_COMPATIBLE
7A_APO,7A,APO,23CL2BA,2,-6.22,7.833300000000001,-1.8655000000000002,-2.0201000000000002,0.9816296211532565,0.16323419475987966,0.09878200512040565,1.0,0.3253705579796673,,,,,,A:CYS148;A:CYS202;A:HIS175;A:LEU145;A:LEU40;A:PHE199;A:PHE36;A:PHE39;A:PHE43;A:SER149;A:TRP195;A:TRP231;A:VAL234,A:LEU145;A:LEU40;A:PHE199;A:PHE36;A:PHE39;A:PHE43;A:TRP195;A:TRP231;A:VAL234,A:HIS175;A:PHE199;A:PHE36;A:PHE43;A:TRP195;A:TRP231,A:LEU145,A:CYS148;A:CYS202;A:LEU145;A:SER149,A:LEU40;A:PHE199;A:PHE36;A:PHE39;A:PHE43;A:TRP195;A:TRP231,1.0,-0.436958952896015,1.5842085227783582,False,SAM_COMPATIBLE
7A_APO,7A,APO,23CL2BA,3,-6.184,8.520799999999998,-1.0598,-1.8364,0.08827874228671939,0.7337883833229736,0.6736181946477775,1.0,0.14839474384222637,,,,,,A:CYS148;A:CYS202;A:HIS175;A:HIS237;A:LEU145;A:LEU229;A:PHE199;A:PHE36;A:PHE39;A:PHE43;A:TRP195;A:TRP231;A:TYR47;A:VAL234,A:LEU145;A:PHE199;A:PHE36;A:PHE39;A:PHE43;A:TRP195;A:TRP231;A:VAL234,A:HIS175;A:HIS237;A:PHE199;A:PHE39;A:PHE43;A:TRP195;A:TRP231;A:TYR47,,A:HIS237;A:LEU145;A:LEU229;A:PHE43;A:TYR47;A:VAL234,A:CYS148;A:CYS202;A:HIS175;A:LEU145;A:PHE199;A:PHE36,1.0,0.35125524509264067,3.5690192701713714,False,SAM_COMPATIBLE
7A_APO,7A,APO,23CL2BA,4,-5.758,8.328700000000001,-1.5958,-2.1442,0.555254682387388,0.6500703494558898,0.5187492442839591,1.0,0.3409868032637039,,,,,,A:CYS202;A:HIS175;A:LEU145;A:LEU40;A:PHE199;A:PHE36;A:PHE39;A:PHE43;A:TRP195;A:TRP231;A:VAL234,A:LEU145;A:LEU40;A:PHE199;A:PHE36;A:PHE39;A:PHE43;A:TRP195;A:TRP231;A:VAL234,A:HIS175;A:PHE199;A:PHE36;A:PHE39;A:PHE43;A:TRP195;A:TRP231,A:PHE199,A:CYS202;A:PHE199;A:PHE36,A:PHE199;A:PHE39;A:PHE43;A:TRP195;A:TRP231;A:VAL234,1.0,-0.26491176850221576,1.879451851458176,False,SAM_COMPATIBLE
7A_APO,7A,APO,23CL2BA,5,-5.67,8.0022,-1.4257000000000002,-1.8026999999999997,0.02798672114334272,0.8382290543817408,0.5445996656535311,1.0,0.06047313453096322,,,,,,A:CYS148;A:CYS202;A:HIS175;A:HIS237;A:LEU145;A:LEU229;A:LEU40;A:PHE199;A:PHE36;A:PHE39;A:PHE43;A:TRP195;A:TRP231;A:TYR47;A:VAL234,A:LEU145;A:LEU40;A:PHE199;A:PHE36;A:PHE39;A:PHE43;A:TRP195;A:TRP231;A:VAL234,A:HIS175;A:PHE199;A:PHE36;A:PHE39;A:PHE43;A:TRP195,,A:HIS175;A:HIS237;A:LEU145;A:LEU229;A:PHE43;A:TYR47;A:VAL234,A:LEU40;A:PHE199;A:PHE36;A:PHE39;A:PHE43;A:TRP195;A:TRP231,0.8,0.045354094810337114,3.3301738760486685,False,SAM_COMPATIBLE
7A_APO,7A,APO,23CL2BA,6,-5.4,2.4025000000000003,-6.1243,-3.8482,0.5745171984886289,0.6002535288312975,0.5564401942404518,0.4,2.4268164331073745,,,,,,A:ASN100;A:ASP200;A:ASP98;A:GLY78;A:GLY80;A:LEU145;A:LEU40;A:PHE103;A:PHE199;A:PHE36;A:PRO99;A:SER149,A:LEU145;A:LEU40;A:PHE103;A:PHE199;A:PHE36;A:PRO99,A:PHE103;A:PHE199;A:PHE36,A:ASP200;A:ASP98,A:ASN100;A:ASP200;A:ASP98;A:PHE103;A:PRO99,A:ASP98;A:GLY78;A:GLY80;A:LEU145;A:LEU40;A:PHE103;A:PHE36,1.0,-5.482901249589318,-2.666030259598427,False,SAM_COMPATIBLE
7A_APO,7A,APO,23CL2BA,7,-5.368,3.2489999999999997,-5.1361,-3.6340000000000003,-0.5560401373638589,-0.8150113699064251,0.16302095743686681,0.6,0.8895200953323089,,,,,,A:ASP200;A:ASP98;A:CYS148;A:CYS202;A:GLY78;A:GLY80;A:LEU145;A:LEU40;A:PHE103;A:PHE199;A:PHE36;A:SER149,A:LEU145;A:LEU40;A:PHE103;A:PHE199;A:PHE36,A:PHE103;A:PHE199;A:PHE36,A:CYS148;A:LEU145;A:SER149,A:CYS148;A:CYS202;A:LEU145;A:SER149,A:ASP98;A:GLY78;A:GLY80;A:LEU145;A:LEU40;A:PHE103;A:PHE36,1.0,-4.523543898078359,-2.349407729514931,False,SAM_COMPATIBLE
7A_APO,7A,APO,23CL2BA,8,-5.27,3.1296000000000004,-5.3588,-3.457300000000001,0.6573479558062756,0.5954321344567681,-0.46190284503731804,0.5,0.4590098038168679,,,,,,A:ASP200;A:ASP98;A:CYS202;A:CYS79;A:GLY78;A:GLY80;A:LEU145;A:LEU40;A:PHE103;A:PHE199;A:PHE36;A:SER149;A:VAL146,A:LEU145;A:LEU40;A:PHE103;A:PHE199;A:PHE36,A:PHE103;A:PHE199;A:PHE36,A:ASP98;A:GLY78,A:ASP98;A:CYS79;A:GLY78;A:GLY80;A:PHE103;A:VAL146,A:CYS202;A:LEU145;A:LEU40;A:PHE199;A:PHE36;A:SER149,1.0,-4.5692221318417445,-2.3911859839804155,False,SAM_COMPATIBLE
7A_APO,7A,APO,23CL2BA,9,-5.255,-1.7853999999999999,-5.1019,-6.519799999999999,-0.8994329266450481,0.12084339061232323,0.42002057736739623,0.0,6.281964740429541,,,,,,A:ALA126;A:ASP200;A:ASP98;A:GLU128;A:GLY127;A:GLY78;A:PRO99;A:SER149;A:VAL146;A:VAL150;A:VAL77,A:ALA126;A:PRO99;A:VAL146;A:VAL150;A:VAL77,,A:ASP200,A:ASP200;A:PRO99;A:SER149,A:ASP98;A:GLY127;A:GLY78;A:PRO99;A:VAL146;A:VAL77,1.0,-7.308418053992759,-5.92901210057098,False,OUTSIDE_TARGET_SITE
7A_APO,7A,APO,23CL2BA,10,-5.246,2.1784,-5.5649999999999995,-2.8338999999999994,0.16067052193114953,-0.0036079643488711034,-0.9870015025194386,0.4,2.6704220640190943,,,,,,A:ASP200;A:ASP98;A:GLY78;A:GLY80;A:LEU145;A:LEU40;A:PHE199;A:PHE36;A:SER149;A:THR144;A:VAL146,A:LEU145;A:LEU40;A:PHE199;A:PHE36;A:VAL146,A:PHE103;A:PHE36,A:GLY78;A:LEU145;A:THR144,A:GLY78;A:LEU145;A:THR144;A:VAL146,A:ASP200;A:LEU145;A:LEU40;A:PHE199;A:PHE36;A:SER149,1.0,-4.4117508623979775,-1.7495864193791637,False,SAM_COMPATIBLE
7A_APO,7A,APO,23CL2BA,11,-5.24,7.6925,-1.8122,-2.4138,-0.8496610956978975,-0.4070621072253533,-0.3352259884297503,1.0,0.13487772240069867,,,,,,A:CYS148;A:CYS202;A:HIS175;A:LEU145;A:PHE199;A:PHE36;A:PHE39;A:PHE43;A:SER149;A:TRP195;A:TRP231;A:VAL234,A:LEU145;A:PHE199;A:PHE36;A:PHE39;A:PHE43;A:TRP195;A:TRP231,A:HIS175;A:PHE199;A:PHE36;A:PHE43;A:TRP195;A:TRP231,,A:PHE43;A:TRP195;A:TRP231;A:VAL234,A:CYS202;A:LEU145;A:PHE199;A:PHE36;A:PHE39;A:SER149,0.9,-0.7011142454206593,1.4023864380179225,False,SAM_COMPATIBLE
7A_APO,7A,APO,23CL2BA,12,-5.113,2.2389,-6.205900000000001,-3.7100999999999997,0.6004399167299461,0.62900637751995,0.493784247861923,0.2,1.6707881373770879,,,,,,A:ASN100;A:ASP200;A:ASP98;A:GLY78;A:GLY80;A:LEU145;A:LEU40;A:PHE103;A:PHE199;A:PHE36;A:PRO99;A:SER149,A:LEU145;A:LEU40;A:PHE103;A:PHE199;A:PHE36;A:PRO99,A:PHE103;A:PHE36,A:ASP200;A:ASP98,A:ASN100;A:ASP200;A:ASP98;A:PHE103;A:PRO99,A:ASP200;A:LEU145;A:PHE199;A:PHE36;A:SER149,1.0,-5.465616888503551,-3.362871943334828,False,SAM_COMPATIBLE
7A_APO,7A,APO,24DCMB_R,1,-6.31,8.232545454545455,-1.4554545454545453,-2.0901818181818186,0.052311109204700466,0.7983142946187252,0.5999648613553809,1.0,0.20451405819649668,,,,,,A:CYS202;A:HIS175;A:HIS237;A:LEU145;A:LEU229;A:LEU40;A:PHE199;A:PHE36;A:PHE39;A:PHE43;A:TRP195;A:TRP231;A:TYR47;A:VAL234,A:LEU145;A:LEU229;A:LEU40;A:PHE199;A:PHE36;A:PHE39;A:PHE43;A:TRP195;A:TRP231;A:TYR47;A:VAL234,A:HIS175;A:PHE199;A:PHE36;A:PHE39;A:PHE43;A:TRP195;A:TRP231,A:PHE199,A:CYS202;A:PHE199;A:PHE36,A:HIS175;A:HIS237;A:LEU145;A:LEU229;A:PHE199;A:PHE39;A:PHE43;A:TRP195;A:TRP231;A:TYR47;A:VAL234,1.0,-0.14452992481285826,3.639149488696545,False,SAM_COMPATIBLE
7A_APO,7A,APO,24DCMB_R,2,-6.308,6.886636363636364,-2.1131818181818183,-2.2469090909090905,0.6463000015875145,0.635249237465029,0.4227939382820879,1.0,0.09655050491841062,,,,,,A:CYS148;A:CYS202;A:HIS175;A:LEU145;A:LEU40;A:PHE199;A:PHE36;A:PHE39;A:PHE43;A:SER149;A:VAL234,A:LEU145;A:LEU40;A:PHE199;A:PHE36;A:PHE39;A:PHE43;A:VAL234,A:HIS175;A:PHE199;A:PHE36;A:PHE43;A:TRP195,A:LEU145;A:SER149,A:CYS148;A:CYS202;A:LEU145;A:PHE199;A:SER149,A:HIS175;A:LEU40;A:PHE199;A:PHE36;A:PHE39;A:PHE43;A:VAL234,1.0,-0.9110983408042518,2.500222440933166,False,SAM_COMPATIBLE
7A_APO,7A,APO,24DCMB_R,3,-6.263,7.5929090909090915,-2.1655454545454544,-2.642909090909091,0.8486049231820324,0.4303606888216095,0.3076676158912513,1.0,0.09976472322419457,,,,,,A:CYS148;A:CYS202;A:GLU174;A:HIS175;A:LEU145;A:LEU40;A:PHE199;A:PHE36;A:PHE39;A:PHE43;A:SER149;A:TRP195;A:TRP231;A:VAL234,A:LEU145;A:LEU40;A:PHE199;A:PHE36;A:PHE39;A:PHE43;A:TRP195;A:TRP231;A:VAL234,A:HIS175;A:PHE199;A:PHE36;A:PHE39;A:PHE43;A:TRP195;A:TRP231,A:PHE199;A:SER149,A:CYS202;A:PHE199;A:PHE36;A:SER149,A:CYS148;A:CYS202;A:GLU174;A:HIS175;A:LEU145;A:PHE43;A:TRP195;A:TRP231;A:VAL234,1.0,-1.1218349411748156,1.5239073026839787,False,SAM_COMPATIBLE
7A_APO,7A,APO,24DCMB_R,4,-6.107,8.166000000000002,-1.5603636363636362,-1.7247272727272729,-0.11381207373237484,-0.8048309802549788,-0.582489403418248,1.0,0.2643482551483933,,,,,,A:CYS202;A:HIS175;A:HIS237;A:LEU145;A:LEU229;A:LEU40;A:PHE199;A:PHE36;A:PHE39;A:PHE43;A:TRP195;A:TRP231;A:TYR47;A:VAL234,A:LEU145;A:LEU229;A:LEU40;A:PHE199;A:PHE36;A:PHE39;A:PHE43;A:TRP195;A:TRP231;A:TYR47;A:VAL234,A:HIS175;A:PHE199;A:PHE36;A:PHE39;A:PHE43;A:TRP195;A:TRP231;A:TYR47,,A:CYS202;A:PHE199;A:PHE36,A:HIS175;A:HIS237;A:LEU145;A:LEU229;A:LEU40;A:PHE43;A:TYR47;A:VAL234,1.0,0.032811092776183784,3.8739010262369877,False,SAM_COMPATIBLE
7A_APO,7A,APO,24DCMB_R,5,-6.06,7.338636363636365,-1.8218181818181818,-2.124727272727273,-0.6859642695924514,-0.5585035878982433,-0.4663976448775063,1.0,0.3167475335342005,,,,,,A:CYS148;A:CYS202;A:HIS175;A:LEU145;A:LEU40;A:PHE199;A:PHE36;A:PHE39;A:PHE43;A:SER149;A:TRP195;A:TRP231;A:VAL234,A:LEU145;A:LEU40;A:PHE199;A:PHE36;A:PHE39;A:PHE43;A:TRP195;A:TRP231;A:VAL234,A:HIS175;A:PHE199;A:PHE36;A:PHE43;A:TRP195;A:TRP231,,A:HIS175;A:LEU145;A:PHE43;A:VAL234,A:LEU145;A:LEU40;A:PHE199;A:PHE36;A:PHE39;A:PHE43;A:SER149,1.0,-0.5558019650670808,2.5351592947360095,False,SAM_COMPATIBLE
7A_APO,7A,APO,24DCMB_R,6,-6.021,4.905545454545455,-3.4980909090909096,-3.0825454545454547,0.6383856014274353,0.473176115812114,0.6070981694216283,1.0,0.42634023971471446,,,,,,A:ASP200;A:CYS148;A:CYS202;A:LEU145;A:LEU40;A:PHE199;A:PHE36;A:PHE43;A:SER149;A:VAL146,A:LEU145;A:LEU40;A:PHE199;A:PHE36;A:PHE43;A:VAL146,A:HIS175;A:PHE199;A:PHE36;A:PHE43,A:ASP200;A:PHE199;A:SER149,A:ASP200;A:CYS202;A:PHE199;A:PHE36;A:SER149,A:LEU145;A:LEU40;A:PHE36;A:PHE43,1.0,-2.75566061668066,0.5820300127825273,False,SAM_COMPATIBLE
7A_APO,7A,APO,24DCMB_R,7,-5.892,3.1746363636363637,-5.358545454545455,-0.30772727272727274,0.5349578350274025,0.365760317890482,-0.7616032461849462,0.36363636363636365,1.0564946758029592,,,,,,A:ALA83;A:ASP98;A:CYS79;A:GLY78;A:GLY80;A:LEU145;A:LEU40;A:PHE103;A:PHE36;A:THR144;A:THR44;A:THR81,A:ALA83;A:LEU145;A:LEU40;A:PHE103;A:PHE36,A:PHE36,A:GLY78;A:THR144,A:CYS79;A:GLY78;A:GLY80;A:THR144,A:ASP98;A:GLY78;A:GLY80;A:LEU145;A:LEU40;A:PHE103;A:PHE36,1.0,-2.325622810315426,-0.8141120651084233,False,SAM_COMPATIBLE
7A_APO,7A,APO,24DCMB_R,8,-5.82,4.692636363636364,-4.193272727272727,-1.482090909090909,0.6320933475285009,0.3330017890890489,-0.6996912236649148,0.7272727272727273,0.3665651374585424,,,,,,A:CYS202;A:GLY78;A:LEU145;A:LEU40;A:PHE199;A:PHE36;A:PHE43;A:THR144;A:THR44;A:VAL146,A:LEU145;A:LEU40;A:PHE199;A:PHE36;A:PHE43,A:PHE199;A:PHE36;A:PHE43,A:LEU145;A:THR144,A:GLY78;A:LEU145;A:THR144;A:VAL146,A:CYS202;A:LEU145;A:LEU40;A:PHE199;A:PHE36,1.0,-2.1293132916757185,-0.5328042394714301,False,SAM_COMPATIBLE
7A_APO,7A,APO,24DCMB_R,9,-5.777,2.4702727272727274,-5.766818181818182,-4.153818181818182,0.7692119165713801,0.6385061027330242,0.02495965098451653,0.36363636363636365,0.6432184698840661,,,,,,A:ASN100;A:ASP200;A:ASP98;A:CYS202;A:GLY78;A:GLY80;A:LEU145;A:LEU40;A:PHE103;A:PHE199;A:PHE36;A:PRO99;A:SER149,A:LEU145;A:LEU40;A:PHE103;A:PHE199;A:PHE36;A:PRO99,A:PHE103;A:PHE199;A:PHE36,A:ASP200;A:ASP98,A:ASN100;A:ASP200;A:ASP98;A:PHE103;A:PRO99,A:ASP98;A:CYS202;A:GLY78;A:GLY80;A:LEU145;A:LEU40;A:PHE199;A:PHE36;A:SER149,1.0,-5.4438639203376,-3.452436081492474,False,SAM_COMPATIBLE
7A_APO,7A,APO,24DCMB_R,10,-5.761,3.5351818181818184,-4.7633636363636365,-3.325181818181818,0.7233003401041217,0.3048603598889102,0.6195940436880155,0.6363636363636364,0.8111041856629762,,,,,,A:ASP200;A:ASP98;A:GLY78;A:GLY80;A:LEU145;A:LEU40;A:PHE103;A:PHE199;A:PHE36;A:PHE43;A:SER149;A:VAL146,A:LEU145;A:LEU40;A:PHE103;A:PHE199;A:PHE36;A:PHE43;A:VAL146,A:PHE199;A:PHE36,A:ASP200,A:ASP200;A:PHE36;A:SER149,A:ASP98;A:GLY78;A:GLY80;A:LEU145;A:LEU40;A:PHE103;A:PHE43,1.0,-4.004749253559448,-1.0231838492291068,False,SAM_COMPATIBLE
7A_APO,7A,APO,24DCMB_R,11,-5.722,3.1670909090909087,-4.895636363636363,1.724909090909091,-0.2561747762969689,-0.2379441253083785,-0.9368869073801961,0.09090909090909091,3.701419997784634,,,,,,A:ALA83;A:ASN84;A:CYS79;A:GLU76;A:GLY78;A:GLY80;A:LEU145;A:LEU40;A:LYS55;A:THR144;A:THR44;A:TYR47;A:VAL146,A:ALA83;A:LEU145;A:LEU40;A:TYR47;A:VAL146,A:PHE43;A:TYR47,A:LYS55;A:THR144,A:ALA83;A:ASN84;A:LEU145;A:LYS55;A:THR144;A:TYR47,A:ALA83;A:ASN84;A:CYS79;A:GLU76;A:GLY78;A:GLY80;A:LEU145;A:LEU40;A:THR144,1.0,-0.5649513084054825,2.422039051735559,False,SAM_COMPATIBLE
7A_APO,7A,APO,24DCMB_R,12,-5.659,3.938363636363636,-4.641,-3.0887272727272728,0.7912214625296611,0.5399426475024006,-0.28710718319213613,0.7272727272727273,0.29959472625531985,,,,,,A:ASP200;A:ASP98;A:CYS202;A:GLY78;A:GLY80;A:LEU145;A:LEU40;A:PHE103;A:PHE199;A:PHE36;A:SER149;A:THR144;A:VAL146,A:LEU145;A:LEU40;A:PHE103;A:PHE199;A:PHE36;A:VAL146,A:PHE103;A:PHE199;A:PHE36,A:GLY78;A:LEU145,A:GLY78;A:LEU145;A:LEU40;A:THR144;A:VAL146,A:ASP200;A:CYS202;A:PHE199;A:PHE36;A:SER149,1.0,-3.6918900065529368,-2.2624507866863035,False,SAM_COMPATIBLE
7A_APO,7A,APO,24DCMB_S,1,-6.23,8.284090909090908,-1.4393636363636366,-1.9735454545454543,0.061258392045357955,0.8074541653550864,0.5867411526855245,1.0,0.3160395544864596,,,,,,A:CYS202;A:HIS175;A:HIS237;A:LEU145;A:LEU229;A:LEU40;A:PHE199;A:PHE36;A:PHE39;A:PHE43;A:TRP195;A:TRP231;A:TYR47;A:VAL234,A:LEU145;A:LEU229;A:PHE199;A:PHE36;A:PHE39;A:PHE43;A:TRP195;A:TRP231;A:TYR47;A:VAL234,A:HIS175;A:PHE199;A:PHE36;A:PHE39;A:PHE43;A:TRP195;A:TRP231;A:TYR47,,A:LEU40;A:PHE199;A:PHE36;A:PHE39,A:HIS175;A:HIS237;A:LEU145;A:LEU229;A:PHE199;A:PHE39;A:PHE43;A:TRP195;A:TRP231;A:TYR47;A:VAL234,1.0,-0.04286384784474738,3.749662832228327,False,SAM_COMPATIBLE
7A_APO,7A,APO,24DCMB_S,2,-6.217,7.0476363636363635,-2.5874545454545452,-2.975454545454546,0.9130673533168986,0.29119602521054155,0.2855046115362341,1.0,0.17585789717837655,,,,,,A:ASP200;A:CYS148;A:CYS202;A:GLU174;A:HIS175;A:LEU145;A:LEU40;A:PHE199;A:PHE36;A:PHE39;A:PHE43;A:SER149;A:TRP195;A:TRP231,A:LEU145;A:LEU40;A:PHE199;A:PHE36;A:PHE39;A:PHE43;A:TRP195;A:TRP231,A:HIS175;A:PHE199;A:PHE36;A:PHE39;A:PHE43;A:TRP195;A:TRP231,A:PHE199;A:SER149,A:ASP200;A:CYS202;A:PHE199;A:PHE36;A:SER149,A:CYS148;A:CYS202;A:GLU174;A:HIS175;A:LEU145;A:PHE199;A:PHE43;A:TRP195;A:TRP231,1.0,-1.7303618377513346,0.1032806732037116,False,SAM_COMPATIBLE
7A_APO,7A,APO,24DCMB_S,3,-6.189,7.528363636363636,-1.7814545454545454,-2.2505454545454544,-0.6467951118097672,-0.5402086782494969,-0.5383592362752985,1.0,0.23877395167815102,,,,,,A:CYS148;A:CYS202;A:HIS175;A:LEU145;A:LEU40;A:PHE199;A:PHE36;A:PHE39;A:PHE43;A:SER149;A:TRP195;A:TRP231;A:VAL234,A:LEU145;A:LEU40;A:PHE199;A:PHE36;A:PHE39;A:PHE43;A:VAL234,A:HIS175;A:HIS237;A:PHE199;A:PHE36;A:PHE39;A:PHE43;A:TRP195;A:TYR47,,A:PHE43;A:TRP195;A:TRP231;A:VAL234,A:CYS202;A:LEU145;A:PHE199;A:PHE36;A:PHE39;A:PHE43;A:SER149,1.0,-0.5887844931858882,2.574641820851128,False,SAM_COMPATIBLE
7A_APO,7A,APO,24DCMB_S,4,-6.056,5.22,-3.614272727272727,-3.1185454545454547,0.8296509795638973,0.35093001818129493,0.43419739111139544,1.0,0.2518789391751523,,,,,,A:ASP200;A:CYS202;A:LEU145;A:LEU40;A:PHE199;A:PHE36;A:PHE43;A:SER149;A:VAL146,A:LEU145;A:LEU40;A:PHE199;A:PHE36;A:PHE43,A:PHE199;A:PHE36;A:PHE43,A:LEU145;A:SER149,A:LEU145;A:SER149;A:VAL146,A:LEU145;A:LEU40;A:PHE43,0.9090909090909091,-2.813714256333841,-0.2333094346103245,False,SAM_COMPATIBLE
7A_APO,7A,APO,24DCMB_S,5,-6.007,3.3000000000000003,-5.266363636363637,-0.3580909090909091,-0.22849035056916076,-0.3132012459798407,-0.9217901817731935,0.2727272727272727,1.7946907811653796,,,,,,A:ALA83;A:ASP200;A:ASP98;A:GLY78;A:GLY80;A:LEU145;A:LEU40;A:PHE103;A:PHE36;A:THR144;A:THR44,A:ALA83;A:LEU145;A:LEU40;A:PHE103;A:PHE36,A:PHE103;A:PHE36,A:THR144,A:LEU145;A:THR144,A:ASP200;A:LEU145;A:LEU40;A:PHE103;A:PHE36,1.0,-2.2790899657891988,0.36997906291354216,False,SAM_COMPATIBLE
7A_APO,7A,APO,24DCMB_S,6,-5.994,6.906090909090909,-2.3173636363636363,-2.150636363636364,0.6071961983836034,0.6807941101696581,0.4096732310351788,1.0,0.13542894816101947,,,,,,A:CYS148;A:CYS202;A:HIS175;A:LEU145;A:LEU40;A:PHE199;A:PHE36;A:PHE39;A:PHE43;A:SER149;A:VAL234,A:LEU145;A:LEU40;A:PHE199;A:PHE36;A:PHE39;A:PHE43;A:VAL234,A:HIS175;A:PHE199;A:PHE36;A:PHE39;A:PHE43;A:TRP195,A:LEU145,A:LEU145;A:LEU40;A:PHE36,A:HIS175;A:LEU40;A:PHE199;A:PHE36;A:PHE39;A:PHE43;A:VAL234,1.0,-0.9802194536562499,2.419548129522291,False,SAM_COMPATIBLE
7A_APO,7A,APO,24DCMB_S,7,-5.772,8.242545454545455,-1.542181818181818,-1.6896363636363638,-0.08619693432784827,-0.8378450770792091,-0.5390600294277209,1.0,0.2684324868565653,,,,,,A:CYS202;A:HIS175;A:HIS237;A:LEU145;A:LEU229;A:LEU40;A:PHE199;A:PHE36;A:PHE39;A:PHE43;A:TRP195;A:TRP231;A:TYR47;A:VAL234,A:LEU145;A:LEU229;A:LEU40;A:PHE199;A:PHE36;A:PHE39;A:PHE43;A:TRP195;A:TRP231;A:TYR47;A:VAL234,A:HIS175;A:PHE199;A:PHE36;A:PHE39;A:PHE43;A:TRP195;A:TRP231;A:TYR47,,A:LEU40;A:PHE199;A:PHE36;A:PHE39;A:PHE43,A:HIS175;A:HIS237;A:LEU145;A:LEU229;A:LEU40;A:PHE43;A:TYR47;A:VAL234,1.0,0.08177600011718024,3.857821571201003,False,SAM_COMPATIBLE
7A_APO,7A,APO,24DCMB_S,8,-5.69,-1.7604545454545457,-4.928909090909091,-6.304363636363638,-0.3828106809618035,0.23638569992988726,-0.8930721042615862,0.0,5.432745254473101,,,,,,A:ASP98;A:GLU128;A:GLY127;A:GLY78;A:LEU145;A:LYS151;A:PRO99;A:SER149;A:VAL146;A:VAL150;A:VAL77,A:LEU145;A:PRO99;A:VAL146;A:VAL150;A:VAL77,,A:ASP98,A:ASP98;A:GLY78;A:PRO99,A:GLU128;A:GLY127;A:GLY78;A:LYS151;A:PRO99;A:SER149;A:VAL146;A:VAL150;A:VAL77,1.0,-7.032696529588613,-4.893038979600926,False,OUTSIDE_TARGET_SITE
7A_APO,7A,APO,24DCMB_S,9,-5.68,3.407545454545455,-4.993454545454545,-2.5206363636363633,0.7961611437892108,0.5293402461848764,0.29313194450484237,0.6363636363636364,0.6714320516627129,,,,,,A:ASP200;A:ASP98;A:GLY78;A:GLY80;A:LEU145;A:LEU40;A:PHE103;A:PHE199;A:PHE36;A:PHE43;A:SER149;A:VAL146,A:LEU145;A:LEU40;A:PHE199;A:PHE36;A:PHE43;A:VAL146,A:PHE103;A:PHE199;A:PHE36,A:ASP98,A:ASP98;A:GLY78;A:GLY80;A:LEU40;A:PHE103,A:ASP200;A:LEU145;A:LEU40;A:PHE199;A:PHE36;A:PHE43;A:SER149,1.0,-3.610894864855887,-0.7341475966313262,False,SAM_COMPATIBLE
7A_APO,7A,APO,24DCMB_S,10,-5.641,2.4714545454545456,-5.786727272727273,-4.071818181818181,0.7702773220719068,0.6376627792139321,0.007682910053870989,0.36363636363636365,0.5545971510925745,,,,,,A:ASN100;A:ASP200;A:ASP98;A:CYS202;A:GLY78;A:GLY80;A:LEU145;A:LEU40;A:PHE103;A:PHE199;A:PHE36;A:PRO99;A:SER149,A:LEU145;A:LEU40;A:PHE103;A:PHE199;A:PHE36;A:PRO99,A:PHE103;A:PHE199;A:PHE36,A:ASP98,A:ASP98;A:GLY78;A:PRO99,A:ASP98;A:CYS202;A:GLY78;A:GLY80;A:LEU145;A:LEU40;A:PHE199;A:PHE36;A:SER149,1.0,-5.399146374029451,-3.369208051510019,False,SAM_COMPATIBLE
7A_APO,7A,APO,24DCMB_S,11,-5.538,2.1152727272727274,-5.88909090909091,-3.178636363636364,0.6228756408004739,0.3625996527338674,0.6932152825311039,0.45454545454545453,2.987065784344228,,,,,,A:ASN100;A:ASP200;A:ASP98;A:GLY78;A:GLY80;A:LEU145;A:LEU40;A:PHE103;A:PHE199;A:PHE36;A:PRO99;A:SER149;A:VAL146,A:LEU145;A:LEU40;A:PHE199;A:PHE36;A:PRO99;A:VAL146,A:PHE103;A:PHE36,A:ASP98,A:ASN100;A:ASP200;A:ASP98;A:PHE103;A:PRO99,A:ASP200;A:LEU145;A:LEU40;A:PHE199;A:PHE36;A:SER149,1.0,-4.888965910569984,-1.608338104635427,False,SAM_COMPATIBLE
7A_APO,7A,APO,24DCMB_S,12,-5.5,4.656636363636364,-4.1406363636363634,-2.610909090909091,-0.6955517545784602,-0.5671878704893435,0.4410279767459079,0.8181818181818182,0.4497688295113391,,,,,,A:ASP200;A:CYS148;A:CYS202;A:GLY78;A:GLY80;A:HIS175;A:LEU145;A:LEU40;A:PHE199;A:PHE36;A:SER149,A:LEU145;A:LEU40;A:PHE199;A:PHE36,A:PHE199;A:PHE36;A:PHE39,,A:CYS148;A:CYS202;A:HIS175;A:LEU145,A:ASP200;A:GLY78;A:GLY80;A:LEU145;A:LEU40;A:PHE199;A:PHE36;A:SER149,1.0,-2.900159407833566,-1.1640386327308803,False,SAM_COMPATIBLE
7A_APO,7A,APO,25DCMB_R,1,-6.9,7.663272727272727,-1.6092727272727274,-1.7138181818181821,0.5948709262399201,0.7358641618550009,0.32346949842588996,1.0,0.27415324181924217,,,,,,A:CYS148;A:HIS175;A:HIS237;A:LEU145;A:LEU229;A:LEU40;A:PHE199;A:PHE36;A:PHE39;A:PHE43;A:SER149;A:TRP195;A:TRP231;A:TYR47;A:VAL234,A:LEU145;A:LEU229;A:LEU40;A:PHE199;A:PHE36;A:PHE39;A:PHE43;A:TRP195;A:TRP231;A:TYR47;A:VAL234,A:HIS175;A:PHE199;A:PHE36;A:PHE39;A:PHE43;A:TRP195;A:TRP231,A:LEU145,A:CYS148;A:LEU145;A:SER149,A:HIS175;A:HIS237;A:LEU145;A:LEU229;A:PHE199;A:PHE36;A:PHE39;A:PHE43;A:TYR47;A:VAL234,1.0,-0.06887818569469815,3.3694730057321634,False,SAM_COMPATIBLE
7A_APO,7A,APO,25DCMB_R,2,-5.932,3.469727272727273,-5.09,-0.46609090909090906,0.6860638659460325,0.4266772483664116,-0.5892901641548515,0.45454545454545453,0.7890183774792574,,,,,,A:ALA83;A:ASP98;A:CYS79;A:GLY78;A:GLY80;A:LEU145;A:LEU40;A:PHE103;A:PHE36;A:PHE43;A:THR144;A:THR44;A:VAL146,A:ALA83;A:LEU145;A:LEU40;A:PHE103;A:PHE36;A:PHE43,A:PHE36,A:GLY78;A:THR144,A:CYS79;A:GLY78;A:LEU145;A:THR144;A:VAL146,A:ASP98;A:GLY78;A:GLY80;A:LEU145;A:LEU40;A:PHE103;A:PHE43,1.0,-2.2089037456075045,-0.7342612439865147,False,SAM_COMPATIBLE
7A_APO,7A,APO,25DCMB_R,3,-5.774,7.704909090909092,-1.6470909090909094,-2.332272727272727,-0.8550008220071261,-0.2721844043039759,-0.44146261950569315,1.0,0.3084947325320156,,,,,,A:CYS148;A:CYS202;A:HIS175;A:LEU145;A:PHE199;A:PHE36;A:PHE39;A:PHE43;A:SER149;A:TRP195;A:TRP231;A:TYR47;A:VAL234,A:LEU145;A:PHE199;A:PHE36;A:PHE39;A:PHE43;A:TRP195;A:TRP231;A:TYR47;A:VAL234,A:HIS175;A:PHE199;A:PHE36;A:PHE39;A:PHE43;A:TRP195;A:TRP231,,A:PHE43;A:TRP195;A:TRP231;A:VAL234,A:CYS202;A:HIS175;A:LEU145;A:PHE199;A:PHE36;A:PHE43;A:SER149;A:TYR47;A:VAL234,1.0,-0.5277975091553964,2.325108101924327,False,SAM_COMPATIBLE
7A_APO,7A,APO,25DCMB_R,4,-5.767,3.2144545454545455,-4.863181818181818,-3.6750000000000003,0.8302064092242727,0.4351894196469567,0.3483783677415753,0.6363636363636364,0.5281486533164692,,,,,,A:ASP200;A:ASP98;A:CYS148;A:CYS202;A:GLY78;A:GLY80;A:LEU145;A:LEU40;A:PHE103;A:PHE199;A:PHE36;A:SER149;A:VAL146,A:LEU145;A:LEU40;A:PHE103;A:PHE199;A:PHE36;A:VAL146,A:PHE199;A:PHE36,A:ASP200,A:ASP200;A:SER149,A:ASP98;A:CYS148;A:CYS202;A:GLY78;A:GLY80;A:LEU40;A:PHE103;A:PHE199;A:PHE36;A:SER149,1.0,-4.37017497304672,-2.6212515744223066,False,SAM_COMPATIBLE
7A_APO,7A,APO,25DCMB_R,5,-5.623,2.9569090909090914,-5.324999999999999,-0.779909090909091,-0.08634941241631504,-0.019397497749642785,-0.9960760593731836,0.2727272727272727,1.812161416651398,,,,,,A:ALA83;A:ASP98;A:CYS79;A:GLY78;A:GLY80;A:LEU145;A:LEU40;A:PHE103;A:PHE36;A:THR144;A:VAL146,A:ALA83;A:LEU145;A:LEU40;A:PHE103;A:PHE36,A:PHE103;A:PHE36,A:LEU145,A:LEU145;A:VAL146,A:ALA83;A:CYS79;A:GLY78;A:GLY80;A:LEU145;A:LEU40;A:PHE36;A:THR144,1.0,-2.670695755350601,-0.7152012918306642,False,SAM_COMPATIBLE
7A_APO,7A,APO,25DCMB_R,6,-5.619,3.9706363636363635,-4.601181818181818,-2.8320000000000003,0.8315967460653337,0.5435281761205752,0.11412262569968064,0.7272727272727273,0.51,,,,,,A:ASP200;A:ASP98;A:CYS202;A:GLY78;A:GLY80;A:LEU145;A:LEU40;A:PHE103;A:PHE199;A:PHE36;A:PHE43;A:SER149;A:THR144;A:VAL146,A:LEU145;A:LEU40;A:PHE103;A:PHE199;A:PHE36;A:PHE43;A:VAL146,A:PHE103;A:PHE199;A:PHE36,A:GLY78;A:LEU145,A:GLY78;A:LEU145;A:THR144;A:VAL146,A:ASP200;A:LEU145;A:LEU40;A:PHE36;A:PHE43;A:SER149,1.0,-3.4773279453641583,-0.7386561014877079,False,SAM_COMPATIBLE
7A_APO,7A,APO,25DCMB_R,7,-5.602,1.2658181818181817,-5.045636363636363,-4.364727272727273,-0.9782883332169855,-0.03867859982517748,-0.20360722729583128,0.2727272727272727,2.1536594438304304,,,,,,A:ASP200;A:ASP98;A:CYS148;A:GLY78;A:GLY80;A:LEU145;A:LEU40;A:PHE103;A:PHE199;A:PHE36;A:PRO99;A:SER149;A:VAL146;A:VAL150,A:LEU145;A:LEU40;A:PHE103;A:PHE199;A:PHE36;A:PRO99;A:VAL146;A:VAL150,A:PHE103;A:PHE199;A:PHE36,A:LEU145;A:SER149,A:CYS148;A:LEU145;A:SER149;A:VAL146,A:ASP98;A:GLY80;A:LEU40;A:PHE103;A:PHE36;A:SER149;A:VAL146;A:VAL150,1.0,-5.279267211523791,-3.3147890158558537,False,SAM_COMPATIBLE
7A_APO,7A,APO,25DCMB_R,8,-5.599,7.323545454545454,-2.339363636363637,-2.5791818181818176,0.9598896078637155,0.15120660487306833,0.23611120972542265,1.0,0.19508203402671395,,,,,,A:CYS148;A:CYS202;A:GLU174;A:HIS175;A:LEU145;A:LEU40;A:PHE199;A:PHE36;A:PHE39;A:PHE43;A:SER149;A:TRP195;A:TRP231,A:LEU145;A:LEU40;A:PHE199;A:PHE36;A:PHE39;A:PHE43;A:TRP195;A:TRP231,A:HIS175;A:PHE199;A:PHE36;A:PHE39;A:PHE43;A:TRP195;A:TRP231,A:SER149,A:CYS148;A:CYS202;A:LEU145;A:PHE199;A:PHE36;A:SER149,A:CYS148;A:CYS202;A:GLU174;A:HIS175;A:LEU145;A:PHE199;A:PHE39;A:PHE43;A:TRP195;A:TRP231,1.0,-1.236733318299503,0.551160683991202,False,SAM_COMPATIBLE
7A_APO,7A,APO,25DCMB_R,9,-5.599,3.0783636363636373,-5.321999999999999,-2.497,0.526157860864048,0.3793165745464575,0.7611023858360391,0.5454545454545454,1.7335082924520433,,,,,,A:ASP200;A:ASP98;A:GLY78;A:LEU145;A:LEU40;A:PHE103;A:PHE199;A:PHE36;A:SER149;A:THR144;A:VAL146,A:LEU145;A:LEU40;A:PHE103;A:PHE199;A:PHE36,A:PHE103;A:PHE36,A:ASP98,A:ASP98;A:GLY78;A:VAL146,A:ASP200;A:LEU145;A:LEU40;A:PHE199;A:PHE36;A:SER149;A:THR144,1.0,-3.869692788176107,-1.01948097209333,False,SAM_COMPATIBLE
7A_APO,7A,APO,25DCMB_R,10,-5.568,3.6128181818181817,-5.075363636363636,-0.22263636363636372,-0.489436850742691,-0.2689638736271476,-0.8295239621726163,0.36363636363636365,1.6732345920402194,,,,,,A:ALA83;A:ASP98;A:GLY78;A:GLY80;A:LEU145;A:LEU40;A:PHE36;A:PHE43;A:THR144;A:THR44;A:VAL146,A:ALA83;A:LEU145;A:LEU40;A:PHE36;A:PHE43;A:VAL146,A:PHE36,A:THR44,A:ALA83;A:LEU145;A:LEU40;A:THR44,A:ASP98;A:GLY78;A:GLY80;A:LEU145;A:LEU40;A:PHE43;A:VAL146,1.0,-2.0043764638059165,0.06862015296350656,False,SAM_COMPATIBLE
7A_APO,7A,APO,25DCMB_R,11,-5.53,4.337363636363636,-4.349727272727272,-2.1661818181818178,0.3495034901640871,0.03679839605632375,0.9362121492540053,0.8181818181818182,0.579699059857785,,,,,,A:CYS202;A:LEU145;A:LEU40;A:PHE199;A:PHE36;A:PHE43;A:SER149;A:THR144;A:VAL146,A:LEU145;A:LEU40;A:PHE199;A:PHE36;A:PHE43,A:PHE103;A:PHE199;A:PHE36;A:PHE43,A:LEU145;A:SER149,A:LEU145;A:SER149;A:VAL146,A:CYS202;A:LEU145;A:LEU40;A:PHE199;A:PHE36;A:SER149;A:THR144,1.0,-2.7762781088147777,-0.7532696794597135,False,SAM_COMPATIBLE
7A_APO,7A,APO,25DCMB_R,12,-5.441,5.515,-3.6225454545454543,-1.6939090909090913,-0.7031976077307238,-0.5545390023043969,0.444971481563741,0.9090909090909091,0.34404360188790034,,,,,,A:CYS202;A:HIS175;A:LEU145;A:LEU40;A:PHE199;A:PHE36;A:PHE43;A:SER149;A:THR144,A:LEU145;A:LEU40;A:PHE199;A:PHE36;A:PHE43,A:HIS175;A:PHE199;A:PHE36;A:PHE43,,A:LEU40;A:PHE43,A:CYS202;A:LEU145;A:LEU40;A:PHE199;A:PHE36;A:SER149;A:THR144,1.0,-1.7632346285783809,0.4814620517449254,False,SAM_COMPATIBLE
7A_APO,7A,APO,25DCMB_S,1,-6.731,7.493363636363639,-1.5004545454545453,-1.965090909090909,0.5196503726381457,0.7094257897025209,0.4761076969783106,1.0,0.2015217109891637,,,,,,A:CYS148;A:CYS202;A:HIS175;A:HIS237;A:LEU145;A:LEU229;A:LEU40;A:PHE199;A:PHE36;A:PHE39;A:PHE43;A:SER149;A:TRP195;A:TYR47;A:VAL234,A:LEU145;A:LEU229;A:LEU40;A:PHE199;A:PHE36;A:PHE39;A:PHE43;A:TRP195;A:TYR47;A:VAL234,A:HIS175;A:PHE199;A:PHE36;A:PHE43;A:TRP195;A:TRP231,,A:CYS148;A:CYS202;A:LEU145;A:PHE199;A:SER149,A:HIS175;A:HIS237;A:LEU145;A:LEU229;A:PHE199;A:PHE36;A:PHE39;A:PHE43;A:TYR47;A:VAL234,1.0,-0.19809797870027926,3.4654464405179506,False,SAM_COMPATIBLE
7A_APO,7A,APO,25DCMB_S,2,-6.342,8.07509090909091,-2.0737272727272726,-1.66,-0.5575577346968986,-0.8286032277008117,0.050458532712118004,1.0,0.29277465737320907,,,,,,A:CYS202;A:HIS175;A:LEU145;A:LEU40;A:PHE199;A:PHE36;A:PHE39;A:PHE43;A:TRP195;A:TRP231;A:TYR47;A:VAL234,A:LEU145;A:LEU40;A:PHE199;A:PHE36;A:PHE39;A:PHE43;A:TRP195;A:TRP231;A:TYR47;A:VAL234,A:HIS175;A:HIS237;A:PHE199;A:PHE36;A:PHE39;A:PHE43;A:TRP195;A:TRP231;A:TYR47,A:HIS175,A:CYS202;A:HIS175;A:TRP195;A:VAL234,A:LEU145;A:LEU40;A:PHE199;A:PHE39;A:PHE43;A:TRP195;A:TRP231,1.0,-0.28798486015019764,2.5134051273270437,False,SAM_COMPATIBLE
7A_APO,7A,APO,25DCMB_S,3,-6.04,3.426727272727273,-5.0556363636363635,-0.28054545454545443,-0.4236714888861141,-0.32940020628778643,-0.84379972363268,0.36363636363636365,1.6836698013565485,,,,,,A:ALA83;A:ASP98;A:GLY78;A:GLY80;A:LEU145;A:LEU40;A:PHE103;A:PHE36;A:PHE43;A:THR144;A:THR44;A:VAL146,A:ALA83;A:LEU145;A:LEU40;A:PHE103;A:PHE36;A:PHE43;A:VAL146,A:PHE103;A:PHE36,A:THR144,A:GLY78;A:LEU145;A:THR144,A:ASP98;A:GLY78;A:GLY80;A:LEU145;A:LEU40;A:PHE103;A:PHE43;A:VAL146,1.0,-2.0599913535281114,0.09224778204482353,False,SAM_COMPATIBLE
7A_APO,7A,APO,25DCMB_S,4,-6.035,5.595181818181818,-3.3767272727272726,-2.970181818181818,0.8897279308460397,0.4002400835294004,0.2195269564513745,1.0,0.08005623023850109,,,,,,A:ASP200;A:CYS148;A:CYS202;A:LEU145;A:LEU40;A:PHE199;A:PHE36;A:PHE43;A:SER149;A:TRP195;A:VAL146,A:LEU145;A:LEU40;A:PHE199;A:PHE36;A:PHE43;A:TRP195,A:PHE199;A:PHE36;A:PHE43,A:LEU145;A:SER149,A:CYS148;A:LEU145;A:SER149;A:VAL146,A:CYS202;A:LEU145;A:LEU40;A:PHE199;A:TRP195,1.0,-2.48841987125102,-0.7796511396537532,False,SAM_COMPATIBLE
7A_APO,7A,APO,25DCMB_S,5,-5.985,7.370727272727273,-2.2153636363636364,-2.4033636363636366,-0.9217779428867249,-0.010416544646989795,-0.38757827545559675,1.0,0.2839542216625774,,,,,,A:CYS148;A:CYS202;A:HIS175;A:LEU145;A:LEU40;A:PHE199;A:PHE36;A:PHE39;A:PHE43;A:SER149;A:TRP195;A:TRP231;A:VAL234,A:LEU145;A:PHE199;A:PHE36;A:PHE39;A:PHE43;A:TRP195;A:TRP231;A:VAL234,A:HIS175;A:PHE199;A:PHE36;A:PHE39;A:PHE43;A:TRP195;A:TRP231,,A:LEU40;A:PHE199;A:PHE36;A:PHE39;A:PHE43,A:CYS202;A:HIS175;A:LEU145;A:PHE199;A:PHE36;A:PHE43;A:SER149;A:VAL234,1.0,-1.0194858403408347,1.8786815050837644,False,SAM_COMPATIBLE
7A_APO,7A,APO,25DCMB_S,6,-5.982,7.307727272727272,-2.3190909090909098,-2.3011818181818176,0.9741954154180034,0.1568116000097561,0.16233734838577332,1.0,0.17774701122663084,,,,,,A:CYS148;A:CYS202;A:GLU174;A:HIS175;A:LEU145;A:LEU40;A:PHE199;A:PHE36;A:PHE39;A:PHE43;A:SER149;A:TRP195;A:TRP231;A:VAL234,A:LEU145;A:LEU40;A:PHE199;A:PHE36;A:PHE39;A:PHE43;A:TRP195;A:TRP231;A:VAL234,A:HIS175;A:PHE199;A:PHE36;A:PHE39;A:PHE43;A:TRP195;A:TRP231,A:LEU145,A:LEU145;A:LEU40;A:PHE36,A:CYS148;A:CYS202;A:GLU174;A:HIS175;A:LEU145;A:PHE199;A:PHE39;A:PHE43;A:TRP231,0.9090909090909091,-1.0277576551705947,0.6484764001816625,False,SAM_COMPATIBLE
7A_APO,7A,APO,25DCMB_S,7,-5.941,3.0259090909090904,-5.372909090909091,-2.555909090909091,-0.4876737107168235,-0.55320557710528,0.6753798496663177,0.45454545454545453,1.2190988475099143,,,,,,A:ASP200;A:ASP98;A:CYS148;A:CYS79;A:GLY78;A:GLY80;A:LEU145;A:LEU40;A:PHE103;A:PHE36;A:SER149;A:THR144,A:LEU145;A:LEU40;A:PHE103;A:PHE36,A:PHE103;A:PHE199;A:PHE36,A:LEU145;A:SER149,A:CYS148;A:LEU145;A:SER149,A:ASP200;A:CYS79;A:GLY78;A:GLY80;A:LEU40;A:PHE36;A:SER149;A:THR144,1.0,-3.954446976767922,-2.33366770026024,False,SAM_COMPATIBLE
7A_APO,7A,APO,25DCMB_S,8,-5.94,4.867363636363636,-3.949363636363636,-2.5046363636363633,-0.5244433838315521,-0.4570508786649292,0.7183756896408225,0.9090909090909091,0.37085981178876753,,,,,,A:ASP200;A:CYS148;A:CYS202;A:HIS175;A:LEU145;A:LEU40;A:PHE199;A:PHE36;A:SER149;A:THR144,A:LEU145;A:LEU40;A:PHE199;A:PHE36,A:PHE199;A:PHE36,,A:CYS148;A:CYS202;A:HIS175;A:LEU145,A:ASP200;A:LEU145;A:LEU40;A:PHE199;A:PHE36;A:SER149;A:THR144,1.0,-2.6613745305997005,-0.7965928426839483,False,SAM_COMPATIBLE
7A_APO,7A,APO,25DCMB_S,9,-5.899,3.066818181818181,-5.202636363636364,-2.308090909090909,0.6642216571332841,0.34754420161383676,0.6618327720200281,0.45454545454545453,1.688976909256014,,,,,,A:ASP200;A:ASP98;A:GLY78;A:GLY80;A:LEU145;A:LEU40;A:PHE103;A:PHE199;A:PHE36;A:SER149;A:THR144;A:VAL146,A:LEU145;A:LEU40;A:PHE199;A:PHE36;A:VAL146,A:PHE103;A:PHE36,A:ASP98,A:ASP98;A:GLY78;A:GLY80;A:LEU40;A:PHE103,A:ASP200;A:LEU145;A:LEU40;A:PHE199;A:PHE36;A:SER149;A:THR144,1.0,-3.6551922726632777,-0.7479737422939693,False,SAM_COMPATIBLE
7A_APO,7A,APO,25DCMB_S,10,-5.851,1.3648181818181817,-5.172454545454546,-4.553363636363637,-0.9685613135975171,0.10041944829814461,-0.2276069335625533,0.2727272727272727,2.046346989149201,,,,,,A:ASP200;A:ASP98;A:GLY78;A:GLY80;A:LEU145;A:LEU40;A:PHE103;A:PHE199;A:PHE36;A:PRO99;A:SER149;A:VAL146;A:VAL150,A:LEU145;A:LEU40;A:PHE103;A:PHE36;A:PRO99;A:VAL146;A:VAL150,A:PHE103;A:PHE199;A:PHE36,A:ASP200;A:PHE199;A:SER149,A:ASP200;A:PHE199;A:PHE36;A:SER149,A:ASP98;A:GLY80;A:LEU40;A:PHE103;A:PHE36;A:SER149;A:VAL146;A:VAL150,1.0,-5.485514541322476,-3.7391303405783716,False,SAM_COMPATIBLE
7A_APO,7A,APO,25DCMB_S,11,-5.677,3.355818181818181,-5.224363636363636,-3.5964545454545456,0.71529879514843,0.6450139410171905,0.26889523899220896,0.5454545454545454,0.4498755383436624,,,,,,A:ASP200;A:ASP98;A:CYS202;A:GLY78;A:GLY80;A:LEU145;A:LEU40;A:PHE103;A:PHE199;A:PHE36;A:SER149,A:LEU145;A:LEU40;A:PHE103;A:PHE199;A:PHE36,A:PHE103;A:PHE199;A:PHE36,A:ASP200,A:ASP200;A:PHE36;A:SER149,A:ASP98;A:CYS202;A:GLY78;A:GLY80;A:LEU40;A:PHE103;A:PHE199;A:PHE36;A:SER149,1.0,-4.541476919523284,-2.5647557100908513,False,SAM_COMPATIBLE
7A_APO,7A,APO,25DCMB_S,12,-5.677,4.553272727272727,-4.057636363636364,-3.185545454545455,-0.7273187746098088,-0.5878682582265863,-0.35414447767786283,0.9090909090909091,0.16420414123888583,,,,,,A:ASP200;A:CYS148;A:CYS202;A:HIS175;A:LEU145;A:LEU40;A:PHE199;A:PHE36;A:SER149,A:LEU145;A:LEU40;A:PHE199;A:PHE36,A:HIS175;A:PHE199;A:PHE36,A:PHE199,A:CYS202;A:PHE199;A:PHE36,A:ASP200;A:LEU145;A:LEU40;A:PHE36;A:SER149,1.0,-3.266734554848982,-0.9550507989832161,False,SAM_COMPATIBLE
7A_APO,7A,APO,26DCMB_R,1,-6.53,8.254727272727273,-1.726181818181818,-1.7468181818181818,0.9225105957108618,0.38227635894470224,0.05328213765580453,1.0,0.15885213250063696,,,,,,A:CYS148;A:CYS202;A:HIS175;A:LEU145;A:LEU40;A:PHE199;A:PHE36;A:PHE39;A:PHE43;A:TRP195;A:TRP231;A:VAL234,A:LEU145;A:LEU40;A:PHE199;A:PHE36;A:PHE39;A:PHE43;A:TRP195;A:TRP231;A:VAL234,A:HIS175;A:PHE199;A:PHE39;A:PHE43;A:TRP195;A:TRP231,,A:LEU145;A:LEU40;A:PHE43,A:HIS175;A:LEU145;A:LEU40;A:PHE199;A:PHE36;A:PHE39;A:PHE43;A:VAL234,1.0,-0.08353611582212492,2.517105970422944,False,SAM_COMPATIBLE
7A_APO,7A,APO,26DCMB_R,2,-6.405,8.243454545454547,-1.7021818181818182,-1.7553636363636365,0.8970237165345556,0.4350114561201943,0.07818877808689059,1.0,0.16883719969248495,,,,,,A:CYS148;A:CYS202;A:HIS175;A:LEU145;A:LEU40;A:PHE199;A:PHE36;A:PHE39;A:PHE43;A:TRP195;A:TRP231;A:VAL234,A:LEU145;A:LEU40;A:PHE199;A:PHE36;A:PHE39;A:PHE43;A:TRP195;A:TRP231;A:VAL234,A:HIS175;A:PHE199;A:PHE39;A:PHE43;A:TRP195;A:TRP231,,A:LEU145;A:LEU40;A:PHE43,A:HIS175;A:LEU145;A:LEU40;A:PHE199;A:PHE36;A:PHE39;A:PHE43;A:VAL234,1.0,-0.0747987949972748,2.5698141566471144,False,SAM_COMPATIBLE
7A_APO,7A,APO,26DCMB_R,3,-6.354,8.056454545454544,-1.678909090909091,-2.1905454545454544,-0.6095495328073067,-0.6553759916869074,-0.44601757428917127,1.0,0.08324662155306958,,,,,,A:CYS148;A:CYS202;A:HIS175;A:LEU145;A:LEU40;A:PHE199;A:PHE36;A:PHE39;A:PHE43;A:TRP195;A:TRP231;A:VAL234,A:LEU145;A:LEU40;A:PHE199;A:PHE36;A:PHE39;A:PHE43;A:TRP195;A:TRP231;A:VAL234,A:HIS175;A:PHE199;A:PHE36;A:PHE39;A:PHE43;A:TRP195;A:TRP231,A:PHE199,A:CYS202;A:PHE199;A:PHE36,A:CYS148;A:CYS202;A:HIS175;A:LEU145;A:PHE199;A:PHE39;A:PHE43;A:TRP195;A:TRP231,1.0,-0.39602844893161254,2.041935912320602,False,SAM_COMPATIBLE
7A_APO,7A,APO,26DCMB_R,4,-6.228,8.008454545454546,-1.7173636363636362,-2.180636363636364,-0.6607760478884986,-0.6295351629485979,-0.40873034282780946,1.0,0.07049822692805871,,,,,,A:CYS148;A:CYS202;A:HIS175;A:LEU145;A:LEU40;A:PHE199;A:PHE36;A:PHE39;A:PHE43;A:TRP195;A:TRP231;A:VAL234,A:LEU145;A:LEU40;A:PHE199;A:PHE36;A:PHE39;A:PHE43;A:TRP195;A:TRP231;A:VAL234,A:HIS175;A:PHE199;A:PHE36;A:PHE39;A:PHE43;A:TRP195;A:TRP231,A:PHE199,A:CYS202;A:PHE199;A:PHE36,A:CYS148;A:CYS202;A:HIS175;A:LEU145;A:PHE199;A:PHE39;A:PHE43;A:TRP195;A:TRP231,1.0,-0.42267519835606865,1.9867869152291755,False,SAM_COMPATIBLE
7A_APO,7A,APO,26DCMB_R,5,-5.968,8.232454545454546,-1.7234545454545456,-2.049727272727273,-0.14074410640975657,-0.9706876253972884,-0.1948246144908078,1.0,0.17030854353202585,,,,,,A:CYS148;A:CYS202;A:HIS175;A:LEU145;A:LEU40;A:PHE199;A:PHE36;A:PHE39;A:PHE43;A:TRP195;A:TRP231;A:VAL234,A:LEU145;A:LEU40;A:PHE199;A:PHE36;A:PHE39;A:PHE43;A:TRP195;A:TRP231;A:VAL234,A:HIS175;A:HIS237;A:PHE199;A:PHE36;A:PHE39;A:PHE43;A:TRP195;A:TRP231;A:TYR47,A:HIS175,A:CYS202;A:HIS175;A:TRP195;A:VAL234,A:CYS148;A:LEU145;A:PHE43;A:TRP195;A:TRP231;A:VAL234,0.9090909090909091,-0.3001262257137413,2.315029360379444,False,SAM_COMPATIBLE
7A_APO,7A,APO,26DCMB_R,6,-5.952,8.202454545454545,-1.7293636363636364,-2.0531818181818187,-0.20221675441406348,-0.9554628992826765,-0.21493960158282524,1.0,0.14904026301640766,,,,,,A:CYS148;A:CYS202;A:HIS175;A:LEU145;A:LEU40;A:PHE199;A:PHE36;A:PHE39;A:PHE43;A:TRP195;A:TRP231;A:VAL234,A:LEU145;A:LEU40;A:PHE199;A:PHE36;A:PHE39;A:PHE43;A:TRP195;A:TRP231;A:VAL234,A:HIS175;A:HIS237;A:PHE199;A:PHE36;A:PHE39;A:PHE43;A:TRP195;A:TRP231;A:TYR47,A:HIS175,A:CYS202;A:HIS175;A:TRP195;A:VAL234,A:CYS148;A:CYS202;A:LEU145;A:PHE43;A:TRP195;A:TRP231;A:VAL234,0.9090909090909091,-0.3111666108807043,2.3462674790913476,False,SAM_COMPATIBLE
7A_APO,7A,APO,26DCMB_R,7,-5.617,5.112363636363637,-3.8750000000000004,-1.9769090909090907,-0.8004400551382032,-0.5985327489568005,-0.032469471147005734,1.0,0.5474394943735789,,,,,,A:CYS202;A:HIS175;A:LEU145;A:LEU40;A:PHE199;A:PHE36;A:PHE43;A:SER149,A:LEU145;A:LEU40;A:PHE199;A:PHE36;A:PHE43,A:PHE199;A:PHE36;A:PHE39;A:PHE43,,A:HIS175;A:LEU145,A:CYS202;A:LEU145;A:LEU40;A:PHE199;A:PHE36;A:SER149,1.0,-2.198532445249684,-0.04002442567891123,False,SAM_COMPATIBLE
7A_APO,7A,APO,26DCMB_R,8,-5.608,3.1040909090909095,-5.459090909090908,0.23227272727272733,0.3341411336170346,0.2281570261631946,-0.9144911559099357,0.2727272727272727,2.4506154329066,,,,,,A:ALA83;A:ASP98;A:CYS79;A:GLY78;A:GLY80;A:LEU145;A:LEU40;A:PHE103;A:PHE36;A:THR144;A:THR44;A:THR81,A:ALA83;A:LEU145;A:LEU40;A:PHE103;A:PHE36,A:PHE36,A:GLY78;A:THR144,A:CYS79;A:GLY78;A:GLY80;A:THR144,A:ASP98;A:GLY78;A:GLY80;A:LEU145;A:LEU40;A:PHE103;A:THR144;A:THR44,1.0,-2.021932413257819,0.31457965702225144,False,SAM_COMPATIBLE
7A_APO,7A,APO,26DCMB_R,9,-5.558,2.050181818181818,-5.788181818181818,-3.636090909090909,0.8155520021254341,0.4187223369912183,0.3994327682274058,0.2727272727272727,2.1076501132778187,,,,,,A:ASP200;A:ASP98;A:CYS79;A:GLY78;A:GLY80;A:LEU145;A:LEU40;A:PHE103;A:PHE199;A:PHE36;A:PRO99;A:SER149;A:VAL146,A:LEU145;A:LEU40;A:PHE103;A:PHE199;A:PHE36;A:PRO99;A:VAL146,A:PHE103;A:PHE199;A:PHE36,A:ASP98,A:ASP200;A:ASP98;A:PHE103;A:PRO99,A:ASP200;A:ASP98;A:CYS79;A:GLY78;A:GLY80;A:LEU40;A:SER149,1.0,-5.154238451775747,-3.402281170049366,False,SAM_COMPATIBLE
7A_APO,7A,APO,26DCMB_R,10,-5.512,5.106818181818182,-3.844909090909091,-2.0127272727272727,-0.7953146671991033,-0.6060896773521868,0.011396628672612114,1.0,0.5041567216649999,,,,,,A:CYS202;A:HIS175;A:LEU145;A:LEU40;A:PHE199;A:PHE36;A:PHE43;A:SER149,A:LEU145;A:LEU40;A:PHE199;A:PHE36;A:PHE43,A:PHE199;A:PHE36;A:PHE39;A:PHE43,,A:HIS175;A:LEU145,A:CYS202;A:LEU145;A:LEU40;A:PHE199;A:PHE36;A:SER149,1.0,-2.2041101154293634,-0.11273939112939267,False,SAM_COMPATIBLE
7A_APO,7A,APO,26DCMB_R,11,-5.395,3.7925454545454547,-4.720727272727273,-2.705,0.7286122165850152,0.5327069175516498,-0.430520124774314,0.7272727272727273,0.6330276455258493,,,,,,A:ASP200;A:ASP98;A:CYS202;A:GLY78;A:GLY80;A:LEU145;A:LEU40;A:PHE103;A:PHE199;A:PHE36;A:SER149;A:THR144;A:VAL146,A:LEU145;A:LEU40;A:PHE103;A:PHE199;A:PHE36,A:PHE103;A:PHE199;A:PHE36,A:GLY78;A:LEU145,A:GLY78;A:LEU145;A:THR144;A:VAL146,A:ASP200;A:LEU145;A:LEU40;A:PHE199;A:PHE36;A:SER149;A:THR144,1.0,-3.4962071604694427,-1.6517461427962572,False,SAM_COMPATIBLE
7A_APO,7A,APO,26DCMB_R,12,-5.381,1.9156363636363638,-5.825909090909092,-3.781,0.8140902199655606,0.3998336733938154,0.4211770974030198,0.2727272727272727,2.165677261274172,,,,,,A:ASP200;A:ASP98;A:GLY78;A:GLY80;A:LEU145;A:LEU40;A:PHE103;A:PHE199;A:PHE36;A:PRO99;A:SER149;A:VAL146,A:LEU145;A:LEU40;A:PHE103;A:PHE199;A:PHE36;A:PRO99;A:VAL146,A:PHE103;A:PHE199;A:PHE36,A:ASP98,A:ASP200;A:ASP98;A:PHE103;A:PRO99,A:ASP200;A:ASP98;A:GLY78;A:GLY80;A:LEU40;A:SER149,1.0,-5.303376568488456,-3.5757558880063747,False,SAM_COMPATIBLE
7A_APO,7A,APO,26DCMB_S,1,-6.568,8.241181818181817,-1.7175454545454547,-1.8119999999999998,0.9234819268848217,0.37621919722534813,0.07510157359344517,1.0,0.2223645655224775,,,,,,A:CYS148;A:CYS202;A:HIS175;A:LEU145;A:LEU40;A:PHE199;A:PHE36;A:PHE39;A:PHE43;A:SER149;A:TRP195;A:TRP231;A:VAL234,A:LEU145;A:LEU40;A:PHE199;A:PHE36;A:PHE39;A:PHE43;A:TRP195;A:TRP231;A:VAL234,A:HIS175;A:PHE199;A:PHE39;A:PHE43;A:TRP195;A:TRP231,,A:CYS148;A:CYS202;A:HIS175;A:LEU145;A:SER149,A:HIS175;A:LEU145;A:LEU40;A:PHE199;A:PHE36;A:PHE39;A:PHE43;A:VAL234,1.0,-0.12592714413168726,2.497581739420029,False,SAM_COMPATIBLE
7A_APO,7A,APO,26DCMB_S,2,-6.482,8.243545454545455,-1.755181818181818,-1.8168181818181814,0.8971730739100544,0.4306941633933569,0.09789286526443582,1.0,0.23166786570433082,,,,,,A:CYS148;A:CYS202;A:HIS175;A:LEU145;A:LEU40;A:PHE199;A:PHE36;A:PHE39;A:PHE43;A:SER149;A:TRP195;A:TRP231;A:VAL234,A:LEU145;A:LEU40;A:PHE199;A:PHE36;A:PHE39;A:PHE43;A:TRP195;A:TRP231;A:VAL234,A:HIS175;A:PHE199;A:PHE39;A:PHE43;A:TRP195;A:TRP231,,A:CYS148;A:CYS202;A:HIS175;A:LEU145;A:SER149,A:HIS175;A:LEU145;A:LEU40;A:PHE199;A:PHE36;A:PHE39;A:PHE43;A:VAL234,1.0,-0.15487589549065137,2.4717214372244674,False,SAM_COMPATIBLE
7A_APO,7A,APO,26DCMB_S,3,-6.385,8.008636363636365,-1.6909090909090911,-2.0772727272727276,-0.6151271972494367,-0.675617908504919,-0.4063975552479258,1.0,0.1102587864979478,,,,,,A:CYS148;A:CYS202;A:HIS175;A:LEU145;A:LEU40;A:PHE199;A:PHE36;A:PHE39;A:PHE43;A:TRP195;A:TRP231;A:VAL234,A:LEU145;A:LEU40;A:PHE199;A:PHE36;A:PHE39;A:PHE43;A:TRP195;A:TRP231;A:VAL234,A:HIS175;A:PHE199;A:PHE36;A:PHE39;A:PHE43;A:TRP195;A:TRP231,,A:LEU40;A:PHE36,A:CYS148;A:CYS202;A:HIS175;A:LEU145;A:PHE199;A:PHE39;A:PHE43;A:TRP195;A:TRP231,1.0,-0.3310517410743029,2.0714861107792832,False,SAM_COMPATIBLE
7A_APO,7A,APO,26DCMB_S,4,-6.225,8.099181818181819,-1.7120909090909089,-2.1279090909090908,-0.6627819941275903,-0.6359570390979866,-0.3953209742500099,1.0,0.040718546143004915,,,,,,A:CYS148;A:CYS202;A:HIS175;A:LEU145;A:LEU40;A:PHE199;A:PHE36;A:PHE39;A:PHE43;A:TRP195;A:TRP231;A:VAL234,A:LEU145;A:LEU40;A:PHE199;A:PHE36;A:PHE39;A:PHE43;A:TRP195;A:TRP231;A:VAL234,A:HIS175;A:PHE199;A:PHE36;A:PHE39;A:PHE43;A:TRP195;A:TRP231,,A:LEU40;A:PHE36,A:CYS148;A:CYS202;A:HIS175;A:LEU145;A:PHE199;A:PHE39;A:PHE43;A:TRP195;A:TRP231,1.0,-0.36792565643761505,2.025524280081785,False,SAM_COMPATIBLE
7A_APO,7A,APO,26DCMB_S,5,-5.987,8.031909090909092,-1.8794545454545462,-2.025636363636364,0.014217008384906983,0.9825999238512729,0.18518981159895484,1.0,0.24441153818917818,,,,,,A:CYS148;A:CYS202;A:GLU174;A:HIS175;A:LEU145;A:LEU40;A:PHE199;A:PHE36;A:PHE39;A:PHE43;A:TRP195;A:TRP231;A:VAL234,A:LEU145;A:LEU40;A:PHE199;A:PHE36;A:PHE39;A:PHE43;A:TRP195;A:TRP231;A:VAL234,A:HIS175;A:PHE199;A:PHE36;A:PHE39;A:PHE43;A:TRP195;A:TRP231;A:TYR47,A:HIS175,A:CYS202;A:HIS175;A:TRP195;A:VAL234,A:CYS148;A:CYS202;A:GLU174;A:HIS175;A:LEU145;A:PHE199;A:PHE39;A:PHE43;A:TRP195;A:TRP231,1.0,-0.42054161492319675,2.270207997348493,False,SAM_COMPATIBLE
7A_APO,7A,APO,26DCMB_S,6,-5.661,-1.4417272727272727,-5.2263636363636365,-6.0079090909090915,-0.6682367446508699,0.3204842057357262,-0.6713788252338234,0.0,5.691063696709078,,,,,,A:ASP200;A:ASP98;A:GLU128;A:GLY127;A:GLY78;A:LEU145;A:PRO99;A:SER149;A:VAL146;A:VAL150;A:VAL77,A:LEU145;A:PRO99;A:VAL146;A:VAL150;A:VAL77,,A:ASP98,A:ASP98;A:GLY78;A:PRO99,A:ASP200;A:GLY127;A:GLY78;A:PRO99;A:SER149;A:VAL146;A:VAL77,1.0,-6.978683283208453,-5.006494728233099,False,OUTSIDE_TARGET_SITE
7A_APO,7A,APO,26DCMB_S,7,-5.622,5.079363636363637,-3.883090909090909,-1.9949090909090912,-0.8129082391960716,-0.5804839765481214,-0.04710146089053799,1.0,0.551512465860927,,,,,,A:CYS202;A:HIS175;A:LEU145;A:LEU40;A:PHE199;A:PHE36;A:PHE43;A:SER149,A:LEU145;A:LEU40;A:PHE199;A:PHE36;A:PHE43,A:HIS175;A:PHE199;A:PHE36;A:PHE43,,A:LEU40;A:PHE36;A:PHE43,A:CYS202;A:LEU145;A:LEU40;A:PHE199;A:PHE36;A:SER149,1.0,-2.221854951539528,-0.10091581319733552,False,SAM_COMPATIBLE
7A_APO,7A,APO,26DCMB_S,8,-5.601,5.071454545454545,-3.839545454545454,-2.6843636363636367,-0.7573190577595538,-0.6124898544882538,0.22654805870529773,1.0,0.47363593613660765,,,,,,A:ASP200;A:CYS148;A:CYS202;A:HIS175;A:LEU145;A:LEU40;A:PHE199;A:PHE36;A:PHE43;A:SER149,A:LEU145;A:LEU40;A:PHE199;A:PHE36;A:PHE43,A:PHE199;A:PHE36;A:PHE39,A:CYS202,A:CYS148;A:CYS202;A:HIS175,A:ASP200;A:LEU145;A:LEU40;A:PHE199;A:PHE36;A:PHE43;A:SER149,1.0,-2.6827084855428223,-0.3627448963595261,False,SAM_COMPATIBLE
7A_APO,7A,APO,26DCMB_S,9,-5.598,-1.5068181818181818,-5.213,-5.9861818181818185,0.7119748651456038,-0.28652054157084966,0.6410910782867334,0.0,5.6655764931734875,,,,,,A:ASP200;A:ASP98;A:GLU128;A:GLY127;A:GLY78;A:LEU145;A:PRO99;A:SER149;A:VAL146;A:VAL150;A:VAL77,A:LEU145;A:PRO99;A:VAL146;A:VAL150;A:VAL77,,A:ASP98,A:ASP98;A:GLY78;A:PRO99,A:ASP200;A:GLY127;A:GLY78;A:PRO99;A:SER149;A:VAL146;A:VAL77,1.0,-6.963877631355374,-4.989796740162449,False,OUTSIDE_TARGET_SITE
7A_APO,7A,APO,26DCMB_S,10,-5.55,3.8096363636363635,-4.680090909090908,-2.898090909090909,0.8382195381609082,0.5308039768817857,0.125040569303704,0.7272727272727273,0.5526264561166069,,,,,,A:ASP200;A:ASP98;A:CYS202;A:GLY78;A:LEU145;A:LEU40;A:PHE103;A:PHE199;A:PHE36;A:SER149;A:THR144;A:VAL146,A:LEU145;A:LEU40;A:PHE103;A:PHE199;A:PHE36,A:PHE103;A:PHE199;A:PHE36,A:LEU145,A:GLY78;A:LEU145;A:VAL146,A:ASP200;A:LEU145;A:LEU40;A:PHE199;A:PHE36;A:SER149;A:THR144,1.0,-3.6028048360360976,-1.5540459930694532,False,SAM_COMPATIBLE
7A_APO,7A,APO,26DCMB_S,11,-5.52,5.115363636363636,-3.855818181818181,-2.005181818181818,-0.7966345817225734,-0.604397050309458,0.008806178565473862,1.0,0.5062588270835382,,,,,,A:CYS202;A:HIS175;A:LEU145;A:LEU40;A:PHE199;A:PHE36;A:PHE43;A:SER149,A:LEU145;A:LEU40;A:PHE199;A:PHE36;A:PHE43,A:HIS175;A:PHE199;A:PHE36;A:PHE43,,A:LEU40;A:PHE36;A:PHE43,A:CYS202;A:LEU145;A:LEU40;A:PHE199;A:PHE36;A:SER149,1.0,-2.204965810789335,-0.1014964021426991,False,SAM_COMPATIBLE
7A_APO,7A,APO,26DCMB_S,12,-5.444,3.752363636363637,-4.708545454545455,-2.8562727272727275,0.8257802039733608,0.5162044089340637,0.227200490586504,0.7272727272727273,0.6453409951335809,,,,,,A:ASP200;A:ASP98;A:CYS202;A:GLY78;A:LEU145;A:LEU40;A:PHE103;A:PHE199;A:PHE36;A:SER149;A:THR144;A:VAL146,A:LEU145;A:LEU40;A:PHE103;A:PHE199;A:PHE36,A:PHE103;A:PHE199;A:PHE36,A:LEU145,A:GLY78;A:LEU145;A:VAL146,A:ASP200;A:LEU145;A:LEU40;A:PHE199;A:PHE36;A:SER149;A:THR144,1.0,-3.601312550074242,-1.5955026473394551,False,SAM_COMPATIBLE
7A_APO,7A,APO,2CLBA,1,-6.045,7.995555555555557,-1.7696666666666667,-1.7602222222222224,0.8517868046740489,0.501139323017517,0.15270434934447116,1.0,0.2926704631492563,,,,,,A:CYS148;A:HIS175;A:LEU145;A:LEU40;A:PHE199;A:PHE36;A:PHE39;A:PHE43;A:TRP195;A:TRP231;A:VAL234,A:LEU145;A:LEU40;A:PHE199;A:PHE36;A:PHE39;A:PHE43;A:TRP195;A:TRP231;A:VAL234,A:HIS175;A:PHE199;A:PHE39;A:PHE43;A:TRP195;A:TRP231,A:LEU145,A:CYS148;A:LEU145,A:LEU40;A:PHE199;A:PHE36;A:PHE39,1.0,-0.1620379142567962,1.8007408692995783,False,SAM_COMPATIBLE
7A_APO,7A,APO,2CLBA,2,-5.988,8.621666666666668,-1.669111111111111,-1.7032222222222222,-0.33807744643523585,0.895402344125535,0.2897555561957817,1.0,0.1517827394666477,,,,,,A:HIS175;A:LEU145;A:LEU40;A:PHE199;A:PHE36;A:PHE39;A:PHE43;A:TRP195;A:TRP231;A:VAL234,A:LEU145;A:LEU40;A:PHE199;A:PHE36;A:PHE39;A:PHE43;A:TRP195;A:TRP231;A:VAL234,A:HIS175;A:PHE199;A:PHE36;A:PHE39;A:PHE43;A:TRP195;A:TRP231,,A:HIS175;A:LEU145;A:PHE43;A:VAL234,A:HIS175;A:LEU145,1.0,0.041998478824004766,2.7757143918298675,False,SAM_COMPATIBLE
7A_APO,7A,APO,2CLBA,3,-5.986,8.126666666666667,-1.9763333333333333,-1.9837777777777776,0.9762352176612726,-0.2164666576954274,0.01034339905535811,1.0,0.24157400522407232,,,,,,A:CYS148;A:HIS175;A:LEU145;A:LEU40;A:PHE199;A:PHE36;A:PHE39;A:PHE43;A:SER149;A:TRP195;A:TRP231;A:VAL234,A:LEU145;A:LEU40;A:PHE199;A:PHE36;A:PHE39;A:PHE43;A:TRP195;A:TRP231;A:VAL234,A:HIS175;A:PHE199;A:PHE36;A:PHE39;A:PHE43;A:TRP195;A:TRP231,A:LEU145,A:CYS148;A:LEU145;A:SER149,A:HIS175;A:PHE43;A:TRP195;A:VAL234,1.0,-0.44315506201033344,1.7556948003362733,False,SAM_COMPATIBLE
7A_APO,7A,APO,2CLBA,4,-5.976,8.284333333333334,-2.138111111111111,-2.4273333333333333,0.8570996132440499,0.34910768412776577,0.37881932086398173,1.0,0.24310285888898986,,,,,,A:CYS148;A:CYS202;A:HIS175;A:LEU145;A:LEU40;A:PHE199;A:PHE36;A:PHE39;A:PHE43;A:SER149;A:TRP195;A:TRP231;A:VAL234,A:LEU145;A:LEU40;A:PHE199;A:PHE36;A:PHE39;A:PHE43;A:TRP195;A:TRP231;A:VAL234,A:HIS175;A:PHE199;A:PHE36;A:PHE39;A:PHE43;A:TRP195;A:TRP231,A:PHE199,A:CYS202;A:PHE199;A:PHE36;A:SER149,A:CYS148;A:CYS202;A:HIS175;A:LEU145,1.0,-0.8456274378373724,0.8436558398874062,False,SAM_COMPATIBLE
7A_APO,7A,APO,2CLBA,5,-5.736,8.567333333333332,-1.6347777777777777,-1.3451111111111111,-0.03153625834539372,-0.9142550631471176,-0.40390982151890364,1.0,0.23803361107204987,,,,,,A:HIS175;A:HIS237;A:LEU145;A:LEU40;A:PHE199;A:PHE36;A:PHE39;A:PHE43;A:TRP195;A:TRP231;A:TYR47;A:VAL234,A:LEU145;A:LEU40;A:PHE199;A:PHE36;A:PHE39;A:PHE43;A:TRP195;A:TRP231;A:VAL234,A:HIS175;A:PHE199;A:PHE36;A:PHE39;A:PHE43;A:TRP195;A:TRP231,,A:HIS175;A:HIS237;A:LEU145;A:PHE43;A:TYR47;A:VAL234,A:PHE43;A:TRP195;A:TRP231;A:VAL234,1.0,0.3117267825497224,3.0678185312970436,False,SAM_COMPATIBLE
7A_APO,7A,APO,2CLBA,6,-5.488,6.884888888888889,-3.1053333333333333,-2.916666666666666,0.887148969335623,-0.004785039845519894,0.4614583508838239,1.0,0.4282826169715507,,,,,,A:ASP200;A:CYS148;A:CYS202;A:LEU145;A:LEU40;A:PHE199;A:PHE36;A:PHE39;A:PHE43;A:SER149;A:TRP195,A:LEU145;A:LEU40;A:PHE199;A:PHE36;A:PHE39;A:PHE43;A:TRP195,A:PHE199;A:PHE36;A:PHE39;A:PHE43;A:TRP195,A:PHE199;A:SER149,A:ASP200;A:CYS202;A:PHE199;A:PHE36;A:SER149,A:LEU145;A:LEU40,1.0,-2.0693124135385967,-1.1964366349445013,False,SAM_COMPATIBLE
7A_APO,7A,APO,2CLBA,7,-5.398,6.337444444444444,-3.3846666666666665,-3.063333333333333,0.764144118454976,0.16259528288026545,0.6242167413773475,1.0,0.4281273175119755,,,,,,A:ASP200;A:CYS202;A:LEU145;A:LEU40;A:PHE199;A:PHE36;A:PHE43;A:SER149,A:LEU145;A:LEU40;A:PHE199;A:PHE36;A:PHE43,A:PHE199;A:PHE36;A:PHE39;A:PHE43;A:TRP195,A:PHE199;A:SER149,A:ASP200;A:CYS202;A:PHE199;A:PHE36;A:SER149,A:LEU145;A:LEU40,1.0,-2.448113767433656,-1.1421445233785268,False,SAM_COMPATIBLE
7A_APO,7A,APO,2CLBA,8,-5.221,7.562777777777778,-1.9550000000000003,-2.8392222222222228,-0.9675515827806125,0.026762297607896095,-0.2512522917019429,1.0,0.07814729681825212,,,,,,A:CYS148;A:CYS202;A:HIS175;A:LEU145;A:PHE199;A:PHE36;A:PHE39;A:PHE43;A:SER149;A:TRP195;A:TRP231;A:VAL234,A:LEU145;A:PHE199;A:PHE36;A:PHE43;A:TRP195;A:VAL234,A:HIS175;A:PHE199;A:PHE36;A:PHE39;A:PHE43;A:TRP195;A:TRP231,,A:PHE199;A:PHE39;A:PHE43;A:TRP231,A:HIS175;A:LEU145;A:PHE43;A:VAL234,1.0,-1.1209897731385752,1.3494927843397126,False,SAM_COMPATIBLE
7A_APO,7A,APO,2CLBA,9,-5.171,3.007,-5.1129999999999995,1.3187777777777778,0.6205421686331332,0.1432745706316238,-0.770973290301559,0.2222222222222222,3.2831538191196583,,,,,,A:ALA83;A:ASN84;A:CYS79;A:GLU76;A:GLY78;A:GLY80;A:LEU145;A:LEU40;A:THR144;A:THR44;A:VAL146,A:ALA83;A:LEU145;A:LEU40;A:VAL146,A:PHE43,A:GLY78;A:THR144,A:ASN84;A:CYS79;A:GLU76;A:GLY78;A:THR144,A:ALA83;A:LEU145;A:THR44,1.0,-1.0269859916199426,0.9463311771829682,False,SAM_COMPATIBLE
7A_APO,7A,APO,2CLBA,10,-5.149,2.9915555555555557,-5.673444444444444,-3.6937777777777785,-0.5283751352731016,-0.6549495872414542,0.5402413854911349,0.5555555555555556,2.03594425267491,,,,,,A:ASP200;A:ASP98;A:CYS202;A:GLY80;A:LEU145;A:LEU40;A:PHE103;A:PHE199;A:PHE36;A:SER149,A:LEU145;A:LEU40;A:PHE103;A:PHE199;A:PHE36,A:PHE103;A:PHE199;A:PHE36,A:ASP200;A:PHE199;A:SER149,A:ASP200;A:CYS202;A:PHE199;A:PHE36;A:SER149,A:LEU145;A:LEU40;A:PHE36,1.0,-4.97435781455598,-2.620912111658467,False,SAM_COMPATIBLE
7A_APO,7A,APO,2CLBA,11,-5.083,2.469222222222222,-6.0362222222222215,-3.8617777777777778,-0.3128426917261056,-0.4027428872847067,0.8601904538967767,0.3333333333333333,3.017119321472056,,,,,,A:ASP200;A:ASP98;A:CYS202;A:GLY78;A:GLY80;A:LEU145;A:LEU40;A:PHE103;A:PHE199;A:PHE36;A:PRO99;A:SER149,A:LEU145;A:LEU40;A:PHE103;A:PHE36;A:PRO99,A:PHE103;A:PHE199;A:PHE36,A:ASP200;A:PHE199;A:SER149,A:ASP200;A:CYS202;A:PHE199;A:PHE36;A:SER149,A:ASP200;A:ASP98;A:PHE103;A:PRO99,1.0,-5.421909625818613,-3.5659755586024016,False,SAM_COMPATIBLE
7A_APO,7A,APO,2CLBA,12,-5.032,3.0254444444444446,-5.568444444444444,0.5281111111111113,0.547332302790031,0.20402489309779712,0.8116656906134413,0.1111111111111111,2.4783359336458,,,,,,A:ALA83;A:ASP98;A:CYS79;A:GLY78;A:GLY80;A:LEU145;A:LEU40;A:THR144;A:THR44;A:VAL146,A:ALA83;A:LEU145;A:LEU40;A:VAL146,,A:ASP98;A:GLY78,A:ASP98;A:CYS79;A:GLY78;A:GLY80;A:LEU40;A:VAL146,A:LEU145;A:LEU40,1.0,-1.8989096628582445,-0.2583695085365806,False,SAM_COMPATIBLE
7A_APO,7A,APO,34DCMB_R,1,-6.842,7.05109090909091,-2.385363636363637,-2.293727272727273,0.8652660328767273,0.4335223705928003,0.2517400376288385,1.0,0.20396813476619324,,,,,,A:CYS148;A:CYS202;A:HIS175;A:LEU145;A:LEU40;A:PHE199;A:PHE36;A:PHE39;A:PHE43;A:SER149;A:TRP195;A:TRP231;A:VAL234,A:LEU145;A:LEU40;A:PHE199;A:PHE36;A:PHE39;A:PHE43;A:TRP195;A:TRP231;A:VAL234,A:HIS175;A:PHE199;A:PHE36;A:PHE39;A:PHE43;A:TRP195,A:LEU145;A:SER149,A:CYS148;A:CYS202;A:LEU145;A:SER149,A:PHE199;A:PHE39;A:PHE43;A:TRP195;A:TRP231;A:VAL234,1.0,-1.1067365355099321,1.7509531575276922,False,SAM_COMPATIBLE
7A_APO,7A,APO,34DCMB_R,2,-6.674,7.29909090909091,-2.2266363636363637,-2.2923636363636364,0.8271906268732262,0.4919771851328454,0.27150343666672244,1.0,0.143255017364139,,,,,,A:CYS148;A:CYS202;A:HIS175;A:LEU145;A:LEU40;A:PHE199;A:PHE36;A:PHE39;A:PHE43;A:SER149;A:TRP195;A:TRP231;A:VAL234,A:LEU145;A:LEU40;A:PHE199;A:PHE36;A:PHE39;A:PHE43;A:TRP195;A:TRP231;A:VAL234,A:HIS175;A:PHE199;A:PHE36;A:PHE39;A:PHE43;A:TRP195;A:TRP231,A:LEU145;A:SER149,A:CYS148;A:CYS202;A:LEU145;A:SER149,A:HIS175;A:LEU145;A:PHE43;A:TRP195;A:TRP231;A:VAL234,1.0,-0.9592141726605065,2.1052885250701174,False,SAM_COMPATIBLE
7A_APO,7A,APO,34DCMB_R,3,-6.192,6.696000000000001,-2.9365454545454543,-2.4806363636363638,-0.8846904059847986,-0.46014494327409877,-0.07476307068151242,1.0,0.3006226871012901,,,,,,A:CYS202;A:HIS175;A:LEU145;A:LEU40;A:PHE199;A:PHE36;A:PHE39;A:PHE43;A:SER149;A:TRP195;A:TRP231;A:VAL234,A:LEU145;A:LEU40;A:PHE199;A:PHE36;A:PHE39;A:PHE43;A:TRP195;A:TRP231,A:PHE199;A:PHE36;A:PHE39;A:PHE43;A:TRP195;A:TRP231,,A:CYS202;A:HIS175;A:PHE43;A:TRP195;A:VAL234,A:LEU145;A:LEU40;A:PHE36;A:SER149,1.0,-1.672070591982328,0.44479870489632306,False,SAM_COMPATIBLE
7A_APO,7A,APO,34DCMB_R,4,-6.008,3.403272727272727,-5.093545454545455,0.26127272727272727,0.09130024093038076,0.1625642487587153,0.9824648243227689,0.2727272727272727,1.781475231374268,,,,,,A:ALA83;A:CYS79;A:GLY78;A:GLY80;A:LEU145;A:LEU40;A:PHE36;A:THR144;A:THR44,A:ALA83;A:LEU145;A:LEU40;A:PHE36,A:PHE36;A:PHE43;A:TYR47,A:THR144,A:ALA83;A:LEU145;A:THR144,A:LEU145;A:LEU40;A:PHE36,1.0,-1.704832788195022,1.1996271302273485,False,SAM_COMPATIBLE
7A_APO,7A,APO,34DCMB_R,5,-6.004,3.342090909090909,-5.343454545454545,-3.858636363636364,-0.6942276600812158,-0.715780680383796,-0.07553789491023552,0.5454545454545454,0.8441172904282912,,,,,,A:ASP200;A:ASP98;A:CYS202;A:GLY78;A:GLY80;A:LEU145;A:LEU40;A:PHE103;A:PHE199;A:PHE36;A:PRO99;A:SER149,A:LEU145;A:LEU40;A:PHE103;A:PHE199;A:PHE36;A:PRO99,A:PHE103;A:PHE199;A:PHE36,A:PHE199,A:CYS202;A:PHE199;A:PHE36;A:SER149,A:ASP200;A:ASP98;A:GLY78;A:GLY80;A:LEU40;A:PHE103;A:PRO99,1.0,-4.8116342461520265,-2.023486382739651,False,SAM_COMPATIBLE
7A_APO,7A,APO,34DCMB_R,6,-5.89,3.416727272727272,-5.1788181818181815,-1.9145454545454543,0.6995079998203336,0.5279510840071753,0.48161832511129093,0.45454545454545453,1.002774152040229,,,,,,A:ASP200;A:ASP98;A:GLY78;A:GLY80;A:LEU145;A:LEU40;A:PHE103;A:PHE36;A:PHE43;A:THR144;A:VAL146,A:LEU145;A:LEU40;A:PHE103;A:PHE36;A:PHE43,A:PHE103;A:PHE36,A:ASP98;A:GLY78,A:ASP98;A:GLY78;A:GLY80;A:PHE103;A:VAL146,A:LEU145;A:LEU40;A:PHE43;A:THR144,1.0,-3.306581429617447,-0.6972028865942189,False,SAM_COMPATIBLE
7A_APO,7A,APO,34DCMB_R,7,-5.878,6.776727272727272,-2.504090909090909,-2.26,-0.7446564437373537,-0.6339789452715058,-0.20870428302472932,1.0,0.3918201117860076,,,,,,A:CYS202;A:HIS175;A:LEU145;A:LEU40;A:PHE199;A:PHE36;A:PHE43;A:SER149;A:TRP195;A:TRP231;A:VAL234,A:LEU145;A:LEU40;A:PHE199;A:PHE36;A:PHE43;A:TRP195;A:VAL234,A:HIS175;A:PHE199;A:PHE36;A:PHE43;A:TRP195,,A:PHE43;A:TRP195;A:TRP231,A:CYS202;A:LEU145;A:LEU40;A:PHE199;A:PHE36;A:SER149,1.0,-1.2058054394182265,1.7583426024977014,False,SAM_COMPATIBLE
7A_APO,7A,APO,34DCMB_R,8,-5.874,3.197818181818182,-5.166636363636363,-0.005454545454545419,-0.12034465120677633,-0.11590805010346435,-0.9859424368831742,0.36363636363636365,2.746871311146556,,,,,,A:ALA83;A:ASN84;A:ASP98;A:GLY78;A:GLY80;A:LEU145;A:LEU40;A:PHE36;A:SER149;A:THR144;A:THR44;A:VAL146,A:ALA83;A:LEU145;A:LEU40;A:PHE36;A:VAL146,A:PHE36;A:TYR47,A:THR144,A:ALA83;A:ASN84;A:LEU145;A:THR144,A:ASP98;A:GLY78;A:GLY80;A:LEU145;A:PHE36;A:SER149;A:VAL146,1.0,-1.975490781131269,0.6782425027274243,False,SAM_COMPATIBLE
7A_APO,7A,APO,34DCMB_R,9,-5.843,4.923090909090909,-3.7408181818181814,-2.978,-0.7023452306258691,-0.6872649586276668,-0.1854131971020563,0.9090909090909091,0.45883112361739375,,,,,,A:ASP200;A:CYS148;A:CYS202;A:HIS175;A:LEU145;A:LEU40;A:PHE103;A:PHE199;A:PHE36;A:PHE43;A:SER149;A:TRP195,A:LEU145;A:LEU40;A:PHE103;A:PHE199;A:PHE36;A:PHE43,A:HIS175;A:PHE199;A:PHE36;A:PHE43,,A:CYS202;A:PHE199;A:TRP195,A:ASP200;A:LEU145;A:LEU40;A:PHE103;A:PHE199;A:PHE36;A:SER149,1.0,-2.845703557738693,0.20412330358950573,False,SAM_COMPATIBLE
7A_APO,7A,APO,34DCMB_R,10,-5.836,2.709454545454545,-5.653181818181817,-4.147454545454544,0.7590063680951348,0.6122743471748554,0.22142596275648568,0.45454545454545453,0.6403311643204634,,,,,,A:ASN100;A:ASP200;A:ASP98;A:CYS202;A:GLY78;A:LEU145;A:LEU40;A:PHE103;A:PHE199;A:PHE36;A:PRO99;A:SER149,A:LEU145;A:LEU40;A:PHE103;A:PHE199;A:PHE36;A:PRO99,A:PHE103;A:PHE199;A:PHE36,A:ASP200;A:ASP98,A:ASN100;A:ASP200;A:ASP98;A:PHE103;A:PRO99,A:CYS202;A:LEU145;A:LEU40;A:PHE199;A:PHE36;A:SER149,1.0,-5.325130702276927,-2.452874234356713,False,SAM_COMPATIBLE
7A_APO,7A,APO,34DCMB_R,11,-5.829,8.194181818181818,-1.1404545454545456,-1.9760909090909093,0.33639770965125065,0.6932406238081771,0.6373805915176914,1.0,0.1457806571531353,,,,,,A:CYS202;A:HIS175;A:HIS237;A:LEU145;A:LEU229;A:LEU40;A:PHE199;A:PHE36;A:PHE39;A:PHE43;A:SER149;A:TRP195;A:TRP231;A:TYR47;A:VAL234,A:LEU145;A:LEU229;A:LEU40;A:PHE199;A:PHE36;A:PHE39;A:PHE43;A:TRP195;A:TRP231;A:TYR47;A:VAL234,A:HIS175;A:PHE199;A:PHE36;A:PHE39;A:PHE43;A:TRP195;A:TRP231;A:TYR47,,A:CYS202;A:PHE199;A:PHE36;A:SER149,A:HIS175;A:HIS237;A:LEU145;A:LEU229;A:PHE43;A:TRP195;A:TRP231;A:TYR47;A:VAL234,1.0,0.1473401924831315,3.758667415806582,False,SAM_COMPATIBLE
7A_APO,7A,APO,34DCMB_R,12,-5.781,3.488636363636364,-5.054454545454545,-2.6397272727272725,0.787785325664222,0.5959835524994533,0.1555566964751022,0.5454545454545454,0.4982268559602142,,,,,,A:ASP200;A:ASP98;A:CYS202;A:GLY78;A:GLY80;A:LEU145;A:LEU40;A:PHE103;A:PHE199;A:PHE36;A:PHE43;A:SER149;A:VAL146,A:LEU145;A:LEU40;A:PHE103;A:PHE199;A:PHE36;A:PHE43,A:PHE103;A:PHE199;A:PHE36,A:ASP98;A:GLY78,A:ASP98;A:GLY78;A:GLY80;A:PHE103;A:VAL146,A:CYS202;A:LEU145;A:LEU40;A:PHE199;A:PHE36;A:PHE43;A:SER149,1.0,-3.7251905979912783,-0.9992879857621147,False,SAM_COMPATIBLE
7A_APO,7A,APO,34DCMB_S,1,-6.605,7.198818181818182,-2.4855454545454547,-2.037181818181818,0.8683199158750315,0.4692708673189924,0.16064052035666138,1.0,0.133555232020315,,,,,,A:HIS175;A:LEU145;A:LEU40;A:PHE199;A:PHE36;A:PHE39;A:PHE43;A:SER149;A:TRP195;A:TRP231;A:VAL234,A:LEU145;A:LEU40;A:PHE199;A:PHE36;A:PHE39;A:PHE43;A:TRP195;A:TRP231;A:VAL234,A:HIS175;A:PHE199;A:PHE36;A:PHE39;A:PHE43;A:TRP195,A:LEU145,A:LEU145;A:LEU40,A:PHE199;A:PHE39;A:PHE43;A:TRP195;A:TRP231;A:VAL234,1.0,-0.9711774370201993,1.656259799508952,False,SAM_COMPATIBLE
7A_APO,7A,APO,34DCMB_S,2,-6.588,7.300363636363634,-2.0888181818181817,-2.530181818181818,0.750387660364281,0.5204044236660568,0.4075507269062585,1.0,0.2198931558734832,,,,,,A:CYS202;A:HIS175;A:LEU145;A:LEU40;A:PHE199;A:PHE36;A:PHE43;A:SER149;A:TRP195;A:TRP231;A:TYR47;A:VAL234,A:LEU145;A:LEU40;A:PHE199;A:PHE36;A:PHE43;A:TRP195;A:TRP231;A:TYR47;A:VAL234,A:HIS175;A:PHE199;A:PHE36;A:PHE39;A:PHE43;A:TRP195;A:TRP231,A:PHE199;A:SER149,A:CYS202;A:PHE199;A:PHE36;A:SER149,A:HIS175;A:LEU145;A:PHE43;A:TRP195;A:TRP231;A:TYR47;A:VAL234,1.0,-1.033124854334995,2.2308739561442374,False,SAM_COMPATIBLE
7A_APO,7A,APO,34DCMB_S,3,-5.991,3.158090909090909,-5.303272727272727,-3.7695454545454554,-0.6306506816409388,-0.7594678534174178,-0.15965054767008616,0.5454545454545454,0.9838216301749008,,,,,,A:ASP200;A:ASP98;A:CYS148;A:CYS202;A:GLY78;A:GLY80;A:LEU145;A:LEU40;A:PHE103;A:PHE199;A:PHE36;A:PRO99;A:SER149,A:LEU145;A:LEU40;A:PHE103;A:PHE199;A:PHE36;A:PRO99,A:PHE103;A:PHE199;A:PHE36,A:CYS148;A:LEU145;A:SER149,A:CYS148;A:CYS202;A:LEU145;A:SER149,A:ASP200;A:ASP98;A:GLY78;A:GLY80;A:LEU40;A:PHE103;A:PRO99,1.0,-4.748476319595953,-2.1358264789917483,False,SAM_COMPATIBLE
7A_APO,7A,APO,34DCMB_S,4,-5.929,3.775272727272728,-4.834727272727272,-3.5156363636363634,0.6513871173909997,0.5383884229215966,0.5346332662311988,0.7272727272727273,0.5577176705108062,,,,,,A:ASP200;A:ASP98;A:CYS148;A:CYS202;A:LEU145;A:LEU40;A:PHE103;A:PHE199;A:PHE36;A:PHE43;A:SER149,A:LEU145;A:LEU40;A:PHE103;A:PHE199;A:PHE36;A:PHE43,A:PHE103;A:PHE199;A:PHE36,A:ASP200,A:ASP200;A:PHE36;A:SER149,A:CYS148;A:CYS202;A:LEU145;A:LEU40;A:PHE199;A:PHE36;A:PHE43;A:SER149,1.0,-4.152876755038809,-1.061315070199016,False,SAM_COMPATIBLE
7A_APO,7A,APO,34DCMB_S,5,-5.924,6.7334545454545465,-2.9055454545454547,-2.6859999999999995,-0.836861234234716,-0.547330253195323,-0.00963683414256587,1.0,0.22539742678211783,,,,,,A:ASP200;A:CYS202;A:HIS175;A:LEU145;A:LEU40;A:PHE199;A:PHE36;A:PHE43;A:SER149;A:TRP195;A:TRP231;A:VAL234,A:LEU145;A:LEU40;A:PHE199;A:PHE36;A:PHE43;A:TRP195;A:TRP231,A:PHE199;A:PHE36;A:PHE39;A:PHE43;A:TRP195;A:TRP231,,A:CYS202;A:HIS175;A:TRP195;A:VAL234,A:ASP200;A:CYS202;A:LEU145;A:LEU40;A:PHE199;A:PHE36;A:SER149,1.0,-1.7909404134713542,0.3285645317602163,False,SAM_COMPATIBLE
7A_APO,7A,APO,34DCMB_S,6,-5.904,3.3407272727272725,-5.100272727272727,-0.26072727272727264,-0.045633977644471725,0.08693454892182619,0.9951682894305377,0.2727272727272727,1.5917078877733817,,,,,,A:ALA83;A:GLY78;A:GLY80;A:LEU145;A:LEU40;A:PHE36;A:THR144;A:THR44;A:VAL146,A:ALA83;A:LEU145;A:LEU40;A:PHE36;A:VAL146,A:PHE36,A:THR144,A:ALA83;A:GLY78;A:LEU145;A:THR144,A:LEU145;A:LEU40;A:PHE36,1.0,-2.0895822361463385,0.32265342697124155,False,SAM_COMPATIBLE
7A_APO,7A,APO,34DCMB_S,7,-5.834,4.087,-4.439727272727273,-2.2097272727272728,0.8291953473796398,0.4696761969647352,-0.30305007158669595,0.7272727272727273,0.5803524791021407,,,,,,A:ASP98;A:CYS202;A:GLY78;A:GLY80;A:LEU145;A:LEU40;A:PHE199;A:PHE36;A:PHE43;A:SER149;A:THR144;A:VAL146,A:LEU145;A:LEU40;A:PHE199;A:PHE36;A:PHE43;A:VAL146,A:PHE103;A:PHE199;A:PHE36,A:GLY78;A:LEU145;A:THR144,A:GLY78;A:LEU145;A:THR144;A:VAL146,A:CYS202;A:LEU145;A:LEU40;A:PHE199;A:PHE36;A:PHE43;A:SER149,1.0,-2.9068461743970295,-0.6351064968714033,False,SAM_COMPATIBLE
7A_APO,7A,APO,34DCMB_S,8,-5.827,3.824818181818181,-4.964818181818181,1.1979090909090908,-0.4114765040410648,-0.12419163978079248,-0.9029194444858863,0.2727272727272727,2.1236235542110564,,,,,,A:ALA83;A:CYS79;A:GLY78;A:GLY80;A:LEU145;A:LEU40;A:LYS55;A:PHE36;A:PHE43;A:THR144;A:THR44;A:TYR47;A:VAL146,A:ALA83;A:LEU145;A:LEU40;A:PHE36;A:TYR47;A:VAL146,A:PHE43;A:TYR47,A:THR44,A:LEU145;A:LEU40;A:PHE43;A:THR44;A:TYR47,A:GLY78;A:LEU145;A:LEU40;A:PHE36;A:VAL146,1.0,-0.8876019930271196,2.256927603075541,False,SAM_COMPATIBLE
7A_APO,7A,APO,34DCMB_S,9,-5.822,3.095818181818182,-5.336,-3.6888181818181818,0.7556222163882351,0.6405442750178703,0.13688717194230354,0.6363636363636364,0.3315222466140093,,,,,,A:ASP200;A:ASP98;A:CYS148;A:CYS202;A:GLY78;A:LEU145;A:LEU40;A:PHE103;A:PHE199;A:PHE36;A:PRO99;A:SER149;A:VAL146,A:LEU145;A:LEU40;A:PHE103;A:PHE199;A:PHE36;A:PRO99,A:PHE103;A:PHE199;A:PHE36,A:ASP98,A:ASP98;A:GLY78;A:VAL146,A:CYS148;A:CYS202;A:LEU145;A:LEU40;A:PHE199;A:PHE36;A:SER149,1.0,-4.723045539380968,-1.891102413770433,False,SAM_COMPATIBLE
7A_APO,7A,APO,34DCMB_S,10,-5.816,4.172909090909091,-4.413181818181818,-3.347272727272727,-0.6974314640302631,-0.7159956813403864,0.030651872414579534,0.7272727272727273,0.2933973415012483,,,,,,A:ASP200;A:ASP98;A:CYS148;A:CYS202;A:GLY78;A:GLY80;A:HIS175;A:LEU145;A:LEU40;A:PHE103;A:PHE199;A:PHE36;A:SER149,A:LEU145;A:LEU40;A:PHE103;A:PHE199;A:PHE36,A:PHE103;A:PHE199;A:PHE36;A:TRP195,,A:CYS148;A:CYS202;A:HIS175;A:LEU145;A:SER149,A:ASP200;A:ASP98;A:GLY78;A:GLY80;A:LEU40;A:PHE103;A:PHE36;A:SER149,1.0,-3.6834521098458595,-1.073791500965808,False,SAM_COMPATIBLE
7A_APO,7A,APO,34DCMB_S,11,-5.716,2.7085454545454546,-5.430545454545454,-1.1036363636363635,-0.10168105603846861,0.03127938940869518,-0.9943251795268594,0.36363636363636365,2.843613722009373,,,,,,A:ALA83;A:ASP200;A:ASP98;A:CYS79;A:GLY78;A:GLY80;A:LEU145;A:LEU40;A:PHE36;A:SER149;A:THR144;A:THR44;A:VAL146,A:ALA83;A:LEU145;A:LEU40;A:PHE36;A:VAL146,A:PHE36,A:CYS79;A:GLY78,A:CYS79;A:GLY78;A:GLY80;A:LEU40;A:THR144,A:ASP200;A:ASP98;A:GLY78;A:LEU145;A:PHE36;A:SER149;A:VAL146,1.0,-3.0106212783893405,-0.5368232433862969,False,SAM_COMPATIBLE
7A_APO,7A,APO,34DCMB_S,12,-5.688,3.592727272727273,-4.982636363636364,-3.139454545454545,0.5182153124674759,0.4094454192084125,0.7508710532531427,0.6363636363636364,0.999692952861027,,,,,,A:ASP200;A:ASP98;A:LEU145;A:LEU40;A:PHE103;A:PHE199;A:PHE36;A:PHE43;A:SER149;A:THR144,A:LEU145;A:LEU40;A:PHE103;A:PHE199;A:PHE36;A:PHE43,A:PHE103;A:PHE199;A:PHE36,A:ASP200,A:ASP200;A:PHE36;A:SER149,A:LEU145;A:LEU40;A:PHE43;A:THR144,1.0,-4.014980390078622,-0.957567830871964,False,SAM_COMPATIBLE
7A_APO,7A,APO,3CLBA,1,-5.886,8.683444444444445,-1.198,-1.3122222222222222,0.08695493964666832,0.8713708785532118,0.4828577745883851,1.0,0.20828346069719478,,,,,,A:HIS175;A:HIS237;A:LEU145;A:LEU229;A:LEU40;A:PHE199;A:PHE36;A:PHE39;A:PHE43;A:TRP195;A:TRP231;A:TYR47;A:VAL234,A:LEU145;A:LEU40;A:PHE199;A:PHE36;A:PHE39;A:PHE43;A:TRP195;A:TRP231;A:VAL234,A:HIS175;A:HIS237;A:PHE199;A:PHE39;A:PHE43;A:TRP195;A:TRP231;A:TYR47,,A:HIS175;A:HIS237;A:LEU145;A:LEU229;A:PHE43;A:TYR47;A:VAL234,A:LEU40;A:PHE36,1.0,0.65297347332303,3.8254492348723494,False,SAM_COMPATIBLE
7A_APO,7A,APO,3CLBA,2,-5.847,8.108333333333333,-2.042222222222222,-1.8195555555555556,0.7358667467255736,0.6483119818773295,0.19542698180601664,1.0,0.25428527287281116,,,,,,A:HIS175;A:LEU145;A:LEU40;A:PHE199;A:PHE36;A:PHE39;A:PHE43;A:TRP195;A:TRP231;A:VAL234,A:LEU145;A:LEU40;A:PHE199;A:PHE36;A:PHE39;A:PHE43;A:TRP195;A:TRP231;A:VAL234,A:HIS175;A:PHE199;A:PHE36;A:PHE39;A:PHE43;A:TRP195;A:TRP231,A:LEU145,A:LEU145,A:HIS175;A:LEU145;A:PHE43;A:VAL234,1.0,-0.3746123438061379,2.4408780701784534,False,SAM_COMPATIBLE
7A_APO,7A,APO,3CLBA,3,-5.84,7.209777777777777,-2.0789999999999997,-2.6335555555555556,0.913344806234538,0.11291499211551585,0.391217930928463,1.0,0.22635370551418008,,,,,,A:CYS148;A:CYS202;A:HIS175;A:LEU145;A:PHE199;A:PHE36;A:PHE39;A:PHE43;A:SER149;A:TRP195;A:TRP231,A:LEU145;A:PHE199;A:PHE36;A:PHE39;A:PHE43;A:TRP195;A:TRP231,A:HIS175;A:PHE199;A:PHE36;A:PHE39;A:PHE43;A:TRP195,A:LEU145;A:SER149,A:CYS148;A:CYS202;A:LEU145;A:SER149,A:PHE199;A:PHE39;A:PHE43;A:TRP195;A:TRP231,1.0,-1.1134406622021489,0.6428540550898233,False,SAM_COMPATIBLE
7A_APO,7A,APO,3CLBA,4,-5.565,8.394333333333334,-1.0598888888888889,-1.276,0.22770150268381903,-0.8162565437017446,-0.5309211622638653,1.0,0.19507434480218022,,,,,,A:HIS175;A:HIS237;A:LEU145;A:LEU229;A:PHE199;A:PHE39;A:PHE43;A:TRP195;A:TRP231;A:TYR47;A:VAL234,A:LEU145;A:PHE199;A:PHE39;A:PHE43;A:TRP195;A:TRP231;A:VAL234,A:HIS175;A:HIS237;A:PHE199;A:PHE36;A:PHE39;A:PHE43;A:TRP195;A:TRP231;A:TYR47,,A:HIS237;A:LEU145;A:LEU229;A:PHE43;A:TYR47;A:VAL234,A:PHE199;A:PHE39;A:PHE43;A:TRP195;A:TRP231,1.0,0.7300875246121414,3.8447032344322567,False,SAM_COMPATIBLE
7A_APO,7A,APO,3CLBA,5,-5.515,6.118222222222222,-3.195888888888889,-3.1728888888888886,0.7909166371615852,0.39243322713951656,0.469517875376299,1.0,0.17424695119283987,,,,,,A:ASP200;A:CYS202;A:LEU145;A:LEU40;A:PHE199;A:PHE36;A:PHE43;A:SER149;A:TRP195,A:LEU145;A:LEU40;A:PHE199;A:PHE36;A:PHE43;A:TRP195,A:PHE199;A:PHE36;A:PHE43,A:PHE199;A:SER149,A:ASP200;A:CYS202;A:PHE199;A:PHE36;A:SER149,A:CYS202;A:PHE199;A:TRP195,1.0,-2.4291396229963254,-0.831169412551146,False,SAM_COMPATIBLE
7A_APO,7A,APO,3CLBA,6,-5.214,6.687444444444443,-3.498666666666667,-2.5152222222222225,0.953834941446587,0.24326341426087297,-0.17613011030976325,1.0,0.07441102068914228,,,,,,A:CYS202;A:LEU145;A:LEU40;A:PHE199;A:PHE36;A:PHE39;A:PHE43;A:SER149;A:TRP231,A:LEU145;A:LEU40;A:PHE199;A:PHE36;A:PHE39;A:PHE43;A:TRP231,A:PHE199;A:PHE36;A:PHE39;A:PHE43;A:TRP195,A:LEU145,A:LEU145;A:LEU40;A:PHE36,A:PHE199;A:PHE39;A:PHE43;A:TRP231,1.0,-2.0845074844736904,-0.9237011409210886,False,SAM_COMPATIBLE
7A_APO,7A,APO,3CLBA,7,-5.163,2.6376666666666666,-5.948999999999999,-4.046888888888889,-0.6362501818420248,-0.7330023670847071,0.24061013269230253,0.4444444444444444,1.9913477847930032,,,,,,A:ASN100;A:ASP200;A:ASP98;A:CYS202;A:GLY80;A:LEU145;A:LEU40;A:PHE103;A:PHE199;A:PHE36;A:PRO99;A:SER149,A:LEU145;A:LEU40;A:PHE103;A:PHE199;A:PHE36;A:PRO99,A:PHE103;A:PHE199;A:PHE36,A:ASP200;A:PHE199;A:SER149,A:ASP200;A:CYS202;A:PHE199;A:PHE36;A:SER149,A:ASN100;A:ASP200;A:ASP98;A:PHE103;A:PRO99,1.0,-5.4679814097261525,-4.009806498667418,False,SAM_COMPATIBLE
7A_APO,7A,APO,3CLBA,8,-5.136,3.228888888888889,-5.049666666666666,-0.10333333333333328,0.697658172159443,0.26037361939960196,-0.667441872480215,0.4444444444444444,1.304032975043193,,,,,,A:CYS79;A:GLY78;A:GLY80;A:LEU145;A:LEU40;A:PHE36;A:PHE43;A:THR144,A:LEU145;A:LEU40;A:PHE36;A:PHE43,A:PHE36,A:GLY78;A:THR144,A:CYS79;A:GLY78;A:THR144,A:LEU145;A:LEU40;A:PHE43,1.0,-1.9598702693699845,-0.5558381508045517,False,SAM_COMPATIBLE
7A_APO,7A,APO,3CLBA,9,-5.062,2.4512222222222224,-5.848222222222223,-2.823444444444444,0.1807455558897405,-0.10377386337964105,-0.9780398914693472,0.3333333333333333,3.186807493401507,,,,,,A:ASP200;A:ASP98;A:GLY78;A:GLY80;A:LEU145;A:LEU40;A:PHE103;A:PHE199;A:PHE36;A:SER149;A:THR144;A:VAL146,A:LEU145;A:LEU40;A:PHE103;A:PHE199;A:PHE36,A:PHE103;A:PHE36,A:GLY78;A:LEU145;A:THR144,A:GLY78;A:LEU145;A:THR144;A:VAL146,A:ASP200;A:PHE199;A:PHE36;A:SER149,1.0,-4.557970099390492,-1.8213750460881029,False,SAM_COMPATIBLE
7A_APO,7A,APO,3CLBA,10,-5.061,7.296333333333333,-2.446666666666667,-2.437777777777778,-0.9632563493823856,0.00885960311082535,-0.2684375398621404,1.0,0.2943637205907004,,,,,,A:CYS148;A:CYS202;A:HIS175;A:LEU145;A:LEU40;A:PHE199;A:PHE36;A:PHE39;A:PHE43;A:SER149;A:TRP195;A:TRP231,A:LEU145;A:LEU40;A:PHE199;A:PHE36;A:PHE39;A:PHE43,A:HIS175;A:PHE199;A:PHE36;A:PHE39;A:PHE43;A:TRP231,,A:PHE199;A:PHE39;A:PHE43;A:TRP195;A:TRP231,A:CYS202;A:LEU145;A:PHE199;A:PHE36;A:SER149,1.0,-1.2142150392499182,0.28648235475488987,False,SAM_COMPATIBLE
7A_APO,7A,APO,3CLBA,11,-5.048,2.6751111111111108,-5.280555555555555,0.5303333333333334,0.35487964379374826,-0.011705799323267504,-0.9348387094483334,0.2222222222222222,3.385992025979979,,,,,,A:ALA83;A:ASN84;A:CYS79;A:GLU76;A:GLY78;A:GLY80;A:LEU145;A:LEU40;A:PHE36;A:THR144,A:ALA83;A:LEU145;A:LEU40;A:PHE36,A:PHE36,A:GLY78;A:THR144,A:ASN84;A:CYS79;A:GLU76;A:GLY78;A:THR144,A:GLY78;A:LEU145;A:LEU40;A:PHE36,1.0,-1.7521650066564467,-0.32884906416461784,False,SAM_COMPATIBLE
7A_APO,7A,APO,3CLBA,12,-4.976,1.3642222222222222,-5.674333333333333,-4.934222222222221,-0.9640429840840811,-0.2642940376252824,0.0277450268334023,0.2222222222222222,2.767373484009702,,,,,,A:ASP200;A:ASP98;A:CYS202;A:LEU145;A:PHE103;A:PHE199;A:PHE36;A:PRO99;A:SER149;A:VAL146,A:LEU145;A:PHE103;A:PHE199;A:PHE36;A:PRO99;A:VAL146,A:PHE103;A:PHE199;A:PHE36,A:ASP200;A:PHE199;A:SER149,A:ASP200;A:CYS202;A:PHE199;A:PHE36;A:SER149,A:PRO99;A:VAL146,1.0,-6.101222636036167,-4.779220210324914,False,SAM_COMPATIBLE
7A_APO,7A,APO,4CLBA,1,-5.765,8.472444444444443,-1.1506666666666667,-1.2942222222222224,0.032528161160232175,-0.8385765817775565,-0.5438117645158133,1.0,0.24892770034690798,,,,,,A:HIS175;A:HIS237;A:LEU145;A:LEU229;A:LEU40;A:PHE199;A:PHE36;A:PHE39;A:PHE43;A:TRP195;A:TRP231;A:TYR47;A:VAL234,A:LEU145;A:LEU40;A:PHE199;A:PHE36;A:PHE39;A:PHE43;A:TRP195;A:TRP231;A:VAL234,A:HIS175;A:HIS237;A:PHE199;A:PHE39;A:PHE43;A:TRP195;A:TRP231;A:TYR47,,A:HIS237;A:LEU145;A:LEU229;A:PHE43;A:TYR47;A:VAL234,A:LEU40;A:PHE199;A:PHE36;A:PHE39,1.0,0.666494278781676,3.9971738279385085,False,SAM_COMPATIBLE
7A_APO,7A,APO,4CLBA,2,-5.733,8.189,-1.3272222222222223,-1.8982222222222223,-0.11278904480683104,-0.7370884943204881,-0.6663176291468792,1.0,0.2534738645304482,,,,,,A:CYS202;A:HIS175;A:HIS237;A:LEU145;A:LEU229;A:PHE199;A:PHE36;A:PHE39;A:PHE43;A:TRP195;A:TYR47;A:VAL234,A:LEU145;A:LEU229;A:PHE199;A:PHE36;A:PHE39;A:PHE43;A:TRP195;A:TYR47;A:VAL234,A:HIS175;A:PHE199;A:PHE36;A:PHE39;A:PHE43;A:TRP195;A:TRP231,A:PHE199,A:CYS202;A:PHE199;A:PHE36,A:HIS175;A:HIS237;A:LEU145;A:LEU229;A:PHE43;A:TYR47;A:VAL234,1.0,0.0734112208864558,3.4984680053921076,False,SAM_COMPATIBLE
7A_APO,7A,APO,4CLBA,3,-5.718,7.459555555555555,-3.130111111111111,-3.1325555555555553,0.9048478210486763,0.07333702147887002,0.41937107914598787,1.0,0.21012377304817145,,,,,,A:ASP200;A:CYS202;A:LEU145;A:LEU40;A:PHE199;A:PHE36;A:PHE39;A:PHE43;A:SER149;A:TRP195;A:TRP231,A:LEU145;A:LEU40;A:PHE199;A:PHE36;A:PHE39;A:PHE43;A:TRP195;A:TRP231,A:PHE199;A:PHE36;A:PHE39;A:PHE43;A:TRP195,A:PHE199;A:SER149,A:ASP200;A:CYS202;A:PHE199;A:PHE36;A:SER149,A:PHE199;A:PHE39;A:PHE43;A:TRP195;A:TRP231,1.0,-2.1530168526422817,-0.7070591781418873,False,SAM_COMPATIBLE
7A_APO,7A,APO,4CLBA,4,-5.68,7.601000000000001,-1.7921111111111112,-2.8463333333333334,0.8577362969446228,0.3539594315899464,0.37282860095792936,1.0,0.11870551798463339,,,,,,A:CYS148;A:CYS202;A:HIS175;A:LEU145;A:PHE199;A:PHE36;A:PHE43;A:SER149;A:TRP195;A:TRP231;A:VAL234,A:LEU145;A:PHE199;A:PHE36;A:PHE43;A:TRP195;A:TRP231;A:VAL234,A:HIS175;A:PHE199;A:PHE36;A:PHE39;A:PHE43;A:TRP195;A:TRP231,A:LEU145;A:SER149,A:CYS148;A:CYS202;A:LEU145;A:SER149,A:PHE43;A:TRP195;A:TRP231;A:VAL234,1.0,-1.0082534377005163,1.4771389566848387,False,SAM_COMPATIBLE
7A_APO,7A,APO,4CLBA,5,-5.675,7.578777777777778,-1.7913333333333332,-2.8665555555555557,0.8539328397813537,0.3601044146993756,0.3756640995050946,1.0,0.15058552387264942,,,,,,A:CYS148;A:CYS202;A:HIS175;A:LEU145;A:PHE199;A:PHE36;A:PHE43;A:SER149;A:TRP195;A:TRP231;A:VAL234,A:LEU145;A:PHE199;A:PHE36;A:PHE43;A:TRP195;A:TRP231;A:VAL234,A:HIS175;A:PHE199;A:PHE36;A:PHE39;A:PHE43;A:TRP195;A:TRP231,A:LEU145;A:SER149,A:CYS148;A:CYS202;A:LEU145;A:SER149,A:PHE43;A:TRP195;A:TRP231;A:VAL234,1.0,-1.0254297415479543,1.4824761663687702,False,SAM_COMPATIBLE
7A_APO,7A,APO,4CLBA,6,-5.472,6.004777777777779,-2.302222222222222,-2.3862222222222225,0.505756891145644,0.546843994460311,0.6672118200252332,1.0,0.36937920894387094,,,,,,A:ASP200;A:CYS148;A:CYS202;A:HIS175;A:LEU145;A:LEU40;A:PHE199;A:PHE36;A:PHE43;A:SER149,A:LEU145;A:LEU40;A:PHE199;A:PHE36;A:PHE43,A:HIS175;A:PHE199;A:PHE36;A:PHE43,A:PHE199;A:SER149,A:ASP200;A:CYS202;A:PHE199;A:PHE36;A:SER149,A:HIS175;A:LEU145;A:PHE43,1.0,-1.273002982987476,1.9282149988538386,False,SAM_COMPATIBLE
7A_APO,7A,APO,4CLBA,7,-5.451,6.157444444444445,-2.2616666666666667,-2.3713333333333337,0.5106199876619077,0.5474355497586517,0.6630094622707854,1.0,0.5144715735587341,,,,,,A:ASP200;A:CYS148;A:CYS202;A:HIS175;A:LEU145;A:LEU40;A:PHE199;A:PHE36;A:PHE43;A:SER149,A:LEU145;A:LEU40;A:PHE199;A:PHE36;A:PHE43,A:HIS175;A:PHE199;A:PHE36;A:PHE43,A:PHE199;A:SER149,A:ASP200;A:CYS202;A:PHE199;A:PHE36;A:SER149,A:HIS175;A:LEU145;A:PHE43,1.0,-1.2115198912148777,1.9555004233507947,False,SAM_COMPATIBLE
7A_APO,7A,APO,4CLBA,8,-5.252,4.042444444444444,-4.672777777777778,2.533333333333333,0.6364144126655293,0.05472317852329653,0.7694037100793684,0.0,4.2994235660144025,,,,,,A:ALA83;A:ASN48;A:GLY78;A:LEU145;A:LEU40;A:LYS55;A:PHE43;A:THR144;A:THR44;A:TYR47;A:VAL146,A:ALA83;A:LEU145;A:LEU40;A:PHE43;A:TYR47,A:PHE43;A:TYR47,A:GLY78;A:THR144,A:GLY78;A:LEU145;A:THR144;A:VAL146,A:ALA83;A:ASN48;A:LYS55;A:THR44;A:TYR47,1.0,0.29439196330388084,2.7836575024538073,False,OUTSIDE_TARGET_SITE
7A_APO,7A,APO,4CLBA,9,-5.177,7.071777777777779,-1.4997777777777777,-2.6444444444444444,-0.52272149774585,-0.6060886198984842,-0.5995154882268565,1.0,0.28734822080534955,,,,,,A:CYS148;A:CYS202;A:HIS175;A:LEU145;A:PHE199;A:PHE36;A:PHE43;A:SER149;A:TRP195;A:TYR47;A:VAL234,A:LEU145;A:PHE199;A:PHE36;A:PHE43;A:TRP195;A:VAL234,A:HIS175;A:PHE199;A:PHE36;A:PHE43;A:TRP195,,A:HIS175;A:LEU145;A:PHE43;A:TYR47;A:VAL234,A:CYS202;A:LEU145;A:PHE199;A:PHE36;A:SER149,1.0,-0.743633647720883,2.4891203924185272,False,SAM_COMPATIBLE
7A_APO,7A,APO,4CLBA,10,-5.056,6.135555555555555,-2.992,-2.176222222222222,0.7300225228298551,0.647346806152569,-0.2191100835771865,1.0,0.5126197421090999,,,,,,A:CYS202;A:HIS175;A:LEU145;A:LEU40;A:PHE199;A:PHE36;A:PHE43;A:SER149;A:THR144;A:TRP195;A:VAL234,A:LEU145;A:LEU40;A:PHE199;A:PHE36;A:PHE43;A:TRP195;A:VAL234,A:HIS175;A:PHE199;A:PHE36;A:PHE43,A:LEU145,A:LEU145;A:LEU40;A:THR144,A:CYS202;A:HIS175;A:TRP195;A:VAL234,1.0,-1.5785345059000575,0.1326832743325683,False,SAM_COMPATIBLE
7A_APO,7A,APO,4CLBA,11,-5.001,3.118666666666667,-5.1115555555555545,-0.33866666666666667,-0.05141255485263846,-0.262315117287312,-0.9636117104135192,0.2222222222222222,3.0454209889603114,,,,,,A:ALA83;A:GLY78;A:GLY80;A:LEU145;A:LEU40;A:PHE36;A:THR144;A:VAL146,A:LEU145;A:LEU40;A:PHE36;A:VAL146,A:PHE36,A:THR144,A:ALA83;A:LEU145;A:THR144,A:LEU145;A:PHE36,1.0,-2.1861713492133057,0.6331826762580586,False,SAM_COMPATIBLE
7A_APO,7A,APO,4CLBA,12,-4.996,2.318,-6.257555555555554,-4.003888888888889,0.5984711417612009,0.5382162639881409,0.5934269505656886,0.3333333333333333,2.6045170377634315,,,,,,A:ASN100;A:ASP200;A:ASP98;A:LEU145;A:LEU40;A:PHE103;A:PHE36;A:PRO99;A:SER149,A:LEU145;A:LEU40;A:PHE103;A:PHE36;A:PRO99,A:PHE103;A:PHE199;A:PHE36,A:ASP200;A:ASP98,A:ASN100;A:ASP200;A:ASP98;A:PHE103;A:PRO99,A:LEU145;A:LEU40;A:PHE36,1.0,-5.697846189067752,-2.705963085159291,False,SAM_COMPATIBLE
7A_APO,7A,APO,AMBA_R,1,-6.117,7.652777777777778,-2.7397777777777774,-2.9415555555555555,0.9610796864675645,-0.08486102116124014,0.2629152778879152,1.0,0.2628307440159919,,,,,,A:CYS148;A:CYS202;A:LEU145;A:LEU40;A:PHE199;A:PHE36;A:PHE39;A:PHE43;A:SER149;A:TRP195;A:TRP231,A:LEU145;A:LEU40;A:PHE199;A:PHE36;A:PHE39;A:PHE43;A:TRP195;A:TRP231,A:HIS175;A:PHE199;A:PHE36;A:PHE39;A:PHE43;A:TRP195;A:TRP231,A:LEU145,A:CYS148;A:LEU145;A:SER149,,1.0,-1.7198037979641225,-0.9427017730776777,False,SAM_COMPATIBLE
7A_APO,7A,APO,AMBA_R,2,-6.064,8.289,-2.383888888888889,-2.477777777777778,0.8961541712915231,0.3490629782595856,0.27397579908698416,1.0,0.22034972203295386,,,,,,A:CYS202;A:LEU145;A:LEU40;A:PHE199;A:PHE36;A:PHE39;A:PHE43;A:SER149;A:TRP195;A:TRP231;A:VAL234,A:LEU145;A:LEU40;A:PHE199;A:PHE36;A:PHE39;A:PHE43;A:TRP195;A:TRP231;A:VAL234,A:HIS175;A:PHE199;A:PHE36;A:PHE39;A:PHE43;A:TRP195;A:TRP231,A:PHE199,A:CYS202;A:PHE199;A:PHE36;A:SER149,,1.0,-1.0497744703598504,0.7954975789679778,False,SAM_COMPATIBLE
7A_APO,7A,APO,AMBA_R,3,-6.05,8.258000000000001,-2.3636666666666666,-2.5167777777777776,0.8984278643281736,0.33429396660678645,0.2847365738520748,1.0,0.234190093727297,,,,,,A:CYS202;A:LEU145;A:LEU40;A:PHE199;A:PHE36;A:PHE39;A:PHE43;A:SER149;A:TRP195;A:TRP231;A:VAL234,A:LEU145;A:LEU40;A:PHE199;A:PHE36;A:PHE39;A:PHE43;A:TRP195;A:TRP231;A:VAL234,A:HIS175;A:PHE199;A:PHE36;A:PHE39;A:PHE43;A:TRP195;A:TRP231,A:PHE199,A:CYS202;A:PHE199;A:PHE36;A:SER149,,1.0,-1.068236620251071,0.7514531452041272,False,SAM_COMPATIBLE
7A_APO,7A,APO,AMBA_R,4,-5.932,8.44411111111111,-1.7913333333333332,-1.5814444444444442,-0.3984335990449664,-0.8698696017237723,-0.29082218476072336,1.0,0.2052437575177373,,,,,,A:HIS175;A:LEU145;A:LEU40;A:PHE199;A:PHE36;A:PHE39;A:PHE43;A:TRP195;A:TRP231;A:TYR47;A:VAL234,A:LEU145;A:LEU40;A:PHE199;A:PHE36;A:PHE39;A:PHE43;A:TRP195;A:TYR47;A:VAL234,A:HIS175;A:HIS237;A:PHE199;A:PHE36;A:PHE39;A:PHE43;A:TRP195;A:TRP231;A:TYR47,,A:PHE43;A:TRP195;A:TRP231;A:VAL234,,1.0,0.017650594168424523,2.6952893057774747,False,SAM_COMPATIBLE
7A_APO,7A,APO,AMBA_R,5,-5.506,5.858444444444445,-2.7618888888888886,-2.402111111111111,0.7575761716903863,0.5340427381100419,0.3753354472453504,1.0,0.4713480667192775,,,,,,A:CYS148;A:CYS202;A:HIS175;A:LEU145;A:LEU40;A:PHE36;A:PHE43;A:SER149,A:LEU145;A:LEU40;A:PHE36;A:PHE43,A:HIS175;A:PHE199;A:PHE36;A:PHE43,A:LEU145;A:SER149,A:CYS148;A:LEU145;A:SER149,,1.0,-1.6224754707264364,0.3461666690465013,False,SAM_COMPATIBLE
7A_APO,7A,APO,AMBA_R,6,-5.366,7.623,-2.6213333333333333,-2.4752222222222224,-0.9108503944746525,-0.3721881737958401,-0.17840269664970676,1.0,0.2925628137682572,,,,,,A:CYS202;A:LEU145;A:LEU40;A:PHE199;A:PHE36;A:PHE39;A:PHE43;A:SER149;A:TRP195;A:TRP231;A:VAL234,A:LEU145;A:LEU40;A:PHE199;A:PHE36;A:PHE39;A:PHE43;A:TRP195;A:TRP231,A:PHE199;A:PHE36;A:PHE39;A:PHE43;A:TRP195;A:TRP231,,A:PHE43;A:TRP195;A:VAL234,,1.0,-1.3116747490268312,0.6772643144603419,False,SAM_COMPATIBLE
7A_APO,7A,APO,AMBA_R,7,-5.352,4.887222222222223,-3.3302222222222215,-3.3352222222222223,0.5621279094348001,0.4373933499502422,0.7019254026274918,1.0,0.16933398950004083,,,,,,A:ASP200;A:CYS148;A:CYS202;A:HIS175;A:LEU145;A:LEU40;A:PHE199;A:PHE36;A:SER149,A:LEU145;A:LEU40;A:PHE199;A:PHE36,A:HIS175;A:PHE199;A:PHE36;A:PHE43,A:ASP200;A:PHE199;A:SER149,A:ASP200;A:CYS202;A:PHE199;A:PHE36;A:SER149,,1.0,-2.8224110379408285,-0.5540291866875093,False,SAM_COMPATIBLE
7A_APO,7A,APO,AMBA_R,8,-5.35,2.861111111111111,-5.751000000000001,0.3223333333333333,0.38856758752622045,0.09591031873657412,0.9164149937031267,0.0,4.014226326454451,,,,,,A:ALA83;A:ASP98;A:CYS79;A:GLY78;A:GLY80;A:LEU145;A:LEU40;A:PHE36;A:THR144;A:THR44;A:THR81;A:VAL146,A:ALA83;A:LEU145;A:LEU40;A:PHE36;A:VAL146,A:PHE36,A:ASP98;A:GLY78,A:ASP98;A:CYS79;A:GLY78;A:GLY80;A:LEU40;A:VAL146,,1.0,-2.1953667216226496,-0.3677565117333099,False,OUTSIDE_TARGET_SITE
7A_APO,7A,APO,AMBA_R,9,-5.349,7.652333333333333,-1.9563333333333328,-2.796222222222222,-0.9399883280800468,-0.11534711943670052,-0.3211183350587968,1.0,0.2678619047195774,,,,,,A:CYS148;A:CYS202;A:HIS175;A:LEU145;A:PHE199;A:PHE36;A:PHE39;A:PHE43;A:SER149;A:TRP195;A:TRP231;A:VAL234,A:LEU145;A:PHE199;A:PHE36;A:PHE43;A:TRP195;A:TRP231;A:VAL234,A:HIS175;A:PHE199;A:PHE36;A:PHE43;A:TRP195;A:TRP231,,A:PHE199;A:PHE39;A:PHE43;A:TRP231,,1.0,-1.0778677826217176,1.0176686538476658,False,SAM_COMPATIBLE
7A_APO,7A,APO,AMBA_R,10,-5.243,3.468,-5.204888888888889,-3.8258888888888882,-0.6623651821267382,-0.749100119517745,-0.011017097835324903,0.6666666666666666,1.169675596052171,,,,,,A:ASP200;A:ASP98;A:CYS202;A:LEU145;A:LEU40;A:PHE103;A:PHE199;A:PHE36;A:SER149,A:LEU145;A:LEU40;A:PHE103;A:PHE199;A:PHE36,A:PHE103;A:PHE199;A:PHE36,A:PHE199;A:SER149,A:ASP200;A:CYS202;A:PHE199;A:PHE36;A:SER149,,1.0,-4.674099299632372,-2.472072168381163,False,SAM_COMPATIBLE
7A_APO,7A,APO,AMBA_R,11,-5.065,1.8716666666666666,-5.401777777777777,-4.5248888888888885,-0.8920470821242501,-0.4503949458923163,0.03736838220032243,0.3333333333333333,2.0678595213408473,,,,,,A:ASP200;A:ASP98;A:GLY78;A:LEU145;A:PHE103;A:PHE199;A:PHE36;A:PRO99;A:SER149;A:VAL146,A:LEU145;A:PHE103;A:PHE36;A:PRO99;A:VAL146,A:PHE103;A:PHE199;A:PHE36,A:ASP200;A:PHE199;A:SER149,A:ASP200;A:PHE199;A:PHE36;A:SER149,,1.0,-5.54658386866638,-3.7196633585522973,False,SAM_COMPATIBLE
7A_APO,7A,APO,AMBA_R,12,-5.048,2.751888888888889,-5.447333333333333,-3.149333333333333,0.7848512387246338,0.6166936203024141,0.06080716857994432,0.5555555555555556,1.607667254129411,,,,,,A:ASP200;A:ASP98;A:GLY78;A:GLY80;A:LEU145;A:LEU40;A:PHE103;A:PHE199;A:PHE36;A:SER149;A:VAL146,A:LEU145;A:LEU40;A:PHE103;A:PHE199;A:PHE36,A:PHE103;A:PHE199;A:PHE36,A:ASP98;A:GLY78,A:ASP98;A:GLY78;A:GLY80;A:PHE103;A:VAL146,,1.0,-4.468360312447048,-2.884072603357637,False,SAM_COMPATIBLE
7A_APO,7A,APO,AMBA_S,1,-6.148,7.996555555555555,-2.150111111111111,-1.9515555555555555,0.9828004349382413,0.18129517709563323,0.035147743129064,1.0,0.4000499968753899,,,,,,A:CYS148;A:CYS202;A:HIS175;A:LEU145;A:LEU40;A:PHE199;A:PHE36;A:PHE39;A:PHE43;A:TRP195;A:TRP231;A:VAL234,A:LEU145;A:LEU40;A:PHE199;A:PHE36;A:PHE39;A:PHE43;A:TRP195;A:TRP231;A:VAL234,A:HIS175;A:PHE199;A:PHE36;A:PHE39;A:PHE43;A:TRP195;A:TRP231,,A:CYS148;A:CYS202;A:HIS175;A:LEU145,,1.0,-0.559402417368498,0.8547269340134043,False,SAM_COMPATIBLE
7A_APO,7A,APO,AMBA_S,2,-6.087,7.960222222222224,-2.1165555555555553,-1.9296666666666664,0.9720211377538306,0.23347852534875738,0.02574268751933437,1.0,0.35616569177842017,,,,,,A:CYS148;A:CYS202;A:HIS175;A:LEU145;A:LEU40;A:PHE199;A:PHE36;A:PHE39;A:PHE43;A:TRP195;A:TRP231;A:VAL234,A:LEU145;A:LEU40;A:PHE199;A:PHE36;A:PHE39;A:PHE43;A:TRP195;A:TRP231;A:VAL234,A:HIS175;A:PHE199;A:PHE36;A:PHE39;A:PHE43;A:TRP195;A:TRP231,A:LEU145,A:CYS148;A:CYS202;A:HIS175;A:LEU145,,1.0,-0.5262594552417703,0.9429168008665271,False,SAM_COMPATIBLE
7A_APO,7A,APO,AMBA_S,3,-6.041,8.59511111111111,-1.7075555555555555,-1.6351111111111112,0.5205409517534785,-0.8154336203937897,-0.25318990556311616,1.0,0.19594131774590043,,,,,,A:CYS148;A:HIS175;A:LEU145;A:LEU40;A:PHE199;A:PHE36;A:PHE39;A:PHE43;A:TRP195;A:TRP231;A:TYR47;A:VAL234,A:LEU145;A:LEU40;A:PHE199;A:PHE36;A:PHE39;A:PHE43;A:TRP195;A:TRP231;A:TYR47;A:VAL234,A:HIS175;A:HIS237;A:PHE199;A:PHE36;A:PHE39;A:PHE43;A:TRP195;A:TRP231;A:TYR47,,A:CYS148;A:HIS175;A:LEU145,,1.0,0.059923535349811374,2.651384444131581,False,SAM_COMPATIBLE
7A_APO,7A,APO,AMBA_S,4,-5.858,4.096555555555556,-4.523666666666667,2.095111111111111,0.3685073823572369,0.09205396821391416,0.9250558772767669,0.1111111111111111,3.079130559102683,,,,,,A:ALA83;A:ASN48;A:GLY78;A:LEU145;A:LEU40;A:LYS55;A:PHE43;A:THR144;A:THR44;A:TYR47;A:VAL146,A:ALA83;A:LEU145;A:LEU40;A:PHE43;A:TYR47,A:PHE36;A:PHE43;A:TYR47,A:LEU145;A:THR144,A:GLY78;A:LEU145;A:THR144;A:VAL146,,1.0,0.09389991141459005,2.1372942534482426,False,SAM_COMPATIBLE
7A_APO,7A,APO,AMBA_S,5,-5.8,8.254222222222221,-1.5627777777777776,-1.912888888888889,0.23322357434574803,0.7973091724013707,0.5566909806832111,1.0,0.17501428513124254,,,,,,A:CYS202;A:HIS175;A:LEU145;A:LEU40;A:PHE199;A:PHE36;A:PHE39;A:PHE43;A:TRP195;A:TRP231;A:VAL234,A:LEU145;A:LEU40;A:PHE199;A:PHE36;A:PHE39;A:PHE43;A:TRP195;A:TRP231;A:VAL234,A:HIS175;A:PHE199;A:PHE36;A:PHE39;A:PHE43;A:TRP195;A:TRP231;A:TYR47,,A:CYS202;A:PHE199;A:PHE36,,1.0,-0.08916808646133965,2.3233245078318996,False,SAM_COMPATIBLE
7A_APO,7A,APO,AMBA_S,6,-5.711,8.48788888888889,-1.7052222222222224,-2.1201111111111115,-0.22269278732744766,-0.8078795693067958,-0.5456542164860444,1.0,0.27481994105231883,,,,,,A:CYS202;A:HIS175;A:LEU145;A:LEU40;A:PHE199;A:PHE36;A:PHE39;A:PHE43;A:TRP195;A:TRP231;A:VAL234,A:LEU145;A:PHE199;A:PHE36;A:PHE39;A:PHE43;A:TRP195;A:TRP231;A:VAL234,A:HIS175;A:PHE199;A:PHE36;A:PHE39;A:PHE43;A:TRP195;A:TRP231,,A:LEU40;A:PHE199;A:PHE36;A:PHE39;A:PHE43,,1.0,-0.29905581643217266,2.1641581879005867,False,SAM_COMPATIBLE
7A_APO,7A,APO,AMBA_S,7,-5.588,6.1337777777777776,-3.4687777777777775,-3.1445555555555558,0.823559645676019,0.22672670653515484,0.5199466420294598,1.0,0.4990370727711521,,,,,,A:ASP200;A:CYS202;A:LEU145;A:LEU40;A:PHE199;A:PHE36;A:PHE39;A:PHE43;A:SER149,A:LEU145;A:LEU40;A:PHE199;A:PHE36;A:PHE39;A:PHE43,A:PHE199;A:PHE36;A:PHE39;A:PHE43,A:PHE199;A:SER149,A:ASP200;A:CYS202;A:PHE199;A:PHE36;A:SER149,,1.0,-2.5943467496047177,-0.7641211342617754,False,SAM_COMPATIBLE
7A_APO,7A,APO,AMBA_S,8,-5.515,7.990444444444443,-1.7172222222222222,-1.6391111111111112,-0.5759317112025802,-0.7804414935527051,-0.2433387333995362,1.0,0.1602685246703171,,,,,,A:HIS175;A:LEU145;A:LEU40;A:PHE36;A:PHE39;A:PHE43;A:TRP195;A:TRP231;A:VAL234,A:LEU145;A:LEU40;A:PHE36;A:PHE39;A:PHE43;A:TRP195;A:TRP231;A:VAL234,A:HIS175;A:PHE199;A:PHE36;A:PHE39;A:PHE43;A:TRP195;A:TRP231,,A:HIS175;A:LEU145;A:PHE43;A:VAL234,,1.0,-0.040735378088981616,2.5376643442807665,False,SAM_COMPATIBLE
7A_APO,7A,APO,AMBA_S,9,-5.267,2.9078888888888894,-5.683666666666666,0.3576666666666667,0.39782539098587255,0.052416293282889354,0.9159626032133734,0.1111111111111111,3.8490980761731697,,,,,,A:ALA83;A:ASP98;A:CYS79;A:GLY78;A:GLY80;A:LEU145;A:LEU40;A:PHE103;A:THR144;A:THR44;A:THR81;A:VAL146,A:ALA83;A:LEU145;A:LEU40;A:PHE103;A:VAL146,A:PHE103;A:PHE36,A:LEU145,A:LEU145;A:LEU40;A:VAL146,,1.0,-2.1169151226943903,-0.32067407299495254,False,SAM_COMPATIBLE
7A_APO,7A,APO,AMBA_S,10,-5.241,5.162444444444443,-3.768,-3.4354444444444447,0.7212728543021459,0.40026586699339645,0.565289930360395,1.0,0.19888187448834999,,,,,,A:ASP200;A:CYS202;A:LEU145;A:LEU40;A:PHE199;A:PHE36;A:PHE43;A:SER149,A:LEU145;A:LEU40;A:PHE199;A:PHE36;A:PHE43,A:PHE199;A:PHE36;A:PHE43,A:ASP200;A:PHE199;A:SER149,A:ASP200;A:CYS202;A:PHE199;A:PHE36;A:SER149,,1.0,-3.1531570779891562,-1.2441981471407064,False,SAM_COMPATIBLE
7A_APO,7A,APO,AMBA_S,11,-5.198,1.778888888888889,-5.530222222222222,-3.9707777777777773,-0.8196039218876099,-0.5151374481166728,-0.25076447271152774,0.3333333333333333,2.3277063818273986,,,,,,A:ASP200;A:ASP98;A:CYS148;A:GLY78;A:LEU145;A:LEU40;A:PHE103;A:PHE36;A:PRO99;A:SER149;A:VAL146,A:LEU145;A:LEU40;A:PHE103;A:PHE36;A:PRO99;A:VAL146,A:PHE103;A:PHE36,A:LEU145;A:SER149,A:CYS148;A:LEU145;A:SER149;A:VAL146,,1.0,-5.25541166463228,-3.440694382911014,False,SAM_COMPATIBLE
7A_APO,7A,APO,AMBA_S,12,-5.188,1.830888888888889,-5.502222222222223,-3.924333333333333,-0.8232411912285372,-0.5108021237290583,-0.24769967997254705,0.3333333333333333,2.266365592749766,,,,,,A:ASP200;A:ASP98;A:CYS148;A:GLY78;A:LEU145;A:LEU40;A:PHE103;A:PHE36;A:PRO99;A:SER149;A:VAL146,A:LEU145;A:LEU40;A:PHE103;A:PHE36;A:PRO99;A:VAL146,A:PHE103;A:PHE36,A:LEU145;A:SER149,A:CYS148;A:LEU145;A:SER149,,1.0,-5.195332849334237,-3.3744895285013787,False,SAM_COMPATIBLE
7A_APO,7A,APO,BA,1,-5.873,8.424375000000001,-1.9228750000000001,-1.9225000000000003,0.9222283693949132,-0.38628630169488404,-0.016665167448560596,1.0,0.15814866423716636,,,,,,A:CYS148;A:CYS202;A:HIS175;A:LEU145;A:LEU40;A:PHE199;A:PHE39;A:PHE43;A:TRP195;A:TRP231;A:VAL234,A:LEU145;A:LEU40;A:PHE199;A:PHE39;A:PHE43;A:TRP195;A:TRP231;A:VAL234,A:HIS175;A:PHE199;A:PHE36;A:PHE39;A:PHE43;A:TRP195;A:TRP231,,A:CYS148;A:CYS202;A:HIS175;A:LEU145,,1.0,-0.3179867596089596,0.6296621600426929,False,SAM_COMPATIBLE
7A_APO,7A,APO,BA,2,-5.74,8.1155,-2.1227500000000004,-2.074125,0.9587370895851407,-0.28075942954124977,0.044691562710274114,1.0,0.30799025958624093,,,,,,A:CYS148;A:CYS202;A:HIS175;A:LEU145;A:LEU40;A:PHE199;A:PHE36;A:PHE39;A:PHE43;A:TRP195;A:TRP231;A:VAL234,A:LEU145;A:LEU40;A:PHE199;A:PHE36;A:PHE39;A:PHE43;A:TRP195;A:TRP231;A:VAL234,A:HIS175;A:PHE199;A:PHE36;A:PHE39;A:PHE43;A:TRP195;A:TRP231,A:LEU145,A:CYS148;A:CYS202;A:LEU145,,1.0,-0.6096925647263746,0.29446618315886564,False,SAM_COMPATIBLE
7A_APO,7A,APO,BA,3,-5.667,8.780249999999999,-1.6956250000000002,-1.5863749999999999,0.19320362548816397,-0.9350582718636662,-0.29721774394804157,1.0,0.18215103623092538,,,,,,A:HIS175;A:HIS237;A:LEU145;A:LEU40;A:PHE199;A:PHE39;A:PHE43;A:TRP195;A:TRP231;A:TYR47;A:VAL234,A:LEU145;A:LEU40;A:PHE199;A:PHE39;A:PHE43;A:TRP195;A:TRP231;A:VAL234,A:HIS175;A:PHE199;A:PHE36;A:PHE39;A:PHE43;A:TRP195;A:TRP231,,A:HIS175;A:HIS237;A:LEU145;A:PHE43;A:TYR47;A:VAL234,,1.0,0.13065274779933697,2.7646007677792133,False,SAM_COMPATIBLE
7A_APO,7A,APO,BA,4,-5.652,8.07275,-2.2432499999999997,-1.8970000000000002,0.9941473305367575,0.10769969937208614,-0.008477024348300725,1.0,0.33294143629173045,,,,,,A:CYS148;A:LEU145;A:LEU40;A:PHE199;A:PHE36;A:PHE39;A:PHE43;A:TRP195;A:TRP231;A:VAL234,A:LEU145;A:LEU40;A:PHE199;A:PHE36;A:PHE39;A:PHE43;A:TRP195;A:TRP231;A:VAL234,A:HIS175;A:PHE199;A:PHE36;A:PHE39;A:PHE43;A:TRP195;A:TRP231,A:LEU145,A:CYS148;A:LEU145,,1.0,-0.5732261314289291,0.7233187124634157,False,SAM_COMPATIBLE
7A_APO,7A,APO,BA,5,-5.649,8.731,-1.70125,-1.5607499999999999,0.20641865296919465,-0.9212524274773962,-0.32967454341120633,1.0,0.1877791255704421,,,,,,A:HIS175;A:HIS237;A:LEU145;A:LEU40;A:PHE199;A:PHE39;A:PHE43;A:TRP195;A:TRP231;A:TYR47;A:VAL234,A:LEU145;A:LEU40;A:PHE199;A:PHE39;A:PHE43;A:TRP195;A:TRP231;A:VAL234,A:HIS175;A:PHE199;A:PHE36;A:PHE39;A:PHE43;A:TRP195;A:TRP231,,A:HIS175;A:HIS237;A:LEU145;A:PHE43;A:TYR47;A:VAL234,,1.0,0.1375557798701867,2.758328417508463,False,SAM_COMPATIBLE
7A_APO,7A,APO,BA,6,-5.609,7.979875,-2.81075,-2.8955,0.9778849112015887,-0.06514620058346908,0.19873870532384863,1.0,0.2998182782953707,,,,,,A:CYS148;A:CYS202;A:LEU145;A:LEU40;A:PHE199;A:PHE36;A:PHE39;A:PHE43;A:SER149;A:TRP195;A:TRP231,A:LEU40;A:PHE199;A:PHE36;A:PHE39;A:PHE43;A:TRP195;A:TRP231,A:PHE199;A:PHE36;A:PHE39;A:PHE43;A:TRP195;A:TRP231,A:LEU145,A:CYS148;A:LEU145;A:SER149,,1.0,-1.6865884923328276,-0.9916002765813726,False,SAM_COMPATIBLE
7A_APO,7A,APO,BA,7,-5.365,3.8625,-4.71525,2.9138750000000004,0.9385714242750575,0.15114114965394748,0.31022577974045445,0.0,4.851236749530989,,,,,,A:ALA83;A:ASN84;A:CYS79;A:GLU76;A:GLY78;A:LEU145;A:LEU40;A:LYS55;A:PHE43;A:THR144;A:THR44;A:TYR47,A:ALA83;A:LEU145;A:LEU40;A:PHE43;A:TYR47,A:PHE43;A:TYR47,A:GLY78;A:THR144,A:ASN84;A:CYS79;A:GLU76;A:GLY78;A:THR144,,1.0,0.5082884211790419,2.2327181276423937,False,OUTSIDE_TARGET_SITE
7A_APO,7A,APO,BA,8,-5.176,6.630875,-3.3411250000000003,-3.1646249999999996,0.7709002092710644,0.06250350793948607,0.6338818334998156,1.0,0.4430090292533548,,,,,,A:ASP200;A:CYS148;A:CYS202;A:LEU145;A:LEU40;A:PHE199;A:PHE36;A:PHE39;A:PHE43;A:SER149,A:LEU145;A:LEU40;A:PHE199;A:PHE36;A:PHE39;A:PHE43,A:PHE199;A:PHE36;A:PHE39;A:PHE43;A:TRP195,A:PHE199;A:SER149,A:ASP200;A:CYS202;A:PHE199;A:PHE36;A:SER149,,1.0,-2.445857291430057,-0.9986486315556411,False,SAM_COMPATIBLE
7A_APO,7A,APO,BA,9,-5.051,6.83525,-2.7433750000000003,-2.9455,0.8992204953753054,0.07958683993267404,0.43019581077286356,1.0,0.5223418420919389,,,,,,A:CYS148;A:CYS202;A:LEU145;A:PHE199;A:PHE36;A:PHE39;A:PHE43;A:SER149,A:LEU145;A:PHE199;A:PHE36;A:PHE39;A:PHE43,A:PHE199;A:PHE36;A:PHE39;A:PHE43;A:TRP195,A:LEU145;A:SER149,A:CYS148;A:CYS202;A:LEU145;A:SER149,,1.0,-1.8483438722785457,-0.12564592887335502,False,SAM_COMPATIBLE
7A_APO,7A,APO,BA,10,-4.837,2.8566249999999997,-5.786375,0.72325,0.591730370907916,0.16694076749900316,0.7886608575883706,0.0,4.143439151236567,,,,,,A:ALA83;A:ASP98;A:CYS79;A:GLY78;A:GLY80;A:LEU145;A:LEU40;A:THR144;A:THR44;A:THR81;A:VAL146,A:ALA83;A:LEU145;A:LEU40;A:VAL146,,A:ASP98;A:GLY78;A:GLY80,A:ASP98;A:CYS79;A:GLY78;A:GLY80;A:LEU40;A:VAL146,,1.0,-1.9356650053239417,-0.41297406874933407,False,OUTSIDE_TARGET_SITE
7A_APO,7A,APO,BA,11,-4.745,1.62325,-5.572625,-4.6061250000000005,-0.8697087905635762,-0.43356674356927916,0.2358527050664736,0.25,2.7384349544949935,,,,,,A:ASP200;A:ASP98;A:CYS202;A:GLY78;A:LEU145;A:PHE103;A:PHE199;A:PHE36;A:PRO99;A:SER149;A:VAL146,A:LEU145;A:PHE103;A:PHE199;A:PHE36;A:PRO99;A:VAL146,A:PHE103;A:PHE199;A:PHE36,A:ASP200;A:PHE199;A:SER149,A:ASP200;A:CYS202;A:PHE199;A:PHE36;A:SER149,,1.0,-5.759224819537971,-4.714470286146476,False,SAM_COMPATIBLE
7A_APO,7A,APO,BA,12,-4.676,7.5105,-1.27925,-2.54275,-0.5578705655471982,-0.5968634018286718,-0.5766580543559199,1.0,0.20209403751719132,,,,,,A:CYS148;A:CYS202;A:HIS175;A:LEU145;A:PHE199;A:PHE36;A:PHE43;A:SER149;A:TRP195;A:VAL234,A:LEU145;A:PHE199;A:PHE36;A:PHE43;A:TRP195;A:VAL234,A:HIS175;A:PHE199;A:PHE36;A:PHE43;A:TRP195,,A:HIS175;A:LEU145;A:PHE43;A:VAL234,,1.0,-0.45360390430149133,2.3487438671651413,False,SAM_COMPATIBLE
7A_APO,7A,APO,DCMB_R,1,-6.671,7.268727272727272,-2.1981818181818182,-2.3165454545454547,0.9231349300056164,0.32466445027042856,0.20594876968344697,1.0,0.18483776670366922,,,,,,A:CYS148;A:CYS202;A:HIS175;A:LEU145;A:LEU40;A:PHE199;A:PHE36;A:PHE39;A:PHE43;A:SER149;A:TRP195;A:TRP231;A:VAL234,A:LEU145;A:LEU40;A:PHE199;A:PHE36;A:PHE39;A:PHE43;A:TRP195;A:TRP231;A:VAL234,A:HIS175;A:PHE199;A:PHE36;A:PHE43;A:TRP195,A:LEU145;A:SER149,A:CYS148;A:CYS202;A:LEU145;A:SER149,A:LEU40;A:PHE199;A:PHE36;A:PHE39;A:PHE43;A:TRP195;A:TRP231,1.0,-0.9613958132272152,1.1374844013779237,False,SAM_COMPATIBLE
7A_APO,7A,APO,DCMB_R,2,-6.62,7.783,-2.2911818181818187,-2.0418181818181815,0.9483741228200693,0.29237000552720926,0.1229077012773564,1.0,0.21984312588752883,,,,,,A:CYS148;A:CYS202;A:HIS175;A:LEU145;A:LEU40;A:PHE199;A:PHE36;A:PHE39;A:PHE43;A:SER149;A:TRP195;A:TRP231;A:VAL234,A:LEU145;A:LEU40;A:PHE199;A:PHE36;A:PHE39;A:PHE43;A:TRP195;A:TRP231;A:VAL234,A:HIS175;A:PHE199;A:PHE36;A:PHE39;A:PHE43;A:TRP195;A:TRP231,A:LEU145,A:LEU145;A:LEU40,A:HIS175;A:LEU145;A:PHE43;A:TRP195;A:TRP231;A:VAL234,1.0,-0.7527190396502287,1.442855362524706,False,SAM_COMPATIBLE
7A_APO,7A,APO,DCMB_R,3,-5.825,3.0125454545454544,-5.489999999999999,-0.4354545454545455,0.2567517283070473,0.17178608429247355,-0.9510878462344072,0.45454545454545453,2.4384398700808685,,,,,,A:ALA83;A:ASP98;A:CYS79;A:GLY78;A:GLY80;A:LEU145;A:LEU40;A:PHE103;A:PHE36;A:THR144;A:THR44;A:THR81,A:ALA83;A:LEU145;A:LEU40;A:PHE103;A:PHE36,A:PHE36,A:GLY78;A:THR144,A:CYS79;A:GLY78;A:GLY80;A:THR144,A:ASP98;A:GLY78;A:GLY80;A:LEU145;A:LEU40;A:PHE103;A:PHE36,1.0,-2.531171506252968,-0.8438718066567553,False,SAM_COMPATIBLE
7A_APO,7A,APO,DCMB_R,4,-5.802,2.3190909090909093,-6.02590909090909,-3.8730909090909096,0.7226687920915,0.5395772391964089,0.43197942066514344,0.36363636363636365,2.2076906486190495,,,,,,A:ASN100;A:ASP200;A:ASP98;A:GLY78;A:GLY80;A:LEU145;A:LEU40;A:PHE103;A:PHE199;A:PHE36;A:PRO99;A:SER149,A:LEU145;A:LEU40;A:PHE103;A:PHE199;A:PHE36;A:PRO99,A:PHE103;A:PHE199;A:PHE36,A:ASP200;A:ASP98,A:ASN100;A:ASP200;A:ASP98;A:PHE103;A:PRO99,A:ASP98;A:GLY78;A:GLY80;A:LEU145;A:LEU40;A:PHE103;A:PHE36,1.0,-5.4454873699319135,-2.499130889888432,False,SAM_COMPATIBLE
7A_APO,7A,APO,DCMB_R,5,-5.743,2.8535454545454546,-5.673272727272728,-2.9676363636363643,-0.3742263518058464,-0.47247622161472264,-0.7979479040781812,0.45454545454545453,2.397427996833273,,,,,,A:ASP200;A:ASP98;A:GLY78;A:GLY80;A:LEU145;A:LEU40;A:PHE103;A:PHE199;A:PHE36;A:PRO99;A:SER149;A:THR144;A:VAL146,A:LEU145;A:LEU40;A:PHE103;A:PHE199;A:PHE36;A:PRO99,A:PHE103;A:PHE199;A:PHE36,A:LEU145;A:THR144,A:GLY78;A:LEU145;A:THR144;A:VAL146,A:ASP200;A:ASP98;A:GLY78;A:GLY80;A:LEU40;A:PHE103;A:PRO99,1.0,-4.4793873951053,-1.714601118444759,False,SAM_COMPATIBLE
7A_APO,7A,APO,DCMB_R,6,-5.72,3.9086363636363632,-4.614454545454544,-3.3614545454545453,-0.6943184885093504,-0.7161308800446421,0.07126288768059728,0.7272727272727273,0.6007603515545948,,,,,,A:ASP200;A:ASP98;A:CYS148;A:CYS202;A:GLY78;A:GLY80;A:LEU145;A:LEU40;A:PHE103;A:PHE199;A:PHE36;A:SER149,A:LEU145;A:LEU40;A:PHE103;A:PHE199;A:PHE36,A:PHE103;A:PHE199;A:PHE36,A:LEU145,A:CYS148;A:CYS202;A:LEU145;A:SER149,A:ASP98;A:GLY78;A:GLY80;A:LEU145;A:LEU40;A:PHE103,1.0,-3.8717904010426643,-1.4265244518948381,False,SAM_COMPATIBLE
7A_APO,7A,APO,DCMB_R,7,-5.651,3.9895454545454543,-4.52309090909091,-2.037818181818182,-0.1722327527239418,-0.07833766003799021,0.9819363980976087,0.6363636363636364,0.6512188572208275,,,,,,A:ASP200;A:CYS202;A:GLY78;A:LEU145;A:LEU40;A:PHE199;A:PHE36;A:SER149;A:THR144;A:VAL146,A:LEU145;A:LEU40;A:PHE199;A:PHE36,A:PHE199;A:PHE36,A:LEU145;A:THR144,A:GLY78;A:LEU145;A:THR144;A:VAL146,A:ASP200;A:LEU145;A:LEU40;A:PHE199;A:PHE36;A:SER149,1.0,-2.856792299261887,-0.7670851741499228,False,SAM_COMPATIBLE
7A_APO,7A,APO,DCMB_R,8,-5.642,3.3539999999999996,-5.1059090909090905,-3.008636363636363,0.7800880683949342,0.6224846588515576,-0.06305120968166246,0.6363636363636364,0.46933783141783925,,,,,,A:ASP200;A:ASP98;A:CYS202;A:GLY78;A:GLY80;A:LEU145;A:LEU40;A:PHE103;A:PHE199;A:PHE36;A:SER149;A:VAL146,A:LEU145;A:LEU40;A:PHE103;A:PHE199;A:PHE36,A:PHE103;A:PHE199;A:PHE36,A:ASP98;A:GLY78,A:ASP98;A:GLY78;A:GLY80;A:VAL146,A:ASP200;A:CYS202;A:PHE199;A:PHE36;A:SER149,1.0,-4.042854132872466,-2.1430755752103927,False,SAM_COMPATIBLE
7A_APO,7A,APO,DCMB_R,9,-5.614,4.037454545454545,-4.4249090909090905,-2.7401818181818176,-0.30220148415155934,-0.05204674781643627,-0.95182214673663,0.7272727272727273,0.5884054724422612,,,,,,A:ASP200;A:GLY78;A:LEU145;A:LEU40;A:PHE199;A:PHE36;A:SER149;A:THR144;A:VAL146,A:LEU145;A:LEU40;A:PHE199;A:PHE36;A:VAL146,A:PHE199;A:PHE36;A:PHE43,A:ASP200;A:PHE199;A:SER149,A:ASP200;A:PHE199;A:PHE36;A:SER149,A:GLY78;A:LEU145;A:LEU40;A:PHE36;A:THR144,1.0,-3.2808220124376275,-1.2094317828619157,False,SAM_COMPATIBLE
7A_APO,7A,APO,DCMB_R,10,-5.54,4.606999999999999,-4.127909090909091,-2.8747272727272732,-0.7169868747758797,-0.6681046711785127,0.19891196482003892,0.9090909090909091,0.30126566349320333,,,,,,A:ASP200;A:ASP98;A:CYS148;A:CYS202;A:HIS175;A:LEU145;A:LEU40;A:PHE103;A:PHE199;A:PHE36;A:SER149,A:LEU145;A:LEU40;A:PHE103;A:PHE199;A:PHE36,A:HIS175;A:PHE199;A:PHE36,A:PHE199,A:CYS202;A:PHE199;A:PHE36,A:ASP200;A:ASP98;A:LEU40;A:PHE103;A:PHE199;A:PHE36;A:SER149,1.0,-3.0862381026246926,-1.011412453665475,False,SAM_COMPATIBLE
7A_APO,7A,APO,DCMB_R,11,-5.49,3.4453636363636364,-4.856909090909092,-1.9926363636363633,0.0673277222587757,0.23210729630779203,-0.9703572439138753,0.5454545454545454,1.6071045392257466,,,,,,A:ASP200;A:ASP98;A:CYS148;A:CYS202;A:GLY78;A:GLY80;A:LEU145;A:LEU40;A:PHE199;A:PHE36;A:SER149;A:THR144;A:VAL146,A:LEU145;A:LEU40;A:PHE199;A:PHE36;A:VAL146,A:PHE103;A:PHE199;A:PHE36,A:LEU145;A:SER149,A:CYS148;A:CYS202;A:LEU145;A:SER149,A:LEU145;A:LEU40;A:THR144,1.0,-3.136333391484096,-0.7026305555787661,False,SAM_COMPATIBLE
7A_APO,7A,APO,DCMB_R,12,-5.463,-1.6812727272727273,-5.041909090909091,-6.275545454545455,-0.5868986034796322,0.2480119079517617,-0.7707399838776918,0.0,5.363297586373517,,,,,,A:ALA126;A:ASP200;A:ASP98;A:GLU128;A:GLY127;A:GLY78;A:LEU145;A:LYS151;A:PRO99;A:SER149;A:VAL146;A:VAL150,A:ALA126;A:LEU145;A:PRO99;A:VAL146;A:VAL150,,A:ASP98,A:ASP98;A:GLY78;A:PRO99,A:ASP200;A:GLU128;A:LYS151;A:SER149;A:VAL150,1.0,-7.0780059512418925,-4.9713488860787525,False,OUTSIDE_TARGET_SITE
7A_APO,7A,APO,DCMB_S,1,-6.966,7.800090909090909,-2.229181818181818,-1.887818181818182,0.9504212787646867,0.30623216271425047,0.054048639119319536,1.0,0.15321227104902418,,,,,,A:CYS148;A:CYS202;A:HIS175;A:LEU145;A:LEU40;A:PHE199;A:PHE36;A:PHE39;A:PHE43;A:SER149;A:TRP195;A:TRP231;A:VAL234,A:LEU145;A:LEU40;A:PHE199;A:PHE36;A:PHE39;A:PHE43;A:TRP195;A:TRP231;A:VAL234,A:HIS175;A:PHE199;A:PHE36;A:PHE39;A:PHE43;A:TRP195;A:TRP231,A:LEU145,A:CYS148;A:CYS202;A:LEU145;A:SER149,A:HIS175;A:LEU145;A:PHE43;A:TRP195;A:TRP231;A:VAL234,1.0,-0.5981416380723654,1.5613262768548108,False,SAM_COMPATIBLE
7A_APO,7A,APO,DCMB_S,2,-6.435,7.530090909090908,-1.9096363636363636,-2.265909090909091,0.9215692357121961,0.3330134444840209,0.19952992151987228,1.0,0.36005693994144866,,,,,,A:CYS148;A:CYS202;A:HIS175;A:LEU145;A:LEU40;A:PHE199;A:PHE36;A:PHE39;A:PHE43;A:SER149;A:TRP195;A:TRP231;A:VAL234,A:LEU145;A:LEU40;A:PHE199;A:PHE36;A:PHE39;A:PHE43;A:TRP195;A:TRP231;A:VAL234,A:HIS175;A:PHE199;A:PHE36;A:PHE43;A:TRP195;A:TRP231,A:SER149,A:CYS148;A:CYS202;A:LEU145;A:PHE199;A:SER149,A:PHE199;A:PHE36;A:PHE39;A:PHE43;A:TRP195;A:TRP231,1.0,-0.6875885180337891,1.6449946579788957,False,SAM_COMPATIBLE
7A_APO,7A,APO,DCMB_S,3,-6.081,7.952636363636365,-1.8815454545454544,-1.9905454545454544,-0.615082521859639,-0.6950455749491617,-0.3722702513583051,1.0,0.1908323871883381,,,,,,A:CYS148;A:CYS202;A:GLU174;A:HIS175;A:LEU145;A:LEU40;A:PHE199;A:PHE36;A:PHE39;A:PHE43;A:SER149;A:TRP195;A:TRP231;A:TYR47;A:VAL234,A:LEU145;A:LEU40;A:PHE199;A:PHE36;A:PHE39;A:PHE43;A:TRP195;A:TRP231;A:VAL234,A:HIS175;A:PHE199;A:PHE36;A:PHE39;A:PHE43;A:TRP195;A:TRP231,,A:HIS175;A:LEU145;A:PHE43;A:TYR47;A:VAL234,A:CYS148;A:CYS202;A:GLU174;A:HIS175;A:LEU145;A:PHE36;A:SER149,1.0,-0.4090127441536315,2.458071920188044,False,SAM_COMPATIBLE
7A_APO,7A,APO,DCMB_S,4,-5.977,8.546000000000001,-1.450909090909091,-1.9315454545454545,-0.15490302796926286,-0.8342506325904615,-0.5291794912393796,1.0,0.16727223320085138,,,,,,A:CYS202;A:HIS175;A:HIS237;A:LEU145;A:LEU40;A:PHE199;A:PHE36;A:PHE39;A:PHE43;A:TRP195;A:TRP231;A:TYR47;A:VAL234,A:LEU145;A:LEU40;A:PHE199;A:PHE36;A:PHE39;A:PHE43;A:TRP195;A:TRP231;A:TYR47;A:VAL234,A:HIS175;A:PHE199;A:PHE36;A:PHE39;A:PHE43;A:TRP195;A:TRP231,,A:CYS202;A:PHE199;A:PHE36,A:HIS175;A:HIS237;A:LEU145;A:TYR47;A:VAL234,1.0,0.018511940386282025,3.199819619996731,False,SAM_COMPATIBLE
7A_APO,7A,APO,DCMB_S,5,-5.771,2.821818181818182,-5.520727272727273,-3.3562727272727275,-0.6827709279653628,-0.7119372453416457,-0.1642230757861617,0.36363636363636365,1.399553500227841,,,,,,A:ASP200;A:ASP98;A:CYS148;A:GLY78;A:GLY80;A:LEU145;A:LEU40;A:PHE103;A:PHE36;A:PRO99;A:SER149,A:LEU145;A:LEU40;A:PHE103;A:PHE36;A:PRO99,A:PHE103;A:PHE199;A:PHE36,A:LEU145;A:SER149,A:CYS148;A:LEU145;A:SER149,A:ASP200;A:ASP98;A:PHE103;A:PHE36;A:PRO99;A:SER149,1.0,-4.655247238305685,-2.4036883764925205,False,SAM_COMPATIBLE
7A_APO,7A,APO,DCMB_S,6,-5.637,4.165181818181818,-4.469818181818182,-2.1716363636363636,0.7806828134763847,0.6242276624651442,0.029566368662690665,0.7272727272727273,0.3076068919904103,,,,,,A:ASP98;A:CYS202;A:GLY78;A:LEU145;A:LEU40;A:PHE103;A:PHE199;A:PHE36;A:PHE43;A:SER149;A:THR144;A:VAL146,A:LEU145;A:LEU40;A:PHE103;A:PHE199;A:PHE36;A:PHE43,A:PHE103;A:PHE199;A:PHE36,A:GLY78;A:LEU145,A:GLY78;A:LEU145;A:THR144;A:VAL146,A:LEU145;A:LEU40;A:PHE43,1.0,-2.88870259923041,-0.3337961450005616,False,SAM_COMPATIBLE
7A_APO,7A,APO,DCMB_S,7,-5.62,3.1117272727272725,-5.118727272727273,-3.066727272727272,0.8298886081986868,0.5512760227135984,-0.08590485878646568,0.5454545454545454,0.5411155144698768,,,,,,A:ASP200;A:ASP98;A:CYS202;A:GLY78;A:GLY80;A:LEU145;A:LEU40;A:PHE103;A:PHE199;A:PHE36;A:SER149;A:VAL146,A:LEU145;A:LEU40;A:PHE199;A:PHE36;A:VAL146,A:PHE103;A:PHE199;A:PHE36,A:ASP98,A:ASP98;A:GLY78;A:GLY80;A:LEU40;A:PHE103,A:ASP200;A:CYS202;A:PHE199;A:PHE36;A:SER149,1.0,-4.129451511244014,-2.3123742613741975,False,SAM_COMPATIBLE
7A_APO,7A,APO,DCMB_S,8,-5.619,2.304636363636364,-5.973545454545455,-3.8461818181818184,0.7349358843712769,0.5448923284651858,0.40368502107856,0.36363636363636365,2.200062499112241,,,,,,A:ASN100;A:ASP200;A:ASP98;A:GLY78;A:GLY80;A:LEU145;A:LEU40;A:PHE103;A:PHE199;A:PHE36;A:PRO99;A:SER149,A:LEU145;A:LEU40;A:PHE103;A:PHE199;A:PHE36;A:PRO99,A:PHE103;A:PHE199;A:PHE36,A:ASP98,A:ASP98;A:GLY78;A:PRO99,A:ASP98;A:GLY78;A:GLY80;A:LEU145;A:LEU40;A:PHE103;A:PHE36,1.0,-5.392545699464459,-2.4546459200702357,False,SAM_COMPATIBLE
7A_APO,7A,APO,DCMB_S,9,-5.612,7.761000000000001,-1.8823636363636362,-2.539090909090909,-0.9495154951060172,-0.16609036677685235,-0.26614716721675896,1.0,0.1108061370141566,,,,,,A:CYS148;A:CYS202;A:HIS175;A:LEU145;A:PHE199;A:PHE36;A:PHE39;A:PHE43;A:SER149;A:TRP195;A:TRP231;A:VAL234,A:LEU145;A:PHE199;A:PHE36;A:PHE39;A:PHE43;A:TRP195;A:TRP231,A:HIS175;A:PHE199;A:PHE36;A:PHE39;A:PHE43;A:TRP195;A:TRP231,,A:PHE43;A:TRP195;A:TRP231;A:VAL234,A:CYS202;A:LEU145;A:PHE199;A:PHE36;A:PHE39;A:SER149,1.0,-0.8280133525747136,1.2067819209608812,False,SAM_COMPATIBLE
7A_APO,7A,APO,DCMB_S,10,-5.535,3.818909090909091,-4.755909090909091,-1.5923636363636362,-0.7695135282361603,-0.5961492404455996,0.2290305939774662,0.6363636363636364,0.6304601494146953,,,,,,A:ASP98;A:CYS148;A:GLY78;A:GLY80;A:LEU145;A:LEU40;A:PHE103;A:PHE36;A:PHE43;A:SER149;A:THR144;A:VAL146,A:LEU145;A:LEU40;A:PHE103;A:PHE36;A:PHE43;A:VAL146,A:PHE36;A:PHE43,A:LEU145,A:CYS148;A:LEU145;A:SER149,A:ASP98;A:GLY78;A:GLY80;A:LEU145;A:LEU40;A:PHE103;A:PHE36;A:VAL146,1.0,-2.726301362454459,-1.284147651828541,False,SAM_COMPATIBLE
7A_APO,7A,APO,DCMB_S,11,-5.508,2.250363636363636,-6.119909090909091,-3.854363636363636,0.6531746633337927,0.4757459192155968,0.589091401675914,0.36363636363636365,1.7109029779622218,,,,,,A:ASN100;A:ASP200;A:ASP98;A:GLY78;A:GLY80;A:LEU145;A:LEU40;A:PHE103;A:PHE199;A:PHE36;A:PRO99;A:SER149,A:LEU145;A:LEU40;A:PHE103;A:PHE199;A:PHE36;A:PRO99,A:PHE103;A:PHE36,A:ASP200;A:ASP98,A:ASN100;A:ASP200;A:ASP98;A:PHE103;A:PRO99,A:ASP200;A:LEU145;A:LEU40;A:PHE199;A:PHE36;A:SER149,1.0,-5.507197329061056,-2.9250244828957923,False,SAM_COMPATIBLE
7A_APO,7A,APO,DCMB_S,12,-5.496,3.933454545454545,-4.631000000000001,-3.4877272727272723,-0.7149132455737756,-0.674017282170134,0.1860100928421796,0.7272727272727273,0.48692093814088544,,,,,,A:ASP200;A:ASP98;A:CYS148;A:CYS202;A:GLY78;A:GLY80;A:LEU145;A:LEU40;A:PHE103;A:PHE199;A:PHE36;A:SER149,A:LEU145;A:LEU40;A:PHE103;A:PHE199;A:PHE36,A:HIS175;A:PHE103;A:PHE199;A:PHE36,A:PHE199,A:CYS202;A:PHE199;A:PHE36;A:SER149,A:ASP98;A:GLY78;A:GLY80;A:LEU145;A:LEU40;A:PHE103,1.0,-3.9690982937442194,-1.6481957446860092,False,SAM_COMPATIBLE
7A_APO,7A,APO,SKF64139,1,-7.202,7.866181818181816,-1.9376363636363634,-2.0749999999999997,-0.8975620581566774,-0.39947919677835547,-0.1865441585761103,1.0,0.2339465750978202,,,,,,A:CYS148;A:HIS175;A:LEU145;A:LEU40;A:PHE199;A:PHE36;A:PHE39;A:PHE43;A:TRP195;A:TRP231;A:VAL234,A:LEU145;A:LEU40;A:PHE199;A:PHE36;A:PHE39;A:PHE43;A:TRP195;A:TRP231;A:VAL234,A:HIS175;A:PHE199;A:PHE36;A:PHE39;A:PHE43;A:TRP195;A:TRP231,A:LEU145,A:CYS148;A:LEU145,A:HIS175;A:LEU145;A:PHE43;A:VAL234,1.0,-0.5205978754072287,2.3659016961776755,False,SAM_COMPATIBLE
7A_APO,7A,APO,SKF64139,2,-6.846,7.9036363636363625,-1.5658181818181818,-2.2318181818181815,-0.8497508095009987,-0.3706447084257617,-0.3748947343833723,1.0,0.02803569153775255,,,,,,A:CYS148;A:CYS202;A:HIS175;A:LEU145;A:PHE199;A:PHE36;A:PHE39;A:PHE43;A:SER149;A:TRP195;A:TRP231;A:VAL234,A:LEU145;A:PHE199;A:PHE36;A:PHE39;A:PHE43;A:TRP195;A:TRP231;A:VAL234,A:HIS175;A:PHE199;A:PHE36;A:PHE39;A:PHE43;A:TRP195;A:TRP231,,A:PHE199;A:PHE36,A:PHE199;A:PHE39;A:PHE43;A:TRP195;A:TRP231,1.0,-0.3706036935091162,2.0796974557888963,False,SAM_COMPATIBLE
7A_APO,7A,APO,SKF64139,3,-6.379,8.15527272727273,-1.9807272727272727,-1.850090909090909,-0.09401763358597548,-0.9526693376272639,-0.28910520182058913,1.0,0.20366639388961558,,,,,,A:HIS175;A:LEU145;A:LEU40;A:PHE199;A:PHE36;A:PHE39;A:PHE43;A:TRP195;A:TRP231;A:VAL234,A:LEU145;A:LEU40;A:PHE199;A:PHE36;A:PHE39;A:PHE43;A:TRP195;A:TRP231;A:VAL234,A:HIS175;A:PHE199;A:PHE36;A:PHE39;A:PHE43;A:TRP195;A:TRP231,,A:HIS175;A:LEU145;A:PHE43,A:LEU145;A:LEU40;A:PHE36,1.0,-0.34692750298655695,1.892202581747728,False,SAM_COMPATIBLE
7A_APO,7A,APO,SKF64139,4,-6.056,7.818545454545454,-1.4587272727272724,-2.1031818181818185,-0.542709024249754,-0.6885702421028508,-0.4809760250660126,1.0,0.25088642848906734,,,,,,A:CYS148;A:CYS202;A:HIS175;A:LEU145;A:LEU40;A:PHE199;A:PHE36;A:PHE39;A:PHE43;A:SER149;A:TRP195;A:TRP231;A:VAL234,A:LEU145;A:LEU40;A:PHE199;A:PHE36;A:PHE39;A:PHE43;A:TRP195;A:TRP231;A:VAL234,A:HIS175;A:PHE199;A:PHE36;A:PHE43;A:TRP195;A:TRP231;A:TYR47,,A:PHE43;A:TRP195;A:TRP231;A:VAL234,A:LEU40;A:PHE199;A:PHE36;A:PHE39,1.0,-0.21843449428157363,2.417676886802531,False,SAM_COMPATIBLE
7A_APO,7A,APO,SKF64139,5,-6.027,8.249454545454546,-1.692727272727273,-2.2492727272727273,0.7124357219495777,0.5484350400004793,0.43778344988116763,1.0,0.08954328562209454,,,,,,A:CYS148;A:CYS202;A:HIS175;A:LEU145;A:LEU40;A:PHE199;A:PHE36;A:PHE39;A:PHE43;A:TRP195;A:TRP231;A:VAL234,A:LEU145;A:LEU40;A:PHE199;A:PHE36;A:PHE39;A:PHE43;A:TRP195;A:TRP231;A:VAL234,A:HIS175;A:PHE199;A:PHE36;A:PHE39;A:PHE43;A:TRP195;A:TRP231,,A:PHE43;A:VAL234,A:CYS148;A:CYS202;A:HIS175;A:LEU145,1.0,-0.41813598454065165,2.147833612568413,False,SAM_COMPATIBLE
7A_APO,7A,APO,SKF64139,6,-6.025,3.342727272727273,-5.283090909090909,-1.5011818181818184,-0.700687625795408,-0.6030647229697902,-0.38124767667038334,0.45454545454545453,1.401044610281914,,,,,,A:ASP98;A:CYS79;A:GLY78;A:GLY80;A:LEU145;A:LEU40;A:PHE103;A:PHE36;A:THR144;A:VAL146,A:LEU145;A:LEU40;A:PHE103;A:PHE36,A:PHE103;A:PHE36;A:PHE43,A:ASP98;A:GLY78,A:ASP98;A:CYS79;A:GLY78;A:GLY80;A:LEU40;A:VAL146,A:LEU145;A:LEU40;A:THR144,1.0,-3.0959046434674016,-0.4884636864843471,False,SAM_COMPATIBLE
7A_APO,7A,APO,SKF64139,7,-5.989,5.094545454545455,-3.844636363636364,-2.589181818181818,0.7902387369079529,0.5878817861617428,0.172967465696304,1.0,0.37898021056514314,,,,,,A:ASP200;A:CYS202;A:LEU145;A:LEU40;A:PHE199;A:PHE36;A:PHE43;A:SER149,A:LEU145;A:LEU40;A:PHE199;A:PHE36;A:PHE43,A:PHE199;A:PHE36;A:PHE43,,A:CYS202,A:ASP200;A:PHE199;A:PHE36;A:SER149,1.0,-2.6151357443604364,-0.6658198332956001,False,SAM_COMPATIBLE
7A_APO,7A,APO,SKF64139,8,-5.872,2.2554545454545454,-5.932181818181818,-4.212545454545455,-0.5252328015045475,-0.2440945506488938,-0.815198352897747,0.2727272727272727,1.4452093273986295,,,,,,A:ASP200;A:ASP98;A:GLY78;A:GLY80;A:LEU145;A:LEU40;A:PHE103;A:PHE199;A:PHE36;A:PRO99;A:SER149,A:LEU145;A:LEU40;A:PHE103;A:PHE199;A:PHE36;A:PRO99,A:PHE103;A:PHE199;A:PHE36,A:ASP200,A:ASP200;A:SER149,A:LEU145;A:PHE199;A:PHE36;A:SER149,1.0,-5.631683353177707,-3.5627002736308606,False,SAM_COMPATIBLE
7A_APO,7A,APO,SKF64139,9,-5.836,3.621545454545455,-5.015545454545454,-1.0874545454545455,0.645697994077909,0.500460504737728,-0.5767264374392972,0.5454545454545454,1.1733716376323409,,,,,,A:ASP98;A:CYS79;A:GLY78;A:GLY80;A:LEU145;A:LEU40;A:PHE103;A:PHE36;A:SER149;A:THR144,A:LEU145;A:LEU40;A:PHE103;A:PHE36,A:PHE36;A:PHE43,A:LEU145,A:LEU145;A:PHE36;A:SER149,A:ASP98;A:GLY78;A:GLY80;A:LEU40;A:PHE103,1.0,-2.576062924306848,-0.9176686224428483,False,SAM_COMPATIBLE
7A_APO,7A,APO,SKF64139,10,-5.767,2.9468181818181822,-5.454454545454545,-3.3425454545454545,0.6925968139523482,0.615870425470019,0.3755173395922406,0.5454545454545454,1.3330198798217525,,,,,,A:ASP200;A:ASP98;A:GLY78;A:GLY80;A:LEU145;A:LEU40;A:PHE103;A:PHE199;A:PHE36;A:SER149,A:LEU145;A:LEU40;A:PHE103;A:PHE199;A:PHE36,A:PHE103;A:PHE199;A:PHE36,A:LEU145,A:LEU145;A:PHE36;A:SER149,A:ASP200;A:SER149,1.0,-4.581074172211442,-2.537534450306311,False,SAM_COMPATIBLE
7A_APO,7A,APO,SKF64139,11,-5.708,2.6891818181818183,-5.655545454545455,-3.6561818181818184,-0.7513737317722281,-0.6118091231528828,-0.24723897756942798,0.45454545454545453,1.7167052746467575,,,,,,A:ASP200;A:ASP98;A:GLY78;A:GLY80;A:LEU145;A:LEU40;A:PHE103;A:PHE199;A:PHE36;A:PRO99;A:SER149,A:LEU145;A:LEU40;A:PHE103;A:PHE199;A:PHE36;A:PRO99,A:PHE103;A:PHE199;A:PHE36,A:ASP98,A:ASP98;A:GLY78;A:PHE103,A:LEU145;A:LEU40,1.0,-4.980941095371725,-2.369181074928698,False,SAM_COMPATIBLE
7A_APO,7A,APO,SKF64139,12,-5.631,5.533909090909091,-3.6712727272727275,-2.5817272727272726,0.8486114395788802,0.5281901946407546,-0.029559142430429137,1.0,0.3151729683840291,,,,,,A:CYS202;A:LEU145;A:LEU40;A:PHE199;A:PHE36;A:PHE43;A:SER149,A:LEU145;A:LEU40;A:PHE199;A:PHE36;A:PHE43,A:HIS175;A:PHE199;A:PHE36;A:PHE43;A:TRP195,,A:LEU40;A:PHE43,A:LEU145;A:LEU40,1.0,-2.424368769208488,-0.8078766973808572,False,SAM_COMPATIBLE
7A_SAM,7A,SAM,23CL2BA,1,-6.436,8.4314,-0.9571999999999999,-1.891,-0.10838349563846594,-0.6939972345168066,-0.7117730371095908,1.0,0.2547174905655285,3.589650261515737,0,2,0,0.0,A:CYS148;A:CYS202;A:HIS175;A:HIS237;A:LEU145;A:LEU229;A:PHE199;A:PHE36;A:PHE39;A:PHE43;A:TRP195;A:TRP231;A:TYR47;A:VAL234,A:LEU145;A:PHE199;A:PHE36;A:PHE39;A:PHE43;A:TRP195;A:TRP231;A:VAL234,A:HIS175;A:HIS237;A:PHE199;A:PHE39;A:PHE43;A:TRP195;A:TRP231;A:TYR47,,A:HIS237;A:LEU145;A:LEU229;A:PHE43;A:TYR47;A:VAL234,A:CYS148;A:CYS202;A:HIS175;A:LEU145;A:PHE199;A:PHE36,1.0,0.3695629575272161,3.6394072200399576,False,SAM_CONTACTING
7A_SAM,7A,SAM,23CL2BA,2,-6.154,8.5838,-1.4963000000000002,-2.1399,-0.3603794599319555,-0.7242504396018064,-0.5878672856995382,1.0,0.30547831346922144,3.3705124239498065,0,3,0,0.018338418132235614,A:CYS202;A:HIS175;A:HIS237;A:LEU145;A:LEU40;A:PHE199;A:PHE36;A:PHE39;A:PHE43;A:TRP195;A:TRP231;A:VAL234,A:LEU145;A:LEU40;A:PHE199;A:PHE36;A:PHE39;A:PHE43;A:TRP195;A:TRP231;A:VAL234,A:HIS175;A:PHE199;A:PHE36;A:PHE39;A:PHE43;A:TRP195;A:TRP231,A:PHE199,A:CYS202;A:PHE199;A:PHE36,A:HIS175;A:HIS237;A:LEU145;A:PHE43;A:VAL234,1.0,-0.1549658740182061,2.7597598268421977,False,SAM_CONTACTING
7A_SAM,7A,SAM,23CL2BA,3,-5.926,8.426400000000003,-1.5322,-2.3612,0.5731576996246102,0.5854525675025251,0.5733546394385644,1.0,0.4075953876088392,3.4910211973002974,0,4,0,0.0,A:CYS202;A:HIS175;A:LEU145;A:PHE199;A:PHE36;A:PHE39;A:PHE43;A:SER149;A:TRP195;A:TRP231;A:VAL234,A:LEU145;A:PHE199;A:PHE36;A:PHE39;A:PHE43;A:TRP195;A:TRP231;A:VAL234,A:HIS175;A:PHE199;A:PHE36;A:PHE39;A:PHE43;A:TRP195;A:TRP231,A:PHE199,A:CYS202;A:PHE199;A:PHE36;A:SER149,A:PHE199;A:PHE39;A:PHE43;A:TRP195;A:TRP231;A:VAL234,1.0,-0.36054143205788425,2.076594361538393,False,SAM_CONTACTING
7A_SAM,7A,SAM,23CL2BA,4,-5.859,8.5579,-2.1219,-2.7443,0.799840779513222,0.3417680693192457,0.4934058311587696,1.0,0.1603153143027826,3.3396630069514495,0,4,0,0.00966405680044107,A:CYS148;A:CYS202;A:HIS175;A:LEU40;A:PHE199;A:PHE36;A:PHE39;A:PHE43;A:SER149;A:TRP195;A:TRP231;A:VAL234,A:LEU40;A:PHE199;A:PHE36;A:PHE39;A:PHE43;A:TRP195;A:TRP231;A:VAL234,A:HIS175;A:PHE199;A:PHE36;A:PHE39;A:PHE43;A:TRP195;A:TRP231,A:PHE199,A:CYS202;A:PHE199;A:PHE36;A:SER149,A:CYS202;A:HIS175;A:PHE43;A:TRP195;A:TRP231;A:VAL234,1.0,-1.018321151461941,1.5179136158760806,False,SAM_CONTACTING
7A_SAM,7A,SAM,23CL2BA,5,-5.452,8.221300000000001,-1.4589,-2.2963,0.9586462556008436,-0.2605089004463269,0.1145969869181903,1.0,0.08330066026148895,3.3199814758519364,0,3,0,0.016964045095741325,A:CYS148;A:CYS202;A:GLU174;A:HIS175;A:LEU145;A:PHE199;A:PHE36;A:PHE39;A:PHE43;A:SER149;A:TRP195;A:TRP231;A:VAL234,A:LEU145;A:PHE199;A:PHE36;A:PHE39;A:PHE43;A:TRP195;A:TRP231;A:VAL234,A:HIS175;A:PHE199;A:PHE39;A:PHE43;A:TRP195;A:TRP231,A:CYS148;A:LEU145,A:CYS148;A:CYS202;A:GLU174;A:HIS175;A:LEU145,A:PHE199;A:PHE36;A:PHE39;A:PHE43;A:TRP195;A:TRP231,1.0,-0.29496754051567664,1.69642476449335,False,SAM_CONTACTING
7A_SAM,7A,SAM,23CL2BA,6,-5.445,8.372399999999999,-1.1755,-2.0463999999999998,-0.8806407366821657,0.463481263980236,0.09827009125453738,1.0,0.26201908327448203,3.489427890070233,0,2,0,0.0,A:CYS148;A:CYS202;A:GLU174;A:HIS175;A:LEU145;A:PHE199;A:PHE36;A:PHE39;A:PHE43;A:TRP195;A:TRP231;A:VAL234,A:LEU145;A:PHE199;A:PHE36;A:PHE39;A:PHE43;A:TRP195;A:TRP231;A:VAL234,A:HIS175;A:PHE199;A:PHE39;A:PHE43;A:TRP195;A:TRP231;A:TYR47,,A:PHE199;A:PHE39;A:PHE43;A:TRP231,A:CYS148;A:CYS202;A:GLU174;A:HIS175;A:LEU145;A:PHE199;A:PHE36,1.0,0.1001806115217525,2.2732123482087077,False,SAM_CONTACTING
7A_SAM,7A,SAM,23CL2BA,7,-5.443,8.674900000000001,-0.7551000000000001,-1.3777,0.18321717727652959,-0.7654285557579542,-0.6168878277135267,1.0,0.3869056732589999,3.284236440940268,0,2,0,0.03537980111393671,A:CYS202;A:HIS175;A:HIS237;A:LEU145;A:LEU229;A:PHE199;A:PHE39;A:PHE43;A:TRP195;A:TRP231;A:TYR47;A:VAL234,A:LEU145;A:PHE199;A:PHE39;A:PHE43;A:TRP195;A:TRP231;A:VAL234,A:HIS175;A:HIS237;A:PHE199;A:PHE36;A:PHE43;A:TRP195;A:TRP231;A:TYR47,,A:HIS237;A:LEU145;A:LEU229;A:PHE43;A:TYR47;A:VAL234,A:PHE199;A:PHE39;A:PHE43;A:TRP195;A:TRP231;A:VAL234,1.0,0.9097813038715997,3.9298653774578756,False,SAM_CONTACTING
7A_SAM,7A,SAM,23CL2BA,8,-5.372,8.5948,-0.8885000000000002,-1.6552,-0.5899688884800162,0.6814493435807591,0.4330860223546892,1.0,0.2703571711643687,3.549101294694193,0,2,0,0.0,A:CYS148;A:CYS202;A:HIS175;A:HIS237;A:LEU145;A:LEU229;A:PHE199;A:PHE39;A:PHE43;A:TRP195;A:TRP231;A:TYR47;A:VAL234,A:LEU145;A:LEU229;A:PHE199;A:PHE39;A:PHE43;A:TRP195;A:TRP231;A:TYR47;A:VAL234,A:HIS175;A:PHE199;A:PHE39;A:PHE43;A:TRP195;A:TRP231,,A:PHE199;A:PHE39;A:PHE43;A:TRP231,A:HIS175;A:HIS237;A:LEU145;A:LEU229;A:PHE43;A:TRP195;A:TRP231;A:TYR47;A:VAL234,1.0,0.6088976528857003,3.5821143819030015,False,SAM_CONTACTING
7A_SAM,7A,SAM,23CL2BA,9,-4.781,13.2745,-10.224,-6.073200000000001,-0.07948690376835651,-0.9913374622087369,0.10455557446096357,0.0,6.6379763482555445,9.834374255640265,0,0,0,0.0,A:LEU198;A:PHE199;A:PHE36;A:PHE39;A:TRP35;A:TYR38,A:LEU198;A:PHE199;A:PHE36;A:PHE39;A:TRP35,A:PHE199;A:PHE36;A:PHE39;A:TRP35,A:TRP35,A:PHE39;A:TRP35;A:TYR38,A:PHE199;A:PHE39,1.0,-8.243179425511823,-5.870720216012605,False,OUTSIDE_TARGET_SITE
7A_SAM,7A,SAM,23CL2BA,10,-4.7,13.0411,-8.892,-7.9107,0.7050341609266826,0.7060581708207183,0.0663979769549549,0.0,6.2274954837398315,9.57511639615937,0,0,0,0.0,A:CYS32;A:LEU198;A:PHE199;A:PHE36;A:PHE39;A:TRP28;A:TRP35,A:LEU198;A:PHE199;A:PHE36;A:PHE39;A:TRP28;A:TRP35,A:PHE199;A:PHE36;A:PHE39;A:TRP28;A:TRP35,A:CYS32;A:PHE36,A:CYS32;A:LEU198;A:PHE36;A:TRP35,A:LEU198;A:TRP28,1.0,-8.667198144113682,-6.620653520980851,False,OUTSIDE_TARGET_SITE
7A_SAM,7A,SAM,23CL2BA,11,-4.673,12.4343,-11.624199999999998,-7.692100000000001,-0.35193341255851407,0.20428972802237264,-0.9134596762580511,0.0,7.7203453938279205,10.338845099913238,0,0,0,0.0,A:CYS32;A:ILE31;A:LEU198;A:PHE36;A:PHE39;A:TRP28;A:TRP35;A:TYR38,A:ILE31;A:LEU198;A:PHE36;A:PHE39;A:TRP28;A:TRP35,A:PHE36;A:PHE39;A:TRP28;A:TRP35,A:TRP35,A:PHE39;A:TRP35;A:TYR38,A:CYS32;A:ILE31;A:TRP28;A:TRP35,1.0,-10.482462518458203,-8.976869668371316,False,OUTSIDE_TARGET_SITE
7A_SAM,7A,SAM,23CL2BA,12,-4.654,12.686,-9.578300000000002,-8.331699999999998,-0.43470542503637427,-0.8164140280637177,-0.3801306725650019,0.0,7.078753562598433,10.083686776174675,0,0,0,0.0,A:CYS32;A:ILE31;A:LEU198;A:PHE199;A:PHE36;A:PHE39;A:TRP28;A:TRP35,A:ILE31;A:LEU198;A:PHE36;A:PHE39;A:TRP28;A:TRP35,A:PHE199;A:PHE36;A:PHE39;A:TRP28;A:TRP35,A:LEU198,A:LEU198;A:PHE199,A:CYS32;A:ILE31;A:LEU198;A:TRP28;A:TRP35,1.0,-9.49169507940956,-6.76784563308174,False,OUTSIDE_TARGET_SITE
7A_SAM,7A,SAM,24DCMB_R,1,-6.633,8.30009090909091,-1.4030000000000002,-2.0814545454545454,0.04202283067263153,0.7856715423526671,0.6172149619374442,1.0,0.2658382967143753,3.5923180538476824,0,3,0,0.0,A:CYS202;A:HIS175;A:HIS237;A:LEU145;A:LEU229;A:LEU40;A:PHE199;A:PHE36;A:PHE39;A:PHE43;A:TRP195;A:TRP231;A:TYR47;A:VAL234,A:LEU145;A:LEU229;A:LEU40;A:PHE199;A:PHE36;A:PHE39;A:PHE43;A:TRP195;A:TRP231;A:TYR47;A:VAL234,A:HIS175;A:PHE199;A:PHE36;A:PHE39;A:PHE43;A:TRP195;A:TRP231,A:PHE199,A:CYS202;A:PHE199;A:PHE36,A:HIS175;A:HIS237;A:LEU145;A:LEU229;A:PHE199;A:PHE39;A:PHE43;A:TRP195;A:TRP231;A:TYR47;A:VAL234,1.0,-0.0920735661733901,3.694221044342555,False,SAM_CONTACTING
7A_SAM,7A,SAM,24DCMB_R,2,-5.848,7.957454545454545,-1.1976363636363636,-2.0319090909090907,-0.16121973075923418,-0.732674013611637,-0.6612087326950054,1.0,0.13252169633686414,3.0991827955123914,0,4,0,0.32209930019016497,A:CYS148;A:CYS202;A:HIS175;A:HIS237;A:LEU145;A:LEU229;A:LEU40;A:PHE199;A:PHE36;A:PHE39;A:PHE43;A:SER149;A:TRP195;A:TYR47;A:VAL234,A:LEU145;A:LEU229;A:LEU40;A:PHE199;A:PHE36;A:PHE39;A:PHE43;A:TRP195;A:TYR47;A:VAL234,A:HIS175;A:PHE199;A:PHE36;A:PHE39;A:PHE43;A:TRP195;A:TRP231;A:TYR47,A:PHE199,A:CYS202;A:PHE199;A:PHE36,A:CYS148;A:CYS202;A:HIS175;A:HIS237;A:LEU145;A:LEU229;A:PHE43;A:SER149;A:TYR47;A:VAL234,1.0,0.032682810420044686,3.919809528107221,False,SAM_CONTACTING
7A_SAM,7A,SAM,24DCMB_R,3,-5.485,8.026363636363635,-1.540181818181818,-2.4034545454545455,-0.6265112937699717,-0.5031855591767074,-0.5952208764943485,1.0,0.11628843450661719,3.234128321511068,0,4,0,0.0724565081438428,A:CYS148;A:CYS202;A:HIS175;A:LEU145;A:PHE199;A:PHE36;A:PHE39;A:PHE43;A:SER149;A:TRP195;A:TRP231;A:VAL234,A:LEU145;A:PHE199;A:PHE36;A:PHE39;A:PHE43;A:TRP195;A:TRP231;A:VAL234,A:HIS175;A:PHE199;A:PHE36;A:PHE39;A:PHE43;A:TRP195;A:TRP231,,A:HIS175;A:LEU145;A:PHE43;A:VAL234,A:CYS202;A:PHE199;A:PHE36;A:PHE39;A:PHE43;A:SER149;A:TRP231,1.0,-0.4563539531086609,2.6933296747795175,False,SAM_CONTACTING
7A_SAM,7A,SAM,24DCMB_R,4,-5.054,7.925545454545453,-1.7120909090909093,-2.572454545454545,-0.9047284595653199,-0.14786932659169016,-0.3995010346743594,1.0,0.21498139454380688,3.137105194283418,0,5,0,0.18930132550647252,A:CYS148;A:CYS202;A:HIS175;A:LEU145;A:PHE199;A:PHE36;A:PHE39;A:PHE43;A:SER149;A:TRP195;A:TRP231;A:VAL234,A:LEU145;A:PHE199;A:PHE36;A:PHE39;A:PHE43;A:TRP195;A:TRP231,A:HIS175;A:PHE199;A:PHE36;A:PHE39;A:PHE43;A:TRP195;A:TRP231,,A:PHE43;A:TRP195;A:TRP231;A:VAL234,A:CYS148;A:CYS202;A:HIS175;A:LEU145;A:PHE199;A:PHE43;A:SER149,1.0,-0.7097951433242013,1.8444918465833062,False,SAM_CONTACTING
7A_SAM,7A,SAM,24DCMB_R,5,-5.052,13.282727272727271,-10.04209090909091,-6.379181818181819,-0.0019211813138693523,-0.967326390640951,0.2535270459574466,0.0,6.560571545223785,10.08735669043184,0,0,0,0.0,A:CYS32;A:LEU198;A:PHE199;A:PHE36;A:PHE39;A:TRP35;A:TYR38,A:LEU198;A:PHE199;A:PHE36;A:PHE39;A:TRP35;A:TYR38,A:PHE199;A:PHE36;A:PHE39;A:TRP35,A:LEU198,A:LEU198,A:CYS32;A:LEU198;A:PHE36;A:PHE39;A:TRP35;A:TYR38,1.0,-8.334124633374042,-5.8082789270921005,False,OUTSIDE_TARGET_SITE
7A_SAM,7A,SAM,24DCMB_R,6,-4.963,13.14581818181818,-8.862909090909088,-7.619545454545454,0.5448427169168061,0.8385255633938625,-0.004614472637211937,0.0,6.462957991508222,9.952563137202397,0,0,0,0.0,A:CYS32;A:LEU198;A:PHE199;A:PHE36;A:PHE39;A:TRP28;A:TRP35,A:LEU198;A:PHE199;A:PHE36;A:PHE39;A:TRP28;A:TRP35,A:PHE199;A:PHE36;A:PHE39;A:TRP35,,A:PHE36;A:PHE39;A:TRP35,A:LEU198;A:PHE199;A:TRP28,1.0,-8.42464221175328,-6.024018700730457,False,OUTSIDE_TARGET_SITE
7A_SAM,7A,SAM,24DCMB_R,7,-4.849,8.169727272727272,-1.791272727272727,-2.6530909090909085,0.7862313702816324,0.4087403422110395,0.46343453155140424,1.0,0.32454429589810996,2.8471627982958756,1,4,0,0.8069055553863934,A:CYS148;A:CYS202;A:HIS175;A:LEU145;A:LEU40;A:PHE199;A:PHE36;A:PHE39;A:PHE43;A:SER149;A:TRP195;A:TRP231;A:VAL234,A:LEU145;A:LEU40;A:PHE199;A:PHE36;A:PHE39;A:PHE43;A:TRP195;A:TRP231;A:VAL234,A:HIS175;A:PHE199;A:PHE36;A:PHE39;A:PHE43;A:TRP195;A:TRP231,A:PHE199,A:CYS202;A:PHE199;A:PHE36;A:SER149,A:LEU40;A:PHE199;A:PHE36;A:PHE39;A:PHE43;A:TRP195;A:TRP231;A:VAL234,1.0,-0.7846964528484736,2.0949921042760824,False,SAM_CONTACTING
7A_SAM,7A,SAM,24DCMB_R,8,-4.674,12.953363636363639,-11.55690909090909,-8.093454545454547,0.43621605015076015,-0.7422801546071441,-0.5086607215691649,0.0,7.200917510984277,9.954876995724256,0,0,0,0.0,A:CYS32;A:ILE31;A:LEU198;A:PHE36;A:PHE39;A:TRP28;A:TRP35,A:ILE31;A:LEU198;A:PHE36;A:PHE39;A:TRP28;A:TRP35,A:PHE199;A:PHE36;A:PHE39;A:TRP28;A:TRP35,A:LEU198,A:CYS32;A:LEU198;A:PHE36,A:ILE31;A:PHE39;A:TRP35,1.0,-10.642938863283826,-7.802713789626698,False,OUTSIDE_TARGET_SITE
7A_SAM,7A,SAM,24DCMB_R,9,-4.637,2.0814545454545454,-5.090181818181818,-12.57490909090909,0.643715323283726,0.06389081510689379,-0.7625933033502884,0.0,7.857333135358332,3.1887361132586682,0,5,0,0.0,A:ASN23;A:ASP200;A:GLY201;A:HIS196;A:LYS151;A:LYS33;A:SER149,,A:HIS196,A:ASP200;A:SER149,A:ASP200;A:GLY201;A:SER149,A:ASN23;A:HIS196;A:LYS151;A:SER149,1.0,-11.017291076028394,-8.863083073907857,False,OUTSIDE_TARGET_SITE
7A_SAM,7A,SAM,24DCMB_R,10,-4.518,13.308,-10.024363636363638,-8.646363636363635,0.20257927262312347,0.9072217689408808,0.3686601419509107,0.0,7.177494618597772,11.03410789325535,0,0,0,0.0,A:CYS32;A:ILE31;A:LEU198;A:PHE199;A:PHE36;A:PHE39;A:TRP28;A:TRP35,A:ILE31;A:LEU198;A:PHE199;A:PHE36;A:PHE39;A:TRP28;A:TRP35,A:PHE199;A:PHE39;A:TRP28;A:TRP35,,A:TRP28;A:TRP35,A:LEU198;A:PHE199;A:PHE36;A:PHE39;A:TRP35,1.0,-9.928136298144109,-6.5438044989236746,False,OUTSIDE_TARGET_SITE
7A_SAM,7A,SAM,24DCMB_R,11,-4.518,3.2089090909090903,-5.724727272727272,-13.295545454545454,-0.6839231485181648,0.7295099262142962,0.008024616863910181,0.0,9.448717426190711,5.426167431991018,0,0,0,0.0,A:ASN23;A:ASP200;A:CYS32;A:GLY201;A:HIS196;A:LEU197;A:LYS151;A:LYS33;A:SER149;A:SER29;A:TRP28,A:LEU197;A:TRP28,A:HIS196;A:TRP28,A:ASP200;A:SER29,A:ASP200;A:CYS32;A:LYS33;A:SER29,A:ASN23;A:GLY201;A:HIS196;A:LYS151;A:SER149,1.0,-11.795442044631805,-10.047494655666469,False,OUTSIDE_TARGET_SITE
7A_SAM,7A,SAM,24DCMB_R,12,-4.409,13.243090909090908,-12.030363636363637,-7.479363636363636,-0.29276646713276766,0.6160154239344534,-0.7313089587838054,0.0,7.776696856635213,10.446288766830065,0,0,0,0.0,A:CYS32;A:ILE31;A:LEU198;A:PHE36;A:PHE39;A:TRP28;A:TRP35;A:TYR38,A:ILE31;A:LEU198;A:PHE36;A:PHE39;A:TRP28;A:TRP35;A:TYR38,A:PHE36;A:PHE39;A:TRP28;A:TRP35,,A:LEU198;A:TRP28,A:LEU198;A:PHE36;A:PHE39;A:TRP35;A:TYR38,1.0,-10.48877228732994,-8.958559722191133,False,OUTSIDE_TARGET_SITE
7A_SAM,7A,SAM,24DCMB_S,1,-6.446,8.242636363636363,-1.4162727272727273,-2.075454545454545,0.054442745049651346,0.7968179745164209,0.601761666275783,1.0,0.242449994844298,3.487771924882704,0,4,0,0.0,A:CYS202;A:HIS175;A:HIS237;A:LEU145;A:LEU229;A:LEU40;A:PHE199;A:PHE36;A:PHE39;A:PHE43;A:TRP195;A:TRP231;A:TYR47;A:VAL234,A:LEU145;A:LEU229;A:PHE199;A:PHE36;A:PHE39;A:PHE43;A:TRP195;A:TRP231;A:TYR47;A:VAL234,A:HIS175;A:PHE199;A:PHE36;A:PHE39;A:PHE43;A:TRP195;A:TRP231,,A:LEU40;A:PHE199;A:PHE36;A:PHE39,A:HIS175;A:HIS237;A:LEU145;A:LEU229;A:PHE199;A:PHE39;A:PHE43;A:TRP195;A:TRP231;A:TYR47;A:VAL234,1.0,-0.10560362287124679,3.693071478970386,False,SAM_CONTACTING
7A_SAM,7A,SAM,24DCMB_S,2,-5.716,8.063181818181818,-1.5215454545454548,-2.3538181818181823,-0.6245326844790803,-0.49820947909220314,-0.6014534403925448,1.0,0.17257172421923592,3.2427164538392805,0,4,0,0.06618819449778351,A:CYS148;A:CYS202;A:HIS175;A:LEU145;A:PHE199;A:PHE36;A:PHE39;A:PHE43;A:SER149;A:TRP195;A:TRP231;A:VAL234,A:LEU145;A:PHE199;A:PHE36;A:PHE39;A:PHE43;A:TRP195;A:TRP231;A:VAL234,A:HIS175;A:HIS237;A:PHE199;A:PHE36;A:PHE39;A:PHE43;A:TRP195;A:TYR47,,A:PHE43;A:TRP195;A:TRP231;A:VAL234,A:CYS202;A:PHE199;A:PHE36;A:PHE39;A:PHE43;A:SER149;A:TRP195;A:TRP231,1.0,-0.40273714278113204,2.778425434140131,False,SAM_CONTACTING
7A_SAM,7A,SAM,24DCMB_S,3,-5.282,7.9098181818181805,-1.2152727272727273,-1.9747272727272729,-0.08496165602218407,-0.7527292075296487,-0.6528248288306407,1.0,0.2050438977389962,3.159660266547655,0,3,0,0.2219537056515045,A:CYS148;A:CYS202;A:HIS175;A:HIS237;A:LEU145;A:LEU229;A:LEU40;A:PHE199;A:PHE36;A:PHE39;A:PHE43;A:SER149;A:TRP195;A:TYR47;A:VAL234,A:LEU145;A:LEU229;A:LEU40;A:PHE199;A:PHE36;A:PHE39;A:PHE43;A:TRP195;A:TYR47;A:VAL234,A:HIS175;A:PHE199;A:PHE36;A:PHE39;A:PHE43;A:TRP195;A:TRP231;A:TYR47,A:PHE199,A:CYS202;A:PHE199;A:PHE36;A:TRP195,A:CYS148;A:CYS202;A:HIS175;A:HIS237;A:LEU145;A:LEU229;A:PHE43;A:SER149;A:TYR47;A:VAL234,1.0,0.05397832032850665,3.9132769686626645,False,SAM_CONTACTING
7A_SAM,7A,SAM,24DCMB_S,4,-5.038,13.312181818181818,-9.03590909090909,-7.768272727272728,0.5437605793385534,0.8387900449785257,-0.027489867266389943,0.0,6.7387121173114375,10.345406903549033,0,0,0,0.0,A:CYS32;A:LEU198;A:PHE199;A:PHE36;A:PHE39;A:TRP28;A:TRP35,A:LEU198;A:PHE199;A:PHE36;A:PHE39;A:TRP28;A:TRP35,A:PHE199;A:PHE36;A:PHE39;A:TRP28;A:TRP35,A:TRP35,A:PHE36;A:PHE39;A:TRP35,A:LEU198;A:PHE199;A:TRP28,1.0,-8.624152105542297,-5.934718691896195,False,OUTSIDE_TARGET_SITE
7A_SAM,7A,SAM,24DCMB_S,5,-4.867,13.146636363636363,-12.110363636363637,-7.468272727272727,0.6574177284296425,-0.7227281568174645,0.21322744122096146,0.0,7.105399707264892,9.91878833325926,0,0,0,0.0,A:CYS32;A:LEU198;A:PHE36;A:PHE39;A:TRP28;A:TRP35,A:LEU198;A:PHE36;A:PHE39;A:TRP28;A:TRP35,A:PHE36;A:PHE39;A:TRP35,A:CYS32;A:PHE36,A:CYS32;A:LEU198;A:PHE36;A:TRP35,A:TRP28;A:TRP35,1.0,-10.550457599275077,-8.40341495144723,False,OUTSIDE_TARGET_SITE
7A_SAM,7A,SAM,24DCMB_S,6,-4.744,13.108454545454547,-11.817727272727273,-8.876000000000001,0.3980903450436431,-0.8156327715208243,-0.41984194550365306,0.0,7.873167913870502,10.431586073076327,0,0,0,0.0,A:CYS32;A:ILE31;A:LEU198;A:PHE36;A:TRP28;A:TRP35,A:ILE31;A:LEU198;A:PHE36;A:TRP28;A:TRP35,A:PHE36;A:PHE39;A:TRP28;A:TRP35,A:LEU198,A:LEU198,A:ILE31;A:TRP35,0.9090909090909091,-11.354642281219014,-9.075351296218031,False,OUTSIDE_TARGET_SITE
7A_SAM,7A,SAM,24DCMB_S,7,-4.688,13.27172727272727,-10.31218181818182,-6.188181818181818,-0.20344628658091438,0.9522575694731573,-0.22762936949680107,0.0,5.736469558883756,9.084309880227556,0,0,0,0.0,A:CYS32;A:LEU198;A:PHE199;A:PHE36;A:PHE39;A:TRP35,A:LEU198;A:PHE199;A:PHE36;A:PHE39;A:TRP35,A:PHE199;A:PHE36;A:PHE39;A:TRP35,A:LEU198,A:LEU198;A:PHE199;A:PHE36;A:PHE39,A:CYS32;A:LEU198;A:PHE36;A:TRP35,1.0,-8.385895591178729,-6.314685439691902,False,OUTSIDE_TARGET_SITE
7A_SAM,7A,SAM,24DCMB_S,8,-4.643,12.991545454545452,-9.485545454545454,-8.187,-0.36504423397146774,-0.7267098289488463,-0.5819239913883284,0.0,6.51060066353328,9.261914488916425,0,0,0,0.0,A:CYS32;A:ILE31;A:LEU198;A:PHE199;A:PHE36;A:PHE39;A:TRP28;A:TRP35,A:ILE31;A:LEU198;A:PHE199;A:PHE36;A:PHE39;A:TRP28;A:TRP35,A:PHE199;A:PHE36;A:PHE39;A:TRP28;A:TRP35,,A:PHE39,A:CYS32;A:ILE31;A:LEU198;A:PHE36;A:PHE39;A:TRP28;A:TRP35,1.0,-9.279078675869105,-6.554142894904215,False,OUTSIDE_TARGET_SITE
7A_SAM,7A,SAM,24DCMB_S,9,-4.568,7.925545454545456,-1.743,-2.5951818181818185,-0.907637487583433,-0.1375067645424855,-0.3965930922725345,1.0,0.24270764306053458,3.1350591700955186,0,5,0,0.1867799608784057,A:CYS148;A:CYS202;A:HIS175;A:LEU145;A:PHE199;A:PHE36;A:PHE39;A:PHE43;A:SER149;A:TRP195;A:TRP231;A:VAL234,A:LEU145;A:PHE199;A:PHE36;A:PHE43;A:TRP195;A:TRP231;A:VAL234,A:HIS175;A:PHE199;A:PHE36;A:PHE39;A:PHE43;A:TRP195;A:TRP231,,A:PHE199;A:PHE39;A:PHE43;A:TRP195;A:TRP231,A:CYS148;A:CYS202;A:HIS175;A:LEU145;A:PHE199;A:PHE43;A:SER149,1.0,-0.7471916892636177,1.8019509750949316,False,SAM_CONTACTING
7A_SAM,7A,SAM,24DCMB_S,10,-4.561,13.417363636363634,-12.343636363636364,-7.432545454545454,0.19044545944550614,-0.488132980500728,0.8517374714805416,0.0,7.903755816066181,10.52714343969911,0,0,0,0.0,A:CYS32;A:ILE31;A:LEU198;A:PHE36;A:PHE39;A:TRP28;A:TRP35;A:TYR38,A:ILE31;A:LEU198;A:PHE36;A:PHE39;A:TRP28;A:TRP35;A:TYR38,A:PHE36;A:PHE39;A:TRP28;A:TRP35,,A:TRP28,A:LEU198;A:PHE36;A:PHE39;A:TRP35;A:TYR38,1.0,-10.644694646503781,-9.001514539285306,False,OUTSIDE_TARGET_SITE
7A_SAM,7A,SAM,24DCMB_S,11,-4.472,13.127181818181816,-9.850454545454546,-7.325454545454547,0.5889707317350996,0.6143174542935134,0.5250976504515693,0.0,7.0366835227968005,10.624166508484326,0,0,0,0.0,A:CYS32;A:LEU198;A:PHE199;A:PHE36;A:PHE39;A:TRP28;A:TRP35,A:LEU198;A:PHE199;A:PHE36;A:PHE39;A:TRP28;A:TRP35,A:PHE199;A:PHE36;A:PHE39;A:TRP28;A:TRP35,A:CYS32;A:PHE36,A:CYS32;A:LEU198;A:PHE36;A:TRP35,A:PHE199;A:PHE39;A:TRP35,1.0,-8.897768839776873,-5.469820683091931,False,OUTSIDE_TARGET_SITE
7A_SAM,7A,SAM,24DCMB_S,12,-4.382,13.306272727272727,-10.71409090909091,-7.478000000000001,-0.034947944595786186,-0.7325645958415551,0.6797997897087267,0.0,7.482924227867071,10.114170356485005,0,0,0,0.0,A:CYS32;A:LEU198;A:PHE36;A:PHE39;A:TRP28;A:TRP35;A:TYR38,A:LEU198;A:PHE36;A:PHE39;A:TRP28;A:TRP35;A:TYR38,A:PHE36;A:PHE39;A:TRP28;A:TRP35,A:LEU198,A:LEU198,A:CYS32;A:LEU198;A:PHE36;A:PHE39;A:TRP35;A:TYR38,0.7272727272727273,-9.573040714082055,-8.382841784572136,False,OUTSIDE_TARGET_SITE
7A_SAM,7A,SAM,25DCMB_R,1,-6.068,7.981545454545455,-1.6633636363636362,-2.1085454545454545,-0.32335989244891183,0.8107216232969364,0.4880254393719745,1.0,0.17588916964952656,3.450323028355461,0,3,0,0.0,A:CYS148;A:CYS202;A:HIS175;A:HIS237;A:LEU145;A:LEU229;A:LEU40;A:PHE199;A:PHE36;A:PHE39;A:PHE43;A:SER149;A:TRP195;A:TRP231;A:TYR47;A:VAL234,A:LEU145;A:LEU229;A:PHE199;A:PHE36;A:PHE39;A:PHE43;A:TRP195;A:TRP231;A:TYR47;A:VAL234,A:HIS175;A:PHE199;A:PHE36;A:PHE39;A:PHE43;A:TRP195;A:TRP231,,A:LEU40;A:PHE199;A:PHE36;A:PHE39;A:PHE43,A:CYS202;A:HIS175;A:HIS237;A:LEU145;A:LEU229;A:PHE199;A:PHE36;A:PHE43;A:SER149;A:TYR47;A:VAL234,1.0,-0.3384006632631348,3.2330668153668225,False,SAM_CONTACTING
7A_SAM,7A,SAM,25DCMB_R,2,-5.655,7.982272727272728,-1.4480909090909089,-2.2505454545454544,-0.8411648647703542,-0.25076883947061285,-0.47912071487928104,1.0,0.24254071823098108,3.2522381524113513,0,5,0,0.07662413328119638,A:CYS148;A:CYS202;A:HIS175;A:LEU145;A:PHE199;A:PHE36;A:PHE39;A:PHE43;A:SER149;A:TRP195;A:TRP231;A:TYR47;A:VAL234,A:LEU145;A:PHE199;A:PHE36;A:PHE39;A:PHE43;A:TRP195;A:TRP231;A:TYR47;A:VAL234,A:HIS175;A:PHE199;A:PHE36;A:PHE39;A:PHE43;A:TRP195;A:TRP231,,A:PHE43;A:TRP195;A:TRP231;A:VAL234,A:CYS202;A:HIS175;A:LEU145;A:PHE199;A:PHE36;A:PHE43;A:SER149;A:TYR47;A:VAL234,1.0,-0.2910817682298401,2.5506314964129984,False,SAM_CONTACTING
7A_SAM,7A,SAM,25DCMB_R,3,-5.267,8.236272727272727,-1.8192727272727276,-2.4577272727272725,-0.7286244369128158,-0.4049550798792014,-0.5523747036328799,1.0,0.14258681565979425,3.227913877413708,0,4,0,0.09710475402642249,A:CYS148;A:CYS202;A:HIS175;A:LEU145;A:PHE199;A:PHE36;A:PHE39;A:PHE43;A:SER149;A:TRP195;A:TRP231;A:VAL234,A:LEU145;A:PHE199;A:PHE36;A:PHE39;A:PHE43;A:TRP195;A:TRP231;A:VAL234,A:HIS175;A:PHE199;A:PHE36;A:PHE39;A:PHE43;A:TRP195;A:TRP231,,A:HIS175;A:LEU145;A:PHE43;A:VAL234,A:CYS148;A:CYS202;A:LEU145;A:PHE199;A:PHE39;A:PHE43;A:SER149;A:TRP231,1.0,-0.655183943013632,2.194533208019785,False,SAM_CONTACTING
7A_SAM,7A,SAM,25DCMB_R,4,-5.157,8.822181818181818,-1.3796363636363635,-1.6783636363636363,0.017110172297456382,0.8322403901329752,0.5541508594554948,1.0,0.20822583893455676,3.2448124753211856,0,3,0,0.0633321267060033,A:CYS202;A:HIS175;A:HIS237;A:LEU145;A:LEU229;A:LEU40;A:PHE199;A:PHE36;A:PHE39;A:PHE43;A:TRP195;A:TRP231;A:TYR47;A:VAL234,A:LEU145;A:LEU229;A:LEU40;A:PHE199;A:PHE36;A:PHE39;A:PHE43;A:TRP195;A:TRP231;A:TYR47;A:VAL234,A:HIS175;A:PHE199;A:PHE36;A:PHE43;A:TRP195;A:TRP231;A:TYR47,,A:LEU40;A:PHE199;A:PHE36;A:PHE39;A:PHE43,A:HIS175;A:HIS237;A:LEU145;A:LEU229;A:PHE199;A:PHE39;A:PHE43;A:TRP195;A:TRP231;A:TYR47;A:VAL234,1.0,0.2889644717608255,3.5777415290150003,False,SAM_CONTACTING
7A_SAM,7A,SAM,25DCMB_R,5,-5.08,12.88290909090909,-10.357363636363635,-8.782,-0.5660495862701332,0.4768884056335994,0.6724323865309096,0.0,6.2469274047326655,9.59544235561863,0,0,0,0.0,A:CYS32;A:ILE31;A:LEU198;A:PHE199;A:PHE36;A:PHE39;A:TRP28;A:TRP35,A:ILE31;A:LEU198;A:PHE199;A:PHE36;A:PHE39;A:TRP28;A:TRP35,A:PHE36;A:PHE39;A:TRP28;A:TRP35,,,A:CYS32;A:ILE31;A:LEU198;A:PHE199;A:PHE36;A:PHE39;A:TRP28;A:TRP35,0.9090909090909091,-10.317564441253467,-6.895751459862526,False,OUTSIDE_TARGET_SITE
7A_SAM,7A,SAM,25DCMB_R,6,-5.076,8.224636363636364,-1.3866363636363637,-2.055454545454545,0.5702429469512825,0.6783446516629449,0.4633265749043489,1.0,0.39785927160240986,3.1961864776636544,0,6,0,0.2657803354368081,A:CYS148;A:CYS202;A:HIS175;A:LEU145;A:LEU40;A:PHE199;A:PHE36;A:PHE39;A:PHE43;A:TRP195;A:TRP231;A:VAL234,A:LEU145;A:LEU40;A:PHE199;A:PHE36;A:PHE43;A:TRP195;A:TRP231;A:VAL234,A:HIS175;A:PHE199;A:PHE36;A:PHE39;A:PHE43;A:TRP195;A:TRP231,,A:LEU40;A:PHE199;A:PHE36;A:PHE39;A:PHE43,A:CYS148;A:CYS202;A:HIS175;A:LEU145;A:PHE43;A:TRP195;A:TRP231;A:VAL234,1.0,-0.07373310939508446,2.131973685908738,False,SAM_CONTACTING
7A_SAM,7A,SAM,25DCMB_R,7,-4.884,12.959454545454543,-11.716000000000001,-8.058363636363636,-0.16706083680215184,-0.21444086156019865,-0.962343906148049,0.0,7.249712890866782,9.904201330748482,0,0,0,0.0,A:CYS32;A:ILE31;A:LEU198;A:PHE36;A:PHE39;A:TRP28;A:TRP35,A:ILE31;A:LEU198;A:PHE36;A:PHE39;A:TRP28;A:TRP35,A:PHE36;A:PHE39;A:TRP28;A:TRP35;A:TYR38,,,A:ILE31;A:LEU198;A:PHE36;A:PHE39;A:TRP28;A:TRP35,0.9090909090909091,-10.726512246340633,-8.725858681757236,False,OUTSIDE_TARGET_SITE
7A_SAM,7A,SAM,25DCMB_R,8,-4.875,13.004636363636365,-9.904454545454543,-8.371818181818181,-0.7416473732371999,-0.5817440409376651,-0.3339656338665364,0.0,6.42758352726746,9.789852297149329,0,0,0,0.0,A:CYS32;A:ILE31;A:LEU198;A:PHE199;A:PHE36;A:PHE39;A:TRP28;A:TRP35,A:ILE31;A:LEU198;A:PHE199;A:PHE36;A:PHE39;A:TRP28;A:TRP35,A:PHE36;A:PHE39;A:TRP28;A:TRP35,,A:LEU198,A:CYS32;A:ILE31;A:LEU198;A:PHE199;A:PHE39;A:TRP28;A:TRP35,0.9090909090909091,-9.696446666387214,-6.931215240940579,False,OUTSIDE_TARGET_SITE
7A_SAM,7A,SAM,25DCMB_R,9,-4.871,13.381,-9.829636363636366,-6.381181818181818,0.4093256565156601,0.8583346811034188,0.30937692566369007,0.0,6.502033758755794,9.881850332807112,0,0,0,0.0,A:CYS32;A:LEU198;A:PHE199;A:PHE36;A:PHE39;A:TRP35,A:LEU198;A:PHE199;A:PHE36;A:PHE39;A:TRP35,A:PHE199;A:PHE36;A:PHE39;A:TRP35,A:TRP35,A:PHE36;A:PHE39;A:TRP35,A:CYS32;A:LEU198;A:PHE36;A:PHE39;A:TRP35,1.0,-8.17461675612213,-5.454633801735567,False,OUTSIDE_TARGET_SITE
7A_SAM,7A,SAM,25DCMB_R,10,-4.843,13.034727272727274,-10.609,-6.991272727272729,0.5786254476849515,-0.5911182834747616,0.5619357314081757,0.0,6.769345980225859,10.284697759292687,0,0,0,0.0,A:CYS32;A:LEU198;A:PHE199;A:PHE36;A:PHE39;A:TRP28;A:TRP35,A:LEU198;A:PHE199;A:PHE36;A:PHE39;A:TRP28;A:TRP35,A:PHE36;A:PHE39;A:TRP28;A:TRP35,A:CYS32;A:PHE36,A:CYS32;A:LEU198;A:PHE36;A:TRP35,A:LEU198;A:PHE199;A:PHE39;A:TRP35,1.0,-9.196065934718694,-6.96950445133495,False,OUTSIDE_TARGET_SITE
7A_SAM,7A,SAM,25DCMB_R,11,-4.829,13.109454545454547,-11.914181818181817,-7.310090909090909,-0.42775139628054576,0.6789306779672926,-0.5967259651589796,0.0,7.2628106129789725,10.301815616676508,0,0,0,0.0,A:CYS32;A:LEU198;A:PHE36;A:PHE39;A:TRP28;A:TRP35;A:TYR38,A:LEU198;A:PHE36;A:PHE39;A:TRP28;A:TRP35;A:TYR38,A:PHE36;A:PHE39;A:TRP35,A:LEU198,A:LEU198;A:PHE36;A:PHE39,A:PHE39;A:TRP28;A:TRP35;A:TYR38,1.0,-10.308813141027294,-8.367426092221123,False,OUTSIDE_TARGET_SITE
7A_SAM,7A,SAM,25DCMB_R,12,-4.713,2.1161818181818184,-5.354818181818182,-12.385181818181819,0.7643611573832735,-0.2708742130090229,-0.5851317644859537,0.0,7.855990453151023,3.1968087212093255,0,5,0,0.0,A:ASP200;A:GLY201;A:HIS196;A:LYS151;A:LYS33;A:SER149;A:SER29,,A:HIS196,A:ASP200;A:SER149,A:ASP200;A:GLY201;A:SER149,A:ASP200;A:GLY201;A:HIS196;A:LYS151;A:SER149;A:SER29,1.0,-11.059319947740805,-8.877589698364991,False,OUTSIDE_TARGET_SITE
7A_SAM,7A,SAM,25DCMB_S,1,-5.814,8.014545454545454,-1.697272727272727,-2.066272727272727,-0.335531882779393,0.8105611621301805,0.4800093312475154,1.0,0.20927016031914325,3.4532924868884187,0,3,0,0.0,A:CYS148;A:CYS202;A:HIS175;A:HIS237;A:LEU145;A:LEU229;A:LEU40;A:PHE199;A:PHE36;A:PHE39;A:PHE43;A:SER149;A:TRP195;A:TRP231;A:TYR47;A:VAL234,A:LEU145;A:LEU229;A:LEU40;A:PHE199;A:PHE36;A:PHE39;A:PHE43;A:TYR47;A:VAL234,A:HIS175;A:PHE199;A:PHE36;A:PHE39;A:PHE43;A:TRP195;A:TRP231,,A:PHE199;A:PHE39;A:PHE43;A:TRP195;A:TRP231,A:CYS202;A:HIS175;A:HIS237;A:LEU145;A:LEU229;A:PHE199;A:PHE36;A:PHE43;A:SER149;A:TYR47;A:VAL234,1.0,-0.3267257013618663,3.2265998259713218,False,SAM_CONTACTING
7A_SAM,7A,SAM,25DCMB_S,2,-5.612,8.241818181818182,-1.7807272727272727,-2.4399090909090906,-0.7364890809722119,-0.3995044325600414,-0.5458754821143609,1.0,0.18448306155308675,3.2418528652608525,0,4,0,0.08750106510471523,A:CYS148;A:CYS202;A:HIS175;A:LEU145;A:PHE199;A:PHE36;A:PHE39;A:PHE43;A:SER149;A:TRP195;A:TRP231;A:VAL234,A:LEU145;A:PHE199;A:PHE36;A:PHE39;A:PHE43;A:TRP231;A:VAL234,A:HIS175;A:HIS237;A:PHE199;A:PHE36;A:PHE39;A:PHE43;A:TRP195;A:TRP231,,A:PHE43;A:TRP195;A:TRP231;A:VAL234,A:CYS148;A:CYS202;A:LEU145;A:PHE199;A:PHE39;A:PHE43;A:SER149;A:TRP231,1.0,-0.6151856650754401,2.2167150785406133,False,SAM_CONTACTING
7A_SAM,7A,SAM,25DCMB_S,3,-5.522,8.163363636363636,-1.3481818181818181,-2.1615454545454544,0.5622782148358115,0.6548138500604456,0.5050366629167333,1.0,0.20113676938839387,3.2416657754925935,0,5,0,0.1311004152646656,A:CYS148;A:CYS202;A:HIS175;A:LEU145;A:LEU40;A:PHE199;A:PHE36;A:PHE39;A:PHE43;A:TRP195;A:TRP231;A:VAL234,A:LEU145;A:LEU40;A:PHE199;A:PHE36;A:PHE39;A:PHE43;A:TRP195;A:TRP231;A:VAL234,A:HIS175;A:PHE199;A:PHE36;A:PHE39;A:PHE43;A:TRP195;A:TRP231,A:PHE199,A:CYS202;A:PHE199;A:PHE36,A:CYS148;A:CYS202;A:HIS175;A:LEU145;A:PHE43;A:TRP195;A:TRP231;A:VAL234,1.0,-0.13186470488723706,2.0983577376006117,False,SAM_CONTACTING
7A_SAM,7A,SAM,25DCMB_S,4,-5.275,8.838090909090909,-1.3253636363636365,-1.723727272727273,0.0184225246276489,0.8071424738198011,0.5900691803021021,1.0,0.19409791343546182,3.342038150590145,0,3,0,0.008920276882424473,A:CYS202;A:HIS175;A:HIS237;A:LEU145;A:LEU40;A:PHE199;A:PHE36;A:PHE39;A:PHE43;A:TRP195;A:TRP231;A:TYR47;A:VAL234,A:LEU145;A:LEU40;A:PHE199;A:PHE36;A:PHE39;A:PHE43;A:TRP195;A:TRP231;A:TYR47;A:VAL234,A:HIS175;A:PHE199;A:PHE36;A:PHE39;A:PHE43;A:TRP195;A:TRP231;A:TYR47,,A:CYS202;A:PHE199;A:PHE36,A:HIS175;A:HIS237;A:LEU145;A:PHE199;A:PHE39;A:PHE43;A:TRP195;A:TRP231;A:TYR47;A:VAL234,0.9090909090909091,0.2964735720682635,3.558104538237933,False,SAM_CONTACTING
7A_SAM,7A,SAM,25DCMB_S,5,-5.272,7.976272727272728,-1.3957272727272727,-2.246909090909091,-0.8371222174954572,-0.2631002969712515,-0.4795879759847282,1.0,0.2116624671499412,3.2757127468689924,0,5,0,0.05981937927695791,A:CYS148;A:CYS202;A:HIS175;A:LEU145;A:PHE199;A:PHE36;A:PHE39;A:PHE43;A:SER149;A:TRP195;A:TRP231;A:TYR47;A:VAL234,A:LEU145;A:PHE199;A:PHE36;A:PHE43;A:TRP195;A:TRP231;A:TYR47;A:VAL234,A:HIS175;A:PHE199;A:PHE36;A:PHE43;A:TRP195;A:TRP231,,A:PHE199;A:PHE39;A:PHE43;A:TRP195;A:TRP231,A:CYS202;A:HIS175;A:LEU145;A:PHE199;A:PHE36;A:PHE43;A:SER149;A:TYR47;A:VAL234,1.0,-0.25339220623876924,2.5964478008030873,False,SAM_CONTACTING
7A_SAM,7A,SAM,25DCMB_S,6,-5.093,12.991090909090907,-11.981090909090907,-7.23,0.5106208968544916,-0.6301497313835822,0.5849594992242743,0.0,7.098563587092814,9.906713582212822,0,0,0,0.0,A:CYS32;A:LEU198;A:PHE36;A:PHE39;A:TRP28;A:TRP35;A:TYR38,A:LEU198;A:PHE36;A:PHE39;A:TRP28;A:TRP35;A:TYR38,A:PHE36;A:PHE39;A:TRP35,A:CYS32;A:PHE36,A:CYS32;A:LEU198;A:PHE36;A:TRP35,A:PHE39;A:TRP28;A:TRP35;A:TYR38,1.0,-10.315799304812137,-8.42593110717585,False,OUTSIDE_TARGET_SITE
7A_SAM,7A,SAM,25DCMB_S,7,-4.972,12.897272727272728,-10.345363636363636,-8.814545454545454,-0.5650516822945306,0.4572641866279818,0.6867503621867054,0.0,6.299823013386963,9.643485365779323,0,0,0,0.0,A:CYS32;A:ILE31;A:LEU198;A:PHE199;A:PHE36;A:PHE39;A:TRP28;A:TRP35,A:ILE31;A:LEU198;A:PHE199;A:PHE36;A:PHE39;A:TRP28;A:TRP35,A:PHE36;A:PHE39;A:TRP28;A:TRP35,,A:LEU198;A:TRP28,A:CYS32;A:ILE31;A:LEU198;A:PHE199;A:PHE36;A:PHE39;A:TRP28;A:TRP35,0.9090909090909091,-10.33025778472215,-6.914892292840306,False,OUTSIDE_TARGET_SITE
7A_SAM,7A,SAM,25DCMB_S,8,-4.959,13.008363636363638,-9.830363636363636,-8.382,-0.7343754011370457,-0.5898617706022249,-0.33579139623702564,0.0,6.351335765018254,9.725622550767637,0,0,0,0.0,A:CYS32;A:ILE31;A:LEU198;A:PHE199;A:PHE36;A:PHE39;A:TRP28;A:TRP35,A:ILE31;A:LEU198;A:PHE199;A:PHE36;A:PHE39;A:TRP28;A:TRP35,A:PHE36;A:PHE39;A:TRP28;A:TRP35,,,A:CYS32;A:ILE31;A:LEU198;A:PHE199;A:PHE36;A:PHE39;A:TRP28;A:TRP35,0.9090909090909091,-9.652160834115838,-6.878526692446837,False,OUTSIDE_TARGET_SITE
7A_SAM,7A,SAM,25DCMB_S,9,-4.901,13.261909090909088,-10.554818181818183,-6.844181818181818,0.5510884675453047,-0.6775915390895935,0.4870022660037264,0.0,6.647381664986598,10.327299162898305,0,0,0,0.0,A:CYS32;A:LEU198;A:PHE199;A:PHE36;A:PHE39;A:TRP28;A:TRP35,A:LEU198;A:PHE199;A:PHE36;A:PHE39;A:TRP35,A:PHE36;A:PHE39;A:TRP35,A:LEU198,A:CYS32;A:LEU198;A:TRP28,A:LEU198;A:PHE199;A:PHE39;A:TRP35,1.0,-9.020094673201859,-6.549316340176495,False,OUTSIDE_TARGET_SITE
7A_SAM,7A,SAM,25DCMB_S,10,-4.897,12.85918181818182,-11.71809090909091,-8.049545454545456,0.12520516439135254,0.12024187470339666,0.9848175254216118,0.0,7.173507022370578,9.821362532764994,0,0,0,0.0,A:CYS32;A:ILE31;A:LEU198;A:PHE36;A:PHE39;A:TRP28;A:TRP35,A:ILE31;A:LEU198;A:PHE36;A:PHE39;A:TRP28;A:TRP35,A:PHE36;A:PHE39;A:TRP28;A:TRP35,A:TRP35,A:PHE36;A:PHE39;A:TRP35,A:ILE31;A:LEU198;A:PHE36;A:PHE39;A:TRP28;A:TRP35,0.9090909090909091,-10.736806992834076,-8.652625184068846,False,OUTSIDE_TARGET_SITE
7A_SAM,7A,SAM,25DCMB_S,11,-4.698,13.211363636363636,-11.734909090909092,-8.805,-0.4986434935935119,0.7107743218515714,0.4961396272152595,0.0,8.059519278468164,10.614984408843943,0,0,0,0.0,A:CYS32;A:ILE31;A:LEU198;A:PHE36;A:PHE39;A:TRP28;A:TRP35,A:ILE31;A:LEU198;A:PHE36;A:PHE39;A:TRP28;A:TRP35,A:PHE36;A:TRP28;A:TRP35,A:LEU198,A:CYS32;A:LEU198;A:TRP28,A:ILE31;A:PHE39;A:TRP28;A:TRP35,1.0,-11.231749686957764,-9.025107922531639,False,OUTSIDE_TARGET_SITE
7A_SAM,7A,SAM,25DCMB_S,12,-4.62,13.104272727272727,-10.57690909090909,-7.269181818181818,0.409655618989086,0.6734761335729113,0.6153146929322834,0.0,6.194153130170419,10.03582751944253,0,0,0,0.0,A:CYS32;A:LEU198;A:PHE199;A:PHE36;A:PHE39;A:TRP28;A:TRP35,A:LEU198;A:PHE199;A:PHE36;A:PHE39;A:TRP28;A:TRP35,A:PHE199;A:PHE36;A:PHE39;A:TRP28;A:TRP35,A:CYS32;A:PHE36,A:CYS32;A:LEU198;A:PHE36;A:TRP35,A:LEU198;A:PHE199;A:PHE39;A:TRP35,1.0,-9.360864252185614,-6.113128878170582,False,OUTSIDE_TARGET_SITE
7A_SAM,7A,SAM,26DCMB_R,1,-6.451,8.398090909090909,-1.6285454545454547,-2.3556363636363638,-0.4310628821314196,-0.7290602183891822,-0.5316540130675886,1.0,0.31505713767505744,3.337900687557975,0,3,0,0.03367364362058122,A:CYS148;A:CYS202;A:HIS175;A:LEU145;A:LEU40;A:PHE199;A:PHE36;A:PHE39;A:PHE43;A:TRP195;A:TRP231;A:VAL234,A:LEU145;A:LEU40;A:PHE199;A:PHE36;A:PHE39;A:PHE43;A:TRP195;A:TRP231;A:VAL234,A:HIS175;A:PHE199;A:PHE36;A:PHE39;A:PHE43;A:TRP195;A:TRP231,A:PHE199,A:CYS202;A:PHE199;A:PHE36,A:CYS148;A:CYS202;A:HIS175;A:LEU145;A:PHE199;A:PHE39;A:PHE43;A:TRP195;A:TRP231,1.0,-0.4271182676453699,2.1143491002187442,False,SAM_CONTACTING
7A_SAM,7A,SAM,26DCMB_R,2,-6.362,8.416636363636364,-1.637090909090909,-2.0831818181818185,0.04337853939650767,0.8653958642875271,0.4992076726111782,1.0,0.2954098847364455,3.3076305718746766,0,3,0,0.023780754622133096,A:CYS148;A:CYS202;A:HIS175;A:LEU145;A:LEU40;A:PHE199;A:PHE36;A:PHE39;A:PHE43;A:TRP195;A:TRP231;A:VAL234,A:LEU145;A:PHE199;A:PHE36;A:PHE39;A:PHE43;A:TRP195;A:TRP231;A:VAL234,A:HIS175;A:PHE199;A:PHE36;A:PHE39;A:PHE43;A:TRP195;A:TRP231,,A:LEU40;A:PHE199;A:PHE36;A:PHE39;A:PHE43,A:CYS148;A:CYS202;A:HIS175;A:LEU145;A:PHE199;A:PHE39;A:PHE43;A:TRP195;A:TRP231,1.0,-0.23671842492365536,2.2335929866838264,False,SAM_CONTACTING
7A_SAM,7A,SAM,26DCMB_R,3,-5.578,8.655999999999999,-1.551727272727273,-2.4070000000000005,-0.05701069970498151,0.971147652639785,0.23156428241718205,1.0,0.1920260399008429,3.1393312982226007,0,3,0,0.25360923111243133,A:CYS148;A:CYS202;A:HIS175;A:LEU145;A:LEU40;A:PHE199;A:PHE36;A:PHE39;A:PHE43;A:SER149;A:TRP195;A:TRP231;A:VAL234,A:LEU145;A:LEU40;A:PHE199;A:PHE36;A:PHE39;A:PHE43;A:TRP195;A:TRP231;A:VAL234,A:HIS175;A:PHE199;A:PHE36;A:PHE39;A:PHE43;A:TRP195;A:TRP231,A:HIS175,A:CYS202;A:HIS175;A:TRP195;A:VAL234,A:CYS148;A:CYS202;A:LEU145;A:PHE199;A:PHE43;A:SER149;A:TRP195;A:TRP231;A:VAL234,1.0,-0.3718766393694299,2.0328705294413614,False,SAM_CONTACTING
7A_SAM,7A,SAM,26DCMB_R,4,-5.564,8.503090909090908,-1.5662727272727273,-2.437272727272727,0.04717746303049129,0.9482635734480799,0.31395936401624536,1.0,0.14487926007541635,3.2199249991265324,0,3,0,0.14021188066930468,A:CYS148;A:CYS202;A:HIS175;A:LEU145;A:LEU40;A:PHE199;A:PHE36;A:PHE39;A:PHE43;A:SER149;A:TRP195;A:TRP231;A:VAL234,A:LEU145;A:LEU40;A:PHE199;A:PHE36;A:PHE39;A:PHE43;A:TRP195;A:TRP231;A:VAL234,A:HIS175;A:PHE199;A:PHE36;A:PHE39;A:PHE43;A:TRP195;A:TRP231;A:TYR47,A:HIS175,A:CYS202;A:HIS175;A:TRP195;A:VAL234,A:CYS148;A:CYS202;A:LEU145;A:PHE199;A:PHE43;A:SER149;A:TRP195;A:TRP231;A:VAL234,1.0,-0.42643308534379787,2.0939142480551394,False,SAM_CONTACTING
7A_SAM,7A,SAM,26DCMB_R,5,-5.331,13.458727272727275,-10.115818181818183,-6.327363636363635,-0.11218753870933129,0.9931889548156049,0.03145880148112927,0.0,6.554976811553187,9.946942143191544,0,0,0,0.0,A:CYS32;A:LEU198;A:PHE199;A:PHE36;A:PHE39;A:TRP35,A:LEU198;A:PHE199;A:PHE36;A:PHE39;A:TRP35,A:PHE199;A:PHE36;A:PHE39;A:TRP35,A:TRP35,A:PHE36;A:PHE39;A:TRP35,A:CYS32;A:LEU198;A:PHE36;A:TRP35,0.9090909090909091,-8.32149389798891,-6.266236200122744,False,OUTSIDE_TARGET_SITE
7A_SAM,7A,SAM,26DCMB_R,6,-5.33,7.785272727272727,-1.7638181818181815,-2.394636363636364,-0.8633580980671451,0.49638815770574646,0.09061783153097652,1.0,0.434495109293534,3.239221511412889,0,3,0,0.0679398442548814,A:CYS148;A:CYS202;A:GLU174;A:HIS175;A:LEU145;A:LEU40;A:PHE199;A:PHE36;A:PHE39;A:PHE43;A:SER149;A:TRP195;A:TRP231;A:TYR47;A:VAL234,A:LEU145;A:LEU40;A:PHE199;A:PHE36;A:PHE39;A:PHE43;A:TRP195;A:TYR47;A:VAL234,A:HIS175;A:PHE199;A:PHE36;A:PHE39;A:PHE43;A:TRP195;A:TRP231,,A:PHE199;A:TRP195;A:TRP231,A:CYS202;A:HIS175;A:LEU145;A:PHE199;A:PHE36;A:PHE43;A:TYR47;A:VAL234,1.0,-0.6402438327197012,2.2098643212945466,False,SAM_CONTACTING
7A_SAM,7A,SAM,26DCMB_R,7,-5.298,12.874363636363636,-11.73109090909091,-7.978636363636363,0.23677422384135155,0.1187869427694476,0.9642757018362608,0.0,7.423438084876845,10.06681548455121,0,0,0,0.0,A:CYS32;A:ILE31;A:LEU198;A:PHE36;A:PHE39;A:TRP28;A:TRP35,A:ILE31;A:LEU198;A:PHE36;A:PHE39;A:TRP28;A:TRP35,A:PHE36;A:PHE39;A:TRP28;A:TRP35,A:TRP35,A:PHE36;A:PHE39;A:TRP35,A:LEU198;A:PHE36;A:PHE39;A:TRP35,1.0,-10.693103070793468,-8.30230996690013,False,OUTSIDE_TARGET_SITE
7A_SAM,7A,SAM,26DCMB_R,8,-5.21,12.951636363636366,-11.111909090909093,-8.187909090909091,-0.6517286932698507,0.5743902945374779,0.4953034422552728,0.0,7.457770444308406,10.080884732998388,0,0,0,0.0,A:CYS32;A:ILE31;A:LEU198;A:PHE36;A:PHE39;A:TRP28;A:TRP35,A:ILE31;A:LEU198;A:PHE36;A:PHE39;A:TRP28;A:TRP35,A:PHE36;A:PHE39;A:TRP28;A:TRP35,,A:TRP28,A:CYS32;A:ILE31;A:PHE39;A:TRP28;A:TRP35,0.9090909090909091,-10.4042364537592,-7.948306739577995,False,OUTSIDE_TARGET_SITE
7A_SAM,7A,SAM,26DCMB_R,9,-5.189,7.962000000000001,-1.6877272727272727,-2.315454545454545,-0.821421197709781,0.5421249991947821,0.17710929168478523,1.0,0.23970607001075284,3.1691972169620493,0,3,0,0.13903075998669845,A:CYS148;A:CYS202;A:HIS175;A:LEU145;A:LEU40;A:PHE199;A:PHE36;A:PHE39;A:PHE43;A:SER149;A:TRP195;A:TRP231;A:VAL234,A:LEU145;A:LEU40;A:PHE199;A:PHE36;A:PHE39;A:PHE43;A:TRP195;A:TRP231;A:VAL234,A:HIS175;A:PHE199;A:PHE36;A:PHE39;A:PHE43;A:TRP195;A:TRP231,,A:PHE199;A:TRP195;A:TRP231,A:CYS202;A:HIS175;A:LEU145;A:PHE199;A:PHE36;A:PHE43;A:VAL234,1.0,-0.5050373963996716,2.383930390116984,False,SAM_CONTACTING
7A_SAM,7A,SAM,26DCMB_R,10,-5.18,12.937545454545454,-11.646545454545453,-7.873090909090909,-0.6214028689529698,0.2437464897806085,-0.7446113907110536,0.0,7.12751317080509,9.816528357825899,0,0,0,0.0,A:CYS32;A:ILE31;A:LEU198;A:PHE36;A:PHE39;A:TRP28;A:TRP35,A:ILE31;A:LEU198;A:PHE36;A:PHE39;A:TRP28;A:TRP35,A:PHE36;A:PHE39;A:TRP28;A:TRP35;A:TYR38,,,A:LEU198;A:PHE36;A:PHE39;A:TRP35,0.9090909090909091,-10.55048050827955,-8.595029939676317,False,OUTSIDE_TARGET_SITE
7A_SAM,7A,SAM,26DCMB_R,11,-5.064,12.938818181818181,-11.071727272727275,-8.201636363636364,-0.6055019761967265,0.5856869338117333,0.5388303744074463,0.0,7.434863078766145,10.056032617289981,0,0,0,0.0,A:CYS32;A:ILE31;A:LEU198;A:PHE36;A:PHE39;A:TRP28;A:TRP35,A:ILE31;A:LEU198;A:PHE36;A:PHE39;A:TRP28;A:TRP35,A:PHE36;A:PHE39;A:TRP28;A:TRP35,,A:TRP28,A:CYS32;A:ILE31;A:PHE39;A:TRP28;A:TRP35,0.9090909090909091,-10.388283284022025,-7.869696091059038,False,OUTSIDE_TARGET_SITE
7A_SAM,7A,SAM,26DCMB_R,12,-4.922,13.382727272727276,-9.112454545454547,-8.018272727272727,0.502122813678291,0.7811900400490334,0.37096469011482114,0.0,6.629919079445842,9.821719706853786,0,0,0,0.0,A:CYS32;A:LEU198;A:PHE199;A:PHE36;A:PHE39;A:TRP28;A:TRP35,A:LEU198;A:PHE199;A:PHE36;A:PHE39;A:TRP28;A:TRP35,A:PHE199;A:PHE36;A:PHE39;A:TRP28;A:TRP35,,A:CYS32;A:LEU198;A:TRP28,A:LEU198;A:PHE36;A:PHE39;A:TRP35,1.0,-8.843692517988297,-6.322076807754157,False,OUTSIDE_TARGET_SITE
7A_SAM,7A,SAM,26DCMB_S,1,-6.298,8.282363636363637,-1.495818181818182,-2.1495454545454544,-0.029492156176798002,0.8224510196387498,0.5680708873188485,1.0,0.17781169815284956,3.372442141831346,0,3,0,0.016173347319032284,A:CYS148;A:CYS202;A:HIS175;A:LEU145;A:LEU40;A:PHE199;A:PHE36;A:PHE39;A:PHE43;A:TRP195;A:TRP231;A:VAL234,A:LEU145;A:LEU40;A:PHE199;A:PHE36;A:PHE39;A:PHE43;A:TRP195;A:TRP231;A:VAL234,A:HIS175;A:PHE199;A:PHE36;A:PHE39;A:PHE43;A:TRP195;A:TRP231,A:PHE199,A:CYS202;A:PHE199;A:PHE36;A:TRP195,A:CYS148;A:CYS202;A:HIS175;A:LEU145;A:PHE199;A:PHE39;A:PHE43;A:TRP195;A:TRP231,1.0,-0.20693404627746703,2.332436525698089,False,SAM_CONTACTING
7A_SAM,7A,SAM,26DCMB_S,2,-6.214,8.308,-1.5436363636363637,-2.164363636363636,0.05738851622219218,-0.8363915938287078,-0.5451198583600575,1.0,0.2722664136466343,3.4212847002259257,0,3,0,0.00012584923802678663,A:CYS148;A:CYS202;A:GLU174;A:HIS175;A:LEU145;A:LEU40;A:PHE199;A:PHE36;A:PHE39;A:PHE43;A:TRP195;A:TRP231;A:VAL234,A:LEU145;A:LEU40;A:PHE199;A:PHE36;A:PHE39;A:PHE43;A:TRP195;A:TRP231;A:VAL234,A:HIS175;A:PHE199;A:PHE36;A:PHE39;A:PHE43;A:TRP195;A:TRP231,A:PHE199,A:CYS202;A:PHE199;A:PHE36;A:TRP195,A:CYS148;A:CYS202;A:GLU174;A:HIS175;A:LEU145;A:PHE199;A:PHE39;A:PHE43;A:TRP195;A:TRP231,1.0,-0.2464774893653001,2.271995992363557,False,SAM_CONTACTING
7A_SAM,7A,SAM,26DCMB_S,3,-5.239,7.760181818181819,-1.7974545454545456,-2.3642727272727275,-0.8621791250282397,0.5029495100172721,0.06073670009907613,1.0,0.41479392473853816,3.2192466510039273,0,4,0,0.08569912742198492,A:CYS148;A:CYS202;A:GLU174;A:HIS175;A:LEU145;A:LEU40;A:PHE199;A:PHE36;A:PHE39;A:PHE43;A:SER149;A:TRP195;A:TRP231;A:TYR47,A:LEU145;A:PHE199;A:PHE36;A:PHE43;A:TRP195;A:TRP231;A:TYR47,A:HIS175;A:PHE199;A:PHE36;A:PHE39;A:PHE43;A:TRP195;A:TRP231,,A:LEU40;A:PHE199;A:PHE39;A:PHE43,A:CYS202;A:HIS175;A:LEU145;A:PHE199;A:PHE36;A:PHE43;A:TYR47,1.0,-0.6455972373954958,2.2096225664097875,False,SAM_CONTACTING
7A_SAM,7A,SAM,26DCMB_S,4,-5.188,8.146727272727274,-1.6781818181818182,-2.569454545454546,0.9677256841225219,-0.15044870557357756,0.20216870994501326,1.0,0.418906910900262,3.4155090396601206,0,4,0,0.0,A:CYS148;A:CYS202;A:HIS175;A:LEU145;A:PHE199;A:PHE36;A:PHE39;A:PHE43;A:SER149;A:TRP195;A:TRP231;A:VAL234,A:LEU145;A:PHE199;A:PHE36;A:PHE39;A:PHE43;A:TRP195;A:TRP231;A:VAL234,A:HIS175;A:PHE199;A:PHE36;A:PHE39;A:PHE43;A:TRP195;A:TRP231,A:CYS202,A:CYS148;A:CYS202;A:HIS175;A:LEU145;A:PHE199;A:SER149,A:CYS202;A:HIS175;A:LEU145;A:PHE199;A:PHE36;A:PHE43;A:VAL234,1.0,-0.6509952026737716,2.0523690575767666,False,SAM_CONTACTING
7A_SAM,7A,SAM,26DCMB_S,5,-5.183,8.048272727272728,-1.7940909090909087,-2.4832727272727273,-0.021225910541199138,0.8272917853681712,0.5613713232647715,1.0,0.2612163853972403,3.130287686459505,0,4,0,0.18911762523918524,A:CYS148;A:CYS202;A:GLU174;A:HIS175;A:LEU145;A:PHE199;A:PHE36;A:PHE39;A:PHE43;A:TRP195;A:TRP231;A:VAL234,A:LEU145;A:PHE199;A:PHE36;A:PHE39;A:PHE43;A:TRP195;A:TRP231;A:VAL234,A:HIS175;A:PHE199;A:PHE36;A:PHE39;A:PHE43;A:TRP195;A:TRP231;A:TYR47,,A:HIS175;A:TRP195;A:VAL234,A:CYS148;A:CYS202;A:GLU174;A:HIS175;A:LEU145;A:PHE199;A:PHE39;A:PHE43;A:TRP195;A:TRP231,1.0,-0.6843527674009049,1.8462481475588661,False,SAM_CONTACTING
7A_SAM,7A,SAM,26DCMB_S,6,-5.097,8.015909090909092,-1.7379090909090906,-2.6251818181818183,0.9665775602065856,-0.13358415054578185,0.2188220620231115,1.0,0.25379913317424857,3.341529290609316,0,4,0,0.0,A:CYS148;A:CYS202;A:GLU174;A:HIS175;A:LEU145;A:PHE199;A:PHE36;A:PHE39;A:PHE43;A:SER149;A:TRP195;A:TRP231;A:VAL234,A:LEU145;A:PHE199;A:PHE36;A:PHE39;A:PHE43;A:TRP195;A:TRP231;A:VAL234,A:HIS175;A:PHE199;A:PHE36;A:PHE39;A:PHE43;A:TRP195;A:TRP231,A:CYS202,A:CYS148;A:CYS202;A:HIS175;A:LEU145;A:PHE199;A:SER149,A:CYS202;A:HIS175;A:LEU145;A:PHE199;A:PHE36;A:PHE43;A:VAL234,1.0,-0.7513698626822767,1.982917468718924,False,SAM_CONTACTING
7A_SAM,7A,SAM,26DCMB_S,7,-5.081,8.071090909090909,-1.7887272727272725,-2.423090909090909,0.05394098909406502,-0.8245537485433484,-0.5632064323662032,1.0,0.2379327636119071,3.1317506286420698,0,3,0,0.18709916914504296,A:CYS148;A:CYS202;A:GLU174;A:HIS175;A:LEU145;A:PHE199;A:PHE36;A:PHE39;A:PHE43;A:TRP195;A:TRP231;A:TYR47;A:VAL234,A:LEU145;A:PHE199;A:PHE36;A:PHE39;A:PHE43;A:TRP195;A:TRP231;A:TYR47;A:VAL234,A:HIS175;A:PHE199;A:PHE36;A:PHE39;A:PHE43;A:TRP195;A:TRP231;A:TYR47,,A:HIS175;A:TRP195;A:VAL234,A:CYS148;A:CYS202;A:GLU174;A:HIS175;A:LEU145;A:PHE199;A:PHE39;A:PHE43;A:TRP195;A:TRP231,1.0,-0.6344861281577776,1.9021507749151891,False,SAM_CONTACTING
7A_SAM,7A,SAM,26DCMB_S,8,-5.068,12.808999999999997,-9.723090909090908,-8.30381818181818,-0.3394103894459061,-0.7155357914142153,-0.6105809682109414,0.0,6.4471440964197475,9.252344243487702,0,0,0,0.0,A:CYS32;A:ILE31;A:LEU198;A:PHE199;A:PHE36;A:PHE39;A:TRP28;A:TRP35,A:ILE31;A:LEU198;A:PHE36;A:PHE39;A:TRP28;A:TRP35,A:PHE36;A:PHE39;A:TRP28;A:TRP35,A:LEU198,A:LEU198;A:PHE199,A:LEU198;A:PHE36;A:PHE39;A:TRP28,1.0,-9.552926117294176,-7.221649396687975,False,OUTSIDE_TARGET_SITE
7A_SAM,7A,SAM,26DCMB_S,9,-5.066,12.852909090909092,-11.794181818181817,-7.923727272727273,-0.40000945037929025,0.07509717857821167,-0.9134291726110189,0.0,7.5082031139281264,10.121073115040717,0,0,0,0.0,A:CYS32;A:ILE31;A:LEU198;A:PHE36;A:PHE39;A:TRP28;A:TRP35,A:ILE31;A:LEU198;A:PHE36;A:PHE39;A:TRP28;A:TRP35,A:PHE36;A:PHE39;A:TRP28;A:TRP35,A:TRP35,A:PHE36;A:PHE39;A:TRP35,A:CYS32;A:LEU198;A:PHE36;A:TRP35,1.0,-10.700734210131348,-8.352405521361435,False,OUTSIDE_TARGET_SITE
7A_SAM,7A,SAM,26DCMB_S,10,-5.06,12.93,-11.626454545454544,-7.981181818181819,-0.2752868090511485,-0.17329876325010918,-0.9456134048428136,0.0,7.3685290933808485,10.040705652492756,0,0,0,0.0,A:CYS32;A:ILE31;A:LEU198;A:PHE36;A:PHE39;A:TRP28;A:TRP35,A:ILE31;A:LEU198;A:PHE36;A:PHE39;A:TRP28;A:TRP35,A:PHE36;A:PHE39;A:TRP28;A:TRP35;A:TYR38,,A:PHE39,A:LEU198;A:PHE36;A:PHE39;A:TRP35,1.0,-10.614560675238973,-8.094448214609718,False,OUTSIDE_TARGET_SITE
7A_SAM,7A,SAM,26DCMB_S,11,-4.982,12.925454545454546,-11.124545454545453,-7.97309090909091,-0.9034899036573656,0.419587111139267,-0.08747942703863701,0.0,7.432019712029833,10.077917344372297,0,0,0,0.0,A:CYS32;A:ILE31;A:LEU198;A:PHE36;A:PHE39;A:TRP28;A:TRP35,A:ILE31;A:LEU198;A:PHE36;A:PHE39;A:TRP28;A:TRP35,A:PHE36;A:PHE39;A:TRP28;A:TRP35,,,A:CYS32;A:ILE31;A:PHE39;A:TRP28;A:TRP35,0.9090909090909091,-10.264323740028017,-7.994892687674178,False,OUTSIDE_TARGET_SITE
7A_SAM,7A,SAM,26DCMB_S,12,-4.937,12.917363636363637,-11.081000000000001,-8.213545454545454,-0.6176631126860771,0.5825797224150808,0.5282926710240401,0.0,7.373991456463725,10.014601190262146,0,0,0,0.0,A:CYS32;A:ILE31;A:LEU198;A:PHE36;A:PHE39;A:TRP28;A:TRP35,A:ILE31;A:LEU198;A:PHE36;A:PHE39;A:TRP28;A:TRP35,A:PHE36;A:PHE39;A:TRP28;A:TRP35,,A:TRP35,A:CYS32;A:ILE31;A:PHE39;A:TRP28;A:TRP35,1.0,-10.406352369622581,-7.998272226434942,False,OUTSIDE_TARGET_SITE
7A_SAM,7A,SAM,2CLBA,1,-6.009,8.588999999999999,-1.267111111111111,-1.7817777777777775,-0.33974817337563357,0.7783625740659345,0.5279421199159747,1.0,0.2139672872193321,3.5802801566357902,0,2,0,0.0,A:CYS148;A:CYS202;A:HIS175;A:HIS237;A:LEU145;A:PHE199;A:PHE39;A:PHE43;A:TRP195;A:TRP231;A:TYR47;A:VAL234,A:LEU145;A:PHE199;A:PHE39;A:PHE43;A:TRP195;A:TRP231;A:VAL234,A:HIS175;A:PHE199;A:PHE36;A:PHE39;A:PHE43;A:TRP195;A:TRP231,,A:HIS175;A:HIS237;A:LEU145;A:PHE43;A:TYR47;A:VAL234,A:CYS148;A:CYS202;A:HIS175;A:LEU145,1.0,0.25775412619172705,3.0445698623356803,False,SAM_CONTACTING
7A_SAM,7A,SAM,2CLBA,2,-5.842,8.448,-1.465111111111111,-1.923444444444444,0.9509027468806691,-0.309482361888535,-0.002152592551428409,1.0,0.2800874863323957,3.4412597983877937,0,3,0,0.0,A:CYS148;A:CYS202;A:HIS175;A:LEU145;A:PHE199;A:PHE39;A:PHE43;A:TRP195;A:TRP231;A:VAL234,A:LEU145;A:PHE199;A:PHE39;A:PHE43;A:TRP195;A:TRP231;A:VAL234,A:HIS175;A:PHE199;A:PHE36;A:PHE39;A:PHE43;A:TRP195;A:TRP231,A:CYS148,A:CYS148;A:CYS202;A:HIS175;A:LEU145,A:HIS175;A:LEU145;A:PHE43;A:VAL234,1.0,-0.00027856331050336543,2.4875821775000917,False,SAM_CONTACTING
7A_SAM,7A,SAM,2CLBA,3,-5.765,8.493888888888891,-1.5347777777777778,-2.1113333333333335,0.16676882341191476,0.7479975231812125,0.6424078648744712,1.0,0.39585477134929187,3.4937183630052377,0,3,0,0.0,A:CYS202;A:HIS175;A:LEU145;A:LEU40;A:PHE199;A:PHE36;A:PHE39;A:PHE43;A:TRP195;A:TRP231;A:VAL234,A:LEU145;A:LEU40;A:PHE199;A:PHE36;A:PHE39;A:PHE43;A:TRP195;A:TRP231;A:VAL234,A:HIS175;A:PHE199;A:PHE36;A:PHE39;A:PHE43;A:TRP195;A:TRP231,A:PHE199,A:CYS202;A:PHE199;A:PHE36,A:PHE199;A:PHE39;A:PHE43;A:TRP195;A:TRP231,1.0,-0.17469839892264635,2.073633650079132,False,SAM_CONTACTING
7A_SAM,7A,SAM,2CLBA,4,-5.715,8.398888888888889,-1.590111111111111,-2.4316666666666666,-0.6542743787452505,-0.558184759239527,-0.5102497544048679,1.0,0.1367845020461016,3.4441313854149063,0,3,0,0.0,A:CYS148;A:CYS202;A:HIS175;A:LEU145;A:PHE199;A:PHE36;A:PHE39;A:PHE43;A:TRP195;A:TRP231;A:VAL234,A:LEU145;A:PHE199;A:PHE36;A:PHE39;A:PHE43;A:TRP195;A:TRP231;A:VAL234,A:HIS175;A:PHE199;A:PHE36;A:PHE39;A:PHE43;A:TRP195;A:TRP231,A:PHE199,A:CYS202;A:PHE199;A:PHE36,A:CYS148;A:CYS202;A:HIS175;A:LEU145,1.0,-0.4545576676533869,1.5724507737731581,False,SAM_CONTACTING
7A_SAM,7A,SAM,2CLBA,5,-5.655,8.329888888888888,-1.4506666666666668,-2.363888888888889,0.9876368940681144,-0.06591989942921792,0.14222493569950923,1.0,0.1038893642294535,3.444762255947426,0,2,0,0.0,A:CYS148;A:CYS202;A:GLU174;A:HIS175;A:LEU145;A:PHE199;A:PHE36;A:PHE39;A:PHE43;A:TRP195;A:TRP231;A:VAL234,A:LEU145;A:PHE199;A:PHE36;A:PHE39;A:PHE43;A:TRP195;A:TRP231;A:VAL234,A:HIS175;A:PHE199;A:PHE39;A:PHE43;A:TRP195;A:TRP231,,A:CYS148;A:CYS202;A:GLU174;A:HIS175;A:LEU145,A:PHE199;A:PHE36;A:PHE39,1.0,-0.320929946992867,1.5000657295903745,False,SAM_CONTACTING
7A_SAM,7A,SAM,2CLBA,6,-5.237,8.294555555555554,-1.3787777777777779,-2.304333333333333,-0.25884912728735876,-0.6975382326068501,-0.6681598187217522,1.0,0.17130382365843458,3.5029002269548015,0,2,0,0.0,A:CYS148;A:CYS202;A:HIS175;A:HIS237;A:LEU145;A:PHE199;A:PHE36;A:PHE39;A:PHE43;A:TRP195;A:TRP231;A:VAL234,A:PHE199;A:PHE36;A:PHE39;A:PHE43;A:TRP195;A:TRP231;A:VAL234,A:HIS175;A:PHE199;A:PHE36;A:PHE39;A:PHE43;A:TRP195;A:TRP231,,A:HIS175;A:HIS237;A:LEU145;A:PHE43;A:VAL234,A:PHE199;A:PHE39;A:PHE43;A:TRP195;A:TRP231,1.0,-0.23452476316260842,2.7278472205077997,False,SAM_CONTACTING
7A_SAM,7A,SAM,2CLBA,7,-5.172,8.190888888888889,-1.5006666666666666,-2.2922222222222217,-0.7790867059210828,0.5783247518796966,0.24200079756133852,1.0,0.161052786377634,3.5592282871431555,0,3,0,0.0,A:CYS148;A:CYS202;A:HIS175;A:LEU145;A:PHE199;A:PHE36;A:PHE39;A:PHE43;A:TRP195;A:TRP231;A:VAL234,A:LEU145;A:PHE199;A:PHE36;A:PHE39;A:PHE43;A:TRP195;A:TRP231;A:VAL234,A:HIS175;A:PHE199;A:PHE39;A:PHE43;A:TRP195;A:TRP231,,A:PHE199;A:PHE39;A:PHE43;A:TRP231,A:CYS202;A:PHE199;A:PHE36,1.0,-0.3253811535623494,1.696183638311825,False,SAM_CONTACTING
7A_SAM,7A,SAM,2CLBA,8,-5.052,8.043222222222223,-1.545111111111111,-2.333666666666667,-0.9523745271164624,0.17980876736642976,-0.24627538910305186,1.0,0.1204574613712234,3.2464143296874473,0,3,0,0.0620413310669244,A:CYS148;A:CYS202;A:HIS175;A:LEU145;A:PHE199;A:PHE36;A:PHE39;A:PHE43;A:SER149;A:TRP195;A:TRP231;A:VAL234,A:LEU145;A:PHE199;A:PHE36;A:PHE43;A:TRP195;A:TRP231;A:VAL234,A:HIS175;A:PHE199;A:PHE36;A:PHE43;A:TRP195;A:TRP231,,A:PHE199;A:PHE39;A:PHE43;A:TRP231,A:HIS175;A:LEU145;A:PHE43;A:VAL234,1.0,-0.407642981730888,2.191134253423853,False,SAM_CONTACTING
7A_SAM,7A,SAM,2CLBA,9,-4.695,12.780666666666669,-9.094222222222221,-7.868111111111111,0.47107281085192043,0.8235129239250366,0.3160963002069269,0.0,6.2996045907659965,9.752425031754923,0,0,0,0.0,A:CYS32;A:LEU198;A:PHE199;A:PHE36;A:PHE39;A:TRP28;A:TRP35,A:LEU198;A:PHE199;A:PHE36;A:PHE39;A:TRP28;A:TRP35,A:PHE199;A:PHE36;A:PHE39;A:TRP28;A:TRP35,A:CYS32;A:PHE36,A:CYS32;A:LEU198;A:PHE36;A:TRP35,A:LEU198;A:TRP28,1.0,-8.815295452036176,-6.712949929428546,False,OUTSIDE_TARGET_SITE
7A_SAM,7A,SAM,2CLBA,10,-4.518,13.142444444444443,-9.292222222222223,-6.496111111111111,0.7891195420572185,0.412071116520939,0.45550822525240214,0.0,6.5175800723888315,9.959738400178992,0,0,0,0.0,A:CYS32;A:LEU198;A:PHE199;A:PHE36;A:PHE39;A:TRP35,A:LEU198;A:PHE199;A:PHE36;A:PHE39;A:TRP35,A:PHE199;A:PHE36;A:PHE39;A:TRP35,A:LEU198,A:CYS32;A:LEU198;A:PHE36,A:PHE39;A:TRP35,1.0,-7.9226069786023725,-6.091664136144534,False,OUTSIDE_TARGET_SITE
7A_SAM,7A,SAM,2CLBA,11,-4.489,13.177222222222222,-9.707555555555556,-6.308333333333334,-0.2773363757722806,-0.9593352542643344,-0.05253955271109478,0.0,6.504307880166805,9.906404191229026,0,0,0,0.0,A:CYS32;A:LEU198;A:PHE199;A:PHE36;A:PHE39;A:TRP35,A:LEU198;A:PHE199;A:PHE36;A:PHE39;A:TRP35,A:PHE199;A:PHE36;A:PHE39;A:TRP35,A:TRP35,A:PHE36;A:PHE39;A:TRP35,A:CYS32;A:LEU198;A:PHE36;A:PHE39;A:TRP35,1.0,-8.069651078347116,-6.21485624193684,False,OUTSIDE_TARGET_SITE
7A_SAM,7A,SAM,2CLBA,12,-4.428,12.459666666666667,-11.504444444444443,-7.991777777777778,0.2066118225114263,-0.05024621175320342,0.9771319629420376,0.0,7.204086062784093,9.86055013678243,0,0,0,0.0,A:CYS32;A:ILE31;A:LEU198;A:PHE36;A:PHE39;A:TRP28;A:TRP35,A:ILE31;A:LEU198;A:PHE36;A:PHE39;A:TRP28;A:TRP35,A:PHE36;A:PHE39;A:TRP28;A:TRP35,A:TRP35,A:PHE36;A:PHE39;A:TRP35,A:LEU198;A:PHE36;A:PHE39;A:TRP35,1.0,-10.609091429657552,-8.671592531936577,False,OUTSIDE_TARGET_SITE
7A_SAM,7A,SAM,34DCMB_R,1,-5.982,8.107909090909091,-1.175727272727273,-2.176636363636364,0.29358136436032656,0.7010488851391892,0.6498772523680367,1.0,0.3328573267933275,3.4016556263090476,0,3,0,0.0,A:CYS202;A:HIS175;A:HIS237;A:LEU145;A:LEU229;A:LEU40;A:PHE199;A:PHE36;A:PHE39;A:PHE43;A:SER149;A:TRP195;A:TRP231;A:TYR47;A:VAL234,A:LEU145;A:LEU229;A:LEU40;A:PHE199;A:PHE36;A:PHE39;A:PHE43;A:TRP195;A:TRP231;A:TYR47;A:VAL234,A:HIS175;A:PHE199;A:PHE36;A:PHE39;A:PHE43;A:TRP195;A:TRP231,A:PHE199,A:CYS202;A:PHE199;A:PHE36;A:SER149,A:HIS175;A:HIS237;A:LEU145;A:LEU229;A:PHE43;A:TRP195;A:TRP231;A:TYR47;A:VAL234,1.0,-0.03234094931833722,3.5565502359132153,False,SAM_CONTACTING
7A_SAM,7A,SAM,34DCMB_R,2,-5.215,8.190545454545454,-1.375,-2.413818181818182,0.6727791547054792,0.48809920921002087,0.555992240019888,1.0,0.36987565478144113,2.88334874755032,1,4,0,0.7383532888921405,A:CYS148;A:CYS202;A:HIS175;A:HIS237;A:LEU145;A:PHE199;A:PHE36;A:PHE43;A:SER149;A:TRP195;A:TRP231;A:VAL234,A:LEU145;A:PHE199;A:PHE36;A:PHE43;A:TRP195;A:TRP231;A:VAL234,A:HIS175;A:PHE199;A:PHE36;A:PHE39;A:PHE43;A:TRP195;A:TRP231,A:PHE199,A:CYS202;A:PHE199;A:PHE36,A:HIS175;A:HIS237;A:LEU145;A:PHE43;A:TRP195;A:TRP231;A:VAL234,1.0,-0.32535853742973253,2.8435518036255867,False,SAM_CONTACTING
7A_SAM,7A,SAM,34DCMB_R,3,-5.213,12.50181818181818,-9.952454545454545,-8.18918181818182,0.015034189747531724,-0.7135917190562148,-0.7004004794637363,0.0,5.367509664639646,8.67312521528428,0,0,0,0.0,A:CYS32;A:ILE31;A:LEU198;A:PHE199;A:PHE36;A:PHE39;A:TRP28;A:TRP35,A:ILE31;A:LEU198;A:PHE199;A:PHE36;A:PHE39;A:TRP28;A:TRP35,A:PHE199;A:PHE36;A:PHE39;A:TRP28;A:TRP35,A:LEU198,A:LEU198;A:PHE199;A:PHE36;A:PHE39,A:CYS32;A:ILE31;A:TRP28;A:TRP35,1.0,-9.675574246858869,-6.506884382277782,False,OUTSIDE_TARGET_SITE
7A_SAM,7A,SAM,34DCMB_R,4,-5.199,7.848636363636363,-1.3570909090909091,-2.241272727272727,-0.41017043405342957,-0.6389002794771872,-0.6508199811871118,1.0,0.35634814437569334,3.1539118567265,0,4,0,0.3098820893136665,A:CYS148;A:CYS202;A:HIS175;A:HIS237;A:LEU145;A:LEU229;A:PHE199;A:PHE36;A:PHE39;A:PHE43;A:SER149;A:TRP195;A:TRP231;A:TYR47;A:VAL234,A:LEU145;A:LEU229;A:PHE199;A:PHE36;A:PHE39;A:PHE43;A:TRP195;A:TYR47;A:VAL234,A:HIS175;A:HIS237;A:PHE199;A:PHE36;A:PHE43;A:TRP195;A:TYR47,,A:PHE43;A:TRP195;A:TRP231;A:VAL234,A:CYS202;A:PHE199;A:PHE36;A:PHE39;A:SER149,1.0,-0.2420630546505677,3.151912359597857,False,SAM_CONTACTING
7A_SAM,7A,SAM,34DCMB_R,5,-4.948,8.037454545454544,-1.209818181818182,-2.2709090909090905,-0.5576949008461919,-0.5341633772907006,-0.6353313182360432,1.0,0.15514187055724235,3.277508962611697,0,4,0,0.07925844182492012,A:CYS148;A:CYS202;A:HIS175;A:HIS237;A:LEU145;A:LEU229;A:PHE199;A:PHE36;A:PHE43;A:SER149;A:TRP195;A:TRP231;A:TYR47;A:VAL234,A:LEU145;A:LEU229;A:PHE199;A:PHE36;A:PHE43;A:TRP195;A:TYR47;A:VAL234,A:HIS175;A:HIS237;A:PHE199;A:PHE36;A:PHE39;A:PHE43;A:TRP195;A:TRP231;A:TYR47,,A:PHE43;A:TRP195;A:TRP231;A:VAL234,A:CYS148;A:CYS202;A:HIS175;A:LEU145;A:PHE199;A:PHE36;A:SER149,1.0,-0.13335590490714352,3.137168751004033,False,SAM_CONTACTING
7A_SAM,7A,SAM,34DCMB_R,6,-4.919,13.284909090909093,-11.114363636363636,-6.104545454545455,-0.31635919924195915,0.9116853263642055,-0.26219596249213734,0.0,6.579391841196267,9.974811326536457,0,0,0,0.0,A:CYS32;A:LEU198;A:PHE199;A:PHE36;A:PHE39;A:TRP35;A:TYR38,A:LEU198;A:PHE199;A:PHE36;A:PHE39;A:TRP35,A:PHE36;A:PHE39;A:TRP35;A:TYR38,A:TRP35,A:PHE39;A:TRP35;A:TYR38,A:CYS32;A:LEU198;A:PHE199;A:PHE36;A:PHE39,1.0,-8.87619703328832,-6.758544190629388,False,OUTSIDE_TARGET_SITE
7A_SAM,7A,SAM,34DCMB_R,7,-4.9,12.990272727272727,-11.622454545454545,-7.807181818181818,0.512118104206631,-0.7877554815741434,-0.34231031038181714,0.0,6.716283272763292,9.90748595759792,0,0,0,0.0,A:CYS32;A:ILE31;A:LEU198;A:PHE36;A:PHE39;A:TRP28;A:TRP35,A:ILE31;A:LEU198;A:PHE36;A:PHE39;A:TRP28;A:TRP35,A:PHE199;A:PHE36;A:PHE39;A:TRP28;A:TRP35,A:LEU198,A:CYS32;A:LEU198;A:PHE36,A:ILE31;A:TRP28;A:TRP35,1.0,-10.479157824632122,-7.480138956201121,False,OUTSIDE_TARGET_SITE
7A_SAM,7A,SAM,34DCMB_R,8,-4.877,7.293090909090908,-1.740272727272727,-2.9480909090909084,0.8044840938761388,0.3406724257506448,0.48656720094295197,1.0,0.204809667740563,3.164560001011199,0,7,0,0.11862120439035877,A:CYS148;A:CYS202;A:HIS175;A:LEU145;A:PHE199;A:PHE36;A:PHE39;A:PHE43;A:SER149;A:TRP195;A:TRP231;A:VAL234,A:LEU145;A:PHE199;A:PHE36;A:PHE39;A:PHE43;A:TRP195;A:TRP231;A:VAL234,A:HIS175;A:PHE199;A:PHE36;A:PHE43;A:TRP195,A:CYS148;A:LEU145;A:SER149,A:CYS148;A:CYS202;A:LEU145;A:SER149,A:PHE199;A:PHE39;A:PHE43;A:TRP195;A:TRP231;A:VAL234,1.0,-1.0912906284211428,2.0232697133019775,False,SAM_CONTACTING
7A_SAM,7A,SAM,34DCMB_R,9,-4.748,12.978363636363639,-12.198,-9.192727272727275,-0.47954563222387814,0.606153456595788,0.6345186945015722,0.0,7.44644116340148,10.08431420573556,0,0,0,0.0,A:CYS32;A:ILE31;A:LEU198;A:PHE36;A:PHE39;A:TRP28;A:TRP35,A:ILE31;A:LEU198;A:PHE36;A:PHE39;A:TRP28;A:TRP35,A:PHE36;A:TRP28;A:TRP35,,A:TRP35,A:CYS32;A:LEU198;A:PHE36;A:PHE39;A:TRP35,1.0,-11.860701393256392,-9.05595299077464,False,OUTSIDE_TARGET_SITE
7A_SAM,7A,SAM,34DCMB_R,10,-4.67,-1.808181818181818,-6.031999999999999,-11.352818181818181,-0.8601595206505076,-0.5078262689126014,-0.04730834637350613,0.0,7.984342803261894,3.1704753586804615,0,6,0,0.0,A:ALA126;A:ASP200;A:GLU128;A:GLY201;A:LYS151;A:LYS33;A:PRO99;A:SER149,A:ALA126;A:PRO99,A:HIS196,A:ASP200;A:SER149,A:ASP200;A:GLY201;A:SER149,A:ALA126;A:GLU128;A:LYS151;A:PRO99,1.0,-11.383621980242506,-8.934175060450938,False,OUTSIDE_TARGET_SITE
7A_SAM,7A,SAM,34DCMB_R,11,-4.581,2.4931818181818186,-5.529545454545453,-12.549272727272728,0.6854389670845428,0.004327442833594209,-0.7281172265786582,0.0,7.879173878015386,3.2286481691258966,0,5,0,0.0,A:ASN23;A:ASP200;A:GLY201;A:HIS196;A:LYS33;A:SER149;A:SER29,,A:HIS196,A:ASP200;A:SER149,A:ASP200;A:GLY201;A:SER149,A:ASN23;A:ASP200;A:GLY201;A:HIS196;A:SER29,1.0,-11.23916875494485,-8.910308228280343,False,OUTSIDE_TARGET_SITE
7A_SAM,7A,SAM,34DCMB_R,12,-4.53,2.801727272727273,-5.729818181818182,-12.828636363636365,-0.7275883406507817,0.6790356101773982,0.09760044395416735,0.0,8.960832718001157,3.6494450263019442,0,1,0,0.0,A:ASP200;A:CYS32;A:GLY201;A:HIS196;A:LEU197;A:LYS151;A:LYS33;A:SER149;A:SER29;A:TRP28,A:LEU197;A:TRP28,A:HIS196;A:TRP28,A:ASP200;A:SER29,A:ASP200;A:CYS32;A:LYS33;A:SER29,A:ASP200;A:GLY201;A:HIS196;A:LYS151;A:SER149,1.0,-11.528766933751887,-10.011380203723727,False,OUTSIDE_TARGET_SITE
7A_SAM,7A,SAM,34DCMB_S,1,-6.101,8.256363636363636,-1.1645454545454546,-2.046727272727273,0.33263525331832994,0.6786594248572918,0.6548092648261938,1.0,0.15712733689590674,3.3184487339719446,0,2,0,0.01761748771762188,A:CYS202;A:HIS175;A:HIS237;A:LEU145;A:LEU229;A:LEU40;A:PHE199;A:PHE36;A:PHE39;A:PHE43;A:SER149;A:TRP195;A:TRP231;A:TYR47;A:VAL234,A:LEU145;A:LEU229;A:PHE199;A:PHE36;A:PHE43;A:TRP195;A:TRP231;A:TYR47;A:VAL234,A:HIS175;A:PHE199;A:PHE36;A:PHE43;A:TRP195;A:TRP231,,A:LEU40;A:PHE199;A:PHE36;A:PHE39,A:HIS175;A:HIS237;A:LEU145;A:LEU229;A:PHE43;A:TRP195;A:TRP231;A:TYR47;A:VAL234,1.0,0.08998623228844857,3.710851613236989,False,SAM_CONTACTING
7A_SAM,7A,SAM,34DCMB_S,2,-5.312,7.735181818181818,-1.3543636363636364,-2.094181818181818,-0.3407231214306006,-0.6714267449513215,-0.6580986861304785,1.0,0.2963511430718631,3.1817187179258943,0,4,0,0.1523200453134073,A:CYS148;A:CYS202;A:HIS175;A:HIS237;A:LEU145;A:PHE199;A:PHE36;A:PHE39;A:PHE43;A:SER149;A:TRP195;A:TRP231;A:TYR47;A:VAL234,A:LEU145;A:PHE199;A:PHE36;A:PHE39;A:PHE43;A:TYR47;A:VAL234,A:HIS175;A:HIS237;A:PHE199;A:PHE36;A:PHE43;A:TRP195;A:TYR47,,A:PHE43;A:TRP195;A:TRP231;A:VAL234,A:CYS202;A:PHE199;A:PHE36;A:PHE39;A:SER149,1.0,-0.15283890373646317,3.328255517568899,False,SAM_CONTACTING
7A_SAM,7A,SAM,34DCMB_S,3,-5.036,8.367363636363637,-1.231909090909091,-2.4720000000000004,0.6446629412657614,0.49798790563255035,0.5800152911797101,1.0,0.14860349928585156,3.0075834153020597,0,3,0,0.3953896935635376,A:CYS148;A:CYS202;A:HIS175;A:HIS237;A:LEU145;A:PHE199;A:PHE36;A:PHE43;A:SER149;A:TRP195;A:TRP231;A:VAL234,A:LEU145;A:PHE199;A:PHE43;A:TRP195;A:TRP231;A:VAL234,A:HIS175;A:PHE199;A:PHE36;A:PHE39;A:PHE43;A:TRP195;A:TRP231,A:PHE199,A:CYS202;A:PHE199;A:PHE36,A:HIS175;A:HIS237;A:LEU145;A:PHE43;A:TRP195;A:TRP231;A:VAL234,1.0,-0.24160790712961802,2.8512592245018458,False,SAM_CONTACTING
7A_SAM,7A,SAM,34DCMB_S,4,-4.883,8.060545454545455,-0.7082727272727272,-1.614909090909091,-0.28553081894618765,-0.6176743512529291,-0.7327690954428908,1.0,0.46439422907697736,3.2145652894287275,0,3,0,0.1467427462293738,A:CYS148;A:CYS202;A:HIS175;A:HIS237;A:LEU145;A:LEU229;A:PHE199;A:PHE36;A:PHE43;A:SER149;A:TRP195;A:TYR47;A:VAL234,A:LEU145;A:LEU229;A:PHE199;A:PHE36;A:PHE43;A:TRP195;A:TYR47;A:VAL234,A:HIS175;A:HIS237;A:PHE199;A:PHE39;A:PHE43;A:TRP195;A:TRP231;A:TYR47,A:HIS237,A:HIS175;A:HIS237;A:LEU145;A:TYR47;A:VAL234,A:CYS148;A:CYS202;A:HIS175;A:LEU145;A:PHE199;A:PHE36;A:SER149,1.0,0.6809032790374061,3.8204483814186276,False,SAM_CONTACTING
7A_SAM,7A,SAM,34DCMB_S,5,-4.863,13.403727272727274,-11.020181818181818,-6.1329090909090915,-0.24740855215385524,0.9520748230528853,-0.17984031703138845,0.0,6.53165469081151,10.10416478487955,0,0,0,0.0,A:CYS32;A:LEU198;A:PHE199;A:PHE36;A:PHE39;A:TRP35;A:TYR38,A:LEU198;A:PHE199;A:PHE36;A:PHE39;A:TRP35,A:PHE36;A:PHE39;A:TRP35,A:TRP35,A:PHE39;A:TRP35;A:TYR38,A:CYS32;A:LEU198;A:PHE199;A:PHE36;A:PHE39;A:TRP35,1.0,-8.813652589968743,-6.758159239337441,False,OUTSIDE_TARGET_SITE
7A_SAM,7A,SAM,34DCMB_S,6,-4.777,12.984181818181817,-12.016454545454543,-9.197,-0.5067947904946432,0.6174860312673806,0.6015563494113834,0.0,7.347365922560274,9.976795226925326,0,0,0,0.0,A:CYS32;A:ILE31;A:LEU198;A:PHE36;A:PHE39;A:TRP28;A:TRP35,A:ILE31;A:LEU198;A:PHE36;A:PHE39;A:TRP28;A:TRP35,A:PHE36;A:TRP28;A:TRP35,,A:TRP28,A:CYS32;A:LEU198;A:PHE36;A:PHE39;A:TRP35,1.0,-11.738004591302827,-8.8554255794649,False,OUTSIDE_TARGET_SITE
7A_SAM,7A,SAM,34DCMB_S,7,-4.744,-1.6184545454545451,-6.124181818181818,-11.293818181818182,-0.9282603709491757,-0.36375764269466315,-0.07754393017200273,0.0,7.8622364502729125,3.2060533370485276,0,7,0,0.0,A:ALA126;A:ASP200;A:GLU128;A:GLY201;A:LYS151;A:LYS33;A:PRO99;A:SER149,A:ALA126;A:PRO99,,A:ASP200;A:SER149,A:ASP200;A:GLY201;A:SER149,A:ALA126;A:GLU128;A:LYS151;A:PRO99,1.0,-11.376513084845053,-8.877276863032241,False,OUTSIDE_TARGET_SITE
7A_SAM,7A,SAM,34DCMB_S,8,-4.705,13.28209090909091,-10.993636363636362,-6.316090909090909,0.582137951986462,-0.4336610351991128,0.6877888567046151,0.0,7.952108776922005,10.789921640123248,0,0,0,0.0,A:CYS32;A:LEU198;A:PHE36;A:PHE39;A:TRP28;A:TRP35;A:TYR38,A:LEU198;A:PHE36;A:PHE39;A:TRP35;A:TYR38,A:PHE36;A:PHE39;A:TRP35,A:LEU198,A:CYS32;A:LEU198;A:TRP28,A:PHE39;A:TRP35;A:TYR38,1.0,-8.943821136499082,-7.439916335431912,False,OUTSIDE_TARGET_SITE
7A_SAM,7A,SAM,34DCMB_S,9,-4.7,12.945636363636366,-10.281454545454546,-8.188272727272727,0.18379828364037087,0.6344868179666073,0.7507627246723583,0.0,6.23515372705437,9.751100348165842,0,0,0,0.0,A:CYS32;A:ILE31;A:LEU198;A:PHE199;A:PHE36;A:PHE39;A:TRP28;A:TRP35,A:ILE31;A:LEU198;A:PHE199;A:PHE36;A:PHE39;A:TRP28;A:TRP35,A:PHE199;A:PHE36;A:PHE39;A:TRP28;A:TRP35,,A:PHE39,A:CYS32;A:ILE31;A:TRP28;A:TRP35,0.9090909090909091,-9.834273030117263,-6.506584675747861,False,OUTSIDE_TARGET_SITE
7A_SAM,7A,SAM,34DCMB_S,10,-4.696,-2.059363636363636,-6.71018181818182,-10.965909090909092,-0.9188745312743793,0.14073947489586677,-0.3685946228328975,0.0,8.192294489335694,3.427729715132161,0,11,0,0.0,A:ALA126;A:ASP200;A:GLU128;A:LYS151;A:LYS33;A:PRO99;A:SER149,A:ALA126;A:PRO99,,A:ASP200,A:ASP200,A:ALA126;A:GLU128;A:LYS151;A:PRO99,1.0,-11.613139674307204,-10.03358481850861,False,OUTSIDE_TARGET_SITE
7A_SAM,7A,SAM,34DCMB_S,11,-4.638,7.944000000000002,-1.658181818181818,-2.6549090909090904,0.8845420550941168,0.21000582806270832,0.41651279085950366,1.0,0.18756598838808636,2.7095584511133914,1,5,0,1.186814421942067,A:CYS148;A:CYS202;A:HIS175;A:LEU145;A:PHE199;A:PHE36;A:PHE39;A:PHE43;A:SER149;A:TRP195;A:TRP231;A:VAL234,A:LEU145;A:PHE199;A:PHE36;A:PHE39;A:PHE43;A:TRP195;A:TRP231;A:VAL234,A:HIS175;A:PHE199;A:PHE36;A:PHE39;A:PHE43;A:TRP195;A:TRP231,A:CYS148;A:LEU145;A:SER149,A:CYS148;A:CYS202;A:HIS175;A:LEU145;A:SER149,A:PHE199;A:PHE39;A:PHE43;A:TRP195;A:TRP231;A:VAL234,1.0,-0.728492021043416,1.9130180952282705,False,SAM_CONTACTING
7A_SAM,7A,SAM,34DCMB_S,12,-4.588,2.2406363636363635,-5.212090909090909,-12.69709090909091,0.7932121878475504,-0.18186961932846152,-0.581152188858842,0.0,7.906384066056998,3.214656902376987,0,3,0,0.0,A:ASN23;A:ASP200;A:GLY201;A:HIS196;A:LYS151;A:SER149;A:SER29,,A:HIS196,A:ASP200;A:SER149,A:ASP200;A:GLY201;A:SER149,A:ASN23;A:ASP200;A:GLY201;A:HIS196;A:SER29,1.0,-11.163896254996741,-8.880094378084317,False,OUTSIDE_TARGET_SITE
7A_SAM,7A,SAM,3CLBA,1,-5.795,8.763,-0.901,-1.8698888888888885,0.0865423120681572,0.6794451540797407,0.7286046327189085,1.0,0.29700673393039473,3.6795569026718415,0,1,0,0.0,A:CYS202;A:HIS175;A:HIS237;A:LEU145;A:LEU229;A:PHE199;A:PHE36;A:PHE43;A:TRP195;A:TRP231;A:TYR47;A:VAL234,A:LEU145;A:PHE199;A:PHE36;A:PHE43;A:TRP195;A:TRP231;A:VAL234,A:HIS175;A:HIS237;A:PHE199;A:PHE39;A:PHE43;A:TRP195;A:TRP231;A:TYR47,,A:HIS237;A:LEU145;A:LEU229;A:PHE43;A:TYR47;A:VAL234,A:CYS202;A:PHE199;A:PHE36,1.0,0.4732029828179244,3.651436420912089,False,SAM_CONTACTING
7A_SAM,7A,SAM,3CLBA,2,-5.773,8.316666666666666,-1.1788888888888887,-2.291555555555556,0.3566618154888496,0.629744283711836,0.6900829562483517,1.0,0.509006876181452,3.4028673203638133,0,2,0,0.0,A:CYS202;A:HIS175;A:HIS237;A:LEU145;A:PHE199;A:PHE36;A:PHE43;A:TRP195;A:TRP231;A:TYR47;A:VAL234,A:LEU145;A:PHE199;A:PHE43;A:TRP195;A:TRP231;A:TYR47;A:VAL234,A:HIS175;A:PHE199;A:PHE36;A:PHE39;A:PHE43;A:TRP195;A:TRP231,A:PHE199,A:CYS202;A:PHE199;A:PHE36,A:HIS175;A:HIS237;A:LEU145;A:PHE43;A:TYR47;A:VAL234,1.0,-0.08464784170208475,3.171217284119722,False,SAM_CONTACTING
7A_SAM,7A,SAM,3CLBA,3,-5.558,8.490111111111112,-2.0342222222222226,-2.5314444444444444,0.9549657837915667,-0.026816706419875585,0.2955016345879474,1.0,0.07844106067615444,3.4116714378732307,0,4,0,0.0,A:CYS148;A:CYS202;A:HIS175;A:LEU145;A:LEU40;A:PHE199;A:PHE36;A:PHE39;A:PHE43;A:SER149;A:TRP195;A:TRP231;A:VAL234,A:LEU40;A:PHE199;A:PHE36;A:PHE39;A:PHE43;A:TRP195;A:TRP231;A:VAL234,A:HIS175;A:PHE199;A:PHE36;A:PHE39;A:PHE43;A:TRP195;A:TRP231,A:CYS148,A:CYS148;A:CYS202;A:HIS175;A:LEU145,A:PHE43;A:TRP195;A:TRP231;A:VAL234,1.0,-0.8170868176065862,1.541676157274913,False,SAM_CONTACTING
7A_SAM,7A,SAM,3CLBA,4,-5.549,8.045666666666667,-1.4917777777777779,-2.5047777777777775,0.5978123057234368,0.5508907075913706,0.5823571716868498,1.0,0.18864251906714993,3.4225524101173384,0,4,0,0.0,A:CYS202;A:HIS175;A:LEU145;A:PHE199;A:PHE36;A:PHE43;A:SER149;A:TRP195;A:TRP231;A:VAL234,A:LEU145;A:PHE199;A:PHE36;A:PHE43;A:TRP195;A:TRP231;A:VAL234,A:HIS175;A:PHE199;A:PHE36;A:PHE43;A:TRP195;A:TRP231,A:PHE199,A:CYS202;A:PHE199;A:PHE36;A:SER149,A:PHE43;A:TRP195;A:TRP231;A:VAL234,1.0,-0.49210825858621793,1.645397545804283,False,SAM_CONTACTING
7A_SAM,7A,SAM,3CLBA,5,-5.458,8.524999999999999,-1.8172222222222227,-1.8851111111111107,0.7232415861266666,-0.6803942930321438,-0.11825909735099585,1.0,0.3021009764962701,3.6111330631811396,0,2,0,0.0,A:CYS148;A:CYS202;A:GLU174;A:HIS175;A:LEU145;A:LEU40;A:PHE199;A:PHE36;A:PHE39;A:PHE43;A:TRP195;A:TRP231;A:VAL234,A:LEU145;A:LEU40;A:PHE199;A:PHE36;A:PHE39;A:PHE43;A:TRP195;A:TRP231;A:VAL234,A:HIS175;A:PHE199;A:PHE36;A:PHE39;A:PHE43;A:TRP195;A:TRP231,,A:CYS148;A:CYS202;A:GLU174;A:HIS175;A:LEU145,A:LEU40;A:PHE199;A:PHE36;A:PHE39;A:PHE43,1.0,-0.20360313283688605,1.0820838490277935,False,SAM_CONTACTING
7A_SAM,7A,SAM,3CLBA,6,-5.453,8.439444444444444,-0.839,-1.505111111111111,0.18604460856767016,-0.7623364723536092,-0.6198632966568979,1.0,0.23459326503546515,3.544357487613234,0,2,0,0.0,A:CYS202;A:HIS175;A:HIS237;A:LEU145;A:LEU229;A:PHE199;A:PHE39;A:PHE43;A:TRP195;A:TRP231;A:TYR47;A:VAL234,A:LEU145;A:PHE199;A:PHE39;A:PHE43;A:TRP195;A:TRP231;A:VAL234,A:HIS175;A:HIS237;A:PHE199;A:PHE43;A:TRP195;A:TRP231;A:TYR47,,A:HIS237;A:LEU145;A:LEU229;A:PHE43;A:TYR47;A:VAL234,A:PHE199;A:PHE39;A:PHE43;A:TRP195;A:TRP231,1.0,0.7260999270947758,3.777575332727422,False,SAM_CONTACTING
7A_SAM,7A,SAM,3CLBA,7,-4.853,7.996666666666666,-1.618111111111111,-2.4768888888888885,-0.9548784506623483,0.15352677370125004,-0.25423743669561794,1.0,0.2354357661868726,3.3404318583081443,0,3,0,0.032178089916280427,A:CYS148;A:CYS202;A:HIS175;A:LEU145;A:PHE199;A:PHE39;A:PHE43;A:SER149;A:TRP195;A:TRP231;A:VAL234,A:LEU145;A:PHE199;A:PHE43;A:TRP195;A:TRP231;A:VAL234,A:HIS175;A:PHE199;A:PHE39;A:PHE43;A:TRP195;A:TRP231,,A:PHE199;A:PHE39;A:PHE43;A:TRP231,A:CYS148;A:CYS202;A:LEU145;A:PHE199;A:SER149,1.0,-0.566574281709471,1.033072659715035,False,SAM_CONTACTING
7A_SAM,7A,SAM,3CLBA,8,-4.778,8.052888888888889,-1.1917777777777776,-1.817333333333333,-0.21507473682370276,0.7812295292503362,0.5860232761653014,1.0,0.12615070352558572,3.600856009340001,0,2,0,0.0,A:CYS148;A:CYS202;A:HIS175;A:HIS237;A:LEU145;A:LEU229;A:PHE199;A:PHE36;A:PHE39;A:PHE43;A:TRP195;A:TYR47;A:VAL234,A:LEU145;A:LEU229;A:PHE199;A:PHE39;A:PHE43;A:TRP195;A:TYR47;A:VAL234,A:HIS175;A:PHE199;A:PHE39;A:PHE43;A:TRP195;A:TRP231,,A:PHE199;A:PHE36;A:PHE39,A:HIS175;A:HIS237;A:LEU145;A:LEU229;A:PHE43;A:TYR47;A:VAL234,1.0,0.20347987308493787,3.4760288473183847,False,SAM_CONTACTING
7A_SAM,7A,SAM,3CLBA,9,-4.654,13.039555555555555,-10.246444444444444,-6.195,-0.05423155839482463,-0.9943377297840215,0.09138608866795454,0.0,6.6516733233074525,9.833725896118928,0,0,0,0.0,A:LEU198;A:PHE199;A:PHE36;A:PHE39;A:TRP35;A:TYR38,A:LEU198;A:PHE199;A:PHE36;A:PHE39;A:TRP35,A:PHE199;A:PHE36;A:PHE39;A:TRP35,A:TRP35,A:PHE39;A:TRP35;A:TYR38,A:PHE199;A:PHE39,1.0,-8.380534402611499,-5.949317846676361,False,OUTSIDE_TARGET_SITE
7A_SAM,7A,SAM,3CLBA,10,-4.479,12.436,-9.643111111111113,-8.405666666666667,-0.43756053928982824,-0.8259833201472706,-0.3553763206727286,0.0,7.11447777422911,10.312441660441042,0,0,0,0.0,A:CYS32;A:ILE31;A:LEU198;A:PHE199;A:PHE36;A:PHE39;A:TRP28;A:TRP35,A:ILE31;A:LEU198;A:PHE36;A:PHE39;A:TRP28;A:TRP35,A:PHE36;A:PHE39;A:TRP28;A:TRP35,A:LEU198,A:LEU198;A:PHE199,A:CYS32;A:ILE31;A:TRP28;A:TRP35,1.0,-9.626488511198769,-6.8620136170920825,False,OUTSIDE_TARGET_SITE
7A_SAM,7A,SAM,3CLBA,11,-4.451,12.145222222222221,-11.393444444444446,-7.610111111111111,-0.3701273977863209,0.21101351274608207,-0.9046982960338137,0.0,7.5627730363934615,10.20034455300408,0,0,0,0.0,A:CYS32;A:ILE31;A:LEU198;A:PHE36;A:PHE39;A:TRP28;A:TRP35;A:TYR38,A:ILE31;A:LEU198;A:PHE36;A:PHE39;A:TRP28;A:TRP35,A:PHE36;A:PHE39;A:TRP28;A:TRP35,A:TRP35,A:PHE39;A:TRP35;A:TYR38,A:CYS32;A:ILE31;A:TRP28;A:TRP35,1.0,-10.309128635367545,-8.896200053743424,False,OUTSIDE_TARGET_SITE
7A_SAM,7A,SAM,3CLBA,12,-4.37,12.521444444444446,-9.418222222222221,-8.193444444444445,0.35183993426932714,0.7817519233799545,0.5148520087802876,0.0,6.794663567830272,9.692963117643645,0,0,0,0.0,A:CYS32;A:ILE31;A:LEU198;A:PHE199;A:PHE36;A:PHE39;A:TRP28;A:TRP35,A:LEU198;A:PHE199;A:PHE36;A:PHE39;A:TRP28;A:TRP35,A:PHE199;A:PHE36;A:PHE39;A:TRP28;A:TRP35,,A:CYS32;A:ILE31;A:TRP28;A:TRP35,A:LEU198;A:PHE199,1.0,-9.30823590566875,-7.252782447994709,False,OUTSIDE_TARGET_SITE
7A_SAM,7A,SAM,4CLBA,1,-5.93,8.084777777777779,-1.182,-2.0756666666666668,-0.15113001785538915,-0.7161545061836541,-0.6813827419122654,1.0,0.20553831759552815,3.533931946147237,0,2,0,0.0,A:CYS202;A:HIS175;A:HIS237;A:LEU145;A:LEU229;A:PHE199;A:PHE36;A:PHE43;A:TRP195;A:TYR47;A:VAL234,A:LEU145;A:LEU229;A:PHE199;A:PHE36;A:PHE43;A:TRP195;A:TYR47;A:VAL234,A:HIS175;A:PHE199;A:PHE36;A:PHE39;A:PHE43;A:TRP195;A:TRP231,A:PHE199,A:CYS202;A:PHE199;A:PHE36,A:HIS175;A:HIS237;A:LEU145;A:LEU229;A:PHE43;A:TYR47;A:VAL234,1.0,0.0315599341165362,3.4867892880816815,False,SAM_CONTACTING
7A_SAM,7A,SAM,4CLBA,2,-5.766,8.577555555555556,-1.0361111111111108,-1.2525555555555554,0.059253777143565604,-0.8296743573839346,-0.5550940916581404,1.0,0.2877968033178965,3.318418448598669,0,1,0,0.017630522451894885,A:HIS175;A:HIS237;A:LEU145;A:LEU229;A:LEU40;A:PHE199;A:PHE36;A:PHE39;A:PHE43;A:TRP195;A:TRP231;A:TYR47;A:VAL234,A:LEU145;A:LEU40;A:PHE199;A:PHE36;A:PHE39;A:PHE43;A:TRP195;A:TRP231;A:VAL234,A:HIS175;A:HIS237;A:PHE199;A:PHE39;A:PHE43;A:TRP195;A:TRP231;A:TYR47,,A:HIS237;A:LEU145;A:LEU229;A:PHE43;A:TYR47;A:VAL234,A:LEU40;A:PHE199;A:PHE36;A:PHE39,1.0,0.7907148115713833,4.0789670831758,False,SAM_CONTACTING
7A_SAM,7A,SAM,4CLBA,3,-5.739,8.539,-1.0475555555555556,-1.2580000000000002,0.04261727647004889,-0.8290124926437973,-0.5576038511226353,1.0,0.25145377308761885,3.2767460994102056,0,1,0,0.04007654620082778,A:HIS175;A:HIS237;A:LEU145;A:LEU229;A:LEU40;A:PHE199;A:PHE36;A:PHE39;A:PHE43;A:TRP195;A:TRP231;A:TYR47;A:VAL234,A:LEU145;A:LEU40;A:PHE199;A:PHE36;A:PHE39;A:PHE43;A:TRP195;A:TRP231;A:VAL234,A:HIS175;A:HIS237;A:PHE199;A:PHE39;A:PHE43;A:TRP195;A:TRP231;A:TYR47,,A:HIS237;A:LEU145;A:LEU229;A:PHE43;A:TYR47;A:VAL234,A:LEU40;A:PHE199;A:PHE36;A:PHE39,1.0,0.7731645197014637,4.0948741995605715,False,SAM_CONTACTING
7A_SAM,7A,SAM,4CLBA,4,-5.73,7.786777777777778,-1.2816666666666667,-2.339666666666667,0.2932506327734135,0.6153947016072235,0.7316374974068435,1.0,0.2959155284874384,3.474496510287498,0,3,0,0.0,A:CYS202;A:HIS175;A:HIS237;A:LEU145;A:LEU229;A:PHE199;A:PHE36;A:PHE43;A:SER149;A:TRP195;A:TYR47;A:VAL234,A:LEU145;A:LEU229;A:PHE199;A:PHE36;A:PHE43;A:TRP195;A:TYR47;A:VAL234,A:HIS175;A:PHE199;A:PHE36;A:PHE43;A:TRP195;A:TRP231,A:PHE199,A:CYS202;A:PHE199;A:PHE36;A:SER149,A:HIS175;A:HIS237;A:LEU145;A:LEU229;A:PHE43;A:TYR47;A:VAL234,1.0,-0.2693919952733312,3.1992590386072273,False,SAM_CONTACTING
7A_SAM,7A,SAM,4CLBA,5,-5.317,7.912000000000002,-1.7752222222222223,-3.016666666666667,0.8153792381047003,0.348057676356042,0.4626149068041701,1.0,0.17331474259277513,3.2291540687926306,0,5,0,0.07663765548721291,A:CYS148;A:CYS202;A:HIS175;A:LEU145;A:PHE199;A:PHE36;A:PHE43;A:SER149;A:TRP195;A:TRP231;A:VAL234,A:PHE199;A:PHE36;A:PHE43;A:TRP195;A:TRP231;A:VAL234,A:HIS175;A:PHE199;A:PHE36;A:PHE39;A:PHE43;A:TRP195;A:TRP231,A:SER149,A:CYS148;A:CYS202;A:LEU145;A:PHE199;A:SER149,A:PHE43;A:TRP195;A:TRP231;A:VAL234,1.0,-1.0707068897685548,1.5779533693901846,False,SAM_CONTACTING
7A_SAM,7A,SAM,4CLBA,6,-4.922,7.741555555555556,-1.2863333333333336,-2.5421111111111108,-0.4681261650202912,-0.5941378869779524,-0.6541086032768327,1.0,0.2888200131569834,3.3798133084535897,0,3,0,0.013254691899004304,A:CYS148;A:CYS202;A:HIS175;A:HIS237;A:LEU145;A:PHE199;A:PHE36;A:PHE43;A:SER149;A:TRP195;A:TYR47;A:VAL234,A:LEU145;A:PHE199;A:PHE36;A:PHE43;A:TRP195;A:VAL234,A:HIS175;A:PHE199;A:PHE36;A:PHE43;A:TRP195;A:TRP231,,A:HIS175;A:HIS237;A:LEU145;A:PHE43;A:TYR47;A:VAL234,A:CYS202;A:PHE199;A:PHE36;A:SER149,1.0,-0.42318355180269973,2.875343735921592,False,SAM_CONTACTING
7A_SAM,7A,SAM,4CLBA,7,-4.71,12.871111111111109,-8.718,-7.675444444444444,0.6026743801756943,0.7958686327676145,0.058109473035388555,0.0,6.646205684448835,10.030076669696998,0,0,0,0.0,A:CYS32;A:LEU198;A:PHE199;A:PHE36;A:PHE39;A:TRP35,A:LEU198;A:PHE199;A:PHE36;A:PHE39;A:TRP35,A:PHE199;A:PHE36;A:PHE39;A:TRP28;A:TRP35,A:CYS32;A:PHE36,A:CYS32;A:LEU198;A:PHE36;A:TRP35,A:LEU198;A:PHE199,1.0,-8.406100040230525,-6.200704612911678,False,OUTSIDE_TARGET_SITE
7A_SAM,7A,SAM,4CLBA,8,-4.592,12.21811111111111,-10.278666666666666,-8.567444444444444,-0.030204542980210646,-0.7347171524019318,-0.6777008127114448,0.0,6.307182255175445,9.734720026790704,0,0,0,0.0,A:CYS32;A:ILE31;A:LEU198;A:PHE199;A:PHE36;A:PHE39;A:TRP28;A:TRP35,A:ILE31;A:LEU198;A:PHE199;A:PHE36;A:PHE39;A:TRP28;A:TRP35,A:PHE36;A:PHE39;A:TRP28;A:TRP35,,A:ILE31;A:TRP28;A:TRP35,A:LEU198;A:PHE199;A:PHE39,1.0,-10.21131495334235,-6.74181491532721,False,OUTSIDE_TARGET_SITE
7A_SAM,7A,SAM,4CLBA,9,-4.457,8.198888888888888,-1.648,-2.0856666666666666,0.9517587315057698,-0.30222464914075675,0.053062024596453705,1.0,0.23655443348202113,3.1737348660529285,0,4,0,0.13446907646894704,A:CYS148;A:CYS202;A:GLU174;A:HIS175;A:LEU145;A:PHE199;A:PHE39;A:PHE43;A:SER149;A:TRP195;A:TRP231;A:VAL234,A:LEU145;A:PHE199;A:PHE39;A:PHE43;A:TRP195;A:TRP231;A:VAL234,A:HIS175;A:PHE199;A:PHE36;A:PHE39;A:PHE43;A:TRP195;A:TRP231,A:CYS148;A:LEU145,A:CYS148;A:CYS202;A:HIS175;A:LEU145;A:SER149,A:PHE199;A:PHE39;A:PHE43;A:TRP195;A:TRP231,1.0,-0.27881698407492816,0.91504708916989,False,SAM_CONTACTING
7A_SAM,7A,SAM,4CLBA,10,-4.38,12.44511111111111,-9.679666666666666,-7.98877777777778,-0.3171135560314556,-0.6664923173820964,-0.6747051085116578,0.0,6.443642137797537,9.872409736229548,0,0,0,0.0,A:CYS32;A:ILE31;A:LEU198;A:PHE199;A:PHE36;A:PHE39;A:TRP28;A:TRP35,A:ILE31;A:LEU198;A:PHE199;A:PHE36;A:PHE39;A:TRP28;A:TRP35,A:PHE199;A:PHE36;A:PHE39;A:TRP28;A:TRP35,,A:PHE199;A:PHE39,A:CYS32;A:ILE31;A:TRP28;A:TRP35,1.0,-9.35420604100178,-6.287882711348516,False,OUTSIDE_TARGET_SITE
7A_SAM,7A,SAM,4CLBA,11,-4.26,13.27,-10.811333333333334,-6.044666666666668,-0.044680182620234196,0.977337653332326,-0.20691735707737288,0.0,6.451162530893173,10.030326465275197,0,0,0,0.0,A:LEU198;A:PHE199;A:PHE36;A:PHE39;A:TRP35;A:TYR38,A:LEU198;A:PHE199;A:PHE36;A:PHE39;A:TRP35,A:PHE36;A:PHE39;A:TRP35,A:TRP35,A:PHE39;A:TRP35;A:TYR38,A:LEU198;A:PHE199;A:PHE39,1.0,-8.627520509195515,-6.664279904076609,False,OUTSIDE_TARGET_SITE
7A_SAM,7A,SAM,4CLBA,12,-4.198,4.944333333333334,-6.340666666666667,-14.789777777777779,-0.010501757599328152,-0.7280803751429854,0.6854113220679787,0.0,10.415805825763075,8.072445044718483,0,0,0,0.0,A:ASN23;A:ASP200;A:CYS32;A:HIS196;A:LEU197;A:LYS33;A:SER29;A:TRP28,A:LEU197;A:TRP28,A:HIS196;A:TRP28,A:ASP200;A:SER29,A:ASP200;A:CYS32;A:LYS33;A:SER29,A:ASN23;A:HIS196,1.0,-13.018489267209185,-12.283928080937741,False,OUTSIDE_TARGET_SITE
7A_SAM,7A,SAM,AMBA_R,1,-6.115,8.635444444444445,-1.572666666666667,-1.6347777777777777,0.6857903049681836,-0.6774204766943415,-0.2660698317488422,1.0,0.2385246318517236,3.572582959148745,0,2,0,0.0,A:CYS148;A:CYS202;A:HIS175;A:LEU145;A:LEU40;A:PHE199;A:PHE39;A:PHE43;A:TRP195;A:TRP231;A:VAL234,A:LEU145;A:LEU40;A:PHE199;A:PHE39;A:PHE43;A:TRP195;A:TRP231;A:VAL234,A:HIS175;A:HIS237;A:PHE199;A:PHE36;A:PHE39;A:PHE43;A:TRP195;A:TRP231;A:TYR47,,A:CYS148;A:CYS202;A:HIS175;A:LEU145,,1.0,0.159008401895001,2.4782843593369734,False,SAM_CONTACTING
7A_SAM,7A,SAM,AMBA_R,2,-6.054,8.505111111111109,-1.6214444444444447,-1.9853333333333336,-0.1695536490104874,-0.827905500744263,-0.5346251415193827,1.0,0.15670673246545605,3.6929450307308933,0,3,0,0.0,A:CYS202;A:HIS175;A:LEU145;A:LEU40;A:PHE199;A:PHE36;A:PHE39;A:PHE43;A:TRP195;A:TRP231;A:VAL234,A:LEU145;A:LEU40;A:PHE199;A:PHE36;A:PHE39;A:PHE43;A:TRP195;A:TRP231;A:VAL234,A:HIS175;A:PHE199;A:PHE36;A:PHE39;A:PHE43;A:TRP195;A:TRP231;A:TYR47,,A:CYS202;A:PHE199;A:PHE36,,1.0,-0.14313188755483036,2.3150012536466273,False,SAM_CONTACTING
7A_SAM,7A,SAM,AMBA_R,3,-6.051,8.483555555555554,-1.6892222222222222,-2.030666666666667,-0.17743281997139876,-0.8380340394790834,-0.5159617651254476,1.0,0.25162074636245646,3.6434155678429,0,3,0,0.0,A:CYS202;A:HIS175;A:LEU145;A:LEU40;A:PHE199;A:PHE36;A:PHE39;A:PHE43;A:TRP195;A:TRP231;A:VAL234,A:LEU145;A:LEU40;A:PHE199;A:PHE36;A:PHE39;A:PHE43;A:TRP195;A:TRP231;A:VAL234,A:HIS175;A:PHE199;A:PHE36;A:PHE39;A:PHE43;A:TRP195;A:TRP231;A:TYR47,,A:CYS202;A:PHE199;A:PHE36,,1.0,-0.2251875791368612,2.220301460665375,False,SAM_CONTACTING
7A_SAM,7A,SAM,AMBA_R,4,-6.012,8.62288888888889,-1.5921111111111113,-1.6313333333333333,0.6163229589564697,-0.7280048134118327,-0.3002582253866571,1.0,0.3929643749756458,3.4934827894237577,0,1,0,0.0,A:CYS148;A:CYS202;A:HIS175;A:LEU145;A:LEU40;A:PHE199;A:PHE36;A:PHE39;A:PHE43;A:TRP195;A:TRP231;A:VAL234,A:LEU145;A:LEU40;A:PHE199;A:PHE36;A:PHE39;A:PHE43;A:TRP195;A:TRP231;A:VAL234,A:HIS175;A:HIS237;A:PHE199;A:PHE36;A:PHE39;A:PHE43;A:TRP195;A:TRP231;A:TYR47,,A:CYS148;A:CYS202;A:HIS175;A:LEU145,,1.0,0.14618885942011062,2.564581126787317,False,SAM_CONTACTING
7A_SAM,7A,SAM,AMBA_R,5,-5.886,8.743333333333332,-1.75,-2.266777777777778,-0.2875382803071389,-0.7905591842273936,-0.5406828216170101,1.0,0.24321389762922635,3.7021978607308386,0,2,0,0.0,A:CYS202;A:HIS175;A:LEU145;A:LEU40;A:PHE199;A:PHE36;A:PHE39;A:PHE43;A:TRP195;A:TRP231;A:VAL234,A:LEU145;A:LEU40;A:PHE199;A:PHE36;A:PHE39;A:PHE43;A:TRP195;A:VAL234,A:HIS175;A:HIS237;A:PHE199;A:PHE36;A:PHE39;A:PHE43;A:TRP195;A:TRP231;A:TYR47,,A:PHE43;A:TRP195;A:TRP231;A:VAL234,,1.0,-0.3954890510681301,2.292985545692302,False,SAM_CONTACTING
7A_SAM,7A,SAM,AMBA_R,6,-5.85,8.745333333333333,-1.6618888888888887,-2.267333333333333,-0.2788888141077266,-0.7794759403755166,-0.5609262765651919,1.0,0.2789587783167969,3.7098865211755463,0,2,0,0.0,A:CYS202;A:HIS175;A:LEU145;A:LEU40;A:PHE199;A:PHE36;A:PHE39;A:PHE43;A:TRP195;A:TRP231;A:VAL234,A:LEU145;A:LEU40;A:PHE199;A:PHE36;A:PHE39;A:PHE43;A:TRP195;A:TRP231;A:VAL234,A:HIS175;A:HIS237;A:PHE199;A:PHE36;A:PHE39;A:PHE43;A:TRP195;A:TRP231;A:TYR47,,A:PHE43;A:TRP195;A:TRP231;A:VAL234,,1.0,-0.3349855939909649,2.306329291061723,False,SAM_CONTACTING
7A_SAM,7A,SAM,AMBA_R,7,-5.601,8.160666666666666,-2.0645555555555557,-2.612333333333334,0.9434949513302259,-0.2615386011666906,0.20350635595515404,1.0,0.08071554992688817,3.1244239469060533,0,4,0,0.19731353897232917,A:CYS148;A:CYS202;A:HIS175;A:LEU145;A:LEU40;A:PHE199;A:PHE36;A:PHE39;A:PHE43;A:SER149;A:TRP195;A:TRP231;A:VAL234,A:LEU145;A:LEU40;A:PHE199;A:PHE36;A:PHE39;A:PHE43;A:TRP195;A:TRP231;A:VAL234,A:HIS175;A:PHE199;A:PHE36;A:PHE39;A:PHE43;A:TRP195;A:TRP231,,A:CYS148;A:CYS202;A:HIS175;A:LEU145,,1.0,-0.9450631372238425,0.1305694631120975,False,SAM_CONTACTING
7A_SAM,7A,SAM,AMBA_R,8,-5.1,8.024666666666668,-1.7280000000000002,-2.6235555555555554,-0.9426531362286168,-0.04096032101807893,-0.33125113865532413,1.0,0.08616843969807064,3.229739463176558,0,3,0,0.0761178083358054,A:CYS148;A:CYS202;A:HIS175;A:LEU145;A:PHE199;A:PHE36;A:PHE39;A:PHE43;A:SER149;A:TRP195;A:TRP231;A:VAL234,A:LEU145;A:PHE199;A:PHE36;A:PHE39;A:PHE43;A:TRP195;A:TRP231,A:HIS175;A:PHE199;A:PHE36;A:PHE39;A:PHE43;A:TRP195;A:TRP231,,A:PHE43;A:TRP195;A:TRP231;A:VAL234,,1.0,-0.7420797891866844,1.2148629025057895,False,SAM_CONTACTING
7A_SAM,7A,SAM,AMBA_R,9,-4.76,12.572777777777778,-9.254111111111111,-8.054666666666666,0.4291737518249862,0.7928355510989684,0.43269120589406507,0.0,6.5478049757151435,9.906725998027804,0,0,0,0.0,A:CYS32;A:LEU198;A:PHE199;A:PHE36;A:PHE39;A:TRP28;A:TRP35,A:LEU198;A:PHE199;A:PHE36;A:PHE39;A:TRP28;A:TRP35,A:PHE199;A:PHE36;A:PHE39;A:TRP28;A:TRP35,A:CYS32;A:PHE36,A:CYS32;A:LEU198;A:PHE36;A:TRP35,,1.0,-9.089080790058663,-6.75491897683429,False,OUTSIDE_TARGET_SITE
7A_SAM,7A,SAM,AMBA_R,10,-4.739,12.351777777777777,-11.283333333333331,-8.607444444444445,0.29058242952292807,-0.692253678395073,-0.6605654368804377,0.0,7.241047507094536,9.929868377778227,0,0,0,0.0,A:CYS32;A:ILE31;A:LEU198;A:PHE36;A:PHE39;A:TRP28;A:TRP35,A:ILE31;A:LEU198;A:PHE36;A:PHE39;A:TRP28;A:TRP35,A:PHE36;A:PHE39;A:TRP28;A:TRP35,A:LEU198,A:CYS32;A:LEU198;A:PHE36,,1.0,-10.910503302718588,-8.112932903306419,False,OUTSIDE_TARGET_SITE
7A_SAM,7A,SAM,AMBA_R,11,-4.72,12.349444444444444,-11.263666666666666,-8.616555555555555,0.29453777823778193,-0.6957947304347041,-0.6550703704870554,0.0,7.20435014418372,9.88552021898696,0,0,0,0.0,A:CYS32;A:ILE31;A:LEU198;A:PHE36;A:PHE39;A:TRP28;A:TRP35,A:ILE31;A:LEU198;A:PHE36;A:PHE39;A:TRP28;A:TRP35,A:PHE36;A:PHE39;A:TRP28;A:TRP35,A:LEU198,A:CYS32;A:LEU198;A:PHE36,,1.0,-10.903799966107975,-8.101595830729877,False,OUTSIDE_TARGET_SITE
7A_SAM,7A,SAM,AMBA_R,12,-4.694,12.705444444444444,-9.082333333333333,-7.4318888888888885,0.5254952152159785,0.8501682133538847,0.03269232001214563,0.0,6.423566065667886,9.896452344148381,0,0,0,0.0,A:CYS32;A:LEU198;A:PHE199;A:PHE36;A:PHE39;A:TRP35,A:LEU198;A:PHE199;A:PHE36;A:PHE39;A:TRP35,A:PHE199;A:PHE36;A:PHE39;A:TRP28;A:TRP35,,A:PHE36;A:PHE39;A:TRP35,,1.0,-8.508682658181163,-6.373504399455674,False,OUTSIDE_TARGET_SITE
7A_SAM,7A,SAM,AMBA_S,1,-6.229,8.686555555555554,-1.6277777777777778,-1.651111111111111,0.5788708408227731,-0.7799664097398578,-0.23782545978648195,1.0,0.20407106605298037,3.5208569979480844,0,2,0,0.0,A:CYS148;A:HIS175;A:LEU145;A:LEU40;A:PHE199;A:PHE36;A:PHE39;A:PHE43;A:TRP195;A:TRP231;A:VAL234,A:LEU145;A:LEU40;A:PHE199;A:PHE36;A:PHE39;A:PHE43;A:TRP195;A:TRP231;A:VAL234,A:HIS175;A:HIS237;A:PHE199;A:PHE36;A:PHE39;A:PHE43;A:TRP195;A:TRP231;A:TYR47,,A:CYS148;A:HIS175;A:LEU145,,1.0,0.11721447094037983,2.6441303182870635,False,SAM_CONTACTING
7A_SAM,7A,SAM,AMBA_S,2,-6.196,8.717666666666666,-1.5533333333333337,-1.6289999999999998,0.6134687106364055,-0.7413007189999642,-0.27226712082115473,1.0,0.31691481505287833,3.599005696022167,0,1,0,0.0,A:CYS148;A:HIS175;A:HIS237;A:LEU145;A:LEU40;A:PHE199;A:PHE39;A:PHE43;A:TRP195;A:TRP231;A:TYR47;A:VAL234,A:LEU145;A:LEU40;A:PHE199;A:PHE39;A:PHE43;A:TRP195;A:TRP231;A:TYR47;A:VAL234,A:HIS175;A:HIS237;A:PHE199;A:PHE36;A:PHE39;A:PHE43;A:TRP195;A:TRP231;A:TYR47,,A:CYS148;A:HIS175;A:LEU145,,1.0,0.18880477670693738,2.711324825552163,False,SAM_CONTACTING
7A_SAM,7A,SAM,AMBA_S,3,-5.976,8.560777777777778,-1.7482222222222221,-1.9731111111111115,-0.19313732881464968,-0.8281734695340962,-0.5261432091913757,1.0,0.2269295044722037,3.6693412215273735,0,3,0,0.0,A:CYS202;A:HIS175;A:LEU145;A:LEU40;A:PHE199;A:PHE36;A:PHE39;A:PHE43;A:TRP195;A:TRP231;A:VAL234,A:LEU145;A:PHE199;A:PHE36;A:PHE39;A:PHE43;A:TRP195;A:TRP231;A:VAL234,A:HIS175;A:PHE199;A:PHE36;A:PHE39;A:PHE43;A:TRP195;A:TRP231;A:TYR47,,A:LEU40;A:PHE199;A:PHE36;A:PHE39;A:PHE43,,1.0,-0.21324766234230644,2.2310316866908946,False,SAM_CONTACTING
7A_SAM,7A,SAM,AMBA_S,4,-5.93,8.387666666666668,-1.5192222222222223,-1.894111111111111,0.19508083830592415,0.7776992938628665,0.5976012674443192,1.0,0.2193194017865267,3.3161159509281335,0,2,0,0.01863550630404464,A:CYS202;A:HIS175;A:LEU145;A:LEU40;A:PHE199;A:PHE36;A:PHE39;A:PHE43;A:TRP195;A:TRP231;A:VAL234,A:LEU145;A:LEU40;A:PHE199;A:PHE36;A:PHE39;A:PHE43;A:TRP195;A:TRP231;A:VAL234,A:HIS175;A:PHE199;A:PHE36;A:PHE39;A:PHE43;A:TRP195;A:TRP231;A:TYR47,,A:CYS202;A:PHE199;A:PHE36,,1.0,-0.025758446630242713,2.4193471663826576,False,SAM_CONTACTING
7A_SAM,7A,SAM,AMBA_S,5,-5.53,8.751666666666665,-1.7624444444444445,-2.300555555555556,-0.30210244086499094,-0.783136120149816,-0.5435365052506665,1.0,0.31012739317899646,3.6588099158059575,0,2,0,0.0,A:CYS202;A:HIS175;A:LEU145;A:LEU40;A:PHE199;A:PHE36;A:PHE39;A:PHE43;A:TRP195;A:TRP231;A:VAL234,A:LEU40;A:PHE199;A:PHE36;A:PHE39;A:PHE43;A:TRP195;A:TRP231;A:VAL234,A:HIS175;A:PHE199;A:PHE36;A:PHE39;A:PHE43;A:TRP195;A:TRP231,,A:HIS175;A:LEU145;A:PHE43;A:VAL234,,1.0,-0.42677786462838924,2.1350017055965873,False,SAM_CONTACTING
7A_SAM,7A,SAM,AMBA_S,6,-5.202,8.268888888888888,-1.351,-2.274111111111111,-0.9804725467036232,0.14152830424048105,-0.1365405590267068,1.0,0.0681248853210045,3.434407372458893,0,2,0,0.0,A:CYS148;A:CYS202;A:HIS175;A:LEU145;A:PHE199;A:PHE39;A:PHE43;A:TRP195;A:TRP231;A:VAL234,A:LEU145;A:PHE199;A:PHE39;A:PHE43;A:TRP195;A:TRP231,A:HIS175;A:PHE199;A:PHE39;A:PHE43;A:TRP195;A:TRP231,,A:PHE43;A:TRP195;A:TRP231;A:VAL234,,1.0,-0.19782921684641314,1.2796880491770535,False,SAM_CONTACTING
7A_SAM,7A,SAM,AMBA_S,7,-4.894,12.607666666666667,-9.285444444444444,-7.88288888888889,0.4017076402377642,0.8245483599766126,0.3984356583370587,0.0,6.385570295596159,9.819757939990172,0,0,0,0.0,A:CYS32;A:LEU198;A:PHE199;A:PHE36;A:PHE39;A:TRP28;A:TRP35,A:LEU198;A:PHE199;A:PHE36;A:PHE39;A:TRP28;A:TRP35,A:PHE199;A:PHE36;A:PHE39;A:TRP28;A:TRP35,A:CYS32;A:PHE36,A:CYS32;A:LEU198;A:PHE36;A:TRP35,,1.0,-8.983383046203478,-6.768109947317838,False,OUTSIDE_TARGET_SITE
7A_SAM,7A,SAM,AMBA_S,8,-4.887,12.563111111111112,-9.288444444444444,-7.887666666666667,0.42221201474527004,0.8216228125036463,0.38297907067924514,0.0,6.393745537632851,9.823882328285492,0,0,0,0.0,A:CYS32;A:LEU198;A:PHE199;A:PHE36;A:PHE39;A:TRP28;A:TRP35,A:LEU198;A:PHE199;A:PHE36;A:PHE39;A:TRP28;A:TRP35,A:PHE199;A:PHE36;A:PHE39;A:TRP28;A:TRP35,A:CYS32;A:PHE36,A:CYS32;A:LEU198;A:PHE36;A:TRP35,,1.0,-8.995557103588068,-6.795729250214612,False,OUTSIDE_TARGET_SITE
7A_SAM,7A,SAM,AMBA_S,9,-4.644,13.092777777777776,-10.81622222222222,-6.293333333333334,-0.2911235970799024,0.9545380719252101,-0.06406340974815841,0.0,6.632093259296042,9.83514483879114,0,0,0,0.0,A:LEU198;A:PHE199;A:PHE36;A:PHE39;A:TRP35;A:TYR38,A:LEU198;A:PHE199;A:PHE36;A:PHE39;A:TRP35,A:PHE199;A:PHE36;A:PHE39;A:TRP35,A:TRP35,A:PHE39;A:TRP35;A:TYR38,,1.0,-8.83419176054763,-7.169295281332198,False,OUTSIDE_TARGET_SITE
7A_SAM,7A,SAM,AMBA_S,10,-4.532,12.633888888888887,-10.911222222222221,-8.922444444444444,-0.1409868613514398,0.7801807859069034,0.609459306457746,0.0,7.118030626514613,9.925284529926586,0,0,0,0.0,A:CYS32;A:ILE31;A:LEU198;A:PHE36;A:PHE39;A:TRP28;A:TRP35,A:ILE31;A:LEU198;A:PHE36;A:PHE39;A:TRP28;A:TRP35,A:PHE36;A:PHE39;A:TRP28;A:TRP35,A:LEU198,A:LEU198,,1.0,-10.835749925234836,-8.528641540904886,False,OUTSIDE_TARGET_SITE
7A_SAM,7A,SAM,AMBA_S,11,-4.492,12.546222222222223,-11.143888888888888,-8.875111111111112,-0.23764921151013746,0.7149271944983503,0.6575727783563793,0.0,7.349172334351671,10.053359786658389,0,0,0,0.0,A:CYS32;A:ILE31;A:LEU198;A:PHE36;A:PHE39;A:TRP28;A:TRP35,A:ILE31;A:LEU198;A:PHE39;A:TRP28;A:TRP35,A:PHE36;A:PHE39;A:TRP28;A:TRP35,A:LEU198,A:CYS32;A:LEU198;A:PHE36,,1.0,-10.975366114055495,-8.223165401405302,False,OUTSIDE_TARGET_SITE
7A_SAM,7A,SAM,AMBA_S,12,-4.356,12.866555555555555,-9.072777777777778,-8.056555555555555,-0.7990183423631024,-0.6002121371389743,0.036264017956990705,0.0,7.359268102196032,10.147378676288769,0,0,0,0.0,A:CYS32;A:LEU198;A:PHE199;A:PHE36;A:PHE39;A:TRP28;A:TRP35,A:LEU198;A:PHE199;A:PHE36;A:PHE39;A:TRP28;A:TRP35,A:PHE199;A:PHE36;A:PHE39;A:TRP28;A:TRP35,,A:LEU198,,1.0,-8.921419090967781,-6.80920568894896,False,OUTSIDE_TARGET_SITE
7A_SAM,7A,SAM,BA,1,-6.04,8.543500000000002,-1.828125,-1.8992500000000003,0.9158354601168458,-0.4013422093690111,-0.013032304913784877,1.0,0.17368362041367047,3.5061652841815656,0,3,0,0.0,A:CYS148;A:CYS202;A:HIS175;A:LEU145;A:LEU40;A:PHE199;A:PHE39;A:PHE43;A:TRP195;A:TRP231;A:VAL234,A:LEU145;A:LEU40;A:PHE199;A:PHE39;A:PHE43;A:TRP195;A:TRP231;A:VAL234,A:HIS175;A:PHE199;A:PHE36;A:PHE39;A:PHE43;A:TRP195;A:TRP231,,A:CYS148;A:CYS202;A:HIS175;A:LEU145,,1.0,-0.21835245523363078,0.7431106231138586,False,SAM_CONTACTING
7A_SAM,7A,SAM,BA,2,-5.83,8.951625,-1.2532500000000002,-1.369375,0.25161073354504376,-0.8397075663764847,-0.4812309650625229,1.0,0.2173476477903544,3.6482118907760834,0,2,0,0.0,A:HIS175;A:HIS237;A:LEU145;A:LEU229;A:LEU40;A:PHE199;A:PHE39;A:PHE43;A:TRP195;A:TRP231;A:TYR47;A:VAL234,A:LEU145;A:LEU40;A:PHE199;A:PHE39;A:PHE43;A:TRP195;A:TRP231;A:VAL234,A:HIS175;A:HIS237;A:PHE199;A:PHE36;A:PHE39;A:PHE43;A:TRP195;A:TRP231,,A:HIS175;A:HIS237;A:LEU145;A:LEU229;A:PHE43;A:TYR47;A:VAL234,,1.0,0.6148258130990304,3.3750142481068117,False,SAM_CONTACTING
7A_SAM,7A,SAM,BA,3,-5.808,8.952125,-1.349875,-1.4075000000000002,0.26873853648749724,-0.8421209965908327,-0.46755943590886917,1.0,0.20629590398260442,3.6463243136067853,0,2,0,0.0,A:HIS175;A:HIS237;A:LEU145;A:LEU229;A:LEU40;A:PHE199;A:PHE39;A:PHE43;A:TRP195;A:TRP231;A:TYR47;A:VAL234,A:LEU145;A:LEU40;A:PHE199;A:PHE39;A:PHE43;A:TRP195;A:TRP231;A:VAL234,A:HIS175;A:PHE199;A:PHE36;A:PHE39;A:PHE43;A:TRP195;A:TRP231,,A:HIS175;A:HIS237;A:LEU145;A:LEU229;A:PHE43;A:TYR47;A:VAL234,,1.0,0.5213755030759798,3.2891748807505032,False,SAM_CONTACTING
7A_SAM,7A,SAM,BA,4,-5.613,8.577749999999998,-1.6035,-1.926125,-0.26685692553925566,-0.7686593333110372,-0.581334852391948,1.0,0.2978808486626826,3.6665253306093493,0,3,0,0.0,A:CYS202;A:HIS175;A:LEU145;A:LEU40;A:PHE199;A:PHE36;A:PHE39;A:PHE43;A:TRP195;A:TRP231;A:VAL234,A:LEU145;A:LEU40;A:PHE199;A:PHE36;A:PHE39;A:PHE43;A:TRP195;A:TRP231;A:VAL234,A:HIS175;A:PHE199;A:PHE36;A:PHE39;A:PHE43;A:TRP195;A:TRP231,,A:CYS202;A:PHE199;A:PHE36,,1.0,-0.07779253354862216,2.050944637943693,False,SAM_CONTACTING
7A_SAM,7A,SAM,BA,5,-5.486,8.5855,-1.739875,-2.2994999999999997,0.4003453255541344,0.6854532493955726,0.6081755200597974,1.0,0.2223173407541571,3.735934287430655,0,3,0,0.0,A:CYS202;A:HIS175;A:LEU145;A:PHE199;A:PHE36;A:PHE39;A:PHE43;A:TRP195;A:TRP231;A:VAL234,A:LEU145;A:PHE199;A:PHE36;A:PHE39;A:PHE43;A:TRP195;A:TRP231;A:VAL234,A:HIS175;A:PHE199;A:PHE36;A:PHE39;A:PHE43;A:TRP195;A:TRP231,A:PHE199,A:CYS202;A:PHE199;A:PHE36,,1.0,-0.4355608981179737,1.7110729581257722,False,SAM_CONTACTING
7A_SAM,7A,SAM,BA,6,-4.778,8.812250000000002,-1.1004999999999998,-1.4449999999999998,-0.6567278145513047,0.6620870945855069,0.36103913469039595,1.0,0.24735601872604573,3.8499387008107027,0,2,0,0.0,A:HIS175;A:LEU145;A:PHE199;A:PHE39;A:PHE43;A:TRP195;A:TRP231;A:VAL234,A:LEU145;A:PHE199;A:PHE39;A:PHE43;A:TRP195;A:TRP231;A:VAL234,A:HIS175;A:HIS237;A:PHE199;A:PHE39;A:PHE43;A:TRP195;A:TRP231;A:TYR47,,A:PHE199;A:PHE39;A:PHE43;A:TRP231,,1.0,0.6451572631595462,2.43933626795333,False,SAM_CONTACTING
7A_SAM,7A,SAM,BA,7,-4.427,12.593,-9.032,-7.633,0.5463516387054455,0.8038546222659734,0.23519700921887557,0.0,6.353839390478799,9.793358821160389,0,0,0,0.0,A:CYS32;A:LEU198;A:PHE199;A:PHE36;A:PHE39;A:TRP35,A:LEU198;A:PHE199;A:PHE36;A:PHE39;A:TRP35,A:PHE199;A:PHE36;A:PHE39;A:TRP28;A:TRP35,A:CYS32;A:PHE36,A:CYS32;A:LEU198;A:PHE36;A:TRP35,,1.0,-8.633837978168943,-6.750600081476784,False,OUTSIDE_TARGET_SITE
7A_SAM,7A,SAM,BA,8,-4.387,12.92175,-10.349250000000001,-6.201875,-0.1634288497124042,0.9708356366528643,-0.17541145255230117,0.0,6.514118896673594,9.735118437903054,0,0,0,0.0,A:LEU198;A:PHE199;A:PHE36;A:PHE39;A:TRP35;A:TYR38,A:LEU198;A:PHE199;A:PHE36;A:PHE39;A:TRP35,A:PHE199;A:PHE36;A:PHE39;A:TRP35,A:TRP35,A:PHE36;A:PHE39;A:TRP35;A:TYR38,,1.0,-8.473881267324813,-7.068993150814966,False,OUTSIDE_TARGET_SITE
7A_SAM,7A,SAM,BA,9,-4.351,12.899125,-9.33825,-6.57325,0.6285077709139496,0.675481073376379,0.38562067036282294,0.0,6.238909680384867,9.73594022167351,0,0,0,0.0,A:CYS32;A:LEU198;A:PHE199;A:PHE36;A:PHE39;A:TRP35,A:LEU198;A:PHE199;A:PHE36;A:PHE39;A:TRP35,A:PHE199;A:PHE36;A:PHE39;A:TRP35,A:PHE36,A:CYS32;A:LEU198;A:PHE36;A:TRP35,,1.0,-8.04572803630641,-6.21125325465019,False,OUTSIDE_TARGET_SITE
7A_SAM,7A,SAM,BA,10,-4.15,12.243375,-11.357124999999998,-8.644625,0.3482955329238176,-0.6437353023034866,-0.6813920180876444,0.0,6.896174881773228,9.809519305246308,0,0,0,0.0,A:CYS32;A:ILE31;A:LEU198;A:PHE36;A:PHE39;A:TRP28;A:TRP35,A:ILE31;A:LEU198;A:PHE36;A:PHE39;A:TRP28;A:TRP35,A:PHE36;A:PHE39;A:TRP28;A:TRP35,A:LEU198,A:LEU198;A:PHE36;A:PHE39,,1.0,-11.00399994210896,-8.53340430074562,False,OUTSIDE_TARGET_SITE
7A_SAM,7A,SAM,BA,11,-4.116,12.416625000000002,-11.415625,-7.576125000000001,-0.39049716737051243,0.382993029681507,-0.8371548850069418,0.0,8.24606603175114,10.818565431701193,0,0,0,0.0,A:CYS32;A:LEU198;A:PHE36;A:PHE39;A:TRP28;A:TRP35;A:TYR38,A:LEU198;A:PHE36;A:PHE39;A:TRP28;A:TRP35,A:PHE36;A:PHE39;A:TRP28;A:TRP35,A:TRP35,A:PHE36;A:PHE39;A:TRP35;A:TYR38,,1.0,-10.259326433116136,-9.212221987325698,False,OUTSIDE_TARGET_SITE
7A_SAM,7A,SAM,BA,12,-4.037,5.10475,-6.5785,-14.449500000000002,-0.13976661454296876,-0.7661604166162329,0.6272666972425988,0.0,10.450689211721876,8.084380619441417,0,0,0,0.0,A:ASN23;A:ASP200;A:CYS32;A:GLY201;A:HIS196;A:LEU197;A:LYS33;A:SER29;A:TRP28,A:LEU197;A:TRP28,A:HIS196;A:TRP28,A:ASP200;A:SER29,A:ASP200;A:CYS32;A:LYS33;A:SER29,,1.0,-12.916222033304898,-12.057386298157555,False,OUTSIDE_TARGET_SITE
7A_SAM,7A,SAM,DCMB_R,1,-6.063,8.599636363636364,-1.4910909090909092,-1.9145454545454543,-0.1722046669862605,-0.8375279289677874,-0.5185484749443197,1.0,0.21509067855209363,3.3397001362397787,0,4,0,0.009652201954848536,A:CYS202;A:HIS175;A:HIS237;A:LEU145;A:LEU40;A:PHE199;A:PHE36;A:PHE39;A:PHE43;A:TRP195;A:TRP231;A:TYR47;A:VAL234,A:LEU145;A:LEU40;A:PHE199;A:PHE36;A:PHE43;A:TRP195;A:TRP231;A:TYR47;A:VAL234,A:HIS175;A:PHE199;A:PHE36;A:PHE39;A:PHE43;A:TRP195;A:TRP231,,A:LEU40;A:PHE199;A:PHE36;A:PHE39,A:HIS175;A:HIS237;A:LEU145;A:PHE43;A:TYR47;A:VAL234,1.0,0.01103733806753043,3.17911257631533,False,SAM_CONTACTING
7A_SAM,7A,SAM,DCMB_R,2,-5.834,8.54209090909091,-1.6287272727272728,-2.2995454545454543,0.4305512613418041,0.7143133534679567,0.5517082964885918,1.0,0.2912456008251459,3.5535292316231195,0,4,0,0.0,A:CYS202;A:HIS175;A:LEU145;A:LEU40;A:PHE199;A:PHE36;A:PHE39;A:PHE43;A:TRP195;A:TRP231;A:VAL234,A:LEU145;A:LEU40;A:PHE199;A:PHE36;A:PHE39;A:PHE43;A:TRP195;A:TRP231;A:VAL234,A:HIS175;A:PHE199;A:PHE36;A:PHE39;A:PHE43;A:TRP195;A:TRP231,A:PHE199,A:CYS202;A:PHE199;A:PHE36,A:PHE199;A:PHE39;A:PHE43;A:TRP195;A:TRP231;A:VAL234,1.0,-0.36569897113331523,2.413714688073985,False,SAM_CONTACTING
7A_SAM,7A,SAM,DCMB_R,3,-5.643,8.325363636363637,-1.7979999999999998,-2.387,-0.4237589814311436,-0.6707516311392683,-0.6087040126206256,1.0,0.2971901748039455,3.1630271892603137,0,3,0,0.2169084300176537,A:CYS148;A:CYS202;A:HIS175;A:LEU145;A:PHE199;A:PHE36;A:PHE39;A:PHE43;A:SER149;A:TRP195;A:TRP231;A:TYR47;A:VAL234,A:LEU145;A:PHE199;A:PHE36;A:PHE39;A:PHE43;A:TRP195;A:TRP231;A:TYR47;A:VAL234,A:HIS175;A:PHE199;A:PHE36;A:PHE39;A:PHE43;A:TRP195;A:TRP231;A:TYR47,,A:PHE43;A:TRP195;A:TRP231;A:VAL234,A:CYS148;A:CYS202;A:HIS175;A:LEU145;A:PHE199;A:PHE36;A:SER149,1.0,-0.5768949921895906,2.2165548331810196,False,SAM_CONTACTING
7A_SAM,7A,SAM,DCMB_R,4,-5.597,8.224636363636364,-1.8155454545454546,-2.645181818181818,0.9302119183178653,0.10730180084881549,0.3509873367430766,1.0,0.15393829932800981,3.1524882236100424,0,5,0,0.16108806148854904,A:CYS148;A:CYS202;A:HIS175;A:LEU145;A:LEU40;A:PHE199;A:PHE36;A:PHE39;A:PHE43;A:SER149;A:TRP195;A:TRP231;A:VAL234,A:LEU145;A:LEU40;A:PHE199;A:PHE36;A:PHE39;A:PHE43;A:TRP195;A:TRP231;A:VAL234,A:HIS175;A:PHE199;A:PHE36;A:PHE39;A:PHE43;A:TRP195;A:TRP231,,A:CYS148;A:CYS202;A:HIS175;A:LEU145,A:CYS202;A:HIS175;A:PHE43;A:TRP195;A:TRP231;A:VAL234,1.0,-0.7874938460350103,1.5523719895352763,False,SAM_CONTACTING
7A_SAM,7A,SAM,DCMB_R,5,-5.211,8.454,-0.8294545454545456,-1.6900000000000004,-0.09519199564286332,-0.6575585962352114,-0.7473654905618182,1.0,0.29371755139929934,3.593660251053235,0,2,0,0.0,A:CYS148;A:CYS202;A:HIS175;A:HIS237;A:LEU145;A:LEU229;A:PHE199;A:PHE36;A:PHE43;A:TRP195;A:TRP231;A:TYR47;A:VAL234,A:LEU145;A:LEU229;A:PHE199;A:PHE36;A:PHE43;A:TRP195;A:TRP231;A:TYR47;A:VAL234,A:HIS175;A:HIS237;A:PHE199;A:PHE39;A:PHE43;A:TRP195;A:TRP231;A:TYR47,,A:HIS175;A:HIS237;A:LEU145;A:VAL234,A:CYS148;A:CYS202;A:HIS175;A:LEU145;A:PHE199;A:PHE36,1.0,0.6035624799312832,3.640678568926814,False,SAM_CONTACTING
7A_SAM,7A,SAM,DCMB_R,6,-5.036,12.991727272727273,-9.225909090909092,-7.9479999999999995,-0.5951733911737075,-0.6499662995071069,-0.4725594607494665,0.0,7.007361414969261,9.81558322261087,0,0,0,0.0,A:CYS32;A:ILE31;A:LEU198;A:PHE199;A:PHE36;A:PHE39;A:TRP28;A:TRP35,A:ILE31;A:LEU198;A:PHE199;A:PHE36;A:PHE39;A:TRP28;A:TRP35,A:PHE199;A:PHE36;A:PHE39;A:TRP28;A:TRP35,,A:PHE39,A:CYS32;A:ILE31;A:LEU198;A:TRP28;A:TRP35,1.0,-8.930769055637468,-6.399016104199235,False,OUTSIDE_TARGET_SITE
7A_SAM,7A,SAM,DCMB_R,7,-4.89,12.769636363636362,-10.130727272727272,-8.378000000000002,-0.13323986612932512,-0.8282517338446732,-0.5442850387959713,0.0,6.850140144551789,9.929583928846164,0,0,0,0.0,A:CYS32;A:ILE31;A:LEU198;A:PHE199;A:PHE36;A:PHE39;A:TRP28;A:TRP35,A:LEU198;A:PHE199;A:PHE36;A:PHE39;A:TRP28;A:TRP35,A:PHE199;A:PHE36;A:PHE39;A:TRP28;A:TRP35,,A:CYS32;A:ILE31;A:TRP28;A:TRP35,A:LEU198;A:PHE199;A:TRP28,1.0,-9.891883353301264,-6.834718207308469,False,OUTSIDE_TARGET_SITE
7A_SAM,7A,SAM,DCMB_R,8,-4.871,13.513,-10.583090909090908,-6.233090909090908,0.08495718704256304,-0.9960506805210321,-0.025793762877938668,0.0,6.562124427348204,9.903674520096065,0,0,0,0.0,A:LEU198;A:PHE199;A:PHE36;A:PHE39;A:TRP35;A:TYR38,A:LEU198;A:PHE199;A:PHE36;A:PHE39;A:TRP35;A:TYR38,A:PHE199;A:PHE36;A:PHE39;A:TRP35;A:TYR38,,A:TRP35,A:PHE199;A:PHE39,1.0,-8.567720298337678,-5.90927440632885,False,OUTSIDE_TARGET_SITE
7A_SAM,7A,SAM,DCMB_R,9,-4.858,12.983727272727275,-10.285,-7.670272727272726,-0.49564005543582307,-0.49442675859949087,-0.7140610028760671,0.0,7.051345190812884,10.149976847264234,0,0,0,0.0,A:CYS32;A:ILE31;A:LEU198;A:PHE199;A:PHE36;A:PHE39;A:TRP28;A:TRP35,A:ILE31;A:LEU198;A:PHE199;A:PHE36;A:PHE39;A:TRP28;A:TRP35,A:PHE199;A:PHE36;A:PHE39;A:TRP28;A:TRP35,,A:PHE39,A:CYS32;A:ILE31;A:TRP28;A:TRP35,0.8181818181818182,-9.463116176344318,-6.457675484289188,False,OUTSIDE_TARGET_SITE
7A_SAM,7A,SAM,DCMB_R,10,-4.826,8.229181818181818,-1.6712727272727272,-2.3579999999999997,0.9661647395635538,-0.11998252546601447,0.22831970919499642,1.0,0.3444604476569124,2.933866561382777,1,5,0,0.5537000112173053,A:CYS148;A:CYS202;A:GLU174;A:HIS175;A:LEU145;A:LEU40;A:PHE199;A:PHE36;A:PHE39;A:PHE43;A:SER149;A:TRP195;A:TRP231;A:VAL234,A:LEU145;A:LEU40;A:PHE199;A:PHE36;A:PHE39;A:PHE43;A:TRP195;A:TRP231;A:VAL234,A:HIS175;A:PHE199;A:PHE39;A:PHE43;A:TRP195;A:TRP231,A:CYS202,A:CYS148;A:CYS202;A:PHE199;A:SER149,A:LEU40;A:PHE199;A:PHE36;A:PHE39;A:PHE43;A:TRP195;A:TRP231,1.0,-0.48364923849644803,1.5635345045080142,False,SAM_CONTACTING
7A_SAM,7A,SAM,DCMB_R,11,-4.707,13.333363636363634,-9.096636363636366,-7.982363636363636,0.662876147478913,0.7395073755328069,-0.11714971035429321,0.0,6.150392345208556,9.606037997010006,0,0,0,0.0,A:CYS32;A:LEU198;A:PHE199;A:PHE36;A:PHE39;A:TRP28;A:TRP35,A:LEU198;A:PHE199;A:PHE36;A:PHE39;A:TRP28;A:TRP35,A:PHE199;A:PHE36;A:PHE39;A:TRP28;A:TRP35,,A:PHE36;A:PHE39;A:TRP35,A:LEU198;A:PHE199;A:PHE39,1.0,-8.81475642474525,-6.236040101547446,False,OUTSIDE_TARGET_SITE
7A_SAM,7A,SAM,DCMB_R,12,-4.666,12.988545454545458,-11.61509090909091,-7.853181818181816,-0.5461067004617067,0.8125904855063723,0.20362753884321713,0.0,7.2840637009844995,9.975953137420003,0,0,0,0.0,A:CYS32;A:LEU198;A:PHE36;A:PHE39;A:TRP28;A:TRP35,A:LEU198;A:PHE36;A:PHE39;A:TRP28;A:TRP35,A:PHE199;A:PHE36;A:PHE39;A:TRP28;A:TRP35,A:LEU198,A:CYS32;A:LEU198;A:PHE36,A:PHE39;A:TRP35,1.0,-10.507020469300961,-7.831861026294903,False,OUTSIDE_TARGET_SITE
7A_SAM,7A,SAM,DCMB_S,1,-6.164,8.557,-1.4208181818181818,-1.9387272727272729,-0.1424377004140837,-0.8172894454978222,-0.5583452908179755,1.0,0.12107435731813722,3.445383578065003,0,3,0,0.0,A:CYS202;A:HIS175;A:HIS237;A:LEU145;A:LEU40;A:PHE199;A:PHE36;A:PHE39;A:PHE43;A:TRP195;A:TRP231;A:TYR47;A:VAL234,A:LEU145;A:LEU40;A:PHE199;A:PHE36;A:PHE39;A:PHE43;A:TRP195;A:TRP231;A:TYR47;A:VAL234,A:HIS175;A:PHE199;A:PHE36;A:PHE39;A:PHE43;A:TRP195;A:TRP231,,A:CYS202;A:PHE199;A:PHE36,A:HIS175;A:HIS237;A:LEU145;A:PHE43;A:TYR47;A:VAL234,1.0,0.03576475065584748,3.221377816909393,False,SAM_CONTACTING
7A_SAM,7A,SAM,DCMB_S,2,-5.892,8.339363636363636,-2.0358181818181817,-2.7995454545454543,0.8864260494200868,0.17398283291061553,0.42892753789176863,1.0,0.22483104767802922,3.1144184047747987,0,5,0,0.21168802931177733,A:CYS148;A:CYS202;A:HIS175;A:LEU145;A:LEU40;A:PHE199;A:PHE36;A:PHE39;A:PHE43;A:SER149;A:TRP195;A:TRP231;A:VAL234,A:LEU145;A:LEU40;A:PHE199;A:PHE36;A:PHE39;A:PHE43;A:TRP195;A:TRP231;A:VAL234,A:HIS175;A:PHE199;A:PHE36;A:PHE39;A:PHE43;A:TRP195;A:TRP231,A:PHE199,A:CYS202;A:PHE199;A:PHE36;A:SER149,A:CYS202;A:HIS175;A:PHE43;A:TRP195;A:TRP231;A:VAL234,1.0,-1.0313027076223302,1.4952657653111998,False,SAM_CONTACTING
7A_SAM,7A,SAM,DCMB_S,3,-5.534,8.203181818181818,-1.7618181818181817,-2.3599999999999994,-0.38611088448841263,-0.6455609744103901,-0.658915330826263,1.0,0.2405098750571374,3.213403491626907,0,4,0,0.1481775416368802,A:CYS148;A:CYS202;A:HIS175;A:LEU145;A:PHE199;A:PHE36;A:PHE39;A:PHE43;A:SER149;A:TRP195;A:TRP231;A:TYR47;A:VAL234,A:LEU145;A:PHE199;A:PHE36;A:PHE39;A:PHE43;A:TRP195;A:TRP231;A:VAL234,A:HIS175;A:PHE199;A:PHE36;A:PHE39;A:PHE43;A:TRP195;A:TRP231,,A:HIS175;A:LEU145;A:PHE43;A:TYR47,A:CYS148;A:CYS202;A:HIS175;A:LEU145;A:PHE199;A:PHE36;A:SER149,1.0,-0.5512603272140608,2.2245775672204195,False,SAM_CONTACTING
7A_SAM,7A,SAM,DCMB_S,4,-5.532,8.482363636363635,-1.5646363636363638,-2.2724545454545453,0.4718255997351584,0.6962452759864587,0.5409465029936863,1.0,0.38723894432249417,3.34996253710396,0,4,0,0.006653093518322178,A:CYS202;A:HIS175;A:LEU145;A:LEU40;A:PHE199;A:PHE36;A:PHE39;A:PHE43;A:SER149;A:TRP195;A:TRP231;A:VAL234,A:LEU145;A:PHE199;A:PHE36;A:PHE39;A:PHE43;A:TRP195;A:TRP231;A:VAL234,A:HIS175;A:PHE199;A:PHE36;A:PHE39;A:PHE43;A:TRP195;A:TRP231,,A:LEU40;A:PHE199;A:PHE36;A:PHE39,A:PHE199;A:PHE39;A:PHE43;A:TRP195;A:TRP231;A:VAL234,1.0,-0.31138914156710973,2.4088839543188874,False,SAM_CONTACTING
7A_SAM,7A,SAM,DCMB_S,5,-5.217,7.8330909090909095,-1.6150909090909094,-2.519,-0.9630222673939118,0.033429658042111725,-0.2673398033714327,1.0,0.08028698524667616,3.1390170435982028,0,5,0,0.3335102443243902,A:CYS148;A:CYS202;A:GLU174;A:HIS175;A:LEU145;A:PHE199;A:PHE36;A:PHE39;A:PHE43;A:SER149;A:TRP195;A:TRP231;A:VAL234,A:LEU145;A:PHE199;A:PHE36;A:PHE39;A:PHE43;A:TRP195;A:TRP231,A:HIS175;A:PHE199;A:PHE36;A:PHE39;A:PHE43;A:TRP195;A:TRP231,,A:PHE43;A:TRP195;A:TRP231;A:VAL234,A:CYS148;A:CYS202;A:LEU145;A:PHE199;A:PHE36;A:SER149,1.0,-0.6190655373008196,1.106464220792973,False,SAM_CONTACTING
7A_SAM,7A,SAM,DCMB_S,6,-5.176,8.034363636363636,-1.251090909090909,-2.022272727272727,-0.4116544064189187,-0.6269447598689256,-0.661423402782803,1.0,0.27975703744499464,3.163929676841759,0,3,0,0.14537243649977707,A:CYS148;A:CYS202;A:HIS175;A:HIS237;A:LEU145;A:LEU229;A:PHE199;A:PHE36;A:PHE39;A:PHE43;A:SER149;A:TRP195;A:TRP231;A:TYR47;A:VAL234,A:LEU145;A:LEU229;A:PHE199;A:PHE36;A:PHE39;A:PHE43;A:TRP195;A:TRP231;A:TYR47;A:VAL234,A:HIS175;A:HIS237;A:PHE199;A:PHE36;A:PHE43;A:TRP195;A:TYR47,,A:PHE43;A:TRP195;A:TRP231;A:VAL234,A:CYS202;A:PHE199;A:PHE36;A:PHE39;A:PHE43;A:TRP195;A:TRP231,1.0,0.014359997676885037,3.217215209779362,False,SAM_CONTACTING
7A_SAM,7A,SAM,DCMB_S,7,-5.049,12.878000000000002,-9.258545454545457,-7.960090909090908,-0.4702876454830449,-0.7526166103042983,-0.4608663237860646,0.0,7.01568998744956,9.976594408915298,0,0,0,0.0,A:CYS32;A:ILE31;A:LEU198;A:PHE199;A:PHE36;A:PHE39;A:TRP28;A:TRP35,A:ILE31;A:LEU198;A:PHE199;A:PHE36;A:PHE39;A:TRP28;A:TRP35,A:PHE199;A:PHE36;A:PHE39;A:TRP28;A:TRP35,A:LEU198,A:LEU198;A:PHE199,A:CYS32;A:ILE31;A:LEU198;A:TRP28;A:TRP35,1.0,-8.978947751093028,-6.137867019058471,False,OUTSIDE_TARGET_SITE
7A_SAM,7A,SAM,DCMB_S,8,-5.03,13.419363636363636,-10.48,-6.184636363636363,-0.030507808170467596,0.9995104036527686,-0.006944539618556761,0.0,6.583635014184792,9.853997006291406,0,0,0,0.0,A:LEU198;A:PHE199;A:PHE36;A:PHE39;A:TRP35;A:TYR38,A:LEU198;A:PHE199;A:PHE36;A:PHE39;A:TRP35,A:PHE199;A:PHE36;A:PHE39;A:TRP35,A:TRP35,A:PHE39;A:TRP35;A:TYR38,A:PHE199;A:PHE39,1.0,-8.476530693356091,-5.890229580033162,False,OUTSIDE_TARGET_SITE
7A_SAM,7A,SAM,DCMB_S,9,-5.01,12.83509090909091,-10.126090909090909,-8.285636363636364,-0.06476350299395671,-0.8328718696887152,-0.5496636583959099,0.0,6.797832669314537,9.841126256684243,0,0,0,0.0,A:CYS32;A:ILE31;A:LEU198;A:PHE199;A:PHE36;A:PHE39;A:TRP28;A:TRP35,A:ILE31;A:LEU198;A:PHE199;A:PHE36;A:PHE39;A:TRP28;A:TRP35,A:PHE199;A:PHE36;A:PHE39;A:TRP28;A:TRP35,,A:TRP35,A:LEU198;A:PHE199;A:TRP28,1.0,-9.813234703538164,-6.675738464307492,False,OUTSIDE_TARGET_SITE
7A_SAM,7A,SAM,DCMB_S,10,-4.884,8.488000000000001,-0.8244545454545456,-1.6502727272727271,-0.12493246003523181,-0.6307060145864333,-0.7658993429909989,1.0,0.2962802727148743,3.5699838935210897,0,2,0,0.0,A:CYS148;A:CYS202;A:HIS175;A:HIS237;A:LEU145;A:LEU229;A:PHE199;A:PHE36;A:PHE43;A:TRP195;A:TRP231;A:TYR47;A:VAL234,A:LEU145;A:PHE199;A:PHE36;A:PHE43;A:TRP195;A:TRP231;A:TYR47;A:VAL234,A:HIS175;A:HIS237;A:PHE199;A:PHE39;A:PHE43;A:TRP195;A:TRP231;A:TYR47,,A:LEU229;A:PHE43;A:TYR47;A:VAL234,A:CYS148;A:CYS202;A:HIS175;A:LEU145;A:PHE199;A:PHE36,1.0,0.640339440514579,3.6415481764471194,False,SAM_CONTACTING
7A_SAM,7A,SAM,DCMB_S,11,-4.85,12.730454545454545,-11.450454545454546,-7.489909090909091,-0.4997855127335052,0.037285966544208106,-0.8653462878874396,0.0,7.628179730446838,10.262049356731822,0,0,0,0.0,A:CYS32;A:ILE31;A:LEU198;A:PHE36;A:PHE39;A:TRP28;A:TRP35,A:ILE31;A:LEU198;A:PHE36;A:PHE39;A:TRP28;A:TRP35,A:PHE36;A:PHE39;A:TRP28;A:TRP35;A:TYR38,,A:PHE39,A:CYS32;A:ILE31;A:TRP28;A:TRP35,1.0,-10.17473586580175,-7.663809206574372,False,OUTSIDE_TARGET_SITE
7A_SAM,7A,SAM,DCMB_S,12,-4.759,13.253999999999998,-12.012272727272729,-8.754909090909091,0.5832312185712326,-0.8083769140607098,0.07980044171305593,0.0,8.232877868643504,10.747751113605116,0,0,0,0.0,A:CYS32;A:ILE31;A:LEU198;A:PHE36;A:PHE39;A:TRP28;A:TRP35,A:ILE31;A:LEU198;A:PHE36;A:PHE39;A:TRP28;A:TRP35,A:PHE36;A:TRP28;A:TRP35,A:LEU198,A:CYS32;A:LEU198;A:TRP28,A:PHE39;A:TRP35,1.0,-11.380500135842627,-9.46736188997297,False,OUTSIDE_TARGET_SITE
7A_SAM,7A,SAM,SKF64139,1,-6.336,7.9386363636363635,-1.4418181818181817,-2.5423636363636364,0.7442021706934444,0.3828372492386942,0.5473561635082914,1.0,0.2842287810901629,2.8658487399023693,1,4,0,0.7219998972818251,A:CYS148;A:CYS202;A:HIS175;A:LEU145;A:PHE199;A:PHE36;A:PHE39;A:PHE43;A:SER149;A:TRP195;A:TRP231;A:VAL234,A:LEU145;A:PHE199;A:PHE36;A:PHE39;A:PHE43;A:TRP195;A:TRP231;A:VAL234,A:HIS175;A:PHE199;A:PHE36;A:PHE39;A:PHE43;A:TRP195;A:TRP231,A:CYS148;A:CYS202,A:CYS148;A:CYS202;A:HIS175;A:LEU145;A:SER149,A:HIS175;A:LEU145;A:PHE43;A:VAL234,1.0,-0.5005786498741128,2.525925863180564,False,SAM_CONTACTING
7A_SAM,7A,SAM,SKF64139,2,-6.071,7.941454545454545,-1.242090909090909,-2.338090909090909,-0.8488377484197965,-0.2878330555821067,-0.4434259904108891,1.0,0.18483235647472565,2.9602418820089684,1,4,0,0.20744073396154822,A:CYS148;A:CYS202;A:HIS175;A:LEU145;A:PHE199;A:PHE36;A:PHE39;A:PHE43;A:SER149;A:TRP195;A:TRP231;A:VAL234,A:LEU145;A:PHE199;A:PHE36;A:PHE39;A:PHE43;A:TRP195;A:TRP231;A:VAL234,A:HIS175;A:PHE199;A:PHE36;A:PHE43;A:TRP195;A:TRP231;A:TYR47,,A:CYS202;A:PHE199;A:PHE36,A:PHE199;A:PHE39;A:PHE43;A:TRP195;A:TRP231,1.0,-0.21773382974260722,2.2645705633790363,False,SAM_CONTACTING
7A_SAM,7A,SAM,SKF64139,3,-5.916,8.385727272727273,-1.5567272727272725,-2.102181818181818,0.33264192722186575,-0.8483893226400359,-0.41180687886982187,1.0,0.266334376301671,3.2127580052036286,0,2,0,0.09190282580435677,A:CYS148;A:CYS202;A:GLU174;A:HIS175;A:LEU145;A:LEU40;A:PHE199;A:PHE36;A:PHE39;A:PHE43;A:TRP195;A:TRP231;A:VAL234,A:LEU145;A:LEU40;A:PHE199;A:PHE36;A:PHE39;A:PHE43;A:TRP195;A:TRP231;A:VAL234,A:HIS175;A:PHE199;A:PHE36;A:PHE39;A:PHE43;A:TRP195;A:TRP231,,A:PHE199;A:PHE36;A:PHE39,A:CYS148;A:CYS202;A:GLU174;A:HIS175;A:LEU145,1.0,-0.19960319510405158,2.238724980235659,False,SAM_CONTACTING
7A_SAM,7A,SAM,SKF64139,4,-5.786,8.306181818181818,-1.5322727272727277,-2.382818181818182,0.755220549239592,0.4416597544935629,0.48433313253063237,1.0,0.15056560032092317,3.110053697285627,0,4,0,0.21811211279412682,A:CYS148;A:CYS202;A:GLU174;A:HIS175;A:LEU145;A:PHE199;A:PHE36;A:PHE39;A:PHE43;A:TRP195;A:TRP231;A:VAL234,A:LEU145;A:PHE199;A:PHE36;A:PHE39;A:PHE43;A:TRP195;A:TRP231;A:VAL234,A:HIS175;A:PHE199;A:PHE36;A:PHE39;A:PHE43;A:TRP195;A:TRP231,,A:PHE43;A:VAL234,A:CYS148;A:CYS202;A:GLU174;A:HIS175;A:LEU145,1.0,-0.39406959456706303,2.138660203680547,False,SAM_CONTACTING
7A_SAM,7A,SAM,SKF64139,5,-5.645,8.17909090909091,-1.7085454545454548,-2.329545454545455,0.11971988146556535,-0.8387230870891608,-0.5312351015939168,1.0,0.4146034249737936,3.226141038454456,0,4,0,0.1328195032081207,A:CYS148;A:CYS202;A:HIS175;A:LEU145;A:PHE199;A:PHE36;A:PHE39;A:PHE43;A:SER149;A:TRP195;A:TRP231;A:VAL234,A:LEU145;A:PHE199;A:PHE36;A:PHE39;A:PHE43;A:TRP195;A:TRP231;A:VAL234,A:HIS175;A:PHE199;A:PHE36;A:PHE39;A:PHE43;A:TRP195;A:TRP231,,A:HIS175;A:LEU145,A:CYS202;A:PHE199;A:PHE36;A:SER149,1.0,-0.4966286352125216,2.093685769903381,False,SAM_CONTACTING
7A_SAM,7A,SAM,SKF64139,6,-5.28,12.870545454545457,-9.389636363636363,-8.081818181818182,-0.3696298639422781,-0.7978558429248691,-0.4762350444818811,0.0,6.152755967857006,9.52102525991818,0,0,0,0.0,A:CYS32;A:ILE31;A:LEU198;A:PHE199;A:PHE36;A:PHE39;A:TRP28;A:TRP35,A:ILE31;A:LEU198;A:PHE199;A:PHE36;A:PHE39;A:TRP28;A:TRP35,A:PHE199;A:PHE36;A:PHE39;A:TRP28;A:TRP35,,A:TRP28;A:TRP35,A:LEU198,1.0,-9.156669796462388,-6.788449791328017,False,OUTSIDE_TARGET_SITE
7A_SAM,7A,SAM,SKF64139,7,-5.181,12.676999999999998,-11.420545454545454,-8.386181818181818,-0.2715316355121709,0.6141833689710446,0.7409786502966621,0.0,7.605487295367733,10.233430558712948,0,0,0,0.0,A:CYS32;A:ILE31;A:LEU198;A:PHE36;A:PHE39;A:TRP28;A:TRP35,A:ILE31;A:LEU198;A:PHE36;A:PHE39;A:TRP28;A:TRP35,A:PHE36;A:PHE39;A:TRP28;A:TRP35,,A:TRP35,A:PHE39,1.0,-10.798704359319752,-8.236371682661726,False,OUTSIDE_TARGET_SITE
7A_SAM,7A,SAM,SKF64139,8,-5.04,8.03509090909091,-1.4220909090909093,-2.3506363636363634,-0.5240417382463468,-0.6391084644864682,-0.5629570385007154,1.0,0.26204198136939827,3.050367518840967,0,4,0,0.47810910741663787,A:CYS148;A:CYS202;A:HIS175;A:LEU145;A:PHE199;A:PHE36;A:PHE39;A:PHE43;A:SER149;A:TRP195;A:TRP231;A:VAL234,A:LEU145;A:PHE199;A:PHE36;A:PHE39;A:PHE43;A:TRP195;A:TRP231;A:VAL234,A:HIS175;A:PHE199;A:PHE36;A:PHE39;A:PHE43;A:TRP195;A:TRP231;A:TYR47,,A:PHE43;A:TRP195;A:TRP231;A:VAL234,A:PHE199;A:PHE36;A:PHE39,1.0,-0.33631548325518484,2.3317074888244056,False,SAM_CONTACTING
7A_SAM,7A,SAM,SKF64139,9,-4.956,12.992454545454546,-9.370363636363637,-7.94,-0.3627246773379535,-0.7528689949487072,-0.5491985842070257,0.0,6.3627215874969725,9.732941230686642,0,0,0,0.0,A:CYS32;A:LEU198;A:PHE199;A:PHE36;A:PHE39;A:TRP28;A:TRP35,A:LEU198;A:PHE199;A:PHE36;A:PHE39;A:TRP28;A:TRP35,A:PHE199;A:PHE36;A:PHE39;A:TRP28;A:TRP35,,A:LEU198;A:PHE199,A:TRP28,1.0,-9.02432363373845,-6.303339343374827,False,OUTSIDE_TARGET_SITE
7A_SAM,7A,SAM,SKF64139,10,-4.955,12.930454545454547,-10.919454545454544,-8.920181818181819,-0.6084374042744994,0.5397532503758358,0.5817820500741064,0.0,7.355778544790484,10.064759609647913,0,0,0,0.0,A:CYS32;A:ILE31;A:LEU198;A:PHE36;A:PHE39;A:TRP28;A:TRP35,A:ILE31;A:LEU198;A:PHE36;A:PHE39;A:TRP28;A:TRP35,A:PHE36;A:PHE39;A:TRP28;A:TRP35,A:LEU198,A:LEU198,,0.8181818181818182,-10.795089214862545,-8.401367782769569,False,OUTSIDE_TARGET_SITE
7A_SAM,7A,SAM,SKF64139,11,-4.846,12.818818181818182,-11.863545454545454,-8.25181818181818,-0.6941376792505283,0.6609544207517654,0.28515282908186096,0.0,7.5049895402991735,10.235871482194371,0,0,0,0.0,A:CYS32;A:ILE31;A:LEU198;A:PHE36;A:PHE39;A:TRP28;A:TRP35,A:ILE31;A:LEU198;A:PHE36;A:PHE39;A:TRP28;A:TRP35,A:PHE36;A:PHE39;A:TRP28;A:TRP35,A:CYS32,A:CYS32;A:LEU198;A:PHE36;A:TRP35,A:ILE31;A:TRP28;A:TRP35,1.0,-10.986567717335005,-9.115735049927872,False,OUTSIDE_TARGET_SITE
7A_SAM,7A,SAM,SKF64139,12,-4.844,12.975545454545456,-11.005727272727272,-7.762636363636363,0.8869486886149304,-0.15929576006731738,0.43352841266614883,0.0,7.365555036791185,10.00837799046379,0,0,0,0.0,A:CYS32;A:ILE31;A:LEU198;A:PHE36;A:PHE39;A:TRP28;A:TRP35,A:ILE31;A:LEU198;A:PHE36;A:PHE39;A:TRP28;A:TRP35,A:PHE36;A:PHE39;A:TRP28;A:TRP35,,,A:CYS32;A:ILE31;A:TRP28;A:TRP35,0.8181818181818182,-10.02560468835896,-8.209768290226075,False,OUTSIDE_TARGET_SITE
7B_APO,7B,APO,23CL2BA,1,-5.282,0.040200000000000055,6.6477,1.0412000000000001,0.7481275739327227,0.33430627576504546,-0.5731879683887678,1.0,0.2774635111145246,,,,,,A:ALA83;A:ASN84;A:CYS79;A:GLU76;A:GLY78;A:GLY80;A:LEU145;A:LYS55;A:MET40;A:THR144;A:THR44;A:TRP173,A:ALA83;A:LEU145;A:MET40;A:TRP173,A:TRP173,A:ASN84;A:GLU76;A:GLY78;A:THR144,A:ASN84;A:CYS79;A:GLU76;A:GLY78;A:THR144,A:CYS79;A:GLY78;A:GLY80;A:LEU145;A:MET40;A:THR144;A:THR44,1.0,-4.626037608919857,-2.8629371175327947,False,SAM_COMPATIBLE
7B_APO,7B,APO,23CL2BA,2,-5.162,4.9651000000000005,3.7733999999999996,2.363,-0.7027771623919061,0.6146816461169934,0.3581490387356698,1.0,0.44087753401596735,,,,,,A:ASP200;A:ASP98;A:GLY199;A:GLY78;A:GLY80;A:LEU145;A:MET40;A:PHE103;A:PHE36;A:SER149,A:LEU145;A:MET40;A:PHE103;A:PHE36,A:PHE103;A:PHE36,A:ASP200;A:GLY199;A:SER149,A:ASP200;A:GLY199;A:PHE36;A:SER149,A:GLY80;A:LEU145;A:MET40;A:PHE36,1.0,-1.166444155817541,0.7084376957238432,False,SAM_COMPATIBLE
7B_APO,7B,APO,23CL2BA,3,-5.143,5.1836,2.8266,2.9832,-0.02622546557815493,-0.5164931093956485,0.8558896499561284,1.0,0.3856047198881254,,,,,,A:ASP200;A:ASP98;A:GLY199;A:GLY78;A:GLY80;A:LEU145;A:MET40;A:PHE103;A:PHE36;A:PRO99;A:SER149,A:LEU145;A:MET40;A:PHE103;A:PHE36,A:PHE103;A:PHE36,A:ASP98,A:ASP200;A:ASP98;A:PRO99,A:ASP200;A:GLY199;A:LEU145;A:PHE36;A:SER149,1.0,-0.1449563833244252,2.2595662187158494,False,SAM_COMPATIBLE
7B_APO,7B,APO,23CL2BA,4,-5.063,4.9575,-2.5692999999999997,4.1391,-0.8562014792563961,-0.4914914139585688,0.15923321551788785,1.0,0.3768540831674774,,,,,,A:ASP200;A:ASP98;A:GLU128;A:GLY127;A:GLY78;A:LEU77;A:LEU97;A:PRO126;A:PRO99;A:SER149;A:VAL146;A:VAL150,A:LEU77;A:LEU97;A:PRO126;A:PRO99;A:VAL146;A:VAL150,,A:ASP200,A:ASP200;A:PRO99;A:SER149,A:ASP98;A:GLY127;A:GLY78;A:LEU77;A:LEU97;A:PRO126;A:PRO99;A:VAL146;A:VAL150,1.0,5.2923816738306675,7.345532550406427,True,SAM_COMPATIBLE
7B_APO,7B,APO,23CL2BA,5,-5.057,5.3835999999999995,2.6619,2.9288,0.1564392934777516,-0.5177439525977321,0.8411111383192234,1.0,0.41128335730977467,,,,,,A:ASN100;A:ASP200;A:ASP98;A:GLY199;A:GLY78;A:GLY80;A:LEU145;A:MET40;A:PHE103;A:PHE36;A:SER149,A:LEU145;A:MET40;A:PHE103;A:PHE36,A:PHE103;A:PHE36,A:ASP200;A:ASP98,A:ASN100;A:ASP200;A:ASP98;A:PHE103;A:PHE36,A:ASP98;A:GLY78;A:GLY80;A:LEU145;A:MET40;A:PHE103,1.0,0.03209475544919418,1.6605867967400776,False,SAM_COMPATIBLE
7B_APO,7B,APO,23CL2BA,6,-5.053,4.9266000000000005,3.0606999999999998,2.4728,0.6122566687430986,-0.5282588200471147,0.5882893766013741,1.0,0.27312085237125305,,,,,,A:ASP200;A:ASP98;A:GLY199;A:GLY78;A:GLY80;A:LEU145;A:MET40;A:PHE103;A:PHE36;A:SER149;A:THR144,A:LEU145;A:MET40;A:PHE103;A:PHE36,A:PHE103;A:PHE36,A:LEU145;A:THR144,A:GLY78;A:LEU145;A:THR144,A:ASP200;A:ASP98;A:GLY78;A:GLY80;A:PHE103;A:PHE36,1.0,-0.453453047101984,1.3154585328686117,False,SAM_COMPATIBLE
7B_APO,7B,APO,23CL2BA,7,-5.05,0.27340000000000014,6.3894,0.9576,0.5607019747499089,0.5743388267781945,-0.5964463157456841,1.0,0.2059830090080247,,,,,,A:ALA83;A:ASN84;A:CYS79;A:GLU76;A:GLY78;A:GLY80;A:LEU145;A:LEU77;A:LYS55;A:MET40;A:THR144;A:THR44;A:TRP173,A:ALA83;A:LEU145;A:MET40;A:TRP173,,A:GLU76;A:GLY78;A:THR144,A:ASN84;A:CYS79;A:GLU76;A:GLY78;A:LEU77;A:THR144,A:ALA83;A:ASN84;A:LEU145;A:LYS55;A:THR144;A:THR44;A:TRP173,1.0,-4.356035612918006,-2.2854630954549244,False,SAM_COMPATIBLE
7B_APO,7B,APO,23CL2BA,8,-5.023,0.6574000000000001,6.2698,0.9076000000000001,-0.39441586141148033,0.8121902577762165,-0.42986406390909543,1.0,0.4161454072797152,,,,,,A:ALA83;A:ASN84;A:CYS79;A:GLY78;A:GLY80;A:LEU145;A:LYS55;A:MET40;A:THR144;A:THR44;A:TRP173;A:VAL146,A:ALA83;A:LEU145;A:MET40;A:TRP173,,A:GLY78;A:LEU145;A:THR144,A:GLY78;A:LEU145;A:THR144;A:VAL146,A:LEU145;A:LYS55;A:MET40;A:THR44;A:TRP173,1.0,-4.205258098047384,-1.157610692870425,False,SAM_COMPATIBLE
7B_APO,7B,APO,23CL2BA,9,-4.997,5.318,-1.0886,4.3412,0.11972046352996224,0.9340157932412353,0.3365731845945497,1.0,0.3910012787702876,,,,,,A:ASN100;A:ASP200;A:ASP98;A:GLY78;A:PHE103;A:PRO99;A:SER149;A:VAL146;A:VAL150,A:PRO99;A:VAL146;A:VAL150,A:PHE103;A:PHE36,A:ASP200;A:ASP98,A:ASN100;A:ASP200;A:ASP98;A:PHE103;A:PRO99,A:ASP200;A:PRO99;A:SER149;A:VAL150,1.0,3.881970996369232,6.68041049389,True,SAM_COMPATIBLE
7B_APO,7B,APO,23CL2BA,10,-4.926,5.5116,3.0996,1.7754999999999996,-0.5538744052661534,0.030804956430579646,0.8320301664305053,1.0,0.3536820606137665,,,,,,A:ASP200;A:ASP98;A:CYS148;A:CYS202;A:GLY199;A:GLY78;A:GLY80;A:LEU145;A:MET40;A:PHE103;A:PHE36;A:SER149,A:LEU145;A:MET40;A:PHE103;A:PHE36,A:PHE103;A:PHE36,A:GLY199;A:SER149,A:CYS148;A:CYS202;A:GLY199;A:LEU145;A:PHE36;A:SER149,A:ASP98;A:GLY78;A:GLY80;A:LEU145;A:MET40;A:PHE103,1.0,-0.5055432224592,1.0775906348757414,False,SAM_COMPATIBLE
7B_APO,7B,APO,23CL2BA,11,-4.908,4.924,3.949900000000001,1.7093999999999998,-0.7435262279585292,0.6551854287749422,0.13379387975074145,1.0,0.29682654867784364,,,,,,A:ASP200;A:ASP98;A:GLY199;A:GLY78;A:GLY80;A:LEU145;A:MET40;A:PHE103;A:PHE36;A:SER149,A:LEU145;A:MET40;A:PHE103;A:PHE36,A:PHE103;A:PHE36,A:ASP200;A:GLY199;A:SER149,A:ASP200;A:GLY199;A:PHE36;A:SER149,A:ASP98;A:GLY78;A:GLY80;A:MET40;A:PHE103;A:PHE36,1.0,-1.4113670726917449,0.7921414289934587,False,SAM_COMPATIBLE
7B_APO,7B,APO,23CL2BA,12,-4.887,5.1497,3.2184,2.3588,-0.03434903215942451,-0.3073626318153871,0.9509723216546472,1.0,0.3437993600924816,,,,,,A:ASP200;A:ASP98;A:GLY199;A:GLY78;A:GLY80;A:LEU145;A:MET40;A:PHE103;A:PHE36;A:SER149,A:LEU145;A:MET40;A:PHE103;A:PHE36,A:PHE103;A:PHE36,A:LEU145,A:LEU145,A:ASP200;A:ASP98;A:GLY199;A:PHE103;A:PHE36;A:SER149,1.0,-0.5993849381292097,1.3355464249126636,False,SAM_COMPATIBLE
7B_APO,7B,APO,24DCMB_R,1,-5.5,0.8995454545454549,6.8860909090909095,1.086818181818182,0.6486097417709331,-0.3335905567693114,0.6841218775292782,1.0,0.15089400253157878,,,,,,A:ALA83;A:ASN48;A:ASN84;A:CYS79;A:GLY78;A:GLY80;A:LEU145;A:LYS55;A:MET40;A:PHE103;A:PHE36;A:THR144;A:THR44;A:THR81;A:TRP173,A:ALA83;A:LEU145;A:MET40;A:PHE103;A:PHE36;A:TRP173,A:TRP173,A:THR144,A:ASN84;A:LEU145;A:LYS55;A:THR144;A:TRP173,A:ALA83;A:ASN84;A:CYS79;A:GLY80;A:MET40;A:PHE103;A:PHE36;A:THR144,1.0,-4.773689317973645,-2.9890482401923166,False,SAM_COMPATIBLE
7B_APO,7B,APO,24DCMB_R,2,-5.499,4.442727272727272,1.6022727272727273,3.8016363636363635,-0.6094038535518793,0.5881729567764353,-0.5316761384461274,1.0,0.3475197836095089,,,,,,A:ASN100;A:ASP200;A:ASP98;A:GLY78;A:GLY80;A:LEU145;A:PHE103;A:PHE36;A:PRO99;A:THR144;A:VAL146,A:LEU145;A:PHE103;A:PHE36;A:PRO99;A:VAL146,A:PHE103;A:PHE36,A:ASP200;A:ASP98,A:ASN100;A:ASP200;A:ASP98;A:PHE103;A:PRO99,A:GLY78;A:LEU145;A:THR144;A:VAL146,1.0,1.0778691763552506,3.3993995917346687,False,SAM_COMPATIBLE
7B_APO,7B,APO,24DCMB_R,3,-5.479,5.536272727272728,2.423181818181818,2.865272727272727,0.20506914875131912,0.4186422746554986,-0.8846950266061631,1.0,0.16928378540191016,,,,,,A:ASN100;A:ASP200;A:ASP98;A:CYS202;A:GLY199;A:GLY78;A:GLY80;A:LEU145;A:PHE103;A:PHE36;A:PRO99;A:SER149,A:LEU145;A:PHE103;A:PHE36;A:PRO99,A:PHE103;A:PHE36,A:ASP200;A:ASP98,A:ASN100;A:ASP200;A:ASP98;A:PHE103;A:PHE36,A:ASP98;A:CYS202;A:GLY199;A:GLY78;A:GLY80;A:LEU145;A:PHE36;A:SER149,1.0,0.2768928402311318,2.818477915646992,False,SAM_COMPATIBLE
7B_APO,7B,APO,24DCMB_R,4,-5.466,4.752727272727272,0.6667272727272728,3.2698181818181813,0.35072320314623984,-0.8967664496094179,0.2698206249154443,1.0,0.2234658810646492,,,,,,A:ASP200;A:ASP98;A:GLY78;A:LEU145;A:PHE103;A:PHE36;A:PRO99;A:SER149;A:THR144;A:VAL146;A:VAL150,A:LEU145;A:PHE103;A:PHE36;A:PRO99;A:VAL146;A:VAL150,A:PHE36,A:GLY78;A:LEU145,A:GLY78;A:LEU145;A:THR144;A:VAL146,A:ASP200;A:ASP98;A:PHE103;A:PHE36;A:PRO99;A:SER149;A:VAL150,1.0,1.9805049905220418,5.723448638859598,False,SAM_COMPATIBLE
7B_APO,7B,APO,24DCMB_R,5,-5.459,4.627000000000001,3.971636363636364,2.0953636363636363,0.47495681260727035,-0.8441316946596238,-0.24871209908047023,1.0,0.27629875135439913,,,,,,A:ASP200;A:ASP98;A:GLY80;A:LEU145;A:MET40;A:PHE103;A:PHE36;A:SER149;A:THR44;A:THR81;A:VAL146,A:LEU145;A:MET40;A:PHE103;A:PHE36,A:PHE103;A:PHE36,A:LEU145;A:SER149,A:LEU145;A:SER149;A:VAL146,A:GLY80;A:LEU145;A:MET40;A:THR44;A:THR81,1.0,-1.4227607037574597,1.381628004142565,False,SAM_COMPATIBLE
7B_APO,7B,APO,24DCMB_R,6,-5.456,4.848181818181819,-2.9232727272727272,3.9867272727272725,0.4154995710001779,-0.8868264565355582,0.20223486961266865,1.0,0.26881592214747996,,,,,,A:ASP98;A:GLN151;A:GLU128;A:GLY127;A:GLY78;A:LEU145;A:LEU77;A:PRO126;A:PRO99;A:SER149;A:VAL146;A:VAL150,A:LEU77;A:PRO126;A:PRO99;A:VAL146;A:VAL150,,,A:LEU145;A:SER149;A:VAL146,A:GLN151;A:GLU128;A:GLY127;A:GLY78;A:LEU77;A:PRO126;A:PRO99;A:VAL146;A:VAL150,1.0,5.6167614299369,9.117327802994422,True,SAM_COMPATIBLE
7B_APO,7B,APO,24DCMB_R,7,-5.449,4.406727272727273,3.8565454545454547,2.3862727272727273,-0.41608173924752195,0.8590453383318464,0.2981896929055059,1.0,0.22464638879803936,,,,,,A:ASP200;A:ASP98;A:CYS148;A:GLY199;A:GLY80;A:LEU145;A:MET40;A:PHE103;A:PHE36;A:SER149;A:THR44;A:THR81;A:VAL146,A:LEU145;A:MET40;A:PHE103;A:PHE36;A:VAL146,A:PHE103;A:PHE36,A:LEU145;A:SER149,A:CYS148;A:GLY199;A:LEU145;A:SER149,A:ASP200;A:ASP98;A:GLY80;A:MET40;A:PHE103;A:PHE36;A:THR44;A:THR81,1.0,-1.3008297461638871,1.6518960108354122,False,SAM_COMPATIBLE
7B_APO,7B,APO,24DCMB_R,8,-5.431,2.534090909090909,4.717363636363635,2.4042727272727276,0.811380149499345,-0.48266965308074794,0.32968509064458923,1.0,0.39901253113154206,,,,,,A:ASN84;A:ASP200;A:CYS79;A:GLY78;A:GLY80;A:LEU145;A:MET40;A:PHE103;A:PHE36;A:THR144;A:THR44;A:THR81;A:VAL146,A:LEU145;A:MET40;A:PHE103;A:PHE36;A:VAL146,A:PHE103;A:PHE36,A:GLY78;A:THR144,A:ASN84;A:CYS79;A:GLY78;A:THR144,A:ASP200;A:GLY80;A:MET40;A:PHE103;A:PHE36;A:THR44;A:THR81,1.0,-2.333798237780866,0.18719629957834477,False,SAM_COMPATIBLE
7B_APO,7B,APO,24DCMB_R,9,-5.307,4.33409090909091,0.8740909090909089,3.721272727272727,-0.06050936807163324,0.9970198298853643,0.04785473007896853,1.0,0.18804520733057806,,,,,,A:ASN100;A:ASP200;A:ASP98;A:GLY78;A:GLY80;A:LEU145;A:MET40;A:PHE103;A:PHE36;A:PRO99;A:SER149;A:VAL146;A:VAL150,A:LEU145;A:MET40;A:PHE103;A:PHE36;A:PRO99;A:VAL146;A:VAL150,A:PHE103;A:PHE36,A:VAL146,A:SER149;A:VAL146;A:VAL150,A:ASN100;A:ASP200;A:ASP98;A:GLY78;A:GLY80;A:MET40;A:PHE103;A:PHE36;A:PRO99,1.0,1.7801010680139229,4.6471270593420275,False,SAM_COMPATIBLE
7B_APO,7B,APO,24DCMB_R,10,-5.266,1.694,5.832272727272727,0.9715454545454545,-0.5030264633768253,0.7725984693910879,-0.38737060063607315,1.0,0.46934635398605157,,,,,,A:ALA83;A:ASN48;A:ASP98;A:CYS79;A:GLY78;A:GLY80;A:LEU145;A:LYS55;A:MET40;A:THR144;A:THR44;A:VAL146,A:ALA83;A:LEU145;A:MET40,A:PHE103;A:PHE36,A:GLY78;A:LEU145;A:THR144,A:GLY78;A:LEU145;A:THR144;A:VAL146,A:ALA83;A:ASN48;A:LEU145;A:LYS55;A:MET40;A:THR44,1.0,-3.6645676406374488,-0.5732733525134828,False,SAM_COMPATIBLE
7B_APO,7B,APO,24DCMB_R,11,-5.247,2.772272727272727,5.242454545454545,1.535909090909091,0.8797805456818101,-0.10956496717591183,-0.46258157054465293,1.0,0.2762553166909191,,,,,,A:ALA83;A:ASP98;A:CYS79;A:GLY78;A:GLY80;A:LEU145;A:MET40;A:PHE103;A:PHE36;A:THR144;A:THR44;A:THR81,A:ALA83;A:LEU145;A:MET40;A:PHE103;A:PHE36,A:PHE36,A:GLY78;A:THR144,A:CYS79;A:GLY78;A:THR144,A:ASP98;A:GLY78;A:GLY80;A:LEU145;A:MET40;A:PHE103;A:PHE36,1.0,-2.9183749953478038,-1.1372820189377806,False,SAM_COMPATIBLE
7B_APO,7B,APO,24DCMB_R,12,-5.239,5.147181818181818,3.0852727272727267,2.550818181818182,0.16461799912211655,-0.5902993609183468,0.7902199560023923,1.0,0.2172325942394464,,,,,,A:ASP200;A:ASP98;A:GLY80;A:LEU145;A:MET40;A:PHE103;A:PHE36;A:PRO99;A:SER149;A:THR144,A:LEU145;A:MET40;A:PHE103;A:PHE36;A:PRO99,A:PHE103;A:PHE36,A:LEU145,A:LEU145;A:THR144,A:ASP200;A:ASP98;A:GLY80;A:MET40;A:PHE103;A:PHE36;A:PRO99,1.0,-0.44838478807537985,2.424764650446062,False,SAM_COMPATIBLE
7B_APO,7B,APO,24DCMB_S,1,-5.682,4.838454545454545,-2.835,4.014363636363637,0.4430231373827296,-0.885370550078684,0.14088821383257066,1.0,0.321077872174337,,,,,,A:ASP98;A:GLN151;A:GLU128;A:GLY127;A:GLY78;A:LEU145;A:LEU77;A:PRO126;A:PRO99;A:SER149;A:VAL146;A:VAL150,A:LEU145;A:LEU77;A:PRO126;A:PRO99;A:VAL146;A:VAL150,,A:ASP98,A:ASP98;A:GLY78;A:PRO99,A:GLN151;A:GLU128;A:GLY127;A:GLY78;A:LEU77;A:PRO126;A:PRO99;A:VAL146;A:VAL150,1.0,5.531214430630733,9.026730042091042,True,SAM_COMPATIBLE
7B_APO,7B,APO,24DCMB_S,2,-5.493,4.926636363636363,3.002272727272727,2.668545454545454,-0.4158160037273797,0.9053647039506689,0.0860918340175694,1.0,0.3618922491571216,,,,,,A:ASP200;A:ASP98;A:GLY199;A:GLY78;A:GLY80;A:LEU145;A:MET40;A:PHE103;A:PHE36;A:SER149;A:THR81;A:VAL146,A:LEU145;A:MET40;A:PHE103;A:PHE36;A:VAL146,A:PHE103;A:PHE36,A:ASP200,A:ASP200;A:SER149,A:GLY199;A:GLY80;A:LEU145;A:MET40;A:PHE103;A:PHE36;A:SER149;A:THR81,1.0,-0.37578530849481534,2.733227769077543,False,SAM_COMPATIBLE
7B_APO,7B,APO,24DCMB_S,3,-5.399,4.873818181818182,3.8185454545454545,1.9425454545454548,0.2974934749888417,0.23373908199682394,-0.9256693113020144,1.0,0.1614744561842521,,,,,,A:ASP200;A:ASP98;A:CYS79;A:GLY199;A:GLY78;A:GLY80;A:LEU145;A:MET40;A:PHE103;A:PHE36;A:SER149,A:LEU145;A:MET40;A:PHE103;A:PHE36,A:PHE103;A:PHE36,A:ASP98;A:GLY78,A:ASP98;A:CYS79;A:GLY78;A:GLY80;A:PHE103,A:GLY80;A:LEU145;A:MET40,1.0,-1.2626039421494089,0.4690085412018023,False,SAM_COMPATIBLE
7B_APO,7B,APO,24DCMB_S,4,-5.371,4.477545454545455,4.123454545454546,2.1990909090909097,-0.5600986253856773,0.7531082267511362,0.345134073427753,1.0,0.17788479417870479,,,,,,A:ASP200;A:ASP98;A:CYS79;A:GLY199;A:GLY78;A:GLY80;A:LEU145;A:MET40;A:PHE103;A:PHE36;A:SER149;A:THR44;A:THR81;A:VAL146,A:LEU145;A:MET40;A:PHE103;A:PHE36,A:PHE103;A:PHE36,A:LEU145;A:SER149,A:LEU145;A:SER149;A:VAL146,A:ASP200;A:ASP98;A:CYS79;A:GLY80;A:MET40;A:PHE103;A:PHE36;A:THR44;A:THR81,1.0,-1.5771377356344842,1.128301417680756,False,SAM_COMPATIBLE
7B_APO,7B,APO,24DCMB_S,5,-5.369,5.899000000000001,-1.2780909090909092,4.109818181818182,0.16959129369382814,-0.9760664848924643,-0.13613599881340058,1.0,0.5000259993240354,,,,,,A:ASN100;A:ASP200;A:ASP98;A:GLN151;A:GLU128;A:GLY78;A:PHE103;A:PHE36;A:PRO99;A:SER149;A:VAL146;A:VAL150,A:PHE36;A:PRO99;A:VAL146;A:VAL150,A:PHE36,A:ASP200;A:ASP98,A:ASN100;A:ASP200;A:ASP98;A:PHE103;A:PRO99,A:ASP98;A:GLN151;A:GLU128;A:GLY78;A:PRO99;A:SER149;A:VAL146;A:VAL150,1.0,4.102783710172987,7.825720124061945,True,SAM_COMPATIBLE
7B_APO,7B,APO,24DCMB_S,6,-5.359,4.782272727272727,0.4826363636363636,3.261818181818182,0.3571339643228635,-0.9180699247984592,0.17205506301061618,1.0,0.2742371236721971,,,,,,A:ASP200;A:ASP98;A:GLY199;A:GLY78;A:GLY80;A:LEU145;A:PHE103;A:PHE36;A:PRO99;A:SER149;A:THR144;A:VAL146;A:VAL150,A:LEU145;A:PHE103;A:PHE36;A:PRO99;A:VAL146;A:VAL150,A:PHE103;A:PHE36,A:GLY78;A:LEU145,A:GLY78;A:LEU145;A:THR144;A:VAL146,A:ASP200;A:GLY199;A:PHE36;A:PRO99;A:SER149;A:VAL150,1.0,2.1648388257244546,5.938569239734842,False,SAM_COMPATIBLE
7B_APO,7B,APO,24DCMB_S,7,-5.357,4.732727272727273,3.026636363636363,3.1923636363636363,-0.31353168811557103,0.7501386227975834,-0.5822284149152676,1.0,0.3493493953050443,,,,,,A:ASN100;A:ASP200;A:ASP98;A:GLY199;A:GLY78;A:GLY80;A:LEU145;A:MET40;A:PHE103;A:PHE36;A:PRO99;A:SER149,A:LEU145;A:MET40;A:PHE103;A:PHE36;A:PRO99,A:PHE103;A:PHE36,A:ASP200;A:ASP98,A:ASN100;A:ASP200;A:ASP98;A:PHE103,A:ASP200;A:GLY199;A:MET40;A:PHE36;A:SER149,1.0,-0.36577647702844385,2.4888169664749076,False,SAM_COMPATIBLE
7B_APO,7B,APO,24DCMB_S,8,-5.295,5.8977272727272725,-1.0157272727272726,3.6995454545454547,-0.7762443985125584,0.5775207498675802,-0.2528130084672556,1.0,0.1600031249694834,,,,,,A:ASP200;A:ASP98;A:GLY201;A:GLY78;A:LEU145;A:LYS33;A:PRO99;A:SER149;A:VAL146;A:VAL150,A:LEU145;A:PRO99;A:VAL146;A:VAL150,A:PHE36,A:ASP200;A:SER149,A:ASP200;A:GLY201;A:SER149,A:ASP98;A:GLY78;A:LEU145;A:PRO99;A:VAL146;A:VAL150,1.0,3.8013647034664273,6.097080040232302,True,SAM_COMPATIBLE
7B_APO,7B,APO,24DCMB_S,9,-5.224,1.9490909090909094,5.677090909090908,1.024,0.9344385101546335,-0.16091772925840192,-0.317695066298343,1.0,0.5891867276169752,,,,,,A:ALA83;A:ASN84;A:CYS79;A:GLU76;A:GLY78;A:GLY80;A:LEU145;A:MET40;A:PHE36;A:THR144;A:THR44;A:THR81,A:ALA83;A:LEU145;A:MET40;A:PHE36,A:PHE36,A:GLY78;A:THR144,A:ASN84;A:CYS79;A:GLU76;A:GLY78;A:THR144,A:LEU145;A:MET40;A:PHE36;A:THR44,1.0,-3.4807531954084197,-2.021288953578439,False,SAM_COMPATIBLE
7B_APO,7B,APO,24DCMB_S,10,-5.189,5.058090909090909,3.0957272727272733,1.628090909090909,0.5099654736268291,0.44273835185557164,-0.7375079440282499,1.0,0.3552815784698105,,,,,,A:ASP200;A:ASP98;A:CYS79;A:GLY199;A:GLY78;A:GLY80;A:LEU145;A:MET40;A:PHE103;A:PHE36;A:SER149;A:VAL146,A:LEU145;A:MET40;A:PHE36;A:VAL146,A:PHE36,A:ASP98;A:GLY78,A:ASP98;A:CYS79;A:GLY78;A:GLY80;A:PHE103,A:ASP200;A:GLY199;A:PHE36;A:SER149,1.0,-0.5608330487050387,1.5681306880526853,False,SAM_COMPATIBLE
7B_APO,7B,APO,24DCMB_S,11,-5.016,5.5485454545454544,3.920272727272727,0.38781818181818184,-0.4426965208071812,-0.22150915735994844,0.8688805922972977,1.0,0.3893083610712723,,,,,,A:ASP98;A:CYS148;A:CYS202;A:GLY199;A:GLY78;A:HIS175;A:LEU145;A:MET40;A:PHE103;A:PHE36;A:SER149,A:LEU145;A:MET40;A:PHE103;A:PHE36,A:HIS175;A:PHE36,A:GLY199,A:CYS202;A:GLY199;A:PHE36,A:ASP98;A:GLY78;A:LEU145;A:MET40;A:PHE103,1.0,-1.4549562571291585,0.0525266675863756,False,SAM_COMPATIBLE
7B_APO,7B,APO,24DCMB_S,12,-5.004,4.802727272727274,1.424818181818182,3.7563636363636363,-0.6502773202085989,0.6619170010016454,-0.37283413283564976,1.0,0.22685017081765665,,,,,,A:ASN100;A:ASP200;A:ASP98;A:GLY78;A:GLY80;A:LEU145;A:PHE103;A:PHE36;A:PRO99;A:SER149;A:THR144;A:VAL146,A:LEU145;A:PHE103;A:PHE36;A:PRO99;A:VAL146,A:PHE103;A:PHE36,A:ASP200,A:ASP200;A:SER149,A:GLY78;A:GLY80;A:LEU145;A:SER149;A:THR144;A:VAL146,1.0,1.2840665641679703,3.3643619748707736,False,SAM_COMPATIBLE
7B_APO,7B,APO,25DCMB_R,1,-5.656,2.3262727272727273,4.769727272727272,2.3709090909090906,0.6937056106040534,-0.6807045511858392,0.23540144394489806,1.0,0.05808614292583071,,,,,,A:ASN84;A:ASP98;A:CYS79;A:GLY78;A:GLY80;A:LEU145;A:MET40;A:PHE103;A:PHE36;A:THR144;A:THR44;A:THR81;A:VAL146,A:LEU145;A:MET40;A:PHE103;A:PHE36;A:VAL146,A:PHE103;A:PHE36,A:GLY78;A:THR144,A:ASN84;A:CYS79;A:GLY78;A:THR144,A:GLY78;A:GLY80;A:LEU145;A:MET40;A:THR44;A:THR81;A:VAL146,1.0,-2.4092746988915947,0.9560044882736191,False,SAM_COMPATIBLE
7B_APO,7B,APO,25DCMB_R,2,-5.584,4.567818181818182,1.6519090909090908,3.9681818181818187,-0.44266441839996146,0.8240544158938424,-0.3535286867122415,1.0,0.2549999999999999,,,,,,A:ASN100;A:ASP200;A:ASP98;A:GLY78;A:GLY80;A:LEU145;A:MET40;A:PHE103;A:PHE36;A:PRO99;A:VAL146,A:LEU145;A:MET40;A:PHE103;A:PHE36;A:PRO99;A:VAL146,A:PHE103;A:PHE36,A:ASP200;A:ASP98,A:ASN100;A:ASP200;A:ASP98;A:PHE103;A:PRO99,A:GLY78;A:GLY80;A:MET40;A:PHE103;A:PHE36;A:PRO99;A:VAL146,1.0,1.0577778312855697,3.533168171769673,False,SAM_COMPATIBLE
7B_APO,7B,APO,25DCMB_R,3,-5.472,0.7854545454545453,6.548181818181818,0.9112727272727272,0.3917100824502337,0.5880360150131448,-0.7076558883767536,1.0,0.20434040227032968,,,,,,A:ALA83;A:ASN84;A:CYS79;A:GLU76;A:GLY78;A:GLY80;A:LEU145;A:LYS55;A:MET40;A:SER47;A:THR144;A:THR44;A:TRP173,A:ALA83;A:LEU145;A:MET40;A:TRP173,A:TRP173,A:GLY78;A:THR144,A:ASN84;A:CYS79;A:GLU76;A:GLY78;A:THR144,A:GLY78;A:GLY80;A:LEU145;A:LYS55;A:SER47;A:THR44;A:TRP173,1.0,-4.468024904021673,-2.4294062847594744,False,SAM_COMPATIBLE
7B_APO,7B,APO,25DCMB_R,4,-5.439,5.178545454545454,3.1976363636363634,2.4093636363636364,0.6891560807553762,-0.27662243205968856,-0.6697342207467617,1.0,0.31726644953414157,,,,,,A:ASP200;A:ASP98;A:CYS148;A:CYS202;A:GLY199;A:GLY78;A:GLY80;A:LEU145;A:MET40;A:PHE103;A:PHE36;A:SER149;A:THR144,A:LEU145;A:MET40;A:PHE103;A:PHE36,A:PHE103;A:PHE36,A:GLY78,A:GLY78;A:GLY80;A:LEU145;A:THR144,A:ASP200;A:ASP98;A:CYS148;A:CYS202;A:GLY199;A:LEU145;A:PHE103;A:PHE36;A:SER149,1.0,-0.5708970315047202,0.9738372169436277,False,SAM_COMPATIBLE
7B_APO,7B,APO,25DCMB_R,5,-5.392,1.2067272727272729,5.749181818181818,1.3909999999999998,-0.8139654942639737,0.5799050891841342,-0.03420908776840813,1.0,0.24302469010370156,,,,,,A:ALA83;A:ASN84;A:ASP98;A:CYS79;A:GLU76;A:GLY78;A:GLY80;A:LEU145;A:MET40;A:THR144;A:THR44;A:VAL146,A:ALA83;A:LEU145;A:MET40,A:PHE103;A:PHE36,A:GLY78;A:LEU145;A:THR144,A:GLY78;A:LEU145;A:THR144;A:VAL146,A:ALA83;A:ASN84;A:CYS79;A:GLU76;A:LEU145;A:MET40;A:THR144,1.0,-3.587328466420183,-0.6823416739390309,False,SAM_COMPATIBLE
7B_APO,7B,APO,25DCMB_R,6,-5.366,4.784454545454545,3.0627272727272725,2.155727272727273,-0.6258241308602981,0.5416387805466979,0.5612232965948923,1.0,0.35584547208022765,,,,,,A:ASP200;A:ASP98;A:GLY199;A:GLY78;A:GLY80;A:LEU145;A:MET40;A:PHE103;A:PHE36;A:SER149;A:THR81;A:VAL146,A:LEU145;A:MET40;A:PHE103;A:PHE36;A:VAL146,A:PHE103;A:PHE36,A:ASP200;A:GLY199;A:SER149,A:ASP200;A:GLY199;A:PHE36;A:SER149,A:GLY80;A:LEU145;A:MET40;A:PHE103;A:PHE36;A:SER149;A:THR81;A:VAL146,1.0,-0.5014138228242008,2.2988711940230795,False,SAM_COMPATIBLE
7B_APO,7B,APO,25DCMB_R,7,-5.327,5.4660909090909096,2.826272727272727,1.8869090909090906,0.14505937424908313,0.6016422172076938,-0.7854835583358029,1.0,0.29247051133404905,,,,,,A:ASP200;A:ASP98;A:CYS148;A:CYS202;A:GLY199;A:GLY78;A:GLY80;A:LEU145;A:MET40;A:PHE103;A:PHE36;A:SER149;A:VAL146,A:LEU145;A:MET40;A:PHE103;A:PHE36;A:VAL146,A:PHE103;A:PHE36,A:ASP200,A:ASP200;A:SER149,A:ASP98;A:CYS148;A:CYS202;A:GLY199;A:GLY78;A:GLY80;A:LEU145;A:PHE103;A:PHE36;A:SER149,1.0,-0.22808503017477355,2.3376600698096275,False,SAM_COMPATIBLE
7B_APO,7B,APO,25DCMB_R,8,-5.261,4.862363636363636,-2.7830909090909093,4.052545454545455,0.6475866551342754,-0.7538837492681216,0.11086395573603465,1.0,0.2283812601769242,,,,,,A:ASP98;A:GLU128;A:GLY127;A:GLY78;A:LEU145;A:LEU77;A:LEU97;A:PRO126;A:PRO99;A:SER149;A:VAL146;A:VAL150,A:LEU77;A:LEU97;A:PRO126;A:PRO99;A:VAL146;A:VAL150,,,A:LEU145;A:SER149;A:VAL146,A:GLY127;A:GLY78;A:LEU77;A:LEU97;A:PRO99;A:SER149;A:VAL146;A:VAL150,1.0,5.486016147942391,7.690895724627765,True,SAM_COMPATIBLE
7B_APO,7B,APO,25DCMB_R,9,-5.259,4.433454545454546,3.738727272727273,2.284363636363637,-0.42575616038274944,0.9048261323144522,-0.004621923518210336,1.0,0.0898943824718768,,,,,,A:ASP200;A:ASP98;A:CYS148;A:GLY199;A:GLY80;A:LEU145;A:MET40;A:PHE103;A:PHE36;A:SER149;A:THR44;A:VAL146,A:LEU145;A:MET40;A:PHE103;A:PHE36;A:VAL146,A:PHE103;A:PHE36,A:LEU145;A:SER149,A:CYS148;A:GLY199;A:LEU145;A:SER149,A:ASP200;A:ASP98;A:LEU145;A:MET40;A:PHE103;A:PHE36;A:THR44,1.0,-1.1918927532506236,1.6334814726521734,False,SAM_COMPATIBLE
7B_APO,7B,APO,25DCMB_R,10,-5.215,5.0734545454545446,-2.2285454545454546,3.9732727272727275,-0.659632953851084,-0.7145029535279754,0.23317353107394717,1.0,0.42957187989904566,,,,,,A:ASP200;A:GLU128;A:GLY127;A:GLY78;A:LEU145;A:LEU77;A:LEU97;A:PRO126;A:PRO99;A:SER149;A:VAL146;A:VAL150,A:LEU145;A:LEU77;A:LEU97;A:PRO126;A:PRO99;A:VAL146;A:VAL150,,A:ASP200,A:ASP200;A:PRO99,A:ASP200;A:GLY127;A:GLY78;A:LEU77;A:LEU97;A:PRO126;A:PRO99;A:SER149;A:VAL146;A:VAL150,1.0,4.949522071130049,7.0074075669119456,True,SAM_COMPATIBLE
7B_APO,7B,APO,25DCMB_R,11,-5.138,5.061272727272727,3.566272727272727,1.369818181818182,0.34285904839041365,0.46255026521660403,-0.8176153894618601,1.0,0.17224691579241708,,,,,,A:ASP200;A:ASP98;A:GLY199;A:GLY78;A:GLY80;A:LEU145;A:MET40;A:PHE103;A:PHE36;A:SER149;A:THR144;A:VAL146,A:LEU145;A:MET40;A:PHE103;A:PHE36,A:PHE103;A:PHE36,A:GLY78,A:ASP98;A:GLY78;A:LEU145;A:THR144;A:VAL146,A:ASP200;A:GLY199;A:LEU145;A:MET40;A:PHE36;A:SER149,1.0,-1.0525458066044182,1.3620604829966634,False,SAM_COMPATIBLE
7B_APO,7B,APO,25DCMB_R,12,-5.133,5.242818181818182,0.18845454545454557,3.0638181818181818,-0.20112875675460498,0.8454723169484724,-0.494695648333527,1.0,0.34226305672683993,,,,,,A:ASP200;A:ASP98;A:GLY199;A:GLY78;A:LEU145;A:PHE36;A:PRO99;A:SER149;A:VAL146;A:VAL150,A:LEU145;A:PHE36;A:PRO99;A:VAL146;A:VAL150,A:PHE36,A:ASP200,A:ASP200;A:PRO99;A:SER149,A:ASP98;A:GLY199;A:GLY78;A:LEU145;A:PHE36;A:PRO99;A:SER149;A:VAL146,1.0,2.480943054833844,5.318160195641949,False,SAM_COMPATIBLE
7B_APO,7B,APO,25DCMB_S,1,-5.522,5.726636363636365,-0.5686363636363638,4.078636363636364,0.3489797820285744,-0.9197498388957108,-0.17964783768974893,1.0,0.19827506146764876,,,,,,A:ASN100;A:ASP200;A:ASP98;A:GLY78;A:LEU145;A:PHE103;A:PHE36;A:PRO99;A:SER149;A:VAL146;A:VAL150,A:LEU145;A:PHE103;A:PHE36;A:PRO99;A:VAL146;A:VAL150,A:PHE103;A:PHE36,A:ASP200;A:ASP98,A:ASN100;A:ASP200;A:ASP98;A:PHE103;A:PRO99,A:ASP200;A:ASP98;A:GLY78;A:LEU145;A:PRO99;A:SER149;A:VAL146,1.0,3.380413303011886,6.201713029947138,True,SAM_COMPATIBLE
7B_APO,7B,APO,25DCMB_S,2,-5.5,4.682818181818182,-2.634,4.070181818181819,0.6510762442771771,-0.7539928303373757,0.08714663468980874,1.0,0.23932613731057473,,,,,,A:ASP98;A:GLU128;A:GLY127;A:GLY78;A:LEU145;A:LEU77;A:LEU97;A:PRO126;A:PRO99;A:SER149;A:VAL146;A:VAL150,A:LEU145;A:LEU77;A:LEU97;A:PRO126;A:PRO99;A:VAL146;A:VAL150,,A:ASP98,A:ASP98;A:GLY78;A:PRO99,A:GLY127;A:GLY78;A:LEU77;A:LEU97;A:PRO99;A:SER149;A:VAL146;A:VAL150,1.0,5.322690942658839,7.521097316023707,True,SAM_COMPATIBLE
7B_APO,7B,APO,25DCMB_S,3,-5.421,4.709,2.6370909090909094,2.4815454545454547,0.5895156389185943,-0.6576693286138046,0.46898013355692264,1.0,0.3564631818294848,,,,,,A:ASP200;A:ASP98;A:GLY199;A:GLY78;A:GLY80;A:LEU145;A:PHE36;A:PRO99;A:SER149;A:THR144;A:VAL146,A:LEU145;A:PHE36;A:PRO99,A:PHE103;A:PHE36,A:GLY78;A:LEU145;A:THR144,A:GLY78;A:LEU145;A:THR144;A:VAL146,A:ASP200;A:ASP98;A:LEU145;A:PHE36;A:PRO99;A:SER149,1.0,-0.05437039158020504,2.543271062618571,False,SAM_COMPATIBLE
7B_APO,7B,APO,25DCMB_S,4,-5.365,4.525272727272728,4.096181818181819,1.9406363636363635,-0.5739740604512181,0.818833411731802,0.008100725942710956,1.0,0.15029970059850423,,,,,,A:ASP200;A:ASP98;A:GLY199;A:GLY78;A:GLY80;A:LEU145;A:MET40;A:PHE103;A:PHE36;A:SER149;A:THR44;A:VAL146,A:LEU145;A:MET40;A:PHE103;A:PHE36,A:PHE103;A:PHE36,A:LEU145;A:SER149,A:LEU145;A:SER149;A:VAL146,A:ASP200;A:ASP98;A:LEU145;A:MET40;A:PHE103;A:PHE36;A:THR44,1.0,-1.5716491567376945,1.0910330797133108,False,SAM_COMPATIBLE
7B_APO,7B,APO,25DCMB_S,5,-5.333,4.52490909090909,0.5293636363636364,3.312818181818182,0.04912394830952648,-0.9658269955029537,0.2544897885185589,1.0,0.32305727046454163,,,,,,A:ASP200;A:ASP98;A:GLY199;A:GLY78;A:GLY80;A:LEU145;A:PHE103;A:PHE36;A:PRO99;A:SER149;A:THR144;A:VAL146;A:VAL150,A:LEU145;A:PHE103;A:PHE36;A:PRO99;A:VAL146;A:VAL150,A:PHE103;A:PHE36,A:GLY78;A:LEU145,A:GLY78;A:LEU145;A:THR144;A:VAL146,A:ASP200;A:GLY199;A:GLY78;A:PHE36;A:PRO99;A:SER149;A:VAL146;A:VAL150,1.0,2.098654630421853,5.057212896438485,False,SAM_COMPATIBLE
7B_APO,7B,APO,25DCMB_S,6,-5.28,4.198,3.6899999999999995,1.5575454545454546,0.11081895373879805,-0.7589625882674353,0.6416345915726753,1.0,0.3224065756153245,,,,,,A:ASP200;A:ASP98;A:CYS79;A:GLY199;A:GLY78;A:GLY80;A:LEU145;A:MET40;A:PHE103;A:PHE36;A:SER149;A:THR144;A:THR44;A:VAL146,A:LEU145;A:MET40;A:PHE36;A:VAL146,A:PHE36,A:ASP98;A:GLY78,A:ASP98;A:CYS79;A:GLY78;A:GLY80;A:PHE103,A:ASP200;A:GLY199;A:LEU145;A:PHE36;A:SER149;A:THR144;A:THR44,1.0,-1.240178391974217,1.390741319303932,False,SAM_COMPATIBLE
7B_APO,7B,APO,25DCMB_S,7,-5.279,5.098454545454545,3.6549090909090904,1.9662727272727276,-0.5964827289718841,0.4502837711253952,0.6644192046436849,1.0,0.21725100690215474,,,,,,A:ASP200;A:ASP98;A:CYS148;A:CYS202;A:GLY199;A:GLY78;A:GLY80;A:LEU145;A:MET40;A:PHE103;A:PHE36;A:SER149;A:THR81,A:LEU145;A:MET40;A:PHE103;A:PHE36,A:PHE103;A:PHE36,A:LEU145;A:SER149,A:CYS148;A:CYS202;A:GLY199;A:LEU145;A:SER149,A:ASP200;A:GLY80;A:MET40;A:PHE36;A:SER149;A:THR81,1.0,-1.0762953406604405,1.5311351897790177,False,SAM_COMPATIBLE
7B_APO,7B,APO,25DCMB_S,8,-5.279,3.905909090909091,3.3012727272727274,3.1738181818181816,-0.5157508475473537,0.8343066831851365,-0.19476504215798782,1.0,0.4638986958377874,,,,,,A:ASP200;A:ASP98;A:GLY78;A:GLY80;A:LEU145;A:MET40;A:PHE103;A:PHE36;A:PRO99;A:SER149;A:THR144;A:THR44;A:THR81;A:VAL146,A:LEU145;A:MET40;A:PHE103;A:PHE36;A:VAL146,A:PHE103;A:PHE36,A:ASP98,A:ASP200;A:ASP98;A:PHE103;A:PRO99,A:GLY78;A:GLY80;A:LEU145;A:MET40;A:THR44;A:THR81;A:VAL146,1.0,-0.7201500890951632,1.6628125959993267,False,SAM_COMPATIBLE
7B_APO,7B,APO,25DCMB_S,9,-5.207,4.97509090909091,1.5978181818181816,2.2332727272727273,-0.4660842895784658,-0.7906420329192346,0.39705240307732287,1.0,0.24887747989723735,,,,,,A:ASP200;A:ASP98;A:GLY199;A:GLY78;A:LEU145;A:PHE36;A:SER149;A:VAL146;A:VAL150,A:LEU145;A:PHE36;A:VAL146;A:VAL150,A:PHE36,A:ASP200;A:GLY199;A:SER149,A:ASP200;A:GLY199;A:PHE36;A:SER149,A:PHE36;A:SER149;A:VAL146;A:VAL150,1.0,0.9753891541037778,4.450594476090248,False,SAM_COMPATIBLE
7B_APO,7B,APO,25DCMB_S,10,-5.2,6.429545454545454,-1.7814545454545454,3.7954545454545454,-0.7263362936748252,0.6446085999574035,-0.2385693638162158,1.0,0.19233824372703429,,,,,,A:ASP200;A:GLU128;A:GLY201;A:LYS33;A:PRO99;A:SER149;A:VAL146;A:VAL150,A:PRO99;A:VAL146;A:VAL150,,A:ASP200;A:SER149,A:ASP200;A:GLY201;A:SER149,A:ASP200;A:GLU128;A:PRO99;A:SER149;A:VAL150,1.0,4.62103613509922,7.356718190613068,True,SAM_COMPATIBLE
7B_APO,7B,APO,25DCMB_S,11,-5.159,4.202999999999999,0.8986363636363636,3.7953636363636365,-0.2232629881866103,0.942219954412029,-0.2497502664939103,1.0,0.2599019045717055,,,,,,A:ASN100;A:ASP200;A:ASP98;A:GLY78;A:GLY80;A:LEU145;A:PHE103;A:PHE36;A:PRO99;A:SER149;A:THR144;A:VAL146;A:VAL150,A:LEU145;A:PHE103;A:PHE36;A:PRO99;A:VAL146;A:VAL150,A:PHE103;A:PHE36,,A:ASP98;A:GLY78;A:PRO99;A:VAL146,A:ASN100;A:ASP200;A:ASP98;A:GLY78;A:LEU145;A:PRO99;A:THR144;A:VAL146,1.0,1.7505232859857527,4.345782423708024,False,SAM_COMPATIBLE
7B_APO,7B,APO,25DCMB_S,12,-5.149,5.524090909090909,2.9739999999999998,2.1265454545454543,0.14590220875714893,0.41119689171709717,-0.8997942329899561,1.0,0.4520287601469618,,,,,,A:ASP200;A:ASP98;A:CYS202;A:GLY199;A:GLY78;A:GLY80;A:LEU145;A:MET40;A:PHE103;A:PHE36;A:SER149,A:LEU145;A:MET40;A:PHE103;A:PHE36,A:PHE103;A:PHE36,A:ASP200,A:ASP200;A:SER149,A:ASP98;A:CYS202;A:GLY199;A:GLY78;A:GLY80;A:LEU145;A:PHE103;A:PHE36;A:SER149,1.0,-0.34443333150846517,2.169132199513775,False,SAM_COMPATIBLE
7B_APO,7B,APO,26DCMB_R,1,-5.437,4.784454545454546,3.4683636363636365,2.2880000000000003,-0.45819244560108685,0.8815676627561485,0.11356997304198273,1.0,0.28410737406832576,,,,,,A:ASP200;A:ASP98;A:GLY199;A:GLY78;A:GLY80;A:LEU145;A:MET40;A:PHE103;A:PHE36;A:SER149;A:VAL146,A:LEU145;A:MET40;A:PHE103;A:PHE36,A:PHE103;A:PHE36,A:LEU145;A:SER149,A:LEU145;A:SER149;A:VAL146,A:ASP200;A:ASP98;A:LEU145;A:MET40;A:PHE103;A:PHE36,1.0,-0.8896340019763473,1.5753172189990179,False,SAM_COMPATIBLE
7B_APO,7B,APO,26DCMB_R,2,-5.409,4.917818181818182,3.3822727272727273,2.436090909090909,0.8133412957370448,-0.5661316756168582,-0.13405544566347652,1.0,0.3359404709170957,,,,,,A:ASP200;A:ASP98;A:GLY199;A:GLY78;A:GLY80;A:LEU145;A:MET40;A:PHE103;A:PHE36;A:SER149;A:THR144,A:LEU145;A:MET40;A:PHE103;A:PHE36,A:PHE103;A:PHE36,A:GLY78,A:GLY78;A:GLY80;A:LEU145;A:THR144,A:ASP200;A:ASP98;A:LEU145;A:MET40;A:PHE103;A:PHE36,1.0,-0.7764069345993856,0.8632283865050497,False,SAM_COMPATIBLE
7B_APO,7B,APO,26DCMB_R,3,-5.334,2.3892727272727274,5.412545454545454,1.5006363636363638,0.9358639134192492,-0.2433357804710214,-0.25484590148198694,1.0,0.27778588877047017,,,,,,A:ALA83;A:ASP98;A:CYS79;A:GLY78;A:GLY80;A:LEU145;A:MET40;A:PHE103;A:PHE36;A:THR144;A:THR44;A:THR81,A:ALA83;A:LEU145;A:MET40;A:PHE103;A:PHE36,A:PHE36,A:GLY78;A:THR144,A:CYS79;A:GLY78;A:THR144,A:ASP98;A:GLY78;A:GLY80;A:LEU145;A:PHE103;A:THR144;A:THR44,1.0,-3.1276776861378517,-1.1498563544639404,False,SAM_COMPATIBLE
7B_APO,7B,APO,26DCMB_R,4,-5.284,4.803272727272728,3.477090909090909,2.239,0.4528372487115109,-0.8887342516254741,-0.07134322789934798,1.0,0.20684777011125804,,,,,,A:ASP200;A:ASP98;A:GLY199;A:GLY78;A:GLY80;A:LEU145;A:MET40;A:PHE103;A:PHE36;A:SER149;A:VAL146,A:LEU145;A:MET40;A:PHE103;A:PHE36,A:PHE103;A:PHE36,A:LEU145;A:SER149,A:LEU145;A:SER149;A:VAL146,A:ASP200;A:ASP98;A:LEU145;A:MET40;A:PHE103;A:PHE36,1.0,-0.9014011955489979,1.5362842389987086,False,SAM_COMPATIBLE
7B_APO,7B,APO,26DCMB_R,5,-5.243,2.318363636363636,5.448818181818183,1.553090909090909,0.9371165600377053,-0.2824358702486963,-0.20504275676053393,1.0,0.26841013393685426,,,,,,A:ALA83;A:ASP98;A:CYS79;A:GLY78;A:GLY80;A:LEU145;A:MET40;A:PHE103;A:PHE36;A:THR144;A:THR44;A:THR81,A:ALA83;A:LEU145;A:MET40;A:PHE103;A:PHE36,A:PHE36,A:GLY78;A:THR144,A:CYS79;A:GLY78;A:THR144,A:ASP98;A:GLY78;A:GLY80;A:LEU145;A:PHE103;A:THR144;A:THR44,1.0,-3.1651912060870884,-1.1749793632191305,False,SAM_COMPATIBLE
7B_APO,7B,APO,26DCMB_R,6,-5.242,4.865090909090909,-2.588636363636364,4.040181818181818,-0.053344087892139944,0.9624813883105297,-0.2660525990152904,1.0,0.26353747361618224,,,,,,A:ASP200;A:ASP98;A:GLU128;A:GLY127;A:GLY78;A:LEU145;A:LEU77;A:PRO126;A:PRO99;A:SER149;A:VAL146;A:VAL150,A:LEU77;A:PRO126;A:PRO99;A:VAL146;A:VAL150,,,A:LEU145;A:SER149;A:VAL146,A:ASP200;A:GLY127;A:GLY78;A:LEU77;A:PRO99;A:SER149;A:VAL146;A:VAL150,1.0,5.292505392920068,7.7931351408729554,True,SAM_COMPATIBLE
7B_APO,7B,APO,26DCMB_R,7,-5.158,4.815363636363636,3.963999999999999,1.1462727272727273,0.6862332808192056,-0.09854407731635424,-0.7206753423851668,1.0,0.2306209010475851,,,,,,A:ASP200;A:CYS202;A:GLY199;A:GLY78;A:GLY80;A:LEU145;A:MET40;A:PHE103;A:PHE36;A:SER149;A:THR144;A:VAL146,A:LEU145;A:MET40;A:PHE103;A:PHE36,A:PHE103;A:PHE36,A:GLY78,A:GLY78;A:GLY80;A:LEU145;A:THR144;A:VAL146,A:ASP200;A:GLY199;A:LEU145;A:MET40;A:PHE36;A:SER149;A:THR144,1.0,-1.4929247067401032,0.7656420516826175,False,SAM_COMPATIBLE
7B_APO,7B,APO,26DCMB_R,8,-5.088,4.867454545454545,3.186090909090909,1.746909090909091,0.33404227636538864,0.5050323492925918,-0.7958379758271373,1.0,0.1322800060477774,,,,,,A:ASP200;A:ASP98;A:GLY199;A:GLY78;A:GLY80;A:LEU145;A:MET40;A:PHE103;A:PHE36;A:SER149;A:THR144;A:VAL146,A:LEU145;A:MET40;A:PHE36;A:VAL146,A:PHE36,A:ASP98,A:ASP98;A:GLY80;A:PHE103;A:PHE36,A:ASP200;A:LEU145;A:PHE36;A:SER149;A:THR144,1.0,-0.6568513564925841,1.4868439534062665,False,SAM_COMPATIBLE
7B_APO,7B,APO,26DCMB_R,9,-5.071,6.320272727272727,-3.0452727272727276,4.206727272727272,-0.9765938203336604,-0.2144189601877585,0.017000576405134357,1.0,0.28456985082752567,,,,,,A:ASP200;A:GLU128;A:GLY127;A:GLY201;A:PRO126;A:PRO99;A:SER149;A:VAL146;A:VAL150,A:PRO126;A:PRO99;A:VAL146;A:VAL150,,A:ASP200;A:SER149,A:ASP200;A:GLY201;A:SER149,A:PRO99;A:SER149,1.0,5.903298938515128,8.126338718633699,True,SAM_COMPATIBLE
7B_APO,7B,APO,26DCMB_R,10,-5.053,0.7784545454545455,6.654363636363636,0.9763636363636362,-0.728306050949681,0.48686024400072625,-0.48222131740688734,1.0,0.30317981463151567,,,,,,A:ALA83;A:ASN48;A:ASN84;A:CYS79;A:GLU76;A:GLY78;A:GLY80;A:LEU145;A:LYS55;A:MET40;A:THR144;A:THR44;A:THR81;A:TRP173,A:ALA83;A:LEU145;A:MET40;A:TRP173,A:TRP173,,A:GLY80;A:MET40;A:THR44;A:THR81,A:ALA83;A:ASN84;A:CYS79;A:GLU76;A:GLY78;A:LEU145;A:MET40;A:THR144;A:THR44,1.0,-4.567245672979581,-2.1022928122066937,False,SAM_COMPATIBLE
7B_APO,7B,APO,26DCMB_R,11,-4.991,5.88890909090909,-0.7523636363636363,3.7985454545454544,-0.19422006119925242,0.9783052132651491,0.07209353317731929,1.0,0.2397936613007109,,,,,,A:ASP200;A:ASP98;A:GLY78;A:LEU145;A:LYS33;A:PHE103;A:PHE36;A:PRO99;A:SER149;A:VAL146;A:VAL150,A:LEU145;A:PHE36;A:PRO99;A:VAL146;A:VAL150,A:PHE36,A:ASP98,A:ASP200;A:ASP98;A:PHE103;A:PRO99,A:ASP200;A:GLY78;A:LEU145;A:LYS33;A:PRO99;A:VAL146,1.0,3.549777538109798,5.924929778574744,False,SAM_COMPATIBLE
7B_APO,7B,APO,26DCMB_R,12,-4.893,7.433181818181816,6.711272727272728,-2.752636363636364,0.6614299029745208,0.7494595835484407,-0.028649887931965528,1.0,0.20574012734515396,,,,,,A:CYS148;A:CYS202;A:GLY199;A:HIS175;A:LEU145;A:LEU232;A:LEU43;A:MET40;A:PHE36;A:TRP195;A:VAL234,A:LEU145;A:LEU232;A:LEU43;A:MET40;A:PHE36;A:TRP195;A:VAL234,A:HIS175;A:PHE36;A:TRP195,,A:LEU145,A:CYS202;A:GLY199;A:LEU232;A:PHE36;A:VAL234,1.0,-4.352506595740403,-2.25284676143408,False,SAM_COMPATIBLE
7B_APO,7B,APO,26DCMB_S,1,-5.392,0.5471818181818183,6.645818181818183,0.9694545454545455,-0.6471829319227562,0.576032069908969,-0.4993408726153446,1.0,0.14411800720243098,,,,,,A:ALA83;A:ASN48;A:ASN84;A:CYS79;A:GLU76;A:GLY78;A:GLY80;A:LEU145;A:LYS55;A:MET40;A:THR144;A:THR44;A:THR81;A:TRP173,A:ALA83;A:LEU145;A:MET40;A:TRP173,A:PHE103;A:TRP173,A:GLY78;A:THR144,A:GLY78;A:LEU145;A:THR144,A:ALA83;A:ASN84;A:CYS79;A:GLU76;A:GLY78;A:LEU145;A:MET40;A:THR144;A:THR44,1.0,-4.582025257204348,-1.9830071555366537,False,SAM_COMPATIBLE
7B_APO,7B,APO,26DCMB_S,2,-5.382,4.76,-2.192636363636364,4.069909090909091,0.10982121024261375,-0.9806266095867746,0.16220590109855876,1.0,0.2703719660023944,,,,,,A:ASP200;A:ASP98;A:GLU128;A:GLY127;A:GLY78;A:LEU145;A:LEU77;A:PRO126;A:PRO99;A:SER149;A:VAL146;A:VAL150,A:LEU145;A:LEU77;A:PRO126;A:PRO99;A:VAL146;A:VAL150,,A:ASP98,A:ASP98;A:GLY78;A:PRO99,A:ASP200;A:GLY127;A:GLY78;A:LEU77;A:PRO99;A:SER149;A:VAL146;A:VAL150,1.0,4.893201952767829,7.330614312547726,True,SAM_COMPATIBLE
7B_APO,7B,APO,26DCMB_S,3,-5.344,4.931090909090909,3.216727272727273,2.420636363636364,0.39157087456338735,-0.9143245628920743,-0.10335784385270927,1.0,0.17459667808981963,,,,,,A:ASP200;A:ASP98;A:GLY199;A:GLY80;A:LEU145;A:MET40;A:PHE103;A:PHE36;A:SER149;A:VAL146,A:LEU145;A:MET40;A:PHE103;A:PHE36;A:VAL146,A:PHE103;A:PHE36,A:ASP200;A:SER149,A:ASP200;A:GLY199;A:PHE36;A:SER149,A:ASP200;A:ASP98;A:LEU145;A:PHE103;A:PHE36,1.0,-0.6127752044531108,1.8997084011684005,False,SAM_COMPATIBLE
7B_APO,7B,APO,26DCMB_S,4,-5.337,5.247000000000001,-1.6873636363636366,3.8375454545454546,0.43740299886605655,-0.8974583722980157,0.05698321309980177,1.0,0.10785638599545215,,,,,,A:ASP200;A:ASP98;A:GLY127;A:GLY78;A:LEU145;A:PRO99;A:SER149;A:VAL146;A:VAL150,A:LEU145;A:PRO99;A:VAL146;A:VAL150,,A:ASP98,A:ASP98;A:GLY78;A:PRO99,A:ASP200;A:GLY127;A:PRO99;A:SER149;A:VAL146;A:VAL150,1.0,4.416884387430501,6.70754461766985,True,SAM_COMPATIBLE
7B_APO,7B,APO,26DCMB_S,5,-5.278,0.5087272727272727,6.65090909090909,0.9946363636363637,0.6803965991235552,-0.5524003882990494,0.48157479056545327,1.0,0.11349449325848385,,,,,,A:ALA83;A:ASN48;A:ASN84;A:CYS79;A:GLU76;A:GLY78;A:GLY80;A:LEU145;A:LYS55;A:MET40;A:THR144;A:THR44;A:THR81;A:TRP173,A:ALA83;A:LEU145;A:MET40;A:TRP173,A:PHE103;A:TRP173,A:GLY78;A:THR144,A:GLY78;A:LEU145;A:THR144,A:ALA83;A:ASN84;A:CYS79;A:GLU76;A:GLY78;A:LEU145;A:MET40;A:THR144;A:THR44,1.0,-4.588264248217014,-2.0296712512531148,False,SAM_COMPATIBLE
7B_APO,7B,APO,26DCMB_S,6,-5.257,4.8305454545454545,3.326363636363636,1.960818181818182,0.8169566688652957,-0.5691683469717702,0.09289345510821446,1.0,0.36638367867578375,,,,,,A:ASP200;A:ASP98;A:GLY199;A:GLY78;A:GLY80;A:LEU145;A:MET40;A:PHE103;A:PHE36;A:SER149;A:THR144;A:VAL146,A:LEU145;A:MET40;A:PHE103;A:PHE36,A:PHE103;A:PHE36,A:LEU145;A:THR144,A:GLY78;A:LEU145;A:THR144;A:VAL146,A:ASP98;A:GLY199;A:GLY78;A:GLY80;A:LEU145;A:PHE103;A:PHE36;A:SER149,1.0,-0.777673869392553,1.0765168631056623,False,SAM_COMPATIBLE
7B_APO,7B,APO,26DCMB_S,7,-5.243,4.9950909090909095,3.2026363636363637,2.4536363636363636,-0.11197467291003887,-0.5758764429601154,0.8098320783164216,1.0,0.3765567686285825,,,,,,A:ASP200;A:ASP98;A:GLY199;A:GLY78;A:GLY80;A:LEU145;A:MET40;A:PHE103;A:PHE36;A:SER149,A:LEU145;A:MET40;A:PHE103;A:PHE36,A:PHE103;A:PHE36,A:ASP98,A:ASP98;A:GLY78,A:ASP200;A:GLY78;A:GLY80;A:MET40;A:SER149,1.0,-0.5892455968935019,1.7152649122484622,False,SAM_COMPATIBLE
7B_APO,7B,APO,26DCMB_S,8,-5.241,4.923272727272727,3.1855454545454545,2.4308181818181818,-0.37932198056489713,0.9235837105052188,0.05574912330912971,1.0,0.13935924798878577,,,,,,A:ASP200;A:ASP98;A:GLY199;A:GLY80;A:LEU145;A:MET40;A:PHE103;A:PHE36;A:SER149;A:VAL146,A:LEU145;A:MET40;A:PHE103;A:PHE36;A:VAL146,A:PHE103;A:PHE36,A:ASP200;A:SER149,A:ASP200;A:GLY199;A:PHE36;A:SER149,A:ASP200;A:ASP98;A:LEU145;A:PHE103;A:PHE36,1.0,-0.5816340275218101,1.9642088169280185,False,SAM_COMPATIBLE
7B_APO,7B,APO,26DCMB_S,9,-5.191,4.806909090909091,3.3790909090909094,1.9178181818181819,0.836415728824087,-0.5457866409390106,0.050256055835914304,1.0,0.4093568125730901,,,,,,A:ASP200;A:ASP98;A:GLY199;A:GLY78;A:GLY80;A:LEU145;A:MET40;A:PHE103;A:PHE36;A:SER149;A:THR144;A:VAL146,A:LEU145;A:MET40;A:PHE103;A:PHE36,A:PHE103;A:PHE36,A:LEU145;A:THR144,A:GLY78;A:LEU145;A:THR144;A:VAL146,A:ASP98;A:GLY199;A:GLY78;A:GLY80;A:LEU145;A:PHE103;A:PHE36;A:SER149,1.0,-0.8365348059473634,0.976482076731213,False,SAM_COMPATIBLE
7B_APO,7B,APO,26DCMB_S,10,-5.133,4.6534545454545455,4.120727272727272,1.296909090909091,-0.5036510408837761,-0.009903251450981405,0.8638504237582962,1.0,0.15103310895297084,,,,,,A:ASP200;A:ASP98;A:GLY199;A:GLY78;A:GLY80;A:LEU145;A:MET40;A:PHE103;A:PHE36;A:SER149,A:LEU145;A:MET40;A:PHE103;A:PHE36,A:PHE103;A:PHE36,A:GLY78,A:ASP98;A:GLY78;A:GLY80;A:LEU145,A:ASP200;A:LEU145;A:MET40;A:PHE36,1.0,-1.6486270421698337,0.37019649891311673,False,SAM_COMPATIBLE
7B_APO,7B,APO,26DCMB_S,11,-5.088,4.528454545454545,3.344545454545455,1.8213636363636363,-0.5379121408044999,-0.32961980661755647,0.7758874350448809,1.0,0.2545014734731412,,,,,,A:ASP200;A:ASP98;A:GLY199;A:GLY78;A:GLY80;A:LEU145;A:MET40;A:PHE103;A:PHE36;A:SER149;A:THR144;A:VAL146,A:LEU145;A:MET40;A:PHE36;A:VAL146,A:PHE103;A:PHE36,A:ASP98,A:ASP98;A:GLY78;A:GLY80;A:PHE103,A:ASP200;A:GLY199;A:GLY78;A:GLY80;A:LEU145;A:PHE36;A:SER149;A:THR144,1.0,-0.839236257575309,1.1492743260369287,False,SAM_COMPATIBLE
7B_APO,7B,APO,2CLBA,1,-5.031,5.266222222222222,3.035888888888889,2.9224444444444444,-0.7412860744208379,0.5889566294253317,0.32190844121535034,1.0,0.31717818336070974,,,,,,A:ASP200;A:ASP98;A:GLY199;A:GLY78;A:GLY80;A:LEU145;A:MET40;A:PHE103;A:PHE36;A:SER149,A:LEU145;A:MET40;A:PHE103;A:PHE36,A:PHE103;A:PHE36,A:ASP200;A:GLY199;A:SER149,A:ASP200;A:GLY199;A:PHE36;A:SER149,A:ASP200;A:ASP98;A:PHE103;A:PHE36,1.0,-0.3502664490148943,1.169369431649001,False,SAM_COMPATIBLE
7B_APO,7B,APO,2CLBA,2,-4.967,-0.2853333333333334,6.645,1.1845555555555558,0.3942051675465014,0.5514200588160636,-0.7352130334909218,1.0,0.3186440019834048,,,,,,A:ALA83;A:ASN84;A:CYS79;A:GLU76;A:GLY78;A:GLY80;A:LEU145;A:LYS55;A:THR144;A:THR44;A:TRP173,A:ALA83;A:LEU145;A:TRP173,A:TRP173,A:ASN84;A:GLU76;A:GLY78;A:THR144,A:ASN84;A:CYS79;A:GLU76;A:GLY78;A:THR144,A:CYS79;A:GLY78;A:GLY80,1.0,-4.640579296765608,-2.7915891224798406,False,SAM_COMPATIBLE
7B_APO,7B,APO,2CLBA,3,-4.911,0.18333333333333338,6.3967777777777775,1.580444444444444,0.9262650698237502,0.23832777345846368,-0.291946729426337,1.0,0.4394155208911039,,,,,,A:ALA83;A:ASN84;A:CYS79;A:GLU76;A:GLY78;A:GLY80;A:LEU145;A:LYS55;A:MET40;A:THR144;A:THR44;A:THR81;A:TRP173,A:ALA83;A:LEU145;A:MET40;A:TRP173,,A:ASN84;A:CYS79;A:GLU76;A:GLY78;A:THR144,A:ASN84;A:CYS79;A:GLU76;A:GLY78;A:GLY80;A:THR144,A:ALA83;A:ASN84;A:LYS55;A:THR144;A:TRP173,1.0,-4.309063435076326,-2.8480862777982345,False,SAM_COMPATIBLE
7B_APO,7B,APO,2CLBA,4,-4.885,4.481444444444445,1.6975555555555557,3.9606666666666666,-0.6269790685348924,0.4591435879131099,-0.6293523760957731,1.0,0.19656296701057402,,,,,,A:ASN100;A:ASP200;A:ASP98;A:GLY78;A:GLY80;A:LEU145;A:PHE103;A:PHE36;A:PRO99;A:SER149;A:VAL146,A:LEU145;A:PHE103;A:PHE36;A:PRO99;A:VAL146,A:PHE103;A:PHE36,A:ASP200;A:ASP98,A:ASN100;A:ASP200;A:ASP98;A:PHE103;A:PRO99,A:GLY78;A:SER149;A:VAL146,1.0,1.0034051829916155,3.1528896228586274,False,SAM_COMPATIBLE
7B_APO,7B,APO,2CLBA,5,-4.809,5.097777777777778,3.563,2.2383333333333333,0.61433058904165,-0.565532081445663,-0.5502466648908249,1.0,0.26870615921485674,,,,,,A:ASP200;A:ASP98;A:GLY199;A:GLY80;A:LEU145;A:MET40;A:PHE103;A:PHE36;A:SER149,A:LEU145;A:MET40;A:PHE103;A:PHE36,A:PHE103;A:PHE36,A:ASP200;A:GLY199;A:SER149,A:ASP200;A:GLY199;A:PHE36;A:SER149,A:LEU145;A:PHE36,1.0,-0.9578216102384778,0.807251313131129,False,SAM_COMPATIBLE
7B_APO,7B,APO,2CLBA,6,-4.775,2.3966666666666665,4.995555555555556,2.4801111111111114,0.9220751414454728,-0.2713987726268549,0.27589878532706147,1.0,0.0743908596535895,,,,,,A:ASN84;A:CYS79;A:GLY78;A:GLY80;A:LEU145;A:MET40;A:PHE103;A:PHE36;A:THR144;A:THR44;A:THR81;A:VAL146,A:LEU145;A:MET40;A:PHE103;A:PHE36;A:VAL146,A:PHE103;A:PHE36,A:GLY78;A:THR144,A:ASN84;A:CYS79;A:GLY78;A:THR144,A:GLY80;A:MET40;A:THR44;A:THR81,1.0,-2.6149458270599446,-0.7618329480376174,False,SAM_COMPATIBLE
7B_APO,7B,APO,2CLBA,7,-4.743,5.543444444444445,-0.5163333333333334,3.751666666666667,0.11336172537848238,-0.9314381550270122,-0.34579196430670456,1.0,0.10147413463538422,,,,,,A:ASN100;A:ASP200;A:ASP98;A:GLY78;A:LEU145;A:PHE103;A:PHE36;A:PRO99;A:SER149;A:VAL146;A:VAL150,A:LEU145;A:PHE36;A:PRO99;A:VAL146;A:VAL150,A:PHE103;A:PHE36,A:ASP200;A:ASP98,A:ASN100;A:ASP200;A:ASP98;A:PHE103,A:ASP98;A:GLY78;A:LEU145;A:VAL146,1.0,3.2776731763156572,5.436807276243579,False,SAM_COMPATIBLE
7B_APO,7B,APO,2CLBA,8,-4.733,5.471666666666667,2.4257777777777774,3.1077777777777786,-0.16681894612161396,-0.29993018633887814,0.9392621159919097,1.0,0.3517157943567503,,,,,,A:ASN100;A:ASP200;A:ASP98;A:GLY199;A:GLY78;A:GLY80;A:LEU145;A:PHE103;A:PHE36;A:SER149,A:LEU145;A:PHE103;A:PHE36,A:PHE103;A:PHE36,A:ASP200;A:ASP98,A:ASN100;A:ASP200;A:ASP98;A:PHE103;A:PHE36,A:ASP98;A:GLY78;A:GLY80;A:PHE103,1.0,0.29257639586331174,1.680141952594954,False,SAM_COMPATIBLE
7B_APO,7B,APO,2CLBA,9,-4.683,5.426111111111111,3.172333333333333,2.2507777777777775,-0.4110510087044938,-0.020326515610811516,0.9113857037534339,1.0,0.3492706686797501,,,,,,A:ASP200;A:ASP98;A:CYS202;A:GLY199;A:GLY80;A:LEU145;A:MET40;A:PHE103;A:PHE36;A:SER149,A:LEU145;A:MET40;A:PHE103;A:PHE36,A:PHE103;A:PHE36,A:GLY199;A:SER149,A:ASP200;A:CYS202;A:GLY199;A:LEU145;A:PHE36;A:SER149,A:LEU145;A:MET40;A:PHE36,1.0,-0.5377711172575759,0.934790427526027,False,SAM_COMPATIBLE
7B_APO,7B,APO,2CLBA,10,-4.612,5.217888888888889,-0.5225555555555557,3.523888888888889,0.6226915908086299,-0.7505614001803971,0.22116230984383478,1.0,0.20135789033459808,,,,,,A:ASP200;A:ASP98;A:GLY78;A:LEU145;A:PHE103;A:PHE36;A:PRO99;A:SER149;A:VAL146;A:VAL150,A:LEU145;A:PHE103;A:PHE36;A:PRO99;A:VAL146;A:VAL150,,A:LEU145,A:GLY78;A:LEU145;A:VAL146,A:ASP200;A:ASP98;A:PHE103;A:PHE36,1.0,3.2290441049128966,5.29893034897379,False,SAM_COMPATIBLE
7B_APO,7B,APO,2CLBA,11,-4.609,4.998444444444444,3.1367777777777777,2.027222222222222,0.6282434260839176,-0.48765415158083125,0.6062207733394831,1.0,0.2752834902423319,,,,,,A:ASP200;A:ASP98;A:GLY199;A:GLY78;A:LEU145;A:MET40;A:PHE103;A:PHE36;A:SER149;A:THR144,A:LEU145;A:MET40;A:PHE103;A:PHE36,A:PHE103;A:PHE36,A:LEU145;A:THR144,A:GLY78;A:LEU145;A:THR144,A:GLY199;A:LEU145;A:PHE36;A:SER149,1.0,-0.5668826592117573,0.9483826877818994,False,SAM_COMPATIBLE
7B_APO,7B,APO,2CLBA,12,-4.574,4.655777777777777,0.817111111111111,3.663555555555556,0.3185588908587314,-0.9371875635481492,-0.14212566195285792,1.0,0.2363768178142687,,,,,,A:ASN100;A:ASP200;A:ASP98;A:CYS79;A:GLY78;A:GLY80;A:LEU145;A:PHE103;A:PHE36;A:PRO99;A:SER149;A:VAL146;A:VAL150,A:LEU145;A:PHE103;A:PHE36;A:PRO99;A:VAL146;A:VAL150,A:PHE103;A:PHE36,A:ASP98;A:GLY78,A:ASP98;A:CYS79;A:GLY78;A:GLY80,A:ASN100;A:ASP200;A:ASP98;A:PHE103;A:PHE36,1.0,1.8620252261765264,4.106416247603102,False,SAM_COMPATIBLE
7B_APO,7B,APO,34DCMB_R,1,-5.868,4.395181818181817,2.0823636363636364,3.768909090909091,-0.5697477451029302,0.6518695666571965,-0.5004533694724066,1.0,0.30700814321447545,,,,,,A:ASN100;A:ASP200;A:ASP98;A:GLY78;A:GLY80;A:LEU145;A:MET40;A:PHE103;A:PHE36;A:PRO99;A:THR144;A:VAL146,A:LEU145;A:MET40;A:PHE103;A:PHE36;A:PRO99;A:VAL146,A:PHE103;A:PHE36,A:ASP200;A:ASP98,A:ASN100;A:ASP200;A:ASP98;A:PHE103;A:PRO99,A:GLY78;A:GLY80;A:LEU145;A:MET40;A:PHE103;A:PHE36;A:THR144;A:VAL146,1.0,0.5945951831078923,3.395290991504886,False,SAM_COMPATIBLE
7B_APO,7B,APO,34DCMB_R,2,-5.553,4.106272727272727,2.1214545454545455,3.139090909090909,0.48951724232925137,-0.7383064778330974,0.46397889418814187,1.0,0.19595152461769696,,,,,,A:ASP200;A:ASP98;A:GLY78;A:GLY80;A:LEU145;A:MET40;A:PHE103;A:PHE36;A:PRO99;A:SER149;A:THR144;A:VAL146,A:LEU145;A:MET40;A:PHE103;A:PHE36;A:PRO99;A:VAL146,A:PHE103;A:PHE36,A:GLY78;A:LEU145;A:THR144,A:GLY78;A:LEU145;A:THR144;A:VAL146,A:ASP200;A:ASP98;A:PRO99;A:SER149;A:VAL146,1.0,0.46397291984328237,3.510762123165716,False,SAM_COMPATIBLE
7B_APO,7B,APO,34DCMB_R,3,-5.545,2.633363636363636,4.667272727272726,2.338181818181818,0.6054991859653835,-0.6055364606099488,0.5164265007406516,1.0,0.13541787178950915,,,,,,A:ASP200;A:ASP98;A:GLY78;A:GLY80;A:LEU145;A:MET40;A:PHE103;A:PHE36;A:THR144;A:THR44;A:VAL146,A:LEU145;A:MET40;A:PHE103;A:PHE36;A:VAL146,A:PHE103;A:PHE36,A:THR144,A:GLY78;A:THR144,A:ASP200;A:ASP98;A:GLY78;A:LEU145;A:PHE103;A:PHE36;A:VAL146,1.0,-2.2812197297985835,0.8383612937478249,False,SAM_COMPATIBLE
7B_APO,7B,APO,34DCMB_R,4,-5.543,4.380727272727273,4.0316363636363635,2.146818181818182,-0.4704002777379278,0.8823408509383861,0.014078404362911495,1.0,0.389463733870049,,,,,,A:ASP200;A:ASP98;A:GLY80;A:LEU145;A:MET40;A:PHE103;A:PHE36;A:SER149;A:THR44;A:THR81;A:VAL146,A:LEU145;A:MET40;A:PHE103;A:PHE36,A:PHE103;A:PHE36,A:LEU145;A:SER149,A:LEU145;A:SER149;A:VAL146,A:GLY80;A:LEU145;A:MET40;A:THR44;A:THR81,1.0,-1.5009589344344725,1.5406464140595522,False,SAM_COMPATIBLE
7B_APO,7B,APO,34DCMB_R,5,-5.532,5.903272727272727,-1.0737272727272726,3.4994545454545447,-0.596560245183591,0.7956551720085936,-0.10511289703204527,1.0,0.3114578623184842,,,,,,A:ASP200;A:ASP98;A:GLY201;A:GLY78;A:LEU145;A:PHE103;A:PHE36;A:PRO99;A:SER149;A:VAL146;A:VAL150,A:LEU145;A:PHE103;A:PHE36;A:PRO99;A:VAL146;A:VAL150,,A:ASP200;A:SER149,A:ASP200;A:GLY201;A:SER149,A:ASP200;A:ASP98;A:GLY78;A:LEU145;A:PHE103;A:PHE36;A:VAL146,1.0,3.8390729952394267,7.189006076359276,True,SAM_COMPATIBLE
7B_APO,7B,APO,34DCMB_R,6,-5.489,1.0514545454545454,5.789363636363636,1.3166363636363638,-0.602073654392106,0.7328346373681976,-0.3169553737679124,1.0,0.2889723170132394,,,,,,A:ALA83;A:ASN48;A:ASN84;A:ASP98;A:CYS79;A:GLY78;A:GLY80;A:LEU145;A:LYS55;A:PHE103;A:THR144;A:THR44;A:VAL146,A:ALA83;A:LEU145;A:PHE103,A:PHE103;A:PHE36,A:GLY78;A:LEU145;A:THR144,A:GLY78;A:LEU145;A:THR144;A:VAL146,A:ALA83;A:ASN48;A:ASN84;A:CYS79;A:LYS55;A:THR144;A:THR44,1.0,-3.6497734234482255,-0.5026669956001543,False,SAM_COMPATIBLE
7B_APO,7B,APO,34DCMB_R,7,-5.479,5.401545454545454,2.4658181818181815,3.2703636363636366,0.21145305181721732,-0.6694910543371023,0.7120880107400908,1.0,0.26946613887462695,,,,,,A:ASN100;A:ASP200;A:ASP98;A:GLY199;A:GLY80;A:LEU145;A:MET40;A:PHE103;A:PHE36;A:PRO99;A:SER149,A:LEU145;A:MET40;A:PHE103;A:PHE36;A:PRO99,A:PHE103;A:PHE36,A:ASP200;A:ASP98,A:ASN100;A:ASP200;A:ASP98;A:PHE103;A:PRO99,A:GLY199;A:LEU145;A:MET40;A:PHE36;A:SER149,1.0,0.2625587592402595,3.3360565247067155,False,SAM_COMPATIBLE
7B_APO,7B,APO,34DCMB_R,8,-5.436,4.664545454545455,0.4553636363636364,3.4671818181818184,0.44262536290918936,-0.8892195342006843,0.11563480490503691,1.0,0.12599603168354173,,,,,,A:ASP200;A:ASP98;A:GLY78;A:GLY80;A:LEU145;A:PHE103;A:PHE36;A:PRO99;A:SER149;A:THR144;A:VAL146;A:VAL150,A:PHE103;A:PHE36;A:PRO99;A:VAL146;A:VAL150,A:PHE103;A:PHE36,A:GLY78;A:LEU145,A:GLY78;A:LEU145;A:THR144;A:VAL146,A:ASP200;A:PRO99;A:SER149;A:VAL146;A:VAL150,1.0,2.201157169636712,5.300882733842503,False,SAM_COMPATIBLE
7B_APO,7B,APO,34DCMB_R,9,-5.4,5.803636363636363,-0.5614545454545457,3.188363636363636,0.29982489831137343,-0.8839171605303828,0.3588808767160501,1.0,0.32249806200968145,,,,,,A:ASP200;A:ASP98;A:LEU145;A:PHE36;A:PRO99;A:SER149;A:VAL146;A:VAL150,A:LEU145;A:PHE36;A:PRO99;A:VAL146;A:VAL150,A:PHE103;A:PHE36,A:LEU145;A:SER149,A:LEU145;A:SER149,A:ASP200;A:PRO99;A:SER149;A:VAL150,1.0,3.2906787964143946,6.872502180183246,True,SAM_COMPATIBLE
7B_APO,7B,APO,34DCMB_R,10,-5.397,1.8309090909090913,6.499636363636364,0.956,0.7085952380366487,-0.35675579181533856,0.6087841108619667,1.0,0.21788529092162254,,,,,,A:ALA83;A:CYS79;A:GLY80;A:LEU145;A:LYS55;A:MET40;A:PHE103;A:PHE36;A:THR144;A:THR44;A:THR81;A:TRP173,A:ALA83;A:LEU145;A:MET40;A:PHE103;A:PHE36;A:TRP173,A:PHE36;A:TRP173,A:THR144,A:LEU145;A:LYS55;A:THR144;A:TRP173,A:GLY80;A:LEU145;A:MET40;A:PHE103;A:PHE36,1.0,-4.313538859612415,-2.671984113563668,False,SAM_COMPATIBLE
7B_APO,7B,APO,34DCMB_R,11,-5.396,5.806545454545454,3.4826363636363635,0.9405454545454546,-0.38598430050694105,-0.17331255120029165,0.9060788483121176,1.0,0.29334280287745246,,,,,,A:ASP200;A:ASP98;A:CYS148;A:CYS202;A:GLY199;A:GLY78;A:GLY80;A:LEU145;A:MET40;A:PHE103;A:PHE36;A:SER149,A:LEU145;A:MET40;A:PHE103;A:PHE36,A:HIS175;A:PHE103;A:PHE36,A:GLY199,A:CYS202;A:GLY199;A:PHE36,A:ASP200;A:ASP98;A:GLY78;A:GLY80;A:PHE103;A:PHE36,1.0,-0.9405604332456167,1.377677778139003,False,SAM_COMPATIBLE
7B_APO,7B,APO,34DCMB_R,12,-5.369,5.092272727272728,-1.327909090909091,3.964181818181818,-0.14946977251476998,0.9886728801004331,0.013591293474033208,1.0,0.24869660230891807,,,,,,A:ASP200;A:ASP98;A:GLU128;A:GLY127;A:GLY78;A:LEU145;A:PHE103;A:PRO126;A:PRO99;A:SER149;A:VAL146;A:VAL150,A:LEU145;A:PRO126;A:PRO99;A:VAL146;A:VAL150,A:PHE36,A:ASP98,A:ASP200;A:ASP98;A:PHE103,A:GLU128;A:GLY127;A:PRO126;A:PRO99;A:SER149;A:VAL146;A:VAL150,1.0,4.058736788453998,7.586911776883526,True,SAM_COMPATIBLE
7B_APO,7B,APO,34DCMB_S,1,-5.656,4.90709090909091,3.692636363636363,2.3280909090909088,-0.565945843323378,0.8217233443139249,-0.06690327222586948,1.0,0.2589111816820586,,,,,,A:ASP200;A:ASP98;A:GLY199;A:GLY80;A:LEU145;A:MET40;A:PHE103;A:PHE36;A:SER149;A:THR44;A:THR81,A:LEU145;A:MET40;A:PHE103;A:PHE36,A:PHE103;A:PHE36,A:ASP200;A:GLY199;A:SER149,A:ASP200;A:GLY199;A:PHE36;A:SER149,A:GLY80;A:LEU145;A:MET40;A:THR44;A:THR81,1.0,-1.0956698645084024,2.109206874010967,False,SAM_COMPATIBLE
7B_APO,7B,APO,34DCMB_S,2,-5.604,2.681090909090909,4.195090909090909,2.6110909090909087,0.7025355277400769,-0.6328327131590599,0.32552509798587603,1.0,0.3197686663824336,,,,,,A:ALA83;A:ASP200;A:ASP98;A:CYS79;A:GLY78;A:GLY80;A:LEU145;A:MET40;A:PHE103;A:PHE36;A:THR144;A:THR44;A:VAL146,A:ALA83;A:LEU145;A:MET40;A:PHE103;A:PHE36;A:VAL146,A:PHE103;A:PHE36,A:GLY78;A:THR144,A:CYS79;A:GLY78;A:THR144,A:ASP200;A:ASP98;A:GLY78;A:LEU145;A:PHE103;A:PHE36;A:VAL146,1.0,-1.7814432949800492,1.3599219535269953,False,SAM_COMPATIBLE
7B_APO,7B,APO,34DCMB_S,3,-5.574,4.0266363636363645,2.183636363636364,3.239181818181818,0.5726170994296206,-0.733583830517789,0.36601150397720533,1.0,0.17366058850527924,,,,,,A:ASP200;A:ASP98;A:CYS79;A:GLY78;A:GLY80;A:LEU145;A:PHE103;A:PHE36;A:PRO99;A:SER149;A:THR144;A:VAL146,A:LEU145;A:PHE103;A:PHE36;A:PRO99;A:VAL146,A:PHE103;A:PHE36,A:GLY78;A:LEU145;A:THR144,A:GLY78;A:LEU145;A:THR144;A:VAL146,A:ASP200;A:ASP98;A:PRO99;A:SER149;A:VAL146,1.0,0.404779388733123,3.4459007066611758,False,SAM_COMPATIBLE
7B_APO,7B,APO,34DCMB_S,4,-5.558,1.4507272727272724,6.614636363636364,1.0679999999999998,0.7908101308665663,-0.402646690999417,0.4609717769517177,1.0,0.3089287943847249,,,,,,A:ALA83;A:ASN48;A:ASN84;A:CYS79;A:GLY80;A:LEU145;A:LYS55;A:MET40;A:PHE103;A:PHE36;A:THR144;A:THR44;A:THR81;A:TRP173,A:ALA83;A:LEU145;A:MET40;A:PHE103;A:PHE36;A:TRP173,A:TRP173,A:ASN84;A:THR144,A:ALA83;A:ASN84;A:LYS55;A:THR144,A:GLY80;A:LEU145;A:MET40;A:PHE103;A:PHE36,1.0,-4.453113181864082,-2.5810970175642614,False,SAM_COMPATIBLE
7B_APO,7B,APO,34DCMB_S,5,-5.506,5.0458181818181815,2.845909090909091,3.073272727272727,0.1363392919805091,-0.7359162016451423,0.6632035446365163,1.0,0.3161233936297659,,,,,,A:ASN100;A:ASP200;A:ASP98;A:GLY78;A:GLY80;A:LEU145;A:MET40;A:PHE103;A:PHE36;A:PRO99;A:SER149,A:LEU145;A:MET40;A:PHE103;A:PHE36;A:PRO99,A:PHE103;A:PHE36,A:ASP200;A:ASP98,A:ASN100;A:ASP200;A:ASP98;A:PHE103;A:PRO99,A:GLY80;A:LEU145;A:MET40;A:PHE103;A:PHE36,1.0,-0.16838393319244974,2.823277049026936,False,SAM_COMPATIBLE
7B_APO,7B,APO,34DCMB_S,6,-5.484,5.576181818181818,2.9319090909090915,1.8930909090909092,-0.13848095577623865,-0.2803661137960017,0.9498514974048455,1.0,0.40553914730886303,,,,,,A:ASP200;A:ASP98;A:CYS148;A:CYS202;A:GLY199;A:GLY78;A:GLY80;A:LEU145;A:MET40;A:PHE103;A:PHE36;A:PRO99;A:SER149,A:LEU145;A:MET40;A:PHE103;A:PHE36;A:PRO99,A:PHE103;A:PHE36,A:CYS148;A:LEU145;A:SER149,A:CYS148;A:CYS202;A:GLY199;A:LEU145;A:SER149,A:ASP200;A:ASP98;A:GLY78;A:GLY80;A:PHE103;A:PRO99,1.0,-0.3213173896828534,1.520701495652847,False,SAM_COMPATIBLE
7B_APO,7B,APO,34DCMB_S,7,-5.481,5.0512727272727265,-1.0364545454545455,3.9741818181818185,-0.10268362050803562,0.9937617730200007,0.04351565883111911,1.0,0.13765536676788123,,,,,,A:ASP200;A:ASP98;A:GLU128;A:GLY127;A:GLY78;A:PHE103;A:PHE36;A:PRO99;A:SER149;A:VAL146;A:VAL150,A:PHE103;A:PHE36;A:PRO99;A:VAL146;A:VAL150,A:PHE103;A:PHE36,A:ASP98,A:ASP98;A:GLY78,A:GLU128;A:GLY127;A:PRO99;A:SER149;A:VAL146;A:VAL150,1.0,3.7671907905670414,7.302487578306643,True,SAM_COMPATIBLE
7B_APO,7B,APO,34DCMB_S,8,-5.462,1.1427272727272728,5.858909090909091,1.145,-0.6830825335853299,0.7102581752956071,-0.17009284739929914,1.0,0.3282651367416287,,,,,,A:ALA83;A:ASN48;A:ASN84;A:CYS79;A:GLY78;A:LEU145;A:LYS55;A:PHE36;A:THR144;A:THR44;A:VAL146,A:ALA83;A:LEU145;A:PHE36,A:PHE36,A:GLY78;A:LEU145;A:THR144,A:GLY78;A:LEU145;A:THR144;A:VAL146,A:ALA83;A:ASN48;A:ASN84;A:CYS79;A:LYS55;A:THR144;A:THR44,1.0,-3.7271089221541995,-0.5995691568218006,False,SAM_COMPATIBLE
7B_APO,7B,APO,34DCMB_S,9,-5.414,5.0983636363636355,2.8674545454545455,2.894636363636363,-0.08886800316569843,0.6262645271316863,-0.7745290311343189,1.0,0.372645944564006,,,,,,A:ASN100;A:ASP200;A:ASP98;A:GLY199;A:GLY80;A:LEU145;A:MET40;A:PHE103;A:PHE36;A:PRO99;A:SER149,A:LEU145;A:MET40;A:PHE103;A:PHE36;A:PRO99,A:PHE103;A:PHE36,A:ASP200;A:ASP98,A:ASN100;A:ASP200;A:ASP98;A:PHE103;A:PRO99,A:GLY199;A:LEU145;A:MET40;A:PHE36;A:SER149,1.0,-0.20267893029145942,2.764048945630857,False,SAM_COMPATIBLE
7B_APO,7B,APO,34DCMB_S,10,-5.4,4.529636363636365,1.323090909090909,2.994272727272727,0.547631887029772,-0.7972095552594692,0.2540792028309493,1.0,0.24602845363900505,,,,,,A:ASP200;A:ASP98;A:GLY78;A:GLY80;A:LEU145;A:PHE36;A:PRO99;A:SER149;A:THR144;A:VAL146,A:LEU145;A:PHE36;A:PRO99;A:VAL146,A:PHE103;A:PHE36,A:GLY78;A:LEU145;A:THR144,A:GLY78;A:LEU145;A:THR144;A:VAL146,A:ASP200;A:GLY78;A:PRO99;A:SER149;A:VAL146,1.0,1.281015883943035,4.1142498408662815,False,SAM_COMPATIBLE
7B_APO,7B,APO,34DCMB_S,11,-5.398,5.589727272727273,-0.35445454545454536,3.332818181818182,0.4046691216001247,-0.8902935108178921,0.20885489369161342,1.0,0.22533974349856695,,,,,,A:ASP200;A:ASP98;A:GLY78;A:LEU145;A:PHE103;A:PHE36;A:PRO99;A:SER149;A:VAL146;A:VAL150,A:LEU145;A:PHE103;A:PHE36;A:PRO99;A:VAL146;A:VAL150,A:PHE103;A:PHE36,A:LEU145,A:GLY78;A:LEU145;A:VAL146,A:ASP200;A:PRO99;A:SER149;A:VAL150,1.0,3.0795086454672194,6.703081650429453,True,SAM_COMPATIBLE
7B_APO,7B,APO,34DCMB_S,12,-5.312,4.277181818181818,1.5607272727272727,3.355454545454546,-0.2611667218730741,0.9644060337303051,-0.04138774565803263,1.0,0.2687638368531004,,,,,,A:ASP200;A:ASP98;A:GLY78;A:GLY80;A:LEU145;A:MET40;A:PHE103;A:PHE36;A:PRO99;A:SER149;A:THR144;A:VAL146;A:VAL150,A:LEU145;A:MET40;A:PHE103;A:PHE36;A:PRO99;A:VAL146,A:PHE103;A:PHE36,A:VAL146,A:SER149;A:VAL146;A:VAL150,A:GLY78;A:GLY80;A:LEU145;A:MET40;A:PHE103;A:PHE36;A:THR144;A:VAL146,1.0,1.057697442738094,4.291901184650552,False,SAM_COMPATIBLE
7B_APO,7B,APO,3CLBA,1,-5.167,3.925666666666667,1.7871111111111115,3.6842222222222225,0.46060784676248073,-0.7333817622641192,0.49999160220868255,1.0,0.35571196212666223,,,,,,A:ASP200;A:ASP98;A:GLY78;A:GLY80;A:LEU145;A:PHE103;A:PHE36;A:PRO99;A:THR144;A:VAL146,A:LEU145;A:PHE103;A:PHE36;A:PRO99;A:VAL146,A:PHE103;A:PHE36,A:GLY78;A:LEU145;A:THR144,A:GLY78;A:LEU145;A:THR144;A:VAL146,A:ASP98;A:GLY78;A:PRO99;A:VAL146,1.0,0.8325834978790098,3.8734851758385425,False,SAM_COMPATIBLE
7B_APO,7B,APO,3CLBA,2,-5.073,0.6902222222222222,6.179555555555556,1.8951111111111112,0.9882710959194504,0.13641229116410958,-0.06864348322693462,1.0,0.32663282137592903,,,,,,A:ALA83;A:ASN84;A:CYS79;A:GLU76;A:GLY78;A:GLY80;A:LEU145;A:MET40;A:PHE103;A:PHE36;A:THR144;A:THR44;A:THR81,A:ALA83;A:LEU145;A:MET40;A:PHE103;A:PHE36,,A:ASN84;A:CYS79;A:GLU76;A:GLY78;A:THR144,A:ASN84;A:CYS79;A:GLU76;A:GLY78;A:GLY80;A:THR144,A:GLY80;A:MET40;A:PHE103;A:PHE36,1.0,-4.012737364030674,-2.8566750270961774,False,SAM_COMPATIBLE
7B_APO,7B,APO,3CLBA,3,-5.051,4.420222222222222,2.1853333333333333,3.9537777777777774,-0.49032832043370916,0.6767960184068349,-0.5491131829134254,1.0,0.24896786941290255,,,,,,A:ASN100;A:ASP200;A:ASP98;A:GLY78;A:GLY80;A:LEU145;A:MET40;A:PHE103;A:PHE36;A:PRO99;A:VAL146,A:LEU145;A:MET40;A:PHE103;A:PHE36;A:PRO99;A:VAL146,A:PHE103;A:PHE36,A:ASP200;A:ASP98,A:ASN100;A:ASP200;A:ASP98;A:PHE103;A:PRO99,A:GLY80;A:MET40;A:PHE103;A:PHE36,1.0,0.5138034117762957,2.4655656352579185,False,SAM_COMPATIBLE
7B_APO,7B,APO,3CLBA,4,-4.848,5.037777777777778,3.4087777777777775,2.4116666666666666,-0.7097702838749179,0.7042557850568628,-0.015809280251192274,1.0,0.3532789266288041,,,,,,A:ASP200;A:ASP98;A:GLY199;A:GLY78;A:GLY80;A:LEU145;A:MET40;A:PHE103;A:PHE36;A:SER149,A:LEU145;A:MET40;A:PHE103;A:PHE36,A:PHE103;A:PHE36,A:ASP200;A:GLY199;A:SER149,A:ASP200;A:GLY199;A:PHE36;A:SER149,A:LEU145;A:MET40,1.0,-0.7934298564819463,1.2187780472763052,False,SAM_COMPATIBLE
7B_APO,7B,APO,3CLBA,5,-4.834,5.095,3.109555555555555,3.0875555555555554,-0.07967389298159905,0.49736853025563854,-0.8638730322729741,1.0,0.19561697267875328,,,,,,A:ASN100;A:ASP200;A:ASP98;A:GLY80;A:LEU145;A:MET40;A:PHE103;A:PHE36;A:PRO99;A:SER149,A:LEU145;A:MET40;A:PHE103;A:PHE36,A:PHE103;A:PHE36,A:ASP200;A:ASP98,A:ASN100;A:ASP200;A:ASP98;A:PHE103;A:PRO99,A:LEU145;A:PHE36;A:SER149,1.0,-0.42317473042612874,1.6272383035444569,False,SAM_COMPATIBLE
7B_APO,7B,APO,3CLBA,6,-4.766,5.602777777777778,-1.0303333333333333,4.131666666666666,-0.623000999146651,0.7314542119489843,0.27720838891412547,1.0,0.19253311403496273,,,,,,A:ASP200;A:ASP98;A:GLY201;A:GLY78;A:PHE103;A:PHE36;A:PRO99;A:SER149;A:VAL146;A:VAL150,A:PHE103;A:PHE36;A:PRO99;A:VAL146;A:VAL150,,A:ASP200;A:SER149,A:ASP200;A:GLY201;A:SER149,A:ASP200;A:ASP98;A:PHE103;A:PHE36,1.0,3.830825571198137,5.790266032248119,False,SAM_COMPATIBLE
7B_APO,7B,APO,3CLBA,7,-4.752,4.833333333333333,3.1686666666666663,3.3234444444444446,0.25534301532281745,-0.8217910285583461,0.5093716225967704,1.0,0.38402343678478845,,,,,,A:ASP200;A:ASP98;A:GLY80;A:LEU145;A:MET40;A:PHE103;A:PHE36;A:PRO99;A:SER149,A:LEU145;A:MET40;A:PHE103;A:PHE36,A:PHE103;A:PHE36,A:ASP98,A:ASP200;A:ASP98;A:PRO99,A:GLY80;A:MET40;A:PHE103,1.0,-0.4833216383796333,2.3470227950163873,False,SAM_COMPATIBLE
7B_APO,7B,APO,3CLBA,8,-4.751,5.2556666666666665,3.1995555555555555,2.5316666666666663,-0.39901000768343226,-0.056261154068309664,0.9152189335406961,1.0,0.4112055447096986,,,,,,A:ASP200;A:ASP98;A:CYS202;A:GLY199;A:GLY78;A:GLY80;A:LEU145;A:MET40;A:PHE103;A:PHE36;A:SER149,A:LEU145;A:MET40;A:PHE103;A:PHE36,A:PHE103;A:PHE36,A:GLY199;A:SER149,A:ASP200;A:CYS202;A:GLY199;A:LEU145;A:PHE36;A:SER149,A:ASP200;A:ASP98;A:PHE103,1.0,-0.5528990185488504,1.31380022450471,False,SAM_COMPATIBLE
7B_APO,7B,APO,3CLBA,9,-4.743,0.22000000000000006,6.171444444444445,1.0506666666666664,-0.46713000519649484,0.7632758014896408,-0.44631783417814413,1.0,0.30502131073090616,,,,,,A:ALA83;A:ASN84;A:CYS79;A:GLY78;A:GLY80;A:LEU145;A:LYS55;A:THR144;A:THR44;A:TRP173;A:VAL146,A:ALA83;A:LEU145;A:TRP173,,A:GLY78;A:LEU145;A:THR144,A:GLY78;A:LEU145;A:THR144;A:VAL146,A:LEU145;A:LYS55;A:THR44;A:TRP173,1.0,-4.136025680595269,-1.22175804833217,False,SAM_COMPATIBLE
7B_APO,7B,APO,3CLBA,10,-4.737,6.130222222222222,-1.1508888888888889,4.166222222222221,0.3317335944305439,-0.8489630408414764,-0.4113569953354196,1.0,0.12332882874656699,,,,,,A:ASN100;A:ASP200;A:ASP98;A:PHE103;A:PRO99;A:SER149;A:VAL146;A:VAL150,A:PRO99;A:VAL146;A:VAL150,A:PHE103;A:PHE36,A:ASP200;A:ASP98,A:ASN100;A:ASP200;A:ASP98;A:PHE103;A:PRO99,A:ASP200;A:SER149,1.0,4.005090004457883,5.959587925416792,False,SAM_COMPATIBLE
7B_APO,7B,APO,3CLBA,11,-4.723,7.434555555555556,4.584888888888889,-1.815555555555556,0.40160339747093615,0.7099191117978652,-0.5785581784435612,1.0,0.18366273438016728,,,,,,A:ASP200;A:CYS148;A:CYS202;A:GLY199;A:HIS175;A:LEU145;A:MET40;A:PHE36;A:SER149;A:TRP195;A:VAL234,A:LEU145;A:MET40;A:PHE36;A:TRP195;A:VAL234,A:HIS175;A:PHE36;A:TRP195,A:GLY199;A:SER149,A:ASP200;A:CYS202;A:GLY199;A:PHE36;A:SER149,A:GLY199;A:MET40;A:PHE36;A:TRP195,1.0,-2.152222292807263,0.012773094905928173,False,SAM_COMPATIBLE
7B_APO,7B,APO,3CLBA,12,-4.676,5.9175555555555555,0.497,2.721888888888889,0.06664183390614441,0.7535090635393095,-0.6540511884690209,1.0,0.22330472453577882,,,,,,A:ASP200;A:CYS202;A:GLY199;A:LEU145;A:PHE36;A:PRO99;A:SER149;A:VAL146,A:LEU145;A:PHE36;A:PRO99;A:VAL146,A:PHE36,A:GLY199;A:SER149,A:ASP200;A:CYS202;A:GLY199;A:PHE36;A:SER149,A:ASP200;A:PRO99,1.0,2.2066061030512247,4.146920960504319,False,SAM_COMPATIBLE
7B_APO,7B,APO,4CLBA,1,-4.937,4.966222222222222,3.718222222222222,2.574333333333333,-0.6402495487347017,0.7348385930833691,0.22381411363063242,1.0,0.3741617297372886,,,,,,A:ASP200;A:ASP98;A:GLY199;A:GLY80;A:LEU145;A:MET40;A:PHE103;A:PHE36;A:SER149;A:THR44;A:THR81,A:LEU145;A:MET40;A:PHE103;A:PHE36,A:PHE103;A:PHE36,A:ASP200;A:GLY199;A:SER149,A:ASP200;A:GLY199;A:PHE36;A:SER149,A:GLY80;A:MET40;A:THR44;A:THR81,1.0,-1.0903097614019641,1.1490395755747567,False,SAM_COMPATIBLE
7B_APO,7B,APO,4CLBA,2,-4.928,4.251666666666667,2.077444444444444,3.8152222222222227,-0.5986738597524237,0.4891472793997152,-0.6342905869591574,1.0,0.32902583485191533,,,,,,A:ASN100;A:ASP200;A:ASP98;A:GLY78;A:GLY80;A:LEU145;A:PHE103;A:PHE36;A:PRO99;A:THR144;A:VAL146,A:LEU145;A:PHE103;A:PHE36;A:PRO99;A:VAL146,A:PHE103;A:PHE36,A:ASP200;A:ASP98,A:ASN100;A:ASP200;A:ASP98;A:PHE103;A:PRO99,A:GLY78;A:LEU145;A:THR144,1.0,0.5901665989357823,2.517986137065078,False,SAM_COMPATIBLE
7B_APO,7B,APO,4CLBA,3,-4.918,4.2491111111111115,2.039888888888889,3.788333333333333,-0.5958232516438308,0.4831892799978303,-0.6415004072451944,1.0,0.33473721036060516,,,,,,A:ASN100;A:ASP200;A:ASP98;A:GLY78;A:GLY80;A:LEU145;A:PHE103;A:PHE36;A:PRO99;A:THR144;A:VAL146,A:LEU145;A:PHE103;A:PHE36;A:PRO99;A:VAL146,A:PHE103;A:PHE36,A:ASP200;A:ASP98,A:ASN100;A:ASP200;A:ASP98;A:PHE103;A:PRO99,A:GLY78;A:LEU145;A:THR144,1.0,0.6243782480633195,2.5437061786974495,False,SAM_COMPATIBLE
7B_APO,7B,APO,4CLBA,4,-4.89,4.001222222222221,2.2121111111111116,3.6015555555555556,0.649610652836311,-0.5164809932499181,0.5579008723179776,1.0,0.14379499295872591,,,,,,A:ASP200;A:ASP98;A:GLY78;A:GLY80;A:LEU145;A:PHE103;A:PHE36;A:PRO99;A:THR144;A:VAL146,A:LEU145;A:PHE103;A:PHE36;A:PRO99;A:VAL146,A:PHE103;A:PHE36,A:GLY78;A:LEU145;A:THR144,A:GLY78;A:LEU145;A:THR144;A:VAL146,A:ASP200;A:ASP98;A:PRO99,1.0,0.410795931115098,2.8756218327704097,False,SAM_COMPATIBLE
7B_APO,7B,APO,4CLBA,5,-4.788,5.306777777777778,2.6216666666666666,3.2927777777777774,-0.17909340908517143,0.5518964409790174,-0.8144543383498828,1.0,0.3039835521866275,,,,,,A:ASN100;A:ASP200;A:ASP98;A:LEU145;A:MET40;A:PHE103;A:PHE36;A:PRO99;A:SER149,A:LEU145;A:MET40;A:PHE103;A:PHE36;A:PRO99,A:PHE103;A:PHE36,A:ASP200;A:ASP98,A:ASN100;A:ASP200;A:ASP98;A:PHE103;A:PRO99,A:LEU145;A:MET40;A:PHE36,1.0,0.10128951234140213,2.0688674272022314,False,SAM_COMPATIBLE
7B_APO,7B,APO,4CLBA,6,-4.776,5.442666666666667,-3.495111111111111,4.147222222222222,-0.9799513108724077,-0.07015618906991758,0.1864766405066206,1.0,0.07986238163240532,,,,,,A:ASP200;A:GLU128;A:GLY127;A:GLY201;A:GLY78;A:LEU77;A:LEU97;A:PRO126;A:PRO99;A:SER149;A:VAL146;A:VAL150,A:LEU77;A:LEU97;A:PRO126;A:PRO99;A:VAL146;A:VAL150,,A:ASP200;A:SER149,A:ASP200;A:GLY201;A:SER149,A:GLY127;A:GLY78;A:LEU77;A:LEU97;A:PRO126;A:PRO99;A:VAL146;A:VAL150,1.0,6.257114236479098,7.595363438209467,True,SAM_COMPATIBLE
7B_APO,7B,APO,4CLBA,7,-4.666,1.2356666666666667,6.7443333333333335,1.3784444444444444,0.7970246065788357,-0.2870673340407199,0.5313606329364319,1.0,0.25475478405714036,,,,,,A:ALA83;A:ASN84;A:CYS79;A:GLY80;A:LEU145;A:LYS55;A:MET40;A:PHE103;A:PHE36;A:THR144;A:THR44;A:THR81,A:ALA83;A:LEU145;A:MET40;A:PHE103;A:PHE36,A:TRP173,A:ASN84;A:LYS55;A:THR144,A:ALA83;A:ASN84;A:LYS55;A:THR144,A:GLY80;A:MET40;A:PHE103;A:PHE36,1.0,-4.571055290906749,-3.0380849473944447,False,SAM_COMPATIBLE
7B_APO,7B,APO,4CLBA,8,-4.656,4.320444444444444,1.207888888888889,3.5314444444444444,-0.07565574519700663,0.9856055001634769,0.15118864463374304,1.0,0.19867058161690676,,,,,,A:ASP200;A:ASP98;A:GLY78;A:GLY80;A:LEU145;A:MET40;A:PHE103;A:PHE36;A:PRO99;A:SER149;A:VAL146;A:VAL150,A:LEU145;A:MET40;A:PHE103;A:PHE36;A:PRO99;A:VAL146,A:PHE103;A:PHE36,A:VAL146,A:SER149;A:VAL146;A:VAL150,A:ASP98;A:GLY80;A:MET40;A:PHE103;A:PHE36,1.0,1.4290677616876932,4.374196454958533,False,SAM_COMPATIBLE
7B_APO,7B,APO,4CLBA,9,-4.608,4.872444444444444,0.34055555555555556,3.749777777777778,0.3780237344292402,-0.919213973000878,-0.11019858460122098,1.0,0.256867670211726,,,,,,A:ASP200;A:ASP98;A:CYS79;A:GLY78;A:GLY80;A:PHE103;A:PHE36;A:PRO99;A:SER149;A:VAL146;A:VAL150,A:PHE103;A:PHE36;A:PRO99;A:VAL146;A:VAL150,A:PHE103;A:PHE36,A:ASP98;A:GLY78,A:ASP98;A:CYS79;A:GLY78;A:GLY80;A:PHE103,A:PRO99;A:SER149;A:VAL150,1.0,2.363697868164408,5.70587422899791,False,SAM_COMPATIBLE
7B_APO,7B,APO,4CLBA,10,-4.605,6.046888888888889,3.9716666666666662,-0.8010000000000002,0.24182960058341663,-0.5797340662903631,0.7780918047789134,1.0,0.24205164738129786,,,,,,A:ASP200;A:CYS148;A:CYS202;A:GLY199;A:LEU145;A:MET40;A:PHE36;A:SER149;A:VAL234,A:LEU145;A:MET40;A:PHE36;A:VAL234,A:HIS175;A:PHE36,A:ASP200;A:GLY199;A:SER149,A:ASP200;A:GLY199;A:PHE36;A:SER149,A:LEU145;A:VAL234,1.0,-1.5776222011487078,0.7634089213475188,False,SAM_COMPATIBLE
7B_APO,7B,APO,4CLBA,11,-4.6,6.209888888888888,-1.5477777777777777,3.519888888888888,-0.8487448879268555,0.5193513183160161,-0.09953051482558374,1.0,0.0441588043316395,,,,,,A:ASP200;A:ASP98;A:GLY201;A:GLY78;A:LEU145;A:PRO99;A:SER149;A:VAL146;A:VAL150,A:LEU145;A:PRO99;A:VAL146;A:VAL150,,A:ASP200;A:SER149,A:ASP200;A:GLY201;A:SER149,A:ASP98;A:GLY78;A:LEU145;A:VAL146,1.0,4.340372110992329,6.0924791432015235,True,SAM_COMPATIBLE
7B_APO,7B,APO,4CLBA,12,-4.565,1.084111111111111,6.072666666666667,0.9308888888888889,-0.41468866641845703,0.8347566215151644,-0.3622356867850963,1.0,0.28956864471140503,,,,,,A:ALA83;A:ASN48;A:CYS79;A:GLY78;A:LEU145;A:LYS55;A:THR144;A:THR44;A:TRP173;A:VAL146,A:ALA83;A:LEU145;A:TRP173,,A:GLY78;A:LEU145;A:THR144,A:GLY78;A:LEU145;A:THR144;A:VAL146,A:ALA83;A:ASN48;A:LYS55;A:THR44;A:TRP173,1.0,-3.9661342810615143,-0.6986448340243471,False,SAM_COMPATIBLE
7B_APO,7B,APO,AMBA_R,1,-5.049,6.614888888888888,4.161777777777777,-1.6594444444444443,-0.39636963440112305,-0.3518286757267749,0.8480021791605631,1.0,0.2698518111853242,,,,,,A:CYS148;A:CYS202;A:GLY199;A:HIS175;A:LEU145;A:MET40;A:PHE36;A:SER149;A:TRP195;A:VAL234,A:LEU145;A:MET40;A:PHE36;A:TRP195;A:VAL234,A:HIS175;A:PHE36;A:TRP195,A:LEU145;A:SER149,A:CYS148;A:GLY199;A:LEU145;A:SER149,,1.0,-1.7973936646392001,0.2518317530230957,False,SAM_COMPATIBLE
7B_APO,7B,APO,AMBA_R,2,-5.041,3.850777777777777,2.458,3.3033333333333332,0.4653915066883046,-0.6254474343695855,0.6262796917854613,1.0,0.40604186976222045,,,,,,A:ASP200;A:ASP98;A:GLY78;A:GLY80;A:LEU145;A:MET40;A:PHE103;A:PHE36;A:PRO99;A:THR144;A:VAL146,A:LEU145;A:MET40;A:PHE103;A:PHE36;A:PRO99;A:VAL146,A:PHE103;A:PHE36,A:GLY78;A:LEU145;A:THR144,A:GLY78;A:LEU145;A:THR144;A:VAL146,,1.0,0.12249297969045554,2.21163226597974,False,SAM_COMPATIBLE
7B_APO,7B,APO,AMBA_R,3,-4.994,4.694111111111111,1.6493333333333335,4.066555555555556,-0.6314009576182075,0.5759704865208236,-0.5192213683736219,1.0,0.3043369842789402,,,,,,A:ASN100;A:ASP200;A:ASP98;A:GLY78;A:GLY80;A:LEU145;A:PHE103;A:PHE36;A:PRO99;A:SER149;A:VAL146,A:LEU145;A:PHE103;A:PHE36;A:PRO99;A:VAL146,A:PHE103;A:PHE36,A:ASP200;A:ASP98,A:ASN100;A:ASP200;A:ASP98;A:PHE103;A:PRO99,,1.0,1.0825961309097594,3.3069344143966477,False,SAM_COMPATIBLE
7B_APO,7B,APO,AMBA_R,4,-4.963,-0.1255555555555556,6.81788888888889,0.7688888888888888,-0.4956144631469845,-0.5412652182381366,0.6792630325913143,1.0,0.4319178162567508,,,,,,A:ALA83;A:ASN48;A:ASN84;A:CYS79;A:GLU76;A:GLY78;A:LEU145;A:LYS55;A:THR144;A:THR44;A:TRP173,A:ALA83;A:LEU145;A:TRP173,A:TRP173,A:GLY78;A:THR144,A:ASN84;A:CYS79;A:GLU76;A:GLY78;A:THR144,,1.0,-4.838260873064871,-2.4651896345576607,False,SAM_COMPATIBLE
7B_APO,7B,APO,AMBA_R,5,-4.955,5.036111111111111,2.900444444444444,3.4003333333333337,0.2952126483510057,-0.7812872121404754,0.5499452558203854,1.0,0.4218862405909922,,,,,,A:ASN100;A:ASP200;A:ASP98;A:GLY80;A:LEU145;A:MET40;A:PHE103;A:PHE36;A:SER149,A:LEU145;A:MET40;A:PHE103;A:PHE36,A:PHE103;A:PHE36,A:ASP200;A:ASP98,A:ASN100;A:ASP200;A:ASP98;A:PHE103,,1.0,-0.19021351487127294,2.448235564625649,False,SAM_COMPATIBLE
7B_APO,7B,APO,AMBA_R,6,-4.755,4.271111111111111,3.1558888888888887,2.7685555555555554,0.7653407230752691,-0.49590277435213515,0.41028528610282833,1.0,0.07206247289678563,,,,,,A:ASP200;A:ASP98;A:GLY78;A:GLY80;A:LEU145;A:MET40;A:PHE103;A:PHE36;A:SER149;A:THR144;A:VAL146,A:LEU145;A:MET40;A:PHE103;A:PHE36,A:PHE103;A:PHE36,A:GLY78;A:LEU145;A:THR144,A:GLY78;A:LEU145;A:THR144;A:VAL146,,1.0,-0.5816425076474148,0.9604508824153307,False,SAM_COMPATIBLE
7B_APO,7B,APO,AMBA_R,7,-4.717,0.6898888888888889,5.837,1.2447777777777775,-0.6824335367455737,0.6497984520843139,-0.33473338583678436,1.0,0.5294091045684803,,,,,,A:ALA83;A:ASN84;A:CYS79;A:GLY78;A:GLY80;A:LEU145;A:LYS55;A:THR144;A:THR44;A:VAL146,A:ALA83;A:LEU145,A:PHE103;A:TRP173,A:GLY78;A:LEU145;A:THR144,A:GLY78;A:LEU145;A:THR144;A:VAL146,,1.0,-3.7394514973082447,-1.1654111977269725,False,SAM_COMPATIBLE
7B_APO,7B,APO,AMBA_R,8,-4.711,5.296333333333333,-0.6235555555555554,3.9265555555555554,0.2207211781261476,-0.9701576242408319,-0.10038100245559305,1.0,0.23990414752563186,,,,,,A:ASP200;A:ASP98;A:GLY78;A:PHE36;A:PRO99;A:SER149;A:VAL146;A:VAL150,A:PHE36;A:PRO99;A:VAL146;A:VAL150,A:PHE103;A:PHE36,A:ASP98,A:ASP98;A:GLY78,,1.0,3.3774521957351613,5.789932728676333,False,SAM_COMPATIBLE
7B_APO,7B,APO,AMBA_R,9,-4.644,5.246222222222222,-2.868222222222222,3.9099999999999997,0.30336506278240494,-0.9304887622175393,0.20532973985738073,1.0,0.14517919961206568,,,,,,A:ASP200;A:ASP98;A:GLU128;A:GLY127;A:GLY78;A:PRO126;A:PRO99;A:SER149;A:VAL146;A:VAL150,A:PRO126;A:PRO99;A:VAL146;A:VAL150,,,A:ASP200;A:SER149,,1.0,5.5932841979456915,8.011111545425551,True,SAM_COMPATIBLE
7B_APO,7B,APO,AMBA_R,10,-4.612,0.671888888888889,6.761444444444445,0.8725555555555554,0.6239810118409114,-0.5378263848161392,0.5669131120882592,1.0,0.28189004948738433,,,,,,A:ALA83;A:ASN84;A:CYS79;A:GLY78;A:GLY80;A:LEU145;A:LYS55;A:THR144;A:THR44;A:THR81;A:TRP173,A:ALA83;A:LEU145;A:TRP173,A:TRP173,A:ASN84;A:LYS55;A:THR144,A:ALA83;A:ASN84;A:LYS55;A:THR144,,1.0,-4.694159440954511,-2.9545498616174526,False,SAM_COMPATIBLE
7B_APO,7B,APO,AMBA_R,11,-4.603,5.973666666666667,-0.9776666666666666,3.2359999999999998,-0.47714282415230364,0.8539225892183512,-0.20772803610151247,1.0,0.23444189045475608,,,,,,A:ASP200;A:LEU145;A:PHE36;A:PRO99;A:SER149;A:VAL146;A:VAL150,A:LEU145;A:PHE36;A:PRO99;A:VAL146;A:VAL150,A:PHE36,A:ASP200;A:SER149,A:ASP200;A:SER149,,1.0,3.7241551194483167,6.529033431859934,True,SAM_COMPATIBLE
7B_APO,7B,APO,AMBA_R,12,-4.557,4.312111111111111,0.9054444444444445,3.922222222222222,0.018248935871485465,-0.998441349664291,-0.05274322345199956,1.0,0.13767352686700524,,,,,,A:ASP200;A:ASP98;A:GLY78;A:GLY80;A:LEU145;A:PHE103;A:PHE36;A:PRO99;A:SER149;A:VAL146,A:LEU145;A:PHE103;A:PHE36;A:PRO99;A:VAL146,A:PHE103;A:PHE36,,A:ASP98;A:GLY78;A:PRO99;A:VAL146,,1.0,1.767259981634951,4.318704887974194,False,SAM_COMPATIBLE
7B_APO,7B,APO,AMBA_S,1,-5.15,6.873333333333332,4.139333333333334,-1.7075555555555555,0.24565369831327108,0.3698511211301229,-0.8960270133783932,1.0,0.10301941564578988,,,,,,A:ASP200;A:CYS148;A:CYS202;A:GLY199;A:HIS175;A:LEU145;A:MET40;A:PHE36;A:SER149;A:TRP195;A:VAL234,A:LEU145;A:MET40;A:PHE36;A:TRP195;A:VAL234,A:HIS175;A:PHE36;A:TRP195,A:GLY199;A:SER149,A:ASP200;A:CYS202;A:GLY199;A:PHE36;A:SER149,,1.0,-1.7548535279322974,-0.008496813524149213,False,SAM_COMPATIBLE
7B_APO,7B,APO,AMBA_S,2,-5.058,5.786888888888889,-0.5833333333333331,4.246111111111111,-0.006195515946806147,0.9242874247863084,0.38164692054836175,1.0,0.1415273825095345,,,,,,A:ASN100;A:ASP200;A:ASP98;A:PHE103;A:PHE36;A:PRO99;A:SER149;A:VAL146;A:VAL150,A:PHE103;A:PHE36;A:PRO99;A:VAL146;A:VAL150,A:PHE103;A:PHE36,A:ASP200;A:ASP98,A:ASN100;A:ASP200;A:ASP98;A:PHE103;A:PRO99,,1.0,3.4177915555010614,5.62009331176641,False,SAM_COMPATIBLE
7B_APO,7B,APO,AMBA_S,3,-5.052,5.318000000000001,3.0606666666666666,2.6470000000000002,-0.6006989254480378,0.7821773196174314,0.1654068972010041,1.0,0.36879262465510354,,,,,,A:ASP200;A:ASP98;A:GLY199;A:GLY80;A:LEU145;A:MET40;A:PHE103;A:PHE36;A:SER149,A:LEU145;A:MET40;A:PHE103;A:PHE36,A:PHE103;A:PHE36,A:ASP200;A:GLY199;A:SER149,A:ASP200;A:GLY199;A:PHE36;A:SER149,,1.0,-0.3976370907667999,2.2221458378183097,False,SAM_COMPATIBLE
7B_APO,7B,APO,AMBA_S,4,-5.036,4.928888888888888,2.6505555555555556,3.616444444444445,0.15440166633188535,-0.7797298028748983,0.6067796634220776,1.0,0.16230218729271667,,,,,,A:ASN100;A:ASP200;A:ASP98;A:GLY78;A:GLY80;A:LEU145;A:MET40;A:PHE103;A:PHE36;A:PRO99;A:SER149,A:LEU145;A:MET40;A:PHE103;A:PHE36;A:PRO99,A:PHE103;A:PHE36,A:ASP200;A:ASP98,A:ASN100;A:ASP200;A:ASP98;A:PHE103;A:PRO99,,1.0,0.06862380341447988,2.642732115414008,False,SAM_COMPATIBLE
7B_APO,7B,APO,AMBA_S,5,-5.023,3.8045555555555555,2.3435555555555556,3.4262222222222225,0.5380418136782522,-0.6541182387519328,0.5316392916874061,1.0,0.38129909519955596,,,,,,A:ASP200;A:ASP98;A:GLY78;A:GLY80;A:LEU145;A:PHE103;A:PHE36;A:PRO99;A:THR144;A:VAL146,A:LEU145;A:PHE103;A:PHE36;A:PRO99;A:VAL146,A:PHE103;A:PHE36,A:GLY78;A:LEU145;A:THR144,A:GLY78;A:LEU145;A:THR144;A:VAL146,,1.0,0.24373766980360762,2.379836508799276,False,SAM_COMPATIBLE
7B_APO,7B,APO,AMBA_S,6,-4.933,3.911888888888889,2.1283333333333334,3.411111111111111,-0.4746940265077345,0.7164719953846858,-0.5112078452326033,1.0,0.26709736052608224,,,,,,A:ASP200;A:ASP98;A:GLY78;A:GLY80;A:LEU145;A:PHE103;A:PHE36;A:PRO99;A:THR144;A:VAL146,A:LEU145;A:PHE103;A:PHE36;A:PRO99;A:VAL146,A:PHE103;A:PHE36,A:GLY78;A:LEU145;A:THR144,A:GLY78;A:LEU145;A:THR144;A:VAL146,,1.0,0.4657555064118968,2.5930390043437086,False,SAM_COMPATIBLE
7B_APO,7B,APO,AMBA_S,7,-4.847,4.778333333333333,-2.4571111111111112,3.9378888888888883,0.2991643252064789,-0.9327920362027073,0.20099682515044492,1.0,0.26127571643763575,,,,,,A:ASP98;A:GLU128;A:GLY127;A:GLY78;A:LEU145;A:PRO126;A:PRO99;A:SER149;A:VAL146;A:VAL150,A:LEU145;A:PRO126;A:PRO99;A:VAL146;A:VAL150,,A:ASP98,A:ASP98;A:GLY78;A:PRO99,,1.0,5.143473716998054,7.533940481850843,True,SAM_COMPATIBLE
7B_APO,7B,APO,AMBA_S,8,-4.79,0.7755555555555554,7.108999999999999,0.9634444444444443,0.698991455424488,-0.235665998577517,0.6751832953783864,1.0,0.14663219291819915,,,,,,A:ALA83;A:ASN48;A:ASN84;A:CYS79;A:GLY80;A:LEU145;A:LYS55;A:MET40;A:THR144;A:THR44;A:THR81;A:TRP173,A:ALA83;A:LEU145;A:MET40;A:TRP173,A:TRP173,A:ASN84;A:LYS55;A:THR144,A:ALA83;A:ASN84;A:LYS55;A:THR144,,1.0,-5.018960974517054,-4.035803613924893,False,SAM_COMPATIBLE
7B_APO,7B,APO,AMBA_S,9,-4.789,5.323777777777778,3.1771111111111114,1.9941111111111114,-0.06784274378629174,-0.25457339877541957,0.9646707970864873,1.0,0.3965967725536852,,,,,,A:ASP200;A:ASP98;A:CYS148;A:GLY199;A:GLY80;A:LEU145;A:MET40;A:PHE103;A:PHE36;A:SER149,A:LEU145;A:MET40;A:PHE103;A:PHE36,A:PHE103;A:PHE36,A:LEU145;A:SER149,A:CYS148;A:GLY199;A:LEU145;A:SER149,,1.0,-0.5784595137305784,0.9688870526135787,False,SAM_COMPATIBLE
7B_APO,7B,APO,AMBA_S,10,-4.744,5.347888888888888,-0.3564444444444444,2.9621111111111116,0.4647695774647315,-0.7954995965709202,0.38880539054745555,1.0,0.17829750418892576,,,,,,A:ASP200;A:ASP98;A:GLY78;A:LEU145;A:PRO99;A:SER149;A:VAL146;A:VAL150,A:LEU145;A:PRO99;A:VAL146;A:VAL150,,A:LEU145;A:SER149,A:LEU145;A:SER149;A:VAL146,,1.0,3.0203789094785605,5.294662482614103,False,SAM_COMPATIBLE
7B_APO,7B,APO,AMBA_S,11,-4.738,0.3728888888888889,6.827222222222222,0.6798888888888889,-0.036330061732209935,0.7127312720106996,-0.7004957248353076,1.0,0.3334816336771787,,,,,,A:ALA83;A:ASN48;A:ASN84;A:CYS79;A:GLY78;A:GLY80;A:LEU145;A:LYS55;A:THR144;A:THR44;A:TRP173,A:ALA83;A:LEU145;A:TRP173,A:TRP173,A:GLY78;A:THR144,A:ASN84;A:CYS79;A:GLY78;A:THR144,,1.0,-4.8079312696441185,-2.5739122171293953,False,SAM_COMPATIBLE
7B_APO,7B,APO,AMBA_S,12,-4.725,0.7962222222222223,5.797666666666667,1.0172222222222222,-0.7614288756736693,0.6419117381034442,-0.09041785097726657,1.0,0.5792728200079827,,,,,,A:ALA83;A:ASN84;A:CYS79;A:GLY78;A:GLY80;A:LEU145;A:LYS55;A:MET40;A:THR144;A:THR44;A:VAL146,A:ALA83;A:LEU145;A:MET40,A:TRP173,A:GLY78;A:LEU145;A:THR144,A:GLY78;A:LEU145;A:THR144;A:VAL146,,1.0,-3.7131818821202556,-1.1177728555186401,False,SAM_COMPATIBLE
7B_APO,7B,APO,BA,1,-4.713,6.999,4.1405,-1.9138749999999995,0.07515819104840238,0.463767680044758,-0.88276315354926,1.0,0.11523020437367976,,,,,,A:ASP200;A:CYS148;A:CYS202;A:GLY199;A:HIS175;A:LEU145;A:PHE36;A:SER149;A:TRP195;A:VAL234,A:LEU145;A:PHE36;A:TRP195;A:VAL234,A:HIS175;A:PHE36;A:TRP195,A:GLY199;A:SER149,A:ASP200;A:CYS202;A:GLY199;A:PHE36;A:SER149,,1.0,-1.7646478282065607,0.06961280737708996,False,SAM_COMPATIBLE
7B_APO,7B,APO,BA,2,-4.676,3.899875,2.0975,3.5937500000000004,0.6100229573121917,-0.4834942073534005,0.6277781001339529,1.0,0.44877945585777423,,,,,,A:ASP200;A:ASP98;A:GLY78;A:GLY80;A:LEU145;A:PHE103;A:PHE36;A:PRO99;A:THR144;A:VAL146,A:LEU145;A:PHE103;A:PHE36;A:PRO99;A:VAL146,A:PHE103;A:PHE36,A:GLY78;A:LEU145;A:THR144,A:GLY78;A:LEU145;A:THR144;A:VAL146,,1.0,0.5136017913960822,2.3139254796205457,False,SAM_COMPATIBLE
7B_APO,7B,APO,BA,3,-4.601,0.369375,6.330125,1.8515000000000001,0.9032910938527355,0.29534527319867293,-0.3111854260172374,1.0,0.4396430370198075,,,,,,A:ALA83;A:ASN84;A:CYS79;A:GLU76;A:GLY78;A:GLY80;A:LEU145;A:MET40;A:THR144;A:THR44;A:THR81,A:ALA83;A:LEU145;A:MET40,,A:ASN84;A:CYS79;A:GLU76;A:GLY78;A:THR144,A:ASN84;A:CYS79;A:GLU76;A:GLY78;A:GLY80;A:THR144,,1.0,-4.197498799686818,-2.855153332820247,False,SAM_COMPATIBLE
7B_APO,7B,APO,BA,4,-4.558,4.4745,1.882,4.0675,-0.6149627020360887,0.44856767432051714,-0.648542918131988,1.0,0.24930503404464158,,,,,,A:ASN100;A:ASP200;A:ASP98;A:GLY78;A:GLY80;A:LEU145;A:PHE103;A:PHE36;A:PRO99;A:VAL146,A:LEU145;A:PHE103;A:PHE36;A:PRO99;A:VAL146,A:PHE103;A:PHE36,A:ASP200;A:ASP98,A:ASN100;A:ASP200;A:ASP98;A:PHE103;A:PRO99,,1.0,0.8309297140302666,2.517577128271991,False,SAM_COMPATIBLE
7B_APO,7B,APO,BA,5,-4.528,5.181125,3.1625,2.6395000000000004,-0.7647533263139699,0.5657435657242106,0.3083610995786833,1.0,0.29429916751496255,,,,,,A:ASP200;A:ASP98;A:GLY199;A:GLY78;A:GLY80;A:LEU145;A:MET40;A:PHE103;A:PHE36;A:SER149,A:LEU145;A:MET40;A:PHE103;A:PHE36,A:PHE103;A:PHE36,A:ASP200;A:GLY199;A:SER149,A:ASP200;A:GLY199;A:PHE36;A:SER149,,1.0,-0.51255957123177,1.169598159674421,False,SAM_COMPATIBLE
7B_APO,7B,APO,BA,6,-4.52,5.389875000000001,1.173625,2.9396250000000004,-0.6044274666484184,-0.4731501889688798,0.6409339562230175,1.0,0.39358226586064543,,,,,,A:ASP200;A:ASP98;A:GLY199;A:GLY78;A:LEU145;A:PHE36;A:PRO99;A:SER149;A:VAL146,A:LEU145;A:PHE36;A:PRO99;A:VAL146,A:PHE103;A:PHE36,A:ASP200;A:GLY199;A:SER149,A:ASP200;A:GLY199;A:PHE36;A:SER149,,1.0,1.5073085738636245,2.6770032377008475,False,SAM_COMPATIBLE
7B_APO,7B,APO,BA,7,-4.465,5.793500000000001,-0.9393750000000002,4.2855,0.03532129906240743,0.8538116027327011,0.5193824726264459,1.0,0.1787456293171947,,,,,,A:ASN100;A:ASP200;A:ASP98;A:PHE103;A:PRO99;A:SER149;A:VAL146;A:VAL150,A:PHE103;A:PRO99;A:VAL146;A:VAL150,A:PHE103;A:PHE36,A:ASP200;A:ASP98,A:ASN100;A:ASP200;A:ASP98;A:PHE103;A:PRO99,,1.0,3.7749320645386484,5.637112926073089,False,SAM_COMPATIBLE
7B_APO,7B,APO,BA,8,-4.38,-0.11724999999999998,6.8423750000000005,0.786375,-0.31293229163857694,-0.6055191732803421,0.7317239313017719,1.0,0.492773781770093,,,,,,A:ALA83;A:ASN48;A:ASN84;A:CYS79;A:GLU76;A:GLY78;A:GLY80;A:LEU145;A:LYS55;A:THR144;A:THR44;A:TRP173,A:ALA83;A:LEU145;A:TRP173,A:TRP173,A:CYS79;A:GLY78;A:THR144,A:ASN84;A:CYS79;A:GLU76;A:GLY78;A:GLY80;A:THR144,,1.0,-4.859924262470358,-3.0111480139514497,False,SAM_COMPATIBLE
7B_APO,7B,APO,BA,9,-4.343,4.94075,3.679,2.057875,-0.3695993399395706,0.1767627621140841,0.9122232478105531,1.0,0.42317963088976757,,,,,,A:ASP98;A:CYS148;A:GLY199;A:GLY78;A:GLY80;A:LEU145;A:MET40;A:PHE103;A:PHE36;A:SER149,A:LEU145;A:MET40;A:PHE103;A:PHE36,A:PHE103;A:PHE36,A:LEU145;A:SER149,A:CYS148;A:GLY199;A:LEU145;A:SER149,,1.0,-1.1062441604365234,0.06322500218520427,False,SAM_COMPATIBLE
7B_APO,7B,APO,BA,10,-4.337,0.34650000000000003,5.884875,1.189625,-0.6327655394411793,0.7437000349006421,-0.21568038896593333,1.0,0.5324481195384204,,,,,,A:ALA83;A:ASN84;A:CYS79;A:GLY78;A:GLY80;A:LEU145;A:LYS55;A:THR144;A:THR44;A:VAL146,A:ALA83;A:LEU145,A:TRP173,A:GLY78;A:LEU145;A:THR144,A:GLY78;A:LEU145;A:THR144;A:VAL146,,1.0,-3.8259030089051667,-1.1361104170843992,False,SAM_COMPATIBLE
7B_APO,7B,APO,BA,11,-4.301,4.6345,3.0762500000000004,3.210375,0.010957921595475153,0.8413073866763962,-0.5404459316879353,1.0,0.4148566017312486,,,,,,A:ASP200;A:ASP98;A:GLY78;A:GLY80;A:LEU145;A:MET40;A:PHE103;A:PHE36;A:PRO99;A:SER149,A:LEU145;A:MET40;A:PHE103;A:PHE36,A:PHE103;A:PHE36,A:ASP98,A:ASP98;A:GLY78;A:PRO99,,1.0,-0.4226479911940555,2.1353214973003842,False,SAM_COMPATIBLE
7B_APO,7B,APO,BA,12,-4.285,5.451499999999999,-3.7658749999999994,4.0195,-0.585345452269566,0.8090572671245083,-0.052887049646953115,1.0,0.26037088930984637,,,,,,A:GLN151;A:GLU128;A:GLY127;A:PRO126;A:PRO99;A:SER149;A:VAL146;A:VAL150,A:PRO126;A:PRO99;A:VAL146;A:VAL150,,A:GLU128,A:GLN151;A:GLU128;A:PRO126;A:VAL150,,1.0,6.513121939414092,9.248206521345322,True,SAM_COMPATIBLE
7B_APO,7B,APO,DCMB_R,1,-5.497,5.356363636363636,-0.6627272727272728,4.404181818181819,0.03735841203722074,0.9615275382190812,0.2721564665709972,1.0,0.2958107503117491,,,,,,A:ASN100;A:ASP200;A:ASP98;A:GLY78;A:PHE103;A:PHE36;A:PRO99;A:SER149;A:VAL146;A:VAL150,A:PHE103;A:PHE36;A:PRO99;A:VAL146;A:VAL150,A:PHE103;A:PHE36,A:ASP200;A:ASP98,A:ASN100;A:ASP200;A:ASP98;A:PHE103;A:PRO99,A:ASP200;A:PRO99;A:SER149;A:VAL150,1.0,3.470439526851194,6.646335882577814,True,SAM_COMPATIBLE
7B_APO,7B,APO,DCMB_R,2,-5.458,0.34609090909090906,6.869545454545454,0.7000000000000001,0.686475322757428,0.4112102938576053,-0.5997147033970629,1.0,0.16902662512160643,,,,,,A:ALA83;A:ASN48;A:ASN84;A:CYS79;A:GLU76;A:GLY78;A:GLY82;A:LEU145;A:LYS55;A:MET40;A:THR144;A:THR44;A:TRP173,A:ALA83;A:LEU145;A:MET40;A:TRP173,A:TRP173,A:GLY78;A:THR144,A:ASN84;A:CYS79;A:GLU76;A:GLY78;A:THR144,A:LEU145;A:MET40;A:THR44,1.0,-4.850410362464179,-2.5090688268394765,False,SAM_COMPATIBLE
7B_APO,7B,APO,DCMB_R,3,-5.448,5.276636363636363,2.519,3.0206363636363633,0.1376589445222997,-0.6097870217289587,0.7805189319445955,1.0,0.20379892050744533,,,,,,A:ASN100;A:ASP200;A:ASP98;A:GLY199;A:GLY78;A:GLY80;A:LEU145;A:MET40;A:PHE103;A:PHE36;A:PRO99;A:SER149,A:LEU145;A:MET40;A:PHE103;A:PHE36;A:PRO99,A:PHE103;A:PHE36,A:ASP200;A:ASP98,A:ASN100;A:ASP200;A:ASP98;A:PHE103;A:PHE36,A:ASP98;A:GLY78;A:GLY80;A:LEU145;A:MET40;A:PHE103,1.0,0.17244885143894217,2.8871801667141086,False,SAM_COMPATIBLE
7B_APO,7B,APO,DCMB_R,4,-5.447,4.948454545454546,3.2021818181818187,2.286818181818182,0.44712469997434545,-0.5536012177893629,0.7025704194847561,1.0,0.39670770095877866,,,,,,A:ASP200;A:ASP98;A:GLY199;A:GLY78;A:GLY80;A:LEU145;A:MET40;A:PHE103;A:PHE36;A:SER149;A:THR144,A:LEU145;A:MET40;A:PHE103;A:PHE36,A:PHE103;A:PHE36,A:LEU145;A:THR144,A:GLY78;A:LEU145;A:THR144,A:ASP200;A:ASP98;A:GLY78;A:GLY80;A:PHE103;A:PHE36,1.0,-0.6102291324405508,1.3116082764898016,False,SAM_COMPATIBLE
7B_APO,7B,APO,DCMB_R,5,-5.337,4.670727272727273,3.380454545454546,2.8027272727272727,-0.0013990475284403165,0.6891548178848362,-0.7246127791118036,1.0,0.24202892389133981,,,,,,A:ASP200;A:ASP98;A:GLY199;A:GLY78;A:GLY80;A:LEU145;A:MET40;A:PHE103;A:PHE36;A:PRO99;A:SER149,A:LEU145;A:MET40;A:PHE103;A:PHE36,A:PHE103;A:PHE36,A:ASP98,A:ASP98;A:GLY78;A:PRO99,A:GLY199;A:LEU145;A:MET40;A:PHE36;A:SER149,1.0,-0.761572054973093,1.7536338670668348,False,SAM_COMPATIBLE
7B_APO,7B,APO,DCMB_R,6,-5.3,5.075545454545455,3.077909090909091,2.1861818181818182,-0.3565097111088669,0.9117065789711595,-0.20418604199547266,1.0,0.4985769749998492,,,,,,A:ASP200;A:ASP98;A:GLY199;A:GLY78;A:GLY80;A:LEU145;A:MET40;A:PHE103;A:PHE36;A:SER149;A:VAL146,A:LEU145;A:MET40;A:PHE103;A:PHE36;A:VAL146,A:PHE103;A:PHE36,A:ASP200,A:ASP200;A:SER149,A:ASP98;A:GLY78;A:GLY80;A:MET40;A:PHE103;A:PHE36,1.0,-0.4849909484131885,2.4508760580021125,False,SAM_COMPATIBLE
7B_APO,7B,APO,DCMB_R,7,-5.293,4.550909090909091,3.869363636363636,1.8951818181818183,0.5302328944304759,-0.8468225995405779,-0.04176796106128807,1.0,0.274145946532135,,,,,,A:ASP200;A:ASP98;A:GLY199;A:GLY78;A:GLY80;A:LEU145;A:MET40;A:PHE103;A:PHE36;A:SER149;A:THR44;A:VAL146,A:LEU145;A:MET40;A:PHE103;A:PHE36,A:PHE103;A:PHE36,A:LEU145;A:SER149,A:LEU145;A:SER149;A:VAL146,A:LEU145;A:MET40;A:THR44,1.0,-1.349184834174109,1.3995803217498868,False,SAM_COMPATIBLE
7B_APO,7B,APO,DCMB_R,8,-5.273,5.782181818181818,-3.6657272727272727,4.229999999999999,-0.45999480717065266,0.8417816020667078,-0.28250400315400903,1.0,0.05408326913195951,,,,,,A:ASP200;A:GLN151;A:GLU128;A:GLY127;A:PRO126;A:PRO99;A:SER149;A:VAL146;A:VAL150,A:PRO126;A:PRO99;A:VAL146;A:VAL150,,A:GLU128,A:GLN151;A:GLU128;A:PRO126;A:SER149;A:VAL150,A:ASP200;A:SER149,1.0,6.467508033775696,9.382531334640412,True,SAM_COMPATIBLE
7B_APO,7B,APO,DCMB_R,9,-5.209,0.8988181818181818,6.623636363636365,1.2984545454545453,-0.543556327673898,0.5262668199043243,-0.6539034736973455,1.0,0.1880239346466296,,,,,,A:ALA83;A:ASN48;A:ASN84;A:CYS79;A:GLY78;A:GLY80;A:LEU145;A:LYS55;A:MET40;A:PHE103;A:THR144;A:THR44;A:THR81;A:TRP173,A:ALA83;A:LEU145;A:MET40;A:PHE103;A:TRP173,A:PHE103;A:PHE36,A:GLY78,A:CYS79;A:GLY78;A:GLY80;A:THR144,A:ASN48;A:LEU145;A:LYS55;A:MET40;A:THR44;A:TRP173,1.0,-4.492484615407947,-1.8472471953710226,False,SAM_COMPATIBLE
7B_APO,7B,APO,DCMB_R,10,-5.207,2.5105454545454546,5.247090909090909,1.5555454545454546,0.9075601180870738,-0.3058279992484416,-0.28775661058170604,1.0,0.2912009615368741,,,,,,A:ALA83;A:ASN84;A:ASP98;A:CYS79;A:GLY78;A:GLY80;A:LEU145;A:MET40;A:PHE36;A:THR144;A:THR44;A:THR81,A:ALA83;A:LEU145;A:MET40;A:PHE36,A:PHE36,A:GLY78;A:THR144,A:ASN84;A:CYS79;A:GLY78;A:THR144,A:ASP98;A:GLY78;A:GLY80;A:LEU145;A:PHE36,1.0,-2.9464864275361355,-0.9967721123713724,False,SAM_COMPATIBLE
7B_APO,7B,APO,DCMB_R,11,-5.142,5.348272727272727,4.023,0.6913636363636363,-0.4762898676264769,0.05088004768137562,0.8778150048525565,1.0,0.3041463463531992,,,,,,A:ASP200;A:ASP98;A:CYS148;A:CYS202;A:GLY199;A:GLY80;A:LEU145;A:MET40;A:PHE103;A:PHE36;A:SER149,A:LEU145;A:MET40;A:PHE103;A:PHE36,A:HIS175;A:PHE36,A:GLY199,A:CYS202;A:GLY199;A:PHE36;A:SER149,A:ASP200;A:ASP98;A:GLY199;A:GLY80;A:LEU145;A:PHE103;A:PHE36;A:SER149,1.0,-1.5454534459831493,0.48298193264210676,False,SAM_COMPATIBLE
7B_APO,7B,APO,DCMB_R,12,-5.091,4.356909090909091,4.007454545454546,1.5340909090909092,0.8388645514770766,-0.5351421478766648,-0.09964509943349803,1.0,0.2611015128259502,,,,,,A:ASP200;A:ASP98;A:GLY199;A:GLY78;A:GLY80;A:LEU145;A:MET40;A:PHE103;A:PHE36;A:SER149;A:THR144;A:THR44,A:LEU145;A:MET40;A:PHE103;A:PHE36,A:PHE36,A:GLY78;A:THR144,A:GLY78;A:LEU145;A:THR144,A:ASP200;A:ASP98;A:GLY199;A:PHE103;A:PHE36;A:SER149,1.0,-1.5413692717373793,0.9377935641885377,False,SAM_COMPATIBLE
7B_APO,7B,APO,DCMB_S,1,-5.426,5.169636363636363,3.4602727272727276,1.8979090909090912,0.6868033553646813,-0.23075904689697357,-0.6892397357487563,1.0,0.24736208278553973,,,,,,A:ASP200;A:ASP98;A:CYS148;A:CYS202;A:CYS79;A:GLY199;A:GLY78;A:GLY80;A:LEU145;A:MET40;A:PHE103;A:PHE36;A:SER149,A:LEU145;A:MET40;A:PHE103;A:PHE36,A:PHE103;A:PHE36,A:ASP98;A:GLY78;A:GLY80,A:ASP98;A:CYS79;A:GLY78;A:GLY80,A:CYS148;A:CYS202;A:GLY199;A:LEU145;A:MET40;A:PHE36;A:SER149,1.0,-0.8835736909863492,0.877582327369716,False,SAM_COMPATIBLE
7B_APO,7B,APO,DCMB_S,2,-5.415,5.0501818181818185,2.8092727272727274,3.1070909090909087,-0.024661118259201,0.6246498030578519,-0.7805155045135191,1.0,0.3655817282086183,,,,,,A:ASN100;A:ASP200;A:ASP98;A:GLY199;A:GLY78;A:GLY80;A:LEU145;A:MET40;A:PHE103;A:PHE36;A:PRO99;A:SER149,A:LEU145;A:MET40;A:PHE103;A:PHE36;A:PRO99,A:PHE103;A:PHE36,A:ASP200;A:ASP98,A:ASN100;A:ASP200;A:ASP98;A:PHE103,A:ASP200;A:GLY199;A:LEU145;A:MET40;A:PHE36;A:SER149,1.0,-0.12826216995747272,2.5995360500785485,False,SAM_COMPATIBLE
7B_APO,7B,APO,DCMB_S,3,-5.358,5.160909090909091,3.3135454545454546,2.1445454545454545,-0.14463071319153203,-0.24711851951734512,0.9581306769503128,1.0,0.3270351663047878,,,,,,A:ASP200;A:ASP98;A:CYS148;A:GLY199;A:GLY78;A:GLY80;A:LEU145;A:MET40;A:PHE103;A:PHE36;A:SER149,A:LEU145;A:MET40;A:PHE103;A:PHE36,A:PHE103;A:PHE36,A:LEU145;A:SER149,A:CYS148;A:GLY199;A:LEU145;A:SER149,A:ASP200;A:ASP98;A:GLY199;A:PHE103;A:PHE36;A:SER149,1.0,-0.7141842716199256,1.1961128226347852,False,SAM_COMPATIBLE
7B_APO,7B,APO,DCMB_S,4,-5.354,4.679272727272727,3.9990000000000006,1.920818181818182,0.09611140943897224,0.46728369252853447,-0.8788677646111233,1.0,0.12920526305069793,,,,,,A:ASP200;A:ASP98;A:CYS79;A:GLY199;A:GLY78;A:GLY80;A:LEU145;A:MET40;A:PHE103;A:PHE36;A:SER149,A:LEU145;A:MET40;A:PHE103;A:PHE36,A:PHE103;A:PHE36,A:ASP98;A:GLY78,A:ASP98;A:CYS79;A:GLY78;A:GLY80,A:GLY80;A:LEU145;A:MET40,1.0,-1.462428575929479,0.3156039483676172,False,SAM_COMPATIBLE
7B_APO,7B,APO,DCMB_S,5,-5.277,4.666181818181819,3.5041818181818187,1.426,0.5656566927435374,0.4032770991082035,-0.7193052810103068,1.0,0.21096208190099006,,,,,,A:ASP200;A:ASP98;A:CYS202;A:CYS79;A:GLY199;A:GLY78;A:GLY80;A:LEU145;A:MET40;A:PHE103;A:PHE36;A:SER149;A:THR144;A:VAL146,A:LEU145;A:MET40;A:PHE36;A:VAL146,A:PHE36,A:ASP98;A:GLY78;A:GLY80,A:ASP98;A:CYS79;A:GLY78;A:GLY80;A:PHE103,A:ASP200;A:CYS202;A:GLY199;A:PHE36;A:SER149,1.0,-1.0238905287460798,1.298798996581447,False,SAM_COMPATIBLE
7B_APO,7B,APO,DCMB_S,6,-5.257,5.213272727272727,-2.2058181818181817,3.860272727272728,0.38309839072085944,-0.902248624958388,0.1979470681464759,1.0,0.09525754563287848,,,,,,A:ASP200;A:ASP98;A:GLU128;A:GLY127;A:GLY78;A:LEU145;A:PRO126;A:PRO99;A:SER149;A:VAL146;A:VAL150,A:LEU145;A:PRO126;A:PRO99;A:VAL146;A:VAL150,,A:ASP98,A:ASP98;A:GLY78;A:PRO99,A:GLU128;A:GLY127;A:PRO126;A:PRO99;A:VAL146;A:VAL150,1.0,4.929207778684601,8.325879537617212,True,SAM_COMPATIBLE
7B_APO,7B,APO,DCMB_S,7,-5.196,6.107181818181818,-2.8286363636363636,4.071545454545454,-0.9977138752279358,0.06476538800726,-0.019299422113732607,1.0,0.36713485260868384,,,,,,A:ASP200;A:GLU128;A:GLY127;A:GLY201;A:PRO126;A:PRO99;A:SER149;A:VAL146;A:VAL150,A:PRO126;A:PRO99;A:VAL146;A:VAL150,,A:ASP200;A:SER149,A:ASP200;A:GLY201;A:SER149,A:GLU128;A:GLY127;A:PRO126;A:PRO99;A:VAL146;A:VAL150,1.0,5.654358198608019,7.970271597457748,True,SAM_COMPATIBLE
7B_APO,7B,APO,DCMB_S,8,-5.184,5.194181818181819,3.230818181818181,2.276090909090909,-0.578141602462731,0.8046112458397985,-0.13547335741743868,1.0,0.4448213124390509,,,,,,A:ASP200;A:ASP98;A:GLY199;A:GLY78;A:GLY80;A:LEU145;A:MET40;A:PHE103;A:PHE36;A:SER149,A:LEU145;A:MET40;A:PHE103;A:PHE36,A:PHE103;A:PHE36,A:ASP200;A:GLY199;A:SER149,A:ASP200;A:GLY199;A:PHE36;A:SER149,A:LEU145;A:MET40;A:PHE36;A:SER149,1.0,-0.61571774496104,2.311649300324502,False,SAM_COMPATIBLE
7B_APO,7B,APO,DCMB_S,9,-5.157,4.699909090909091,0.777,3.2738181818181813,0.5826866668912082,-0.7818192239920153,0.2218894977770172,1.0,0.2749363562717742,,,,,,A:ASP200;A:ASP98;A:GLY199;A:GLY78;A:GLY80;A:LEU145;A:PHE103;A:PHE36;A:PRO99;A:SER149;A:THR144;A:VAL146,A:LEU145;A:PHE103;A:PHE36;A:PRO99;A:VAL146,A:PHE103;A:PHE36,A:GLY78;A:LEU145,A:GLY78;A:LEU145;A:THR144;A:VAL146,A:ASP200;A:GLY199;A:PHE36;A:PRO99;A:SER149,1.0,1.8665836105975702,4.152909667372126,False,SAM_COMPATIBLE
7B_APO,7B,APO,DCMB_S,10,-5.125,5.578363636363637,-1.1572727272727275,4.001272727272727,0.17165929600509638,0.9848381460291455,-0.025038215210166796,1.0,0.23497659457911993,,,,,,A:ASP200;A:ASP98;A:GLU128;A:GLY199;A:GLY78;A:PHE103;A:PHE36;A:PRO99;A:SER149;A:VAL146;A:VAL150,A:PHE103;A:PHE36;A:PRO99;A:VAL146;A:VAL150,A:PHE103;A:PHE36,A:ASP200,A:ASP200;A:GLY199;A:PHE36;A:SER149,A:ASP200;A:GLU128;A:PRO99;A:SER149;A:VAL150,1.0,3.940925087293201,7.338785290692853,True,SAM_COMPATIBLE
7B_APO,7B,APO,DCMB_S,11,-5.116,5.4132727272727275,-0.9053636363636364,3.944818181818182,-0.3706330515782014,-0.9279335333148869,0.039629519648611264,1.0,0.24145600013252916,,,,,,A:ASP200;A:ASP98;A:GLY127;A:GLY78;A:PHE103;A:PHE36;A:PRO99;A:SER149;A:VAL146;A:VAL150,A:PHE36;A:PRO99;A:VAL146;A:VAL150,A:PHE36,A:ASP200,A:ASP200;A:ASP98;A:PHE103;A:PHE36,A:ASP98;A:GLY127;A:GLY78;A:PRO99;A:VAL146;A:VAL150,1.0,3.6697100451973226,6.1387465678047946,True,SAM_COMPATIBLE
7B_APO,7B,APO,DCMB_S,12,-5.112,7.259727272727272,5.738545454545455,-2.1899090909090906,0.23918560466802077,0.7790149649154685,-0.5795911757069333,1.0,0.2399437434066581,,,,,,A:CYS148;A:CYS202;A:GLY199;A:HIS175;A:LEU145;A:LEU232;A:MET40;A:PHE36;A:SER149;A:TRP195;A:VAL234,A:LEU145;A:LEU232;A:MET40;A:PHE36;A:TRP195;A:VAL234,A:PHE36;A:TRP195,A:GLY199;A:SER149,A:CYS148;A:CYS202;A:GLY199;A:LEU145;A:PHE36;A:SER149,A:HIS175;A:LEU145;A:LEU232;A:TRP195;A:VAL234,0.9090909090909091,-3.349368699195686,-0.4329475704407673,False,SAM_COMPATIBLE
7B_APO,7B,APO,SKF64139,1,-5.99,5.356090909090909,2.748090909090909,2.974909090909091,-0.37354636941955344,0.8056634382904517,-0.4597494253345818,1.0,0.45803384154448706,,,,,,A:ASP200;A:ASP98;A:GLY199;A:GLY80;A:LEU145;A:MET40;A:PHE103;A:PHE36;A:PRO99;A:SER149,A:LEU145;A:MET40;A:PHE103;A:PHE36;A:PRO99,A:PHE103;A:PHE36,A:ASP200,A:ASP200;A:SER149,A:LEU145;A:PHE36;A:SER149,1.0,-0.051254046135948035,2.4913249688113126,False,SAM_COMPATIBLE
7B_APO,7B,APO,SKF64139,2,-5.694,4.941363636363636,3.693454545454546,1.946727272727273,-0.3855963080827054,0.1399447576308048,0.9119928464657179,1.0,0.27490543828742237,,,,,,A:ASP200;A:ASP98;A:CYS148;A:GLY199;A:GLY78;A:GLY80;A:LEU145;A:MET40;A:PHE103;A:PHE36;A:SER149,A:LEU145;A:MET40;A:PHE103;A:PHE36,A:PHE103;A:PHE36,A:LEU145;A:SER149,A:CYS148;A:GLY199;A:LEU145;A:SER149,A:ASP200;A:ASP98;A:PHE103;A:PHE36,1.0,-1.1317477421628823,0.9350784494881227,False,SAM_COMPATIBLE
7B_APO,7B,APO,SKF64139,3,-5.603,4.375545454545455,1.5199999999999998,3.6149090909090904,0.5020764181866848,-0.7554500474145676,0.4209685215810761,1.0,0.1377352532941366,,,,,,A:ASN100;A:ASP200;A:ASP98;A:GLY78;A:GLY80;A:LEU145;A:PHE103;A:PHE36;A:PRO99;A:SER149;A:THR144;A:VAL146;A:VAL150,A:LEU145;A:PHE103;A:PHE36;A:PRO99;A:VAL146;A:VAL150,A:PHE103;A:PHE36,A:GLY78;A:LEU145,A:GLY78;A:LEU145;A:THR144;A:VAL146,A:SER149;A:VAL146;A:VAL150,1.0,1.133873929156466,4.016438875381572,False,SAM_COMPATIBLE
7B_APO,7B,APO,SKF64139,4,-5.577,5.126727272727273,-1.4358181818181817,3.9099090909090903,0.036462366125087416,-0.9977503108177163,0.056256671779544534,1.0,0.25239057034683404,,,,,,A:ASP200;A:ASP98;A:GLY127;A:GLY78;A:PRO99;A:SER149;A:VAL146;A:VAL150,A:PRO99;A:VAL146;A:VAL150,A:PHE36,A:ASP98,A:ASP98;A:GLY78;A:PRO99,A:GLY127;A:PRO99;A:VAL146;A:VAL150,1.0,4.163438723800447,6.530679503356666,True,SAM_COMPATIBLE
7B_APO,7B,APO,SKF64139,5,-5.532,5.066272727272727,3.4039090909090914,2.2841818181818176,0.026461399433963258,0.4558046441455102,-0.8896864170680484,1.0,0.22135040094836067,,,,,,A:ASP200;A:ASP98;A:GLY199;A:GLY78;A:GLY80;A:LEU145;A:MET40;A:PHE103;A:PHE36;A:SER149,A:LEU145;A:MET40;A:PHE103;A:PHE36,A:PHE103;A:PHE36,A:ASP98,A:ASP98;A:GLY78;A:GLY80;A:PHE103,A:MET40,1.0,-0.798738454402943,1.0279469323157615,False,SAM_COMPATIBLE
7B_APO,7B,APO,SKF64139,6,-5.484,0.7121818181818184,6.637272727272727,1.1205454545454545,0.8723817222845441,-0.3967472476419841,0.28555516474468196,1.0,0.21662179022434466,,,,,,A:ALA83;A:ASN84;A:CYS79;A:GLU76;A:GLY78;A:GLY80;A:LEU145;A:LYS55;A:MET40;A:THR144;A:THR44;A:TRP173,A:ALA83;A:LEU145;A:MET40;A:TRP173,A:PHE36;A:TRP173,,A:GLY78;A:GLY80;A:THR144,A:ALA83;A:ASN84;A:CYS79;A:GLU76;A:THR144,1.0,-4.5421870139164255,-2.6486615250856493,False,SAM_COMPATIBLE
7B_APO,7B,APO,SKF64139,7,-5.44,4.684727272727272,2.8516363636363633,2.520545454545454,-0.8023283879132653,0.5723674188657134,-0.16930651425595258,1.0,0.3604927183730618,,,,,,A:ASP200;A:ASP98;A:CYS79;A:GLY199;A:GLY78;A:GLY80;A:LEU145;A:PHE36;A:PRO99;A:SER149;A:THR144,A:LEU145;A:PHE36;A:PRO99,A:PHE103;A:PHE36,A:GLY78,A:ASP98;A:CYS79;A:GLY78;A:GLY80,A:ASP200;A:ASP98;A:PRO99,1.0,-0.265204307681069,1.9734587641566967,False,SAM_COMPATIBLE
7B_APO,7B,APO,SKF64139,8,-5.369,5.086909090909091,-3.1957272727272734,4.176181818181818,0.6818450601737778,-0.7268667232189733,0.08217104473918815,1.0,0.1385424122786956,,,,,,A:ASP200;A:GLU128;A:GLY127;A:GLY78;A:LEU77;A:LEU97;A:PRO126;A:PRO99;A:SER149;A:VAL146;A:VAL150,A:LEU77;A:LEU97;A:PRO126;A:PRO99;A:VAL146;A:VAL150,,A:GLU128,A:GLU128;A:GLY127;A:PRO126;A:VAL150,A:GLY127;A:GLY78;A:LEU77;A:LEU97;A:PRO126;A:PRO99;A:VAL146;A:VAL150,1.0,5.928959490481195,8.49515550834115,True,SAM_COMPATIBLE
7B_APO,7B,APO,SKF64139,9,-5.347,7.401454545454545,6.263727272727272,-2.801545454545455,-0.519038432877741,-0.8538583845726688,0.039050791167030516,1.0,0.30356218473321067,,,,,,A:CYS148;A:CYS202;A:GLY199;A:HIS175;A:ILE198;A:LEU145;A:LEU232;A:LEU43;A:MET40;A:PHE36;A:SER149;A:TRP195;A:VAL234,A:ILE198;A:LEU145;A:LEU232;A:LEU43;A:MET40;A:PHE36;A:TRP195;A:VAL234,A:HIS175;A:PHE36;A:TRP195,,A:CYS148;A:CYS202;A:GLY199;A:LEU145;A:SER149,A:GLY199;A:ILE198;A:MET40;A:PHE36;A:TRP195,1.0,-3.9174459747192194,-1.6537887267208955,False,SAM_COMPATIBLE
7B_APO,7B,APO,SKF64139,10,-5.291,5.222818181818182,-1.4331818181818181,4.010636363636364,-0.3022351794376615,-0.9508475948871332,0.06739990806846939,1.0,0.5969371826247715,,,,,,A:ASP200;A:ASP98;A:GLY127;A:GLY78;A:PHE36;A:PRO99;A:SER149;A:VAL146;A:VAL150,A:PHE36;A:PRO99;A:VAL146;A:VAL150,A:PHE103;A:PHE36,A:ASP200,A:ASP200;A:SER149,A:PRO99;A:SER149;A:VAL150,1.0,4.180391277153982,6.886918832985528,True,SAM_COMPATIBLE
7B_APO,7B,APO,SKF64139,11,-5.133,6.033636363636364,-3.508818181818182,4.091181818181817,0.7882049399892624,-0.6133329460122059,0.050553634018848104,1.0,0.40548366181635526,,,,,,A:ASP200;A:GLN151;A:GLU128;A:GLY127;A:PRO126;A:PRO99;A:SER149;A:VAL146;A:VAL150,A:PRO126;A:PRO99;A:VAL146;A:VAL150,,,A:SER149,A:ASP200;A:SER149,1.0,6.322610230484468,8.508704590570103,True,SAM_COMPATIBLE
7B_APO,7B,APO,SKF64139,12,-5.05,2.506818181818182,5.600636363636363,1.5100909090909092,-0.8343117620115843,0.5427024407541857,-0.0969429964905953,1.0,0.17102923726661476,,,,,,A:ALA83;A:ASP98;A:CYS79;A:GLY78;A:GLY80;A:LEU145;A:MET40;A:PHE103;A:PHE36;A:THR144;A:THR44,A:ALA83;A:LEU145;A:MET40;A:PHE103;A:PHE36,A:PHE36,,A:ALA83;A:CYS79;A:GLY80;A:THR44,A:ASP98;A:GLY78;A:GLY80;A:PHE103,1.0,-3.3014884944703815,-1.1259751613793267,False,SAM_COMPATIBLE
7B_SAM,7B,SAM,23CL2BA,1,-5.076,7.3696,5.579899999999999,-2.4938000000000002,0.059435638393780875,-0.8393236470320271,0.5403732232647921,1.0,0.30384370982463954,3.4078694223810864,0,4,0,0.0,A:CYS148;A:CYS202;A:GLY199;A:HIS175;A:LEU145;A:LEU232;A:MET40;A:PHE36;A:SER149;A:TRP195;A:VAL234,A:LEU145;A:LEU232;A:MET40;A:PHE36;A:TRP195;A:VAL234,A:HIS175;A:PHE36;A:TRP195,A:GLY199;A:SER149,A:CYS202;A:GLY199;A:LEU145;A:PHE36;A:SER149,A:HIS175;A:LEU145;A:LEU232;A:VAL234,1.0,-3.2123539489832877,-0.34521640338716775,False,SAM_CONTACTING
7B_SAM,7B,SAM,23CL2BA,2,-4.786,7.972499999999999,6.782900000000001,-2.7269,-0.8201785027347183,-0.37995335899749677,-0.42771797792278393,1.0,0.4376219829944562,3.7456749725516767,0,1,0,0.0,A:CYS202;A:GLY199;A:HIS175;A:ILE198;A:LEU145;A:LEU232;A:LEU39;A:LEU43;A:MET40;A:PHE36;A:TRP195;A:VAL234,A:ILE198;A:LEU145;A:LEU232;A:LEU43;A:MET40;A:PHE36;A:TRP195;A:VAL234,A:PHE36;A:TRP195,,A:GLY199;A:ILE198;A:LEU39;A:TRP195,A:CYS202;A:GLY199;A:HIS175;A:LEU145;A:PHE36;A:VAL234,1.0,-4.368253462118861,-2.0801049724300698,False,SAM_CONTACTING
7B_SAM,7B,SAM,23CL2BA,3,-4.717,6.9620999999999995,5.7239,-2.7123999999999997,-0.17783578957874638,0.8548294665079249,-0.4874843742466833,1.0,0.31302715537154296,3.447891819648638,0,4,0,0.0,A:CYS148;A:CYS202;A:GLY199;A:HIS175;A:LEU145;A:LEU232;A:MET40;A:PHE36;A:SER149;A:TRP195;A:VAL234,A:LEU145;A:LEU232;A:MET40;A:PHE36;A:TRP195;A:VAL234,A:HIS175;A:PHE36;A:TRP195,A:GLY199;A:SER149,A:CYS148;A:CYS202;A:GLY199;A:LEU145;A:PHE36;A:SER149,A:GLY199;A:LEU232;A:MET40;A:PHE36;A:TRP195,1.0,-3.4167720434749365,-0.5073271390507815,False,SAM_CONTACTING
7B_SAM,7B,SAM,23CL2BA,4,-4.691,7.407900000000001,7.0792,-3.147,0.5877250808480777,-0.5765820821105488,0.5675670285800483,1.0,0.4224926034855517,3.877849661861583,0,1,0,0.0,A:CYS202;A:GLY199;A:HIS175;A:LEU145;A:LEU232;A:LEU43;A:MET40;A:PHE36;A:TRP195;A:VAL234,A:LEU145;A:LEU232;A:LEU43;A:MET40;A:PHE36;A:TRP195;A:VAL234,A:PHE36;A:TRP195,,A:LEU145,A:CYS202;A:GLY199;A:HIS175;A:LEU145;A:PHE36;A:VAL234,1.0,-4.75917112733371,-1.950046193528355,False,SAM_CONTACTING
7B_SAM,7B,SAM,23CL2BA,5,-4.683,7.818899999999999,6.6729,-2.7945,-0.6763387619784598,-0.7099405514707915,-0.1963422838381805,1.0,0.205740127345153,3.5883451617702553,0,2,0,0.0,A:CYS202;A:GLY199;A:HIS175;A:LEU145;A:LEU232;A:LEU43;A:MET40;A:PHE36;A:TRP195;A:VAL234,A:LEU145;A:LEU232;A:LEU43;A:MET40;A:PHE36;A:TRP195;A:VAL234,A:PHE36;A:TRP195,,A:LEU43;A:MET40;A:TRP195,A:HIS175;A:LEU145;A:LEU232;A:VAL234,1.0,-4.28115914421807,-2.352415928495249,False,SAM_CONTACTING
7B_SAM,7B,SAM,23CL2BA,6,-4.663,7.037999999999999,6.4519,-3.3699999999999997,-0.47864884807787145,0.6102706195468581,-0.6312408820344416,1.0,0.46092298705965995,3.7568742326567173,0,2,0,0.0,A:CYS202;A:GLY199;A:HIS175;A:LEU145;A:LEU229;A:LEU232;A:LEU43;A:PHE36;A:TRP195;A:VAL234,A:LEU145;A:LEU229;A:LEU232;A:LEU43;A:TRP195;A:VAL234,A:HIS175;A:PHE36;A:TRP195,A:GLY199,A:CYS202;A:GLY199;A:PHE36,A:LEU229;A:LEU232;A:LEU43;A:TRP195;A:VAL234,1.0,-4.196723889398127,-2.080468137116974,False,SAM_CONTACTING
7B_SAM,7B,SAM,23CL2BA,7,-4.586,7.3449,6.848999999999999,-3.1370999999999998,-0.7007332145700423,-0.6793674197859421,-0.21779088808241429,1.0,0.478386872729593,3.875644591548611,0,1,0,0.0,A:CYS148;A:CYS202;A:GLY199;A:HIS175;A:LEU145;A:LEU232;A:LEU43;A:MET40;A:PHE36;A:TRP195;A:VAL234,A:LEU145;A:LEU232;A:LEU43;A:MET40;A:PHE36;A:TRP195;A:VAL234,A:HIS175;A:PHE36;A:TRP195,,A:LEU232;A:LEU43;A:TRP195,A:CYS148;A:CYS202;A:GLY199;A:HIS175;A:LEU145;A:PHE36;A:TRP195;A:VAL234,1.0,-4.536393469315932,-2.1070958310504166,False,SAM_CONTACTING
7B_SAM,7B,SAM,23CL2BA,8,-4.563,7.6617999999999995,6.653700000000001,-3.0393,0.6080416656893531,0.7140776138201641,0.3469560407697458,1.0,0.45244557683769976,3.550785265261756,0,1,0,0.0,A:CYS148;A:CYS202;A:GLY199;A:HIS175;A:ILE198;A:LEU145;A:LEU232;A:LEU39;A:LEU43;A:MET40;A:PHE36;A:TRP195;A:VAL234,A:ILE198;A:LEU232;A:LEU39;A:LEU43;A:MET40;A:PHE36;A:TRP195;A:VAL234,A:HIS175;A:TRP195,,A:CYS148;A:CYS202;A:HIS175;A:LEU145;A:VAL234,A:CYS202;A:GLY199;A:ILE198;A:LEU39;A:MET40;A:PHE36;A:TRP195,1.0,-4.30224413738456,-2.248775693718484,False,SAM_CONTACTING
7B_SAM,7B,SAM,23CL2BA,9,-4.264,8.7541,-5.0334,5.2319,0.32607749284944104,0.7922918521071627,-0.5157005814827288,1.0,0.34770964898892287,3.1143572370555055,0,6,0,0.0,A:ASP200;A:GLN151;A:GLU128;A:GLY201;A:LYS33;A:PRO126;A:PRO99;A:SER149;A:VAL150,A:PRO126;A:PRO99;A:VAL150,,A:ASP200;A:SER149,A:ASP200;A:GLY201;A:SER149,A:GLN151;A:GLU128;A:PRO126;A:SER149;A:VAL150,0.9,8.212693653903054,10.948375109385617,True,SAM_CONTACTING
7B_SAM,7B,SAM,23CL2BA,10,-4.192,9.9369,-3.9679,4.6652000000000005,-0.6716558758244134,-0.7406944515638423,-0.015814989506108303,1.0,0.334798446830328,3.440549520062166,0,6,0,0.0,A:ASP200;A:GLN151;A:GLN29;A:GLU128;A:GLY201;A:LYS33;A:PRO99;A:SER149;A:VAL150,A:PRO99;A:VAL150,,A:ASP200;A:GLN29,A:ASP200;A:GLN29;A:GLY201;A:LYS33,A:GLN151;A:GLU128;A:SER149;A:VAL150,1.0,7.215676379273532,9.549889710518366,True,SAM_CONTACTING
7B_SAM,7B,SAM,23CL2BA,11,-4.094,7.424799999999999,-8.811499999999999,-9.4593,0.8559581925312357,0.38221415986461676,0.34820670389532354,0.0,10.493184311733021,12.435012102929374,0,0,0,0.0,A:ARG206;A:ASP211;A:CYS203;A:GLU207;A:LYS210;A:PRO153;A:THR205;A:THR208,A:PRO153,A:TYR180,A:ASP211;A:GLU207,A:ASP211;A:GLU207;A:LYS210;A:THR208,A:ARG206;A:ASP211;A:CYS203;A:PRO153,1.0,10.336447796550974,11.412191787719056,True,OUTSIDE_TARGET_SITE
7B_SAM,7B,SAM,23CL2BA,12,-4.041,8.5872,-8.3521,-8.9099,-0.613641119425316,-0.4010173045736874,0.6801688746060783,0.0,9.666702591887265,11.818802562019554,0,0,0,0.0,A:ARG206;A:ASP211;A:CYS203;A:GLU207;A:PRO153;A:THR205,A:PRO153,,A:THR205,A:ARG206;A:THR205,A:ARG206;A:CYS203;A:PRO153,1.0,10.050518520974654,11.35354940177416,True,OUTSIDE_TARGET_SITE
7B_SAM,7B,SAM,24DCMB_R,1,-5.285,6.939545454545455,6.539000000000001,-3.25,-0.6771658446877477,0.4603212602473463,-0.5740651149065095,1.0,0.31924128805654206,3.7654388854421734,0,2,0,0.0,A:CYS148;A:CYS202;A:GLY199;A:HIS175;A:HIS237;A:ILE198;A:LEU145;A:LEU232;A:MET40;A:PHE36;A:PRO228;A:SER47;A:TRP195;A:VAL234,A:ILE198;A:LEU145;A:LEU232;A:MET40;A:PHE36;A:PRO228;A:TRP195;A:VAL234,A:HIS175;A:PHE36;A:TRP195,A:GLY199,A:CYS202;A:GLY199;A:PHE36,A:CYS148;A:CYS202;A:HIS175;A:HIS237;A:LEU145;A:PRO228;A:SER47;A:VAL234,1.0,-4.280406887404406,-1.7963417078728967,False,SAM_CONTACTING
7B_SAM,7B,SAM,24DCMB_R,2,-5.276,7.1836363636363645,7.024545454545454,-3.415909090909091,-0.7361133927144802,0.3702130463583357,-0.5666386620876288,1.0,0.44791182167922344,4.0325880027595185,0,0,0,0.0,A:CYS202;A:GLY199;A:HIS237;A:LEU145;A:LEU232;A:LEU43;A:MET40;A:PHE36;A:PRO228;A:TRP195;A:VAL234,A:LEU145;A:LEU232;A:LEU43;A:MET40;A:PHE36;A:PRO228;A:TRP195;A:VAL234,A:HIS175;A:PHE36;A:TRP195,A:GLY199,A:CYS202;A:GLY199;A:TRP195,A:HIS237;A:LEU145;A:LEU232;A:LEU43;A:PRO228;A:TRP195;A:VAL234,1.0,-4.754140180410932,-2.013532908418902,False,SAM_COMPATIBLE
7B_SAM,7B,SAM,24DCMB_R,3,-5.265,6.928818181818183,7.646363636363637,-3.516363636363636,0.7588251869772435,-0.24794012192746115,0.6022541253885664,1.0,0.6223552040434787,4.01505491867795,0,0,0,0.0,A:GLY199;A:HIS175;A:ILE198;A:LEU145;A:LEU229;A:LEU232;A:LEU43;A:MET40;A:PHE36;A:SER47;A:TRP195;A:VAL234,A:ILE198;A:LEU145;A:LEU232;A:LEU43;A:MET40;A:PHE36;A:TRP195;A:VAL234,A:PHE36;A:TRP195,,A:LEU229;A:LEU232;A:VAL234,A:GLY199;A:HIS175;A:ILE198;A:LEU145;A:MET40;A:PHE36;A:TRP195;A:VAL234,1.0,-5.4047932002675,-3.174968932227331,False,SAM_COMPATIBLE
7B_SAM,7B,SAM,24DCMB_R,4,-5.085,8.282545454545454,7.2411818181818175,-2.5072727272727273,0.8539295615057347,0.41048089810370164,0.31985893184121356,1.0,0.22035426022657253,3.68059614736526,0,1,0,0.0,A:CYS202;A:GLY199;A:HIS175;A:ILE198;A:LEU145;A:LEU232;A:LEU39;A:LEU43;A:MET40;A:PHE36;A:TRP195;A:VAL234,A:ILE198;A:LEU145;A:LEU232;A:LEU39;A:LEU43;A:MET40;A:PHE36;A:TRP195;A:VAL234,A:PHE36;A:TRP195,,A:CYS202;A:HIS175;A:LEU145;A:VAL234,A:CYS202;A:GLY199;A:ILE198;A:LEU39;A:LEU43;A:PHE36;A:TRP195,1.0,-4.769534856650706,-2.3831111006974974,False,SAM_CONTACTING
7B_SAM,7B,SAM,24DCMB_R,5,-4.783,8.709545454545456,-5.213727272727272,5.042818181818181,-0.3770291235806946,-0.8958656807015226,0.23510364121631822,1.0,0.2578643054011151,3.1553999746466377,0,8,0,0.0,A:ASP200;A:GLN151;A:GLU128;A:GLY201;A:LYS33;A:PRO126;A:PRO99;A:SER149;A:VAL150,A:PRO126;A:PRO99;A:VAL150,,A:ASP200;A:SER149,A:ASP200;A:GLY201;A:SER149,A:GLN151;A:GLU128;A:LYS33;A:PRO126;A:PRO99,1.0,8.367746902121965,11.843092598797174,True,SAM_CONTACTING
7B_SAM,7B,SAM,24DCMB_R,6,-4.716,8.68609090909091,7.512727272727273,-2.5537272727272726,-0.852060767690355,0.048145880233025004,-0.5212239656611254,1.0,0.44197058725666455,4.553784579885175,0,0,0,0.0,A:CYS202;A:GLY199;A:ILE198;A:LEU145;A:LEU232;A:LEU39;A:LEU43;A:MET40;A:PHE36;A:TRP195;A:VAL234,A:ILE198;A:LEU145;A:LEU232;A:LEU39;A:LEU43;A:MET40;A:PHE36;A:TRP195;A:VAL234,A:PHE36;A:TRP195,A:ILE198,A:GLY199;A:ILE198;A:LEU39;A:MET40;A:PHE36,A:CYS202;A:GLY199;A:LEU145;A:TRP195;A:VAL234,1.0,-5.003757414989451,-2.3011476185597957,False,SAM_COMPATIBLE
7B_SAM,7B,SAM,24DCMB_R,7,-4.705,9.160454545454545,-4.425818181818181,5.182272727272728,-0.32471562776313023,-0.9457443453333003,-0.011286910847656024,1.0,0.17697457444503056,3.523660170901843,0,7,0,0.0,A:ASP200;A:GLN151;A:GLN29;A:GLU128;A:GLY201;A:LYS33;A:PRO126;A:PRO99;A:SER149,A:PRO126;A:PRO99,,A:ASP200,A:ASP200;A:GLN29;A:LYS33,A:ASP200;A:GLN151;A:GLU128;A:GLY201;A:PRO126;A:SER149,0.9090909090909091,7.645721923028945,11.157269305603377,True,SAM_CONTACTING
7B_SAM,7B,SAM,24DCMB_R,8,-4.516,6.506545454545455,8.067636363636364,-3.507454545454546,-0.535841267333916,0.2584111335034166,-0.8038021039431674,1.0,0.23013257048927213,3.3998417610235925,0,2,0,0.006782514238320357,A:HIS237;A:LEU145;A:LEU229;A:LEU232;A:LEU43;A:MET40;A:PHE36;A:PRO228;A:TRP195;A:VAL234,A:LEU145;A:LEU229;A:LEU232;A:MET40;A:PHE36;A:PRO228;A:TRP195;A:VAL234,A:PHE36;A:TRP195,,A:LEU43;A:MET40;A:TRP195,A:HIS237;A:LEU145;A:LEU229;A:MET40;A:PRO228;A:VAL234,0.9090909090909091,-5.862139984179468,-3.6819226355966697,False,SAM_CONTACTING
7B_SAM,7B,SAM,24DCMB_R,9,-4.465,6.867363636363636,-9.50881818181818,-8.626636363636363,0.4248571819063005,0.008114388898109634,0.9052240229221974,0.0,8.53139548960192,11.064857793934815,0,0,0,0.0,A:ARG206;A:ASP211;A:GLN151;A:GLU207;A:LYS210;A:PRO153;A:THR205;A:THR208,A:PRO153,,A:ASP211;A:GLU207,A:ASP211;A:GLU207;A:LYS210;A:THR208,A:ARG206;A:GLN151;A:GLU207;A:PRO153;A:THR205,1.0,11.056812740843165,11.974187588059413,True,OUTSIDE_TARGET_SITE
7B_SAM,7B,SAM,24DCMB_R,10,-4.44,7.0618181818181816,-9.136181818181818,-9.602818181818181,0.8347774367622607,0.549742859781352,0.030486377155228873,0.0,10.384821905068954,12.314731381560865,0,0,0,0.0,A:ARG206;A:ASP211;A:GLU207;A:LYS210;A:PRO153;A:THR205,A:PRO153,,A:ASP211,A:ASP211,A:ARG206;A:ASP211;A:PRO153;A:THR205,1.0,10.608000624608179,12.799845486380958,True,OUTSIDE_TARGET_SITE
7B_SAM,7B,SAM,24DCMB_R,11,-4.301,9.633,-4.464363636363635,4.986999999999999,-0.5443317340709707,-0.4061463060450226,0.733994646689792,1.0,0.26017494114537637,3.5873731336452868,0,4,0,0.0,A:ASP200;A:GLN151;A:GLN29;A:GLY201;A:LYS33;A:PRO126;A:PRO99;A:SER149,A:PRO126;A:PRO99,,A:SER149,A:GLY201;A:SER149,A:ASP200;A:LYS33;A:PRO126;A:PRO99,1.0,7.710172225698265,9.652443284264692,True,SAM_CONTACTING
7B_SAM,7B,SAM,24DCMB_R,12,-4.277,7.754818181818183,-8.762454545454547,-8.726,-0.8536520602383832,-0.30826937488089007,-0.4198191903204391,0.0,9.526957279215647,11.686600788937731,0,0,0,0.0,A:ARG206;A:ASP211;A:CYS203;A:GLU207;A:LYS210;A:PRO153;A:THR205,A:PRO153,,,A:ARG206;A:CYS203;A:THR205,A:ARG206;A:ASP211;A:GLU207;A:LYS210;A:PRO153,0.9090909090909091,10.394291169177063,11.351226020289653,True,OUTSIDE_TARGET_SITE
7B_SAM,7B,SAM,24DCMB_S,1,-5.183,6.769636363636366,7.698818181818182,-3.6524545454545447,0.7771262500081129,-0.2313427904673113,0.5852822437483696,1.0,0.6292265092953417,4.05288169084665,0,0,0,0.0,A:GLY199;A:HIS175;A:ILE198;A:LEU145;A:LEU229;A:LEU232;A:LEU43;A:MET40;A:PHE36;A:SER47;A:TRP195;A:VAL234,A:ILE198;A:LEU145;A:LEU229;A:LEU232;A:LEU43;A:MET40;A:PHE36;A:TRP195;A:VAL234,A:HIS237;A:TRP195,,A:LEU145;A:SER47,A:GLY199;A:HIS175;A:ILE198;A:LEU145;A:MET40;A:PHE36;A:TRP195;A:VAL234,1.0,-5.486019188328301,-3.2977058875762246,False,SAM_COMPATIBLE
7B_SAM,7B,SAM,24DCMB_S,2,-4.935,8.435,7.458363636363637,-2.2564545454545453,0.9568078023011288,0.18630453834003274,0.22318030479769277,1.0,0.3928460258167313,3.68003070639363,0,3,0,0.0,A:CYS202;A:GLY199;A:ILE198;A:LEU145;A:LEU232;A:LEU39;A:LEU43;A:MET40;A:PHE36;A:TRP195;A:VAL234,A:ILE198;A:LEU145;A:LEU232;A:LEU39;A:LEU43;A:MET40;A:PHE36;A:TRP195;A:VAL234,A:PHE36;A:TRP195,,A:LEU145;A:MET40,A:CYS202;A:GLY199;A:ILE198;A:LEU39;A:PHE36;A:TRP195,0.9090909090909091,-4.94431054172891,-2.4297379438637785,False,SAM_CONTACTING
7B_SAM,7B,SAM,24DCMB_S,3,-4.85,6.933090909090908,6.848727272727273,-3.3200909090909083,-0.6159887665829471,0.5122961631556092,-0.5984233289734456,1.0,0.14199295757184588,3.4778983596419257,0,1,0,0.0,A:CYS148;A:CYS202;A:GLY199;A:HIS175;A:LEU145;A:LEU229;A:LEU232;A:MET40;A:PHE36;A:PRO228;A:TRP195;A:VAL234,A:LEU145;A:LEU229;A:LEU232;A:MET40;A:PHE36;A:PRO228;A:TRP195;A:VAL234,A:HIS175;A:PHE36;A:TRP195,A:TRP195,A:CYS202;A:GLY199;A:TRP195,A:CYS148;A:CYS202;A:HIS175;A:LEU145;A:LEU229;A:PRO228;A:VAL234,1.0,-4.594785522104755,-2.2304594524392667,False,SAM_CONTACTING
7B_SAM,7B,SAM,24DCMB_S,4,-4.566,9.017181818181818,-5.018,5.266090909090909,-0.2157828232870918,-0.8767735266771187,0.42977430832056324,1.0,0.6082968025561205,3.1213429801929817,0,9,0,0.0,A:ASP200;A:GLN151;A:GLY201;A:LYS33;A:PRO126;A:PRO99;A:SER149,A:PRO126;A:PRO99,,A:ASP200;A:SER149,A:ASP200;A:GLY201;A:SER149,A:GLN151;A:PRO126;A:SER149,0.9090909090909091,8.226548890316778,11.554586151923747,True,SAM_CONTACTING
7B_SAM,7B,SAM,24DCMB_S,5,-4.521,6.273272727272729,6.745090909090909,-3.553272727272727,0.3578452851606106,-0.7418657749568454,0.5670819374975726,1.0,0.23199353439266415,3.483917478930866,0,4,0,0.0,A:CYS202;A:GLY199;A:HIS175;A:HIS237;A:LEU145;A:LEU229;A:LEU232;A:LEU43;A:MET40;A:PHE36;A:PRO228;A:SER149;A:VAL234,A:LEU145;A:LEU232;A:LEU43;A:MET40;A:PHE36;A:PRO228;A:VAL234,A:HIS175;A:HIS237;A:PHE36;A:TRP195,,A:LEU229;A:LEU232;A:VAL234,A:CYS202;A:GLY199;A:LEU232;A:LEU43;A:MET40;A:PHE36;A:SER149,0.9090909090909091,-4.580092813408329,-1.2271694257529822,False,SAM_CONTACTING
7B_SAM,7B,SAM,24DCMB_S,6,-4.381,6.92009090909091,-9.191454545454546,-9.947181818181818,0.8256363409956775,0.5139893075215036,0.23267923023087905,0.0,10.72768283461065,13.014446665148695,0,0,0,0.0,A:ARG206;A:ASP211;A:GLU207;A:LYS210;A:PRO153;A:THR205,A:PRO153,,A:ASP211;A:GLU207,A:ASP211;A:GLU207;A:LYS210,A:ARG206;A:ASP211;A:PRO153;A:THR205,1.0,10.614049144770412,12.101643899888579,True,OUTSIDE_TARGET_SITE
7B_SAM,7B,SAM,24DCMB_S,7,-4.319,7.489363636363636,6.411727272727273,-2.512454545454545,0.8447957530772777,0.3439462658350529,0.409903771391187,1.0,0.22564352417031602,3.5251468054536397,0,3,0,0.0,A:CYS148;A:CYS202;A:GLY199;A:HIS175;A:ILE198;A:LEU145;A:LEU39;A:LEU43;A:MET40;A:PHE36;A:TRP195;A:VAL234,A:ILE198;A:LEU145;A:LEU39;A:LEU43;A:MET40;A:PHE36;A:TRP195;A:VAL234,A:HIS175;A:PHE36;A:TRP195,,A:HIS175;A:LEU145;A:VAL234,A:GLY199;A:ILE198;A:LEU39;A:MET40;A:PHE36;A:TRP195,0.9090909090909091,-4.026142596933729,-1.860497222744365,False,SAM_CONTACTING
7B_SAM,7B,SAM,24DCMB_S,8,-4.301,8.296,7.378272727272726,-2.5290000000000004,-0.8595059298904519,-0.010244209463036284,-0.5110231038374166,1.0,0.22452616773997627,3.755401975820963,0,1,0,0.0,A:CYS202;A:GLY199;A:ILE198;A:LEU145;A:LEU232;A:LEU39;A:LEU43;A:MET40;A:PHE36;A:TRP195;A:VAL234,A:ILE198;A:LEU145;A:LEU232;A:LEU39;A:LEU43;A:MET40;A:PHE36;A:TRP195;A:VAL234,A:PHE36;A:TRP195,,A:GLY199;A:ILE198;A:TRP195,A:CYS202;A:GLY199;A:LEU145;A:PHE36;A:VAL234,0.9090909090909091,-4.906153638572816,-2.535661803309668,False,SAM_CONTACTING
7B_SAM,7B,SAM,24DCMB_S,9,-4.131,10.627545454545453,-3.914272727272726,3.850000000000001,0.3820340529928074,-0.6561841423764602,-0.6507475344921091,0.9090909090909091,0.6371412716187839,3.390287450939816,0,3,0,0.0,A:ASP200;A:GLN151;A:GLN29;A:GLY201;A:LYS33;A:PRO99;A:SER149;A:VAL150,A:PRO99;A:VAL150,,A:ASP200,A:ASP200;A:LYS33,A:ASP200;A:GLN151;A:GLN29;A:GLY201;A:SER149,1.0,7.147365849350478,9.61750608329845,True,SAM_CONTACTING
7B_SAM,7B,SAM,24DCMB_S,10,-4.081,7.621181818181818,-8.897363636363636,-9.043545454545455,-0.7817760944257304,-0.3324924596748027,-0.5275176797452872,0.0,9.883158604413874,11.924944150812614,0,0,0,0.0,A:ARG206;A:ASP211;A:CYS203;A:GLU207;A:LYS210;A:PRO153;A:THR205,A:PRO153,,,,A:ARG206;A:ASP211;A:GLU207;A:LYS210;A:PRO153,0.9090909090909091,10.482689363903988,11.249652510635899,True,OUTSIDE_TARGET_SITE
7B_SAM,7B,SAM,24DCMB_S,11,-4.061,6.796545454545455,-9.604636363636365,-8.953454545454546,0.34372923073750317,0.04665685990750021,0.9379090325613546,0.0,8.73220126886686,11.155394479802137,0,0,0,0.0,A:ARG206;A:ASP211;A:GLN151;A:GLU207;A:LYS210;A:PRO153;A:THR205,A:PRO153,,A:GLU207,A:GLU207,A:ARG206;A:GLN151;A:GLU207;A:PRO153;A:THR205,1.0,11.111691710270787,12.025470401543101,True,OUTSIDE_TARGET_SITE
7B_SAM,7B,SAM,24DCMB_S,12,-4.026,8.716636363636365,-8.342090909090906,-8.751999999999999,-0.7754643720513256,-0.5114482820680745,0.3702373055874552,0.0,10.148844515510127,12.487882646790048,0,0,0,0.0,A:ARG206;A:ASP211;A:CYS203;A:GLU192;A:GLU207;A:PRO153;A:THR205,A:PRO153,,A:THR205,A:ARG206;A:CYS203;A:GLU192;A:THR205,A:ARG206;A:ASP211;A:GLU207;A:PRO153;A:THR205,1.0,10.069209498046996,11.962167830409825,True,OUTSIDE_TARGET_SITE
7B_SAM,7B,SAM,25DCMB_R,1,-5.113,7.213454545454544,6.756545454545454,-3.002272727272727,0.823311478079201,-0.23334452687470644,0.5174055873690011,1.0,0.22833527979705676,3.9853777738126657,0,1,0,0.0,A:CYS148;A:CYS202;A:GLY199;A:HIS175;A:ILE198;A:LEU145;A:LEU232;A:LEU39;A:MET40;A:PHE36;A:TRP195;A:VAL234,A:ILE198;A:LEU145;A:LEU39;A:MET40;A:PHE36;A:TRP195;A:VAL234,A:HIS175;A:PHE36;A:TRP195,,A:LEU232;A:VAL234,A:CYS148;A:CYS202;A:GLY199;A:HIS175;A:ILE198;A:LEU145;A:LEU39;A:MET40;A:PHE36;A:TRP195;A:VAL234,1.0,-4.444018060276971,-2.4105630850803856,False,SAM_CONTACTING
7B_SAM,7B,SAM,25DCMB_R,2,-4.861,8.409818181818181,6.904727272727272,-2.526272727272727,0.7023435291596001,0.6834825100051928,0.19891009417482866,1.0,0.3516176901124288,3.5976194907188286,0,2,0,0.0,A:CYS202;A:GLY199;A:HIS175;A:ILE198;A:LEU145;A:LEU232;A:LEU39;A:LEU43;A:MET40;A:PHE36;A:SER149;A:TRP195;A:VAL234,A:ILE198;A:LEU145;A:LEU232;A:LEU39;A:LEU43;A:MET40;A:PHE36;A:TRP195;A:VAL234,A:HIS175;A:PHE36;A:TRP195,A:GLY199,A:CYS202;A:GLY199;A:PHE36;A:SER149,A:GLY199;A:ILE198;A:LEU145;A:LEU39;A:TRP195;A:VAL234,1.0,-4.425938052054974,-1.721161797936321,False,SAM_CONTACTING
7B_SAM,7B,SAM,25DCMB_R,3,-4.736,6.656363636363636,6.897272727272729,-3.5277272727272733,-0.5687530082349104,0.6424669270532565,-0.513572062388995,1.0,0.27599637678781247,3.6190449016280524,0,2,0,0.0,A:CYS148;A:CYS202;A:GLY199;A:HIS175;A:HIS237;A:LEU145;A:LEU229;A:LEU232;A:LEU43;A:MET40;A:PRO228;A:TRP195;A:VAL234,A:LEU145;A:LEU229;A:LEU232;A:LEU43;A:MET40;A:PRO228;A:TRP195;A:VAL234,A:HIS175;A:TRP195,,A:CYS202;A:GLY199;A:TRP195,A:HIS237;A:LEU145;A:MET40;A:PRO228;A:TRP195;A:VAL234,1.0,-4.690840728751507,-1.8465153553295308,False,SAM_CONTACTING
7B_SAM,7B,SAM,25DCMB_R,4,-4.354,6.986727272727273,6.232636363636363,-3.0068181818181823,-0.30107735769115174,-0.9515806987519582,0.0620209516893248,1.0,0.4571892387184977,3.392452063036411,0,4,0,0.00015202108688523944,A:CYS148;A:CYS202;A:GLY199;A:HIS175;A:LEU145;A:LEU232;A:LEU43;A:MET40;A:SER149;A:TRP195;A:VAL234,A:LEU145;A:LEU232;A:LEU43;A:MET40;A:TRP195;A:VAL234,A:HIS175;A:PHE36;A:TRP195,,A:MET40;A:TRP195,A:CYS148;A:CYS202;A:GLY199;A:LEU145;A:LEU232;A:SER149;A:VAL234,0.9090909090909091,-3.947865831098987,-0.5502206904340564,False,SAM_CONTACTING
7B_SAM,7B,SAM,25DCMB_R,5,-4.316,9.032363636363637,-5.048,4.996727272727272,0.47016993995550277,0.7412753092170663,-0.4790105880952756,1.0,0.6399046804016985,3.599434400013425,0,4,0,0.0,A:ASP200;A:GLN151;A:GLU128;A:GLY201;A:LYS33;A:PRO126;A:PRO99;A:SER149,A:PRO126;A:PRO99,,A:ASP200;A:SER149,A:ASP200;A:GLY201;A:SER149,A:ASP200;A:GLN151;A:GLU128;A:LYS33;A:PRO126;A:PRO99,1.0,8.230461260178034,11.42308106483412,True,SAM_CONTACTING
7B_SAM,7B,SAM,25DCMB_R,6,-4.261,7.204909090909092,-9.096636363636366,-9.381181818181817,0.42352587960165916,0.1333633465839803,0.8960134190376627,0.0,9.24418736287836,11.440761906446616,0,0,0,0.0,A:ARG206;A:ASP211;A:GLN151;A:GLU207;A:LYS210;A:PRO153;A:THR205;A:THR208;A:TYR180,A:PRO153;A:TYR180,,A:ASP211;A:GLU207,A:ASP211;A:GLU207;A:LYS210;A:THR208,A:ARG206;A:GLN151;A:GLU207;A:PRO153;A:THR205;A:TYR180,1.0,10.605231654079295,12.017663478704325,True,OUTSIDE_TARGET_SITE
7B_SAM,7B,SAM,25DCMB_R,7,-4.152,9.428636363636365,-4.30209090909091,5.423090909090909,-0.38342744791667577,-0.8653590762066452,0.32270274465967363,1.0,0.25167439281738707,3.6747129139566805,0,4,0,0.0,A:ASP200;A:GLN151;A:GLN29;A:GLY201;A:LYS33;A:PRO126;A:PRO99;A:SER149,A:PRO126;A:PRO99,,A:ASP200,A:ASP200;A:GLN29;A:LYS33,A:ASP200;A:GLY201;A:PRO126;A:PRO99;A:SER149,0.9090909090909091,7.573740281982686,9.785859223947833,True,SAM_CONTACTING
7B_SAM,7B,SAM,25DCMB_R,8,-4.136,6.951272727272727,-9.293818181818182,-9.949181818181819,0.7868368877135242,0.4795161023484198,-0.3885254428243719,0.0,10.5199528991341,12.394196141743118,0,0,0,0.0,A:ARG206;A:ASP211;A:GLU207;A:LYS210;A:PRO153;A:THR205;A:TYR180,A:PRO153;A:TYR180,,A:ASP211,A:ASP211,A:ARG206;A:ASP211;A:GLU207;A:PRO153;A:THR205;A:TYR180,1.0,10.718233624557003,12.84709740762621,True,OUTSIDE_TARGET_SITE
7B_SAM,7B,SAM,25DCMB_R,9,-4.105,7.205909090909092,-9.407909090909092,-9.44090909090909,0.699363402226926,0.7051384645263464,-0.11692124473767014,0.0,10.367787324207608,12.706767134090402,0,0,0,0.0,A:ARG206;A:ASP211;A:CYS203;A:GLU207;A:LYS210;A:PRO153;A:THR205,,,A:ASP211,A:ASP211;A:PRO153,A:ARG206;A:CYS203;A:GLU207;A:LYS210;A:THR205,1.0,10.907466359912794,13.53529780906701,True,OUTSIDE_TARGET_SITE
7B_SAM,7B,SAM,25DCMB_R,10,-4.04,8.320181818181817,-8.504272727272728,-8.872636363636362,-0.9274254045463213,-0.37288481240905086,0.028966112558636386,0.0,10.550528375394286,12.539354768089146,0,0,0,0.0,A:ARG206;A:ASP211;A:CYS203;A:GLU192;A:GLU207;A:PRO153;A:THR205,A:PRO153,,A:ARG206;A:THR205,A:ARG206;A:CYS203;A:GLU192;A:THR205,A:ARG206;A:ASP211;A:GLU207,1.0,10.178928971155234,10.997804927149517,True,OUTSIDE_TARGET_SITE
7B_SAM,7B,SAM,25DCMB_R,11,-3.989,11.475999999999997,-3.5599090909090907,4.653545454545454,0.9401640228073229,-0.1484999946030807,-0.3066583796696847,1.0,0.4046306958202749,3.137327525139828,0,5,0,0.0,A:ASP200;A:GLN29;A:GLY201;A:LYS196;A:LYS33;A:PRO99;A:SER149,A:PRO99,,A:ASP200;A:SER149,A:ASP200;A:GLY201;A:SER149,A:GLN29;A:GLY201;A:LYS196;A:LYS33,1.0,6.9605611884166425,8.33038011378399,True,SAM_CONTACTING
7B_SAM,7B,SAM,25DCMB_S,1,-5.225,7.1742727272727285,6.746636363636364,-3.0818181818181816,0.8469579175249021,-0.209481653372773,0.4886509212537008,1.0,0.3030280515067867,3.983993724894656,0,1,0,0.0,A:CYS148;A:CYS202;A:GLY199;A:HIS175;A:ILE198;A:LEU145;A:LEU229;A:LEU232;A:LEU39;A:MET40;A:PHE36;A:TRP195;A:VAL234,A:ILE198;A:LEU145;A:LEU229;A:LEU232;A:LEU39;A:MET40;A:PHE36;A:TRP195;A:VAL234,A:HIS175;A:PHE36;A:TRP195,,A:LEU145,A:CYS148;A:CYS202;A:GLY199;A:HIS175;A:ILE198;A:LEU145;A:LEU39;A:MET40;A:PHE36;A:TRP195;A:VAL234,1.0,-4.446079076901184,-2.4243005753807645,False,SAM_CONTACTING
7B_SAM,7B,SAM,25DCMB_S,2,-5.078,6.645181818181819,7.027727272727272,-3.6998181818181823,0.13012251117496104,-0.9420906836004579,0.3090845773550415,1.0,0.5396017049639483,3.7441720045959426,0,2,0,0.0,A:CYS148;A:CYS202;A:HIS175;A:LEU145;A:LEU229;A:LEU232;A:LEU43;A:SER47;A:TRP195;A:VAL234,A:LEU145;A:LEU229;A:LEU232;A:LEU43;A:TRP195;A:VAL234,A:HIS175;A:TRP195,,A:LEU229;A:LEU232;A:VAL234,A:CYS148;A:CYS202;A:HIS175;A:LEU145;A:LEU232;A:LEU43;A:TRP195,1.0,-4.838512551088541,-1.637121075972356,False,SAM_CONTACTING
7B_SAM,7B,SAM,25DCMB_S,3,-4.911,7.3661818181818175,6.782727272727271,-3.0821818181818177,-0.42426437617301455,0.731944601933892,-0.5331574240413041,1.0,0.5053691719921197,3.6614966885141382,0,2,0,0.0,A:CYS148;A:CYS202;A:GLY199;A:HIS175;A:ILE198;A:LEU145;A:LEU232;A:LEU43;A:MET40;A:PHE36;A:TRP195;A:VAL234,A:ILE198;A:LEU145;A:LEU232;A:LEU43;A:MET40;A:PHE36;A:TRP195;A:VAL234,A:HIS175;A:TRP195,A:GLY199,A:CYS202;A:GLY199;A:PHE36,A:GLY199;A:ILE198;A:LEU145;A:MET40;A:PHE36;A:TRP195;A:VAL234,1.0,-4.463144415004238,-1.7610323891505923,False,SAM_CONTACTING
7B_SAM,7B,SAM,25DCMB_S,4,-4.751,8.359272727272728,6.994454545454546,-2.6773636363636366,0.7278091562096387,0.6297881033375453,0.271405189765986,1.0,0.39377404688475837,3.576303119144125,0,2,0,0.0,A:CYS202;A:GLY199;A:HIS175;A:ILE198;A:LEU232;A:LEU39;A:LEU43;A:MET40;A:PHE36;A:TRP195;A:VAL234,A:ILE198;A:LEU232;A:LEU39;A:LEU43;A:MET40;A:PHE36;A:TRP195;A:VAL234,A:PHE36;A:TRP195,,A:CYS202;A:HIS175;A:TRP195;A:VAL234,A:GLY199;A:ILE198;A:LEU39;A:PHE36;A:TRP195;A:VAL234,1.0,-4.534997312185079,-1.8632488213781795,False,SAM_CONTACTING
7B_SAM,7B,SAM,25DCMB_S,5,-4.461,8.797727272727274,-5.100272727272728,5.16709090909091,-0.4036354917577758,-0.8242708419451885,0.3970591503950369,1.0,0.49142242521073376,3.174674471500975,0,8,0,0.0,A:ASP200;A:GLN151;A:GLU128;A:GLY201;A:LYS33;A:PRO126;A:PRO99;A:SER149,A:PRO126;A:PRO99,,A:ASP200;A:SER149,A:ASP200;A:GLY201;A:SER149,A:ASP200;A:GLN151;A:GLU128;A:LYS33;A:PRO126;A:PRO99,1.0,8.27659378322546,11.66238976933689,True,SAM_CONTACTING
7B_SAM,7B,SAM,25DCMB_S,6,-4.322,9.682909090909092,-4.7651818181818175,5.50609090909091,-0.23032763212339297,-0.9616109012559417,0.149176594900697,1.0,0.4538281613121869,3.1291265554464234,0,7,0,0.0,A:ASP200;A:GLN151;A:GLN29;A:GLU128;A:GLY201;A:LYS33;A:PRO126;A:PRO99;A:SER149,A:PRO126;A:PRO99,,A:ASP200;A:SER149,A:ASP200;A:GLY201;A:SER149,A:GLN151;A:GLN29;A:GLU128;A:LYS33;A:PRO126,0.8181818181818182,8.06542092306028,10.628750447999936,True,SAM_CONTACTING
7B_SAM,7B,SAM,25DCMB_S,7,-4.239,7.015272727272728,-9.116818181818182,-10.331181818181816,0.8641855148653498,0.4216176693701761,-0.2746305459554181,0.0,10.894841485767474,12.742225158895915,0,0,0,0.0,A:ARG206;A:ASP211;A:GLU207;A:LYS210;A:PRO153;A:THR205;A:THR208;A:TYR180,A:PRO153;A:TYR180,A:TYR180,A:ASP211;A:GLU207,A:ASP211;A:GLU207;A:LYS210;A:THR208,A:ARG206;A:ASP211;A:GLU207;A:PRO153;A:THR205;A:TYR180,1.0,10.510555158556086,12.114972752540817,True,OUTSIDE_TARGET_SITE
7B_SAM,7B,SAM,25DCMB_S,8,-4.228,8.207090909090908,-8.483272727272727,-8.62990909090909,-0.9024443065061273,-0.42326655814097247,-0.08024770659757,0.0,10.347496412176232,12.337153115690832,0,0,0,0.0,A:ARG206;A:ASP211;A:CYS203;A:GLU192;A:GLU207;A:PRO153;A:THR205;A:THR208,A:PRO153,,A:THR205,A:ARG206;A:THR205,A:ARG206;A:ASP211;A:GLU207;A:THR208,1.0,10.171688082184776,11.257392540056292,True,OUTSIDE_TARGET_SITE
7B_SAM,7B,SAM,25DCMB_S,9,-4.13,12.294272727272727,-5.119727272727273,1.2412727272727273,0.7888974850616324,0.5396958866569392,0.2938862160582078,0.5454545454545454,1.9016858310457065,5.220410232922314,0,0,0,0.0,A:ARG206;A:CYS203;A:GLN151;A:GLN29;A:GLY201;A:LYS196;A:SER149;A:VAL150,A:VAL150,,A:GLY201;A:SER149;A:VAL150,A:ARG206;A:CYS203;A:GLN151;A:GLY201;A:SER149;A:VAL150,A:GLN151;A:GLY201;A:LYS196;A:SER149,1.0,8.239204128436088,10.408957557345715,True,SAM_COMPATIBLE
7B_SAM,7B,SAM,25DCMB_S,10,-4.085,10.681272727272727,-3.9920909090909094,4.014090909090909,0.9261262182744199,0.1657283489595381,-0.33885740684817056,1.0,0.2441085823972609,3.0903533778517955,0,8,0,0.0002263348323507353,A:ASP200;A:GLN151;A:GLN29;A:GLY201;A:LYS33;A:PRO99;A:SER149;A:VAL150,A:PRO99,,A:SER149,A:GLN151;A:SER149;A:VAL150,A:ASP200;A:GLY201;A:LYS33;A:PRO99,1.0,7.246260392700705,9.436594017985689,True,SAM_CONTACTING
7B_SAM,7B,SAM,25DCMB_S,11,-4.073,7.757272727272729,-8.956545454545456,-9.04290909090909,0.1208682047640727,-0.08881942484599238,0.9886870014555351,0.0,10.100726954036526,12.205896443932334,0,0,0,0.0,A:ARG206;A:ASP211;A:GLU207;A:PRO153;A:THR205,A:PRO153,A:TYR180,A:THR205,A:ARG206;A:GLU207;A:THR205,A:ARG206;A:ASP211;A:GLU207,1.0,10.554612298961338,11.196184874734982,True,OUTSIDE_TARGET_SITE
7B_SAM,7B,SAM,26DCMB_R,1,-5.135,6.794363636363636,6.430545454545455,-2.9871818181818184,0.1490122410424682,0.9888118564315351,0.00681649469470922,1.0,0.21700000000000005,3.6519993154435286,0,3,0,0.0,A:CYS148;A:CYS202;A:GLY199;A:HIS175;A:LEU145;A:LEU232;A:LEU43;A:MET40;A:PHE36;A:TRP195;A:VAL234,A:LEU145;A:LEU232;A:LEU43;A:MET40;A:PHE36;A:TRP195;A:VAL234,A:HIS175;A:PHE36;A:TRP195,,A:LEU43;A:MET40,A:GLY199;A:LEU145;A:MET40;A:PHE36;A:VAL234,0.8181818181818182,-4.160571616614971,-1.8716595456734963,False,SAM_CONTACTING
7B_SAM,7B,SAM,26DCMB_R,2,-4.99,7.077272727272728,6.6170909090909085,-2.9778181818181824,0.4561718571229635,-0.7807226957221788,0.42705890595242274,1.0,0.4041311668258221,3.828138973443885,0,2,0,0.0,A:CYS148;A:CYS202;A:GLY199;A:HIS175;A:LEU145;A:LEU232;A:LEU43;A:MET40;A:PHE36;A:TRP195;A:VAL234,A:LEU145;A:LEU232;A:LEU43;A:MET40;A:PHE36;A:TRP195;A:VAL234,A:HIS175;A:PHE36;A:TRP195,,A:LEU232;A:VAL234,A:CYS148;A:CYS202;A:HIS175;A:LEU145;A:LEU232;A:LEU43;A:MET40;A:VAL234,1.0,-4.316744495945881,-2.0960821638721643,False,SAM_CONTACTING
7B_SAM,7B,SAM,26DCMB_R,3,-4.983,6.795545454545455,6.408545454545455,-2.9814545454545454,-0.12666241673102127,-0.9892472724341564,0.0731195334328611,1.0,0.2493371211833489,3.539238618686228,0,3,0,0.0,A:CYS148;A:CYS202;A:GLY199;A:HIS175;A:LEU145;A:LEU232;A:LEU43;A:MET40;A:PHE36;A:TRP195;A:VAL234,A:LEU145;A:LEU232;A:MET40;A:PHE36;A:TRP195;A:VAL234,A:HIS175;A:PHE36;A:TRP195,,A:LEU43;A:MET40,A:GLY199;A:LEU145;A:MET40;A:PHE36;A:VAL234,0.8181818181818182,-4.1380949324381975,-1.8534107307716672,False,SAM_CONTACTING
7B_SAM,7B,SAM,26DCMB_R,4,-4.948,7.275272727272727,6.887636363636364,-2.9890909090909092,0.7130040572361936,-0.5567722498063681,0.42618056761223,1.0,0.3026119627509795,3.981105499732455,0,2,0,0.0,A:CYS202;A:GLY199;A:HIS175;A:LEU145;A:LEU232;A:LEU43;A:MET40;A:PHE36;A:TRP195;A:VAL234,A:LEU145;A:LEU232;A:LEU43;A:MET40;A:PHE36;A:TRP195;A:VAL234,A:HIS175;A:PHE36;A:TRP195,,A:LEU145,A:HIS175;A:LEU145;A:LEU43;A:MET40;A:TRP195;A:VAL234,1.0,-4.566448567642333,-2.3828418414608397,False,SAM_CONTACTING
7B_SAM,7B,SAM,26DCMB_R,5,-4.575,6.973181818181818,6.96481818181818,-3.272636363636363,0.6139893655323716,-0.42313494224084613,0.6663136496185499,1.0,0.2582053446387189,3.65081306012784,0,3,0,0.0,A:CYS202;A:GLY199;A:HIS175;A:LEU145;A:LEU229;A:LEU232;A:LEU43;A:MET40;A:PHE36;A:TRP195;A:VAL234,A:LEU145;A:LEU229;A:LEU232;A:LEU43;A:MET40;A:TRP195;A:VAL234,A:HIS175;A:HIS237;A:PHE36;A:TRP195,,A:GLY199;A:MET40;A:PHE36,A:HIS175;A:LEU145;A:LEU232;A:LEU43;A:MET40;A:TRP195;A:VAL234,0.9090909090909091,-4.701012834281218,-2.5969130370664213,False,SAM_CONTACTING
7B_SAM,7B,SAM,26DCMB_R,6,-4.466,6.939454545454546,6.939272727272728,-3.5067272727272734,-0.39745779209952703,0.7498398818493663,-0.5289304822824047,1.0,0.506541212538526,3.5416575215568207,0,2,0,0.0,A:CYS148;A:CYS202;A:GLY199;A:HIS175;A:LEU145;A:LEU229;A:LEU232;A:LEU43;A:MET40;A:PHE36;A:TRP195;A:VAL234,A:LEU145;A:LEU229;A:LEU232;A:LEU43;A:MET40;A:PHE36;A:TRP195;A:VAL234,A:HIS175;A:HIS237;A:PHE36;A:TRP195,A:CYS202;A:TRP195,A:CYS202;A:GLY199;A:TRP195;A:VAL234,A:CYS148;A:HIS175;A:LEU145;A:LEU232;A:LEU43;A:TRP195;A:VAL234,1.0,-4.70270677419436,-2.2656199189221917,False,SAM_CONTACTING
7B_SAM,7B,SAM,26DCMB_R,7,-4.382,7.830727272727273,6.975090909090908,-2.9569090909090914,-0.760853689689264,-0.45879410747319077,-0.4589222481359034,1.0,0.4951656288556384,3.9223310671079252,0,2,0,0.0,A:CYS202;A:GLY199;A:HIS175;A:LEU145;A:LEU232;A:LEU43;A:MET40;A:PHE36;A:TRP195;A:VAL234,A:LEU145;A:LEU232;A:LEU43;A:MET40;A:PHE36;A:TRP195;A:VAL234,A:PHE36;A:TRP195,,A:CYS202;A:HIS175;A:TRP195;A:VAL234,A:CYS202;A:GLY199;A:LEU232;A:MET40;A:PHE36;A:VAL234,1.0,-4.595640411989743,-2.522828662248771,False,SAM_CONTACTING
7B_SAM,7B,SAM,26DCMB_R,8,-4.065,7.283454545454545,-9.097636363636362,-9.353727272727273,0.8250607652436052,0.46289968472415055,0.32403489864198115,0.0,10.545950549855617,12.807663838499199,0,0,0,0.0,A:ARG206;A:ASP211;A:GLU207;A:LYS210;A:PRO153;A:THR205;A:THR208;A:TYR180,A:PRO153;A:TYR180,,A:ASP211;A:GLU207,A:ARG206;A:ASP211;A:GLU207;A:LYS210;A:THR208,A:ARG206;A:ASP211;A:GLU207;A:PRO153;A:THR205;A:TYR180,0.9090909090909091,10.61665651127146,12.397729083524037,True,OUTSIDE_TARGET_SITE
7B_SAM,7B,SAM,26DCMB_R,9,-4.046,10.741272727272728,-4.147545454545455,3.8770909090909096,0.9038601305945919,0.3639872273064366,-0.2248336333365178,1.0,0.18702406262296814,3.065191021779883,0,5,0,0.0029390403921580395,A:ASP200;A:GLN151;A:GLN29;A:GLY201;A:LYS33;A:PRO99;A:SER149;A:VAL150,A:PRO99,,A:SER149,A:GLN151;A:SER149;A:VAL150,A:ASP200;A:GLN151;A:LYS33;A:PRO99;A:SER149,1.0,7.392150662093078,9.38931718508075,True,SAM_CONTACTING
7B_SAM,7B,SAM,26DCMB_R,10,-3.991,10.082181818181818,-4.261727272727272,4.448909090909091,0.28232797508611923,-0.717442301134406,-0.6368417849252199,1.0,0.24252628723501227,3.4396553606429827,0,5,0,0.0,A:ASP200;A:GLN151;A:GLN29;A:GLU128;A:GLY201;A:LYS33;A:PRO99;A:SER149;A:VAL150,A:PRO99,,A:SER149,A:GLN151;A:SER149;A:VAL150,A:ASP200;A:GLN151;A:GLN29;A:GLU128;A:GLY201;A:SER149,1.0,7.4988509825661565,9.467513772691268,True,SAM_CONTACTING
7B_SAM,7B,SAM,26DCMB_R,11,-3.968,7.59909090909091,-9.329,-8.67218181818182,-0.5286283864601589,-0.6529684627792395,0.5423875142776106,0.0,9.623863725136594,11.848301988048751,0,0,0,0.0,A:ARG206;A:ASP211;A:GLU207;A:PRO153;A:THR205,A:PRO153,,A:ASP211,A:ARG206;A:ASP211;A:PRO153,A:ARG206;A:GLU207;A:PRO153,0.9090909090909091,10.945485185415945,13.483373039399005,True,OUTSIDE_TARGET_SITE
7B_SAM,7B,SAM,26DCMB_R,12,-3.929,10.58181818181818,-4.062636363636363,3.819909090909091,0.41005762945067065,-0.693661670319435,-0.5921876625352371,1.0,0.36792118721269607,3.3282959603977527,0,4,0,0.0,A:ASP200;A:GLN151;A:GLN29;A:GLU128;A:GLY201;A:LYS33;A:PRO99;A:SER149;A:VAL150,A:PRO99;A:VAL150,,A:ASP200,A:ASP200,A:ASP200;A:GLN151;A:GLN29;A:GLU128;A:GLY201;A:SER149;A:VAL150,1.0,7.286754137912702,9.058207733599165,True,SAM_CONTACTING
7B_SAM,7B,SAM,26DCMB_S,1,-5.107,6.830363636363637,6.622909090909091,-2.9294545454545453,0.4758306494500087,-0.7959002860772801,0.3743366501774654,1.0,0.27808272150566965,3.7374263872349376,0,2,0,0.0,A:CYS148;A:CYS202;A:GLY199;A:HIS175;A:LEU145;A:LEU232;A:LEU43;A:MET40;A:PHE36;A:TRP195;A:VAL234,A:LEU145;A:LEU232;A:LEU43;A:MET40;A:PHE36;A:TRP195;A:VAL234,A:HIS175;A:PHE36;A:TRP195,,A:LEU145,A:CYS148;A:CYS202;A:HIS175;A:LEU145;A:LEU43;A:MET40;A:VAL234,1.0,-4.341673510600509,-2.1031565056637964,False,SAM_CONTACTING
7B_SAM,7B,SAM,26DCMB_S,2,-5.018,6.7923636363636355,6.445363636363637,-3.023,-0.12155115969302695,-0.9917960406391274,0.03957182520216879,1.0,0.23583680798382614,3.609670068025608,0,3,0,0.0,A:CYS148;A:CYS202;A:GLY199;A:HIS175;A:LEU145;A:LEU232;A:LEU43;A:MET40;A:PHE36;A:TRP195;A:VAL234,A:LEU145;A:LEU43;A:MET40;A:PHE36;A:VAL234,A:HIS175;A:PHE36;A:TRP195,,A:LEU232;A:LEU43;A:TRP195;A:VAL234,A:GLY199;A:LEU145;A:MET40;A:PHE36;A:VAL234,0.8181818181818182,-4.179063812003755,-1.897172408161453,False,SAM_CONTACTING
7B_SAM,7B,SAM,26DCMB_S,3,-5.008,6.836545454545455,6.609727272727272,-2.919636363636364,-0.42177946114892195,0.8189107063652452,-0.38921374738477543,1.0,0.2491003813726505,3.728268364804229,0,2,0,0.0,A:CYS148;A:CYS202;A:GLY199;A:HIS175;A:LEU145;A:LEU232;A:LEU43;A:MET40;A:PHE36;A:TRP195;A:VAL234,A:LEU145;A:LEU232;A:LEU43;A:MET40;A:PHE36;A:TRP195;A:VAL234,A:HIS175;A:PHE36;A:TRP195,,A:LEU145,A:CYS148;A:CYS202;A:HIS175;A:LEU145;A:LEU43;A:MET40;A:VAL234,1.0,-4.327026029984376,-2.0862961497815915,False,SAM_CONTACTING
7B_SAM,7B,SAM,26DCMB_S,4,-4.834,6.854181818181818,6.499818181818182,-3.0347272727272725,0.44584984511788156,0.8671664465107132,0.22190148637254067,1.0,0.24811489274124568,3.654866481829398,0,3,0,0.0,A:CYS148;A:CYS202;A:GLY199;A:HIS175;A:LEU145;A:LEU232;A:LEU43;A:MET40;A:PHE36;A:TRP195;A:VAL234,A:LEU145;A:LEU232;A:LEU43;A:MET40;A:PHE36;A:TRP195;A:VAL234,A:HIS175;A:PHE36;A:TRP195,,A:LEU43;A:MET40,A:GLY199;A:LEU145;A:MET40;A:PHE36;A:TRP195;A:VAL234,1.0,-4.2281401703634565,-1.8266746156394744,False,SAM_CONTACTING
7B_SAM,7B,SAM,26DCMB_S,5,-4.635,7.099363636363637,6.996181818181819,-3.3102727272727277,-0.33143792845402487,0.7316934782764375,-0.5956287043367147,1.0,0.2310064934152291,3.3231885291087537,0,2,0,0.005567005057020596,A:CYS202;A:GLY199;A:HIS175;A:LEU145;A:LEU229;A:LEU232;A:LEU43;A:MET40;A:PHE36;A:TRP195;A:VAL234,A:LEU145;A:LEU229;A:LEU232;A:LEU43;A:TRP195;A:VAL234,A:PHE36;A:TRP195,,A:GLY199;A:MET40;A:PHE36,A:HIS175;A:LEU145;A:LEU232;A:LEU43;A:TRP195;A:VAL234,1.0,-4.723577243218272,-2.3657945864875223,False,SAM_CONTACTING
7B_SAM,7B,SAM,26DCMB_S,6,-4.569,7.882090909090909,6.877363636363636,-3.000818181818182,0.5959209607039636,0.7877227274157975,0.15611250208193672,1.0,0.4969164919782806,3.349343517765832,0,2,0,0.006818308286802017,A:CYS202;A:GLY199;A:HIS175;A:LEU145;A:LEU232;A:LEU43;A:MET40;A:PHE36;A:TRP195;A:VAL234,A:LEU145;A:LEU232;A:LEU43;A:MET40;A:PHE36;A:TRP195;A:VAL234,A:HIS175;A:PHE36;A:TRP195,A:CYS202,A:CYS202;A:HIS175;A:TRP195;A:VAL234,A:CYS202;A:GLY199;A:LEU232;A:PHE36;A:VAL234,1.0,-4.498322043058985,-2.285404712685511,False,SAM_CONTACTING
7B_SAM,7B,SAM,26DCMB_S,7,-4.532,7.772636363636363,7.039818181818182,-2.901090909090909,0.8083084932851085,0.411747425133535,0.4208342162646258,1.0,0.49453210209247267,3.8006754662822764,0,2,0,0.0,A:CYS202;A:GLY199;A:HIS175;A:LEU145;A:LEU232;A:LEU43;A:MET40;A:PHE36;A:TRP195;A:VAL234,A:LEU145;A:LEU232;A:LEU43;A:MET40;A:PHE36;A:TRP195;A:VAL234,A:HIS175;A:PHE36;A:TRP195,,A:LEU145;A:VAL234,A:GLY199;A:LEU232;A:MET40;A:PHE36;A:VAL234,1.0,-4.65973627596459,-2.548327752562354,False,SAM_CONTACTING
7B_SAM,7B,SAM,26DCMB_S,8,-4.198,12.20590909090909,-5.2379999999999995,1.0587272727272727,0.42959722907714937,0.5017092515979936,0.7508222476926321,0.45454545454545453,1.9686993168079274,5.3979880511168234,0,0,0,0.0,A:ARG206;A:CYS203;A:GLN151;A:GLN29;A:GLY201;A:LYS196;A:SER149;A:VAL150,A:VAL150,,A:ARG206;A:GLY201;A:SER149;A:VAL150,A:ARG206;A:CYS203;A:GLN151;A:GLY201;A:SER149;A:VAL150,A:CYS203;A:GLN151;A:GLY201;A:LYS196;A:SER149,1.0,8.329210530053139,10.411211428775761,True,SAM_COMPATIBLE
7B_SAM,7B,SAM,26DCMB_S,9,-4.161,9.840363636363636,-4.29481818181818,5.297727272727273,0.09416556871277874,0.821095093754617,-0.5629704190107107,1.0,0.5142509115208257,3.336101916908414,0,4,0,0.0,A:ASP200;A:GLN151;A:GLN29;A:GLY201;A:LYS33;A:PRO99;A:SER149,A:PRO99,,A:ASP200;A:SER149,A:ASP200;A:GLY201;A:SER149,A:ASP200;A:GLN151;A:LYS33;A:PRO99,0.8181818181818182,7.593976882840015,9.814002355346917,True,SAM_CONTACTING
7B_SAM,7B,SAM,26DCMB_S,10,-4.123,10.413727272727273,-3.832909090909091,4.2647272727272725,0.6897779947996754,0.7227531503766634,0.042827578856935965,1.0,0.3881172503252064,3.254510255015339,0,5,0,0.0,A:ASP200;A:GLN151;A:GLN29;A:GLY201;A:LYS33;A:PRO99;A:SER149;A:VAL150,A:PRO99,,A:SER149,A:GLN151;A:SER149;A:VAL150,A:ASP200;A:GLN151;A:LYS33;A:PRO99;A:SER149,1.0,7.08795583542962,9.164014742104362,True,SAM_CONTACTING
7B_SAM,7B,SAM,26DCMB_S,11,-4.108,10.005090909090908,-4.5053636363636365,4.437636363636364,-0.628048362783113,0.2762731747029142,0.7274808498819914,1.0,0.292781488485867,3.55215920251331,0,5,0,0.0,A:ASP200;A:GLN151;A:GLN29;A:GLU128;A:GLY201;A:LYS33;A:PRO99;A:SER149,A:PRO99,,A:SER149,A:GLY201;A:SER149,A:ASP200;A:GLN151;A:GLN29;A:GLU128;A:GLY201,1.0,7.73141484621869,9.786638978288074,True,SAM_CONTACTING
7B_SAM,7B,SAM,2CLBA,1,-4.85,7.041333333333332,6.065666666666668,-3.312333333333333,-0.38199669594789115,0.7464434373440321,-0.5448859689246187,1.0,0.21603240497666082,3.790703496714033,0,2,0,0.0,A:CYS148;A:CYS202;A:GLY199;A:HIS175;A:LEU145;A:LEU232;A:PHE36;A:TRP195;A:VAL234,A:LEU145;A:LEU232;A:TRP195;A:VAL234,A:HIS175;A:TRP195,A:GLY199,A:CYS202;A:GLY199;A:PHE36,A:CYS148;A:CYS202;A:HIS175;A:LEU145;A:VAL234,1.0,-3.8081603910279953,-1.8234189193364891,False,SAM_CONTACTING
7B_SAM,7B,SAM,2CLBA,2,-4.673,8.148888888888887,6.836888888888889,-2.622222222222222,-0.32871578348014774,0.7837294327728414,-0.5269858725778068,1.0,0.21097393203900844,3.678909621069809,0,1,0,0.0,A:CYS202;A:GLY199;A:ILE198;A:LEU232;A:LEU39;A:LEU43;A:MET40;A:PHE36;A:TRP195;A:VAL234,A:ILE198;A:LEU232;A:LEU39;A:LEU43;A:MET40;A:PHE36;A:TRP195;A:VAL234,A:PHE36;A:TRP195,A:GLY199,A:CYS202;A:GLY199;A:PHE36,A:GLY199;A:ILE198;A:LEU39;A:MET40;A:PHE36;A:TRP195,1.0,-4.393917739080501,-1.8442012775113086,False,SAM_CONTACTING
7B_SAM,7B,SAM,2CLBA,3,-4.445,6.999,6.4511111111111115,-3.4283333333333332,-0.5061521094876057,-0.8617998760387166,-0.03333190244945186,1.0,0.3237499034748892,3.687050447173187,0,2,0,0.0,A:CYS148;A:CYS202;A:GLY199;A:HIS175;A:LEU145;A:LEU232;A:LEU43;A:MET40;A:TRP195;A:VAL234,A:LEU145;A:LEU232;A:TRP195;A:VAL234,A:HIS175;A:TRP195,,A:LEU232;A:LEU43;A:MET40;A:TRP195,A:LEU145;A:VAL234,1.0,-4.205649429339428,-2.120401675284519,False,SAM_CONTACTING
7B_SAM,7B,SAM,2CLBA,4,-4.445,6.60411111111111,6.7173333333333325,-3.7808888888888896,0.2625738424801499,-0.8945380569519608,0.36174112554397314,1.0,0.2245818336375406,3.8817704723489252,0,1,0,0.0,A:CYS148;A:CYS202;A:HIS175;A:LEU145;A:LEU229;A:LEU232;A:LEU43;A:TRP195;A:VAL234,A:LEU145;A:LEU232;A:LEU43;A:TRP195;A:VAL234,A:HIS175;A:TRP195,,A:LEU229;A:LEU232;A:VAL234,A:LEU232;A:LEU43;A:TRP195;A:VAL234,1.0,-4.543409044036895,-2.353680442440347,False,SAM_CONTACTING
7B_SAM,7B,SAM,2CLBA,5,-4.334,7.199,6.463888888888888,-3.2548888888888885,0.6185063092190686,-0.5239310758968997,0.585616062933492,1.0,0.3698945795763979,4.039129732999425,0,0,0,0.0,A:CYS148;A:CYS202;A:GLY199;A:HIS175;A:LEU145;A:LEU232;A:MET40;A:PHE36;A:TRP195;A:VAL234,A:LEU145;A:MET40;A:PHE36;A:TRP195;A:VAL234,A:HIS175;A:PHE36;A:TRP195,,A:LEU232;A:VAL234,A:CYS148;A:CYS202;A:HIS175;A:LEU145;A:VAL234,1.0,-4.181248569404783,-2.368546518381244,False,SAM_COMPATIBLE
7B_SAM,7B,SAM,2CLBA,6,-4.323,7.700555555555555,6.344666666666665,-2.9782222222222217,0.5942003803046276,0.7544821613822839,0.27871594177899733,1.0,0.286609490422072,3.573927951148428,0,1,0,0.0,A:CYS148;A:CYS202;A:GLY199;A:HIS175;A:LEU145;A:LEU232;A:LEU43;A:MET40;A:PHE36;A:TRP195;A:VAL234,A:LEU232;A:LEU43;A:MET40;A:PHE36;A:TRP195;A:VAL234,A:HIS175;A:PHE36;A:TRP195,,A:CYS148;A:CYS202;A:HIS175;A:LEU145,A:LEU232;A:VAL234,1.0,-3.9863168316903836,-1.5913328463682384,False,SAM_CONTACTING
7B_SAM,7B,SAM,2CLBA,7,-4.281,8.162444444444443,7.191666666666666,-2.6336666666666666,0.8584637519438852,0.265040277426649,0.4390827233449671,1.0,0.1910654338178412,3.777371970034193,0,1,0,0.0,A:CYS202;A:GLY199;A:ILE198;A:LEU145;A:LEU232;A:LEU43;A:MET40;A:PHE36;A:TRP195;A:VAL234,A:ILE198;A:LEU232;A:LEU43;A:MET40;A:PHE36;A:TRP195;A:VAL234,A:PHE36;A:TRP195,,A:LEU145;A:VAL234,A:CYS202;A:GLY199;A:PHE36,1.0,-4.745012359288516,-2.3714502870847713,False,SAM_CONTACTING
7B_SAM,7B,SAM,2CLBA,8,-4.216,8.770777777777777,-4.642444444444443,5.045555555555556,0.28149304683134835,0.8301070556710798,-0.4813355801420626,1.0,0.9118886993487746,3.2166903798780506,0,8,0,0.0,A:ASP200;A:GLN151;A:GLU128;A:GLY201;A:LYS33;A:PRO126;A:PRO99;A:SER149,A:PRO126;A:PRO99,,A:ASP200;A:SER149,A:ASP200;A:GLY201;A:SER149,A:ASP200;A:LYS33;A:PRO99,1.0,7.808378184140123,9.922090447655238,True,SAM_CONTACTING
7B_SAM,7B,SAM,2CLBA,9,-4.157,5.639777777777778,8.265777777777778,-3.705777777777778,0.7683768237957967,-0.20264703307261753,0.6070677364515004,1.0,0.367468365985427,4.0490923674324835,0,0,0,0.0,A:HIS237;A:LEU145;A:LEU232;A:MET40;A:PRO228;A:SER47;A:THR44;A:TRP195;A:VAL234,A:LEU145;A:LEU232;A:MET40;A:PRO228;A:TRP195;A:VAL234,A:HIS237;A:TRP195,,A:HIS237;A:LEU145;A:PRO228;A:SER47;A:VAL234,A:LEU145;A:MET40;A:THR44,1.0,-6.162871565969384,-5.289759591056747,False,SAM_COMPATIBLE
7B_SAM,7B,SAM,2CLBA,10,-4.109,7.593,6.564777777777777,-2.7868888888888894,-0.8711784185105557,-0.279392913843086,-0.4037174294178014,1.0,0.5960696268054602,3.5629438670851945,0,3,0,0.0,A:CYS202;A:GLY199;A:LEU145;A:LEU232;A:LEU43;A:MET40;A:PHE36;A:SER149;A:TRP195;A:VAL234,A:LEU145;A:LEU232;A:MET40;A:PHE36;A:TRP195;A:VAL234,A:HIS175;A:PHE36;A:TRP195,,A:LEU43;A:MET40;A:TRP195,A:CYS202;A:GLY199;A:PHE36;A:SER149,0.8888888888888888,-4.19535646300274,-1.7283915120465272,False,SAM_CONTACTING
7B_SAM,7B,SAM,2CLBA,11,-4.071,6.292888888888889,6.728777777777777,-3.0536666666666665,-0.17873694961128,0.9826922016902324,-0.04867380795519211,1.0,0.27730308328614045,3.5326825501309904,0,3,0,0.0,A:CYS148;A:CYS202;A:GLY199;A:HIS175;A:LEU145;A:LEU43;A:MET40;A:PHE36;A:VAL234,A:LEU145;A:LEU43;A:MET40;A:PHE36;A:VAL234,A:HIS175;A:TRP195,,A:CYS148;A:CYS202;A:HIS175;A:LEU145,A:GLY199;A:MET40;A:PHE36,0.8888888888888888,-4.511450989015219,-1.7408619815681283,False,SAM_CONTACTING
7B_SAM,7B,SAM,34DCMB_R,1,-5.543,6.294545454545454,7.018545454545455,-4.078454545454545,0.518635202049397,-0.709365620193386,0.4773027803007585,1.0,0.19749683541768445,3.6811718242972575,0,1,0,0.0,A:CYS148;A:CYS202;A:GLY199;A:HIS175;A:HIS237;A:LEU145;A:LEU229;A:LEU232;A:PRO228;A:SER47;A:TRP195;A:VAL234,A:LEU145;A:LEU229;A:LEU232;A:PRO228;A:TRP195;A:VAL234,A:HIS175;A:HIS237;A:TRP195,,A:LEU145;A:PRO228;A:SER47,A:CYS148;A:CYS202;A:GLY199;A:HIS175;A:LEU145;A:TRP195;A:VAL234,1.0,-4.901928369413971,-1.9623365954658911,False,SAM_CONTACTING
7B_SAM,7B,SAM,34DCMB_R,2,-4.975,7.855727272727273,6.648545454545455,-2.622,-0.795680693066905,-0.49000701574332484,-0.356069317974591,1.0,0.33999558820667053,3.7727720577845676,0,3,0,0.0,A:CYS148;A:CYS202;A:GLY199;A:HIS175;A:ILE198;A:LEU145;A:LEU232;A:LEU39;A:LEU43;A:MET40;A:PHE36;A:TRP195;A:VAL234,A:ILE198;A:LEU145;A:LEU39;A:LEU43;A:MET40;A:PHE36;A:TRP195;A:VAL234,A:HIS175;A:PHE36;A:TRP195,,A:LEU232;A:LEU43;A:TRP195,A:CYS148;A:CYS202;A:HIS175;A:LEU145;A:VAL234,1.0,-4.235993529634266,-2.0159721173059637,False,SAM_CONTACTING
7B_SAM,7B,SAM,34DCMB_R,3,-4.969,8.081727272727273,6.219636363636363,-2.4128181818181815,-0.6590978485279707,-0.7344519673798622,-0.16177247503098338,1.0,0.43997045355341713,3.4295858350535564,0,3,0,0.0011267376884176747,A:CYS148;A:CYS202;A:GLY199;A:HIS175;A:ILE198;A:LEU145;A:LEU232;A:LEU39;A:LEU43;A:MET40;A:PHE36;A:SER149;A:TRP195;A:VAL234,A:ILE198;A:LEU145;A:LEU39;A:LEU43;A:MET40;A:PHE36;A:TRP195;A:VAL234,A:HIS175;A:PHE36;A:TRP195,,A:LEU232;A:LEU43;A:TRP195,A:CYS148;A:CYS202;A:GLY199;A:HIS175;A:LEU145;A:PHE36;A:SER149;A:VAL234,1.0,-3.7681367941522415,-0.8612439219502036,False,SAM_CONTACTING
7B_SAM,7B,SAM,34DCMB_R,4,-4.871,7.455454545454544,7.459727272727272,-3.191818181818182,-0.8278351533182733,-0.14433905916641226,-0.5420841216356237,1.0,0.3553195744678298,4.1176607436747386,0,0,0,0.0,A:GLY199;A:HIS175;A:HIS237;A:ILE198;A:LEU145;A:LEU232;A:LEU39;A:LEU43;A:MET40;A:PHE36;A:TRP195;A:VAL234,A:LEU145;A:LEU232;A:LEU39;A:LEU43;A:MET40;A:TRP195;A:VAL234,A:PHE36;A:TRP195,,A:GLY199;A:ILE198;A:MET40;A:PHE36;A:TRP195,A:HIS175;A:HIS237;A:LEU145;A:VAL234,1.0,-5.135824704013017,-3.0360939140082306,False,SAM_COMPATIBLE
7B_SAM,7B,SAM,34DCMB_R,5,-4.845,6.372727272727272,8.467545454545453,-3.2129999999999996,-0.9366765739455799,0.1667727630991724,-0.30793480042021526,1.0,0.4465601863131111,4.531355316017494,0,0,0,0.0,A:GLY199;A:HIS237;A:LEU145;A:LEU232;A:LEU43;A:MET40;A:PHE36;A:PRO228;A:SER47;A:THR44;A:TRP195;A:VAL234,A:LEU145;A:LEU232;A:LEU43;A:MET40;A:PHE36;A:PRO228;A:TRP195;A:VAL234,A:PHE36;A:TRP195,,A:LEU232;A:LEU43;A:MET40;A:TRP195,A:HIS237;A:LEU145;A:PRO228;A:SER47;A:THR44,1.0,-6.241313361629139,-4.145145440279796,False,SAM_COMPATIBLE
7B_SAM,7B,SAM,34DCMB_R,6,-4.819,6.659909090909091,7.583818181818182,-3.3490909090909096,-0.7855449656199324,0.4364334427782487,-0.4386854875806863,1.0,0.313765836253726,3.666415415634186,0,2,0,0.0,A:CYS202;A:GLY199;A:LEU145;A:LEU229;A:LEU232;A:MET40;A:PHE36;A:SER47;A:TRP195;A:VAL234,A:LEU145;A:LEU229;A:LEU232;A:MET40;A:PHE36;A:TRP195;A:VAL234,A:PHE36;A:TRP195,,A:CYS202;A:GLY199;A:TRP195,A:LEU145;A:LEU229;A:LEU232;A:SER47;A:VAL234,1.0,-5.352143164283348,-2.655807294942041,False,SAM_CONTACTING
7B_SAM,7B,SAM,34DCMB_R,7,-4.44,6.830363636363635,-9.226272727272727,-9.530090909090909,0.6864215611479549,0.3446781598136486,0.640329920071428,0.0,9.835621536029128,11.881152216851696,0,0,0,0.0,A:ARG206;A:ASP211;A:GLU207;A:LYS210;A:PRO153;A:THR205,A:PRO153,,A:ASP211;A:GLU207,A:ASP211;A:GLU207;A:LYS210,A:ARG206;A:PRO153,1.0,10.682001730739875,12.22453081063778,True,OUTSIDE_TARGET_SITE
7B_SAM,7B,SAM,34DCMB_R,8,-4.272,6.888999999999999,-9.244727272727273,-9.490454545454547,0.7738646598650415,0.33631067020211236,0.5366829802780871,0.0,10.722584996165804,12.554533523791315,0,0,0,0.0,A:ARG206;A:ASP211;A:GLU207;A:LYS210;A:THR205,,,A:ASP211;A:GLU207,A:ASP211;A:GLU207;A:LYS210,A:ARG206;A:THR205,1.0,10.710000757612807,12.03304518349247,True,OUTSIDE_TARGET_SITE
7B_SAM,7B,SAM,34DCMB_R,9,-4.216,7.7621818181818165,-8.786909090909091,-10.39790909090909,0.9069899641834144,0.4051372147447705,-0.11503496033562481,0.0,11.828487773168638,14.146397916077435,0,0,0,0.0,A:ARG206;A:ASP211;A:CYS203;A:GLU207;A:LYS210;A:THR205;A:TYR180,A:TYR180,A:TYR180,A:ASP211,A:ASP211,A:ARG206;A:CYS203;A:THR205,1.0,10.249961391958415,11.693749582513469,True,OUTSIDE_TARGET_SITE
7B_SAM,7B,SAM,34DCMB_R,10,-4.212,8.938,-5.464181818181818,5.39490909090909,0.3543718284715854,0.8687055354642382,-0.3460799038365224,1.0,0.06070420084310397,3.6596919269249972,0,6,0,0.0,A:ASP200;A:GLN151;A:GLU128;A:GLY201;A:LYS33;A:PRO126;A:PRO99;A:SER149,A:PRO126;A:PRO99,,A:GLU128,A:GLN151;A:GLU128;A:PRO126,A:ASP200;A:GLY201;A:LYS33;A:SER149,0.9090909090909091,8.673626899217146,11.383239979643005,True,SAM_CONTACTING
7B_SAM,7B,SAM,34DCMB_S,1,-5.298,6.381454545454545,7.04609090909091,-3.956272727272727,0.4632881618067691,-0.6970605993903928,0.5472390701578346,1.0,0.3834436073270747,3.5500614079195865,0,2,0,0.0,A:CYS148;A:CYS202;A:GLY199;A:HIS175;A:HIS237;A:LEU145;A:LEU229;A:LEU232;A:PHE36;A:PRO228;A:SER47;A:TRP195;A:VAL234,A:LEU145;A:LEU229;A:LEU232;A:PHE36;A:PRO228;A:TRP195;A:VAL234,A:HIS175;A:HIS237;A:TRP173;A:TRP195,,A:LEU229;A:LEU232;A:VAL234,A:CYS148;A:CYS202;A:GLY199;A:HIS175;A:LEU145;A:PHE36;A:TRP195;A:VAL234,1.0,-4.908360625546695,-2.0335059375235605,False,SAM_CONTACTING
7B_SAM,7B,SAM,34DCMB_S,2,-5.129,8.279727272727273,6.927727272727274,-2.5395454545454546,-0.7967495626076884,-0.4017758352419849,-0.4514048213079507,1.0,0.20036217207846382,3.993122587649921,0,1,0,0.0,A:CYS148;A:CYS202;A:GLY199;A:HIS175;A:ILE198;A:LEU145;A:LEU232;A:LEU39;A:LEU43;A:MET40;A:PHE36;A:TRP195;A:VAL234,A:ILE198;A:LEU145;A:LEU232;A:LEU39;A:LEU43;A:MET40;A:PHE36;A:TRP195;A:VAL234,A:PHE36;A:TRP195,A:ILE198,A:GLY199;A:ILE198;A:LEU39;A:MET40;A:PHE36,A:CYS148;A:CYS202;A:HIS175;A:LEU145;A:LEU232;A:VAL234,1.0,-4.462732698686013,-2.608838834685622,False,SAM_CONTACTING
7B_SAM,7B,SAM,34DCMB_S,3,-4.898,6.587090909090907,7.078636363636363,-3.6540000000000004,0.6979956353287659,-0.5087789755020314,0.5039305975519799,1.0,0.4584004799299405,3.8587595156993135,0,1,0,0.0,A:CYS202;A:GLY199;A:HIS175;A:LEU145;A:LEU229;A:LEU232;A:LEU43;A:MET40;A:PHE36;A:SER47;A:TRP195;A:VAL234,A:LEU145;A:LEU229;A:LEU232;A:LEU43;A:MET40;A:PHE36;A:TRP195;A:VAL234,A:HIS175;A:HIS237;A:TRP195,,A:LEU145;A:SER47,A:CYS202;A:GLY199;A:LEU43;A:MET40;A:PHE36;A:TRP195,1.0,-4.889939727463832,-2.2490227471861113,False,SAM_CONTACTING
7B_SAM,7B,SAM,34DCMB_S,4,-4.803,7.187636363636363,7.479636363636363,-3.252,-0.8393260804587168,-0.12105554154960713,-0.5299785717573295,1.0,0.316368456076139,4.1557549254016415,0,0,0,0.0,A:GLY199;A:HIS175;A:HIS237;A:ILE198;A:LEU145;A:LEU229;A:LEU232;A:LEU39;A:LEU43;A:MET40;A:PHE36;A:TRP195;A:VAL234,A:LEU145;A:LEU229;A:LEU232;A:LEU39;A:LEU43;A:MET40;A:PHE36;A:TRP195;A:VAL234,A:PHE36;A:TRP195,,A:GLY199;A:ILE198;A:MET40;A:PHE36;A:TRP195,A:HIS175;A:HIS237;A:LEU145;A:VAL234,1.0,-5.187731518508141,-3.054923931620567,False,SAM_COMPATIBLE
7B_SAM,7B,SAM,34DCMB_S,5,-4.734,8.748272727272727,-5.396909090909091,5.133545454545454,-0.19596924008345792,-0.9258931048408878,0.32298299544900727,1.0,0.3797380676202999,3.215949470996086,0,10,0,0.0029428111313495797,A:ASP200;A:GLN151;A:GLU128;A:GLY201;A:LYS33;A:PRO126;A:PRO99;A:SER149;A:VAL150,A:PRO126;A:PRO99;A:VAL150,,A:ASP200;A:SER149,A:ASP200;A:GLY201;A:SER149,A:GLN151;A:GLU128;A:PRO126,0.9090909090909091,8.562070434570119,11.852331598534203,True,SAM_CONTACTING
7B_SAM,7B,SAM,34DCMB_S,6,-4.498,7.985636363636363,-8.485909090909091,-9.633272727272727,-0.8618980025716294,-0.4991653216713575,0.08925141345528326,0.0,10.60072964469899,12.578954328560064,0,0,0,0.0,A:ARG206;A:ASP211;A:CYS203;A:GLU192;A:GLU207;A:LYS210;A:PRO153;A:THR205,A:PRO153,,A:THR205,A:ARG206;A:THR205,A:ARG206;A:ASP211;A:GLU207;A:LYS210;A:PRO153,1.0,10.051136728552423,11.335580599038497,True,OUTSIDE_TARGET_SITE
7B_SAM,7B,SAM,34DCMB_S,7,-4.405,6.678090909090911,-9.380545454545453,-9.406272727272729,0.6901690096402779,0.36520313481194033,0.6247346704447329,0.0,9.667699364378269,11.787980573448532,0,0,0,0.0,A:ARG206;A:ASP211;A:CYS203;A:GLU207;A:LYS210;A:PRO153;A:THR205,A:PRO153,,A:ASP211;A:GLU207,A:ASP211;A:GLU207;A:LYS210,A:ARG206;A:CYS203;A:PRO153,1.0,10.832437438604822,12.01056509789311,True,OUTSIDE_TARGET_SITE
7B_SAM,7B,SAM,34DCMB_S,8,-4.374,10.045,-3.9944545454545453,4.91109090909091,-0.7871067788236117,-0.5610636801774948,0.25626249338442814,1.0,0.2795460606054039,3.299966969531665,0,5,0,2.817303743890916e-09,A:ASP200;A:GLN151;A:GLN29;A:GLU128;A:GLY201;A:LYS33;A:PRO126;A:PRO99;A:SER149;A:VAL150,A:PRO126;A:PRO99;A:VAL150,,A:ASP200;A:GLN29,A:ASP200;A:GLN29;A:GLY201;A:LYS33,A:GLN151;A:GLU128;A:PRO126;A:PRO99;A:SER149;A:VAL150,1.0,7.277396580773801,9.121124960603396,True,SAM_CONTACTING
7B_SAM,7B,SAM,34DCMB_S,9,-4.345,7.7277272727272734,-8.858545454545455,-9.392090909090909,0.5143416499720487,0.33522072417446985,-0.7893539973851872,0.0,9.562053754293583,11.796257754050647,0,0,0,0.0,A:ARG206;A:ASP211;A:GLU207;A:PRO153;A:THR205;A:TYR180,A:PRO153;A:TYR180,,A:ASP211,A:ASP211;A:PRO153,A:ARG206;A:GLU207;A:THR205;A:TYR180,1.0,10.419354987551904,12.016854949072673,True,OUTSIDE_TARGET_SITE
7B_SAM,7B,SAM,34DCMB_S,10,-4.282,9.203181818181818,-5.002999999999999,5.418181818181818,0.41099335073559384,0.8978578049563763,-0.15791082208020582,1.0,0.2216325788326252,3.419282527080791,0,7,0,0.0,A:ASP200;A:GLN151;A:GLN29;A:GLU128;A:GLY201;A:LYS33;A:PRO126;A:PRO99,A:PRO126;A:PRO99,,A:GLU128,A:GLN151;A:GLU128;A:PRO126,A:ASP200;A:GLN29;A:GLY201;A:LYS33;A:PRO99,0.9090909090909091,8.24522331139416,11.252814929481294,True,SAM_CONTACTING
7B_SAM,7B,SAM,34DCMB_S,11,-4.211,10.114636363636365,-4.416727272727272,4.844181818181817,-0.684141041240723,-0.6944703138623409,0.2228497674533261,1.0,0.4155430182303631,3.547287837207463,0,1,0,0.0,A:ASP200;A:GLN151;A:GLN29;A:GLU128;A:GLY201;A:LYS33;A:PRO126;A:PRO99;A:SER149,A:PRO126;A:PRO99,,A:ASP200;A:GLN29,A:ASP200;A:GLN29;A:LYS33,A:GLN151;A:GLU128;A:LYS33;A:PRO126;A:PRO99,0.9090909090909091,7.695492308484948,10.337209394840079,True,SAM_CONTACTING
7B_SAM,7B,SAM,3CLBA,1,-4.622,11.379666666666667,7.258777777777778,-15.15922222222222,0.8023442715323557,0.5827171042215561,-0.12916828707874936,0.0,8.208974113736746,14.858851200547099,0,0,0,0.0,A:ALA184;A:GLN188;A:GLU178;A:GLY235;A:LEU232;A:LYS230;A:PHE191;A:PRO233;A:TRP187;A:VAL234,A:ALA184;A:PHE191;A:PRO233;A:TRP187,A:PHE185;A:TRP187,A:GLU178;A:GLY235;A:PRO233,A:GLN188;A:GLU178;A:GLY235;A:LEU232;A:PRO233;A:VAL234,A:PHE191;A:TRP187,0.8888888888888888,-5.765945689741827,-3.838186097585664,False,OUTSIDE_TARGET_SITE
7B_SAM,7B,SAM,3CLBA,2,-4.574,7.933000000000001,5.496222222222222,-2.139777777777778,0.4312407701843786,0.8841884123262886,-0.17956126987382573,1.0,0.29949791318137764,3.432496613253974,0,3,0,0.0,A:CYS148;A:CYS202;A:GLY199;A:ILE198;A:LEU145;A:LEU39;A:MET40;A:PHE36;A:SER149;A:TRP195;A:VAL234,A:ILE198;A:LEU145;A:LEU39;A:MET40;A:PHE36;A:TRP195;A:VAL234,A:HIS175;A:PHE36;A:TRP195,A:GLY199;A:SER149,A:CYS202;A:GLY199;A:LEU145;A:PHE36;A:SER149,A:GLY199;A:ILE198;A:LEU39;A:MET40;A:PHE36;A:TRP195,1.0,-3.038755067073186,-0.4020735564601646,False,SAM_CONTACTING
7B_SAM,7B,SAM,3CLBA,3,-4.573,7.652666666666666,6.769444444444444,-3.066666666666667,0.17670637997661762,-0.7919840526717286,0.5844109133043498,1.0,0.7006646844247255,3.683027151678358,0,2,0,0.0,A:CYS202;A:GLY199;A:LEU229;A:LEU232;A:LEU43;A:MET40;A:PHE36;A:SER149;A:TRP195;A:VAL234,A:LEU229;A:LEU232;A:LEU43;A:MET40;A:TRP195;A:VAL234,A:PHE36;A:TRP195,A:GLY199,A:CYS202;A:GLY199;A:PHE36;A:SER149,A:LEU229;A:LEU232;A:VAL234,1.0,-4.420500705909926,-1.6033315707586036,False,SAM_CONTACTING
7B_SAM,7B,SAM,3CLBA,4,-4.485,8.902888888888889,7.111333333333334,-2.4827777777777773,-0.80666714290909,-0.4260390134386642,-0.4096082025290695,1.0,0.359318799953467,3.9496822657018877,0,1,0,0.0,A:CYS202;A:GLY199;A:ILE198;A:LEU232;A:LEU39;A:LEU43;A:MET40;A:PHE36;A:TRP195;A:VAL234,A:ILE198;A:LEU232;A:LEU39;A:LEU43;A:MET40;A:PHE36;A:TRP195;A:VAL234,A:PHE36;A:TRP195,A:ILE198,A:GLY199;A:ILE198;A:LEU39;A:TRP195,A:CYS202,1.0,-4.578033904128798,-2.292762815335679,False,SAM_CONTACTING
7B_SAM,7B,SAM,3CLBA,5,-4.479,6.025777777777779,7.081333333333333,-4.280222222222222,0.48339790756733503,-0.7275612565801055,0.48680702632881206,1.0,0.1567832899259359,3.753502364459093,0,1,0,0.0,A:CYS148;A:CYS202;A:HIS175;A:HIS237;A:LEU145;A:LEU232;A:PRO228;A:SER47;A:TRP195;A:VAL234,A:LEU145;A:LEU232;A:TRP195;A:VAL234,A:HIS175;A:HIS237;A:TRP195,,A:HIS237;A:LEU145;A:PRO228;A:VAL234,A:CYS148;A:CYS202;A:HIS175;A:LEU145;A:VAL234,1.0,-5.010714763964459,-1.925648610685143,False,SAM_CONTACTING
7B_SAM,7B,SAM,3CLBA,6,-4.46,6.6928888888888896,6.184000000000001,-3.3562222222222218,0.5557360337406739,-0.5760152614809186,0.5994696650734322,1.0,0.18874586088176898,3.738313256001963,0,2,0,0.0,A:CYS148;A:CYS202;A:GLY199;A:HIS175;A:LEU145;A:LEU229;A:LEU232;A:MET40;A:PHE36;A:TRP195;A:VAL234,A:LEU145;A:MET40;A:PHE36;A:TRP195;A:VAL234,A:HIS175;A:PHE36;A:TRP195,,A:LEU229;A:LEU232;A:VAL234,A:GLY199;A:MET40;A:PHE36;A:TRP195,1.0,-3.9637234646914252,-2.045993864342098,False,SAM_CONTACTING
7B_SAM,7B,SAM,3CLBA,7,-4.452,7.878,6.863777777777777,-3.0493333333333337,0.7544517620441054,-0.20806698674572563,0.6225035484036205,1.0,0.17323105957073637,4.5501141743916715,0,0,0,0.0,A:CYS202;A:GLY199;A:ILE198;A:LEU145;A:LEU232;A:LEU39;A:MET40;A:PHE36;A:TRP195;A:VAL234,A:ILE198;A:LEU232;A:LEU39;A:MET40;A:PHE36;A:TRP195;A:VAL234,A:HIS175;A:PHE36;A:TRP195,,A:LEU145;A:VAL234,A:GLY199;A:ILE198;A:LEU39;A:MET40;A:PHE36;A:TRP195,1.0,-4.490181254813507,-2.6346529596352823,False,SAM_COMPATIBLE
7B_SAM,7B,SAM,3CLBA,8,-4.323,6.78188888888889,5.990444444444445,-3.1132222222222223,-0.44099071814870655,0.6802622041489186,-0.5854660708471023,1.0,0.34219000569858793,3.6388616351820793,0,3,0,0.0,A:CYS202;A:GLY199;A:HIS175;A:LEU145;A:LEU229;A:LEU232;A:PHE36;A:SER149;A:TRP195;A:VAL234,A:LEU145;A:LEU229;A:LEU232;A:PHE36;A:TRP195;A:VAL234,A:HIS175;A:PHE36;A:TRP195,A:GLY199,A:CYS202;A:GLY199;A:PHE36;A:SER149,A:LEU229;A:LEU232,1.0,-3.7388136924250954,-1.5109706491915464,False,SAM_CONTACTING
7B_SAM,7B,SAM,3CLBA,9,-4.203,5.600777777777777,8.292666666666667,-3.880666666666667,0.059371268205683905,-0.1617166606924271,0.9850496303060774,1.0,0.28483855076165526,3.635869497107948,0,1,0,0.0,A:HIS237;A:LEU145;A:LEU229;A:LEU232;A:MET40;A:PRO228;A:THR44;A:TRP195;A:VAL234,A:LEU145;A:LEU229;A:LEU232;A:MET40;A:TRP195;A:VAL234,A:HIS237;A:TRP195,,A:HIS237;A:LEU145;A:PRO228;A:VAL234,A:LEU145;A:MET40;A:THR44,1.0,-6.210999982033101,-5.429584014099032,False,SAM_CONTACTING
7B_SAM,7B,SAM,3CLBA,10,-4.138,8.668,-5.274666666666667,5.242111111111111,0.3307022705721896,0.8102856784338072,-0.4838110453094913,1.0,0.6056715281404589,3.241824949006347,0,7,0,0.0,A:ASP200;A:GLN151;A:GLU128;A:GLY201;A:LYS33;A:PRO126;A:PRO99;A:SER149,A:PRO126;A:PRO99,,A:ASP200;A:SER149,A:ASP200;A:GLY201;A:SER149,A:GLN151;A:GLU128;A:PRO126,1.0,8.4442082361436,11.35638336825895,True,SAM_CONTACTING
7B_SAM,7B,SAM,3CLBA,11,-4.125,6.221444444444445,7.0198888888888895,-3.0711111111111107,-0.15684177521927253,0.9346469787690398,0.31911703593505103,1.0,0.6097146873743491,3.521454954986646,0,2,0,0.0,A:CYS148;A:CYS202;A:HIS175;A:LEU145;A:LEU232;A:LEU43;A:MET40;A:THR44;A:TRP195;A:VAL234,A:LEU145;A:LEU232;A:LEU43;A:MET40;A:TRP195;A:VAL234,A:HIS175;A:TRP195,,A:CYS148;A:CYS202;A:HIS175;A:LEU145;A:VAL234,A:LEU145;A:MET40;A:THR44,1.0,-4.808402598039941,-2.040599076715072,False,SAM_CONTACTING
7B_SAM,7B,SAM,3CLBA,12,-3.967,9.847111111111111,-3.7436666666666665,4.785777777777778,-0.719145543233044,-0.6940104060884944,-0.03434012068897246,1.0,0.2836970214859499,3.3485883592941073,0,6,0,0.0,A:ASP200;A:GLN151;A:GLN29;A:GLU128;A:GLY201;A:LYS33;A:PRO99;A:SER149;A:VAL150,A:PRO99;A:VAL150,,A:ASP200;A:GLN29,A:ASP200;A:GLN29;A:GLY201;A:LYS33,A:GLN151;A:GLU128;A:SER149;A:VAL150,1.0,6.997123951615676,9.179820798483734,True,SAM_CONTACTING
7B_SAM,7B,SAM,4CLBA,1,-4.772,6.8534444444444444,6.349222222222222,-3.436666666666667,-0.5877564507986381,0.595099400728468,-0.5480867247044091,1.0,0.1906016789013156,3.7924320692663693,0,2,0,0.0,A:CYS202;A:GLY199;A:LEU145;A:LEU232;A:PHE36;A:TRP195;A:VAL234,A:LEU145;A:LEU232;A:TRP195;A:VAL234,A:HIS175;A:PHE36;A:TRP195,A:GLY199,A:CYS202;A:GLY199;A:PHE36,A:LEU145;A:VAL234,1.0,-4.119801699382532,-1.7116275793642763,False,SAM_CONTACTING
7B_SAM,7B,SAM,4CLBA,2,-4.594,8.342222222222224,6.348888888888889,-2.2816666666666667,-0.7120867023317708,-0.5769110508107261,-0.40013268776085664,1.0,0.2824853978527032,3.8060801357827447,0,3,0,0.0,A:CYS148;A:CYS202;A:GLY199;A:HIS175;A:ILE198;A:LEU145;A:LEU39;A:LEU43;A:MET40;A:PHE36;A:TRP195;A:VAL234,A:LEU145;A:LEU39;A:LEU43;A:MET40;A:PHE36;A:TRP195;A:VAL234,A:PHE36;A:TRP195,A:ILE198,A:GLY199;A:ILE198;A:LEU39;A:MET40;A:PHE36,A:CYS148;A:CYS202;A:HIS175;A:LEU145;A:VAL234,1.0,-3.857440395085906,-1.9404065364016285,False,SAM_CONTACTING
7B_SAM,7B,SAM,4CLBA,3,-4.426,11.497444444444445,7.383777777777778,-14.698333333333332,0.9087158064119074,0.41141144811533,-0.07054221102860353,0.0,8.205823115324872,14.865261316236591,0,0,0,0.0,A:ALA184;A:GLN188;A:GLU178;A:GLY235;A:LEU232;A:LYS230;A:PHE191;A:PRO233;A:TRP187;A:VAL234,A:ALA184;A:LEU232;A:PHE191;A:PRO233;A:TRP187,A:PHE191;A:TRP187;A:TRP231,A:GLU178;A:GLY235;A:PRO233,A:GLN188;A:GLU178;A:GLY235;A:LEU232;A:PRO233;A:VAL234,A:PHE191;A:TRP187,1.0,-5.831567083883477,-4.098969482357736,False,OUTSIDE_TARGET_SITE
7B_SAM,7B,SAM,4CLBA,4,-4.267,8.431444444444445,-5.535222222222222,4.970666666666666,-0.275869249912145,-0.9118952025245567,0.30388039845572157,1.0,0.24741463174194006,3.2475915691478203,0,11,0,0.0,A:ASP200;A:GLN151;A:GLU128;A:GLY201;A:PRO126;A:PRO99;A:SER149;A:VAL150,A:PRO126;A:PRO99;A:VAL150,,A:ASP200;A:SER149,A:ASP200;A:GLY201;A:SER149,A:GLN151;A:GLU128;A:PRO126,1.0,8.651642274588024,11.838656972353713,True,SAM_CONTACTING
7B_SAM,7B,SAM,4CLBA,5,-4.246,8.433666666666667,-5.537,4.969555555555555,0.2749550089685431,0.9101204166964704,-0.3099686599566967,1.0,0.2474893937121336,3.2249317822242376,0,11,0,0.0,A:ASP200;A:GLN151;A:GLU128;A:GLY201;A:PRO126;A:PRO99;A:SER149;A:VAL150,A:PRO126;A:PRO99;A:VAL150,,A:ASP200;A:SER149,A:ASP200;A:GLY201;A:SER149,A:GLN151;A:GLU128;A:PRO126,1.0,8.653506511961444,11.825066632676615,True,SAM_CONTACTING
7B_SAM,7B,SAM,4CLBA,6,-4.212,7.634333333333334,6.477,-2.7822222222222224,0.6733253965559973,0.7003384828947757,0.23697873265201036,1.0,0.25544079548889587,3.578304905957568,0,2,0,0.0,A:CYS148;A:CYS202;A:GLY199;A:HIS175;A:LEU145;A:LEU232;A:LEU39;A:LEU43;A:MET40;A:PHE36;A:TRP195;A:VAL234,A:LEU145;A:LEU232;A:LEU39;A:LEU43;A:MET40;A:PHE36;A:TRP195;A:VAL234,A:HIS175;A:PHE36;A:TRP195,,A:CYS148;A:CYS202;A:HIS175;A:LEU145,A:LEU39;A:LEU43;A:MET40;A:TRP195,0.8888888888888888,-4.103948778854826,-1.6008912124780244,False,SAM_CONTACTING
7B_SAM,7B,SAM,4CLBA,7,-3.774,8.625000000000002,-5.252,5.571,-0.26741046922172224,-0.9620065621160719,0.055090973818170776,1.0,0.36427736685113926,3.5204829214185946,0,7,0,0.0,A:ASP200;A:GLN151;A:GLU128;A:LYS33;A:PRO126;A:PRO99;A:SER149,A:PRO126;A:PRO99,,A:GLU128,A:GLN151;A:GLU128;A:PRO126,A:ASP200;A:LYS33,1.0,8.450871323080241,11.28575518442697,True,SAM_CONTACTING
7B_SAM,7B,SAM,4CLBA,8,-3.701,9.960444444444443,-3.8746666666666667,5.340777777777777,-0.6955157756263767,-0.6156904573096786,0.3703823249463156,1.0,0.29116318448594986,3.504823676021378,0,2,0,0.0,A:ASP200;A:GLN151;A:GLN29;A:GLY201;A:LYS33;A:PRO126;A:PRO99,A:PRO126;A:PRO99,,A:ASP200;A:GLN29,A:ASP200;A:GLN29;A:GLY201;A:LYS33,A:PRO126;A:PRO99,0.8888888888888888,7.1940565507799885,8.983876805524808,True,SAM_CONTACTING
7B_SAM,7B,SAM,4CLBA,9,-3.694,6.982444444444444,-8.972555555555555,-9.638333333333334,0.8241505191774929,0.38029997532248117,0.41969971468800027,0.0,11.600174222829585,13.43184711795068,0,0,0,0.0,A:ARG206;A:ASP211;A:CYS203;A:GLU207;A:LYS210;A:THR205,,,A:ASP211;A:GLU207,A:ASP211;A:GLU207;A:LYS210,A:ARG206;A:CYS203,1.0,10.434666539971724,11.260151745235127,True,OUTSIDE_TARGET_SITE
7B_SAM,7B,SAM,4CLBA,10,-3.691,7.062777777777778,-8.947,-9.630444444444445,0.8119627184358588,0.34565340895087715,0.4703618444887806,0.0,11.56441200407526,13.384496030855999,0,0,0,0.0,A:ARG206;A:ASP211;A:CYS203;A:GLU207;A:LYS210;A:THR205,,,A:ASP211;A:GLU207,A:ASP211;A:GLU207;A:LYS210,A:ARG206;A:CYS203,1.0,10.417992843741484,11.15065843266755,True,OUTSIDE_TARGET_SITE
7B_SAM,7B,SAM,4CLBA,11,-3.632,7.427888888888889,-8.991111111111111,-9.412555555555553,0.5108754695821592,0.3092309881528977,-0.8021112457416307,0.0,10.368609598205538,12.420873520006554,0,0,0,0.0,A:ARG206;A:ASP211;A:GLU207;A:PRO153;A:THR205;A:TYR180,A:PRO153;A:TYR180,,A:ASP211,A:ASP211;A:PRO153,A:GLU207;A:THR205;A:TYR180,1.0,10.519309896162065,12.084019619190688,True,OUTSIDE_TARGET_SITE
7B_SAM,7B,SAM,4CLBA,12,-2.767,8.204777777777778,7.766222222222221,-2.832444444444445,0.8137792429568835,0.016192205517895887,0.5809484970399599,1.0,0.4367356179658356,4.613133425341175,0,0,0,0.0,A:GLY199;A:ILE198;A:LEU145;A:LEU232;A:LEU39;A:LEU43;A:MET40;A:PHE36;A:TRP195;A:VAL234,A:ILE198;A:LEU232;A:LEU39;A:LEU43;A:MET40;A:PHE36;A:TRP195;A:VAL234,A:PHE36;A:TRP195,,A:LEU145;A:VAL234,A:GLY199;A:ILE198;A:LEU39;A:MET40;A:PHE36,1.0,-5.329864124019626,-4.11368720434382,False,SAM_COMPATIBLE
7B_SAM,7B,SAM,AMBA_R,1,-4.729,6.232333333333333,6.780888888888888,-3.8997777777777776,-0.3536673787764218,0.9163273221481156,-0.18778611203781337,1.0,0.4205341841039803,3.9238863388227747,0,1,0,0.0,A:CYS148;A:CYS202;A:HIS175;A:LEU145;A:LEU229;A:LEU232;A:TRP195;A:VAL234,A:LEU145;A:LEU229;A:LEU232;A:TRP195;A:VAL234,A:HIS175;A:TRP195,,A:LEU145,,1.0,-4.6546048678890175,-2.197486039738077,False,SAM_CONTACTING
7B_SAM,7B,SAM,AMBA_R,2,-4.68,7.380111111111112,6.570000000000001,-2.9636666666666667,-0.7209246518331144,0.30823475427291863,-0.6206923413718076,1.0,0.5444134458295463,3.840243742264285,0,1,0,0.0,A:CYS202;A:GLY199;A:ILE198;A:LEU145;A:LEU232;A:MET40;A:PHE36;A:TRP195;A:VAL234,A:ILE198;A:LEU145;A:LEU232;A:MET40;A:PHE36;A:TRP195;A:VAL234,A:HIS175;A:PHE36;A:TRP195,A:GLY199,A:CYS202;A:GLY199;A:PHE36,,1.0,-4.239172363655921,-2.2322051911225698,False,SAM_CONTACTING
7B_SAM,7B,SAM,AMBA_R,3,-4.655,6.350333333333333,6.846333333333333,-3.799666666666667,-0.38277674492967234,0.8830479852021779,-0.27149257700979396,1.0,0.41468301146779574,3.8138202632006664,0,1,0,0.0,A:CYS202;A:HIS175;A:LEU145;A:LEU229;A:LEU232;A:TRP195;A:VAL234,A:LEU145;A:LEU229;A:LEU232;A:TRP195;A:VAL234,A:HIS175;A:TRP195,,A:LEU145,,1.0,-4.69776415848239,-2.285406448333932,False,SAM_CONTACTING
7B_SAM,7B,SAM,AMBA_R,4,-4.649,6.776,6.447888888888888,-3.542,-0.16381158382003969,0.898653386533932,-0.4069248774374276,1.0,0.34282502825785655,3.6703097961888718,0,2,0,0.0,A:CYS148;A:CYS202;A:GLY199;A:HIS175;A:LEU145;A:LEU232;A:PHE36;A:TRP195;A:VAL234,A:LEU145;A:LEU232;A:PHE36;A:TRP195;A:VAL234,A:HIS175;A:PHE36;A:TRP195,,A:CYS148;A:CYS202;A:HIS175;A:LEU145,,1.0,-4.235700962576763,-1.7073803038436246,False,SAM_CONTACTING
7B_SAM,7B,SAM,AMBA_R,5,-4.464,8.148777777777777,7.137222222222224,-2.7835555555555556,0.776901373225994,0.524024575063206,0.34903080237909057,1.0,0.2629923953273171,3.908024820801424,0,1,0,0.0,A:CYS202;A:GLY199;A:HIS175;A:ILE198;A:LEU145;A:LEU232;A:LEU39;A:LEU43;A:MET40;A:PHE36;A:TRP195;A:VAL234,A:ILE198;A:LEU232;A:LEU39;A:LEU43;A:MET40;A:PHE36;A:TRP195;A:VAL234,A:HIS175;A:PHE36;A:TRP195,,A:LEU145;A:VAL234,,1.0,-4.707614521343979,-2.657393414971953,False,SAM_CONTACTING
7B_SAM,7B,SAM,AMBA_R,6,-4.459,6.878777777777777,6.465888888888888,-3.2188888888888894,-0.2706823065628832,-0.9585613642916934,0.08883242539210687,1.0,0.31592878944470976,3.707187073779795,0,2,0,0.0,A:CYS148;A:CYS202;A:GLY199;A:HIS175;A:LEU145;A:LEU229;A:LEU232;A:LEU43;A:MET40;A:TRP195;A:VAL234,A:LEU145;A:LEU232;A:LEU43;A:MET40;A:TRP195;A:VAL234,A:HIS175;A:PHE36;A:TRP195,,A:LEU229;A:LEU232,,1.0,-4.21079434744904,-1.85130334922416,False,SAM_CONTACTING
7B_SAM,7B,SAM,AMBA_R,7,-4.209,6.585111111111112,7.4528888888888885,-3.2774444444444444,-0.6987742615880518,0.6209315079695169,-0.35518811037642417,1.0,0.3860440389385646,3.813824327364857,0,1,0,0.0,A:CYS202;A:GLY199;A:LEU145;A:LEU229;A:LEU232;A:MET40;A:PHE36;A:TRP195;A:VAL234,A:LEU145;A:LEU229;A:LEU232;A:MET40;A:PHE36;A:TRP195;A:VAL234,A:PHE36;A:TRP195,,A:CYS202;A:TRP195;A:VAL234,,1.0,-5.222549958176938,-2.866214984288251,False,SAM_CONTACTING
7B_SAM,7B,SAM,AMBA_R,8,-4.183,8.862333333333332,-4.574000000000001,5.185888888888889,0.3835761946304216,0.8283821492309211,-0.40823071632154867,1.0,0.7590085638515542,3.2291308428120407,0,11,0,0.0,A:ASP200;A:GLN151;A:GLN29;A:GLU128;A:GLY201;A:LYS33;A:PRO126;A:PRO99;A:SER149,A:PRO126;A:PRO99,,A:ASP200;A:SER149,A:ASP200;A:GLY201;A:SER149,,0.8888888888888888,7.7637432641233435,9.914105386158722,True,SAM_CONTACTING
7B_SAM,7B,SAM,AMBA_R,9,-4.179,8.89311111111111,-4.557333333333333,5.115222222222222,-0.39624540624706717,-0.8105534850589723,0.4312686238144983,1.0,0.730145875835781,3.278077027771007,0,10,0,0.0,A:ASP200;A:GLN151;A:GLN29;A:GLU128;A:GLY201;A:LYS33;A:PRO126;A:PRO99;A:SER149,A:PRO126;A:PRO99,,A:ASP200;A:SER149,A:ASP200;A:GLY201;A:SER149,,1.0,7.743087620911594,9.880262358376406,True,SAM_CONTACTING
7B_SAM,7B,SAM,AMBA_R,10,-3.754,12.682111111111109,-5.085222222222222,0.3562222222222222,0.6892646819257363,0.5468572651045692,0.47524870315674106,0.4444444444444444,2.4026239822327584,7.231225829691672,0,0,0,0.0,A:ARG206;A:CYS148;A:CYS203;A:GLN151;A:GLN29;A:GLY201;A:LYS196;A:SER149;A:VAL150,A:VAL150,,A:GLY201;A:SER149;A:VAL150,A:ARG206;A:CYS148;A:CYS203;A:GLN151;A:GLY201;A:SER149;A:VAL150,,1.0,8.153241785920914,10.321245694966228,True,SAM_COMPATIBLE
7B_SAM,7B,SAM,AMBA_R,11,-3.737,7.145222222222222,-9.079666666666666,-9.554555555555554,0.8310897524190852,0.470039230213062,0.29724223368272457,0.0,11.584872765809731,13.32845204815623,0,0,0,0.0,A:ARG206;A:ASP211;A:GLU207;A:LYS210;A:THR205,,,A:ASP211,A:ASP211,,1.0,10.56506116152756,12.01108186008089,True,OUTSIDE_TARGET_SITE
7B_SAM,7B,SAM,AMBA_S,1,-4.817,8.090666666666667,6.457,-2.6903333333333332,-0.31975625054352214,-0.9346880578048081,0.15528739432234587,1.0,0.41253363499234835,3.6362029646321994,0,2,0,0.0,A:CYS148;A:CYS202;A:GLY199;A:HIS175;A:LEU145;A:LEU232;A:LEU43;A:MET40;A:PHE36;A:SER149;A:TRP195;A:VAL234,A:LEU145;A:LEU232;A:LEU43;A:MET40;A:PHE36;A:TRP195;A:VAL234,A:HIS175;A:PHE36;A:TRP195,A:GLY199,A:CYS202;A:GLY199;A:PHE36;A:SER149,,1.0,-4.030368568415404,-1.6633599975019044,False,SAM_CONTACTING
7B_SAM,7B,SAM,AMBA_S,2,-4.808,8.076888888888888,6.379333333333332,-2.6934444444444443,-0.3288793103389496,-0.9296459822973842,0.16612268607661082,1.0,0.3736375248820712,3.5904417555504224,0,2,0,0.0,A:CYS148;A:CYS202;A:GLY199;A:HIS175;A:LEU145;A:LEU232;A:LEU43;A:MET40;A:PHE36;A:SER149;A:TRP195;A:VAL234,A:LEU145;A:LEU232;A:LEU43;A:MET40;A:PHE36;A:TRP195;A:VAL234,A:HIS175;A:PHE36;A:TRP195,A:GLY199,A:CYS202;A:GLY199;A:PHE36;A:SER149,,1.0,-3.9551304130515934,-1.6604416616803326,False,SAM_CONTACTING
7B_SAM,7B,SAM,AMBA_S,3,-4.76,6.220444444444444,6.763111111111111,-3.852,0.512577673368634,-0.7962790319471815,0.32125353234673965,1.0,0.2524202844463968,3.8685228447044224,0,1,0,0.0,A:CYS148;A:CYS202;A:HIS175;A:LEU145;A:LEU229;A:LEU232;A:TRP195;A:VAL234,A:LEU145;A:LEU229;A:LEU232;A:TRP195;A:VAL234,A:HIS175;A:TRP195,,A:LEU145,,1.0,-4.633325357706615,-2.395035258986169,False,SAM_CONTACTING
7B_SAM,7B,SAM,AMBA_S,4,-4.72,10.834222222222223,7.251,-14.476888888888888,0.9609061791639155,0.2748434572636753,0.03347221002496083,0.0,7.295431241537405,14.894371890079821,0,0,0,0.0,A:ALA184;A:GLN188;A:GLU178;A:GLY235;A:LEU232;A:LYS230;A:PHE191;A:PRO227;A:PRO233;A:TRP187;A:TRP231;A:VAL234,A:ALA184;A:LEU232;A:PHE191;A:PRO227;A:PRO233;A:TRP187;A:TRP231,A:PHE191;A:TRP187;A:TRP231,A:GLU178;A:GLY235;A:PRO233,A:GLN188;A:GLU178;A:GLY235;A:LEU232;A:PRO233;A:VAL234,,1.0,-5.742328837474206,-4.087912820156558,False,OUTSIDE_TARGET_SITE
7B_SAM,7B,SAM,AMBA_S,5,-4.67,6.63611111111111,6.469444444444444,-3.5887777777777776,-0.06247053809112354,0.9455860961295195,-0.31931859744953894,1.0,0.4193864566244359,3.688626980327504,0,2,0,0.0,A:CYS148;A:CYS202;A:GLY199;A:HIS175;A:LEU145;A:LEU229;A:LEU232;A:TRP195;A:VAL234,A:LEU145;A:LEU229;A:LEU232;A:TRP195;A:VAL234,A:HIS175;A:TRP195,,A:CYS202;A:GLY199,,1.0,-4.275412405953772,-1.739596451790326,False,SAM_CONTACTING
7B_SAM,7B,SAM,AMBA_S,6,-4.593,6.889333333333332,6.3374444444444435,-3.5243333333333333,-0.10837199895774073,-0.9587789838134356,0.26267540813631496,1.0,0.4233036735016597,3.551728170904975,0,2,0,0.0,A:CYS148;A:CYS202;A:GLY199;A:HIS175;A:LEU145;A:LEU232;A:LEU43;A:MET40;A:TRP195;A:VAL234,A:LEU145;A:LEU232;A:LEU43;A:MET40;A:TRP195;A:VAL234,A:HIS175;A:TRP195,,A:LEU232;A:VAL234,,1.0,-4.113518044225967,-1.7535900410926648,False,SAM_CONTACTING
7B_SAM,7B,SAM,AMBA_S,7,-4.501,5.489111111111111,8.37488888888889,-4.263999999999999,0.6295560332534659,-0.12799015288216603,0.7663404737839181,1.0,0.4196248324396455,3.941517854837144,0,1,0,0.0,A:HIS237;A:LEU145;A:LEU229;A:LEU232;A:LEU43;A:MET40;A:PRO228;A:SER47;A:TRP173;A:TRP195;A:VAL234,A:LEU145;A:LEU229;A:LEU232;A:LEU43;A:MET40;A:PRO228;A:TRP195;A:VAL234,A:HIS237;A:TRP195,A:SER47,A:HIS237;A:LEU145;A:PRO228;A:SER47;A:TRP173,,1.0,-6.342097354628077,-5.692621090507751,False,SAM_CONTACTING
7B_SAM,7B,SAM,AMBA_S,8,-4.466,7.261888888888889,6.054555555555556,-2.7537777777777777,-0.6286548759192467,-0.7482738825109444,-0.2118472179070428,1.0,0.25173001410241047,3.6244570627888533,0,3,0,0.0,A:CYS148;A:CYS202;A:GLY199;A:HIS175;A:LEU145;A:LEU232;A:LEU43;A:MET40;A:PHE36;A:SER149;A:TRP195;A:VAL234,A:LEU145;A:LEU232;A:LEU43;A:MET40;A:TRP195;A:VAL234,A:HIS175;A:PHE36;A:TRP195,,A:GLY199;A:MET40;A:PHE36;A:TRP195,,0.8888888888888888,-3.719116713253894,-1.6545164539883828,False,SAM_CONTACTING
7B_SAM,7B,SAM,AMBA_S,9,-4.459,8.671333333333333,-4.597333333333333,5.204777777777777,0.28031467507153984,0.9014247444297561,-0.32993501340307413,1.0,0.6211352509719592,3.1729226274840046,0,11,0,0.0,A:ASP200;A:GLN151;A:GLU128;A:GLY201;A:LYS33;A:PRO126;A:PRO99;A:SER149,A:PRO126;A:PRO99,,A:ASP200;A:SER149,A:ASP200;A:GLY201;A:SER149,,1.0,7.770141672060171,9.956846078478293,True,SAM_CONTACTING
7B_SAM,7B,SAM,AMBA_S,10,-4.406,7.432888888888889,6.896222222222222,-2.7785555555555552,-0.6269917218902804,0.35552103221706394,-0.6931711017724088,1.0,0.33884657295005893,3.5999279159449844,0,1,0,0.0,A:CYS202;A:GLY199;A:ILE198;A:LEU145;A:LEU232;A:MET40;A:PHE36;A:TRP195;A:VAL234,A:ILE198;A:LEU145;A:LEU232;A:MET40;A:PHE36;A:TRP195;A:VAL234,A:PHE36;A:TRP195,A:GLY199,A:CYS202;A:GLY199;A:PHE36,,1.0,-4.538273309374569,-2.292718736415406,False,SAM_CONTACTING
7B_SAM,7B,SAM,AMBA_S,11,-4.356,7.614111111111111,7.125222222222222,-2.701,0.8462288260033882,0.3252654932595597,0.4220179296375245,1.0,0.33321164445439166,3.8695687098176714,0,2,0,0.0,A:GLY199;A:HIS175;A:LEU145;A:LEU232;A:LEU43;A:MET40;A:PHE36;A:TRP195;A:VAL234,A:LEU145;A:LEU232;A:LEU43;A:MET40;A:PHE36;A:TRP195;A:VAL234,A:HIS175;A:PHE36;A:TRP195,,A:LEU145;A:VAL234,,1.0,-4.739486703042819,-3.033029002902255,False,SAM_CONTACTING
7B_SAM,7B,SAM,AMBA_S,12,-4.332,8.206777777777779,7.1307777777777765,-2.7683333333333326,0.762284051040402,0.506048308868908,0.4035320738433959,1.0,0.33759295016335905,4.309299130949254,0,0,0,0.0,A:CYS202;A:GLY199;A:HIS175;A:ILE198;A:LEU145;A:LEU232;A:LEU39;A:LEU43;A:MET40;A:PHE36;A:TRP195;A:VAL234,A:ILE198;A:LEU145;A:LEU232;A:LEU39;A:LEU43;A:MET40;A:PHE36;A:TRP195;A:VAL234,A:PHE36;A:TRP195,,A:CYS202;A:HIS175;A:VAL234,,1.0,-4.694040056282476,-2.6471482836679554,False,SAM_COMPATIBLE
7B_SAM,7B,SAM,BA,1,-4.427,7.102125,6.112874999999999,-3.2070000000000003,-0.546146669481235,0.6248871727724673,-0.5578887314859368,1.0,0.19130603754194458,3.8256830762623295,0,2,0,0.0,A:CYS202;A:GLY199;A:LEU145;A:LEU232;A:PHE36;A:TRP195;A:VAL234,A:LEU145;A:LEU232;A:TRP195;A:VAL234,A:HIS175;A:PHE36;A:TRP195,A:GLY199,A:CYS202;A:GLY199;A:PHE36,,1.0,-3.83831160798647,-1.7434050468279612,False,SAM_CONTACTING
7B_SAM,7B,SAM,BA,2,-4.335,7.190875,6.364375,-3.1873750000000003,-0.4975410611061065,0.6598542904894514,-0.5630676760710672,1.0,0.26504716561397157,3.791931433979259,0,2,0,0.0,A:CYS202;A:GLY199;A:LEU145;A:LEU232;A:PHE36;A:TRP195;A:VAL234,A:LEU145;A:LEU232;A:TRP195;A:VAL234,A:HIS175;A:PHE36;A:TRP195,A:GLY199,A:CYS202;A:GLY199;A:PHE36,,1.0,-4.076679171500429,-1.8814938137439188,False,SAM_CONTACTING
7B_SAM,7B,SAM,BA,3,-4.239,6.519500000000001,6.531624999999999,-3.9223749999999997,-0.19818816761279395,0.9098807494723513,-0.3644701249182368,1.0,0.4811184885243962,3.8821557155786524,0,1,0,0.0,A:CYS148;A:CYS202;A:HIS175;A:LEU145;A:LEU229;A:LEU232;A:TRP195;A:VAL234,A:LEU145;A:LEU232;A:TRP195;A:VAL234,A:HIS175;A:TRP195,,A:LEU229;A:LEU232;A:VAL234,,1.0,-4.3821137548425,-2.225481375184002,False,SAM_CONTACTING
7B_SAM,7B,SAM,BA,4,-4.235,6.555375,6.515,-3.901875,-0.17356966857506642,0.9247979381397615,-0.3385592175132535,1.0,0.4531986319485083,3.915107278223676,0,1,0,0.0,A:CYS148;A:CYS202;A:HIS175;A:LEU145;A:LEU229;A:LEU232;A:TRP195;A:VAL234,A:LEU145;A:LEU232;A:TRP195;A:VAL234,A:HIS175;A:TRP195,,A:LEU229;A:LEU232;A:VAL234,,1.0,-4.360081844743988,-2.1909254691426088,False,SAM_CONTACTING
7B_SAM,7B,SAM,BA,5,-4.171,7.525,5.140125000000001,-2.349625,0.13775405585220993,0.8510900738425632,-0.5066256076265065,1.0,0.41334852122633764,3.3829942358803984,0,3,0,0.0007709681310073122,A:CYS148;A:CYS202;A:GLY199;A:LEU145;A:MET40;A:PHE36;A:SER149;A:TRP195;A:VAL234,A:LEU145;A:MET40;A:PHE36;A:TRP195;A:VAL234,A:HIS175;A:PHE36;A:TRP195,A:GLY199;A:SER149,A:CYS202;A:GLY199;A:LEU145;A:PHE36;A:SER149,,1.0,-2.7472012004408803,-0.38249684915580623,False,SAM_CONTACTING
7B_SAM,7B,SAM,BA,6,-4.116,9.057,6.9582500000000005,-2.4132499999999997,-0.8087120048465879,-0.23979852042648603,-0.5371047968676884,1.0,0.19507434480218044,4.659063639831506,0,0,0,0.0,A:CYS202;A:GLY199;A:ILE198;A:LEU232;A:LEU39;A:LEU43;A:MET40;A:PHE36;A:TRP195;A:VAL234,A:ILE198;A:LEU232;A:LEU39;A:LEU43;A:MET40;A:PHE36;A:TRP195;A:VAL234,A:PHE36;A:TRP195,A:ILE198,A:GLY199;A:ILE198;A:LEU39;A:TRP195,,1.0,-4.404410576709069,-3.0461091730302456,False,SAM_COMPATIBLE
7B_SAM,7B,SAM,BA,7,-4.098,7.918375000000001,6.464125,-2.9601249999999997,0.6954492398961716,0.6134581231143886,0.37419177691767724,1.0,0.5000849927762275,3.9655744854938733,0,1,0,0.0,A:CYS202;A:GLY199;A:HIS175;A:LEU145;A:LEU232;A:LEU43;A:MET40;A:PHE36;A:TRP195;A:VAL234,A:LEU232;A:LEU43;A:MET40;A:PHE36;A:TRP195;A:VAL234,A:HIS175;A:PHE36;A:TRP195,,A:HIS175;A:LEU145;A:VAL234,,1.0,-4.08152805692451,-2.611212128744086,False,SAM_CONTACTING
7B_SAM,7B,SAM,BA,8,-4.04,7.220249999999999,5.833375,-2.8024999999999998,-0.7512270137145354,-0.5323740783513031,-0.390174082385212,1.0,0.2917224708520073,3.7193498087703447,0,2,0,0.0,A:CYS148;A:CYS202;A:GLY199;A:HIS175;A:LEU145;A:LEU43;A:MET40;A:PHE36;A:TRP195;A:VAL234,A:LEU145;A:MET40;A:PHE36;A:TRP195;A:VAL234,A:HIS175;A:PHE36;A:TRP195,,A:LEU43;A:MET40;A:TRP195,,1.0,-3.5091218034838287,-1.8887793537045559,False,SAM_CONTACTING
7B_SAM,7B,SAM,BA,9,-3.98,6.042624999999999,7.4796249999999995,-4.260625,0.7890880041268366,-0.4284058456290994,0.4402369284532376,1.0,0.35940228157316984,4.196229974631991,0,0,0,0.0,A:HIS237;A:LEU145;A:LEU232;A:PRO228;A:SER47;A:TRP195;A:VAL234,A:LEU145;A:LEU232;A:TRP195;A:VAL234,A:HIS175;A:HIS237;A:TRP195,,A:HIS237;A:LEU145;A:PRO228;A:VAL234,,1.0,-5.401428080205956,-3.6141150981270798,False,SAM_COMPATIBLE
7B_SAM,7B,SAM,BA,10,-3.86,8.5975,-4.996375,5.0718749999999995,-0.3170678619385066,-0.7819703970939079,0.5366472481943235,1.0,0.7336504617322875,3.16914909715526,0,9,0,0.0,A:ASP200;A:GLN151;A:GLU128;A:GLY201;A:LYS33;A:PRO126;A:PRO99;A:SER149,A:PRO126;A:PRO99,,A:ASP200;A:SER149,A:ASP200;A:GLY201;A:SER149,,1.0,8.144572713583013,9.932826153596315,True,SAM_CONTACTING
7B_SAM,7B,SAM,BA,11,-3.859,8.604375,-4.912625,5.066625,0.2919869728713537,0.7814590955485586,-0.5514211545251522,1.0,0.7739127857840309,3.1257392725561743,0,8,0,0.0,A:ASP200;A:GLN151;A:GLU128;A:GLY201;A:LYS33;A:PRO126;A:PRO99;A:SER149,A:PRO126;A:PRO99,,A:ASP200;A:SER149,A:ASP200;A:GLY201;A:SER149,,1.0,8.06179236381451,9.865296456003357,True,SAM_CONTACTING
7B_SAM,7B,SAM,BA,12,-3.816,6.557249999999999,6.939499999999999,-3.10425,0.24764530777600874,0.9602428962814464,0.1288618705340885,1.0,0.38916577444580136,3.7829199039895096,0,3,0,0.0,A:CYS148;A:CYS202;A:HIS175;A:LEU145;A:LEU232;A:LEU43;A:MET40;A:TRP195;A:VAL234,A:LEU145;A:LEU232;A:LEU43;A:MET40;A:TRP195;A:VAL234,A:HIS175;A:TRP195,,A:CYS148;A:CYS202;A:HIS175;A:LEU145,,1.0,-4.699437344857088,-1.8400818928881735,False,SAM_CONTACTING
7B_SAM,7B,SAM,DCMB_R,1,-5.225,6.4861818181818185,6.907181818181818,-3.7627272727272723,0.5815902615063816,-0.7151631487427796,0.38767826660937726,1.0,0.2988327291311978,3.982425014987727,0,1,0,0.0,A:CYS202;A:GLY199;A:HIS175;A:LEU145;A:LEU229;A:LEU232;A:LEU43;A:SER47;A:TRP195;A:VAL234,A:LEU145;A:LEU229;A:LEU232;A:LEU43;A:TRP195;A:VAL234,A:HIS175;A:TRP195,,A:LEU145;A:SER47,A:CYS202;A:GLY199;A:LEU232;A:LEU43;A:TRP195,1.0,-4.741028836442511,-2.433956927608838,False,SAM_CONTACTING
7B_SAM,7B,SAM,DCMB_R,2,-5.125,6.885000000000002,7.326636363636364,-3.588909090909091,0.5973218002139401,-0.5905721443098584,0.54261515768953,1.0,0.6175354240851286,4.061367503686412,0,0,0,0.0,A:CYS202;A:GLY199;A:HIS175;A:LEU145;A:LEU229;A:LEU232;A:LEU43;A:MET40;A:SER47;A:TRP195;A:VAL234,A:LEU145;A:LEU232;A:LEU43;A:MET40;A:TRP195;A:VAL234,A:PHE36;A:TRP195,,A:LEU229;A:LEU232;A:VAL234,A:CYS202;A:GLY199;A:HIS175;A:LEU145;A:TRP195;A:VAL234,1.0,-5.099853685397822,-2.109598996944386,False,SAM_COMPATIBLE
7B_SAM,7B,SAM,DCMB_R,3,-4.678,7.912181818181819,7.143,-2.859,-0.8232208451027623,-0.40361654274649655,-0.3992507064610652,1.0,0.3577569007021382,4.116410572331191,0,0,0,0.0,A:CYS202;A:GLY199;A:HIS175;A:ILE198;A:LEU145;A:LEU232;A:LEU39;A:LEU43;A:MET40;A:PHE36;A:TRP195;A:VAL234,A:LEU145;A:LEU232;A:LEU43;A:MET40;A:TRP195;A:VAL234,A:PHE36;A:TRP195,,A:GLY199;A:ILE198;A:LEU39;A:MET40;A:PHE36,A:CYS202;A:GLY199;A:HIS175;A:LEU145;A:TRP195;A:VAL234,1.0,-4.744032352597518,-2.349859821150668,False,SAM_COMPATIBLE
7B_SAM,7B,SAM,DCMB_R,4,-4.522,7.167545454545453,6.597818181818181,-3.430909090909091,-0.6521770188499416,0.4531113325547327,-0.6077460459718987,1.0,0.35387709730922084,3.757933075508397,0,2,0,0.0,A:CYS202;A:GLY199;A:HIS175;A:LEU145;A:LEU229;A:LEU232;A:MET40;A:PHE36;A:TRP195;A:VAL234,A:LEU145;A:LEU229;A:LEU232;A:MET40;A:PHE36;A:TRP195;A:VAL234,A:HIS175;A:HIS237;A:PHE36;A:TRP195,A:GLY199,A:CYS202;A:GLY199;A:TRP195,A:LEU229;A:LEU232;A:TRP195;A:VAL234,1.0,-4.334734311217827,-1.8856651541645675,False,SAM_CONTACTING
7B_SAM,7B,SAM,DCMB_R,5,-4.321,8.795727272727273,-5.050454545454546,5.548000000000001,0.3988644244637774,0.8726513524560463,-0.28175661119805645,1.0,0.5277404665173973,3.5657494303442014,0,8,0,0.0,A:ASP200;A:GLN151;A:GLU128;A:GLY201;A:LYS33;A:PRO126;A:PRO99;A:SER149;A:VAL150,A:PRO126;A:PRO99;A:VAL150,,,A:ASP200;A:GLY201;A:SER149,A:GLN151;A:GLU128;A:PRO126;A:SER149;A:VAL150,0.9090909090909091,8.26563719379674,11.23568378740278,True,SAM_CONTACTING
7B_SAM,7B,SAM,DCMB_R,6,-4.269,7.032272727272729,-9.274818181818183,-8.875363636363636,0.6813854721207584,0.26839980918453193,0.6809371342587198,0.0,10.004244949020391,12.219935924545595,0,0,0,0.0,A:ARG206;A:ASP211;A:GLU207;A:LYS210;A:PRO153;A:THR205;A:THR208,A:PRO153,,A:ASP211;A:GLU207,A:ASP211;A:GLU207;A:LYS210;A:THR208,A:ARG206;A:GLU207;A:THR205,1.0,10.816027070050588,11.873111931464805,True,OUTSIDE_TARGET_SITE
7B_SAM,7B,SAM,DCMB_R,7,-4.258,7.01390909090909,6.767818181818182,-3.394999999999999,-0.6331395505227783,0.5739830885440595,-0.5193050390947856,1.0,0.23712865706194117,3.2672773068718857,0,1,0,0.0,A:CYS202;A:GLY199;A:HIS175;A:HIS237;A:LEU145;A:LEU229;A:LEU232;A:LEU43;A:MET40;A:PHE36;A:TRP195;A:VAL234,A:LEU145;A:LEU229;A:LEU232;A:LEU43;A:MET40;A:PHE36;A:TRP195;A:VAL234,A:PHE36;A:TRP195,,A:CYS202;A:GLY199;A:PHE36,A:HIS175;A:HIS237;A:LEU145;A:VAL234,1.0,-4.514386034609592,-2.1276036363572124,False,SAM_CONTACTING
7B_SAM,7B,SAM,DCMB_R,8,-4.131,7.222545454545455,-9.136909090909093,-9.471818181818183,0.7932247854413823,0.5444653533651654,0.27267548248131657,0.0,10.448567892299883,12.392108053111867,0,0,0,0.0,A:ARG206;A:ASP211;A:CYS203;A:GLU207;A:LYS210;A:PRO153;A:THR205,A:PRO153,A:TYR180,,A:ASP211,A:ARG206;A:ASP211;A:CYS203;A:PRO153,1.0,10.637647884409725,12.986557372753357,True,OUTSIDE_TARGET_SITE
7B_SAM,7B,SAM,DCMB_R,9,-4.122,9.170545454545454,-5.287454545454546,5.037272727272726,-0.2207719108314645,-0.7545886470225273,0.6179447687071514,1.0,0.2689683996308851,3.0046107901024395,0,8,0,0.021926663878696746,A:ASP200;A:GLN151;A:GLU128;A:GLY201;A:LYS33;A:PRO126;A:SER149;A:VAL150,A:PRO126;A:VAL150,,A:ASP200;A:SER149,A:ASP200;A:GLY201;A:SER149,A:GLN151;A:LYS33;A:PRO126,0.9090909090909091,8.485112086551146,10.763408075571917,True,SAM_CONTACTING
7B_SAM,7B,SAM,DCMB_R,10,-4.09,10.942545454545455,-3.801181818181819,3.8451818181818185,0.6088985886000392,-0.5709583558919676,-0.5506805468127787,1.0,0.30588559953028244,3.4192072180550857,0,4,0,0.0,A:ASP200;A:GLN151;A:GLN29;A:GLY201;A:LYS33;A:PRO99;A:SER149;A:VAL150,A:PRO99;A:VAL150,,A:ASP200,A:ASP200;A:LYS33,A:GLN151;A:SER149;A:VAL150,1.0,7.0656105846056985,9.572161684616114,True,SAM_CONTACTING
7B_SAM,7B,SAM,DCMB_S,1,-5.323,6.781272727272727,7.29809090909091,-3.5425454545454547,0.5929695525405488,-0.5970378641374147,0.5403081514710804,1.0,0.5458259795942288,3.9940425636189705,0,1,0,0.0,A:CYS202;A:GLY199;A:HIS175;A:LEU145;A:LEU229;A:LEU232;A:LEU43;A:MET40;A:PHE36;A:SER47;A:TRP195;A:VAL234,A:LEU145;A:LEU229;A:LEU232;A:LEU43;A:MET40;A:PHE36;A:TRP195;A:VAL234,A:PHE36;A:TRP195,,A:LEU145;A:SER47,A:CYS202;A:GLY199;A:HIS175;A:LEU145;A:PHE36;A:TRP195;A:VAL234,1.0,-5.077007456612079,-2.0828114570473257,False,SAM_CONTACTING
7B_SAM,7B,SAM,DCMB_S,2,-5.091,6.492454545454546,6.824181818181817,-3.755636363636363,0.5623421688147873,-0.7262608254434388,0.3953688133868116,1.0,0.2531896522372107,3.9359095518062914,0,1,0,0.0,A:CYS148;A:CYS202;A:GLY199;A:HIS175;A:LEU145;A:LEU229;A:LEU232;A:LEU43;A:SER47;A:TRP195;A:VAL234,A:LEU145;A:LEU232;A:LEU43;A:TRP195;A:VAL234,A:HIS175;A:TRP195,,A:LEU229;A:LEU232;A:VAL234,A:CYS202;A:GLY199;A:LEU232;A:LEU43;A:TRP195,1.0,-4.65752324466353,-2.35261800022289,False,SAM_CONTACTING
7B_SAM,7B,SAM,DCMB_S,3,-4.684,8.253,6.945727272727272,-2.6076363636363635,-0.8135541914494134,-0.3979649956976576,-0.4239733951257489,1.0,0.43877215043801493,3.711150495466332,0,2,0,0.0,A:CYS202;A:GLY199;A:HIS175;A:ILE198;A:LEU145;A:LEU232;A:LEU39;A:LEU43;A:MET40;A:PHE36;A:TRP195;A:VAL234,A:ILE198;A:LEU145;A:LEU232;A:LEU39;A:LEU43;A:MET40;A:PHE36;A:TRP195;A:VAL234,A:PHE36;A:TRP195,A:ILE198,A:GLY199;A:ILE198;A:PHE36;A:TRP195,A:CYS202;A:GLY199;A:HIS175;A:LEU145;A:PHE36;A:VAL234,1.0,-4.49005235827936,-2.341050984184371,False,SAM_CONTACTING
7B_SAM,7B,SAM,DCMB_S,4,-4.649,8.93418181818182,-4.82890909090909,5.246818181818183,0.4127375305153301,0.8346347495235159,-0.36473629623595827,1.0,0.36309916001004433,3.0960778413986945,0,6,0,3.743852076933031e-05,A:ASP200;A:GLN151;A:GLN29;A:GLU128;A:GLY201;A:LYS33;A:PRO126;A:PRO99;A:SER149;A:VAL150,A:PRO126;A:PRO99;A:VAL150,,A:ASP200;A:SER149,A:ASP200;A:GLY201;A:SER149,A:GLN151;A:GLU128;A:PRO126;A:SER149;A:VAL150,0.9090909090909091,8.029293760299133,10.964034191082392,True,SAM_CONTACTING
7B_SAM,7B,SAM,DCMB_S,5,-4.647,6.748454545454546,6.535454545454545,-2.8803636363636365,-0.6619790163047524,0.43966150259445985,-0.6070268075699572,1.0,0.24607315985291897,3.6464389477955064,0,4,0,0.0,A:CYS202;A:GLY199;A:HIS175;A:LEU145;A:LEU229;A:LEU43;A:MET40;A:PHE36;A:TRP195;A:VAL234,A:LEU145;A:LEU229;A:LEU43;A:MET40;A:PHE36;A:TRP195;A:VAL234,A:HIS175;A:HIS237;A:PHE36;A:TRP195,A:GLY199,A:CYS202;A:GLY199;A:PHE36,A:LEU145;A:LEU229;A:LEU43;A:MET40,0.8181818181818182,-4.258100175645834,-1.9350008545788533,False,SAM_CONTACTING
7B_SAM,7B,SAM,DCMB_S,6,-4.532,7.3989090909090915,6.543636363636363,-3.1174545454545455,0.44970757392873556,0.8928721705304704,0.02328916149923516,1.0,0.5193592205785889,3.354273990001413,0,2,0,0.0,A:CYS148;A:CYS202;A:GLY199;A:HIS175;A:LEU145;A:LEU232;A:LEU43;A:MET40;A:SER149;A:TRP195;A:VAL234,A:LEU145;A:LEU232;A:LEU43;A:MET40;A:TRP195;A:VAL234,A:HIS175;A:TRP195,,A:CYS148;A:CYS202;A:GLY199;A:SER149,A:CYS202;A:GLY199;A:LEU232;A:LEU43;A:MET40;A:TRP195,1.0,-4.226807264293567,-1.570215334033861,False,SAM_CONTACTING
7B_SAM,7B,SAM,DCMB_S,7,-4.331,10.320636363636362,-4.033363636363637,4.594090909090909,-0.81678029749548,-0.5757785849595478,0.0367282823608219,1.0,0.428562714197117,3.3556313861924716,0,6,0,0.0,A:ASP200;A:GLN151;A:GLN29;A:GLU128;A:GLY201;A:LYS33;A:PRO99;A:SER149;A:VAL150,A:PRO99;A:VAL150,,A:ASP200;A:GLN29,A:ASP200;A:GLN29;A:GLY201,A:GLN151;A:GLU128;A:SER149;A:VAL150,1.0,7.310692024467647,9.438915487238974,True,SAM_CONTACTING
7B_SAM,7B,SAM,DCMB_S,8,-4.321,12.525818181818181,-5.071999999999999,0.9469090909090909,0.5708612625306027,0.5025127270671713,0.6493060742650426,0.45454545454545453,1.5261326940996975,6.082835358613613,0,0,0,0.0,A:ARG206;A:CYS148;A:CYS203;A:GLN151;A:GLN29;A:GLY201;A:LYS196;A:SER149;A:VAL150,A:VAL150,,A:ARG206;A:GLY201;A:SER149;A:VAL150,A:ARG206;A:CYS148;A:CYS203;A:GLN151;A:GLY201;A:SER149;A:VAL150,A:GLN151;A:GLN29;A:SER149,1.0,8.184717292381437,10.389936249830612,True,SAM_COMPATIBLE
7B_SAM,7B,SAM,DCMB_S,9,-4.302,6.647636363636363,-9.537636363636363,-9.503636363636362,0.6936645200674526,0.2900188199085037,0.659331948034121,0.0,10.235073228853814,12.235248955374795,0,0,0,0.0,A:ARG206;A:ASP211;A:GLU207;A:LYS210;A:PRO153;A:THR205;A:THR208,A:PRO153,,A:ASP211;A:GLU207,A:ASP211;A:GLU207;A:LYS210;A:THR208,A:ARG206;A:ASP211;A:PRO153,1.0,10.975144438020957,12.24540608475703,True,OUTSIDE_TARGET_SITE
7B_SAM,7B,SAM,DCMB_S,10,-4.283,5.525545454545455,8.602363636363636,-3.7111818181818177,-0.8655286917610729,0.15664762408244098,-0.47573270395011924,1.0,0.35331147731145063,3.776130559183567,0,1,0,0.0,A:HIS237;A:LEU145;A:LEU229;A:LEU232;A:LEU43;A:MET40;A:PRO228;A:SER47;A:THR44;A:TRP173;A:TRP195;A:VAL234,A:LEU145;A:LEU229;A:LEU232;A:LEU43;A:MET40;A:PRO228;A:TRP173;A:TRP195;A:VAL234,A:HIS237;A:TRP195,,A:MET40,A:LEU145;A:MET40;A:PRO228;A:SER47;A:THR44;A:TRP173,1.0,-6.5077980056534335,-4.654982465990463,False,SAM_CONTACTING
7B_SAM,7B,SAM,DCMB_S,11,-4.087,7.959181818181818,6.947272727272727,-2.692818181818182,0.7998419801403512,0.4340535202493425,0.4145483667370011,1.0,0.44825550749544657,3.776023569841693,0,1,0,0.0,A:CYS148;A:CYS202;A:GLY199;A:HIS175;A:ILE198;A:LEU145;A:LEU232;A:LEU39;A:LEU43;A:MET40;A:PHE36;A:TRP195;A:VAL234,A:ILE198;A:LEU145;A:LEU232;A:LEU39;A:LEU43;A:MET40;A:PHE36;A:TRP195;A:VAL234,A:HIS175;A:PHE36;A:TRP195,,A:LEU145;A:VAL234,A:CYS202;A:GLY199;A:ILE198;A:LEU39;A:MET40;A:PHE36;A:TRP195,1.0,-4.52884276020832,-2.3997068494972473,False,SAM_CONTACTING
7B_SAM,7B,SAM,SKF64139,1,-5.48,7.387727272727273,6.38009090909091,-2.9506363636363635,-0.44246158261793406,-0.8963220930842983,-0.02888690631092653,1.0,0.4203688856230921,3.356886801785249,0,2,0,0.0,A:CYS148;A:CYS202;A:GLY199;A:HIS175;A:ILE198;A:LEU145;A:LEU232;A:LEU43;A:MET40;A:PHE36;A:SER149;A:TRP195;A:VAL234,A:ILE198;A:LEU145;A:LEU232;A:LEU43;A:MET40;A:PHE36;A:TRP195;A:VAL234,A:HIS175;A:PHE36;A:TRP195,,A:CYS148;A:CYS202;A:GLY199;A:LEU145;A:SER149,A:GLY199;A:ILE198;A:MET40;A:PHE36;A:TRP195,1.0,-4.049086352372229,-1.583138398763333,False,SAM_CONTACTING
7B_SAM,7B,SAM,SKF64139,2,-5.336,7.195363636363637,6.470818181818182,-2.906272727272728,0.7601478201406772,0.4891520916592496,0.42767455238856295,1.0,0.2379138499541382,3.696136631673672,0,2,0,0.0,A:CYS148;A:CYS202;A:GLY199;A:HIS175;A:LEU145;A:LEU232;A:LEU43;A:MET40;A:PHE36;A:TRP195;A:VAL234,A:LEU145;A:LEU232;A:LEU43;A:MET40;A:PHE36;A:TRP195;A:VAL234,A:HIS175;A:PHE36;A:TRP195,,A:LEU43;A:MET40,A:LEU145;A:VAL234,1.0,-4.153170602417384,-1.9668622701490697,False,SAM_CONTACTING
7B_SAM,7B,SAM,SKF64139,3,-5.305,6.945999999999999,6.59909090909091,-3.3923636363636365,0.044241008610172154,-0.9686137159899842,0.24460213072095077,1.0,0.18561249957909612,3.542189859394891,0,1,0,0.0,A:CYS148;A:CYS202;A:GLY199;A:HIS175;A:LEU145;A:LEU232;A:LEU43;A:MET40;A:SER149;A:TRP195;A:VAL234,A:LEU145;A:LEU232;A:LEU43;A:MET40;A:TRP195;A:VAL234,A:HIS175;A:PHE36;A:TRP195,,A:CYS148;A:CYS202;A:HIS175;A:LEU145;A:VAL234,A:LEU145;A:VAL234,1.0,-4.353684898984114,-1.6991901757751335,False,SAM_CONTACTING
7B_SAM,7B,SAM,SKF64139,4,-5.215,7.358818181818182,6.9119090909090914,-3.098909090909091,0.8509309292624391,-0.03701747763910438,0.5239716213439435,1.0,0.14202112518917823,4.012313671686201,0,0,0,0.0,A:CYS148;A:CYS202;A:GLY199;A:HIS175;A:ILE198;A:LEU145;A:LEU232;A:LEU43;A:MET40;A:PHE36;A:TRP195;A:VAL234,A:ILE198;A:LEU145;A:LEU232;A:LEU43;A:MET40;A:PHE36;A:TRP195;A:VAL234,A:HIS175;A:PHE36;A:TRP195,,A:CYS202;A:GLY199;A:PHE36;A:TRP195,A:CYS148;A:HIS175;A:LEU145;A:VAL234,1.0,-4.593455429626438,-2.5883151536216835,False,SAM_COMPATIBLE
7B_SAM,7B,SAM,SKF64139,5,-5.151,6.9879999999999995,6.631181818181818,-3.0777272727272726,0.3865023544359224,-0.7971644176374284,0.46383706327574664,1.0,0.4702701351351158,3.676615427264592,0,2,0,0.0,A:CYS148;A:CYS202;A:GLY199;A:HIS175;A:LEU145;A:LEU229;A:LEU232;A:LEU43;A:MET40;A:PHE36;A:TRP195;A:VAL234,A:LEU145;A:LEU229;A:LEU232;A:LEU43;A:MET40;A:PHE36;A:TRP195;A:VAL234,A:HIS175;A:PHE36;A:TRP195,,A:LEU145;A:VAL234,A:CYS148;A:CYS202;A:HIS175;A:LEU145,1.0,-4.349510973391235,-1.557021537688216,False,SAM_CONTACTING
7B_SAM,7B,SAM,SKF64139,6,-4.348,7.39718181818182,-9.228272727272728,-8.970454545454546,-0.7490877955331418,-0.4670680896284562,-0.46980301641658534,0.0,9.537863387572711,11.774831591152378,0,0,0,0.0,A:ARG206;A:ASP211;A:GLU207;A:PRO153;A:THR205,A:PRO153,,A:ASP211,A:ASP211,A:ARG206;A:PRO153,1.0,10.795882294702395,11.948393691151393,True,OUTSIDE_TARGET_SITE
7B_SAM,7B,SAM,SKF64139,7,-4.31,7.946363636363639,-8.713272727272727,-9.130272727272727,0.7976439897195722,0.3451300677331928,-0.4946203615003379,0.0,10.191590111459545,12.249689873625373,0,0,0,0.0,A:ARG206;A:ASP211;A:GLU207;A:PRO153;A:THR205,A:PRO153,,A:THR205,A:ARG206;A:GLU207;A:THR205,A:ASP211;A:GLU207,1.0,10.32333877348184,11.16777150872005,True,OUTSIDE_TARGET_SITE
7B_SAM,7B,SAM,SKF64139,8,-4.267,10.245090909090909,7.442545454545454,-15.202636363636366,-0.9754748709814505,0.20756572256347564,0.07324784570501024,0.0,7.089233244858009,14.834772495727732,0,0,0,0.0,A:ALA184;A:GLN188;A:GLU178;A:GLY235;A:LEU232;A:LYS230;A:PRO227;A:PRO233;A:TRP187;A:VAL234,A:ALA184;A:LEU232;A:PRO227;A:PRO233;A:TRP187;A:VAL234,A:TRP187,A:GLU178,A:GLU178;A:GLY235;A:LEU232;A:PRO227;A:PRO233;A:VAL234,A:ALA184;A:GLN188;A:PRO233;A:TRP187,1.0,-6.062865278924233,-3.370917109235502,False,OUTSIDE_TARGET_SITE
7B_SAM,7B,SAM,SKF64139,9,-4.174,10.549272727272726,-3.840818181818182,4.873909090909091,0.8729096308803955,0.051354668832103954,-0.4851715926405795,1.0,0.20763429389192872,3.5657506923507714,0,4,0,0.0,A:ASP200;A:GLN151;A:GLN29;A:GLY201;A:LYS33;A:PRO99,A:PRO99,,A:GLN29,A:ASP200;A:GLN29;A:GLY201,A:ASP200;A:LYS33;A:PRO99,0.7272727272727273,7.170669096320088,9.044889177329622,True,SAM_CONTACTING
7B_SAM,7B,SAM,SKF64139,10,-4.172,6.811272727272726,-9.542727272727273,-9.109636363636364,-0.5035589635512249,-0.2452150644665999,-0.8284310124481444,0.0,9.812426967881086,12.200178933114055,0,0,0,0.0,A:ARG206;A:ASP211;A:GLU207;A:LYS210;A:PRO153;A:THR205,A:PRO153,,A:GLU207,A:GLU207,A:ARG206;A:THR205,1.0,11.03602093942868,12.046955078967516,True,OUTSIDE_TARGET_SITE
7B_SAM,7B,SAM,SKF64139,11,-4.166,10.300999999999998,-4.091727272727272,4.239363636363636,-0.7990773258581959,-0.026057796638371086,0.6006633154552284,1.0,0.6615957980519519,3.120412472734975,0,6,0,0.0,A:ASP200;A:GLN151;A:GLN29;A:GLY201;A:LYS33;A:PRO99;A:SER149,A:PRO99,,,A:LYS33;A:PRO99,A:ASP200;A:GLN29;A:GLY201,1.0,7.330651073935029,8.86786378233807,True,SAM_CONTACTING
7B_SAM,7B,SAM,SKF64139,12,-4.139,7.634636363636363,-8.974727272727273,-8.687363636363637,0.8343342491231258,0.4970115327544046,0.2384657146200841,0.0,9.927101188161627,12.555293146717045,0,0,0,0.0,A:ARG206;A:ASP211;A:CYS203;A:GLU207;A:PRO153;A:THR205,A:PRO153,,,A:ARG206,A:ASP211;A:PRO153,1.0,10.596655467961865,12.261475469759365,True,OUTSIDE_TARGET_SITE
