direction,central_query,central_subject,member_side,member_number,member_name,distance_A,distance_weight,relative_sasa,exposure_weight,physchem_difference,status
METTL7A_VS_METTL7B,1,1,QUERY,1,MET,0.000000000000,1.000000000000,0.513833125953,0.971651621975,0.000000000000,MAPPED
METTL7A_VS_METTL7B,1,1,QUERY,2,GLU,3.867615027378,0.283096243156,0.784719908971,0.991149921943,0.333333333333,MAPPED
METTL7A_VS_METTL7B,1,1,QUERY,3,LEU,5.598539631011,0.000000000000,0.591422625731,0.980220779900,0.277777777778,MAPPED
METTL7A_VS_METTL7B,1,1,QUERY,4,THR,4.246708136899,0.188322965775,0.377346288100,0.943292415424,0.666666666667,MAPPED
METTL7A_VS_METTL7B,1,1,QUERY,5,ILE,4.166457848101,0.208385537975,0.057296427884,0.632381220248,0.111111111111,MAPPED
METTL7A_VS_METTL7B,2,2,QUERY,5,ILE,4.429682832890,0.142579291778,0.057296427884,0.632381220248,0.111111111111,MAPPED
METTL7A_VS_METTL7B,2,2,QUERY,2,GLU,0.000000000000,1.000000000000,0.784719908971,0.991149921943,0.333333333333,MAPPED
METTL7A_VS_METTL7B,2,2,QUERY,4,THR,5.406975957039,0.000000000000,0.377346288100,0.943292415424,0.666666666667,MAPPED
METTL7A_VS_METTL7B,2,2,QUERY,6,PHE,5.732038468119,0.000000000000,0.558501286611,0.977022765645,0.888888888889,MAPPED
METTL7A_VS_METTL7B,2,2,QUERY,1,MET,3.867615027378,0.283096243156,0.513833125953,0.971651621975,0.000000000000,MAPPED
METTL7A_VS_METTL7B,2,2,QUERY,3,LEU,3.857098650540,0.285725337365,0.591422625731,0.980220779900,0.277777777778,MAPPED
METTL7A_VS_METTL7B,3,3,QUERY,7,ILE,3.978734849170,0.255316287707,0.485727516111,0.967512071926,0.277777777778,MAPPED
METTL7A_VS_METTL7B,3,3,QUERY,3,LEU,0.000000000000,1.000000000000,0.591422625731,0.980220779900,0.277777777778,MAPPED
METTL7A_VS_METTL7B,3,3,QUERY,4,THR,3.857286222203,0.285678444449,0.377346288100,0.943292415424,0.666666666667,MAPPED
METTL7A_VS_METTL7B,3,3,QUERY,5,ILE,5.520581128831,0.000000000000,0.057296427884,0.632381220248,0.111111111111,MAPPED
METTL7A_VS_METTL7B,3,3,QUERY,1,MET,5.598539631011,0.000000000000,0.513833125953,0.971651621975,0.000000000000,MAPPED
METTL7A_VS_METTL7B,3,3,QUERY,6,PHE,4.227566321183,0.193108419704,0.558501286611,0.977022765645,0.888888888889,MAPPED
METTL7A_VS_METTL7B,3,3,QUERY,2,GLU,3.857098650540,0.285725337365,0.784719908971,0.991149921943,0.333333333333,MAPPED
METTL7A_VS_METTL7B,4,4,QUERY,8,LEU,4.137096083003,0.215725979249,0.273565061139,0.898622184913,0.000000000000,MAPPED
METTL7A_VS_METTL7B,4,4,QUERY,7,ILE,4.602979578490,0.099255105377,0.485727516111,0.967512071926,0.277777777778,MAPPED
METTL7A_VS_METTL7B,4,4,QUERY,6,PHE,5.370533027550,0.000000000000,0.558501286611,0.977022765645,0.888888888889,MAPPED
METTL7A_VS_METTL7B,4,4,QUERY,5,ILE,3.851682359697,0.287079410076,0.057296427884,0.632381220248,0.111111111111,MAPPED
METTL7A_VS_METTL7B,4,4,QUERY,4,THR,0.000000000000,1.000000000000,0.377346288100,0.943292415424,0.666666666667,MAPPED
METTL7A_VS_METTL7B,4,4,QUERY,3,LEU,3.857286222203,0.285678444449,0.591422625731,0.980220779900,0.277777777778,MAPPED
METTL7A_VS_METTL7B,4,4,QUERY,2,GLU,5.406975957039,0.000000000000,0.784719908971,0.991149921943,0.333333333333,MAPPED
METTL7A_VS_METTL7B,4,4,QUERY,1,MET,4.246708136899,0.188322965775,0.513833125953,0.971651621975,0.000000000000,MAPPED
METTL7A_VS_METTL7B,5,5,QUERY,7,ILE,5.642725316724,0.000000000000,0.485727516111,0.967512071926,0.277777777778,MAPPED
METTL7A_VS_METTL7B,5,5,QUERY,3,LEU,5.520581128831,0.000000000000,0.591422625731,0.980220779900,0.277777777778,MAPPED
METTL7A_VS_METTL7B,5,5,QUERY,6,PHE,3.848813583431,0.287796604142,0.558501286611,0.977022765645,0.888888888889,MAPPED
METTL7A_VS_METTL7B,5,5,QUERY,2,GLU,4.429682832890,0.142579291778,0.784719908971,0.991149921943,0.333333333333,MAPPED
METTL7A_VS_METTL7B,5,5,QUERY,9,ARG,3.820006413607,0.294998396598,0.263264776515,0.892351081312,0.444444444444,MAPPED
METTL7A_VS_METTL7B,5,5,QUERY,5,ILE,0.000000000000,1.000000000000,0.057296427884,0.632381220248,0.111111111111,MAPPED
METTL7A_VS_METTL7B,5,5,QUERY,1,MET,4.166457848101,0.208385537975,0.513833125953,0.971651621975,0.000000000000,MAPPED
METTL7A_VS_METTL7B,5,5,QUERY,8,LEU,4.652461284095,0.086884678976,0.273565061139,0.898622184913,0.000000000000,MAPPED
METTL7A_VS_METTL7B,5,5,QUERY,4,THR,3.851682359697,0.287079410076,0.377346288100,0.943292415424,0.666666666667,MAPPED
METTL7A_VS_METTL7B,6,6,QUERY,7,ILE,3.865212154591,0.283696961352,0.485727516111,0.967512071926,0.277777777778,MAPPED
METTL7A_VS_METTL7B,6,6,QUERY,3,LEU,4.227566321183,0.193108419704,0.591422625731,0.980220779900,0.277777777778,MAPPED
METTL7A_VS_METTL7B,6,6,QUERY,10,LEU,4.929791679169,0.017552080208,0.422739199130,0.955370011525,0.000000000000,MAPPED
METTL7A_VS_METTL7B,6,6,QUERY,6,PHE,0.000000000000,1.000000000000,0.558501286611,0.977022765645,0.888888888889,MAPPED
METTL7A_VS_METTL7B,6,6,QUERY,2,GLU,5.732038468119,0.000000000000,0.784719908971,0.991149921943,0.333333333333,MAPPED
METTL7A_VS_METTL7B,6,6,QUERY,9,ARG,4.426443493370,0.143389126657,0.263264776515,0.892351081312,0.444444444444,MAPPED
METTL7A_VS_METTL7B,6,6,QUERY,5,ILE,3.848813583431,0.287796604142,0.057296427884,0.632381220248,0.111111111111,MAPPED
METTL7A_VS_METTL7B,6,6,QUERY,8,LEU,5.533776829616,0.000000000000,0.273565061139,0.898622184913,0.000000000000,MAPPED
METTL7A_VS_METTL7B,6,6,QUERY,4,THR,5.370533027550,0.000000000000,0.377346288100,0.943292415424,0.666666666667,MAPPED
METTL7A_VS_METTL7B,7,7,QUERY,7,ILE,0.000000000000,1.000000000000,0.485727516111,0.967512071926,0.277777777778,MAPPED
METTL7A_VS_METTL7B,7,7,QUERY,3,LEU,3.978734849170,0.255316287707,0.591422625731,0.980220779900,0.277777777778,MAPPED
METTL7A_VS_METTL7B,7,7,QUERY,10,LEU,4.418684872222,0.145328781945,0.422739199130,0.955370011525,0.000000000000,MAPPED
METTL7A_VS_METTL7B,7,7,QUERY,6,PHE,3.865212154591,0.283696961352,0.558501286611,0.977022765645,0.888888888889,MAPPED
METTL7A_VS_METTL7B,7,7,QUERY,9,ARG,5.531210446186,0.000000000000,0.263264776515,0.892351081312,0.444444444444,MAPPED
METTL7A_VS_METTL7B,7,7,QUERY,5,ILE,5.642725316724,0.000000000000,0.057296427884,0.632381220248,0.111111111111,MAPPED
METTL7A_VS_METTL7B,7,7,QUERY,8,LEU,3.840933610465,0.289766597384,0.273565061139,0.898622184913,0.000000000000,MAPPED
METTL7A_VS_METTL7B,7,7,QUERY,4,THR,4.602979578490,0.099255105377,0.377346288100,0.943292415424,0.666666666667,MAPPED
METTL7A_VS_METTL7B,7,7,QUERY,11,ALA,5.909345395219,0.000000000000,0.389526146663,0.946869192438,0.666666666667,MAPPED
METTL7A_VS_METTL7B,8,8,QUERY,7,ILE,3.840933610465,0.289766597384,0.485727516111,0.967512071926,0.277777777778,MAPPED
METTL7A_VS_METTL7B,8,8,QUERY,10,LEU,5.373028382579,0.000000000000,0.422739199130,0.955370011525,0.000000000000,MAPPED
METTL7A_VS_METTL7B,8,8,QUERY,6,PHE,5.533776829616,0.000000000000,0.558501286611,0.977022765645,0.888888888889,MAPPED
METTL7A_VS_METTL7B,8,8,QUERY,9,ARG,3.859654647763,0.285086338059,0.263264776515,0.892351081312,0.444444444444,MAPPED
METTL7A_VS_METTL7B,8,8,QUERY,5,ILE,4.652461284095,0.086884678976,0.057296427884,0.632381220248,0.111111111111,MAPPED
METTL7A_VS_METTL7B,8,8,QUERY,12,ILE,5.395898534999,0.000000000000,0.160429998074,0.800818073023,0.111111111111,MAPPED
METTL7A_VS_METTL7B,8,8,QUERY,8,LEU,0.000000000000,1.000000000000,0.273565061139,0.898622184913,0.000000000000,MAPPED
METTL7A_VS_METTL7B,8,8,QUERY,4,THR,4.137096083003,0.215725979249,0.377346288100,0.943292415424,0.666666666667,MAPPED
METTL7A_VS_METTL7B,8,8,QUERY,11,ALA,4.347204389030,0.163198902743,0.389526146663,0.946869192438,0.666666666667,MAPPED
METTL7A_VS_METTL7B,9,9,QUERY,7,ILE,5.531210446186,0.000000000000,0.485727516111,0.967512071926,0.277777777778,MAPPED
METTL7A_VS_METTL7B,9,9,QUERY,10,LEU,3.833149879668,0.291712530083,0.422739199130,0.955370011525,0.000000000000,MAPPED
METTL7A_VS_METTL7B,9,9,QUERY,6,PHE,4.426443493370,0.143389126657,0.558501286611,0.977022765645,0.888888888889,MAPPED
METTL7A_VS_METTL7B,9,9,QUERY,13,TYR,4.350347227521,0.162413193120,0.357070698695,0.936704970395,0.666666666667,MAPPED
METTL7A_VS_METTL7B,9,9,QUERY,9,ARG,0.000000000000,1.000000000000,0.263264776515,0.892351081312,0.444444444444,MAPPED
METTL7A_VS_METTL7B,9,9,QUERY,5,ILE,3.820006413607,0.294998396598,0.057296427884,0.632381220248,0.111111111111,MAPPED
METTL7A_VS_METTL7B,9,9,QUERY,12,ILE,4.263293679774,0.184176580057,0.160429998074,0.800818073023,0.111111111111,MAPPED
METTL7A_VS_METTL7B,9,9,QUERY,8,LEU,3.859654647763,0.285086338059,0.273565061139,0.898622184913,0.000000000000,MAPPED
METTL7A_VS_METTL7B,9,9,QUERY,11,ALA,5.372372567125,0.000000000000,0.389526146663,0.946869192438,0.666666666667,MAPPED
METTL7A_VS_METTL7B,10,10,QUERY,7,ILE,4.418684872222,0.145328781945,0.485727516111,0.967512071926,0.277777777778,MAPPED
METTL7A_VS_METTL7B,10,10,QUERY,14,ILE,4.142532196616,0.214366950846,0.571587256674,0.978362254462,0.277777777778,MAPPED
METTL7A_VS_METTL7B,10,10,QUERY,10,LEU,0.000000000000,1.000000000000,0.422739199130,0.955370011525,0.000000000000,MAPPED
METTL7A_VS_METTL7B,10,10,QUERY,6,PHE,4.929791679169,0.017552080208,0.558501286611,0.977022765645,0.888888888889,MAPPED
METTL7A_VS_METTL7B,10,10,QUERY,13,TYR,4.242156291322,0.189460927170,0.357070698695,0.936704970395,0.666666666667,MAPPED
METTL7A_VS_METTL7B,10,10,QUERY,9,ARG,3.833149879668,0.291712530083,0.263264776515,0.892351081312,0.444444444444,MAPPED
METTL7A_VS_METTL7B,10,10,QUERY,12,ILE,5.426381759515,0.000000000000,0.160429998074,0.800818073023,0.111111111111,MAPPED
METTL7A_VS_METTL7B,10,10,QUERY,8,LEU,5.373028382579,0.000000000000,0.273565061139,0.898622184913,0.000000000000,MAPPED
METTL7A_VS_METTL7B,10,10,QUERY,11,ALA,3.843892428256,0.289026892936,0.389526146663,0.946869192438,0.666666666667,MAPPED
METTL7A_VS_METTL7B,11,11,QUERY,7,ILE,5.909345395219,0.000000000000,0.485727516111,0.967512071926,0.277777777778,MAPPED
METTL7A_VS_METTL7B,11,11,QUERY,14,ILE,4.406576108500,0.148355972875,0.571587256674,0.978362254462,0.277777777778,MAPPED
METTL7A_VS_METTL7B,11,11,QUERY,10,LEU,3.843892428256,0.289026892936,0.422739199130,0.955370011525,0.000000000000,MAPPED
METTL7A_VS_METTL7B,11,11,QUERY,13,TYR,5.472468729924,0.000000000000,0.357070698695,0.936704970395,0.666666666667,MAPPED
METTL7A_VS_METTL7B,11,11,QUERY,9,ARG,5.372372567125,0.000000000000,0.263264776515,0.892351081312,0.444444444444,MAPPED
METTL7A_VS_METTL7B,11,11,QUERY,12,ILE,3.869489113565,0.282627721609,0.160429998074,0.800818073023,0.111111111111,MAPPED
METTL7A_VS_METTL7B,11,11,QUERY,8,LEU,4.347204389030,0.163198902743,0.273565061139,0.898622184913,0.000000000000,MAPPED
METTL7A_VS_METTL7B,11,11,QUERY,15,LEU,5.776647037859,0.000000000000,0.628870955751,0.983239466928,0.000000000000,MAPPED
METTL7A_VS_METTL7B,11,11,QUERY,11,ALA,0.000000000000,1.000000000000,0.389526146663,0.946869192438,0.666666666667,MAPPED
METTL7A_VS_METTL7B,12,12,QUERY,11,ALA,3.869489113565,0.282627721609,0.389526146663,0.946869192438,0.666666666667,MAPPED
METTL7A_VS_METTL7B,12,12,QUERY,13,TYR,3.858483639981,0.285379090005,0.357070698695,0.936704970395,0.666666666667,MAPPED
METTL7A_VS_METTL7B,12,12,QUERY,15,LEU,4.358859139729,0.160285215068,0.628870955751,0.983239466928,0.000000000000,MAPPED
METTL7A_VS_METTL7B,12,12,QUERY,8,LEU,5.395898534999,0.000000000000,0.273565061139,0.898622184913,0.000000000000,MAPPED
METTL7A_VS_METTL7B,12,12,QUERY,10,LEU,5.426381759515,0.000000000000,0.422739199130,0.955370011525,0.000000000000,MAPPED
METTL7A_VS_METTL7B,12,12,QUERY,12,ILE,0.000000000000,1.000000000000,0.160429998074,0.800818073023,0.111111111111,MAPPED
METTL7A_VS_METTL7B,12,12,QUERY,14,ILE,5.470709734577,0.000000000000,0.571587256674,0.978362254462,0.277777777778,MAPPED
METTL7A_VS_METTL7B,12,12,QUERY,194,ALA,3.640078158502,0.339980460375,0.114491338369,0.737096868232,0.555555555556,MAPPED
METTL7A_VS_METTL7B,12,12,QUERY,16,THR,4.300758770264,0.174810307434,0.077253057090,0.672246487108,0.000000000000,MAPPED
METTL7A_VS_METTL7B,12,12,QUERY,9,ARG,4.263293679774,0.184176580057,0.263264776515,0.892351081312,0.444444444444,MAPPED
METTL7A_VS_METTL7B,13,13,QUERY,14,ILE,3.850933523186,0.287266619203,0.571587256674,0.978362254462,0.277777777778,MAPPED
METTL7A_VS_METTL7B,13,13,QUERY,10,LEU,4.242156291322,0.189460927170,0.422739199130,0.955370011525,0.000000000000,MAPPED
METTL7A_VS_METTL7B,13,13,QUERY,17,PHE,5.550151079025,0.000000000000,0.514177151511,0.971698310689,0.555555555556,MAPPED
METTL7A_VS_METTL7B,13,13,QUERY,13,TYR,0.000000000000,1.000000000000,0.357070698695,0.936704970395,0.666666666667,MAPPED
METTL7A_VS_METTL7B,13,13,QUERY,9,ARG,4.350347227521,0.162413193120,0.263264776515,0.892351081312,0.444444444444,MAPPED
METTL7A_VS_METTL7B,13,13,QUERY,16,THR,3.662796063119,0.334300984220,0.077253057090,0.672246487108,0.000000000000,MAPPED
METTL7A_VS_METTL7B,13,13,QUERY,12,ILE,3.858483639981,0.285379090005,0.160429998074,0.800818073023,0.111111111111,MAPPED
METTL7A_VS_METTL7B,13,13,QUERY,15,LEU,5.456041880338,0.000000000000,0.628870955751,0.983239466928,0.000000000000,MAPPED
METTL7A_VS_METTL7B,13,13,QUERY,11,ALA,5.472468729924,0.000000000000,0.389526146663,0.946869192438,0.666666666667,MAPPED
METTL7A_VS_METTL7B,14,14,QUERY,13,TYR,3.850933523186,0.287266619203,0.357070698695,0.936704970395,0.666666666667,MAPPED
METTL7A_VS_METTL7B,14,14,QUERY,12,ILE,5.470709734577,0.000000000000,0.160429998074,0.800818073023,0.111111111111,MAPPED
METTL7A_VS_METTL7B,14,14,QUERY,11,ALA,4.406576108500,0.148355972875,0.389526146663,0.946869192438,0.666666666667,MAPPED
METTL7A_VS_METTL7B,14,14,QUERY,10,LEU,4.142532196616,0.214366950846,0.422739199130,0.955370011525,0.000000000000,MAPPED
METTL7A_VS_METTL7B,14,14,QUERY,17,PHE,4.354244021641,0.161438994590,0.514177151511,0.971698310689,0.555555555556,MAPPED
METTL7A_VS_METTL7B,14,14,QUERY,16,THR,5.609468602283,0.000000000000,0.077253057090,0.672246487108,0.000000000000,MAPPED
METTL7A_VS_METTL7B,14,14,QUERY,15,LEU,3.854402936902,0.286399265774,0.628870955751,0.983239466928,0.000000000000,MAPPED
METTL7A_VS_METTL7B,14,14,QUERY,14,ILE,0.000000000000,1.000000000000,0.571587256674,0.978362254462,0.277777777778,MAPPED
METTL7A_VS_METTL7B,15,15,QUERY,12,ILE,4.358859139729,0.160285215068,0.160429998074,0.800818073023,0.111111111111,MAPPED
METTL7A_VS_METTL7B,15,15,QUERY,17,PHE,5.661085496616,0.000000000000,0.514177151511,0.971698310689,0.555555555556,MAPPED
METTL7A_VS_METTL7B,15,15,QUERY,13,TYR,5.456041880338,0.000000000000,0.357070698695,0.936704970395,0.666666666667,MAPPED
METTL7A_VS_METTL7B,15,15,QUERY,14,ILE,3.854402936902,0.286399265774,0.571587256674,0.978362254462,0.277777777778,MAPPED
METTL7A_VS_METTL7B,15,15,QUERY,15,LEU,0.000000000000,1.000000000000,0.628870955751,0.983239466928,0.000000000000,MAPPED
METTL7A_VS_METTL7B,15,15,QUERY,11,ALA,5.776647037859,0.000000000000,0.389526146663,0.946869192438,0.666666666667,MAPPED
METTL7A_VS_METTL7B,15,15,QUERY,16,THR,3.856667732642,0.285833066840,0.077253057090,0.672246487108,0.000000000000,MAPPED
METTL7A_VS_METTL7B,16,16,QUERY,20,TYR,3.278114244501,0.430471438875,0.253085045249,0.885730225692,0.388888888889,MAPPED
METTL7A_VS_METTL7B,16,16,QUERY,13,TYR,3.662796063119,0.334300984220,0.357070698695,0.936704970395,0.666666666667,MAPPED
METTL7A_VS_METTL7B,16,16,QUERY,15,LEU,3.856667732642,0.285833066840,0.628870955751,0.983239466928,0.000000000000,MAPPED
METTL7A_VS_METTL7B,16,16,QUERY,17,PHE,3.854875614076,0.286281096481,0.514177151511,0.971698310689,0.555555555556,MAPPED
METTL7A_VS_METTL7B,16,16,QUERY,19,LEU,4.864026418514,0.033993395372,0.199944215805,0.843164251215,0.000000000000,MAPPED
METTL7A_VS_METTL7B,16,16,QUERY,12,ILE,4.300758770264,0.174810307434,0.160429998074,0.800818073023,0.111111111111,MAPPED
METTL7A_VS_METTL7B,16,16,QUERY,14,ILE,5.609468602283,0.000000000000,0.571587256674,0.978362254462,0.277777777778,MAPPED
METTL7A_VS_METTL7B,16,16,QUERY,194,ALA,3.774397302882,0.306400674280,0.114491338369,0.737096868232,0.555555555556,MAPPED
METTL7A_VS_METTL7B,16,16,QUERY,16,THR,0.000000000000,1.000000000000,0.077253057090,0.672246487108,0.000000000000,MAPPED
METTL7A_VS_METTL7B,16,16,QUERY,18,PRO,4.241194643022,0.189701339244,0.458195811042,0.962752813082,0.000000000000,MAPPED
METTL7A_VS_METTL7B,17,17,QUERY,18,PRO,3.076266893493,0.480933276627,0.458195811042,0.962752813082,0.000000000000,MAPPED
METTL7A_VS_METTL7B,17,17,QUERY,14,ILE,4.354244021641,0.161438994590,0.571587256674,0.978362254462,0.277777777778,MAPPED
METTL7A_VS_METTL7B,17,17,QUERY,21,LEU,4.403985127132,0.149003718217,0.371324972209,0.941422124502,0.000000000000,MAPPED
METTL7A_VS_METTL7B,17,17,QUERY,17,PHE,0.000000000000,1.000000000000,0.514177151511,0.971698310689,0.555555555556,MAPPED
METTL7A_VS_METTL7B,17,17,QUERY,13,TYR,5.550151079025,0.000000000000,0.357070698695,0.936704970395,0.666666666667,MAPPED
METTL7A_VS_METTL7B,17,17,QUERY,20,TYR,4.189403418149,0.202649145463,0.253085045249,0.885730225692,0.388888888889,MAPPED
METTL7A_VS_METTL7B,17,17,QUERY,16,THR,3.854875614076,0.286281096481,0.077253057090,0.672246487108,0.000000000000,MAPPED
METTL7A_VS_METTL7B,17,17,QUERY,19,LEU,5.468652576275,0.000000000000,0.199944215805,0.843164251215,0.000000000000,MAPPED
METTL7A_VS_METTL7B,17,17,QUERY,15,LEU,5.661085496616,0.000000000000,0.628870955751,0.983239466928,0.000000000000,MAPPED
METTL7A_VS_METTL7B,18,18,QUERY,21,LEU,4.336650435532,0.165837391117,0.371324972209,0.941422124502,0.000000000000,MAPPED
METTL7A_VS_METTL7B,18,18,QUERY,17,PHE,3.076266893493,0.480933276627,0.514177151511,0.971698310689,0.555555555556,MAPPED
METTL7A_VS_METTL7B,18,18,QUERY,22,LEU,5.485214763343,0.000000000000,0.268496518366,0.895588354980,0.333333333333,MAPPED
METTL7A_VS_METTL7B,18,18,QUERY,18,PRO,0.000000000000,1.000000000000,0.458195811042,0.962752813082,0.000000000000,MAPPED
METTL7A_VS_METTL7B,18,18,QUERY,19,LEU,3.846181612977,0.288454596756,0.199944215805,0.843164251215,0.000000000000,MAPPED
METTL7A_VS_METTL7B,18,18,QUERY,20,TYR,5.488786113523,0.000000000000,0.253085045249,0.885730225692,0.388888888889,MAPPED
METTL7A_VS_METTL7B,18,18,QUERY,16,THR,4.241194643022,0.189701339244,0.077253057090,0.672246487108,0.000000000000,MAPPED
METTL7A_VS_METTL7B,19,19,QUERY,18,PRO,3.846181612977,0.288454596756,0.458195811042,0.962752813082,0.000000000000,MAPPED
METTL7A_VS_METTL7B,19,19,QUERY,21,LEU,5.349161242662,0.000000000000,0.371324972209,0.941422124502,0.000000000000,MAPPED
METTL7A_VS_METTL7B,19,19,QUERY,28,TRP,3.445806001504,0.388548499624,0.143362633673,0.779112545171,0.000000000000,MAPPED
METTL7A_VS_METTL7B,19,19,QUERY,17,PHE,5.468652576275,0.000000000000,0.514177151511,0.971698310689,0.555555555556,MAPPED
METTL7A_VS_METTL7B,19,19,QUERY,20,TYR,3.837296704713,0.290675823822,0.253085045249,0.885730225692,0.388888888889,MAPPED
METTL7A_VS_METTL7B,19,19,QUERY,16,THR,4.864026418514,0.033993395372,0.077253057090,0.672246487108,0.000000000000,MAPPED
METTL7A_VS_METTL7B,19,19,QUERY,23,ASN,5.690700747711,0.000000000000,0.395597897382,0.948554545916,0.777777777778,MAPPED
METTL7A_VS_METTL7B,19,19,QUERY,19,LEU,0.000000000000,1.000000000000,0.199944215805,0.843164251215,0.000000000000,MAPPED
METTL7A_VS_METTL7B,19,19,QUERY,22,LEU,4.344558895906,0.163860276023,0.268496518366,0.895588354980,0.333333333333,MAPPED
METTL7A_VS_METTL7B,20,20,QUERY,18,PRO,5.488786113523,0.000000000000,0.458195811042,0.962752813082,0.000000000000,MAPPED
METTL7A_VS_METTL7B,20,20,QUERY,21,LEU,3.836372505375,0.290906873656,0.371324972209,0.941422124502,0.000000000000,MAPPED
METTL7A_VS_METTL7B,20,20,QUERY,17,PHE,4.189403418149,0.202649145463,0.514177151511,0.971698310689,0.555555555556,MAPPED
METTL7A_VS_METTL7B,20,20,QUERY,24,PHE,5.723625249787,0.000000000000,0.717296377446,0.988443660446,0.555555555556,MAPPED
METTL7A_VS_METTL7B,20,20,QUERY,20,TYR,0.000000000000,1.000000000000,0.253085045249,0.885730225692,0.388888888889,MAPPED
METTL7A_VS_METTL7B,20,20,QUERY,16,THR,3.278114244501,0.430471438875,0.077253057090,0.672246487108,0.000000000000,MAPPED
METTL7A_VS_METTL7B,20,20,QUERY,23,ASN,4.226563261091,0.193359184727,0.395597897382,0.948554545916,0.777777777778,MAPPED
METTL7A_VS_METTL7B,20,20,QUERY,19,LEU,3.837296704713,0.290675823822,0.199944215805,0.843164251215,0.000000000000,MAPPED
METTL7A_VS_METTL7B,20,20,QUERY,22,LEU,5.478336061251,0.000000000000,0.268496518366,0.895588354980,0.333333333333,MAPPED
METTL7A_VS_METTL7B,21,21,QUERY,18,PRO,4.336650435532,0.165837391117,0.458195811042,0.962752813082,0.000000000000,MAPPED
METTL7A_VS_METTL7B,21,21,QUERY,25,LEU,4.234192957341,0.191451760665,0.482832913211,0.967046692803,0.000000000000,MAPPED
METTL7A_VS_METTL7B,21,21,QUERY,21,LEU,0.000000000000,1.000000000000,0.371324972209,0.941422124502,0.000000000000,MAPPED
METTL7A_VS_METTL7B,21,21,QUERY,17,PHE,4.403985127132,0.149003718217,0.514177151511,0.971698310689,0.555555555556,MAPPED
METTL7A_VS_METTL7B,21,21,QUERY,24,PHE,4.292743877755,0.176814030561,0.717296377446,0.988443660446,0.555555555556,MAPPED
METTL7A_VS_METTL7B,21,21,QUERY,20,TYR,3.836372505375,0.290906873656,0.253085045249,0.885730225692,0.388888888889,MAPPED
METTL7A_VS_METTL7B,21,21,QUERY,23,ASN,5.351644793893,0.000000000000,0.395597897382,0.948554545916,0.777777777778,MAPPED
METTL7A_VS_METTL7B,21,21,QUERY,19,LEU,5.349161242662,0.000000000000,0.199944215805,0.843164251215,0.000000000000,MAPPED
METTL7A_VS_METTL7B,21,21,QUERY,22,LEU,3.856252844407,0.285936788898,0.268496518366,0.895588354980,0.333333333333,MAPPED
METTL7A_VS_METTL7B,22,22,QUERY,22,LEU,0.000000000000,1.000000000000,0.268496518366,0.895588354980,0.333333333333,MAPPED
METTL7A_VS_METTL7B,22,22,QUERY,27,LEU,4.036842701914,0.240789324521,0.445589966650,0.960304198758,0.666666666667,MAPPED
METTL7A_VS_METTL7B,22,22,QUERY,20,TYR,5.478336061251,0.000000000000,0.253085045249,0.885730225692,0.388888888889,MAPPED
METTL7A_VS_METTL7B,22,22,QUERY,25,LEU,4.372155875538,0.156961031116,0.482832913211,0.967046692803,0.000000000000,MAPPED
METTL7A_VS_METTL7B,22,22,QUERY,18,PRO,5.485214763343,0.000000000000,0.458195811042,0.962752813082,0.000000000000,MAPPED
METTL7A_VS_METTL7B,22,22,QUERY,23,ASN,3.843602737016,0.289099315746,0.395597897382,0.948554545916,0.777777777778,MAPPED
METTL7A_VS_METTL7B,22,22,QUERY,28,TRP,3.960972229138,0.259756942716,0.143362633673,0.779112545171,0.000000000000,MAPPED
METTL7A_VS_METTL7B,22,22,QUERY,21,LEU,3.856252844407,0.285936788898,0.371324972209,0.941422124502,0.000000000000,MAPPED
METTL7A_VS_METTL7B,22,22,QUERY,26,GLY,6.378309650683,0.000000000000,0.410061376385,0.952325931432,0.000000000000,MAPPED
METTL7A_VS_METTL7B,22,22,QUERY,19,LEU,4.344558895906,0.163860276023,0.199944215805,0.843164251215,0.000000000000,MAPPED
METTL7A_VS_METTL7B,22,22,QUERY,24,PHE,5.518680730030,0.000000000000,0.717296377446,0.988443660446,0.555555555556,MAPPED
METTL7A_VS_METTL7B,23,23,QUERY,22,LEU,3.843602737016,0.289099315746,0.268496518366,0.895588354980,0.333333333333,MAPPED
METTL7A_VS_METTL7B,23,23,QUERY,27,LEU,5.695810214535,0.000000000000,0.445589966650,0.960304198758,0.666666666667,MAPPED
METTL7A_VS_METTL7B,23,23,QUERY,20,TYR,4.226563261091,0.193359184727,0.253085045249,0.885730225692,0.388888888889,MAPPED
METTL7A_VS_METTL7B,23,23,QUERY,25,LEU,5.282002366527,0.000000000000,0.482832913211,0.967046692803,0.000000000000,MAPPED
METTL7A_VS_METTL7B,23,23,QUERY,23,ASN,0.000000000000,1.000000000000,0.395597897382,0.948554545916,0.777777777778,MAPPED
METTL7A_VS_METTL7B,23,23,QUERY,28,TRP,3.460519180701,0.384870204825,0.143362633673,0.779112545171,0.000000000000,MAPPED
METTL7A_VS_METTL7B,23,23,QUERY,21,LEU,5.351644793893,0.000000000000,0.371324972209,0.941422124502,0.000000000000,MAPPED
METTL7A_VS_METTL7B,23,23,QUERY,26,GLY,4.953361484891,0.011659628777,0.410061376385,0.952325931432,0.000000000000,MAPPED
METTL7A_VS_METTL7B,23,23,QUERY,19,LEU,5.690700747711,0.000000000000,0.199944215805,0.843164251215,0.000000000000,MAPPED
METTL7A_VS_METTL7B,23,23,QUERY,24,PHE,3.827284546516,0.293178863371,0.717296377446,0.988443660446,0.555555555556,MAPPED
METTL7A_VS_METTL7B,23,23,QUERY,29,SER,4.435567494696,0.141108126326,0.351636444431,0.934792991184,0.555555555556,MAPPED
METTL7A_VS_METTL7B,24,24,QUERY,21,LEU,4.292743877755,0.176814030561,0.371324972209,0.941422124502,0.000000000000,MAPPED
METTL7A_VS_METTL7B,24,24,QUERY,26,GLY,5.398036031743,0.000000000000,0.410061376385,0.952325931432,0.000000000000,MAPPED
METTL7A_VS_METTL7B,24,24,QUERY,22,LEU,5.518680730030,0.000000000000,0.268496518366,0.895588354980,0.333333333333,MAPPED
METTL7A_VS_METTL7B,24,24,QUERY,23,ASN,3.827284546516,0.293178863371,0.395597897382,0.948554545916,0.777777777778,MAPPED
METTL7A_VS_METTL7B,24,24,QUERY,24,PHE,0.000000000000,1.000000000000,0.717296377446,0.988443660446,0.555555555556,MAPPED
METTL7A_VS_METTL7B,24,24,QUERY,20,TYR,5.723625249787,0.000000000000,0.253085045249,0.885730225692,0.388888888889,MAPPED
METTL7A_VS_METTL7B,24,24,QUERY,25,LEU,3.858924979836,0.285268755041,0.482832913211,0.967046692803,0.000000000000,MAPPED
METTL7A_VS_METTL7B,25,25,QUERY,21,LEU,4.234192957341,0.191451760665,0.371324972209,0.941422124502,0.000000000000,MAPPED
METTL7A_VS_METTL7B,25,25,QUERY,26,GLY,3.885684109652,0.278578972587,0.410061376385,0.952325931432,0.000000000000,MAPPED
METTL7A_VS_METTL7B,25,25,QUERY,22,LEU,4.372155875538,0.156961031116,0.268496518366,0.895588354980,0.333333333333,MAPPED
METTL7A_VS_METTL7B,25,25,QUERY,27,LEU,4.242253764215,0.189436558946,0.445589966650,0.960304198758,0.666666666667,MAPPED
METTL7A_VS_METTL7B,25,25,QUERY,23,ASN,5.282002366527,0.000000000000,0.395597897382,0.948554545916,0.777777777778,MAPPED
METTL7A_VS_METTL7B,25,25,QUERY,24,PHE,3.858924979836,0.285268755041,0.717296377446,0.988443660446,0.555555555556,MAPPED
METTL7A_VS_METTL7B,25,25,QUERY,25,LEU,0.000000000000,1.000000000000,0.482832913211,0.967046692803,0.000000000000,MAPPED
METTL7A_VS_METTL7B,26,26,QUERY,29,SER,5.731093525672,0.000000000000,0.351636444431,0.934792991184,0.555555555556,MAPPED
METTL7A_VS_METTL7B,26,26,QUERY,28,TRP,5.829546208754,0.000000000000,0.143362633673,0.779112545171,0.000000000000,MAPPED
METTL7A_VS_METTL7B,26,26,QUERY,27,LEU,3.859317297139,0.285170675715,0.445589966650,0.960304198758,0.666666666667,MAPPED
METTL7A_VS_METTL7B,26,26,QUERY,26,GLY,0.000000000000,1.000000000000,0.410061376385,0.952325931432,0.000000000000,MAPPED
METTL7A_VS_METTL7B,26,26,QUERY,25,LEU,3.885684109652,0.278578972587,0.482832913211,0.967046692803,0.000000000000,MAPPED
METTL7A_VS_METTL7B,26,26,QUERY,24,PHE,5.398036031743,0.000000000000,0.717296377446,0.988443660446,0.555555555556,MAPPED
METTL7A_VS_METTL7B,26,26,QUERY,23,ASN,4.953361484891,0.011659628777,0.395597897382,0.948554545916,0.777777777778,MAPPED
METTL7A_VS_METTL7B,26,26,QUERY,22,LEU,6.378309650683,0.000000000000,0.268496518366,0.895588354980,0.333333333333,MAPPED
METTL7A_VS_METTL7B,27,27,QUERY,25,LEU,4.242253764215,0.189436558946,0.482832913211,0.967046692803,0.000000000000,MAPPED
METTL7A_VS_METTL7B,27,27,QUERY,28,TRP,3.826640693872,0.293339826532,0.143362633673,0.779112545171,0.000000000000,MAPPED
METTL7A_VS_METTL7B,27,27,QUERY,31,ILE,4.553017241347,0.111745689663,0.229185711535,0.868367578198,0.277777777778,MAPPED
METTL7A_VS_METTL7B,27,27,QUERY,27,LEU,0.000000000000,1.000000000000,0.445589966650,0.960304198758,0.666666666667,MAPPED
METTL7A_VS_METTL7B,27,27,QUERY,23,ASN,5.695810214535,0.000000000000,0.395597897382,0.948554545916,0.777777777778,MAPPED
METTL7A_VS_METTL7B,27,27,QUERY,30,TRP,5.027594056803,0.000000000000,0.558405838599,0.977012641440,0.833333333333,MAPPED
METTL7A_VS_METTL7B,27,27,QUERY,26,GLY,3.859317297139,0.285170675715,0.410061376385,0.952325931432,0.000000000000,MAPPED
METTL7A_VS_METTL7B,27,27,QUERY,22,LEU,4.036842701914,0.240789324521,0.268496518366,0.895588354980,0.333333333333,MAPPED
METTL7A_VS_METTL7B,27,27,QUERY,29,SER,5.814072754963,0.000000000000,0.351636444431,0.934792991184,0.555555555556,MAPPED
METTL7A_VS_METTL7B,28,28,QUERY,31,ILE,4.189116493964,0.202720876509,0.229185711535,0.868367578198,0.277777777778,MAPPED
METTL7A_VS_METTL7B,28,28,QUERY,22,LEU,3.960972229138,0.259756942716,0.268496518366,0.895588354980,0.333333333333,MAPPED
METTL7A_VS_METTL7B,28,28,QUERY,26,GLY,5.829546208754,0.000000000000,0.410061376385,0.952325931432,0.000000000000,MAPPED
METTL7A_VS_METTL7B,28,28,QUERY,28,TRP,0.000000000000,1.000000000000,0.143362633673,0.779112545171,0.000000000000,MAPPED
METTL7A_VS_METTL7B,28,28,QUERY,19,LEU,3.445806001504,0.388548499624,0.199944215805,0.843164251215,0.000000000000,MAPPED
METTL7A_VS_METTL7B,28,28,QUERY,30,TRP,5.426308597933,0.000000000000,0.558405838599,0.977012641440,0.833333333333,MAPPED
METTL7A_VS_METTL7B,28,28,QUERY,32,CYS,4.004040584210,0.248989853948,0.069795824075,0.657764974161,0.000000000000,MAPPED
METTL7A_VS_METTL7B,28,28,QUERY,23,ASN,3.460519180701,0.384870204825,0.395597897382,0.948554545916,0.777777777778,MAPPED
METTL7A_VS_METTL7B,28,28,QUERY,27,LEU,3.826640693872,0.293339826532,0.445589966650,0.960304198758,0.666666666667,MAPPED
METTL7A_VS_METTL7B,28,28,QUERY,29,SER,3.853682524547,0.286579368863,0.351636444431,0.934792991184,0.555555555556,MAPPED
METTL7A_VS_METTL7B,29,29,QUERY,32,CYS,4.421100089344,0.144724977664,0.069795824075,0.657764974161,0.000000000000,MAPPED
METTL7A_VS_METTL7B,29,29,QUERY,28,TRP,3.853682524547,0.286579368863,0.143362633673,0.779112545171,0.000000000000,MAPPED
METTL7A_VS_METTL7B,29,29,QUERY,31,ILE,5.559060172367,0.000000000000,0.229185711535,0.868367578198,0.277777777778,MAPPED
METTL7A_VS_METTL7B,29,29,QUERY,27,LEU,5.814072754963,0.000000000000,0.445589966650,0.960304198758,0.666666666667,MAPPED
METTL7A_VS_METTL7B,29,29,QUERY,23,ASN,4.435567494696,0.141108126326,0.395597897382,0.948554545916,0.777777777778,MAPPED
METTL7A_VS_METTL7B,29,29,QUERY,30,TRP,3.832060803275,0.291984799181,0.558405838599,0.977012641440,0.833333333333,MAPPED
METTL7A_VS_METTL7B,29,29,QUERY,26,GLY,5.731093525672,0.000000000000,0.410061376385,0.952325931432,0.000000000000,MAPPED
METTL7A_VS_METTL7B,29,29,QUERY,33,LYS,3.926453998202,0.268386500449,0.279928912434,0.902293643514,0.000000000000,MAPPED
METTL7A_VS_METTL7B,29,29,QUERY,29,SER,0.000000000000,1.000000000000,0.351636444431,0.934792991184,0.555555555556,MAPPED
METTL7A_VS_METTL7B,30,30,QUERY,29,SER,3.832060803275,0.291984799181,0.351636444431,0.934792991184,0.555555555556,MAPPED
METTL7A_VS_METTL7B,30,30,QUERY,28,TRP,5.426308597933,0.000000000000,0.143362633673,0.779112545171,0.000000000000,MAPPED
METTL7A_VS_METTL7B,30,30,QUERY,27,LEU,5.027594056803,0.000000000000,0.445589966650,0.960304198758,0.666666666667,MAPPED
METTL7A_VS_METTL7B,30,30,QUERY,34,LYS,4.273839842577,0.181540039356,0.363278008527,0.938810808571,0.555555555556,MAPPED
METTL7A_VS_METTL7B,30,30,QUERY,33,LYS,4.736627597775,0.065843100556,0.279928912434,0.902293643514,0.000000000000,MAPPED
METTL7A_VS_METTL7B,30,30,QUERY,32,CYS,5.550212788714,0.000000000000,0.069795824075,0.657764974161,0.000000000000,MAPPED
METTL7A_VS_METTL7B,30,30,QUERY,31,ILE,3.811005772759,0.297248556810,0.229185711535,0.868367578198,0.277777777778,MAPPED
METTL7A_VS_METTL7B,30,30,QUERY,30,TRP,0.000000000000,1.000000000000,0.558405838599,0.977012641440,0.833333333333,MAPPED
METTL7A_VS_METTL7B,31,31,QUERY,32,CYS,3.844291091996,0.288927227001,0.069795824075,0.657764974161,0.000000000000,MAPPED
METTL7A_VS_METTL7B,31,31,QUERY,28,TRP,4.189116493964,0.202720876509,0.143362633673,0.779112545171,0.000000000000,MAPPED
METTL7A_VS_METTL7B,31,31,QUERY,35,TRP,3.776830020004,0.305792494999,0.577031134275,0.978892170031,0.444444444444,MAPPED
METTL7A_VS_METTL7B,31,31,QUERY,31,ILE,0.000000000000,1.000000000000,0.229185711535,0.868367578198,0.277777777778,MAPPED
METTL7A_VS_METTL7B,31,31,QUERY,27,LEU,4.553017241347,0.111745689663,0.445589966650,0.960304198758,0.666666666667,MAPPED
METTL7A_VS_METTL7B,31,31,QUERY,34,LYS,4.658197934824,0.085450516294,0.363278008527,0.938810808571,0.555555555556,MAPPED
METTL7A_VS_METTL7B,31,31,QUERY,30,TRP,3.811005772759,0.297248556810,0.558405838599,0.977012641440,0.833333333333,MAPPED
METTL7A_VS_METTL7B,31,31,QUERY,33,LYS,5.634150601466,0.000000000000,0.279928912434,0.902293643514,0.000000000000,MAPPED
METTL7A_VS_METTL7B,31,31,QUERY,29,SER,5.559060172367,0.000000000000,0.351636444431,0.934792991184,0.555555555556,MAPPED
METTL7A_VS_METTL7B,32,32,QUERY,200,ASP,4.119149790916,0.220212552271,0.270434687973,0.896760189050,0.000000000000,MAPPED
METTL7A_VS_METTL7B,32,32,QUERY,31,ILE,3.844291091996,0.288927227001,0.229185711535,0.868367578198,0.277777777778,MAPPED
METTL7A_VS_METTL7B,32,32,QUERY,33,LYS,3.874580880560,0.281354779860,0.279928912434,0.902293643514,0.000000000000,MAPPED
METTL7A_VS_METTL7B,32,32,QUERY,35,TRP,5.073055193865,0.000000000000,0.577031134275,0.978892170031,0.444444444444,MAPPED
METTL7A_VS_METTL7B,32,32,QUERY,28,TRP,4.004040584210,0.248989853948,0.143362633673,0.779112545171,0.000000000000,MAPPED
METTL7A_VS_METTL7B,32,32,QUERY,30,TRP,5.550212788714,0.000000000000,0.558405838599,0.977012641440,0.833333333333,MAPPED
METTL7A_VS_METTL7B,32,32,QUERY,32,CYS,0.000000000000,1.000000000000,0.069795824075,0.657764974161,0.000000000000,MAPPED
METTL7A_VS_METTL7B,32,32,QUERY,34,LYS,5.513469143833,0.000000000000,0.363278008527,0.938810808571,0.555555555556,MAPPED
METTL7A_VS_METTL7B,32,32,QUERY,36,PHE,4.457861707142,0.135534573215,0.120982859179,0.747151391401,0.000000000000,MAPPED
METTL7A_VS_METTL7B,32,32,QUERY,29,SER,4.421100089344,0.144724977664,0.351636444431,0.934792991184,0.555555555556,MAPPED
METTL7A_VS_METTL7B,33,33,QUERY,36,PHE,4.577905525456,0.105523618636,0.120982859179,0.747151391401,0.000000000000,MAPPED
METTL7A_VS_METTL7B,33,33,QUERY,32,CYS,3.874580880560,0.281354779860,0.069795824075,0.657764974161,0.000000000000,MAPPED
METTL7A_VS_METTL7B,33,33,QUERY,35,TRP,5.712762379095,0.000000000000,0.577031134275,0.978892170031,0.444444444444,MAPPED
METTL7A_VS_METTL7B,33,33,QUERY,31,ILE,5.634150601466,0.000000000000,0.229185711535,0.868367578198,0.277777777778,MAPPED
METTL7A_VS_METTL7B,33,33,QUERY,200,ASP,3.866536822533,0.283365794367,0.270434687973,0.896760189050,0.000000000000,MAPPED
METTL7A_VS_METTL7B,33,33,QUERY,34,LYS,3.850710453929,0.287322386518,0.363278008527,0.938810808571,0.555555555556,MAPPED
METTL7A_VS_METTL7B,33,33,QUERY,30,TRP,4.736627597775,0.065843100556,0.558405838599,0.977012641440,0.833333333333,MAPPED
METTL7A_VS_METTL7B,33,33,QUERY,33,LYS,0.000000000000,1.000000000000,0.279928912434,0.902293643514,0.000000000000,MAPPED
METTL7A_VS_METTL7B,33,33,QUERY,29,SER,3.926453998202,0.268386500449,0.351636444431,0.934792991184,0.555555555556,MAPPED
METTL7A_VS_METTL7B,34,34,QUERY,102,ASN,4.055459283484,0.236135179129,0.333986508111,0.928112171442,0.500000000000,MAPPED
METTL7A_VS_METTL7B,34,34,QUERY,36,PHE,5.920757890676,0.000000000000,0.120982859179,0.747151391401,0.000000000000,MAPPED
METTL7A_VS_METTL7B,34,34,QUERY,35,TRP,3.843961108024,0.289009722994,0.577031134275,0.978892170031,0.444444444444,MAPPED
METTL7A_VS_METTL7B,34,34,QUERY,34,LYS,0.000000000000,1.000000000000,0.363278008527,0.938810808571,0.555555555556,MAPPED
METTL7A_VS_METTL7B,34,34,QUERY,33,LYS,3.850710453929,0.287322386518,0.279928912434,0.902293643514,0.000000000000,MAPPED
METTL7A_VS_METTL7B,34,34,QUERY,32,CYS,5.513469143833,0.000000000000,0.069795824075,0.657764974161,0.000000000000,MAPPED
METTL7A_VS_METTL7B,34,34,QUERY,31,ILE,4.658197934824,0.085450516294,0.229185711535,0.868367578198,0.277777777778,MAPPED
METTL7A_VS_METTL7B,34,34,QUERY,30,TRP,4.273839842577,0.181540039356,0.558405838599,0.977012641440,0.833333333333,MAPPED
METTL7A_VS_METTL7B,35,35,QUERY,39,PHE,6.326679776945,0.000000000000,0.301412710856,0.913634302099,0.555555555556,MAPPED
METTL7A_VS_METTL7B,35,35,QUERY,38,TYR,4.169829133190,0.207542716703,0.414785346053,0.953487566638,0.000000000000,MAPPED
METTL7A_VS_METTL7B,35,35,QUERY,36,PHE,3.842428528938,0.289392867765,0.120982859179,0.747151391401,0.000000000000,MAPPED
METTL7A_VS_METTL7B,35,35,QUERY,35,TRP,0.000000000000,1.000000000000,0.577031134275,0.978892170031,0.444444444444,MAPPED
METTL7A_VS_METTL7B,35,35,QUERY,34,LYS,3.843961108024,0.289009722994,0.363278008527,0.938810808571,0.555555555556,MAPPED
METTL7A_VS_METTL7B,35,35,QUERY,33,LYS,5.712762379095,0.000000000000,0.279928912434,0.902293643514,0.000000000000,MAPPED
METTL7A_VS_METTL7B,35,35,QUERY,32,CYS,5.073055193865,0.000000000000,0.069795824075,0.657764974161,0.000000000000,MAPPED
METTL7A_VS_METTL7B,35,35,QUERY,31,ILE,3.776830020004,0.305792494999,0.229185711535,0.868367578198,0.277777777778,MAPPED
METTL7A_VS_METTL7B,36,36,QUERY,40,LEU,4.078842728030,0.230289317993,0.142817297003,0.778381998683,0.333333333333,MAPPED
METTL7A_VS_METTL7B,36,36,QUERY,39,PHE,3.824106300824,0.293973424794,0.301412710856,0.913634302099,0.555555555556,MAPPED
METTL7A_VS_METTL7B,36,36,QUERY,38,TYR,5.449619619753,0.000000000000,0.414785346053,0.953487566638,0.000000000000,MAPPED
METTL7A_VS_METTL7B,36,36,QUERY,36,PHE,0.000000000000,1.000000000000,0.120982859179,0.747151391401,0.000000000000,MAPPED
METTL7A_VS_METTL7B,36,36,QUERY,35,TRP,3.842428528938,0.289392867765,0.577031134275,0.978892170031,0.444444444444,MAPPED
METTL7A_VS_METTL7B,36,36,QUERY,34,LYS,5.920757890676,0.000000000000,0.363278008527,0.938810808571,0.555555555556,MAPPED
METTL7A_VS_METTL7B,36,36,QUERY,33,LYS,4.577905525456,0.105523618636,0.279928912434,0.902293643514,0.000000000000,MAPPED
METTL7A_VS_METTL7B,36,36,QUERY,32,CYS,4.457861707142,0.135534573215,0.069795824075,0.657764974161,0.000000000000,MAPPED
METTL7A_VS_METTL7B,38,38,QUERY,35,TRP,4.169829133190,0.207542716703,0.577031134275,0.978892170031,0.444444444444,MAPPED
METTL7A_VS_METTL7B,38,38,QUERY,40,LEU,5.510877697790,0.000000000000,0.142817297003,0.778381998683,0.333333333333,MAPPED
METTL7A_VS_METTL7B,38,38,QUERY,36,PHE,5.449619619753,0.000000000000,0.120982859179,0.747151391401,0.000000000000,MAPPED
METTL7A_VS_METTL7B,38,38,QUERY,41,VAL,4.021719657062,0.244570085734,0.256693919224,0.888127322436,0.555555555556,MAPPED
METTL7A_VS_METTL7B,38,38,QUERY,42,ARG,6.017295571933,0.000000000000,0.638376358810,0.983916559684,0.944444444444,MAPPED
METTL7A_VS_METTL7B,38,38,QUERY,38,TYR,0.000000000000,1.000000000000,0.414785346053,0.953487566638,0.000000000000,MAPPED
METTL7A_VS_METTL7B,38,38,QUERY,39,PHE,3.809402184070,0.297649453982,0.301412710856,0.913634302099,0.555555555556,MAPPED
METTL7A_VS_METTL7B,39,39,QUERY,43,PHE,4.052289352946,0.236927661763,0.196121114495,0.839508794984,0.555555555556,MAPPED
METTL7A_VS_METTL7B,39,39,QUERY,42,ARG,5.110992173737,0.000000000000,0.638376358810,0.983916559684,0.944444444444,MAPPED
METTL7A_VS_METTL7B,39,39,QUERY,41,VAL,5.564934860356,0.000000000000,0.256693919224,0.888127322436,0.555555555556,MAPPED
METTL7A_VS_METTL7B,39,39,QUERY,40,LEU,3.829820622431,0.292544844392,0.142817297003,0.778381998683,0.333333333333,MAPPED
METTL7A_VS_METTL7B,39,39,QUERY,39,PHE,0.000000000000,1.000000000000,0.301412710856,0.913634302099,0.555555555556,MAPPED
METTL7A_VS_METTL7B,39,39,QUERY,38,TYR,3.809402184070,0.297649453982,0.414785346053,0.953487566638,0.000000000000,MAPPED
METTL7A_VS_METTL7B,39,39,QUERY,36,PHE,3.824106300824,0.293973424794,0.120982859179,0.747151391401,0.000000000000,MAPPED
METTL7A_VS_METTL7B,39,39,QUERY,35,TRP,6.326679776945,0.000000000000,0.577031134275,0.978892170031,0.444444444444,MAPPED
METTL7A_VS_METTL7B,40,40,QUERY,44,THR,3.838885385109,0.290278653723,0.139564140807,0.773975020814,0.000000000000,MAPPED
METTL7A_VS_METTL7B,40,40,QUERY,43,PHE,3.946797309212,0.263300672697,0.196121114495,0.839508794984,0.555555555556,MAPPED
METTL7A_VS_METTL7B,40,40,QUERY,42,ARG,5.384837416301,0.000000000000,0.638376358810,0.983916559684,0.944444444444,MAPPED
METTL7A_VS_METTL7B,40,40,QUERY,41,VAL,3.868190016015,0.282952495996,0.256693919224,0.888127322436,0.555555555556,MAPPED
METTL7A_VS_METTL7B,40,40,QUERY,40,LEU,0.000000000000,1.000000000000,0.142817297003,0.778381998683,0.333333333333,MAPPED
METTL7A_VS_METTL7B,40,40,QUERY,39,PHE,3.829820622431,0.292544844392,0.301412710856,0.913634302099,0.555555555556,MAPPED
METTL7A_VS_METTL7B,40,40,QUERY,38,TYR,5.510877697790,0.000000000000,0.414785346053,0.953487566638,0.000000000000,MAPPED
METTL7A_VS_METTL7B,40,40,QUERY,36,PHE,4.078842728030,0.230289317993,0.120982859179,0.747151391401,0.000000000000,MAPPED
METTL7A_VS_METTL7B,41,41,QUERY,43,PHE,5.628201933122,0.000000000000,0.196121114495,0.839508794984,0.555555555556,MAPPED
METTL7A_VS_METTL7B,41,41,QUERY,39,PHE,5.564934860356,0.000000000000,0.301412710856,0.913634302099,0.555555555556,MAPPED
METTL7A_VS_METTL7B,41,41,QUERY,42,ARG,3.868513926561,0.282871518360,0.638376358810,0.983916559684,0.944444444444,MAPPED
METTL7A_VS_METTL7B,41,41,QUERY,38,TYR,4.021719657062,0.244570085734,0.414785346053,0.953487566638,0.000000000000,MAPPED
METTL7A_VS_METTL7B,41,41,QUERY,45,VAL,5.691187398074,0.000000000000,0.521319471588,0.972647474853,0.777777777778,MAPPED
METTL7A_VS_METTL7B,41,41,QUERY,81,THR,3.955187606170,0.261203098458,0.082845590859,0.682778665954,0.000000000000,MAPPED
METTL7A_VS_METTL7B,41,41,QUERY,41,VAL,0.000000000000,1.000000000000,0.256693919224,0.888127322436,0.555555555556,MAPPED
METTL7A_VS_METTL7B,41,41,QUERY,44,THR,4.434874293596,0.141281426601,0.139564140807,0.773975020814,0.000000000000,MAPPED
METTL7A_VS_METTL7B,41,41,QUERY,40,LEU,3.868190016015,0.282952495996,0.142817297003,0.778381998683,0.333333333333,MAPPED
METTL7A_VS_METTL7B,42,42,QUERY,43,PHE,3.814737867796,0.296315533051,0.196121114495,0.839508794984,0.555555555556,MAPPED
METTL7A_VS_METTL7B,42,42,QUERY,39,PHE,5.110992173737,0.000000000000,0.301412710856,0.913634302099,0.555555555556,MAPPED
METTL7A_VS_METTL7B,42,42,QUERY,46,ILE,5.865241597752,0.000000000000,0.412534280762,0.952938170820,0.944444444444,MAPPED
METTL7A_VS_METTL7B,42,42,QUERY,42,ARG,0.000000000000,1.000000000000,0.638376358810,0.983916559684,0.944444444444,MAPPED
METTL7A_VS_METTL7B,42,42,QUERY,38,TYR,6.017295571933,0.000000000000,0.414785346053,0.953487566638,0.000000000000,MAPPED
METTL7A_VS_METTL7B,42,42,QUERY,45,VAL,4.909877697051,0.022530575737,0.521319471588,0.972647474853,0.777777777778,MAPPED
METTL7A_VS_METTL7B,42,42,QUERY,41,VAL,3.868513926561,0.282871518360,0.256693919224,0.888127322436,0.555555555556,MAPPED
METTL7A_VS_METTL7B,42,42,QUERY,44,THR,5.463194212180,0.000000000000,0.139564140807,0.773975020814,0.000000000000,MAPPED
METTL7A_VS_METTL7B,42,42,QUERY,40,LEU,5.384837416301,0.000000000000,0.142817297003,0.778381998683,0.333333333333,MAPPED
METTL7A_VS_METTL7B,43,43,QUERY,45,VAL,5.535284726191,0.000000000000,0.521319471588,0.972647474853,0.777777777778,MAPPED
METTL7A_VS_METTL7B,43,43,QUERY,44,THR,3.863884832652,0.284028791837,0.139564140807,0.773975020814,0.000000000000,MAPPED
METTL7A_VS_METTL7B,43,43,QUERY,43,PHE,0.000000000000,1.000000000000,0.196121114495,0.839508794984,0.555555555556,MAPPED
METTL7A_VS_METTL7B,43,43,QUERY,42,ARG,3.814737867796,0.296315533051,0.638376358810,0.983916559684,0.944444444444,MAPPED
METTL7A_VS_METTL7B,43,43,QUERY,41,VAL,5.628201933122,0.000000000000,0.256693919224,0.888127322436,0.555555555556,MAPPED
METTL7A_VS_METTL7B,43,43,QUERY,40,LEU,3.946797309212,0.263300672697,0.142817297003,0.778381998683,0.333333333333,MAPPED
METTL7A_VS_METTL7B,43,43,QUERY,39,PHE,4.052289352946,0.236927661763,0.301412710856,0.913634302099,0.555555555556,MAPPED
METTL7A_VS_METTL7B,43,43,QUERY,46,ILE,4.859625088420,0.035093727895,0.412534280762,0.952938170820,0.944444444444,MAPPED
METTL7A_VS_METTL7B,43,43,SUBJECT_ONLY,47,SER,5.912010148841,0.000000000000,0.111069093464,0.731649906902,1.000000000000,SUBJECT_ONLY
METTL7A_VS_METTL7B,44,44,QUERY,43,PHE,3.863884832652,0.284028791837,0.196121114495,0.839508794984,0.555555555556,MAPPED
METTL7A_VS_METTL7B,44,44,QUERY,46,ILE,5.558904388456,0.000000000000,0.412534280762,0.952938170820,0.944444444444,MAPPED
METTL7A_VS_METTL7B,44,44,QUERY,42,ARG,5.463194212180,0.000000000000,0.638376358810,0.983916559684,0.944444444444,MAPPED
METTL7A_VS_METTL7B,44,44,QUERY,45,VAL,3.853868056901,0.286532985775,0.521319471588,0.972647474853,0.777777777778,MAPPED
METTL7A_VS_METTL7B,44,44,QUERY,41,VAL,4.434874293596,0.141281426601,0.256693919224,0.888127322436,0.555555555556,MAPPED
METTL7A_VS_METTL7B,44,44,QUERY,48,ASN,3.791912446247,0.302021888438,0.078532997532,0.674681808767,0.000000000000,MAPPED
METTL7A_VS_METTL7B,44,44,QUERY,44,THR,0.000000000000,1.000000000000,0.139564140807,0.773975020814,0.000000000000,MAPPED
METTL7A_VS_METTL7B,44,44,QUERY,40,LEU,3.838885385109,0.290278653723,0.142817297003,0.778381998683,0.333333333333,MAPPED
METTL7A_VS_METTL7B,44,44,QUERY,83,ALA,3.343281322294,0.414179669426,0.147733325229,0.784883387407,0.000000000000,MAPPED
METTL7A_VS_METTL7B,44,44,SUBJECT_ONLY,47,SER,4.312313648148,0.171921587963,0.111069093464,0.731649906902,1.000000000000,SUBJECT_ONLY
METTL7A_VS_METTL7B,45,45,QUERY,45,VAL,0.000000000000,1.000000000000,0.521319471588,0.972647474853,0.777777777778,MAPPED
METTL7A_VS_METTL7B,45,45,QUERY,44,THR,3.853868056901,0.286532985775,0.139564140807,0.773975020814,0.000000000000,MAPPED
METTL7A_VS_METTL7B,45,45,QUERY,43,PHE,5.535284726191,0.000000000000,0.196121114495,0.839508794984,0.555555555556,MAPPED
METTL7A_VS_METTL7B,45,45,QUERY,42,ARG,4.909877697051,0.022530575737,0.638376358810,0.983916559684,0.944444444444,MAPPED
METTL7A_VS_METTL7B,45,45,QUERY,41,VAL,5.691187398074,0.000000000000,0.256693919224,0.888127322436,0.555555555556,MAPPED
METTL7A_VS_METTL7B,45,45,QUERY,49,GLU,5.314815612982,0.000000000000,0.668113173789,0.985834579858,0.555555555556,MAPPED
METTL7A_VS_METTL7B,45,45,QUERY,48,ASN,4.661603801268,0.084599049683,0.078532997532,0.674681808767,0.000000000000,MAPPED
METTL7A_VS_METTL7B,45,45,QUERY,46,ILE,3.844024063400,0.288993984150,0.412534280762,0.952938170820,0.944444444444,MAPPED
METTL7A_VS_METTL7B,45,45,SUBJECT_ONLY,47,SER,5.457663511064,0.000000000000,0.111069093464,0.731649906902,1.000000000000,SUBJECT_ONLY
METTL7A_VS_METTL7B,46,46,QUERY,45,VAL,3.844024063400,0.288993984150,0.521319471588,0.972647474853,0.777777777778,MAPPED
METTL7A_VS_METTL7B,46,46,QUERY,44,THR,5.558904388456,0.000000000000,0.139564140807,0.773975020814,0.000000000000,MAPPED
METTL7A_VS_METTL7B,46,46,QUERY,43,PHE,4.859625088420,0.035093727895,0.196121114495,0.839508794984,0.555555555556,MAPPED
METTL7A_VS_METTL7B,46,46,QUERY,42,ARG,5.865241597752,0.000000000000,0.638376358810,0.983916559684,0.944444444444,MAPPED
METTL7A_VS_METTL7B,46,46,QUERY,50,GLN,3.854725541462,0.286318614634,0.311046038834,0.918233463888,0.444444444444,MAPPED
METTL7A_VS_METTL7B,46,46,QUERY,49,GLU,4.458886071655,0.135278482086,0.668113173789,0.985834579858,0.555555555556,MAPPED
METTL7A_VS_METTL7B,46,46,QUERY,48,ASN,5.492033685257,0.000000000000,0.078532997532,0.674681808767,0.000000000000,MAPPED
METTL7A_VS_METTL7B,46,46,QUERY,46,ILE,0.000000000000,1.000000000000,0.412534280762,0.952938170820,0.944444444444,MAPPED
METTL7A_VS_METTL7B,46,46,SUBJECT_ONLY,47,SER,3.821372659137,0.294656835216,0.111069093464,0.731649906902,1.000000000000,SUBJECT_ONLY
METTL7A_VS_METTL7B,48,48,QUERY,49,GLU,3.834623058398,0.291344235400,0.668113173789,0.985834579858,0.555555555556,MAPPED
METTL7A_VS_METTL7B,48,48,QUERY,45,VAL,4.661603801268,0.084599049683,0.521319471588,0.972647474853,0.777777777778,MAPPED
METTL7A_VS_METTL7B,48,48,QUERY,50,GLN,5.545955913997,0.000000000000,0.311046038834,0.918233463888,0.444444444444,MAPPED
METTL7A_VS_METTL7B,48,48,QUERY,46,ILE,5.492033685257,0.000000000000,0.412534280762,0.952938170820,0.944444444444,MAPPED
METTL7A_VS_METTL7B,48,48,QUERY,52,ALA,5.298695028023,0.000000000000,0.123298364398,0.750650775009,0.666666666667,MAPPED
METTL7A_VS_METTL7B,48,48,QUERY,48,ASN,0.000000000000,1.000000000000,0.078532997532,0.674681808767,0.000000000000,MAPPED
METTL7A_VS_METTL7B,48,48,QUERY,44,THR,3.791912446247,0.302021888438,0.139564140807,0.773975020814,0.000000000000,MAPPED
METTL7A_VS_METTL7B,48,48,SUBJECT_ONLY,51,MET,4.737967813314,0.065508046671,0.060758174160,0.639549240906,1.000000000000,SUBJECT_ONLY
METTL7A_VS_METTL7B,48,48,SUBJECT_ONLY,47,SER,3.841903044066,0.289524238984,0.111069093464,0.731649906902,1.000000000000,SUBJECT_ONLY
METTL7A_VS_METTL7B,49,49,QUERY,46,ILE,4.458886071655,0.135278482086,0.412534280762,0.952938170820,0.944444444444,MAPPED
METTL7A_VS_METTL7B,49,49,QUERY,48,ASN,3.834623058398,0.291344235400,0.078532997532,0.674681808767,0.000000000000,MAPPED
METTL7A_VS_METTL7B,49,49,QUERY,50,GLN,3.847400810937,0.288149797266,0.311046038834,0.918233463888,0.444444444444,MAPPED
METTL7A_VS_METTL7B,49,49,QUERY,45,VAL,5.314815612982,0.000000000000,0.521319471588,0.972647474853,0.777777777778,MAPPED
METTL7A_VS_METTL7B,49,49,QUERY,52,ALA,4.586556551488,0.103360862128,0.123298364398,0.750650775009,0.666666666667,MAPPED
METTL7A_VS_METTL7B,49,49,QUERY,49,GLU,0.000000000000,1.000000000000,0.668113173789,0.985834579858,0.555555555556,MAPPED
METTL7A_VS_METTL7B,49,49,SUBJECT_ONLY,51,MET,5.636056777571,0.000000000000,0.060758174160,0.639549240906,1.000000000000,SUBJECT_ONLY
METTL7A_VS_METTL7B,49,49,SUBJECT_ONLY,47,SER,5.607483838586,0.000000000000,0.111069093464,0.731649906902,1.000000000000,SUBJECT_ONLY
METTL7A_VS_METTL7B,50,50,QUERY,49,GLU,3.847400810937,0.288149797266,0.668113173789,0.985834579858,0.555555555556,MAPPED
METTL7A_VS_METTL7B,50,50,QUERY,50,GLN,0.000000000000,1.000000000000,0.311046038834,0.918233463888,0.444444444444,MAPPED
METTL7A_VS_METTL7B,50,50,QUERY,46,ILE,3.854725541462,0.286318614634,0.412534280762,0.952938170820,0.944444444444,MAPPED
METTL7A_VS_METTL7B,50,50,QUERY,228,PRO,4.588885376646,0.102778655838,0.459666082598,0.963026748702,0.000000000000,MAPPED
METTL7A_VS_METTL7B,50,50,QUERY,229,LEU,3.240933507494,0.439766623126,0.066619855240,0.651446298863,0.000000000000,MAPPED
METTL7A_VS_METTL7B,50,50,QUERY,52,ALA,5.753776325162,0.000000000000,0.123298364398,0.750650775009,0.666666666667,MAPPED
METTL7A_VS_METTL7B,50,50,QUERY,48,ASN,5.545955913997,0.000000000000,0.078532997532,0.674681808767,0.000000000000,MAPPED
METTL7A_VS_METTL7B,50,50,SUBJECT_ONLY,51,MET,3.829656642573,0.292585839357,0.060758174160,0.639549240906,1.000000000000,SUBJECT_ONLY
METTL7A_VS_METTL7B,50,50,SUBJECT_ONLY,47,SER,4.851562325684,0.037109418579,0.111069093464,0.731649906902,1.000000000000,SUBJECT_ONLY
METTL7A_VS_METTL7B,52,52,QUERY,49,GLU,4.586556551488,0.103360862128,0.668113173789,0.985834579858,0.555555555556,MAPPED
METTL7A_VS_METTL7B,52,52,QUERY,54,LYS,5.574491366932,0.000000000000,0.244140882145,0.879543187463,0.000000000000,MAPPED
METTL7A_VS_METTL7B,52,52,QUERY,50,GLN,5.753776325162,0.000000000000,0.311046038834,0.918233463888,0.444444444444,MAPPED
METTL7A_VS_METTL7B,52,52,QUERY,56,ARG,4.465722337987,0.133569415503,0.579992227978,0.979173958680,0.000000000000,MAPPED
METTL7A_VS_METTL7B,52,52,QUERY,52,ALA,0.000000000000,1.000000000000,0.123298364398,0.750650775009,0.666666666667,MAPPED
METTL7A_VS_METTL7B,52,52,QUERY,48,ASN,5.298695028023,0.000000000000,0.078532997532,0.674681808767,0.000000000000,MAPPED
METTL7A_VS_METTL7B,52,52,QUERY,53,SER,3.847114373137,0.288221406716,0.548160324472,0.975894599380,0.000000000000,MAPPED
METTL7A_VS_METTL7B,52,52,SUBJECT_ONLY,51,MET,3.840207937078,0.289948015730,0.060758174160,0.639549240906,1.000000000000,SUBJECT_ONLY
METTL7A_VS_METTL7B,53,53,QUERY,52,ALA,3.847114373137,0.288221406716,0.123298364398,0.750650775009,0.666666666667,MAPPED
METTL7A_VS_METTL7B,53,53,QUERY,53,SER,0.000000000000,1.000000000000,0.548160324472,0.975894599380,0.000000000000,MAPPED
METTL7A_VS_METTL7B,53,53,QUERY,54,LYS,3.844944863064,0.288763784234,0.244140882145,0.879543187463,0.000000000000,MAPPED
METTL7A_VS_METTL7B,53,53,QUERY,56,ARG,4.583322266653,0.104169433337,0.579992227978,0.979173958680,0.000000000000,MAPPED
METTL7A_VS_METTL7B,53,53,QUERY,57,GLU,5.406804046754,0.000000000000,0.437435840286,0.958620159555,0.000000000000,MAPPED
METTL7A_VS_METTL7B,53,53,SUBJECT_ONLY,51,MET,5.790046977357,0.000000000000,0.060758174160,0.639549240906,1.000000000000,SUBJECT_ONLY
METTL7A_VS_METTL7B,54,54,QUERY,58,LEU,5.520923201784,0.000000000000,0.055838620587,0.629331383841,0.000000000000,MAPPED
METTL7A_VS_METTL7B,54,54,QUERY,53,SER,3.844944863064,0.288763784234,0.548160324472,0.975894599380,0.000000000000,MAPPED
METTL7A_VS_METTL7B,54,54,QUERY,57,GLU,2.756206269494,0.560948432626,0.437435840286,0.958620159555,0.000000000000,MAPPED
METTL7A_VS_METTL7B,54,54,QUERY,52,ALA,5.574491366932,0.000000000000,0.123298364398,0.750650775009,0.666666666667,MAPPED
METTL7A_VS_METTL7B,54,54,QUERY,54,LYS,0.000000000000,1.000000000000,0.244140882145,0.879543187463,0.000000000000,MAPPED
METTL7A_VS_METTL7B,54,54,QUERY,56,ARG,5.459056420298,0.000000000000,0.579992227978,0.979173958680,0.000000000000,MAPPED
METTL7A_VS_METTL7B,54,54,SUBJECT_ONLY,51,MET,4.063153947367,0.234211513158,0.060758174160,0.639549240906,1.000000000000,SUBJECT_ONLY
METTL7A_VS_METTL7B,56,56,QUERY,60,SER,5.578439656391,0.000000000000,0.640218443745,0.984043992655,0.000000000000,MAPPED
METTL7A_VS_METTL7B,56,56,QUERY,58,LEU,5.514029107649,0.000000000000,0.055838620587,0.629331383841,0.000000000000,MAPPED
METTL7A_VS_METTL7B,56,56,QUERY,57,GLU,3.828721196431,0.292819700892,0.437435840286,0.958620159555,0.000000000000,MAPPED
METTL7A_VS_METTL7B,56,56,QUERY,56,ARG,0.000000000000,1.000000000000,0.579992227978,0.979173958680,0.000000000000,MAPPED
METTL7A_VS_METTL7B,56,56,QUERY,87,PHE,3.829578305767,0.292605423558,0.117497730336,0.741798330956,0.000000000000,MAPPED
METTL7A_VS_METTL7B,56,56,QUERY,54,LYS,5.459056420298,0.000000000000,0.244140882145,0.879543187463,0.000000000000,MAPPED
METTL7A_VS_METTL7B,56,56,QUERY,53,SER,4.583322266653,0.104169433337,0.548160324472,0.975894599380,0.000000000000,MAPPED
METTL7A_VS_METTL7B,56,56,QUERY,52,ALA,4.465722337987,0.133569415503,0.123298364398,0.750650775009,0.666666666667,MAPPED
METTL7A_VS_METTL7B,57,57,QUERY,58,LEU,3.847842642313,0.288039339422,0.055838620587,0.629331383841,0.000000000000,MAPPED
METTL7A_VS_METTL7B,57,57,QUERY,53,SER,5.406804046754,0.000000000000,0.548160324472,0.975894599380,0.000000000000,MAPPED
METTL7A_VS_METTL7B,57,57,QUERY,60,SER,4.218712362795,0.195321909301,0.640218443745,0.984043992655,0.000000000000,MAPPED
METTL7A_VS_METTL7B,57,57,QUERY,57,GLU,0.000000000000,1.000000000000,0.437435840286,0.958620159555,0.000000000000,MAPPED
METTL7A_VS_METTL7B,57,57,QUERY,54,LYS,2.756206269494,0.560948432626,0.244140882145,0.879543187463,0.000000000000,MAPPED
METTL7A_VS_METTL7B,57,57,QUERY,56,ARG,3.828721196431,0.292819700892,0.579992227978,0.979173958680,0.000000000000,MAPPED
METTL7A_VS_METTL7B,58,58,QUERY,58,LEU,0.000000000000,1.000000000000,0.055838620587,0.629331383841,0.000000000000,MAPPED
METTL7A_VS_METTL7B,58,58,QUERY,60,SER,5.297102132298,0.000000000000,0.640218443745,0.984043992655,0.000000000000,MAPPED
METTL7A_VS_METTL7B,58,58,QUERY,240,GLY,3.617693602283,0.345576599429,0.091199827516,0.697986890838,1.000000000000,QUERY_ONLY
METTL7A_VS_METTL7B,58,58,QUERY,57,GLU,3.847842642313,0.288039339422,0.437435840286,0.958620159555,0.000000000000,MAPPED
METTL7A_VS_METTL7B,58,58,QUERY,54,LYS,5.520923201784,0.000000000000,0.244140882145,0.879543187463,0.000000000000,MAPPED
METTL7A_VS_METTL7B,58,58,QUERY,56,ARG,5.514029107649,0.000000000000,0.579992227978,0.979173958680,0.000000000000,MAPPED
METTL7A_VS_METTL7B,60,60,QUERY,58,LEU,5.297102132298,0.000000000000,0.055838620587,0.629331383841,0.000000000000,MAPPED
METTL7A_VS_METTL7B,60,60,QUERY,60,SER,0.000000000000,1.000000000000,0.640218443745,0.984043992655,0.000000000000,MAPPED
METTL7A_VS_METTL7B,60,60,QUERY,61,ASN,3.835154234187,0.291211441453,0.115193512431,0.738201919873,0.555555555556,MAPPED
METTL7A_VS_METTL7B,60,60,QUERY,56,ARG,5.578439656391,0.000000000000,0.579992227978,0.979173958680,0.000000000000,MAPPED
METTL7A_VS_METTL7B,60,60,QUERY,57,GLU,4.218712362795,0.195321909301,0.437435840286,0.958620159555,0.000000000000,MAPPED
METTL7A_VS_METTL7B,61,61,QUERY,63,GLN,5.521234825653,0.000000000000,0.405472390927,0.951165146779,0.444444444444,MAPPED
METTL7A_VS_METTL7B,61,61,QUERY,61,ASN,0.000000000000,1.000000000000,0.115193512431,0.738201919873,0.555555555556,MAPPED
METTL7A_VS_METTL7B,61,61,QUERY,60,SER,3.835154234187,0.291211441453,0.640218443745,0.984043992655,0.000000000000,MAPPED
METTL7A_VS_METTL7B,61,61,QUERY,64,GLU,3.545583872933,0.363604031767,0.737850665502,0.989361903330,0.777777777778,MAPPED
METTL7A_VS_METTL7B,63,63,QUERY,65,PHE,5.314396390937,0.000000000000,0.100819049316,0.714721801832,0.555555555556,MAPPED
METTL7A_VS_METTL7B,63,63,QUERY,89,PRO,3.748777000570,0.312805749858,0.132584395185,0.764232826073,1.000000000000,QUERY_ONLY
METTL7A_VS_METTL7B,63,63,QUERY,64,GLU,3.872795114643,0.281801221339,0.737850665502,0.989361903330,0.777777777778,MAPPED
METTL7A_VS_METTL7B,63,63,QUERY,66,ALA,3.497268362594,0.375682909352,0.201307536799,0.844446547361,0.555555555556,MAPPED
METTL7A_VS_METTL7B,63,63,QUERY,61,ASN,5.521234825653,0.000000000000,0.115193512431,0.738201919873,0.555555555556,MAPPED
METTL7A_VS_METTL7B,63,63,QUERY,63,GLN,0.000000000000,1.000000000000,0.405472390927,0.951165146779,0.444444444444,MAPPED
METTL7A_VS_METTL7B,64,64,QUERY,61,ASN,3.545583872933,0.363604031767,0.115193512431,0.738201919873,0.555555555556,MAPPED
METTL7A_VS_METTL7B,64,64,QUERY,63,GLN,3.872795114643,0.281801221339,0.405472390927,0.951165146779,0.444444444444,MAPPED
METTL7A_VS_METTL7B,64,64,QUERY,64,GLU,0.000000000000,1.000000000000,0.737850665502,0.989361903330,0.777777777778,MAPPED
METTL7A_VS_METTL7B,64,64,QUERY,65,PHE,3.848707185536,0.287823203616,0.100819049316,0.714721801832,0.555555555556,MAPPED
METTL7A_VS_METTL7B,64,64,QUERY,66,ALA,5.652300151266,0.000000000000,0.201307536799,0.844446547361,0.555555555556,MAPPED
METTL7A_VS_METTL7B,65,65,QUERY,65,PHE,0.000000000000,1.000000000000,0.100819049316,0.714721801832,0.555555555556,MAPPED
METTL7A_VS_METTL7B,65,65,QUERY,67,GLY,6.238163912563,0.000000000000,0.094887204517,0.704499810570,0.000000000000,MAPPED
METTL7A_VS_METTL7B,65,65,QUERY,139,ASP,5.151106094811,0.000000000000,0.050743644178,0.618528407337,0.000000000000,MAPPED
METTL7A_VS_METTL7B,65,65,QUERY,64,GLU,3.848707185536,0.287823203616,0.737850665502,0.989361903330,0.777777777778,MAPPED
METTL7A_VS_METTL7B,65,65,QUERY,66,ALA,3.848048076623,0.287987980844,0.201307536799,0.844446547361,0.555555555556,MAPPED
METTL7A_VS_METTL7B,65,65,QUERY,63,GLN,5.314396390937,0.000000000000,0.405472390927,0.951165146779,0.444444444444,MAPPED
METTL7A_VS_METTL7B,65,65,SUBJECT_ONLY,72,VAL,4.752216009400,0.061945997650,0.084137055328,0.685170761726,1.000000000000,SUBJECT_ONLY
METTL7A_VS_METTL7B,66,66,QUERY,68,PRO,6.662837383578,0.000000000000,0.824578943434,0.992394198200,0.666666666667,MAPPED
METTL7A_VS_METTL7B,66,66,QUERY,64,GLU,5.652300151266,0.000000000000,0.737850665502,0.989361903330,0.777777777778,MAPPED
METTL7A_VS_METTL7B,66,66,QUERY,71,LYS,5.189007034106,0.000000000000,0.412066309987,0.952823014169,0.000000000000,MAPPED
METTL7A_VS_METTL7B,66,66,QUERY,67,GLY,3.825416447918,0.293645888021,0.094887204517,0.704499810570,0.000000000000,MAPPED
METTL7A_VS_METTL7B,66,66,QUERY,139,ASP,4.140491999751,0.214877000062,0.050743644178,0.618528407337,0.000000000000,MAPPED
METTL7A_VS_METTL7B,66,66,QUERY,63,GLN,3.497268362594,0.375682909352,0.405472390927,0.951165146779,0.444444444444,MAPPED
METTL7A_VS_METTL7B,66,66,QUERY,70,GLY,4.740467276546,0.064883180864,0.457155624466,0.962557575767,0.000000000000,MAPPED
METTL7A_VS_METTL7B,66,66,QUERY,66,ALA,0.000000000000,1.000000000000,0.201307536799,0.844446547361,0.555555555556,MAPPED
METTL7A_VS_METTL7B,66,66,QUERY,65,PHE,3.848048076623,0.287987980844,0.100819049316,0.714721801832,0.555555555556,MAPPED
METTL7A_VS_METTL7B,66,66,SUBJECT_ONLY,72,VAL,5.126167866935,0.000000000000,0.084137055328,0.685170761726,1.000000000000,SUBJECT_ONLY
METTL7A_VS_METTL7B,67,67,QUERY,139,ASP,3.174883462428,0.456279134393,0.050743644178,0.618528407337,0.000000000000,MAPPED
METTL7A_VS_METTL7B,67,67,QUERY,71,LYS,6.982671838201,0.000000000000,0.412066309987,0.952823014169,0.000000000000,MAPPED
METTL7A_VS_METTL7B,67,67,QUERY,70,GLY,5.807837979834,0.000000000000,0.457155624466,0.962557575767,0.000000000000,MAPPED
METTL7A_VS_METTL7B,67,67,QUERY,69,SER,5.284649751876,0.000000000000,0.535371084222,0.974407628137,0.000000000000,MAPPED
METTL7A_VS_METTL7B,67,67,QUERY,68,PRO,2.897843508542,0.525539122864,0.824578943434,0.992394198200,0.666666666667,MAPPED
METTL7A_VS_METTL7B,67,67,QUERY,67,GLY,0.000000000000,1.000000000000,0.094887204517,0.704499810570,0.000000000000,MAPPED
METTL7A_VS_METTL7B,67,67,QUERY,66,ALA,3.825416447918,0.293645888021,0.201307536799,0.844446547361,0.555555555556,MAPPED
METTL7A_VS_METTL7B,67,67,QUERY,65,PHE,6.238163912563,0.000000000000,0.100819049316,0.714721801832,0.555555555556,MAPPED
METTL7A_VS_METTL7B,67,67,SUBJECT_ONLY,72,VAL,4.715671214154,0.071082196462,0.084137055328,0.685170761726,1.000000000000,SUBJECT_ONLY
METTL7A_VS_METTL7B,68,68,QUERY,68,PRO,0.000000000000,1.000000000000,0.824578943434,0.992394198200,0.666666666667,MAPPED
METTL7A_VS_METTL7B,68,68,QUERY,69,SER,3.855637301407,0.286090674648,0.535371084222,0.974407628137,0.000000000000,MAPPED
METTL7A_VS_METTL7B,68,68,QUERY,70,GLY,5.396824344001,0.000000000000,0.457155624466,0.962557575767,0.000000000000,MAPPED
METTL7A_VS_METTL7B,68,68,QUERY,66,ALA,6.662837383578,0.000000000000,0.201307536799,0.844446547361,0.555555555556,MAPPED
METTL7A_VS_METTL7B,68,68,QUERY,67,GLY,2.897843508542,0.525539122864,0.094887204517,0.704499810570,0.000000000000,MAPPED
METTL7A_VS_METTL7B,69,69,QUERY,68,PRO,3.855637301407,0.286090674648,0.824578943434,0.992394198200,0.666666666667,MAPPED
METTL7A_VS_METTL7B,69,69,QUERY,69,SER,0.000000000000,1.000000000000,0.535371084222,0.974407628137,0.000000000000,MAPPED
METTL7A_VS_METTL7B,69,69,QUERY,70,GLY,3.872165027475,0.281958743131,0.457155624466,0.962557575767,0.000000000000,MAPPED
METTL7A_VS_METTL7B,69,69,QUERY,71,LYS,4.006285686269,0.248428578433,0.412066309987,0.952823014169,0.000000000000,MAPPED
METTL7A_VS_METTL7B,69,69,QUERY,67,GLY,5.284649751876,0.000000000000,0.094887204517,0.704499810570,0.000000000000,MAPPED
METTL7A_VS_METTL7B,70,70,QUERY,70,GLY,0.000000000000,1.000000000000,0.457155624466,0.962557575767,0.000000000000,MAPPED
METTL7A_VS_METTL7B,70,70,QUERY,67,GLY,5.807837979834,0.000000000000,0.094887204517,0.704499810570,0.000000000000,MAPPED
METTL7A_VS_METTL7B,70,70,QUERY,69,SER,3.872165027475,0.281958743131,0.535371084222,0.974407628137,0.000000000000,MAPPED
METTL7A_VS_METTL7B,70,70,QUERY,71,LYS,3.868977125805,0.282755718549,0.412066309987,0.952823014169,0.000000000000,MAPPED
METTL7A_VS_METTL7B,70,70,QUERY,66,ALA,4.740467276546,0.064883180864,0.201307536799,0.844446547361,0.555555555556,MAPPED
METTL7A_VS_METTL7B,70,70,QUERY,68,PRO,5.396824344001,0.000000000000,0.824578943434,0.992394198200,0.666666666667,MAPPED
METTL7A_VS_METTL7B,70,70,SUBJECT_ONLY,72,VAL,6.875815151675,0.000000000000,0.084137055328,0.685170761726,1.000000000000,SUBJECT_ONLY
METTL7A_VS_METTL7B,71,71,QUERY,91,GLY,6.337546212849,0.000000000000,0.311904596366,0.918629771144,0.000000000000,MAPPED
METTL7A_VS_METTL7B,71,71,QUERY,73,SER,6.335903408355,0.000000000000,0.096276351310,0.706921821836,0.444444444444,MAPPED
METTL7A_VS_METTL7B,71,71,QUERY,69,SER,4.006285686269,0.248428578433,0.535371084222,0.974407628137,0.000000000000,MAPPED
METTL7A_VS_METTL7B,71,71,QUERY,70,GLY,3.868977125805,0.282755718549,0.457155624466,0.962557575767,0.000000000000,MAPPED
METTL7A_VS_METTL7B,71,71,QUERY,66,ALA,5.189007034106,0.000000000000,0.201307536799,0.844446547361,0.555555555556,MAPPED
METTL7A_VS_METTL7B,71,71,QUERY,71,LYS,0.000000000000,1.000000000000,0.412066309987,0.952823014169,0.000000000000,MAPPED
METTL7A_VS_METTL7B,71,71,QUERY,67,GLY,6.982671838201,0.000000000000,0.094887204517,0.704499810570,0.000000000000,MAPPED
METTL7A_VS_METTL7B,71,71,SUBJECT_ONLY,72,VAL,3.834687601357,0.291328099661,0.084137055328,0.685170761726,1.000000000000,SUBJECT_ONLY
METTL7A_VS_METTL7B,73,73,QUERY,138,VAL,3.572139974861,0.356965006285,0.077664974149,0.673031844523,0.444444444444,MAPPED
METTL7A_VS_METTL7B,73,73,QUERY,139,ASP,2.776280605414,0.555929848646,0.050743644178,0.618528407337,0.000000000000,MAPPED
METTL7A_VS_METTL7B,73,73,QUERY,71,LYS,6.335903408355,0.000000000000,0.412066309987,0.952823014169,0.000000000000,MAPPED
METTL7A_VS_METTL7B,73,73,QUERY,73,SER,0.000000000000,1.000000000000,0.096276351310,0.706921821836,0.444444444444,MAPPED
METTL7A_VS_METTL7B,73,73,QUERY,93,ARG,4.179754298999,0.205061425250,0.222465530882,0.862985137244,0.000000000000,MAPPED
METTL7A_VS_METTL7B,73,73,SUBJECT_ONLY,72,VAL,3.824031903633,0.293992024092,0.084137055328,0.685170761726,1.000000000000,SUBJECT_ONLY
METTL7A_VS_METTL7B,78,78,QUERY,78,GLY,0.000000000000,1.000000000000,0.135345383983,0.768133776201,0.000000000000,MAPPED
METTL7A_VS_METTL7B,78,78,QUERY,146,VAL,3.641794063370,0.339551484157,0.115037909264,0.737957405691,0.000000000000,MAPPED
METTL7A_VS_METTL7B,78,78,SUBJECT_ONLY,98,ASP,3.671599787559,0.332100053110,0.063429555222,0.645008825636,1.000000000000,SUBJECT_ONLY
METTL7A_VS_METTL7B,78,78,SUBJECT_ONLY,80,GLY,5.723336264802,0.000000000000,0.113999784395,0.736320744140,1.000000000000,SUBJECT_ONLY
METTL7A_VS_METTL7B,81,81,QUERY,82,GLY,3.881449986796,0.279637503301,0.060687269199,0.639403474746,1.000000000000,QUERY_ONLY
METTL7A_VS_METTL7B,81,81,QUERY,41,VAL,3.955187606170,0.261203098458,0.256693919224,0.888127322436,0.555555555556,MAPPED
METTL7A_VS_METTL7B,81,81,QUERY,106,PHE,3.820456255475,0.294885936131,0.138873047360,0.773027947865,0.000000000000,MAPPED
METTL7A_VS_METTL7B,81,81,QUERY,110,SER,5.502901507387,0.000000000000,0.076936433613,0.671641777467,0.000000000000,MAPPED
METTL7A_VS_METTL7B,81,81,QUERY,81,THR,0.000000000000,1.000000000000,0.082845590859,0.682778665954,0.000000000000,MAPPED
METTL7A_VS_METTL7B,81,81,QUERY,83,ALA,4.612432980543,0.096891754864,0.147733325229,0.784883387407,0.000000000000,MAPPED
METTL7A_VS_METTL7B,81,81,SUBJECT_ONLY,80,GLY,3.850348166075,0.287412958481,0.113999784395,0.736320744140,1.000000000000,SUBJECT_ONLY
METTL7A_VS_METTL7B,82,,QUERY,110,SER,3.966601568093,0.258349607977,0.076936433613,0.671641777467,0.000000000000,MAPPED
METTL7A_VS_METTL7B,82,,QUERY,83,ALA,3.841287674726,0.289678081319,0.147733325229,0.784883387407,0.000000000000,MAPPED
METTL7A_VS_METTL7B,82,,QUERY,82,GLY,0.000000000000,1.000000000000,0.060687269199,0.639403474746,1.000000000000,QUERY_ONLY
METTL7A_VS_METTL7B,82,,QUERY,81,THR,3.881449986796,0.279637503301,0.082845590859,0.682778665954,0.000000000000,MAPPED
METTL7A_VS_METTL7B,83,83,QUERY,44,THR,3.343281322294,0.414179669426,0.139564140807,0.773975020814,0.000000000000,MAPPED
METTL7A_VS_METTL7B,83,83,QUERY,83,ALA,0.000000000000,1.000000000000,0.147733325229,0.784883387407,0.000000000000,MAPPED
METTL7A_VS_METTL7B,83,83,QUERY,82,GLY,3.841287674726,0.289678081319,0.060687269199,0.639403474746,1.000000000000,QUERY_ONLY
METTL7A_VS_METTL7B,83,83,QUERY,81,THR,4.612432980543,0.096891754864,0.082845590859,0.682778665954,0.000000000000,MAPPED
METTL7A_VS_METTL7B,86,86,QUERY,87,PHE,3.127811215531,0.468047196117,0.117497730336,0.741798330956,0.000000000000,MAPPED
METTL7A_VS_METTL7B,86,86,QUERY,114,ASN,3.181764604744,0.454558848814,0.112728941728,0.734304481730,0.000000000000,MAPPED
METTL7A_VS_METTL7B,86,86,QUERY,86,LYS,0.000000000000,1.000000000000,0.473478722195,0.965488425250,0.444444444444,MAPPED
METTL7A_VS_METTL7B,87,87,QUERY,87,PHE,0.000000000000,1.000000000000,0.117497730336,0.741798330956,0.000000000000,MAPPED
METTL7A_VS_METTL7B,87,87,QUERY,86,LYS,3.127811215531,0.468047196117,0.473478722195,0.965488425250,0.444444444444,MAPPED
METTL7A_VS_METTL7B,87,87,QUERY,89,PRO,6.329827011854,0.000000000000,0.132584395185,0.764232826073,1.000000000000,QUERY_ONLY
METTL7A_VS_METTL7B,87,87,QUERY,56,ARG,3.829578305767,0.292605423558,0.579992227978,0.979173958680,0.000000000000,MAPPED
METTL7A_VS_METTL7B,89,,QUERY,89,PRO,0.000000000000,1.000000000000,0.132584395185,0.764232826073,1.000000000000,QUERY_ONLY
METTL7A_VS_METTL7B,89,,QUERY,90,PRO,2.969448602014,0.507637849497,0.599125202685,0.980891130352,0.000000000000,MAPPED
METTL7A_VS_METTL7B,89,,QUERY,91,GLY,6.542738341092,0.000000000000,0.311904596366,0.918629771144,0.000000000000,MAPPED
METTL7A_VS_METTL7B,89,,QUERY,63,GLN,3.748777000570,0.312805749858,0.405472390927,0.951165146779,0.444444444444,MAPPED
METTL7A_VS_METTL7B,89,,QUERY,87,PHE,6.329827011854,0.000000000000,0.117497730336,0.741798330956,0.000000000000,MAPPED
METTL7A_VS_METTL7B,90,90,QUERY,89,PRO,2.969448602014,0.507637849497,0.132584395185,0.764232826073,1.000000000000,QUERY_ONLY
METTL7A_VS_METTL7B,90,90,QUERY,90,PRO,0.000000000000,1.000000000000,0.599125202685,0.980891130352,0.000000000000,MAPPED
METTL7A_VS_METTL7B,90,90,QUERY,91,GLY,3.846205532730,0.288448616818,0.311904596366,0.918629771144,0.000000000000,MAPPED
METTL7A_VS_METTL7B,90,90,QUERY,116,HIS,4.166147741019,0.208463064745,0.298293674570,0.912083354087,0.000000000000,MAPPED
METTL7A_VS_METTL7B,90,90,QUERY,117,LEU,5.148894444441,0.000000000000,0.114084537431,0.736454711574,0.000000000000,MAPPED
METTL7A_VS_METTL7B,91,91,QUERY,93,ARG,6.389623306581,0.000000000000,0.222465530882,0.862985137244,0.000000000000,MAPPED
METTL7A_VS_METTL7B,91,91,QUERY,91,GLY,0.000000000000,1.000000000000,0.311904596366,0.918629771144,0.000000000000,MAPPED
METTL7A_VS_METTL7B,91,91,QUERY,90,PRO,3.846205532730,0.288448616818,0.599125202685,0.980891130352,0.000000000000,MAPPED
METTL7A_VS_METTL7B,91,91,QUERY,89,PRO,6.542738341092,0.000000000000,0.132584395185,0.764232826073,1.000000000000,QUERY_ONLY
METTL7A_VS_METTL7B,91,91,QUERY,71,LYS,6.337546212849,0.000000000000,0.412066309987,0.952823014169,0.000000000000,MAPPED
METTL7A_VS_METTL7B,91,91,QUERY,118,GLN,4.560859787365,0.109785053159,0.391006174138,0.947285815906,0.000000000000,MAPPED
METTL7A_VS_METTL7B,91,91,QUERY,117,LEU,5.215620576691,0.000000000000,0.114084537431,0.736454711574,0.000000000000,MAPPED
METTL7A_VS_METTL7B,91,91,QUERY,116,HIS,5.976985527839,0.000000000000,0.298293674570,0.912083354087,0.000000000000,MAPPED
METTL7A_VS_METTL7B,91,91,SUBJECT_ONLY,72,VAL,6.189672446907,0.000000000000,0.084137055328,0.685170761726,1.000000000000,SUBJECT_ONLY
METTL7A_VS_METTL7B,93,93,QUERY,93,ARG,0.000000000000,1.000000000000,0.222465530882,0.862985137244,0.000000000000,MAPPED
METTL7A_VS_METTL7B,93,93,QUERY,91,GLY,6.389623306581,0.000000000000,0.311904596366,0.918629771144,0.000000000000,MAPPED
METTL7A_VS_METTL7B,93,93,QUERY,73,SER,4.179754298999,0.205061425250,0.096276351310,0.706921821836,0.444444444444,MAPPED
METTL7A_VS_METTL7B,93,93,QUERY,120,GLU,3.354183805339,0.411454048665,0.477590200211,0.966183741856,0.000000000000,MAPPED
METTL7A_VS_METTL7B,93,93,QUERY,119,PHE,5.852061687987,0.000000000000,0.315451789701,0.920244304131,0.277777777778,MAPPED
METTL7A_VS_METTL7B,93,93,QUERY,118,GLN,3.606422881471,0.348394279632,0.391006174138,0.947285815906,0.000000000000,MAPPED
METTL7A_VS_METTL7B,93,93,QUERY,117,LEU,6.338105552924,0.000000000000,0.114084537431,0.736454711574,0.000000000000,MAPPED
METTL7A_VS_METTL7B,93,93,QUERY,95,THR,6.647353909640,0.000000000000,0.058455665800,0.634793239967,0.000000000000,MAPPED
METTL7A_VS_METTL7B,93,93,SUBJECT_ONLY,72,VAL,5.745823265643,0.000000000000,0.084137055328,0.685170761726,1.000000000000,SUBJECT_ONLY
METTL7A_VS_METTL7B,95,95,QUERY,120,GLU,3.002147398114,0.499463150472,0.477590200211,0.966183741856,0.000000000000,MAPPED
METTL7A_VS_METTL7B,95,95,QUERY,122,PHE,5.853395424879,0.000000000000,0.175534305249,0.818241584899,0.000000000000,MAPPED
METTL7A_VS_METTL7B,95,95,QUERY,93,ARG,6.647353909640,0.000000000000,0.222465530882,0.862985137244,0.000000000000,MAPPED
METTL7A_VS_METTL7B,95,95,QUERY,95,THR,0.000000000000,1.000000000000,0.058455665800,0.634793239967,0.000000000000,MAPPED
METTL7A_VS_METTL7B,95,95,QUERY,119,PHE,5.281639518180,0.000000000000,0.315451789701,0.920244304131,0.277777777778,MAPPED
METTL7A_VS_METTL7B,95,95,QUERY,121,ARG,3.791515264377,0.302121183906,0.361187157587,0.938110590839,0.000000000000,MAPPED
METTL7A_VS_METTL7B,99,99,QUERY,99,PRO,0.000000000000,1.000000000000,0.422414943212,0.955295021895,0.000000000000,MAPPED
METTL7A_VS_METTL7B,99,99,QUERY,101,PRO,5.462472791694,0.000000000000,0.398436620753,0.949321238783,0.000000000000,MAPPED
METTL7A_VS_METTL7B,99,99,QUERY,124,VAL,4.638849534098,0.090287616476,0.426851466117,0.956308463788,0.000000000000,MAPPED
METTL7A_VS_METTL7B,99,99,QUERY,125,ALA,4.509696774729,0.122575806318,0.070456208227,0.659067520509,0.000000000000,MAPPED
METTL7A_VS_METTL7B,99,99,QUERY,126,ALA,4.180025478391,0.204993630402,0.329676951959,0.926364569659,0.666666666667,MAPPED
METTL7A_VS_METTL7B,99,99,SUBJECT_ONLY,98,ASP,3.003672585353,0.499081853662,0.063429555222,0.645008825636,1.000000000000,SUBJECT_ONLY
METTL7A_VS_METTL7B,101,101,QUERY,99,PRO,5.462472791694,0.000000000000,0.422414943212,0.955295021895,0.000000000000,MAPPED
METTL7A_VS_METTL7B,101,101,QUERY,101,PRO,0.000000000000,1.000000000000,0.398436620753,0.949321238783,0.000000000000,MAPPED
METTL7A_VS_METTL7B,101,101,QUERY,102,ASN,3.862954568721,0.284261357820,0.333986508111,0.928112171442,0.500000000000,MAPPED
METTL7A_VS_METTL7B,101,101,QUERY,104,GLU,5.271466683950,0.000000000000,0.459921881455,0.963074167291,0.000000000000,MAPPED
METTL7A_VS_METTL7B,101,101,QUERY,124,VAL,3.929670087934,0.267582478017,0.426851466117,0.956308463788,0.000000000000,MAPPED
METTL7A_VS_METTL7B,102,102,QUERY,101,PRO,3.862954568721,0.284261357820,0.398436620753,0.949321238783,0.000000000000,MAPPED
METTL7A_VS_METTL7B,102,102,QUERY,102,ASN,0.000000000000,1.000000000000,0.333986508111,0.928112171442,0.500000000000,MAPPED
METTL7A_VS_METTL7B,102,102,QUERY,34,LYS,4.055459283484,0.236135179129,0.363278008527,0.938810808571,0.555555555556,MAPPED
METTL7A_VS_METTL7B,102,102,QUERY,104,GLU,5.569766422392,0.000000000000,0.459921881455,0.963074167291,0.000000000000,MAPPED
METTL7A_VS_METTL7B,102,102,QUERY,105,LYS,6.022046496001,0.000000000000,0.402035840085,0.950274394348,0.000000000000,MAPPED
METTL7A_VS_METTL7B,104,104,QUERY,106,PHE,5.520268471732,0.000000000000,0.138873047360,0.773027947865,0.000000000000,MAPPED
METTL7A_VS_METTL7B,104,104,QUERY,101,PRO,5.271466683950,0.000000000000,0.398436620753,0.949321238783,0.000000000000,MAPPED
METTL7A_VS_METTL7B,104,104,QUERY,108,ILE,3.957519172411,0.260620206897,0.468538587746,0.964630700361,0.666666666667,MAPPED
METTL7A_VS_METTL7B,104,104,QUERY,105,LYS,3.859283482721,0.285179129320,0.402035840085,0.950274394348,0.000000000000,MAPPED
METTL7A_VS_METTL7B,104,104,QUERY,102,ASN,5.569766422392,0.000000000000,0.333986508111,0.928112171442,0.500000000000,MAPPED
METTL7A_VS_METTL7B,104,104,QUERY,104,GLU,0.000000000000,1.000000000000,0.459921881455,0.963074167291,0.000000000000,MAPPED
METTL7A_VS_METTL7B,105,105,QUERY,106,PHE,3.056789655832,0.485802586042,0.138873047360,0.773027947865,0.000000000000,MAPPED
METTL7A_VS_METTL7B,105,105,QUERY,108,ILE,4.521066798887,0.119733300278,0.468538587746,0.964630700361,0.666666666667,MAPPED
METTL7A_VS_METTL7B,105,105,QUERY,105,LYS,0.000000000000,1.000000000000,0.402035840085,0.950274394348,0.000000000000,MAPPED
METTL7A_VS_METTL7B,105,105,QUERY,102,ASN,6.022046496001,0.000000000000,0.333986508111,0.928112171442,0.500000000000,MAPPED
METTL7A_VS_METTL7B,105,105,QUERY,109,LYS,6.158041734188,0.000000000000,0.490240597592,0.968222370505,0.000000000000,MAPPED
METTL7A_VS_METTL7B,105,105,QUERY,104,GLU,3.859283482721,0.285179129320,0.459921881455,0.963074167291,0.000000000000,MAPPED
METTL7A_VS_METTL7B,106,106,QUERY,105,LYS,3.056789655832,0.485802586042,0.402035840085,0.950274394348,0.000000000000,MAPPED
METTL7A_VS_METTL7B,106,106,QUERY,110,SER,5.949164142970,0.000000000000,0.076936433613,0.671641777467,0.000000000000,MAPPED
METTL7A_VS_METTL7B,106,106,QUERY,106,PHE,0.000000000000,1.000000000000,0.138873047360,0.773027947865,0.000000000000,MAPPED
METTL7A_VS_METTL7B,106,106,QUERY,108,ILE,5.459595955746,0.000000000000,0.468538587746,0.964630700361,0.666666666667,MAPPED
METTL7A_VS_METTL7B,106,106,QUERY,104,GLU,5.520268471732,0.000000000000,0.459921881455,0.963074167291,0.000000000000,MAPPED
METTL7A_VS_METTL7B,106,106,QUERY,81,THR,3.820456255475,0.294885936131,0.082845590859,0.682778665954,0.000000000000,MAPPED
METTL7A_VS_METTL7B,106,106,QUERY,109,LYS,4.453684878839,0.136578780290,0.490240597592,0.968222370505,0.000000000000,MAPPED
METTL7A_VS_METTL7B,108,108,QUERY,109,LYS,3.838496189916,0.290375952521,0.490240597592,0.968222370505,0.000000000000,MAPPED
METTL7A_VS_METTL7B,108,108,QUERY,108,ILE,0.000000000000,1.000000000000,0.468538587746,0.964630700361,0.666666666667,MAPPED
METTL7A_VS_METTL7B,108,108,QUERY,106,PHE,5.459595955746,0.000000000000,0.138873047360,0.773027947865,0.000000000000,MAPPED
METTL7A_VS_METTL7B,108,108,QUERY,105,LYS,4.521066798887,0.119733300278,0.402035840085,0.950274394348,0.000000000000,MAPPED
METTL7A_VS_METTL7B,108,108,QUERY,104,GLU,3.957519172411,0.260620206897,0.459921881455,0.963074167291,0.000000000000,MAPPED
METTL7A_VS_METTL7B,108,108,QUERY,112,ALA,5.709714090916,0.000000000000,0.450020884462,0.961185717042,0.000000000000,MAPPED
METTL7A_VS_METTL7B,108,108,QUERY,111,ILE,4.042406461503,0.239398384624,0.181410387877,0.824593334784,0.444444444444,MAPPED
METTL7A_VS_METTL7B,108,108,QUERY,110,SER,5.511353100646,0.000000000000,0.076936433613,0.671641777467,0.000000000000,MAPPED
METTL7A_VS_METTL7B,109,109,QUERY,109,LYS,0.000000000000,1.000000000000,0.490240597592,0.968222370505,0.000000000000,MAPPED
METTL7A_VS_METTL7B,109,109,QUERY,108,ILE,3.838496189916,0.290375952521,0.468538587746,0.964630700361,0.666666666667,MAPPED
METTL7A_VS_METTL7B,109,109,QUERY,106,PHE,4.453684878839,0.136578780290,0.138873047360,0.773027947865,0.000000000000,MAPPED
METTL7A_VS_METTL7B,109,109,QUERY,105,LYS,6.158041734188,0.000000000000,0.402035840085,0.950274394348,0.000000000000,MAPPED
METTL7A_VS_METTL7B,109,109,QUERY,113,GLU,2.991659071485,0.502085232129,0.632360688896,0.983491907540,0.000000000000,MAPPED
METTL7A_VS_METTL7B,109,109,QUERY,112,ALA,4.528792443908,0.117801889023,0.450020884462,0.961185717042,0.000000000000,MAPPED
METTL7A_VS_METTL7B,109,109,QUERY,111,ILE,5.471868967729,0.000000000000,0.181410387877,0.824593334784,0.444444444444,MAPPED
METTL7A_VS_METTL7B,109,109,QUERY,110,SER,3.848583635573,0.287854091107,0.076936433613,0.671641777467,0.000000000000,MAPPED
METTL7A_VS_METTL7B,110,110,QUERY,111,ILE,3.867545216284,0.283113695929,0.181410387877,0.824593334784,0.444444444444,MAPPED
METTL7A_VS_METTL7B,110,110,QUERY,82,GLY,3.966601568093,0.258349607977,0.060687269199,0.639403474746,1.000000000000,QUERY_ONLY
METTL7A_VS_METTL7B,110,110,QUERY,113,GLU,4.322980569006,0.169254857749,0.632360688896,0.983491907540,0.000000000000,MAPPED
METTL7A_VS_METTL7B,110,110,QUERY,106,PHE,5.949164142970,0.000000000000,0.138873047360,0.773027947865,0.000000000000,MAPPED
METTL7A_VS_METTL7B,110,110,QUERY,108,ILE,5.511353100646,0.000000000000,0.468538587746,0.964630700361,0.666666666667,MAPPED
METTL7A_VS_METTL7B,110,110,QUERY,110,SER,0.000000000000,1.000000000000,0.076936433613,0.671641777467,0.000000000000,MAPPED
METTL7A_VS_METTL7B,110,110,QUERY,81,THR,5.502901507387,0.000000000000,0.082845590859,0.682778665954,0.000000000000,MAPPED
METTL7A_VS_METTL7B,110,110,QUERY,112,ALA,5.485272372453,0.000000000000,0.450020884462,0.961185717042,0.000000000000,MAPPED
METTL7A_VS_METTL7B,110,110,QUERY,114,ASN,3.463549913023,0.384112521744,0.112728941728,0.734304481730,0.000000000000,MAPPED
METTL7A_VS_METTL7B,110,110,QUERY,109,LYS,3.848583635573,0.287854091107,0.490240597592,0.968222370505,0.000000000000,MAPPED
METTL7A_VS_METTL7B,111,111,QUERY,109,LYS,5.471868967729,0.000000000000,0.490240597592,0.968222370505,0.000000000000,MAPPED
METTL7A_VS_METTL7B,111,111,QUERY,108,ILE,4.042406461503,0.239398384624,0.468538587746,0.964630700361,0.666666666667,MAPPED
METTL7A_VS_METTL7B,111,111,QUERY,115,ARG,6.579652954374,0.000000000000,0.722586231229,0.988688711100,0.000000000000,MAPPED
METTL7A_VS_METTL7B,111,111,QUERY,114,ASN,4.757205061798,0.060698734550,0.112728941728,0.734304481730,0.000000000000,MAPPED
METTL7A_VS_METTL7B,111,111,QUERY,113,GLU,5.409325743565,0.000000000000,0.632360688896,0.983491907540,0.000000000000,MAPPED
METTL7A_VS_METTL7B,111,111,QUERY,112,ALA,3.849313055598,0.287671736100,0.450020884462,0.961185717042,0.000000000000,MAPPED
METTL7A_VS_METTL7B,111,111,QUERY,111,ILE,0.000000000000,1.000000000000,0.181410387877,0.824593334784,0.444444444444,MAPPED
METTL7A_VS_METTL7B,111,111,QUERY,110,SER,3.867545216284,0.283113695929,0.076936433613,0.671641777467,0.000000000000,MAPPED
METTL7A_VS_METTL7B,112,112,QUERY,109,LYS,4.528792443908,0.117801889023,0.490240597592,0.968222370505,0.000000000000,MAPPED
METTL7A_VS_METTL7B,112,112,QUERY,108,ILE,5.709714090916,0.000000000000,0.468538587746,0.964630700361,0.666666666667,MAPPED
METTL7A_VS_METTL7B,112,112,QUERY,115,ARG,4.897466283702,0.025633429074,0.722586231229,0.988688711100,0.000000000000,MAPPED
METTL7A_VS_METTL7B,112,112,QUERY,114,ASN,5.609449438225,0.000000000000,0.112728941728,0.734304481730,0.000000000000,MAPPED
METTL7A_VS_METTL7B,112,112,QUERY,113,GLU,3.875372756265,0.281156810934,0.632360688896,0.983491907540,0.000000000000,MAPPED
METTL7A_VS_METTL7B,112,112,QUERY,112,ALA,0.000000000000,1.000000000000,0.450020884462,0.961185717042,0.000000000000,MAPPED
METTL7A_VS_METTL7B,112,112,QUERY,111,ILE,3.849313055598,0.287671736100,0.181410387877,0.824593334784,0.444444444444,MAPPED
METTL7A_VS_METTL7B,112,112,QUERY,110,SER,5.485272372453,0.000000000000,0.076936433613,0.671641777467,0.000000000000,MAPPED
METTL7A_VS_METTL7B,113,113,QUERY,110,SER,4.322980569006,0.169254857749,0.076936433613,0.671641777467,0.000000000000,MAPPED
METTL7A_VS_METTL7B,113,113,QUERY,115,ARG,5.304380265403,0.000000000000,0.722586231229,0.988688711100,0.000000000000,MAPPED
METTL7A_VS_METTL7B,113,113,QUERY,111,ILE,5.409325743565,0.000000000000,0.181410387877,0.824593334784,0.444444444444,MAPPED
METTL7A_VS_METTL7B,113,113,QUERY,112,ALA,3.875372756265,0.281156810934,0.450020884462,0.961185717042,0.000000000000,MAPPED
METTL7A_VS_METTL7B,113,113,QUERY,113,GLU,0.000000000000,1.000000000000,0.632360688896,0.983491907540,0.000000000000,MAPPED
METTL7A_VS_METTL7B,113,113,QUERY,109,LYS,2.991659071485,0.502085232129,0.490240597592,0.968222370505,0.000000000000,MAPPED
METTL7A_VS_METTL7B,113,113,QUERY,114,ASN,3.886495722370,0.278376069408,0.112728941728,0.734304481730,0.000000000000,MAPPED
METTL7A_VS_METTL7B,114,114,QUERY,115,ARG,3.874154488401,0.281461377900,0.722586231229,0.988688711100,0.000000000000,MAPPED
METTL7A_VS_METTL7B,114,114,QUERY,86,LYS,3.181764604744,0.454558848814,0.473478722195,0.965488425250,0.444444444444,MAPPED
METTL7A_VS_METTL7B,114,114,QUERY,111,ILE,4.757205061798,0.060698734550,0.181410387877,0.824593334784,0.444444444444,MAPPED
METTL7A_VS_METTL7B,114,114,QUERY,114,ASN,0.000000000000,1.000000000000,0.112728941728,0.734304481730,0.000000000000,MAPPED
METTL7A_VS_METTL7B,114,114,QUERY,110,SER,3.463549913023,0.384112521744,0.076936433613,0.671641777467,0.000000000000,MAPPED
METTL7A_VS_METTL7B,114,114,QUERY,117,LEU,4.141891113972,0.214527221507,0.114084537431,0.736454711574,0.000000000000,MAPPED
METTL7A_VS_METTL7B,114,114,QUERY,113,GLU,3.886495722370,0.278376069408,0.632360688896,0.983491907540,0.000000000000,MAPPED
METTL7A_VS_METTL7B,114,114,QUERY,116,HIS,3.402898470422,0.399275382395,0.298293674570,0.912083354087,0.000000000000,MAPPED
METTL7A_VS_METTL7B,114,114,QUERY,112,ALA,5.609449438225,0.000000000000,0.450020884462,0.961185717042,0.000000000000,MAPPED
METTL7A_VS_METTL7B,115,115,QUERY,115,ARG,0.000000000000,1.000000000000,0.722586231229,0.988688711100,0.000000000000,MAPPED
METTL7A_VS_METTL7B,115,115,QUERY,111,ILE,6.579652954374,0.000000000000,0.181410387877,0.824593334784,0.444444444444,MAPPED
METTL7A_VS_METTL7B,115,115,QUERY,116,HIS,3.836841148653,0.290789712837,0.298293674570,0.912083354087,0.000000000000,MAPPED
METTL7A_VS_METTL7B,115,115,QUERY,112,ALA,4.897466283702,0.025633429074,0.450020884462,0.961185717042,0.000000000000,MAPPED
METTL7A_VS_METTL7B,115,115,QUERY,117,LEU,5.253286019245,0.000000000000,0.114084537431,0.736454711574,0.000000000000,MAPPED
METTL7A_VS_METTL7B,115,115,QUERY,113,GLU,5.304380265403,0.000000000000,0.632360688896,0.983491907540,0.000000000000,MAPPED
METTL7A_VS_METTL7B,115,115,QUERY,114,ASN,3.874154488401,0.281461377900,0.112728941728,0.734304481730,0.000000000000,MAPPED
METTL7A_VS_METTL7B,116,116,QUERY,91,GLY,5.976985527839,0.000000000000,0.311904596366,0.918629771144,0.000000000000,MAPPED
METTL7A_VS_METTL7B,116,116,QUERY,115,ARG,3.836841148653,0.290789712837,0.722586231229,0.988688711100,0.000000000000,MAPPED
METTL7A_VS_METTL7B,116,116,QUERY,116,HIS,0.000000000000,1.000000000000,0.298293674570,0.912083354087,0.000000000000,MAPPED
METTL7A_VS_METTL7B,116,116,QUERY,117,LEU,3.482432626771,0.379391843307,0.114084537431,0.736454711574,0.000000000000,MAPPED
METTL7A_VS_METTL7B,116,116,QUERY,90,PRO,4.166147741019,0.208463064745,0.599125202685,0.980891130352,0.000000000000,MAPPED
METTL7A_VS_METTL7B,116,116,QUERY,118,GLN,6.941900388222,0.000000000000,0.391006174138,0.947285815906,0.000000000000,MAPPED
METTL7A_VS_METTL7B,116,116,QUERY,114,ASN,3.402898470422,0.399275382395,0.112728941728,0.734304481730,0.000000000000,MAPPED
METTL7A_VS_METTL7B,117,117,QUERY,90,PRO,5.148894444441,0.000000000000,0.599125202685,0.980891130352,0.000000000000,MAPPED
METTL7A_VS_METTL7B,117,117,QUERY,115,ARG,5.253286019245,0.000000000000,0.722586231229,0.988688711100,0.000000000000,MAPPED
METTL7A_VS_METTL7B,117,117,QUERY,93,ARG,6.338105552924,0.000000000000,0.222465530882,0.862985137244,0.000000000000,MAPPED
METTL7A_VS_METTL7B,117,117,QUERY,118,GLN,3.812042628303,0.296989342924,0.391006174138,0.947285815906,0.000000000000,MAPPED
METTL7A_VS_METTL7B,117,117,QUERY,114,ASN,4.141891113972,0.214527221507,0.112728941728,0.734304481730,0.000000000000,MAPPED
METTL7A_VS_METTL7B,117,117,QUERY,117,LEU,0.000000000000,1.000000000000,0.114084537431,0.736454711574,0.000000000000,MAPPED
METTL7A_VS_METTL7B,117,117,QUERY,91,GLY,5.215620576691,0.000000000000,0.311904596366,0.918629771144,0.000000000000,MAPPED
METTL7A_VS_METTL7B,117,117,QUERY,116,HIS,3.482432626771,0.379391843307,0.298293674570,0.912083354087,0.000000000000,MAPPED
METTL7A_VS_METTL7B,117,117,QUERY,119,PHE,5.574698287800,0.000000000000,0.315451789701,0.920244304131,0.277777777778,MAPPED
METTL7A_VS_METTL7B,118,118,QUERY,91,GLY,4.560859787365,0.109785053159,0.311904596366,0.918629771144,0.000000000000,MAPPED
METTL7A_VS_METTL7B,118,118,QUERY,119,PHE,3.814682293455,0.296329426636,0.315451789701,0.920244304131,0.277777777778,MAPPED
METTL7A_VS_METTL7B,118,118,QUERY,120,GLU,5.680557807117,0.000000000000,0.477590200211,0.966183741856,0.000000000000,MAPPED
METTL7A_VS_METTL7B,118,118,QUERY,116,HIS,6.941900388222,0.000000000000,0.298293674570,0.912083354087,0.000000000000,MAPPED
METTL7A_VS_METTL7B,118,118,QUERY,93,ARG,3.606422881471,0.348394279632,0.222465530882,0.862985137244,0.000000000000,MAPPED
METTL7A_VS_METTL7B,118,118,QUERY,117,LEU,3.812042628303,0.296989342924,0.114084537431,0.736454711574,0.000000000000,MAPPED
METTL7A_VS_METTL7B,118,118,QUERY,118,GLN,0.000000000000,1.000000000000,0.391006174138,0.947285815906,0.000000000000,MAPPED
METTL7A_VS_METTL7B,119,119,QUERY,119,PHE,0.000000000000,1.000000000000,0.315451789701,0.920244304131,0.277777777778,MAPPED
METTL7A_VS_METTL7B,119,119,QUERY,120,GLU,3.839061083130,0.290234729218,0.477590200211,0.966183741856,0.000000000000,MAPPED
METTL7A_VS_METTL7B,119,119,QUERY,93,ARG,5.852061687987,0.000000000000,0.222465530882,0.862985137244,0.000000000000,MAPPED
METTL7A_VS_METTL7B,119,119,QUERY,121,ARG,3.758799010322,0.310300247419,0.361187157587,0.938110590839,0.000000000000,MAPPED
METTL7A_VS_METTL7B,119,119,QUERY,117,LEU,5.574698287800,0.000000000000,0.114084537431,0.736454711574,0.000000000000,MAPPED
METTL7A_VS_METTL7B,119,119,QUERY,118,GLN,3.814682293455,0.296329426636,0.391006174138,0.947285815906,0.000000000000,MAPPED
METTL7A_VS_METTL7B,119,119,QUERY,95,THR,5.281639518180,0.000000000000,0.058455665800,0.634793239967,0.000000000000,MAPPED
METTL7A_VS_METTL7B,120,120,QUERY,118,GLN,5.680557807117,0.000000000000,0.391006174138,0.947285815906,0.000000000000,MAPPED
METTL7A_VS_METTL7B,120,120,QUERY,120,GLU,0.000000000000,1.000000000000,0.477590200211,0.966183741856,0.000000000000,MAPPED
METTL7A_VS_METTL7B,120,120,QUERY,93,ARG,3.354183805339,0.411454048665,0.222465530882,0.862985137244,0.000000000000,MAPPED
METTL7A_VS_METTL7B,120,120,QUERY,95,THR,3.002147398114,0.499463150472,0.058455665800,0.634793239967,0.000000000000,MAPPED
METTL7A_VS_METTL7B,120,120,QUERY,119,PHE,3.839061083130,0.290234729218,0.315451789701,0.920244304131,0.277777777778,MAPPED
METTL7A_VS_METTL7B,120,120,QUERY,121,ARG,3.849925713569,0.287518571608,0.361187157587,0.938110590839,0.000000000000,MAPPED
METTL7A_VS_METTL7B,121,121,QUERY,120,GLU,3.849925713569,0.287518571608,0.477590200211,0.966183741856,0.000000000000,MAPPED
METTL7A_VS_METTL7B,121,121,QUERY,122,PHE,3.805709000962,0.298572749760,0.175534305249,0.818241584899,0.000000000000,MAPPED
METTL7A_VS_METTL7B,121,121,QUERY,95,THR,3.791515264377,0.302121183906,0.058455665800,0.634793239967,0.000000000000,MAPPED
METTL7A_VS_METTL7B,121,121,QUERY,119,PHE,3.758799010322,0.310300247419,0.315451789701,0.920244304131,0.277777777778,MAPPED
METTL7A_VS_METTL7B,121,121,QUERY,121,ARG,0.000000000000,1.000000000000,0.361187157587,0.938110590839,0.000000000000,MAPPED
METTL7A_VS_METTL7B,121,121,QUERY,123,VAL,4.022425387748,0.244393653063,0.077664974149,0.673031844523,0.000000000000,MAPPED
METTL7A_VS_METTL7B,122,122,QUERY,121,ARG,3.805709000962,0.298572749760,0.361187157587,0.938110590839,0.000000000000,MAPPED
METTL7A_VS_METTL7B,122,122,QUERY,122,PHE,0.000000000000,1.000000000000,0.175534305249,0.818241584899,0.000000000000,MAPPED
METTL7A_VS_METTL7B,122,122,QUERY,123,VAL,3.841590946470,0.289602263383,0.077664974149,0.673031844523,0.000000000000,MAPPED
METTL7A_VS_METTL7B,122,122,QUERY,124,VAL,3.728173547463,0.317956613134,0.426851466117,0.956308463788,0.000000000000,MAPPED
METTL7A_VS_METTL7B,122,122,QUERY,95,THR,5.853395424879,0.000000000000,0.058455665800,0.634793239967,0.000000000000,MAPPED
METTL7A_VS_METTL7B,123,123,QUERY,121,ARG,4.022425387748,0.244393653063,0.361187157587,0.938110590839,0.000000000000,MAPPED
METTL7A_VS_METTL7B,123,123,QUERY,122,PHE,3.841590946470,0.289602263383,0.175534305249,0.818241584899,0.000000000000,MAPPED
METTL7A_VS_METTL7B,123,123,QUERY,123,VAL,0.000000000000,1.000000000000,0.077664974149,0.673031844523,0.000000000000,MAPPED
METTL7A_VS_METTL7B,123,123,QUERY,124,VAL,3.811450642472,0.297137339382,0.426851466117,0.956308463788,0.000000000000,MAPPED
METTL7A_VS_METTL7B,123,123,QUERY,125,ALA,4.096526089261,0.225868477685,0.070456208227,0.659067520509,0.000000000000,MAPPED
METTL7A_VS_METTL7B,123,123,SUBJECT_ONLY,98,ASP,6.601880489679,0.000000000000,0.063429555222,0.645008825636,1.000000000000,SUBJECT_ONLY
METTL7A_VS_METTL7B,124,124,QUERY,123,VAL,3.811450642472,0.297137339382,0.077664974149,0.673031844523,0.000000000000,MAPPED
METTL7A_VS_METTL7B,124,124,QUERY,101,PRO,3.929670087934,0.267582478017,0.398436620753,0.949321238783,0.000000000000,MAPPED
METTL7A_VS_METTL7B,124,124,QUERY,125,ALA,3.831802969882,0.292049257529,0.070456208227,0.659067520509,0.000000000000,MAPPED
METTL7A_VS_METTL7B,124,124,QUERY,122,PHE,3.728173547463,0.317956613134,0.175534305249,0.818241584899,0.000000000000,MAPPED
METTL7A_VS_METTL7B,124,124,QUERY,124,VAL,0.000000000000,1.000000000000,0.426851466117,0.956308463788,0.000000000000,MAPPED
METTL7A_VS_METTL7B,124,124,QUERY,99,PRO,4.638849534098,0.090287616476,0.422414943212,0.955295021895,0.000000000000,MAPPED
METTL7A_VS_METTL7B,124,124,SUBJECT_ONLY,98,ASP,5.408141547704,0.000000000000,0.063429555222,0.645008825636,1.000000000000,SUBJECT_ONLY
METTL7A_VS_METTL7B,125,125,QUERY,124,VAL,3.831802969882,0.292049257529,0.426851466117,0.956308463788,0.000000000000,MAPPED
METTL7A_VS_METTL7B,125,125,QUERY,129,ASN,5.996494392560,0.000000000000,0.368447392115,0.940503314106,0.444444444444,MAPPED
METTL7A_VS_METTL7B,125,125,QUERY,125,ALA,0.000000000000,1.000000000000,0.070456208227,0.659067520509,0.000000000000,MAPPED
METTL7A_VS_METTL7B,125,125,QUERY,126,ALA,3.816775995523,0.295806001119,0.329676951959,0.926364569659,0.666666666667,MAPPED
METTL7A_VS_METTL7B,125,125,QUERY,99,PRO,4.509696774729,0.122575806318,0.422414943212,0.955295021895,0.000000000000,MAPPED
METTL7A_VS_METTL7B,125,125,QUERY,127,GLY,6.372875489134,0.000000000000,0.051617228080,0.620396475700,0.000000000000,MAPPED
METTL7A_VS_METTL7B,125,125,QUERY,123,VAL,4.096526089261,0.225868477685,0.077664974149,0.673031844523,0.000000000000,MAPPED
METTL7A_VS_METTL7B,125,125,SUBJECT_ONLY,98,ASP,5.676235900665,0.000000000000,0.063429555222,0.645008825636,1.000000000000,SUBJECT_ONLY
METTL7A_VS_METTL7B,126,126,QUERY,125,ALA,3.816775995523,0.295806001119,0.070456208227,0.659067520509,0.000000000000,MAPPED
METTL7A_VS_METTL7B,126,126,QUERY,127,GLY,3.856029564202,0.285992608949,0.051617228080,0.620396475700,0.000000000000,MAPPED
METTL7A_VS_METTL7B,126,126,QUERY,129,ASN,5.146411953973,0.000000000000,0.368447392115,0.940503314106,0.444444444444,MAPPED
METTL7A_VS_METTL7B,126,126,QUERY,126,ALA,0.000000000000,1.000000000000,0.329676951959,0.926364569659,0.666666666667,MAPPED
METTL7A_VS_METTL7B,126,126,QUERY,128,GLU,3.527286067219,0.368178483195,0.154770488685,0.793865205638,0.000000000000,MAPPED
METTL7A_VS_METTL7B,126,126,QUERY,99,PRO,4.180025478391,0.204993630402,0.422414943212,0.955295021895,0.000000000000,MAPPED
METTL7A_VS_METTL7B,126,126,SUBJECT_ONLY,98,ASP,6.249048967643,0.000000000000,0.063429555222,0.645008825636,1.000000000000,SUBJECT_ONLY
METTL7A_VS_METTL7B,127,127,QUERY,128,GLU,3.853856639783,0.286535840054,0.154770488685,0.793865205638,0.000000000000,MAPPED
METTL7A_VS_METTL7B,127,127,QUERY,129,ASN,5.353207356343,0.000000000000,0.368447392115,0.940503314106,0.444444444444,MAPPED
METTL7A_VS_METTL7B,127,127,QUERY,125,ALA,6.372875489134,0.000000000000,0.070456208227,0.659067520509,0.000000000000,MAPPED
METTL7A_VS_METTL7B,127,127,QUERY,126,ALA,3.856029564202,0.285992608949,0.329676951959,0.926364569659,0.666666666667,MAPPED
METTL7A_VS_METTL7B,127,127,QUERY,127,GLY,0.000000000000,1.000000000000,0.051617228080,0.620396475700,0.000000000000,MAPPED
METTL7A_VS_METTL7B,128,128,QUERY,127,GLY,3.853856639783,0.286535840054,0.051617228080,0.620396475700,0.000000000000,MAPPED
METTL7A_VS_METTL7B,128,128,QUERY,129,ASN,3.873625433622,0.281593641595,0.368447392115,0.940503314106,0.444444444444,MAPPED
METTL7A_VS_METTL7B,128,128,QUERY,155,ARG,3.848943491401,0.287764127150,0.403895765559,0.950758801288,0.333333333333,MAPPED
METTL7A_VS_METTL7B,128,128,QUERY,126,ALA,3.527286067219,0.368178483195,0.329676951959,0.926364569659,0.666666666667,MAPPED
METTL7A_VS_METTL7B,128,128,QUERY,128,GLU,0.000000000000,1.000000000000,0.154770488685,0.793865205638,0.000000000000,MAPPED
METTL7A_VS_METTL7B,128,128,QUERY,159,GLU,4.578406163721,0.105398459070,0.143876858458,0.779799266250,0.000000000000,MAPPED
METTL7A_VS_METTL7B,129,129,QUERY,129,ASN,0.000000000000,1.000000000000,0.368447392115,0.940503314106,0.444444444444,MAPPED
METTL7A_VS_METTL7B,129,129,QUERY,125,ALA,5.996494392560,0.000000000000,0.070456208227,0.659067520509,0.000000000000,MAPPED
METTL7A_VS_METTL7B,129,129,QUERY,126,ALA,5.146411953973,0.000000000000,0.329676951959,0.926364569659,0.666666666667,MAPPED
METTL7A_VS_METTL7B,129,129,QUERY,131,HIS,2.889013845588,0.527746538603,0.587593774613,0.979877213697,0.555555555556,MAPPED
METTL7A_VS_METTL7B,129,129,QUERY,159,GLU,4.020589384655,0.244852653836,0.143876858458,0.779799266250,0.000000000000,MAPPED
METTL7A_VS_METTL7B,129,129,QUERY,127,GLY,5.353207356343,0.000000000000,0.051617228080,0.620396475700,0.000000000000,MAPPED
METTL7A_VS_METTL7B,129,129,QUERY,128,GLU,3.873625433622,0.281593641595,0.154770488685,0.793865205638,0.000000000000,MAPPED
METTL7A_VS_METTL7B,131,131,QUERY,134,ALA,6.911898509093,0.000000000000,0.444168290328,0.960016424176,0.000000000000,MAPPED
METTL7A_VS_METTL7B,131,131,QUERY,132,GLN,3.086657901355,0.478335524661,0.307345901844,0.916500389429,0.000000000000,MAPPED
METTL7A_VS_METTL7B,131,131,QUERY,131,HIS,0.000000000000,1.000000000000,0.587593774613,0.979877213697,0.555555555556,MAPPED
METTL7A_VS_METTL7B,131,131,QUERY,129,ASN,2.889013845588,0.527746538603,0.368447392115,0.940503314106,0.444444444444,MAPPED
METTL7A_VS_METTL7B,132,132,QUERY,131,HIS,3.086657901355,0.478335524661,0.587593774613,0.979877213697,0.555555555556,MAPPED
METTL7A_VS_METTL7B,132,132,QUERY,132,GLN,0.000000000000,1.000000000000,0.307345901844,0.916500389429,0.000000000000,MAPPED
METTL7A_VS_METTL7B,132,132,QUERY,134,ALA,6.501965395171,0.000000000000,0.444168290328,0.960016424176,0.000000000000,MAPPED
METTL7A_VS_METTL7B,134,134,QUERY,137,SER,3.862706564056,0.284323358986,0.406231003865,0.951359279470,0.000000000000,MAPPED
METTL7A_VS_METTL7B,134,134,QUERY,132,GLN,6.501965395171,0.000000000000,0.307345901844,0.916500389429,0.000000000000,MAPPED
METTL7A_VS_METTL7B,134,134,QUERY,134,ALA,0.000000000000,1.000000000000,0.444168290328,0.960016424176,0.000000000000,MAPPED
METTL7A_VS_METTL7B,134,134,QUERY,136,GLY,6.418335220289,0.000000000000,0.344272349926,0.932095639061,0.000000000000,MAPPED
METTL7A_VS_METTL7B,134,134,QUERY,131,HIS,6.911898509093,0.000000000000,0.587593774613,0.979877213697,0.555555555556,MAPPED
METTL7A_VS_METTL7B,134,134,QUERY,135,ASP,3.823060946415,0.294234763396,0.640412207421,0.984057327180,0.000000000000,MAPPED
METTL7A_VS_METTL7B,135,135,QUERY,162,ARG,2.656918704063,0.585770323984,0.195925416432,0.839319291793,0.000000000000,MAPPED
METTL7A_VS_METTL7B,135,135,QUERY,134,ALA,3.823060946415,0.294234763396,0.444168290328,0.960016424176,0.000000000000,MAPPED
METTL7A_VS_METTL7B,135,135,QUERY,135,ASP,0.000000000000,1.000000000000,0.640412207421,0.984057327180,0.000000000000,MAPPED
METTL7A_VS_METTL7B,135,135,QUERY,136,GLY,3.825715619332,0.293571095167,0.344272349926,0.932095639061,0.000000000000,MAPPED
METTL7A_VS_METTL7B,135,135,QUERY,137,SER,5.262229945565,0.000000000000,0.406231003865,0.951359279470,0.000000000000,MAPPED
METTL7A_VS_METTL7B,136,136,QUERY,138,VAL,5.937568610130,0.000000000000,0.077664974149,0.673031844523,0.444444444444,MAPPED
METTL7A_VS_METTL7B,136,136,QUERY,137,SER,3.848007926187,0.287998018453,0.406231003865,0.951359279470,0.000000000000,MAPPED
METTL7A_VS_METTL7B,136,136,QUERY,136,GLY,0.000000000000,1.000000000000,0.344272349926,0.932095639061,0.000000000000,MAPPED
METTL7A_VS_METTL7B,136,136,QUERY,135,ASP,3.825715619332,0.293571095167,0.640412207421,0.984057327180,0.000000000000,MAPPED
METTL7A_VS_METTL7B,136,136,QUERY,134,ALA,6.418335220289,0.000000000000,0.444168290328,0.960016424176,0.000000000000,MAPPED
METTL7A_VS_METTL7B,136,136,QUERY,165,ARG,3.676800103351,0.330799974162,0.179992973482,0.823082342217,0.000000000000,MAPPED
METTL7A_VS_METTL7B,136,136,QUERY,166,PRO,5.001293532677,0.000000000000,0.585272351720,0.979665470544,0.000000000000,MAPPED
METTL7A_VS_METTL7B,136,136,QUERY,162,ARG,6.268546083423,0.000000000000,0.195925416432,0.839319291793,0.000000000000,MAPPED
METTL7A_VS_METTL7B,137,137,QUERY,137,SER,0.000000000000,1.000000000000,0.406231003865,0.951359279470,0.000000000000,MAPPED
METTL7A_VS_METTL7B,137,137,QUERY,134,ALA,3.862706564056,0.284323358986,0.444168290328,0.960016424176,0.000000000000,MAPPED
METTL7A_VS_METTL7B,137,137,QUERY,165,ARG,5.605936674633,0.000000000000,0.179992973482,0.823082342217,0.000000000000,MAPPED
METTL7A_VS_METTL7B,137,137,QUERY,136,GLY,3.848007926187,0.287998018453,0.344272349926,0.932095639061,0.000000000000,MAPPED
METTL7A_VS_METTL7B,137,137,QUERY,138,VAL,3.810096324242,0.297475918940,0.077664974149,0.673031844523,0.444444444444,MAPPED
METTL7A_VS_METTL7B,137,137,QUERY,135,ASP,5.262229945565,0.000000000000,0.640412207421,0.984057327180,0.000000000000,MAPPED
METTL7A_VS_METTL7B,138,138,QUERY,137,SER,3.810096324242,0.297475918940,0.406231003865,0.951359279470,0.000000000000,MAPPED
METTL7A_VS_METTL7B,138,138,QUERY,139,ASP,3.821892332340,0.294526916915,0.050743644178,0.618528407337,0.000000000000,MAPPED
METTL7A_VS_METTL7B,138,138,QUERY,165,ARG,5.480121713977,0.000000000000,0.179992973482,0.823082342217,0.000000000000,MAPPED
METTL7A_VS_METTL7B,138,138,QUERY,136,GLY,5.937568610130,0.000000000000,0.344272349926,0.932095639061,0.000000000000,MAPPED
METTL7A_VS_METTL7B,138,138,QUERY,138,VAL,0.000000000000,1.000000000000,0.077664974149,0.673031844523,0.444444444444,MAPPED
METTL7A_VS_METTL7B,138,138,QUERY,73,SER,3.572139974861,0.356965006285,0.096276351310,0.706921821836,0.444444444444,MAPPED
METTL7A_VS_METTL7B,139,139,QUERY,138,VAL,3.821892332340,0.294526916915,0.077664974149,0.673031844523,0.444444444444,MAPPED
METTL7A_VS_METTL7B,139,139,QUERY,73,SER,2.776280605414,0.555929848646,0.096276351310,0.706921821836,0.444444444444,MAPPED
METTL7A_VS_METTL7B,139,139,QUERY,139,ASP,0.000000000000,1.000000000000,0.050743644178,0.618528407337,0.000000000000,MAPPED
METTL7A_VS_METTL7B,139,139,QUERY,65,PHE,5.151106094811,0.000000000000,0.100819049316,0.714721801832,0.555555555556,MAPPED
METTL7A_VS_METTL7B,139,139,QUERY,66,ALA,4.140491999751,0.214877000062,0.201307536799,0.844446547361,0.555555555556,MAPPED
METTL7A_VS_METTL7B,139,139,QUERY,67,GLY,3.174883462428,0.456279134393,0.094887204517,0.704499810570,0.000000000000,MAPPED
METTL7A_VS_METTL7B,139,139,QUERY,165,ARG,2.684783231473,0.578804192132,0.179992973482,0.823082342217,0.000000000000,MAPPED
METTL7A_VS_METTL7B,139,139,SUBJECT_ONLY,72,VAL,3.569763717671,0.357559070582,0.084137055328,0.685170761726,1.000000000000,SUBJECT_ONLY
METTL7A_VS_METTL7B,144,144,QUERY,144,THR,0.000000000000,1.000000000000,0.102202118597,0.717060105601,0.000000000000,MAPPED
METTL7A_VS_METTL7B,144,144,QUERY,145,LEU,3.859851292472,0.285037176882,0.250544993447,0.884009294184,0.000000000000,MAPPED
METTL7A_VS_METTL7B,144,144,QUERY,146,VAL,4.758528869304,0.060367782674,0.115037909264,0.737957405691,0.000000000000,MAPPED
METTL7A_VS_METTL7B,145,145,QUERY,144,THR,3.859851292472,0.285037176882,0.102202118597,0.717060105601,0.000000000000,MAPPED
METTL7A_VS_METTL7B,145,145,QUERY,145,LEU,0.000000000000,1.000000000000,0.250544993447,0.884009294184,0.000000000000,MAPPED
METTL7A_VS_METTL7B,145,145,QUERY,146,VAL,3.854924383175,0.286268904206,0.115037909264,0.737957405691,0.000000000000,MAPPED
METTL7A_VS_METTL7B,146,146,QUERY,149,SER,4.952391442526,0.011902139369,0.308074677959,0.916844984967,0.000000000000,MAPPED
METTL7A_VS_METTL7B,146,146,QUERY,144,THR,4.758528869304,0.060367782674,0.102202118597,0.717060105601,0.000000000000,MAPPED
METTL7A_VS_METTL7B,146,146,QUERY,146,VAL,0.000000000000,1.000000000000,0.115037909264,0.737957405691,0.000000000000,MAPPED
METTL7A_VS_METTL7B,146,146,QUERY,78,GLY,3.641794063370,0.339551484157,0.135345383983,0.768133776201,0.000000000000,MAPPED
METTL7A_VS_METTL7B,146,146,QUERY,145,LEU,3.854924383175,0.286268904206,0.250544993447,0.884009294184,0.000000000000,MAPPED
METTL7A_VS_METTL7B,146,146,QUERY,150,VAL,4.064617817212,0.233845545697,0.093432337788,0.701944685845,0.000000000000,MAPPED
METTL7A_VS_METTL7B,149,149,QUERY,203,ASN,5.470835676567,0.000000000000,0.149719089446,0.787456256826,0.777777777778,MAPPED
METTL7A_VS_METTL7B,149,149,QUERY,149,SER,0.000000000000,1.000000000000,0.308074677959,0.916844984967,0.000000000000,MAPPED
METTL7A_VS_METTL7B,149,149,QUERY,201,GLY,4.613126271846,0.096718432038,0.121752362865,0.748319372522,0.000000000000,MAPPED
METTL7A_VS_METTL7B,149,149,QUERY,150,VAL,3.861391459047,0.284652135238,0.093432337788,0.701944685845,0.000000000000,MAPPED
METTL7A_VS_METTL7B,149,149,QUERY,146,VAL,4.952391442526,0.011902139369,0.115037909264,0.737957405691,0.000000000000,MAPPED
METTL7A_VS_METTL7B,149,149,QUERY,151,LYS,6.617683053758,0.000000000000,0.742911678480,0.989574493321,0.444444444444,MAPPED
METTL7A_VS_METTL7B,149,149,QUERY,202,CYS,3.213751079346,0.446562230163,0.070776889875,0.659698628511,0.000000000000,MAPPED
METTL7A_VS_METTL7B,150,150,QUERY,149,SER,3.861391459047,0.284652135238,0.308074677959,0.916844984967,0.000000000000,MAPPED
METTL7A_VS_METTL7B,150,150,QUERY,151,LYS,3.833552008256,0.291611997936,0.742911678480,0.989574493321,0.444444444444,MAPPED
METTL7A_VS_METTL7B,150,150,QUERY,146,VAL,4.064617817212,0.233845545697,0.115037909264,0.737957405691,0.000000000000,MAPPED
METTL7A_VS_METTL7B,150,150,QUERY,153,GLN,3.669816480425,0.332545879894,0.055877073052,0.629412065760,0.666666666667,MAPPED
METTL7A_VS_METTL7B,150,150,QUERY,150,VAL,0.000000000000,1.000000000000,0.093432337788,0.701944685845,0.000000000000,MAPPED
METTL7A_VS_METTL7B,150,150,QUERY,152,ASN,4.728523025216,0.067869243696,0.358710408700,0.937269212786,0.444444444444,MAPPED
METTL7A_VS_METTL7B,151,151,QUERY,149,SER,6.617683053758,0.000000000000,0.308074677959,0.916844984967,0.000000000000,MAPPED
METTL7A_VS_METTL7B,151,151,QUERY,150,VAL,3.833552008256,0.291611997936,0.093432337788,0.701944685845,0.000000000000,MAPPED
METTL7A_VS_METTL7B,151,151,QUERY,151,LYS,0.000000000000,1.000000000000,0.742911678480,0.989574493321,0.444444444444,MAPPED
METTL7A_VS_METTL7B,151,151,QUERY,152,ASN,3.836092934224,0.290976766444,0.358710408700,0.937269212786,0.444444444444,MAPPED
METTL7A_VS_METTL7B,151,151,QUERY,153,GLN,6.756980538673,0.000000000000,0.055877073052,0.629412065760,0.666666666667,MAPPED
METTL7A_VS_METTL7B,152,152,QUERY,154,GLU,3.486451634542,0.378387091365,0.428558981162,0.956691374032,0.555555555556,MAPPED
METTL7A_VS_METTL7B,152,152,QUERY,151,LYS,3.836092934224,0.290976766444,0.742911678480,0.989574493321,0.444444444444,MAPPED
METTL7A_VS_METTL7B,152,152,QUERY,153,GLN,3.855489722461,0.286127569385,0.055877073052,0.629412065760,0.666666666667,MAPPED
METTL7A_VS_METTL7B,152,152,QUERY,155,ARG,3.354388468857,0.411402882786,0.403895765559,0.950758801288,0.333333333333,MAPPED
METTL7A_VS_METTL7B,152,152,QUERY,150,VAL,4.728523025216,0.067869243696,0.093432337788,0.701944685845,0.000000000000,MAPPED
METTL7A_VS_METTL7B,152,152,QUERY,152,ASN,0.000000000000,1.000000000000,0.358710408700,0.937269212786,0.444444444444,MAPPED
METTL7A_VS_METTL7B,153,153,QUERY,154,GLU,3.816437474923,0.295890631269,0.428558981162,0.956691374032,0.555555555556,MAPPED
METTL7A_VS_METTL7B,153,153,QUERY,151,LYS,6.756980538673,0.000000000000,0.742911678480,0.989574493321,0.444444444444,MAPPED
METTL7A_VS_METTL7B,153,153,QUERY,153,GLN,0.000000000000,1.000000000000,0.055877073052,0.629412065760,0.666666666667,MAPPED
METTL7A_VS_METTL7B,153,153,QUERY,155,ARG,5.418925077910,0.000000000000,0.403895765559,0.950758801288,0.333333333333,MAPPED
METTL7A_VS_METTL7B,153,153,QUERY,150,VAL,3.669816480425,0.332545879894,0.093432337788,0.701944685845,0.000000000000,MAPPED
METTL7A_VS_METTL7B,153,153,QUERY,152,ASN,3.855489722461,0.286127569385,0.358710408700,0.937269212786,0.444444444444,MAPPED
METTL7A_VS_METTL7B,153,153,SUBJECT_ONLY,211,ASP,3.483411115559,0.379147221110,0.268822465557,0.895786451280,1.000000000000,SUBJECT_ONLY
METTL7A_VS_METTL7B,154,154,QUERY,158,ARG,4.994301853112,0.001424536722,0.565999061814,0.977801850889,0.444444444444,MAPPED
METTL7A_VS_METTL7B,154,154,QUERY,152,ASN,3.486451634542,0.378387091365,0.358710408700,0.937269212786,0.444444444444,MAPPED
METTL7A_VS_METTL7B,154,154,QUERY,153,GLN,3.816437474923,0.295890631269,0.055877073052,0.629412065760,0.666666666667,MAPPED
METTL7A_VS_METTL7B,154,154,QUERY,154,GLU,0.000000000000,1.000000000000,0.428558981162,0.956691374032,0.555555555556,MAPPED
METTL7A_VS_METTL7B,154,154,QUERY,155,ARG,3.858362606080,0.285409348480,0.403895765559,0.950758801288,0.333333333333,MAPPED
METTL7A_VS_METTL7B,154,154,SUBJECT_ONLY,211,ASP,4.858492976222,0.035376755944,0.268822465557,0.895786451280,1.000000000000,SUBJECT_ONLY
METTL7A_VS_METTL7B,155,155,QUERY,152,ASN,3.354388468857,0.411402882786,0.358710408700,0.937269212786,0.444444444444,MAPPED
METTL7A_VS_METTL7B,155,155,QUERY,153,GLN,5.418925077910,0.000000000000,0.055877073052,0.629412065760,0.666666666667,MAPPED
METTL7A_VS_METTL7B,155,155,QUERY,158,ARG,3.778566659462,0.305358335134,0.565999061814,0.977801850889,0.444444444444,MAPPED
METTL7A_VS_METTL7B,155,155,QUERY,154,GLU,3.858362606080,0.285409348480,0.428558981162,0.956691374032,0.555555555556,MAPPED
METTL7A_VS_METTL7B,155,155,QUERY,159,GLU,5.128957106469,0.000000000000,0.143876858458,0.779799266250,0.000000000000,MAPPED
METTL7A_VS_METTL7B,155,155,QUERY,155,ARG,0.000000000000,1.000000000000,0.403895765559,0.950758801288,0.333333333333,MAPPED
METTL7A_VS_METTL7B,155,155,QUERY,128,GLU,3.848943491401,0.287764127150,0.154770488685,0.793865205638,0.000000000000,MAPPED
METTL7A_VS_METTL7B,158,158,QUERY,154,GLU,4.994301853112,0.001424536722,0.428558981162,0.956691374032,0.555555555556,MAPPED
METTL7A_VS_METTL7B,158,158,QUERY,161,CYS,4.452463363128,0.136884159218,0.202532781051,0.845589558596,0.833333333333,MAPPED
METTL7A_VS_METTL7B,158,158,QUERY,158,ARG,0.000000000000,1.000000000000,0.565999061814,0.977801850889,0.444444444444,MAPPED
METTL7A_VS_METTL7B,158,158,QUERY,155,ARG,3.778566659462,0.305358335134,0.403895765559,0.950758801288,0.333333333333,MAPPED
METTL7A_VS_METTL7B,158,158,QUERY,162,ARG,5.779003028205,0.000000000000,0.195925416432,0.839319291793,0.000000000000,MAPPED
METTL7A_VS_METTL7B,158,158,QUERY,159,GLU,3.836202028048,0.290949492988,0.143876858458,0.779799266250,0.000000000000,MAPPED
METTL7A_VS_METTL7B,159,159,QUERY,161,CYS,5.394965338165,0.000000000000,0.202532781051,0.845589558596,0.833333333333,MAPPED
METTL7A_VS_METTL7B,159,159,QUERY,129,ASN,4.020589384655,0.244852653836,0.368447392115,0.940503314106,0.444444444444,MAPPED
METTL7A_VS_METTL7B,159,159,QUERY,162,ARG,2.784768572072,0.553807856982,0.195925416432,0.839319291793,0.000000000000,MAPPED
METTL7A_VS_METTL7B,159,159,QUERY,158,ARG,3.836202028048,0.290949492988,0.565999061814,0.977801850889,0.444444444444,MAPPED
METTL7A_VS_METTL7B,159,159,QUERY,159,GLU,0.000000000000,1.000000000000,0.143876858458,0.779799266250,0.000000000000,MAPPED
METTL7A_VS_METTL7B,159,159,QUERY,155,ARG,5.128957106469,0.000000000000,0.403895765559,0.950758801288,0.333333333333,MAPPED
METTL7A_VS_METTL7B,159,159,QUERY,128,GLU,4.578406163721,0.105398459070,0.154770488685,0.793865205638,0.000000000000,MAPPED
METTL7A_VS_METTL7B,161,161,QUERY,158,ARG,4.452463363128,0.136884159218,0.565999061814,0.977801850889,0.444444444444,MAPPED
METTL7A_VS_METTL7B,161,161,QUERY,159,GLU,5.394965338165,0.000000000000,0.143876858458,0.779799266250,0.000000000000,MAPPED
METTL7A_VS_METTL7B,161,161,QUERY,161,CYS,0.000000000000,1.000000000000,0.202532781051,0.845589558596,0.833333333333,MAPPED
METTL7A_VS_METTL7B,161,161,QUERY,162,ARG,3.886973372690,0.278256656828,0.195925416432,0.839319291793,0.000000000000,MAPPED
METTL7A_VS_METTL7B,161,161,QUERY,244,LYS,3.936713477001,0.265821630750,0.221192508651,0.861939135845,0.000000000000,MAPPED
METTL7A_VS_METTL7B,162,162,QUERY,159,GLU,2.784768572072,0.553807856982,0.143876858458,0.779799266250,0.000000000000,MAPPED
METTL7A_VS_METTL7B,162,162,QUERY,161,CYS,3.886973372690,0.278256656828,0.202532781051,0.845589558596,0.833333333333,MAPPED
METTL7A_VS_METTL7B,162,162,QUERY,158,ARG,5.779003028205,0.000000000000,0.565999061814,0.977801850889,0.444444444444,MAPPED
METTL7A_VS_METTL7B,162,162,QUERY,136,GLY,6.268546083423,0.000000000000,0.344272349926,0.932095639061,0.000000000000,MAPPED
METTL7A_VS_METTL7B,162,162,QUERY,162,ARG,0.000000000000,1.000000000000,0.195925416432,0.839319291793,0.000000000000,MAPPED
METTL7A_VS_METTL7B,162,162,QUERY,135,ASP,2.656918704063,0.585770323984,0.640412207421,0.984057327180,0.000000000000,MAPPED
METTL7A_VS_METTL7B,165,165,QUERY,138,VAL,5.480121713977,0.000000000000,0.077664974149,0.673031844523,0.444444444444,MAPPED
METTL7A_VS_METTL7B,165,165,QUERY,166,PRO,3.015435955214,0.496141011196,0.585272351720,0.979665470544,0.000000000000,MAPPED
METTL7A_VS_METTL7B,165,165,QUERY,139,ASP,2.684783231473,0.578804192132,0.050743644178,0.618528407337,0.000000000000,MAPPED
METTL7A_VS_METTL7B,165,165,QUERY,167,GLY,4.059346129613,0.235163467597,0.285457239518,0.905363184592,0.000000000000,MAPPED
METTL7A_VS_METTL7B,165,165,QUERY,136,GLY,3.676800103351,0.330799974162,0.344272349926,0.932095639061,0.000000000000,MAPPED
METTL7A_VS_METTL7B,165,165,QUERY,165,ARG,0.000000000000,1.000000000000,0.179992973482,0.823082342217,0.000000000000,MAPPED
METTL7A_VS_METTL7B,165,165,QUERY,137,SER,5.605936674633,0.000000000000,0.406231003865,0.951359279470,0.000000000000,MAPPED
METTL7A_VS_METTL7B,166,166,QUERY,167,GLY,3.856240267411,0.285939933147,0.285457239518,0.905363184592,0.000000000000,MAPPED
METTL7A_VS_METTL7B,166,166,QUERY,244,LYS,4.237187038591,0.190703240352,0.221192508651,0.861939135845,0.000000000000,MAPPED
METTL7A_VS_METTL7B,166,166,QUERY,165,ARG,3.015435955214,0.496141011196,0.179992973482,0.823082342217,0.000000000000,MAPPED
METTL7A_VS_METTL7B,166,166,QUERY,166,PRO,0.000000000000,1.000000000000,0.585272351720,0.979665470544,0.000000000000,MAPPED
METTL7A_VS_METTL7B,166,166,QUERY,136,GLY,5.001293532677,0.000000000000,0.344272349926,0.932095639061,0.000000000000,MAPPED
METTL7A_VS_METTL7B,167,167,QUERY,243,VAL,4.273727763908,0.181568059023,0.116497461224,0.740242730527,0.000000000000,MAPPED
METTL7A_VS_METTL7B,167,167,QUERY,244,LYS,3.324918495242,0.418770376190,0.221192508651,0.861939135845,0.000000000000,MAPPED
METTL7A_VS_METTL7B,167,167,QUERY,165,ARG,4.059346129613,0.235163467597,0.179992973482,0.823082342217,0.000000000000,MAPPED
METTL7A_VS_METTL7B,167,167,QUERY,166,PRO,3.856240267411,0.285939933147,0.585272351720,0.979665470544,0.000000000000,MAPPED
METTL7A_VS_METTL7B,167,167,QUERY,167,GLY,0.000000000000,1.000000000000,0.285457239518,0.905363184592,0.000000000000,MAPPED
METTL7A_VS_METTL7B,177,,QUERY,185,TYR,3.973486378484,0.256628405379,0.174052989301,0.816603493026,0.277777777778,MAPPED
METTL7A_VS_METTL7B,177,,QUERY,177,ALA,0.000000000000,1.000000000000,0.054697771811,0.626931809469,1.000000000000,QUERY_ONLY
METTL7A_VS_METTL7B,177,,QUERY,205,THR,3.998208848972,0.250447787757,0.247764607407,0.882092932993,0.000000000000,MAPPED
METTL7A_VS_METTL7B,177,,QUERY,178,ALA,3.811485012433,0.297128746892,0.085091084403,0.686928192567,0.666666666667,MAPPED
METTL7A_VS_METTL7B,177,,QUERY,206,ARG,4.937794345657,0.015551413586,0.171512801523,0.813759331561,0.000000000000,MAPPED
METTL7A_VS_METTL7B,177,,QUERY,179,GLU,6.517548772353,0.000000000000,0.646691015172,0.984482351555,0.666666666667,MAPPED
METTL7A_VS_METTL7B,177,,QUERY,207,GLU,3.928256738046,0.267935815489,0.304405097501,0.915093413569,0.000000000000,MAPPED
METTL7A_VS_METTL7B,178,178,QUERY,180,CYS,6.284663316360,0.000000000000,0.527586198154,0.973449533832,0.722222222222,MAPPED
METTL7A_VS_METTL7B,178,178,QUERY,185,TYR,3.917357400085,0.270660649979,0.174052989301,0.816603493026,0.277777777778,MAPPED
METTL7A_VS_METTL7B,178,178,QUERY,177,ALA,3.811485012433,0.297128746892,0.054697771811,0.626931809469,1.000000000000,QUERY_ONLY
METTL7A_VS_METTL7B,178,178,QUERY,182,THR,3.451846027852,0.387038493037,0.264498506766,0.893124355426,0.444444444444,MAPPED
METTL7A_VS_METTL7B,178,178,QUERY,178,ALA,0.000000000000,1.000000000000,0.085091084403,0.686928192567,0.666666666667,MAPPED
METTL7A_VS_METTL7B,178,178,QUERY,179,GLU,3.823109205869,0.294222698533,0.646691015172,0.984482351555,0.666666666667,MAPPED
METTL7A_VS_METTL7B,178,178,QUERY,184,ASN,3.870759873720,0.282310031570,0.182662017745,0.825916548288,0.777777777778,MAPPED
METTL7A_VS_METTL7B,178,178,SUBJECT_ONLY,236,PRO,3.394181639217,0.401454590196,0.118628143060,0.743545991525,1.000000000000,SUBJECT_ONLY
METTL7A_VS_METTL7B,179,179,QUERY,180,CYS,3.851436225618,0.287140943596,0.527586198154,0.973449533832,0.722222222222,MAPPED
METTL7A_VS_METTL7B,179,179,QUERY,185,TYR,4.959731948402,0.010067012899,0.174052989301,0.816603493026,0.277777777778,MAPPED
METTL7A_VS_METTL7B,179,179,QUERY,181,SER,2.832369502731,0.541907624317,0.650711064973,0.984747415994,0.555555555556,MAPPED
METTL7A_VS_METTL7B,179,179,QUERY,177,ALA,6.517548772353,0.000000000000,0.054697771811,0.626931809469,1.000000000000,QUERY_ONLY
METTL7A_VS_METTL7B,179,179,QUERY,182,THR,3.962181469847,0.259454632538,0.264498506766,0.893124355426,0.444444444444,MAPPED
METTL7A_VS_METTL7B,179,179,QUERY,178,ALA,3.823109205869,0.294222698533,0.085091084403,0.686928192567,0.666666666667,MAPPED
METTL7A_VS_METTL7B,179,179,QUERY,179,GLU,0.000000000000,1.000000000000,0.646691015172,0.984482351555,0.666666666667,MAPPED
METTL7A_VS_METTL7B,180,180,QUERY,178,ALA,6.284663316360,0.000000000000,0.085091084403,0.686928192567,0.666666666667,MAPPED
METTL7A_VS_METTL7B,180,180,QUERY,185,TYR,3.448125722766,0.387968569309,0.174052989301,0.816603493026,0.277777777778,MAPPED
METTL7A_VS_METTL7B,180,180,QUERY,180,CYS,0.000000000000,1.000000000000,0.527586198154,0.973449533832,0.722222222222,MAPPED
METTL7A_VS_METTL7B,180,180,QUERY,182,THR,5.370653777707,0.000000000000,0.264498506766,0.893124355426,0.444444444444,MAPPED
METTL7A_VS_METTL7B,180,180,QUERY,179,GLU,3.851436225618,0.287140943596,0.646691015172,0.984482351555,0.666666666667,MAPPED
METTL7A_VS_METTL7B,180,180,QUERY,181,SER,3.862280932299,0.284429766925,0.650711064973,0.984747415994,0.555555555556,MAPPED
METTL7A_VS_METTL7B,181,181,QUERY,182,THR,3.865019275502,0.283745181125,0.264498506766,0.893124355426,0.444444444444,MAPPED
METTL7A_VS_METTL7B,181,181,QUERY,181,SER,0.000000000000,1.000000000000,0.650711064973,0.984747415994,0.555555555556,MAPPED
METTL7A_VS_METTL7B,181,181,QUERY,180,CYS,3.862280932299,0.284429766925,0.527586198154,0.973449533832,0.722222222222,MAPPED
METTL7A_VS_METTL7B,181,181,QUERY,179,GLU,2.832369502731,0.541907624317,0.646691015172,0.984482351555,0.666666666667,MAPPED
METTL7A_VS_METTL7B,182,182,QUERY,180,CYS,5.370653777707,0.000000000000,0.527586198154,0.973449533832,0.722222222222,MAPPED
METTL7A_VS_METTL7B,182,182,QUERY,183,TRP,3.824131012400,0.293967246900,0.607887139648,0.981621233498,0.000000000000,MAPPED
METTL7A_VS_METTL7B,182,182,QUERY,179,GLU,3.962181469847,0.259454632538,0.646691015172,0.984482351555,0.666666666667,MAPPED
METTL7A_VS_METTL7B,182,182,QUERY,186,PHE,6.299289642491,0.000000000000,0.065532382055,0.649262105598,1.000000000000,QUERY_ONLY
METTL7A_VS_METTL7B,182,182,QUERY,182,THR,0.000000000000,1.000000000000,0.264498506766,0.893124355426,0.444444444444,MAPPED
METTL7A_VS_METTL7B,182,182,QUERY,178,ALA,3.451846027852,0.387038493037,0.085091084403,0.686928192567,0.666666666667,MAPPED
METTL7A_VS_METTL7B,182,182,QUERY,185,TYR,3.601268387666,0.349682903084,0.174052989301,0.816603493026,0.277777777778,MAPPED
METTL7A_VS_METTL7B,182,182,QUERY,181,SER,3.865019275502,0.283745181125,0.650711064973,0.984747415994,0.555555555556,MAPPED
METTL7A_VS_METTL7B,182,182,QUERY,184,ASN,3.847696583672,0.288075854082,0.182662017745,0.825916548288,0.777777777778,MAPPED
METTL7A_VS_METTL7B,183,183,QUERY,185,TYR,5.454279970812,0.000000000000,0.174052989301,0.816603493026,0.277777777778,MAPPED
METTL7A_VS_METTL7B,183,183,QUERY,187,TRP,4.719020449203,0.070244887699,0.415283912341,0.953608237665,0.000000000000,MAPPED
METTL7A_VS_METTL7B,183,183,QUERY,182,THR,3.824131012400,0.293967246900,0.264498506766,0.893124355426,0.444444444444,MAPPED
METTL7A_VS_METTL7B,183,183,QUERY,184,ASN,3.812559376587,0.296860155853,0.182662017745,0.825916548288,0.777777777778,MAPPED
METTL7A_VS_METTL7B,183,183,QUERY,186,PHE,4.048813900391,0.237796524902,0.065532382055,0.649262105598,1.000000000000,QUERY_ONLY
METTL7A_VS_METTL7B,183,183,QUERY,183,TRP,0.000000000000,1.000000000000,0.607887139648,0.981621233498,0.000000000000,MAPPED
METTL7A_VS_METTL7B,184,184,QUERY,187,TRP,4.819489599532,0.045127600117,0.415283912341,0.953608237665,0.000000000000,MAPPED
METTL7A_VS_METTL7B,184,184,QUERY,186,PHE,5.385413261766,0.000000000000,0.065532382055,0.649262105598,1.000000000000,QUERY_ONLY
METTL7A_VS_METTL7B,184,184,QUERY,185,TYR,3.850898726272,0.287275318432,0.174052989301,0.816603493026,0.277777777778,MAPPED
METTL7A_VS_METTL7B,184,184,QUERY,184,ASN,0.000000000000,1.000000000000,0.182662017745,0.825916548288,0.777777777778,MAPPED
METTL7A_VS_METTL7B,184,184,QUERY,183,TRP,3.812559376587,0.296860155853,0.607887139648,0.981621233498,0.000000000000,MAPPED
METTL7A_VS_METTL7B,184,184,QUERY,182,THR,3.847696583672,0.288075854082,0.264498506766,0.893124355426,0.444444444444,MAPPED
METTL7A_VS_METTL7B,184,184,QUERY,233,LEU,3.378614656927,0.405346335768,0.159955372644,0.800244084100,0.888888888889,MAPPED
METTL7A_VS_METTL7B,184,184,QUERY,178,ALA,3.870759873720,0.282310031570,0.085091084403,0.686928192567,0.666666666667,MAPPED
METTL7A_VS_METTL7B,185,185,QUERY,186,PHE,3.836432848363,0.290891787909,0.065532382055,0.649262105598,1.000000000000,QUERY_ONLY
METTL7A_VS_METTL7B,185,185,QUERY,179,GLU,4.959731948402,0.010067012899,0.646691015172,0.984482351555,0.666666666667,MAPPED
METTL7A_VS_METTL7B,185,185,QUERY,184,ASN,3.850898726272,0.287275318432,0.182662017745,0.825916548288,0.777777777778,MAPPED
METTL7A_VS_METTL7B,185,185,QUERY,189,GLN,3.084533676263,0.478866580934,0.155097694601,0.794273687448,0.000000000000,MAPPED
METTL7A_VS_METTL7B,185,185,QUERY,177,ALA,3.973486378484,0.256628405379,0.054697771811,0.626931809469,1.000000000000,QUERY_ONLY
METTL7A_VS_METTL7B,185,185,QUERY,182,THR,3.601268387666,0.349682903084,0.264498506766,0.893124355426,0.444444444444,MAPPED
METTL7A_VS_METTL7B,185,185,QUERY,187,TRP,5.486567415060,0.000000000000,0.415283912341,0.953608237665,0.000000000000,MAPPED
METTL7A_VS_METTL7B,185,185,QUERY,180,CYS,3.448125722766,0.387968569309,0.527586198154,0.973449533832,0.722222222222,MAPPED
METTL7A_VS_METTL7B,185,185,QUERY,185,TYR,0.000000000000,1.000000000000,0.174052989301,0.816603493026,0.277777777778,MAPPED
METTL7A_VS_METTL7B,185,185,QUERY,178,ALA,3.917357400085,0.270660649979,0.085091084403,0.686928192567,0.666666666667,MAPPED
METTL7A_VS_METTL7B,185,185,QUERY,183,TRP,5.454279970812,0.000000000000,0.607887139648,0.981621233498,0.000000000000,MAPPED
METTL7A_VS_METTL7B,186,,QUERY,189,GLN,4.027778171647,0.243055457088,0.155097694601,0.794273687448,0.000000000000,MAPPED
METTL7A_VS_METTL7B,186,,QUERY,185,TYR,3.836432848363,0.290891787909,0.174052989301,0.816603493026,0.277777777778,MAPPED
METTL7A_VS_METTL7B,186,,QUERY,186,PHE,0.000000000000,1.000000000000,0.065532382055,0.649262105598,1.000000000000,QUERY_ONLY
METTL7A_VS_METTL7B,186,,QUERY,182,THR,6.299289642491,0.000000000000,0.264498506766,0.893124355426,0.444444444444,MAPPED
METTL7A_VS_METTL7B,186,,QUERY,187,TRP,3.855887576162,0.286028105960,0.415283912341,0.953608237665,0.000000000000,MAPPED
METTL7A_VS_METTL7B,186,,QUERY,183,TRP,4.048813900391,0.237796524902,0.607887139648,0.981621233498,0.000000000000,MAPPED
METTL7A_VS_METTL7B,186,,QUERY,184,ASN,5.385413261766,0.000000000000,0.182662017745,0.825916548288,0.777777777778,MAPPED
METTL7A_VS_METTL7B,187,187,QUERY,189,GLN,5.281660155671,0.000000000000,0.155097694601,0.794273687448,0.000000000000,MAPPED
METTL7A_VS_METTL7B,187,187,QUERY,185,TYR,5.486567415060,0.000000000000,0.174052989301,0.816603493026,0.277777777778,MAPPED
METTL7A_VS_METTL7B,187,187,QUERY,186,PHE,3.855887576162,0.286028105960,0.065532382055,0.649262105598,1.000000000000,QUERY_ONLY
METTL7A_VS_METTL7B,187,187,QUERY,191,LEU,4.514922258467,0.121269435383,0.239288909858,0.876034640435,0.555555555556,MAPPED
METTL7A_VS_METTL7B,187,187,QUERY,187,TRP,0.000000000000,1.000000000000,0.415283912341,0.953608237665,0.000000000000,MAPPED
METTL7A_VS_METTL7B,187,187,QUERY,183,TRP,4.719020449203,0.070244887699,0.607887139648,0.981621233498,0.000000000000,MAPPED
METTL7A_VS_METTL7B,187,187,QUERY,184,ASN,4.819489599532,0.045127600117,0.182662017745,0.825916548288,0.777777777778,MAPPED
METTL7A_VS_METTL7B,189,189,QUERY,189,GLN,0.000000000000,1.000000000000,0.155097694601,0.794273687448,0.000000000000,MAPPED
METTL7A_VS_METTL7B,189,189,QUERY,185,TYR,3.084533676263,0.478866580934,0.174052989301,0.816603493026,0.277777777778,MAPPED
METTL7A_VS_METTL7B,189,189,QUERY,186,PHE,4.027778171647,0.243055457088,0.065532382055,0.649262105598,1.000000000000,QUERY_ONLY
METTL7A_VS_METTL7B,189,189,QUERY,191,LEU,5.688794160453,0.000000000000,0.239288909858,0.876034640435,0.555555555556,MAPPED
METTL7A_VS_METTL7B,189,189,QUERY,205,THR,3.758135308900,0.310466172775,0.247764607407,0.882092932993,0.000000000000,MAPPED
METTL7A_VS_METTL7B,189,189,QUERY,187,TRP,5.281660155671,0.000000000000,0.415283912341,0.953608237665,0.000000000000,MAPPED
METTL7A_VS_METTL7B,189,189,QUERY,192,ASP,4.593951349329,0.101512162668,0.139545021489,0.773948871159,0.333333333333,MAPPED
METTL7A_VS_METTL7B,191,191,QUERY,189,GLN,5.688794160453,0.000000000000,0.155097694601,0.794273687448,0.000000000000,MAPPED
METTL7A_VS_METTL7B,191,191,QUERY,194,ALA,5.119564532262,0.000000000000,0.114491338369,0.737096868232,0.555555555556,MAPPED
METTL7A_VS_METTL7B,191,191,QUERY,195,TRP,5.241298407838,0.000000000000,0.109232068493,0.728683967073,0.000000000000,MAPPED
METTL7A_VS_METTL7B,191,191,QUERY,191,LEU,0.000000000000,1.000000000000,0.239288909858,0.876034640435,0.555555555556,MAPPED
METTL7A_VS_METTL7B,191,191,QUERY,187,TRP,4.514922258467,0.121269435383,0.415283912341,0.953608237665,0.000000000000,MAPPED
METTL7A_VS_METTL7B,191,191,QUERY,192,ASP,3.883826334943,0.279043416264,0.139545021489,0.773948871159,0.333333333333,MAPPED
METTL7A_VS_METTL7B,191,191,QUERY,193,PRO,4.258338056097,0.185415485976,0.082950676390,0.682973870991,0.000000000000,MAPPED
METTL7A_VS_METTL7B,192,192,QUERY,205,THR,3.340946273139,0.414763431715,0.247764607407,0.882092932993,0.000000000000,MAPPED
METTL7A_VS_METTL7B,192,192,QUERY,194,ALA,5.613056921144,0.000000000000,0.114491338369,0.737096868232,0.555555555556,MAPPED
METTL7A_VS_METTL7B,192,192,QUERY,193,PRO,3.088713648107,0.477821587973,0.082950676390,0.682973870991,0.000000000000,MAPPED
METTL7A_VS_METTL7B,192,192,QUERY,189,GLN,4.593951349329,0.101512162668,0.155097694601,0.794273687448,0.000000000000,MAPPED
METTL7A_VS_METTL7B,192,192,QUERY,196,HIS,4.999119922546,0.000220019363,0.371184468272,0.941377642333,0.666666666667,MAPPED
METTL7A_VS_METTL7B,192,192,QUERY,203,ASN,3.435458921309,0.391135269673,0.149719089446,0.787456256826,0.777777777778,MAPPED
METTL7A_VS_METTL7B,192,192,QUERY,192,ASP,0.000000000000,1.000000000000,0.139545021489,0.773948871159,0.333333333333,MAPPED
METTL7A_VS_METTL7B,192,192,QUERY,195,TRP,4.052210507859,0.236947373035,0.109232068493,0.728683967073,0.000000000000,MAPPED
METTL7A_VS_METTL7B,192,192,QUERY,191,LEU,3.883826334943,0.279043416264,0.239288909858,0.876034640435,0.555555555556,MAPPED
METTL7A_VS_METTL7B,193,193,QUERY,194,ALA,3.837881837681,0.290529540580,0.114491338369,0.737096868232,0.555555555556,MAPPED
METTL7A_VS_METTL7B,193,193,QUERY,195,TRP,5.462189853896,0.000000000000,0.109232068493,0.728683967073,0.000000000000,MAPPED
METTL7A_VS_METTL7B,193,193,QUERY,191,LEU,4.258338056097,0.185415485976,0.239288909858,0.876034640435,0.555555555556,MAPPED
METTL7A_VS_METTL7B,193,193,QUERY,196,HIS,4.553399279659,0.111650180085,0.371184468272,0.941377642333,0.666666666667,MAPPED
METTL7A_VS_METTL7B,193,193,QUERY,192,ASP,3.088713648107,0.477821587973,0.139545021489,0.773948871159,0.333333333333,MAPPED
METTL7A_VS_METTL7B,193,193,QUERY,197,LEU,6.113350063590,0.000000000000,0.050125928707,0.617203570771,0.888888888889,MAPPED
METTL7A_VS_METTL7B,193,193,QUERY,193,PRO,0.000000000000,1.000000000000,0.082950676390,0.682973870991,0.000000000000,MAPPED
METTL7A_VS_METTL7B,194,194,QUERY,191,LEU,5.119564532262,0.000000000000,0.239288909858,0.876034640435,0.555555555556,MAPPED
METTL7A_VS_METTL7B,194,194,QUERY,193,PRO,3.837881837681,0.290529540580,0.082950676390,0.682973870991,0.000000000000,MAPPED
METTL7A_VS_METTL7B,194,194,QUERY,195,TRP,3.827335757417,0.293166060646,0.109232068493,0.728683967073,0.000000000000,MAPPED
METTL7A_VS_METTL7B,194,194,QUERY,197,LEU,4.614475268110,0.096381182972,0.050125928707,0.617203570771,0.888888888889,MAPPED
METTL7A_VS_METTL7B,194,194,QUERY,12,ILE,3.640078158502,0.339980460375,0.160429998074,0.800818073023,0.111111111111,MAPPED
METTL7A_VS_METTL7B,194,194,QUERY,192,ASP,5.613056921144,0.000000000000,0.139545021489,0.773948871159,0.333333333333,MAPPED
METTL7A_VS_METTL7B,194,194,QUERY,194,ALA,0.000000000000,1.000000000000,0.114491338369,0.737096868232,0.555555555556,MAPPED
METTL7A_VS_METTL7B,194,194,QUERY,16,THR,3.774397302882,0.306400674280,0.077253057090,0.672246487108,0.000000000000,MAPPED
METTL7A_VS_METTL7B,194,194,QUERY,196,HIS,5.575747752544,0.000000000000,0.371184468272,0.941377642333,0.666666666667,MAPPED
METTL7A_VS_METTL7B,194,194,QUERY,198,LEU,4.716897497296,0.070775625676,0.383225204905,0.945052410511,0.277777777778,MAPPED
METTL7A_VS_METTL7B,195,195,QUERY,191,LEU,5.241298407838,0.000000000000,0.239288909858,0.876034640435,0.555555555556,MAPPED
METTL7A_VS_METTL7B,195,195,QUERY,202,CYS,3.077899608499,0.480525097875,0.070776889875,0.659698628511,0.000000000000,MAPPED
METTL7A_VS_METTL7B,195,195,QUERY,193,PRO,5.462189853896,0.000000000000,0.082950676390,0.682973870991,0.000000000000,MAPPED
METTL7A_VS_METTL7B,195,195,QUERY,195,TRP,0.000000000000,1.000000000000,0.109232068493,0.728683967073,0.000000000000,MAPPED
METTL7A_VS_METTL7B,195,195,QUERY,197,LEU,5.396200515177,0.000000000000,0.050125928707,0.617203570771,0.888888888889,MAPPED
METTL7A_VS_METTL7B,195,195,QUERY,199,PHE,3.370988430713,0.407252892322,0.185378430393,0.828752999922,0.833333333333,MAPPED
METTL7A_VS_METTL7B,195,195,QUERY,192,ASP,4.052210507859,0.236947373035,0.139545021489,0.773948871159,0.333333333333,MAPPED
METTL7A_VS_METTL7B,195,195,QUERY,194,ALA,3.827335757417,0.293166060646,0.114491338369,0.737096868232,0.555555555556,MAPPED
METTL7A_VS_METTL7B,195,195,QUERY,196,HIS,3.848366406672,0.287908398332,0.371184468272,0.941377642333,0.666666666667,MAPPED
METTL7A_VS_METTL7B,195,195,QUERY,198,LEU,4.672017337297,0.081995665676,0.383225204905,0.945052410511,0.277777777778,MAPPED
METTL7A_VS_METTL7B,196,196,QUERY,194,ALA,5.575747752544,0.000000000000,0.114491338369,0.737096868232,0.555555555556,MAPPED
METTL7A_VS_METTL7B,196,196,QUERY,201,GLY,3.479800856371,0.380049785907,0.121752362865,0.748319372522,0.000000000000,MAPPED
METTL7A_VS_METTL7B,196,196,QUERY,198,LEU,5.730372239218,0.000000000000,0.383225204905,0.945052410511,0.277777777778,MAPPED
METTL7A_VS_METTL7B,196,196,QUERY,195,TRP,3.848366406672,0.287908398332,0.109232068493,0.728683967073,0.000000000000,MAPPED
METTL7A_VS_METTL7B,196,196,QUERY,202,CYS,4.754153342079,0.061461664480,0.070776889875,0.659698628511,0.000000000000,MAPPED
METTL7A_VS_METTL7B,196,196,QUERY,192,ASP,4.999119922546,0.000220019363,0.139545021489,0.773948871159,0.333333333333,MAPPED
METTL7A_VS_METTL7B,196,196,QUERY,199,PHE,5.631118095015,0.000000000000,0.185378430393,0.828752999922,0.833333333333,MAPPED
METTL7A_VS_METTL7B,196,196,QUERY,196,HIS,0.000000000000,1.000000000000,0.371184468272,0.941377642333,0.666666666667,MAPPED
METTL7A_VS_METTL7B,196,196,QUERY,203,ASN,2.708899038355,0.572775240411,0.149719089446,0.787456256826,0.777777777778,MAPPED
METTL7A_VS_METTL7B,196,196,QUERY,193,PRO,4.553399279659,0.111650180085,0.082950676390,0.682973870991,0.000000000000,MAPPED
METTL7A_VS_METTL7B,196,196,QUERY,200,ASP,6.393132174451,0.000000000000,0.270434687973,0.896760189050,0.000000000000,MAPPED
METTL7A_VS_METTL7B,196,196,QUERY,197,LEU,3.812546655452,0.296863336137,0.050125928707,0.617203570771,0.888888888889,MAPPED
METTL7A_VS_METTL7B,197,197,QUERY,198,LEU,3.853237859256,0.286690535186,0.383225204905,0.945052410511,0.277777777778,MAPPED
METTL7A_VS_METTL7B,197,197,QUERY,194,ALA,4.614475268110,0.096381182972,0.114491338369,0.737096868232,0.555555555556,MAPPED
METTL7A_VS_METTL7B,197,197,QUERY,201,GLY,5.946068112627,0.000000000000,0.121752362865,0.748319372522,0.000000000000,MAPPED
METTL7A_VS_METTL7B,197,197,QUERY,197,LEU,0.000000000000,1.000000000000,0.050125928707,0.617203570771,0.888888888889,MAPPED
METTL7A_VS_METTL7B,197,197,QUERY,193,PRO,6.113350063590,0.000000000000,0.082950676390,0.682973870991,0.000000000000,MAPPED
METTL7A_VS_METTL7B,197,197,QUERY,200,ASP,6.254255111522,0.000000000000,0.270434687973,0.896760189050,0.000000000000,MAPPED
METTL7A_VS_METTL7B,197,197,QUERY,196,HIS,3.812546655452,0.296863336137,0.371184468272,0.941377642333,0.666666666667,MAPPED
METTL7A_VS_METTL7B,197,197,QUERY,199,PHE,5.913594084818,0.000000000000,0.185378430393,0.828752999922,0.833333333333,MAPPED
METTL7A_VS_METTL7B,197,197,QUERY,195,TRP,5.396200515177,0.000000000000,0.109232068493,0.728683967073,0.000000000000,MAPPED
METTL7A_VS_METTL7B,198,198,QUERY,194,ALA,4.716897497296,0.070775625676,0.114491338369,0.737096868232,0.555555555556,MAPPED
METTL7A_VS_METTL7B,198,198,QUERY,199,PHE,3.856486094880,0.285878476280,0.185378430393,0.828752999922,0.833333333333,MAPPED
METTL7A_VS_METTL7B,198,198,QUERY,195,TRP,4.672017337297,0.081995665676,0.109232068493,0.728683967073,0.000000000000,MAPPED
METTL7A_VS_METTL7B,198,198,QUERY,200,ASP,6.013959511004,0.000000000000,0.270434687973,0.896760189050,0.000000000000,MAPPED
METTL7A_VS_METTL7B,198,198,QUERY,196,HIS,5.730372239218,0.000000000000,0.371184468272,0.941377642333,0.666666666667,MAPPED
METTL7A_VS_METTL7B,198,198,QUERY,197,LEU,3.853237859256,0.286690535186,0.050125928707,0.617203570771,0.888888888889,MAPPED
METTL7A_VS_METTL7B,198,198,QUERY,198,LEU,0.000000000000,1.000000000000,0.383225204905,0.945052410511,0.277777777778,MAPPED
METTL7A_VS_METTL7B,199,199,QUERY,202,CYS,3.960120452714,0.259969886822,0.070776889875,0.659698628511,0.000000000000,MAPPED
METTL7A_VS_METTL7B,199,199,QUERY,201,GLY,5.773294813189,0.000000000000,0.121752362865,0.748319372522,0.000000000000,MAPPED
METTL7A_VS_METTL7B,199,199,QUERY,200,ASP,3.854013492452,0.286496626887,0.270434687973,0.896760189050,0.000000000000,MAPPED
METTL7A_VS_METTL7B,199,199,QUERY,199,PHE,0.000000000000,1.000000000000,0.185378430393,0.828752999922,0.833333333333,MAPPED
METTL7A_VS_METTL7B,199,199,QUERY,198,LEU,3.856486094880,0.285878476280,0.383225204905,0.945052410511,0.277777777778,MAPPED
METTL7A_VS_METTL7B,199,199,QUERY,197,LEU,5.913594084818,0.000000000000,0.050125928707,0.617203570771,0.888888888889,MAPPED
METTL7A_VS_METTL7B,199,199,QUERY,196,HIS,5.631118095015,0.000000000000,0.371184468272,0.941377642333,0.666666666667,MAPPED
METTL7A_VS_METTL7B,199,199,QUERY,195,TRP,3.370988430713,0.407252892322,0.109232068493,0.728683967073,0.000000000000,MAPPED
METTL7A_VS_METTL7B,200,200,QUERY,198,LEU,6.013959511004,0.000000000000,0.383225204905,0.945052410511,0.277777777778,MAPPED
METTL7A_VS_METTL7B,200,200,QUERY,32,CYS,4.119149790916,0.220212552271,0.069795824075,0.657764974161,0.000000000000,MAPPED
METTL7A_VS_METTL7B,200,200,QUERY,201,GLY,3.848209583690,0.287947604078,0.121752362865,0.748319372522,0.000000000000,MAPPED
METTL7A_VS_METTL7B,200,200,QUERY,197,LEU,6.254255111522,0.000000000000,0.050125928707,0.617203570771,0.888888888889,MAPPED
METTL7A_VS_METTL7B,200,200,QUERY,200,ASP,0.000000000000,1.000000000000,0.270434687973,0.896760189050,0.000000000000,MAPPED
METTL7A_VS_METTL7B,200,200,QUERY,196,HIS,6.393132174451,0.000000000000,0.371184468272,0.941377642333,0.666666666667,MAPPED
METTL7A_VS_METTL7B,200,200,QUERY,199,PHE,3.854013492452,0.286496626887,0.185378430393,0.828752999922,0.833333333333,MAPPED
METTL7A_VS_METTL7B,200,200,QUERY,33,LYS,3.866536822533,0.283365794367,0.279928912434,0.902293643514,0.000000000000,MAPPED
METTL7A_VS_METTL7B,200,200,QUERY,202,CYS,5.723189408014,0.000000000000,0.070776889875,0.659698628511,0.000000000000,MAPPED
METTL7A_VS_METTL7B,201,201,QUERY,203,ASN,4.954988193730,0.011252951568,0.149719089446,0.787456256826,0.777777777778,MAPPED
METTL7A_VS_METTL7B,201,201,QUERY,202,CYS,3.848913872770,0.287771531808,0.070776889875,0.659698628511,0.000000000000,MAPPED
METTL7A_VS_METTL7B,201,201,QUERY,201,GLY,0.000000000000,1.000000000000,0.121752362865,0.748319372522,0.000000000000,MAPPED
METTL7A_VS_METTL7B,201,201,QUERY,200,ASP,3.848209583690,0.287947604078,0.270434687973,0.896760189050,0.000000000000,MAPPED
METTL7A_VS_METTL7B,201,201,QUERY,199,PHE,5.773294813189,0.000000000000,0.185378430393,0.828752999922,0.833333333333,MAPPED
METTL7A_VS_METTL7B,201,201,QUERY,149,SER,4.613126271846,0.096718432038,0.308074677959,0.916844984967,0.000000000000,MAPPED
METTL7A_VS_METTL7B,201,201,QUERY,196,HIS,3.479800856371,0.380049785907,0.371184468272,0.941377642333,0.666666666667,MAPPED
METTL7A_VS_METTL7B,201,201,QUERY,197,LEU,5.946068112627,0.000000000000,0.050125928707,0.617203570771,0.888888888889,MAPPED
METTL7A_VS_METTL7B,202,202,QUERY,203,ASN,3.858453964997,0.285386508751,0.149719089446,0.787456256826,0.777777777778,MAPPED
METTL7A_VS_METTL7B,202,202,QUERY,202,CYS,0.000000000000,1.000000000000,0.070776889875,0.659698628511,0.000000000000,MAPPED
METTL7A_VS_METTL7B,202,202,QUERY,201,GLY,3.848913872770,0.287771531808,0.121752362865,0.748319372522,0.000000000000,MAPPED
METTL7A_VS_METTL7B,202,202,QUERY,200,ASP,5.723189408014,0.000000000000,0.270434687973,0.896760189050,0.000000000000,MAPPED
METTL7A_VS_METTL7B,202,202,QUERY,199,PHE,3.960120452714,0.259969886822,0.185378430393,0.828752999922,0.833333333333,MAPPED
METTL7A_VS_METTL7B,202,202,QUERY,149,SER,3.213751079346,0.446562230163,0.308074677959,0.916844984967,0.000000000000,MAPPED
METTL7A_VS_METTL7B,202,202,QUERY,196,HIS,4.754153342079,0.061461664480,0.371184468272,0.941377642333,0.666666666667,MAPPED
METTL7A_VS_METTL7B,202,202,QUERY,195,TRP,3.077899608499,0.480525097875,0.109232068493,0.728683967073,0.000000000000,MAPPED
METTL7A_VS_METTL7B,203,203,QUERY,205,THR,4.986163755835,0.003459061041,0.247764607407,0.882092932993,0.000000000000,MAPPED
METTL7A_VS_METTL7B,203,203,QUERY,203,ASN,0.000000000000,1.000000000000,0.149719089446,0.787456256826,0.777777777778,MAPPED
METTL7A_VS_METTL7B,203,203,QUERY,202,CYS,3.858453964997,0.285386508751,0.070776889875,0.659698628511,0.000000000000,MAPPED
METTL7A_VS_METTL7B,203,203,QUERY,201,GLY,4.954988193730,0.011252951568,0.121752362865,0.748319372522,0.000000000000,MAPPED
METTL7A_VS_METTL7B,203,203,QUERY,149,SER,5.470835676567,0.000000000000,0.308074677959,0.916844984967,0.000000000000,MAPPED
METTL7A_VS_METTL7B,203,203,QUERY,196,HIS,2.708899038355,0.572775240411,0.371184468272,0.941377642333,0.666666666667,MAPPED
METTL7A_VS_METTL7B,203,203,QUERY,192,ASP,3.435458921309,0.391135269673,0.139545021489,0.773948871159,0.333333333333,MAPPED
METTL7A_VS_METTL7B,203,203,QUERY,206,ARG,3.497428912787,0.375642771803,0.171512801523,0.813759331561,0.000000000000,MAPPED
METTL7A_VS_METTL7B,205,205,QUERY,189,GLN,3.758135308900,0.310466172775,0.155097694601,0.794273687448,0.000000000000,MAPPED
METTL7A_VS_METTL7B,205,205,QUERY,203,ASN,4.986163755835,0.003459061041,0.149719089446,0.787456256826,0.777777777778,MAPPED
METTL7A_VS_METTL7B,205,205,QUERY,205,THR,0.000000000000,1.000000000000,0.247764607407,0.882092932993,0.000000000000,MAPPED
METTL7A_VS_METTL7B,205,205,QUERY,177,ALA,3.998208848972,0.250447787757,0.054697771811,0.626931809469,1.000000000000,QUERY_ONLY
METTL7A_VS_METTL7B,205,205,QUERY,192,ASP,3.340946273139,0.414763431715,0.139545021489,0.773948871159,0.333333333333,MAPPED
METTL7A_VS_METTL7B,205,205,QUERY,206,ARG,3.843606769689,0.289098307578,0.171512801523,0.813759331561,0.000000000000,MAPPED
METTL7A_VS_METTL7B,205,205,QUERY,207,GLU,5.981609231637,0.000000000000,0.304405097501,0.915093413569,0.000000000000,MAPPED
METTL7A_VS_METTL7B,206,206,QUERY,207,GLU,3.833321014473,0.291669746382,0.304405097501,0.915093413569,0.000000000000,MAPPED
METTL7A_VS_METTL7B,206,206,QUERY,203,ASN,3.497428912787,0.375642771803,0.149719089446,0.787456256826,0.777777777778,MAPPED
METTL7A_VS_METTL7B,206,206,QUERY,205,THR,3.843606769689,0.289098307578,0.247764607407,0.882092932993,0.000000000000,MAPPED
METTL7A_VS_METTL7B,206,206,QUERY,206,ARG,0.000000000000,1.000000000000,0.171512801523,0.813759331561,0.000000000000,MAPPED
METTL7A_VS_METTL7B,206,206,QUERY,177,ALA,4.937794345657,0.015551413586,0.054697771811,0.626931809469,1.000000000000,QUERY_ONLY
METTL7A_VS_METTL7B,207,207,QUERY,209,TRP,3.503274182818,0.374181454295,0.142402831502,0.777825199763,0.000000000000,MAPPED
METTL7A_VS_METTL7B,207,207,QUERY,206,ARG,3.833321014473,0.291669746382,0.171512801523,0.813759331561,0.000000000000,MAPPED
METTL7A_VS_METTL7B,207,207,QUERY,177,ALA,3.928256738046,0.267935815489,0.054697771811,0.626931809469,1.000000000000,QUERY_ONLY
METTL7A_VS_METTL7B,207,207,QUERY,210,LYS,2.710710792394,0.572322301902,0.310385826320,0.917927229891,0.000000000000,MAPPED
METTL7A_VS_METTL7B,207,207,QUERY,205,THR,5.981609231637,0.000000000000,0.247764607407,0.882092932993,0.000000000000,MAPPED
METTL7A_VS_METTL7B,207,207,QUERY,207,GLU,0.000000000000,1.000000000000,0.304405097501,0.915093413569,0.000000000000,MAPPED
METTL7A_VS_METTL7B,209,209,QUERY,207,GLU,3.503274182818,0.374181454295,0.304405097501,0.915093413569,0.000000000000,MAPPED
METTL7A_VS_METTL7B,209,209,QUERY,213,GLU,3.820637904853,0.294840523787,0.576193924114,0.978811681797,0.000000000000,MAPPED
METTL7A_VS_METTL7B,209,209,QUERY,210,LYS,3.410568574300,0.397357856425,0.310385826320,0.917927229891,0.000000000000,MAPPED
METTL7A_VS_METTL7B,209,209,QUERY,209,TRP,0.000000000000,1.000000000000,0.142402831502,0.777825199763,0.000000000000,MAPPED
METTL7A_VS_METTL7B,209,209,SUBJECT_ONLY,211,ASP,5.472935683890,0.000000000000,0.268822465557,0.895786451280,1.000000000000,SUBJECT_ONLY
METTL7A_VS_METTL7B,210,210,QUERY,209,TRP,3.410568574300,0.397357856425,0.142402831502,0.777825199763,0.000000000000,MAPPED
METTL7A_VS_METTL7B,210,210,QUERY,210,LYS,0.000000000000,1.000000000000,0.310385826320,0.917927229891,0.000000000000,MAPPED
METTL7A_VS_METTL7B,210,210,QUERY,213,GLU,3.690066937062,0.327483265734,0.576193924114,0.978811681797,0.000000000000,MAPPED
METTL7A_VS_METTL7B,210,210,QUERY,214,ARG,3.451373494712,0.387156626322,0.540528499125,0.975019931936,0.555555555556,MAPPED
METTL7A_VS_METTL7B,210,210,QUERY,207,GLU,2.710710792394,0.572322301902,0.304405097501,0.915093413569,0.000000000000,MAPPED
METTL7A_VS_METTL7B,210,210,SUBJECT_ONLY,211,ASP,3.831403920236,0.292149019941,0.268822465557,0.895786451280,1.000000000000,SUBJECT_ONLY
METTL7A_VS_METTL7B,213,213,QUERY,209,TRP,3.820637904853,0.294840523787,0.142402831502,0.777825199763,0.000000000000,MAPPED
METTL7A_VS_METTL7B,213,213,QUERY,210,LYS,3.690066937062,0.327483265734,0.310385826320,0.917927229891,0.000000000000,MAPPED
METTL7A_VS_METTL7B,213,213,QUERY,213,GLU,0.000000000000,1.000000000000,0.576193924114,0.978811681797,0.000000000000,MAPPED
METTL7A_VS_METTL7B,213,213,QUERY,214,ARG,3.862502427184,0.284374393204,0.540528499125,0.975019931936,0.555555555556,MAPPED
METTL7A_VS_METTL7B,213,213,QUERY,215,ALA,5.616198892489,0.000000000000,0.174023901701,0.816571176461,0.000000000000,MAPPED
METTL7A_VS_METTL7B,213,213,SUBJECT_ONLY,211,ASP,5.605227827662,0.000000000000,0.268822465557,0.895786451280,1.000000000000,SUBJECT_ONLY
METTL7A_VS_METTL7B,214,214,QUERY,210,LYS,3.451373494712,0.387156626322,0.310385826320,0.917927229891,0.000000000000,MAPPED
METTL7A_VS_METTL7B,214,214,QUERY,213,GLU,3.862502427184,0.284374393204,0.576193924114,0.978811681797,0.000000000000,MAPPED
METTL7A_VS_METTL7B,214,214,QUERY,214,ARG,0.000000000000,1.000000000000,0.540528499125,0.975019931936,0.555555555556,MAPPED
METTL7A_VS_METTL7B,214,214,QUERY,215,ALA,3.833149749227,0.291712562693,0.174023901701,0.816571176461,0.000000000000,MAPPED
METTL7A_VS_METTL7B,214,214,QUERY,216,SER,6.670123986854,0.000000000000,0.693849594271,0.987278404620,0.555555555556,MAPPED
METTL7A_VS_METTL7B,214,214,SUBJECT_ONLY,211,ASP,4.753252044653,0.061686988837,0.268822465557,0.895786451280,1.000000000000,SUBJECT_ONLY
METTL7A_VS_METTL7B,215,215,QUERY,213,GLU,5.616198892489,0.000000000000,0.576193924114,0.978811681797,0.000000000000,MAPPED
METTL7A_VS_METTL7B,215,215,QUERY,214,ARG,3.833149749227,0.291712562693,0.540528499125,0.975019931936,0.555555555556,MAPPED
METTL7A_VS_METTL7B,215,215,QUERY,215,ALA,0.000000000000,1.000000000000,0.174023901701,0.816571176461,0.000000000000,MAPPED
METTL7A_VS_METTL7B,215,215,QUERY,216,SER,3.844833806551,0.288791548362,0.693849594271,0.987278404620,0.555555555556,MAPPED
METTL7A_VS_METTL7B,215,215,QUERY,217,PHE,3.653294129960,0.336676467510,0.117423034016,0.741682461620,0.000000000000,MAPPED
METTL7A_VS_METTL7B,215,215,SUBJECT_ONLY,211,ASP,5.821604332141,0.000000000000,0.268822465557,0.895786451280,1.000000000000,SUBJECT_ONLY
METTL7A_VS_METTL7B,216,216,QUERY,218,SER,6.625232222345,0.000000000000,0.604329336606,0.981328830021,0.000000000000,MAPPED
METTL7A_VS_METTL7B,216,216,QUERY,214,ARG,6.670123986854,0.000000000000,0.540528499125,0.975019931936,0.555555555556,MAPPED
METTL7A_VS_METTL7B,216,216,QUERY,215,ALA,3.844833806551,0.288791548362,0.174023901701,0.816571176461,0.000000000000,MAPPED
METTL7A_VS_METTL7B,216,216,QUERY,216,SER,0.000000000000,1.000000000000,0.693849594271,0.987278404620,0.555555555556,MAPPED
METTL7A_VS_METTL7B,216,216,QUERY,217,PHE,3.839856507736,0.290035873066,0.117423034016,0.741682461620,0.000000000000,MAPPED
METTL7A_VS_METTL7B,217,217,QUERY,220,LEU,5.414070834409,0.000000000000,0.315775850160,0.920389988768,0.277777777778,MAPPED
METTL7A_VS_METTL7B,217,217,QUERY,219,LYS,4.981043464978,0.004739133756,0.363983088337,0.939044883699,0.444444444444,MAPPED
METTL7A_VS_METTL7B,217,217,QUERY,218,SER,3.849195500361,0.287701124910,0.604329336606,0.981328830021,0.000000000000,MAPPED
METTL7A_VS_METTL7B,217,217,QUERY,217,PHE,0.000000000000,1.000000000000,0.117423034016,0.741682461620,0.000000000000,MAPPED
METTL7A_VS_METTL7B,217,217,QUERY,216,SER,3.839856507736,0.290035873066,0.693849594271,0.987278404620,0.555555555556,MAPPED
METTL7A_VS_METTL7B,217,217,QUERY,215,ALA,3.653294129960,0.336676467510,0.174023901701,0.816571176461,0.000000000000,MAPPED
METTL7A_VS_METTL7B,217,217,QUERY,244,LYS,4.226689129804,0.193327717549,0.221192508651,0.861939135845,0.000000000000,MAPPED
METTL7A_VS_METTL7B,217,217,QUERY,243,VAL,4.574818903520,0.106295274120,0.116497461224,0.740242730527,0.000000000000,MAPPED
METTL7A_VS_METTL7B,218,218,QUERY,243,VAL,4.100032926697,0.224991768326,0.116497461224,0.740242730527,0.000000000000,MAPPED
METTL7A_VS_METTL7B,218,218,QUERY,216,SER,6.625232222345,0.000000000000,0.693849594271,0.987278404620,0.555555555556,MAPPED
METTL7A_VS_METTL7B,218,218,QUERY,218,SER,0.000000000000,1.000000000000,0.604329336606,0.981328830021,0.000000000000,MAPPED
METTL7A_VS_METTL7B,218,218,QUERY,244,LYS,4.066013403815,0.233496649046,0.221192508651,0.861939135845,0.000000000000,MAPPED
METTL7A_VS_METTL7B,218,218,QUERY,217,PHE,3.849195500361,0.287701124910,0.117423034016,0.741682461620,0.000000000000,MAPPED
METTL7A_VS_METTL7B,218,218,QUERY,219,LYS,3.847667995033,0.288083001242,0.363983088337,0.939044883699,0.444444444444,MAPPED
METTL7A_VS_METTL7B,219,219,QUERY,243,VAL,4.128249629080,0.217937592730,0.116497461224,0.740242730527,0.000000000000,MAPPED
METTL7A_VS_METTL7B,219,219,QUERY,221,LYS,3.515590135383,0.371102466154,0.350716803980,0.934462927020,0.444444444444,MAPPED
METTL7A_VS_METTL7B,219,219,QUERY,218,SER,3.847667995033,0.288083001242,0.604329336606,0.981328830021,0.000000000000,MAPPED
METTL7A_VS_METTL7B,219,219,QUERY,220,LEU,3.825100390839,0.293724902290,0.315775850160,0.920389988768,0.277777777778,MAPPED
METTL7A_VS_METTL7B,219,219,QUERY,217,PHE,4.981043464978,0.004739133756,0.117423034016,0.741682461620,0.000000000000,MAPPED
METTL7A_VS_METTL7B,219,219,QUERY,219,LYS,0.000000000000,1.000000000000,0.363983088337,0.939044883699,0.444444444444,MAPPED
METTL7A_VS_METTL7B,220,220,QUERY,217,PHE,5.414070834409,0.000000000000,0.117423034016,0.741682461620,0.000000000000,MAPPED
METTL7A_VS_METTL7B,220,220,QUERY,222,LEU,3.990598075477,0.252350481131,0.215209943306,0.856907676205,0.333333333333,MAPPED
METTL7A_VS_METTL7B,220,220,QUERY,241,TYR,5.516790824383,0.000000000000,0.118500274915,0.743348851770,0.722222222222,MAPPED
METTL7A_VS_METTL7B,220,220,QUERY,219,LYS,3.825100390839,0.293724902290,0.363983088337,0.939044883699,0.444444444444,MAPPED
METTL7A_VS_METTL7B,220,220,QUERY,243,VAL,6.638514366935,0.000000000000,0.116497461224,0.740242730527,0.000000000000,MAPPED
METTL7A_VS_METTL7B,220,220,QUERY,220,LEU,0.000000000000,1.000000000000,0.315775850160,0.920389988768,0.277777777778,MAPPED
METTL7A_VS_METTL7B,220,220,QUERY,221,LYS,3.826378967118,0.293405258221,0.350716803980,0.934462927020,0.444444444444,MAPPED
METTL7A_VS_METTL7B,221,221,QUERY,222,LEU,3.818559545169,0.295360113708,0.215209943306,0.856907676205,0.333333333333,MAPPED
METTL7A_VS_METTL7B,221,221,QUERY,241,TYR,2.899262492428,0.525184376893,0.118500274915,0.743348851770,0.722222222222,MAPPED
METTL7A_VS_METTL7B,221,221,QUERY,223,GLN,6.432970309274,0.000000000000,0.427689429555,0.956496867196,0.333333333333,MAPPED
METTL7A_VS_METTL7B,221,221,QUERY,219,LYS,3.515590135383,0.371102466154,0.363983088337,0.939044883699,0.444444444444,MAPPED
METTL7A_VS_METTL7B,221,221,QUERY,220,LEU,3.826378967118,0.293405258221,0.315775850160,0.920389988768,0.277777777778,MAPPED
METTL7A_VS_METTL7B,221,221,QUERY,221,LYS,0.000000000000,1.000000000000,0.350716803980,0.934462927020,0.444444444444,MAPPED
METTL7A_VS_METTL7B,221,221,QUERY,240,GLY,5.259146223485,0.000000000000,0.091199827516,0.697986890838,1.000000000000,QUERY_ONLY
METTL7A_VS_METTL7B,222,222,QUERY,222,LEU,0.000000000000,1.000000000000,0.215209943306,0.856907676205,0.333333333333,MAPPED
METTL7A_VS_METTL7B,222,222,QUERY,241,TYR,6.555732987241,0.000000000000,0.118500274915,0.743348851770,0.722222222222,MAPPED
METTL7A_VS_METTL7B,222,222,QUERY,223,GLN,3.824040533258,0.293989866686,0.427689429555,0.956496867196,0.333333333333,MAPPED
METTL7A_VS_METTL7B,222,222,QUERY,224,HIS,3.434071781428,0.391482054643,0.472182737768,0.965265791265,0.555555555556,MAPPED
METTL7A_VS_METTL7B,222,222,QUERY,220,LEU,3.990598075477,0.252350481131,0.315775850160,0.920389988768,0.277777777778,MAPPED
METTL7A_VS_METTL7B,222,222,QUERY,221,LYS,3.818559545169,0.295360113708,0.350716803980,0.934462927020,0.444444444444,MAPPED
METTL7A_VS_METTL7B,222,222,QUERY,240,GLY,4.847862828092,0.038034292977,0.091199827516,0.697986890838,1.000000000000,QUERY_ONLY
METTL7A_VS_METTL7B,222,222,SUBJECT_ONLY,239,MET,5.223573680920,0.000000000000,0.078088047424,0.673836882125,1.000000000000,SUBJECT_ONLY
METTL7A_VS_METTL7B,223,223,QUERY,221,LYS,6.432970309274,0.000000000000,0.350716803980,0.934462927020,0.444444444444,MAPPED
METTL7A_VS_METTL7B,223,223,QUERY,240,GLY,6.102659174491,0.000000000000,0.091199827516,0.697986890838,1.000000000000,QUERY_ONLY
METTL7A_VS_METTL7B,223,223,QUERY,223,GLN,0.000000000000,1.000000000000,0.427689429555,0.956496867196,0.333333333333,MAPPED
METTL7A_VS_METTL7B,223,223,QUERY,225,ILE,4.854676096301,0.036330975925,0.169951102301,0.811988515566,0.944444444444,MAPPED
METTL7A_VS_METTL7B,223,223,QUERY,222,LEU,3.824040533258,0.293989866686,0.215209943306,0.856907676205,0.333333333333,MAPPED
METTL7A_VS_METTL7B,223,223,QUERY,224,HIS,3.805919862530,0.298520034368,0.472182737768,0.965265791265,0.555555555556,MAPPED
METTL7A_VS_METTL7B,223,223,SUBJECT_ONLY,239,MET,5.402905422085,0.000000000000,0.078088047424,0.673836882125,1.000000000000,SUBJECT_ONLY
METTL7A_VS_METTL7B,224,224,QUERY,223,GLN,3.805919862530,0.298520034368,0.427689429555,0.956496867196,0.333333333333,MAPPED
METTL7A_VS_METTL7B,224,224,QUERY,222,LEU,3.434071781428,0.391482054643,0.215209943306,0.856907676205,0.333333333333,MAPPED
METTL7A_VS_METTL7B,224,224,QUERY,225,ILE,3.836738979915,0.290815255021,0.169951102301,0.811988515566,0.944444444444,MAPPED
METTL7A_VS_METTL7B,224,224,QUERY,224,HIS,0.000000000000,1.000000000000,0.472182737768,0.965265791265,0.555555555556,MAPPED
METTL7A_VS_METTL7B,224,224,SUBJECT_ONLY,239,MET,6.460395034361,0.000000000000,0.078088047424,0.673836882125,1.000000000000,SUBJECT_ONLY
METTL7A_VS_METTL7B,225,225,QUERY,223,GLN,4.854676096301,0.036330975925,0.427689429555,0.956496867196,0.333333333333,MAPPED
METTL7A_VS_METTL7B,225,225,QUERY,226,GLN,3.778148488347,0.305462877913,0.582031449688,0.979365432368,0.666666666667,MAPPED
METTL7A_VS_METTL7B,225,225,QUERY,225,ILE,0.000000000000,1.000000000000,0.169951102301,0.811988515566,0.944444444444,MAPPED
METTL7A_VS_METTL7B,225,225,QUERY,224,HIS,3.836738979915,0.290815255021,0.472182737768,0.965265791265,0.555555555556,MAPPED
METTL7A_VS_METTL7B,225,225,SUBJECT_ONLY,236,PRO,5.981700761489,0.000000000000,0.118628143060,0.743545991525,1.000000000000,SUBJECT_ONLY
METTL7A_VS_METTL7B,225,225,SUBJECT_ONLY,227,PRO,6.348029773087,0.000000000000,0.190666511598,0.834138307121,1.000000000000,SUBJECT_ONLY
METTL7A_VS_METTL7B,225,225,SUBJECT_ONLY,239,MET,4.048656443809,0.237835889048,0.078088047424,0.673836882125,1.000000000000,SUBJECT_ONLY
METTL7A_VS_METTL7B,226,226,QUERY,228,PRO,6.065000824402,0.000000000000,0.459666082598,0.963026748702,0.000000000000,MAPPED
METTL7A_VS_METTL7B,226,226,QUERY,235,ARG,3.433449286068,0.391637678483,0.259024690535,0.889646077905,1.000000000000,QUERY_ONLY
METTL7A_VS_METTL7B,226,226,QUERY,226,GLN,0.000000000000,1.000000000000,0.582031449688,0.979365432368,0.666666666667,MAPPED
METTL7A_VS_METTL7B,226,226,QUERY,225,ILE,3.778148488347,0.305462877913,0.169951102301,0.811988515566,0.944444444444,MAPPED
METTL7A_VS_METTL7B,226,226,SUBJECT_ONLY,227,PRO,2.985106698261,0.503723325435,0.190666511598,0.834138307121,1.000000000000,SUBJECT_ONLY
METTL7A_VS_METTL7B,226,226,SUBJECT_ONLY,236,PRO,5.342914654007,0.000000000000,0.118628143060,0.743545991525,1.000000000000,SUBJECT_ONLY
METTL7A_VS_METTL7B,228,228,QUERY,226,GLN,6.065000824402,0.000000000000,0.582031449688,0.979365432368,0.666666666667,MAPPED
METTL7A_VS_METTL7B,228,228,QUERY,228,PRO,0.000000000000,1.000000000000,0.459666082598,0.963026748702,0.000000000000,MAPPED
METTL7A_VS_METTL7B,228,228,QUERY,235,ARG,5.479154131798,0.000000000000,0.259024690535,0.889646077905,1.000000000000,QUERY_ONLY
METTL7A_VS_METTL7B,228,228,QUERY,50,GLN,4.588885376646,0.102778655838,0.311046038834,0.918233463888,0.444444444444,MAPPED
METTL7A_VS_METTL7B,228,228,QUERY,230,SER,6.851391464513,0.000000000000,0.555221940013,0.976671885100,0.555555555556,MAPPED
METTL7A_VS_METTL7B,228,228,QUERY,229,LEU,3.846511796420,0.288372050895,0.066619855240,0.651446298863,0.000000000000,MAPPED
METTL7A_VS_METTL7B,228,228,SUBJECT_ONLY,51,MET,3.851823983517,0.287044004121,0.060758174160,0.639549240906,1.000000000000,SUBJECT_ONLY
METTL7A_VS_METTL7B,228,228,SUBJECT_ONLY,227,PRO,2.972499789739,0.506875052565,0.190666511598,0.834138307121,1.000000000000,SUBJECT_ONLY
METTL7A_VS_METTL7B,228,228,SUBJECT_ONLY,47,SER,3.546611058461,0.363347235385,0.111069093464,0.731649906902,1.000000000000,SUBJECT_ONLY
METTL7A_VS_METTL7B,229,229,QUERY,231,TRP,4.915572194567,0.021106951358,0.361499889462,0.938215905965,0.000000000000,MAPPED
METTL7A_VS_METTL7B,229,229,QUERY,50,GLN,3.240933507494,0.439766623126,0.311046038834,0.918233463888,0.444444444444,MAPPED
METTL7A_VS_METTL7B,229,229,QUERY,232,GLU,6.456703648147,0.000000000000,0.580870686682,0.979256698575,0.944444444444,MAPPED
METTL7A_VS_METTL7B,229,229,QUERY,228,PRO,3.846511796420,0.288372050895,0.459666082598,0.963026748702,0.000000000000,MAPPED
METTL7A_VS_METTL7B,229,229,QUERY,229,LEU,0.000000000000,1.000000000000,0.066619855240,0.651446298863,0.000000000000,MAPPED
METTL7A_VS_METTL7B,229,229,QUERY,230,SER,3.825722154051,0.293569461487,0.555221940013,0.976671885100,0.555555555556,MAPPED
METTL7A_VS_METTL7B,229,229,QUERY,235,ARG,4.358353014615,0.160411746346,0.259024690535,0.889646077905,1.000000000000,QUERY_ONLY
METTL7A_VS_METTL7B,229,229,SUBJECT_ONLY,227,PRO,5.098853008275,0.000000000000,0.190666511598,0.834138307121,1.000000000000,SUBJECT_ONLY
METTL7A_VS_METTL7B,230,230,QUERY,228,PRO,6.851391464513,0.000000000000,0.459666082598,0.963026748702,0.000000000000,MAPPED
METTL7A_VS_METTL7B,230,230,QUERY,229,LEU,3.825722154051,0.293569461487,0.066619855240,0.651446298863,0.000000000000,MAPPED
METTL7A_VS_METTL7B,230,230,QUERY,230,SER,0.000000000000,1.000000000000,0.555221940013,0.976671885100,0.555555555556,MAPPED
METTL7A_VS_METTL7B,230,230,QUERY,231,TRP,3.709277018504,0.322680745374,0.361499889462,0.938215905965,0.000000000000,MAPPED
METTL7A_VS_METTL7B,230,230,QUERY,232,GLU,6.258698027545,0.000000000000,0.580870686682,0.979256698575,0.944444444444,MAPPED
METTL7A_VS_METTL7B,230,230,SUBJECT_ONLY,227,PRO,4.281459564214,0.179635108946,0.190666511598,0.834138307121,1.000000000000,SUBJECT_ONLY
METTL7A_VS_METTL7B,231,231,QUERY,231,TRP,0.000000000000,1.000000000000,0.361499889462,0.938215905965,0.000000000000,MAPPED
METTL7A_VS_METTL7B,231,231,QUERY,232,GLU,3.837939551374,0.290515112157,0.580870686682,0.979256698575,0.944444444444,MAPPED
METTL7A_VS_METTL7B,231,231,QUERY,233,LEU,5.609349427518,0.000000000000,0.159955372644,0.800244084100,0.888888888889,MAPPED
METTL7A_VS_METTL7B,231,231,QUERY,229,LEU,4.915572194567,0.021106951358,0.066619855240,0.651446298863,0.000000000000,MAPPED
METTL7A_VS_METTL7B,231,231,QUERY,234,VAL,3.786108292165,0.303472926959,0.051776649433,0.620736680053,0.000000000000,MAPPED
METTL7A_VS_METTL7B,231,231,QUERY,230,SER,3.709277018504,0.322680745374,0.555221940013,0.976671885100,0.555555555556,MAPPED
METTL7A_VS_METTL7B,231,231,QUERY,235,ARG,5.404354262999,0.000000000000,0.259024690535,0.889646077905,1.000000000000,QUERY_ONLY
METTL7A_VS_METTL7B,232,232,QUERY,231,TRP,3.837939551374,0.290515112157,0.361499889462,0.938215905965,0.000000000000,MAPPED
METTL7A_VS_METTL7B,232,232,QUERY,232,GLU,0.000000000000,1.000000000000,0.580870686682,0.979256698575,0.944444444444,MAPPED
METTL7A_VS_METTL7B,232,232,QUERY,233,LEU,3.858026049679,0.285493487580,0.159955372644,0.800244084100,0.888888888889,MAPPED
METTL7A_VS_METTL7B,232,232,QUERY,229,LEU,6.456703648147,0.000000000000,0.066619855240,0.651446298863,0.000000000000,MAPPED
METTL7A_VS_METTL7B,232,232,QUERY,234,VAL,5.459854027353,0.000000000000,0.051776649433,0.620736680053,0.000000000000,MAPPED
METTL7A_VS_METTL7B,232,232,QUERY,230,SER,6.258698027545,0.000000000000,0.555221940013,0.976671885100,0.555555555556,MAPPED
METTL7A_VS_METTL7B,232,232,QUERY,235,ARG,2.872521888515,0.531869527871,0.259024690535,0.889646077905,1.000000000000,QUERY_ONLY
METTL7A_VS_METTL7B,233,233,QUERY,233,LEU,0.000000000000,1.000000000000,0.159955372644,0.800244084100,0.888888888889,MAPPED
METTL7A_VS_METTL7B,233,233,QUERY,235,ARG,5.853194768671,0.000000000000,0.259024690535,0.889646077905,1.000000000000,QUERY_ONLY
METTL7A_VS_METTL7B,233,233,QUERY,184,ASN,3.378614656927,0.405346335768,0.182662017745,0.825916548288,0.777777777778,MAPPED
METTL7A_VS_METTL7B,233,233,QUERY,232,GLU,3.858026049679,0.285493487580,0.580870686682,0.979256698575,0.944444444444,MAPPED
METTL7A_VS_METTL7B,233,233,QUERY,234,VAL,3.838072823697,0.290481794076,0.051776649433,0.620736680053,0.000000000000,MAPPED
METTL7A_VS_METTL7B,233,233,QUERY,231,TRP,5.609349427518,0.000000000000,0.361499889462,0.938215905965,0.000000000000,MAPPED
METTL7A_VS_METTL7B,234,234,QUERY,231,TRP,3.786108292165,0.303472926959,0.361499889462,0.938215905965,0.000000000000,MAPPED
METTL7A_VS_METTL7B,234,234,QUERY,232,GLU,5.459854027353,0.000000000000,0.580870686682,0.979256698575,0.944444444444,MAPPED
METTL7A_VS_METTL7B,234,234,QUERY,233,LEU,3.838072823697,0.290481794076,0.159955372644,0.800244084100,0.888888888889,MAPPED
METTL7A_VS_METTL7B,234,234,QUERY,234,VAL,0.000000000000,1.000000000000,0.051776649433,0.620736680053,0.000000000000,MAPPED
METTL7A_VS_METTL7B,234,234,QUERY,235,ARG,3.860958689238,0.284760327691,0.259024690535,0.889646077905,1.000000000000,QUERY_ONLY
METTL7A_VS_METTL7B,234,234,SUBJECT_ONLY,236,PRO,6.746738545401,0.000000000000,0.118628143060,0.743545991525,1.000000000000,SUBJECT_ONLY
METTL7A_VS_METTL7B,234,234,SUBJECT_ONLY,227,PRO,5.575379179930,0.000000000000,0.190666511598,0.834138307121,1.000000000000,SUBJECT_ONLY
METTL7A_VS_METTL7B,235,,QUERY,235,ARG,0.000000000000,1.000000000000,0.259024690535,0.889646077905,1.000000000000,QUERY_ONLY
METTL7A_VS_METTL7B,235,,QUERY,234,VAL,3.860958689238,0.284760327691,0.051776649433,0.620736680053,0.000000000000,MAPPED
METTL7A_VS_METTL7B,235,,QUERY,233,LEU,5.853194768671,0.000000000000,0.159955372644,0.800244084100,0.888888888889,MAPPED
METTL7A_VS_METTL7B,235,,QUERY,232,GLU,2.872521888515,0.531869527871,0.580870686682,0.979256698575,0.944444444444,MAPPED
METTL7A_VS_METTL7B,235,,QUERY,231,TRP,5.404354262999,0.000000000000,0.361499889462,0.938215905965,0.000000000000,MAPPED
METTL7A_VS_METTL7B,235,,QUERY,229,LEU,4.358353014615,0.160411746346,0.066619855240,0.651446298863,0.000000000000,MAPPED
METTL7A_VS_METTL7B,235,,QUERY,228,PRO,5.479154131798,0.000000000000,0.459666082598,0.963026748702,0.000000000000,MAPPED
METTL7A_VS_METTL7B,235,,QUERY,226,GLN,3.433449286068,0.391637678483,0.582031449688,0.979365432368,0.666666666667,MAPPED
METTL7A_VS_METTL7B,240,,QUERY,58,LEU,3.617693602283,0.345576599429,0.055838620587,0.629331383841,0.000000000000,MAPPED
METTL7A_VS_METTL7B,240,,QUERY,221,LYS,5.259146223485,0.000000000000,0.350716803980,0.934462927020,0.444444444444,MAPPED
METTL7A_VS_METTL7B,240,,QUERY,240,GLY,0.000000000000,1.000000000000,0.091199827516,0.697986890838,1.000000000000,QUERY_ONLY
METTL7A_VS_METTL7B,240,,QUERY,223,GLN,6.102659174491,0.000000000000,0.427689429555,0.956496867196,0.333333333333,MAPPED
METTL7A_VS_METTL7B,240,,QUERY,222,LEU,4.847862828092,0.038034292977,0.215209943306,0.856907676205,0.333333333333,MAPPED
METTL7A_VS_METTL7B,240,,QUERY,241,TYR,3.791140857315,0.302214785671,0.118500274915,0.743348851770,0.722222222222,MAPPED
METTL7A_VS_METTL7B,241,241,QUERY,221,LYS,2.899262492428,0.525184376893,0.350716803980,0.934462927020,0.444444444444,MAPPED
METTL7A_VS_METTL7B,241,241,QUERY,240,GLY,3.791140857315,0.302214785671,0.091199827516,0.697986890838,1.000000000000,QUERY_ONLY
METTL7A_VS_METTL7B,241,241,QUERY,220,LEU,5.516790824383,0.000000000000,0.315775850160,0.920389988768,0.277777777778,MAPPED
METTL7A_VS_METTL7B,241,241,QUERY,222,LEU,6.555732987241,0.000000000000,0.215209943306,0.856907676205,0.333333333333,MAPPED
METTL7A_VS_METTL7B,241,241,QUERY,241,TYR,0.000000000000,1.000000000000,0.118500274915,0.743348851770,0.722222222222,MAPPED
METTL7A_VS_METTL7B,241,241,QUERY,243,VAL,4.048396349173,0.237900912707,0.116497461224,0.740242730527,0.000000000000,MAPPED
METTL7A_VS_METTL7B,243,243,QUERY,220,LEU,6.638514366935,0.000000000000,0.315775850160,0.920389988768,0.277777777778,MAPPED
METTL7A_VS_METTL7B,243,243,QUERY,219,LYS,4.128249629080,0.217937592730,0.363983088337,0.939044883699,0.444444444444,MAPPED
METTL7A_VS_METTL7B,243,243,QUERY,218,SER,4.100032926697,0.224991768326,0.604329336606,0.981328830021,0.000000000000,MAPPED
METTL7A_VS_METTL7B,243,243,QUERY,217,PHE,4.574818903520,0.106295274120,0.117423034016,0.741682461620,0.000000000000,MAPPED
METTL7A_VS_METTL7B,243,243,QUERY,167,GLY,4.273727763908,0.181568059023,0.285457239518,0.905363184592,0.000000000000,MAPPED
METTL7A_VS_METTL7B,243,243,QUERY,244,LYS,3.825562573008,0.293609356748,0.221192508651,0.861939135845,0.000000000000,MAPPED
METTL7A_VS_METTL7B,243,243,QUERY,243,VAL,0.000000000000,1.000000000000,0.116497461224,0.740242730527,0.000000000000,MAPPED
METTL7A_VS_METTL7B,243,243,QUERY,241,TYR,4.048396349173,0.237900912707,0.118500274915,0.743348851770,0.722222222222,MAPPED
METTL7A_VS_METTL7B,244,244,QUERY,161,CYS,3.936713477001,0.265821630750,0.202532781051,0.845589558596,0.833333333333,MAPPED
METTL7A_VS_METTL7B,244,244,QUERY,166,PRO,4.237187038591,0.190703240352,0.585272351720,0.979665470544,0.000000000000,MAPPED
METTL7A_VS_METTL7B,244,244,QUERY,217,PHE,4.226689129804,0.193327717549,0.117423034016,0.741682461620,0.000000000000,MAPPED
METTL7A_VS_METTL7B,244,244,QUERY,218,SER,4.066013403815,0.233496649046,0.604329336606,0.981328830021,0.000000000000,MAPPED
METTL7A_VS_METTL7B,244,244,QUERY,167,GLY,3.324918495242,0.418770376190,0.285457239518,0.905363184592,0.000000000000,MAPPED
METTL7A_VS_METTL7B,244,244,QUERY,243,VAL,3.825562573008,0.293609356748,0.116497461224,0.740242730527,0.000000000000,MAPPED
METTL7A_VS_METTL7B,244,244,QUERY,244,LYS,0.000000000000,1.000000000000,0.221192508651,0.861939135845,0.000000000000,MAPPED
