ARTIFACT_ID,AUDIT_DEFECT,DEPENDENCY_CLASS,DEPENDENCY_PATH,DISPOSITION
TSLRSH-GPU-001,defective Amber name parsing,NO_DEPENDENCY_IDENTIFIED,checksum deletion bypass: reverified present+hash; malformed energy coercion: typed finite JSON checked; noncanonical identity: geometry/result hashes used; atlas leakage: no atlas artifact consumed; Amber/ZVZB/electronic-state/mutable-state defects: no dependency,TRUSTED
TSLRSH-GPU-001,old ZVZB finite-sample bug,NO_DEPENDENCY_IDENTIFIED,checksum deletion bypass: reverified present+hash; malformed energy coercion: typed finite JSON checked; noncanonical identity: geometry/result hashes used; atlas leakage: no atlas artifact consumed; Amber/ZVZB/electronic-state/mutable-state defects: no dependency,TRUSTED
TSLRSH-GPU-001,old checksum deletion bypass,REVERIFIED_FAIL_CLOSED_WITHOUT_RECOMPUTATION,checksum deletion bypass: reverified present+hash; malformed energy coercion: typed finite JSON checked; noncanonical identity: geometry/result hashes used; atlas leakage: no atlas artifact consumed; Amber/ZVZB/electronic-state/mutable-state defects: no dependency,TRUSTED
TSLRSH-GPU-001,malformed-energy coercion,REVERIFIED_FAIL_CLOSED_WITHOUT_RECOMPUTATION,checksum deletion bypass: reverified present+hash; malformed energy coercion: typed finite JSON checked; noncanonical identity: geometry/result hashes used; atlas leakage: no atlas artifact consumed; Amber/ZVZB/electronic-state/mutable-state defects: no dependency,TRUSTED
TSLRSH-GPU-001,atlas leakage,DIRECT_OR_REVERIFIED,checksum deletion bypass: reverified present+hash; malformed energy coercion: typed finite JSON checked; noncanonical identity: geometry/result hashes used; atlas leakage: no atlas artifact consumed; Amber/ZVZB/electronic-state/mutable-state defects: no dependency,TRUSTED
TSLRSH-GPU-001,noncanonical identity,REVERIFIED_FAIL_CLOSED_WITHOUT_RECOMPUTATION,checksum deletion bypass: reverified present+hash; malformed energy coercion: typed finite JSON checked; noncanonical identity: geometry/result hashes used; atlas leakage: no atlas artifact consumed; Amber/ZVZB/electronic-state/mutable-state defects: no dependency,TRUSTED
TSLRSH-GPU-001,electronic-state reuse mismatch,NO_DEPENDENCY_IDENTIFIED,checksum deletion bypass: reverified present+hash; malformed energy coercion: typed finite JSON checked; noncanonical identity: geometry/result hashes used; atlas leakage: no atlas artifact consumed; Amber/ZVZB/electronic-state/mutable-state defects: no dependency,TRUSTED
TSLRSH-GPU-001,mutable result state,NO_DEPENDENCY_IDENTIFIED,checksum deletion bypass: reverified present+hash; malformed energy coercion: typed finite JSON checked; noncanonical identity: geometry/result hashes used; atlas leakage: no atlas artifact consumed; Amber/ZVZB/electronic-state/mutable-state defects: no dependency,TRUSTED
TSLRSH-GPU-002,defective Amber name parsing,NO_DEPENDENCY_IDENTIFIED,checksum deletion bypass: reverified present+hash; malformed energy coercion: typed finite JSON checked; noncanonical identity: geometry/result hashes used; atlas leakage: no atlas artifact consumed; Amber/ZVZB/electronic-state/mutable-state defects: no dependency,TRUSTED
TSLRSH-GPU-002,old ZVZB finite-sample bug,NO_DEPENDENCY_IDENTIFIED,checksum deletion bypass: reverified present+hash; malformed energy coercion: typed finite JSON checked; noncanonical identity: geometry/result hashes used; atlas leakage: no atlas artifact consumed; Amber/ZVZB/electronic-state/mutable-state defects: no dependency,TRUSTED
TSLRSH-GPU-002,old checksum deletion bypass,REVERIFIED_FAIL_CLOSED_WITHOUT_RECOMPUTATION,checksum deletion bypass: reverified present+hash; malformed energy coercion: typed finite JSON checked; noncanonical identity: geometry/result hashes used; atlas leakage: no atlas artifact consumed; Amber/ZVZB/electronic-state/mutable-state defects: no dependency,TRUSTED
TSLRSH-GPU-002,malformed-energy coercion,REVERIFIED_FAIL_CLOSED_WITHOUT_RECOMPUTATION,checksum deletion bypass: reverified present+hash; malformed energy coercion: typed finite JSON checked; noncanonical identity: geometry/result hashes used; atlas leakage: no atlas artifact consumed; Amber/ZVZB/electronic-state/mutable-state defects: no dependency,TRUSTED
TSLRSH-GPU-002,atlas leakage,DIRECT_OR_REVERIFIED,checksum deletion bypass: reverified present+hash; malformed energy coercion: typed finite JSON checked; noncanonical identity: geometry/result hashes used; atlas leakage: no atlas artifact consumed; Amber/ZVZB/electronic-state/mutable-state defects: no dependency,TRUSTED
TSLRSH-GPU-002,noncanonical identity,REVERIFIED_FAIL_CLOSED_WITHOUT_RECOMPUTATION,checksum deletion bypass: reverified present+hash; malformed energy coercion: typed finite JSON checked; noncanonical identity: geometry/result hashes used; atlas leakage: no atlas artifact consumed; Amber/ZVZB/electronic-state/mutable-state defects: no dependency,TRUSTED
TSLRSH-GPU-002,electronic-state reuse mismatch,NO_DEPENDENCY_IDENTIFIED,checksum deletion bypass: reverified present+hash; malformed energy coercion: typed finite JSON checked; noncanonical identity: geometry/result hashes used; atlas leakage: no atlas artifact consumed; Amber/ZVZB/electronic-state/mutable-state defects: no dependency,TRUSTED
TSLRSH-GPU-002,mutable result state,NO_DEPENDENCY_IDENTIFIED,checksum deletion bypass: reverified present+hash; malformed energy coercion: typed finite JSON checked; noncanonical identity: geometry/result hashes used; atlas leakage: no atlas artifact consumed; Amber/ZVZB/electronic-state/mutable-state defects: no dependency,TRUSTED
TSLRSH-GPU-003,defective Amber name parsing,NO_DEPENDENCY_IDENTIFIED,checksum deletion bypass: reverified present+hash; malformed energy coercion: typed finite JSON checked; noncanonical identity: geometry/result hashes used; atlas leakage: no atlas artifact consumed; Amber/ZVZB/electronic-state/mutable-state defects: no dependency,TRUSTED
TSLRSH-GPU-003,old ZVZB finite-sample bug,NO_DEPENDENCY_IDENTIFIED,checksum deletion bypass: reverified present+hash; malformed energy coercion: typed finite JSON checked; noncanonical identity: geometry/result hashes used; atlas leakage: no atlas artifact consumed; Amber/ZVZB/electronic-state/mutable-state defects: no dependency,TRUSTED
TSLRSH-GPU-003,old checksum deletion bypass,REVERIFIED_FAIL_CLOSED_WITHOUT_RECOMPUTATION,checksum deletion bypass: reverified present+hash; malformed energy coercion: typed finite JSON checked; noncanonical identity: geometry/result hashes used; atlas leakage: no atlas artifact consumed; Amber/ZVZB/electronic-state/mutable-state defects: no dependency,TRUSTED
TSLRSH-GPU-003,malformed-energy coercion,REVERIFIED_FAIL_CLOSED_WITHOUT_RECOMPUTATION,checksum deletion bypass: reverified present+hash; malformed energy coercion: typed finite JSON checked; noncanonical identity: geometry/result hashes used; atlas leakage: no atlas artifact consumed; Amber/ZVZB/electronic-state/mutable-state defects: no dependency,TRUSTED
TSLRSH-GPU-003,atlas leakage,DIRECT_OR_REVERIFIED,checksum deletion bypass: reverified present+hash; malformed energy coercion: typed finite JSON checked; noncanonical identity: geometry/result hashes used; atlas leakage: no atlas artifact consumed; Amber/ZVZB/electronic-state/mutable-state defects: no dependency,TRUSTED
TSLRSH-GPU-003,noncanonical identity,REVERIFIED_FAIL_CLOSED_WITHOUT_RECOMPUTATION,checksum deletion bypass: reverified present+hash; malformed energy coercion: typed finite JSON checked; noncanonical identity: geometry/result hashes used; atlas leakage: no atlas artifact consumed; Amber/ZVZB/electronic-state/mutable-state defects: no dependency,TRUSTED
TSLRSH-GPU-003,electronic-state reuse mismatch,NO_DEPENDENCY_IDENTIFIED,checksum deletion bypass: reverified present+hash; malformed energy coercion: typed finite JSON checked; noncanonical identity: geometry/result hashes used; atlas leakage: no atlas artifact consumed; Amber/ZVZB/electronic-state/mutable-state defects: no dependency,TRUSTED
TSLRSH-GPU-003,mutable result state,NO_DEPENDENCY_IDENTIFIED,checksum deletion bypass: reverified present+hash; malformed energy coercion: typed finite JSON checked; noncanonical identity: geometry/result hashes used; atlas leakage: no atlas artifact consumed; Amber/ZVZB/electronic-state/mutable-state defects: no dependency,TRUSTED
TSLRSH-GPU-004,defective Amber name parsing,NO_DEPENDENCY_IDENTIFIED,checksum deletion bypass: reverified present+hash; malformed energy coercion: typed finite JSON checked; noncanonical identity: geometry/result hashes used; atlas leakage: no atlas artifact consumed; Amber/ZVZB/electronic-state/mutable-state defects: no dependency,TRUSTED
TSLRSH-GPU-004,old ZVZB finite-sample bug,NO_DEPENDENCY_IDENTIFIED,checksum deletion bypass: reverified present+hash; malformed energy coercion: typed finite JSON checked; noncanonical identity: geometry/result hashes used; atlas leakage: no atlas artifact consumed; Amber/ZVZB/electronic-state/mutable-state defects: no dependency,TRUSTED
TSLRSH-GPU-004,old checksum deletion bypass,REVERIFIED_FAIL_CLOSED_WITHOUT_RECOMPUTATION,checksum deletion bypass: reverified present+hash; malformed energy coercion: typed finite JSON checked; noncanonical identity: geometry/result hashes used; atlas leakage: no atlas artifact consumed; Amber/ZVZB/electronic-state/mutable-state defects: no dependency,TRUSTED
TSLRSH-GPU-004,malformed-energy coercion,REVERIFIED_FAIL_CLOSED_WITHOUT_RECOMPUTATION,checksum deletion bypass: reverified present+hash; malformed energy coercion: typed finite JSON checked; noncanonical identity: geometry/result hashes used; atlas leakage: no atlas artifact consumed; Amber/ZVZB/electronic-state/mutable-state defects: no dependency,TRUSTED
TSLRSH-GPU-004,atlas leakage,DIRECT_OR_REVERIFIED,checksum deletion bypass: reverified present+hash; malformed energy coercion: typed finite JSON checked; noncanonical identity: geometry/result hashes used; atlas leakage: no atlas artifact consumed; Amber/ZVZB/electronic-state/mutable-state defects: no dependency,TRUSTED
TSLRSH-GPU-004,noncanonical identity,REVERIFIED_FAIL_CLOSED_WITHOUT_RECOMPUTATION,checksum deletion bypass: reverified present+hash; malformed energy coercion: typed finite JSON checked; noncanonical identity: geometry/result hashes used; atlas leakage: no atlas artifact consumed; Amber/ZVZB/electronic-state/mutable-state defects: no dependency,TRUSTED
TSLRSH-GPU-004,electronic-state reuse mismatch,NO_DEPENDENCY_IDENTIFIED,checksum deletion bypass: reverified present+hash; malformed energy coercion: typed finite JSON checked; noncanonical identity: geometry/result hashes used; atlas leakage: no atlas artifact consumed; Amber/ZVZB/electronic-state/mutable-state defects: no dependency,TRUSTED
TSLRSH-GPU-004,mutable result state,NO_DEPENDENCY_IDENTIFIED,checksum deletion bypass: reverified present+hash; malformed energy coercion: typed finite JSON checked; noncanonical identity: geometry/result hashes used; atlas leakage: no atlas artifact consumed; Amber/ZVZB/electronic-state/mutable-state defects: no dependency,TRUSTED
TSLRSH-GPU-005,defective Amber name parsing,NO_DEPENDENCY_IDENTIFIED,checksum deletion bypass: reverified present+hash; malformed energy coercion: typed finite JSON checked; noncanonical identity: geometry/result hashes used; atlas leakage: no atlas artifact consumed; Amber/ZVZB/electronic-state/mutable-state defects: no dependency,TRUSTED
TSLRSH-GPU-005,old ZVZB finite-sample bug,NO_DEPENDENCY_IDENTIFIED,checksum deletion bypass: reverified present+hash; malformed energy coercion: typed finite JSON checked; noncanonical identity: geometry/result hashes used; atlas leakage: no atlas artifact consumed; Amber/ZVZB/electronic-state/mutable-state defects: no dependency,TRUSTED
TSLRSH-GPU-005,old checksum deletion bypass,REVERIFIED_FAIL_CLOSED_WITHOUT_RECOMPUTATION,checksum deletion bypass: reverified present+hash; malformed energy coercion: typed finite JSON checked; noncanonical identity: geometry/result hashes used; atlas leakage: no atlas artifact consumed; Amber/ZVZB/electronic-state/mutable-state defects: no dependency,TRUSTED
TSLRSH-GPU-005,malformed-energy coercion,REVERIFIED_FAIL_CLOSED_WITHOUT_RECOMPUTATION,checksum deletion bypass: reverified present+hash; malformed energy coercion: typed finite JSON checked; noncanonical identity: geometry/result hashes used; atlas leakage: no atlas artifact consumed; Amber/ZVZB/electronic-state/mutable-state defects: no dependency,TRUSTED
TSLRSH-GPU-005,atlas leakage,DIRECT_OR_REVERIFIED,checksum deletion bypass: reverified present+hash; malformed energy coercion: typed finite JSON checked; noncanonical identity: geometry/result hashes used; atlas leakage: no atlas artifact consumed; Amber/ZVZB/electronic-state/mutable-state defects: no dependency,TRUSTED
TSLRSH-GPU-005,noncanonical identity,REVERIFIED_FAIL_CLOSED_WITHOUT_RECOMPUTATION,checksum deletion bypass: reverified present+hash; malformed energy coercion: typed finite JSON checked; noncanonical identity: geometry/result hashes used; atlas leakage: no atlas artifact consumed; Amber/ZVZB/electronic-state/mutable-state defects: no dependency,TRUSTED
TSLRSH-GPU-005,electronic-state reuse mismatch,NO_DEPENDENCY_IDENTIFIED,checksum deletion bypass: reverified present+hash; malformed energy coercion: typed finite JSON checked; noncanonical identity: geometry/result hashes used; atlas leakage: no atlas artifact consumed; Amber/ZVZB/electronic-state/mutable-state defects: no dependency,TRUSTED
TSLRSH-GPU-005,mutable result state,NO_DEPENDENCY_IDENTIFIED,checksum deletion bypass: reverified present+hash; malformed energy coercion: typed finite JSON checked; noncanonical identity: geometry/result hashes used; atlas leakage: no atlas artifact consumed; Amber/ZVZB/electronic-state/mutable-state defects: no dependency,TRUSTED
TSLRSH-GPU-006,defective Amber name parsing,NO_DEPENDENCY_IDENTIFIED,checksum deletion bypass: reverified present+hash; malformed energy coercion: typed finite JSON checked; noncanonical identity: geometry/result hashes used; atlas leakage: no atlas artifact consumed; Amber/ZVZB/electronic-state/mutable-state defects: no dependency,TRUSTED
TSLRSH-GPU-006,old ZVZB finite-sample bug,NO_DEPENDENCY_IDENTIFIED,checksum deletion bypass: reverified present+hash; malformed energy coercion: typed finite JSON checked; noncanonical identity: geometry/result hashes used; atlas leakage: no atlas artifact consumed; Amber/ZVZB/electronic-state/mutable-state defects: no dependency,TRUSTED
TSLRSH-GPU-006,old checksum deletion bypass,REVERIFIED_FAIL_CLOSED_WITHOUT_RECOMPUTATION,checksum deletion bypass: reverified present+hash; malformed energy coercion: typed finite JSON checked; noncanonical identity: geometry/result hashes used; atlas leakage: no atlas artifact consumed; Amber/ZVZB/electronic-state/mutable-state defects: no dependency,TRUSTED
TSLRSH-GPU-006,malformed-energy coercion,REVERIFIED_FAIL_CLOSED_WITHOUT_RECOMPUTATION,checksum deletion bypass: reverified present+hash; malformed energy coercion: typed finite JSON checked; noncanonical identity: geometry/result hashes used; atlas leakage: no atlas artifact consumed; Amber/ZVZB/electronic-state/mutable-state defects: no dependency,TRUSTED
TSLRSH-GPU-006,atlas leakage,DIRECT_OR_REVERIFIED,checksum deletion bypass: reverified present+hash; malformed energy coercion: typed finite JSON checked; noncanonical identity: geometry/result hashes used; atlas leakage: no atlas artifact consumed; Amber/ZVZB/electronic-state/mutable-state defects: no dependency,TRUSTED
TSLRSH-GPU-006,noncanonical identity,REVERIFIED_FAIL_CLOSED_WITHOUT_RECOMPUTATION,checksum deletion bypass: reverified present+hash; malformed energy coercion: typed finite JSON checked; noncanonical identity: geometry/result hashes used; atlas leakage: no atlas artifact consumed; Amber/ZVZB/electronic-state/mutable-state defects: no dependency,TRUSTED
TSLRSH-GPU-006,electronic-state reuse mismatch,NO_DEPENDENCY_IDENTIFIED,checksum deletion bypass: reverified present+hash; malformed energy coercion: typed finite JSON checked; noncanonical identity: geometry/result hashes used; atlas leakage: no atlas artifact consumed; Amber/ZVZB/electronic-state/mutable-state defects: no dependency,TRUSTED
TSLRSH-GPU-006,mutable result state,NO_DEPENDENCY_IDENTIFIED,checksum deletion bypass: reverified present+hash; malformed energy coercion: typed finite JSON checked; noncanonical identity: geometry/result hashes used; atlas leakage: no atlas artifact consumed; Amber/ZVZB/electronic-state/mutable-state defects: no dependency,TRUSTED
TSLRSH-GPU-007,defective Amber name parsing,NO_DEPENDENCY_IDENTIFIED,checksum deletion bypass: reverified present+hash; malformed energy coercion: typed finite JSON checked; noncanonical identity: geometry/result hashes used; atlas leakage: no atlas artifact consumed; Amber/ZVZB/electronic-state/mutable-state defects: no dependency,TRUSTED
TSLRSH-GPU-007,old ZVZB finite-sample bug,NO_DEPENDENCY_IDENTIFIED,checksum deletion bypass: reverified present+hash; malformed energy coercion: typed finite JSON checked; noncanonical identity: geometry/result hashes used; atlas leakage: no atlas artifact consumed; Amber/ZVZB/electronic-state/mutable-state defects: no dependency,TRUSTED
TSLRSH-GPU-007,old checksum deletion bypass,REVERIFIED_FAIL_CLOSED_WITHOUT_RECOMPUTATION,checksum deletion bypass: reverified present+hash; malformed energy coercion: typed finite JSON checked; noncanonical identity: geometry/result hashes used; atlas leakage: no atlas artifact consumed; Amber/ZVZB/electronic-state/mutable-state defects: no dependency,TRUSTED
TSLRSH-GPU-007,malformed-energy coercion,REVERIFIED_FAIL_CLOSED_WITHOUT_RECOMPUTATION,checksum deletion bypass: reverified present+hash; malformed energy coercion: typed finite JSON checked; noncanonical identity: geometry/result hashes used; atlas leakage: no atlas artifact consumed; Amber/ZVZB/electronic-state/mutable-state defects: no dependency,TRUSTED
TSLRSH-GPU-007,atlas leakage,DIRECT_OR_REVERIFIED,checksum deletion bypass: reverified present+hash; malformed energy coercion: typed finite JSON checked; noncanonical identity: geometry/result hashes used; atlas leakage: no atlas artifact consumed; Amber/ZVZB/electronic-state/mutable-state defects: no dependency,TRUSTED
TSLRSH-GPU-007,noncanonical identity,REVERIFIED_FAIL_CLOSED_WITHOUT_RECOMPUTATION,checksum deletion bypass: reverified present+hash; malformed energy coercion: typed finite JSON checked; noncanonical identity: geometry/result hashes used; atlas leakage: no atlas artifact consumed; Amber/ZVZB/electronic-state/mutable-state defects: no dependency,TRUSTED
TSLRSH-GPU-007,electronic-state reuse mismatch,NO_DEPENDENCY_IDENTIFIED,checksum deletion bypass: reverified present+hash; malformed energy coercion: typed finite JSON checked; noncanonical identity: geometry/result hashes used; atlas leakage: no atlas artifact consumed; Amber/ZVZB/electronic-state/mutable-state defects: no dependency,TRUSTED
TSLRSH-GPU-007,mutable result state,NO_DEPENDENCY_IDENTIFIED,checksum deletion bypass: reverified present+hash; malformed energy coercion: typed finite JSON checked; noncanonical identity: geometry/result hashes used; atlas leakage: no atlas artifact consumed; Amber/ZVZB/electronic-state/mutable-state defects: no dependency,TRUSTED
TSLRSH-GPU-008,defective Amber name parsing,NO_DEPENDENCY_IDENTIFIED,checksum deletion bypass: reverified present+hash; malformed energy coercion: typed finite JSON checked; noncanonical identity: geometry/result hashes used; atlas leakage: no atlas artifact consumed; Amber/ZVZB/electronic-state/mutable-state defects: no dependency,TRUSTED
TSLRSH-GPU-008,old ZVZB finite-sample bug,NO_DEPENDENCY_IDENTIFIED,checksum deletion bypass: reverified present+hash; malformed energy coercion: typed finite JSON checked; noncanonical identity: geometry/result hashes used; atlas leakage: no atlas artifact consumed; Amber/ZVZB/electronic-state/mutable-state defects: no dependency,TRUSTED
TSLRSH-GPU-008,old checksum deletion bypass,REVERIFIED_FAIL_CLOSED_WITHOUT_RECOMPUTATION,checksum deletion bypass: reverified present+hash; malformed energy coercion: typed finite JSON checked; noncanonical identity: geometry/result hashes used; atlas leakage: no atlas artifact consumed; Amber/ZVZB/electronic-state/mutable-state defects: no dependency,TRUSTED
TSLRSH-GPU-008,malformed-energy coercion,REVERIFIED_FAIL_CLOSED_WITHOUT_RECOMPUTATION,checksum deletion bypass: reverified present+hash; malformed energy coercion: typed finite JSON checked; noncanonical identity: geometry/result hashes used; atlas leakage: no atlas artifact consumed; Amber/ZVZB/electronic-state/mutable-state defects: no dependency,TRUSTED
TSLRSH-GPU-008,atlas leakage,DIRECT_OR_REVERIFIED,checksum deletion bypass: reverified present+hash; malformed energy coercion: typed finite JSON checked; noncanonical identity: geometry/result hashes used; atlas leakage: no atlas artifact consumed; Amber/ZVZB/electronic-state/mutable-state defects: no dependency,TRUSTED
TSLRSH-GPU-008,noncanonical identity,REVERIFIED_FAIL_CLOSED_WITHOUT_RECOMPUTATION,checksum deletion bypass: reverified present+hash; malformed energy coercion: typed finite JSON checked; noncanonical identity: geometry/result hashes used; atlas leakage: no atlas artifact consumed; Amber/ZVZB/electronic-state/mutable-state defects: no dependency,TRUSTED
TSLRSH-GPU-008,electronic-state reuse mismatch,NO_DEPENDENCY_IDENTIFIED,checksum deletion bypass: reverified present+hash; malformed energy coercion: typed finite JSON checked; noncanonical identity: geometry/result hashes used; atlas leakage: no atlas artifact consumed; Amber/ZVZB/electronic-state/mutable-state defects: no dependency,TRUSTED
TSLRSH-GPU-008,mutable result state,NO_DEPENDENCY_IDENTIFIED,checksum deletion bypass: reverified present+hash; malformed energy coercion: typed finite JSON checked; noncanonical identity: geometry/result hashes used; atlas leakage: no atlas artifact consumed; Amber/ZVZB/electronic-state/mutable-state defects: no dependency,TRUSTED
TSLRSH-GPU-009,defective Amber name parsing,NO_DEPENDENCY_IDENTIFIED,checksum deletion bypass: reverified present+hash; malformed energy coercion: typed finite JSON checked; noncanonical identity: geometry/result hashes used; atlas leakage: no atlas artifact consumed; Amber/ZVZB/electronic-state/mutable-state defects: no dependency,TRUSTED
TSLRSH-GPU-009,old ZVZB finite-sample bug,NO_DEPENDENCY_IDENTIFIED,checksum deletion bypass: reverified present+hash; malformed energy coercion: typed finite JSON checked; noncanonical identity: geometry/result hashes used; atlas leakage: no atlas artifact consumed; Amber/ZVZB/electronic-state/mutable-state defects: no dependency,TRUSTED
TSLRSH-GPU-009,old checksum deletion bypass,REVERIFIED_FAIL_CLOSED_WITHOUT_RECOMPUTATION,checksum deletion bypass: reverified present+hash; malformed energy coercion: typed finite JSON checked; noncanonical identity: geometry/result hashes used; atlas leakage: no atlas artifact consumed; Amber/ZVZB/electronic-state/mutable-state defects: no dependency,TRUSTED
TSLRSH-GPU-009,malformed-energy coercion,REVERIFIED_FAIL_CLOSED_WITHOUT_RECOMPUTATION,checksum deletion bypass: reverified present+hash; malformed energy coercion: typed finite JSON checked; noncanonical identity: geometry/result hashes used; atlas leakage: no atlas artifact consumed; Amber/ZVZB/electronic-state/mutable-state defects: no dependency,TRUSTED
TSLRSH-GPU-009,atlas leakage,DIRECT_OR_REVERIFIED,checksum deletion bypass: reverified present+hash; malformed energy coercion: typed finite JSON checked; noncanonical identity: geometry/result hashes used; atlas leakage: no atlas artifact consumed; Amber/ZVZB/electronic-state/mutable-state defects: no dependency,TRUSTED
TSLRSH-GPU-009,noncanonical identity,REVERIFIED_FAIL_CLOSED_WITHOUT_RECOMPUTATION,checksum deletion bypass: reverified present+hash; malformed energy coercion: typed finite JSON checked; noncanonical identity: geometry/result hashes used; atlas leakage: no atlas artifact consumed; Amber/ZVZB/electronic-state/mutable-state defects: no dependency,TRUSTED
TSLRSH-GPU-009,electronic-state reuse mismatch,NO_DEPENDENCY_IDENTIFIED,checksum deletion bypass: reverified present+hash; malformed energy coercion: typed finite JSON checked; noncanonical identity: geometry/result hashes used; atlas leakage: no atlas artifact consumed; Amber/ZVZB/electronic-state/mutable-state defects: no dependency,TRUSTED
TSLRSH-GPU-009,mutable result state,NO_DEPENDENCY_IDENTIFIED,checksum deletion bypass: reverified present+hash; malformed energy coercion: typed finite JSON checked; noncanonical identity: geometry/result hashes used; atlas leakage: no atlas artifact consumed; Amber/ZVZB/electronic-state/mutable-state defects: no dependency,TRUSTED
TSLRSH-GPU-010,defective Amber name parsing,NO_DEPENDENCY_IDENTIFIED,checksum deletion bypass: reverified present+hash; malformed energy coercion: typed finite JSON checked; noncanonical identity: geometry/result hashes used; atlas leakage: no atlas artifact consumed; Amber/ZVZB/electronic-state/mutable-state defects: no dependency,TRUSTED
TSLRSH-GPU-010,old ZVZB finite-sample bug,NO_DEPENDENCY_IDENTIFIED,checksum deletion bypass: reverified present+hash; malformed energy coercion: typed finite JSON checked; noncanonical identity: geometry/result hashes used; atlas leakage: no atlas artifact consumed; Amber/ZVZB/electronic-state/mutable-state defects: no dependency,TRUSTED
TSLRSH-GPU-010,old checksum deletion bypass,REVERIFIED_FAIL_CLOSED_WITHOUT_RECOMPUTATION,checksum deletion bypass: reverified present+hash; malformed energy coercion: typed finite JSON checked; noncanonical identity: geometry/result hashes used; atlas leakage: no atlas artifact consumed; Amber/ZVZB/electronic-state/mutable-state defects: no dependency,TRUSTED
TSLRSH-GPU-010,malformed-energy coercion,REVERIFIED_FAIL_CLOSED_WITHOUT_RECOMPUTATION,checksum deletion bypass: reverified present+hash; malformed energy coercion: typed finite JSON checked; noncanonical identity: geometry/result hashes used; atlas leakage: no atlas artifact consumed; Amber/ZVZB/electronic-state/mutable-state defects: no dependency,TRUSTED
TSLRSH-GPU-010,atlas leakage,DIRECT_OR_REVERIFIED,checksum deletion bypass: reverified present+hash; malformed energy coercion: typed finite JSON checked; noncanonical identity: geometry/result hashes used; atlas leakage: no atlas artifact consumed; Amber/ZVZB/electronic-state/mutable-state defects: no dependency,TRUSTED
TSLRSH-GPU-010,noncanonical identity,REVERIFIED_FAIL_CLOSED_WITHOUT_RECOMPUTATION,checksum deletion bypass: reverified present+hash; malformed energy coercion: typed finite JSON checked; noncanonical identity: geometry/result hashes used; atlas leakage: no atlas artifact consumed; Amber/ZVZB/electronic-state/mutable-state defects: no dependency,TRUSTED
TSLRSH-GPU-010,electronic-state reuse mismatch,NO_DEPENDENCY_IDENTIFIED,checksum deletion bypass: reverified present+hash; malformed energy coercion: typed finite JSON checked; noncanonical identity: geometry/result hashes used; atlas leakage: no atlas artifact consumed; Amber/ZVZB/electronic-state/mutable-state defects: no dependency,TRUSTED
TSLRSH-GPU-010,mutable result state,NO_DEPENDENCY_IDENTIFIED,checksum deletion bypass: reverified present+hash; malformed energy coercion: typed finite JSON checked; noncanonical identity: geometry/result hashes used; atlas leakage: no atlas artifact consumed; Amber/ZVZB/electronic-state/mutable-state defects: no dependency,TRUSTED
TSLRSH-GPU-011,defective Amber name parsing,NO_DEPENDENCY_IDENTIFIED,checksum deletion bypass: reverified present+hash; malformed energy coercion: typed finite JSON checked; noncanonical identity: geometry/result hashes used; atlas leakage: no atlas artifact consumed; Amber/ZVZB/electronic-state/mutable-state defects: no dependency,TRUSTED
TSLRSH-GPU-011,old ZVZB finite-sample bug,NO_DEPENDENCY_IDENTIFIED,checksum deletion bypass: reverified present+hash; malformed energy coercion: typed finite JSON checked; noncanonical identity: geometry/result hashes used; atlas leakage: no atlas artifact consumed; Amber/ZVZB/electronic-state/mutable-state defects: no dependency,TRUSTED
TSLRSH-GPU-011,old checksum deletion bypass,REVERIFIED_FAIL_CLOSED_WITHOUT_RECOMPUTATION,checksum deletion bypass: reverified present+hash; malformed energy coercion: typed finite JSON checked; noncanonical identity: geometry/result hashes used; atlas leakage: no atlas artifact consumed; Amber/ZVZB/electronic-state/mutable-state defects: no dependency,TRUSTED
TSLRSH-GPU-011,malformed-energy coercion,REVERIFIED_FAIL_CLOSED_WITHOUT_RECOMPUTATION,checksum deletion bypass: reverified present+hash; malformed energy coercion: typed finite JSON checked; noncanonical identity: geometry/result hashes used; atlas leakage: no atlas artifact consumed; Amber/ZVZB/electronic-state/mutable-state defects: no dependency,TRUSTED
TSLRSH-GPU-011,atlas leakage,DIRECT_OR_REVERIFIED,checksum deletion bypass: reverified present+hash; malformed energy coercion: typed finite JSON checked; noncanonical identity: geometry/result hashes used; atlas leakage: no atlas artifact consumed; Amber/ZVZB/electronic-state/mutable-state defects: no dependency,TRUSTED
TSLRSH-GPU-011,noncanonical identity,REVERIFIED_FAIL_CLOSED_WITHOUT_RECOMPUTATION,checksum deletion bypass: reverified present+hash; malformed energy coercion: typed finite JSON checked; noncanonical identity: geometry/result hashes used; atlas leakage: no atlas artifact consumed; Amber/ZVZB/electronic-state/mutable-state defects: no dependency,TRUSTED
TSLRSH-GPU-011,electronic-state reuse mismatch,NO_DEPENDENCY_IDENTIFIED,checksum deletion bypass: reverified present+hash; malformed energy coercion: typed finite JSON checked; noncanonical identity: geometry/result hashes used; atlas leakage: no atlas artifact consumed; Amber/ZVZB/electronic-state/mutable-state defects: no dependency,TRUSTED
TSLRSH-GPU-011,mutable result state,NO_DEPENDENCY_IDENTIFIED,checksum deletion bypass: reverified present+hash; malformed energy coercion: typed finite JSON checked; noncanonical identity: geometry/result hashes used; atlas leakage: no atlas artifact consumed; Amber/ZVZB/electronic-state/mutable-state defects: no dependency,TRUSTED
TSLRSH-GPU-012,defective Amber name parsing,NO_DEPENDENCY_IDENTIFIED,checksum deletion bypass: reverified present+hash; malformed energy coercion: typed finite JSON checked; noncanonical identity: geometry/result hashes used; atlas leakage: no atlas artifact consumed; Amber/ZVZB/electronic-state/mutable-state defects: no dependency,TRUSTED
TSLRSH-GPU-012,old ZVZB finite-sample bug,NO_DEPENDENCY_IDENTIFIED,checksum deletion bypass: reverified present+hash; malformed energy coercion: typed finite JSON checked; noncanonical identity: geometry/result hashes used; atlas leakage: no atlas artifact consumed; Amber/ZVZB/electronic-state/mutable-state defects: no dependency,TRUSTED
TSLRSH-GPU-012,old checksum deletion bypass,REVERIFIED_FAIL_CLOSED_WITHOUT_RECOMPUTATION,checksum deletion bypass: reverified present+hash; malformed energy coercion: typed finite JSON checked; noncanonical identity: geometry/result hashes used; atlas leakage: no atlas artifact consumed; Amber/ZVZB/electronic-state/mutable-state defects: no dependency,TRUSTED
TSLRSH-GPU-012,malformed-energy coercion,REVERIFIED_FAIL_CLOSED_WITHOUT_RECOMPUTATION,checksum deletion bypass: reverified present+hash; malformed energy coercion: typed finite JSON checked; noncanonical identity: geometry/result hashes used; atlas leakage: no atlas artifact consumed; Amber/ZVZB/electronic-state/mutable-state defects: no dependency,TRUSTED
TSLRSH-GPU-012,atlas leakage,DIRECT_OR_REVERIFIED,checksum deletion bypass: reverified present+hash; malformed energy coercion: typed finite JSON checked; noncanonical identity: geometry/result hashes used; atlas leakage: no atlas artifact consumed; Amber/ZVZB/electronic-state/mutable-state defects: no dependency,TRUSTED
TSLRSH-GPU-012,noncanonical identity,REVERIFIED_FAIL_CLOSED_WITHOUT_RECOMPUTATION,checksum deletion bypass: reverified present+hash; malformed energy coercion: typed finite JSON checked; noncanonical identity: geometry/result hashes used; atlas leakage: no atlas artifact consumed; Amber/ZVZB/electronic-state/mutable-state defects: no dependency,TRUSTED
TSLRSH-GPU-012,electronic-state reuse mismatch,NO_DEPENDENCY_IDENTIFIED,checksum deletion bypass: reverified present+hash; malformed energy coercion: typed finite JSON checked; noncanonical identity: geometry/result hashes used; atlas leakage: no atlas artifact consumed; Amber/ZVZB/electronic-state/mutable-state defects: no dependency,TRUSTED
TSLRSH-GPU-012,mutable result state,NO_DEPENDENCY_IDENTIFIED,checksum deletion bypass: reverified present+hash; malformed energy coercion: typed finite JSON checked; noncanonical identity: geometry/result hashes used; atlas leakage: no atlas artifact consumed; Amber/ZVZB/electronic-state/mutable-state defects: no dependency,TRUSTED
TSLRSH-GPU-013,defective Amber name parsing,NO_DEPENDENCY_IDENTIFIED,checksum deletion bypass: reverified present+hash; malformed energy coercion: typed finite JSON checked; noncanonical identity: geometry/result hashes used; atlas leakage: no atlas artifact consumed; Amber/ZVZB/electronic-state/mutable-state defects: no dependency,TRUSTED
TSLRSH-GPU-013,old ZVZB finite-sample bug,NO_DEPENDENCY_IDENTIFIED,checksum deletion bypass: reverified present+hash; malformed energy coercion: typed finite JSON checked; noncanonical identity: geometry/result hashes used; atlas leakage: no atlas artifact consumed; Amber/ZVZB/electronic-state/mutable-state defects: no dependency,TRUSTED
TSLRSH-GPU-013,old checksum deletion bypass,REVERIFIED_FAIL_CLOSED_WITHOUT_RECOMPUTATION,checksum deletion bypass: reverified present+hash; malformed energy coercion: typed finite JSON checked; noncanonical identity: geometry/result hashes used; atlas leakage: no atlas artifact consumed; Amber/ZVZB/electronic-state/mutable-state defects: no dependency,TRUSTED
TSLRSH-GPU-013,malformed-energy coercion,REVERIFIED_FAIL_CLOSED_WITHOUT_RECOMPUTATION,checksum deletion bypass: reverified present+hash; malformed energy coercion: typed finite JSON checked; noncanonical identity: geometry/result hashes used; atlas leakage: no atlas artifact consumed; Amber/ZVZB/electronic-state/mutable-state defects: no dependency,TRUSTED
TSLRSH-GPU-013,atlas leakage,DIRECT_OR_REVERIFIED,checksum deletion bypass: reverified present+hash; malformed energy coercion: typed finite JSON checked; noncanonical identity: geometry/result hashes used; atlas leakage: no atlas artifact consumed; Amber/ZVZB/electronic-state/mutable-state defects: no dependency,TRUSTED
TSLRSH-GPU-013,noncanonical identity,REVERIFIED_FAIL_CLOSED_WITHOUT_RECOMPUTATION,checksum deletion bypass: reverified present+hash; malformed energy coercion: typed finite JSON checked; noncanonical identity: geometry/result hashes used; atlas leakage: no atlas artifact consumed; Amber/ZVZB/electronic-state/mutable-state defects: no dependency,TRUSTED
TSLRSH-GPU-013,electronic-state reuse mismatch,NO_DEPENDENCY_IDENTIFIED,checksum deletion bypass: reverified present+hash; malformed energy coercion: typed finite JSON checked; noncanonical identity: geometry/result hashes used; atlas leakage: no atlas artifact consumed; Amber/ZVZB/electronic-state/mutable-state defects: no dependency,TRUSTED
TSLRSH-GPU-013,mutable result state,NO_DEPENDENCY_IDENTIFIED,checksum deletion bypass: reverified present+hash; malformed energy coercion: typed finite JSON checked; noncanonical identity: geometry/result hashes used; atlas leakage: no atlas artifact consumed; Amber/ZVZB/electronic-state/mutable-state defects: no dependency,TRUSTED
TSLRSH-GPU-014,defective Amber name parsing,NO_DEPENDENCY_IDENTIFIED,checksum deletion bypass: reverified present+hash; malformed energy coercion: typed finite JSON checked; noncanonical identity: geometry/result hashes used; atlas leakage: no atlas artifact consumed; Amber/ZVZB/electronic-state/mutable-state defects: no dependency,TRUSTED
TSLRSH-GPU-014,old ZVZB finite-sample bug,NO_DEPENDENCY_IDENTIFIED,checksum deletion bypass: reverified present+hash; malformed energy coercion: typed finite JSON checked; noncanonical identity: geometry/result hashes used; atlas leakage: no atlas artifact consumed; Amber/ZVZB/electronic-state/mutable-state defects: no dependency,TRUSTED
TSLRSH-GPU-014,old checksum deletion bypass,REVERIFIED_FAIL_CLOSED_WITHOUT_RECOMPUTATION,checksum deletion bypass: reverified present+hash; malformed energy coercion: typed finite JSON checked; noncanonical identity: geometry/result hashes used; atlas leakage: no atlas artifact consumed; Amber/ZVZB/electronic-state/mutable-state defects: no dependency,TRUSTED
TSLRSH-GPU-014,malformed-energy coercion,REVERIFIED_FAIL_CLOSED_WITHOUT_RECOMPUTATION,checksum deletion bypass: reverified present+hash; malformed energy coercion: typed finite JSON checked; noncanonical identity: geometry/result hashes used; atlas leakage: no atlas artifact consumed; Amber/ZVZB/electronic-state/mutable-state defects: no dependency,TRUSTED
TSLRSH-GPU-014,atlas leakage,DIRECT_OR_REVERIFIED,checksum deletion bypass: reverified present+hash; malformed energy coercion: typed finite JSON checked; noncanonical identity: geometry/result hashes used; atlas leakage: no atlas artifact consumed; Amber/ZVZB/electronic-state/mutable-state defects: no dependency,TRUSTED
TSLRSH-GPU-014,noncanonical identity,REVERIFIED_FAIL_CLOSED_WITHOUT_RECOMPUTATION,checksum deletion bypass: reverified present+hash; malformed energy coercion: typed finite JSON checked; noncanonical identity: geometry/result hashes used; atlas leakage: no atlas artifact consumed; Amber/ZVZB/electronic-state/mutable-state defects: no dependency,TRUSTED
TSLRSH-GPU-014,electronic-state reuse mismatch,NO_DEPENDENCY_IDENTIFIED,checksum deletion bypass: reverified present+hash; malformed energy coercion: typed finite JSON checked; noncanonical identity: geometry/result hashes used; atlas leakage: no atlas artifact consumed; Amber/ZVZB/electronic-state/mutable-state defects: no dependency,TRUSTED
TSLRSH-GPU-014,mutable result state,NO_DEPENDENCY_IDENTIFIED,checksum deletion bypass: reverified present+hash; malformed energy coercion: typed finite JSON checked; noncanonical identity: geometry/result hashes used; atlas leakage: no atlas artifact consumed; Amber/ZVZB/electronic-state/mutable-state defects: no dependency,TRUSTED
TSLRSH-GPU-015,defective Amber name parsing,NO_DEPENDENCY_IDENTIFIED,checksum deletion bypass: reverified present+hash; malformed energy coercion: typed finite JSON checked; noncanonical identity: geometry/result hashes used; atlas leakage: no atlas artifact consumed; Amber/ZVZB/electronic-state/mutable-state defects: no dependency,TRUSTED
TSLRSH-GPU-015,old ZVZB finite-sample bug,NO_DEPENDENCY_IDENTIFIED,checksum deletion bypass: reverified present+hash; malformed energy coercion: typed finite JSON checked; noncanonical identity: geometry/result hashes used; atlas leakage: no atlas artifact consumed; Amber/ZVZB/electronic-state/mutable-state defects: no dependency,TRUSTED
TSLRSH-GPU-015,old checksum deletion bypass,REVERIFIED_FAIL_CLOSED_WITHOUT_RECOMPUTATION,checksum deletion bypass: reverified present+hash; malformed energy coercion: typed finite JSON checked; noncanonical identity: geometry/result hashes used; atlas leakage: no atlas artifact consumed; Amber/ZVZB/electronic-state/mutable-state defects: no dependency,TRUSTED
TSLRSH-GPU-015,malformed-energy coercion,REVERIFIED_FAIL_CLOSED_WITHOUT_RECOMPUTATION,checksum deletion bypass: reverified present+hash; malformed energy coercion: typed finite JSON checked; noncanonical identity: geometry/result hashes used; atlas leakage: no atlas artifact consumed; Amber/ZVZB/electronic-state/mutable-state defects: no dependency,TRUSTED
TSLRSH-GPU-015,atlas leakage,DIRECT_OR_REVERIFIED,checksum deletion bypass: reverified present+hash; malformed energy coercion: typed finite JSON checked; noncanonical identity: geometry/result hashes used; atlas leakage: no atlas artifact consumed; Amber/ZVZB/electronic-state/mutable-state defects: no dependency,TRUSTED
TSLRSH-GPU-015,noncanonical identity,REVERIFIED_FAIL_CLOSED_WITHOUT_RECOMPUTATION,checksum deletion bypass: reverified present+hash; malformed energy coercion: typed finite JSON checked; noncanonical identity: geometry/result hashes used; atlas leakage: no atlas artifact consumed; Amber/ZVZB/electronic-state/mutable-state defects: no dependency,TRUSTED
TSLRSH-GPU-015,electronic-state reuse mismatch,NO_DEPENDENCY_IDENTIFIED,checksum deletion bypass: reverified present+hash; malformed energy coercion: typed finite JSON checked; noncanonical identity: geometry/result hashes used; atlas leakage: no atlas artifact consumed; Amber/ZVZB/electronic-state/mutable-state defects: no dependency,TRUSTED
TSLRSH-GPU-015,mutable result state,NO_DEPENDENCY_IDENTIFIED,checksum deletion bypass: reverified present+hash; malformed energy coercion: typed finite JSON checked; noncanonical identity: geometry/result hashes used; atlas leakage: no atlas artifact consumed; Amber/ZVZB/electronic-state/mutable-state defects: no dependency,TRUSTED
TSLRSH-GPU-016,defective Amber name parsing,NO_DEPENDENCY_IDENTIFIED,checksum deletion bypass: reverified present+hash; malformed energy coercion: typed finite JSON checked; noncanonical identity: geometry/result hashes used; atlas leakage: no atlas artifact consumed; Amber/ZVZB/electronic-state/mutable-state defects: no dependency,TRUSTED
TSLRSH-GPU-016,old ZVZB finite-sample bug,NO_DEPENDENCY_IDENTIFIED,checksum deletion bypass: reverified present+hash; malformed energy coercion: typed finite JSON checked; noncanonical identity: geometry/result hashes used; atlas leakage: no atlas artifact consumed; Amber/ZVZB/electronic-state/mutable-state defects: no dependency,TRUSTED
TSLRSH-GPU-016,old checksum deletion bypass,REVERIFIED_FAIL_CLOSED_WITHOUT_RECOMPUTATION,checksum deletion bypass: reverified present+hash; malformed energy coercion: typed finite JSON checked; noncanonical identity: geometry/result hashes used; atlas leakage: no atlas artifact consumed; Amber/ZVZB/electronic-state/mutable-state defects: no dependency,TRUSTED
TSLRSH-GPU-016,malformed-energy coercion,REVERIFIED_FAIL_CLOSED_WITHOUT_RECOMPUTATION,checksum deletion bypass: reverified present+hash; malformed energy coercion: typed finite JSON checked; noncanonical identity: geometry/result hashes used; atlas leakage: no atlas artifact consumed; Amber/ZVZB/electronic-state/mutable-state defects: no dependency,TRUSTED
TSLRSH-GPU-016,atlas leakage,DIRECT_OR_REVERIFIED,checksum deletion bypass: reverified present+hash; malformed energy coercion: typed finite JSON checked; noncanonical identity: geometry/result hashes used; atlas leakage: no atlas artifact consumed; Amber/ZVZB/electronic-state/mutable-state defects: no dependency,TRUSTED
TSLRSH-GPU-016,noncanonical identity,REVERIFIED_FAIL_CLOSED_WITHOUT_RECOMPUTATION,checksum deletion bypass: reverified present+hash; malformed energy coercion: typed finite JSON checked; noncanonical identity: geometry/result hashes used; atlas leakage: no atlas artifact consumed; Amber/ZVZB/electronic-state/mutable-state defects: no dependency,TRUSTED
TSLRSH-GPU-016,electronic-state reuse mismatch,NO_DEPENDENCY_IDENTIFIED,checksum deletion bypass: reverified present+hash; malformed energy coercion: typed finite JSON checked; noncanonical identity: geometry/result hashes used; atlas leakage: no atlas artifact consumed; Amber/ZVZB/electronic-state/mutable-state defects: no dependency,TRUSTED
TSLRSH-GPU-016,mutable result state,NO_DEPENDENCY_IDENTIFIED,checksum deletion bypass: reverified present+hash; malformed energy coercion: typed finite JSON checked; noncanonical identity: geometry/result hashes used; atlas leakage: no atlas artifact consumed; Amber/ZVZB/electronic-state/mutable-state defects: no dependency,TRUSTED
TSLRSH-GPU-017,defective Amber name parsing,NO_DEPENDENCY_IDENTIFIED,checksum deletion bypass: reverified present+hash; malformed energy coercion: typed finite JSON checked; noncanonical identity: geometry/result hashes used; atlas leakage: no atlas artifact consumed; Amber/ZVZB/electronic-state/mutable-state defects: no dependency,TRUSTED
TSLRSH-GPU-017,old ZVZB finite-sample bug,NO_DEPENDENCY_IDENTIFIED,checksum deletion bypass: reverified present+hash; malformed energy coercion: typed finite JSON checked; noncanonical identity: geometry/result hashes used; atlas leakage: no atlas artifact consumed; Amber/ZVZB/electronic-state/mutable-state defects: no dependency,TRUSTED
TSLRSH-GPU-017,old checksum deletion bypass,REVERIFIED_FAIL_CLOSED_WITHOUT_RECOMPUTATION,checksum deletion bypass: reverified present+hash; malformed energy coercion: typed finite JSON checked; noncanonical identity: geometry/result hashes used; atlas leakage: no atlas artifact consumed; Amber/ZVZB/electronic-state/mutable-state defects: no dependency,TRUSTED
TSLRSH-GPU-017,malformed-energy coercion,REVERIFIED_FAIL_CLOSED_WITHOUT_RECOMPUTATION,checksum deletion bypass: reverified present+hash; malformed energy coercion: typed finite JSON checked; noncanonical identity: geometry/result hashes used; atlas leakage: no atlas artifact consumed; Amber/ZVZB/electronic-state/mutable-state defects: no dependency,TRUSTED
TSLRSH-GPU-017,atlas leakage,DIRECT_OR_REVERIFIED,checksum deletion bypass: reverified present+hash; malformed energy coercion: typed finite JSON checked; noncanonical identity: geometry/result hashes used; atlas leakage: no atlas artifact consumed; Amber/ZVZB/electronic-state/mutable-state defects: no dependency,TRUSTED
TSLRSH-GPU-017,noncanonical identity,REVERIFIED_FAIL_CLOSED_WITHOUT_RECOMPUTATION,checksum deletion bypass: reverified present+hash; malformed energy coercion: typed finite JSON checked; noncanonical identity: geometry/result hashes used; atlas leakage: no atlas artifact consumed; Amber/ZVZB/electronic-state/mutable-state defects: no dependency,TRUSTED
TSLRSH-GPU-017,electronic-state reuse mismatch,NO_DEPENDENCY_IDENTIFIED,checksum deletion bypass: reverified present+hash; malformed energy coercion: typed finite JSON checked; noncanonical identity: geometry/result hashes used; atlas leakage: no atlas artifact consumed; Amber/ZVZB/electronic-state/mutable-state defects: no dependency,TRUSTED
TSLRSH-GPU-017,mutable result state,NO_DEPENDENCY_IDENTIFIED,checksum deletion bypass: reverified present+hash; malformed energy coercion: typed finite JSON checked; noncanonical identity: geometry/result hashes used; atlas leakage: no atlas artifact consumed; Amber/ZVZB/electronic-state/mutable-state defects: no dependency,TRUSTED
TSLRSH-GPU-018,defective Amber name parsing,NO_DEPENDENCY_IDENTIFIED,checksum deletion bypass: reverified present+hash; malformed energy coercion: typed finite JSON checked; noncanonical identity: geometry/result hashes used; atlas leakage: no atlas artifact consumed; Amber/ZVZB/electronic-state/mutable-state defects: no dependency,TRUSTED
TSLRSH-GPU-018,old ZVZB finite-sample bug,NO_DEPENDENCY_IDENTIFIED,checksum deletion bypass: reverified present+hash; malformed energy coercion: typed finite JSON checked; noncanonical identity: geometry/result hashes used; atlas leakage: no atlas artifact consumed; Amber/ZVZB/electronic-state/mutable-state defects: no dependency,TRUSTED
TSLRSH-GPU-018,old checksum deletion bypass,REVERIFIED_FAIL_CLOSED_WITHOUT_RECOMPUTATION,checksum deletion bypass: reverified present+hash; malformed energy coercion: typed finite JSON checked; noncanonical identity: geometry/result hashes used; atlas leakage: no atlas artifact consumed; Amber/ZVZB/electronic-state/mutable-state defects: no dependency,TRUSTED
TSLRSH-GPU-018,malformed-energy coercion,REVERIFIED_FAIL_CLOSED_WITHOUT_RECOMPUTATION,checksum deletion bypass: reverified present+hash; malformed energy coercion: typed finite JSON checked; noncanonical identity: geometry/result hashes used; atlas leakage: no atlas artifact consumed; Amber/ZVZB/electronic-state/mutable-state defects: no dependency,TRUSTED
TSLRSH-GPU-018,atlas leakage,DIRECT_OR_REVERIFIED,checksum deletion bypass: reverified present+hash; malformed energy coercion: typed finite JSON checked; noncanonical identity: geometry/result hashes used; atlas leakage: no atlas artifact consumed; Amber/ZVZB/electronic-state/mutable-state defects: no dependency,TRUSTED
TSLRSH-GPU-018,noncanonical identity,REVERIFIED_FAIL_CLOSED_WITHOUT_RECOMPUTATION,checksum deletion bypass: reverified present+hash; malformed energy coercion: typed finite JSON checked; noncanonical identity: geometry/result hashes used; atlas leakage: no atlas artifact consumed; Amber/ZVZB/electronic-state/mutable-state defects: no dependency,TRUSTED
TSLRSH-GPU-018,electronic-state reuse mismatch,NO_DEPENDENCY_IDENTIFIED,checksum deletion bypass: reverified present+hash; malformed energy coercion: typed finite JSON checked; noncanonical identity: geometry/result hashes used; atlas leakage: no atlas artifact consumed; Amber/ZVZB/electronic-state/mutable-state defects: no dependency,TRUSTED
TSLRSH-GPU-018,mutable result state,NO_DEPENDENCY_IDENTIFIED,checksum deletion bypass: reverified present+hash; malformed energy coercion: typed finite JSON checked; noncanonical identity: geometry/result hashes used; atlas leakage: no atlas artifact consumed; Amber/ZVZB/electronic-state/mutable-state defects: no dependency,TRUSTED
TSLRSH-GPU-019,defective Amber name parsing,NO_DEPENDENCY_IDENTIFIED,checksum deletion bypass: reverified present+hash; malformed energy coercion: typed finite JSON checked; noncanonical identity: geometry/result hashes used; atlas leakage: no atlas artifact consumed; Amber/ZVZB/electronic-state/mutable-state defects: no dependency,TRUSTED
TSLRSH-GPU-019,old ZVZB finite-sample bug,NO_DEPENDENCY_IDENTIFIED,checksum deletion bypass: reverified present+hash; malformed energy coercion: typed finite JSON checked; noncanonical identity: geometry/result hashes used; atlas leakage: no atlas artifact consumed; Amber/ZVZB/electronic-state/mutable-state defects: no dependency,TRUSTED
TSLRSH-GPU-019,old checksum deletion bypass,REVERIFIED_FAIL_CLOSED_WITHOUT_RECOMPUTATION,checksum deletion bypass: reverified present+hash; malformed energy coercion: typed finite JSON checked; noncanonical identity: geometry/result hashes used; atlas leakage: no atlas artifact consumed; Amber/ZVZB/electronic-state/mutable-state defects: no dependency,TRUSTED
TSLRSH-GPU-019,malformed-energy coercion,REVERIFIED_FAIL_CLOSED_WITHOUT_RECOMPUTATION,checksum deletion bypass: reverified present+hash; malformed energy coercion: typed finite JSON checked; noncanonical identity: geometry/result hashes used; atlas leakage: no atlas artifact consumed; Amber/ZVZB/electronic-state/mutable-state defects: no dependency,TRUSTED
TSLRSH-GPU-019,atlas leakage,DIRECT_OR_REVERIFIED,checksum deletion bypass: reverified present+hash; malformed energy coercion: typed finite JSON checked; noncanonical identity: geometry/result hashes used; atlas leakage: no atlas artifact consumed; Amber/ZVZB/electronic-state/mutable-state defects: no dependency,TRUSTED
TSLRSH-GPU-019,noncanonical identity,REVERIFIED_FAIL_CLOSED_WITHOUT_RECOMPUTATION,checksum deletion bypass: reverified present+hash; malformed energy coercion: typed finite JSON checked; noncanonical identity: geometry/result hashes used; atlas leakage: no atlas artifact consumed; Amber/ZVZB/electronic-state/mutable-state defects: no dependency,TRUSTED
TSLRSH-GPU-019,electronic-state reuse mismatch,NO_DEPENDENCY_IDENTIFIED,checksum deletion bypass: reverified present+hash; malformed energy coercion: typed finite JSON checked; noncanonical identity: geometry/result hashes used; atlas leakage: no atlas artifact consumed; Amber/ZVZB/electronic-state/mutable-state defects: no dependency,TRUSTED
TSLRSH-GPU-019,mutable result state,NO_DEPENDENCY_IDENTIFIED,checksum deletion bypass: reverified present+hash; malformed energy coercion: typed finite JSON checked; noncanonical identity: geometry/result hashes used; atlas leakage: no atlas artifact consumed; Amber/ZVZB/electronic-state/mutable-state defects: no dependency,TRUSTED
TSLRSH-GPU-020,defective Amber name parsing,NO_DEPENDENCY_IDENTIFIED,checksum deletion bypass: reverified present+hash; malformed energy coercion: typed finite JSON checked; noncanonical identity: geometry/result hashes used; atlas leakage: no atlas artifact consumed; Amber/ZVZB/electronic-state/mutable-state defects: no dependency,TRUSTED
TSLRSH-GPU-020,old ZVZB finite-sample bug,NO_DEPENDENCY_IDENTIFIED,checksum deletion bypass: reverified present+hash; malformed energy coercion: typed finite JSON checked; noncanonical identity: geometry/result hashes used; atlas leakage: no atlas artifact consumed; Amber/ZVZB/electronic-state/mutable-state defects: no dependency,TRUSTED
TSLRSH-GPU-020,old checksum deletion bypass,REVERIFIED_FAIL_CLOSED_WITHOUT_RECOMPUTATION,checksum deletion bypass: reverified present+hash; malformed energy coercion: typed finite JSON checked; noncanonical identity: geometry/result hashes used; atlas leakage: no atlas artifact consumed; Amber/ZVZB/electronic-state/mutable-state defects: no dependency,TRUSTED
TSLRSH-GPU-020,malformed-energy coercion,REVERIFIED_FAIL_CLOSED_WITHOUT_RECOMPUTATION,checksum deletion bypass: reverified present+hash; malformed energy coercion: typed finite JSON checked; noncanonical identity: geometry/result hashes used; atlas leakage: no atlas artifact consumed; Amber/ZVZB/electronic-state/mutable-state defects: no dependency,TRUSTED
TSLRSH-GPU-020,atlas leakage,DIRECT_OR_REVERIFIED,checksum deletion bypass: reverified present+hash; malformed energy coercion: typed finite JSON checked; noncanonical identity: geometry/result hashes used; atlas leakage: no atlas artifact consumed; Amber/ZVZB/electronic-state/mutable-state defects: no dependency,TRUSTED
TSLRSH-GPU-020,noncanonical identity,REVERIFIED_FAIL_CLOSED_WITHOUT_RECOMPUTATION,checksum deletion bypass: reverified present+hash; malformed energy coercion: typed finite JSON checked; noncanonical identity: geometry/result hashes used; atlas leakage: no atlas artifact consumed; Amber/ZVZB/electronic-state/mutable-state defects: no dependency,TRUSTED
TSLRSH-GPU-020,electronic-state reuse mismatch,NO_DEPENDENCY_IDENTIFIED,checksum deletion bypass: reverified present+hash; malformed energy coercion: typed finite JSON checked; noncanonical identity: geometry/result hashes used; atlas leakage: no atlas artifact consumed; Amber/ZVZB/electronic-state/mutable-state defects: no dependency,TRUSTED
TSLRSH-GPU-020,mutable result state,NO_DEPENDENCY_IDENTIFIED,checksum deletion bypass: reverified present+hash; malformed energy coercion: typed finite JSON checked; noncanonical identity: geometry/result hashes used; atlas leakage: no atlas artifact consumed; Amber/ZVZB/electronic-state/mutable-state defects: no dependency,TRUSTED
TSLRSH-GPU-021,defective Amber name parsing,NO_DEPENDENCY_IDENTIFIED,checksum deletion bypass: reverified present+hash; malformed energy coercion: typed finite JSON checked; noncanonical identity: geometry/result hashes used; atlas leakage: no atlas artifact consumed; Amber/ZVZB/electronic-state/mutable-state defects: no dependency,TRUSTED
TSLRSH-GPU-021,old ZVZB finite-sample bug,NO_DEPENDENCY_IDENTIFIED,checksum deletion bypass: reverified present+hash; malformed energy coercion: typed finite JSON checked; noncanonical identity: geometry/result hashes used; atlas leakage: no atlas artifact consumed; Amber/ZVZB/electronic-state/mutable-state defects: no dependency,TRUSTED
TSLRSH-GPU-021,old checksum deletion bypass,REVERIFIED_FAIL_CLOSED_WITHOUT_RECOMPUTATION,checksum deletion bypass: reverified present+hash; malformed energy coercion: typed finite JSON checked; noncanonical identity: geometry/result hashes used; atlas leakage: no atlas artifact consumed; Amber/ZVZB/electronic-state/mutable-state defects: no dependency,TRUSTED
TSLRSH-GPU-021,malformed-energy coercion,REVERIFIED_FAIL_CLOSED_WITHOUT_RECOMPUTATION,checksum deletion bypass: reverified present+hash; malformed energy coercion: typed finite JSON checked; noncanonical identity: geometry/result hashes used; atlas leakage: no atlas artifact consumed; Amber/ZVZB/electronic-state/mutable-state defects: no dependency,TRUSTED
TSLRSH-GPU-021,atlas leakage,DIRECT_OR_REVERIFIED,checksum deletion bypass: reverified present+hash; malformed energy coercion: typed finite JSON checked; noncanonical identity: geometry/result hashes used; atlas leakage: no atlas artifact consumed; Amber/ZVZB/electronic-state/mutable-state defects: no dependency,TRUSTED
TSLRSH-GPU-021,noncanonical identity,REVERIFIED_FAIL_CLOSED_WITHOUT_RECOMPUTATION,checksum deletion bypass: reverified present+hash; malformed energy coercion: typed finite JSON checked; noncanonical identity: geometry/result hashes used; atlas leakage: no atlas artifact consumed; Amber/ZVZB/electronic-state/mutable-state defects: no dependency,TRUSTED
TSLRSH-GPU-021,electronic-state reuse mismatch,NO_DEPENDENCY_IDENTIFIED,checksum deletion bypass: reverified present+hash; malformed energy coercion: typed finite JSON checked; noncanonical identity: geometry/result hashes used; atlas leakage: no atlas artifact consumed; Amber/ZVZB/electronic-state/mutable-state defects: no dependency,TRUSTED
TSLRSH-GPU-021,mutable result state,NO_DEPENDENCY_IDENTIFIED,checksum deletion bypass: reverified present+hash; malformed energy coercion: typed finite JSON checked; noncanonical identity: geometry/result hashes used; atlas leakage: no atlas artifact consumed; Amber/ZVZB/electronic-state/mutable-state defects: no dependency,TRUSTED
TSLRSH-GPU-022,defective Amber name parsing,NO_DEPENDENCY_IDENTIFIED,checksum deletion bypass: reverified present+hash; malformed energy coercion: typed finite JSON checked; noncanonical identity: geometry/result hashes used; atlas leakage: no atlas artifact consumed; Amber/ZVZB/electronic-state/mutable-state defects: no dependency,TRUSTED
TSLRSH-GPU-022,old ZVZB finite-sample bug,NO_DEPENDENCY_IDENTIFIED,checksum deletion bypass: reverified present+hash; malformed energy coercion: typed finite JSON checked; noncanonical identity: geometry/result hashes used; atlas leakage: no atlas artifact consumed; Amber/ZVZB/electronic-state/mutable-state defects: no dependency,TRUSTED
TSLRSH-GPU-022,old checksum deletion bypass,REVERIFIED_FAIL_CLOSED_WITHOUT_RECOMPUTATION,checksum deletion bypass: reverified present+hash; malformed energy coercion: typed finite JSON checked; noncanonical identity: geometry/result hashes used; atlas leakage: no atlas artifact consumed; Amber/ZVZB/electronic-state/mutable-state defects: no dependency,TRUSTED
TSLRSH-GPU-022,malformed-energy coercion,REVERIFIED_FAIL_CLOSED_WITHOUT_RECOMPUTATION,checksum deletion bypass: reverified present+hash; malformed energy coercion: typed finite JSON checked; noncanonical identity: geometry/result hashes used; atlas leakage: no atlas artifact consumed; Amber/ZVZB/electronic-state/mutable-state defects: no dependency,TRUSTED
TSLRSH-GPU-022,atlas leakage,DIRECT_OR_REVERIFIED,checksum deletion bypass: reverified present+hash; malformed energy coercion: typed finite JSON checked; noncanonical identity: geometry/result hashes used; atlas leakage: no atlas artifact consumed; Amber/ZVZB/electronic-state/mutable-state defects: no dependency,TRUSTED
TSLRSH-GPU-022,noncanonical identity,REVERIFIED_FAIL_CLOSED_WITHOUT_RECOMPUTATION,checksum deletion bypass: reverified present+hash; malformed energy coercion: typed finite JSON checked; noncanonical identity: geometry/result hashes used; atlas leakage: no atlas artifact consumed; Amber/ZVZB/electronic-state/mutable-state defects: no dependency,TRUSTED
TSLRSH-GPU-022,electronic-state reuse mismatch,NO_DEPENDENCY_IDENTIFIED,checksum deletion bypass: reverified present+hash; malformed energy coercion: typed finite JSON checked; noncanonical identity: geometry/result hashes used; atlas leakage: no atlas artifact consumed; Amber/ZVZB/electronic-state/mutable-state defects: no dependency,TRUSTED
TSLRSH-GPU-022,mutable result state,NO_DEPENDENCY_IDENTIFIED,checksum deletion bypass: reverified present+hash; malformed energy coercion: typed finite JSON checked; noncanonical identity: geometry/result hashes used; atlas leakage: no atlas artifact consumed; Amber/ZVZB/electronic-state/mutable-state defects: no dependency,TRUSTED
TSLRSH-GPU-023,defective Amber name parsing,NO_DEPENDENCY_IDENTIFIED,checksum deletion bypass: reverified present+hash; malformed energy coercion: typed finite JSON checked; noncanonical identity: geometry/result hashes used; atlas leakage: no atlas artifact consumed; Amber/ZVZB/electronic-state/mutable-state defects: no dependency,TRUSTED
TSLRSH-GPU-023,old ZVZB finite-sample bug,NO_DEPENDENCY_IDENTIFIED,checksum deletion bypass: reverified present+hash; malformed energy coercion: typed finite JSON checked; noncanonical identity: geometry/result hashes used; atlas leakage: no atlas artifact consumed; Amber/ZVZB/electronic-state/mutable-state defects: no dependency,TRUSTED
TSLRSH-GPU-023,old checksum deletion bypass,REVERIFIED_FAIL_CLOSED_WITHOUT_RECOMPUTATION,checksum deletion bypass: reverified present+hash; malformed energy coercion: typed finite JSON checked; noncanonical identity: geometry/result hashes used; atlas leakage: no atlas artifact consumed; Amber/ZVZB/electronic-state/mutable-state defects: no dependency,TRUSTED
TSLRSH-GPU-023,malformed-energy coercion,REVERIFIED_FAIL_CLOSED_WITHOUT_RECOMPUTATION,checksum deletion bypass: reverified present+hash; malformed energy coercion: typed finite JSON checked; noncanonical identity: geometry/result hashes used; atlas leakage: no atlas artifact consumed; Amber/ZVZB/electronic-state/mutable-state defects: no dependency,TRUSTED
TSLRSH-GPU-023,atlas leakage,DIRECT_OR_REVERIFIED,checksum deletion bypass: reverified present+hash; malformed energy coercion: typed finite JSON checked; noncanonical identity: geometry/result hashes used; atlas leakage: no atlas artifact consumed; Amber/ZVZB/electronic-state/mutable-state defects: no dependency,TRUSTED
TSLRSH-GPU-023,noncanonical identity,REVERIFIED_FAIL_CLOSED_WITHOUT_RECOMPUTATION,checksum deletion bypass: reverified present+hash; malformed energy coercion: typed finite JSON checked; noncanonical identity: geometry/result hashes used; atlas leakage: no atlas artifact consumed; Amber/ZVZB/electronic-state/mutable-state defects: no dependency,TRUSTED
TSLRSH-GPU-023,electronic-state reuse mismatch,NO_DEPENDENCY_IDENTIFIED,checksum deletion bypass: reverified present+hash; malformed energy coercion: typed finite JSON checked; noncanonical identity: geometry/result hashes used; atlas leakage: no atlas artifact consumed; Amber/ZVZB/electronic-state/mutable-state defects: no dependency,TRUSTED
TSLRSH-GPU-023,mutable result state,NO_DEPENDENCY_IDENTIFIED,checksum deletion bypass: reverified present+hash; malformed energy coercion: typed finite JSON checked; noncanonical identity: geometry/result hashes used; atlas leakage: no atlas artifact consumed; Amber/ZVZB/electronic-state/mutable-state defects: no dependency,TRUSTED
TSLRSH-GPU-024,defective Amber name parsing,NO_DEPENDENCY_IDENTIFIED,checksum deletion bypass: reverified present+hash; malformed energy coercion: typed finite JSON checked; noncanonical identity: geometry/result hashes used; atlas leakage: no atlas artifact consumed; Amber/ZVZB/electronic-state/mutable-state defects: no dependency,TRUSTED
TSLRSH-GPU-024,old ZVZB finite-sample bug,NO_DEPENDENCY_IDENTIFIED,checksum deletion bypass: reverified present+hash; malformed energy coercion: typed finite JSON checked; noncanonical identity: geometry/result hashes used; atlas leakage: no atlas artifact consumed; Amber/ZVZB/electronic-state/mutable-state defects: no dependency,TRUSTED
TSLRSH-GPU-024,old checksum deletion bypass,REVERIFIED_FAIL_CLOSED_WITHOUT_RECOMPUTATION,checksum deletion bypass: reverified present+hash; malformed energy coercion: typed finite JSON checked; noncanonical identity: geometry/result hashes used; atlas leakage: no atlas artifact consumed; Amber/ZVZB/electronic-state/mutable-state defects: no dependency,TRUSTED
TSLRSH-GPU-024,malformed-energy coercion,REVERIFIED_FAIL_CLOSED_WITHOUT_RECOMPUTATION,checksum deletion bypass: reverified present+hash; malformed energy coercion: typed finite JSON checked; noncanonical identity: geometry/result hashes used; atlas leakage: no atlas artifact consumed; Amber/ZVZB/electronic-state/mutable-state defects: no dependency,TRUSTED
TSLRSH-GPU-024,atlas leakage,DIRECT_OR_REVERIFIED,checksum deletion bypass: reverified present+hash; malformed energy coercion: typed finite JSON checked; noncanonical identity: geometry/result hashes used; atlas leakage: no atlas artifact consumed; Amber/ZVZB/electronic-state/mutable-state defects: no dependency,TRUSTED
TSLRSH-GPU-024,noncanonical identity,REVERIFIED_FAIL_CLOSED_WITHOUT_RECOMPUTATION,checksum deletion bypass: reverified present+hash; malformed energy coercion: typed finite JSON checked; noncanonical identity: geometry/result hashes used; atlas leakage: no atlas artifact consumed; Amber/ZVZB/electronic-state/mutable-state defects: no dependency,TRUSTED
TSLRSH-GPU-024,electronic-state reuse mismatch,NO_DEPENDENCY_IDENTIFIED,checksum deletion bypass: reverified present+hash; malformed energy coercion: typed finite JSON checked; noncanonical identity: geometry/result hashes used; atlas leakage: no atlas artifact consumed; Amber/ZVZB/electronic-state/mutable-state defects: no dependency,TRUSTED
TSLRSH-GPU-024,mutable result state,NO_DEPENDENCY_IDENTIFIED,checksum deletion bypass: reverified present+hash; malformed energy coercion: typed finite JSON checked; noncanonical identity: geometry/result hashes used; atlas leakage: no atlas artifact consumed; Amber/ZVZB/electronic-state/mutable-state defects: no dependency,TRUSTED
TSLRSH-GPU-025,defective Amber name parsing,NO_DEPENDENCY_IDENTIFIED,checksum deletion bypass: reverified present+hash; malformed energy coercion: typed finite JSON checked; noncanonical identity: geometry/result hashes used; atlas leakage: no atlas artifact consumed; Amber/ZVZB/electronic-state/mutable-state defects: no dependency,TRUSTED
TSLRSH-GPU-025,old ZVZB finite-sample bug,NO_DEPENDENCY_IDENTIFIED,checksum deletion bypass: reverified present+hash; malformed energy coercion: typed finite JSON checked; noncanonical identity: geometry/result hashes used; atlas leakage: no atlas artifact consumed; Amber/ZVZB/electronic-state/mutable-state defects: no dependency,TRUSTED
TSLRSH-GPU-025,old checksum deletion bypass,REVERIFIED_FAIL_CLOSED_WITHOUT_RECOMPUTATION,checksum deletion bypass: reverified present+hash; malformed energy coercion: typed finite JSON checked; noncanonical identity: geometry/result hashes used; atlas leakage: no atlas artifact consumed; Amber/ZVZB/electronic-state/mutable-state defects: no dependency,TRUSTED
TSLRSH-GPU-025,malformed-energy coercion,REVERIFIED_FAIL_CLOSED_WITHOUT_RECOMPUTATION,checksum deletion bypass: reverified present+hash; malformed energy coercion: typed finite JSON checked; noncanonical identity: geometry/result hashes used; atlas leakage: no atlas artifact consumed; Amber/ZVZB/electronic-state/mutable-state defects: no dependency,TRUSTED
TSLRSH-GPU-025,atlas leakage,DIRECT_OR_REVERIFIED,checksum deletion bypass: reverified present+hash; malformed energy coercion: typed finite JSON checked; noncanonical identity: geometry/result hashes used; atlas leakage: no atlas artifact consumed; Amber/ZVZB/electronic-state/mutable-state defects: no dependency,TRUSTED
TSLRSH-GPU-025,noncanonical identity,REVERIFIED_FAIL_CLOSED_WITHOUT_RECOMPUTATION,checksum deletion bypass: reverified present+hash; malformed energy coercion: typed finite JSON checked; noncanonical identity: geometry/result hashes used; atlas leakage: no atlas artifact consumed; Amber/ZVZB/electronic-state/mutable-state defects: no dependency,TRUSTED
TSLRSH-GPU-025,electronic-state reuse mismatch,NO_DEPENDENCY_IDENTIFIED,checksum deletion bypass: reverified present+hash; malformed energy coercion: typed finite JSON checked; noncanonical identity: geometry/result hashes used; atlas leakage: no atlas artifact consumed; Amber/ZVZB/electronic-state/mutable-state defects: no dependency,TRUSTED
TSLRSH-GPU-025,mutable result state,NO_DEPENDENCY_IDENTIFIED,checksum deletion bypass: reverified present+hash; malformed energy coercion: typed finite JSON checked; noncanonical identity: geometry/result hashes used; atlas leakage: no atlas artifact consumed; Amber/ZVZB/electronic-state/mutable-state defects: no dependency,TRUSTED
TSLRSH-GPU-026,defective Amber name parsing,NO_DEPENDENCY_IDENTIFIED,checksum deletion bypass: reverified present+hash; malformed energy coercion: typed finite JSON checked; noncanonical identity: geometry/result hashes used; atlas leakage: no atlas artifact consumed; Amber/ZVZB/electronic-state/mutable-state defects: no dependency,TRUSTED
TSLRSH-GPU-026,old ZVZB finite-sample bug,NO_DEPENDENCY_IDENTIFIED,checksum deletion bypass: reverified present+hash; malformed energy coercion: typed finite JSON checked; noncanonical identity: geometry/result hashes used; atlas leakage: no atlas artifact consumed; Amber/ZVZB/electronic-state/mutable-state defects: no dependency,TRUSTED
TSLRSH-GPU-026,old checksum deletion bypass,REVERIFIED_FAIL_CLOSED_WITHOUT_RECOMPUTATION,checksum deletion bypass: reverified present+hash; malformed energy coercion: typed finite JSON checked; noncanonical identity: geometry/result hashes used; atlas leakage: no atlas artifact consumed; Amber/ZVZB/electronic-state/mutable-state defects: no dependency,TRUSTED
TSLRSH-GPU-026,malformed-energy coercion,REVERIFIED_FAIL_CLOSED_WITHOUT_RECOMPUTATION,checksum deletion bypass: reverified present+hash; malformed energy coercion: typed finite JSON checked; noncanonical identity: geometry/result hashes used; atlas leakage: no atlas artifact consumed; Amber/ZVZB/electronic-state/mutable-state defects: no dependency,TRUSTED
TSLRSH-GPU-026,atlas leakage,DIRECT_OR_REVERIFIED,checksum deletion bypass: reverified present+hash; malformed energy coercion: typed finite JSON checked; noncanonical identity: geometry/result hashes used; atlas leakage: no atlas artifact consumed; Amber/ZVZB/electronic-state/mutable-state defects: no dependency,TRUSTED
TSLRSH-GPU-026,noncanonical identity,REVERIFIED_FAIL_CLOSED_WITHOUT_RECOMPUTATION,checksum deletion bypass: reverified present+hash; malformed energy coercion: typed finite JSON checked; noncanonical identity: geometry/result hashes used; atlas leakage: no atlas artifact consumed; Amber/ZVZB/electronic-state/mutable-state defects: no dependency,TRUSTED
TSLRSH-GPU-026,electronic-state reuse mismatch,NO_DEPENDENCY_IDENTIFIED,checksum deletion bypass: reverified present+hash; malformed energy coercion: typed finite JSON checked; noncanonical identity: geometry/result hashes used; atlas leakage: no atlas artifact consumed; Amber/ZVZB/electronic-state/mutable-state defects: no dependency,TRUSTED
TSLRSH-GPU-026,mutable result state,NO_DEPENDENCY_IDENTIFIED,checksum deletion bypass: reverified present+hash; malformed energy coercion: typed finite JSON checked; noncanonical identity: geometry/result hashes used; atlas leakage: no atlas artifact consumed; Amber/ZVZB/electronic-state/mutable-state defects: no dependency,TRUSTED
TSLRSH-GPU-027,defective Amber name parsing,NO_DEPENDENCY_IDENTIFIED,checksum deletion bypass: reverified present+hash; malformed energy coercion: typed finite JSON checked; noncanonical identity: geometry/result hashes used; atlas leakage: no atlas artifact consumed; Amber/ZVZB/electronic-state/mutable-state defects: no dependency,TRUSTED
TSLRSH-GPU-027,old ZVZB finite-sample bug,NO_DEPENDENCY_IDENTIFIED,checksum deletion bypass: reverified present+hash; malformed energy coercion: typed finite JSON checked; noncanonical identity: geometry/result hashes used; atlas leakage: no atlas artifact consumed; Amber/ZVZB/electronic-state/mutable-state defects: no dependency,TRUSTED
TSLRSH-GPU-027,old checksum deletion bypass,REVERIFIED_FAIL_CLOSED_WITHOUT_RECOMPUTATION,checksum deletion bypass: reverified present+hash; malformed energy coercion: typed finite JSON checked; noncanonical identity: geometry/result hashes used; atlas leakage: no atlas artifact consumed; Amber/ZVZB/electronic-state/mutable-state defects: no dependency,TRUSTED
TSLRSH-GPU-027,malformed-energy coercion,REVERIFIED_FAIL_CLOSED_WITHOUT_RECOMPUTATION,checksum deletion bypass: reverified present+hash; malformed energy coercion: typed finite JSON checked; noncanonical identity: geometry/result hashes used; atlas leakage: no atlas artifact consumed; Amber/ZVZB/electronic-state/mutable-state defects: no dependency,TRUSTED
TSLRSH-GPU-027,atlas leakage,DIRECT_OR_REVERIFIED,checksum deletion bypass: reverified present+hash; malformed energy coercion: typed finite JSON checked; noncanonical identity: geometry/result hashes used; atlas leakage: no atlas artifact consumed; Amber/ZVZB/electronic-state/mutable-state defects: no dependency,TRUSTED
TSLRSH-GPU-027,noncanonical identity,REVERIFIED_FAIL_CLOSED_WITHOUT_RECOMPUTATION,checksum deletion bypass: reverified present+hash; malformed energy coercion: typed finite JSON checked; noncanonical identity: geometry/result hashes used; atlas leakage: no atlas artifact consumed; Amber/ZVZB/electronic-state/mutable-state defects: no dependency,TRUSTED
TSLRSH-GPU-027,electronic-state reuse mismatch,NO_DEPENDENCY_IDENTIFIED,checksum deletion bypass: reverified present+hash; malformed energy coercion: typed finite JSON checked; noncanonical identity: geometry/result hashes used; atlas leakage: no atlas artifact consumed; Amber/ZVZB/electronic-state/mutable-state defects: no dependency,TRUSTED
TSLRSH-GPU-027,mutable result state,NO_DEPENDENCY_IDENTIFIED,checksum deletion bypass: reverified present+hash; malformed energy coercion: typed finite JSON checked; noncanonical identity: geometry/result hashes used; atlas leakage: no atlas artifact consumed; Amber/ZVZB/electronic-state/mutable-state defects: no dependency,TRUSTED
TSLRSH-GPU-028,defective Amber name parsing,NO_DEPENDENCY_IDENTIFIED,checksum deletion bypass: reverified present+hash; malformed energy coercion: typed finite JSON checked; noncanonical identity: geometry/result hashes used; atlas leakage: no atlas artifact consumed; Amber/ZVZB/electronic-state/mutable-state defects: no dependency,TRUSTED
TSLRSH-GPU-028,old ZVZB finite-sample bug,NO_DEPENDENCY_IDENTIFIED,checksum deletion bypass: reverified present+hash; malformed energy coercion: typed finite JSON checked; noncanonical identity: geometry/result hashes used; atlas leakage: no atlas artifact consumed; Amber/ZVZB/electronic-state/mutable-state defects: no dependency,TRUSTED
TSLRSH-GPU-028,old checksum deletion bypass,REVERIFIED_FAIL_CLOSED_WITHOUT_RECOMPUTATION,checksum deletion bypass: reverified present+hash; malformed energy coercion: typed finite JSON checked; noncanonical identity: geometry/result hashes used; atlas leakage: no atlas artifact consumed; Amber/ZVZB/electronic-state/mutable-state defects: no dependency,TRUSTED
TSLRSH-GPU-028,malformed-energy coercion,REVERIFIED_FAIL_CLOSED_WITHOUT_RECOMPUTATION,checksum deletion bypass: reverified present+hash; malformed energy coercion: typed finite JSON checked; noncanonical identity: geometry/result hashes used; atlas leakage: no atlas artifact consumed; Amber/ZVZB/electronic-state/mutable-state defects: no dependency,TRUSTED
TSLRSH-GPU-028,atlas leakage,DIRECT_OR_REVERIFIED,checksum deletion bypass: reverified present+hash; malformed energy coercion: typed finite JSON checked; noncanonical identity: geometry/result hashes used; atlas leakage: no atlas artifact consumed; Amber/ZVZB/electronic-state/mutable-state defects: no dependency,TRUSTED
TSLRSH-GPU-028,noncanonical identity,REVERIFIED_FAIL_CLOSED_WITHOUT_RECOMPUTATION,checksum deletion bypass: reverified present+hash; malformed energy coercion: typed finite JSON checked; noncanonical identity: geometry/result hashes used; atlas leakage: no atlas artifact consumed; Amber/ZVZB/electronic-state/mutable-state defects: no dependency,TRUSTED
TSLRSH-GPU-028,electronic-state reuse mismatch,NO_DEPENDENCY_IDENTIFIED,checksum deletion bypass: reverified present+hash; malformed energy coercion: typed finite JSON checked; noncanonical identity: geometry/result hashes used; atlas leakage: no atlas artifact consumed; Amber/ZVZB/electronic-state/mutable-state defects: no dependency,TRUSTED
TSLRSH-GPU-028,mutable result state,NO_DEPENDENCY_IDENTIFIED,checksum deletion bypass: reverified present+hash; malformed energy coercion: typed finite JSON checked; noncanonical identity: geometry/result hashes used; atlas leakage: no atlas artifact consumed; Amber/ZVZB/electronic-state/mutable-state defects: no dependency,TRUSTED
TSLRSH-GPU-029,defective Amber name parsing,NO_DEPENDENCY_IDENTIFIED,checksum deletion bypass: reverified present+hash; malformed energy coercion: typed finite JSON checked; noncanonical identity: geometry/result hashes used; atlas leakage: no atlas artifact consumed; Amber/ZVZB/electronic-state/mutable-state defects: no dependency,TRUSTED
TSLRSH-GPU-029,old ZVZB finite-sample bug,NO_DEPENDENCY_IDENTIFIED,checksum deletion bypass: reverified present+hash; malformed energy coercion: typed finite JSON checked; noncanonical identity: geometry/result hashes used; atlas leakage: no atlas artifact consumed; Amber/ZVZB/electronic-state/mutable-state defects: no dependency,TRUSTED
TSLRSH-GPU-029,old checksum deletion bypass,REVERIFIED_FAIL_CLOSED_WITHOUT_RECOMPUTATION,checksum deletion bypass: reverified present+hash; malformed energy coercion: typed finite JSON checked; noncanonical identity: geometry/result hashes used; atlas leakage: no atlas artifact consumed; Amber/ZVZB/electronic-state/mutable-state defects: no dependency,TRUSTED
TSLRSH-GPU-029,malformed-energy coercion,REVERIFIED_FAIL_CLOSED_WITHOUT_RECOMPUTATION,checksum deletion bypass: reverified present+hash; malformed energy coercion: typed finite JSON checked; noncanonical identity: geometry/result hashes used; atlas leakage: no atlas artifact consumed; Amber/ZVZB/electronic-state/mutable-state defects: no dependency,TRUSTED
TSLRSH-GPU-029,atlas leakage,DIRECT_OR_REVERIFIED,checksum deletion bypass: reverified present+hash; malformed energy coercion: typed finite JSON checked; noncanonical identity: geometry/result hashes used; atlas leakage: no atlas artifact consumed; Amber/ZVZB/electronic-state/mutable-state defects: no dependency,TRUSTED
TSLRSH-GPU-029,noncanonical identity,REVERIFIED_FAIL_CLOSED_WITHOUT_RECOMPUTATION,checksum deletion bypass: reverified present+hash; malformed energy coercion: typed finite JSON checked; noncanonical identity: geometry/result hashes used; atlas leakage: no atlas artifact consumed; Amber/ZVZB/electronic-state/mutable-state defects: no dependency,TRUSTED
TSLRSH-GPU-029,electronic-state reuse mismatch,NO_DEPENDENCY_IDENTIFIED,checksum deletion bypass: reverified present+hash; malformed energy coercion: typed finite JSON checked; noncanonical identity: geometry/result hashes used; atlas leakage: no atlas artifact consumed; Amber/ZVZB/electronic-state/mutable-state defects: no dependency,TRUSTED
TSLRSH-GPU-029,mutable result state,NO_DEPENDENCY_IDENTIFIED,checksum deletion bypass: reverified present+hash; malformed energy coercion: typed finite JSON checked; noncanonical identity: geometry/result hashes used; atlas leakage: no atlas artifact consumed; Amber/ZVZB/electronic-state/mutable-state defects: no dependency,TRUSTED
TSLRSH-GPU-030,defective Amber name parsing,NO_DEPENDENCY_IDENTIFIED,checksum deletion bypass: reverified present+hash; malformed energy coercion: typed finite JSON checked; noncanonical identity: geometry/result hashes used; atlas leakage: no atlas artifact consumed; Amber/ZVZB/electronic-state/mutable-state defects: no dependency,TRUSTED
TSLRSH-GPU-030,old ZVZB finite-sample bug,NO_DEPENDENCY_IDENTIFIED,checksum deletion bypass: reverified present+hash; malformed energy coercion: typed finite JSON checked; noncanonical identity: geometry/result hashes used; atlas leakage: no atlas artifact consumed; Amber/ZVZB/electronic-state/mutable-state defects: no dependency,TRUSTED
TSLRSH-GPU-030,old checksum deletion bypass,REVERIFIED_FAIL_CLOSED_WITHOUT_RECOMPUTATION,checksum deletion bypass: reverified present+hash; malformed energy coercion: typed finite JSON checked; noncanonical identity: geometry/result hashes used; atlas leakage: no atlas artifact consumed; Amber/ZVZB/electronic-state/mutable-state defects: no dependency,TRUSTED
TSLRSH-GPU-030,malformed-energy coercion,REVERIFIED_FAIL_CLOSED_WITHOUT_RECOMPUTATION,checksum deletion bypass: reverified present+hash; malformed energy coercion: typed finite JSON checked; noncanonical identity: geometry/result hashes used; atlas leakage: no atlas artifact consumed; Amber/ZVZB/electronic-state/mutable-state defects: no dependency,TRUSTED
TSLRSH-GPU-030,atlas leakage,DIRECT_OR_REVERIFIED,checksum deletion bypass: reverified present+hash; malformed energy coercion: typed finite JSON checked; noncanonical identity: geometry/result hashes used; atlas leakage: no atlas artifact consumed; Amber/ZVZB/electronic-state/mutable-state defects: no dependency,TRUSTED
TSLRSH-GPU-030,noncanonical identity,REVERIFIED_FAIL_CLOSED_WITHOUT_RECOMPUTATION,checksum deletion bypass: reverified present+hash; malformed energy coercion: typed finite JSON checked; noncanonical identity: geometry/result hashes used; atlas leakage: no atlas artifact consumed; Amber/ZVZB/electronic-state/mutable-state defects: no dependency,TRUSTED
TSLRSH-GPU-030,electronic-state reuse mismatch,NO_DEPENDENCY_IDENTIFIED,checksum deletion bypass: reverified present+hash; malformed energy coercion: typed finite JSON checked; noncanonical identity: geometry/result hashes used; atlas leakage: no atlas artifact consumed; Amber/ZVZB/electronic-state/mutable-state defects: no dependency,TRUSTED
TSLRSH-GPU-030,mutable result state,NO_DEPENDENCY_IDENTIFIED,checksum deletion bypass: reverified present+hash; malformed energy coercion: typed finite JSON checked; noncanonical identity: geometry/result hashes used; atlas leakage: no atlas artifact consumed; Amber/ZVZB/electronic-state/mutable-state defects: no dependency,TRUSTED
TSLRSH-GPU-031,defective Amber name parsing,NO_DEPENDENCY_IDENTIFIED,checksum deletion bypass: reverified present+hash; malformed energy coercion: typed finite JSON checked; noncanonical identity: geometry/result hashes used; atlas leakage: no atlas artifact consumed; Amber/ZVZB/electronic-state/mutable-state defects: no dependency,TRUSTED
TSLRSH-GPU-031,old ZVZB finite-sample bug,NO_DEPENDENCY_IDENTIFIED,checksum deletion bypass: reverified present+hash; malformed energy coercion: typed finite JSON checked; noncanonical identity: geometry/result hashes used; atlas leakage: no atlas artifact consumed; Amber/ZVZB/electronic-state/mutable-state defects: no dependency,TRUSTED
TSLRSH-GPU-031,old checksum deletion bypass,REVERIFIED_FAIL_CLOSED_WITHOUT_RECOMPUTATION,checksum deletion bypass: reverified present+hash; malformed energy coercion: typed finite JSON checked; noncanonical identity: geometry/result hashes used; atlas leakage: no atlas artifact consumed; Amber/ZVZB/electronic-state/mutable-state defects: no dependency,TRUSTED
TSLRSH-GPU-031,malformed-energy coercion,REVERIFIED_FAIL_CLOSED_WITHOUT_RECOMPUTATION,checksum deletion bypass: reverified present+hash; malformed energy coercion: typed finite JSON checked; noncanonical identity: geometry/result hashes used; atlas leakage: no atlas artifact consumed; Amber/ZVZB/electronic-state/mutable-state defects: no dependency,TRUSTED
TSLRSH-GPU-031,atlas leakage,DIRECT_OR_REVERIFIED,checksum deletion bypass: reverified present+hash; malformed energy coercion: typed finite JSON checked; noncanonical identity: geometry/result hashes used; atlas leakage: no atlas artifact consumed; Amber/ZVZB/electronic-state/mutable-state defects: no dependency,TRUSTED
TSLRSH-GPU-031,noncanonical identity,REVERIFIED_FAIL_CLOSED_WITHOUT_RECOMPUTATION,checksum deletion bypass: reverified present+hash; malformed energy coercion: typed finite JSON checked; noncanonical identity: geometry/result hashes used; atlas leakage: no atlas artifact consumed; Amber/ZVZB/electronic-state/mutable-state defects: no dependency,TRUSTED
TSLRSH-GPU-031,electronic-state reuse mismatch,NO_DEPENDENCY_IDENTIFIED,checksum deletion bypass: reverified present+hash; malformed energy coercion: typed finite JSON checked; noncanonical identity: geometry/result hashes used; atlas leakage: no atlas artifact consumed; Amber/ZVZB/electronic-state/mutable-state defects: no dependency,TRUSTED
TSLRSH-GPU-031,mutable result state,NO_DEPENDENCY_IDENTIFIED,checksum deletion bypass: reverified present+hash; malformed energy coercion: typed finite JSON checked; noncanonical identity: geometry/result hashes used; atlas leakage: no atlas artifact consumed; Amber/ZVZB/electronic-state/mutable-state defects: no dependency,TRUSTED
TSLRSH-GPU-032,defective Amber name parsing,NO_DEPENDENCY_IDENTIFIED,checksum deletion bypass: reverified present+hash; malformed energy coercion: typed finite JSON checked; noncanonical identity: geometry/result hashes used; atlas leakage: no atlas artifact consumed; Amber/ZVZB/electronic-state/mutable-state defects: no dependency,TRUSTED
TSLRSH-GPU-032,old ZVZB finite-sample bug,NO_DEPENDENCY_IDENTIFIED,checksum deletion bypass: reverified present+hash; malformed energy coercion: typed finite JSON checked; noncanonical identity: geometry/result hashes used; atlas leakage: no atlas artifact consumed; Amber/ZVZB/electronic-state/mutable-state defects: no dependency,TRUSTED
TSLRSH-GPU-032,old checksum deletion bypass,REVERIFIED_FAIL_CLOSED_WITHOUT_RECOMPUTATION,checksum deletion bypass: reverified present+hash; malformed energy coercion: typed finite JSON checked; noncanonical identity: geometry/result hashes used; atlas leakage: no atlas artifact consumed; Amber/ZVZB/electronic-state/mutable-state defects: no dependency,TRUSTED
TSLRSH-GPU-032,malformed-energy coercion,REVERIFIED_FAIL_CLOSED_WITHOUT_RECOMPUTATION,checksum deletion bypass: reverified present+hash; malformed energy coercion: typed finite JSON checked; noncanonical identity: geometry/result hashes used; atlas leakage: no atlas artifact consumed; Amber/ZVZB/electronic-state/mutable-state defects: no dependency,TRUSTED
TSLRSH-GPU-032,atlas leakage,DIRECT_OR_REVERIFIED,checksum deletion bypass: reverified present+hash; malformed energy coercion: typed finite JSON checked; noncanonical identity: geometry/result hashes used; atlas leakage: no atlas artifact consumed; Amber/ZVZB/electronic-state/mutable-state defects: no dependency,TRUSTED
TSLRSH-GPU-032,noncanonical identity,REVERIFIED_FAIL_CLOSED_WITHOUT_RECOMPUTATION,checksum deletion bypass: reverified present+hash; malformed energy coercion: typed finite JSON checked; noncanonical identity: geometry/result hashes used; atlas leakage: no atlas artifact consumed; Amber/ZVZB/electronic-state/mutable-state defects: no dependency,TRUSTED
TSLRSH-GPU-032,electronic-state reuse mismatch,NO_DEPENDENCY_IDENTIFIED,checksum deletion bypass: reverified present+hash; malformed energy coercion: typed finite JSON checked; noncanonical identity: geometry/result hashes used; atlas leakage: no atlas artifact consumed; Amber/ZVZB/electronic-state/mutable-state defects: no dependency,TRUSTED
TSLRSH-GPU-032,mutable result state,NO_DEPENDENCY_IDENTIFIED,checksum deletion bypass: reverified present+hash; malformed energy coercion: typed finite JSON checked; noncanonical identity: geometry/result hashes used; atlas leakage: no atlas artifact consumed; Amber/ZVZB/electronic-state/mutable-state defects: no dependency,TRUSTED
TSLRSH-GPU-033,defective Amber name parsing,NO_DEPENDENCY_IDENTIFIED,checksum deletion bypass: reverified present+hash; malformed energy coercion: typed finite JSON checked; noncanonical identity: geometry/result hashes used; atlas leakage: no atlas artifact consumed; Amber/ZVZB/electronic-state/mutable-state defects: no dependency,TRUSTED
TSLRSH-GPU-033,old ZVZB finite-sample bug,NO_DEPENDENCY_IDENTIFIED,checksum deletion bypass: reverified present+hash; malformed energy coercion: typed finite JSON checked; noncanonical identity: geometry/result hashes used; atlas leakage: no atlas artifact consumed; Amber/ZVZB/electronic-state/mutable-state defects: no dependency,TRUSTED
TSLRSH-GPU-033,old checksum deletion bypass,REVERIFIED_FAIL_CLOSED_WITHOUT_RECOMPUTATION,checksum deletion bypass: reverified present+hash; malformed energy coercion: typed finite JSON checked; noncanonical identity: geometry/result hashes used; atlas leakage: no atlas artifact consumed; Amber/ZVZB/electronic-state/mutable-state defects: no dependency,TRUSTED
TSLRSH-GPU-033,malformed-energy coercion,REVERIFIED_FAIL_CLOSED_WITHOUT_RECOMPUTATION,checksum deletion bypass: reverified present+hash; malformed energy coercion: typed finite JSON checked; noncanonical identity: geometry/result hashes used; atlas leakage: no atlas artifact consumed; Amber/ZVZB/electronic-state/mutable-state defects: no dependency,TRUSTED
TSLRSH-GPU-033,atlas leakage,DIRECT_OR_REVERIFIED,checksum deletion bypass: reverified present+hash; malformed energy coercion: typed finite JSON checked; noncanonical identity: geometry/result hashes used; atlas leakage: no atlas artifact consumed; Amber/ZVZB/electronic-state/mutable-state defects: no dependency,TRUSTED
TSLRSH-GPU-033,noncanonical identity,REVERIFIED_FAIL_CLOSED_WITHOUT_RECOMPUTATION,checksum deletion bypass: reverified present+hash; malformed energy coercion: typed finite JSON checked; noncanonical identity: geometry/result hashes used; atlas leakage: no atlas artifact consumed; Amber/ZVZB/electronic-state/mutable-state defects: no dependency,TRUSTED
TSLRSH-GPU-033,electronic-state reuse mismatch,NO_DEPENDENCY_IDENTIFIED,checksum deletion bypass: reverified present+hash; malformed energy coercion: typed finite JSON checked; noncanonical identity: geometry/result hashes used; atlas leakage: no atlas artifact consumed; Amber/ZVZB/electronic-state/mutable-state defects: no dependency,TRUSTED
TSLRSH-GPU-033,mutable result state,NO_DEPENDENCY_IDENTIFIED,checksum deletion bypass: reverified present+hash; malformed energy coercion: typed finite JSON checked; noncanonical identity: geometry/result hashes used; atlas leakage: no atlas artifact consumed; Amber/ZVZB/electronic-state/mutable-state defects: no dependency,TRUSTED
TSLRSH-GPU-034,defective Amber name parsing,NO_DEPENDENCY_IDENTIFIED,checksum deletion bypass: reverified present+hash; malformed energy coercion: typed finite JSON checked; noncanonical identity: geometry/result hashes used; atlas leakage: no atlas artifact consumed; Amber/ZVZB/electronic-state/mutable-state defects: no dependency,TRUSTED
TSLRSH-GPU-034,old ZVZB finite-sample bug,NO_DEPENDENCY_IDENTIFIED,checksum deletion bypass: reverified present+hash; malformed energy coercion: typed finite JSON checked; noncanonical identity: geometry/result hashes used; atlas leakage: no atlas artifact consumed; Amber/ZVZB/electronic-state/mutable-state defects: no dependency,TRUSTED
TSLRSH-GPU-034,old checksum deletion bypass,REVERIFIED_FAIL_CLOSED_WITHOUT_RECOMPUTATION,checksum deletion bypass: reverified present+hash; malformed energy coercion: typed finite JSON checked; noncanonical identity: geometry/result hashes used; atlas leakage: no atlas artifact consumed; Amber/ZVZB/electronic-state/mutable-state defects: no dependency,TRUSTED
TSLRSH-GPU-034,malformed-energy coercion,REVERIFIED_FAIL_CLOSED_WITHOUT_RECOMPUTATION,checksum deletion bypass: reverified present+hash; malformed energy coercion: typed finite JSON checked; noncanonical identity: geometry/result hashes used; atlas leakage: no atlas artifact consumed; Amber/ZVZB/electronic-state/mutable-state defects: no dependency,TRUSTED
TSLRSH-GPU-034,atlas leakage,DIRECT_OR_REVERIFIED,checksum deletion bypass: reverified present+hash; malformed energy coercion: typed finite JSON checked; noncanonical identity: geometry/result hashes used; atlas leakage: no atlas artifact consumed; Amber/ZVZB/electronic-state/mutable-state defects: no dependency,TRUSTED
TSLRSH-GPU-034,noncanonical identity,REVERIFIED_FAIL_CLOSED_WITHOUT_RECOMPUTATION,checksum deletion bypass: reverified present+hash; malformed energy coercion: typed finite JSON checked; noncanonical identity: geometry/result hashes used; atlas leakage: no atlas artifact consumed; Amber/ZVZB/electronic-state/mutable-state defects: no dependency,TRUSTED
TSLRSH-GPU-034,electronic-state reuse mismatch,NO_DEPENDENCY_IDENTIFIED,checksum deletion bypass: reverified present+hash; malformed energy coercion: typed finite JSON checked; noncanonical identity: geometry/result hashes used; atlas leakage: no atlas artifact consumed; Amber/ZVZB/electronic-state/mutable-state defects: no dependency,TRUSTED
TSLRSH-GPU-034,mutable result state,NO_DEPENDENCY_IDENTIFIED,checksum deletion bypass: reverified present+hash; malformed energy coercion: typed finite JSON checked; noncanonical identity: geometry/result hashes used; atlas leakage: no atlas artifact consumed; Amber/ZVZB/electronic-state/mutable-state defects: no dependency,TRUSTED
TSLRSH-GPU-035,defective Amber name parsing,NO_DEPENDENCY_IDENTIFIED,checksum deletion bypass: reverified present+hash; malformed energy coercion: typed finite JSON checked; noncanonical identity: geometry/result hashes used; atlas leakage: no atlas artifact consumed; Amber/ZVZB/electronic-state/mutable-state defects: no dependency,TRUSTED
TSLRSH-GPU-035,old ZVZB finite-sample bug,NO_DEPENDENCY_IDENTIFIED,checksum deletion bypass: reverified present+hash; malformed energy coercion: typed finite JSON checked; noncanonical identity: geometry/result hashes used; atlas leakage: no atlas artifact consumed; Amber/ZVZB/electronic-state/mutable-state defects: no dependency,TRUSTED
TSLRSH-GPU-035,old checksum deletion bypass,REVERIFIED_FAIL_CLOSED_WITHOUT_RECOMPUTATION,checksum deletion bypass: reverified present+hash; malformed energy coercion: typed finite JSON checked; noncanonical identity: geometry/result hashes used; atlas leakage: no atlas artifact consumed; Amber/ZVZB/electronic-state/mutable-state defects: no dependency,TRUSTED
TSLRSH-GPU-035,malformed-energy coercion,REVERIFIED_FAIL_CLOSED_WITHOUT_RECOMPUTATION,checksum deletion bypass: reverified present+hash; malformed energy coercion: typed finite JSON checked; noncanonical identity: geometry/result hashes used; atlas leakage: no atlas artifact consumed; Amber/ZVZB/electronic-state/mutable-state defects: no dependency,TRUSTED
TSLRSH-GPU-035,atlas leakage,DIRECT_OR_REVERIFIED,checksum deletion bypass: reverified present+hash; malformed energy coercion: typed finite JSON checked; noncanonical identity: geometry/result hashes used; atlas leakage: no atlas artifact consumed; Amber/ZVZB/electronic-state/mutable-state defects: no dependency,TRUSTED
TSLRSH-GPU-035,noncanonical identity,REVERIFIED_FAIL_CLOSED_WITHOUT_RECOMPUTATION,checksum deletion bypass: reverified present+hash; malformed energy coercion: typed finite JSON checked; noncanonical identity: geometry/result hashes used; atlas leakage: no atlas artifact consumed; Amber/ZVZB/electronic-state/mutable-state defects: no dependency,TRUSTED
TSLRSH-GPU-035,electronic-state reuse mismatch,NO_DEPENDENCY_IDENTIFIED,checksum deletion bypass: reverified present+hash; malformed energy coercion: typed finite JSON checked; noncanonical identity: geometry/result hashes used; atlas leakage: no atlas artifact consumed; Amber/ZVZB/electronic-state/mutable-state defects: no dependency,TRUSTED
TSLRSH-GPU-035,mutable result state,NO_DEPENDENCY_IDENTIFIED,checksum deletion bypass: reverified present+hash; malformed energy coercion: typed finite JSON checked; noncanonical identity: geometry/result hashes used; atlas leakage: no atlas artifact consumed; Amber/ZVZB/electronic-state/mutable-state defects: no dependency,TRUSTED
TSLRSH-GPU-036,defective Amber name parsing,NO_DEPENDENCY_IDENTIFIED,checksum deletion bypass: reverified present+hash; malformed energy coercion: typed finite JSON checked; noncanonical identity: geometry/result hashes used; atlas leakage: no atlas artifact consumed; Amber/ZVZB/electronic-state/mutable-state defects: no dependency,TRUSTED
TSLRSH-GPU-036,old ZVZB finite-sample bug,NO_DEPENDENCY_IDENTIFIED,checksum deletion bypass: reverified present+hash; malformed energy coercion: typed finite JSON checked; noncanonical identity: geometry/result hashes used; atlas leakage: no atlas artifact consumed; Amber/ZVZB/electronic-state/mutable-state defects: no dependency,TRUSTED
TSLRSH-GPU-036,old checksum deletion bypass,REVERIFIED_FAIL_CLOSED_WITHOUT_RECOMPUTATION,checksum deletion bypass: reverified present+hash; malformed energy coercion: typed finite JSON checked; noncanonical identity: geometry/result hashes used; atlas leakage: no atlas artifact consumed; Amber/ZVZB/electronic-state/mutable-state defects: no dependency,TRUSTED
TSLRSH-GPU-036,malformed-energy coercion,REVERIFIED_FAIL_CLOSED_WITHOUT_RECOMPUTATION,checksum deletion bypass: reverified present+hash; malformed energy coercion: typed finite JSON checked; noncanonical identity: geometry/result hashes used; atlas leakage: no atlas artifact consumed; Amber/ZVZB/electronic-state/mutable-state defects: no dependency,TRUSTED
TSLRSH-GPU-036,atlas leakage,DIRECT_OR_REVERIFIED,checksum deletion bypass: reverified present+hash; malformed energy coercion: typed finite JSON checked; noncanonical identity: geometry/result hashes used; atlas leakage: no atlas artifact consumed; Amber/ZVZB/electronic-state/mutable-state defects: no dependency,TRUSTED
TSLRSH-GPU-036,noncanonical identity,REVERIFIED_FAIL_CLOSED_WITHOUT_RECOMPUTATION,checksum deletion bypass: reverified present+hash; malformed energy coercion: typed finite JSON checked; noncanonical identity: geometry/result hashes used; atlas leakage: no atlas artifact consumed; Amber/ZVZB/electronic-state/mutable-state defects: no dependency,TRUSTED
TSLRSH-GPU-036,electronic-state reuse mismatch,NO_DEPENDENCY_IDENTIFIED,checksum deletion bypass: reverified present+hash; malformed energy coercion: typed finite JSON checked; noncanonical identity: geometry/result hashes used; atlas leakage: no atlas artifact consumed; Amber/ZVZB/electronic-state/mutable-state defects: no dependency,TRUSTED
TSLRSH-GPU-036,mutable result state,NO_DEPENDENCY_IDENTIFIED,checksum deletion bypass: reverified present+hash; malformed energy coercion: typed finite JSON checked; noncanonical identity: geometry/result hashes used; atlas leakage: no atlas artifact consumed; Amber/ZVZB/electronic-state/mutable-state defects: no dependency,TRUSTED
TSLRSH-GPU-037,defective Amber name parsing,NO_DEPENDENCY_IDENTIFIED,checksum deletion bypass: reverified present+hash; malformed energy coercion: typed finite JSON checked; noncanonical identity: geometry/result hashes used; atlas leakage: no atlas artifact consumed; Amber/ZVZB/electronic-state/mutable-state defects: no dependency,TRUSTED
TSLRSH-GPU-037,old ZVZB finite-sample bug,NO_DEPENDENCY_IDENTIFIED,checksum deletion bypass: reverified present+hash; malformed energy coercion: typed finite JSON checked; noncanonical identity: geometry/result hashes used; atlas leakage: no atlas artifact consumed; Amber/ZVZB/electronic-state/mutable-state defects: no dependency,TRUSTED
TSLRSH-GPU-037,old checksum deletion bypass,REVERIFIED_FAIL_CLOSED_WITHOUT_RECOMPUTATION,checksum deletion bypass: reverified present+hash; malformed energy coercion: typed finite JSON checked; noncanonical identity: geometry/result hashes used; atlas leakage: no atlas artifact consumed; Amber/ZVZB/electronic-state/mutable-state defects: no dependency,TRUSTED
TSLRSH-GPU-037,malformed-energy coercion,REVERIFIED_FAIL_CLOSED_WITHOUT_RECOMPUTATION,checksum deletion bypass: reverified present+hash; malformed energy coercion: typed finite JSON checked; noncanonical identity: geometry/result hashes used; atlas leakage: no atlas artifact consumed; Amber/ZVZB/electronic-state/mutable-state defects: no dependency,TRUSTED
TSLRSH-GPU-037,atlas leakage,DIRECT_OR_REVERIFIED,checksum deletion bypass: reverified present+hash; malformed energy coercion: typed finite JSON checked; noncanonical identity: geometry/result hashes used; atlas leakage: no atlas artifact consumed; Amber/ZVZB/electronic-state/mutable-state defects: no dependency,TRUSTED
TSLRSH-GPU-037,noncanonical identity,REVERIFIED_FAIL_CLOSED_WITHOUT_RECOMPUTATION,checksum deletion bypass: reverified present+hash; malformed energy coercion: typed finite JSON checked; noncanonical identity: geometry/result hashes used; atlas leakage: no atlas artifact consumed; Amber/ZVZB/electronic-state/mutable-state defects: no dependency,TRUSTED
TSLRSH-GPU-037,electronic-state reuse mismatch,NO_DEPENDENCY_IDENTIFIED,checksum deletion bypass: reverified present+hash; malformed energy coercion: typed finite JSON checked; noncanonical identity: geometry/result hashes used; atlas leakage: no atlas artifact consumed; Amber/ZVZB/electronic-state/mutable-state defects: no dependency,TRUSTED
TSLRSH-GPU-037,mutable result state,NO_DEPENDENCY_IDENTIFIED,checksum deletion bypass: reverified present+hash; malformed energy coercion: typed finite JSON checked; noncanonical identity: geometry/result hashes used; atlas leakage: no atlas artifact consumed; Amber/ZVZB/electronic-state/mutable-state defects: no dependency,TRUSTED
TSLRSH-GPU-038,defective Amber name parsing,NO_DEPENDENCY_IDENTIFIED,checksum deletion bypass: reverified present+hash; malformed energy coercion: typed finite JSON checked; noncanonical identity: geometry/result hashes used; atlas leakage: no atlas artifact consumed; Amber/ZVZB/electronic-state/mutable-state defects: no dependency,TRUSTED
TSLRSH-GPU-038,old ZVZB finite-sample bug,NO_DEPENDENCY_IDENTIFIED,checksum deletion bypass: reverified present+hash; malformed energy coercion: typed finite JSON checked; noncanonical identity: geometry/result hashes used; atlas leakage: no atlas artifact consumed; Amber/ZVZB/electronic-state/mutable-state defects: no dependency,TRUSTED
TSLRSH-GPU-038,old checksum deletion bypass,REVERIFIED_FAIL_CLOSED_WITHOUT_RECOMPUTATION,checksum deletion bypass: reverified present+hash; malformed energy coercion: typed finite JSON checked; noncanonical identity: geometry/result hashes used; atlas leakage: no atlas artifact consumed; Amber/ZVZB/electronic-state/mutable-state defects: no dependency,TRUSTED
TSLRSH-GPU-038,malformed-energy coercion,REVERIFIED_FAIL_CLOSED_WITHOUT_RECOMPUTATION,checksum deletion bypass: reverified present+hash; malformed energy coercion: typed finite JSON checked; noncanonical identity: geometry/result hashes used; atlas leakage: no atlas artifact consumed; Amber/ZVZB/electronic-state/mutable-state defects: no dependency,TRUSTED
TSLRSH-GPU-038,atlas leakage,DIRECT_OR_REVERIFIED,checksum deletion bypass: reverified present+hash; malformed energy coercion: typed finite JSON checked; noncanonical identity: geometry/result hashes used; atlas leakage: no atlas artifact consumed; Amber/ZVZB/electronic-state/mutable-state defects: no dependency,TRUSTED
TSLRSH-GPU-038,noncanonical identity,REVERIFIED_FAIL_CLOSED_WITHOUT_RECOMPUTATION,checksum deletion bypass: reverified present+hash; malformed energy coercion: typed finite JSON checked; noncanonical identity: geometry/result hashes used; atlas leakage: no atlas artifact consumed; Amber/ZVZB/electronic-state/mutable-state defects: no dependency,TRUSTED
TSLRSH-GPU-038,electronic-state reuse mismatch,NO_DEPENDENCY_IDENTIFIED,checksum deletion bypass: reverified present+hash; malformed energy coercion: typed finite JSON checked; noncanonical identity: geometry/result hashes used; atlas leakage: no atlas artifact consumed; Amber/ZVZB/electronic-state/mutable-state defects: no dependency,TRUSTED
TSLRSH-GPU-038,mutable result state,NO_DEPENDENCY_IDENTIFIED,checksum deletion bypass: reverified present+hash; malformed energy coercion: typed finite JSON checked; noncanonical identity: geometry/result hashes used; atlas leakage: no atlas artifact consumed; Amber/ZVZB/electronic-state/mutable-state defects: no dependency,TRUSTED
TSLRSH-GPU-039,defective Amber name parsing,NO_DEPENDENCY_IDENTIFIED,checksum deletion bypass: reverified present+hash; malformed energy coercion: typed finite JSON checked; noncanonical identity: geometry/result hashes used; atlas leakage: no atlas artifact consumed; Amber/ZVZB/electronic-state/mutable-state defects: no dependency,TRUSTED
TSLRSH-GPU-039,old ZVZB finite-sample bug,NO_DEPENDENCY_IDENTIFIED,checksum deletion bypass: reverified present+hash; malformed energy coercion: typed finite JSON checked; noncanonical identity: geometry/result hashes used; atlas leakage: no atlas artifact consumed; Amber/ZVZB/electronic-state/mutable-state defects: no dependency,TRUSTED
TSLRSH-GPU-039,old checksum deletion bypass,REVERIFIED_FAIL_CLOSED_WITHOUT_RECOMPUTATION,checksum deletion bypass: reverified present+hash; malformed energy coercion: typed finite JSON checked; noncanonical identity: geometry/result hashes used; atlas leakage: no atlas artifact consumed; Amber/ZVZB/electronic-state/mutable-state defects: no dependency,TRUSTED
TSLRSH-GPU-039,malformed-energy coercion,REVERIFIED_FAIL_CLOSED_WITHOUT_RECOMPUTATION,checksum deletion bypass: reverified present+hash; malformed energy coercion: typed finite JSON checked; noncanonical identity: geometry/result hashes used; atlas leakage: no atlas artifact consumed; Amber/ZVZB/electronic-state/mutable-state defects: no dependency,TRUSTED
TSLRSH-GPU-039,atlas leakage,DIRECT_OR_REVERIFIED,checksum deletion bypass: reverified present+hash; malformed energy coercion: typed finite JSON checked; noncanonical identity: geometry/result hashes used; atlas leakage: no atlas artifact consumed; Amber/ZVZB/electronic-state/mutable-state defects: no dependency,TRUSTED
TSLRSH-GPU-039,noncanonical identity,REVERIFIED_FAIL_CLOSED_WITHOUT_RECOMPUTATION,checksum deletion bypass: reverified present+hash; malformed energy coercion: typed finite JSON checked; noncanonical identity: geometry/result hashes used; atlas leakage: no atlas artifact consumed; Amber/ZVZB/electronic-state/mutable-state defects: no dependency,TRUSTED
TSLRSH-GPU-039,electronic-state reuse mismatch,NO_DEPENDENCY_IDENTIFIED,checksum deletion bypass: reverified present+hash; malformed energy coercion: typed finite JSON checked; noncanonical identity: geometry/result hashes used; atlas leakage: no atlas artifact consumed; Amber/ZVZB/electronic-state/mutable-state defects: no dependency,TRUSTED
TSLRSH-GPU-039,mutable result state,NO_DEPENDENCY_IDENTIFIED,checksum deletion bypass: reverified present+hash; malformed energy coercion: typed finite JSON checked; noncanonical identity: geometry/result hashes used; atlas leakage: no atlas artifact consumed; Amber/ZVZB/electronic-state/mutable-state defects: no dependency,TRUSTED
TSLRSH-GPU-040,defective Amber name parsing,NO_DEPENDENCY_IDENTIFIED,checksum deletion bypass: reverified present+hash; malformed energy coercion: typed finite JSON checked; noncanonical identity: geometry/result hashes used; atlas leakage: no atlas artifact consumed; Amber/ZVZB/electronic-state/mutable-state defects: no dependency,TRUSTED
TSLRSH-GPU-040,old ZVZB finite-sample bug,NO_DEPENDENCY_IDENTIFIED,checksum deletion bypass: reverified present+hash; malformed energy coercion: typed finite JSON checked; noncanonical identity: geometry/result hashes used; atlas leakage: no atlas artifact consumed; Amber/ZVZB/electronic-state/mutable-state defects: no dependency,TRUSTED
TSLRSH-GPU-040,old checksum deletion bypass,REVERIFIED_FAIL_CLOSED_WITHOUT_RECOMPUTATION,checksum deletion bypass: reverified present+hash; malformed energy coercion: typed finite JSON checked; noncanonical identity: geometry/result hashes used; atlas leakage: no atlas artifact consumed; Amber/ZVZB/electronic-state/mutable-state defects: no dependency,TRUSTED
TSLRSH-GPU-040,malformed-energy coercion,REVERIFIED_FAIL_CLOSED_WITHOUT_RECOMPUTATION,checksum deletion bypass: reverified present+hash; malformed energy coercion: typed finite JSON checked; noncanonical identity: geometry/result hashes used; atlas leakage: no atlas artifact consumed; Amber/ZVZB/electronic-state/mutable-state defects: no dependency,TRUSTED
TSLRSH-GPU-040,atlas leakage,DIRECT_OR_REVERIFIED,checksum deletion bypass: reverified present+hash; malformed energy coercion: typed finite JSON checked; noncanonical identity: geometry/result hashes used; atlas leakage: no atlas artifact consumed; Amber/ZVZB/electronic-state/mutable-state defects: no dependency,TRUSTED
TSLRSH-GPU-040,noncanonical identity,REVERIFIED_FAIL_CLOSED_WITHOUT_RECOMPUTATION,checksum deletion bypass: reverified present+hash; malformed energy coercion: typed finite JSON checked; noncanonical identity: geometry/result hashes used; atlas leakage: no atlas artifact consumed; Amber/ZVZB/electronic-state/mutable-state defects: no dependency,TRUSTED
TSLRSH-GPU-040,electronic-state reuse mismatch,NO_DEPENDENCY_IDENTIFIED,checksum deletion bypass: reverified present+hash; malformed energy coercion: typed finite JSON checked; noncanonical identity: geometry/result hashes used; atlas leakage: no atlas artifact consumed; Amber/ZVZB/electronic-state/mutable-state defects: no dependency,TRUSTED
TSLRSH-GPU-040,mutable result state,NO_DEPENDENCY_IDENTIFIED,checksum deletion bypass: reverified present+hash; malformed energy coercion: typed finite JSON checked; noncanonical identity: geometry/result hashes used; atlas leakage: no atlas artifact consumed; Amber/ZVZB/electronic-state/mutable-state defects: no dependency,TRUSTED
TSLRSH-GPU-041,defective Amber name parsing,NO_DEPENDENCY_IDENTIFIED,checksum deletion bypass: reverified present+hash; malformed energy coercion: typed finite JSON checked; noncanonical identity: geometry/result hashes used; atlas leakage: no atlas artifact consumed; Amber/ZVZB/electronic-state/mutable-state defects: no dependency,TRUSTED
TSLRSH-GPU-041,old ZVZB finite-sample bug,NO_DEPENDENCY_IDENTIFIED,checksum deletion bypass: reverified present+hash; malformed energy coercion: typed finite JSON checked; noncanonical identity: geometry/result hashes used; atlas leakage: no atlas artifact consumed; Amber/ZVZB/electronic-state/mutable-state defects: no dependency,TRUSTED
TSLRSH-GPU-041,old checksum deletion bypass,REVERIFIED_FAIL_CLOSED_WITHOUT_RECOMPUTATION,checksum deletion bypass: reverified present+hash; malformed energy coercion: typed finite JSON checked; noncanonical identity: geometry/result hashes used; atlas leakage: no atlas artifact consumed; Amber/ZVZB/electronic-state/mutable-state defects: no dependency,TRUSTED
TSLRSH-GPU-041,malformed-energy coercion,REVERIFIED_FAIL_CLOSED_WITHOUT_RECOMPUTATION,checksum deletion bypass: reverified present+hash; malformed energy coercion: typed finite JSON checked; noncanonical identity: geometry/result hashes used; atlas leakage: no atlas artifact consumed; Amber/ZVZB/electronic-state/mutable-state defects: no dependency,TRUSTED
TSLRSH-GPU-041,atlas leakage,DIRECT_OR_REVERIFIED,checksum deletion bypass: reverified present+hash; malformed energy coercion: typed finite JSON checked; noncanonical identity: geometry/result hashes used; atlas leakage: no atlas artifact consumed; Amber/ZVZB/electronic-state/mutable-state defects: no dependency,TRUSTED
TSLRSH-GPU-041,noncanonical identity,REVERIFIED_FAIL_CLOSED_WITHOUT_RECOMPUTATION,checksum deletion bypass: reverified present+hash; malformed energy coercion: typed finite JSON checked; noncanonical identity: geometry/result hashes used; atlas leakage: no atlas artifact consumed; Amber/ZVZB/electronic-state/mutable-state defects: no dependency,TRUSTED
TSLRSH-GPU-041,electronic-state reuse mismatch,NO_DEPENDENCY_IDENTIFIED,checksum deletion bypass: reverified present+hash; malformed energy coercion: typed finite JSON checked; noncanonical identity: geometry/result hashes used; atlas leakage: no atlas artifact consumed; Amber/ZVZB/electronic-state/mutable-state defects: no dependency,TRUSTED
TSLRSH-GPU-041,mutable result state,NO_DEPENDENCY_IDENTIFIED,checksum deletion bypass: reverified present+hash; malformed energy coercion: typed finite JSON checked; noncanonical identity: geometry/result hashes used; atlas leakage: no atlas artifact consumed; Amber/ZVZB/electronic-state/mutable-state defects: no dependency,TRUSTED
TSLRSH-GPU-042,defective Amber name parsing,NO_DEPENDENCY_IDENTIFIED,checksum deletion bypass: reverified present+hash; malformed energy coercion: typed finite JSON checked; noncanonical identity: geometry/result hashes used; atlas leakage: no atlas artifact consumed; Amber/ZVZB/electronic-state/mutable-state defects: no dependency,TRUSTED
TSLRSH-GPU-042,old ZVZB finite-sample bug,NO_DEPENDENCY_IDENTIFIED,checksum deletion bypass: reverified present+hash; malformed energy coercion: typed finite JSON checked; noncanonical identity: geometry/result hashes used; atlas leakage: no atlas artifact consumed; Amber/ZVZB/electronic-state/mutable-state defects: no dependency,TRUSTED
TSLRSH-GPU-042,old checksum deletion bypass,REVERIFIED_FAIL_CLOSED_WITHOUT_RECOMPUTATION,checksum deletion bypass: reverified present+hash; malformed energy coercion: typed finite JSON checked; noncanonical identity: geometry/result hashes used; atlas leakage: no atlas artifact consumed; Amber/ZVZB/electronic-state/mutable-state defects: no dependency,TRUSTED
TSLRSH-GPU-042,malformed-energy coercion,REVERIFIED_FAIL_CLOSED_WITHOUT_RECOMPUTATION,checksum deletion bypass: reverified present+hash; malformed energy coercion: typed finite JSON checked; noncanonical identity: geometry/result hashes used; atlas leakage: no atlas artifact consumed; Amber/ZVZB/electronic-state/mutable-state defects: no dependency,TRUSTED
TSLRSH-GPU-042,atlas leakage,DIRECT_OR_REVERIFIED,checksum deletion bypass: reverified present+hash; malformed energy coercion: typed finite JSON checked; noncanonical identity: geometry/result hashes used; atlas leakage: no atlas artifact consumed; Amber/ZVZB/electronic-state/mutable-state defects: no dependency,TRUSTED
TSLRSH-GPU-042,noncanonical identity,REVERIFIED_FAIL_CLOSED_WITHOUT_RECOMPUTATION,checksum deletion bypass: reverified present+hash; malformed energy coercion: typed finite JSON checked; noncanonical identity: geometry/result hashes used; atlas leakage: no atlas artifact consumed; Amber/ZVZB/electronic-state/mutable-state defects: no dependency,TRUSTED
TSLRSH-GPU-042,electronic-state reuse mismatch,NO_DEPENDENCY_IDENTIFIED,checksum deletion bypass: reverified present+hash; malformed energy coercion: typed finite JSON checked; noncanonical identity: geometry/result hashes used; atlas leakage: no atlas artifact consumed; Amber/ZVZB/electronic-state/mutable-state defects: no dependency,TRUSTED
TSLRSH-GPU-042,mutable result state,NO_DEPENDENCY_IDENTIFIED,checksum deletion bypass: reverified present+hash; malformed energy coercion: typed finite JSON checked; noncanonical identity: geometry/result hashes used; atlas leakage: no atlas artifact consumed; Amber/ZVZB/electronic-state/mutable-state defects: no dependency,TRUSTED
TSLRSH-GPU-043,defective Amber name parsing,NO_DEPENDENCY_IDENTIFIED,checksum deletion bypass: reverified present+hash; malformed energy coercion: typed finite JSON checked; noncanonical identity: geometry/result hashes used; atlas leakage: no atlas artifact consumed; Amber/ZVZB/electronic-state/mutable-state defects: no dependency,TRUSTED
TSLRSH-GPU-043,old ZVZB finite-sample bug,NO_DEPENDENCY_IDENTIFIED,checksum deletion bypass: reverified present+hash; malformed energy coercion: typed finite JSON checked; noncanonical identity: geometry/result hashes used; atlas leakage: no atlas artifact consumed; Amber/ZVZB/electronic-state/mutable-state defects: no dependency,TRUSTED
TSLRSH-GPU-043,old checksum deletion bypass,REVERIFIED_FAIL_CLOSED_WITHOUT_RECOMPUTATION,checksum deletion bypass: reverified present+hash; malformed energy coercion: typed finite JSON checked; noncanonical identity: geometry/result hashes used; atlas leakage: no atlas artifact consumed; Amber/ZVZB/electronic-state/mutable-state defects: no dependency,TRUSTED
TSLRSH-GPU-043,malformed-energy coercion,REVERIFIED_FAIL_CLOSED_WITHOUT_RECOMPUTATION,checksum deletion bypass: reverified present+hash; malformed energy coercion: typed finite JSON checked; noncanonical identity: geometry/result hashes used; atlas leakage: no atlas artifact consumed; Amber/ZVZB/electronic-state/mutable-state defects: no dependency,TRUSTED
TSLRSH-GPU-043,atlas leakage,DIRECT_OR_REVERIFIED,checksum deletion bypass: reverified present+hash; malformed energy coercion: typed finite JSON checked; noncanonical identity: geometry/result hashes used; atlas leakage: no atlas artifact consumed; Amber/ZVZB/electronic-state/mutable-state defects: no dependency,TRUSTED
TSLRSH-GPU-043,noncanonical identity,REVERIFIED_FAIL_CLOSED_WITHOUT_RECOMPUTATION,checksum deletion bypass: reverified present+hash; malformed energy coercion: typed finite JSON checked; noncanonical identity: geometry/result hashes used; atlas leakage: no atlas artifact consumed; Amber/ZVZB/electronic-state/mutable-state defects: no dependency,TRUSTED
TSLRSH-GPU-043,electronic-state reuse mismatch,NO_DEPENDENCY_IDENTIFIED,checksum deletion bypass: reverified present+hash; malformed energy coercion: typed finite JSON checked; noncanonical identity: geometry/result hashes used; atlas leakage: no atlas artifact consumed; Amber/ZVZB/electronic-state/mutable-state defects: no dependency,TRUSTED
TSLRSH-GPU-043,mutable result state,NO_DEPENDENCY_IDENTIFIED,checksum deletion bypass: reverified present+hash; malformed energy coercion: typed finite JSON checked; noncanonical identity: geometry/result hashes used; atlas leakage: no atlas artifact consumed; Amber/ZVZB/electronic-state/mutable-state defects: no dependency,TRUSTED
TSLRSH-GPU-044,defective Amber name parsing,NO_DEPENDENCY_IDENTIFIED,checksum deletion bypass: reverified present+hash; malformed energy coercion: typed finite JSON checked; noncanonical identity: geometry/result hashes used; atlas leakage: no atlas artifact consumed; Amber/ZVZB/electronic-state/mutable-state defects: no dependency,TRUSTED
TSLRSH-GPU-044,old ZVZB finite-sample bug,NO_DEPENDENCY_IDENTIFIED,checksum deletion bypass: reverified present+hash; malformed energy coercion: typed finite JSON checked; noncanonical identity: geometry/result hashes used; atlas leakage: no atlas artifact consumed; Amber/ZVZB/electronic-state/mutable-state defects: no dependency,TRUSTED
TSLRSH-GPU-044,old checksum deletion bypass,REVERIFIED_FAIL_CLOSED_WITHOUT_RECOMPUTATION,checksum deletion bypass: reverified present+hash; malformed energy coercion: typed finite JSON checked; noncanonical identity: geometry/result hashes used; atlas leakage: no atlas artifact consumed; Amber/ZVZB/electronic-state/mutable-state defects: no dependency,TRUSTED
TSLRSH-GPU-044,malformed-energy coercion,REVERIFIED_FAIL_CLOSED_WITHOUT_RECOMPUTATION,checksum deletion bypass: reverified present+hash; malformed energy coercion: typed finite JSON checked; noncanonical identity: geometry/result hashes used; atlas leakage: no atlas artifact consumed; Amber/ZVZB/electronic-state/mutable-state defects: no dependency,TRUSTED
TSLRSH-GPU-044,atlas leakage,DIRECT_OR_REVERIFIED,checksum deletion bypass: reverified present+hash; malformed energy coercion: typed finite JSON checked; noncanonical identity: geometry/result hashes used; atlas leakage: no atlas artifact consumed; Amber/ZVZB/electronic-state/mutable-state defects: no dependency,TRUSTED
TSLRSH-GPU-044,noncanonical identity,REVERIFIED_FAIL_CLOSED_WITHOUT_RECOMPUTATION,checksum deletion bypass: reverified present+hash; malformed energy coercion: typed finite JSON checked; noncanonical identity: geometry/result hashes used; atlas leakage: no atlas artifact consumed; Amber/ZVZB/electronic-state/mutable-state defects: no dependency,TRUSTED
TSLRSH-GPU-044,electronic-state reuse mismatch,NO_DEPENDENCY_IDENTIFIED,checksum deletion bypass: reverified present+hash; malformed energy coercion: typed finite JSON checked; noncanonical identity: geometry/result hashes used; atlas leakage: no atlas artifact consumed; Amber/ZVZB/electronic-state/mutable-state defects: no dependency,TRUSTED
TSLRSH-GPU-044,mutable result state,NO_DEPENDENCY_IDENTIFIED,checksum deletion bypass: reverified present+hash; malformed energy coercion: typed finite JSON checked; noncanonical identity: geometry/result hashes used; atlas leakage: no atlas artifact consumed; Amber/ZVZB/electronic-state/mutable-state defects: no dependency,TRUSTED
TSLRSH-GPU-045,defective Amber name parsing,NO_DEPENDENCY_IDENTIFIED,checksum deletion bypass: reverified present+hash; malformed energy coercion: typed finite JSON checked; noncanonical identity: geometry/result hashes used; atlas leakage: no atlas artifact consumed; Amber/ZVZB/electronic-state/mutable-state defects: no dependency,TRUSTED
TSLRSH-GPU-045,old ZVZB finite-sample bug,NO_DEPENDENCY_IDENTIFIED,checksum deletion bypass: reverified present+hash; malformed energy coercion: typed finite JSON checked; noncanonical identity: geometry/result hashes used; atlas leakage: no atlas artifact consumed; Amber/ZVZB/electronic-state/mutable-state defects: no dependency,TRUSTED
TSLRSH-GPU-045,old checksum deletion bypass,REVERIFIED_FAIL_CLOSED_WITHOUT_RECOMPUTATION,checksum deletion bypass: reverified present+hash; malformed energy coercion: typed finite JSON checked; noncanonical identity: geometry/result hashes used; atlas leakage: no atlas artifact consumed; Amber/ZVZB/electronic-state/mutable-state defects: no dependency,TRUSTED
TSLRSH-GPU-045,malformed-energy coercion,REVERIFIED_FAIL_CLOSED_WITHOUT_RECOMPUTATION,checksum deletion bypass: reverified present+hash; malformed energy coercion: typed finite JSON checked; noncanonical identity: geometry/result hashes used; atlas leakage: no atlas artifact consumed; Amber/ZVZB/electronic-state/mutable-state defects: no dependency,TRUSTED
TSLRSH-GPU-045,atlas leakage,DIRECT_OR_REVERIFIED,checksum deletion bypass: reverified present+hash; malformed energy coercion: typed finite JSON checked; noncanonical identity: geometry/result hashes used; atlas leakage: no atlas artifact consumed; Amber/ZVZB/electronic-state/mutable-state defects: no dependency,TRUSTED
TSLRSH-GPU-045,noncanonical identity,REVERIFIED_FAIL_CLOSED_WITHOUT_RECOMPUTATION,checksum deletion bypass: reverified present+hash; malformed energy coercion: typed finite JSON checked; noncanonical identity: geometry/result hashes used; atlas leakage: no atlas artifact consumed; Amber/ZVZB/electronic-state/mutable-state defects: no dependency,TRUSTED
TSLRSH-GPU-045,electronic-state reuse mismatch,NO_DEPENDENCY_IDENTIFIED,checksum deletion bypass: reverified present+hash; malformed energy coercion: typed finite JSON checked; noncanonical identity: geometry/result hashes used; atlas leakage: no atlas artifact consumed; Amber/ZVZB/electronic-state/mutable-state defects: no dependency,TRUSTED
TSLRSH-GPU-045,mutable result state,NO_DEPENDENCY_IDENTIFIED,checksum deletion bypass: reverified present+hash; malformed energy coercion: typed finite JSON checked; noncanonical identity: geometry/result hashes used; atlas leakage: no atlas artifact consumed; Amber/ZVZB/electronic-state/mutable-state defects: no dependency,TRUSTED
TSLRSH-GPU-046,defective Amber name parsing,NO_DEPENDENCY_IDENTIFIED,checksum deletion bypass: reverified present+hash; malformed energy coercion: typed finite JSON checked; noncanonical identity: geometry/result hashes used; atlas leakage: no atlas artifact consumed; Amber/ZVZB/electronic-state/mutable-state defects: no dependency,TRUSTED
TSLRSH-GPU-046,old ZVZB finite-sample bug,NO_DEPENDENCY_IDENTIFIED,checksum deletion bypass: reverified present+hash; malformed energy coercion: typed finite JSON checked; noncanonical identity: geometry/result hashes used; atlas leakage: no atlas artifact consumed; Amber/ZVZB/electronic-state/mutable-state defects: no dependency,TRUSTED
TSLRSH-GPU-046,old checksum deletion bypass,REVERIFIED_FAIL_CLOSED_WITHOUT_RECOMPUTATION,checksum deletion bypass: reverified present+hash; malformed energy coercion: typed finite JSON checked; noncanonical identity: geometry/result hashes used; atlas leakage: no atlas artifact consumed; Amber/ZVZB/electronic-state/mutable-state defects: no dependency,TRUSTED
TSLRSH-GPU-046,malformed-energy coercion,REVERIFIED_FAIL_CLOSED_WITHOUT_RECOMPUTATION,checksum deletion bypass: reverified present+hash; malformed energy coercion: typed finite JSON checked; noncanonical identity: geometry/result hashes used; atlas leakage: no atlas artifact consumed; Amber/ZVZB/electronic-state/mutable-state defects: no dependency,TRUSTED
TSLRSH-GPU-046,atlas leakage,DIRECT_OR_REVERIFIED,checksum deletion bypass: reverified present+hash; malformed energy coercion: typed finite JSON checked; noncanonical identity: geometry/result hashes used; atlas leakage: no atlas artifact consumed; Amber/ZVZB/electronic-state/mutable-state defects: no dependency,TRUSTED
TSLRSH-GPU-046,noncanonical identity,REVERIFIED_FAIL_CLOSED_WITHOUT_RECOMPUTATION,checksum deletion bypass: reverified present+hash; malformed energy coercion: typed finite JSON checked; noncanonical identity: geometry/result hashes used; atlas leakage: no atlas artifact consumed; Amber/ZVZB/electronic-state/mutable-state defects: no dependency,TRUSTED
TSLRSH-GPU-046,electronic-state reuse mismatch,NO_DEPENDENCY_IDENTIFIED,checksum deletion bypass: reverified present+hash; malformed energy coercion: typed finite JSON checked; noncanonical identity: geometry/result hashes used; atlas leakage: no atlas artifact consumed; Amber/ZVZB/electronic-state/mutable-state defects: no dependency,TRUSTED
TSLRSH-GPU-046,mutable result state,NO_DEPENDENCY_IDENTIFIED,checksum deletion bypass: reverified present+hash; malformed energy coercion: typed finite JSON checked; noncanonical identity: geometry/result hashes used; atlas leakage: no atlas artifact consumed; Amber/ZVZB/electronic-state/mutable-state defects: no dependency,TRUSTED
TSLRSH-GPU-047,defective Amber name parsing,NO_DEPENDENCY_IDENTIFIED,checksum deletion bypass: reverified present+hash; malformed energy coercion: typed finite JSON checked; noncanonical identity: geometry/result hashes used; atlas leakage: no atlas artifact consumed; Amber/ZVZB/electronic-state/mutable-state defects: no dependency,TRUSTED
TSLRSH-GPU-047,old ZVZB finite-sample bug,NO_DEPENDENCY_IDENTIFIED,checksum deletion bypass: reverified present+hash; malformed energy coercion: typed finite JSON checked; noncanonical identity: geometry/result hashes used; atlas leakage: no atlas artifact consumed; Amber/ZVZB/electronic-state/mutable-state defects: no dependency,TRUSTED
TSLRSH-GPU-047,old checksum deletion bypass,REVERIFIED_FAIL_CLOSED_WITHOUT_RECOMPUTATION,checksum deletion bypass: reverified present+hash; malformed energy coercion: typed finite JSON checked; noncanonical identity: geometry/result hashes used; atlas leakage: no atlas artifact consumed; Amber/ZVZB/electronic-state/mutable-state defects: no dependency,TRUSTED
TSLRSH-GPU-047,malformed-energy coercion,REVERIFIED_FAIL_CLOSED_WITHOUT_RECOMPUTATION,checksum deletion bypass: reverified present+hash; malformed energy coercion: typed finite JSON checked; noncanonical identity: geometry/result hashes used; atlas leakage: no atlas artifact consumed; Amber/ZVZB/electronic-state/mutable-state defects: no dependency,TRUSTED
TSLRSH-GPU-047,atlas leakage,DIRECT_OR_REVERIFIED,checksum deletion bypass: reverified present+hash; malformed energy coercion: typed finite JSON checked; noncanonical identity: geometry/result hashes used; atlas leakage: no atlas artifact consumed; Amber/ZVZB/electronic-state/mutable-state defects: no dependency,TRUSTED
TSLRSH-GPU-047,noncanonical identity,REVERIFIED_FAIL_CLOSED_WITHOUT_RECOMPUTATION,checksum deletion bypass: reverified present+hash; malformed energy coercion: typed finite JSON checked; noncanonical identity: geometry/result hashes used; atlas leakage: no atlas artifact consumed; Amber/ZVZB/electronic-state/mutable-state defects: no dependency,TRUSTED
TSLRSH-GPU-047,electronic-state reuse mismatch,NO_DEPENDENCY_IDENTIFIED,checksum deletion bypass: reverified present+hash; malformed energy coercion: typed finite JSON checked; noncanonical identity: geometry/result hashes used; atlas leakage: no atlas artifact consumed; Amber/ZVZB/electronic-state/mutable-state defects: no dependency,TRUSTED
TSLRSH-GPU-047,mutable result state,NO_DEPENDENCY_IDENTIFIED,checksum deletion bypass: reverified present+hash; malformed energy coercion: typed finite JSON checked; noncanonical identity: geometry/result hashes used; atlas leakage: no atlas artifact consumed; Amber/ZVZB/electronic-state/mutable-state defects: no dependency,TRUSTED
TSLRSH-GPU-048,defective Amber name parsing,NO_DEPENDENCY_IDENTIFIED,checksum deletion bypass: reverified present+hash; malformed energy coercion: typed finite JSON checked; noncanonical identity: geometry/result hashes used; atlas leakage: no atlas artifact consumed; Amber/ZVZB/electronic-state/mutable-state defects: no dependency,TRUSTED
TSLRSH-GPU-048,old ZVZB finite-sample bug,NO_DEPENDENCY_IDENTIFIED,checksum deletion bypass: reverified present+hash; malformed energy coercion: typed finite JSON checked; noncanonical identity: geometry/result hashes used; atlas leakage: no atlas artifact consumed; Amber/ZVZB/electronic-state/mutable-state defects: no dependency,TRUSTED
TSLRSH-GPU-048,old checksum deletion bypass,REVERIFIED_FAIL_CLOSED_WITHOUT_RECOMPUTATION,checksum deletion bypass: reverified present+hash; malformed energy coercion: typed finite JSON checked; noncanonical identity: geometry/result hashes used; atlas leakage: no atlas artifact consumed; Amber/ZVZB/electronic-state/mutable-state defects: no dependency,TRUSTED
TSLRSH-GPU-048,malformed-energy coercion,REVERIFIED_FAIL_CLOSED_WITHOUT_RECOMPUTATION,checksum deletion bypass: reverified present+hash; malformed energy coercion: typed finite JSON checked; noncanonical identity: geometry/result hashes used; atlas leakage: no atlas artifact consumed; Amber/ZVZB/electronic-state/mutable-state defects: no dependency,TRUSTED
TSLRSH-GPU-048,atlas leakage,DIRECT_OR_REVERIFIED,checksum deletion bypass: reverified present+hash; malformed energy coercion: typed finite JSON checked; noncanonical identity: geometry/result hashes used; atlas leakage: no atlas artifact consumed; Amber/ZVZB/electronic-state/mutable-state defects: no dependency,TRUSTED
TSLRSH-GPU-048,noncanonical identity,REVERIFIED_FAIL_CLOSED_WITHOUT_RECOMPUTATION,checksum deletion bypass: reverified present+hash; malformed energy coercion: typed finite JSON checked; noncanonical identity: geometry/result hashes used; atlas leakage: no atlas artifact consumed; Amber/ZVZB/electronic-state/mutable-state defects: no dependency,TRUSTED
TSLRSH-GPU-048,electronic-state reuse mismatch,NO_DEPENDENCY_IDENTIFIED,checksum deletion bypass: reverified present+hash; malformed energy coercion: typed finite JSON checked; noncanonical identity: geometry/result hashes used; atlas leakage: no atlas artifact consumed; Amber/ZVZB/electronic-state/mutable-state defects: no dependency,TRUSTED
TSLRSH-GPU-048,mutable result state,NO_DEPENDENCY_IDENTIFIED,checksum deletion bypass: reverified present+hash; malformed energy coercion: typed finite JSON checked; noncanonical identity: geometry/result hashes used; atlas leakage: no atlas artifact consumed; Amber/ZVZB/electronic-state/mutable-state defects: no dependency,TRUSTED
TSLRSH-GPU-049,defective Amber name parsing,NO_DEPENDENCY_IDENTIFIED,checksum deletion bypass: reverified present+hash; malformed energy coercion: typed finite JSON checked; noncanonical identity: geometry/result hashes used; atlas leakage: no atlas artifact consumed; Amber/ZVZB/electronic-state/mutable-state defects: no dependency,TRUSTED
TSLRSH-GPU-049,old ZVZB finite-sample bug,NO_DEPENDENCY_IDENTIFIED,checksum deletion bypass: reverified present+hash; malformed energy coercion: typed finite JSON checked; noncanonical identity: geometry/result hashes used; atlas leakage: no atlas artifact consumed; Amber/ZVZB/electronic-state/mutable-state defects: no dependency,TRUSTED
TSLRSH-GPU-049,old checksum deletion bypass,REVERIFIED_FAIL_CLOSED_WITHOUT_RECOMPUTATION,checksum deletion bypass: reverified present+hash; malformed energy coercion: typed finite JSON checked; noncanonical identity: geometry/result hashes used; atlas leakage: no atlas artifact consumed; Amber/ZVZB/electronic-state/mutable-state defects: no dependency,TRUSTED
TSLRSH-GPU-049,malformed-energy coercion,REVERIFIED_FAIL_CLOSED_WITHOUT_RECOMPUTATION,checksum deletion bypass: reverified present+hash; malformed energy coercion: typed finite JSON checked; noncanonical identity: geometry/result hashes used; atlas leakage: no atlas artifact consumed; Amber/ZVZB/electronic-state/mutable-state defects: no dependency,TRUSTED
TSLRSH-GPU-049,atlas leakage,DIRECT_OR_REVERIFIED,checksum deletion bypass: reverified present+hash; malformed energy coercion: typed finite JSON checked; noncanonical identity: geometry/result hashes used; atlas leakage: no atlas artifact consumed; Amber/ZVZB/electronic-state/mutable-state defects: no dependency,TRUSTED
TSLRSH-GPU-049,noncanonical identity,REVERIFIED_FAIL_CLOSED_WITHOUT_RECOMPUTATION,checksum deletion bypass: reverified present+hash; malformed energy coercion: typed finite JSON checked; noncanonical identity: geometry/result hashes used; atlas leakage: no atlas artifact consumed; Amber/ZVZB/electronic-state/mutable-state defects: no dependency,TRUSTED
TSLRSH-GPU-049,electronic-state reuse mismatch,NO_DEPENDENCY_IDENTIFIED,checksum deletion bypass: reverified present+hash; malformed energy coercion: typed finite JSON checked; noncanonical identity: geometry/result hashes used; atlas leakage: no atlas artifact consumed; Amber/ZVZB/electronic-state/mutable-state defects: no dependency,TRUSTED
TSLRSH-GPU-049,mutable result state,NO_DEPENDENCY_IDENTIFIED,checksum deletion bypass: reverified present+hash; malformed energy coercion: typed finite JSON checked; noncanonical identity: geometry/result hashes used; atlas leakage: no atlas artifact consumed; Amber/ZVZB/electronic-state/mutable-state defects: no dependency,TRUSTED
TSLRSH-GPU-050,defective Amber name parsing,NO_DEPENDENCY_IDENTIFIED,checksum deletion bypass: reverified present+hash; malformed energy coercion: typed finite JSON checked; noncanonical identity: geometry/result hashes used; atlas leakage: no atlas artifact consumed; Amber/ZVZB/electronic-state/mutable-state defects: no dependency,TRUSTED
TSLRSH-GPU-050,old ZVZB finite-sample bug,NO_DEPENDENCY_IDENTIFIED,checksum deletion bypass: reverified present+hash; malformed energy coercion: typed finite JSON checked; noncanonical identity: geometry/result hashes used; atlas leakage: no atlas artifact consumed; Amber/ZVZB/electronic-state/mutable-state defects: no dependency,TRUSTED
TSLRSH-GPU-050,old checksum deletion bypass,REVERIFIED_FAIL_CLOSED_WITHOUT_RECOMPUTATION,checksum deletion bypass: reverified present+hash; malformed energy coercion: typed finite JSON checked; noncanonical identity: geometry/result hashes used; atlas leakage: no atlas artifact consumed; Amber/ZVZB/electronic-state/mutable-state defects: no dependency,TRUSTED
TSLRSH-GPU-050,malformed-energy coercion,REVERIFIED_FAIL_CLOSED_WITHOUT_RECOMPUTATION,checksum deletion bypass: reverified present+hash; malformed energy coercion: typed finite JSON checked; noncanonical identity: geometry/result hashes used; atlas leakage: no atlas artifact consumed; Amber/ZVZB/electronic-state/mutable-state defects: no dependency,TRUSTED
TSLRSH-GPU-050,atlas leakage,DIRECT_OR_REVERIFIED,checksum deletion bypass: reverified present+hash; malformed energy coercion: typed finite JSON checked; noncanonical identity: geometry/result hashes used; atlas leakage: no atlas artifact consumed; Amber/ZVZB/electronic-state/mutable-state defects: no dependency,TRUSTED
TSLRSH-GPU-050,noncanonical identity,REVERIFIED_FAIL_CLOSED_WITHOUT_RECOMPUTATION,checksum deletion bypass: reverified present+hash; malformed energy coercion: typed finite JSON checked; noncanonical identity: geometry/result hashes used; atlas leakage: no atlas artifact consumed; Amber/ZVZB/electronic-state/mutable-state defects: no dependency,TRUSTED
TSLRSH-GPU-050,electronic-state reuse mismatch,NO_DEPENDENCY_IDENTIFIED,checksum deletion bypass: reverified present+hash; malformed energy coercion: typed finite JSON checked; noncanonical identity: geometry/result hashes used; atlas leakage: no atlas artifact consumed; Amber/ZVZB/electronic-state/mutable-state defects: no dependency,TRUSTED
TSLRSH-GPU-050,mutable result state,NO_DEPENDENCY_IDENTIFIED,checksum deletion bypass: reverified present+hash; malformed energy coercion: typed finite JSON checked; noncanonical identity: geometry/result hashes used; atlas leakage: no atlas artifact consumed; Amber/ZVZB/electronic-state/mutable-state defects: no dependency,TRUSTED
TSLRSH-GPU-051,defective Amber name parsing,NO_DEPENDENCY_IDENTIFIED,checksum deletion bypass: reverified present+hash; malformed energy coercion: typed finite JSON checked; noncanonical identity: geometry/result hashes used; atlas leakage: no atlas artifact consumed; Amber/ZVZB/electronic-state/mutable-state defects: no dependency,TRUSTED
TSLRSH-GPU-051,old ZVZB finite-sample bug,NO_DEPENDENCY_IDENTIFIED,checksum deletion bypass: reverified present+hash; malformed energy coercion: typed finite JSON checked; noncanonical identity: geometry/result hashes used; atlas leakage: no atlas artifact consumed; Amber/ZVZB/electronic-state/mutable-state defects: no dependency,TRUSTED
TSLRSH-GPU-051,old checksum deletion bypass,REVERIFIED_FAIL_CLOSED_WITHOUT_RECOMPUTATION,checksum deletion bypass: reverified present+hash; malformed energy coercion: typed finite JSON checked; noncanonical identity: geometry/result hashes used; atlas leakage: no atlas artifact consumed; Amber/ZVZB/electronic-state/mutable-state defects: no dependency,TRUSTED
TSLRSH-GPU-051,malformed-energy coercion,REVERIFIED_FAIL_CLOSED_WITHOUT_RECOMPUTATION,checksum deletion bypass: reverified present+hash; malformed energy coercion: typed finite JSON checked; noncanonical identity: geometry/result hashes used; atlas leakage: no atlas artifact consumed; Amber/ZVZB/electronic-state/mutable-state defects: no dependency,TRUSTED
TSLRSH-GPU-051,atlas leakage,DIRECT_OR_REVERIFIED,checksum deletion bypass: reverified present+hash; malformed energy coercion: typed finite JSON checked; noncanonical identity: geometry/result hashes used; atlas leakage: no atlas artifact consumed; Amber/ZVZB/electronic-state/mutable-state defects: no dependency,TRUSTED
TSLRSH-GPU-051,noncanonical identity,REVERIFIED_FAIL_CLOSED_WITHOUT_RECOMPUTATION,checksum deletion bypass: reverified present+hash; malformed energy coercion: typed finite JSON checked; noncanonical identity: geometry/result hashes used; atlas leakage: no atlas artifact consumed; Amber/ZVZB/electronic-state/mutable-state defects: no dependency,TRUSTED
TSLRSH-GPU-051,electronic-state reuse mismatch,NO_DEPENDENCY_IDENTIFIED,checksum deletion bypass: reverified present+hash; malformed energy coercion: typed finite JSON checked; noncanonical identity: geometry/result hashes used; atlas leakage: no atlas artifact consumed; Amber/ZVZB/electronic-state/mutable-state defects: no dependency,TRUSTED
TSLRSH-GPU-051,mutable result state,NO_DEPENDENCY_IDENTIFIED,checksum deletion bypass: reverified present+hash; malformed energy coercion: typed finite JSON checked; noncanonical identity: geometry/result hashes used; atlas leakage: no atlas artifact consumed; Amber/ZVZB/electronic-state/mutable-state defects: no dependency,TRUSTED
TSLRSH-GPU-052,defective Amber name parsing,NO_DEPENDENCY_IDENTIFIED,checksum deletion bypass: reverified present+hash; malformed energy coercion: typed finite JSON checked; noncanonical identity: geometry/result hashes used; atlas leakage: no atlas artifact consumed; Amber/ZVZB/electronic-state/mutable-state defects: no dependency,TRUSTED
TSLRSH-GPU-052,old ZVZB finite-sample bug,NO_DEPENDENCY_IDENTIFIED,checksum deletion bypass: reverified present+hash; malformed energy coercion: typed finite JSON checked; noncanonical identity: geometry/result hashes used; atlas leakage: no atlas artifact consumed; Amber/ZVZB/electronic-state/mutable-state defects: no dependency,TRUSTED
TSLRSH-GPU-052,old checksum deletion bypass,REVERIFIED_FAIL_CLOSED_WITHOUT_RECOMPUTATION,checksum deletion bypass: reverified present+hash; malformed energy coercion: typed finite JSON checked; noncanonical identity: geometry/result hashes used; atlas leakage: no atlas artifact consumed; Amber/ZVZB/electronic-state/mutable-state defects: no dependency,TRUSTED
TSLRSH-GPU-052,malformed-energy coercion,REVERIFIED_FAIL_CLOSED_WITHOUT_RECOMPUTATION,checksum deletion bypass: reverified present+hash; malformed energy coercion: typed finite JSON checked; noncanonical identity: geometry/result hashes used; atlas leakage: no atlas artifact consumed; Amber/ZVZB/electronic-state/mutable-state defects: no dependency,TRUSTED
TSLRSH-GPU-052,atlas leakage,DIRECT_OR_REVERIFIED,checksum deletion bypass: reverified present+hash; malformed energy coercion: typed finite JSON checked; noncanonical identity: geometry/result hashes used; atlas leakage: no atlas artifact consumed; Amber/ZVZB/electronic-state/mutable-state defects: no dependency,TRUSTED
TSLRSH-GPU-052,noncanonical identity,REVERIFIED_FAIL_CLOSED_WITHOUT_RECOMPUTATION,checksum deletion bypass: reverified present+hash; malformed energy coercion: typed finite JSON checked; noncanonical identity: geometry/result hashes used; atlas leakage: no atlas artifact consumed; Amber/ZVZB/electronic-state/mutable-state defects: no dependency,TRUSTED
TSLRSH-GPU-052,electronic-state reuse mismatch,NO_DEPENDENCY_IDENTIFIED,checksum deletion bypass: reverified present+hash; malformed energy coercion: typed finite JSON checked; noncanonical identity: geometry/result hashes used; atlas leakage: no atlas artifact consumed; Amber/ZVZB/electronic-state/mutable-state defects: no dependency,TRUSTED
TSLRSH-GPU-052,mutable result state,NO_DEPENDENCY_IDENTIFIED,checksum deletion bypass: reverified present+hash; malformed energy coercion: typed finite JSON checked; noncanonical identity: geometry/result hashes used; atlas leakage: no atlas artifact consumed; Amber/ZVZB/electronic-state/mutable-state defects: no dependency,TRUSTED
TSLRSH-GPU-053,defective Amber name parsing,NO_DEPENDENCY_IDENTIFIED,checksum deletion bypass: reverified present+hash; malformed energy coercion: typed finite JSON checked; noncanonical identity: geometry/result hashes used; atlas leakage: no atlas artifact consumed; Amber/ZVZB/electronic-state/mutable-state defects: no dependency,TRUSTED
TSLRSH-GPU-053,old ZVZB finite-sample bug,NO_DEPENDENCY_IDENTIFIED,checksum deletion bypass: reverified present+hash; malformed energy coercion: typed finite JSON checked; noncanonical identity: geometry/result hashes used; atlas leakage: no atlas artifact consumed; Amber/ZVZB/electronic-state/mutable-state defects: no dependency,TRUSTED
TSLRSH-GPU-053,old checksum deletion bypass,REVERIFIED_FAIL_CLOSED_WITHOUT_RECOMPUTATION,checksum deletion bypass: reverified present+hash; malformed energy coercion: typed finite JSON checked; noncanonical identity: geometry/result hashes used; atlas leakage: no atlas artifact consumed; Amber/ZVZB/electronic-state/mutable-state defects: no dependency,TRUSTED
TSLRSH-GPU-053,malformed-energy coercion,REVERIFIED_FAIL_CLOSED_WITHOUT_RECOMPUTATION,checksum deletion bypass: reverified present+hash; malformed energy coercion: typed finite JSON checked; noncanonical identity: geometry/result hashes used; atlas leakage: no atlas artifact consumed; Amber/ZVZB/electronic-state/mutable-state defects: no dependency,TRUSTED
TSLRSH-GPU-053,atlas leakage,DIRECT_OR_REVERIFIED,checksum deletion bypass: reverified present+hash; malformed energy coercion: typed finite JSON checked; noncanonical identity: geometry/result hashes used; atlas leakage: no atlas artifact consumed; Amber/ZVZB/electronic-state/mutable-state defects: no dependency,TRUSTED
TSLRSH-GPU-053,noncanonical identity,REVERIFIED_FAIL_CLOSED_WITHOUT_RECOMPUTATION,checksum deletion bypass: reverified present+hash; malformed energy coercion: typed finite JSON checked; noncanonical identity: geometry/result hashes used; atlas leakage: no atlas artifact consumed; Amber/ZVZB/electronic-state/mutable-state defects: no dependency,TRUSTED
TSLRSH-GPU-053,electronic-state reuse mismatch,NO_DEPENDENCY_IDENTIFIED,checksum deletion bypass: reverified present+hash; malformed energy coercion: typed finite JSON checked; noncanonical identity: geometry/result hashes used; atlas leakage: no atlas artifact consumed; Amber/ZVZB/electronic-state/mutable-state defects: no dependency,TRUSTED
TSLRSH-GPU-053,mutable result state,NO_DEPENDENCY_IDENTIFIED,checksum deletion bypass: reverified present+hash; malformed energy coercion: typed finite JSON checked; noncanonical identity: geometry/result hashes used; atlas leakage: no atlas artifact consumed; Amber/ZVZB/electronic-state/mutable-state defects: no dependency,TRUSTED
TSLRSH-GPU-054,defective Amber name parsing,NO_DEPENDENCY_IDENTIFIED,checksum deletion bypass: reverified present+hash; malformed energy coercion: typed finite JSON checked; noncanonical identity: geometry/result hashes used; atlas leakage: no atlas artifact consumed; Amber/ZVZB/electronic-state/mutable-state defects: no dependency,TRUSTED
TSLRSH-GPU-054,old ZVZB finite-sample bug,NO_DEPENDENCY_IDENTIFIED,checksum deletion bypass: reverified present+hash; malformed energy coercion: typed finite JSON checked; noncanonical identity: geometry/result hashes used; atlas leakage: no atlas artifact consumed; Amber/ZVZB/electronic-state/mutable-state defects: no dependency,TRUSTED
TSLRSH-GPU-054,old checksum deletion bypass,REVERIFIED_FAIL_CLOSED_WITHOUT_RECOMPUTATION,checksum deletion bypass: reverified present+hash; malformed energy coercion: typed finite JSON checked; noncanonical identity: geometry/result hashes used; atlas leakage: no atlas artifact consumed; Amber/ZVZB/electronic-state/mutable-state defects: no dependency,TRUSTED
TSLRSH-GPU-054,malformed-energy coercion,REVERIFIED_FAIL_CLOSED_WITHOUT_RECOMPUTATION,checksum deletion bypass: reverified present+hash; malformed energy coercion: typed finite JSON checked; noncanonical identity: geometry/result hashes used; atlas leakage: no atlas artifact consumed; Amber/ZVZB/electronic-state/mutable-state defects: no dependency,TRUSTED
TSLRSH-GPU-054,atlas leakage,DIRECT_OR_REVERIFIED,checksum deletion bypass: reverified present+hash; malformed energy coercion: typed finite JSON checked; noncanonical identity: geometry/result hashes used; atlas leakage: no atlas artifact consumed; Amber/ZVZB/electronic-state/mutable-state defects: no dependency,TRUSTED
TSLRSH-GPU-054,noncanonical identity,REVERIFIED_FAIL_CLOSED_WITHOUT_RECOMPUTATION,checksum deletion bypass: reverified present+hash; malformed energy coercion: typed finite JSON checked; noncanonical identity: geometry/result hashes used; atlas leakage: no atlas artifact consumed; Amber/ZVZB/electronic-state/mutable-state defects: no dependency,TRUSTED
TSLRSH-GPU-054,electronic-state reuse mismatch,NO_DEPENDENCY_IDENTIFIED,checksum deletion bypass: reverified present+hash; malformed energy coercion: typed finite JSON checked; noncanonical identity: geometry/result hashes used; atlas leakage: no atlas artifact consumed; Amber/ZVZB/electronic-state/mutable-state defects: no dependency,TRUSTED
TSLRSH-GPU-054,mutable result state,NO_DEPENDENCY_IDENTIFIED,checksum deletion bypass: reverified present+hash; malformed energy coercion: typed finite JSON checked; noncanonical identity: geometry/result hashes used; atlas leakage: no atlas artifact consumed; Amber/ZVZB/electronic-state/mutable-state defects: no dependency,TRUSTED
TSLRSH-GPU-055,defective Amber name parsing,NO_DEPENDENCY_IDENTIFIED,checksum deletion bypass: reverified present+hash; malformed energy coercion: typed finite JSON checked; noncanonical identity: geometry/result hashes used; atlas leakage: no atlas artifact consumed; Amber/ZVZB/electronic-state/mutable-state defects: no dependency,TRUSTED
TSLRSH-GPU-055,old ZVZB finite-sample bug,NO_DEPENDENCY_IDENTIFIED,checksum deletion bypass: reverified present+hash; malformed energy coercion: typed finite JSON checked; noncanonical identity: geometry/result hashes used; atlas leakage: no atlas artifact consumed; Amber/ZVZB/electronic-state/mutable-state defects: no dependency,TRUSTED
TSLRSH-GPU-055,old checksum deletion bypass,REVERIFIED_FAIL_CLOSED_WITHOUT_RECOMPUTATION,checksum deletion bypass: reverified present+hash; malformed energy coercion: typed finite JSON checked; noncanonical identity: geometry/result hashes used; atlas leakage: no atlas artifact consumed; Amber/ZVZB/electronic-state/mutable-state defects: no dependency,TRUSTED
TSLRSH-GPU-055,malformed-energy coercion,REVERIFIED_FAIL_CLOSED_WITHOUT_RECOMPUTATION,checksum deletion bypass: reverified present+hash; malformed energy coercion: typed finite JSON checked; noncanonical identity: geometry/result hashes used; atlas leakage: no atlas artifact consumed; Amber/ZVZB/electronic-state/mutable-state defects: no dependency,TRUSTED
TSLRSH-GPU-055,atlas leakage,DIRECT_OR_REVERIFIED,checksum deletion bypass: reverified present+hash; malformed energy coercion: typed finite JSON checked; noncanonical identity: geometry/result hashes used; atlas leakage: no atlas artifact consumed; Amber/ZVZB/electronic-state/mutable-state defects: no dependency,TRUSTED
TSLRSH-GPU-055,noncanonical identity,REVERIFIED_FAIL_CLOSED_WITHOUT_RECOMPUTATION,checksum deletion bypass: reverified present+hash; malformed energy coercion: typed finite JSON checked; noncanonical identity: geometry/result hashes used; atlas leakage: no atlas artifact consumed; Amber/ZVZB/electronic-state/mutable-state defects: no dependency,TRUSTED
TSLRSH-GPU-055,electronic-state reuse mismatch,NO_DEPENDENCY_IDENTIFIED,checksum deletion bypass: reverified present+hash; malformed energy coercion: typed finite JSON checked; noncanonical identity: geometry/result hashes used; atlas leakage: no atlas artifact consumed; Amber/ZVZB/electronic-state/mutable-state defects: no dependency,TRUSTED
TSLRSH-GPU-055,mutable result state,NO_DEPENDENCY_IDENTIFIED,checksum deletion bypass: reverified present+hash; malformed energy coercion: typed finite JSON checked; noncanonical identity: geometry/result hashes used; atlas leakage: no atlas artifact consumed; Amber/ZVZB/electronic-state/mutable-state defects: no dependency,TRUSTED
TSLRSH-GPU-056,defective Amber name parsing,NO_DEPENDENCY_IDENTIFIED,checksum deletion bypass: reverified present+hash; malformed energy coercion: typed finite JSON checked; noncanonical identity: geometry/result hashes used; atlas leakage: no atlas artifact consumed; Amber/ZVZB/electronic-state/mutable-state defects: no dependency,TRUSTED
TSLRSH-GPU-056,old ZVZB finite-sample bug,NO_DEPENDENCY_IDENTIFIED,checksum deletion bypass: reverified present+hash; malformed energy coercion: typed finite JSON checked; noncanonical identity: geometry/result hashes used; atlas leakage: no atlas artifact consumed; Amber/ZVZB/electronic-state/mutable-state defects: no dependency,TRUSTED
TSLRSH-GPU-056,old checksum deletion bypass,REVERIFIED_FAIL_CLOSED_WITHOUT_RECOMPUTATION,checksum deletion bypass: reverified present+hash; malformed energy coercion: typed finite JSON checked; noncanonical identity: geometry/result hashes used; atlas leakage: no atlas artifact consumed; Amber/ZVZB/electronic-state/mutable-state defects: no dependency,TRUSTED
TSLRSH-GPU-056,malformed-energy coercion,REVERIFIED_FAIL_CLOSED_WITHOUT_RECOMPUTATION,checksum deletion bypass: reverified present+hash; malformed energy coercion: typed finite JSON checked; noncanonical identity: geometry/result hashes used; atlas leakage: no atlas artifact consumed; Amber/ZVZB/electronic-state/mutable-state defects: no dependency,TRUSTED
TSLRSH-GPU-056,atlas leakage,DIRECT_OR_REVERIFIED,checksum deletion bypass: reverified present+hash; malformed energy coercion: typed finite JSON checked; noncanonical identity: geometry/result hashes used; atlas leakage: no atlas artifact consumed; Amber/ZVZB/electronic-state/mutable-state defects: no dependency,TRUSTED
TSLRSH-GPU-056,noncanonical identity,REVERIFIED_FAIL_CLOSED_WITHOUT_RECOMPUTATION,checksum deletion bypass: reverified present+hash; malformed energy coercion: typed finite JSON checked; noncanonical identity: geometry/result hashes used; atlas leakage: no atlas artifact consumed; Amber/ZVZB/electronic-state/mutable-state defects: no dependency,TRUSTED
TSLRSH-GPU-056,electronic-state reuse mismatch,NO_DEPENDENCY_IDENTIFIED,checksum deletion bypass: reverified present+hash; malformed energy coercion: typed finite JSON checked; noncanonical identity: geometry/result hashes used; atlas leakage: no atlas artifact consumed; Amber/ZVZB/electronic-state/mutable-state defects: no dependency,TRUSTED
TSLRSH-GPU-056,mutable result state,NO_DEPENDENCY_IDENTIFIED,checksum deletion bypass: reverified present+hash; malformed energy coercion: typed finite JSON checked; noncanonical identity: geometry/result hashes used; atlas leakage: no atlas artifact consumed; Amber/ZVZB/electronic-state/mutable-state defects: no dependency,TRUSTED
TSLRSH-GPU-057,defective Amber name parsing,NO_DEPENDENCY_IDENTIFIED,checksum deletion bypass: reverified present+hash; malformed energy coercion: typed finite JSON checked; noncanonical identity: geometry/result hashes used; atlas leakage: no atlas artifact consumed; Amber/ZVZB/electronic-state/mutable-state defects: no dependency,TRUSTED
TSLRSH-GPU-057,old ZVZB finite-sample bug,NO_DEPENDENCY_IDENTIFIED,checksum deletion bypass: reverified present+hash; malformed energy coercion: typed finite JSON checked; noncanonical identity: geometry/result hashes used; atlas leakage: no atlas artifact consumed; Amber/ZVZB/electronic-state/mutable-state defects: no dependency,TRUSTED
TSLRSH-GPU-057,old checksum deletion bypass,REVERIFIED_FAIL_CLOSED_WITHOUT_RECOMPUTATION,checksum deletion bypass: reverified present+hash; malformed energy coercion: typed finite JSON checked; noncanonical identity: geometry/result hashes used; atlas leakage: no atlas artifact consumed; Amber/ZVZB/electronic-state/mutable-state defects: no dependency,TRUSTED
TSLRSH-GPU-057,malformed-energy coercion,REVERIFIED_FAIL_CLOSED_WITHOUT_RECOMPUTATION,checksum deletion bypass: reverified present+hash; malformed energy coercion: typed finite JSON checked; noncanonical identity: geometry/result hashes used; atlas leakage: no atlas artifact consumed; Amber/ZVZB/electronic-state/mutable-state defects: no dependency,TRUSTED
TSLRSH-GPU-057,atlas leakage,DIRECT_OR_REVERIFIED,checksum deletion bypass: reverified present+hash; malformed energy coercion: typed finite JSON checked; noncanonical identity: geometry/result hashes used; atlas leakage: no atlas artifact consumed; Amber/ZVZB/electronic-state/mutable-state defects: no dependency,TRUSTED
TSLRSH-GPU-057,noncanonical identity,REVERIFIED_FAIL_CLOSED_WITHOUT_RECOMPUTATION,checksum deletion bypass: reverified present+hash; malformed energy coercion: typed finite JSON checked; noncanonical identity: geometry/result hashes used; atlas leakage: no atlas artifact consumed; Amber/ZVZB/electronic-state/mutable-state defects: no dependency,TRUSTED
TSLRSH-GPU-057,electronic-state reuse mismatch,NO_DEPENDENCY_IDENTIFIED,checksum deletion bypass: reverified present+hash; malformed energy coercion: typed finite JSON checked; noncanonical identity: geometry/result hashes used; atlas leakage: no atlas artifact consumed; Amber/ZVZB/electronic-state/mutable-state defects: no dependency,TRUSTED
TSLRSH-GPU-057,mutable result state,NO_DEPENDENCY_IDENTIFIED,checksum deletion bypass: reverified present+hash; malformed energy coercion: typed finite JSON checked; noncanonical identity: geometry/result hashes used; atlas leakage: no atlas artifact consumed; Amber/ZVZB/electronic-state/mutable-state defects: no dependency,TRUSTED
TSLRSH-GPU-058,defective Amber name parsing,NO_DEPENDENCY_IDENTIFIED,checksum deletion bypass: reverified present+hash; malformed energy coercion: typed finite JSON checked; noncanonical identity: geometry/result hashes used; atlas leakage: no atlas artifact consumed; Amber/ZVZB/electronic-state/mutable-state defects: no dependency,TRUSTED
TSLRSH-GPU-058,old ZVZB finite-sample bug,NO_DEPENDENCY_IDENTIFIED,checksum deletion bypass: reverified present+hash; malformed energy coercion: typed finite JSON checked; noncanonical identity: geometry/result hashes used; atlas leakage: no atlas artifact consumed; Amber/ZVZB/electronic-state/mutable-state defects: no dependency,TRUSTED
TSLRSH-GPU-058,old checksum deletion bypass,REVERIFIED_FAIL_CLOSED_WITHOUT_RECOMPUTATION,checksum deletion bypass: reverified present+hash; malformed energy coercion: typed finite JSON checked; noncanonical identity: geometry/result hashes used; atlas leakage: no atlas artifact consumed; Amber/ZVZB/electronic-state/mutable-state defects: no dependency,TRUSTED
TSLRSH-GPU-058,malformed-energy coercion,REVERIFIED_FAIL_CLOSED_WITHOUT_RECOMPUTATION,checksum deletion bypass: reverified present+hash; malformed energy coercion: typed finite JSON checked; noncanonical identity: geometry/result hashes used; atlas leakage: no atlas artifact consumed; Amber/ZVZB/electronic-state/mutable-state defects: no dependency,TRUSTED
TSLRSH-GPU-058,atlas leakage,DIRECT_OR_REVERIFIED,checksum deletion bypass: reverified present+hash; malformed energy coercion: typed finite JSON checked; noncanonical identity: geometry/result hashes used; atlas leakage: no atlas artifact consumed; Amber/ZVZB/electronic-state/mutable-state defects: no dependency,TRUSTED
TSLRSH-GPU-058,noncanonical identity,REVERIFIED_FAIL_CLOSED_WITHOUT_RECOMPUTATION,checksum deletion bypass: reverified present+hash; malformed energy coercion: typed finite JSON checked; noncanonical identity: geometry/result hashes used; atlas leakage: no atlas artifact consumed; Amber/ZVZB/electronic-state/mutable-state defects: no dependency,TRUSTED
TSLRSH-GPU-058,electronic-state reuse mismatch,NO_DEPENDENCY_IDENTIFIED,checksum deletion bypass: reverified present+hash; malformed energy coercion: typed finite JSON checked; noncanonical identity: geometry/result hashes used; atlas leakage: no atlas artifact consumed; Amber/ZVZB/electronic-state/mutable-state defects: no dependency,TRUSTED
TSLRSH-GPU-058,mutable result state,NO_DEPENDENCY_IDENTIFIED,checksum deletion bypass: reverified present+hash; malformed energy coercion: typed finite JSON checked; noncanonical identity: geometry/result hashes used; atlas leakage: no atlas artifact consumed; Amber/ZVZB/electronic-state/mutable-state defects: no dependency,TRUSTED
TSLRSH-GPU-059,defective Amber name parsing,NO_DEPENDENCY_IDENTIFIED,checksum deletion bypass: reverified present+hash; malformed energy coercion: typed finite JSON checked; noncanonical identity: geometry/result hashes used; atlas leakage: no atlas artifact consumed; Amber/ZVZB/electronic-state/mutable-state defects: no dependency,TRUSTED
TSLRSH-GPU-059,old ZVZB finite-sample bug,NO_DEPENDENCY_IDENTIFIED,checksum deletion bypass: reverified present+hash; malformed energy coercion: typed finite JSON checked; noncanonical identity: geometry/result hashes used; atlas leakage: no atlas artifact consumed; Amber/ZVZB/electronic-state/mutable-state defects: no dependency,TRUSTED
TSLRSH-GPU-059,old checksum deletion bypass,REVERIFIED_FAIL_CLOSED_WITHOUT_RECOMPUTATION,checksum deletion bypass: reverified present+hash; malformed energy coercion: typed finite JSON checked; noncanonical identity: geometry/result hashes used; atlas leakage: no atlas artifact consumed; Amber/ZVZB/electronic-state/mutable-state defects: no dependency,TRUSTED
TSLRSH-GPU-059,malformed-energy coercion,REVERIFIED_FAIL_CLOSED_WITHOUT_RECOMPUTATION,checksum deletion bypass: reverified present+hash; malformed energy coercion: typed finite JSON checked; noncanonical identity: geometry/result hashes used; atlas leakage: no atlas artifact consumed; Amber/ZVZB/electronic-state/mutable-state defects: no dependency,TRUSTED
TSLRSH-GPU-059,atlas leakage,DIRECT_OR_REVERIFIED,checksum deletion bypass: reverified present+hash; malformed energy coercion: typed finite JSON checked; noncanonical identity: geometry/result hashes used; atlas leakage: no atlas artifact consumed; Amber/ZVZB/electronic-state/mutable-state defects: no dependency,TRUSTED
TSLRSH-GPU-059,noncanonical identity,REVERIFIED_FAIL_CLOSED_WITHOUT_RECOMPUTATION,checksum deletion bypass: reverified present+hash; malformed energy coercion: typed finite JSON checked; noncanonical identity: geometry/result hashes used; atlas leakage: no atlas artifact consumed; Amber/ZVZB/electronic-state/mutable-state defects: no dependency,TRUSTED
TSLRSH-GPU-059,electronic-state reuse mismatch,NO_DEPENDENCY_IDENTIFIED,checksum deletion bypass: reverified present+hash; malformed energy coercion: typed finite JSON checked; noncanonical identity: geometry/result hashes used; atlas leakage: no atlas artifact consumed; Amber/ZVZB/electronic-state/mutable-state defects: no dependency,TRUSTED
TSLRSH-GPU-059,mutable result state,NO_DEPENDENCY_IDENTIFIED,checksum deletion bypass: reverified present+hash; malformed energy coercion: typed finite JSON checked; noncanonical identity: geometry/result hashes used; atlas leakage: no atlas artifact consumed; Amber/ZVZB/electronic-state/mutable-state defects: no dependency,TRUSTED
TSLRSH-GPU-060,defective Amber name parsing,NO_DEPENDENCY_IDENTIFIED,checksum deletion bypass: reverified present+hash; malformed energy coercion: typed finite JSON checked; noncanonical identity: geometry/result hashes used; atlas leakage: no atlas artifact consumed; Amber/ZVZB/electronic-state/mutable-state defects: no dependency,TRUSTED
TSLRSH-GPU-060,old ZVZB finite-sample bug,NO_DEPENDENCY_IDENTIFIED,checksum deletion bypass: reverified present+hash; malformed energy coercion: typed finite JSON checked; noncanonical identity: geometry/result hashes used; atlas leakage: no atlas artifact consumed; Amber/ZVZB/electronic-state/mutable-state defects: no dependency,TRUSTED
TSLRSH-GPU-060,old checksum deletion bypass,REVERIFIED_FAIL_CLOSED_WITHOUT_RECOMPUTATION,checksum deletion bypass: reverified present+hash; malformed energy coercion: typed finite JSON checked; noncanonical identity: geometry/result hashes used; atlas leakage: no atlas artifact consumed; Amber/ZVZB/electronic-state/mutable-state defects: no dependency,TRUSTED
TSLRSH-GPU-060,malformed-energy coercion,REVERIFIED_FAIL_CLOSED_WITHOUT_RECOMPUTATION,checksum deletion bypass: reverified present+hash; malformed energy coercion: typed finite JSON checked; noncanonical identity: geometry/result hashes used; atlas leakage: no atlas artifact consumed; Amber/ZVZB/electronic-state/mutable-state defects: no dependency,TRUSTED
TSLRSH-GPU-060,atlas leakage,DIRECT_OR_REVERIFIED,checksum deletion bypass: reverified present+hash; malformed energy coercion: typed finite JSON checked; noncanonical identity: geometry/result hashes used; atlas leakage: no atlas artifact consumed; Amber/ZVZB/electronic-state/mutable-state defects: no dependency,TRUSTED
TSLRSH-GPU-060,noncanonical identity,REVERIFIED_FAIL_CLOSED_WITHOUT_RECOMPUTATION,checksum deletion bypass: reverified present+hash; malformed energy coercion: typed finite JSON checked; noncanonical identity: geometry/result hashes used; atlas leakage: no atlas artifact consumed; Amber/ZVZB/electronic-state/mutable-state defects: no dependency,TRUSTED
TSLRSH-GPU-060,electronic-state reuse mismatch,NO_DEPENDENCY_IDENTIFIED,checksum deletion bypass: reverified present+hash; malformed energy coercion: typed finite JSON checked; noncanonical identity: geometry/result hashes used; atlas leakage: no atlas artifact consumed; Amber/ZVZB/electronic-state/mutable-state defects: no dependency,TRUSTED
TSLRSH-GPU-060,mutable result state,NO_DEPENDENCY_IDENTIFIED,checksum deletion bypass: reverified present+hash; malformed energy coercion: typed finite JSON checked; noncanonical identity: geometry/result hashes used; atlas leakage: no atlas artifact consumed; Amber/ZVZB/electronic-state/mutable-state defects: no dependency,TRUSTED
CPU_MIN01_NO_D3_REFERENCE,defective Amber name parsing,NO_DEPENDENCY_IDENTIFIED,component-completeness audit; numerical energy retained but excluded from homogeneous GPU fitting labels,TRUSTED_WITH_LIMITATION
CPU_MIN01_NO_D3_REFERENCE,old ZVZB finite-sample bug,NO_DEPENDENCY_IDENTIFIED,component-completeness audit; numerical energy retained but excluded from homogeneous GPU fitting labels,TRUSTED_WITH_LIMITATION
CPU_MIN01_NO_D3_REFERENCE,old checksum deletion bypass,NO_DEPENDENCY_IDENTIFIED,component-completeness audit; numerical energy retained but excluded from homogeneous GPU fitting labels,TRUSTED_WITH_LIMITATION
CPU_MIN01_NO_D3_REFERENCE,malformed-energy coercion,NO_DEPENDENCY_IDENTIFIED,component-completeness audit; numerical energy retained but excluded from homogeneous GPU fitting labels,TRUSTED_WITH_LIMITATION
CPU_MIN01_NO_D3_REFERENCE,atlas leakage,NO_DEPENDENCY_IDENTIFIED,component-completeness audit; numerical energy retained but excluded from homogeneous GPU fitting labels,TRUSTED_WITH_LIMITATION
CPU_MIN01_NO_D3_REFERENCE,noncanonical identity,NO_DEPENDENCY_IDENTIFIED,component-completeness audit; numerical energy retained but excluded from homogeneous GPU fitting labels,TRUSTED_WITH_LIMITATION
CPU_MIN01_NO_D3_REFERENCE,electronic-state reuse mismatch,NO_DEPENDENCY_IDENTIFIED,component-completeness audit; numerical energy retained but excluded from homogeneous GPU fitting labels,TRUSTED_WITH_LIMITATION
CPU_MIN01_NO_D3_REFERENCE,mutable result state,NO_DEPENDENCY_IDENTIFIED,component-completeness audit; numerical energy retained but excluded from homogeneous GPU fitting labels,TRUSTED_WITH_LIMITATION
CPU_FORCE_CLOUD_60,defective Amber name parsing,NO_DEPENDENCY_IDENTIFIED,component-completeness audit; old checksum bypass neutralized only where referenced SHA files verify; kept outside homogeneous GPU labels,TRUSTED_WITH_LIMITATION
CPU_FORCE_CLOUD_60,old ZVZB finite-sample bug,NO_DEPENDENCY_IDENTIFIED,component-completeness audit; old checksum bypass neutralized only where referenced SHA files verify; kept outside homogeneous GPU labels,TRUSTED_WITH_LIMITATION
CPU_FORCE_CLOUD_60,old checksum deletion bypass,NO_DEPENDENCY_IDENTIFIED,component-completeness audit; old checksum bypass neutralized only where referenced SHA files verify; kept outside homogeneous GPU labels,TRUSTED_WITH_LIMITATION
CPU_FORCE_CLOUD_60,malformed-energy coercion,NO_DEPENDENCY_IDENTIFIED,component-completeness audit; old checksum bypass neutralized only where referenced SHA files verify; kept outside homogeneous GPU labels,TRUSTED_WITH_LIMITATION
CPU_FORCE_CLOUD_60,atlas leakage,NO_DEPENDENCY_IDENTIFIED,component-completeness audit; old checksum bypass neutralized only where referenced SHA files verify; kept outside homogeneous GPU labels,TRUSTED_WITH_LIMITATION
CPU_FORCE_CLOUD_60,noncanonical identity,NO_DEPENDENCY_IDENTIFIED,component-completeness audit; old checksum bypass neutralized only where referenced SHA files verify; kept outside homogeneous GPU labels,TRUSTED_WITH_LIMITATION
CPU_FORCE_CLOUD_60,electronic-state reuse mismatch,NO_DEPENDENCY_IDENTIFIED,component-completeness audit; old checksum bypass neutralized only where referenced SHA files verify; kept outside homogeneous GPU labels,TRUSTED_WITH_LIMITATION
CPU_FORCE_CLOUD_60,mutable result state,NO_DEPENDENCY_IDENTIFIED,component-completeness audit; old checksum bypass neutralized only where referenced SHA files verify; kept outside homogeneous GPU labels,TRUSTED_WITH_LIMITATION
CPU_HESSIAN_MIN01,defective Amber name parsing,NO_DEPENDENCY_IDENTIFIED,electronic-state and checksum provenance reviewed; not mixed into GPU60 fitting labels,TRUSTED_WITH_LIMITATION
CPU_HESSIAN_MIN01,old ZVZB finite-sample bug,NO_DEPENDENCY_IDENTIFIED,electronic-state and checksum provenance reviewed; not mixed into GPU60 fitting labels,TRUSTED_WITH_LIMITATION
CPU_HESSIAN_MIN01,old checksum deletion bypass,NO_DEPENDENCY_IDENTIFIED,electronic-state and checksum provenance reviewed; not mixed into GPU60 fitting labels,TRUSTED_WITH_LIMITATION
CPU_HESSIAN_MIN01,malformed-energy coercion,NO_DEPENDENCY_IDENTIFIED,electronic-state and checksum provenance reviewed; not mixed into GPU60 fitting labels,TRUSTED_WITH_LIMITATION
CPU_HESSIAN_MIN01,atlas leakage,NO_DEPENDENCY_IDENTIFIED,electronic-state and checksum provenance reviewed; not mixed into GPU60 fitting labels,TRUSTED_WITH_LIMITATION
CPU_HESSIAN_MIN01,noncanonical identity,NO_DEPENDENCY_IDENTIFIED,electronic-state and checksum provenance reviewed; not mixed into GPU60 fitting labels,TRUSTED_WITH_LIMITATION
CPU_HESSIAN_MIN01,electronic-state reuse mismatch,NO_DEPENDENCY_IDENTIFIED,electronic-state and checksum provenance reviewed; not mixed into GPU60 fitting labels,TRUSTED_WITH_LIMITATION
CPU_HESSIAN_MIN01,mutable result state,NO_DEPENDENCY_IDENTIFIED,electronic-state and checksum provenance reviewed; not mixed into GPU60 fitting labels,TRUSTED_WITH_LIMITATION
CPU_HESSIAN_MIN02,defective Amber name parsing,NO_DEPENDENCY_IDENTIFIED,electronic-state and checksum provenance reviewed; not mixed into GPU60 fitting labels,TRUSTED_WITH_LIMITATION
CPU_HESSIAN_MIN02,old ZVZB finite-sample bug,NO_DEPENDENCY_IDENTIFIED,electronic-state and checksum provenance reviewed; not mixed into GPU60 fitting labels,TRUSTED_WITH_LIMITATION
CPU_HESSIAN_MIN02,old checksum deletion bypass,NO_DEPENDENCY_IDENTIFIED,electronic-state and checksum provenance reviewed; not mixed into GPU60 fitting labels,TRUSTED_WITH_LIMITATION
CPU_HESSIAN_MIN02,malformed-energy coercion,NO_DEPENDENCY_IDENTIFIED,electronic-state and checksum provenance reviewed; not mixed into GPU60 fitting labels,TRUSTED_WITH_LIMITATION
CPU_HESSIAN_MIN02,atlas leakage,NO_DEPENDENCY_IDENTIFIED,electronic-state and checksum provenance reviewed; not mixed into GPU60 fitting labels,TRUSTED_WITH_LIMITATION
CPU_HESSIAN_MIN02,noncanonical identity,NO_DEPENDENCY_IDENTIFIED,electronic-state and checksum provenance reviewed; not mixed into GPU60 fitting labels,TRUSTED_WITH_LIMITATION
CPU_HESSIAN_MIN02,electronic-state reuse mismatch,NO_DEPENDENCY_IDENTIFIED,electronic-state and checksum provenance reviewed; not mixed into GPU60 fitting labels,TRUSTED_WITH_LIMITATION
CPU_HESSIAN_MIN02,mutable result state,NO_DEPENDENCY_IDENTIFIED,electronic-state and checksum provenance reviewed; not mixed into GPU60 fitting labels,TRUSTED_WITH_LIMITATION
CPU_HESSIAN_MIN04,defective Amber name parsing,NO_DEPENDENCY_IDENTIFIED,electronic-state and checksum provenance reviewed; not mixed into GPU60 fitting labels,TRUSTED_WITH_LIMITATION
CPU_HESSIAN_MIN04,old ZVZB finite-sample bug,NO_DEPENDENCY_IDENTIFIED,electronic-state and checksum provenance reviewed; not mixed into GPU60 fitting labels,TRUSTED_WITH_LIMITATION
CPU_HESSIAN_MIN04,old checksum deletion bypass,NO_DEPENDENCY_IDENTIFIED,electronic-state and checksum provenance reviewed; not mixed into GPU60 fitting labels,TRUSTED_WITH_LIMITATION
CPU_HESSIAN_MIN04,malformed-energy coercion,NO_DEPENDENCY_IDENTIFIED,electronic-state and checksum provenance reviewed; not mixed into GPU60 fitting labels,TRUSTED_WITH_LIMITATION
CPU_HESSIAN_MIN04,atlas leakage,NO_DEPENDENCY_IDENTIFIED,electronic-state and checksum provenance reviewed; not mixed into GPU60 fitting labels,TRUSTED_WITH_LIMITATION
CPU_HESSIAN_MIN04,noncanonical identity,NO_DEPENDENCY_IDENTIFIED,electronic-state and checksum provenance reviewed; not mixed into GPU60 fitting labels,TRUSTED_WITH_LIMITATION
CPU_HESSIAN_MIN04,electronic-state reuse mismatch,NO_DEPENDENCY_IDENTIFIED,electronic-state and checksum provenance reviewed; not mixed into GPU60 fitting labels,TRUSTED_WITH_LIMITATION
CPU_HESSIAN_MIN04,mutable result state,NO_DEPENDENCY_IDENTIFIED,electronic-state and checksum provenance reviewed; not mixed into GPU60 fitting labels,TRUSTED_WITH_LIMITATION
RESP_CHARGE_VALIDATION,defective Amber name parsing,NO_DEPENDENCY_IDENTIFIED,Amber-name parser dependency not demonstrated; charge source remains separate from GPU labels,TRUSTED_WITH_LIMITATION
RESP_CHARGE_VALIDATION,old ZVZB finite-sample bug,NO_DEPENDENCY_IDENTIFIED,Amber-name parser dependency not demonstrated; charge source remains separate from GPU labels,TRUSTED_WITH_LIMITATION
RESP_CHARGE_VALIDATION,old checksum deletion bypass,NO_DEPENDENCY_IDENTIFIED,Amber-name parser dependency not demonstrated; charge source remains separate from GPU labels,TRUSTED_WITH_LIMITATION
RESP_CHARGE_VALIDATION,malformed-energy coercion,NO_DEPENDENCY_IDENTIFIED,Amber-name parser dependency not demonstrated; charge source remains separate from GPU labels,TRUSTED_WITH_LIMITATION
RESP_CHARGE_VALIDATION,atlas leakage,NO_DEPENDENCY_IDENTIFIED,Amber-name parser dependency not demonstrated; charge source remains separate from GPU labels,TRUSTED_WITH_LIMITATION
RESP_CHARGE_VALIDATION,noncanonical identity,NO_DEPENDENCY_IDENTIFIED,Amber-name parser dependency not demonstrated; charge source remains separate from GPU labels,TRUSTED_WITH_LIMITATION
RESP_CHARGE_VALIDATION,electronic-state reuse mismatch,NO_DEPENDENCY_IDENTIFIED,Amber-name parser dependency not demonstrated; charge source remains separate from GPU labels,TRUSTED_WITH_LIMITATION
RESP_CHARGE_VALIDATION,mutable result state,NO_DEPENDENCY_IDENTIFIED,Amber-name parser dependency not demonstrated; charge source remains separate from GPU labels,TRUSTED_WITH_LIMITATION
VDW_PROBE_REGISTRY,defective Amber name parsing,NO_DEPENDENCY_IDENTIFIED,electronic-state/protocol provenance retained; not used as force labels,TRUSTED_WITH_LIMITATION
VDW_PROBE_REGISTRY,old ZVZB finite-sample bug,NO_DEPENDENCY_IDENTIFIED,electronic-state/protocol provenance retained; not used as force labels,TRUSTED_WITH_LIMITATION
VDW_PROBE_REGISTRY,old checksum deletion bypass,NO_DEPENDENCY_IDENTIFIED,electronic-state/protocol provenance retained; not used as force labels,TRUSTED_WITH_LIMITATION
VDW_PROBE_REGISTRY,malformed-energy coercion,NO_DEPENDENCY_IDENTIFIED,electronic-state/protocol provenance retained; not used as force labels,TRUSTED_WITH_LIMITATION
VDW_PROBE_REGISTRY,atlas leakage,NO_DEPENDENCY_IDENTIFIED,electronic-state/protocol provenance retained; not used as force labels,TRUSTED_WITH_LIMITATION
VDW_PROBE_REGISTRY,noncanonical identity,NO_DEPENDENCY_IDENTIFIED,electronic-state/protocol provenance retained; not used as force labels,TRUSTED_WITH_LIMITATION
VDW_PROBE_REGISTRY,electronic-state reuse mismatch,NO_DEPENDENCY_IDENTIFIED,electronic-state/protocol provenance retained; not used as force labels,TRUSTED_WITH_LIMITATION
VDW_PROBE_REGISTRY,mutable result state,NO_DEPENDENCY_IDENTIFIED,electronic-state/protocol provenance retained; not used as force labels,TRUSTED_WITH_LIMITATION
AMBER_GAFF_BASELINE_INPUTS,defective Amber name parsing,DIRECT_OR_REVERIFIED,defective Amber name parsing: no dependency identified because production used AmberTools/ParmEd rather than AmberPrmtopReader; mutable-state and identity defects: persisted checksums reverified,TRUSTED_WITH_LIMITATION
AMBER_GAFF_BASELINE_INPUTS,old ZVZB finite-sample bug,NO_DEPENDENCY_IDENTIFIED,defective Amber name parsing: no dependency identified because production used AmberTools/ParmEd rather than AmberPrmtopReader; mutable-state and identity defects: persisted checksums reverified,TRUSTED_WITH_LIMITATION
AMBER_GAFF_BASELINE_INPUTS,old checksum deletion bypass,NO_DEPENDENCY_IDENTIFIED,defective Amber name parsing: no dependency identified because production used AmberTools/ParmEd rather than AmberPrmtopReader; mutable-state and identity defects: persisted checksums reverified,TRUSTED_WITH_LIMITATION
AMBER_GAFF_BASELINE_INPUTS,malformed-energy coercion,NO_DEPENDENCY_IDENTIFIED,defective Amber name parsing: no dependency identified because production used AmberTools/ParmEd rather than AmberPrmtopReader; mutable-state and identity defects: persisted checksums reverified,TRUSTED_WITH_LIMITATION
AMBER_GAFF_BASELINE_INPUTS,atlas leakage,NO_DEPENDENCY_IDENTIFIED,defective Amber name parsing: no dependency identified because production used AmberTools/ParmEd rather than AmberPrmtopReader; mutable-state and identity defects: persisted checksums reverified,TRUSTED_WITH_LIMITATION
AMBER_GAFF_BASELINE_INPUTS,noncanonical identity,NO_DEPENDENCY_IDENTIFIED,defective Amber name parsing: no dependency identified because production used AmberTools/ParmEd rather than AmberPrmtopReader; mutable-state and identity defects: persisted checksums reverified,TRUSTED_WITH_LIMITATION
AMBER_GAFF_BASELINE_INPUTS,electronic-state reuse mismatch,NO_DEPENDENCY_IDENTIFIED,defective Amber name parsing: no dependency identified because production used AmberTools/ParmEd rather than AmberPrmtopReader; mutable-state and identity defects: persisted checksums reverified,TRUSTED_WITH_LIMITATION
AMBER_GAFF_BASELINE_INPUTS,mutable result state,NO_DEPENDENCY_IDENTIFIED,defective Amber name parsing: no dependency identified because production used AmberTools/ParmEd rather than AmberPrmtopReader; mutable-state and identity defects: persisted checksums reverified,TRUSTED_WITH_LIMITATION
DELTA_PERMITTED_INPUTS,defective Amber name parsing,NO_DEPENDENCY_IDENTIFIED,old checksum deletion bypass: all future reuse requires explicit existence plus checksum; component-completeness audit excludes it from trusted GPU fitting labels,TRUSTED_WITH_LIMITATION
DELTA_PERMITTED_INPUTS,old ZVZB finite-sample bug,NO_DEPENDENCY_IDENTIFIED,old checksum deletion bypass: all future reuse requires explicit existence plus checksum; component-completeness audit excludes it from trusted GPU fitting labels,TRUSTED_WITH_LIMITATION
DELTA_PERMITTED_INPUTS,old checksum deletion bypass,DIRECT_OR_REVERIFIED,old checksum deletion bypass: all future reuse requires explicit existence plus checksum; component-completeness audit excludes it from trusted GPU fitting labels,TRUSTED_WITH_LIMITATION
DELTA_PERMITTED_INPUTS,malformed-energy coercion,NO_DEPENDENCY_IDENTIFIED,old checksum deletion bypass: all future reuse requires explicit existence plus checksum; component-completeness audit excludes it from trusted GPU fitting labels,TRUSTED_WITH_LIMITATION
DELTA_PERMITTED_INPUTS,atlas leakage,NO_DEPENDENCY_IDENTIFIED,old checksum deletion bypass: all future reuse requires explicit existence plus checksum; component-completeness audit excludes it from trusted GPU fitting labels,TRUSTED_WITH_LIMITATION
DELTA_PERMITTED_INPUTS,noncanonical identity,NO_DEPENDENCY_IDENTIFIED,old checksum deletion bypass: all future reuse requires explicit existence plus checksum; component-completeness audit excludes it from trusted GPU fitting labels,TRUSTED_WITH_LIMITATION
DELTA_PERMITTED_INPUTS,electronic-state reuse mismatch,NO_DEPENDENCY_IDENTIFIED,old checksum deletion bypass: all future reuse requires explicit existence plus checksum; component-completeness audit excludes it from trusted GPU fitting labels,TRUSTED_WITH_LIMITATION
DELTA_PERMITTED_INPUTS,mutable result state,NO_DEPENDENCY_IDENTIFIED,old checksum deletion bypass: all future reuse requires explicit existence plus checksum; component-completeness audit excludes it from trusted GPU fitting labels,TRUSTED_WITH_LIMITATION
DELTA_V2_FIT,defective Amber name parsing,NO_DEPENDENCY_IDENTIFIED,result-completeness contract; atlas-derived evaluations excluded; no refit performed,QUARANTINED
DELTA_V2_FIT,old ZVZB finite-sample bug,NO_DEPENDENCY_IDENTIFIED,result-completeness contract; atlas-derived evaluations excluded; no refit performed,QUARANTINED
DELTA_V2_FIT,old checksum deletion bypass,NO_DEPENDENCY_IDENTIFIED,result-completeness contract; atlas-derived evaluations excluded; no refit performed,QUARANTINED
DELTA_V2_FIT,malformed-energy coercion,NO_DEPENDENCY_IDENTIFIED,result-completeness contract; atlas-derived evaluations excluded; no refit performed,QUARANTINED
DELTA_V2_FIT,atlas leakage,NO_DEPENDENCY_IDENTIFIED,result-completeness contract; atlas-derived evaluations excluded; no refit performed,QUARANTINED
DELTA_V2_FIT,noncanonical identity,NO_DEPENDENCY_IDENTIFIED,result-completeness contract; atlas-derived evaluations excluded; no refit performed,QUARANTINED
DELTA_V2_FIT,electronic-state reuse mismatch,NO_DEPENDENCY_IDENTIFIED,result-completeness contract; atlas-derived evaluations excluded; no refit performed,QUARANTINED
DELTA_V2_FIT,mutable result state,NO_DEPENDENCY_IDENTIFIED,result-completeness contract; atlas-derived evaluations excluded; no refit performed,QUARANTINED
MACE_READOUT_STUDY,defective Amber name parsing,NO_DEPENDENCY_IDENTIFIED,result-completeness contract; process-isolation history; no training rerun,QUARANTINED
MACE_READOUT_STUDY,old ZVZB finite-sample bug,NO_DEPENDENCY_IDENTIFIED,result-completeness contract; process-isolation history; no training rerun,QUARANTINED
MACE_READOUT_STUDY,old checksum deletion bypass,NO_DEPENDENCY_IDENTIFIED,result-completeness contract; process-isolation history; no training rerun,QUARANTINED
MACE_READOUT_STUDY,malformed-energy coercion,NO_DEPENDENCY_IDENTIFIED,result-completeness contract; process-isolation history; no training rerun,QUARANTINED
MACE_READOUT_STUDY,atlas leakage,NO_DEPENDENCY_IDENTIFIED,result-completeness contract; process-isolation history; no training rerun,QUARANTINED
MACE_READOUT_STUDY,noncanonical identity,NO_DEPENDENCY_IDENTIFIED,result-completeness contract; process-isolation history; no training rerun,QUARANTINED
MACE_READOUT_STUDY,electronic-state reuse mismatch,NO_DEPENDENCY_IDENTIFIED,result-completeness contract; process-isolation history; no training rerun,QUARANTINED
MACE_READOUT_STUDY,mutable result state,NO_DEPENDENCY_IDENTIFIED,result-completeness contract; process-isolation history; no training rerun,QUARANTINED
BEST_AMBER_26_COEFFICIENT_MODEL,defective Amber name parsing,POSSIBLE_NOT_RESOLVABLE_MODEL_STATE_MISSING,result-completeness contract; possible Amber-reader dependencies cannot be excluded without model state; prohibited as reproducible baseline,INVALIDATED
BEST_AMBER_26_COEFFICIENT_MODEL,old ZVZB finite-sample bug,NO_DEPENDENCY_IDENTIFIED,result-completeness contract; possible Amber-reader dependencies cannot be excluded without model state; prohibited as reproducible baseline,INVALIDATED
BEST_AMBER_26_COEFFICIENT_MODEL,old checksum deletion bypass,NO_DEPENDENCY_IDENTIFIED,result-completeness contract; possible Amber-reader dependencies cannot be excluded without model state; prohibited as reproducible baseline,INVALIDATED
BEST_AMBER_26_COEFFICIENT_MODEL,malformed-energy coercion,NO_DEPENDENCY_IDENTIFIED,result-completeness contract; possible Amber-reader dependencies cannot be excluded without model state; prohibited as reproducible baseline,INVALIDATED
BEST_AMBER_26_COEFFICIENT_MODEL,atlas leakage,NO_DEPENDENCY_IDENTIFIED,result-completeness contract; possible Amber-reader dependencies cannot be excluded without model state; prohibited as reproducible baseline,INVALIDATED
BEST_AMBER_26_COEFFICIENT_MODEL,noncanonical identity,NO_DEPENDENCY_IDENTIFIED,result-completeness contract; possible Amber-reader dependencies cannot be excluded without model state; prohibited as reproducible baseline,INVALIDATED
BEST_AMBER_26_COEFFICIENT_MODEL,electronic-state reuse mismatch,NO_DEPENDENCY_IDENTIFIED,result-completeness contract; possible Amber-reader dependencies cannot be excluded without model state; prohibited as reproducible baseline,INVALIDATED
BEST_AMBER_26_COEFFICIENT_MODEL,mutable result state,NO_DEPENDENCY_IDENTIFIED,result-completeness contract; possible Amber-reader dependencies cannot be excluded without model state; prohibited as reproducible baseline,INVALIDATED
CONTAMINATED_ATLAS_RESULTS,defective Amber name parsing,NO_DEPENDENCY_IDENTIFIED,direct atlas leakage: global label centering and held-out gradient secants,INVALIDATED
CONTAMINATED_ATLAS_RESULTS,old ZVZB finite-sample bug,NO_DEPENDENCY_IDENTIFIED,direct atlas leakage: global label centering and held-out gradient secants,INVALIDATED
CONTAMINATED_ATLAS_RESULTS,old checksum deletion bypass,NO_DEPENDENCY_IDENTIFIED,direct atlas leakage: global label centering and held-out gradient secants,INVALIDATED
CONTAMINATED_ATLAS_RESULTS,malformed-energy coercion,NO_DEPENDENCY_IDENTIFIED,direct atlas leakage: global label centering and held-out gradient secants,INVALIDATED
CONTAMINATED_ATLAS_RESULTS,atlas leakage,DIRECT_INVALIDATING,direct atlas leakage: global label centering and held-out gradient secants,INVALIDATED
CONTAMINATED_ATLAS_RESULTS,noncanonical identity,NO_DEPENDENCY_IDENTIFIED,direct atlas leakage: global label centering and held-out gradient secants,INVALIDATED
CONTAMINATED_ATLAS_RESULTS,electronic-state reuse mismatch,NO_DEPENDENCY_IDENTIFIED,direct atlas leakage: global label centering and held-out gradient secants,INVALIDATED
CONTAMINATED_ATLAS_RESULTS,mutable result state,NO_DEPENDENCY_IDENTIFIED,direct atlas leakage: global label centering and held-out gradient secants,INVALIDATED
