"polymer_entity_id","pdb_id","entity_id","score"
"10AY_2","10AY","2",1.3990884666666665
"10EN_2","10EN","2",1.3990884666666665
"10EZ_2","10EZ","2",1.3990884666666665
"10FD_1","10FD","1",1.3990884666666665
"10FO_2","10FO","2",1.3990884666666665
"10TC_1","10TC","1",1.3990884666666665
"11EX_1","11EX","1",1.3990884666666665
"11TH_3","11TH","3",1.3990884666666665
"11TK_1","11TK","1",1.3990884666666665
"11TL_1","11TL","1",1.3990884666666665
"12BM_7","12BM","7",1.3990884666666665
"12BM_9","12BM","9",1.3990884666666665
"12FH_1","12FH","1",1.3990884666666665
"12IZ_5","12IZ","5",1.3990884666666665
"13FJ_1","13FJ","1",1.3990884666666665
"13SA_1","13SA","1",1.3990884666666665
"13SD_1","13SD","1",1.3990884666666665
"13SE_1","13SE","1",1.3990884666666665
"13SF_1","13SF","1",1.3990884666666665
"13SI_1","13SI","1",1.3990884666666665
"13SL_1","13SL","1",1.3990884666666665
"13SO_1","13SO","1",1.3990884666666665
"13SS_1","13SS","1",1.3990884666666665
"13SV_1","13SV","1",1.3990884666666665
"13SX_1","13SX","1",1.3990884666666665
"13SY_1","13SY","1",1.3990884666666665
"13SZ_1","13SZ","1",1.3990884666666665
"13TA_1","13TA","1",1.3990884666666665
"1A35_3","1A35","3",1.3990884666666665
"1A36_3","1A36","3",1.3990884666666665
"1A6Q_1","1A6Q","1",1.3990884666666665
"1AO6_1","1AO6","1",1.3990884666666665
"1AUK_1","1AUK","1",1.3990884666666665
"1AUT_2","1AUT","2",1.3990884666666665
"1B3A_1","1B3A","1",1.3990884666666665
"1B55_1","1B55","1",1.3990884666666665
"1B6E_1","1B6E","1",1.3990884666666665
"1BJ1_3","1BJ1","3",1.3990884666666665
"1BKE_1","1BKE","1",1.3990884666666665
"1BSX_1","1BSX","1",1.3990884666666665
"1DB5_1","1DB5","1",1.3990884666666665
"1DOK_1","1DOK","1",1.3990884666666665
"1DOL_1","1DOL","1",1.3990884666666665
"1DQ9_1","1DQ9","1",1.3990884666666665
"1E33_1","1E33","1",1.3990884666666665
"1E3C_1","1E3C","1",1.3990884666666665
"1E7E_1","1E7E","1",1.3990884666666665
"1E7F_1","1E7F","1",1.3990884666666665
"1E7H_1","1E7H","1",1.3990884666666665
"1EJF_1","1EJF","1",1.3990884666666665
"1ESR_1","1ESR","1",1.3990884666666665
"1EXU_1","1EXU","1",1.3990884666666665
"1FPZ_1","1FPZ","1",1.3990884666666665
"1FRO_1","1FRO","1",1.3990884666666665
"1G7A_1","1G7A","1",1.3990884666666665
"1G9O_1","1G9O","1",1.3990884666666665
"1GMY_1","1GMY","1",1.3990884666666665
"1GNJ_1","1GNJ","1",1.3990884666666665
"1H9Z_1","1H9Z","1",1.3990884666666665
"1HDZ_1","1HDZ","1",1.3990884666666665
"1HK5_1","1HK5","1",1.3990884666666665
"1HSZ_1","1HSZ","1",1.3990884666666665
"1HT0_1","1HT0","1",1.3990884666666665
"1HWJ_1","1HWJ","1",1.3990884666666665
"1I7G_1","1I7G","1",1.3990884666666665
"1IGR_1","1IGR","1",1.3990884666666665
"1IJU_1","1IJU","1",1.3990884666666665
"1IT6_1","1IT6","1",1.3990884666666665
"1IVY_1","1IVY","1",1.3990884666666665
"1J1A_1","1J1A","1",1.3990884666666665
"1J7E_1","1J7E","1",1.3990884666666665
"1JR2_1","1JR2","1",1.3990884666666665
"1JUO_1","1JUO","1",1.3990884666666665
"1K4T_4","1K4T","4",1.3990884666666665
"1K7L_1","1K7L","1",1.3990884666666665
"1KQU_1","1KQU","1",1.3990884666666665
"1KV3_1","1KV3","1",1.3990884666666665
"1KXP_2","1KXP","2",1.3990884666666665
"1L8K_1","1L8K","1",1.3990884666666665
"1LD7_2","1LD7","2",1.3990884666666665
"1LE7_1","1LE7","1",1.3990884666666665
"1LPH_1","1LPH","1",1.3990884666666665
"1LXI_1","1LXI","1",1.3990884666666665
"1M6B_1","1M6B","1",1.3990884666666665
"1N2K_1","1N2K","1",1.3990884666666665
"1NI4_1","1NI4","1",1.3990884666666665
"1NUO_1","1NUO","1",1.3990884666666665
"1NW9_2","1NW9","2",1.3990884666666665
"1NZZ_1","1NZZ","1",1.3990884666666665
"1O00_1","1O00","1",1.3990884666666665
"1O6O_1","1O6O","1",1.3990884666666665
"1O6P_1","1O6P","1",1.3990884666666665
"1OC0_2","1OC0","2",1.3990884666666665
"1OHC_1","1OHC","1",1.3990884666666665
"1OLL_1","1OLL","1",1.3990884666666665
"1OS3_1","1OS3","1",1.3990884666666665
"1P0M_1","1P0M","1",1.3990884666666665
"1P0Q_1","1P0Q","1",1.3990884666666665
"1P49_1","1P49","1",1.3990884666666665
"1P6F_1","1P6F","1",1.3990884666666665
"1PDG_1","1PDG","1",1.3990884666666665
"1Q4K_1","1Q4K","1",1.3990884666666665
"1Q4V_1","1Q4V","1",1.3990884666666665
"1QE6_1","1QE6","1",1.3990884666666665
"1QGR_1","1QGR","1",1.3990884666666665
"1QJ0_1","1QJ0","1",1.3990884666666665
"1QTY_1","1QTY","1",1.3990884666666665
"1R3R_1","1R3R","1",1.3990884666666665
"1R3S_1","1R3S","1",1.3990884666666665
"1R3T_1","1R3T","1",1.3990884666666665
"1R55_1","1R55","1",1.3990884666666665
"1REU_1","1REU","1",1.3990884666666665
"1REW_1","1REW","1",1.3990884666666665
"1REW_2","1REW","2",1.3990884666666665
"1RXD_1","1RXD","1",1.3990884666666665
"1S63_2","1S63","2",1.3990884666666665
"1S78_1","1S78","1",1.3990884666666665
"1SA4_2","1SA4","2",1.3990884666666665
"1SC7_4","1SC7","4",1.3990884666666665
"1T15_1","1T15","1",1.3990884666666665
"1T2U_1","1T2U","1",1.3990884666666665
"1T91_1","1T91","1",1.3990884666666665
"1TFG_1","1TFG","1",1.3990884666666665
"1TGK_1","1TGK","1",1.3990884666666665
"1TGR_1","1TGR","1",1.3990884666666665
"1TL8_4","1TL8","4",1.3990884666666665
"1TN6_2","1TN6","2",1.3990884666666665
"1TZI_3","1TZI","3",1.3990884666666665
"1U3V_1","1U3V","1",1.3990884666666665
"1U4P_1","1U4P","1",1.3990884666666665
"1US1_1","1US1","1",1.3990884666666665
"1VPF_1","1VPF","1",1.3990884666666665
"1VPP_1","1VPP","1",1.3990884666666665
"1WAQ_1","1WAQ","1",1.3990884666666665
"1WB0_1","1WB0","1",1.3990884666666665
"1WD8_1","1WD8","1",1.3990884666666665
"1WD9_1","1WD9","1",1.3990884666666665
"1WDA_1","1WDA","1",1.3990884666666665
"1WQJ_1","1WQJ","1",1.3990884666666665
"1XDV_1","1XDV","1",1.3990884666666665
"1XLU_1","1XLU","1",1.3990884666666665
"1XWD_1","1XWD","1",1.3990884666666665
"1XWW_1","1XWW","1",1.3990884666666665
"1Y8Q_1","1Y8Q","1",1.3990884666666665
"1ZD9_1","1ZD9","1",1.3990884666666665
"1ZJH_1","1ZJH","1",1.3990884666666665
"1ZKZ_1","1ZKZ","1",1.3990884666666665
"1ZMH_1","1ZMH","1",1.3990884666666665
"1ZMI_1","1ZMI","1",1.3990884666666665
"1ZMM_1","1ZMM","1",1.3990884666666665
"1ZUM_1","1ZUM","1",1.3990884666666665
"20ZD_2","20ZD","2",1.3990884666666665
"20ZH_2","20ZH","2",1.3990884666666665
"20ZI_2","20ZI","2",1.3990884666666665
"20ZJ_2","20ZJ","2",1.3990884666666665
"20ZL_4","20ZL","4",1.3990884666666665
"21AG_1","21AG","1",1.3990884666666665
"21CI_1","21CI","1",1.3990884666666665
"21CN_1","21CN","1",1.3990884666666665
"21DU_5","21DU","5",1.3990884666666665
"21NQ_1","21NQ","1",1.3990884666666665
"22BD_2","22BD","2",1.3990884666666665
"22BF_1","22BF","1",1.3990884666666665
"22BH_1","22BH","1",1.3990884666666665
"22BK_1","22BK","1",1.3990884666666665
"22CR_2","22CR","2",1.3990884666666665
"22GM_1","22GM","1",1.3990884666666665
"22GM_2","22GM","2",1.3990884666666665
"22MM_25","22MM","25",1.3990884666666665
"22RJ_1","22RJ","1",1.3990884666666665
"22RQ_1","22RQ","1",1.3990884666666665
"22VT_3","22VT","3",1.3990884666666665
"22VT_4","22VT","4",1.3990884666666665
"23ES_1","23ES","1",1.3990884666666665
"23IW_3","23IW","3",1.3990884666666665
"24QH_5","24QH","5",1.3990884666666665
"24XB_1","24XB","1",1.3990884666666665
"24XB_5","24XB","5",1.3990884666666665
"24XP_1","24XP","1",1.3990884666666665
"25IH_1","25IH","1",1.3990884666666665
"25II_1","25II","1",1.3990884666666665
"25IK_3","25IK","3",1.3990884666666665
"25NV_2","25NV","2",1.3990884666666665
"25QP_1","25QP","1",1.3990884666666665
"26VA_1","26VA","1",1.3990884666666665
"26VB_1","26VB","1",1.3990884666666665
"26VE_1","26VE","1",1.3990884666666665
"28LN_61","28LN","61",1.3990884666666665
"28ZU_7","28ZU","7",1.3990884666666665
"28ZV_24","28ZV","24",1.3990884666666665
"29HG_1","29HG","1",1.3990884666666665
"29HH_1","29HH","1",1.3990884666666665
"29HI_1","29HI","1",1.3990884666666665
"29VD_1","29VD","1",1.3990884666666665
"29VF_5","29VF","5",1.3990884666666665
"2A14_1","2A14","1",1.3990884666666665
"2A2C_1","2A2C","1",1.3990884666666665
"2A45_5","2A45","5",1.3990884666666665
"2A91_1","2A91","1",1.3990884666666665
"2ASK_1","2ASK","1",1.3990884666666665
"2B3K_1","2B3K","1",1.3990884666666665
"2BCD_1","2BCD","1",1.3990884666666665
"2BDX_1","2BDX","1",1.3990884666666665
"2BOV_1","2BOV","1",1.3990884666666665
"2BR9_1","2BR9","1",1.3990884666666665
"2BX6_1","2BX6","1",1.3990884666666665
"2BXC_1","2BXC","1",1.3990884666666665
"2BXE_1","2BXE","1",1.3990884666666665
"2BXF_1","2BXF","1",1.3990884666666665
"2BXH_1","2BXH","1",1.3990884666666665
"2BXK_1","2BXK","1",1.3990884666666665
"2BXL_1","2BXL","1",1.3990884666666665
"2BXN_1","2BXN","1",1.3990884666666665
"2BXO_1","2BXO","1",1.3990884666666665
"2BXQ_1","2BXQ","1",1.3990884666666665
"2C2Z_1","2C2Z","1",1.3990884666666665
"2CEU_1","2CEU","1",1.3990884666666665
"2CKJ_1","2CKJ","1",1.3990884666666665
"2DEX_1","2DEX","1",1.3990884666666665
"2DEY_1","2DEY","1",1.3990884666666665
"2DSP_1","2DSP","1",1.3990884666666665
"2DSP_2","2DSP","2",1.3990884666666665
"2DSQ_2","2DSQ","2",1.3990884666666665
"2DSR_3","2DSR","3",1.3990884666666665
"2E1Q_1","2E1Q","1",1.3990884666666665
"2F5Y_1","2F5Y","1",1.3990884666666665
"2FBM_1","2FBM","1",1.3990884666666665
"2FD6_4","2FD6","4",1.3990884666666665
"2FK1_1","2FK1","1",1.3990884666666665
"2FY2_1","2FY2","1",1.3990884666666665
"2G62_1","2G62","1",1.3990884666666665
"2G99_1","2G99","1",1.3990884666666665
"2G9A_1","2G9A","1",1.3990884666666665
"2GK6_1","2GK6","1",1.3990884666666665
"2GK7_1","2GK7","1",1.3990884666666665
"2GOO_1","2GOO","1",1.3990884666666665
"2GYR_1","2GYR","1",1.3990884666666665
"2H16_1","2H16","1",1.3990884666666665
"2H62_2","2H62","2",1.3990884666666665
"2H68_1","2H68","1",1.3990884666666665
"2H6F_2","2H6F","2",1.3990884666666665
"2H6I_2","2H6I","2",1.3990884666666665
"2H6K_1","2H6K","1",1.3990884666666665
"2H6N_1","2H6N","1",1.3990884666666665
"2H6Q_1","2H6Q","1",1.3990884666666665
"2HEV_2","2HEV","2",1.3990884666666665
"2HEY_2","2HEY","2",1.3990884666666665
"2HWW_1","2HWW","1",1.3990884666666665
"2HWX_1","2HWX","1",1.3990884666666665
"2I7D_1","2I7D","1",1.3990884666666665
"2IBI_1","2IBI","1",1.3990884666666665
"2IEJ_2","2IEJ","2",1.3990884666666665
"2IFG_1","2IFG","1",1.3990884666666665
"2IPP_2","2IPP","2",1.3990884666666665
"2IXM_1","2IXM","1",1.3990884666666665
"2J4A_1","2J4A","1",1.3990884666666665
"2J8B_1","2J8B","1",1.3990884666666665
"2JAI_1","2JAI","1",1.3990884666666665
"2JAJ_1","2JAJ","1",1.3990884666666665
"2JLP_1","2JLP","1",1.3990884666666665
"2NLD_1","2NLD","1",1.3990884666666665
"2NLE_1","2NLE","1",1.3990884666666665
"2NLH_1","2NLH","1",1.3990884666666665
"2NLQ_1","2NLQ","1",1.3990884666666665
"2NN6_1","2NN6","1",1.3990884666666665
"2NPP_2","2NPP","2",1.3990884666666665
"2NQ6_1","2NQ6","1",1.3990884666666665
"2NUT_1","2NUT","1",1.3990884666666665
"2NYM_2","2NYM","2",1.3990884666666665
"2NZ8_2","2NZ8","2",1.3990884666666665
"2O05_1","2O05","1",1.3990884666666665
"2O0L_1","2O0L","1",1.3990884666666665
"2OCB_1","2OCB","1",1.3990884666666665
"2OFS_1","2OFS","1",1.3990884666666665
"2OLY_1","2OLY","1",1.3990884666666665
"2OLZ_1","2OLZ","1",1.3990884666666665
"2OMI_1","2OMI","1",1.3990884666666665
"2ONN_1","2ONN","1",1.3990884666666665
"2OZL_1","2OZL","1",1.3990884666666665
"2P4E_1","2P4E","1",1.3990884666666665
"2P6A_2","2P6A","2",1.3990884666666665
"2P82_1","2P82","1",1.3990884666666665
"2P8Q_1","2P8Q","1",1.3990884666666665
"2PJY_1","2PJY","1",1.3990884666666665
"2PJY_3","2PJY","3",1.3990884666666665
"2PLZ_1","2PLZ","1",1.3990884666666665
"2PV0_1","2PV0","1",1.3990884666666665
"2PVC_1","2PVC","1",1.3990884666666665
"2Q4G_2","2Q4G","2",1.3990884666666665
"2Q51_1","2Q51","1",1.3990884666666665
"2Q8T_1","2Q8T","1",1.3990884666666665
"2QJ9_1","2QJ9","1",1.3990884666666665
"2QK9_3","2QK9","3",1.3990884666666665
"2QLY_1","2QLY","1",1.3990884666666665
"2QMS_1","2QMS","1",1.3990884666666665
"2QNA_1","2QNA","1",1.3990884666666665
"2QR0_3","2QR0","3",1.3990884666666665
"2QTW_2","2QTW","2",1.3990884666666665
"2R3A_1","2R3A","1",1.3990884666666665
"2R4F_1","2R4F","1",1.3990884666666665
"2R4R_1","2R4R","1",1.3990884666666665
"2R52_1","2R52","1",1.3990884666666665
"2R53_1","2R53","1",1.3990884666666665
"2REW_1","2REW","1",1.3990884666666665
"2RH1_1","2RH1","1",1.3990884666666665
"2UVL_1","2UVL","1",1.3990884666666665
"2UWR_1","2UWR","1",1.3990884666666665
"2V0S_1","2V0S","1",1.3990884666666665
"2V5P_2","2V5P","2",1.3990884666666665
"2V62_1","2V62","1",1.3990884666666665
"2VD6_1","2VD6","1",1.3990884666666665
"2VDB_1","2VDB","1",1.3990884666666665
"2VGG_1","2VGG","1",1.3990884666666665
"2VGI_1","2VGI","1",1.3990884666666665
"2VJZ_1","2VJZ","1",1.3990884666666665
"2VLE_1","2VLE","1",1.3990884666666665
"2VM8_1","2VM8","1",1.3990884666666665
"2VPF_1","2VPF","1",1.3990884666666665
"2VR2_1","2VR2","1",1.3990884666666665
"2VUF_1","2VUF","1",1.3990884666666665
"2VWE_1","2VWE","1",1.3990884666666665
"2W99_1","2W99","1",1.3990884666666665
"2WAL_1","2WAL","1",1.3990884666666665
"2WFT_1","2WFT","1",1.3990884666666665
"2WFX_2","2WFX","2",1.3990884666666665
"2WIJ_1","2WIJ","1",1.3990884666666665
"2WIK_1","2WIK","1",1.3990884666666665
"2WK5_1","2WK5","1",1.3990884666666665
"2WRU_1","2WRU","1",1.3990884666666665
"2WS0_1","2WS0","1",1.3990884666666665
"2WS1_1","2WS1","1",1.3990884666666665
"2WSL_1","2WSL","1",1.3990884666666665
"2WVR_2","2WVR","2",1.3990884666666665
"2WY3_1","2WY3","1",1.3990884666666665
"2X13_1","2X13","1",1.3990884666666665
"2X15_1","2X15","1",1.3990884666666665
"2X1X_1","2X1X","1",1.3990884666666665
"2X69_1","2X69","1",1.3990884666666665
"2X6G_1","2X6G","1",1.3990884666666665
"2X7O_1","2X7O","1",1.3990884666666665
"2XMB_1","2XMB","1",1.3990884666666665
"2XMG_1","2XMG","1",1.3990884666666665
"2XN3_1","2XN3","1",1.3990884666666665
"2XN5_1","2XN5","1",1.3990884666666665
"2XOZ_1","2XOZ","1",1.3990884666666665
"2XQJ_1","2XQJ","1",1.3990884666666665
"2XQK_1","2XQK","1",1.3990884666666665
"2XQN_3","2XQN","3",1.3990884666666665
"2XRC_1","2XRC","1",1.3990884666666665
"2XRF_1","2XRF","1",1.3990884666666665
"2XVU_1","2XVU","1",1.3990884666666665
"2XVW_1","2XVW","1",1.3990884666666665
"2XZO_1","2XZO","1",1.3990884666666665
"2Y3I_1","2Y3I","1",1.3990884666666665
"2Y43_1","2Y43","1",1.3990884666666665
"2YEM_1","2YEM","1",1.3990884666666665
"2YHN_1","2YHN","1",1.3990884666666665
"2YHO_1","2YHO","1",1.3990884666666665
"2YY2_1","2YY2","1",1.3990884666666665
"2Z0P_1","2Z0P","1",1.3990884666666665
"2ZMD_1","2ZMD","1",1.3990884666666665
"30FF_5","30FF","5",1.3990884666666665
"30LA_1","30LA","1",1.3990884666666665
"3A1B_1","3A1B","1",1.3990884666666665
"3ALQ_2","3ALQ","2",1.3990884666666665
"3B2V_3","3B2V","3",1.3990884666666665
"3BEA_1","3BEA","1",1.3990884666666665
"3BH7_2","3BH7","2",1.3990884666666665
"3BHJ_1","3BHJ","1",1.3990884666666665
"3BHM_1","3BHM","1",1.3990884666666665
"3BJF_1","3BJF","1",1.3990884666666665
"3BKB_1","3BKB","1",1.3990884666666665
"3BT1_2","3BT1","2",1.3990884666666665
"3BT1_3","3BT1","3",1.3990884666666665
"3BT2_2","3BT2","2",1.3990884666666665
"3BT2_5","3BT2","5",1.3990884666666665
"3C5L_1","3C5L","1",1.3990884666666665
"3CBL_1","3CBL","1",1.3990884666666665
"3CCW_1","3CCW","1",1.3990884666666665
"3CCZ_1","3CCZ","1",1.3990884666666665
"3CD0_1","3CD0","1",1.3990884666666665
"3COJ_1","3COJ","1",1.3990884666666665
"3D4S_1","3D4S","1",1.3990884666666665
"3D57_1","3D57","1",1.3990884666666665
"3DBQ_1","3DBQ","1",1.3990884666666665
"3DJY_1","3DJY","1",1.3990884666666665
"3DMW_1","3DMW","1",1.3990884666666665
"3E37_2","3E37","2",1.3990884666666665
"3E4Z_2","3E4Z","2",1.3990884666666665
"3E7Z_1","3E7Z","1",1.3990884666666665
"3EDG_1","3EDG","1",1.3990884666666665
"3EDH_1","3EDH","1",1.3990884666666665
"3EG9_1","3EG9","1",1.3990884666666665
"3EH2_1","3EH2","1",1.3990884666666665
"3EI4_2","3EI4","2",1.3990884666666665
"3ELO_1","3ELO","1",1.3990884666666665
"3EO1_3","3EO1","3",1.3990884666666665
"3EVS_1","3EVS","1",1.3990884666666665
"3F8G_1","3F8G","1",1.3990884666666665
"3FFM_1","3FFM","1",1.3990884666666665
"3FQ9_1","3FQ9","1",1.3990884666666665
"3FUB_2","3FUB","2",1.3990884666666665
"3FVH_1","3FVH","1",1.3990884666666665
"3FXJ_1","3FXJ","1",1.3990884666666665
"3FXO_1","3FXO","1",1.3990884666666665
"3G2G_1","3G2G","1",1.3990884666666665
"3G33_2","3G33","2",1.3990884666666665
"3G8I_1","3G8I","1",1.3990884666666665
"3GCW_2","3GCW","2",1.3990884666666665
"3GGR_3","3GGR","3",1.3990884666666665
"3GNY_1","3GNY","1",1.3990884666666665
"3GW0_1","3GW0","1",1.3990884666666665
"3GW3_1","3GW3","1",1.3990884666666665
"3GWS_1","3GWS","1",1.3990884666666665
"3H0T_3","3H0T","3",1.3990884666666665
"3H6C_1","3H6C","1",1.3990884666666665
"3H9F_1","3H9F","1",1.3990884666666665
"3H9R_1","3H9R","1",1.3990884666666665
"3HLK_1","3HLK","1",1.3990884666666665
"3HMM_1","3HMM","1",1.3990884666666665
"3HU6_1","3HU6","1",1.3990884666666665
"3HUD_1","3HUD","1",1.3990884666666665
"3HVQ_1","3HVQ","1",1.3990884666666665
"3HZF_1","3HZF","1",1.3990884666666665
"3I2E_1","3I2E","1",1.3990884666666665
"3IAR_1","3IAR","1",1.3990884666666665
"3IBJ_1","3IBJ","1",1.3990884666666665
"3ILZ_1","3ILZ","1",1.3990884666666665
"3IMY_1","3IMY","1",1.3990884666666665
"3IX0_1","3IX0","1",1.3990884666666665
"3J92_45","3J92","45",1.3990884666666665
"3J9M_36","3J9M","36",1.3990884666666665
"3JCR_1","3JCR","1",1.3990884666666665
"3JCR_2","3JCR","2",1.3990884666666665
"3JD8_1","3JD8","1",1.3990884666666665
"3JQZ_1","3JQZ","1",1.3990884666666665
"3JVF_2","3JVF","2",1.3990884666666665
"3JZC_1","3JZC","1",1.3990884666666665
"3K05_1","3K05","1",1.3990884666666665
"3K16_1","3K16","1",1.3990884666666665
"3K2I_1","3K2I","1",1.3990884666666665
"3K3H_1","3K3H","1",1.3990884666666665
"3K9M_1","3K9M","1",1.3990884666666665
"3KJ6_1","3KJ6","1",1.3990884666666665
"3KYC_1","3KYC","1",1.3990884666666665
"3KYM_2","3KYM","2",1.3990884666666665
"3L4Z_1","3L4Z","1",1.3990884666666665
"3LCD_1","3LCD","1",1.3990884666666665
"3LO4_1","3LO4","1",1.3990884666666665
"3LO6_1","3LO6","1",1.3990884666666665
"3LRQ_1","3LRQ","1",1.3990884666666665
"3LU8_1","3LU8","1",1.3990884666666665
"3LVQ_1","3LVQ","1",1.3990884666666665
"3LVX_1","3LVX","1",1.3990884666666665
"3ME3_1","3ME3","1",1.3990884666666665
"3MMY_1","3MMY","1",1.3990884666666665
"3MOS_1","3MOS","1",1.3990884666666665
"3MR3_1","3MR3","1",1.3990884666666665
"3MR6_1","3MR6","1",1.3990884666666665
"3MUP_1","3MUP","1",1.3990884666666665
"3MXX_1","3MXX","1",1.3990884666666665
"3MY0_1","3MY0","1",1.3990884666666665
"3N80_1","3N80","1",1.3990884666666665
"3N8I_1","3N8I","1",1.3990884666666665
"3NC2_1","3NC2","1",1.3990884666666665
"3NE4_1","3NE4","1",1.3990884666666665
"3NJP_1","3NJP","1",1.3990884666666665
"3NNA_1","3NNA","1",1.3990884666666665
"3NNC_1","3NNC","1",1.3990884666666665
"3NO8_1","3NO8","1",1.3990884666666665
"3NY9_1","3NY9","1",1.3990884666666665
"3NYA_1","3NYA","1",1.3990884666666665
"3NZ0_1","3NZ0","1",1.3990884666666665
"3O34_1","3O34","1",1.3990884666666665
"3O9M_1","3O9M","1",1.3990884666666665
"3OE0_1","3OE0","1",1.3990884666666665
"3OE6_1","3OE6","1",1.3990884666666665
"3OOM_1","3OOM","1",1.3990884666666665
"3OPE_1","3OPE","1",1.3990884666666665
"3P2Z_1","3P2Z","1",1.3990884666666665
"3P33_1","3P33","1",1.3990884666666665
"3P34_1","3P34","1",1.3990884666666665
"3P35_1","3P35","1",1.3990884666666665
"3P4F_1","3P4F","1",1.3990884666666665
"3P57_4","3P57","4",1.3990884666666665
"3P5C_2","3P5C","2",1.3990884666666665
"3P6A_1","3P6A","1",1.3990884666666665
"3P8C_1","3P8C","1",1.3990884666666665
"3P8E_1","3P8E","1",1.3990884666666665
"3P9W_1","3P9W","1",1.3990884666666665
"3PDY_1","3PDY","1",1.3990884666666665
"3PRJ_1","3PRJ","1",1.3990884666666665
"3PTZ_1","3PTZ","1",1.3990884666666665
"3PXA_1","3PXA","1",1.3990884666666665
"3PXB_1","3PXB","1",1.3990884666666665
"3PXD_1","3PXD","1",1.3990884666666665
"3PXE_1","3PXE","1",1.3990884666666665
"3Q6E_1","3Q6E","1",1.3990884666666665
"3Q6M_1","3Q6M","1",1.3990884666666665
"3Q92_1","3Q92","1",1.3990884666666665
"3QD6_2","3QD6","2",1.3990884666666665
"3QL9_1","3QL9","1",1.3990884666666665
"3QS9_2","3QS9","2",1.3990884666666665
"3QTK_1","3QTK","1",1.3990884666666665
"3QVE_1","3QVE","1",1.3990884666666665
"3QWE_1","3QWE","1",1.3990884666666665
"3R7G_1","3R7G","1",1.3990884666666665
"3RBF_1","3RBF","1",1.3990884666666665
"3RBL_1","3RBL","1",1.3990884666666665
"3RIB_1","3RIB","1",1.3990884666666665
"3S1B_1","3S1B","1",1.3990884666666665
"3S3J_1","3S3J","1",1.3990884666666665
"3S7B_1","3S7B","1",1.3990884666666665
"3S7F_1","3S7F","1",1.3990884666666665
"3S95_1","3S95","1",1.3990884666666665
"3SEK_2","3SEK","2",1.3990884666666665
"3SF4_1","3SF4","1",1.3990884666666665
"3SMR_1","3SMR","1",1.3990884666666665
"3SOP_1","3SOP","1",1.3990884666666665
"3SRD_1","3SRD","1",1.3990884666666665
"3SRH_1","3SRH","1",1.3990884666666665
"3T9K_1","3T9K","1",1.3990884666666665
"3TFY_1","3TFY","1",1.3990884666666665
"3TQ1_1","3TQ1","1",1.3990884666666665
"3U4N_1","3U4N","1",1.3990884666666665
"3U5M_1","3U5M","1",1.3990884666666665
"3U74_1","3U74","1",1.3990884666666665
"3U8B_1","3U8B","1",1.3990884666666665
"3V1G_1","3V1G","1",1.3990884666666665
"3V3K_1","3V3K","1",1.3990884666666665
"3W12_1","3W12","1",1.3990884666666665
"3W4I_1","3W4I","1",1.3990884666666665
"3W7Z_1","3W7Z","1",1.3990884666666665
"3WYY_1","3WYY","1",1.3990884666666665
"3ZI3_1","3ZI3","1",1.3990884666666665
"3ZNN_1","3ZNN","1",1.3990884666666665
"3ZNO_1","3ZNO","1",1.3990884666666665
"3ZNP_1","3ZNP","1",1.3990884666666665
"3ZNQ_1","3ZNQ","1",1.3990884666666665
"3ZQK_1","3ZQK","1",1.3990884666666665
"4AJZ_1","4AJZ","1",1.3990884666666665
"4AKJ_1","4AKJ","1",1.3990884666666665
"4APT_1","4APT","1",1.3990884666666665
"4AQP_1","4AQP","1",1.3990884666666665
"4AXB_1","4AXB","1",1.3990884666666665
"4AY9_1","4AY9","1",1.3990884666666665
"4AY9_3","4AY9","3",1.3990884666666665
"4B0O_1","4B0O","1",1.3990884666666665
"4B2D_1","4B2D","1",1.3990884666666665
"4BHZ_1","4BHZ","1",1.3990884666666665
"4BL1_1","4BL1","1",1.3990884666666665
"4BSR_1","4BSR","1",1.3990884666666665
"4BSS_1","4BSS","1",1.3990884666666665
"4BST_1","4BST","1",1.3990884666666665
"4BTW_1","4BTW","1",1.3990884666666665
"4C0D_1","4C0D","1",1.3990884666666665
"4C0O_1","4C0O","1",1.3990884666666665
"4C0P_1","4C0P","1",1.3990884666666665
"4C0Q_1","4C0Q","1",1.3990884666666665
"4C4E_1","4C4E","1",1.3990884666666665
"4C4H_1","4C4H","1",1.3990884666666665
"4CCA_1","4CCA","1",1.3990884666666665
"4CCZ_1","4CCZ","1",1.3990884666666665
"4CGY_1","4CGY","1",1.3990884666666665
"4CHT_1","4CHT","1",1.3990884666666665
"4CI9_1","4CI9","1",1.3990884666666665
"4CNU_1","4CNU","1",1.3990884666666665
"4CQO_1","4CQO","1",1.3990884666666665
"4CRV_1","4CRV","1",1.3990884666666665
"4CV9_1","4CV9","1",1.3990884666666665
"4CY1_1","4CY1","1",1.3990884666666665
"4CYG_1","4CYG","1",1.3990884666666665
"4D01_1","4D01","1",1.3990884666666665
"4D2P_1","4D2P","1",1.3990884666666665
"4D2T_1","4D2T","1",1.3990884666666665
"4D2W_1","4D2W","1",1.3990884666666665
"4DFW_1","4DFW","1",1.3990884666666665
"4DHX_1","4DHX","1",1.3990884666666665
"4DL5_1","4DL5","1",1.3990884666666665
"4DL6_1","4DL6","1",1.3990884666666665
"4DN5_1","4DN5","1",1.3990884666666665
"4E54_2","4E54","2",1.3990884666666665
"4E5Z_2","4E5Z","2",1.3990884666666665
"4E67_1","4E67","1",1.3990884666666665
"4E86_1","4E86","1",1.3990884666666665
"4E99_1","4E99","1",1.3990884666666665
"4EB9_1","4EB9","1",1.3990884666666665
"4ECQ_1","4ECQ","1",1.3990884666666665
"4ECS_1","4ECS","1",1.3990884666666665
"4ECV_1","4ECV","1",1.3990884666666665
"4ECZ_1","4ECZ","1",1.3990884666666665
"4ED0_1","4ED0","1",1.3990884666666665
"4ED8_1","4ED8","1",1.3990884666666665
"4EDF_1","4EDF","1",1.3990884666666665
"4EFX_1","4EFX","1",1.3990884666666665
"4ERZ_1","4ERZ","1",1.3990884666666665
"4ES0_1","4ES0","1",1.3990884666666665
"4ESG_1","4ESG","1",1.3990884666666665
"4EWW_1","4EWW","1",1.3990884666666665
"4EY1_1","4EY1","1",1.3990884666666665
"4EYN_1","4EYN","1",1.3990884666666665
"4F0N_1","4F0N","1",1.3990884666666665
"4F4T_1","4F4T","1",1.3990884666666665
"4F51_1","4F51","1",1.3990884666666665
"4F7N_2","4F7N","2",1.3990884666666665
"4F7S_2","4F7S","2",1.3990884666666665
"4F9A_2","4F9A","2",1.3990884666666665
"4FAO_1","4FAO","1",1.3990884666666665
"4FAO_2","4FAO","2",1.3990884666666665
"4FG3_1","4FG3","1",1.3990884666666665
"4FHQ_1","4FHQ","1",1.3990884666666665
"4FLC_1","4FLC","1",1.3990884666666665
"4FLI_1","4FLI","1",1.3990884666666665
"4FP9_1","4FP9","1",1.3990884666666665
"4FP9_2","4FP9","2",1.3990884666666665
"4G1N_1","4G1N","1",1.3990884666666665
"4G1T_1","4G1T","1",1.3990884666666665
"4G2L_1","4G2L","1",1.3990884666666665
"4GBN_1","4GBN","1",1.3990884666666665
"4GBR_1","4GBR","1",1.3990884666666665
"4GJ3_1","4GJ3","1",1.3990884666666665
"4GM8_1","4GM8","1",1.3990884666666665
"4GWG_1","4GWG","1",1.3990884666666665
"4GWK_1","4GWK","1",1.3990884666666665
"4HAB_1","4HAB","1",1.3990884666666665
"4HCO_1","4HCO","1",1.3990884666666665
"4HCR_1","4HCR","1",1.3990884666666665
"4HGM_2","4HGM","2",1.3990884666666665
"4HQP_1","4HQP","1",1.3990884666666665
"4HW5_1","4HW5","1",1.3990884666666665
"4HXI_1","4HXI","1",1.3990884666666665
"4HY2_1","4HY2","1",1.3990884666666665
"4HY4_1","4HY4","1",1.3990884666666665
"4HY5_1","4HY5","1",1.3990884666666665
"4I5I_1","4I5I","1",1.3990884666666665
"4I5M_1","4I5M","1",1.3990884666666665
"4I6B_1","4I6B","1",1.3990884666666665
"4I6H_1","4I6H","1",1.3990884666666665
"4I6O_1","4I6O","1",1.3990884666666665
"4IAR_1","4IAR","1",1.3990884666666665
"4IDT_1","4IDT","1",1.3990884666666665
"4IF6_1","4IF6","1",1.3990884666666665
"4IFI_1","4IFI","1",1.3990884666666665
"4IKR_1","4IKR","1",1.3990884666666665
"4IKT_1","4IKT","1",1.3990884666666665
"4IM6_1","4IM6","1",1.3990884666666665
"4IP7_1","4IP7","1",1.3990884666666665
"4IW1_1","4IW1","1",1.3990884666666665
"4J9M_1","4J9M","1",1.3990884666666665
"4J9S_1","4J9S","1",1.3990884666666665
"4JGH_4","4JGH","4",1.3990884666666665
"4JL7_1","4JL7","1",1.3990884666666665
"4JLU_1","4JLU","1",1.3990884666666665
"4JSN_1","4JSN","1",1.3990884666666665
"4JSP_1","4JSP","1",1.3990884666666665
"4JSX_1","4JSX","1",1.3990884666666665
"4JT3_1","4JT3","1",1.3990884666666665
"4K24_5","4K24","5",1.3990884666666665
"4KM5_1","4KM5","1",1.3990884666666665
"4KMN_1","4KMN","1",1.3990884666666665
"4KMY_1","4KMY","1",1.3990884666666665
"4KN1_1","4KN1","1",1.3990884666666665
"4KNG_1","4KNG","1",1.3990884666666665
"4KNW_1","4KNW","1",1.3990884666666665
"4KT1_1","4KT1","1",1.3990884666666665
"4KWF_1","4KWF","1",1.3990884666666665
"4LB7_1","4LB7","1",1.3990884666666665
"4LDL_1","4LDL","1",1.3990884666666665
"4LEV_1","4LEV","1",1.3990884666666665
"4LEW_1","4LEW","1",1.3990884666666665
"4LG1_1","4LG1","1",1.3990884666666665
"4LGU_1","4LGU","1",1.3990884666666665
"4LIK_1","4LIK","1",1.3990884666666665
"4LIL_1","4LIL","1",1.3990884666666665
"4LK9_1","4LK9","1",1.3990884666666665
"4LLB_1","4LLB","1",1.3990884666666665
"4LMZ_2","4LMZ","2",1.3990884666666665
"4LNU_4","4LNU","4",1.3990884666666665
"4LY9_1","4LY9","1",1.3990884666666665
"4LZG_1","4LZG","1",1.3990884666666665
"4M04_1","4M04","1",1.3990884666666665
"4MK4_1","4MK4","1",1.3990884666666665
"4MOY_1","4MOY","1",1.3990884666666665
"4MPA_1","4MPA","1",1.3990884666666665
"4MQW_1","4MQW","1",1.3990884666666665
"4MQW_3","4MQW","3",1.3990884666666665
"4MRM_2","4MRM","2",1.3990884666666665
"4MRO_1","4MRO","1",1.3990884666666665
"4MS3_2","4MS3","2",1.3990884666666665
"4MSU_1","4MSU","1",1.3990884666666665
"4MWS_1","4MWS","1",1.3990884666666665
"4MXE_1","4MXE","1",1.3990884666666665
"4N0F_1","4N0F","1",1.3990884666666665
"4N0U_1","4N0U","1",1.3990884666666665
"4N22_1","4N22","1",1.3990884666666665
"4N24_1","4N24","1",1.3990884666666665
"4N2L_1","4N2L","1",1.3990884666666665
"4N3Z_1","4N3Z","1",1.3990884666666665
"4N49_1","4N49","1",1.3990884666666665
"4N4A_1","4N4A","1",1.3990884666666665
"4N4F_1","4N4F","1",1.3990884666666665
"4NEH_2","4NEH","2",1.3990884666666665
"4NEN_2","4NEN","2",1.3990884666666665
"4NW3_1","4NW3","1",1.3990884666666665
"4O33_1","4O33","1",1.3990884666666665
"4O3P_1","4O3P","1",1.3990884666666665
"4O56_1","4O56","1",1.3990884666666665
"4O69_1","4O69","1",1.3990884666666665
"4OFB_1","4OFB","1",1.3990884666666665
"4OL0_2","4OL0","2",1.3990884666666665
"4OP3_1","4OP3","1",1.3990884666666665
"4PNK_2","4PNK","2",1.3990884666666665
"4PX3_1","4PX3","1",1.3990884666666665
"4PX5_1","4PX5","1",1.3990884666666665
"4PY1_1","4PY1","1",1.3990884666666665
"4PZI_1","4PZI","1",1.3990884666666665
"4Q5V_1","4Q5V","1",1.3990884666666665
"4Q9U_1","4Q9U","1",1.3990884666666665
"4QAF_2","4QAF","2",1.3990884666666665
"4QBQ_1","4QBQ","1",1.3990884666666665
"4QBR_1","4QBR","1",1.3990884666666665
"4QCI_3","4QCI","3",1.3990884666666665
"4QFC_1","4QFC","1",1.3990884666666665
"4QFD_1","4QFD","1",1.3990884666666665
"4QN1_1","4QN1","1",1.3990884666666665
"4QQE_1","4QQE","1",1.3990884666666665
"4QT6_1","4QT6","1",1.3990884666666665
"4QW2_1","4QW2","1",1.3990884666666665
"4R2Y_1","4R2Y","1",1.3990884666666665
"4R3O_1","4R3O","1",1.3990884666666665
"4R67_1","4R67","1",1.3990884666666665
"4RAF_1","4RAF","1",1.3990884666666665
"4RAG_1","4RAG","1",1.3990884666666665
"4RBW_1","4RBW","1",1.3990884666666665
"4RBX_1","4RBX","1",1.3990884666666665
"4RG7_1","4RG7","1",1.3990884666666665
"4RGW_1","4RGW","1",1.3990884666666665
"4RH7_1","4RH7","1",1.3990884666666665
"4RJT_1","4RJT","1",1.3990884666666665
"4RNM_1","4RNM","1",1.3990884666666665
"4ROC_1","4ROC","1",1.3990884666666665
"4ROD_1","4ROD","1",1.3990884666666665
"4RPP_1","4RPP","1",1.3990884666666665
"4RR2_1","4RR2","1",1.3990884666666665
"4RSU_2","4RSU","2",1.3990884666666665
"4RT7_1","4RT7","1",1.3990884666666665
"4RWS_1","4RWS","1",1.3990884666666665
"4TNU_1","4TNU","1",1.3990884666666665
"4TOY_2","4TOY","2",1.3990884666666665
"4U0I_1","4U0I","1",1.3990884666666665
"4U4A_1","4U4A","1",1.3990884666666665
"4U4P_2","4U4P","2",1.3990884666666665
"4U6C_1","4U6C","1",1.3990884666666665
"4U6J_1","4U6J","1",1.3990884666666665
"4UFR_1","4UFR","1",1.3990884666666665
"4UFS_1","4UFS","1",1.3990884666666665
"4UI2_2","4UI2","2",1.3990884666666665
"4UI9_3","4UI9","3",1.3990884666666665
"4UMR_1","4UMR","1",1.3990884666666665
"4UMU_1","4UMU","1",1.3990884666666665
"4UNE_1","4UNE","1",1.3990884666666665
"4UNG_1","4UNG","1",1.3990884666666665
"4UNH_1","4UNH","1",1.3990884666666665
"4UT3_1","4UT3","1",1.3990884666666665
"4UT7_2","4UT7","2",1.3990884666666665
"4UTB_3","4UTB","3",1.3990884666666665
"4UU9_3","4UU9","3",1.3990884666666665
"4UUC_1","4UUC","1",1.3990884666666665
"4UXT_3","4UXT","3",1.3990884666666665
"4W5A_1","4W5A","1",1.3990884666666665
"4WP7_1","4WP7","1",1.3990884666666665
"4WPB_1","4WPB","1",1.3990884666666665
"4WWQ_1","4WWQ","1",1.3990884666666665
"4WYK_1","4WYK","1",1.3990884666666665
"4WYQ_2","4WYQ","2",1.3990884666666665
"4X2F_1","4X2F","1",1.3990884666666665
"4X2G_1","4X2G","1",1.3990884666666665
"4X2J_1","4X2J","1",1.3990884666666665
"4X4L_1","4X4L","1",1.3990884666666665
"4X5K_1","4X5K","1",1.3990884666666665
"4X7Q_1","4X7Q","1",1.3990884666666665
"4X9R_1","4X9R","1",1.3990884666666665
"4X9V_1","4X9V","1",1.3990884666666665
"4X9W_1","4X9W","1",1.3990884666666665
"4XBM_1","4XBM","1",1.3990884666666665
"4XH3_1","4XH3","1",1.3990884666666665
"4XPN_1","4XPN","1",1.3990884666666665
"4XSS_1","4XSS","1",1.3990884666666665
"4Y5W_1","4Y5W","1",1.3990884666666665
"4Y8C_1","4Y8C","1",1.3990884666666665
"4YAB_1","4YAB","1",1.3990884666666665
"4YAD_1","4YAD","1",1.3990884666666665
"4YAX_1","4YAX","1",1.3990884666666665
"4YBS_1","4YBS","1",1.3990884666666665
"4YC9_1","4YC9","1",1.3990884666666665
"4YCI_2","4YCI","2",1.3990884666666665
"4YCX_1","4YCX","1",1.3990884666666665
"4YD2_1","4YD2","1",1.3990884666666665
"4YIA_1","4YIA","1",1.3990884666666665
"4YIH_1","4YIH","1",1.3990884666666665
"4YJ5_1","4YJ5","1",1.3990884666666665
"4YND_1","4YND","1",1.3990884666666665
"4YOO_1","4YOO","1",1.3990884666666665
"4YOS_1","4YOS","1",1.3990884666666665
"4YOZ_1","4YOZ","1",1.3990884666666665
"4YP3_1","4YP3","1",1.3990884666666665
"4YQW_1","4YQW","1",1.3990884666666665
"4YWT_1","4YWT","1",1.3990884666666665
"4Z51_1","4Z51","1",1.3990884666666665
"4ZEG_1","4ZEG","1",1.3990884666666665
"4ZET_1","4ZET","1",1.3990884666666665
"4ZG6_1","4ZG6","1",1.3990884666666665
"4ZK4_1","4ZK4","1",1.3990884666666665
"4ZXB_5","4ZXB","5",1.3990884666666665
"5A0Q_1","5A0Q","1",1.3990884666666665
"5A2Q_11","5A2Q","11",1.3990884666666665
"5A31_2","5A31","2",1.3990884666666665
"5ACB_1","5ACB","1",1.3990884666666665
"5AFN_1","5AFN","1",1.3990884666666665
"5AJ0_3","5AJ0","3",1.3990884666666665
"5AJ0_58","5AJ0","58",1.3990884666666665
"5AJA_1","5AJA","1",1.3990884666666665
"5AP1_1","5AP1","1",1.3990884666666665
"5AP2_1","5AP2","1",1.3990884666666665
"5AWN_2","5AWN","2",1.3990884666666665
"5B16_1","5B16","1",1.3990884666666665
"5B2G_1","5B2G","1",1.3990884666666665
"5B76_1","5B76","1",1.3990884666666665
"5B78_1","5B78","1",1.3990884666666665
"5BJT_1","5BJT","1",1.3990884666666665
"5BOQ_1","5BOQ","1",1.3990884666666665
"5BQ8_2","5BQ8","2",1.3990884666666665
"5BQQ_1","5BQQ","1",1.3990884666666665
"5BYC_1","5BYC","1",1.3990884666666665
"5BYD_1","5BYD","1",1.3990884666666665
"5C40_1","5C40","1",1.3990884666666665
"5C46_2","5C46","2",1.3990884666666665
"5C4V_2","5C4V","2",1.3990884666666665
"5C51_1","5C51","1",1.3990884666666665
"5CCK_2","5CCK","2",1.3990884666666665
"5CEZ_6","5CEZ","6",1.3990884666666665
"5CJO_4","5CJO","4",1.3990884666666665
"5CL1_1","5CL1","1",1.3990884666666665
"5CMD_1","5CMD","1",1.3990884666666665
"5CNY_1","5CNY","1",1.3990884666666665
"5COY_1","5COY","1",1.3990884666666665
"5CUI_1","5CUI","1",1.3990884666666665
"5CUJ_1","5CUJ","1",1.3990884666666665
"5CUS_1","5CUS","1",1.3990884666666665
"5CVM_1","5CVM","1",1.3990884666666665
"5CVO_1","5CVO","1",1.3990884666666665
"5D5B_1","5D5B","1",1.3990884666666665
"5D65_1","5D65","1",1.3990884666666665
"5DAH_1","5DAH","1",1.3990884666666665
"5DFV_1","5DFV","1",1.3990884666666665
"5DFW_1","5DFW","1",1.3990884666666665
"5DG7_1","5DG7","1",1.3990884666666665
"5DGB_1","5DGB","1",1.3990884666666665
"5DGY_1","5DGY","1",1.3990884666666665
"5DHG_1","5DHG","1",1.3990884666666665
"5DHH_1","5DHH","1",1.3990884666666665
"5DLF_1","5DLF","1",1.3990884666666665
"5DO7_2","5DO7","2",1.3990884666666665
"5DQG_1","5DQG","1",1.3990884666666665
"5DQH_1","5DQH","1",1.3990884666666665
"5DYT_1","5DYT","1",1.3990884666666665
"5DYY_1","5DYY","1",1.3990884666666665
"5DZO_1","5DZO","1",1.3990884666666665
"5E26_1","5E26","1",1.3990884666666665
"5E7W_1","5E7W","1",1.3990884666666665
"5E8S_1","5E8S","1",1.3990884666666665
"5E8U_1","5E8U","1",1.3990884666666665
"5E91_1","5E91","1",1.3990884666666665
"5EAM_1","5EAM","1",1.3990884666666665
"5EAR_1","5EAR","1",1.3990884666666665
"5EBZ_1","5EBZ","1",1.3990884666666665
"5EEL_1","5EEL","1",1.3990884666666665
"5EH0_1","5EH0","1",1.3990884666666665
"5EHO_1","5EHO","1",1.3990884666666665
"5EI2_1","5EI2","1",1.3990884666666665
"5EI8_1","5EI8","1",1.3990884666666665
"5EMS_1","5EMS","1",1.3990884666666665
"5EN9_1","5EN9","1",1.3990884666666665
"5EUQ_1","5EUQ","1",1.3990884666666665
"5EWF_1","5EWF","1",1.3990884666666665
"5EWG_1","5EWG","1",1.3990884666666665
"5EXR_3","5EXR","3",1.3990884666666665
"5F19_1","5F19","1",1.3990884666666665
"5F3B_3","5F3B","3",1.3990884666666665
"5F4Q_1","5F4Q","1",1.3990884666666665
"5F71_1","5F71","1",1.3990884666666665
"5F7F_1","5F7F","1",1.3990884666666665
"5F9L_1","5F9L","1",1.3990884666666665
"5FB0_1","5FB0","1",1.3990884666666665
"5FB1_1","5FB1","1",1.3990884666666665
"5FBQ_2","5FBQ","2",1.3990884666666665
"5FBR_2","5FBR","2",1.3990884666666665
"5FBW_2","5FBW","2",1.3990884666666665
"5FGK_2","5FGK","2",1.3990884666666665
"5FJV_1","5FJV","1",1.3990884666666665
"5FLC_4","5FLC","4",1.3990884666666665
"5FMW_1","5FMW","1",1.3990884666666665
"5FWK_1","5FWK","1",1.3990884666666665
"5FWL_1","5FWL","1",1.3990884666666665
"5FYJ_3","5FYJ","3",1.3990884666666665
"5G04_2","5G04","2",1.3990884666666665
"5GIY_1","5GIY","1",1.3990884666666665
"5GJQ_3","5GJQ","3",1.3990884666666665
"5GJR_27","5GJR","27",1.3990884666666665
"5GRH_2","5GRH","2",1.3990884666666665
"5GRL_2","5GRL","2",1.3990884666666665
"5H1V_1","5H1V","1",1.3990884666666665
"5H8F_1","5H8F","1",1.3990884666666665
"5H8F_2","5H8F","2",1.3990884666666665
"5H8N_1","5H8N","1",1.3990884666666665
"5HBH_2","5HBH","2",1.3990884666666665
"5HCD_2","5HCD","2",1.3990884666666665
"5HDT_1","5HDT","1",1.3990884666666665
"5HE0_2","5HE0","2",1.3990884666666665
"5HNB_2","5HNB","2",1.3990884666666665
"5HQG_1","5HQG","1",1.3990884666666665
"5HVJ_1","5HVJ","1",1.3990884666666665
"5HXB_3","5HXB","3",1.3990884666666665
"5HYK_1","5HYK","1",1.3990884666666665
"5I05_1","5I05","1",1.3990884666666665
"5I0I_1","5I0I","1",1.3990884666666665
"5I2N_1","5I2N","1",1.3990884666666665
"5I5K_1","5I5K","1",1.3990884666666665
"5I6J_1","5I6J","1",1.3990884666666665
"5I7D_1","5I7D","1",1.3990884666666665
"5I81_1","5I81","1",1.3990884666666665
"5I8B_1","5I8B","1",1.3990884666666665
"5ID7_1","5ID7","1",1.3990884666666665
"5IJ9_1","5IJ9","1",1.3990884666666665
"5IKT_1","5IKT","1",1.3990884666666665
"5IL2_1","5IL2","1",1.3990884666666665
"5INB_1","5INB","1",1.3990884666666665
"5IOH_1","5IOH","1",1.3990884666666665
"5IXI_1","5IXI","1",1.3990884666666665
"5IY6_10","5IY6","10",1.3990884666666665
"5IY7_10","5IY7","10",1.3990884666666665
"5IY7_24","5IY7","24",1.3990884666666665
"5IY8_10","5IY8","10",1.3990884666666665
"5IYB_10","5IYB","10",1.3990884666666665
"5IYC_10","5IYC","10",1.3990884666666665
"5IYD_10","5IYD","10",1.3990884666666665
"5IZQ_1","5IZQ","1",1.3990884666666665
"5J19_1","5J19","1",1.3990884666666665
"5JHW_1","5JHW","1",1.3990884666666665
"5JHW_2","5JHW","2",1.3990884666666665
"5JI7_1","5JI7","1",1.3990884666666665
"5JI9_1","5JI9","1",1.3990884666666665
"5JK7_2","5JK7","2",1.3990884666666665
"5JKA_1","5JKA","1",1.3990884666666665
"5JKB_1","5JKB","1",1.3990884666666665
"5JKC_2","5JKC","2",1.3990884666666665
"5JPN_2","5JPN","2",1.3990884666666665
"5JPV_1","5JPV","1",1.3990884666666665
"5JQ1_1","5JQ1","1",1.3990884666666665
"5JUY_1","5JUY","1",1.3990884666666665
"5JWM_1","5JWM","1",1.3990884666666665
"5K23_1","5K23","1",1.3990884666666665
"5K25_1","5K25","1",1.3990884666666665
"5K33_2","5K33","2",1.3990884666666665
"5K7M_1","5K7M","1",1.3990884666666665
"5K7W_1","5K7W","1",1.3990884666666665
"5KDT_2","5KDT","2",1.3990884666666665
"5KFC_1","5KFC","1",1.3990884666666665
"5KFD_1","5KFD","1",1.3990884666666665
"5KFI_1","5KFI","1",1.3990884666666665
"5KFK_1","5KFK","1",1.3990884666666665
"5KFL_1","5KFL","1",1.3990884666666665
"5KFN_1","5KFN","1",1.3990884666666665
"5KFO_1","5KFO","1",1.3990884666666665
"5KFY_1","5KFY","1",1.3990884666666665
"5KFZ_1","5KFZ","1",1.3990884666666665
"5KG1_1","5KG1","1",1.3990884666666665
"5KG3_1","5KG3","1",1.3990884666666665
"5KG5_1","5KG5","1",1.3990884666666665
"5KG8_1","5KG8","1",1.3990884666666665
"5KHR_2","5KHR","2",1.3990884666666665
"5KHR_3","5KHR","3",1.3990884666666665
"5KHR_5","5KHR","5",1.3990884666666665
"5KHU_3","5KHU","3",1.3990884666666665
"5KIR_1","5KIR","1",1.3990884666666665
"5KJL_1","5KJL","1",1.3990884666666665
"5KJM_1","5KJM","1",1.3990884666666665
"5KJN_1","5KJN","1",1.3990884666666665
"5KQL_1","5KQL","1",1.3990884666666665
"5KQM_1","5KQM","1",1.3990884666666665
"5KQV_5","5KQV","5",1.3990884666666665
"5KWG_1","5KWG","1",1.3990884666666665
"5KYN_1","5KYN","1",1.3990884666666665
"5KYU_1","5KYU","1",1.3990884666666665
"5KYW_1","5KYW","1",1.3990884666666665
"5KYW_2","5KYW","2",1.3990884666666665
"5KYX_2","5KYX","2",1.3990884666666665
"5KYY_1","5KYY","1",1.3990884666666665
"5KZQ_1","5KZQ","1",1.3990884666666665
"5L04_1","5L04","1",1.3990884666666665
"5L13_1","5L13","1",1.3990884666666665
"5L1J_1","5L1J","1",1.3990884666666665
"5L1K_1","5L1K","1",1.3990884666666665
"5L1L_1","5L1L","1",1.3990884666666665
"5L3X_2","5L3X","2",1.3990884666666665
"5L4G_1","5L4G","1",1.3990884666666665
"5L4G_13","5L4G","13",1.3990884666666665
"5L4K_8","5L4K","8",1.3990884666666665
"5L9T_3","5L9T","3",1.3990884666666665
"5L9T_6","5L9T","6",1.3990884666666665
"5LCW_6","5LCW","6",1.3990884666666665
"5LEV_1","5LEV","1",1.3990884666666665
"5LEY_8","5LEY","8",1.3990884666666665
"5LF0_7","5LF0","7",1.3990884666666665
"5LF0_8","5LF0","8",1.3990884666666665
"5LF1_7","5LF1","7",1.3990884666666665
"5LF1_8","5LF1","8",1.3990884666666665
"5LF3_14","5LF3","14",1.3990884666666665
"5LF3_8","5LF3","8",1.3990884666666665
"5LF4_14","5LF4","14",1.3990884666666665
"5LF4_7","5LF4","7",1.3990884666666665
"5LF4_8","5LF4","8",1.3990884666666665
"5LF6_7","5LF6","7",1.3990884666666665
"5LKS_54","5LKS","54",1.3990884666666665
"5LKT_1","5LKT","1",1.3990884666666665
"5LKZ_1","5LKZ","1",1.3990884666666665
"5LN3_2","5LN3","2",1.3990884666666665
"5LT0_1","5LT0","1",1.3990884666666665
"5LT1_1","5LT1","1",1.3990884666666665
"5LT3_1","5LT3","1",1.3990884666666665
"5LWE_1","5LWE","1",1.3990884666666665
"5M1R_1","5M1R","1",1.3990884666666665
"5M2C_1","5M2C","1",1.3990884666666665
"5M32_25","5M32","25",1.3990884666666665
"5M32_7","5M32","7",1.3990884666666665
"5M33_1","5M33","1",1.3990884666666665
"5M3U_1","5M3U","1",1.3990884666666665
"5M6N_1","5M6N","1",1.3990884666666665
"5M7M_1","5M7M","1",1.3990884666666665
"5M8N_1","5M8N","1",1.3990884666666665
"5M8O_1","5M8O","1",1.3990884666666665
"5M8P_1","5M8P","1",1.3990884666666665
"5MAH_1","5MAH","1",1.3990884666666665
"5MAI_1","5MAI","1",1.3990884666666665
"5MBM_1","5MBM","1",1.3990884666666665
"5MHP_1","5MHP","1",1.3990884666666665
"5MQ4_1","5MQ4","1",1.3990884666666665
"5MR9_1","5MR9","1",1.3990884666666665
"5MRB_1","5MRB","1",1.3990884666666665
"5MT3_1","5MT3","1",1.3990884666666665
"5MT9_1","5MT9","1",1.3990884666666665
"5MW7_1","5MW7","1",1.3990884666666665
"5N0Z_1","5N0Z","1",1.3990884666666665
"5N7E_2","5N7E","2",1.3990884666666665
"5N7V_1","5N7V","1",1.3990884666666665
"5N87_1","5N87","1",1.3990884666666665
"5N93_1","5N93","1",1.3990884666666665
"5N9B_1","5N9B","1",1.3990884666666665
"5NA0_1","5NA0","1",1.3990884666666665
"5NAD_1","5NAD","1",1.3990884666666665
"5NEI_1","5NEI","1",1.3990884666666665
"5NH3_1","5NH3","1",1.3990884666666665
"5NIR_1","5NIR","1",1.3990884666666665
"5NMM_1","5NMM","1",1.3990884666666665
"5NN0_1","5NN0","1",1.3990884666666665
"5NN6_1","5NN6","1",1.3990884666666665
"5NP1_1","5NP1","1",1.3990884666666665
"5NQH_1","5NQH","1",1.3990884666666665
"5NTT_1","5NTT","1",1.3990884666666665
"5NXD_1","5NXD","1",1.3990884666666665
"5OA3_1","5OA3","1",1.3990884666666665
"5OCA_2","5OCA","2",1.3990884666666665
"5OCH_5","5OCH","5",1.3990884666666665
"5OFB_1","5OFB","1",1.3990884666666665
"5OKL_1","5OKL","1",1.3990884666666665
"5OOM_51","5OOM","51",1.3990884666666665
"5OUG_1","5OUG","1",1.3990884666666665
"5OUH_1","5OUH","1",1.3990884666666665
"5OUI_1","5OUI","1",1.3990884666666665
"5PNT_1","5PNT","1",1.3990884666666665
"5PWC_1","5PWC","1",1.3990884666666665
"5PWD_1","5PWD","1",1.3990884666666665
"5PWK_1","5PWK","1",1.3990884666666665
"5PWN_1","5PWN","1",1.3990884666666665
"5PWQ_1","5PWQ","1",1.3990884666666665
"5PWR_1","5PWR","1",1.3990884666666665
"5PWS_1","5PWS","1",1.3990884666666665
"5PWT_1","5PWT","1",1.3990884666666665
"5PWV_1","5PWV","1",1.3990884666666665
"5PWW_1","5PWW","1",1.3990884666666665
"5PWZ_1","5PWZ","1",1.3990884666666665
"5PX0_1","5PX0","1",1.3990884666666665
"5PX2_1","5PX2","1",1.3990884666666665
"5PX5_1","5PX5","1",1.3990884666666665
"5PXA_1","5PXA","1",1.3990884666666665
"5PXB_1","5PXB","1",1.3990884666666665
"5PXC_1","5PXC","1",1.3990884666666665
"5PXD_1","5PXD","1",1.3990884666666665
"5PXE_1","5PXE","1",1.3990884666666665
"5PXF_1","5PXF","1",1.3990884666666665
"5PXH_1","5PXH","1",1.3990884666666665
"5PXI_1","5PXI","1",1.3990884666666665
"5PXM_1","5PXM","1",1.3990884666666665
"5PXN_1","5PXN","1",1.3990884666666665
"5PXO_1","5PXO","1",1.3990884666666665
"5PXS_1","5PXS","1",1.3990884666666665
"5PXX_1","5PXX","1",1.3990884666666665
"5PXZ_1","5PXZ","1",1.3990884666666665
"5PY2_1","5PY2","1",1.3990884666666665
"5PYJ_1","5PYJ","1",1.3990884666666665
"5PYM_1","5PYM","1",1.3990884666666665
"5PYR_1","5PYR","1",1.3990884666666665
"5PYU_1","5PYU","1",1.3990884666666665
"5PYV_1","5PYV","1",1.3990884666666665
"5PYW_1","5PYW","1",1.3990884666666665
"5PYX_1","5PYX","1",1.3990884666666665
"5PZ2_1","5PZ2","1",1.3990884666666665
"5PZ3_1","5PZ3","1",1.3990884666666665
"5PZ4_1","5PZ4","1",1.3990884666666665
"5PZA_1","5PZA","1",1.3990884666666665
"5PZC_1","5PZC","1",1.3990884666666665
"5PZF_1","5PZF","1",1.3990884666666665
"5PZG_1","5PZG","1",1.3990884666666665
"5PZH_1","5PZH","1",1.3990884666666665
"5PZI_1","5PZI","1",1.3990884666666665
"5QGG_1","5QGG","1",1.3990884666666665
"5QGI_1","5QGI","1",1.3990884666666665
"5QGL_1","5QGL","1",1.3990884666666665
"5QGU_1","5QGU","1",1.3990884666666665
"5QGW_1","5QGW","1",1.3990884666666665
"5QH0_1","5QH0","1",1.3990884666666665
"5QH5_1","5QH5","1",1.3990884666666665
"5QH7_1","5QH7","1",1.3990884666666665
"5QH9_1","5QH9","1",1.3990884666666665
"5QHC_1","5QHC","1",1.3990884666666665
"5QHE_1","5QHE","1",1.3990884666666665
"5QQD_2","5QQD","2",1.3990884666666665
"5QQG_2","5QQG","2",1.3990884666666665
"5QQI_2","5QQI","2",1.3990884666666665
"5QU9_2","5QU9","2",1.3990884666666665
"5S75_1","5S75","1",1.3990884666666665
"5S76_1","5S76","1",1.3990884666666665
"5S79_1","5S79","1",1.3990884666666665
"5S7A_1","5S7A","1",1.3990884666666665
"5S7F_1","5S7F","1",1.3990884666666665
"5S7G_1","5S7G","1",1.3990884666666665
"5S7I_1","5S7I","1",1.3990884666666665
"5S7L_1","5S7L","1",1.3990884666666665
"5S7M_1","5S7M","1",1.3990884666666665
"5S7N_1","5S7N","1",1.3990884666666665
"5S7R_1","5S7R","1",1.3990884666666665
"5S7W_1","5S7W","1",1.3990884666666665
"5S81_1","5S81","1",1.3990884666666665
"5S8B_1","5S8B","1",1.3990884666666665
"5SC9_1","5SC9","1",1.3990884666666665
"5SCG_1","5SCG","1",1.3990884666666665
"5SCL_1","5SCL","1",1.3990884666666665
"5SDT_1","5SDT","1",1.3990884666666665
"5SWF_1","5SWF","1",1.3990884666666665
"5SZJ_1","5SZJ","1",1.3990884666666665
"5SZK_2","5SZK","2",1.3990884666666665
"5T0C_19","5T0C","19",1.3990884666666665
"5T0C_26","5T0C","26",1.3990884666666665
"5T0C_3","5T0C","3",1.3990884666666665
"5T0H_15","5T0H","15",1.3990884666666665
"5T0I_23","5T0I","23",1.3990884666666665
"5T0J_9","5T0J","9",1.3990884666666665
"5T53_1","5T53","1",1.3990884666666665
"5TCX_1","5TCX","1",1.3990884666666665
"5TEI_1","5TEI","1",1.3990884666666665
"5TP9_1","5TP9","1",1.3990884666666665
"5TPA_1","5TPA","1",1.3990884666666665
"5TPP_1","5TPP","1",1.3990884666666665
"5TQA_2","5TQA","2",1.3990884666666665
"5TQX_1","5TQX","1",1.3990884666666665
"5TQY_1","5TQY","1",1.3990884666666665
"5TRB_1","5TRB","1",1.3990884666666665
"5TWL_1","5TWL","1",1.3990884666666665
"5TWR_1","5TWR","1",1.3990884666666665
"5TWZ_1","5TWZ","1",1.3990884666666665
"5TX3_1","5TX3","1",1.3990884666666665
"5TX4_2","5TX4","2",1.3990884666666665
"5TXZ_1","5TXZ","1",1.3990884666666665
"5TY4_2","5TY4","2",1.3990884666666665
"5TYC_1","5TYC","1",1.3990884666666665
"5TYG_1","5TYG","1",1.3990884666666665
"5TYW_1","5TYW","1",1.3990884666666665
"5TYZ_1","5TYZ","1",1.3990884666666665
"5U0R_2","5U0R","2",1.3990884666666665
"5U0U_1","5U0U","1",1.3990884666666665
"5U15_2","5U15","2",1.3990884666666665
"5U2C_1","5U2C","1",1.3990884666666665
"5U73_1","5U73","1",1.3990884666666665
"5UDP_1","5UDP","1",1.3990884666666665
"5UEP_1","5UEP","1",1.3990884666666665
"5UER_1","5UER","1",1.3990884666666665
"5UES_1","5UES","1",1.3990884666666665
"5UET_1","5UET","1",1.3990884666666665
"5UEU_1","5UEU","1",1.3990884666666665
"5UEV_1","5UEV","1",1.3990884666666665
"5UEY_1","5UEY","1",1.3990884666666665
"5UHM_1","5UHM","1",1.3990884666666665
"5UJ8_1","5UJ8","1",1.3990884666666665
"5UNF_1","5UNF","1",1.3990884666666665
"5UOZ_1","5UOZ","1",1.3990884666666665
"5UQ1_2","5UQ1","2",1.3990884666666665
"5UQA_1","5UQA","1",1.3990884666666665
"5UR7_1","5UR7","1",1.3990884666666665
"5URU_1","5URU","1",1.3990884666666665
"5UTY_3","5UTY","3",1.3990884666666665
"5UU2_1","5UU2","1",1.3990884666666665
"5UVS_1","5UVS","1",1.3990884666666665
"5UVV_1","5UVV","1",1.3990884666666665
"5UVY_1","5UVY","1",1.3990884666666665
"5UVZ_1","5UVZ","1",1.3990884666666665
"5V7J_6","5V7J","6",1.3990884666666665
"5VCX_1","5VCX","1",1.3990884666666665
"5VD0_1","5VD0","1",1.3990884666666665
"5VD1_1","5VD1","1",1.3990884666666665
"5VDC_1","5VDC","1",1.3990884666666665
"5VDO_1","5VDO","1",1.3990884666666665
"5VDT_1","5VDT","1",1.3990884666666665
"5VDU_1","5VDU","1",1.3990884666666665
"5VDV_1","5VDV","1",1.3990884666666665
"5VDW_1","5VDW","1",1.3990884666666665
"5VE6_1","5VE6","1",1.3990884666666665
"5VFO_9","5VFO","9",1.3990884666666665
"5VFP_1","5VFP","1",1.3990884666666665
"5VFP_15","5VFP","15",1.3990884666666665
"5VFP_8","5VFP","8",1.3990884666666665
"5VFQ_17","5VFQ","17",1.3990884666666665
"5VFQ_8","5VFQ","8",1.3990884666666665
"5VFQ_9","5VFQ","9",1.3990884666666665
"5VFR_12","5VFR","12",1.3990884666666665
"5VFS_8","5VFS","8",1.3990884666666665
"5VFS_9","5VFS","9",1.3990884666666665
"5VFT_25","5VFT","25",1.3990884666666665
"5VFT_3","5VFT","3",1.3990884666666665
"5VFU_1","5VFU","1",1.3990884666666665
"5VFU_25","5VFU","25",1.3990884666666665
"5VFU_26","5VFU","26",1.3990884666666665
"5VFU_3","5VFU","3",1.3990884666666665
"5VHH_7","5VHH","7",1.3990884666666665
"5VHH_9","5VHH","9",1.3990884666666665
"5VHI_7","5VHI","7",1.3990884666666665
"5VHS_7","5VHS","7",1.3990884666666665
"5VNE_1","5VNE","1",1.3990884666666665
"5VNF_1","5VNF","1",1.3990884666666665
"5VNG_1","5VNG","1",1.3990884666666665
"5VNL_1","5VNL","1",1.3990884666666665
"5VNN_1","5VNN","1",1.3990884666666665
"5VNO_1","5VNO","1",1.3990884666666665
"5VNW_1","5VNW","1",1.3990884666666665
"5VQP_1","5VQP","1",1.3990884666666665
"5VZ8_1","5VZ8","1",1.3990884666666665
"5VZG_1","5VZG","1",1.3990884666666665
"5W0B_1","5W0B","1",1.3990884666666665
"5W0P_1","5W0P","1",1.3990884666666665
"5W4X_1","5W4X","1",1.3990884666666665
"5WB8_1","5WB8","1",1.3990884666666665
"5WBO_1","5WBO","1",1.3990884666666665
"5WBQ_1","5WBQ","1",1.3990884666666665
"5WBU_1","5WBU","1",1.3990884666666665
"5WCA_2","5WCA","2",1.3990884666666665
"5WCG_1","5WCG","1",1.3990884666666665
"5WCJ_1","5WCJ","1",1.3990884666666665
"5WIV_1","5WIV","1",1.3990884666666665
"5WJ5_1","5WJ5","1",1.3990884666666665
"5WP6_1","5WP6","1",1.3990884666666665
"5WQC_1","5WQC","1",1.3990884666666665
"5WU1_1","5WU1","1",1.3990884666666665
"5WU2_1","5WU2","1",1.3990884666666665
"5WU3_1","5WU3","1",1.3990884666666665
"5WZT_1","5WZT","1",1.3990884666666665
"5WZV_1","5WZV","1",1.3990884666666665
"5WZW_1","5WZW","1",1.3990884666666665
"5X1A_1","5X1A","1",1.3990884666666665
"5X1W_1","5X1W","1",1.3990884666666665
"5X7D_1","5X7D","1",1.3990884666666665
"5X93_1","5X93","1",1.3990884666666665
"5XFP_1","5XFP","1",1.3990884666666665
"5XFR_1","5XFR","1",1.3990884666666665
"5XGS_1","5XGS","1",1.3990884666666665
"5XJC_17","5XJC","17",1.3990884666666665
"5XJC_25","5XJC","25",1.3990884666666665
"5XJC_26","5XJC","26",1.3990884666666665
"5XJM_1","5XJM","1",1.3990884666666665
"5XTB_3","5XTB","3",1.3990884666666665
"5XTD_3","5XTD","3",1.3990884666666665
"5XTH_3","5XTH","3",1.3990884666666665
"5XWD_1","5XWD","1",1.3990884666666665
"5Y2Z_1","5Y2Z","1",1.3990884666666665
"5Y31_1","5Y31","1",1.3990884666666665
"5Y3S_1","5Y3S","1",1.3990884666666665
"5Y5E_1","5Y5E","1",1.3990884666666665
"5YH2_1","5YH2","1",1.3990884666666665
"5YJG_1","5YJG","1",1.3990884666666665
"5YJH_1","5YJH","1",1.3990884666666665
"5YR4_1","5YR4","1",1.3990884666666665
"5YR5_1","5YR5","1",1.3990884666666665
"5YR7_1","5YR7","1",1.3990884666666665
"5YVT_2","5YVT","2",1.3990884666666665
"5YZ5_1","5YZ5","1",1.3990884666666665
"5YZG_5","5YZG","5",1.3990884666666665
"5Z56_21","5Z56","21",1.3990884666666665
"5Z56_5","5Z56","5",1.3990884666666665
"5Z57_34","5Z57","34",1.3990884666666665
"5Z57_5","5Z57","5",1.3990884666666665
"5Z58_34","5Z58","34",1.3990884666666665
"5ZAK_2","5ZAK","2",1.3990884666666665
"5ZAL_2","5ZAL","2",1.3990884666666665
"5ZAM_1","5ZAM","1",1.3990884666666665
"5ZJ9_1","5ZJ9","1",1.3990884666666665
"5ZYA_2","5ZYA","2",1.3990884666666665
"6A3N_1","6A3N","1",1.3990884666666665
"6A8P_1","6A8P","1",1.3990884666666665
"6A9Y_1","6A9Y","1",1.3990884666666665
"6AAM_1","6AAM","1",1.3990884666666665
"6AEC_1","6AEC","1",1.3990884666666665
"6AEZ_1","6AEZ","1",1.3990884666666665
"6AEZ_2","6AEZ","2",1.3990884666666665
"6AGO_1","6AGO","1",1.3990884666666665
"6AH0_35","6AH0","35",1.3990884666666665
"6AHD_20","6AHD","20",1.3990884666666665
"6AHD_27","6AHD","27",1.3990884666666665
"6AHD_42","6AHD","42",1.3990884666666665
"6AHR_11","6AHR","11",1.3990884666666665
"6AHU_2","6AHU","2",1.3990884666666665
"6AK6_1","6AK6","1",1.3990884666666665
"6AK9_1","6AK9","1",1.3990884666666665
"6AKH_1","6AKH","1",1.3990884666666665
"6ALJ_1","6ALJ","1",1.3990884666666665
"6ARU_1","6ARU","1",1.3990884666666665
"6AU6_1","6AU6","1",1.3990884666666665
"6AVO_2","6AVO","2",1.3990884666666665
"6AY2_1","6AY2","1",1.3990884666666665
"6AYE_1","6AYE","1",1.3990884666666665
"6AYG_1","6AYG","1",1.3990884666666665
"6B3J_4","6B3J","4",1.3990884666666665
"6B3Q_2","6B3Q","2",1.3990884666666665
"6B3X_1","6B3X","1",1.3990884666666665
"6B4W_1","6B4W","1",1.3990884666666665
"6B5H_1","6B5H","1",1.3990884666666665
"6B5P_3","6B5P","3",1.3990884666666665
"6B6U_1","6B6U","1",1.3990884666666665
"6BHC_1","6BHC","1",1.3990884666666665
"6BML_1","6BML","1",1.3990884666666665
"6BMN_1","6BMN","1",1.3990884666666665
"6BMN_2","6BMN","2",1.3990884666666665
"6BN9_2","6BN9","2",1.3990884666666665
"6BO9_1","6BO9","1",1.3990884666666665
"6BTN_1","6BTN","1",1.3990884666666665
"6BTO_1","6BTO","1",1.3990884666666665
"6BTQ_1","6BTQ","1",1.3990884666666665
"6BWI_1","6BWI","1",1.3990884666666665
"6BXI_1","6BXI","1",1.3990884666666665
"6BYN_1","6BYN","1",1.3990884666666665
"6C3O_2","6C3O","2",1.3990884666666665
"6C5A_1","6C5A","1",1.3990884666666665
"6C97_1","6C97","1",1.3990884666666665
"6C98_1","6C98","1",1.3990884666666665
"6CAJ_5","6CAJ","5",1.3990884666666665
"6CBY_1","6CBY","1",1.3990884666666665
"6CE7_1","6CE7","1",1.3990884666666665
"6CE9_1","6CE9","1",1.3990884666666665
"6CES_5","6CES","5",1.3990884666666665
"6CET_3","6CET","3",1.3990884666666665
"6CH9_3","6CH9","3",1.3990884666666665
"6CK9_3","6CK9","3",1.3990884666666665
"6CM9_6","6CM9","6",1.3990884666666665
"6CMO_1","6CMO","1",1.3990884666666665
"6CNN_1","6CNN","1",1.3990884666666665
"6CPR_2","6CPR","2",1.3990884666666665
"6CRK_2","6CRK","2",1.3990884666666665
"6CWA_1","6CWA","1",1.3990884666666665
"6CZO_1","6CZO","1",1.3990884666666665
"6D0M_1","6D0M","1",1.3990884666666665
"6D2P_3","6D2P","3",1.3990884666666665
"6D3O_1","6D3O","1",1.3990884666666665
"6D7S_1","6D7S","1",1.3990884666666665
"6D9X_1","6D9X","1",1.3990884666666665
"6DAI_1","6DAI","1",1.3990884666666665
"6DBM_1","6DBM","1",1.3990884666666665
"6DCX_1","6DCX","1",1.3990884666666665
"6DE7_3","6DE7","3",1.3990884666666665
"6DGF_1","6DGF","1",1.3990884666666665
"6DJL_1","6DJL","1",1.3990884666666665
"6DNO_1","6DNO","1",1.3990884666666665
"6DRD_10","6DRD","10",1.3990884666666665
"6DUM_1","6DUM","1",1.3990884666666665
"6DWM_1","6DWM","1",1.3990884666666665
"6E23_1","6E23","1",1.3990884666666665
"6E2F_1","6E2F","1",1.3990884666666665
"6E3Y_4","6E3Y","4",1.3990884666666665
"6E5U_1","6E5U","1",1.3990884666666665
"6E7B_2","6E7B","2",1.3990884666666665
"6E7P_1","6E7P","1",1.3990884666666665
"6EIH_1","6EIH","1",1.3990884666666665
"6EIX_1","6EIX","1",1.3990884666666665
"6EJG_1","6EJG","1",1.3990884666666665
"6EN4_3","6EN4","3",1.3990884666666665
"6EOP_1","6EOP","1",1.3990884666666665
"6EOS_1","6EOS","1",1.3990884666666665
"6EP4_1","6EP4","1",1.3990884666666665
"6EQP_1","6EQP","1",1.3990884666666665
"6EQQ_1","6EQQ","1",1.3990884666666665
"6EZ8_1","6EZ8","1",1.3990884666666665
"6EZQ_1","6EZQ","1",1.3990884666666665
"6FAX_2","6FAX","2",1.3990884666666665
"6FCV_2","6FCV","2",1.3990884666666665
"6FEC_9","6FEC","9",1.3990884666666665
"6FF3_2","6FF3","2",1.3990884666666665
"6FF4_16","6FF4","16",1.3990884666666665
"6FF7_16","6FF7","16",1.3990884666666665
"6FZW_1","6FZW","1",1.3990884666666665
"6G2H_1","6G2H","1",1.3990884666666665
"6G2I_1","6G2I","1",1.3990884666666665
"6G2N_1","6G2N","1",1.3990884666666665
"6G4W_27","6G4W","27",1.3990884666666665
"6G51_37","6G51","37",1.3990884666666665
"6G5P_1","6G5P","1",1.3990884666666665
"6G79_4","6G79","4",1.3990884666666665
"6G8R_2","6G8R","2",1.3990884666666665
"6GBI_1","6GBI","1",1.3990884666666665
"6GC1_1","6GC1","1",1.3990884666666665
"6GCT_1","6GCT","1",1.3990884666666665
"6GG3_1","6GG3","1",1.3990884666666665
"6GG4_1","6GG4","1",1.3990884666666665
"6GHM_1","6GHM","1",1.3990884666666665
"6GI6_1","6GI6","1",1.3990884666666665
"6GQJ_1","6GQJ","1",1.3990884666666665
"6GVJ_1","6GVJ","1",1.3990884666666665
"6GYR_1","6GYR","1",1.3990884666666665
"6H0G_2","6H0G","2",1.3990884666666665
"6H25_1","6H25","1",1.3990884666666665
"6HA3_1","6HA3","1",1.3990884666666665
"6HN4_1","6HN4","1",1.3990884666666665
"6HN5_3","6HN5","3",1.3990884666666665
"6HTP_8","6HTP","8",1.3990884666666665
"6HUO_3","6HUO","3",1.3990884666666665
"6HUQ_8","6HUQ","8",1.3990884666666665
"6HUV_8","6HUV","8",1.3990884666666665
"6HVV_8","6HVV","8",1.3990884666666665
"6HVW_8","6HVW","8",1.3990884666666665
"6HY7_1","6HY7","1",1.3990884666666665
"6HYS_1","6HYS","1",1.3990884666666665
"6HYT_1","6HYT","1",1.3990884666666665
"6I1S_1","6I1S","1",1.3990884666666665
"6I35_1","6I35","1",1.3990884666666665
"6I9J_1","6I9J","1",1.3990884666666665
"6I9R_36","6I9R","36",1.3990884666666665
"6IAP_1","6IAP","1",1.3990884666666665
"6ICZ_25","6ICZ","25",1.3990884666666665
"6ID1_29","6ID1","29",1.3990884666666665
"6ID1_4","6ID1","4",1.3990884666666665
"6IL3_1","6IL3","1",1.3990884666666665
"6ILM_5","6ILM","5",1.3990884666666665
"6IP6_53","6IP6","53",1.3990884666666665
"6IP8_4","6IP8","4",1.3990884666666665
"6IPD_1","6IPD","1",1.3990884666666665
"6IPH_1","6IPH","1",1.3990884666666665
"6IPK_1","6IPK","1",1.3990884666666665
"6IRF_2","6IRF","2",1.3990884666666665
"6ITT_1","6ITT","1",1.3990884666666665
"6J21_1","6J21","1",1.3990884666666665
"6J6X_2","6J6X","2",1.3990884666666665
"6J74_2","6J74","2",1.3990884666666665
"6J7X_2","6J7X","2",1.3990884666666665
"6J8H_2","6J8H","2",1.3990884666666665
"6J8I_2","6J8I","2",1.3990884666666665
"6JV9_1","6JV9","1",1.3990884666666665
"6JVB_1","6JVB","1",1.3990884666666665
"6K4J_1","6K4J","1",1.3990884666666665
"6K72_4","6K72","4",1.3990884666666665
"6K7I_1","6K7I","1",1.3990884666666665
"6K7K_1","6K7K","1",1.3990884666666665
"6K9K_1","6K9K","1",1.3990884666666665
"6KAK_1","6KAK","1",1.3990884666666665
"6KAM_1","6KAM","1",1.3990884666666665
"6KAN_1","6KAN","1",1.3990884666666665
"6KAY_1","6KAY","1",1.3990884666666665
"6KAZ_1","6KAZ","1",1.3990884666666665
"6KB2_1","6KB2","1",1.3990884666666665
"6KB3_1","6KB3","1",1.3990884666666665
"6KB5_1","6KB5","1",1.3990884666666665
"6KB7_1","6KB7","1",1.3990884666666665
"6KDF_2","6KDF","2",1.3990884666666665
"6KDY_2","6KDY","2",1.3990884666666665
"6KID_1","6KID","1",1.3990884666666665
"6KIE_1","6KIE","1",1.3990884666666665
"6KIV_11","6KIV","11",1.3990884666666665
"6KIW_10","6KIW","10",1.3990884666666665
"6KIW_8","6KIW","8",1.3990884666666665
"6KKE_1","6KKE","1",1.3990884666666665
"6KKT_1","6KKT","1",1.3990884666666665
"6KO2_1","6KO2","1",1.3990884666666665
"6KPC_1","6KPC","1",1.3990884666666665
"6KQU_1","6KQU","1",1.3990884666666665
"6KQY_1","6KQY","1",1.3990884666666665
"6KR7_1","6KR7","1",1.3990884666666665
"6KWY_15","6KWY","15",1.3990884666666665
"6KXX_1","6KXX","1",1.3990884666666665
"6KXY_1","6KXY","1",1.3990884666666665
"6KYP_1","6KYP","1",1.3990884666666665
"6KZO_1","6KZO","1",1.3990884666666665
"6L1M_1","6L1M","1",1.3990884666666665
"6L36_1","6L36","1",1.3990884666666665
"6L37_1","6L37","1",1.3990884666666665
"6L38_1","6L38","1",1.3990884666666665
"6L4K_1","6L4K","1",1.3990884666666665
"6L54_1","6L54","1",1.3990884666666665
"6L7T_1","6L7T","1",1.3990884666666665
"6LMK_2","6LMK","2",1.3990884666666665
"6LOS_3","6LOS","3",1.3990884666666665
"6LQA_1","6LQA","1",1.3990884666666665
"6LRJ_1","6LRJ","1",1.3990884666666665
"6LRK_1","6LRK","1",1.3990884666666665
"6LRL_1","6LRL","1",1.3990884666666665
"6LX4_1","6LX4","1",1.3990884666666665
"6LX8_1","6LX8","1",1.3990884666666665
"6LX9_1","6LX9","1",1.3990884666666665
"6LXA_1","6LXA","1",1.3990884666666665
"6LXB_1","6LXB","1",1.3990884666666665
"6LXD_1","6LXD","1",1.3990884666666665
"6LZ0_1","6LZ0","1",1.3990884666666665
"6LZC_1","6LZC","1",1.3990884666666665
"6M1I_5","6M1I","5",1.3990884666666665
"6M23_1","6M23","1",1.3990884666666665
"6M33_1","6M33","1",1.3990884666666665
"6M3C_2","6M3C","2",1.3990884666666665
"6M49_2","6M49","2",1.3990884666666665
"6M4N_2","6M4N","2",1.3990884666666665
"6M5D_1","6M5D","1",1.3990884666666665
"6M7U_1","6M7U","1",1.3990884666666665
"6MAC_1","6MAC","1",1.3990884666666665
"6MBZ_1","6MBZ","1",1.3990884666666665
"6MCO_3","6MCO","3",1.3990884666666665
"6MDT_4","6MDT","4",1.3990884666666665
"6MET_3","6MET","3",1.3990884666666665
"6MI2_3","6MI2","3",1.3990884666666665
"6MJU_1","6MJU","1",1.3990884666666665
"6MJX_1","6MJX","1",1.3990884666666665
"6MOB_1","6MOB","1",1.3990884666666665
"6MP3_1","6MP3","1",1.3990884666666665
"6MPB_1","6MPB","1",1.3990884666666665
"6MQ8_1","6MQ8","1",1.3990884666666665
"6MQ9_1","6MQ9","1",1.3990884666666665
"6MQL_1","6MQL","1",1.3990884666666665
"6MSB_1","6MSB","1",1.3990884666666665
"6MSB_3","6MSB","3",1.3990884666666665
"6MSD_3","6MSD","3",1.3990884666666665
"6MSE_1","6MSE","1",1.3990884666666665
"6MSE_3","6MSE","3",1.3990884666666665
"6MSG_28","6MSG","28",1.3990884666666665
"6MSG_29","6MSG","29",1.3990884666666665
"6MSH_1","6MSH","1",1.3990884666666665
"6MSJ_20","6MSJ","20",1.3990884666666665
"6MSK_1","6MSK","1",1.3990884666666665
"6MU6_3","6MU6","3",1.3990884666666665
"6MU7_3","6MU7","3",1.3990884666666665
"6MZC_1","6MZC","1",1.3990884666666665
"6MZM_1","6MZM","1",1.3990884666666665
"6N0B_1","6N0B","1",1.3990884666666665
"6N3N_1","6N3N","1",1.3990884666666665
"6N4X_1","6N4X","1",1.3990884666666665
"6N4Y_1","6N4Y","1",1.3990884666666665
"6N50_1","6N50","1",1.3990884666666665
"6N6O_1","6N6O","1",1.3990884666666665
"6N88_2","6N88","2",1.3990884666666665
"6N89_1","6N89","1",1.3990884666666665
"6NCG_1","6NCG","1",1.3990884666666665
"6ND0_1","6ND0","1",1.3990884666666665
"6NF1_1","6NF1","1",1.3990884666666665
"6NG3_1","6NG3","1",1.3990884666666665
"6NI3_4","6NI3","4",1.3990884666666665
"6NM6_3","6NM6","3",1.3990884666666665
"6NMI_5","6NMI","5",1.3990884666666665
"6NN7_1","6NN7","1",1.3990884666666665
"6NN8_1","6NN8","1",1.3990884666666665
"6NNF_3","6NNF","3",1.3990884666666665
"6NPY_2","6NPY","2",1.3990884666666665
"6NRB_8","6NRB","8",1.3990884666666665
"6NU1_1","6NU1","1",1.3990884666666665
"6NU2_36","6NU2","36",1.3990884666666665
"6NU2_52","6NU2","52",1.3990884666666665
"6NU2_65","6NU2","65",1.3990884666666665
"6NU2_72","6NU2","72",1.3990884666666665
"6NU3_36","6NU3","36",1.3990884666666665
"6NU5_1","6NU5","1",1.3990884666666665
"6NYB_1","6NYB","1",1.3990884666666665
"6NZD_1","6NZD","1",1.3990884666666665
"6NZD_7","6NZD","7",1.3990884666666665
"6NZD_9","6NZD","9",1.3990884666666665
"6O17_1","6O17","1",1.3990884666666665
"6O23_1","6O23","1",1.3990884666666665
"6O2V_1","6O2V","1",1.3990884666666665
"6O47_1","6O47","1",1.3990884666666665
"6O4P_1","6O4P","1",1.3990884666666665
"6O81_3","6O81","3",1.3990884666666665
"6O85_1","6O85","1",1.3990884666666665
"6O85_3","6O85","3",1.3990884666666665
"6O9L_28","6O9L","28",1.3990884666666665
"6O9M_7","6O9M","7",1.3990884666666665
"6O9Z_3","6O9Z","3",1.3990884666666665
"6OBN_1","6OBN","1",1.3990884666666665
"6OI1_1","6OI1","1",1.3990884666666665
"6OI3_1","6OI3","1",1.3990884666666665
"6OIL_1","6OIL","1",1.3990884666666665
"6OKM_3","6OKM","3",1.3990884666666665
"6OLE_8","6OLE","8",1.3990884666666665
"6OLF_8","6OLF","8",1.3990884666666665
"6OLI_34","6OLI","34",1.3990884666666665
"6OLI_8","6OLI","8",1.3990884666666665
"6OLZ_55","6OLZ","55",1.3990884666666665
"6OLZ_78","6OLZ","78",1.3990884666666665
"6OM7_35","6OM7","35",1.3990884666666665
"6OM7_8","6OM7","8",1.3990884666666665
"6OML_1","6OML","1",1.3990884666666665
"6OMM_4","6OMM","4",1.3990884666666665
"6OT0_3","6OT0","3",1.3990884666666665
"6P0R_1","6P0R","1",1.3990884666666665
"6P1N_1","6P1N","1",1.3990884666666665
"6P1Q_1","6P1Q","1",1.3990884666666665
"6P1S_1","6P1S","1",1.3990884666666665
"6P1U_1","6P1U","1",1.3990884666666665
"6P1V_1","6P1V","1",1.3990884666666665
"6P9X_2","6P9X","2",1.3990884666666665
"6P9Y_2","6P9Y","2",1.3990884666666665
"6PA7_8","6PA7","8",1.3990884666666665
"6PEH_1","6PEH","1",1.3990884666666665
"6PG5_1","6PG5","1",1.3990884666666665
"6PG7_1","6PG7","1",1.3990884666666665
"6PGB_1","6PGB","1",1.3990884666666665
"6PGD_1","6PGD","1",1.3990884666666665
"6PGE_1","6PGE","1",1.3990884666666665
"6PL8_1","6PL8","1",1.3990884666666665
"6PLG_1","6PLG","1",1.3990884666666665
"6PS2_1","6PS2","1",1.3990884666666665
"6PS5_1","6PS5","1",1.3990884666666665
"6PS6_1","6PS6","1",1.3990884666666665
"6PT0_3","6PT0","3",1.3990884666666665
"6PVB_1","6PVB","1",1.3990884666666665
"6PWV_2","6PWV","2",1.3990884666666665
"6PWW_1","6PWW","1",1.3990884666666665
"6PXW_1","6PXW","1",1.3990884666666665
"6Q2O_1","6Q2O","1",1.3990884666666665
"6Q2R_1","6Q2R","1",1.3990884666666665
"6Q2S_1","6Q2S","1",1.3990884666666665
"6Q3M_1","6Q3M","1",1.3990884666666665
"6Q6G_10","6Q6G","10",1.3990884666666665
"6Q6H_8","6Q6H","8",1.3990884666666665
"6Q8I_1","6Q8I","1",1.3990884666666665
"6QAC_1","6QAC","1",1.3990884666666665
"6QAE_1","6QAE","1",1.3990884666666665
"6QDV_20","6QDV","20",1.3990884666666665
"6QDV_26","6QDV","26",1.3990884666666665
"6QIO_2","6QIO","2",1.3990884666666665
"6QIP_1","6QIP","1",1.3990884666666665
"6QIP_2","6QIP","2",1.3990884666666665
"6QPJ_1","6QPJ","1",1.3990884666666665
"6QUY_1","6QUY","1",1.3990884666666665
"6QV6_1","6QV6","1",1.3990884666666665
"6QVJ_1","6QVJ","1",1.3990884666666665
"6QX9_3","6QX9","3",1.3990884666666665
"6QX9_50","6QX9","50",1.3990884666666665
"6QZP_4","6QZP","4",1.3990884666666665
"6QZP_81","6QZP","81",1.3990884666666665
"6R6W_1","6R6W","1",1.3990884666666665
"6R8Y_9","6R8Y","9",1.3990884666666665
"6R8Z_8","6R8Z","8",1.3990884666666665
"6R90_8","6R90","8",1.3990884666666665
"6R92_3","6R92","3",1.3990884666666665
"6RGQ_1","6RGQ","1",1.3990884666666665
"6RIH_1","6RIH","1",1.3990884666666665
"6RJ3_1","6RJ3","1",1.3990884666666665
"6RJ5_1","6RJ5","1",1.3990884666666665
"6RJB_1","6RJB","1",1.3990884666666665
"6RKF_1","6RKF","1",1.3990884666666665
"6RLB_1","6RLB","1",1.3990884666666665
"6RMG_1","6RMG","1",1.3990884666666665
"6RMH_1","6RMH","1",1.3990884666666665
"6RQJ_1","6RQJ","1",1.3990884666666665
"6RU5_2","6RU5","2",1.3990884666666665
"6RW4_10","6RW4","10",1.3990884666666665
"6RW4_4","6RW4","4",1.3990884666666665
"6RW5_10","6RW5","10",1.3990884666666665
"6RX3_1","6RX3","1",1.3990884666666665
"6RYR_7","6RYR","7",1.3990884666666665
"6RZ5_1","6RZ5","1",1.3990884666666665
"6S08_2","6S08","2",1.3990884666666665
"6S1O_2","6S1O","2",1.3990884666666665
"6S4I_1","6S4I","1",1.3990884666666665
"6S4J_1","6S4J","1",1.3990884666666665
"6S6W_1","6S6W","1",1.3990884666666665
"6SAM_1","6SAM","1",1.3990884666666665
"6SAZ_2","6SAZ","2",1.3990884666666665
"6SB0_4","6SB0","4",1.3990884666666665
"6SB2_1","6SB2","1",1.3990884666666665
"6SER_1","6SER","1",1.3990884666666665
"6SF2_1","6SF2","1",1.3990884666666665
"6SF2_2","6SF2","2",1.3990884666666665
"6SF3_1","6SF3","1",1.3990884666666665
"6SF3_2","6SF3","2",1.3990884666666665
"6SJV_1","6SJV","1",1.3990884666666665
"6SOF_1","6SOF","1",1.3990884666666665
"6SRH_1","6SRH","1",1.3990884666666665
"6SYT_2","6SYT","2",1.3990884666666665
"6SZM_1","6SZM","1",1.3990884666666665
"6SZP_1","6SZP","1",1.3990884666666665
"6T2W_1","6T2W","1",1.3990884666666665
"6T9S_1","6T9S","1",1.3990884666666665
"6TE5_1","6TE5","1",1.3990884666666665
"6TGY_1","6TGY","1",1.3990884666666665
"6TH3_1","6TH3","1",1.3990884666666665
"6TKD_1","6TKD","1",1.3990884666666665
"6TM2_3","6TM2","3",1.3990884666666665
"6TM5_3","6TM5","3",1.3990884666666665
"6TN9_1","6TN9","1",1.3990884666666665
"6TNC_1","6TNC","1",1.3990884666666665
"6TND_1","6TND","1",1.3990884666666665
"6TNT_3","6TNT","3",1.3990884666666665
"6TNT_6","6TNT","6",1.3990884666666665
"6TNY_1","6TNY","1",1.3990884666666665
"6TNY_2","6TNY","2",1.3990884666666665
"6TNZ_2","6TNZ","2",1.3990884666666665
"6TOQ_2","6TOQ","2",1.3990884666666665
"6TPK_1","6TPK","1",1.3990884666666665
"6TT2_1","6TT2","1",1.3990884666666665
"6TTH_1","6TTH","1",1.3990884666666665
"6TTQ_1","6TTQ","1",1.3990884666666665
"6TTT_1","6TTT","1",1.3990884666666665
"6TTW_1","6TTW","1",1.3990884666666665
"6TU1_1","6TU1","1",1.3990884666666665
"6TVN_1","6TVN","1",1.3990884666666665
"6TXZ_1","6TXZ","1",1.3990884666666665
"6U2P_1","6U2P","1",1.3990884666666665
"6U3I_1","6U3I","1",1.3990884666666665
"6U3X_1","6U3X","1",1.3990884666666665
"6U5M_1","6U5M","1",1.3990884666666665
"6U6L_1","6U6L","1",1.3990884666666665
"6U6V_1","6U6V","1",1.3990884666666665
"6U80_1","6U80","1",1.3990884666666665
"6U8I_1","6U8I","1",1.3990884666666665
"6U8O_1","6U8O","1",1.3990884666666665
"6UAN_2","6UAN","2",1.3990884666666665
"6UDL_1","6UDL","1",1.3990884666666665
"6UDM_1","6UDM","1",1.3990884666666665
"6UHY_1","6UHY","1",1.3990884666666665
"6UI2_1","6UI2","1",1.3990884666666665
"6UJJ_1","6UJJ","1",1.3990884666666665
"6ULG_8","6ULG","8",1.3990884666666665
"6UM5_4","6UM5","4",1.3990884666666665
"6UM7_4","6UM7","4",1.3990884666666665
"6UML_2","6UML","2",1.3990884666666665
"6UO8_2","6UO8","2",1.3990884666666665
"6UOA_2","6UOA","2",1.3990884666666665
"6UPQ_1","6UPQ","1",1.3990884666666665
"6UQQ_1","6UQQ","1",1.3990884666666665
"6UQQ_2","6UQQ","2",1.3990884666666665
"6V1D_1","6V1D","1",1.3990884666666665
"6V38_1","6V38","1",1.3990884666666665
"6V4U_3","6V4U","3",1.3990884666666665
"6V5B_1","6V5B","1",1.3990884666666665
"6V5C_1","6V5C","1",1.3990884666666665
"6V69_1","6V69","1",1.3990884666666665
"6V6B_1","6V6B","1",1.3990884666666665
"6V74_1","6V74","1",1.3990884666666665
"6V76_1","6V76","1",1.3990884666666665
"6V9I_1","6V9I","1",1.3990884666666665
"6VAE_1","6VAE","1",1.3990884666666665
"6VCB_4","6VCB","4",1.3990884666666665
"6VES_1","6VES","1",1.3990884666666665
"6VET_1","6VET","1",1.3990884666666665
"6VEZ_1","6VEZ","1",1.3990884666666665
"6VF1_1","6VF1","1",1.3990884666666665
"6VF4_1","6VF4","1",1.3990884666666665
"6VF5_1","6VF5","1",1.3990884666666665
"6VFB_1","6VFB","1",1.3990884666666665
"6VFC_1","6VFC","1",1.3990884666666665
"6VHH_1","6VHH","1",1.3990884666666665
"6VJJ_2","6VJJ","2",1.3990884666666665
"6VJM_2","6VJM","2",1.3990884666666665
"6VLZ_29","6VLZ","29",1.3990884666666665
"6VLZ_6","6VLZ","6",1.3990884666666665
"6VLZ_82","6VLZ","82",1.3990884666666665
"6VMI_29","6VMI","29",1.3990884666666665
"6VMI_54","6VMI","54",1.3990884666666665
"6VMS_2","6VMS","2",1.3990884666666665
"6VNO_1","6VNO","1",1.3990884666666665
"6VNS_1","6VNS","1",1.3990884666666665
"6VNV_1","6VNV","1",1.3990884666666665
"6VNY_1","6VNY","1",1.3990884666666665
"6VOY_2","6VOY","2",1.3990884666666665
"6VP6_1","6VP6","1",1.3990884666666665
"6VP8_1","6VP8","1",1.3990884666666665
"6VP9_2","6VP9","2",1.3990884666666665
"6VWF_1","6VWF","1",1.3990884666666665
"6VWG_1","6VWG","1",1.3990884666666665
"6VWH_1","6VWH","1",1.3990884666666665
"6W0N_1","6W0N","1",1.3990884666666665
"6W0Y_1","6W0Y","1",1.3990884666666665
"6W25_1","6W25","1",1.3990884666666665
"6W2X_2","6W2X","2",1.3990884666666665
"6W4S_1","6W4S","1",1.3990884666666665
"6W52_4","6W52","4",1.3990884666666665
"6W5I_1","6W5I","1",1.3990884666666665
"6W5I_2","6W5I","2",1.3990884666666665
"6W5M_1","6W5M","1",1.3990884666666665
"6W5M_2","6W5M","2",1.3990884666666665
"6W5N_2","6W5N","2",1.3990884666666665
"6W5R_1","6W5R","1",1.3990884666666665
"6W5S_1","6W5S","1",1.3990884666666665
"6W5T_1","6W5T","1",1.3990884666666665
"6W6L_1","6W6L","1",1.3990884666666665
"6W6L_48","6W6L","48",1.3990884666666665
"6W6W_1","6W6W","1",1.3990884666666665
"6W74_1","6W74","1",1.3990884666666665
"6W7O_2","6W7O","2",1.3990884666666665
"6WCQ_3","6WCQ","3",1.3990884666666665
"6WGE_4","6WGE","4",1.3990884666666665
"6WHC_2","6WHC","2",1.3990884666666665
"6WIC_1","6WIC","1",1.3990884666666665
"6WID_1","6WID","1",1.3990884666666665
"6WIE_1","6WIE","1",1.3990884666666665
"6WIX_3","6WIX","3",1.3990884666666665
"6WJ2_1","6WJ2","1",1.3990884666666665
"6WJD_27","6WJD","27",1.3990884666666665
"6WJD_28","6WJD","28",1.3990884666666665
"6WJN_1","6WJN","1",1.3990884666666665
"6WM2_5","6WM2","5",1.3990884666666665
"6WM3_5","6WM3","5",1.3990884666666665
"6WM3_6","6WM3","6",1.3990884666666665
"6WM4_5","6WM4","5",1.3990884666666665
"6WP5_1","6WP5","1",1.3990884666666665
"6WPP_1","6WPP","1",1.3990884666666665
"6WPW_2","6WPW","2",1.3990884666666665
"6WSL_1","6WSL","1",1.3990884666666665
"6WUW_1","6WUW","1",1.3990884666666665
"6WWZ_6","6WWZ","6",1.3990884666666665
"6WXJ_1","6WXJ","1",1.3990884666666665
"6WZG_4","6WZG","4",1.3990884666666665
"6X0P_1","6X0P","1",1.3990884666666665
"6X0U_2","6X0U","2",1.3990884666666665
"6X18_2","6X18","2",1.3990884666666665
"6X19_2","6X19","2",1.3990884666666665
"6X1A_2","6X1A","2",1.3990884666666665
"6X6A_2","6X6A","2",1.3990884666666665
"6X8G_1","6X8G","1",1.3990884666666665
"6X8H_1","6X8H","1",1.3990884666666665
"6XA1_1","6XA1","1",1.3990884666666665
"6XA1_79","6XA1","79",1.3990884666666665
"6XBM_3","6XBM","3",1.3990884666666665
"6XF2_1","6XF2","1",1.3990884666666665
"6XGU_2","6XGU","2",1.3990884666666665
"6XGV_2","6XGV","2",1.3990884666666665
"6XHA_2","6XHA","2",1.3990884666666665
"6XI2_4","6XI2","4",1.3990884666666665
"6XIW_1","6XIW","1",1.3990884666666665
"6XK9_3","6XK9","3",1.3990884666666665
"6XM2_3","6XM2","3",1.3990884666666665
"6XMJ_8","6XMJ","8",1.3990884666666665
"6XOG_1","6XOG","1",1.3990884666666665
"6XOH_1","6XOH","1",1.3990884666666665
"6XTA_1","6XTA","1",1.3990884666666665
"6XV9_1","6XV9","1",1.3990884666666665
"6XVB_1","6XVB","1",1.3990884666666665
"6Y0G_58","6Y0G","58",1.3990884666666665
"6Y57_58","6Y57","58",1.3990884666666665
"6Y5D_7","6Y5D","7",1.3990884666666665
"6Y5Q_5","6Y5Q","5",1.3990884666666665
"6Y5R_1","6Y5R","1",1.3990884666666665
"6Y6N_1","6Y6N","1",1.3990884666666665
"6Y6O_1","6Y6O","1",1.3990884666666665
"6YA7_2","6YA7","2",1.3990884666666665
"6YA8_2","6YA8","2",1.3990884666666665
"6YBD_17","6YBD","17",1.3990884666666665
"6YTV_1","6YTV","1",1.3990884666666665
"6YTX_1","6YTX","1",1.3990884666666665
"6YXH_1","6YXH","1",1.3990884666666665
"6YYF_1","6YYF","1",1.3990884666666665
"6Z20_1","6Z20","1",1.3990884666666665
"6Z3J_1","6Z3J","1",1.3990884666666665
"6Z3M_1","6Z3M","1",1.3990884666666665
"6Z6L_54","6Z6L","54",1.3990884666666665
"6Z6M_80","6Z6M","80",1.3990884666666665
"6ZBR_2","6ZBR","2",1.3990884666666665
"6ZCD_2","6ZCD","2",1.3990884666666665
"6ZEG_1","6ZEG","1",1.3990884666666665
"6ZEH_1","6ZEH","1",1.3990884666666665
"6ZEI_1","6ZEI","1",1.3990884666666665
"6ZEJ_1","6ZEJ","1",1.3990884666666665
"6ZFP_1","6ZFP","1",1.3990884666666665
"6ZH4_1","6ZH4","1",1.3990884666666665
"6ZH8_1","6ZH8","1",1.3990884666666665
"6ZHA_1","6ZHA","1",1.3990884666666665
"6ZLW_8","6ZLW","8",1.3990884666666665
"6ZM5_52","6ZM5","52",1.3990884666666665
"6ZM5_85","6ZM5","85",1.3990884666666665
"6ZM6_57","6ZM6","57",1.3990884666666665
"6ZM7_4","6ZM7","4",1.3990884666666665
"6ZM7_56","6ZM7","56",1.3990884666666665
"6ZME_82","6ZME","82",1.3990884666666665
"6ZMI_82","6ZMI","82",1.3990884666666665
"6ZMO_56","6ZMO","56",1.3990884666666665
"6ZMT_31","6ZMT","31",1.3990884666666665
"6ZMT_8","6ZMT","8",1.3990884666666665
"6ZN2_1","6ZN2","1",1.3990884666666665
"6ZN5_32","6ZN5","32",1.3990884666666665
"6ZOJ_10","6ZOJ","10",1.3990884666666665
"6ZOL_15","6ZOL","15",1.3990884666666665
"6ZS9_27","6ZS9","27",1.3990884666666665
"6ZS9_84","6ZS9","84",1.3990884666666665
"6ZSA_26","6ZSA","26",1.3990884666666665
"6ZSB_67","6ZSB","67",1.3990884666666665
"6ZSE_20","6ZSE","20",1.3990884666666665
"6ZSE_86","6ZSE","86",1.3990884666666665
"6ZSG_67","6ZSG","67",1.3990884666666665
"6ZUE_2","6ZUE","2",1.3990884666666665
"6ZVH_34","6ZVH","34",1.3990884666666665
"6ZWI_1","6ZWI","1",1.3990884666666665
"6ZXD_9","6ZXD","9",1.3990884666666665
"6ZXE_9","6ZXE","9",1.3990884666666665
"6ZXF_32","6ZXF","32",1.3990884666666665
"6ZYA_1","6ZYA","1",1.3990884666666665
"6ZYM_20","6ZYM","20",1.3990884666666665
"6ZZ4_1","6ZZ4","1",1.3990884666666665
"7A09_32","7A09","32",1.3990884666666665
"7A09_9","7A09","9",1.3990884666666665
"7A5F_62","7A5F","62",1.3990884666666665
"7A5G_52","7A5G","52",1.3990884666666665
"7A5G_63","7A5G","63",1.3990884666666665
"7A5H_33","7A5H","33",1.3990884666666665
"7A5I_57","7A5I","57",1.3990884666666665
"7A5K_58","7A5K","58",1.3990884666666665
"7A5P_16","7A5P","16",1.3990884666666665
"7A6H_10","7A6H","10",1.3990884666666665
"7A6H_9","7A6H","9",1.3990884666666665
"7AAV_2","7AAV","2",1.3990884666666665
"7ABF_1","7ABF","1",1.3990884666666665
"7ABG_31","7ABG","31",1.3990884666666665
"7ABG_5","7ABG","5",1.3990884666666665
"7ABH_6","7ABH","6",1.3990884666666665
"7ACD_1","7ACD","1",1.3990884666666665
"7AD8_7","7AD8","7",1.3990884666666665
"7AE1_13","7AE1","13",1.3990884666666665
"7AE3_1","7AE3","1",1.3990884666666665
"7AEA_13","7AEA","13",1.3990884666666665
"7AEA_9","7AEA","9",1.3990884666666665
"7AG0_2","7AG0","2",1.3990884666666665
"7AIN_1","7AIN","1",1.3990884666666665
"7AIO_1","7AIO","1",1.3990884666666665
"7AIP_1","7AIP","1",1.3990884666666665
"7AIQ_1","7AIQ","1",1.3990884666666665
"7AIY_1","7AIY","1",1.3990884666666665
"7ALV_1","7ALV","1",1.3990884666666665
"7AO9_1","7AO9","1",1.3990884666666665
"7APK_2","7APK","2",1.3990884666666665
"7AS4_2","7AS4","2",1.3990884666666665
"7ASC_1","7ASC","1",1.3990884666666665
"7AST_1","7AST","1",1.3990884666666665
"7AST_2","7AST","2",1.3990884666666665
"7AST_3","7AST","3",1.3990884666666665
"7AUC_1","7AUC","1",1.3990884666666665
"7AUE_1","7AUE","1",1.3990884666666665
"7AWH_1","7AWH","1",1.3990884666666665
"7AXQ_1","7AXQ","1",1.3990884666666665
"7AXU_1","7AXU","1",1.3990884666666665
"7AY1_1","7AY1","1",1.3990884666666665
"7AYR_1","7AYR","1",1.3990884666666665
"7B0I_3","7B0I","3",1.3990884666666665
"7B12_3","7B12","3",1.3990884666666665
"7B26_2","7B26","2",1.3990884666666665
"7B2Q_2","7B2Q","2",1.3990884666666665
"7B65_1","7B65","1",1.3990884666666665
"7B92_3","7B92","3",1.3990884666666665
"7BCT_1","7BCT","1",1.3990884666666665
"7BCY_1","7BCY","1",1.3990884666666665
"7BGB_1","7BGB","1",1.3990884666666665
"7BGC_1","7BGC","1",1.3990884666666665
"7BHP_4","7BHP","4",1.3990884666666665
"7BPZ_1","7BPZ","1",1.3990884666666665
"7BQ0_1","7BQ0","1",1.3990884666666665
"7BQ1_1","7BQ1","1",1.3990884666666665
"7BQ4_1","7BQ4","1",1.3990884666666665
"7BSP_1","7BSP","1",1.3990884666666665
"7BSQ_1","7BSQ","1",1.3990884666666665
"7BSS_1","7BSS","1",1.3990884666666665
"7BSW_1","7BSW","1",1.3990884666666665
"7BYM_1","7BYM","1",1.3990884666666665
"7BYN_1","7BYN","1",1.3990884666666665
"7C6A_3","7C6A","3",1.3990884666666665
"7C7Q_2","7C7Q","2",1.3990884666666665
"7CA3_2","7CA3","2",1.3990884666666665
"7CCL_1","7CCL","1",1.3990884666666665
"7CFM_2","7CFM","2",1.3990884666666665
"7CFN_2","7CFN","2",1.3990884666666665
"7CHN_1","7CHN","1",1.3990884666666665
"7CJA_1","7CJA","1",1.3990884666666665
"7CKR_1","7CKR","1",1.3990884666666665
"7CKW_5","7CKW","5",1.3990884666666665
"7CKX_2","7CKX","2",1.3990884666666665
"7CMU_2","7CMU","2",1.3990884666666665
"7CO6_1","7CO6","1",1.3990884666666665
"7CO9_1","7CO9","1",1.3990884666666665
"7COB_1","7COB","1",1.3990884666666665
"7COC_1","7COC","1",1.3990884666666665
"7CQI_2","7CQI","2",1.3990884666666665
"7CR3_1","7CR3","1",1.3990884666666665
"7CRO_7","7CRO","7",1.3990884666666665
"7CTG_3","7CTG","3",1.3990884666666665
"7CUM_2","7CUM","2",1.3990884666666665
"7CX3_3","7CX3","3",1.3990884666666665
"7CX4_1","7CX4","1",1.3990884666666665
"7D10_1","7D10","1",1.3990884666666665
"7D3E_1","7D3E","1",1.3990884666666665
"7D43_5","7D43","5",1.3990884666666665
"7D45_5","7D45","5",1.3990884666666665
"7D59_10","7D59","10",1.3990884666666665
"7D5R_1","7D5R","1",1.3990884666666665
"7D76_4","7D76","4",1.3990884666666665
"7D77_2","7D77","2",1.3990884666666665
"7D8Z_1","7D8Z","1",1.3990884666666665
"7DF4_1","7DF4","1",1.3990884666666665
"7DFW_1","7DFW","1",1.3990884666666665
"7DFZ_1","7DFZ","1",1.3990884666666665
"7DGD_1","7DGD","1",1.3990884666666665
"7DGE_1","7DGE","1",1.3990884666666665
"7DJN_1","7DJN","1",1.3990884666666665
"7DN3_16","7DN3","16",1.3990884666666665
"7DN3_5","7DN3","5",1.3990884666666665
"7DTC_1","7DTC","1",1.3990884666666665
"7DTW_1","7DTW","1",1.3990884666666665
"7DU2_11","7DU2","11",1.3990884666666665
"7DU2_15","7DU2","15",1.3990884666666665
"7DV6_1","7DV6","1",1.3990884666666665
"7DVQ_5","7DVQ","5",1.3990884666666665
"7DXJ_1","7DXJ","1",1.3990884666666665
"7DXK_1","7DXK","1",1.3990884666666665
"7E17_1","7E17","1",1.3990884666666665
"7E20_1","7E20","1",1.3990884666666665
"7E2H_2","7E2H","2",1.3990884666666665
"7E2I_2","7E2I","2",1.3990884666666665
"7E2X_4","7E2X","4",1.3990884666666665
"7E2Y_2","7E2Y","2",1.3990884666666665
"7E32_2","7E32","2",1.3990884666666665
"7E32_5","7E32","5",1.3990884666666665
"7E33_5","7E33","5",1.3990884666666665
"7E34_2","7E34","2",1.3990884666666665
"7E58_1","7E58","1",1.3990884666666665
"7E5F_1","7E5F","1",1.3990884666666665
"7E5G_1","7E5G","1",1.3990884666666665
"7E5H_1","7E5H","1",1.3990884666666665
"7E5I_1","7E5I","1",1.3990884666666665
"7E6T_1","7E6T","1",1.3990884666666665
"7E6U_1","7E6U","1",1.3990884666666665
"7E87_1","7E87","1",1.3990884666666665
"7E87_2","7E87","2",1.3990884666666665
"7E8E_2","7E8E","2",1.3990884666666665
"7E8H_4","7E8H","4",1.3990884666666665
"7E9G_1","7E9G","1",1.3990884666666665
"7E9H_3","7E9H","3",1.3990884666666665
"7EB2_6","7EB2","6",1.3990884666666665
"7EG9_2","7EG9","2",1.3990884666666665
"7EGA_2","7EGA","2",1.3990884666666665
"7EGB_11","7EGB","11",1.3990884666666665
"7EGD_1","7EGD","1",1.3990884666666665
"7EGI_1","7EGI","1",1.3990884666666665
"7EGJ_2","7EGJ","2",1.3990884666666665
"7EJ8_2","7EJ8","2",1.3990884666666665
"7EJK_2","7EJK","2",1.3990884666666665
"7EKT_1","7EKT","1",1.3990884666666665
"7ENA_22","7ENA","22",1.3990884666666665
"7ENA_23","7ENA","23",1.3990884666666665
"7ENA_68","7ENA","68",1.3990884666666665
"7ENC_27","7ENC","27",1.3990884666666665
"7ENC_35","7ENC","35",1.3990884666666665
"7ENC_70","7ENC","70",1.3990884666666665
"7ENJ_12","7ENJ","12",1.3990884666666665
"7EOQ_1","7EOQ","1",1.3990884666666665
"7EOQ_2","7EOQ","2",1.3990884666666665
"7EOR_1","7EOR","1",1.3990884666666665
"7EOR_2","7EOR","2",1.3990884666666665
"7EOS_2","7EOS","2",1.3990884666666665
"7EPB_1","7EPB","1",1.3990884666666665
"7EPD_2","7EPD","2",1.3990884666666665
"7EPT_2","7EPT","2",1.3990884666666665
"7EU8_1","7EU8","1",1.3990884666666665
"7EVN_2","7EVN","2",1.3990884666666665
"7EVO_11","7EVO","11",1.3990884666666665
"7EVO_2","7EVO","2",1.3990884666666665
"7EVS_1","7EVS","1",1.3990884666666665
"7EVY_2","7EVY","2",1.3990884666666665
"7EVY_4","7EVY","4",1.3990884666666665
"7EW1_1","7EW1","1",1.3990884666666665
"7EW4_2","7EW4","2",1.3990884666666665
"7EW7_2","7EW7","2",1.3990884666666665
"7EWH_1","7EWH","1",1.3990884666666665
"7EXD_5","7EXD","5",1.3990884666666665
"7EYI_1","7EYI","1",1.3990884666666665
"7EZM_3","7EZM","3",1.3990884666666665
"7F1Q_3","7F1Q","3",1.3990884666666665
"7F1R_3","7F1R","3",1.3990884666666665
"7F1S_1","7F1S","1",1.3990884666666665
"7F23_3","7F23","3",1.3990884666666665
"7F24_2","7F24","2",1.3990884666666665
"7F24_3","7F24","3",1.3990884666666665
"7F53_2","7F53","2",1.3990884666666665
"7F53_5","7F53","5",1.3990884666666665
"7F58_1","7F58","1",1.3990884666666665
"7F60_1","7F60","1",1.3990884666666665
"7F64_4","7F64","4",1.3990884666666665
"7F6G_3","7F6G","3",1.3990884666666665
"7F6G_4","7F6G","4",1.3990884666666665
"7F6H_4","7F6H","4",1.3990884666666665
"7F6I_4","7F6I","4",1.3990884666666665
"7F6J_1","7F6J","1",1.3990884666666665
"7F8W_2","7F8W","2",1.3990884666666665
"7F8W_6","7F8W","6",1.3990884666666665
"7F8X_1","7F8X","1",1.3990884666666665
"7F9Y_2","7F9Y","2",1.3990884666666665
"7F9Z_2","7F9Z","2",1.3990884666666665
"7FIG_6","7FIG","6",1.3990884666666665
"7FIH_5","7FIH","5",1.3990884666666665
"7FII_4","7FII","4",1.3990884666666665
"7FJI_10","7FJI","10",1.3990884666666665
"7FJJ_10","7FJJ","10",1.3990884666666665
"7FJJ_13","7FJJ","13",1.3990884666666665
"7FRW_1","7FRW","1",1.3990884666666665
"7FRY_1","7FRY","1",1.3990884666666665
"7FS1_1","7FS1","1",1.3990884666666665
"7FS3_1","7FS3","1",1.3990884666666665
"7FS8_1","7FS8","1",1.3990884666666665
"7FSD_1","7FSD","1",1.3990884666666665
"7FTF_1","7FTF","1",1.3990884666666665
"7FTG_1","7FTG","1",1.3990884666666665
"7FTL_1","7FTL","1",1.3990884666666665
"7FTM_1","7FTM","1",1.3990884666666665
"7FTN_1","7FTN","1",1.3990884666666665
"7FTO_1","7FTO","1",1.3990884666666665
"7FTS_1","7FTS","1",1.3990884666666665
"7FTT_1","7FTT","1",1.3990884666666665
"7FTV_1","7FTV","1",1.3990884666666665
"7FTW_1","7FTW","1",1.3990884666666665
"7FTX_1","7FTX","1",1.3990884666666665
"7FU6_1","7FU6","1",1.3990884666666665
"7FU8_1","7FU8","1",1.3990884666666665
"7FUA_1","7FUA","1",1.3990884666666665
"7FUE_1","7FUE","1",1.3990884666666665
"7FUG_1","7FUG","1",1.3990884666666665
"7FUK_1","7FUK","1",1.3990884666666665
"7GQT_1","7GQT","1",1.3990884666666665
"7I91_1","7I91","1",1.3990884666666665
"7I92_1","7I92","1",1.3990884666666665
"7I9F_1","7I9F","1",1.3990884666666665
"7I9G_1","7I9G","1",1.3990884666666665
"7JHP_2","7JHP","2",1.3990884666666665
"7JL1_4","7JL1","4",1.3990884666666665
"7JLQ_1","7JLQ","1",1.3990884666666665
"7JNI_1","7JNI","1",1.3990884666666665
"7JOZ_2","7JOZ","2",1.3990884666666665
"7JPO_3","7JPO","3",1.3990884666666665
"7JPS_3","7JPS","3",1.3990884666666665
"7JQ9_1","7JQ9","1",1.3990884666666665
"7JR7_2","7JR7","2",1.3990884666666665
"7JVP_1","7JVP","1",1.3990884666666665
"7JVQ_1","7JVQ","1",1.3990884666666665
"7JWU_1","7JWU","1",1.3990884666666665
"7K0I_1","7K0I","1",1.3990884666666665
"7K0I_2","7K0I","2",1.3990884666666665
"7K0K_1","7K0K","1",1.3990884666666665
"7K0L_2","7K0L","2",1.3990884666666665
"7K0O_1","7K0O","1",1.3990884666666665
"7K10_1","7K10","1",1.3990884666666665
"7K11_1","7K11","1",1.3990884666666665
"7K1J_1","7K1J","1",1.3990884666666665
"7K4C_1","7K4C","1",1.3990884666666665
"7K4F_1","7K4F","1",1.3990884666666665
"7K7Z_2","7K7Z","2",1.3990884666666665
"7KD6_1","7KD6","1",1.3990884666666665
"7KD6_4","7KD6","4",1.3990884666666665
"7KEZ_3","7KEZ","3",1.3990884666666665
"7KH8_1","7KH8","1",1.3990884666666665
"7KHG_1","7KHG","1",1.3990884666666665
"7KHK_1","7KHK","1",1.3990884666666665
"7KHM_1","7KHM","1",1.3990884666666665
"7KI0_2","7KI0","2",1.3990884666666665
"7KI1_2","7KI1","2",1.3990884666666665
"7KMF_2","7KMF","2",1.3990884666666665
"7KOO_1","7KOO","1",1.3990884666666665
"7KP7_2","7KP7","2",1.3990884666666665
"7KP8_2","7KP8","2",1.3990884666666665
"7KRJ_2","7KRJ","2",1.3990884666666665
"7KSO_6","7KSO","6",1.3990884666666665
"7KSS_1","7KSS","1",1.3990884666666665
"7KST_1","7KST","1",1.3990884666666665
"7KSU_1","7KSU","1",1.3990884666666665
"7KSV_1","7KSV","1",1.3990884666666665
"7KSX_1","7KSX","1",1.3990884666666665
"7KSY_1","7KSY","1",1.3990884666666665
"7KT0_1","7KT0","1",1.3990884666666665
"7KT4_1","7KT4","1",1.3990884666666665
"7KT9_1","7KT9","1",1.3990884666666665
"7KTB_1","7KTB","1",1.3990884666666665
"7KTG_1","7KTG","1",1.3990884666666665
"7KTJ_1","7KTJ","1",1.3990884666666665
"7KTN_1","7KTN","1",1.3990884666666665
"7KTR_1","7KTR","1",1.3990884666666665
"7KTR_6","7KTR","6",1.3990884666666665
"7KX0_2","7KX0","2",1.3990884666666665
"7KZP_3","7KZP","3",1.3990884666666665
"7KZQ_1","7KZQ","1",1.3990884666666665
"7KZQ_8","7KZQ","8",1.3990884666666665
"7KZR_1","7KZR","1",1.3990884666666665
"7KZR_10","7KZR","10",1.3990884666666665
"7KZR_4","7KZR","4",1.3990884666666665
"7KZR_8","7KZR","8",1.3990884666666665
"7KZS_11","7KZS","11",1.3990884666666665
"7KZS_2","7KZS","2",1.3990884666666665
"7KZS_4","7KZS","4",1.3990884666666665
"7KZT_1","7KZT","1",1.3990884666666665
"7KZT_3","7KZT","3",1.3990884666666665
"7KZV_4","7KZV","4",1.3990884666666665
"7L08_54","7L08","54",1.3990884666666665
"7L0Q_4","7L0Q","4",1.3990884666666665
"7L1U_2","7L1U","2",1.3990884666666665
"7L1V_5","7L1V","5",1.3990884666666665
"7L3L_1","7L3L","1",1.3990884666666665
"7L69_1","7L69","1",1.3990884666666665
"7L70_1","7L70","1",1.3990884666666665
"7L7I_1","7L7I","1",1.3990884666666665
"7L7I_2","7L7I","2",1.3990884666666665
"7L7I_3","7L7I","3",1.3990884666666665
"7L7J_1","7L7J","1",1.3990884666666665
"7LBM_1","7LBM","1",1.3990884666666665
"7LD3_3","7LD3","3",1.3990884666666665
"7LEN_1","7LEN","1",1.3990884666666665
"7LHW_1","7LHW","1",1.3990884666666665
"7LL9_1","7LL9","1",1.3990884666666665
"7LLL_2","7LLL","2",1.3990884666666665
"7LLY_2","7LLY","2",1.3990884666666665
"7LRD_1","7LRD","1",1.3990884666666665
"7LUM_6","7LUM","6",1.3990884666666665
"7LUP_6","7LUP","6",1.3990884666666665
"7LXB_1","7LXB","1",1.3990884666666665
"7LXV_14","7LXV","14",1.3990884666666665
"7M18_2","7M18","2",1.3990884666666665
"7M3Y_1","7M3Y","1",1.3990884666666665
"7M3Z_1","7M3Z","1",1.3990884666666665
"7M41_1","7M41","1",1.3990884666666665
"7M4M_1","7M4M","1",1.3990884666666665
"7M6J_1","7M6J","1",1.3990884666666665
"7M7L_1","7M7L","1",1.3990884666666665
"7M7N_1","7M7N","1",1.3990884666666665
"7M7Q_1","7M7Q","1",1.3990884666666665
"7M7R_1","7M7R","1",1.3990884666666665
"7M7Y_1","7M7Y","1",1.3990884666666665
"7M81_1","7M81","1",1.3990884666666665
"7M82_1","7M82","1",1.3990884666666665
"7M85_1","7M85","1",1.3990884666666665
"7M89_1","7M89","1",1.3990884666666665
"7MBM_1","7MBM","1",1.3990884666666665
"7MBN_1","7MBN","1",1.3990884666666665
"7MBN_2","7MBN","2",1.3990884666666665
"7MFD_1","7MFD","1",1.3990884666666665
"7MFE_1","7MFE","1",1.3990884666666665
"7MFF_2","7MFF","2",1.3990884666666665
"7MJC_1","7MJC","1",1.3990884666666665
"7MN5_1","7MN5","1",1.3990884666666665
"7MN6_2","7MN6","2",1.3990884666666665
"7MN8_1","7MN8","1",1.3990884666666665
"7MNV_2","7MNV","2",1.3990884666666665
"7MQ8_47","7MQ8","47",1.3990884666666665
"7MQ8_9","7MQ8","9",1.3990884666666665
"7MQ9_22","7MQ9","22",1.3990884666666665
"7MQ9_35","7MQ9","35",1.3990884666666665
"7MQA_20","7MQA","20",1.3990884666666665
"7MQA_25","7MQA","25",1.3990884666666665
"7MQA_27","7MQA","27",1.3990884666666665
"7MQA_63","7MQA","63",1.3990884666666665
"7MQA_9","7MQA","9",1.3990884666666665
"7MQO_1","7MQO","1",1.3990884666666665
"7MWD_1","7MWD","1",1.3990884666666665
"7MX1_1","7MX1","1",1.3990884666666665
"7MXO_1","7MXO","1",1.3990884666666665
"7N3N_1","7N3N","1",1.3990884666666665
"7N4V_1","7N4V","1",1.3990884666666665
"7N8K_1","7N8K","1",1.3990884666666665
"7NAO_14","7NAO","14",1.3990884666666665
"7NAP_7","7NAP","7",1.3990884666666665
"7NAQ_14","7NAQ","14",1.3990884666666665
"7NAQ_15","7NAQ","15",1.3990884666666665
"7NAQ_8","7NAQ","8",1.3990884666666665
"7NHH_1","7NHH","1",1.3990884666666665
"7NHI_1","7NHI","1",1.3990884666666665
"7NHT_8","7NHT","8",1.3990884666666665
"7NHV_1","7NHV","1",1.3990884666666665
"7NI5_1","7NI5","1",1.3990884666666665
"7NI7_1","7NI7","1",1.3990884666666665
"7NI8_1","7NI8","1",1.3990884666666665
"7NJ0_1","7NJ0","1",1.3990884666666665
"7NJ1_2","7NJ1","2",1.3990884666666665
"7NOZ_3","7NOZ","3",1.3990884666666665
"7NQ4_2","7NQ4","2",1.3990884666666665
"7NSC_1","7NSC","1",1.3990884666666665
"7NSC_2","7NSC","2",1.3990884666666665
"7NVM_8","7NVM","8",1.3990884666666665
"7NVR_7","7NVR","7",1.3990884666666665
"7NXK_2","7NXK","2",1.3990884666666665
"7NYD_3","7NYD","3",1.3990884666666665
"7O08_1","7O08","1",1.3990884666666665
"7O09_1","7O09","1",1.3990884666666665
"7O0L_2","7O0L","2",1.3990884666666665
"7O0P_1","7O0P","1",1.3990884666666665
"7O27_1","7O27","1",1.3990884666666665
"7O7F_3","7O7F","3",1.3990884666666665
"7O9K_13","7O9K","13",1.3990884666666665
"7O9K_15","7O9K","15",1.3990884666666665
"7O9K_58","7O9K","58",1.3990884666666665
"7OAT_3","7OAT","3",1.3990884666666665
"7OBM_1","7OBM","1",1.3990884666666665
"7ODR_4","7ODR","4",1.3990884666666665
"7ODR_57","7ODR","57",1.3990884666666665
"7ODS_5","7ODS","5",1.3990884666666665
"7ODT_5","7ODT","5",1.3990884666666665
"7ODT_58","7ODT","58",1.3990884666666665
"7OED_1","7OED","1",1.3990884666666665
"7OEM_1","7OEM","1",1.3990884666666665
"7OF0_38","7OF0","38",1.3990884666666665
"7OF2_37","7OF2","37",1.3990884666666665
"7OF3_13","7OF3","13",1.3990884666666665
"7OG4_20","7OG4","20",1.3990884666666665
"7OG4_26","7OG4","26",1.3990884666666665
"7OG4_67","7OG4","67",1.3990884666666665
"7OIA_49","7OIA","49",1.3990884666666665
"7OIB_33","7OIB","33",1.3990884666666665
"7OIC_56","7OIC","56",1.3990884666666665
"7OIC_57","7OIC","57",1.3990884666666665
"7OIX_1","7OIX","1",1.3990884666666665
"7OKQ_2","7OKQ","2",1.3990884666666665
"7OM4_1","7OM4","1",1.3990884666666665
"7ONB_3","7ONB","3",1.3990884666666665
"7ONI_3","7ONI","3",1.3990884666666665
"7OPC_23","7OPC","23",1.3990884666666665
"7OPC_25","7OPC","25",1.3990884666666665
"7OPD_23","7OPD","23",1.3990884666666665
"7OPI_3","7OPI","3",1.3990884666666665
"7OPL_3","7OPL","3",1.3990884666666665
"7OQP_1","7OQP","1",1.3990884666666665
"7OTM_1","7OTM","1",1.3990884666666665
"7OTW_1","7OTW","1",1.3990884666666665
"7OUG_2","7OUG","2",1.3990884666666665
"7P00_5","7P00","5",1.3990884666666665
"7P02_2","7P02","2",1.3990884666666665
"7P02_5","7P02","5",1.3990884666666665
"7P2E_10","7P2E","10",1.3990884666666665
"7P2E_4","7P2E","4",1.3990884666666665
"7P5C_1","7P5C","1",1.3990884666666665
"7P6R_1","7P6R","1",1.3990884666666665
"7P6S_1","7P6S","1",1.3990884666666665
"7PD3_57","7PD3","57",1.3990884666666665
"7PD3_58","7PD3","58",1.3990884666666665
"7PEB_1","7PEB","1",1.3990884666666665
"7PFO_3","7PFO","3",1.3990884666666665
"7PFO_6","7PFO","6",1.3990884666666665
"7PGN_1","7PGN","1",1.3990884666666665
"7PHH_1","7PHH","1",1.3990884666666665
"7PKS_19","7PKS","19",1.3990884666666665
"7PKS_22","7PKS","22",1.3990884666666665
"7PLO_3","7PLO","3",1.3990884666666665
"7PLO_5","7PLO","5",1.3990884666666665
"7PO0_4","7PO0","4",1.3990884666666665
"7PO1_10","7PO1","10",1.3990884666666665
"7PO2_10","7PO2","10",1.3990884666666665
"7PO2_4","7PO2","4",1.3990884666666665
"7PO3_4","7PO3","4",1.3990884666666665
"7PPA_1","7PPA","1",1.3990884666666665
"7PPA_2","7PPA","2",1.3990884666666665
"7PPC_2","7PPC","2",1.3990884666666665
"7PQT_1","7PQT","1",1.3990884666666665
"7PQU_1","7PQU","1",1.3990884666666665
"7PW5_2","7PW5","2",1.3990884666666665
"7PW6_1","7PW6","1",1.3990884666666665
"7PW8_2","7PW8","2",1.3990884666666665
"7PZC_1","7PZC","1",1.3990884666666665
"7PZR_1","7PZR","1",1.3990884666666665
"7Q1M_1","7Q1M","1",1.3990884666666665
"7Q1N_1","7Q1N","1",1.3990884666666665
"7Q3L_7","7Q3L","7",1.3990884666666665
"7Q3L_8","7Q3L","8",1.3990884666666665
"7Q3N_1","7Q3N","1",1.3990884666666665
"7Q3Z_1","7Q3Z","1",1.3990884666666665
"7Q4O_4","7Q4O","4",1.3990884666666665
"7Q4P_4","7Q4P","4",1.3990884666666665
"7Q62_1","7Q62","1",1.3990884666666665
"7QCU_1","7QCU","1",1.3990884666666665
"7QDN_1","7QDN","1",1.3990884666666665
"7QDP_2","7QDP","2",1.3990884666666665
"7QDS_2","7QDS","2",1.3990884666666665
"7QDT_1","7QDT","1",1.3990884666666665
"7QFE_1","7QFE","1",1.3990884666666665
"7QH7_31","7QH7","31",1.3990884666666665
"7QHE_1","7QHE","1",1.3990884666666665
"7QI6_10","7QI6","10",1.3990884666666665
"7QJ2_6","7QJ2","6",1.3990884666666665
"7QJ4_3","7QJ4","3",1.3990884666666665
"7QJ5_4","7QJ5","4",1.3990884666666665
"7QJ5_7","7QJ5","7",1.3990884666666665
"7QJ6_3","7QJ6","3",1.3990884666666665
"7QJ7_1","7QJ7","1",1.3990884666666665
"7QJ8_1","7QJ8","1",1.3990884666666665
"7QJ9_7","7QJ9","7",1.3990884666666665
"7QJA_2","7QJA","2",1.3990884666666665
"7QJA_6","7QJA","6",1.3990884666666665
"7QJB_3","7QJB","3",1.3990884666666665
"7QJD_6","7QJD","6",1.3990884666666665
"7QJE_3","7QJE","3",1.3990884666666665
"7QK8_1","7QK8","1",1.3990884666666665
"7QN5_2","7QN5","2",1.3990884666666665
"7QN8_1","7QN8","1",1.3990884666666665
"7QN9_2","7QN9","2",1.3990884666666665
"7QNA_2","7QNA","2",1.3990884666666665
"7QNB_1","7QNB","1",1.3990884666666665
"7QOO_3","7QOO","3",1.3990884666666665
"7QP6_26","7QP6","26",1.3990884666666665
"7QP6_52","7QP6","52",1.3990884666666665
"7QP7_40","7QP7","40",1.3990884666666665
"7QP7_50","7QP7","50",1.3990884666666665
"7QQ6_1","7QQ6","1",1.3990884666666665
"7QQD_1","7QQD","1",1.3990884666666665
"7QTT_15","7QTT","15",1.3990884666666665
"7QVM_2","7QVM","2",1.3990884666666665
"7QVP_60","7QVP","60",1.3990884666666665
"7QVP_84","7QVP","84",1.3990884666666665
"7QWK_1","7QWK","1",1.3990884666666665
"7QXN_26","7QXN","26",1.3990884666666665
"7QXU_1","7QXU","1",1.3990884666666665
"7QXU_19","7QXU","19",1.3990884666666665
"7QXU_26","7QXU","26",1.3990884666666665
"7QXW_19","7QXW","19",1.3990884666666665
"7QXW_26","7QXW","26",1.3990884666666665
"7QXW_3","7QXW","3",1.3990884666666665
"7QXX_26","7QXX","26",1.3990884666666665
"7QXX_27","7QXX","27",1.3990884666666665
"7QY7_27","7QY7","27",1.3990884666666665
"7QY7_7","7QY7","7",1.3990884666666665
"7QY7_9","7QY7","9",1.3990884666666665
"7QYA_26","7QYA","26",1.3990884666666665
"7QYA_7","7QYA","7",1.3990884666666665
"7QYA_9","7QYA","9",1.3990884666666665
"7R5V_2","7R5V","2",1.3990884666666665
"7R5V_5","7R5V","5",1.3990884666666665
"7RAD_1","7RAD","1",1.3990884666666665
"7RGP_2","7RGP","2",1.3990884666666665
"7RHS_2","7RHS","2",1.3990884666666665
"7RKM_2","7RKM","2",1.3990884666666665
"7RLO_3","7RLO","3",1.3990884666666665
"7RUG_1","7RUG","1",1.3990884666666665
"7RY1_1","7RY1","1",1.3990884666666665
"7RZI_2","7RZI","2",1.3990884666666665
"7S0Q_1","7S0Q","1",1.3990884666666665
"7S5Z_2","7S5Z","2",1.3990884666666665
"7S61_2","7S61","2",1.3990884666666665
"7S8C_1","7S8C","1",1.3990884666666665
"7S8O_3","7S8O","3",1.3990884666666665
"7S8V_2","7S8V","2",1.3990884666666665
"7SBF_2","7SBF","2",1.3990884666666665
"7SCT_2","7SCT","2",1.3990884666666665
"7SGL_1","7SGL","1",1.3990884666666665
"7SGL_4","7SGL","4",1.3990884666666665
"7SID_1","7SID","1",1.3990884666666665
"7SIL_1","7SIL","1",1.3990884666666665
"7SIN_1","7SIN","1",1.3990884666666665
"7SJ7_1","7SJ7","1",1.3990884666666665
"7SJ9_1","7SJ9","1",1.3990884666666665
"7SK3_1","7SK3","1",1.3990884666666665
"7SK4_1","7SK4","1",1.3990884666666665
"7SL2_3","7SL2","3",1.3990884666666665
"7SL3_3","7SL3","3",1.3990884666666665
"7SL4_3","7SL4","3",1.3990884666666665
"7SL7_3","7SL7","3",1.3990884666666665
"7SMD_1","7SMD","1",1.3990884666666665
"7SMF_1","7SMF","1",1.3990884666666665
"7SN2_3","7SN2","3",1.3990884666666665
"7SQK_7","7SQK","7",1.3990884666666665
"7SS1_1","7SS1","1",1.3990884666666665
"7SSV_1","7SSV","1",1.3990884666666665
"7STX_2","7STX","2",1.3990884666666665
"7SU3_1","7SU3","1",1.3990884666666665
"7SUD_1","7SUD","1",1.3990884666666665
"7SX3_1","7SX3","1",1.3990884666666665
"7SYD_1","7SYD","1",1.3990884666666665
"7SZ1_1","7SZ1","1",1.3990884666666665
"7T0Y_1","7T0Y","1",1.3990884666666665
"7T10_3","7T10","3",1.3990884666666665
"7T3A_6","7T3A","6",1.3990884666666665
"7T3B_8","7T3B","8",1.3990884666666665
"7T3C_11","7T3C","11",1.3990884666666665
"7T6B_2","7T6B","2",1.3990884666666665
"7T6B_5","7T6B","5",1.3990884666666665
"7T90_3","7T90","3",1.3990884666666665
"7T96_3","7T96","3",1.3990884666666665
"7T9I_1","7T9I","1",1.3990884666666665
"7T9N_6","7T9N","6",1.3990884666666665
"7TBY_1","7TBY","1",1.3990884666666665
"7TD2_1","7TD2","1",1.3990884666666665
"7TD4_4","7TD4","4",1.3990884666666665
"7TDM_1","7TDM","1",1.3990884666666665
"7TDN_1","7TDN","1",1.3990884666666665
"7TDT_1","7TDT","1",1.3990884666666665
"7TJ8_1","7TJ8","1",1.3990884666666665
"7TMW_1","7TMW","1",1.3990884666666665
"7TQG_2","7TQG","2",1.3990884666666665
"7TRJ_3","7TRJ","3",1.3990884666666665
"7TRL_1","7TRL","1",1.3990884666666665
"7TRQ_2","7TRQ","2",1.3990884666666665
"7TTI_1","7TTI","1",1.3990884666666665
"7TTZ_2","7TTZ","2",1.3990884666666665
"7TUS_1","7TUS","1",1.3990884666666665
"7TVZ_2","7TVZ","2",1.3990884666666665
"7TYF_2","7TYF","2",1.3990884666666665
"7TYH_2","7TYH","2",1.3990884666666665
"7TYI_2","7TYI","2",1.3990884666666665
"7TYR_2","7TYR","2",1.3990884666666665
"7TYY_5","7TYY","5",1.3990884666666665
"7TZO_1","7TZO","1",1.3990884666666665
"7U23_1","7U23","1",1.3990884666666665
"7U2K_1","7U2K","1",1.3990884666666665
"7U2L_2","7U2L","2",1.3990884666666665
"7U4T_1","7U4T","1",1.3990884666666665
"7U4T_5","7U4T","5",1.3990884666666665
"7U4T_6","7U4T","6",1.3990884666666665
"7U5C_3","7U5C","3",1.3990884666666665
"7U5O_2","7U5O","2",1.3990884666666665
"7U5P_2","7U5P","2",1.3990884666666665
"7U6E_3","7U6E","3",1.3990884666666665
"7U74_1","7U74","1",1.3990884666666665
"7U7A_1","7U7A","1",1.3990884666666665
"7U7C_1","7U7C","1",1.3990884666666665
"7U7J_1","7U7J","1",1.3990884666666665
"7U7T_1","7U7T","1",1.3990884666666665
"7U7U_1","7U7U","1",1.3990884666666665
"7U7W_1","7U7W","1",1.3990884666666665
"7U7X_1","7U7X","1",1.3990884666666665
"7U80_1","7U80","1",1.3990884666666665
"7U82_1","7U82","1",1.3990884666666665
"7U9S_1","7U9S","1",1.3990884666666665
"7U9X_1","7U9X","1",1.3990884666666665
"7U9Y_1","7U9Y","1",1.3990884666666665
"7UA3_1","7UA3","1",1.3990884666666665
"7UA9_2","7UA9","2",1.3990884666666665
"7UAD_1","7UAD","1",1.3990884666666665
"7UBT_1","7UBT","1",1.3990884666666665
"7UC6_1","7UC6","1",1.3990884666666665
"7UFG_1","7UFG","1",1.3990884666666665
"7UFG_2","7UFG","2",1.3990884666666665
"7UFV_1","7UFV","1",1.3990884666666665
"7UKG_1","7UKG","1",1.3990884666666665
"7UKH_1","7UKH","1",1.3990884666666665
"7UL0_3","7UL0","3",1.3990884666666665
"7ULU_1","7ULU","1",1.3990884666666665
"7ULV_1","7ULV","1",1.3990884666666665
"7UM5_1","7UM5","1",1.3990884666666665
"7UN3_1","7UN3","1",1.3990884666666665
"7UNF_1","7UNF","1",1.3990884666666665
"7UNG_12","7UNG","12",1.3990884666666665
"7UNG_19","7UNG","19",1.3990884666666665
"7UVO_2","7UVO","2",1.3990884666666665
"7UW6_1","7UW6","1",1.3990884666666665
"7UWL_3","7UWL","3",1.3990884666666665
"7UWM_2","7UWM","2",1.3990884666666665
"7UX3_7","7UX3","7",1.3990884666666665
"7UXC_6","7UXC","6",1.3990884666666665
"7UYR_1","7UYR","1",1.3990884666666665
"7V0Q_1","7V0Q","1",1.3990884666666665
"7V5G_8","7V5G","8",1.3990884666666665
"7V5M_1","7V5M","1",1.3990884666666665
"7VBC_7","7VBC","7",1.3990884666666665
"7VGH_2","7VGH","2",1.3990884666666665
"7VKT_3","7VKT","3",1.3990884666666665
"7VL9_2","7VL9","2",1.3990884666666665
"7VLA_2","7VLA","2",1.3990884666666665
"7VLK_4","7VLK","4",1.3990884666666665
"7VLK_5","7VLK","5",1.3990884666666665
"7VPH_1","7VPH","1",1.3990884666666665
"7VSH_1","7VSH","1",1.3990884666666665
"7VUJ_2","7VUJ","2",1.3990884666666665
"7VX4_1","7VX4","1",1.3990884666666665
"7VX5_1","7VX5","1",1.3990884666666665
"7VXK_2","7VXK","2",1.3990884666666665
"7VXM_2","7VXM","2",1.3990884666666665
"7W01_1","7W01","1",1.3990884666666665
"7W0M_4","7W0M","4",1.3990884666666665
"7W0N_4","7W0N","4",1.3990884666666665
"7W2Z_5","7W2Z","5",1.3990884666666665
"7W37_23","7W37","23",1.3990884666666665
"7W38_13","7W38","13",1.3990884666666665
"7W39_15","7W39","15",1.3990884666666665
"7W3B_14","7W3B","14",1.3990884666666665
"7W3C_15","7W3C","15",1.3990884666666665
"7W3C_21","7W3C","21",1.3990884666666665
"7W3C_7","7W3C","7",1.3990884666666665
"7W3F_33","7W3F","33",1.3990884666666665
"7W3G_7","7W3G","7",1.3990884666666665
"7W3H_34","7W3H","34",1.3990884666666665
"7W3H_7","7W3H","7",1.3990884666666665
"7W3I_23","7W3I","23",1.3990884666666665
"7W3I_25","7W3I","25",1.3990884666666665
"7W3J_11","7W3J","11",1.3990884666666665
"7W3K_12","7W3K","12",1.3990884666666665
"7W3K_24","7W3K","24",1.3990884666666665
"7W3M_14","7W3M","14",1.3990884666666665
"7W3M_21","7W3M","21",1.3990884666666665
"7W3Y_1","7W3Y","1",1.3990884666666665
"7W40_3","7W40","3",1.3990884666666665
"7W53_2","7W53","2",1.3990884666666665
"7W57_2","7W57","2",1.3990884666666665
"7W59_25","7W59","25",1.3990884666666665
"7W59_3","7W59","3",1.3990884666666665
"7W5B_15","7W5B","15",1.3990884666666665
"7W5B_5","7W5B","5",1.3990884666666665
"7W68_3","7W68","3",1.3990884666666665
"7W68_5","7W68","5",1.3990884666666665
"7W6S_1","7W6S","1",1.3990884666666665
"7W6S_2","7W6S","2",1.3990884666666665
"7W6T_2","7W6T","2",1.3990884666666665
"7W98_2","7W98","2",1.3990884666666665
"7W9B_2","7W9B","2",1.3990884666666665
"7W9P_1","7W9P","1",1.3990884666666665
"7W9V_7","7W9V","7",1.3990884666666665
"7WEL_1","7WEL","1",1.3990884666666665
"7WF3_3","7WF3","3",1.3990884666666665
"7WGE_1","7WGE","1",1.3990884666666665
"7WJI_2","7WJI","2",1.3990884666666665
"7WJI_4","7WJI","4",1.3990884666666665
"7WK4_1","7WK4","1",1.3990884666666665
"7WLI_1","7WLI","1",1.3990884666666665
"7WLK_1","7WLK","1",1.3990884666666665
"7WLL_1","7WLL","1",1.3990884666666665
"7WMJ_1","7WMJ","1",1.3990884666666665
"7WOK_1","7WOK","1",1.3990884666666665
"7WQ4_1","7WQ4","1",1.3990884666666665
"7WR1_1","7WR1","1",1.3990884666666665
"7WR5_3","7WR5","3",1.3990884666666665
"7WT0_1","7WT0","1",1.3990884666666665
"7WT2_1","7WT2","1",1.3990884666666665
"7WTI_3","7WTI","3",1.3990884666666665
"7WTU_32","7WTU","32",1.3990884666666665
"7WTZ_11","7WTZ","11",1.3990884666666665
"7WU0_11","7WU0","11",1.3990884666666665
"7WU2_2","7WU2","2",1.3990884666666665
"7WU9_3","7WU9","3",1.3990884666666665
"7WUJ_2","7WUJ","2",1.3990884666666665
"7WVV_4","7WVV","4",1.3990884666666665
"7WWB_1","7WWB","1",1.3990884666666665
"7WXW_5","7WXW","5",1.3990884666666665
"7WY8_5","7WY8","5",1.3990884666666665
"7WZ4_3","7WZ4","3",1.3990884666666665
"7X0A_7","7X0A","7",1.3990884666666665
"7X2V_5","7X2V","5",1.3990884666666665
"7X3U_7","7X3U","7",1.3990884666666665
"7X5H_2","7X5H","2",1.3990884666666665
"7X5H_5","7X5H","5",1.3990884666666665
"7X9Y_2","7X9Y","2",1.3990884666666665
"7XA3_1","7XA3","1",1.3990884666666665
"7XBD_1","7XBD","1",1.3990884666666665
"7XF5_1","7XF5","1",1.3990884666666665
"7XJA_1","7XJA","1",1.3990884666666665
"7XJJ_2","7XJJ","2",1.3990884666666665
"7XK2_3","7XK2","3",1.3990884666666665
"7XK8_4","7XK8","4",1.3990884666666665
"7XK9_1","7XK9","1",1.3990884666666665
"7XKD_5","7XKD","5",1.3990884666666665
"7XKE_2","7XKE","2",1.3990884666666665
"7XKF_2","7XKF","2",1.3990884666666665
"7XM9_1","7XM9","1",1.3990884666666665
"7XMT_5","7XMT","5",1.3990884666666665
"7XOU_3","7XOU","3",1.3990884666666665
"7XOU_6","7XOU","6",1.3990884666666665
"7XOV_2","7XOV","2",1.3990884666666665
"7XOV_5","7XOV","5",1.3990884666666665
"7XOW_2","7XOW","2",1.3990884666666665
"7XP5_3","7XP5","3",1.3990884666666665
"7XSA_2","7XSA","2",1.3990884666666665
"7XT2_1","7XT2","1",1.3990884666666665
"7XT8_2","7XT8","2",1.3990884666666665
"7XTA_2","7XTA","2",1.3990884666666665
"7XTB_2","7XTB","2",1.3990884666666665
"7XTC_5","7XTC","5",1.3990884666666665
"7XTQ_2","7XTQ","2",1.3990884666666665
"7XUJ_1","7XUJ","1",1.3990884666666665
"7XVE_1","7XVE","1",1.3990884666666665
"7XW3_1","7XW3","1",1.3990884666666665
"7XW5_5","7XW5","5",1.3990884666666665
"7XW6_6","7XW6","6",1.3990884666666665
"7XWO_1","7XWO","1",1.3990884666666665
"7XXH_3","7XXH","3",1.3990884666666665
"7XXI_3","7XXI","3",1.3990884666666665
"7XY7_4","7XY7","4",1.3990884666666665
"7Y3G_5","7Y3G","5",1.3990884666666665
"7Y5K_3","7Y5K","3",1.3990884666666665
"7Y5N_2","7Y5N","2",1.3990884666666665
"7Y5U_5","7Y5U","5",1.3990884666666665
"7Y60_6","7Y60","6",1.3990884666666665
"7Y64_2","7Y64","2",1.3990884666666665
"7Y64_6","7Y64","6",1.3990884666666665
"7Y65_2","7Y65","2",1.3990884666666665
"7Y66_5","7Y66","5",1.3990884666666665
"7Y67_4","7Y67","4",1.3990884666666665
"7Y6N_3","7Y6N","3",1.3990884666666665
"7Y7Z_1","7Y7Z","1",1.3990884666666665
"7YAC_2","7YAC","2",1.3990884666666665
"7YAJ_1","7YAJ","1",1.3990884666666665
"7YAM_1","7YAM","1",1.3990884666666665
"7YBU_2","7YBU","2",1.3990884666666665
"7YCX_1","7YCX","1",1.3990884666666665
"7YCX_29","7YCX","29",1.3990884666666665
"7YCX_6","7YCX","6",1.3990884666666665
"7YDH_2","7YDH","2",1.3990884666666665
"7YDM_2","7YDM","2",1.3990884666666665
"7YFF_1","7YFF","1",1.3990884666666665
"7YFL_1","7YFL","1",1.3990884666666665
"7YFM_2","7YFM","2",1.3990884666666665
"7YFO_2","7YFO","2",1.3990884666666665
"7YFX_1","7YFX","1",1.3990884666666665
"7YHO_1","7YHO","1",1.3990884666666665
"7YHQ_1","7YHQ","1",1.3990884666666665
"7YIX_1","7YIX","1",1.3990884666666665
"7YJ1_1","7YJ1","1",1.3990884666666665
"7YJ2_1","7YJ2","1",1.3990884666666665
"7YJ2_5","7YJ2","5",1.3990884666666665
"7YJ4_7","7YJ4","7",1.3990884666666665
"7YMH_1","7YMH","1",1.3990884666666665
"7YNX_1","7YNX","1",1.3990884666666665
"7YO0_1","7YO0","1",1.3990884666666665
"7YO2_1","7YO2","1",1.3990884666666665
"7YO3_1","7YO3","1",1.3990884666666665
"7YO4_1","7YO4","1",1.3990884666666665
"7YO5_1","7YO5","1",1.3990884666666665
"7YP7_2","7YP7","2",1.3990884666666665
"7YQ4_3","7YQ4","3",1.3990884666666665
"7YRR_2","7YRR","2",1.3990884666666665
"7YS6_1","7YS6","1",1.3990884666666665
"7YU5_4","7YU5","4",1.3990884666666665
"7YXX_1","7YXX","1",1.3990884666666665
"7YXY_1","7YXY","1",1.3990884666666665
"7Z0X_2","7Z0X","2",1.3990884666666665
"7Z37_2","7Z37","2",1.3990884666666665
"7Z38_2","7Z38","2",1.3990884666666665
"7Z57_1","7Z57","1",1.3990884666666665
"7Z6S_1","7Z6S","1",1.3990884666666665
"7Z87_1","7Z87","1",1.3990884666666665
"7ZCW_1","7ZCW","1",1.3990884666666665
"7ZGJ_2","7ZGJ","2",1.3990884666666665
"7ZGO_1","7ZGO","1",1.3990884666666665
"7ZLY_1","7ZLY","1",1.3990884666666665
"7ZNL_2","7ZNL","2",1.3990884666666665
"7ZOT_1","7ZOT","1",1.3990884666666665
"7ZR5_1","7ZR5","1",1.3990884666666665
"7ZR5_3","7ZR5","3",1.3990884666666665
"7ZR6_1","7ZR6","1",1.3990884666666665
"7ZR6_3","7ZR6","3",1.3990884666666665
"7ZV9_2","7ZV9","2",1.3990884666666665
"7ZW1_2","7ZW1","2",1.3990884666666665
"7ZW8_1","7ZW8","1",1.3990884666666665
"8A43_1","8A43","1",1.3990884666666665
"8A7D_1","8A7D","1",1.3990884666666665
"8A9J_1","8A9J","1",1.3990884666666665
"8AFZ_2","8AFZ","2",1.3990884666666665
"8ANY_10","8ANY","10",1.3990884666666665
"8ANY_4","8ANY","4",1.3990884666666665
"8AZA_1","8AZA","1",1.3990884666666665
"8B0G_1","8B0G","1",1.3990884666666665
"8B3D_19","8B3D","19",1.3990884666666665
"8B4T_1","8B4T","1",1.3990884666666665
"8B5R_3","8B5R","3",1.3990884666666665
"8B9D_13","8B9D","13",1.3990884666666665
"8B9D_19","8B9D","19",1.3990884666666665
"8B9D_3","8B9D","3",1.3990884666666665
"8B9D_5","8B9D","5",1.3990884666666665
"8BB2_1","8BB2","1",1.3990884666666665
"8BBE_1","8BBE","1",1.3990884666666665
"8BBG_3","8BBG","3",1.3990884666666665
"8BBG_4","8BBG","4",1.3990884666666665
"8BDT_1","8BDT","1",1.3990884666666665
"8BH3_1","8BH3","1",1.3990884666666665
"8BHV_1","8BHV","1",1.3990884666666665
"8BPA_3","8BPA","3",1.3990884666666665
"8BPB_3","8BPB","3",1.3990884666666665
"8BPC_3","8BPC","3",1.3990884666666665
"8BU5_3","8BU5","3",1.3990884666666665
"8BU9_3","8BU9","3",1.3990884666666665
"8BUC_3","8BUC","3",1.3990884666666665
"8BUD_3","8BUD","3",1.3990884666666665
"8BUG_3","8BUG","3",1.3990884666666665
"8BUJ_3","8BUJ","3",1.3990884666666665
"8BUO_3","8BUO","3",1.3990884666666665
"8BUP_3","8BUP","3",1.3990884666666665
"8BUQ_3","8BUQ","3",1.3990884666666665
"8BUT_3","8BUT","3",1.3990884666666665
"8BVW_5","8BVW","5",1.3990884666666665
"8BWM_1","8BWM","1",1.3990884666666665
"8BWN_1","8BWN","1",1.3990884666666665
"8BZL_8","8BZL","8",1.3990884666666665
"8BZY_1","8BZY","1",1.3990884666666665
"8C03_1","8C03","1",1.3990884666666665
"8C3O_1","8C3O","1",1.3990884666666665
"8C6J_16","8C6J","16",1.3990884666666665
"8C6J_22","8C6J","22",1.3990884666666665
"8CAU_1","8CAU","1",1.3990884666666665
"8CB1_1","8CB1","1",1.3990884666666665
"8CGC_1","8CGC","1",1.3990884666666665
"8CH6_25","8CH6","25",1.3990884666666665
"8CH6_28","8CH6","28",1.3990884666666665
"8CI1_2","8CI1","2",1.3990884666666665
"8CIN_3","8CIN","3",1.3990884666666665
"8CK2_1","8CK2","1",1.3990884666666665
"8CLL_1","8CLL","1",1.3990884666666665
"8CMK_1","8CMK","1",1.3990884666666665
"8CN6_1","8CN6","1",1.3990884666666665
"8CRC_1","8CRC","1",1.3990884666666665
"8CRT_1","8CRT","1",1.3990884666666665
"8CSP_16","8CSP","16",1.3990884666666665
"8CSQ_11","8CSQ","11",1.3990884666666665
"8CSQ_16","8CSQ","16",1.3990884666666665
"8CSR_12","8CSR","12",1.3990884666666665
"8CSR_18","8CSR","18",1.3990884666666665
"8CSR_7","8CSR","7",1.3990884666666665
"8CST_6","8CST","6",1.3990884666666665
"8CTI_2","8CTI","2",1.3990884666666665
"8CUB_2","8CUB","2",1.3990884666666665
"8CVS_15","8CVS","15",1.3990884666666665
"8CVS_7","8CVS","7",1.3990884666666665
"8CVT_14","8CVT","14",1.3990884666666665
"8CXB_10","8CXB","10",1.3990884666666665
"8D0B_1","8D0B","1",1.3990884666666665
"8D0B_4","8D0B","4",1.3990884666666665
"8D37_1","8D37","1",1.3990884666666665
"8D45_1","8D45","1",1.3990884666666665
"8D4D_7","8D4D","7",1.3990884666666665
"8D4X_1","8D4X","1",1.3990884666666665
"8D50_4","8D50","4",1.3990884666666665
"8D53_6","8D53","6",1.3990884666666665
"8D7U_2","8D7U","2",1.3990884666666665
"8D7V_2","8D7V","2",1.3990884666666665
"8D7X_2","8D7X","2",1.3990884666666665
"8D7Z_2","8D7Z","2",1.3990884666666665
"8D96_2","8D96","2",1.3990884666666665
"8DC0_2","8DC0","2",1.3990884666666665
"8DGM_1","8DGM","1",1.3990884666666665
"8DGN_1","8DGN","1",1.3990884666666665
"8DGT_1","8DGT","1",1.3990884666666665
"8DHB_3","8DHB","3",1.3990884666666665
"8DHB_9","8DHB","9",1.3990884666666665
"8DKE_1","8DKE","1",1.3990884666666665
"8DKM_3","8DKM","3",1.3990884666666665
"8DL6_1","8DL6","1",1.3990884666666665
"8DL7_1","8DL7","1",1.3990884666666665
"8DMK_1","8DMK","1",1.3990884666666665
"8DNV_3","8DNV","3",1.3990884666666665
"8DNY_1","8DNY","1",1.3990884666666665
"8DO0_3","8DO0","3",1.3990884666666665
"8DO3_3","8DO3","3",1.3990884666666665
"8DPI_1","8DPI","1",1.3990884666666665
"8DPI_3","8DPI","3",1.3990884666666665
"8DPT_3","8DPT","3",1.3990884666666665
"8DPU_3","8DPU","3",1.3990884666666665
"8DSF_1","8DSF","1",1.3990884666666665
"8DSO_2","8DSO","2",1.3990884666666665
"8DWC_2","8DWC","2",1.3990884666666665
"8DWL_2","8DWL","2",1.3990884666666665
"8DYD_1","8DYD","1",1.3990884666666665
"8DZP_3","8DZP","3",1.3990884666666665
"8DZS_3","8DZS","3",1.3990884666666665
"8E05_1","8E05","1",1.3990884666666665
"8E3E_1","8E3E","1",1.3990884666666665
"8E3G_1","8E3G","1",1.3990884666666665
"8E3G_2","8E3G","2",1.3990884666666665
"8E3X_2","8E3X","2",1.3990884666666665
"8E3Y_2","8E3Y","2",1.3990884666666665
"8E3Z_2","8E3Z","2",1.3990884666666665
"8E86_1","8E86","1",1.3990884666666665
"8E8A_1","8E8A","1",1.3990884666666665
"8E8C_1","8E8C","1",1.3990884666666665
"8E8D_1","8E8D","1",1.3990884666666665
"8E8G_1","8E8G","1",1.3990884666666665
"8E8K_1","8E8K","1",1.3990884666666665
"8E93_1","8E93","1",1.3990884666666665
"8E93_2","8E93","2",1.3990884666666665
"8E94_1","8E94","1",1.3990884666666665
"8E94_2","8E94","2",1.3990884666666665
"8E96_2","8E96","2",1.3990884666666665
"8E97_1","8E97","1",1.3990884666666665
"8E98_1","8E98","1",1.3990884666666665
"8E9Y_3","8E9Y","3",1.3990884666666665
"8EB0_1","8EB0","1",1.3990884666666665
"8EBS_5","8EBS","5",1.3990884666666665
"8EBT_5","8EBT","5",1.3990884666666665
"8EBV_5","8EBV","5",1.3990884666666665
"8ECV_2","8ECV","2",1.3990884666666665
"8EEC_1","8EEC","1",1.3990884666666665
"8EG3_1","8EG3","1",1.3990884666666665
"8EHW_1","8EHW","1",1.3990884666666665
"8EII_1","8EII","1",1.3990884666666665
"8EIJ_1","8EIJ","1",1.3990884666666665
"8EIK_1","8EIK","1",1.3990884666666665
"8EM2_1","8EM2","1",1.3990884666666665
"8EMR_2","8EMR","2",1.3990884666666665
"8EMT_1","8EMT","1",1.3990884666666665
"8EMW_2","8EMW","2",1.3990884666666665
"8ENE_1","8ENE","1",1.3990884666666665
"8ENJ_1","8ENJ","1",1.3990884666666665
"8EOB_1","8EOB","1",1.3990884666666665
"8EQV_2","8EQV","2",1.3990884666666665
"8ESF_1","8ESF","1",1.3990884666666665
"8ESV_1","8ESV","1",1.3990884666666665
"8ESV_2","8ESV","2",1.3990884666666665
"8EU3_2","8EU3","2",1.3990884666666665
"8EV8_2","8EV8","2",1.3990884666666665
"8EV9_2","8EV9","2",1.3990884666666665
"8EW7_1","8EW7","1",1.3990884666666665
"8EWI_1","8EWI","1",1.3990884666666665
"8EY5_1","8EY5","1",1.3990884666666665
"8EYR_2","8EYR","2",1.3990884666666665
"8EYX_2","8EYX","2",1.3990884666666665
"8EYY_2","8EYY","2",1.3990884666666665
"8EZ0_2","8EZ0","2",1.3990884666666665
"8EZB_3","8EZB","3",1.3990884666666665
"8F0R_1","8F0R","1",1.3990884666666665
"8F1C_1","8F1C","1",1.3990884666666665
"8F1D_1","8F1D","1",1.3990884666666665
"8F1G_1","8F1G","1",1.3990884666666665
"8F2A_5","8F2A","5",1.3990884666666665
"8F2B_2","8F2B","2",1.3990884666666665
"8F76_4","8F76","4",1.3990884666666665
"8F8E_1","8F8E","1",1.3990884666666665
"8FFV_1","8FFV","1",1.3990884666666665
"8FFW_1","8FFW","1",1.3990884666666665
"8FGW_4","8FGW","4",1.3990884666666665
"8FGW_5","8FGW","5",1.3990884666666665
"8FH3_4","8FH3","4",1.3990884666666665
"8FJ2_2","8FJ2","2",1.3990884666666665
"8FJ3_2","8FJ3","2",1.3990884666666665
"8FKS_35","8FKS","35",1.3990884666666665
"8FKW_49","8FKW","49",1.3990884666666665
"8FKY_44","8FKY","44",1.3990884666666665
"8FL2_54","8FL2","54",1.3990884666666665
"8FL4_53","8FL4","53",1.3990884666666665
"8FL7_46","8FL7","46",1.3990884666666665
"8FL9_45","8FL9","45",1.3990884666666665
"8FOB_1","8FOB","1",1.3990884666666665
"8FU6_2","8FU6","2",1.3990884666666665
"8FVN_2","8FVN","2",1.3990884666666665
"8FVQ_2","8FVQ","2",1.3990884666666665
"8FVU_1","8FVU","1",1.3990884666666665
"8FVU_2","8FVU","2",1.3990884666666665
"8FW5_2","8FW5","2",1.3990884666666665
"8FXV_1","8FXV","1",1.3990884666666665
"8FY8_2","8FY8","2",1.3990884666666665
"8FYE_2","8FYE","2",1.3990884666666665
"8FYH_5","8FYH","5",1.3990884666666665
"8FYL_2","8FYL","2",1.3990884666666665
"8FYT_1","8FYT","1",1.3990884666666665
"8FYT_3","8FYT","3",1.3990884666666665
"8FYX_2","8FYX","2",1.3990884666666665
"8G0L_2","8G0L","2",1.3990884666666665
"8G1A_1","8G1A","1",1.3990884666666665
"8G2Y_2","8G2Y","2",1.3990884666666665
"8G3E_1","8G3E","1",1.3990884666666665
"8G4L_4","8G4L","4",1.3990884666666665
"8G59_5","8G59","5",1.3990884666666665
"8G5J_1","8G5J","1",1.3990884666666665
"8G5P_1","8G5P","1",1.3990884666666665
"8G5Y_36","8G5Y","36",1.3990884666666665
"8G61_15","8G61","15",1.3990884666666665
"8G61_39","8G61","39",1.3990884666666665
"8G66_2","8G66","2",1.3990884666666665
"8G7U_2","8G7U","2",1.3990884666666665
"8G7V_2","8G7V","2",1.3990884666666665
"8GAE_1","8GAE","1",1.3990884666666665
"8GCE_2","8GCE","2",1.3990884666666665
"8GDA_2","8GDA","2",1.3990884666666665
"8GDZ_4","8GDZ","4",1.3990884666666665
"8GE3_4","8GE3","4",1.3990884666666665
"8GE4_2","8GE4","2",1.3990884666666665
"8GEC_2","8GEC","2",1.3990884666666665
"8GEG_2","8GEG","2",1.3990884666666665
"8GEI_2","8GEI","2",1.3990884666666665
"8GFT_1","8GFT","1",1.3990884666666665
"8GFW_2","8GFW","2",1.3990884666666665
"8GFX_2","8GFX","2",1.3990884666666665
"8GFZ_4","8GFZ","4",1.3990884666666665
"8GG0_4","8GG0","4",1.3990884666666665
"8GG2_2","8GG2","2",1.3990884666666665
"8GG5_2","8GG5","2",1.3990884666666665
"8GG7_2","8GG7","2",1.3990884666666665
"8GG7_4","8GG7","4",1.3990884666666665
"8GG8_2","8GG8","2",1.3990884666666665
"8GGB_4","8GGB","4",1.3990884666666665
"8GGF_2","8GGF","2",1.3990884666666665
"8GGF_4","8GGF","4",1.3990884666666665
"8GGJ_1","8GGJ","1",1.3990884666666665
"8GGL_1","8GGL","1",1.3990884666666665
"8GGN_1","8GGN","1",1.3990884666666665
"8GGQ_1","8GGQ","1",1.3990884666666665
"8GGR_1","8GGR","1",1.3990884666666665
"8GGV_1","8GGV","1",1.3990884666666665
"8GGW_1","8GGW","1",1.3990884666666665
"8GH0_1","8GH0","1",1.3990884666666665
"8GH9_1","8GH9","1",1.3990884666666665
"8GHF_1","8GHF","1",1.3990884666666665
"8GLP_38","8GLP","38",1.3990884666666665
"8GNN_3","8GNN","3",1.3990884666666665
"8GOD_1","8GOD","1",1.3990884666666665
"8GOU_3","8GOU","3",1.3990884666666665
"8GQ6_1","8GQ6","1",1.3990884666666665
"8GQU_1","8GQU","1",1.3990884666666665
"8GRD_2","8GRD","2",1.3990884666666665
"8GRG_2","8GRG","2",1.3990884666666665
"8GRU_2","8GRU","2",1.3990884666666665
"8GS5_2","8GS5","2",1.3990884666666665
"8GS5_3","8GS5","3",1.3990884666666665
"8GS8_1","8GS8","1",1.3990884666666665
"8GUR_4","8GUR","4",1.3990884666666665
"8GUS_2","8GUS","2",1.3990884666666665
"8GUS_4","8GUS","4",1.3990884666666665
"8GUT_4","8GUT","4",1.3990884666666665
"8GX3_1","8GX3","1",1.3990884666666665
"8GXQ_41","8GXQ","41",1.3990884666666665
"8GXQ_70","8GXQ","70",1.3990884666666665
"8GXS_72","8GXS","72",1.3990884666666665
"8GY7_2","8GY7","2",1.3990884666666665
"8GYE_1","8GYE","1",1.3990884666666665
"8GZ1_2","8GZ1","2",1.3990884666666665
"8GZ3_2","8GZ3","2",1.3990884666666665
"8GZC_1","8GZC","1",1.3990884666666665
"8H0P_4","8H0P","4",1.3990884666666665
"8H33_1","8H33","1",1.3990884666666665
"8H34_2","8H34","2",1.3990884666666665
"8H36_2","8H36","2",1.3990884666666665
"8H37_3","8H37","3",1.3990884666666665
"8H3F_9","8H3F","9",1.3990884666666665
"8H6E_41","8H6E","41",1.3990884666666665
"8H6J_14","8H6J","14",1.3990884666666665
"8H6J_28","8H6J","28",1.3990884666666665
"8H6L_39","8H6L","39",1.3990884666666665
"8H6L_6","8H6L","6",1.3990884666666665
"8HAE_1","8HAE","1",1.3990884666666665
"8HAI_5","8HAI","5",1.3990884666666665
"8HAN_5","8HAN","5",1.3990884666666665
"8HBD_2","8HBD","2",1.3990884666666665
"8HBD_6","8HBD","6",1.3990884666666665
"8HCQ_2","8HCQ","2",1.3990884666666665
"8HCQ_6","8HCQ","6",1.3990884666666665
"8HDO_2","8HDO","2",1.3990884666666665
"8HDP_2","8HDP","2",1.3990884666666665
"8HDP_5","8HDP","5",1.3990884666666665
"8HGH_1","8HGH","1",1.3990884666666665
"8HGO_1","8HGO","1",1.3990884666666665
"8HGP_1","8HGP","1",1.3990884666666665
"8HGP_2","8HGP","2",1.3990884666666665
"8HIR_1","8HIR","1",1.3990884666666665
"8HIX_2","8HIX","2",1.3990884666666665
"8HJ1_2","8HJ1","2",1.3990884666666665
"8HK1_2","8HK1","2",1.3990884666666665
"8HK2_4","8HK2","4",1.3990884666666665
"8HK3_3","8HK3","3",1.3990884666666665
"8HKF_1","8HKF","1",1.3990884666666665
"8HKK_1","8HKK","1",1.3990884666666665
"8HL6_1","8HL6","1",1.3990884666666665
"8HLB_1","8HLB","1",1.3990884666666665
"8HMR_1","8HMR","1",1.3990884666666665
"8HN1_2","8HN1","2",1.3990884666666665
"8HPT_4","8HPT","4",1.3990884666666665
"8HQ1_1","8HQ1","1",1.3990884666666665
"8HQ2_1","8HQ2","1",1.3990884666666665
"8HQM_1","8HQM","1",1.3990884666666665
"8HQM_4","8HQM","4",1.3990884666666665
"8HSC_6","8HSC","6",1.3990884666666665
"8HTI_2","8HTI","2",1.3990884666666665
"8HUN_1","8HUN","1",1.3990884666666665
"8I0P_16","8I0P","16",1.3990884666666665
"8I0R_16","8I0R","16",1.3990884666666665
"8I0S_21","8I0S","21",1.3990884666666665
"8I0S_24","8I0S","24",1.3990884666666665
"8I0T_16","8I0T","16",1.3990884666666665
"8I0T_21","8I0T","21",1.3990884666666665
"8I0U_13","8I0U","13",1.3990884666666665
"8I0U_16","8I0U","16",1.3990884666666665
"8I0U_21","8I0U","21",1.3990884666666665
"8I0U_35","8I0U","35",1.3990884666666665
"8I0V_34","8I0V","34",1.3990884666666665
"8I0W_21","8I0W","21",1.3990884666666665
"8I0W_46","8I0W","46",1.3990884666666665
"8I1U_8","8I1U","8",1.3990884666666665
"8I2G_5","8I2G","5",1.3990884666666665
"8I2G_6","8I2G","6",1.3990884666666665
"8I5X_1","8I5X","1",1.3990884666666665
"8I5Y_1","8I5Y","1",1.3990884666666665
"8I7W_1","8I7W","1",1.3990884666666665
"8I9A_5","8I9A","5",1.3990884666666665
"8I9L_5","8I9L","5",1.3990884666666665
"8I9S_1","8I9S","1",1.3990884666666665
"8IA7_1","8IA7","1",1.3990884666666665
"8IB1_2","8IB1","2",1.3990884666666665
"8IBV_4","8IBV","4",1.3990884666666665
"8ID3_1","8ID3","1",1.3990884666666665
"8ID3_5","8ID3","5",1.3990884666666665
"8ID4_3","8ID4","3",1.3990884666666665
"8ID6_1","8ID6","1",1.3990884666666665
"8ID8_3","8ID8","3",1.3990884666666665
"8IDF_1","8IDF","1",1.3990884666666665
"8IDH_1","8IDH","1",1.3990884666666665
"8IDY_35","8IDY","35",1.3990884666666665
"8IEC_2","8IEC","2",1.3990884666666665
"8IED_3","8IED","3",1.3990884666666665
"8IEJ_9","8IEJ","9",1.3990884666666665
"8IFD_4","8IFD","4",1.3990884666666665
"8IHB_1","8IHB","1",1.3990884666666665
"8IJA_3","8IJA","3",1.3990884666666665
"8IJB_1","8IJB","1",1.3990884666666665
"8IJD_1","8IJD","1",1.3990884666666665
"8IJD_2","8IJD","2",1.3990884666666665
"8IKG_2","8IKG","2",1.3990884666666665
"8IKH_2","8IKH","2",1.3990884666666665
"8IKL_3","8IKL","3",1.3990884666666665
"8IMX_1","8IMX","1",1.3990884666666665
"8INF_2","8INF","2",1.3990884666666665
"8INR_1","8INR","1",1.3990884666666665
"8INR_4","8INR","4",1.3990884666666665
"8IOC_3","8IOC","3",1.3990884666666665
"8IQ4_3","8IQ4","3",1.3990884666666665
"8IQF_5","8IQF","5",1.3990884666666665
"8IQG_5","8IQG","5",1.3990884666666665
"8IR3_29","8IR3","29",1.3990884666666665
"8IRV_2","8IRV","2",1.3990884666666665
"8IRV_4","8IRV","4",1.3990884666666665
"8ITF_2","8ITF","2",1.3990884666666665
"8ITT_1","8ITT","1",1.3990884666666665
"8ITY_12","8ITY","12",1.3990884666666665
"8ITY_13","8ITY","13",1.3990884666666665
"8ITY_22","8ITY","22",1.3990884666666665
"8IU2_1","8IU2","1",1.3990884666666665
"8IU2_3","8IU2","3",1.3990884666666665
"8IUE_13","8IUE","13",1.3990884666666665
"8IUH_12","8IUH","12",1.3990884666666665
"8IW1_2","8IW1","2",1.3990884666666665
"8IWP_1","8IWP","1",1.3990884666666665
"8IWT_1","8IWT","1",1.3990884666666665
"8IWU_1","8IWU","1",1.3990884666666665
"8IXA_3","8IXA","3",1.3990884666666665
"8IXB_3","8IXB","3",1.3990884666666665
"8IXE_3","8IXE","3",1.3990884666666665
"8IXF_3","8IXF","3",1.3990884666666665
"8IYH_3","8IYH","3",1.3990884666666665
"8IYW_5","8IYW","5",1.3990884666666665
"8IZ4_2","8IZ4","2",1.3990884666666665
"8IZB_2","8IZB","2",1.3990884666666665
"8J01_1","8J01","1",1.3990884666666665
"8J03_1","8J03","1",1.3990884666666665
"8J07_104","8J07","104",1.3990884666666665
"8J07_24","8J07","24",1.3990884666666665
"8J07_31","8J07","31",1.3990884666666665
"8J07_5","8J07","5",1.3990884666666665
"8J07_62","8J07","62",1.3990884666666665
"8J18_2","8J18","2",1.3990884666666665
"8J19_3","8J19","3",1.3990884666666665
"8J1A_2","8J1A","2",1.3990884666666665
"8J21_1","8J21","1",1.3990884666666665
"8J23_3","8J23","3",1.3990884666666665
"8J24_1","8J24","1",1.3990884666666665
"8J2G_1","8J2G","1",1.3990884666666665
"8J2P_1","8J2P","1",1.3990884666666665
"8J4F_1","8J4F","1",1.3990884666666665
"8J6D_3","8J6D","3",1.3990884666666665
"8J6I_1","8J6I","1",1.3990884666666665
"8J6J_2","8J6J","2",1.3990884666666665
"8J6K_2","8J6K","2",1.3990884666666665
"8J6L_5","8J6L","5",1.3990884666666665
"8J6P_2","8J6P","2",1.3990884666666665
"8J6Q_5","8J6Q","5",1.3990884666666665
"8J6R_2","8J6R","2",1.3990884666666665
"8J6S_5","8J6S","5",1.3990884666666665
"8J8E_1","8J8E","1",1.3990884666666665
"8J99_2","8J99","2",1.3990884666666665
"8JAS_1","8JAS","1",1.3990884666666665
"8JAW_2","8JAW","2",1.3990884666666665
"8JBG_1","8JBG","1",1.3990884666666665
"8JBH_1","8JBH","1",1.3990884666666665
"8JCV_2","8JCV","2",1.3990884666666665
"8JD0_2","8JD0","2",1.3990884666666665
"8JD1_1","8JD1","1",1.3990884666666665
"8JD1_2","8JD1","2",1.3990884666666665
"8JD2_1","8JD2","1",1.3990884666666665
"8JD5_2","8JD5","2",1.3990884666666665
"8JDJ_6","8JDJ","6",1.3990884666666665
"8JDK_57","8JDK","57",1.3990884666666665
"8JDL_6","8JDL","6",1.3990884666666665
"8JDM_57","8JDM","57",1.3990884666666665
"8JEF_1","8JEF","1",1.3990884666666665
"8JEI_2","8JEI","2",1.3990884666666665
"8JEI_5","8JEI","5",1.3990884666666665
"8JER_2","8JER","2",1.3990884666666665
"8JFL_1","8JFL","1",1.3990884666666665
"8JHY_5","8JHY","5",1.3990884666666665
"8JIM_5","8JIM","5",1.3990884666666665
"8JJ0_1","8JJ0","1",1.3990884666666665
"8JJ2_1","8JJ2","1",1.3990884666666665
"8JJL_1","8JJL","1",1.3990884666666665
"8JJO_1","8JJO","1",1.3990884666666665
"8JL1_1","8JL1","1",1.3990884666666665
"8JL3_1","8JL3","1",1.3990884666666665
"8JLQ_2","8JLQ","2",1.3990884666666665
"8JLR_2","8JLR","2",1.3990884666666665
"8JLZ_2","8JLZ","2",1.3990884666666665
"8JLZ_5","8JLZ","5",1.3990884666666665
"8JNB_1","8JNB","1",1.3990884666666665
"8JOY_1","8JOY","1",1.3990884666666665
"8JPJ_1","8JPJ","1",1.3990884666666665
"8JPN_2","8JPN","2",1.3990884666666665
"8JPS_2","8JPS","2",1.3990884666666665
"8JR9_2","8JR9","2",1.3990884666666665
"8JRI_12","8JRI","12",1.3990884666666665
"8JRI_15","8JRI","15",1.3990884666666665
"8JRT_13","8JRT","13",1.3990884666666665
"8JSO_2","8JSO","2",1.3990884666666665
"8JT6_2","8JT6","2",1.3990884666666665
"8JTI_7","8JTI","7",1.3990884666666665
"8JXL_1","8JXL","1",1.3990884666666665
"8JXM_1","8JXM","1",1.3990884666666665
"8JXW_2","8JXW","2",1.3990884666666665
"8JZZ_5","8JZZ","5",1.3990884666666665
"8K1Y_1","8K1Y","1",1.3990884666666665
"8K2A_36","8K2A","36",1.3990884666666665
"8K2A_52","8K2A","52",1.3990884666666665
"8K2A_55","8K2A","55",1.3990884666666665
"8K2C_82","8K2C","82",1.3990884666666665
"8K4P_1","8K4P","1",1.3990884666666665
"8K4S_3","8K4S","3",1.3990884666666665
"8K5B_1","8K5B","1",1.3990884666666665
"8K6N_2","8K6N","2",1.3990884666666665
"8K8J_2","8K8J","2",1.3990884666666665
"8K9L_4","8K9L","4",1.3990884666666665
"8KB7_1","8KB7","1",1.3990884666666665
"8KBX_1","8KBX","1",1.3990884666666665
"8KBX_2","8KBX","2",1.3990884666666665
"8KCI_1","8KCI","1",1.3990884666666665
"8KFX_2","8KFX","2",1.3990884666666665
"8KFY_2","8KFY","2",1.3990884666666665
"8KFY_4","8KFY","4",1.3990884666666665
"8KFZ_3","8KFZ","3",1.3990884666666665
"8KH4_3","8KH4","3",1.3990884666666665
"8OES_2","8OES","2",1.3990884666666665
"8OG7_1","8OG7","1",1.3990884666666665
"8OGB_1","8OGB","1",1.3990884666666665
"8OGC_1","8OGC","1",1.3990884666666665
"8OIR_65","8OIR","65",1.3990884666666665
"8OIZ_2","8OIZ","2",1.3990884666666665
"8OJ8_9","8OJ8","9",1.3990884666666665
"8OJH_2","8OJH","2",1.3990884666666665
"8OKX_2","8OKX","2",1.3990884666666665
"8OL1_10","8OL1","10",1.3990884666666665
"8OL1_9","8OL1","9",1.3990884666666665
"8OM9_2","8OM9","2",1.3990884666666665
"8OMF_1","8OMF","1",1.3990884666666665
"8OMJ_1","8OMJ","1",1.3990884666666665
"8OMK_1","8OMK","1",1.3990884666666665
"8OMR_2","8OMR","2",1.3990884666666665
"8ONR_1","8ONR","1",1.3990884666666665
"8OO5_1","8OO5","1",1.3990884666666665
"8OOD_1","8OOD","1",1.3990884666666665
"8OPT_1","8OPT","1",1.3990884666666665
"8OR0_3","8OR0","3",1.3990884666666665
"8OR4_3","8OR4","3",1.3990884666666665
"8OR9_1","8OR9","1",1.3990884666666665
"8OST_1","8OST","1",1.3990884666666665
"8OUJ_1","8OUJ","1",1.3990884666666665
"8OV0_1","8OV0","1",1.3990884666666665
"8OXC_1","8OXC","1",1.3990884666666665
"8P6A_1","8P6A","1",1.3990884666666665
"8P83_1","8P83","1",1.3990884666666665
"8PI6_1","8PI6","1",1.3990884666666665
"8PJ1_41","8PJ1","41",1.3990884666666665
"8PJ1_53","8PJ1","53",1.3990884666666665
"8PJ2_51","8PJ2","51",1.3990884666666665
"8PJ5_42","8PJ5","42",1.3990884666666665
"8PJH_1","8PJH","1",1.3990884666666665
"8PJK_2","8PJK","2",1.3990884666666665
"8PK0_15","8PK0","15",1.3990884666666665
"8PKP_14","8PKP","14",1.3990884666666665
"8PKP_5","8PKP","5",1.3990884666666665
"8PM2_2","8PM2","2",1.3990884666666665
"8POK_1","8POK","1",1.3990884666666665
"8POK_3","8POK","3",1.3990884666666665
"8PPK_11","8PPK","11",1.3990884666666665
"8PPL_15","8PPL","15",1.3990884666666665
"8PQ9_1","8PQ9","1",1.3990884666666665
"8PQA_1","8PQA","1",1.3990884666666665
"8PQC_1","8PQC","1",1.3990884666666665
"8PQE_1","8PQE","1",1.3990884666666665
"8PQF_1","8PQF","1",1.3990884666666665
"8PTY_1","8PTY","1",1.3990884666666665
"8PVQ_1","8PVQ","1",1.3990884666666665
"8PW9_1","8PW9","1",1.3990884666666665
"8PWA_1","8PWA","1",1.3990884666666665
"8PWL_1","8PWL","1",1.3990884666666665
"8Q1S_1","8Q1S","1",1.3990884666666665
"8Q1Z_1","8Q1Z","1",1.3990884666666665
"8Q6R_2","8Q6R","2",1.3990884666666665
"8Q7V_5","8Q7V","5",1.3990884666666665
"8QA5_1","8QA5","1",1.3990884666666665
"8QAT_2","8QAT","2",1.3990884666666665
"8QEY_1","8QEY","1",1.3990884666666665
"8QFD_4","8QFD","4",1.3990884666666665
"8QGY_1","8QGY","1",1.3990884666666665
"8QH5_1","8QH5","1",1.3990884666666665
"8QH5_2","8QH5","2",1.3990884666666665
"8QJ7_1","8QJ7","1",1.3990884666666665
"8QJ7_2","8QJ7","2",1.3990884666666665
"8QJX_1","8QJX","1",1.3990884666666665
"8QK3_3","8QK3","3",1.3990884666666665
"8QMO_2","8QMO","2",1.3990884666666665
"8QO9_31","8QO9","31",1.3990884666666665
"8QOI_4","8QOI","4",1.3990884666666665
"8QOI_53","8QOI","53",1.3990884666666665
"8QPB_6","8QPB","6",1.3990884666666665
"8QPE_18","8QPE","18",1.3990884666666665
"8QPK_14","8QPK","14",1.3990884666666665
"8QRI_1","8QRI","1",1.3990884666666665
"8QRM_4","8QRM","4",1.3990884666666665
"8QRN_4","8QRN","4",1.3990884666666665
"8QRP_1","8QRP","1",1.3990884666666665
"8QRU_1","8QRU","1",1.3990884666666665
"8QU5_55","8QU5","55",1.3990884666666665
"8QUC_1","8QUC","1",1.3990884666666665
"8QV6_1","8QV6","1",1.3990884666666665
"8QXD_11","8QXD","11",1.3990884666666665
"8QYL_11","8QYL","11",1.3990884666666665
"8QYL_7","8QYL","7",1.3990884666666665
"8QYM_11","8QYM","11",1.3990884666666665
"8QYO_8","8QYO","8",1.3990884666666665
"8QZ9_11","8QZ9","11",1.3990884666666665
"8R0A_4","8R0A","4",1.3990884666666665
"8R0A_48","8R0A","48",1.3990884666666665
"8R40_1","8R40","1",1.3990884666666665
"8R42_1","8R42","1",1.3990884666666665
"8R8V_1","8R8V","1",1.3990884666666665
"8RAZ_2","8RAZ","2",1.3990884666666665
"8RBX_22","8RBX","22",1.3990884666666665
"8RBX_23","8RBX","23",1.3990884666666665
"8RBX_28","8RBX","28",1.3990884666666665
"8RBX_32","8RBX","32",1.3990884666666665
"8RBX_40","8RBX","40",1.3990884666666665
"8RBZ_11","8RBZ","11",1.3990884666666665
"8RBZ_17","8RBZ","17",1.3990884666666665
"8RBZ_5","8RBZ","5",1.3990884666666665
"8RC0_4","8RC0","4",1.3990884666666665
"8RC4_16","8RC4","16",1.3990884666666665
"8RC4_4","8RC4","4",1.3990884666666665
"8RC4_5","8RC4","5",1.3990884666666665
"8RC4_7","8RC4","7",1.3990884666666665
"8RCH_1","8RCH","1",1.3990884666666665
"8RCN_1","8RCN","1",1.3990884666666665
"8RCP_1","8RCP","1",1.3990884666666665
"8RD9_1","8RD9","1",1.3990884666666665
"8REW_1","8REW","1",1.3990884666666665
"8RFB_1","8RFB","1",1.3990884666666665
"8RG0_18","8RG0","18",1.3990884666666665
"8RGG_2","8RGG","2",1.3990884666666665
"8RGH_1","8RGH","1",1.3990884666666665
"8RGL_1","8RGL","1",1.3990884666666665
"8RIZ_3","8RIZ","3",1.3990884666666665
"8RM5_37","8RM5","37",1.3990884666666665
"8RMN_1","8RMN","1",1.3990884666666665
"8RO2_6","8RO2","6",1.3990884666666665
"8ROV_1","8ROV","1",1.3990884666666665
"8RQ1_1","8RQ1","1",1.3990884666666665
"8RQA_1","8RQA","1",1.3990884666666665
"8RQL_3","8RQL","3",1.3990884666666665
"8RQN_1","8RQN","1",1.3990884666666665
"8RQO_1","8RQO","1",1.3990884666666665
"8RRI_35","8RRI","35",1.3990884666666665
"8RS8_1","8RS8","1",1.3990884666666665
"8RWV_3","8RWV","3",1.3990884666666665
"8RWV_4","8RWV","4",1.3990884666666665
"8RWZ_1","8RWZ","1",1.3990884666666665
"8RX1_4","8RX1","4",1.3990884666666665
"8S09_7","8S09","7",1.3990884666666665
"8S0F_10","8S0F","10",1.3990884666666665
"8S0F_8","8S0F","8",1.3990884666666665
"8S13_1","8S13","1",1.3990884666666665
"8S16_1","8S16","1",1.3990884666666665
"8S1A_1","8S1A","1",1.3990884666666665
"8S1B_1","8S1B","1",1.3990884666666665
"8S1Z_1","8S1Z","1",1.3990884666666665
"8S2T_5","8S2T","5",1.3990884666666665
"8S50_1","8S50","1",1.3990884666666665
"8S7E_2","8S7E","2",1.3990884666666665
"8S9B_1","8S9B","1",1.3990884666666665
"8S9P_1","8S9P","1",1.3990884666666665
"8S9P_3","8S9P","3",1.3990884666666665
"8SAI_1","8SAI","1",1.3990884666666665
"8SAQ_4","8SAQ","4",1.3990884666666665
"8SAW_4","8SAW","4",1.3990884666666665
"8SAZ_4","8SAZ","4",1.3990884666666665
"8SB0_4","8SB0","4",1.3990884666666665
"8SB3_4","8SB3","4",1.3990884666666665
"8SFE_8","8SFE","8",1.3990884666666665
"8SG1_2","8SG1","2",1.3990884666666665
"8SG8_8","8SG8","8",1.3990884666666665
"8SG9_8","8SG9","8",1.3990884666666665
"8SGL_7","8SGL","7",1.3990884666666665
"8SGQ_5","8SGQ","5",1.3990884666666665
"8SHA_8","8SHA","8",1.3990884666666665
"8SHF_8","8SHF","8",1.3990884666666665
"8SHG_8","8SHG","8",1.3990884666666665
"8SHL_8","8SHL","8",1.3990884666666665
"8SHN_7","8SHN","7",1.3990884666666665
"8SHO_8","8SHO","8",1.3990884666666665
"8SI0_1","8SI0","1",1.3990884666666665
"8SKK_2","8SKK","2",1.3990884666666665
"8SKV_1","8SKV","1",1.3990884666666665
"8SL1_1","8SL1","1",1.3990884666666665
"8SL3_2","8SL3","2",1.3990884666666665
"8SLS_1","8SLS","1",1.3990884666666665
"8SLT_1","8SLT","1",1.3990884666666665
"8SMC_1","8SMC","1",1.3990884666666665
"8SML_1","8SML","1",1.3990884666666665
"8SN1_7","8SN1","7",1.3990884666666665
"8SN3_7","8SN3","7",1.3990884666666665
"8SN6_7","8SN6","7",1.3990884666666665
"8SN7_7","8SN7","7",1.3990884666666665
"8SN8_7","8SN8","7",1.3990884666666665
"8SNL_1","8SNL","1",1.3990884666666665
"8SNN_2","8SNN","2",1.3990884666666665
"8SOK_1","8SOK","1",1.3990884666666665
"8SQZ_1","8SQZ","1",1.3990884666666665
"8SSA_2","8SSA","2",1.3990884666666665
"8SSZ_1","8SSZ","1",1.3990884666666665
"8ST0_1","8ST0","1",1.3990884666666665
"8ST1_1","8ST1","1",1.3990884666666665
"8ST2_1","8ST2","1",1.3990884666666665
"8ST3_1","8ST3","1",1.3990884666666665
"8SWB_1","8SWB","1",1.3990884666666665
"8SWK_1","8SWK","1",1.3990884666666665
"8SZI_2","8SZI","2",1.3990884666666665
"8T0T_1","8T0T","1",1.3990884666666665
"8T4R_1","8T4R","1",1.3990884666666665
"8T74_2","8T74","2",1.3990884666666665
"8T7E_1","8T7E","1",1.3990884666666665
"8T9D_11","8T9D","11",1.3990884666666665
"8T9G_5","8T9G","5",1.3990884666666665
"8TA3_1","8TA3","1",1.3990884666666665
"8TAR_16","8TAR","16",1.3990884666666665
"8TAR_8","8TAR","8",1.3990884666666665
"8TAU_17","8TAU","17",1.3990884666666665
"8TBT_1","8TBT","1",1.3990884666666665
"8TBU_1","8TBU","1",1.3990884666666665
"8TGO_2","8TGO","2",1.3990884666666665
"8THG_1","8THG","1",1.3990884666666665
"8THK_2","8THK","2",1.3990884666666665
"8THK_5","8THK","5",1.3990884666666665
"8TIO_4","8TIO","4",1.3990884666666665
"8TM3_8","8TM3","8",1.3990884666666665
"8TM4_7","8TM4","7",1.3990884666666665
"8TM6_7","8TM6","7",1.3990884666666665
"8TNQ_2","8TNQ","2",1.3990884666666665
"8TNR_2","8TNR","2",1.3990884666666665
"8TQ2_1","8TQ2","1",1.3990884666666665
"8TQ2_4","8TQ2","4",1.3990884666666665
"8TQC_2","8TQC","2",1.3990884666666665
"8TQW_28","8TQW","28",1.3990884666666665
"8TQW_29","8TQW","29",1.3990884666666665
"8TQZ_2","8TQZ","2",1.3990884666666665
"8TQZ_4","8TQZ","4",1.3990884666666665
"8TR9_1","8TR9","1",1.3990884666666665
"8TRH_24","8TRH","24",1.3990884666666665
"8TWE_2","8TWE","2",1.3990884666666665
"8TXZ_1","8TXZ","1",1.3990884666666665
"8TZB_1","8TZB","1",1.3990884666666665
"8TZP_1","8TZP","1",1.3990884666666665
"8TZP_3","8TZP","3",1.3990884666666665
"8TZQ_2","8TZQ","2",1.3990884666666665
"8TZR_1","8TZR","1",1.3990884666666665
"8U14_6","8U14","6",1.3990884666666665
"8U16_1","8U16","1",1.3990884666666665
"8U1B_1","8U1B","1",1.3990884666666665
"8U1U_3","8U1U","3",1.3990884666666665
"8U1X_2","8U1X","2",1.3990884666666665
"8U26_5","8U26","5",1.3990884666666665
"8U3D_1","8U3D","1",1.3990884666666665
"8U3Z_1","8U3Z","1",1.3990884666666665
"8U4B_1","8U4B","1",1.3990884666666665
"8U4I_1","8U4I","1",1.3990884666666665
"8U4K_1","8U4K","1",1.3990884666666665
"8U4O_1","8U4O","1",1.3990884666666665
"8U4Q_3","8U4Q","3",1.3990884666666665
"8U4T_3","8U4T","3",1.3990884666666665
"8U56_1","8U56","1",1.3990884666666665
"8U5B_1","8U5B","1",1.3990884666666665
"8U5H_1","8U5H","1",1.3990884666666665
"8U5V_1","8U5V","1",1.3990884666666665
"8U5X_1","8U5X","1",1.3990884666666665
"8U7Z_1","8U7Z","1",1.3990884666666665
"8U83_1","8U83","1",1.3990884666666665
"8U84_3","8U84","3",1.3990884666666665
"8U8A_1","8U8A","1",1.3990884666666665
"8U8F_2","8U8F","2",1.3990884666666665
"8U8U_2","8U8U","2",1.3990884666666665
"8UA3_1","8UA3","1",1.3990884666666665
"8UDL_1","8UDL","1",1.3990884666666665
"8UE1_1","8UE1","1",1.3990884666666665
"8UG1_1","8UG1","1",1.3990884666666665
"8UH6_2","8UH6","2",1.3990884666666665
"8UHB_2","8UHB","2",1.3990884666666665
"8UI7_1","8UI7","1",1.3990884666666665
"8UI7_5","8UI7","5",1.3990884666666665
"8UI8_5","8UI8","5",1.3990884666666665
"8UI9_1","8UI9","1",1.3990884666666665
"8UI9_5","8UI9","5",1.3990884666666665
"8UIS_4","8UIS","4",1.3990884666666665
"8UMY_5","8UMY","5",1.3990884666666665
"8UNL_2","8UNL","2",1.3990884666666665
"8UNL_4","8UNL","4",1.3990884666666665
"8UNN_2","8UNN","2",1.3990884666666665
"8UNO_4","8UNO","4",1.3990884666666665
"8UNP_2","8UNP","2",1.3990884666666665
"8UNP_4","8UNP","4",1.3990884666666665
"8UNT_2","8UNT","2",1.3990884666666665
"8UNV_2","8UNV","2",1.3990884666666665
"8UNY_2","8UNY","2",1.3990884666666665
"8UNY_4","8UNY","4",1.3990884666666665
"8UNZ_2","8UNZ","2",1.3990884666666665
"8UNZ_4","8UNZ","4",1.3990884666666665
"8UO2_4","8UO2","4",1.3990884666666665
"8UO3_2","8UO3","2",1.3990884666666665
"8UO3_4","8UO3","4",1.3990884666666665
"8UO4_2","8UO4","2",1.3990884666666665
"8UO4_4","8UO4","4",1.3990884666666665
"8UO8_1","8UO8","1",1.3990884666666665
"8UPF_6","8UPF","6",1.3990884666666665
"8UQ5_1","8UQ5","1",1.3990884666666665
"8UQB_1","8UQB","1",1.3990884666666665
"8UQC_1","8UQC","1",1.3990884666666665
"8UQD_1","8UQD","1",1.3990884666666665
"8USB_19","8USB","19",1.3990884666666665
"8USB_20","8USB","20",1.3990884666666665
"8USB_6","8USB","6",1.3990884666666665
"8USC_22","8USC","22",1.3990884666666665
"8USC_5","8USC","5",1.3990884666666665
"8USD_2","8USD","2",1.3990884666666665
"8USW_2","8USW","2",1.3990884666666665
"8USX_1","8USX","1",1.3990884666666665
"8USX_2","8USX","2",1.3990884666666665
"8UT1_1","8UT1","1",1.3990884666666665
"8UTB_1","8UTB","1",1.3990884666666665
"8UW3_1","8UW3","1",1.3990884666666665
"8UWR_1","8UWR","1",1.3990884666666665
"8UXC_1","8UXC","1",1.3990884666666665
"8UXE_2","8UXE","2",1.3990884666666665
"8UXI_1","8UXI","1",1.3990884666666665
"8UXM_2","8UXM","2",1.3990884666666665
"8UY0_4","8UY0","4",1.3990884666666665
"8UYQ_4","8UYQ","4",1.3990884666666665
"8V29_3","8V29","3",1.3990884666666665
"8V2J_2","8V2J","2",1.3990884666666665
"8V4Y_7","8V4Y","7",1.3990884666666665
"8V52_1","8V52","1",1.3990884666666665
"8V55_1","8V55","1",1.3990884666666665
"8V60_1","8V60","1",1.3990884666666665
"8V6U_3","8V6U","3",1.3990884666666665
"8V7C_1","8V7C","1",1.3990884666666665
"8V7D_1","8V7D","1",1.3990884666666665
"8V7E_1","8V7E","1",1.3990884666666665
"8V7G_1","8V7G","1",1.3990884666666665
"8V7H_1","8V7H","1",1.3990884666666665
"8V7K_1","8V7K","1",1.3990884666666665
"8V88_1","8V88","1",1.3990884666666665
"8V8C_1","8V8C","1",1.3990884666666665
"8VA2_1","8VA2","1",1.3990884666666665
"8VAF_1","8VAF","1",1.3990884666666665
"8VDV_2","8VDV","2",1.3990884666666665
"8VGV_4","8VGV","4",1.3990884666666665
"8VJC_2","8VJC","2",1.3990884666666665
"8VKJ_1","8VKJ","1",1.3990884666666665
"8VKX_2","8VKX","2",1.3990884666666665
"8VLG_1","8VLG","1",1.3990884666666665
"8VLX_1","8VLX","1",1.3990884666666665
"8VNZ_6","8VNZ","6",1.3990884666666665
"8VO4_1","8VO4","1",1.3990884666666665
"8VRD_1","8VRD","1",1.3990884666666665
"8VRD_2","8VRD","2",1.3990884666666665
"8VRJ_1","8VRJ","1",1.3990884666666665
"8VRJ_3","8VRJ","3",1.3990884666666665
"8VRJ_9","8VRJ","9",1.3990884666666665
"8VRK_3","8VRK","3",1.3990884666666665
"8VSC_2","8VSC","2",1.3990884666666665
"8VSD_1","8VSD","1",1.3990884666666665
"8VUH_2","8VUH","2",1.3990884666666665
"8VUH_3","8VUH","3",1.3990884666666665
"8VUJ_3","8VUJ","3",1.3990884666666665
"8VUN_2","8VUN","2",1.3990884666666665
"8VUS_3","8VUS","3",1.3990884666666665
"8VUU_1","8VUU","1",1.3990884666666665
"8VUU_2","8VUU","2",1.3990884666666665
"8VVF_2","8VVF","2",1.3990884666666665
"8VVG_2","8VVG","2",1.3990884666666665
"8VY3_1","8VY3","1",1.3990884666666665
"8VY7_2","8VY7","2",1.3990884666666665
"8VYS_1","8VYS","1",1.3990884666666665
"8W0E_3","8W0E","3",1.3990884666666665
"8W0E_6","8W0E","6",1.3990884666666665
"8W0G_3","8W0G","3",1.3990884666666665
"8W1L_1","8W1L","1",1.3990884666666665
"8W1V_1","8W1V","1",1.3990884666666665
"8W4U_1","8W4U","1",1.3990884666666665
"8W8B_2","8W8B","2",1.3990884666666665
"8W8E_18","8W8E","18",1.3990884666666665
"8W8Q_3","8W8Q","3",1.3990884666666665
"8W8R_2","8W8R","2",1.3990884666666665
"8WA8_1","8WA8","1",1.3990884666666665
"8WAK_11","8WAK","11",1.3990884666666665
"8WAK_12","8WAK","12",1.3990884666666665
"8WAK_3","8WAK","3",1.3990884666666665
"8WAL_3","8WAL","3",1.3990884666666665
"8WAP_12","8WAP","12",1.3990884666666665
"8WAP_3","8WAP","3",1.3990884666666665
"8WAS_11","8WAS","11",1.3990884666666665
"8WAS_3","8WAS","3",1.3990884666666665
"8WC3_2","8WC3","2",1.3990884666666665
"8WC7_2","8WC7","2",1.3990884666666665
"8WC8_2","8WC8","2",1.3990884666666665
"8WC9_2","8WC9","2",1.3990884666666665
"8WCA_1","8WCA","1",1.3990884666666665
"8WEJ_2","8WEJ","2",1.3990884666666665
"8WGD_2","8WGD","2",1.3990884666666665
"8WI0_1","8WI0","1",1.3990884666666665
"8WI3_1","8WI3","1",1.3990884666666665
"8WI4_1","8WI4","1",1.3990884666666665
"8WI5_1","8WI5","1",1.3990884666666665
"8WJH_1","8WJH","1",1.3990884666666665
"8WNT_2","8WNT","2",1.3990884666666665
"8WNY_2","8WNY","2",1.3990884666666665
"8WO1_1","8WO1","1",1.3990884666666665
"8WOG_3","8WOG","3",1.3990884666666665
"8WP1_3","8WP1","3",1.3990884666666665
"8WPM_1","8WPM","1",1.3990884666666665
"8WR3_1","8WR3","1",1.3990884666666665
"8WR8_1","8WR8","1",1.3990884666666665
"8WRB_2","8WRB","2",1.3990884666666665
"8WU0_1","8WU0","1",1.3990884666666665
"8WU8_3","8WU8","3",1.3990884666666665
"8WUA_1","8WUA","1",1.3990884666666665
"8WVU_1","8WVU","1",1.3990884666666665
"8WVW_1","8WVW","1",1.3990884666666665
"8WVY_1","8WVY","1",1.3990884666666665
"8WW2_5","8WW2","5",1.3990884666666665
"8WWK_2","8WWK","2",1.3990884666666665
"8WX5_1","8WX5","1",1.3990884666666665
"8WXQ_1","8WXQ","1",1.3990884666666665
"8WXR_1","8WXR","1",1.3990884666666665
"8WXT_1","8WXT","1",1.3990884666666665
"8WYI_6","8WYI","6",1.3990884666666665
"8X06_1","8X06","1",1.3990884666666665
"8X0B_1","8X0B","1",1.3990884666666665
"8X0E_1","8X0E","1",1.3990884666666665
"8X0F_1","8X0F","1",1.3990884666666665
"8X15_7","8X15","7",1.3990884666666665
"8X1Q_1","8X1Q","1",1.3990884666666665
"8X1S_1","8X1S","1",1.3990884666666665
"8X2M_1","8X2M","1",1.3990884666666665
"8X79_2","8X79","2",1.3990884666666665
"8X7K_9","8X7K","9",1.3990884666666665
"8X85_1","8X85","1",1.3990884666666665
"8XB9_1","8XB9","1",1.3990884666666665
"8XBE_5","8XBE","5",1.3990884666666665
"8XFD_1","8XFD","1",1.3990884666666665
"8XFP_1","8XFP","1",1.3990884666666665
"8XFT_2","8XFT","2",1.3990884666666665
"8XGO_1","8XGO","1",1.3990884666666665
"8XGO_2","8XGO","2",1.3990884666666665
"8XGS_2","8XGS","2",1.3990884666666665
"8XIR_3","8XIR","3",1.3990884666666665
"8XJO_2","8XJO","2",1.3990884666666665
"8XJS_2","8XJS","2",1.3990884666666665
"8XKM_2","8XKM","2",1.3990884666666665
"8XKZ_1","8XKZ","1",1.3990884666666665
"8XL0_1","8XL0","1",1.3990884666666665
"8XL5_2","8XL5","2",1.3990884666666665
"8XL7_2","8XL7","2",1.3990884666666665
"8XML_1","8XML","1",1.3990884666666665
"8XOI_2","8XOI","2",1.3990884666666665
"8XOJ_2","8XOJ","2",1.3990884666666665
"8XP2_35","8XP2","35",1.3990884666666665
"8XP2_9","8XP2","9",1.3990884666666665
"8XP3_9","8XP3","9",1.3990884666666665
"8XQF_2","8XQF","2",1.3990884666666665
"8XQJ_2","8XQJ","2",1.3990884666666665
"8XQN_2","8XQN","2",1.3990884666666665
"8XQP_2","8XQP","2",1.3990884666666665
"8XQS_2","8XQS","2",1.3990884666666665
"8XQT_2","8XQT","2",1.3990884666666665
"8XRJ_10","8XRJ","10",1.3990884666666665
"8XSM_1","8XSM","1",1.3990884666666665
"8XSY_4","8XSY","4",1.3990884666666665
"8XSZ_4","8XSZ","4",1.3990884666666665
"8XSZ_81","8XSZ","81",1.3990884666666665
"8XT0_36","8XT0","36",1.3990884666666665
"8XT0_52","8XT0","52",1.3990884666666665
"8XT0_61","8XT0","61",1.3990884666666665
"8XT1_52","8XT1","52",1.3990884666666665
"8XT2_61","8XT2","61",1.3990884666666665
"8XVE_2","8XVE","2",1.3990884666666665
"8XVG_1","8XVG","1",1.3990884666666665
"8XVI_5","8XVI","5",1.3990884666666665
"8XVJ_4","8XVJ","4",1.3990884666666665
"8XVV_2","8XVV","2",1.3990884666666665
"8XWP_4","8XWP","4",1.3990884666666665
"8XWV_4","8XWV","4",1.3990884666666665
"8XX6_4","8XX6","4",1.3990884666666665
"8XXM_9","8XXM","9",1.3990884666666665
"8XXU_3","8XXU","3",1.3990884666666665
"8XXZ_2","8XXZ","2",1.3990884666666665
"8XYK_1","8XYK","1",1.3990884666666665
"8XYK_3","8XYK","3",1.3990884666666665
"8XZG_5","8XZG","5",1.3990884666666665
"8XZH_1","8XZH","1",1.3990884666666665
"8Y0H_1","8Y0H","1",1.3990884666666665
"8Y0W_59","8Y0W","59",1.3990884666666665
"8Y1L_1","8Y1L","1",1.3990884666666665
"8Y1L_3","8Y1L","3",1.3990884666666665
"8Y1V_2","8Y1V","2",1.3990884666666665
"8Y2O_1","8Y2O","1",1.3990884666666665
"8Y52_4","8Y52","4",1.3990884666666665
"8Y62_2","8Y62","2",1.3990884666666665
"8Y69_1","8Y69","1",1.3990884666666665
"8Y6B_1","8Y6B","1",1.3990884666666665
"8Y6O_23","8Y6O","23",1.3990884666666665
"8Y6O_6","8Y6O","6",1.3990884666666665
"8Y7E_2","8Y7E","2",1.3990884666666665
"8Y9T_1","8Y9T","1",1.3990884666666665
"8YAB_2","8YAB","2",1.3990884666666665
"8YC0_6","8YC0","6",1.3990884666666665
"8YEZ_1","8YEZ","1",1.3990884666666665
"8YFC_1","8YFC","1",1.3990884666666665
"8YFG_1","8YFG","1",1.3990884666666665
"8YHF_1","8YHF","1",1.3990884666666665
"8YHP_1","8YHP","1",1.3990884666666665
"8YIC_2","8YIC","2",1.3990884666666665
"8YIY_7","8YIY","7",1.3990884666666665
"8YIZ_15","8YIZ","15",1.3990884666666665
"8YIZ_8","8YIZ","8",1.3990884666666665
"8YJB_10","8YJB","10",1.3990884666666665
"8YJB_12","8YJB","12",1.3990884666666665
"8YJB_5","8YJB","5",1.3990884666666665
"8YLE_1","8YLE","1",1.3990884666666665
"8YN2_2","8YN2","2",1.3990884666666665
"8YN2_5","8YN2","5",1.3990884666666665
"8YN3_5","8YN3","5",1.3990884666666665
"8YN7_2","8YN7","2",1.3990884666666665
"8YNA_2","8YNA","2",1.3990884666666665
"8YNL_1","8YNL","1",1.3990884666666665
"8YOO_55","8YOO","55",1.3990884666666665
"8YR9_1","8YR9","1",1.3990884666666665
"8YRQ_3","8YRQ","3",1.3990884666666665
"8YSZ_2","8YSZ","2",1.3990884666666665
"8YTG_1","8YTG","1",1.3990884666666665
"8YU7_1","8YU7","1",1.3990884666666665
"8YU8_1","8YU8","1",1.3990884666666665
"8YUT_2","8YUT","2",1.3990884666666665
"8YUV_2","8YUV","2",1.3990884666666665
"8YW3_2","8YW3","2",1.3990884666666665
"8YW6_3","8YW6","3",1.3990884666666665
"8YWA_1","8YWA","1",1.3990884666666665
"8YWV_1","8YWV","1",1.3990884666666665
"8YXB_1","8YXB","1",1.3990884666666665
"8Z3O_1","8Z3O","1",1.3990884666666665
"8Z3S_1","8Z3S","1",1.3990884666666665
"8Z4B_1","8Z4B","1",1.3990884666666665
"8Z5H_4","8Z5H","4",1.3990884666666665
"8Z5P_1","8Z5P","1",1.3990884666666665
"8Z66_1","8Z66","1",1.3990884666666665
"8Z6F_1","8Z6F","1",1.3990884666666665
"8Z7J_2","8Z7J","2",1.3990884666666665
"8Z7J_4","8Z7J","4",1.3990884666666665
"8Z8A_1","8Z8A","1",1.3990884666666665
"8Z8A_3","8Z8A","3",1.3990884666666665
"8Z8V_1","8Z8V","1",1.3990884666666665
"8Z8Z_1","8Z8Z","1",1.3990884666666665
"8ZCE_2","8ZCE","2",1.3990884666666665
"8ZDB_34","8ZDB","34",1.3990884666666665
"8ZDC_9","8ZDC","9",1.3990884666666665
"8ZEM_1","8ZEM","1",1.3990884666666665
"8ZGD_1","8ZGD","1",1.3990884666666665
"8ZH8_1","8ZH8","1",1.3990884666666665
"8ZJE_4","8ZJE","4",1.3990884666666665
"8ZKS_1","8ZKS","1",1.3990884666666665
"8ZL8_1","8ZL8","1",1.3990884666666665
"8ZME_2","8ZME","2",1.3990884666666665
"8ZPA_1","8ZPA","1",1.3990884666666665
"8ZPM_1","8ZPM","1",1.3990884666666665
"8ZQ3_1","8ZQ3","1",1.3990884666666665
"8ZR5_2","8ZR5","2",1.3990884666666665
"8ZRK_2","8ZRK","2",1.3990884666666665
"8ZRN_1","8ZRN","1",1.3990884666666665
"8ZSS_2","8ZSS","2",1.3990884666666665
"8ZTX_1","8ZTX","1",1.3990884666666665
"8ZU3_1","8ZU3","1",1.3990884666666665
"8ZUD_1","8ZUD","1",1.3990884666666665
"8ZUL_1","8ZUL","1",1.3990884666666665
"8ZV4_2","8ZV4","2",1.3990884666666665
"8ZV5_2","8ZV5","2",1.3990884666666665
"8ZV6_2","8ZV6","2",1.3990884666666665
"8ZVQ_1","8ZVQ","1",1.3990884666666665
"8ZX5_4","8ZX5","4",1.3990884666666665
"9ARY_3","9ARY","3",1.3990884666666665
"9AS0_3","9AS0","3",1.3990884666666665
"9AS6_1","9AS6","1",1.3990884666666665
"9ASQ_1","9ASQ","1",1.3990884666666665
"9AU0_2","9AU0","2",1.3990884666666665
"9AUG_4","9AUG","4",1.3990884666666665
"9AVL_3","9AVL","3",1.3990884666666665
"9AXF_1","9AXF","1",1.3990884666666665
"9AXF_3","9AXF","3",1.3990884666666665
"9AYB_1","9AYB","1",1.3990884666666665
"9AYH_1","9AYH","1",1.3990884666666665
"9B6C_1","9B6C","1",1.3990884666666665
"9B7W_3","9B7W","3",1.3990884666666665
"9B8W_1","9B8W","1",1.3990884666666665
"9B8Z_1","9B8Z","1",1.3990884666666665
"9B93_1","9B93","1",1.3990884666666665
"9B96_1","9B96","1",1.3990884666666665
"9B97_1","9B97","1",1.3990884666666665
"9B98_1","9B98","1",1.3990884666666665
"9B9F_1","9B9F","1",1.3990884666666665
"9B9F_2","9B9F","2",1.3990884666666665
"9B9H_1","9B9H","1",1.3990884666666665
"9B9H_2","9B9H","2",1.3990884666666665
"9B9J_2","9B9J","2",1.3990884666666665
"9B9T_1","9B9T","1",1.3990884666666665
"9B9W_1","9B9W","1",1.3990884666666665
"9B9W_2","9B9W","2",1.3990884666666665
"9BAO_2","9BAO","2",1.3990884666666665
"9BAX_2","9BAX","2",1.3990884666666665
"9BC3_1","9BC3","1",1.3990884666666665
"9BC4_1","9BC4","1",1.3990884666666665
"9BHR_1","9BHR","1",1.3990884666666665
"9BI6_2","9BI6","2",1.3990884666666665
"9BI6_5","9BI6","5",1.3990884666666665
"9BKD_19","9BKD","19",1.3990884666666665
"9BKJ_1","9BKJ","1",1.3990884666666665
"9BKJ_4","9BKJ","4",1.3990884666666665
"9BLC_4","9BLC","4",1.3990884666666665
"9BOJ_1","9BOJ","1",1.3990884666666665
"9BQH_1","9BQH","1",1.3990884666666665
"9BSB_1","9BSB","1",1.3990884666666665
"9BSN_1","9BSN","1",1.3990884666666665
"9BUI_26","9BUI","26",1.3990884666666665
"9BUI_27","9BUI","27",1.3990884666666665
"9BUY_5","9BUY","5",1.3990884666666665
"9BV1_1","9BV1","1",1.3990884666666665
"9BV1_3","9BV1","3",1.3990884666666665
"9BV2_25","9BV2","25",1.3990884666666665
"9BV3_2","9BV3","2",1.3990884666666665
"9BV3_25","9BV3","25",1.3990884666666665
"9BV3_4","9BV3","4",1.3990884666666665
"9BW4_28","9BW4","28",1.3990884666666665
"9BW4_3","9BW4","3",1.3990884666666665
"9BX5_2","9BX5","2",1.3990884666666665
"9C07_1","9C07","1",1.3990884666666665
"9C09_1","9C09","1",1.3990884666666665
"9C0H_1","9C0H","1",1.3990884666666665
"9C1P_2","9C1P","2",1.3990884666666665
"9C2F_2","9C2F","2",1.3990884666666665
"9C3G_1","9C3G","1",1.3990884666666665
"9C3H_83","9C3H","83",1.3990884666666665
"9C55_1","9C55","1",1.3990884666666665
"9C6G_1","9C6G","1",1.3990884666666665
"9C8N_1","9C8N","1",1.3990884666666665
"9C8U_6","9C8U","6",1.3990884666666665
"9CAA_3","9CAA","3",1.3990884666666665
"9CAB_3","9CAB","3",1.3990884666666665
"9CAF_2","9CAF","2",1.3990884666666665
"9CFC_10","9CFC","10",1.3990884666666665
"9CFC_12","9CFC","12",1.3990884666666665
"9CGJ_5","9CGJ","5",1.3990884666666665
"9CGK_4","9CGK","4",1.3990884666666665
"9CHO_1","9CHO","1",1.3990884666666665
"9CHX_1","9CHX","1",1.3990884666666665
"9CI9_1","9CI9","1",1.3990884666666665
"9CIV_1","9CIV","1",1.3990884666666665
"9CLV_1","9CLV","1",1.3990884666666665
"9CN3_36","9CN3","36",1.3990884666666665
"9COC_2","9COC","2",1.3990884666666665
"9CON_1","9CON","1",1.3990884666666665
"9CQ8_2","9CQ8","2",1.3990884666666665
"9CRV_3","9CRV","3",1.3990884666666665
"9CSD_2","9CSD","2",1.3990884666666665
"9CT0_4","9CT0","4",1.3990884666666665
"9CTY_1","9CTY","1",1.3990884666666665
"9CU6_4","9CU6","4",1.3990884666666665
"9CVC_1","9CVC","1",1.3990884666666665
"9CX7_3","9CX7","3",1.3990884666666665
"9CXA_3","9CXA","3",1.3990884666666665
"9CXM_1","9CXM","1",1.3990884666666665
"9CXN_1","9CXN","1",1.3990884666666665
"9CXO_1","9CXO","1",1.3990884666666665
"9CXW_1","9CXW","1",1.3990884666666665
"9CZK_1","9CZK","1",1.3990884666666665
"9CZQ_1","9CZQ","1",1.3990884666666665
"9D0W_2","9D0W","2",1.3990884666666665
"9D1Z_1","9D1Z","1",1.3990884666666665
"9D37_2","9D37","2",1.3990884666666665
"9D38_2","9D38","2",1.3990884666666665
"9D38_3","9D38","3",1.3990884666666665
"9D39_2","9D39","2",1.3990884666666665
"9D3A_3","9D3A","3",1.3990884666666665
"9D3B_1","9D3B","1",1.3990884666666665
"9D3C_1","9D3C","1",1.3990884666666665
"9D3C_3","9D3C","3",1.3990884666666665
"9D3G_1","9D3G","1",1.3990884666666665
"9D5Z_1","9D5Z","1",1.3990884666666665
"9D61_2","9D61","2",1.3990884666666665
"9DBK_1","9DBK","1",1.3990884666666665
"9DBL_1","9DBL","1",1.3990884666666665
"9DBM_1","9DBM","1",1.3990884666666665
"9DBN_1","9DBN","1",1.3990884666666665
"9DCH_5","9DCH","5",1.3990884666666665
"9DDT_2","9DDT","2",1.3990884666666665
"9DHK_1","9DHK","1",1.3990884666666665
"9DI1_1","9DI1","1",1.3990884666666665
"9DIA_2","9DIA","2",1.3990884666666665
"9DIM_4","9DIM","4",1.3990884666666665
"9DJT_1","9DJT","1",1.3990884666666665
"9DLW_1","9DLW","1",1.3990884666666665
"9DLW_2","9DLW","2",1.3990884666666665
"9DMG_1","9DMG","1",1.3990884666666665
"9DMK_1","9DMK","1",1.3990884666666665
"9DMQ_1","9DMQ","1",1.3990884666666665
"9DMQ_4","9DMQ","4",1.3990884666666665
"9DMS_4","9DMS","4",1.3990884666666665
"9DMT_1","9DMT","1",1.3990884666666665
"9DNI_2","9DNI","2",1.3990884666666665
"9DOL_1","9DOL","1",1.3990884666666665
"9DOP_1","9DOP","1",1.3990884666666665
"9DPM_1","9DPM","1",1.3990884666666665
"9DPN_1","9DPN","1",1.3990884666666665
"9DPP_1","9DPP","1",1.3990884666666665
"9DPQ_1","9DPQ","1",1.3990884666666665
"9DPW_1","9DPW","1",1.3990884666666665
"9DPX_1","9DPX","1",1.3990884666666665
"9DQD_1","9DQD","1",1.3990884666666665
"9DQH_3","9DQH","3",1.3990884666666665
"9DUM_3","9DUM","3",1.3990884666666665
"9DUR_1","9DUR","1",1.3990884666666665
"9DWV_2","9DWV","2",1.3990884666666665
"9DX0_2","9DX0","2",1.3990884666666665
"9DX1_5","9DX1","5",1.3990884666666665
"9DYD_4","9DYD","4",1.3990884666666665
"9DYF_4","9DYF","4",1.3990884666666665
"9DZ2_1","9DZ2","1",1.3990884666666665
"9E00_7","9E00","7",1.3990884666666665
"9E1O_7","9E1O","7",1.3990884666666665
"9E1X_7","9E1X","7",1.3990884666666665
"9E2R_8","9E2R","8",1.3990884666666665
"9E2Z_3","9E2Z","3",1.3990884666666665
"9E2Z_6","9E2Z","6",1.3990884666666665
"9E3D_8","9E3D","8",1.3990884666666665
"9E3N_1","9E3N","1",1.3990884666666665
"9E3R_8","9E3R","8",1.3990884666666665
"9E51_4","9E51","4",1.3990884666666665
"9E8G_32","9E8G","32",1.3990884666666665
"9E8G_7","9E8G","7",1.3990884666666665
"9E8I_16","9E8I","16",1.3990884666666665
"9E8J_10","9E8J","10",1.3990884666666665
"9E8J_19","9E8J","19",1.3990884666666665
"9E8L_7","9E8L","7",1.3990884666666665
"9E8O_13","9E8O","13",1.3990884666666665
"9E8O_26","9E8O","26",1.3990884666666665
"9E8Q_23","9E8Q","23",1.3990884666666665
"9E8Q_7","9E8Q","7",1.3990884666666665
"9ECJ_3","9ECJ","3",1.3990884666666665
"9ED0_10","9ED0","10",1.3990884666666665
"9ED6_7","9ED6","7",1.3990884666666665
"9ED7_1","9ED7","1",1.3990884666666665
"9EEY_1","9EEY","1",1.3990884666666665
"9EG1_8","9EG1","8",1.3990884666666665
"9EI3_10","9EI3","10",1.3990884666666665
"9EKB_1","9EKB","1",1.3990884666666665
"9EKS_1","9EKS","1",1.3990884666666665
"9EKT_1","9EKT","1",1.3990884666666665
"9EKU_1","9EKU","1",1.3990884666666665
"9EOC_1","9EOC","1",1.3990884666666665
"9EOF_3","9EOF","3",1.3990884666666665
"9EPP_3","9EPP","3",1.3990884666666665
"9EQ3_1","9EQ3","1",1.3990884666666665
"9EQ4_1","9EQ4","1",1.3990884666666665
"9EQG_2","9EQG","2",1.3990884666666665
"9ER2_20","9ER2","20",1.3990884666666665
"9ERE_2","9ERE","2",1.3990884666666665
"9ERF_1","9ERF","1",1.3990884666666665
"9ERX_2","9ERX","2",1.3990884666666665
"9EW2_2","9EW2","2",1.3990884666666665
"9EW2_5","9EW2","5",1.3990884666666665
"9EY6_1","9EY6","1",1.3990884666666665
"9EY8_1","9EY8","1",1.3990884666666665
"9F1C_52","9F1C","52",1.3990884666666665
"9F2B_1","9F2B","1",1.3990884666666665
"9F31_1","9F31","1",1.3990884666666665
"9F3C_1","9F3C","1",1.3990884666666665
"9F3R_2","9F3R","2",1.3990884666666665
"9F43_2","9F43","2",1.3990884666666665
"9F44_1","9F44","1",1.3990884666666665
"9F6Q_1","9F6Q","1",1.3990884666666665
"9F84_1","9F84","1",1.3990884666666665
"9FA4_3","9FA4","3",1.3990884666666665
"9FA7_1","9FA7","1",1.3990884666666665
"9FAJ_3","9FAJ","3",1.3990884666666665
"9FAK_3","9FAK","3",1.3990884666666665
"9FAM_3","9FAM","3",1.3990884666666665
"9FAQ_3","9FAQ","3",1.3990884666666665
"9FAU_2","9FAU","2",1.3990884666666665
"9FAX_1","9FAX","1",1.3990884666666665
"9FD2_22","9FD2","22",1.3990884666666665
"9FG7_3","9FG7","3",1.3990884666666665
"9FG9_3","9FG9","3",1.3990884666666665
"9FGB_3","9FGB","3",1.3990884666666665
"9FGC_3","9FGC","3",1.3990884666666665
"9FGG_3","9FGG","3",1.3990884666666665
"9FHD_1","9FHD","1",1.3990884666666665
"9FJH_1","9FJH","1",1.3990884666666665
"9FJI_1","9FJI","1",1.3990884666666665
"9FK5_2","9FK5","2",1.3990884666666665
"9FKP_1","9FKP","1",1.3990884666666665
"9FMD_19","9FMD","19",1.3990884666666665
"9FMD_26","9FMD","26",1.3990884666666665
"9FMD_27","9FMD","27",1.3990884666666665
"9FQZ_5","9FQZ","5",1.3990884666666665
"9FSO_19","9FSO","19",1.3990884666666665
"9FSP_5","9FSP","5",1.3990884666666665
"9FSQ_10","9FSQ","10",1.3990884666666665
"9FSQ_17","9FSQ","17",1.3990884666666665
"9FSQ_5","9FSQ","5",1.3990884666666665
"9FSR_1","9FSR","1",1.3990884666666665
"9FSR_19","9FSR","19",1.3990884666666665
"9FSR_5","9FSR","5",1.3990884666666665
"9FSS_17","9FSS","17",1.3990884666666665
"9FSV_8","9FSV","8",1.3990884666666665
"9FTW_1","9FTW","1",1.3990884666666665
"9G5B_14","9G5B","14",1.3990884666666665
"9G5D_14","9G5D","14",1.3990884666666665
"9G5E_10","9G5E","10",1.3990884666666665
"9G5E_16","9G5E","16",1.3990884666666665
"9G7E_1","9G7E","1",1.3990884666666665
"9G8M_3","9G8M","3",1.3990884666666665
"9G8M_35","9G8M","35",1.3990884666666665
"9G8N_13","9G8N","13",1.3990884666666665
"9G8O_16","9G8O","16",1.3990884666666665
"9G8O_5","9G8O","5",1.3990884666666665
"9G8O_6","9G8O","6",1.3990884666666665
"9G8P_1","9G8P","1",1.3990884666666665
"9G8P_12","9G8P","12",1.3990884666666665
"9G8Q_2","9G8Q","2",1.3990884666666665
"9G9L_1","9G9L","1",1.3990884666666665
"9G9V_1","9G9V","1",1.3990884666666665
"9GAW_16","9GAW","16",1.3990884666666665
"9GCQ_1","9GCQ","1",1.3990884666666665
"9GD5_1","9GD5","1",1.3990884666666665
"9GDG_1","9GDG","1",1.3990884666666665
"9GE2_5","9GE2","5",1.3990884666666665
"9GE3_5","9GE3","5",1.3990884666666665
"9GGE_1","9GGE","1",1.3990884666666665
"9GIF_1","9GIF","1",1.3990884666666665
"9GIG_2","9GIG","2",1.3990884666666665
"9GMO_4","9GMO","4",1.3990884666666665
"9GP7_1","9GP7","1",1.3990884666666665
"9GSZ_1","9GSZ","1",1.3990884666666665
"9GTD_1","9GTD","1",1.3990884666666665
"9GTN_1","9GTN","1",1.3990884666666665
"9GTU_1","9GTU","1",1.3990884666666665
"9GU1_5","9GU1","5",1.3990884666666665
"9GU3_4","9GU3","4",1.3990884666666665
"9GU4_1","9GU4","1",1.3990884666666665
"9GVJ_1","9GVJ","1",1.3990884666666665
"9GY3_1","9GY3","1",1.3990884666666665
"9GY4_52","9GY4","52",1.3990884666666665
"9H52_4","9H52","4",1.3990884666666665
"9H52_6","9H52","6",1.3990884666666665
"9H54_10","9H54","10",1.3990884666666665
"9H55_10","9H55","10",1.3990884666666665
"9H59_3","9H59","3",1.3990884666666665
"9H8R_1","9H8R","1",1.3990884666666665
"9H9P_2","9H9P","2",1.3990884666666665
"9HAA_2","9HAA","2",1.3990884666666665
"9HFM_16","9HFM","16",1.3990884666666665
"9HFN_17","9HFN","17",1.3990884666666665
"9HGE_1","9HGE","1",1.3990884666666665
"9HJ8_1","9HJ8","1",1.3990884666666665
"9HJO_2","9HJO","2",1.3990884666666665
"9HL4_1","9HL4","1",1.3990884666666665
"9HL8_1","9HL8","1",1.3990884666666665
"9HLB_1","9HLB","1",1.3990884666666665
"9HM7_1","9HM7","1",1.3990884666666665
"9HMN_1","9HMN","1",1.3990884666666665
"9HMN_13","9HMN","13",1.3990884666666665
"9HMS_3","9HMS","3",1.3990884666666665
"9HN0_2","9HN0","2",1.3990884666666665
"9HN4_2","9HN4","2",1.3990884666666665
"9HQ5_1","9HQ5","1",1.3990884666666665
"9HUM_2","9HUM","2",1.3990884666666665
"9HVE_3","9HVE","3",1.3990884666666665
"9HWG_17","9HWG","17",1.3990884666666665
"9HWG_19","9HWG","19",1.3990884666666665
"9HYI_2","9HYI","2",1.3990884666666665
"9HYI_4","9HYI","4",1.3990884666666665
"9I14_78","9I14","78",1.3990884666666665
"9I23_1","9I23","1",1.3990884666666665
"9I2D_8","9I2D","8",1.3990884666666665
"9I2D_87","9I2D","87",1.3990884666666665
"9I41_1","9I41","1",1.3990884666666665
"9I45_1","9I45","1",1.3990884666666665
"9I52_2","9I52","2",1.3990884666666665
"9I5Q_1","9I5Q","1",1.3990884666666665
"9IAR_1","9IAR","1",1.3990884666666665
"9IAX_1","9IAX","1",1.3990884666666665
"9IF6_1","9IF6","1",1.3990884666666665
"9IIX_3","9IIX","3",1.3990884666666665
"9IJ9_2","9IJ9","2",1.3990884666666665
"9IK6_1","9IK6","1",1.3990884666666665
"9IP7_1","9IP7","1",1.3990884666666665
"9IPD_1","9IPD","1",1.3990884666666665
"9IPE_1","9IPE","1",1.3990884666666665
"9IPU_7","9IPU","7",1.3990884666666665
"9IPV_2","9IPV","2",1.3990884666666665
"9IRS_6","9IRS","6",1.3990884666666665
"9ITB_2","9ITB","2",1.3990884666666665
"9ITB_4","9ITB","4",1.3990884666666665
"9ITE_5","9ITE","5",1.3990884666666665
"9IVM_2","9IVM","2",1.3990884666666665
"9IWJ_1","9IWJ","1",1.3990884666666665
"9IWM_1","9IWM","1",1.3990884666666665
"9IWN_1","9IWN","1",1.3990884666666665
"9IXY_1","9IXY","1",1.3990884666666665
"9IYP_1","9IYP","1",1.3990884666666665
"9IYQ_1","9IYQ","1",1.3990884666666665
"9IZA_3","9IZA","3",1.3990884666666665
"9IZC_1","9IZC","1",1.3990884666666665
"9IZL_1","9IZL","1",1.3990884666666665
"9J03_2","9J03","2",1.3990884666666665
"9J0F_2","9J0F","2",1.3990884666666665
"9J0I_2","9J0I","2",1.3990884666666665
"9J0K_1","9J0K","1",1.3990884666666665
"9J0N_25","9J0N","25",1.3990884666666665
"9J0P_20","9J0P","20",1.3990884666666665
"9J2Y_1","9J2Y","1",1.3990884666666665
"9J3Z_1","9J3Z","1",1.3990884666666665
"9J7I_1","9J7I","1",1.3990884666666665
"9J87_3","9J87","3",1.3990884666666665
"9JBM_1","9JBM","1",1.3990884666666665
"9JBR_1","9JBR","1",1.3990884666666665
"9JCO_5","9JCO","5",1.3990884666666665
"9JCP_4","9JCP","4",1.3990884666666665
"9JCQ_2","9JCQ","2",1.3990884666666665
"9JCW_1","9JCW","1",1.3990884666666665
"9JFV_4","9JFV","4",1.3990884666666665
"9JFW_2","9JFW","2",1.3990884666666665
"9JFY_4","9JFY","4",1.3990884666666665
"9JFZ_2","9JFZ","2",1.3990884666666665
"9JGF_1","9JGF","1",1.3990884666666665
"9JGZ_1","9JGZ","1",1.3990884666666665
"9JH4_1","9JH4","1",1.3990884666666665
"9JH5_5","9JH5","5",1.3990884666666665
"9JH6_5","9JH6","5",1.3990884666666665
"9JHJ_3","9JHJ","3",1.3990884666666665
"9JHP_2","9JHP","2",1.3990884666666665
"9JHS_1","9JHS","1",1.3990884666666665
"9JK3_1","9JK3","1",1.3990884666666665
"9JKB_1","9JKB","1",1.3990884666666665
"9JKQ_2","9JKQ","2",1.3990884666666665
"9JKV_1","9JKV","1",1.3990884666666665
"9JKV_3","9JKV","3",1.3990884666666665
"9JKY_2","9JKY","2",1.3990884666666665
"9JMC_2","9JMC","2",1.3990884666666665
"9JR0_4","9JR0","4",1.3990884666666665
"9JR9_1","9JR9","1",1.3990884666666665
"9JRT_1","9JRT","1",1.3990884666666665
"9JW1_1","9JW1","1",1.3990884666666665
"9JY0_5","9JY0","5",1.3990884666666665
"9JY2_6","9JY2","6",1.3990884666666665
"9K0X_2","9K0X","2",1.3990884666666665
"9K1O_1","9K1O","1",1.3990884666666665
"9K1R_1","9K1R","1",1.3990884666666665
"9K1Y_1","9K1Y","1",1.3990884666666665
"9K20_3","9K20","3",1.3990884666666665
"9K36_13","9K36","13",1.3990884666666665
"9K39_18","9K39","18",1.3990884666666665
"9K39_9","9K39","9",1.3990884666666665
"9K3B_12","9K3B","12",1.3990884666666665
"9K3B_22","9K3B","22",1.3990884666666665
"9K3F_3","9K3F","3",1.3990884666666665
"9K3H_1","9K3H","1",1.3990884666666665
"9K3H_3","9K3H","3",1.3990884666666665
"9K3L_2","9K3L","2",1.3990884666666665
"9K3P_3","9K3P","3",1.3990884666666665
"9K3U_13","9K3U","13",1.3990884666666665
"9K3V_12","9K3V","12",1.3990884666666665
"9K3V_4","9K3V","4",1.3990884666666665
"9K4J_14","9K4J","14",1.3990884666666665
"9K4J_21","9K4J","21",1.3990884666666665
"9K4K_14","9K4K","14",1.3990884666666665
"9K4K_21","9K4K","21",1.3990884666666665
"9K4K_7","9K4K","7",1.3990884666666665
"9K4L_7","9K4L","7",1.3990884666666665
"9K4O_15","9K4O","15",1.3990884666666665
"9K4O_23","9K4O","23",1.3990884666666665
"9K4O_7","9K4O","7",1.3990884666666665
"9K4P_15","9K4P","15",1.3990884666666665
"9K4P_23","9K4P","23",1.3990884666666665
"9K4R_23","9K4R","23",1.3990884666666665
"9K4R_7","9K4R","7",1.3990884666666665
"9K4S_14","9K4S","14",1.3990884666666665
"9K4S_23","9K4S","23",1.3990884666666665
"9K4T_14","9K4T","14",1.3990884666666665
"9K4U_15","9K4U","15",1.3990884666666665
"9K4V_15","9K4V","15",1.3990884666666665
"9K4V_21","9K4V","21",1.3990884666666665
"9K4V_23","9K4V","23",1.3990884666666665
"9K4W_15","9K4W","15",1.3990884666666665
"9K4X_23","9K4X","23",1.3990884666666665
"9K4Z_15","9K4Z","15",1.3990884666666665
"9K50_14","9K50","14",1.3990884666666665
"9K50_15","9K50","15",1.3990884666666665
"9K51_15","9K51","15",1.3990884666666665
"9K51_21","9K51","21",1.3990884666666665
"9K51_23","9K51","23",1.3990884666666665
"9K51_7","9K51","7",1.3990884666666665
"9K53_7","9K53","7",1.3990884666666665
"9K54_14","9K54","14",1.3990884666666665
"9K54_7","9K54","7",1.3990884666666665
"9K55_15","9K55","15",1.3990884666666665
"9K55_21","9K55","21",1.3990884666666665
"9K56_23","9K56","23",1.3990884666666665
"9K57_14","9K57","14",1.3990884666666665
"9K59_14","9K59","14",1.3990884666666665
"9K59_15","9K59","15",1.3990884666666665
"9K59_23","9K59","23",1.3990884666666665
"9K59_7","9K59","7",1.3990884666666665
"9K5C_23","9K5C","23",1.3990884666666665
"9K5C_7","9K5C","7",1.3990884666666665
"9K5D_23","9K5D","23",1.3990884666666665
"9K5D_7","9K5D","7",1.3990884666666665
"9K5E_21","9K5E","21",1.3990884666666665
"9K6V_1","9K6V","1",1.3990884666666665
"9K6W_1","9K6W","1",1.3990884666666665
"9KB8_2","9KB8","2",1.3990884666666665
"9KB9_1","9KB9","1",1.3990884666666665
"9KBD_2","9KBD","2",1.3990884666666665
"9KBF_2","9KBF","2",1.3990884666666665
"9KCL_1","9KCL","1",1.3990884666666665
"9KD4_1","9KD4","1",1.3990884666666665
"9KD5_1","9KD5","1",1.3990884666666665
"9KEE_1","9KEE","1",1.3990884666666665
"9KEK_1","9KEK","1",1.3990884666666665
"9KER_1","9KER","1",1.3990884666666665
"9KFB_1","9KFB","1",1.3990884666666665
"9KFI_7","9KFI","7",1.3990884666666665
"9KFK_5","9KFK","5",1.3990884666666665
"9KFN_1","9KFN","1",1.3990884666666665
"9KGK_1","9KGK","1",1.3990884666666665
"9KHH_2","9KHH","2",1.3990884666666665
"9KHH_3","9KHH","3",1.3990884666666665
"9KKF_32","9KKF","32",1.3990884666666665
"9KMV_10","9KMV","10",1.3990884666666665
"9KMW_33","9KMW","33",1.3990884666666665
"9KMX_10","9KMX","10",1.3990884666666665
"9KN5_44","9KN5","44",1.3990884666666665
"9KO2_4","9KO2","4",1.3990884666666665
"9KO4_2","9KO4","2",1.3990884666666665
"9KO4_4","9KO4","4",1.3990884666666665
"9KO6_1","9KO6","1",1.3990884666666665
"9KO6_2","9KO6","2",1.3990884666666665
"9KQK_1","9KQK","1",1.3990884666666665
"9KQN_1","9KQN","1",1.3990884666666665
"9KQO_1","9KQO","1",1.3990884666666665
"9KRH_1","9KRH","1",1.3990884666666665
"9KT6_4","9KT6","4",1.3990884666666665
"9KT7_3","9KT7","3",1.3990884666666665
"9KT8_5","9KT8","5",1.3990884666666665
"9KT9_5","9KT9","5",1.3990884666666665
"9KUG_1","9KUG","1",1.3990884666666665
"9KUG_3","9KUG","3",1.3990884666666665
"9KUT_2","9KUT","2",1.3990884666666665
"9KUT_5","9KUT","5",1.3990884666666665
"9KUX_2","9KUX","2",1.3990884666666665
"9KV6_4","9KV6","4",1.3990884666666665
"9KVH_5","9KVH","5",1.3990884666666665
"9KVP_5","9KVP","5",1.3990884666666665
"9KWG_1","9KWG","1",1.3990884666666665
"9KWX_3","9KWX","3",1.3990884666666665
"9KX6_3","9KX6","3",1.3990884666666665
"9KX6_4","9KX6","4",1.3990884666666665
"9KXS_3","9KXS","3",1.3990884666666665
"9KZ2_2","9KZ2","2",1.3990884666666665
"9KZ8_1","9KZ8","1",1.3990884666666665
"9KZK_2","9KZK","2",1.3990884666666665
"9KZU_4","9KZU","4",1.3990884666666665
"9KZU_53","9KZU","53",1.3990884666666665
"9KZX_4","9KZX","4",1.3990884666666665
"9KZX_79","9KZX","79",1.3990884666666665
"9L04_1","9L04","1",1.3990884666666665
"9L06_8","9L06","8",1.3990884666666665
"9L16_2","9L16","2",1.3990884666666665
"9L1S_1","9L1S","1",1.3990884666666665
"9L1U_1","9L1U","1",1.3990884666666665
"9L3G_2","9L3G","2",1.3990884666666665
"9L3W_2","9L3W","2",1.3990884666666665
"9L3Y_4","9L3Y","4",1.3990884666666665
"9L45_1","9L45","1",1.3990884666666665
"9L4B_1","9L4B","1",1.3990884666666665
"9L4F_1","9L4F","1",1.3990884666666665
"9L4K_2","9L4K","2",1.3990884666666665
"9L4L_2","9L4L","2",1.3990884666666665
"9L4L_4","9L4L","4",1.3990884666666665
"9L69_1","9L69","1",1.3990884666666665
"9L78_1","9L78","1",1.3990884666666665
"9L7E_1","9L7E","1",1.3990884666666665
"9L7M_3","9L7M","3",1.3990884666666665
"9L8W_1","9L8W","1",1.3990884666666665
"9L8Y_1","9L8Y","1",1.3990884666666665
"9LDJ_3","9LDJ","3",1.3990884666666665
"9LDZ_2","9LDZ","2",1.3990884666666665
"9LE2_1","9LE2","1",1.3990884666666665
"9LGM_2","9LGM","2",1.3990884666666665
"9LGV_1","9LGV","1",1.3990884666666665
"9LH8_1","9LH8","1",1.3990884666666665
"9LHV_1","9LHV","1",1.3990884666666665
"9LIO_1","9LIO","1",1.3990884666666665
"9LJG_1","9LJG","1",1.3990884666666665
"9LJH_1","9LJH","1",1.3990884666666665
"9LK8_1","9LK8","1",1.3990884666666665
"9LK9_1","9LK9","1",1.3990884666666665
"9LKT_1","9LKT","1",1.3990884666666665
"9LKT_10","9LKT","10",1.3990884666666665
"9LKT_18","9LKT","18",1.3990884666666665
"9LL8_1","9LL8","1",1.3990884666666665
"9LLA_1","9LLA","1",1.3990884666666665
"9LLE_3","9LLE","3",1.3990884666666665
"9LLF_3","9LLF","3",1.3990884666666665
"9LLH_2","9LLH","2",1.3990884666666665
"9LLI_1","9LLI","1",1.3990884666666665
"9LLJ_2","9LLJ","2",1.3990884666666665
"9LM0_1","9LM0","1",1.3990884666666665
"9LME_1","9LME","1",1.3990884666666665
"9LMP_3","9LMP","3",1.3990884666666665
"9LNB_1","9LNB","1",1.3990884666666665
"9LOL_3","9LOL","3",1.3990884666666665
"9LOU_1","9LOU","1",1.3990884666666665
"9LOV_4","9LOV","4",1.3990884666666665
"9LPK_1","9LPK","1",1.3990884666666665
"9LQ2_1","9LQ2","1",1.3990884666666665
"9LQU_2","9LQU","2",1.3990884666666665
"9LQW_1","9LQW","1",1.3990884666666665
"9LR2_2","9LR2","2",1.3990884666666665
"9LRD_5","9LRD","5",1.3990884666666665
"9LTO_3","9LTO","3",1.3990884666666665
"9LTW_1","9LTW","1",1.3990884666666665
"9LTZ_1","9LTZ","1",1.3990884666666665
"9LU1_1","9LU1","1",1.3990884666666665
"9LUL_5","9LUL","5",1.3990884666666665
"9LVJ_2","9LVJ","2",1.3990884666666665
"9LVW_1","9LVW","1",1.3990884666666665
"9LVX_1","9LVX","1",1.3990884666666665
"9LVY_1","9LVY","1",1.3990884666666665
"9LW5_2","9LW5","2",1.3990884666666665
"9LWF_2","9LWF","2",1.3990884666666665
"9LWI_9","9LWI","9",1.3990884666666665
"9LWJ_9","9LWJ","9",1.3990884666666665
"9LWK_2","9LWK","2",1.3990884666666665
"9LWL_1","9LWL","1",1.3990884666666665
"9LXD_5","9LXD","5",1.3990884666666665
"9LXE_6","9LXE","6",1.3990884666666665
"9LXF_3","9LXF","3",1.3990884666666665
"9LXO_10","9LXO","10",1.3990884666666665
"9LY5_3","9LY5","3",1.3990884666666665
"9LYC_1","9LYC","1",1.3990884666666665
"9LYD_1","9LYD","1",1.3990884666666665
"9M0J_2","9M0J","2",1.3990884666666665
"9M1I_1","9M1I","1",1.3990884666666665
"9M1J_1","9M1J","1",1.3990884666666665
"9M1S_2","9M1S","2",1.3990884666666665
"9M2W_15","9M2W","15",1.3990884666666665
"9M2W_7","9M2W","7",1.3990884666666665
"9M4Q_1","9M4Q","1",1.3990884666666665
"9M55_2","9M55","2",1.3990884666666665
"9M5H_2","9M5H","2",1.3990884666666665
"9M6P_1","9M6P","1",1.3990884666666665
"9M76_7","9M76","7",1.3990884666666665
"9M8V_3","9M8V","3",1.3990884666666665
"9M9Q_1","9M9Q","1",1.3990884666666665
"9M9W_1","9M9W","1",1.3990884666666665
"9MAN_1","9MAN","1",1.3990884666666665
"9MAN_2","9MAN","2",1.3990884666666665
"9MBB_1","9MBB","1",1.3990884666666665
"9MBQ_25","9MBQ","25",1.3990884666666665
"9MBQ_3","9MBQ","3",1.3990884666666665
"9MD1_3","9MD1","3",1.3990884666666665
"9MDC_1","9MDC","1",1.3990884666666665
"9MDD_1","9MDD","1",1.3990884666666665
"9MEU_1","9MEU","1",1.3990884666666665
"9MEZ_2","9MEZ","2",1.3990884666666665
"9MF0_2","9MF0","2",1.3990884666666665
"9MF1_1","9MF1","1",1.3990884666666665
"9MF5_2","9MF5","2",1.3990884666666665
"9MHF_5","9MHF","5",1.3990884666666665
"9MHG_5","9MHG","5",1.3990884666666665
"9MIG_1","9MIG","1",1.3990884666666665
"9MIP_2","9MIP","2",1.3990884666666665
"9MIR_1","9MIR","1",1.3990884666666665
"9MIR_2","9MIR","2",1.3990884666666665
"9MIR_3","9MIR","3",1.3990884666666665
"9MJ5_5","9MJ5","5",1.3990884666666665
"9MJV_1","9MJV","1",1.3990884666666665
"9MJX_1","9MJX","1",1.3990884666666665
"9MJY_1","9MJY","1",1.3990884666666665
"9MK0_1","9MK0","1",1.3990884666666665
"9MK1_1","9MK1","1",1.3990884666666665
"9MMP_2","9MMP","2",1.3990884666666665
"9MMQ_1","9MMQ","1",1.3990884666666665
"9MN4_3","9MN4","3",1.3990884666666665
"9MN6_4","9MN6","4",1.3990884666666665
"9MNA_2","9MNA","2",1.3990884666666665
"9MNY_1","9MNY","1",1.3990884666666665
"9MNZ_4","9MNZ","4",1.3990884666666665
"9MPP_8","9MPP","8",1.3990884666666665
"9MT8_1","9MT8","1",1.3990884666666665
"9MUL_1","9MUL","1",1.3990884666666665
"9MXU_4","9MXU","4",1.3990884666666665
"9MZE_2","9MZE","2",1.3990884666666665
"9MZW_2","9MZW","2",1.3990884666666665
"9N1Q_2","9N1Q","2",1.3990884666666665
"9N2I_3","9N2I","3",1.3990884666666665
"9N86_1","9N86","1",1.3990884666666665
"9N93_1","9N93","1",1.3990884666666665
"9N9J_18","9N9J","18",1.3990884666666665
"9N9S_2","9N9S","2",1.3990884666666665
"9NB1_6","9NB1","6",1.3990884666666665
"9NBT_2","9NBT","2",1.3990884666666665
"9NBT_6","9NBT","6",1.3990884666666665
"9NC8_4","9NC8","4",1.3990884666666665
"9NCV_1","9NCV","1",1.3990884666666665
"9NCW_1","9NCW","1",1.3990884666666665
"9NGO_2","9NGO","2",1.3990884666666665
"9NH5_9","9NH5","9",1.3990884666666665
"9NH8_7","9NH8","7",1.3990884666666665
"9NKF_32","9NKF","32",1.3990884666666665
"9NKG_31","9NKG","31",1.3990884666666665
"9NKI_32","9NKI","32",1.3990884666666665
"9NKJ_18","9NKJ","18",1.3990884666666665
"9NKJ_28","9NKJ","28",1.3990884666666665
"9NKJ_7","9NKJ","7",1.3990884666666665
"9NOP_8","9NOP","8",1.3990884666666665
"9NOR_2","9NOR","2",1.3990884666666665
"9NOS_2","9NOS","2",1.3990884666666665
"9NOT_1","9NOT","1",1.3990884666666665
"9NOT_2","9NOT","2",1.3990884666666665
"9NOV_1","9NOV","1",1.3990884666666665
"9NOV_2","9NOV","2",1.3990884666666665
"9NOW_1","9NOW","1",1.3990884666666665
"9NQ6_8","9NQ6","8",1.3990884666666665
"9NR1_7","9NR1","7",1.3990884666666665
"9NSN_1","9NSN","1",1.3990884666666665
"9NSN_2","9NSN","2",1.3990884666666665
"9NTQ_1","9NTQ","1",1.3990884666666665
"9NU3_1","9NU3","1",1.3990884666666665
"9NWD_1","9NWD","1",1.3990884666666665
"9NWE_1","9NWE","1",1.3990884666666665
"9NWS_3","9NWS","3",1.3990884666666665
"9NYR_4","9NYR","4",1.3990884666666665
"9O38_5","9O38","5",1.3990884666666665
"9O3V_4","9O3V","4",1.3990884666666665
"9O3W_57","9O3W","57",1.3990884666666665
"9O5A_1","9O5A","1",1.3990884666666665
"9O5D_3","9O5D","3",1.3990884666666665
"9O5E_2","9O5E","2",1.3990884666666665
"9O65_3","9O65","3",1.3990884666666665
"9O9T_2","9O9T","2",1.3990884666666665
"9ODJ_1","9ODJ","1",1.3990884666666665
"9ODK_2","9ODK","2",1.3990884666666665
"9ODN_1","9ODN","1",1.3990884666666665
"9ODO_2","9ODO","2",1.3990884666666665
"9OG3_1","9OG3","1",1.3990884666666665
"9OLF_22","9OLF","22",1.3990884666666665
"9OLF_63","9OLF","63",1.3990884666666665
"9OMA_3","9OMA","3",1.3990884666666665
"9OOK_3","9OOK","3",1.3990884666666665
"9OOQ_1","9OOQ","1",1.3990884666666665
"9OOQ_2","9OOQ","2",1.3990884666666665
"9OOR_2","9OOR","2",1.3990884666666665
"9OOS_2","9OOS","2",1.3990884666666665
"9OOT_2","9OOT","2",1.3990884666666665
"9OPY_1","9OPY","1",1.3990884666666665
"9OQ1_1","9OQ1","1",1.3990884666666665
"9OQ4_1","9OQ4","1",1.3990884666666665
"9OQ5_1","9OQ5","1",1.3990884666666665
"9OT6_1","9OT6","1",1.3990884666666665
"9OTY_2","9OTY","2",1.3990884666666665
"9OU8_1","9OU8","1",1.3990884666666665
"9OUT_1","9OUT","1",1.3990884666666665
"9OUU_1","9OUU","1",1.3990884666666665
"9OV2_1","9OV2","1",1.3990884666666665
"9OVQ_1","9OVQ","1",1.3990884666666665
"9OXB_2","9OXB","2",1.3990884666666665
"9OZJ_1","9OZJ","1",1.3990884666666665
"9OZK_1","9OZK","1",1.3990884666666665
"9OZM_1","9OZM","1",1.3990884666666665
"9P05_1","9P05","1",1.3990884666666665
"9P06_1","9P06","1",1.3990884666666665
"9P0K_4","9P0K","4",1.3990884666666665
"9P0L_1","9P0L","1",1.3990884666666665
"9P0L_4","9P0L","4",1.3990884666666665
"9P0M_3","9P0M","3",1.3990884666666665
"9P24_1","9P24","1",1.3990884666666665
"9P6Z_5","9P6Z","5",1.3990884666666665
"9P6Z_62","9P6Z","62",1.3990884666666665
"9P6Z_70","9P6Z","70",1.3990884666666665
"9P72_6","9P72","6",1.3990884666666665
"9P72_63","9P72","63",1.3990884666666665
"9P72_71","9P72","71",1.3990884666666665
"9P76_73","9P76","73",1.3990884666666665
"9P76_8","9P76","8",1.3990884666666665
"9P78_82","9P78","82",1.3990884666666665
"9P7E_6","9P7E","6",1.3990884666666665
"9P7F_7","9P7F","7",1.3990884666666665
"9P7H_64","9P7H","64",1.3990884666666665
"9P7J_62","9P7J","62",1.3990884666666665
"9P7K_7","9P7K","7",1.3990884666666665
"9P7L_6","9P7L","6",1.3990884666666665
"9P7L_63","9P7L","63",1.3990884666666665
"9P7O_73","9P7O","73",1.3990884666666665
"9P7O_8","9P7O","8",1.3990884666666665
"9P7X_43","9P7X","43",1.3990884666666665
"9P7Z_4","9P7Z","4",1.3990884666666665
"9P80_1","9P80","1",1.3990884666666665
"9P82_3","9P82","3",1.3990884666666665
"9P84_4","9P84","4",1.3990884666666665
"9P85_3","9P85","3",1.3990884666666665
"9P86_1","9P86","1",1.3990884666666665
"9P86_5","9P86","5",1.3990884666666665
"9P87_5","9P87","5",1.3990884666666665
"9P88_1","9P88","1",1.3990884666666665
"9P89_1","9P89","1",1.3990884666666665
"9P89_2","9P89","2",1.3990884666666665
"9P8A_2","9P8A","2",1.3990884666666665
"9P8B_66","9P8B","66",1.3990884666666665
"9P8C_56","9P8C","56",1.3990884666666665
"9P8C_6","9P8C","6",1.3990884666666665
"9P8C_82","9P8C","82",1.3990884666666665
"9P8H_16","9P8H","16",1.3990884666666665
"9P8H_24","9P8H","24",1.3990884666666665
"9P8I_5","9P8I","5",1.3990884666666665
"9P9H_62","9P9H","62",1.3990884666666665
"9P9I_5","9P9I","5",1.3990884666666665
"9P9I_62","9P9I","62",1.3990884666666665
"9P9I_70","9P9I","70",1.3990884666666665
"9P9J_4","9P9J","4",1.3990884666666665
"9PA1_2","9PA1","2",1.3990884666666665
"9PA2_3","9PA2","3",1.3990884666666665
"9PA4_2","9PA4","2",1.3990884666666665
"9PA5_3","9PA5","3",1.3990884666666665
"9PA6_3","9PA6","3",1.3990884666666665
"9PBE_6","9PBE","6",1.3990884666666665
"9PCP_5","9PCP","5",1.3990884666666665
"9PD4_5","9PD4","5",1.3990884666666665
"9PDL_2","9PDL","2",1.3990884666666665
"9PEE_1","9PEE","1",1.3990884666666665
"9PFD_1","9PFD","1",1.3990884666666665
"9PG8_37","9PG8","37",1.3990884666666665
"9PG8_53","9PG8","53",1.3990884666666665
"9PG8_61","9PG8","61",1.3990884666666665
"9PGF_52","9PGF","52",1.3990884666666665
"9PGF_81","9PGF","81",1.3990884666666665
"9PGI_37","9PGI","37",1.3990884666666665
"9PGI_54","9PGI","54",1.3990884666666665
"9PGI_57","9PGI","57",1.3990884666666665
"9PGI_62","9PGI","62",1.3990884666666665
"9PGL_53","9PGL","53",1.3990884666666665
"9PGL_61","9PGL","61",1.3990884666666665
"9PGL_82","9PGL","82",1.3990884666666665
"9PGM_56","9PGM","56",1.3990884666666665
"9PGM_61","9PGM","61",1.3990884666666665
"9PKD_5","9PKD","5",1.3990884666666665
"9PKD_81","9PKD","81",1.3990884666666665
"9PKG_6","9PKG","6",1.3990884666666665
"9PLQ_1","9PLQ","1",1.3990884666666665
"9PLY_1","9PLY","1",1.3990884666666665
"9PMO_14","9PMO","14",1.3990884666666665
"9PMO_16","9PMO","16",1.3990884666666665
"9PMO_7","9PMO","7",1.3990884666666665
"9PMQ_14","9PMQ","14",1.3990884666666665
"9PMQ_16","9PMQ","16",1.3990884666666665
"9PR4_35","9PR4","35",1.3990884666666665
"9PRD_55","9PRD","55",1.3990884666666665
"9PRD_81","9PRD","81",1.3990884666666665
"9PRT_7","9PRT","7",1.3990884666666665
"9PS0_71","9PS0","71",1.3990884666666665
"9PS0_88","9PS0","88",1.3990884666666665
"9PS7_36","9PS7","36",1.3990884666666665
"9PS7_82","9PS7","82",1.3990884666666665
"9PSI_35","9PSI","35",1.3990884666666665
"9PSI_53","9PSI","53",1.3990884666666665
"9PSI_56","9PSI","56",1.3990884666666665
"9PSM_53","9PSM","53",1.3990884666666665
"9PSM_87","9PSM","87",1.3990884666666665
"9PUV_1","9PUV","1",1.3990884666666665
"9PUW_1","9PUW","1",1.3990884666666665
"9PXV_2","9PXV","2",1.3990884666666665
"9PXW_2","9PXW","2",1.3990884666666665
"9PXX_2","9PXX","2",1.3990884666666665
"9Q22_2","9Q22","2",1.3990884666666665
"9Q33_2","9Q33","2",1.3990884666666665
"9Q6N_1","9Q6N","1",1.3990884666666665
"9Q6Y_1","9Q6Y","1",1.3990884666666665
"9Q6Z_1","9Q6Z","1",1.3990884666666665
"9Q7U_8","9Q7U","8",1.3990884666666665
"9Q7Y_4","9Q7Y","4",1.3990884666666665
"9Q89_1","9Q89","1",1.3990884666666665
"9Q9J_5","9Q9J","5",1.3990884666666665
"9Q9K_4","9Q9K","4",1.3990884666666665
"9Q9Z_1","9Q9Z","1",1.3990884666666665
"9QB3_5","9QB3","5",1.3990884666666665
"9QBV_1","9QBV","1",1.3990884666666665
"9QC6_5","9QC6","5",1.3990884666666665
"9QCS_1","9QCS","1",1.3990884666666665
"9QEJ_2","9QEJ","2",1.3990884666666665
"9QK2_4","9QK2","4",1.3990884666666665
"9QLD_1","9QLD","1",1.3990884666666665
"9QLO_64","9QLO","64",1.3990884666666665
"9QLO_87","9QLO","87",1.3990884666666665
"9QLQ_64","9QLQ","64",1.3990884666666665
"9QMO_1","9QMO","1",1.3990884666666665
"9QO8_1","9QO8","1",1.3990884666666665
"9QO9_1","9QO9","1",1.3990884666666665
"9QON_4","9QON","4",1.3990884666666665
"9QOO_2","9QOO","2",1.3990884666666665
"9QS6_4","9QS6","4",1.3990884666666665
"9QVM_8","9QVM","8",1.3990884666666665
"9QVN_8","9QVN","8",1.3990884666666665
"9QVN_9","9QVN","9",1.3990884666666665
"9QVX_1","9QVX","1",1.3990884666666665
"9QVX_8","9QVX","8",1.3990884666666665
"9QWN_1","9QWN","1",1.3990884666666665
"9QWZ_2","9QWZ","2",1.3990884666666665
"9R1F_1","9R1F","1",1.3990884666666665
"9R1G_1","9R1G","1",1.3990884666666665
"9R2I_3","9R2I","3",1.3990884666666665
"9R3C_1","9R3C","1",1.3990884666666665
"9R3D_7","9R3D","7",1.3990884666666665
"9R3H_1","9R3H","1",1.3990884666666665
"9R3I_1","9R3I","1",1.3990884666666665
"9R3O_1","9R3O","1",1.3990884666666665
"9R3S_2","9R3S","2",1.3990884666666665
"9R3Z_1","9R3Z","1",1.3990884666666665
"9R41_2","9R41","2",1.3990884666666665
"9R41_4","9R41","4",1.3990884666666665
"9R48_1","9R48","1",1.3990884666666665
"9R7L_1","9R7L","1",1.3990884666666665
"9R8V_32","9R8V","32",1.3990884666666665
"9R95_1","9R95","1",1.3990884666666665
"9R96_1","9R96","1",1.3990884666666665
"9R9E_1","9R9E","1",1.3990884666666665
"9RCV_6","9RCV","6",1.3990884666666665
"9RDA_1","9RDA","1",1.3990884666666665
"9RDF_1","9RDF","1",1.3990884666666665
"9RDK_5","9RDK","5",1.3990884666666665
"9RFQ_1","9RFQ","1",1.3990884666666665
"9RFT_1","9RFT","1",1.3990884666666665
"9RIL_5","9RIL","5",1.3990884666666665
"9RIR_5","9RIR","5",1.3990884666666665
"9RKD_1","9RKD","1",1.3990884666666665
"9RKF_1","9RKF","1",1.3990884666666665
"9RKH_1","9RKH","1",1.3990884666666665
"9RKI_1","9RKI","1",1.3990884666666665
"9RKW_1","9RKW","1",1.3990884666666665
"9RKZ_12","9RKZ","12",1.3990884666666665
"9RKZ_13","9RKZ","13",1.3990884666666665
"9RMC_13","9RMC","13",1.3990884666666665
"9RMD_1","9RMD","1",1.3990884666666665
"9RN2_12","9RN2","12",1.3990884666666665
"9RNJ_1","9RNJ","1",1.3990884666666665
"9RO7_1","9RO7","1",1.3990884666666665
"9ROR_24","9ROR","24",1.3990884666666665
"9ROV_26","9ROV","26",1.3990884666666665
"9RPB_2","9RPB","2",1.3990884666666665
"9RPV_73","9RPV","73",1.3990884666666665
"9RQM_1","9RQM","1",1.3990884666666665
"9RQN_1","9RQN","1",1.3990884666666665
"9RS0_1","9RS0","1",1.3990884666666665
"9RS8_2","9RS8","2",1.3990884666666665
"9RTI_1","9RTI","1",1.3990884666666665
"9RTP_1","9RTP","1",1.3990884666666665
"9RU6_11","9RU6","11",1.3990884666666665
"9RU6_5","9RU6","5",1.3990884666666665
"9RU6_87","9RU6","87",1.3990884666666665
"9RU7_4","9RU7","4",1.3990884666666665
"9RU8_76","9RU8","76",1.3990884666666665
"9RU9_1","9RU9","1",1.3990884666666665
"9RUC_3","9RUC","3",1.3990884666666665
"9RUR_1","9RUR","1",1.3990884666666665
"9RXB_4","9RXB","4",1.3990884666666665
"9RXQ_1","9RXQ","1",1.3990884666666665
"9S0S_1","9S0S","1",1.3990884666666665
"9S1A_1","9S1A","1",1.3990884666666665
"9S2E_20","9S2E","20",1.3990884666666665
"9S2F_13","9S2F","13",1.3990884666666665
"9S2F_16","9S2F","16",1.3990884666666665
"9S2F_21","9S2F","21",1.3990884666666665
"9S3B_60","9S3B","60",1.3990884666666665
"9S3B_83","9S3B","83",1.3990884666666665
"9S3C_64","9S3C","64",1.3990884666666665
"9S3C_8","9S3C","8",1.3990884666666665
"9S3D_63","9S3D","63",1.3990884666666665
"9S3D_86","9S3D","86",1.3990884666666665
"9S3J_1","9S3J","1",1.3990884666666665
"9SA2_1","9SA2","1",1.3990884666666665
"9SA8_3","9SA8","3",1.3990884666666665
"9SAF_2","9SAF","2",1.3990884666666665
"9SDX_2","9SDX","2",1.3990884666666665
"9SFG_1","9SFG","1",1.3990884666666665
"9SFM_2","9SFM","2",1.3990884666666665
"9SFS_1","9SFS","1",1.3990884666666665
"9SMX_7","9SMX","7",1.3990884666666665
"9SP7_1","9SP7","1",1.3990884666666665
"9SPF_80","9SPF","80",1.3990884666666665
"9SPI_59","9SPI","59",1.3990884666666665
"9SPI_6","9SPI","6",1.3990884666666665
"9SPI_82","9SPI","82",1.3990884666666665
"9SYR_28","9SYR","28",1.3990884666666665
"9SYR_29","9SYR","29",1.3990884666666665
"9SYR_59","9SYR","59",1.3990884666666665
"9SYR_85","9SYR","85",1.3990884666666665
"9SYU_1","9SYU","1",1.3990884666666665
"9SZT_7","9SZT","7",1.3990884666666665
"9SZV_8","9SZV","8",1.3990884666666665
"9T0T_1","9T0T","1",1.3990884666666665
"9T2F_1","9T2F","1",1.3990884666666665
"9TAX_2","9TAX","2",1.3990884666666665
"9TDS_1","9TDS","1",1.3990884666666665
"9TF0_5","9TF0","5",1.3990884666666665
"9TFD_1","9TFD","1",1.3990884666666665
"9TFF_1","9TFF","1",1.3990884666666665
"9TFG_1","9TFG","1",1.3990884666666665
"9TFI_1","9TFI","1",1.3990884666666665
"9TFK_1","9TFK","1",1.3990884666666665
"9U37_1","9U37","1",1.3990884666666665
"9U3L_29","9U3L","29",1.3990884666666665
"9U3L_6","9U3L","6",1.3990884666666665
"9U3Q_1","9U3Q","1",1.3990884666666665
"9U3R_1","9U3R","1",1.3990884666666665
"9U4J_1","9U4J","1",1.3990884666666665
"9U4M_9","9U4M","9",1.3990884666666665
"9U60_2","9U60","2",1.3990884666666665
"9U62_3","9U62","3",1.3990884666666665
"9U9V_2","9U9V","2",1.3990884666666665
"9UDV_1","9UDV","1",1.3990884666666665
"9UDW_1","9UDW","1",1.3990884666666665
"9UDX_1","9UDX","1",1.3990884666666665
"9UG9_16","9UG9","16",1.3990884666666665
"9UG9_9","9UG9","9",1.3990884666666665
"9UGU_1","9UGU","1",1.3990884666666665
"9UGY_1","9UGY","1",1.3990884666666665
"9UH2_2","9UH2","2",1.3990884666666665
"9UH5_2","9UH5","2",1.3990884666666665
"9UH6_2","9UH6","2",1.3990884666666665
"9UH7_11","9UH7","11",1.3990884666666665
"9UH7_2","9UH7","2",1.3990884666666665
"9UH8_2","9UH8","2",1.3990884666666665
"9UH9_12","9UH9","12",1.3990884666666665
"9UH9_2","9UH9","2",1.3990884666666665
"9UHA_11","9UHA","11",1.3990884666666665
"9UHA_2","9UHA","2",1.3990884666666665
"9UHR_2","9UHR","2",1.3990884666666665
"9UHS_2","9UHS","2",1.3990884666666665
"9UIE_2","9UIE","2",1.3990884666666665
"9UIN_1","9UIN","1",1.3990884666666665
"9UJR_2","9UJR","2",1.3990884666666665
"9UJZ_1","9UJZ","1",1.3990884666666665
"9UK7_1","9UK7","1",1.3990884666666665
"9UMJ_4","9UMJ","4",1.3990884666666665
"9UMR_1","9UMR","1",1.3990884666666665
"9UMR_3","9UMR","3",1.3990884666666665
"9UMX_1","9UMX","1",1.3990884666666665
"9UMX_3","9UMX","3",1.3990884666666665
"9UOK_2","9UOK","2",1.3990884666666665
"9UOU_1","9UOU","1",1.3990884666666665
"9UPG_3","9UPG","3",1.3990884666666665
"9UPV_1","9UPV","1",1.3990884666666665
"9UQ0_3","9UQ0","3",1.3990884666666665
"9UQ0_5","9UQ0","5",1.3990884666666665
"9URH_1","9URH","1",1.3990884666666665
"9UT8_2","9UT8","2",1.3990884666666665
"9UTB_1","9UTB","1",1.3990884666666665
"9UTB_2","9UTB","2",1.3990884666666665
"9UTC_2","9UTC","2",1.3990884666666665
"9UTJ_1","9UTJ","1",1.3990884666666665
"9UVD_1","9UVD","1",1.3990884666666665
"9UVE_1","9UVE","1",1.3990884666666665
"9UWH_34","9UWH","34",1.3990884666666665
"9UWI_1","9UWI","1",1.3990884666666665
"9UXJ_1","9UXJ","1",1.3990884666666665
"9UYO_1","9UYO","1",1.3990884666666665
"9UZT_1","9UZT","1",1.3990884666666665
"9V0A_1","9V0A","1",1.3990884666666665
"9V0U_4","9V0U","4",1.3990884666666665
"9V38_1","9V38","1",1.3990884666666665
"9V3S_1","9V3S","1",1.3990884666666665
"9V3V_1","9V3V","1",1.3990884666666665
"9V61_1","9V61","1",1.3990884666666665
"9V80_1","9V80","1",1.3990884666666665
"9V81_2","9V81","2",1.3990884666666665
"9V86_1","9V86","1",1.3990884666666665
"9V8W_1","9V8W","1",1.3990884666666665
"9VA8_1","9VA8","1",1.3990884666666665
"9VAN_1","9VAN","1",1.3990884666666665
"9VAV_4","9VAV","4",1.3990884666666665
"9VAY_2","9VAY","2",1.3990884666666665
"9VB0_2","9VB0","2",1.3990884666666665
"9VB3_4","9VB3","4",1.3990884666666665
"9VB5_4","9VB5","4",1.3990884666666665
"9VC7_1","9VC7","1",1.3990884666666665
"9VD9_33","9VD9","33",1.3990884666666665
"9VEE_1","9VEE","1",1.3990884666666665
"9VEF_1","9VEF","1",1.3990884666666665
"9VEF_2","9VEF","2",1.3990884666666665
"9VI9_3","9VI9","3",1.3990884666666665
"9VJ6_2","9VJ6","2",1.3990884666666665
"9VJ6_5","9VJ6","5",1.3990884666666665
"9VJF_2","9VJF","2",1.3990884666666665
"9VJF_5","9VJF","5",1.3990884666666665
"9VLT_4","9VLT","4",1.3990884666666665
"9VM2_1","9VM2","1",1.3990884666666665
"9VM7_1","9VM7","1",1.3990884666666665
"9VM8_1","9VM8","1",1.3990884666666665
"9VMG_3","9VMG","3",1.3990884666666665
"9VMP_2","9VMP","2",1.3990884666666665
"9VMX_2","9VMX","2",1.3990884666666665
"9VMY_2","9VMY","2",1.3990884666666665
"9VN5_1","9VN5","1",1.3990884666666665
"9VNF_2","9VNF","2",1.3990884666666665
"9VNY_1","9VNY","1",1.3990884666666665
"9VO1_4","9VO1","4",1.3990884666666665
"9VPN_3","9VPN","3",1.3990884666666665
"9VPN_5","9VPN","5",1.3990884666666665
"9VRS_1","9VRS","1",1.3990884666666665
"9VSL_1","9VSL","1",1.3990884666666665
"9VUF_15","9VUF","15",1.3990884666666665
"9VUG_14","9VUG","14",1.3990884666666665
"9VXM_86","9VXM","86",1.3990884666666665
"9VXW_1","9VXW","1",1.3990884666666665
"9VZ3_2","9VZ3","2",1.3990884666666665
"9VZP_1","9VZP","1",1.3990884666666665
"9W01_1","9W01","1",1.3990884666666665
"9W0M_1","9W0M","1",1.3990884666666665
"9W0O_2","9W0O","2",1.3990884666666665
"9W0P_2","9W0P","2",1.3990884666666665
"9W0S_2","9W0S","2",1.3990884666666665
"9W0T_2","9W0T","2",1.3990884666666665
"9W1J_6","9W1J","6",1.3990884666666665
"9W1R_1","9W1R","1",1.3990884666666665
"9W2G_4","9W2G","4",1.3990884666666665
"9W2J_5","9W2J","5",1.3990884666666665
"9W39_5","9W39","5",1.3990884666666665
"9W3F_1","9W3F","1",1.3990884666666665
"9W4R_1","9W4R","1",1.3990884666666665
"9W5I_2","9W5I","2",1.3990884666666665
"9W7W_1","9W7W","1",1.3990884666666665
"9W8J_1","9W8J","1",1.3990884666666665
"9W90_1","9W90","1",1.3990884666666665
"9W90_3","9W90","3",1.3990884666666665
"9WA7_1","9WA7","1",1.3990884666666665
"9WAK_1","9WAK","1",1.3990884666666665
"9WD9_1","9WD9","1",1.3990884666666665
"9WPL_1","9WPL","1",1.3990884666666665
"9WPM_4","9WPM","4",1.3990884666666665
"9WQM_2","9WQM","2",1.3990884666666665
"9WS8_1","9WS8","1",1.3990884666666665
"9X40_2","9X40","2",1.3990884666666665
"9X65_2","9X65","2",1.3990884666666665
"9X65_3","9X65","3",1.3990884666666665
"9X8X_1","9X8X","1",1.3990884666666665
"9X95_1","9X95","1",1.3990884666666665
"9XCA_1","9XCA","1",1.3990884666666665
"9XDQ_2","9XDQ","2",1.3990884666666665
"9XHH_2","9XHH","2",1.3990884666666665
"9XHI_4","9XHI","4",1.3990884666666665
"9XHR_1","9XHR","1",1.3990884666666665
"9XJW_2","9XJW","2",1.3990884666666665
"9XQN_1","9XQN","1",1.3990884666666665
"9XXT_3","9XXT","3",1.3990884666666665
"9XY4_1","9XY4","1",1.3990884666666665
"9XY4_4","9XY4","4",1.3990884666666665
"9Y2A_1","9Y2A","1",1.3990884666666665
"9Y2B_1","9Y2B","1",1.3990884666666665
"9Y2C_1","9Y2C","1",1.3990884666666665
"9Y3P_4","9Y3P","4",1.3990884666666665
"9Y3T_1","9Y3T","1",1.3990884666666665
"9Y3T_3","9Y3T","3",1.3990884666666665
"9Y4P_8","9Y4P","8",1.3990884666666665
"9Y4Q_1","9Y4Q","1",1.3990884666666665
"9Y4W_1","9Y4W","1",1.3990884666666665
"9Y4W_3","9Y4W","3",1.3990884666666665
"9Y5R_3","9Y5R","3",1.3990884666666665
"9Y5S_1","9Y5S","1",1.3990884666666665
"9Y5T_3","9Y5T","3",1.3990884666666665
"9Y5U_3","9Y5U","3",1.3990884666666665
"9YDG_1","9YDG","1",1.3990884666666665
"9YDR_2","9YDR","2",1.3990884666666665
"9YDU_2","9YDU","2",1.3990884666666665
"9YDV_2","9YDV","2",1.3990884666666665
"9YGY_20","9YGY","20",1.3990884666666665
"9YGZ_2","9YGZ","2",1.3990884666666665
"9YL3_1","9YL3","1",1.3990884666666665
"9YL3_11","9YL3","11",1.3990884666666665
"9YLE_3","9YLE","3",1.3990884666666665
"9YLY_6","9YLY","6",1.3990884666666665
"9YLY_7","9YLY","7",1.3990884666666665
"9YM8_10","9YM8","10",1.3990884666666665
"9YUZ_8","9YUZ","8",1.3990884666666665
"9YXD_1","9YXD","1",1.3990884666666665
"9Z04_1","9Z04","1",1.3990884666666665
"9Z1L_1","9Z1L","1",1.3990884666666665
"9Z1W_1","9Z1W","1",1.3990884666666665
"9Z1X_1","9Z1X","1",1.3990884666666665
"9Z21_1","9Z21","1",1.3990884666666665
"9Z28_1","9Z28","1",1.3990884666666665
"9Z6D_1","9Z6D","1",1.3990884666666665
"9Z6E_1","9Z6E","1",1.3990884666666665
"9Z9E_1","9Z9E","1",1.3990884666666665
"9Z9L_2","9Z9L","2",1.3990884666666665
"9ZBJ_1","9ZBJ","1",1.3990884666666665
"9ZE2_4","9ZE2","4",1.3990884666666665
"9ZE3_7","9ZE3","7",1.3990884666666665
"9ZEC_2","9ZEC","2",1.3990884666666665
"9ZF0_1","9ZF0","1",1.3990884666666665
"9ZPC_1","9ZPC","1",1.3990884666666665
"9ZPC_3","9ZPC","3",1.3990884666666665
"9ZPD_1","9ZPD","1",1.3990884666666665
"9ZPD_3","9ZPD","3",1.3990884666666665
"9ZPT_1","9ZPT","1",1.3990884666666665
"9ZUZ_3","9ZUZ","3",1.3990884666666665
"10AJ_1","10AJ","1",1.398814533333333
"10AK_1","10AK","1",1.398814533333333
"10EN_1","10EN","1",1.398814533333333
"10EY_2","10EY","2",1.398814533333333
"10EZ_1","10EZ","1",1.398814533333333
"10FF_1","10FF","1",1.398814533333333
"10FL_1","10FL","1",1.398814533333333
"10FN_1","10FN","1",1.398814533333333
"10FN_2","10FN","2",1.398814533333333
"10FO_1","10FO","1",1.398814533333333
"11MR_2","11MR","2",1.398814533333333
"12AG_1","12AG","1",1.398814533333333
"12IY_1","12IY","1",1.398814533333333
"12JA_2","12JA","2",1.398814533333333
"12OZ_1","12OZ","1",1.398814533333333
"12PB_2","12PB","2",1.398814533333333
"13LW_1","13LW","1",1.398814533333333
"13LX_1","13LX","1",1.398814533333333
"13SC_1","13SC","1",1.398814533333333
"13SH_1","13SH","1",1.398814533333333
"13SJ_1","13SJ","1",1.398814533333333
"13SK_1","13SK","1",1.398814533333333
"13SN_1","13SN","1",1.398814533333333
"13SQ_1","13SQ","1",1.398814533333333
"13SR_1","13SR","1",1.398814533333333
"13SU_1","13SU","1",1.398814533333333
"13SW_1","13SW","1",1.398814533333333
"1A31_3","1A31","3",1.398814533333333
"1AYP_1","1AYP","1",1.398814533333333
"1BJ5_1","1BJ5","1",1.398814533333333
"1BM0_1","1BM0","1",1.398814533333333
"1BTK_1","1BTK","1",1.398814533333333
"1C1Y_2","1C1Y","2",1.398814533333333
"1CW3_1","1CW3","1",1.398814533333333
"1D1J_1","1D1J","1",1.398814533333333
"1DCY_1","1DCY","1",1.398814533333333
"1E78_1","1E78","1",1.398814533333333
"1E7B_1","1E7B","1",1.398814533333333
"1E7G_1","1E7G","1",1.398814533333333
"1E7I_1","1E7I","1",1.398814533333333
"1EJ9_3","1EJ9","3",1.398814533333333
"1EQT_1","1EQT","1",1.398814533333333
"1EV6_1","1EV6","1",1.398814533333333
"1EVR_1","1EVR","1",1.398814533333333
"1F59_1","1F59","1",1.398814533333333
"1FD3_1","1FD3","1",1.398814533333333
"1FLE_2","1FLE","2",1.398814533333333
"1FQ1_1","1FQ1","1",1.398814533333333
"1FZV_1","1FZV","1",1.398814533333333
"1G8Q_1","1G8Q","1",1.398814533333333
"1GQ4_1","1GQ4","1",1.398814533333333
"1GQ5_1","1GQ5","1",1.398814533333333
"1GUA_2","1GUA","2",1.398814533333333
"1GZR_1","1GZR","1",1.398814533333333
"1GZY_1","1GZY","1",1.398814533333333
"1H59_1","1H59","1",1.398814533333333
"1HA2_1","1HA2","1",1.398814533333333
"1HCN_1","1HCN","1",1.398814533333333
"1HDX_1","1HDX","1",1.398814533333333
"1HDY_1","1HDY","1",1.398814533333333
"1HK2_1","1HK2","1",1.398814533333333
"1HRP_1","1HRP","1",1.398814533333333
"1HTB_1","1HTB","1",1.398814533333333
"1HW8_1","1HW8","1",1.398814533333333
"1HW9_1","1HW9","1",1.398814533333333
"1HWI_1","1HWI","1",1.398814533333333
"1HWL_1","1HWL","1",1.398814533333333
"1I51_3","1I51","3",1.398814533333333
"1I92_1","1I92","1",1.398814533333333
"1IAS_1","1IAS","1",1.398814533333333
"1IBR_2","1IBR","2",1.398814533333333
"1IV5_1","1IV5","1",1.398814533333333
"1JCA_1","1JCA","1",1.398814533333333
"1JCQ_2","1JCQ","2",1.398814533333333
"1JK7_1","1JK7","1",1.398814533333333
"1JKG_2","1JKG","2",1.398814533333333
"1JN5_2","1JN5","2",1.398814533333333
"1JNX_1","1JNX","1",1.398814533333333
"1JPI_1","1JPI","1",1.398814533333333
"1JXQ_1","1JXQ","1",1.398814533333333
"1KTZ_1","1KTZ","1",1.398814533333333
"1KVO_1","1KVO","1",1.398814533333333
"1LE6_1","1LE6","1",1.398814533333333
"1LPQ_3","1LPQ","3",1.398814533333333
"1LT8_1","1LT8","1",1.398814533333333
"1LX5_1","1LX5","1",1.398814533333333
"1M4U_1","1M4U","1",1.398814533333333
"1MKG_1","1MKG","1",1.398814533333333
"1ML0_2","1ML0","2",1.398814533333333
"1MSO_1","1MSO","1",1.398814533333333
"1MZC_2","1MZC","2",1.398814533333333
"1N1F_1","1N1F","1",1.398814533333333
"1N28_1","1N28","1",1.398814533333333
"1N29_1","1N29","1",1.398814533333333
"1N46_1","1N46","1",1.398814533333333
"1N5O_1","1N5O","1",1.398814533333333
"1NAV_1","1NAV","1",1.398814533333333
"1NCF_1","1NCF","1",1.398814533333333
"1NH3_4","1NH3","4",1.398814533333333
"1NQ0_1","1NQ0","1",1.398814533333333
"1NQ1_1","1NQ1","1",1.398814533333333
"1NQL_1","1NQL","1",1.398814533333333
"1NR2_1","1NR2","1",1.398814533333333
"1NTY_1","1NTY","1",1.398814533333333
"1NYS_2","1NYS","2",1.398814533333333
"1NZX_1","1NZX","1",1.398814533333333
"1O01_1","1O01","1",1.398814533333333
"1O02_1","1O02","1",1.398814533333333
"1OHE_1","1OHE","1",1.398814533333333
"1OS4_1","1OS4","1",1.398814533333333
"1P0I_1","1P0I","1",1.398814533333333
"1POD_1","1POD","1",1.398814533333333
"1Q4O_1","1Q4O","1",1.398814533333333
"1QFW_1","1QFW","1",1.398814533333333
"1QGK_1","1QGK","1",1.398814533333333
"1QIP_1","1QIP","1",1.398814533333333
"1QIZ_1","1QIZ","1",1.398814533333333
"1QTN_1","1QTN","1",1.398814533333333
"1RPM_1","1RPM","1",1.398814533333333
"1RR8_3","1RR8","3",1.398814533333333
"1RRJ_3","1RRJ","3",1.398814533333333
"1RW8_1","1RW8","1",1.398814533333333
"1S1G_1","1S1G","1",1.398814533333333
"1S70_1","1S70","1",1.398814533333333
"1SHZ_2","1SHZ","2",1.398814533333333
"1T45_1","1T45","1",1.398814533333333
"1T46_1","1T46","1",1.398814533333333
"1T8I_4","1T8I","4",1.398814533333333
"1TF0_1","1TF0","1",1.398814533333333
"1TGJ_1","1TGJ","1",1.398814533333333
"1TNR_2","1TNR","2",1.398814533333333
"1TYL_1","1TYL","1",1.398814533333333
"1U32_1","1U32","1",1.398814533333333
"1U3U_1","1U3U","1",1.398814533333333
"1U3W_1","1U3W","1",1.398814533333333
"1U4L_1","1U4L","1",1.398814533333333
"1U4M_1","1U4M","1",1.398814533333333
"1UMW_1","1UMW","1",1.398814533333333
"1UOU_1","1UOU","1",1.398814533333333
"1URO_1","1URO","1",1.398814533333333
"1UWY_1","1UWY","1",1.398814533333333
"1UZ9_1","1UZ9","1",1.398814533333333
"1UZK_1","1UZK","1",1.398814533333333
"1WAW_1","1WAW","1",1.398814533333333
"1WMA_1","1WMA","1",1.398814533333333
"1XA6_1","1XA6","1",1.398814533333333
"1Y0X_1","1Y0X","1",1.398814533333333
"1Y4M_1","1Y4M","1",1.398814533333333
"1Y8R_1","1Y8R","1",1.398814533333333
"1YCK_1","1YCK","1",1.398814533333333
"1YTV_2","1YTV","2",1.398814533333333
"1YWH_1","1YWH","1",1.398814533333333
"1YY9_1","1YY9","1",1.398814533333333
"1Z6U_1","1Z6U","1",1.398814533333333
"1ZD1_1","1ZD1","1",1.398814533333333
"1ZEG_1","1ZEG","1",1.398814533333333
"1ZJ6_1","1ZJ6","1",1.398814533333333
"1ZNJ_1","1ZNJ","1",1.398814533333333
"20ZG_2","20ZG","2",1.398814533333333
"21AG_4","21AG","4",1.398814533333333
"21CB_1","21CB","1",1.398814533333333
"21CQ_2","21CQ","2",1.398814533333333
"21NP_1","21NP","1",1.398814533333333
"21TV_3","21TV","3",1.398814533333333
"22AY_1","22AY","1",1.398814533333333
"22AZ_2","22AZ","2",1.398814533333333
"22BA_1","22BA","1",1.398814533333333
"22BC_1","22BC","1",1.398814533333333
"22BD_1","22BD","1",1.398814533333333
"22BE_2","22BE","2",1.398814533333333
"22BF_2","22BF","2",1.398814533333333
"22BG_1","22BG","1",1.398814533333333
"22BH_2","22BH","2",1.398814533333333
"22BI_2","22BI","2",1.398814533333333
"22BJ_1","22BJ","1",1.398814533333333
"22GK_1","22GK","1",1.398814533333333
"22GL_1","22GL","1",1.398814533333333
"22GL_2","22GL","2",1.398814533333333
"22MM_17","22MM","17",1.398814533333333
"22VT_5","22VT","5",1.398814533333333
"22XC_2","22XC","2",1.398814533333333
"23BB_2","23BB","2",1.398814533333333
"23IV_2","23IV","2",1.398814533333333
"23OI_3","23OI","3",1.398814533333333
"23SR_1","23SR","1",1.398814533333333
"24RC_1","24RC","1",1.398814533333333
"25HF_1","25HF","1",1.398814533333333
"25IL_1","25IL","1",1.398814533333333
"25ST_2","25ST","2",1.398814533333333
"26VC_1","26VC","1",1.398814533333333
"26XH_5","26XH","5",1.398814533333333
"28JM_5","28JM","5",1.398814533333333
"28JS_5","28JS","5",1.398814533333333
"28KE_5","28KE","5",1.398814533333333
"28OP_10","28OP","10",1.398814533333333
"28OP_12","28OP","12",1.398814533333333
"28ZU_24","28ZU","24",1.398814533333333
"28ZX_24","28ZX","24",1.398814533333333
"28ZX_7","28ZX","7",1.398814533333333
"28ZY_43","28ZY","43",1.398814533333333
"28ZY_7","28ZY","7",1.398814533333333
"29HG_2","29HG","2",1.398814533333333
"29RT_1","29RT","1",1.398814533333333
"2A73_2","2A73","2",1.398814533333333
"2ADO_1","2ADO","1",1.398814533333333
"2AL7_1","2AL7","1",1.398814533333333
"2ARP_1","2ARP","1",1.398814533333333
"2ATX_1","2ATX","1",1.398814533333333
"2AW2_2","2AW2","2",1.398814533333333
"2B0U_2","2B0U","2",1.398814533333333
"2B3H_1","2B3H","1",1.398814533333333
"2B3Y_1","2B3Y","1",1.398814533333333
"2BDN_1","2BDN","1",1.398814533333333
"2BHK_1","2BHK","1",1.398814533333333
"2BIJ_1","2BIJ","1",1.398814533333333
"2BKA_1","2BKA","1",1.398814533333333
"2BV5_1","2BV5","1",1.398814533333333
"2BX8_1","2BX8","1",1.398814533333333
"2BXA_1","2BXA","1",1.398814533333333
"2BXI_1","2BXI","1",1.398814533333333
"2C11_1","2C11","1",1.398814533333333
"2C7W_1","2C7W","1",1.398814533333333
"2C8Q_1","2C8Q","1",1.398814533333333
"2C8R_1","2C8R","1",1.398814533333333
"2CE8_1","2CE8","1",1.398814533333333
"2CJZ_1","2CJZ","1",1.398814533333333
"2CNX_1","2CNX","1",1.398814533333333
"2DEW_1","2DEW","1",1.398814533333333
"2DHO_1","2DHO","1",1.398814533333333
"2DOK_1","2DOK","1",1.398814533333333
"2DSQ_1","2DSQ","1",1.398814533333333
"2DU8_1","2DU8","1",1.398814533333333
"2DW5_1","2DW5","1",1.398814533333333
"2E4A_1","2E4A","1",1.398814533333333
"2ETX_1","2ETX","1",1.398814533333333
"2FJZ_1","2FJZ","1",1.398814533333333
"2FUN_2","2FUN","2",1.398814533333333
"2FV7_1","2FV7","1",1.398814533333333
"2FY3_1","2FY3","1",1.398814533333333
"2G6P_1","2G6P","1",1.398814533333333
"2G76_1","2G76","1",1.398814533333333
"2GH0_1","2GH0","1",1.398814533333333
"2GJK_1","2GJK","1",1.398814533333333
"2GOO_2","2GOO","2",1.398814533333333
"2GZ5_1","2GZ5","1",1.398814533333333
"2H11_1","2H11","1",1.398814533333333
"2H14_1","2H14","1",1.398814533333333
"2H17_1","2H17","1",1.398814533333333
"2H18_1","2H18","1",1.398814533333333
"2H62_3","2H62","3",1.398814533333333
"2H63_1","2H63","1",1.398814533333333
"2H64_2","2H64","2",1.398814533333333
"2H6G_2","2H6G","2",1.398814533333333
"2H77_1","2H77","1",1.398814533333333
"2H9L_1","2H9L","1",1.398814533333333
"2H9P_1","2H9P","1",1.398814533333333
"2HCI_1","2HCI","1",1.398814533333333
"2HD1_1","2HD1","1",1.398814533333333
"2HD5_1","2HD5","1",1.398814533333333
"2HR7_1","2HR7","1",1.398814533333333
"2HTH_2","2HTH","2",1.398814533333333
"2I0V_1","2I0V","1",1.398814533333333
"2I2Z_1","2I2Z","1",1.398814533333333
"2I3C_1","2I3C","1",1.398814533333333
"2I53_1","2I53","1",1.398814533333333
"2I9B_2","2I9B","2",1.398814533333333
"2ILR_1","2ILR","1",1.398814533333333
"2IWI_1","2IWI","1",1.398814533333333
"2J4C_1","2J4C","1",1.398814533333333
"2JDF_1","2JDF","1",1.398814533333333
"2JDG_1","2JDG","1",1.398814533333333
"2JKV_1","2JKV","1",1.398814533333333
"2NLB_1","2NLB","1",1.398814533333333
"2NLG_1","2NLG","1",1.398814533333333
"2NLP_1","2NLP","1",1.398814533333333
"2NN6_4","2NN6","4",1.398814533333333
"2NPA_1","2NPA","1",1.398814533333333
"2NQ7_1","2NQ7","1",1.398814533333333
"2NUP_1","2NUP","1",1.398814533333333
"2NZ0_2","2NZ0","2",1.398814533333333
"2NZ1_2","2NZ1","2",1.398814533333333
"2O4H_1","2O4H","1",1.398814533333333
"2O9K_1","2O9K","1",1.398814533333333
"2OBI_1","2OBI","1",1.398814533333333
"2OGQ_1","2OGQ","1",1.398814533333333
"2OM0_1","2OM0","1",1.398814533333333
"2OMG_1","2OMG","1",1.398814533333333
"2OMG_3","2OMG","3",1.398814533333333
"2ONM_1","2ONM","1",1.398814533333333
"2ONO_1","2ONO","1",1.398814533333333
"2OT3_1","2OT3","1",1.398814533333333
"2P4N_1","2P4N","1",1.398814533333333
"2P6A_1","2P6A","1",1.398814533333333
"2PIN_1","2PIN","1",1.398814533333333
"2PM1_1","2PM1","1",1.398814533333333
"2PM4_1","2PM4","1",1.398814533333333
"2PM5_1","2PM5","1",1.398814533333333
"2PMW_2","2PMW","2",1.398814533333333
"2PPI_1","2PPI","1",1.398814533333333
"2PSW_1","2PSW","1",1.398814533333333
"2Q1L_1","2Q1L","1",1.398814533333333
"2Q3Z_1","2Q3Z","1",1.398814533333333
"2Q6B_1","2Q6B","1",1.398814533333333
"2Q6C_1","2Q6C","1",1.398814533333333
"2Q8R_1","2Q8R","1",1.398814533333333
"2QAG_3","2QAG","3",1.398814533333333
"2QCW_1","2QCW","1",1.398814533333333
"2QG4_1","2QG4","1",1.398814533333333
"2QIU_1","2QIU","1",1.398814533333333
"2QJ9_2","2QJ9","2",1.398814533333333
"2QJA_2","2QJA","2",1.398814533333333
"2QJB_1","2QJB","1",1.398814533333333
"2R4S_1","2R4S","1",1.398814533333333
"2RIV_1","2RIV","1",1.398814533333333
"2RIW_1","2RIW","1",1.398814533333333
"2TGI_1","2TGI","1",1.398814533333333
"2V1X_1","2V1X","1",1.398814533333333
"2VGB_1","2VGB","1",1.398814533333333
"2VUE_1","2VUE","1",1.398814533333333
"2W96_1","2W96","1",1.398814533333333
"2WID_1","2WID","1",1.398814533333333
"2WIF_1","2WIF","1",1.398814533333333
"2WIG_1","2WIG","1",1.398814533333333
"2WIL_1","2WIL","1",1.398814533333333
"2WJV_1","2WJV","1",1.398814533333333
"2WK6_1","2WK6","1",1.398814533333333
"2WOT_1","2WOT","1",1.398814533333333
"2WRW_1","2WRW","1",1.398814533333333
"2WRX_1","2WRX","1",1.398814533333333
"2WS4_1","2WS4","1",1.398814533333333
"2WZC_1","2WZC","1",1.398814533333333
"2X14_1","2X14","1",1.398814533333333
"2X1W_1","2X1W","1",1.398814533333333
"2XE6_1","2XE6","1",1.398814533333333
"2XOC_1","2XOC","1",1.398814533333333
"2XOY_1","2XOY","1",1.398814533333333
"2XQF_1","2XQF","1",1.398814533333333
"2XQG_1","2XQG","1",1.398814533333333
"2XSI_1","2XSI","1",1.398814533333333
"2XSN_1","2XSN","1",1.398814533333333
"2XZP_1","2XZP","1",1.398814533333333
"2Y1K_1","2Y1K","1",1.398814533333333
"2Y1L_1","2Y1L","1",1.398814533333333
"2Y73_1","2Y73","1",1.398814533333333
"2YAD_1","2YAD","1",1.398814533333333
"2YDF_1","2YDF","1",1.398814533333333
"2Z66_1","2Z66","1",1.398814533333333
"2ZGV_1","2ZGV","1",1.398814533333333
"2ZMC_1","2ZMC","1",1.398814533333333
"2ZZ0_1","2ZZ0","1",1.398814533333333
"2ZZB_1","2ZZB","1",1.398814533333333
"30FF_15","30FF","15",1.398814533333333
"30FF_16","30FF","16",1.398814533333333
"30FH_5","30FH","5",1.398814533333333
"30KW_1","30KW","1",1.398814533333333
"3A1J_1","3A1J","1",1.398814533333333
"3A1J_3","3A1J","3",1.398814533333333
"3AB3_2","3AB3","2",1.398814533333333
"3AI8_1","3AI8","1",1.398814533333333
"3APM_1","3APM","1",1.398814533333333
"3APN_1","3APN","1",1.398814533333333
"3B3L_1","3B3L","1",1.398814533333333
"3B4V_1","3B4V","1",1.398814533333333
"3B4V_2","3B4V","2",1.398814533333333
"3B9L_1","3B9L","1",1.398814533333333
"3B9M_1","3B9M","1",1.398814533333333
"3BDW_1","3BDW","1",1.398814533333333
"3BH6_2","3BH6","2",1.398814533333333
"3BHI_1","3BHI","1",1.398814533333333
"3BK3_1","3BK3","1",1.398814533333333
"3BMP_1","3BMP","1",1.398814533333333
"3BXQ_1","3BXQ","1",1.398814533333333
"3C39_1","3C39","1",1.398814533333333
"3C3B_1","3C3B","1",1.398814533333333
"3C3C_1","3C3C","1",1.398814533333333
"3CBJ_1","3CBJ","1",1.398814533333333
"3CD3_1","3CD3","1",1.398814533333333
"3CD7_1","3CD7","1",1.398814533333333
"3CDA_1","3CDA","1",1.398814533333333
"3CDB_1","3CDB","1",1.398814533333333
"3CX9_1","3CX9","1",1.398814533333333
"3DKK_1","3DKK","1",1.398814533333333
"3DPK_1","3DPK","1",1.398814533333333
"3DW8_2","3DW8","2",1.398814533333333
"3DXC_1","3DXC","1",1.398814533333333
"3DXE_1","3DXE","1",1.398814533333333
"3DYS_1","3DYS","1",1.398814533333333
"3E0J_1","3E0J","1",1.398814533333333
"3E7Y_1","3E7Y","1",1.398814533333333
"3EBB_1","3EBB","1",1.398814533333333
"3EDI_1","3EDI","1",1.398814533333333
"3EFO_2","3EFO","2",1.398814533333333
"3EG6_1","3EG6","1",1.398814533333333
"3EG9_2","3EG9","2",1.398814533333333
"3EGG_1","3EGG","1",1.398814533333333
"3EGH_1","3EGH","1",1.398814533333333
"3EGX_1","3EGX","1",1.398814533333333
"3ET1_1","3ET1","1",1.398814533333333
"3EXG_1","3EXG","1",1.398814533333333
"3EXH_1","3EXH","1",1.398814533333333
"3EXH_3","3EXH","3",1.398814533333333
"3EXI_1","3EXI","1",1.398814533333333
"3EXX_1","3EXX","1",1.398814533333333
"3F6U_2","3F6U","2",1.398814533333333
"3FCS_2","3FCS","2",1.398814533333333
"3FG7_1","3FG7","1",1.398814533333333
"3FPU_2","3FPU","2",1.398814533333333
"3FXI_1","3FXI","1",1.398814533333333
"3FXM_1","3FXM","1",1.398814533333333
"3G0E_1","3G0E","1",1.398814533333333
"3G3E_1","3G3E","1",1.398814533333333
"3G4E_1","3G4E","1",1.398814533333333
"3G4H_1","3G4H","1",1.398814533333333
"3G65_1","3G65","1",1.398814533333333
"3GCX_2","3GCX","2",1.398814533333333
"3GFW_1","3GFW","1",1.398814533333333
"3GGR_1","3GGR","1",1.398814533333333
"3GKH_1","3GKH","1",1.398814533333333
"3GKJ_1","3GKJ","1",1.398814533333333
"3GQY_1","3GQY","1",1.398814533333333
"3GR4_1","3GR4","1",1.398814533333333
"3GRO_1","3GRO","1",1.398814533333333
"3GVV_1","3GVV","1",1.398814533333333
"3GVW_1","3GVW","1",1.398814533333333
"3GXL_1","3GXL","1",1.398814533333333
"3H42_2","3H42","2",1.398814533333333
"3H6O_1","3H6O","1",1.398814533333333
"3HIH_1","3HIH","1",1.398814533333333
"3HIK_1","3HIK","1",1.398814533333333
"3HMN_1","3HMN","1",1.398814533333333
"3HMP_1","3HMP","1",1.398814533333333
"3HO3_1","3HO3","1",1.398814533333333
"3HO4_1","3HO4","1",1.398814533333333
"3HQB_1","3HQB","1",1.398814533333333
"3HVE_1","3HVE","1",1.398814533333333
"3I3Z_1","3I3Z","1",1.398814533333333
"3I40_1","3I40","1",1.398814533333333
"3IFD_1","3IFD","1",1.398814533333333
"3INC_1","3INC","1",1.398814533333333
"3INJ_1","3INJ","1",1.398814533333333
"3J7Y_36","3J7Y","36",1.398814533333333
"3J9M_52","3J9M","52",1.398814533333333
"3J9M_58","3J9M","58",1.398814533333333
"3JSI_1","3JSI","1",1.398814533333333
"3JSW_1","3JSW","1",1.398814533333333
"3K0H_1","3K0H","1",1.398814533333333
"3K0W_1","3K0W","1",1.398814533333333
"3K3E_1","3K3E","1",1.398814533333333
"3KBX_1","3KBX","1",1.398814533333333
"3KDT_1","3KDT","1",1.398814533333333
"3KDU_1","3KDU","1",1.398814533333333
"3KFD_1","3KFD","1",1.398814533333333
"3KRJ_1","3KRJ","1",1.398814533333333
"3KRL_1","3KRL","1",1.398814533333333
"3KTM_1","3KTM","1",1.398814533333333
"3KUC_2","3KUC","2",1.398814533333333
"3KY9_1","3KY9","1",1.398814533333333
"3KYD_1","3KYD","1",1.398814533333333
"3L11_1","3L11","1",1.398814533333333
"3L2O_2","3L2O","2",1.398814533333333
"3L4U_1","3L4U","1",1.398814533333333
"3L4V_1","3L4V","1",1.398814533333333
"3L4W_1","3L4W","1",1.398814533333333
"3L4X_1","3L4X","1",1.398814533333333
"3L4Y_1","3L4Y","1",1.398814533333333
"3LAW_1","3LAW","1",1.398814533333333
"3LO9_1","3LO9","1",1.398814533333333
"3LPO_1","3LPO","1",1.398814533333333
"3LU6_1","3LU6","1",1.398814533333333
"3LVR_1","3LVR","1",1.398814533333333
"3M17_1","3M17","1",1.398814533333333
"3M1B_1","3M1B","1",1.398814533333333
"3MDY_1","3MDY","1",1.398814533333333
"3MJG_1","3MJG","1",1.398814533333333
"3MJK_1","3MJK","1",1.398814533333333
"3MTG_1","3MTG","1",1.398814533333333
"3MXN_1","3MXN","1",1.398814533333333
"3MZW_1","3MZW","1",1.398814533333333
"3N0E_1","3N0E","1",1.398814533333333
"3N5U_1","3N5U","1",1.398814533333333
"3N81_1","3N81","1",1.398814533333333
"3NBV_1","3NBV","1",1.398814533333333
"3NBW_1","3NBW","1",1.398814533333333
"3NC9_1","3NC9","1",1.398814533333333
"3NCA_1","3NCA","1",1.398814533333333
"3NH7_3","3NH7","3",1.398814533333333
"3NHE_1","3NHE","1",1.398814533333333
"3NMR_1","3NMR","1",1.398814533333333
"3NY5_1","3NY5","1",1.398814533333333
"3NYX_1","3NYX","1",1.398814533333333
"3O33_1","3O33","1",1.398814533333333
"3O35_1","3O35","1",1.398814533333333
"3O36_1","3O36","1",1.398814533333333
"3ODU_1","3ODU","1",1.398814533333333
"3ODX_1","3ODX","1",1.398814533333333
"3OE9_1","3OE9","1",1.398814533333333
"3OOY_1","3OOY","1",1.398814533333333
"3OZ1_1","3OZ1","1",1.398814533333333
"3P0E_1","3P0E","1",1.398814533333333
"3P0F_1","3P0F","1",1.398814533333333
"3P0G_1","3P0G","1",1.398814533333333
"3P2W_1","3P2W","1",1.398814533333333
"3P36_1","3P36","1",1.398814533333333
"3P37_1","3P37","1",1.398814533333333
"3P71_1","3P71","1",1.398814533333333
"3PE0_1","3PE0","1",1.398814533333333
"3PY7_1","3PY7","1",1.398814533333333
"3Q0S_1","3Q0S","1",1.398814533333333
"3Q13_1","3Q13","1",1.398814533333333
"3Q1I_1","3Q1I","1",1.398814533333333
"3Q4U_1","3Q4U","1",1.398814533333333
"3Q6N_1","3Q6N","1",1.398814533333333
"3QB4_1","3QB4","1",1.398814533333333
"3QI4_1","3QI4","1",1.398814533333333
"3QLN_1","3QLN","1",1.398814533333333
"3QNT_1","3QNT","1",1.398814533333333
"3RCH_2","3RCH","2",1.398814533333333
"3RO4_1","3RO4","1",1.398814533333333
"3ROV_1","3ROV","1",1.398814533333333
"3RZE_1","3RZE","1",1.398814533333333
"3S1K_2","3S1K","2",1.398814533333333
"3S2K_2","3S2K","2",1.398814533333333
"3S3P_1","3S3P","1",1.398814533333333
"3S3S_1","3S3S","1",1.398814533333333
"3S5N_1","3S5N","1",1.398814533333333
"3S8V_2","3S8V","2",1.398814533333333
"3SAF_1","3SAF","1",1.398814533333333
"3SAG_1","3SAG","1",1.398814533333333
"3SMP_1","3SMP","1",1.398814533333333
"3SP6_1","3SP6","1",1.398814533333333
"3SQ9_1","3SQ9","1",1.398814533333333
"3SQJ_1","3SQJ","1",1.398814533333333
"3SQO_1","3SQO","1",1.398814533333333
"3SZ9_1","3SZ9","1",1.398814533333333
"3T5D_1","3T5D","1",1.398814533333333
"3TDK_1","3TDK","1",1.398814533333333
"3TG5_1","3TG5","1",1.398814533333333
"3TT8_1","3TT8","1",1.398814533333333
"3TW8_1","3TW8","1",1.398814533333333
"3U2P_1","3U2P","1",1.398814533333333
"3U5O_1","3U5O","1",1.398814533333333
"3U5P_1","3U5P","1",1.398814533333333
"3U8D_1","3U8D","1",1.398814533333333
"3U8H_1","3U8H","1",1.398814533333333
"3UVN_1","3UVN","1",1.398814533333333
"3V19_1","3V19","1",1.398814533333333
"3V2W_1","3V2W","1",1.398814533333333
"3V4Y_1","3V4Y","1",1.398814533333333
"3V6C_1","3V6C","1",1.398814533333333
"3VI8_1","3VI8","1",1.398814533333333
"3VW7_1","3VW7","1",1.398814533333333
"3VW9_1","3VW9","1",1.398814533333333
"3W0T_1","3W0T","1",1.398814533333333
"3W0U_1","3W0U","1",1.398814533333333
"3W11_5","3W11","5",1.398814533333333
"3W12_4","3W12","4",1.398814533333333
"3W13_4","3W13","4",1.398814533333333
"3W5K_1","3W5K","1",1.398814533333333
"3W7Y_1","3W7Y","1",1.398814533333333
"3W80_1","3W80","1",1.398814533333333
"3WH2_1","3WH2","1",1.398814533333333
"3WO4_3","3WO4","3",1.398814533333333
"3WSQ_1","3WSQ","1",1.398814533333333
"3WZJ_1","3WZJ","1",1.398814533333333
"3WZK_1","3WZK","1",1.398814533333333
"3X0E_1","3X0E","1",1.398814533333333
"3ZON_1","3ZON","1",1.398814533333333
"3ZOZ_1","3ZOZ","1",1.398814533333333
"3ZQR_1","3ZQR","1",1.398814533333333
"3ZU1_1","3ZU1","1",1.398814533333333
"3ZYI_1","3ZYI","1",1.398814533333333
"3ZYJ_1","3ZYJ","1",1.398814533333333
"3ZZZ_1","3ZZZ","1",1.398814533333333
"4A0C_1","4A0C","1",1.398814533333333
"4AD7_1","4AD7","1",1.398814533333333
"4AK0_1","4AK0","1",1.398814533333333
"4ASI_1","4ASI","1",1.398814533333333
"4AXX_1","4AXX","1",1.398814533333333
"4B2D_2","4B2D","2",1.398814533333333
"4B3F_1","4B3F","1",1.398814533333333
"4B3G_1","4B3G","1",1.398814533333333
"4B3Z_1","4B3Z","1",1.398814533333333
"4B92_1","4B92","1",1.398814533333333
"4BBZ_1","4BBZ","1",1.398814533333333
"4BC2_1","4BC2","1",1.398814533333333
"4BC5_1","4BC5","1",1.398814533333333
"4BGG_1","4BGG","1",1.398814533333333
"4BHW_1","4BHW","1",1.398814533333333
"4BI1_1","4BI1","1",1.398814533333333
"4BI2_1","4BI2","1",1.398814533333333
"4BIK_2","4BIK","2",1.398814533333333
"4BKE_1","4BKE","1",1.398814533333333
"4BKY_1","4BKY","1",1.398814533333333
"4BOC_1","4BOC","1",1.398814533333333
"4BTX_1","4BTX","1",1.398814533333333
"4C4F_1","4C4F","1",1.398814533333333
"4C4I_1","4C4I","1",1.398814533333333
"4CBZ_1","4CBZ","1",1.398814533333333
"4CC1_1","4CC1","1",1.398814533333333
"4CDG_1","4CDG","1",1.398814533333333
"4CI4_1","4CI4","1",1.398814533333333
"4CIB_1","4CIB","1",1.398814533333333
"4COS_1","4COS","1",1.398814533333333
"4CRL_2","4CRL","2",1.398814533333333
"4CRS_1","4CRS","1",1.398814533333333
"4CRU_1","4CRU","1",1.398814533333333
"4CV8_1","4CV8","1",1.398814533333333
"4CVA_1","4CVA","1",1.398814533333333
"4CVH_1","4CVH","1",1.398814533333333
"4CXA_2","4CXA","2",1.398814533333333
"4CXN_1","4CXN","1",1.398814533333333
"4D2V_1","4D2V","1",1.398814533333333
"4DKD_1","4DKD","1",1.398814533333333
"4DKF_1","4DKF","1",1.398814533333333
"4DKT_1","4DKT","1",1.398814533333333
"4DL7_1","4DL7","1",1.398814533333333
"4DN4_3","4DN4","3",1.398814533333333
"4DOQ_2","4DOQ","2",1.398814533333333
"4DU0_1","4DU0","1",1.398814533333333
"4E0S_1","4E0S","1",1.398814533333333
"4E3C_1","4E3C","1",1.398814533333333
"4E82_1","4E82","1",1.398814533333333
"4E90_1","4E90","1",1.398814533333333
"4E93_1","4E93","1",1.398814533333333
"4E9C_1","4E9C","1",1.398814533333333
"4EA3_1","4EA3","1",1.398814533333333
"4ECR_1","4ECR","1",1.398814533333333
"4ECU_1","4ECU","1",1.398814533333333
"4ECW_1","4ECW","1",1.398814533333333
"4ECX_1","4ECX","1",1.398814533333333
"4ED1_1","4ED1","1",1.398814533333333
"4ED2_1","4ED2","1",1.398814533333333
"4ED7_1","4ED7","1",1.398814533333333
"4EMX_1","4EMX","1",1.398814533333333
"4EOZ_1","4EOZ","1",1.398814533333333
"4ERQ_1","4ERQ","1",1.398814533333333
"4ERY_1","4ERY","1",1.398814533333333
"4EWR_1","4EWR","1",1.398814533333333
"4EWX_1","4EWX","1",1.398814533333333
"4EX0_1","4EX0","1",1.398814533333333
"4EYD_1","4EYD","1",1.398814533333333
"4EYP_1","4EYP","1",1.398814533333333
"4F11_1","4F11","1",1.398814533333333
"4F12_1","4F12","1",1.398814533333333
"4F1A_1","4F1A","1",1.398814533333333
"4F1C_1","4F1C","1",1.398814533333333
"4F1D_1","4F1D","1",1.398814533333333
"4F1F_1","4F1F","1",1.398814533333333
"4F1G_1","4F1G","1",1.398814533333333
"4F4V_1","4F4V","1",1.398814533333333
"4F6S_2","4F6S","2",1.398814533333333
"4F70_2","4F70","2",1.398814533333333
"4F7J_2","4F7J","2",1.398814533333333
"4F7L_2","4F7L","2",1.398814533333333
"4FKA_1","4FKA","1",1.398814533333333
"4FLJ_1","4FLJ","1",1.398814533333333
"4FWW_1","4FWW","1",1.398814533333333
"4FXJ_1","4FXJ","1",1.398814533333333
"4G04_1","4G04","1",1.398814533333333
"4G0N_2","4G0N","2",1.398814533333333
"4G9J_1","4G9J","1",1.398814533333333
"4GB0_1","4GB0","1",1.398814533333333
"4GBC_1","4GBC","1",1.398814533333333
"4GBL_1","4GBL","1",1.398814533333333
"4GFO_1","4GFO","1",1.398814533333333
"4GH6_1","4GH6","1",1.398814533333333
"4GIH_1","4GIH","1",1.398814533333333
"4GII_1","4GII","1",1.398814533333333
"4GLN_2","4GLN","2",1.398814533333333
"4GMB_1","4GMB","1",1.398814533333333
"4GNC_1","4GNC","1",1.398814533333333
"4GND_1","4GND","1",1.398814533333333
"4GNG_1","4GNG","1",1.398814533333333
"4GYX_1","4GYX","1",1.398814533333333
"4H5X_1","4H5X","1",1.398814533333333
"4HMY_4","4HMY","4",1.398814533333333
"4HXX_1","4HXX","1",1.398814533333333
"4I6F_1","4I6F","1",1.398814533333333
"4I8V_1","4I8V","1",1.398814533333333
"4IDV_1","4IDV","1",1.398814533333333
"4IG9_1","4IG9","1",1.398814533333333
"4IJD_1","4IJD","1",1.398814533333333
"4IKS_1","4IKS","1",1.398814533333333
"4IKU_1","4IKU","1",1.398814533333333
"4IU6_1","4IU6","1",1.398814533333333
"4IYD_1","4IYD","1",1.398814533333333
"4J0W_1","4J0W","1",1.398814533333333
"4J2J_1","4J2J","1",1.398814533333333
"4J2L_1","4J2L","1",1.398814533333333
"4J8Z_1","4J8Z","1",1.398814533333333
"4J9K_1","4J9K","1",1.398814533333333
"4J9L_1","4J9L","1",1.398814533333333
"4J9N_1","4J9N","1",1.398814533333333
"4J9P_1","4J9P","1",1.398814533333333
"4J9R_1","4J9R","1",1.398814533333333
"4JS8_1","4JS8","1",1.398814533333333
"4JXM_1","4JXM","1",1.398814533333333
"4K24_2","4K24","2",1.398814533333333
"4KIK_1","4KIK","1",1.398814533333333
"4KIK_2","4KIK","2",1.398814533333333
"4KM6_1","4KM6","1",1.398814533333333
"4KMX_1","4KMX","1",1.398814533333333
"4KN0_1","4KN0","1",1.398814533333333
"4KN2_1","4KN2","1",1.398814533333333
"4KNV_1","4KNV","1",1.398814533333333
"4KRP_1","4KRP","1",1.398814533333333
"4KV4_1","4KV4","1",1.398814533333333
"4KWG_1","4KWG","1",1.398814533333333
"4KXQ_1","4KXQ","1",1.398814533333333
"4KXU_1","4KXU","1",1.398814533333333
"4KXV_1","4KXV","1",1.398814533333333
"4KXW_1","4KXW","1",1.398814533333333
"4KXY_1","4KXY","1",1.398814533333333
"4KXZ_1","4KXZ","1",1.398814533333333
"4KZN_1","4KZN","1",1.398814533333333
"4L7X_1","4L7X","1",1.398814533333333
"4L8U_1","4L8U","1",1.398814533333333
"4LAC_1","4LAC","1",1.398814533333333
"4LB1_1","4LB1","1",1.398814533333333
"4LB2_1","4LB2","1",1.398814533333333
"4LBF_1","4LBF","1",1.398814533333333
"4LDE_1","4LDE","1",1.398814533333333
"4LDQ_1","4LDQ","1",1.398814533333333
"4LDR_1","4LDR","1",1.398814533333333
"4LJN_1","4LJN","1",1.398814533333333
"4LKL_1","4LKL","1",1.398814533333333
"4LKM_1","4LKM","1",1.398814533333333
"4LMM_1","4LMM","1",1.398814533333333
"4LNX_1","4LNX","1",1.398814533333333
"4M3P_1","4M3P","1",1.398814533333333
"4MBS_1","4MBS","1",1.398814533333333
"4MHQ_1","4MHQ","1",1.398814533333333
"4MIV_1","4MIV","1",1.398814533333333
"4MJS_2","4MJS","2",1.398814533333333
"4MP0_1","4MP0","1",1.398814533333333
"4MPL_1","4MPL","1",1.398814533333333
"4MQE_2","4MQE","2",1.398814533333333
"4MR7_2","4MR7","2",1.398814533333333
"4MTI_1","4MTI","1",1.398814533333333
"4MWT_1","4MWT","1",1.398814533333333
"4MY2_1","4MY2","1",1.398814533333333
"4N0F_3","4N0F","3",1.398814533333333
"4N0U_3","4N0U","3",1.398814533333333
"4N25_1","4N25","1",1.398814533333333
"4N2E_1","4N2E","1",1.398814533333333
"4N2I_1","4N2I","1",1.398814533333333
"4N6X_1","4N6X","1",1.398814533333333
"4N9F_1","4N9F","1",1.398814533333333
"4NFR_1","4NFR","1",1.398814533333333
"4NIB_1","4NIB","1",1.398814533333333
"4NSP_1","4NSP","1",1.398814533333333
"4NY3_1","4NY3","1",1.398814533333333
"4O3N_1","4O3N","1",1.398814533333333
"4O3O_1","4O3O","1",1.398814533333333
"4O3Q_1","4O3Q","1",1.398814533333333
"4O45_1","4O45","1",1.398814533333333
"4O67_1","4O67","1",1.398814533333333
"4O9W_1","4O9W","1",1.398814533333333
"4OHM_1","4OHM","1",1.398814533333333
"4OHO_1","4OHO","1",1.398814533333333
"4OIJ_1","4OIJ","1",1.398814533333333
"4OLH_1","4OLH","1",1.398814533333333
"4OLI_1","4OLI","1",1.398814533333333
"4OP1_1","4OP1","1",1.398814533333333
"4OP2_1","4OP2","1",1.398814533333333
"4OWR_1","4OWR","1",1.398814533333333
"4P65_1","4P65","1",1.398814533333333
"4PJ3_1","4PJ3","1",1.398814533333333
"4PO6_1","4PO6","1",1.398814533333333
"4PQW_1","4PQW","1",1.398814533333333
"4PRZ_1","4PRZ","1",1.398814533333333
"4PTB_1","4PTB","1",1.398814533333333
"4PX2_1","4PX2","1",1.398814533333333
"4PXS_1","4PXS","1",1.398814533333333
"4PXW_1","4PXW","1",1.398814533333333
"4QAE_1","4QAE","1",1.398814533333333
"4QCL_1","4QCL","1",1.398814533333333
"4QG6_1","4QG6","1",1.398814533333333
"4QG9_1","4QG9","1",1.398814533333333
"4QGC_1","4QGC","1",1.398814533333333
"4QKX_1","4QKX","1",1.398814533333333
"4QVZ_1","4QVZ","1",1.398814533333333
"4R3O_9","4R3O","9",1.398814533333333
"4R67_8","4R67","8",1.398814533333333
"4RA2_1","4RA2","1",1.398814533333333
"4RA8_1","4RA8","1",1.398814533333333
"4RG6_1","4RG6","1",1.398814533333333
"4RG9_1","4RG9","1",1.398814533333333
"4RKK_1","4RKK","1",1.398814533333333
"4RNO_1","4RNO","1",1.398814533333333
"4ROE_1","4ROE","1",1.398814533333333
"4RXW_1","4RXW","1",1.398814533333333
"4S0V_1","4S0V","1",1.398814533333333
"4S1Y_1","4S1Y","1",1.398814533333333
"4TPK_1","4TPK","1",1.398814533333333
"4TPT_1","4TPT","1",1.398814533333333
"4TVP_6","4TVP","6",1.398814533333333
"4TZ4_2","4TZ4","2",1.398814533333333
"4U17_1","4U17","1",1.398814533333333
"4U1P_1","4U1P","1",1.398814533333333
"4U69_1","4U69","1",1.398814533333333
"4U6Z_1","4U6Z","1",1.398814533333333
"4U70_1","4U70","1",1.398814533333333
"4U73_1","4U73","1",1.398814533333333
"4U75_1","4U75","1",1.398814533333333
"4U7P_1","4U7P","1",1.398814533333333
"4U8D_1","4U8D","1",1.398814533333333
"4U9V_1","4U9V","1",1.398814533333333
"4U9W_1","4U9W","1",1.398814533333333
"4UG0_4","4UG0","4",1.398814533333333
"4UG0_55","4UG0","55",1.398814533333333
"4UG0_69","4UG0","69",1.398814533333333
"4UHW_1","4UHW","1",1.398814533333333
"4UHX_1","4UHX","1",1.398814533333333
"4UI1_1","4UI1","1",1.398814533333333
"4UMT_1","4UMT","1",1.398814533333333
"4UPG_1","4UPG","1",1.398814533333333
"4USL_1","4USL","1",1.398814533333333
"4UT3_2","4UT3","2",1.398814533333333
"4UV7_1","4UV7","1",1.398814533333333
"4UXU_1","4UXU","1",1.398814533333333
"4UY0_3","4UY0","3",1.398814533333333
"4UY1_1","4UY1","1",1.398814533333333
"4UY2_1","4UY2","1",1.398814533333333
"4V6X_33","4V6X","33",1.398814533333333
"4V6X_51","4V6X","51",1.398814533333333
"4WB9_1","4WB9","1",1.398814533333333
"4WHK_1","4WHK","1",1.398814533333333
"4WHL_1","4WHL","1",1.398814533333333
"4WJ7_1","4WJ7","1",1.398814533333333
"4WNE_1","4WNE","1",1.398814533333333
"4WNF_1","4WNF","1",1.398814533333333
"4WNG_1","4WNG","1",1.398814533333333
"4X0M_1","4X0M","1",1.398814533333333
"4XC4_1","4XC4","1",1.398814533333333
"4XII_1","4XII","1",1.398814533333333
"4XSS_2","4XSS","2",1.398814533333333
"4XST_1","4XST","1",1.398814533333333
"4XUF_1","4XUF","1",1.398814533333333
"4XW3_1","4XW3","1",1.398814533333333
"4Y18_1","4Y18","1",1.398814533333333
"4Y86_1","4Y86","1",1.398814533333333
"4YAT_1","4YAT","1",1.398814533333333
"4YD1_1","4YD1","1",1.398814533333333
"4YPA_1","4YPA","1",1.398814533333333
"4YR0_1","4YR0","1",1.398814533333333
"4YR2_1","4YR2","1",1.398814533333333
"4Z34_1","4Z34","1",1.398814533333333
"4Z35_1","4Z35","1",1.398814533333333
"4Z36_1","4Z36","1",1.398814533333333
"4Z3D_1","4Z3D","1",1.398814533333333
"4Z54_1","4Z54","1",1.398814533333333
"4Z69_1","4Z69","1",1.398814533333333
"4Z93_1","4Z93","1",1.398814533333333
"4Z99_1","4Z99","1",1.398814533333333
"4ZES_1","4ZES","1",1.398814533333333
"4ZFF_3","4ZFF","3",1.398814533333333
"4ZG9_1","4ZG9","1",1.398814533333333
"4ZHT_1","4ZHT","1",1.398814533333333
"4ZK9_2","4ZK9","2",1.398814533333333
"4ZKB_2","4ZKB","2",1.398814533333333
"4ZO1_1","4ZO1","1",1.398814533333333
"4ZTZ_1","4ZTZ","1",1.398814533333333
"4ZWJ_1","4ZWJ","1",1.398814533333333
"4ZZJ_1","4ZZJ","1",1.398814533333333
"5A0Q_8","5A0Q","8",1.398814533333333
"5A0Q_9","5A0Q","9",1.398814533333333
"5A2Q_34","5A2Q","34",1.398814533333333
"5A31_3","5A31","3",1.398814533333333
"5AFH_1","5AFH","1",1.398814533333333
"5AFM_2","5AFM","2",1.398814533333333
"5AP0_1","5AP0","1",1.398814533333333
"5AP3_1","5AP3","1",1.398814533333333
"5AP5_1","5AP5","1",1.398814533333333
"5AP7_1","5AP7","1",1.398814533333333
"5ARF_1","5ARF","1",1.398814533333333
"5ARG_1","5ARG","1",1.398814533333333
"5AWS_1","5AWS","1",1.398814533333333
"5AWT_1","5AWT","1",1.398814533333333
"5B4P_2","5B4P","2",1.398814533333333
"5BOW_1","5BOW","1",1.398814533333333
"5BPU_1","5BPU","1",1.398814533333333
"5BQ8_1","5BQ8","1",1.398814533333333
"5BQB_1","5BQB","1",1.398814533333333
"5BQC_2","5BQC","2",1.398814533333333
"5BQE_1","5BQE","1",1.398814533333333
"5BQE_2","5BQE","2",1.398814533333333
"5BTS_1","5BTS","1",1.398814533333333
"5BX1_1","5BX1","1",1.398814533333333
"5BXF_1","5BXF","1",1.398814533333333
"5BYF_1","5BYF","1",1.398814533333333
"5C41_1","5C41","1",1.398814533333333
"5C52_1","5C52","1",1.398814533333333
"5CEI_2","5CEI","2",1.398814533333333
"5CJ8_1","5CJ8","1",1.398814533333333
"5CJB_1","5CJB","1",1.398814533333333
"5CO6_1","5CO6","1",1.398814533333333
"5COR_1","5COR","1",1.398814533333333
"5CUM_1","5CUM","1",1.398814533333333
"5CVE_1","5CVE","1",1.398814533333333
"5CVL_1","5CVL","1",1.398814533333333
"5CVN_2","5CVN","2",1.398814533333333
"5CVO_2","5CVO","2",1.398814533333333
"5CYO_1","5CYO","1",1.398814533333333
"5DGA_1","5DGA","1",1.398814533333333
"5DLG_1","5DLG","1",1.398814533333333
"5DMJ_1","5DMJ","1",1.398814533333333
"5DNF_1","5DNF","1",1.398814533333333
"5E1O_1","5E1O","1",1.398814533333333
"5E8V_1","5E8V","1",1.398814533333333
"5E8X_1","5E8X","1",1.398814533333333
"5E8Y_1","5E8Y","1",1.398814533333333
"5E92_1","5E92","1",1.398814533333333
"5EHY_1","5EHY","1",1.398814533333333
"5EI6_1","5EI6","1",1.398814533333333
"5F1A_1","5F1A","1",1.398814533333333
"5F3H_3","5F3H","3",1.398814533333333
"5F9N_1","5F9N","1",1.398814533333333
"5FBL_2","5FBL","2",1.398814533333333
"5FBV_2","5FBV","2",1.398814533333333
"5FRI_1","5FRI","1",1.398814533333333
"5FU6_1","5FU6","1",1.398814533333333
"5FU7_1","5FU7","1",1.398814533333333
"5FUO_1","5FUO","1",1.398814533333333
"5FUR_7","5FUR","7",1.398814533333333
"5FV2_2","5FV2","2",1.398814533333333
"5FYK_3","5FYK","3",1.398814533333333
"5FYL_3","5FYL","3",1.398814533333333
"5G04_3","5G04","3",1.398814533333333
"5G04_6","5G04","6",1.398814533333333
"5G05_2","5G05","2",1.398814533333333
"5G05_3","5G05","3",1.398814533333333
"5G3M_1","5G3M","1",1.398814533333333
"5G3N_1","5G3N","1",1.398814533333333
"5GIX_1","5GIX","1",1.398814533333333
"5GJQ_23","5GJQ","23",1.398814533333333
"5GJR_19","5GJR","19",1.398814533333333
"5GJR_26","5GJR","26",1.398814533333333
"5GJR_7","5GJR","7",1.398814533333333
"5GJR_9","5GJR","9",1.398814533333333
"5GKR_2","5GKR","2",1.398814533333333
"5GKS_2","5GKS","2",1.398814533333333
"5GLH_1","5GLH","1",1.398814533333333
"5GRE_2","5GRE","2",1.398814533333333
"5GRI_2","5GRI","2",1.398814533333333
"5H8H_1","5H8H","1",1.398814533333333
"5H8N_2","5H8N","2",1.398814533333333
"5H8Q_1","5H8Q","1",1.398814533333333
"5HBT_1","5HBT","1",1.398814533333333
"5HCC_2","5HCC","2",1.398814533333333
"5HCE_2","5HCE","2",1.398814533333333
"5HE2_2","5HE2","2",1.398814533333333
"5HK5_2","5HK5","2",1.398814533333333
"5HLZ_2","5HLZ","2",1.398814533333333
"5HP5_1","5HP5","1",1.398814533333333
"5HPU_1","5HPU","1",1.398814533333333
"5HZW_2","5HZW","2",1.398814533333333
"5I0H_1","5I0H","1",1.398814533333333
"5I2N_2","5I2N","2",1.398814533333333
"5I85_1","5I85","1",1.398814533333333
"5I8G_1","5I8G","1",1.398814533333333
"5I8R_1","5I8R","1",1.398814533333333
"5IDN_2","5IDN","2",1.398814533333333
"5IDP_2","5IDP","2",1.398814533333333
"5IFE_2","5IFE","2",1.398814533333333
"5IFO_1","5IFO","1",1.398814533333333
"5IGQ_1","5IGQ","1",1.398814533333333
"5IH8_1","5IH8","1",1.398814533333333
"5IH9_1","5IH9","1",1.398814533333333
"5IHA_1","5IHA","1",1.398814533333333
"5IHC_1","5IHC","1",1.398814533333333
"5IHL_1","5IHL","1",1.398814533333333
"5IJF_1","5IJF","1",1.398814533333333
"5IKR_1","5IKR","1",1.398814533333333
"5IL1_1","5IL1","1",1.398814533333333
"5IMT_2","5IMT","2",1.398814533333333
"5IUD_1","5IUD","1",1.398814533333333
"5IVW_3","5IVW","3",1.398814533333333
"5IY6_24","5IY6","24",1.398814533333333
"5IYA_10","5IYA","10",1.398814533333333
"5J3H_4","5J3H","4",1.398814533333333
"5JCO_2","5JCO","2",1.398814533333333
"5JH5_1","5JH5","1",1.398814533333333
"5JIU_1","5JIU","1",1.398814533333333
"5JKD_2","5JKD","2",1.398814533333333
"5JNR_1","5JNR","1",1.398814533333333
"5JNS_1","5JNS","1",1.398814533333333
"5JQH_1","5JQH","1",1.398814533333333
"5K00_1","5K00","1",1.398814533333333
"5K1A_2","5K1A","2",1.398814533333333
"5K5S_1","5K5S","1",1.398814533333333
"5K6S_1","5K6S","1",1.398814533333333
"5KCJ_2","5KCJ","2",1.398814533333333
"5KDT_1","5KDT","1",1.398814533333333
"5KFA_1","5KFA","1",1.398814533333333
"5KFB_1","5KFB","1",1.398814533333333
"5KFE_1","5KFE","1",1.398814533333333
"5KFG_1","5KFG","1",1.398814533333333
"5KFP_1","5KFP","1",1.398814533333333
"5KFS_1","5KFS","1",1.398814533333333
"5KFT_1","5KFT","1",1.398814533333333
"5KFW_1","5KFW","1",1.398814533333333
"5KG7_1","5KG7","1",1.398814533333333
"5KHU_13","5KHU","13",1.398814533333333
"5KHU_2","5KHU","2",1.398814533333333
"5KI9_1","5KI9","1",1.398814533333333
"5KQG_1","5KQG","1",1.398814533333333
"5KYU_2","5KYU","2",1.398814533333333
"5KYX_1","5KYX","1",1.398814533333333
"5KZX_1","5KZX","1",1.398814533333333
"5L2N_1","5L2N","1",1.398814533333333
"5L2O_1","5L2O","1",1.398814533333333
"5L4G_14","5L4G","14",1.398814533333333
"5L4K_6","5L4K","6",1.398814533333333
"5L6D_1","5L6D","1",1.398814533333333
"5L8H_1","5L8H","1",1.398814533333333
"5L8W_2","5L8W","2",1.398814533333333
"5L9U_2","5L9U","2",1.398814533333333
"5L9U_3","5L9U","3",1.398814533333333
"5LCV_3","5LCV","3",1.398814533333333
"5LCW_2","5LCW","2",1.398814533333333
"5LE5_7","5LE5","7",1.398814533333333
"5LEX_14","5LEX","14",1.398814533333333
"5LEY_14","5LEY","14",1.398814533333333
"5LEY_7","5LEY","7",1.398814533333333
"5LEZ_14","5LEZ","14",1.398814533333333
"5LEZ_7","5LEZ","7",1.398814533333333
"5LF0_14","5LF0","14",1.398814533333333
"5LF7_7","5LF7","7",1.398814533333333
"5LF7_8","5LF7","8",1.398814533333333
"5LKR_1","5LKR","1",1.398814533333333
"5LKS_80","5LKS","80",1.398814533333333
"5LN3_22","5LN3","22",1.398814533333333
"5LN3_3","5LN3","3",1.398814533333333
"5LT2_1","5LT2","1",1.398814533333333
"5LT4_1","5LT4","1",1.398814533333333
"5M25_1","5M25","1",1.398814533333333
"5M5A_1","5M5A","1",1.398814533333333
"5M5C_1","5M5C","1",1.398814533333333
"5M6I_1","5M6I","1",1.398814533333333
"5M6Z_1","5M6Z","1",1.398814533333333
"5M8L_1","5M8L","1",1.398814533333333
"5M8R_1","5M8R","1",1.398814533333333
"5M9N_1","5M9N","1",1.398814533333333
"5MAM_1","5MAM","1",1.398814533333333
"5MKV_1","5MKV","1",1.398814533333333
"5MLE_1","5MLE","1",1.398814533333333
"5MQF_17","5MQF","17",1.398814533333333
"5MQF_18","5MQF","18",1.398814533333333
"5MQF_6","5MQF","6",1.398814533333333
"5MR5_1","5MR5","1",1.398814533333333
"5MWF_1","5MWF","1",1.398814533333333
"5MWJ_1","5MWJ","1",1.398814533333333
"5MXM_1","5MXM","1",1.398814533333333
"5MY6_1","5MY6","1",1.398814533333333
"5N5N_2","5N5N","2",1.398814533333333
"5N6C_1","5N6C","1",1.398814533333333
"5N84_1","5N84","1",1.398814533333333
"5N9G_1","5N9G","1",1.398814533333333
"5NAN_2","5NAN","2",1.398814533333333
"5NFO_1","5NFO","1",1.398814533333333
"5NFU_1","5NFU","1",1.398814533333333
"5NHR_3","5NHR","3",1.398814533333333
"5NJE_1","5NJE","1",1.398814533333333
"5NMZ_1","5NMZ","1",1.398814533333333
"5NN2_1","5NN2","1",1.398814533333333
"5NN5_1","5NN5","1",1.398814533333333
"5NN8_1","5NN8","1",1.398814533333333
"5NP0_1","5NP0","1",1.398814533333333
"5NP8_1","5NP8","1",1.398814533333333
"5NXC_1","5NXC","1",1.398814533333333
"5O4E_4","5O4E","4",1.398814533333333
"5O6C_1","5O6C","1",1.398814533333333
"5O7P_1","5O7P","1",1.398814533333333
"5O91_1","5O91","1",1.398814533333333
"5O9Z_7","5O9Z","7",1.398814533333333
"5OCH_3","5OCH","3",1.398814533333333
"5OCH_4","5OCH","4",1.398814533333333
"5OF4_4","5OF4","4",1.398814533333333
"5OFA_1","5OFA","1",1.398814533333333
"5OMP_1","5OMP","1",1.398814533333333
"5OVX_1","5OVX","1",1.398814533333333
"5OW1_1","5OW1","1",1.398814533333333
"5OXG_1","5OXG","1",1.398814533333333
"5PWJ_1","5PWJ","1",1.398814533333333
"5PWM_1","5PWM","1",1.398814533333333
"5PWX_1","5PWX","1",1.398814533333333
"5PX3_1","5PX3","1",1.398814533333333
"5PX4_1","5PX4","1",1.398814533333333
"5PX6_1","5PX6","1",1.398814533333333
"5PX7_1","5PX7","1",1.398814533333333
"5PX8_1","5PX8","1",1.398814533333333
"5PX9_1","5PX9","1",1.398814533333333
"5PXK_1","5PXK","1",1.398814533333333
"5PXQ_1","5PXQ","1",1.398814533333333
"5PXR_1","5PXR","1",1.398814533333333
"5PXW_1","5PXW","1",1.398814533333333
"5PY4_1","5PY4","1",1.398814533333333
"5PY6_1","5PY6","1",1.398814533333333
"5PY9_1","5PY9","1",1.398814533333333
"5PYA_1","5PYA","1",1.398814533333333
"5PYC_1","5PYC","1",1.398814533333333
"5PYF_1","5PYF","1",1.398814533333333
"5PYG_1","5PYG","1",1.398814533333333
"5PYO_1","5PYO","1",1.398814533333333
"5PYQ_1","5PYQ","1",1.398814533333333
"5PYT_1","5PYT","1",1.398814533333333
"5PYZ_1","5PYZ","1",1.398814533333333
"5PZ5_1","5PZ5","1",1.398814533333333
"5PZ6_1","5PZ6","1",1.398814533333333
"5PZ7_1","5PZ7","1",1.398814533333333
"5PZB_1","5PZB","1",1.398814533333333
"5PZE_1","5PZE","1",1.398814533333333
"5PZJ_1","5PZJ","1",1.398814533333333
"5QGH_1","5QGH","1",1.398814533333333
"5QGM_1","5QGM","1",1.398814533333333
"5QGO_1","5QGO","1",1.398814533333333
"5QGP_1","5QGP","1",1.398814533333333
"5QGS_1","5QGS","1",1.398814533333333
"5QGX_1","5QGX","1",1.398814533333333
"5QH3_1","5QH3","1",1.398814533333333
"5QH4_1","5QH4","1",1.398814533333333
"5QH8_1","5QH8","1",1.398814533333333
"5QHF_1","5QHF","1",1.398814533333333
"5QHH_1","5QHH","1",1.398814533333333
"5QIL_1","5QIL","1",1.398814533333333
"5QIM_1","5QIM","1",1.398814533333333
"5QIN_1","5QIN","1",1.398814533333333
"5QQE_2","5QQE","2",1.398814533333333
"5QQF_2","5QQF","2",1.398814533333333
"5QQJ_2","5QQJ","2",1.398814533333333
"5QQM_2","5QQM","2",1.398814533333333
"5QTZ_1","5QTZ","1",1.398814533333333
"5S78_1","5S78","1",1.398814533333333
"5S7B_1","5S7B","1",1.398814533333333
"5S7C_1","5S7C","1",1.398814533333333
"5S7D_1","5S7D","1",1.398814533333333
"5S7E_1","5S7E","1",1.398814533333333
"5S7H_1","5S7H","1",1.398814533333333
"5S7J_1","5S7J","1",1.398814533333333
"5S7K_1","5S7K","1",1.398814533333333
"5S7O_1","5S7O","1",1.398814533333333
"5S7P_1","5S7P","1",1.398814533333333
"5S7Q_1","5S7Q","1",1.398814533333333
"5S7T_1","5S7T","1",1.398814533333333
"5S7V_1","5S7V","1",1.398814533333333
"5S7X_1","5S7X","1",1.398814533333333
"5S7Y_1","5S7Y","1",1.398814533333333
"5S80_1","5S80","1",1.398814533333333
"5S82_1","5S82","1",1.398814533333333
"5S85_1","5S85","1",1.398814533333333
"5S86_1","5S86","1",1.398814533333333
"5S88_1","5S88","1",1.398814533333333
"5S8A_1","5S8A","1",1.398814533333333
"5SC8_1","5SC8","1",1.398814533333333
"5SCA_1","5SCA","1",1.398814533333333
"5SCB_1","5SCB","1",1.398814533333333
"5SCE_1","5SCE","1",1.398814533333333
"5SCH_1","5SCH","1",1.398814533333333
"5SCJ_1","5SCJ","1",1.398814533333333
"5SW9_1","5SW9","1",1.398814533333333
"5SYO_1","5SYO","1",1.398814533333333
"5T0C_1","5T0C","1",1.398814533333333
"5T0G_21","5T0G","21",1.398814533333333
"5T0G_23","5T0G","23",1.398814533333333
"5T0H_14","5T0H","14",1.398814533333333
"5T0H_21","5T0H","21",1.398814533333333
"5T0H_23","5T0H","23",1.398814533333333
"5T0H_7","5T0H","7",1.398814533333333
"5T0I_15","5T0I","15",1.398814533333333
"5T0I_21","5T0I","21",1.398814533333333
"5T0J_2","5T0J","2",1.398814533333333
"5T0J_22","5T0J","22",1.398814533333333
"5T1A_1","5T1A","1",1.398814533333333
"5T2C_3","5T2C","3",1.398814533333333
"5T2C_67","5T2C","67",1.398814533333333
"5T35_1","5T35","1",1.398814533333333
"5T3P_1","5T3P","1",1.398814533333333
"5TJH_1","5TJH","1",1.398814533333333
"5TWP_1","5TWP","1",1.398814533333333
"5TWQ_1","5TWQ","1",1.398814533333333
"5TWS_1","5TWS","1",1.398814533333333
"5TWY_1","5TWY","1",1.398814533333333
"5TYB_1","5TYB","1",1.398814533333333
"5TYE_1","5TYE","1",1.398814533333333
"5TYF_1","5TYF","1",1.398814533333333
"5TYV_1","5TYV","1",1.398814533333333
"5U06_1","5U06","1",1.398814533333333
"5U1Q_1","5U1Q","1",1.398814533333333
"5U74_1","5U74","1",1.398814533333333
"5U7M_3","5U7M","3",1.398814533333333
"5U7O_3","5U7O","3",1.398814533333333
"5U8Q_1","5U8Q","1",1.398814533333333
"5U8Q_2","5U8Q","2",1.398814533333333
"5UEQ_1","5UEQ","1",1.398814533333333
"5UEX_1","5UEX","1",1.398814533333333
"5UF0_1","5UF0","1",1.398814533333333
"5UJB_1","5UJB","1",1.398814533333333
"5UKM_2","5UKM","2",1.398814533333333
"5UM8_6","5UM8","6",1.398814533333333
"5UNG_1","5UNG","1",1.398814533333333
"5UNH_1","5UNH","1",1.398814533333333
"5UOO_1","5UOO","1",1.398814533333333
"5UQ2_2","5UQ2","2",1.398814533333333
"5UQ3_2","5UQ3","2",1.398814533333333
"5USQ_1","5USQ","1",1.398814533333333
"5USS_1","5USS","1",1.398814533333333
"5USV_1","5USV","1",1.398814533333333
"5UTF_6","5UTF","6",1.398814533333333
"5UU3_1","5UU3","1",1.398814533333333
"5UU4_1","5UU4","1",1.398814533333333
"5UVU_1","5UVU","1",1.398814533333333
"5UVX_1","5UVX","1",1.398814533333333
"5UZ7_2","5UZ7","2",1.398814533333333
"5V54_1","5V54","1",1.398814533333333
"5VCW_1","5VCW","1",1.398814533333333
"5VCZ_1","5VCZ","1",1.398814533333333
"5VD3_1","5VD3","1",1.398814533333333
"5VDP_1","5VDP","1",1.398814533333333
"5VFP_17","5VFP","17",1.398814533333333
"5VFP_9","5VFP","9",1.398814533333333
"5VFR_1","5VFR","1",1.398814533333333
"5VFR_19","5VFR","19",1.398814533333333
"5VFR_20","5VFR","20",1.398814533333333
"5VFR_3","5VFR","3",1.398814533333333
"5VFS_1","5VFS","1",1.398814533333333
"5VFS_15","5VFS","15",1.398814533333333
"5VFT_1","5VFT","1",1.398814533333333
"5VFT_18","5VFT","18",1.398814533333333
"5VGZ_7","5VGZ","7",1.398814533333333
"5VHS_9","5VHS","9",1.398814533333333
"5VKJ_1","5VKJ","1",1.398814533333333
"5VKM_1","5VKM","1",1.398814533333333
"5VL3_1","5VL3","1",1.398814533333333
"5VLP_1","5VLP","1",1.398814533333333
"5VNH_1","5VNH","1",1.398814533333333
"5VNJ_1","5VNJ","1",1.398814533333333
"5VT2_1","5VT2","1",1.398814533333333
"5VYC_8","5VYC","8",1.398814533333333
"5VZ3_1","5VZ3","1",1.398814533333333
"5VZ9_1","5VZ9","1",1.398814533333333
"5VZA_1","5VZA","1",1.398814533333333
"5VZB_1","5VZB","1",1.398814533333333
"5VZC_1","5VZC","1",1.398814533333333
"5VZD_1","5VZD","1",1.398814533333333
"5VZH_1","5VZH","1",1.398814533333333
"5W0M_1","5W0M","1",1.398814533333333
"5W0N_1","5W0N","1",1.398814533333333
"5W0O_1","5W0O","1",1.398814533333333
"5W0P_2","5W0P","2",1.398814533333333
"5W1R_1","5W1R","1",1.398814533333333
"5W6D_6","5W6D","6",1.398814533333333
"5W9Q_1","5W9Q","1",1.398814533333333
"5WBP_1","5WBP","1",1.398814533333333
"5WBY_1","5WBY","1",1.398814533333333
"5WBZ_1","5WBZ","1",1.398814533333333
"5WDM_1","5WDM","1",1.398814533333333
"5WIU_1","5WIU","1",1.398814533333333
"5WJ9_1","5WJ9","1",1.398814533333333
"5WK3_3","5WK3","3",1.398814533333333
"5WOB_2","5WOB","2",1.398814533333333
"5WRS_1","5WRS","1",1.398814533333333
"5WS3_1","5WS3","1",1.398814533333333
"5WU5_1","5WU5","1",1.398814533333333
"5WZM_1","5WZM","1",1.398814533333333
"5WZS_1","5WZS","1",1.398814533333333
"5WZU_1","5WZU","1",1.398814533333333
"5X02_1","5X02","1",1.398814533333333
"5X0I_1","5X0I","1",1.398814533333333
"5X1V_1","5X1V","1",1.398814533333333
"5X52_1","5X52","1",1.398814533333333
"5XAH_1","5XAH","1",1.398814533333333
"5XFN_1","5XFN","1",1.398814533333333
"5XFO_1","5XFO","1",1.398814533333333
"5XS2_2","5XS2","2",1.398814533333333
"5XVE_1","5XVE","1",1.398814533333333
"5YH3_1","5YH3","1",1.398814533333333
"5YH3_2","5YH3","2",1.398814533333333
"5YOQ_1","5YOQ","1",1.398814533333333
"5YR6_1","5YR6","1",1.398814533333333
"5YU6_1","5YU6","1",1.398814533333333
"5YZA_1","5YZA","1",1.398814533333333
"5Z56_33","5Z56","33",1.398814533333333
"5Z56_35","5Z56","35",1.398814533333333
"5Z57_21","5Z57","21",1.398814533333333
"5Z58_5","5Z58","5",1.398814533333333
"5Z8S_1","5Z8S","1",1.398814533333333
"5ZAK_1","5ZAK","1",1.398814533333333
"5ZAL_1","5ZAL","1",1.398814533333333
"5ZJA_1","5ZJA","1",1.398814533333333
"5ZLC_1","5ZLC","1",1.398814533333333
"5ZTY_1","5ZTY","1",1.398814533333333
"6A3V_2","6A3V","2",1.398814533333333
"6A43_1","6A43","1",1.398814533333333
"6A70_2","6A70","2",1.398814533333333
"6A96_2","6A96","2",1.398814533333333
"6AH0_3","6AH0","3",1.398814533333333
"6AHD_8","6AHD","8",1.398814533333333
"6AHV_1","6AHV","1",1.398814533333333
"6AK5_1","6AK5","1",1.398814533333333
"6AK8_1","6AK8","1",1.398814533333333
"6AKX_1","6AKX","1",1.398814533333333
"6ALB_1","6ALB","1",1.398814533333333
"6ATT_1","6ATT","1",1.398814533333333
"6AVO_8","6AVO","8",1.398814533333333
"6B26_1","6B26","1",1.398814533333333
"6B3E_2","6B3E","2",1.398814533333333
"6B5G_1","6B5G","1",1.398814533333333
"6B5I_1","6B5I","1",1.398814533333333
"6B5S_2","6B5S","2",1.398814533333333
"6B5T_3","6B5T","3",1.398814533333333
"6B67_1","6B67","1",1.398814533333333
"6B70_4","6B70","4",1.398814533333333
"6B8Y_1","6B8Y","1",1.398814533333333
"6BCU_1","6BCU","1",1.398814533333333
"6BDZ_3","6BDZ","3",1.398814533333333
"6BFT_3","6BFT","3",1.398814533333333
"6BMM_1","6BMM","1",1.398814533333333
"6BO8_1","6BO8","1",1.398814533333333
"6BOA_1","6BOA","1",1.398814533333333
"6BOY_2","6BOY","2",1.398814533333333
"6BQV_1","6BQV","1",1.398814533333333
"6BSM_1","6BSM","1",1.398814533333333
"6BYH_2","6BYH","2",1.398814533333333
"6C01_1","6C01","1",1.398814533333333
"6C02_1","6C02","1",1.398814533333333
"6C16_2","6C16","2",1.398814533333333
"6C1R_1","6C1R","1",1.398814533333333
"6C4J_1","6C4J","1",1.398814533333333
"6C4K_1","6C4K","1",1.398814533333333
"6C58_1","6C58","1",1.398814533333333
"6C5Z_1","6C5Z","1",1.398814533333333
"6C6D_1","6C6D","1",1.398814533333333
"6C99_1","6C99","1",1.398814533333333
"6CBP_2","6CBP","2",1.398814533333333
"6CBX_1","6CBX","1",1.398814533333333
"6CE1_1","6CE1","1",1.398814533333333
"6CE7_2","6CE7","2",1.398814533333333
"6CE9_3","6CE9","3",1.398814533333333
"6CEB_1","6CEB","1",1.398814533333333
"6CEB_3","6CEB","3",1.398814533333333
"6CES_3","6CES","3",1.398814533333333
"6CET_1","6CET","1",1.398814533333333
"6CFO_1","6CFO","1",1.398814533333333
"6CH8_3","6CH8","3",1.398814533333333
"6CK2_1","6CK2","1",1.398814533333333
"6CKX_2","6CKX","2",1.398814533333333
"6CMX_1","6CMX","1",1.398814533333333
"6CNK_1","6CNK","1",1.398814533333333
"6CNM_1","6CNM","1",1.398814533333333
"6CNO_1","6CNO","1",1.398814533333333
"6COZ_1","6COZ","1",1.398814533333333
"6CS9_1","6CS9","1",1.398814533333333
"6CTA_1","6CTA","1",1.398814533333333
"6D3O_2","6D3O","2",1.398814533333333
"6D6Q_1","6D6Q","1",1.398814533333333
"6D6Q_3","6D6Q","3",1.398814533333333
"6D6Q_4","6D6Q","4",1.398814533333333
"6D6R_1","6D6R","1",1.398814533333333
"6D6R_3","6D6R","3",1.398814533333333
"6D6R_4","6D6R","4",1.398814533333333
"6D83_6","6D83","6",1.398814533333333
"6D84_6","6D84","6",1.398814533333333
"6DAR_1","6DAR","1",1.398814533333333
"6DC6_1","6DC6","1",1.398814533333333
"6DFF_6","6DFF","6",1.398814533333333
"6DLW_1","6DLW","1",1.398814533333333
"6DLZ_1","6DLZ","1",1.398814533333333
"6DM1_1","6DM1","1",1.398814533333333
"6DMM_1","6DMM","1",1.398814533333333
"6DMQ_1","6DMQ","1",1.398814533333333
"6DUV_1","6DUV","1",1.398814533333333
"6E1Y_1","6E1Y","1",1.398814533333333
"6E22_1","6E22","1",1.398814533333333
"6E5B_7","6E5B","7",1.398814533333333
"6E5B_8","6E5B","8",1.398814533333333
"6E7C_2","6E7C","2",1.398814533333333
"6E7K_2","6E7K","2",1.398814533333333
"6EJM_1","6EJM","1",1.398814533333333
"6EK2_1","6EK2","1",1.398814533333333
"6ERQ_4","6ERQ","4",1.398814533333333
"6ESY_1","6ESY","1",1.398814533333333
"6EZO_4","6EZO","4",1.398814533333333
"6F7Q_1","6F7Q","1",1.398814533333333
"6FAK_1","6FAK","1",1.398814533333333
"6FAX_3","6FAX","3",1.398814533333333
"6FEC_39","6FEC","39",1.398814533333333
"6FF7_31","6FF7","31",1.398814533333333
"6FF7_36","6FF7","36",1.398814533333333
"6FGB_1","6FGB","1",1.398814533333333
"6FM9_1","6FM9","1",1.398814533333333
"6FZT_1","6FZT","1",1.398814533333333
"6G0J_1","6G0J","1",1.398814533333333
"6G18_11","6G18","11",1.398814533333333
"6G4S_31","6G4S","31",1.398814533333333
"6G51_9","6G51","9",1.398814533333333
"6G53_36","6G53","36",1.398814533333333
"6G53_9","6G53","9",1.398814533333333
"6G7O_1","6G7O","1",1.398814533333333
"6GDG_2","6GDG","2",1.398814533333333
"6GG5_1","6GG5","1",1.398814533333333
"6GG6_1","6GG6","1",1.398814533333333
"6GIN_1","6GIN","1",1.398814533333333
"6GML_16","6GML","16",1.398814533333333
"6GPS_1","6GPS","1",1.398814533333333
"6GQ3_1","6GQ3","1",1.398814533333333
"6GQL_1","6GQL","1",1.398814533333333
"6GQM_1","6GQM","1",1.398814533333333
"6GV0_1","6GV0","1",1.398814533333333
"6GVX_1","6GVX","1",1.398814533333333
"6GX9_1","6GX9","1",1.398814533333333
"6GYT_2","6GYT","2",1.398814533333333
"6H03_7","6H03","7",1.398814533333333
"6H0F_2","6H0F","2",1.398814533333333
"6H7E_1","6H7E","1",1.398814533333333
"6H8R_1","6H8R","1",1.398814533333333
"6HC2_1","6HC2","1",1.398814533333333
"6HH1_1","6HH1","1",1.398814533333333
"6HLL_1","6HLL","1",1.398814533333333
"6HN5_1","6HN5","1",1.398814533333333
"6HP8_1","6HP8","1",1.398814533333333
"6HTB_8","6HTB","8",1.398814533333333
"6HUB_8","6HUB","8",1.398814533333333
"6HUC_8","6HUC","8",1.398814533333333
"6HUJ_3","6HUJ","3",1.398814533333333
"6HUP_3","6HUP","3",1.398814533333333
"6HUU_8","6HUU","8",1.398814533333333
"6HV3_8","6HV3","8",1.398814533333333
"6HV4_8","6HV4","8",1.398814533333333
"6HV5_8","6HV5","8",1.398814533333333
"6HVA_8","6HVA","8",1.398814533333333
"6HVS_8","6HVS","8",1.398814533333333
"6HVT_8","6HVT","8",1.398814533333333
"6I2I_1","6I2I","1",1.398814533333333
"6I2T_1","6I2T","1",1.398814533333333
"6I33_1","6I33","1",1.398814533333333
"6I53_3","6I53","3",1.398814533333333
"6IAM_1","6IAM","1",1.398814533333333
"6ICZ_22","6ICZ","22",1.398814533333333
"6ICZ_28","6ICZ","28",1.398814533333333
"6ICZ_38","6ICZ","38",1.398814533333333
"6ID0_31","6ID0","31",1.398814533333333
"6ID0_4","6ID0","4",1.398814533333333
"6ID0_9","6ID0","9",1.398814533333333
"6IEQ_6","6IEQ","6",1.398814533333333
"6IGM_3","6IGM","3",1.398814533333333
"6IGX_1","6IGX","1",1.398814533333333
"6IOM_1","6IOM","1",1.398814533333333
"6IP5_80","6IP5","80",1.398814533333333
"6IP6_79","6IP6","79",1.398814533333333
"6IP8_79","6IP8","79",1.398814533333333
"6IPE_1","6IPE","1",1.398814533333333
"6IPG_1","6IPG","1",1.398814533333333
"6IPI_1","6IPI","1",1.398814533333333
"6IPJ_1","6IPJ","1",1.398814533333333
"6IRA_1","6IRA","1",1.398814533333333
"6IRF_1","6IRF","1",1.398814533333333
"6IRG_1","6IRG","1",1.398814533333333
"6IRG_2","6IRG","2",1.398814533333333
"6IRH_1","6IRH","1",1.398814533333333
"6IRH_2","6IRH","2",1.398814533333333
"6IYB_1","6IYB","1",1.398814533333333
"6J71_1","6J71","1",1.398814533333333
"6J7F_3","6J7F","3",1.398814533333333
"6J7X_3","6J7X","3",1.398814533333333
"6J8J_2","6J8J","2",1.398814533333333
"6JE7_1","6JE7","1",1.398814533333333
"6JFB_1","6JFB","1",1.398814533333333
"6JLQ_2","6JLQ","2",1.398814533333333
"6JMF_1","6JMF","1",1.398814533333333
"6JOD_1","6JOD","1",1.398814533333333
"6JTZ_1","6JTZ","1",1.398814533333333
"6JUX_1","6JUX","1",1.398814533333333
"6K71_4","6K71","4",1.398814533333333
"6K7H_1","6K7H","1",1.398814533333333
"6K7L_1","6K7L","1",1.398814533333333
"6K7N_1","6K7N","1",1.398814533333333
"6K9L_1","6K9L","1",1.398814533333333
"6KAJ_1","6KAJ","1",1.398814533333333
"6KAX_1","6KAX","1",1.398814533333333
"6KB0_1","6KB0","1",1.398814533333333
"6KB4_1","6KB4","1",1.398814533333333
"6KB8_1","6KB8","1",1.398814533333333
"6KBI_1","6KBI","1",1.398814533333333
"6KBP_1","6KBP","1",1.398814533333333
"6KE3_2","6KE3","2",1.398814533333333
"6KIU_9","6KIU","9",1.398814533333333
"6KIX_9","6KIX","9",1.398814533333333
"6KIZ_9","6KIZ","9",1.398814533333333
"6KKB_1","6KKB","1",1.398814533333333
"6KKR_1","6KKR","1",1.398814533333333
"6KKU_1","6KKU","1",1.398814533333333
"6KN9_1","6KN9","1",1.398814533333333
"6KNU_1","6KNU","1",1.398814533333333
"6KNV_1","6KNV","1",1.398814533333333
"6KPG_2","6KPG","2",1.398814533333333
"6KQQ_1","6KQQ","1",1.398814533333333
"6KWX_1","6KWX","1",1.398814533333333
"6KZP_1","6KZP","1",1.398814533333333
"6L53_1","6L53","1",1.398814533333333
"6L59_2","6L59","2",1.398814533333333
"6L7S_1","6L7S","1",1.398814533333333
"6L7U_1","6L7U","1",1.398814533333333
"6L96_1","6L96","1",1.398814533333333
"6LA6_5","6LA6","5",1.398814533333333
"6LA7_5","6LA7","5",1.398814533333333
"6LFO_2","6LFO","2",1.398814533333333
"6LML_2","6LML","2",1.398814533333333
"6LOG_1","6LOG","1",1.398814533333333
"6LQM_3","6LQM","3",1.398814533333333
"6LRC_1","6LRC","1",1.398814533333333
"6LSB_1","6LSB","1",1.398814533333333
"6LSR_4","6LSR","4",1.398814533333333
"6LSR_42","6LSR","42",1.398814533333333
"6LSS_43","6LSS","43",1.398814533333333
"6LT0_2","6LT0","2",1.398814533333333
"6LTH_7","6LTH","7",1.398814533333333
"6LTJ_13","6LTJ","13",1.398814533333333
"6LU8_45","6LU8","45",1.398814533333333
"6LX3_1","6LX3","1",1.398814533333333
"6LYY_1","6LYY","1",1.398814533333333
"6LZB_1","6LZB","1",1.398814533333333
"6M1Y_1","6M1Y","1",1.398814533333333
"6M22_1","6M22","1",1.398814533333333
"6M3B_2","6M3B","2",1.398814533333333
"6M4N_1","6M4N","1",1.398814533333333
"6M4O_2","6M4O","2",1.398814533333333
"6M4R_1","6M4R","1",1.398814533333333
"6M5E_1","6M5E","1",1.398814533333333
"6M7P_1","6M7P","1",1.398814533333333
"6M7V_1","6M7V","1",1.398814533333333
"6M8S_1","6M8S","1",1.398814533333333
"6MAC_3","6MAC","3",1.398814533333333
"6MBW_1","6MBW","1",1.398814533333333
"6MEO_3","6MEO","3",1.398814533333333
"6MHR_3","6MHR","3",1.398814533333333
"6MJW_1","6MJW","1",1.398814533333333
"6MKS_1","6MKS","1",1.398814533333333
"6MON_1","6MON","1",1.398814533333333
"6MQK_1","6MQK","1",1.398814533333333
"6MSB_20","6MSB","20",1.398814533333333
"6MSB_27","6MSB","27",1.398814533333333
"6MSB_28","6MSB","28",1.398814533333333
"6MSD_1","6MSD","1",1.398814533333333
"6MSD_20","6MSD","20",1.398814533333333
"6MSD_28","6MSD","28",1.398814533333333
"6MSG_1","6MSG","1",1.398814533333333
"6MSG_21","6MSG","21",1.398814533333333
"6MSG_3","6MSG","3",1.398814533333333
"6MSH_20","6MSH","20",1.398814533333333
"6MSH_28","6MSH","28",1.398814533333333
"6MSH_3","6MSH","3",1.398814533333333
"6MSJ_1","6MSJ","1",1.398814533333333
"6MSJ_3","6MSJ","3",1.398814533333333
"6MSK_3","6MSK","3",1.398814533333333
"6MTN_3","6MTN","3",1.398814533333333
"6MUG_3","6MUG","3",1.398814533333333
"6MZD_1","6MZD","1",1.398814533333333
"6MZM_2","6MZM","2",1.398814533333333
"6N12_1","6N12","1",1.398814533333333
"6N1I_1","6N1I","1",1.398814533333333
"6N34_1","6N34","1",1.398814533333333
"6N48_1","6N48","1",1.398814533333333
"6N7H_1","6N7H","1",1.398814533333333
"6N7K_1","6N7K","1",1.398814533333333
"6NB4_3","6NB4","3",1.398814533333333
"6NFA_1","6NFA","1",1.398814533333333
"6NG9_1","6NG9","1",1.398814533333333
"6NGG_1","6NGG","1",1.398814533333333
"6NHA_1","6NHA","1",1.398814533333333
"6NIY_4","6NIY","4",1.398814533333333
"6NN4_1","6NN4","1",1.398814533333333
"6NR8_14","6NR8","14",1.398814533333333
"6NR9_8","6NR9","8",1.398814533333333
"6NRA_8","6NRA","8",1.398814533333333
"6NRD_8","6NRD","8",1.398814533333333
"6NT3_1","6NT3","1",1.398814533333333
"6NT4_1","6NT4","1",1.398814533333333
"6NTS_2","6NTS","2",1.398814533333333
"6NUB_1","6NUB","1",1.398814533333333
"6NWV_1","6NWV","1",1.398814533333333
"6O2W_1","6O2W","1",1.398814533333333
"6O5Y_1","6O5Y","1",1.398814533333333
"6O60_3","6O60","3",1.398814533333333
"6O9G_1","6O9G","1",1.398814533333333
"6O9L_10","6O9L","10",1.398814533333333
"6O9Z_1","6O9Z","1",1.398814533333333
"6OAZ_2","6OAZ","2",1.398814533333333
"6OB0_2","6OB0","2",1.398814533333333
"6OBA_1","6OBA","1",1.398814533333333
"6OBP_1","6OBP","1",1.398814533333333
"6OBQ_1","6OBQ","1",1.398814533333333
"6OBR_1","6OBR","1",1.398814533333333
"6OEU_1","6OEU","1",1.398814533333333
"6OFB_1","6OFB","1",1.398814533333333
"6OGE_1","6OGE","1",1.398814533333333
"6OGX_3","6OGX","3",1.398814533333333
"6OI0_1","6OI0","1",1.398814533333333
"6OI2_1","6OI2","1",1.398814533333333
"6OIJ_4","6OIJ","4",1.398814533333333
"6OIK_3","6OIK","3",1.398814533333333
"6OKN_3","6OKN","3",1.398814533333333
"6OLE_34","6OLE","34",1.398814533333333
"6OLF_34","6OLF","34",1.398814533333333
"6OLF_35","6OLF","35",1.398814533333333
"6OLG_58","6OLG","58",1.398814533333333
"6OLG_81","6OLG","81",1.398814533333333
"6OLI_35","6OLI","35",1.398814533333333
"6OM0_34","6OM0","34",1.398814533333333
"6OM0_35","6OM0","35",1.398814533333333
"6OPA_4","6OPA","4",1.398814533333333
"6OSA_4","6OSA","4",1.398814533333333
"6OYL_1","6OYL","1",1.398814533333333
"6P1M_1","6P1M","1",1.398814533333333
"6P1R_1","6P1R","1",1.398814533333333
"6P1T_1","6P1T","1",1.398814533333333
"6P9I_2","6P9I","2",1.398814533333333
"6PB0_4","6PB0","4",1.398814533333333
"6PBW_1","6PBW","1",1.398814533333333
"6PCF_1","6PCF","1",1.398814533333333
"6PG3_1","6PG3","1",1.398814533333333
"6PG4_1","6PG4","1",1.398814533333333
"6PG6_1","6PG6","1",1.398814533333333
"6PG9_1","6PG9","1",1.398814533333333
"6PGA_1","6PGA","1",1.398814533333333
"6PGC_1","6PGC","1",1.398814533333333
"6PRZ_1","6PRZ","1",1.398814533333333
"6PS0_1","6PS0","1",1.398814533333333
"6PS1_1","6PS1","1",1.398814533333333
"6PVA_1","6PVA","1",1.398814533333333
"6PWX_1","6PWX","1",1.398814533333333
"6PXV_1","6PXV","1",1.398814533333333
"6PYH_2","6PYH","2",1.398814533333333
"6PZ3_1","6PZ3","1",1.398814533333333
"6PZT_1","6PZT","1",1.398814533333333
"6Q0K_1","6Q0K","1",1.398814533333333
"6Q0T_1","6Q0T","1",1.398814533333333
"6Q2N_1","6Q2N","1",1.398814533333333
"6Q42_1","6Q42","1",1.398814533333333
"6Q6G_16","6Q6G","16",1.398814533333333
"6Q6Q_1","6Q6Q","1",1.398814533333333
"6Q8F_1","6Q8F","1",1.398814533333333
"6QAA_1","6QAA","1",1.398814533333333
"6QAB_1","6QAB","1",1.398814533333333
"6QAJ_1","6QAJ","1",1.398814533333333
"6QAK_1","6QAK","1",1.398814533333333
"6QB8_7","6QB8","7",1.398814533333333
"6QDV_27","6QDV","27",1.398814533333333
"6QDV_32","6QDV","32",1.398814533333333
"6QTG_2","6QTG","2",1.398814533333333
"6QTJ_2","6QTJ","2",1.398814533333333
"6QUS_1","6QUS","1",1.398814533333333
"6QVC_1","6QVC","1",1.398814533333333
"6QVE_1","6QVE","1",1.398814533333333
"6QVJ_2","6QVJ","2",1.398814533333333
"6QVU_1","6QVU","1",1.398814533333333
"6QZW_1","6QZW","1",1.398814533333333
"6R16_2","6R16","2",1.398814533333333
"6R4T_1","6R4T","1",1.398814533333333
"6R4U_1","6R4U","1",1.398814533333333
"6R5E_1","6R5E","1",1.398814533333333
"6R6V_1","6R6V","1",1.398814533333333
"6R70_8","6R70","8",1.398814533333333
"6R70_9","6R70","9",1.398814533333333
"6R7S_1","6R7S","1",1.398814533333333
"6R91_8","6R91","8",1.398814533333333
"6RB4_1","6RB4","1",1.398814533333333
"6REY_1","6REY","1",1.398814533333333
"6REY_8","6REY","8",1.398814533333333
"6REY_9","6REY","9",1.398814533333333
"6RGQ_8","6RGQ","8",1.398814533333333
"6RGQ_9","6RGQ","9",1.398814533333333
"6RJ2_1","6RJ2","1",1.398814533333333
"6RLA_1","6RLA","1",1.398814533333333
"6RLB_2","6RLB","2",1.398814533333333
"6RLO_3","6RLO","3",1.398814533333333
"6RLR_1","6RLR","1",1.398814533333333
"6RLX_1","6RLX","1",1.398814533333333
"6RO4_7","6RO4","7",1.398814533333333
"6RR9_1","6RR9","1",1.398814533333333
"6RVX_1","6RVX","1",1.398814533333333
"6RVY_1","6RVY","1",1.398814533333333
"6RYU_7","6RYU","7",1.398814533333333
"6S1M_1","6S1M","1",1.398814533333333
"6S1N_1","6S1N","1",1.398814533333333
"6S1N_2","6S1N","2",1.398814533333333
"6S34_1","6S34","1",1.398814533333333
"6S6A_2","6S6A","2",1.398814533333333
"6S8L_1","6S8L","1",1.398814533333333
"6SB0_1","6SB0","1",1.398814533333333
"6SB2_4","6SB2","4",1.398814533333333
"6SC2_2","6SC2","2",1.398814533333333
"6SC2_3","6SC2","3",1.398814533333333
"6SCJ_1","6SCJ","1",1.398814533333333
"6SEJ_1","6SEJ","1",1.398814533333333
"6SEQ_1","6SEQ","1",1.398814533333333
"6SMV_1","6SMV","1",1.398814533333333
"6SOF_3","6SOF","3",1.398814533333333
"6STK_1","6STK","1",1.398814533333333
"6T41_2","6T41","2",1.398814533333333
"6TC2_1","6TC2","1",1.398814533333333
"6TLJ_16","6TLJ","16",1.398814533333333
"6TLJ_2","6TLJ","2",1.398814533333333
"6TLJ_6","6TLJ","6",1.398814533333333
"6TM5_6","6TM5","6",1.398814533333333
"6TNB_1","6TNB","1",1.398814533333333
"6TPA_2","6TPA","2",1.398814533333333
"6TQK_1","6TQK","1",1.398814533333333
"6TRY_1","6TRY","1",1.398814533333333
"6TTF_1","6TTF","1",1.398814533333333
"6TTI_1","6TTI","1",1.398814533333333
"6TTV_1","6TTV","1",1.398814533333333
"6TUH_1","6TUH","1",1.398814533333333
"6U04_1","6U04","1",1.398814533333333
"6U2F_1","6U2F","1",1.398814533333333
"6U38_1","6U38","1",1.398814533333333
"6U5Y_1","6U5Y","1",1.398814533333333
"6U62_3","6U62","3",1.398814533333333
"6U8B_1","6U8B","1",1.398814533333333
"6U9S_3","6U9S","3",1.398814533333333
"6UEJ_1","6UEJ","1",1.398814533333333
"6UIK_1","6UIK","1",1.398814533333333
"6UJH_1","6UJH","1",1.398814533333333
"6UJL_1","6UJL","1",1.398814533333333
"6ULG_6","6ULG","6",1.398814533333333
"6UM6_4","6UM6","4",1.398814533333333
"6UO9_2","6UO9","2",1.398814533333333
"6UOZ_1","6UOZ","1",1.398814533333333
"6UPA_2","6UPA","2",1.398814533333333
"6UPR_1","6UPR","1",1.398814533333333
"6URG_4","6URG","4",1.398814533333333
"6UTK_2","6UTK","2",1.398814533333333
"6UUN_2","6UUN","2",1.398814533333333
"6UVA_2","6UVA","2",1.398814533333333
"6V1C_1","6V1C","1",1.398814533333333
"6V22_1","6V22","1",1.398814533333333
"6V3G_1","6V3G","1",1.398814533333333
"6V4X_9","6V4X","9",1.398814533333333
"6V5K_1","6V5K","1",1.398814533333333
"6V6S_4","6V6S","4",1.398814533333333
"6V75_1","6V75","1",1.398814533333333
"6V7K_1","6V7K","1",1.398814533333333
"6V9S_1","6V9S","1",1.398814533333333
"6VAF_1","6VAF","1",1.398814533333333
"6VAX_1","6VAX","1",1.398814533333333
"6VCD_2","6VCD","2",1.398814533333333
"6VER_1","6VER","1",1.398814533333333
"6VF0_1","6VF0","1",1.398814533333333
"6VF6_1","6VF6","1",1.398814533333333
"6VF7_1","6VF7","1",1.398814533333333
"6VF8_1","6VF8","1",1.398814533333333
"6VIX_1","6VIX","1",1.398814533333333
"6VMI_6","6VMI","6",1.398814533333333
"6VRD_1","6VRD","1",1.398814533333333
"6VRO_1","6VRO","1",1.398814533333333
"6VU5_2","6VU5","2",1.398814533333333
"6VVO_5","6VVO","5",1.398814533333333
"6VWG_2","6VWG","2",1.398814533333333
"6VWI_1","6VWI","1",1.398814533333333
"6VWI_2","6VWI","2",1.398814533333333
"6VXR_1","6VXR","1",1.398814533333333
"6VZI_3","6VZI","3",1.398814533333333
"6W03_3","6W03","3",1.398814533333333
"6W0X_1","6W0X","1",1.398814533333333
"6W5D_2","6W5D","2",1.398814533333333
"6W5V_1","6W5V","1",1.398814533333333
"6W5X_1","6W5X","1",1.398814533333333
"6W6L_53","6W6L","53",1.398814533333333
"6W8I_2","6W8I","2",1.398814533333333
"6WBV_1","6WBV","1",1.398814533333333
"6WDP_1","6WDP","1",1.398814533333333
"6WET_1","6WET","1",1.398814533333333
"6WEU_1","6WEU","1",1.398814533333333
"6WEV_1","6WEV","1",1.398814533333333
"6WFJ_1","6WFJ","1",1.398814533333333
"6WFN_1","6WFN","1",1.398814533333333
"6WHB_1","6WHB","1",1.398814533333333
"6WI9_2","6WI9","2",1.398814533333333
"6WIA_1","6WIA","1",1.398814533333333
"6WIV_2","6WIV","2",1.398814533333333
"6WIY_2","6WIY","2",1.398814533333333
"6WJ3_7","6WJ3","7",1.398814533333333
"6WJD_1","6WJD","1",1.398814533333333
"6WJD_3","6WJD","3",1.398814533333333
"6WJL_1","6WJL","1",1.398814533333333
"6WJQ_1","6WJQ","1",1.398814533333333
"6WLW_5","6WLW","5",1.398814533333333
"6WLW_6","6WLW","6",1.398814533333333
"6WM4_6","6WM4","6",1.398814533333333
"6WNO_2","6WNO","2",1.398814533333333
"6WP4_1","6WP4","1",1.398814533333333
"6WR4_1","6WR4","1",1.398814533333333
"6WVG_1","6WVG","1",1.398814533333333
"6WWZ_2","6WWZ","2",1.398814533333333
"6WZW_1","6WZW","1",1.398814533333333
"6X4G_2","6X4G","2",1.398814533333333
"6X6C_2","6X6C","2",1.398814533333333
"6X8F_1","6X8F","1",1.398814533333333
"6X9O_1","6X9O","1",1.398814533333333
"6XBK_3","6XBK","3",1.398814533333333
"6XE6_1","6XE6","1",1.398814533333333
"6XI2_1","6XI2","1",1.398814533333333
"6XI2_2","6XI2","2",1.398814533333333
"6XI7_2","6XI7","2",1.398814533333333
"6XIW_2","6XIW","2",1.398814533333333
"6XJA_2","6XJA","2",1.398814533333333
"6XMJ_9","6XMJ","9",1.398814533333333
"6XOX_2","6XOX","2",1.398814533333333
"6XRE_10","6XRE","10",1.398814533333333
"6XT9_3","6XT9","3",1.398814533333333
"6XTX_5","6XTX","5",1.398814533333333
"6XTX_6","6XTX","6",1.398814533333333
"6XTY_3","6XTY","3",1.398814533333333
"6XTY_6","6XTY","6",1.398814533333333
"6XV0_1","6XV0","1",1.398814533333333
"6Y0A_2","6Y0A","2",1.398814533333333
"6Y0G_7","6Y0G","7",1.398814533333333
"6Y0G_81","6Y0G","81",1.398814533333333
"6Y2V_1","6Y2V","1",1.398814533333333
"6Y4G_1","6Y4G","1",1.398814533333333
"6Y50_6","6Y50","6",1.398814533333333
"6Y50_8","6Y50","8",1.398814533333333
"6Y53_18","6Y53","18",1.398814533333333
"6Y6X_4","6Y6X","4",1.398814533333333
"6YA6_2","6YA6","2",1.398814533333333
"6YBS_1","6YBS","1",1.398814533333333
"6YHR_1","6YHR","1",1.398814533333333
"6YTK_1","6YTK","1",1.398814533333333
"6YTL_1","6YTL","1",1.398814533333333
"6Z1V_1","6Z1V","1",1.398814533333333
"6Z36_1","6Z36","1",1.398814533333333
"6Z3G_1","6Z3G","1",1.398814533333333
"6Z3L_1","6Z3L","1",1.398814533333333
"6Z3R_1","6Z3R","1",1.398814533333333
"6Z3R_2","6Z3R","2",1.398814533333333
"6Z6M_54","6Z6M","54",1.398814533333333
"6Z6N_4","6Z6N","4",1.398814533333333
"6Z6N_54","6Z6N","54",1.398814533333333
"6Z6N_80","6Z6N","80",1.398814533333333
"6Z7W_3","6Z7W","3",1.398814533333333
"6Z7Y_3","6Z7Y","3",1.398814533333333
"6ZD0_2","6ZD0","2",1.398814533333333
"6ZFL_1","6ZFL","1",1.398814533333333
"6ZHE_1","6ZHE","1",1.398814533333333
"6ZK6_1","6ZK6","1",1.398814533333333
"6ZL1_1","6ZL1","1",1.398814533333333
"6ZLW_32","6ZLW","32",1.398814533333333
"6ZM5_63","6ZM5","63",1.398814533333333
"6ZM6_63","6ZM6","63",1.398814533333333
"6ZM7_82","6ZM7","82",1.398814533333333
"6ZME_56","6ZME","56",1.398814533333333
"6ZME_87","6ZME","87",1.398814533333333
"6ZMI_4","6ZMI","4",1.398814533333333
"6ZN5_8","6ZN5","8",1.398814533333333
"6ZOJ_33","6ZOJ","33",1.398814533333333
"6ZON_34","6ZON","34",1.398814533333333
"6ZON_46","6ZON","46",1.398814533333333
"6ZON_9","6ZON","9",1.398814533333333
"6ZP4_32","6ZP4","32",1.398814533333333
"6ZS9_68","6ZS9","68",1.398814533333333
"6ZSA_86","6ZSA","86",1.398814533333333
"6ZSB_20","6ZSB","20",1.398814533333333
"6ZSC_20","6ZSC","20",1.398814533333333
"6ZSC_84","6ZSC","84",1.398814533333333
"6ZSD_86","6ZSD","86",1.398814533333333
"6ZSE_67","6ZSE","67",1.398814533333333
"6ZSG_87","6ZSG","87",1.398814533333333
"6ZV6_10","6ZV6","10",1.398814533333333
"6ZV6_32","6ZV6","32",1.398814533333333
"6ZVJ_34","6ZVJ","34",1.398814533333333
"6ZVJ_48","6ZVJ","48",1.398814533333333
"6ZX9_2","6ZX9","2",1.398814533333333
"6ZXD_34","6ZXD","34",1.398814533333333
"6ZXG_10","6ZXG","10",1.398814533333333
"6ZYM_10","6ZYM","10",1.398814533333333
"6ZYM_14","6ZYM","14",1.398814533333333
"6ZZU_1","6ZZU","1",1.398814533333333
"7A3I_1","7A3I","1",1.398814533333333
"7A3J_1","7A3J","1",1.398814533333333
"7A3L_1","7A3L","1",1.398814533333333
"7A5F_56","7A5F","56",1.398814533333333
"7A5G_36","7A5G","36",1.398814533333333
"7A5G_57","7A5G","57",1.398814533333333
"7A5I_53","7A5I","53",1.398814533333333
"7A5I_63","7A5I","63",1.398814533333333
"7A5J_50","7A5J","50",1.398814533333333
"7A5K_37","7A5K","37",1.398814533333333
"7A5P_29","7A5P","29",1.398814533333333
"7A6Q_1","7A6Q","1",1.398814533333333
"7A8P_1","7A8P","1",1.398814533333333
"7A9C_1","7A9C","1",1.398814533333333
"7ABI_17","7ABI","17",1.398814533333333
"7ABI_7","7ABI","7",1.398814533333333
"7AD6_1","7AD6","1",1.398814533333333
"7AD7_1","7AD7","1",1.398814533333333
"7AE1_1","7AE1","1",1.398814533333333
"7AE1_10","7AE1","10",1.398814533333333
"7AE1_9","7AE1","9",1.398814533333333
"7AIR_2","7AIR","2",1.398814533333333
"7AMZ_1","7AMZ","1",1.398814533333333
"7ANQ_1","7ANQ","1",1.398814533333333
"7AS4_8","7AS4","8",1.398814533333333
"7AS7_1","7AS7","1",1.398814533333333
"7ASG_1","7ASG","1",1.398814533333333
"7AST_12","7AST","12",1.398814533333333
"7ASV_1","7ASV","1",1.398814533333333
"7ATS_1","7ATS","1",1.398814533333333
"7ATU_1","7ATU","1",1.398814533333333
"7AWE_1","7AWE","1",1.398814533333333
"7AWG_1","7AWG","1",1.398814533333333
"7AXS_1","7AXS","1",1.398814533333333
"7AY0_1","7AY0","1",1.398814533333333
"7AY2_1","7AY2","1",1.398814533333333
"7AYQ_1","7AYQ","1",1.398814533333333
"7B12_14","7B12","14",1.398814533333333
"7B5F_5","7B5F","5",1.398814533333333
"7B75_1","7B75","1",1.398814533333333
"7B96_1","7B96","1",1.398814533333333
"7BAN_1","7BAN","1",1.398814533333333
"7BAO_1","7BAO","1",1.398814533333333
"7BB6_1","7BB6","1",1.398814533333333
"7BB7_1","7BB7","1",1.398814533333333
"7BCS_1","7BCS","1",1.398814533333333
"7BED_1","7BED","1",1.398814533333333
"7BFQ_2","7BFQ","2",1.398814533333333
"7BP3_1","7BP3","1",1.398814533333333
"7BQV_1","7BQV","1",1.398814533333333
"7BSV_1","7BSV","1",1.398814533333333
"7BTN_1","7BTN","1",1.398814533333333
"7BW7_2","7BW7","2",1.398814533333333
"7BW8_2","7BW8","2",1.398814533333333
"7BWA_2","7BWA","2",1.398814533333333
"7C2E_2","7C2E","2",1.398814533333333
"7C3G_1","7C3G","1",1.398814533333333
"7C6Q_1","7C6Q","1",1.398814533333333
"7C7S_2","7C7S","2",1.398814533333333
"7CCR_7","7CCR","7",1.398814533333333
"7CE3_2","7CE3","2",1.398814533333333
"7CH1_1","7CH1","1",1.398814533333333
"7CHT_1","7CHT","1",1.398814533333333
"7CIL_1","7CIL","1",1.398814533333333
"7CKZ_2","7CKZ","2",1.398814533333333
"7CKZ_5","7CKZ","5",1.398814533333333
"7CLH_1","7CLH","1",1.398814533333333
"7CMO_1","7CMO","1",1.398814533333333
"7COD_1","7COD","1",1.398814533333333
"7CQK_1","7CQK","1",1.398814533333333
"7CQK_2","7CQK","2",1.398814533333333
"7CR1_1","7CR1","1",1.398814533333333
"7CRH_5","7CRH","5",1.398814533333333
"7CRP_7","7CRP","7",1.398814533333333
"7CRQ_7","7CRQ","7",1.398814533333333
"7CRR_7","7CRR","7",1.398814533333333
"7CUN_3","7CUN","3",1.398814533333333
"7CUN_4","7CUN","4",1.398814533333333
"7CUN_6","7CUN","6",1.398814533333333
"7CUN_7","7CUN","7",1.398814533333333
"7CX2_3","7CX2","3",1.398814533333333
"7CX4_3","7CX4","3",1.398814533333333
"7CYN_1","7CYN","1",1.398814533333333
"7D3F_1","7D3F","1",1.398814533333333
"7D43_4","7D43","4",1.398814533333333
"7D44_4","7D44","4",1.398814533333333
"7D46_4","7D46","4",1.398814533333333
"7D4B_1","7D4B","1",1.398814533333333
"7D4Y_1","7D4Y","1",1.398814533333333
"7D56_1","7D56","1",1.398814533333333
"7D58_1","7D58","1",1.398814533333333
"7D58_10","7D58","10",1.398814533333333
"7D59_13","7D59","13",1.398814533333333
"7D5V_1","7D5V","1",1.398814533333333
"7D61_1","7D61","1",1.398814533333333
"7D76_2","7D76","2",1.398814533333333
"7D77_4","7D77","4",1.398814533333333
"7D8N_1","7D8N","1",1.398814533333333
"7D90_1","7D90","1",1.398814533333333
"7DA5_1","7DA5","1",1.398814533333333
"7DAN_1","7DAN","1",1.398814533333333
"7DF8_1","7DF8","1",1.398814533333333
"7DFL_2","7DFL","2",1.398814533333333
"7DHR_5","7DHR","5",1.398814533333333
"7DL4_1","7DL4","1",1.398814533333333
"7DN3_1","7DN3","1",1.398814533333333
"7DN3_12","7DN3","12",1.398814533333333
"7DTD_2","7DTD","2",1.398814533333333
"7DTT_1","7DTT","1",1.398814533333333
"7DTU_1","7DTU","1",1.398814533333333
"7DTV_1","7DTV","1",1.398814533333333
"7DU2_1","7DU2","1",1.398814533333333
"7DVQ_38","7DVQ","38",1.398814533333333
"7E21_1","7E21","1",1.398814533333333
"7E2H_1","7E2H","1",1.398814533333333
"7E2Y_4","7E2Y","4",1.398814533333333
"7E83_1","7E83","1",1.398814533333333
"7E8B_3","7E8B","3",1.398814533333333
"7E9G_3","7E9G","3",1.398814533333333
"7EB2_2","7EB2","2",1.398814533333333
"7EDX_1","7EDX","1",1.398814533333333
"7EG1_2","7EG1","2",1.398814533333333
"7EG4_2","7EG4","2",1.398814533333333
"7EG7_1","7EG7","1",1.398814533333333
"7EG8_2","7EG8","2",1.398814533333333
"7EG9_1","7EG9","1",1.398814533333333
"7EGB_12","7EGB","12",1.398814533333333
"7EGB_3","7EGB","3",1.398814533333333
"7EGC_11","7EGC","11",1.398814533333333
"7EGC_12","7EGC","12",1.398814533333333
"7EGE_1","7EGE","1",1.398814533333333
"7EGH_2","7EGH","2",1.398814533333333
"7EGI_2","7EGI","2",1.398814533333333
"7EJ0_2","7EJ0","2",1.398814533333333
"7EJ1_2","7EJ1","2",1.398814533333333
"7EJX_1","7EJX","1",1.398814533333333
"7EKI_1","7EKI","1",1.398814533333333
"7EMF_12","7EMF","12",1.398814533333333
"7ENA_38","7ENA","38",1.398814533333333
"7ENC_36","7ENC","36",1.398814533333333
"7EO2_3","7EO2","3",1.398814533333333
"7EO4_1","7EO4","1",1.398814533333333
"7EO4_3","7EO4","3",1.398814533333333
"7EOT_2","7EOT","2",1.398814533333333
"7EOU_1","7EOU","1",1.398814533333333
"7EOU_2","7EOU","2",1.398814533333333
"7EPC_1","7EPC","1",1.398814533333333
"7EPD_1","7EPD","1",1.398814533333333
"7ETW_1","7ETW","1",1.398814533333333
"7ETW_2","7ETW","2",1.398814533333333
"7EU7_1","7EU7","1",1.398814533333333
"7EU8_2","7EU8","2",1.398814533333333
"7EUO_3","7EUO","3",1.398814533333333
"7EVR_1","7EVR","1",1.398814533333333
"7EW0_4","7EW0","4",1.398814533333333
"7EW2_2","7EW2","2",1.398814533333333
"7EW3_2","7EW3","2",1.398814533333333
"7EW7_4","7EW7","4",1.398814533333333
"7EZH_2","7EZH","2",1.398814533333333
"7EZH_3","7EZH","3",1.398814533333333
"7F0I_1","7F0I","1",1.398814533333333
"7F0T_1","7F0T","1",1.398814533333333
"7F1O_1","7F1O","1",1.398814533333333
"7F1O_3","7F1O","3",1.398814533333333
"7F1R_1","7F1R","1",1.398814533333333
"7F1S_3","7F1S","3",1.398814533333333
"7F1T_1","7F1T","1",1.398814533333333
"7F1Z_3","7F1Z","3",1.398814533333333
"7F3F_1","7F3F","1",1.398814533333333
"7F4D_4","7F4D","4",1.398814533333333
"7F4D_5","7F4D","5",1.398814533333333
"7F4F_5","7F4F","5",1.398814533333333
"7F4H_4","7F4H","4",1.398814533333333
"7F4I_5","7F4I","5",1.398814533333333
"7F54_5","7F54","5",1.398814533333333
"7F55_2","7F55","2",1.398814533333333
"7F55_5","7F55","5",1.398814533333333
"7F58_3","7F58","3",1.398814533333333
"7F5N_1","7F5N","1",1.398814533333333
"7F66_4","7F66","4",1.398814533333333
"7F66_5","7F66","5",1.398814533333333
"7F8V_5","7F8V","5",1.398814533333333
"7FDB_8","7FDB","8",1.398814533333333
"7FJI_1","7FJI","1",1.398814533333333
"7FJI_13","7FJI","13",1.398814533333333
"7FJJ_1","7FJJ","1",1.398814533333333
"7FRX_1","7FRX","1",1.398814533333333
"7FRZ_1","7FRZ","1",1.398814533333333
"7FS4_1","7FS4","1",1.398814533333333
"7FS6_1","7FS6","1",1.398814533333333
"7FS9_1","7FS9","1",1.398814533333333
"7FSB_1","7FSB","1",1.398814533333333
"7FSC_1","7FSC","1",1.398814533333333
"7FTI_1","7FTI","1",1.398814533333333
"7FTJ_1","7FTJ","1",1.398814533333333
"7FTK_1","7FTK","1",1.398814533333333
"7FTU_1","7FTU","1",1.398814533333333
"7FTZ_1","7FTZ","1",1.398814533333333
"7FU2_1","7FU2","1",1.398814533333333
"7FU5_1","7FU5","1",1.398814533333333
"7FU9_1","7FU9","1",1.398814533333333
"7FUC_1","7FUC","1",1.398814533333333
"7FUD_1","7FUD","1",1.398814533333333
"7FUF_1","7FUF","1",1.398814533333333
"7FUI_1","7FUI","1",1.398814533333333
"7FUJ_1","7FUJ","1",1.398814533333333
"7FUM_1","7FUM","1",1.398814533333333
"7FUN_1","7FUN","1",1.398814533333333
"7GQS_1","7GQS","1",1.398814533333333
"7GQU_1","7GQU","1",1.398814533333333
"7I90_1","7I90","1",1.398814533333333
"7I93_1","7I93","1",1.398814533333333
"7I94_1","7I94","1",1.398814533333333
"7I95_1","7I95","1",1.398814533333333
"7I97_1","7I97","1",1.398814533333333
"7I9B_1","7I9B","1",1.398814533333333
"7I9C_1","7I9C","1",1.398814533333333
"7I9D_1","7I9D","1",1.398814533333333
"7I9E_1","7I9E","1",1.398814533333333
"7JHJ_2","7JHJ","2",1.398814533333333
"7JIC_2","7JIC","2",1.398814533333333
"7JKZ_1","7JKZ","1",1.398814533333333
"7JL3_2","7JL3","2",1.398814533333333
"7JMP_3","7JMP","3",1.398814533333333
"7JOZ_5","7JOZ","5",1.398814533333333
"7JP3_1","7JP3","1",1.398814533333333
"7JPP_3","7JPP","3",1.398814533333333
"7JPQ_2","7JPQ","2",1.398814533333333
"7JPT_1","7JPT","1",1.398814533333333
"7JPU_1","7JPU","1",1.398814533333333
"7JV5_1","7JV5","1",1.398814533333333
"7JV5_3","7JV5","3",1.398814533333333
"7JVQ_3","7JVQ","3",1.398814533333333
"7JWN_1","7JWN","1",1.398814533333333
"7JWT_1","7JWT","1",1.398814533333333
"7K0J_1","7K0J","1",1.398814533333333
"7K0L_1","7K0L","1",1.398814533333333
"7K0M_1","7K0M","1",1.398814533333333
"7K0M_2","7K0M","2",1.398814533333333
"7K0Q_1","7K0Q","1",1.398814533333333
"7K0Q_2","7K0Q","2",1.398814533333333
"7K1K_1","7K1K","1",1.398814533333333
"7K1N_1","7K1N","1",1.398814533333333
"7K4A_1","7K4A","1",1.398814533333333
"7K4B_1","7K4B","1",1.398814533333333
"7K4D_1","7K4D","1",1.398814533333333
"7K5I_23","7K5I","23",1.398814533333333
"7K7L_2","7K7L","2",1.398814533333333
"7K8Q_2","7K8Q","2",1.398814533333333
"7K8X_3","7K8X","3",1.398814533333333
"7KC4_1","7KC4","1",1.398814533333333
"7KEV_2","7KEV","2",1.398814533333333
"7KF0_3","7KF0","3",1.398814533333333
"7KF1_3","7KF1","3",1.398814533333333
"7KFA_2","7KFA","2",1.398814533333333
"7KH0_1","7KH0","1",1.398814533333333
"7KH0_2","7KH0","2",1.398814533333333
"7KHD_2","7KHD","2",1.398814533333333
"7KHJ_1","7KHJ","1",1.398814533333333
"7KMD_2","7KMD","2",1.398814533333333
"7KMF_4","7KMF","4",1.398814533333333
"7KO0_1","7KO0","1",1.398814533333333
"7KOX_1","7KOX","1",1.398814533333333
"7KP4_1","7KP4","1",1.398814533333333
"7KPB_2","7KPB","2",1.398814533333333
"7KPU_1","7KPU","1",1.398814533333333
"7KSK_1","7KSK","1",1.398814533333333
"7KSW_1","7KSW","1",1.398814533333333
"7KT1_1","7KT1","1",1.398814533333333
"7KT6_1","7KT6","1",1.398814533333333
"7KT7_1","7KT7","1",1.398814533333333
"7KTD_1","7KTD","1",1.398814533333333
"7KTE_1","7KTE","1",1.398814533333333
"7KTH_1","7KTH","1",1.398814533333333
"7KTI_1","7KTI","1",1.398814533333333
"7KTL_1","7KTL","1",1.398814533333333
"7KZP_4","7KZP","4",1.398814533333333
"7KZQ_10","7KZQ","10",1.398814533333333
"7KZQ_2","7KZQ","2",1.398814533333333
"7KZQ_3","7KZQ","3",1.398814533333333
"7KZR_3","7KZR","3",1.398814533333333
"7KZS_1","7KZS","1",1.398814533333333
"7KZS_8","7KZS","8",1.398814533333333
"7KZT_2","7KZT","2",1.398814533333333
"7KZT_4","7KZT","4",1.398814533333333
"7KZV_11","7KZV","11",1.398814533333333
"7KZV_3","7KZV","3",1.398814533333333
"7KZV_8","7KZV","8",1.398814533333333
"7L08_29","7L08","29",1.398814533333333
"7L08_6","7L08","6",1.398814533333333
"7L08_82","7L08","82",1.398814533333333
"7L0J_1","7L0J","1",1.398814533333333
"7L0J_2","7L0J","2",1.398814533333333
"7L0P_4","7L0P","4",1.398814533333333
"7L0P_5","7L0P","5",1.398814533333333
"7L0Q_5","7L0Q","5",1.398814533333333
"7L0R_4","7L0R","4",1.398814533333333
"7L0S_4","7L0S","4",1.398814533333333
"7L0S_5","7L0S","5",1.398814533333333
"7L1U_5","7L1U","5",1.398814533333333
"7L1V_2","7L1V","2",1.398814533333333
"7L20_23","7L20","23",1.398814533333333
"7L20_51","7L20","51",1.398814533333333
"7L70_3","7L70","3",1.398814533333333
"7LBM_14","7LBM","14",1.398814533333333
"7LBM_31","7LBM","31",1.398814533333333
"7LCD_1","7LCD","1",1.398814533333333
"7LCI_3","7LCI","3",1.398814533333333
"7LD4_2","7LD4","2",1.398814533333333
"7LFR_1","7LFR","1",1.398814533333333
"7LFS_1","7LFS","1",1.398814533333333
"7LHT_1","7LHT","1",1.398814533333333
"7LI4_1","7LI4","1",1.398814533333333
"7LL8_1","7LL8","1",1.398814533333333
"7LQD_1","7LQD","1",1.398814533333333
"7LRC_2","7LRC","2",1.398814533333333
"7LRE_1","7LRE","1",1.398814533333333
"7M3E_1","7M3E","1",1.398814533333333
"7M6J_3","7M6J","3",1.398814533333333
"7M7P_1","7M7P","1",1.398814533333333
"7M7S_1","7M7S","1",1.398814533333333
"7M7T_1","7M7T","1",1.398814533333333
"7M83_1","7M83","1",1.398814533333333
"7M88_1","7M88","1",1.398814533333333
"7M8A_1","7M8A","1",1.398814533333333
"7M8C_1","7M8C","1",1.398814533333333
"7M8D_1","7M8D","1",1.398814533333333
"7MD4_2","7MD4","2",1.398814533333333
"7MD5_1","7MD5","1",1.398814533333333
"7MGE_2","7MGE","2",1.398814533333333
"7MJU_1","7MJU","1",1.398814533333333
"7MN5_3","7MN5","3",1.398814533333333
"7MN8_3","7MN8","3",1.398814533333333
"7MO8_2","7MO8","2",1.398814533333333
"7MO9_2","7MO9","2",1.398814533333333
"7MOA_2","7MOA","2",1.398814533333333
"7MOP_1","7MOP","1",1.398814533333333
"7MP3_1","7MP3","1",1.398814533333333
"7MQ8_16","7MQ8","16",1.398814533333333
"7MQ8_23","7MQ8","23",1.398814533333333
"7MQ8_25","7MQ8","25",1.398814533333333
"7MQ8_27","7MQ8","27",1.398814533333333
"7MQ8_55","7MQ8","55",1.398814533333333
"7MQ8_61","7MQ8","61",1.398814533333333
"7MQ8_65","7MQ8","65",1.398814533333333
"7MQ9_25","7MQ9","25",1.398814533333333
"7MQ9_59","7MQ9","59",1.398814533333333
"7MQ9_63","7MQ9","63",1.398814533333333
"7MQ9_66","7MQ9","66",1.398814533333333
"7MQ9_9","7MQ9","9",1.398814533333333
"7MQA_16","7MQA","16",1.398814533333333
"7MQA_46","7MQA","46",1.398814533333333
"7MQA_48","7MQA","48",1.398814533333333
"7MQO_3","7MQO","3",1.398814533333333
"7MSO_1","7MSO","1",1.398814533333333
"7MTR_1","7MTR","1",1.398814533333333
"7MTS_1","7MTS","1",1.398814533333333
"7MX2_1","7MX2","1",1.398814533333333
"7N2M_1","7N2M","1",1.398814533333333
"7N4U_1","7N4U","1",1.398814533333333
"7N5T_1","7N5T","1",1.398814533333333
"7N5U_1","7N5U","1",1.398814533333333
"7N5V_1","7N5V","1",1.398814533333333
"7N5W_1","7N5W","1",1.398814533333333
"7N94_1","7N94","1",1.398814533333333
"7NA7_2","7NA7","2",1.398814533333333
"7NAN_14","7NAN","14",1.398814533333333
"7NAN_7","7NAN","7",1.398814533333333
"7NAN_8","7NAN","8",1.398814533333333
"7NAO_8","7NAO","8",1.398814533333333
"7NAP_14","7NAP","14",1.398814533333333
"7NAQ_7","7NAQ","7",1.398814533333333
"7ND2_3","7ND2","3",1.398814533333333
"7NFC_1","7NFC","1",1.398814533333333
"7NHG_1","7NHG","1",1.398814533333333
"7NI4_1","7NI4","1",1.398814533333333
"7NI6_1","7NI6","1",1.398814533333333
"7NNS_1","7NNS","1",1.398814533333333
"7NVL_8","7NVL","8",1.398814533333333
"7NVN_8","7NVN","8",1.398814533333333
"7NVO_3","7NVO","3",1.398814533333333
"7NVW_7","7NVW","7",1.398814533333333
"7NVX_7","7NVX","7",1.398814533333333
"7NVY_7","7NVY","7",1.398814533333333
"7NVZ_7","7NVZ","7",1.398814533333333
"7NW0_7","7NW0","7",1.398814533333333
"7NYD_7","7NYD","7",1.398814533333333
"7O0M_1","7O0M","1",1.398814533333333
"7O0Q_1","7O0Q","1",1.398814533333333
"7O28_1","7O28","1",1.398814533333333
"7O29_1","7O29","1",1.398814533333333
"7O2F_1","7O2F","1",1.398814533333333
"7O2I_1","7O2I","1",1.398814533333333
"7O2X_1","7O2X","1",1.398814533333333
"7O7F_5","7O7F","5",1.398814533333333
"7O9K_41","7O9K","41",1.398814533333333
"7O9M_53","7O9M","53",1.398814533333333
"7O9M_55","7O9M","55",1.398814533333333
"7O9M_56","7O9M","56",1.398814533333333
"7OB9_9","7OB9","9",1.398814533333333
"7OBA_1","7OBA","1",1.398814533333333
"7OBB_9","7OBB","9",1.398814533333333
"7ODR_5","7ODR","5",1.398814533333333
"7ODS_42","7ODS","42",1.398814533333333
"7ODS_58","7ODS","58",1.398814533333333
"7ODT_42","7ODT","42",1.398814533333333
"7OEE_1","7OEE","1",1.398814533333333
"7OEF_1","7OEF","1",1.398814533333333
"7OEG_1","7OEG","1",1.398814533333333
"7OEO_1","7OEO","1",1.398814533333333
"7OF0_13","7OF0","13",1.398814533333333
"7OF0_17","7OF0","17",1.398814533333333
"7OF2_53","7OF2","53",1.398814533333333
"7OF3_17","7OF3","17",1.398814533333333
"7OF3_38","7OF3","38",1.398814533333333
"7OF4_37","7OF4","37",1.398814533333333
"7OF4_53","7OF4","53",1.398814533333333
"7OF6_53","7OF6","53",1.398814533333333
"7OF7_17","7OF7","17",1.398814533333333
"7OF7_38","7OF7","38",1.398814533333333
"7OF7_53","7OF7","53",1.398814533333333
"7OG4_84","7OG4","84",1.398814533333333
"7OI6_25","7OI6","25",1.398814533333333
"7OI6_36","7OI6","36",1.398814533333333
"7OI8_33","7OI8","33",1.398814533333333
"7OI8_49","7OI8","49",1.398814533333333
"7OIC_36","7OIC","36",1.398814533333333
"7OID_34","7OID","34",1.398814533333333
"7OID_50","7OID","50",1.398814533333333
"7OIE_34","7OIE","34",1.398814533333333
"7OIE_50","7OIE","50",1.398814533333333
"7OLY_1","7OLY","1",1.398814533333333
"7OLY_2","7OLY","2",1.398814533333333
"7OOP_25","7OOP","25",1.398814533333333
"7OP0_1","7OP0","1",1.398814533333333
"7OPD_25","7OPD","25",1.398814533333333
"7OQO_1","7OQO","1",1.398814533333333
"7ORC_1","7ORC","1",1.398814533333333
"7OTP_1","7OTP","1",1.398814533333333
"7OTV_1","7OTV","1",1.398814533333333
"7OUF_2","7OUF","2",1.398814533333333
"7OWG_1","7OWG","1",1.398814533333333
"7OZ7_1","7OZ7","1",1.398814533333333
"7PCV_1","7PCV","1",1.398814533333333
"7PD3_36","7PD3","36",1.398814533333333
"7PE8_1","7PE8","1",1.398814533333333
"7PEL_2","7PEL","2",1.398814533333333
"7PFO_5","7PFO","5",1.398814533333333
"7PFP_1","7PFP","1",1.398814533333333
"7PG0_2","7PG0","2",1.398814533333333
"7PG2_2","7PG2","2",1.398814533333333
"7PG3_1","7PG3","1",1.398814533333333
"7PG3_2","7PG3","2",1.398814533333333
"7PG4_1","7PG4","1",1.398814533333333
"7PGM_1","7PGM","1",1.398814533333333
"7PHK_1","7PHK","1",1.398814533333333
"7PHL_1","7PHL","1",1.398814533333333
"7PIM_1","7PIM","1",1.398814533333333
"7PIU_1","7PIU","1",1.398814533333333
"7PKN_2","7PKN","2",1.398814533333333
"7PKN_4","7PKN","4",1.398814533333333
"7PKS_23","7PKS","23",1.398814533333333
"7PKS_28","7PKS","28",1.398814533333333
"7PLO_15","7PLO","15",1.398814533333333
"7PLP_1","7PLP","1",1.398814533333333
"7PNX_10","7PNX","10",1.398814533333333
"7PO0_10","7PO0","10",1.398814533333333
"7PO4_51","7PO4","51",1.398814533333333
"7POJ_1","7POJ","1",1.398814533333333
"7PPB_1","7PPB","1",1.398814533333333
"7PPC_3","7PPC","3",1.398814533333333
"7PPJ_1","7PPJ","1",1.398814533333333
"7PW4_2","7PW4","2",1.398814533333333
"7PW5_1","7PW5","1",1.398814533333333
"7PW7_1","7PW7","1",1.398814533333333
"7PW8_1","7PW8","1",1.398814533333333
"7PW9_1","7PW9","1",1.398814533333333
"7PY4_1","7PY4","1",1.398814533333333
"7Q1P_1","7Q1P","1",1.398814533333333
"7Q1Y_1","7Q1Y","1",1.398814533333333
"7Q2J_4","7Q2J","4",1.398814533333333
"7QAC_1","7QAC","1",1.398814533333333
"7QBR_1","7QBR","1",1.398814533333333
"7QCN_1","7QCN","1",1.398814533333333
"7QDZ_2","7QDZ","2",1.398814533333333
"7QFB_1","7QFB","1",1.398814533333333
"7QH6_30","7QH6","30",1.398814533333333
"7QH7_43","7QH7","43",1.398814533333333
"7QHG_1","7QHG","1",1.398814533333333
"7QI4_10","7QI4","10",1.398814533333333
"7QI4_4","7QI4","4",1.398814533333333
"7QI4_70","7QI4","70",1.398814533333333
"7QI4_86","7QI4","86",1.398814533333333
"7QI5_10","7QI5","10",1.398814533333333
"7QI5_86","7QI5","86",1.398814533333333
"7QI6_84","7QI6","84",1.398814533333333
"7QID_1","7QID","1",1.398814533333333
"7QID_3","7QID","3",1.398814533333333
"7QJ1_1","7QJ1","1",1.398814533333333
"7QJ2_2","7QJ2","2",1.398814533333333
"7QJ3_7","7QJ3","7",1.398814533333333
"7QJ4_2","7QJ4","2",1.398814533333333
"7QJ5_8","7QJ5","8",1.398814533333333
"7QJ6_7","7QJ6","7",1.398814533333333
"7QJ7_4","7QJ7","4",1.398814533333333
"7QJ7_7","7QJ7","7",1.398814533333333
"7QJ8_5","7QJ8","5",1.398814533333333
"7QJ9_4","7QJ9","4",1.398814533333333
"7QJA_3","7QJA","3",1.398814533333333
"7QJB_6","7QJB","6",1.398814533333333
"7QJD_3","7QJD","3",1.398814533333333
"7QJE_2","7QJE","2",1.398814533333333
"7QK7_1","7QK7","1",1.398814533333333
"7QM2_1","7QM2","1",1.398814533333333
"7QN6_1","7QN6","1",1.398814533333333
"7QN7_2","7QN7","2",1.398814533333333
"7QNB_2","7QNB","2",1.398814533333333
"7QND_1","7QND","1",1.398814533333333
"7QQE_1","7QQE","1",1.398814533333333
"7QRV_1","7QRV","1",1.398814533333333
"7QTT_18","7QTT","18",1.398814533333333
"7QXN_1","7QXN","1",1.398814533333333
"7QXN_27","7QXN","27",1.398814533333333
"7QXP_26","7QXP","26",1.398814533333333
"7QXU_27","7QXU","27",1.398814533333333
"7QXW_1","7QXW","1",1.398814533333333
"7QXW_27","7QXW","27",1.398814533333333
"7QYA_19","7QYA","19",1.398814533333333
"7QYB_19","7QYB","19",1.398814533333333
"7QYB_27","7QYB","27",1.398814533333333
"7QZU_1","7QZU","1",1.398814533333333
"7R0C_1","7R0C","1",1.398814533333333
"7R4H_6","7R4H","6",1.398814533333333
"7R4X_33","7R4X","33",1.398814533333333
"7R5S_2","7R5S","2",1.398814533333333
"7R5S_5","7R5S","5",1.398814533333333
"7R87_2","7R87","2",1.398814533333333
"7RA3_2","7RA3","2",1.398814533333333
"7RB3_1","7RB3","1",1.398814533333333
"7RBT_2","7RBT","2",1.398814533333333
"7RCO_1","7RCO","1",1.398814533333333
"7RDB_1","7RDB","1",1.398814533333333
"7RG9_2","7RG9","2",1.398814533333333
"7RH9_2","7RH9","2",1.398814533333333
"7RHG_2","7RHG","2",1.398814533333333
"7RHH_2","7RHH","2",1.398814533333333
"7RHI_2","7RHI","2",1.398814533333333
"7RHJ_2","7RHJ","2",1.398814533333333
"7RHK_2","7RHK","2",1.398814533333333
"7RHL_2","7RHL","2",1.398814533333333
"7RKN_2","7RKN","2",1.398814533333333
"7RMH_2","7RMH","2",1.398814533333333
"7RMI_2","7RMI","2",1.398814533333333
"7RTB_2","7RTB","2",1.398814533333333
"7RU6_1","7RU6","1",1.398814533333333
"7RUH_1","7RUH","1",1.398814533333333
"7RUU_1","7RUU","1",1.398814533333333
"7RX8_1","7RX8","1",1.398814533333333
"7RXZ_1","7RXZ","1",1.398814533333333
"7RY0_1","7RY0","1",1.398814533333333
"7RYC_2","7RYC","2",1.398814533333333
"7RYC_4","7RYC","4",1.398814533333333
"7S1N_1","7S1N","1",1.398814533333333
"7S1X_1","7S1X","1",1.398814533333333
"7S3I_2","7S3I","2",1.398814533333333
"7S4Y_1","7S4Y","1",1.398814533333333
"7S58_2","7S58","2",1.398814533333333
"7S5X_2","7S5X","2",1.398814533333333
"7S5Y_2","7S5Y","2",1.398814533333333
"7S89_1","7S89","1",1.398814533333333
"7S8B_1","7S8B","1",1.398814533333333
"7S8N_2","7S8N","2",1.398814533333333
"7S8P_2","7S8P","2",1.398814533333333
"7SCS_2","7SCS","2",1.398814533333333
"7SCU_2","7SCU","2",1.398814533333333
"7SD0_3","7SD0","3",1.398814533333333
"7SF7_3","7SF7","3",1.398814533333333
"7SFZ_1","7SFZ","1",1.398814533333333
"7SJ3_2","7SJ3","2",1.398814533333333
"7SJ4_1","7SJ4","1",1.398814533333333
"7SK5_1","7SK5","1",1.398814533333333
"7SK7_1","7SK7","1",1.398814533333333
"7SK8_1","7SK8","1",1.398814533333333
"7SK9_1","7SK9","1",1.398814533333333
"7SL6_3","7SL6","3",1.398814533333333
"7SLY_1","7SLY","1",1.398814533333333
"7SN1_1","7SN1","1",1.398814533333333
"7SN2_2","7SN2","2",1.398814533333333
"7SPD_1","7SPD","1",1.398814533333333
"7SQK_5","7SQK","5",1.398814533333333
"7SQK_6","7SQK","6",1.398814533333333
"7SR8_2","7SR8","2",1.398814533333333
"7SR8_5","7SR8","5",1.398814533333333
"7SSE_1","7SSE","1",1.398814533333333
"7SSK_1","7SSK","1",1.398814533333333
"7SSY_1","7SSY","1",1.398814533333333
"7STH_2","7STH","2",1.398814533333333
"7STJ_2","7STJ","2",1.398814533333333
"7STK_2","7STK","2",1.398814533333333
"7SVO_1","7SVO","1",1.398814533333333
"7SX3_5","7SX3","5",1.398814533333333
"7SX4_4","7SX4","4",1.398814533333333
"7SZ0_1","7SZ0","1",1.398814533333333
"7T2H_2","7T2H","2",1.398814533333333
"7T3A_2","7T3A","2",1.398814533333333
"7T3A_5","7T3A","5",1.398814533333333
"7T3B_1","7T3B","1",1.398814533333333
"7T3C_2","7T3C","2",1.398814533333333
"7T3C_7","7T3C","7",1.398814533333333
"7T4Q_7","7T4Q","7",1.398814533333333
"7T8X_3","7T8X","3",1.398814533333333
"7T9M_3","7T9M","3",1.398814533333333
"7T9N_4","7T9N","4",1.398814533333333
"7TBW_1","7TBW","1",1.398814533333333
"7TBZ_1","7TBZ","1",1.398814533333333
"7TC0_1","7TC0","1",1.398814533333333
"7TD0_1","7TD0","1",1.398814533333333
"7TD3_4","7TD3","4",1.398814533333333
"7TMW_2","7TMW","2",1.398814533333333
"7TQL_11","7TQL","11",1.398814533333333
"7TQL_35","7TQL","35",1.398814533333333
"7TRC_1","7TRC","1",1.398814533333333
"7TRG_2","7TRG","2",1.398814533333333
"7TRJ_1","7TRJ","1",1.398814533333333
"7TRM_1","7TRM","1",1.398814533333333
"7TRP_2","7TRP","2",1.398814533333333
"7TRS_1","7TRS","1",1.398814533333333
"7TTZ_1","7TTZ","1",1.398814533333333
"7TUB_2","7TUB","2",1.398814533333333
"7TUY_4","7TUY","4",1.398814533333333
"7TUZ_1","7TUZ","1",1.398814533333333
"7TVF_1","7TVF","1",1.398814533333333
"7TW3_2","7TW3","2",1.398814533333333
"7TYJ_1","7TYJ","1",1.398814533333333
"7TYK_1","7TYK","1",1.398814533333333
"7TYL_2","7TYL","2",1.398814533333333
"7TYM_1","7TYM","1",1.398814533333333
"7TYN_4","7TYN","4",1.398814533333333
"7TYR_1","7TYR","1",1.398814533333333
"7TYW_5","7TYW","5",1.398814533333333
"7TYX_5","7TYX","5",1.398814533333333
"7TZF_5","7TZF","5",1.398814533333333
"7U20_2","7U20","2",1.398814533333333
"7U5C_1","7U5C","1",1.398814533333333
"7U5O_1","7U5O","1",1.398814533333333
"7U5P_1","7U5P","1",1.398814533333333
"7U6E_1","7U6E","1",1.398814533333333
"7U75_1","7U75","1",1.398814533333333
"7U76_1","7U76","1",1.398814533333333
"7U78_1","7U78","1",1.398814533333333
"7U7E_1","7U7E","1",1.398814533333333
"7U7F_1","7U7F","1",1.398814533333333
"7U7L_1","7U7L","1",1.398814533333333
"7U7Z_1","7U7Z","1",1.398814533333333
"7U81_1","7U81","1",1.398814533333333
"7U9Q_2","7U9Q","2",1.398814533333333
"7U9R_2","7U9R","2",1.398814533333333
"7U9T_2","7U9T","2",1.398814533333333
"7UA1_1","7UA1","1",1.398814533333333
"7UA4_3","7UA4","3",1.398814533333333
"7UA5_1","7UA5","1",1.398814533333333
"7UC7_1","7UC7","1",1.398814533333333
"7UD5_10","7UD5","10",1.398814533333333
"7UHF_1","7UHF","1",1.398814533333333
"7UHG_2","7UHG","2",1.398814533333333
"7UHY_2","7UHY","2",1.398814533333333
"7UKD_1","7UKD","1",1.398814533333333
"7UKF_1","7UKF","1",1.398814533333333
"7UKH_2","7UKH","2",1.398814533333333
"7UL3_1","7UL3","1",1.398814533333333
"7ULX_1","7ULX","1",1.398814533333333
"7UM4_1","7UM4","1",1.398814533333333
"7UM5_3","7UM5","3",1.398814533333333
"7UM6_1","7UM6","1",1.398814533333333
"7UM6_3","7UM6","3",1.398814533333333
"7UN1_3","7UN1","3",1.398814533333333
"7UNG_4","7UNG","4",1.398814533333333
"7UNG_8","7UNG","8",1.398814533333333
"7UPI_2","7UPI","2",1.398814533333333
"7USC_1","7USC","1",1.398814533333333
"7USD_1","7USD","1",1.398814533333333
"7USE_1","7USE","1",1.398814533333333
"7UT0_1","7UT0","1",1.398814533333333
"7UTZ_4","7UTZ","4",1.398814533333333
"7UTZ_6","7UTZ","6",1.398814533333333
"7UV9_7","7UV9","7",1.398814533333333
"7UWN_2","7UWN","2",1.398814533333333
"7UX2_3","7UX2","3",1.398814533333333
"7UYT_1","7UYT","1",1.398814533333333
"7UZQ_1","7UZQ","1",1.398814533333333
"7V0K_5","7V0K","5",1.398814533333333
"7V0S_1","7V0S","1",1.398814533333333
"7V3P_2","7V3P","2",1.398814533333333
"7V5G_1","7V5G","1",1.398814533333333
"7V5M_8","7V5M","8",1.398814533333333
"7V63_1","7V63","1",1.398814533333333
"7V68_2","7V68","2",1.398814533333333
"7V69_2","7V69","2",1.398814533333333
"7V6A_2","7V6A","2",1.398814533333333
"7V7B_1","7V7B","1",1.398814533333333
"7V9A_1","7V9A","1",1.398814533333333
"7V9B_1","7V9B","1",1.398814533333333
"7VBA_1","7VBA","1",1.398814533333333
"7VBA_8","7VBA","8",1.398814533333333
"7VDM_2","7VDM","2",1.398814533333333
"7VDV_11","7VDV","11",1.398814533333333
"7VGI_2","7VGI","2",1.398814533333333
"7VH0_1","7VH0","1",1.398814533333333
"7VHZ_1","7VHZ","1",1.398814533333333
"7VI0_1","7VI0","1",1.398814533333333
"7VIF_1","7VIF","1",1.398814533333333
"7VIG_1","7VIG","1",1.398814533333333
"7VIH_1","7VIH","1",1.398814533333333
"7VIH_4","7VIH","4",1.398814533333333
"7VL9_4","7VL9","4",1.398814533333333
"7VL9_5","7VL9","5",1.398814533333333
"7VLA_4","7VLA","4",1.398814533333333
"7VPG_1","7VPG","1",1.398814533333333
"7VR9_1","7VR9","1",1.398814533333333
"7VTP_1","7VTP","1",1.398814533333333
"7VUG_2","7VUG","2",1.398814533333333
"7VUH_2","7VUH","2",1.398814533333333
"7VUZ_3","7VUZ","3",1.398814533333333
"7VV3_2","7VV3","2",1.398814533333333
"7VXD_2","7VXD","2",1.398814533333333
"7W02_1","7W02","1",1.398814533333333
"7W0L_2","7W0L","2",1.398814533333333
"7W0N_2","7W0N","2",1.398814533333333
"7W0O_5","7W0O","5",1.398814533333333
"7W1Y_3","7W1Y","3",1.398814533333333
"7W1Y_5","7W1Y","5",1.398814533333333
"7W37_21","7W37","21",1.398814533333333
"7W38_14","7W38","14",1.398814533333333
"7W38_20","7W38","20",1.398814533333333
"7W38_22","7W38","22",1.398814533333333
"7W38_6","7W38","6",1.398814533333333
"7W39_14","7W39","14",1.398814533333333
"7W39_21","7W39","21",1.398814533333333
"7W39_23","7W39","23",1.398814533333333
"7W39_7","7W39","7",1.398814533333333
"7W3A_15","7W3A","15",1.398814533333333
"7W3A_26","7W3A","26",1.398814533333333
"7W3B_15","7W3B","15",1.398814533333333
"7W3B_23","7W3B","23",1.398814533333333
"7W3B_7","7W3B","7",1.398814533333333
"7W3F_14","7W3F","14",1.398814533333333
"7W3F_15","7W3F","15",1.398814533333333
"7W3G_15","7W3G","15",1.398814533333333
"7W3G_21","7W3G","21",1.398814533333333
"7W3G_32","7W3G","32",1.398814533333333
"7W3H_15","7W3H","15",1.398814533333333
"7W3H_21","7W3H","21",1.398814533333333
"7W3I_15","7W3I","15",1.398814533333333
"7W3I_8","7W3I","8",1.398814533333333
"7W3J_3","7W3J","3",1.398814533333333
"7W3K_13","7W3K","13",1.398814533333333
"7W3K_5","7W3K","5",1.398814533333333
"7W3M_15","7W3M","15",1.398814533333333
"7W3M_23","7W3M","23",1.398814533333333
"7W3Z_1","7W3Z","1",1.398814533333333
"7W3Z_4","7W3Z","4",1.398814533333333
"7W40_1","7W40","1",1.398814533333333
"7W55_2","7W55","2",1.398814533333333
"7W56_2","7W56","2",1.398814533333333
"7W59_36","7W59","36",1.398814533333333
"7W5A_14","7W5A","14",1.398814533333333
"7W5A_17","7W5A","17",1.398814533333333
"7W5A_22","7W5A","22",1.398814533333333
"7W5A_25","7W5A","25",1.398814533333333
"7W5A_44","7W5A","44",1.398814533333333
"7W5B_18","7W5B","18",1.398814533333333
"7W68_6","7W68","6",1.398814533333333
"7W6N_2","7W6N","2",1.398814533333333
"7W7E_2","7W7E","2",1.398814533333333
"7W7F_3","7W7F","3",1.398814533333333
"7W9C_2","7W9C","2",1.398814533333333
"7W9L_1","7W9L","1",1.398814533333333
"7W9M_1","7W9M","1",1.398814533333333
"7WCD_3","7WCD","3",1.398814533333333
"7WCM_2","7WCM","2",1.398814533333333
"7WF4_3","7WF4","3",1.398814533333333
"7WFR_1","7WFR","1",1.398814533333333
"7WFW_1","7WFW","1",1.398814533333333
"7WJI_1","7WJI","1",1.398814533333333
"7WKD_2","7WKD","2",1.398814533333333
"7WKZ_1","7WKZ","1",1.398814533333333
"7WLF_1","7WLF","1",1.398814533333333
"7WLJ_1","7WLJ","1",1.398814533333333
"7WMH_1","7WMH","1",1.398814533333333
"7WML_1","7WML","1",1.398814533333333
"7WMO_1","7WMO","1",1.398814533333333
"7WOJ_1","7WOJ","1",1.398814533333333
"7WR4_3","7WR4","3",1.398814533333333
"7WRN_1","7WRN","1",1.398814533333333
"7WRQ_3","7WRQ","3",1.398814533333333
"7WSZ_1","7WSZ","1",1.398814533333333
"7WT1_1","7WT1","1",1.398814533333333
"7WTH_2","7WTH","2",1.398814533333333
"7WTV_26","7WTV","26",1.398814533333333
"7WTW_27","7WTW","27",1.398814533333333
"7WTX_11","7WTX","11",1.398814533333333
"7WTX_18","7WTX","18",1.398814533333333
"7WTZ_18","7WTZ","18",1.398814533333333
"7WU3_2","7WU3","2",1.398814533333333
"7WUJ_3","7WUJ","3",1.398814533333333
"7WUQ_2","7WUQ","2",1.398814533333333
"7WVP_1","7WVP","1",1.398814533333333
"7WVU_3","7WVU","3",1.398814533333333
"7WY5_2","7WY5","2",1.398814533333333
"7WYB_2","7WYB","2",1.398814533333333
"7WZ3_7","7WZ3","7",1.398814533333333
"7WZ7_2","7WZ7","2",1.398814533333333
"7WZ9_1","7WZ9","1",1.398814533333333
"7X0S_2","7X0S","2",1.398814533333333
"7X0V_2","7X0V","2",1.398814533333333
"7X2C_1","7X2C","1",1.398814533333333
"7X2C_3","7X2C","3",1.398814533333333
"7X2D_1","7X2D","1",1.398814533333333
"7X2F_1","7X2F","1",1.398814533333333
"7X3J_7","7X3J","7",1.398814533333333
"7X68_1","7X68","1",1.398814533333333
"7X6Q_7","7X6Q","7",1.398814533333333
"7X93_3","7X93","3",1.398814533333333
"7X9A_3","7X9A","3",1.398814533333333
"7XBW_2","7XBW","2",1.398814533333333
"7XBW_4","7XBW","4",1.398814533333333
"7XBX_2","7XBX","2",1.398814533333333
"7XBX_4","7XBX","4",1.398814533333333
"7XGD_1","7XGD","1",1.398814533333333
"7XHN_5","7XHN","5",1.398814533333333
"7XJL_3","7XJL","3",1.398814533333333
"7XK2_2","7XK2","2",1.398814533333333
"7XKA_1","7XKA","1",1.398814533333333
"7XMF_1","7XMF","1",1.398814533333333
"7XMR_3","7XMR","3",1.398814533333333
"7XNX_52","7XNX","52",1.398814533333333
"7XNY_4","7XNY","4",1.398814533333333
"7XNY_53","7XNY","53",1.398814533333333
"7XOW_1","7XOW","1",1.398814533333333
"7XP4_2","7XP4","2",1.398814533333333
"7XP6_2","7XP6","2",1.398814533333333
"7XRR_1","7XRR","1",1.398814533333333
"7XT9_2","7XT9","2",1.398814533333333
"7XT9_4","7XT9","4",1.398814533333333
"7XTA_5","7XTA","5",1.398814533333333
"7XTB_5","7XTB","5",1.398814533333333
"7XTC_2","7XTC","2",1.398814533333333
"7XUL_1","7XUL","1",1.398814533333333
"7XW2_1","7XW2","1",1.398814533333333
"7XW5_2","7XW5","2",1.398814533333333
"7XW6_2","7XW6","2",1.398814533333333
"7XY6_2","7XY6","2",1.398814533333333
"7XY6_4","7XY6","4",1.398814533333333
"7XY7_2","7XY7","2",1.398814533333333
"7Y1R_2","7Y1R","2",1.398814533333333
"7Y27_1","7Y27","1",1.398814533333333
"7Y2D_1","7Y2D","1",1.398814533333333
"7Y5O_2","7Y5O","2",1.398814533333333
"7Y5Q_1","7Y5Q","1",1.398814533333333
"7Y5V_5","7Y5V","5",1.398814533333333
"7Y64_5","7Y64","5",1.398814533333333
"7Y66_2","7Y66","2",1.398814533333333
"7Y7V_1","7Y7V","1",1.398814533333333
"7Y7W_1","7Y7W","1",1.398814533333333
"7Y8R_15","7Y8R","15",1.398814533333333
"7YAE_2","7YAE","2",1.398814533333333
"7YAG_1","7YAG","1",1.398814533333333
"7YAH_1","7YAH","1",1.398814533333333
"7YCX_2","7YCX","2",1.398814533333333
"7YCX_4","7YCX","4",1.398814533333333
"7YDJ_2","7YDJ","2",1.398814533333333
"7YFD_2","7YFD","2",1.398814533333333
"7YFR_1","7YFR","1",1.398814533333333
"7YG4_1","7YG4","1",1.398814533333333
"7YHP_1","7YHP","1",1.398814533333333
"7YIM_1","7YIM","1",1.398814533333333
"7YIV_1","7YIV","1",1.398814533333333
"7YIY_1","7YIY","1",1.398814533333333
"7YIY_5","7YIY","5",1.398814533333333
"7YJ1_5","7YJ1","5",1.398814533333333
"7YK7_5","7YK7","5",1.398814533333333
"7YL1_1","7YL1","1",1.398814533333333
"7YMJ_1","7YMJ","1",1.398814533333333
"7YQ3_1","7YQ3","1",1.398814533333333
"7YQ4_1","7YQ4","1",1.398814533333333
"7YR5_2","7YR5","2",1.398814533333333
"7YRR_1","7YRR","1",1.398814533333333
"7YU8_1","7YU8","1",1.398814533333333
"7YUB_4","7YUB","4",1.398814533333333
"7YUI_2","7YUI","2",1.398814533333333
"7YYH_6","7YYH","6",1.398814533333333
"7YYH_9","7YYH","9",1.398814533333333
"7Z0Y_2","7Z0Y","2",1.398814533333333
"7Z38_1","7Z38","1",1.398814533333333
"7Z5L_1","7Z5L","1",1.398814533333333
"7Z6H_1","7Z6H","1",1.398814533333333
"7Z6H_2","7Z6H","2",1.398814533333333
"7Z88_1","7Z88","1",1.398814533333333
"7Z8T_2","7Z8T","2",1.398814533333333
"7ZBW_3","7ZBW","3",1.398814533333333
"7ZBZ_2","7ZBZ","2",1.398814533333333
"7ZC4_1","7ZC4","1",1.398814533333333
"7ZEL_1","7ZEL","1",1.398814533333333
"7ZES_1","7ZES","1",1.398814533333333
"7ZGU_1","7ZGU","1",1.398814533333333
"7ZL1_1","7ZL1","1",1.398814533333333
"7ZNK_3","7ZNK","3",1.398814533333333
"7ZNT_4","7ZNT","4",1.398814533333333
"7ZR0_3","7ZR0","3",1.398814533333333
"7ZUB_1","7ZUB","1",1.398814533333333
"7ZUB_2","7ZUB","2",1.398814533333333
"7ZW1_1","7ZW1","1",1.398814533333333
"8A43_8","8A43","8",1.398814533333333
"8A9J_5","8A9J","5",1.398814533333333
"8A9K_1","8A9K","1",1.398814533333333
"8AAU_1","8AAU","1",1.398814533333333
"8AI7_1","8AI7","1",1.398814533333333
"8AM2_1","8AM2","1",1.398814533333333
"8ANY_83","8ANY","83",1.398814533333333
"8AVE_2","8AVE","2",1.398814533333333
"8AVF_2","8AVF","2",1.398814533333333
"8B0F_1","8B0F","1",1.398814533333333
"8B0G_8","8B0G","8",1.398814533333333
"8B0H_8","8B0H","8",1.398814533333333
"8B3F_17","8B3F","17",1.398814533333333
"8B3G_5","8B3G","5",1.398814533333333
"8B5W_1","8B5W","1",1.398814533333333
"8B9D_21","8B9D","21",1.398814533333333
"8BA5_1","8BA5","1",1.398814533333333
"8BB5_4","8BB5","4",1.398814533333333
"8BBE_2","8BBE","2",1.398814533333333
"8BBF_3","8BBF","3",1.398814533333333
"8BDY_1","8BDY","1",1.398814533333333
"8BFI_2","8BFI","2",1.398814533333333
"8BGU_1","8BGU","1",1.398814533333333
"8BHY_1","8BHY","1",1.398814533333333
"8BJA_1","8BJA","1",1.398814533333333
"8BN8_1","8BN8","1",1.398814533333333
"8BOT_4","8BOT","4",1.398814533333333
"8BU1_3","8BU1","3",1.398814533333333
"8BU3_3","8BU3","3",1.398814533333333
"8BU6_3","8BU6","3",1.398814533333333
"8BUA_3","8BUA","3",1.398814533333333
"8BUE_3","8BUE","3",1.398814533333333
"8BUF_3","8BUF","3",1.398814533333333
"8BUH_3","8BUH","3",1.398814533333333
"8BUK_3","8BUK","3",1.398814533333333
"8BUL_3","8BUL","3",1.398814533333333
"8BUM_3","8BUM","3",1.398814533333333
"8BUN_3","8BUN","3",1.398814533333333
"8BWA_1","8BWA","1",1.398814533333333
"8BWD_1","8BWD","1",1.398814533333333
"8BWL_1","8BWL","1",1.398814533333333
"8BYQ_5","8BYQ","5",1.398814533333333
"8BZL_14","8BZL","14",1.398814533333333
"8C02_1","8C02","1",1.398814533333333
"8C06_1","8C06","1",1.398814533333333
"8C1C_1","8C1C","1",1.398814533333333
"8C60_3","8C60","3",1.398814533333333
"8C67_2","8C67","2",1.398814533333333
"8C6J_28","8C6J","28",1.398814533333333
"8C6J_34","8C6J","34",1.398814533333333
"8C6J_35","8C6J","35",1.398814533333333
"8C6J_46","8C6J","46",1.398814533333333
"8C7H_2","8C7H","2",1.398814533333333
"8C7W_1","8C7W","1",1.398814533333333
"8C9X_1","8C9X","1",1.398814533333333
"8CB6_1","8CB6","1",1.398814533333333
"8CE4_1","8CE4","1",1.398814533333333
"8CH6_10","8CH6","10",1.398814533333333
"8CH6_48","8CH6","48",1.398814533333333
"8CI1_1","8CI1","1",1.398814533333333
"8CI2_1","8CI2","1",1.398814533333333
"8CML_3","8CML","3",1.398814533333333
"8COE_2","8COE","2",1.398814533333333
"8CPD_1","8CPD","1",1.398814533333333
"8CS9_2","8CS9","2",1.398814533333333
"8CSP_11","8CSP","11",1.398814533333333
"8CSS_11","8CSS","11",1.398814533333333
"8CST_10","8CST","10",1.398814533333333
"8CSU_11","8CSU","11",1.398814533333333
"8CTE_3","8CTE","3",1.398814533333333
"8CV4_1","8CV4","1",1.398814533333333
"8CVR_1","8CVR","1",1.398814533333333
"8CVR_9","8CVR","9",1.398814533333333
"8CVS_8","8CVS","8",1.398814533333333
"8CVT_23","8CVT","23",1.398814533333333
"8CVT_7","8CVT","7",1.398814533333333
"8CXB_16","8CXB","16",1.398814533333333
"8CXB_9","8CXB","9",1.398814533333333
"8D0K_4","8D0K","4",1.398814533333333
"8D1B_2","8D1B","2",1.398814533333333
"8D42_1","8D42","1",1.398814533333333
"8D4C_7","8D4C","7",1.398814533333333
"8D4E_7","8D4E","7",1.398814533333333
"8D6C_1","8D6C","1",1.398814533333333
"8D6D_1","8D6D","1",1.398814533333333
"8D7R_3","8D7R","3",1.398814533333333
"8D7Y_2","8D7Y","2",1.398814533333333
"8D80_2","8D80","2",1.398814533333333
"8D81_2","8D81","2",1.398814533333333
"8D9D_1","8D9D","1",1.398814533333333
"8D9D_3","8D9D","3",1.398814533333333
"8D9K_2","8D9K","2",1.398814533333333
"8D9L_1","8D9L","1",1.398814533333333
"8D9V_7","8D9V","7",1.398814533333333
"8D9W_7","8D9W","7",1.398814533333333
"8DFM_1","8DFM","1",1.398814533333333
"8DGP_1","8DGP","1",1.398814533333333
"8DHB_1","8DHB","1",1.398814533333333
"8DKI_1","8DKI","1",1.398814533333333
"8DKX_3","8DKX","3",1.398814533333333
"8DL8_1","8DL8","1",1.398814533333333
"8DNX_3","8DNX","3",1.398814533333333
"8DO1_1","8DO1","1",1.398814533333333
"8DP5_1","8DP5","1",1.398814533333333
"8DP5_3","8DP5","3",1.398814533333333
"8DPF_1","8DPF","1",1.398814533333333
"8DPF_3","8DPF","3",1.398814533333333
"8DPG_1","8DPG","1",1.398814533333333
"8DPG_3","8DPG","3",1.398814533333333
"8DPH_1","8DPH","1",1.398814533333333
"8DPS_3","8DPS","3",1.398814533333333
"8DS5_1","8DS5","1",1.398814533333333
"8DWG_3","8DWG","3",1.398814533333333
"8DWH_2","8DWH","2",1.398814533333333
"8DWK_1","8DWK","1",1.398814533333333
"8DWL_1","8DWL","1",1.398814533333333
"8DWS_1","8DWS","1",1.398814533333333
"8DYE_1","8DYE","1",1.398814533333333
"8DYP_1","8DYP","1",1.398814533333333
"8DZQ_1","8DZQ","1",1.398814533333333
"8DZR_3","8DZR","3",1.398814533333333
"8E04_1","8E04","1",1.398814533333333
"8E06_1","8E06","1",1.398814533333333
"8E59_1","8E59","1",1.398814533333333
"8E88_1","8E88","1",1.398814533333333
"8E89_1","8E89","1",1.398814533333333
"8E8B_1","8E8B","1",1.398814533333333
"8E8F_1","8E8F","1",1.398814533333333
"8E8J_1","8E8J","1",1.398814533333333
"8E92_1","8E92","1",1.398814533333333
"8E92_2","8E92","2",1.398814533333333
"8E96_1","8E96","1",1.398814533333333
"8E98_2","8E98","2",1.398814533333333
"8E9F_1","8E9F","1",1.398814533333333
"8EBU_5","8EBU","5",1.398814533333333
"8EBX_5","8EBX","5",1.398814533333333
"8EBY_5","8EBY","5",1.398814533333333
"8ECQ_2","8ECQ","2",1.398814533333333
"8EEB_1","8EEB","1",1.398814533333333
"8EHX_1","8EHX","1",1.398814533333333
"8EI2_1","8EI2","1",1.398814533333333
"8EJC_2","8EJC","2",1.398814533333333
"8EJK_2","8EJK","2",1.398814533333333
"8EPW_2","8EPW","2",1.398814533333333
"8ERA_1","8ERA","1",1.398814533333333
"8ES7_6","8ES7","6",1.398814533333333
"8ES8_6","8ES8","6",1.398814533333333
"8ETP_2","8ETP","2",1.398814533333333
"8ETR_1","8ETR","1",1.398814533333333
"8EVA_2","8EVA","2",1.398814533333333
"8EVF_1","8EVF","1",1.398814533333333
"8EW4_1","8EW4","1",1.398814533333333
"8EZ9_2","8EZ9","2",1.398814533333333
"8F0K_5","8F0K","5",1.398814533333333
"8F0Q_1","8F0Q","1",1.398814533333333
"8F0S_1","8F0S","1",1.398814533333333
"8F93_1","8F93","1",1.398814533333333
"8FGW_2","8FGW","2",1.398814533333333
"8FH3_2","8FH3","2",1.398814533333333
"8FK6_2","8FK6","2",1.398814533333333
"8FK8_2","8FK8","2",1.398814533333333
"8FKQ_32","8FKQ","32",1.398814533333333
"8FKR_39","8FKR","39",1.398814533333333
"8FKT_40","8FKT","40",1.398814533333333
"8FKT_52","8FKT","52",1.398814533333333
"8FKU_49","8FKU","49",1.398814533333333
"8FKV_42","8FKV","42",1.398814533333333
"8FKV_55","8FKV","55",1.398814533333333
"8FKW_39","8FKW","39",1.398814533333333
"8FKX_39","8FKX","39",1.398814533333333
"8FKY_50","8FKY","50",1.398814533333333
"8FKZ_42","8FKZ","42",1.398814533333333
"8FL2_44","8FL2","44",1.398814533333333
"8FL2_45","8FL2","45",1.398814533333333
"8FL3_43","8FL3","43",1.398814533333333
"8FL3_44","8FL3","44",1.398814533333333
"8FL3_53","8FL3","53",1.398814533333333
"8FL4_43","8FL4","43",1.398814533333333
"8FL6_47","8FL6","47",1.398814533333333
"8FLB_45","8FLB","45",1.398814533333333
"8FLF_43","8FLF","43",1.398814533333333
"8FLQ_2","8FLQ","2",1.398814533333333
"8FLT_2","8FLT","2",1.398814533333333
"8FLU_2","8FLU","2",1.398814533333333
"8FMZ_2","8FMZ","2",1.398814533333333
"8FN3_1","8FN3","1",1.398814533333333
"8FO7_1","8FO7","1",1.398814533333333
"8FO8_2","8FO8","2",1.398814533333333
"8FOA_1","8FOA","1",1.398814533333333
"8FOG_1","8FOG","1",1.398814533333333
"8FP3_1","8FP3","1",1.398814533333333
"8FPO_2","8FPO","2",1.398814533333333
"8FW5_1","8FW5","1",1.398814533333333
"8FW9_1","8FW9","1",1.398814533333333
"8FY8_4","8FY8","4",1.398814533333333
"8FYE_4","8FYE","4",1.398814533333333
"8FYH_6","8FYH","6",1.398814533333333
"8G05_3","8G05","3",1.398814533333333
"8G46_2","8G46","2",1.398814533333333
"8G4L_5","8G4L","5",1.398814533333333
"8G5I_1","8G5I","1",1.398814533333333
"8G5K_1","8G5K","1",1.398814533333333
"8G5L_1","8G5L","1",1.398814533333333
"8G5M_1","8G5M","1",1.398814533333333
"8G5N_1","8G5N","1",1.398814533333333
"8G5O_1","8G5O","1",1.398814533333333
"8G5Y_39","8G5Y","39",1.398814533333333
"8G5Z_36","8G5Z","36",1.398814533333333
"8G60_15","8G60","15",1.398814533333333
"8G61_36","8G61","36",1.398814533333333
"8G6J_15","8G6J","15",1.398814533333333
"8G6J_39","8G6J","39",1.398814533333333
"8G8H_1","8G8H","1",1.398814533333333
"8G8J_1","8G8J","1",1.398814533333333
"8G94_1","8G94","1",1.398814533333333
"8GAG_2","8GAG","2",1.398814533333333
"8GBF_1","8GBF","1",1.398814533333333
"8GCM_2","8GCM","2",1.398814533333333
"8GCN_1","8GCN","1",1.398814533333333
"8GCP_2","8GCP","2",1.398814533333333
"8GD9_2","8GD9","2",1.398814533333333
"8GDC_2","8GDC","2",1.398814533333333
"8GE1_4","8GE1","4",1.398814533333333
"8GE2_2","8GE2","2",1.398814533333333
"8GE2_4","8GE2","4",1.398814533333333
"8GE6_2","8GE6","2",1.398814533333333
"8GE7_2","8GE7","2",1.398814533333333
"8GE7_4","8GE7","4",1.398814533333333
"8GE8_4","8GE8","4",1.398814533333333
"8GE9_4","8GE9","4",1.398814533333333
"8GEA_4","8GEA","4",1.398814533333333
"8GEB_4","8GEB","4",1.398814533333333
"8GEE_2","8GEE","2",1.398814533333333
"8GEF_2","8GEF","2",1.398814533333333
"8GEH_2","8GEH","2",1.398814533333333
"8GFV_2","8GFV","2",1.398814533333333
"8GFV_4","8GFV","4",1.398814533333333
"8GFW_4","8GFW","4",1.398814533333333
"8GFX_4","8GFX","4",1.398814533333333
"8GFY_2","8GFY","2",1.398814533333333
"8GFZ_2","8GFZ","2",1.398814533333333
"8GG0_2","8GG0","2",1.398814533333333
"8GG1_2","8GG1","2",1.398814533333333
"8GG2_4","8GG2","4",1.398814533333333
"8GG3_2","8GG3","2",1.398814533333333
"8GG3_4","8GG3","4",1.398814533333333
"8GG4_2","8GG4","2",1.398814533333333
"8GG4_4","8GG4","4",1.398814533333333
"8GG6_2","8GG6","2",1.398814533333333
"8GG8_4","8GG8","4",1.398814533333333
"8GG9_4","8GG9","4",1.398814533333333
"8GGA_2","8GGA","2",1.398814533333333
"8GGB_2","8GGB","2",1.398814533333333
"8GGC_4","8GGC","4",1.398814533333333
"8GGE_4","8GGE","4",1.398814533333333
"8GGI_1","8GGI","1",1.398814533333333
"8GGK_1","8GGK","1",1.398814533333333
"8GGM_1","8GGM","1",1.398814533333333
"8GGO_1","8GGO","1",1.398814533333333
"8GGT_1","8GGT","1",1.398814533333333
"8GGU_1","8GGU","1",1.398814533333333
"8GGX_1","8GGX","1",1.398814533333333
"8GHV_2","8GHV","2",1.398814533333333
"8GLP_15","8GLP","15",1.398814533333333
"8GLP_36","8GLP","36",1.398814533333333
"8GML_1","8GML","1",1.398814533333333
"8GPJ_3","8GPJ","3",1.398814533333333
"8GRB_2","8GRB","2",1.398814533333333
"8GS8_2","8GS8","2",1.398814533333333
"8GUI_7","8GUI","7",1.398814533333333
"8GUQ_2","8GUQ","2",1.398814533333333
"8GUR_2","8GUR","2",1.398814533333333
"8GUY_1","8GUY","1",1.398814533333333
"8GUY_2","8GUY","2",1.398814533333333
"8GXQ_10","8GXQ","10",1.398814533333333
"8GXQ_4","8GXQ","4",1.398814533333333
"8GXS_12","8GXS","12",1.398814533333333
"8GYX_1","8GYX","1",1.398814533333333
"8H0N_1","8H0N","1",1.398814533333333
"8H35_2","8H35","2",1.398814533333333
"8H38_9","8H38","9",1.398814533333333
"8H3A_9","8H3A","9",1.398814533333333
"8H3Q_1","8H3Q","1",1.398814533333333
"8H3R_3","8H3R","3",1.398814533333333
"8H4I_5","8H4I","5",1.398814533333333
"8H4K_2","8H4K","2",1.398814533333333
"8H4K_5","8H4K","5",1.398814533333333
"8H4L_5","8H4L","5",1.398814533333333
"8H6E_14","8H6E","14",1.398814533333333
"8H6E_28","8H6E","28",1.398814533333333
"8H6L_32","8H6L","32",1.398814533333333
"8H7G_1","8H7G","1",1.398814533333333
"8H8J_3","8H8J","3",1.398814533333333
"8HAJ_6","8HAJ","6",1.398814533333333
"8HAK_6","8HAK","6",1.398814533333333
"8HAL_6","8HAL","6",1.398814533333333
"8HAM_6","8HAM","6",1.398814533333333
"8HCX_2","8HCX","2",1.398814533333333
"8HDO_5","8HDO","5",1.398814533333333
"8HE9_1","8HE9","1",1.398814533333333
"8HGG_2","8HGG","2",1.398814533333333
"8HGJ_2","8HGJ","2",1.398814533333333
"8HGZ_1","8HGZ","1",1.398814533333333
"8HJ0_2","8HJ0","2",1.398814533333333
"8HJ5_2","8HJ5","2",1.398814533333333
"8HK6_1","8HK6","1",1.398814533333333
"8HKM_1","8HKM","1",1.398814533333333
"8HKQ_1","8HKQ","1",1.398814533333333
"8HMP_1","8HMP","1",1.398814533333333
"8HMS_1","8HMS","1",1.398814533333333
"8HMU_1","8HMU","1",1.398814533333333
"8HMV_3","8HMV","3",1.398814533333333
"8HMX_1","8HMX","1",1.398814533333333
"8HMZ_1","8HMZ","1",1.398814533333333
"8HN0_1","8HN0","1",1.398814533333333
"8HNM_2","8HNM","2",1.398814533333333
"8HQE_1","8HQE","1",1.398814533333333
"8HQN_1","8HQN","1",1.398814533333333
"8HR0_1","8HR0","1",1.398814533333333
"8HRN_1","8HRN","1",1.398814533333333
"8HRU_1","8HRU","1",1.398814533333333
"8HS3_2","8HS3","2",1.398814533333333
"8HSK_1","8HSK","1",1.398814533333333
"8HUK_1","8HUK","1",1.398814533333333
"8HVI_3","8HVI","3",1.398814533333333
"8I0P_13","8I0P","13",1.398814533333333
"8I0P_22","8I0P","22",1.398814533333333
"8I0P_5","8I0P","5",1.398814533333333
"8I0R_13","8I0R","13",1.398814533333333
"8I0R_26","8I0R","26",1.398814533333333
"8I0R_5","8I0R","5",1.398814533333333
"8I0S_16","8I0S","16",1.398814533333333
"8I0T_26","8I0T","26",1.398814533333333
"8I0T_5","8I0T","5",1.398814533333333
"8I0U_4","8I0U","4",1.398814533333333
"8I0V_15","8I0V","15",1.398814533333333
"8I0V_4","8I0V","4",1.398814533333333
"8I2G_2","8I2G","2",1.398814533333333
"8I5B_1","8I5B","1",1.398814533333333
"8I5G_3","8I5G","3",1.398814533333333
"8I7V_3","8I7V","3",1.398814533333333
"8I95_5","8I95","5",1.398814533333333
"8I9A_2","8I9A","2",1.398814533333333
"8I9S_3","8I9S","3",1.398814533333333
"8IA2_2","8IA2","2",1.398814533333333
"8IA8_4","8IA8","4",1.398814533333333
"8IB1_1","8IB1","1",1.398814533333333
"8IB8_8","8IB8","8",1.398814533333333
"8IBU_2","8IBU","2",1.398814533333333
"8ID6_3","8ID6","3",1.398814533333333
"8ID9_5","8ID9","5",1.398814533333333
"8IE3_33","8IE3","33",1.398814533333333
"8IEJ_8","8IEJ","8",1.398814533333333
"8IHI_5","8IHI","5",1.398814533333333
"8IHJ_1","8IHJ","1",1.398814533333333
"8IJ3_2","8IJ3","2",1.398814533333333
"8IJB_2","8IJB","2",1.398814533333333
"8IJK_1","8IJK","1",1.398814533333333
"8IME_1","8IME","1",1.398814533333333
"8IMF_1","8IMF","1",1.398814533333333
"8IMG_1","8IMG","1",1.398814533333333
"8INK_33","8INK","33",1.398814533333333
"8IOD_2","8IOD","2",1.398814533333333
"8IOD_6","8IOD","6",1.398814533333333
"8IPD_32","8IPD","32",1.398814533333333
"8IQ4_1","8IQ4","1",1.398814533333333
"8IQ6_5","8IQ6","5",1.398814533333333
"8IR1_29","8IR1","29",1.398814533333333
"8IR1_53","8IR1","53",1.398814533333333
"8IRR_2","8IRR","2",1.398814533333333
"8IRR_5","8IRR","5",1.398814533333333
"8ITY_16","8ITY","16",1.398814533333333
"8ITY_4","8ITY","4",1.398814533333333
"8IUH_13","8IUH","13",1.398814533333333
"8IUK_2","8IUK","2",1.398814533333333
"8IUL_2","8IUL","2",1.398814533333333
"8IW7_2","8IW7","2",1.398814533333333
"8IW9_2","8IW9","2",1.398814533333333
"8IWR_1","8IWR","1",1.398814533333333
"8IXD_3","8IXD","3",1.398814533333333
"8IXG_3","8IXG","3",1.398814533333333
"8IY5_5","8IY5","5",1.398814533333333
"8IY6_1","8IY6","1",1.398814533333333
"8IY9_2","8IY9","2",1.398814533333333
"8IY9_5","8IY9","5",1.398814533333333
"8IYH_1","8IYH","1",1.398814533333333
"8IYX_1","8IYX","1",1.398814533333333
"8IZ4_5","8IZ4","5",1.398814533333333
"8IZY_1","8IZY","1",1.398814533333333
"8J00_1","8J00","1",1.398814533333333
"8J07_103","8J07","103",1.398814533333333
"8J07_27","8J07","27",1.398814533333333
"8J07_35","8J07","35",1.398814533333333
"8J07_51","8J07","51",1.398814533333333
"8J07_70","8J07","70",1.398814533333333
"8J07_72","8J07","72",1.398814533333333
"8J07_73","8J07","73",1.398814533333333
"8J07_81","8J07","81",1.398814533333333
"8J07_87","8J07","87",1.398814533333333
"8J20_1","8J20","1",1.398814533333333
"8J22_1","8J22","1",1.398814533333333
"8J2F_1","8J2F","1",1.398814533333333
"8J4Z_1","8J4Z","1",1.398814533333333
"8J6D_2","8J6D","2",1.398814533333333
"8J6I_3","8J6I","3",1.398814533333333
"8J6P_5","8J6P","5",1.398814533333333
"8J6Q_2","8J6Q","2",1.398814533333333
"8J6T_6","8J6T","6",1.398814533333333
"8J78_1","8J78","1",1.398814533333333
"8J7D_2","8J7D","2",1.398814533333333
"8J9N_1","8J9N","1",1.398814533333333
"8J9O_1","8J9O","1",1.398814533333333
"8JAK_1","8JAK","1",1.398814533333333
"8JAQ_1","8JAQ","1",1.398814533333333
"8JAU_1","8JAU","1",1.398814533333333
"8JBV_2","8JBV","2",1.398814533333333
"8JC0_6","8JC0","6",1.398814533333333
"8JCA_1","8JCA","1",1.398814533333333
"8JCB_6","8JCB","6",1.398814533333333
"8JCW_2","8JCW","2",1.398814533333333
"8JCZ_1","8JCZ","1",1.398814533333333
"8JD0_1","8JD0","1",1.398814533333333
"8JD3_2","8JD3","2",1.398814533333333
"8JD4_1","8JD4","1",1.398814533333333
"8JD4_2","8JD4","2",1.398814533333333
"8JD5_4","8JD5","4",1.398814533333333
"8JD6_4","8JD6","4",1.398814533333333
"8JDL_57","8JDL","57",1.398814533333333
"8JDM_6","8JDM","6",1.398814533333333
"8JE2_5","8JE2","5",1.398814533333333
"8JEF_3","8JEF","3",1.398814533333333
"8JER_3","8JER","3",1.398814533333333
"8JEZ_1","8JEZ","1",1.398814533333333
"8JF0_1","8JF0","1",1.398814533333333
"8JF1_1","8JF1","1",1.398814533333333
"8JFK_2","8JFK","2",1.398814533333333
"8JGB_4","8JGB","4",1.398814533333333
"8JHB_2","8JHB","2",1.398814533333333
"8JHI_2","8JHI","2",1.398814533333333
"8JHN_3","8JHN","3",1.398814533333333
"8JII_5","8JII","5",1.398814533333333
"8JIL_1","8JIL","1",1.398814533333333
"8JIL_5","8JIL","5",1.398814533333333
"8JIM_1","8JIM","1",1.398814533333333
"8JJ0_2","8JJ0","2",1.398814533333333
"8JJ2_2","8JJ2","2",1.398814533333333
"8JJ8_1","8JJ8","1",1.398814533333333
"8JJE_1","8JJE","1",1.398814533333333
"8JLJ_2","8JLJ","2",1.398814533333333
"8JLK_2","8JLK","2",1.398814533333333
"8JLN_2","8JLN","2",1.398814533333333
"8JLP_2","8JLP","2",1.398814533333333
"8JOQ_1","8JOQ","1",1.398814533333333
"8JPO_1","8JPO","1",1.398814533333333
"8JPP_2","8JPP","2",1.398814533333333
"8JQG_1","8JQG","1",1.398814533333333
"8JRT_21","8JRT","21",1.398814533333333
"8JRT_5","8JRT","5",1.398814533333333
"8JSP_5","8JSP","5",1.398814533333333
"8JT6_5","8JT6","5",1.398814533333333
"8JTI_16","8JTI","16",1.398814533333333
"8JWU_1","8JWU","1",1.398814533333333
"8JXR_1","8JXR","1",1.398814533333333
"8JXS_1","8JXS","1",1.398814533333333
"8JZ7_1","8JZ7","1",1.398814533333333
"8JZS_1","8JZS","1",1.398814533333333
"8JZX_1","8JZX","1",1.398814533333333
"8JZZ_1","8JZZ","1",1.398814533333333
"8JZZ_6","8JZZ","6",1.398814533333333
"8K0G_6","8K0G","6",1.398814533333333
"8K1J_1","8K1J","1",1.398814533333333
"8K1Z_1","8K1Z","1",1.398814533333333
"8K2B_52","8K2B","52",1.398814533333333
"8K2V_2","8K2V","2",1.398814533333333
"8K2X_2","8K2X","2",1.398814533333333
"8K2X_4","8K2X","4",1.398814533333333
"8K3Z_1","8K3Z","1",1.398814533333333
"8K4N_2","8K4N","2",1.398814533333333
"8K4N_5","8K4N","5",1.398814533333333
"8K5C_1","8K5C","1",1.398814533333333
"8K6M_2","8K6M","2",1.398814533333333
"8K9I_2","8K9I","2",1.398814533333333
"8K9K_4","8K9K","4",1.398814533333333
"8KAE_5","8KAE","5",1.398814533333333
"8KB8_2","8KB8","2",1.398814533333333
"8KBY_1","8KBY","1",1.398814533333333
"8KBZ_1","8KBZ","1",1.398814533333333
"8KC3_2","8KC3","2",1.398814533333333
"8KC3_3","8KC3","3",1.398814533333333
"8KEW_1","8KEW","1",1.398814533333333
"8KF3_1","8KF3","1",1.398814533333333
"8KFX_4","8KFX","4",1.398814533333333
"8KGC_1","8KGC","1",1.398814533333333
"8KGG_5","8KGG","5",1.398814533333333
"8KGK_3","8KGK","3",1.398814533333333
"8KH5_3","8KH5","3",1.398814533333333
"8KHP_1","8KHP","1",1.398814533333333
"8OG5_1","8OG5","1",1.398814533333333
"8OG6_1","8OG6","1",1.398814533333333
"8OG9_1","8OG9","1",1.398814533333333
"8OGA_1","8OGA","1",1.398814533333333
"8OHD_9","8OHD","9",1.398814533333333
"8OI2_1","8OI2","1",1.398814533333333
"8OIS_12","8OIS","12",1.398814533333333
"8OJ0_1","8OJ0","1",1.398814533333333
"8OJ0_12","8OJ0","12",1.398814533333333
"8OMA_4","8OMA","4",1.398814533333333
"8OMV_1","8OMV","1",1.398814533333333
"8ONP_2","8ONP","2",1.398814533333333
"8OPP_1","8OPP","1",1.398814533333333
"8OQ3_1","8OQ3","1",1.398814533333333
"8OR3_3","8OR3","3",1.398814533333333
"8OUE_5","8OUE","5",1.398814533333333
"8OUF_6","8OUF","6",1.398814533333333
"8OUH_1","8OUH","1",1.398814533333333
"8OV6_3","8OV6","3",1.398814533333333
"8OX5_1","8OX5","1",1.398814533333333
"8OX6_1","8OX6","1",1.398814533333333
"8OX7_2","8OX7","2",1.398814533333333
"8OX8_1","8OX8","1",1.398814533333333
"8OXB_1","8OXB","1",1.398814533333333
"8OXP_1","8OXP","1",1.398814533333333
"8OZ0_35","8OZ0","35",1.398814533333333
"8P2K_49","8P2K","49",1.398814533333333
"8P81_2","8P81","2",1.398814533333333
"8P82_1","8P82","1",1.398814533333333
"8PFO_1","8PFO","1",1.398814533333333
"8PFP_1","8PFP","1",1.398814533333333
"8PJ2_41","8PJ2","41",1.398814533333333
"8PJ3_28","8PJ3","28",1.398814533333333
"8PJ3_52","8PJ3","52",1.398814533333333
"8PJ5_28","8PJ5","28",1.398814533333333
"8PJ5_50","8PJ5","50",1.398814533333333
"8PJ6_41","8PJ6","41",1.398814533333333
"8PJ6_49","8PJ6","49",1.398814533333333
"8PJC_1","8PJC","1",1.398814533333333
"8PK0_12","8PK0","12",1.398814533333333
"8PK0_24","8PK0","24",1.398814533333333
"8PK0_56","8PK0","56",1.398814533333333
"8PK5_1","8PK5","1",1.398814533333333
"8PK6_1","8PK6","1",1.398814533333333
"8PKM_2","8PKM","2",1.398814533333333
"8PKP_10","8PKP","10",1.398814533333333
"8POD_1","8POD","1",1.398814533333333
"8PPK_34","8PPK","34",1.398814533333333
"8PPL_26","8PPL","26",1.398814533333333
"8PQB_1","8PQB","1",1.398814533333333
"8PQG_1","8PQG","1",1.398814533333333
"8Q0N_1","8Q0N","1",1.398814533333333
"8Q3F_1","8Q3F","1",1.398814533333333
"8Q62_6","8Q62","6",1.398814533333333
"8Q6J_5","8Q6J","5",1.398814533333333
"8Q7H_1","8Q7H","1",1.398814533333333
"8Q7W_7","8Q7W","7",1.398814533333333
"8Q7X_5","8Q7X","5",1.398814533333333
"8QEH_2","8QEH","2",1.398814533333333
"8QJ2_2","8QJ2","2",1.398814533333333
"8QJ2_5","8QJ2","5",1.398814533333333
"8QJY_1","8QJY","1",1.398814533333333
"8QMO_1","8QMO","1",1.398814533333333
"8QO9_35","8QO9","35",1.398814533333333
"8QOZ_6","8QOZ","6",1.398814533333333
"8QPA_6","8QPA","6",1.398814533333333
"8QRK_27","8QRK","27",1.398814533333333
"8QRL_10","8QRL","10",1.398814533333333
"8QRL_4","8QRL","4",1.398814533333333
"8QRM_10","8QRM","10",1.398814533333333
"8QRN_10","8QRN","10",1.398814533333333
"8QRR_1","8QRR","1",1.398814533333333
"8QRV_1","8QRV","1",1.398814533333333
"8QRW_1","8QRW","1",1.398814533333333
"8QSJ_36","8QSJ","36",1.398814533333333
"8QSJ_57","8QSJ","57",1.398814533333333
"8QSK_1","8QSK","1",1.398814533333333
"8QSM_1","8QSM","1",1.398814533333333
"8QTB_1","8QTB","1",1.398814533333333
"8QTW_1","8QTW","1",1.398814533333333
"8QUD_1","8QUD","1",1.398814533333333
"8QY4_3","8QY4","3",1.398814533333333
"8QYJ_9","8QYJ","9",1.398814533333333
"8QYM_7","8QYM","7",1.398814533333333
"8QYN_11","8QYN","11",1.398814533333333
"8QYO_14","8QYO","14",1.398814533333333
"8QYO_7","8QYO","7",1.398814533333333
"8QYS_17","8QYS","17",1.398814533333333
"8QYS_7","8QYS","7",1.398814533333333
"8QZS_25","8QZS","25",1.398814533333333
"8QZS_9","8QZS","9",1.398814533333333
"8R08_32","8R08","32",1.398814533333333
"8R08_4","8R08","4",1.398814533333333
"8R09_18","8R09","18",1.398814533333333
"8R09_35","8R09","35",1.398814533333333
"8R0A_25","8R0A","25",1.398814533333333
"8R22_4","8R22","4",1.398814533333333
"8R3W_1","8R3W","1",1.398814533333333
"8R4X_1","8R4X","1",1.398814533333333
"8R61_1","8R61","1",1.398814533333333
"8R64_1","8R64","1",1.398814533333333
"8R7L_3","8R7L","3",1.398814533333333
"8R8U_1","8R8U","1",1.398814533333333
"8RBX_25","8RBX","25",1.398814533333333
"8RBX_34","8RBX","34",1.398814533333333
"8RC0_6","8RC0","6",1.398814533333333
"8RC4_10","8RC4","10",1.398814533333333
"8RC4_13","8RC4","13",1.398814533333333
"8RCE_1","8RCE","1",1.398814533333333
"8RCK_1","8RCK","1",1.398814533333333
"8RCR_1","8RCR","1",1.398814533333333
"8RGH_2","8RGH","2",1.398814533333333
"8RGK_1","8RGK","1",1.398814533333333
"8RHB_2","8RHB","2",1.398814533333333
"8RL2_4","8RL2","4",1.398814533333333
"8RL7_2","8RL7","2",1.398814533333333
"8RL8_1","8RL8","1",1.398814533333333
"8RLD_1","8RLD","1",1.398814533333333
"8RML_1","8RML","1",1.398814533333333
"8RO2_10","8RO2","10",1.398814533333333
"8RO2_12","8RO2","12",1.398814533333333
"8RQ9_1","8RQ9","1",1.398814533333333
"8RQC_1","8RQC","1",1.398814533333333
"8RRI_54","8RRI","54",1.398814533333333
"8RRI_60","8RRI","60",1.398814533333333
"8RRP_1","8RRP","1",1.398814533333333
"8RX1_7","8RX1","7",1.398814533333333
"8RX1_8","8RX1","8",1.398814533333333
"8S09_5","8S09","5",1.398814533333333
"8S0A_5","8S0A","5",1.398814533333333
"8S0A_7","8S0A","7",1.398814533333333
"8S0B_7","8S0B","7",1.398814533333333
"8S0D_12","8S0D","12",1.398814533333333
"8S0D_4","8S0D","4",1.398814533333333
"8S0D_6","8S0D","6",1.398814533333333
"8S0E_10","8S0E","10",1.398814533333333
"8S0E_4","8S0E","4",1.398814533333333
"8S0E_7","8S0E","7",1.398814533333333
"8S0F_5","8S0F","5",1.398814533333333
"8S0F_7","8S0F","7",1.398814533333333
"8S15_1","8S15","1",1.398814533333333
"8S17_1","8S17","1",1.398814533333333
"8S30_1","8S30","1",1.398814533333333
"8S31_1","8S31","1",1.398814533333333
"8S3X_1","8S3X","1",1.398814533333333
"8S6B_1","8S6B","1",1.398814533333333
"8S92_2","8S92","2",1.398814533333333
"8S94_2","8S94","2",1.398814533333333
"8SAH_1","8SAH","1",1.398814533333333
"8SAR_4","8SAR","4",1.398814533333333
"8SAU_4","8SAU","4",1.398814533333333
"8SB1_4","8SB1","4",1.398814533333333
"8SB5_4","8SB5","4",1.398814533333333
"8SBD_2","8SBD","2",1.398814533333333
"8SE3_1","8SE3","1",1.398814533333333
"8SE4_1","8SE4","1",1.398814533333333
"8SGC_8","8SGC","8",1.398814533333333
"8SH7_1","8SH7","1",1.398814533333333
"8SHE_8","8SHE","8",1.398814533333333
"8SHP_8","8SHP","8",1.398814533333333
"8SHQ_9","8SHQ","9",1.398814533333333
"8SHT_7","8SHT","7",1.398814533333333
"8SHZ_1","8SHZ","1",1.398814533333333
"8SJ8_1","8SJ8","1",1.398814533333333
"8SKI_1","8SKI","1",1.398814533333333
"8SKU_1","8SKU","1",1.398814533333333
"8SL3_1","8SL3","1",1.398814533333333
"8SL4_1","8SL4","1",1.398814533333333
"8SLU_1","8SLU","1",1.398814533333333
"8SMK_1","8SMK","1",1.398814533333333
"8SMY_7","8SMY","7",1.398814533333333
"8SMZ_7","8SMZ","7",1.398814533333333
"8SN0_7","8SN0","7",1.398814533333333
"8SN4_7","8SN4","7",1.398814533333333
"8SNM_1","8SNM","1",1.398814533333333
"8SNM_3","8SNM","3",1.398814533333333
"8SNN_1","8SNN","1",1.398814533333333
"8SNO_1","8SNO","1",1.398814533333333
"8SNO_2","8SNO","2",1.398814533333333
"8SO0_2","8SO0","2",1.398814533333333
"8SOI_1","8SOI","1",1.398814533333333
"8SP7_1","8SP7","1",1.398814533333333
"8SP8_1","8SP8","1",1.398814533333333
"8SRM_1","8SRM","1",1.398814533333333
"8SS2_2","8SS2","2",1.398814533333333
"8SS3_2","8SS3","2",1.398814533333333
"8SS4_2","8SS4","2",1.398814533333333
"8SS7_2","8SS7","2",1.398814533333333
"8SUE_1","8SUE","1",1.398814533333333
"8SW0_1","8SW0","1",1.398814533333333
"8SW6_1","8SW6","1",1.398814533333333
"8SWF_1","8SWF","1",1.398814533333333
"8SXN_2","8SXN","2",1.398814533333333
"8SXT_3","8SXT","3",1.398814533333333
"8SXU_1","8SXU","1",1.398814533333333
"8SZF_1","8SZF","1",1.398814533333333
"8SZG_1","8SZG","1",1.398814533333333
"8SZG_4","8SZG","4",1.398814533333333
"8SZH_1","8SZH","1",1.398814533333333
"8SZI_4","8SZI","4",1.398814533333333
"8SZK_5","8SZK","5",1.398814533333333
"8T0N_1","8T0N","1",1.398814533333333
"8T3Q_2","8T3Q","2",1.398814533333333
"8T3S_2","8T3S","2",1.398814533333333
"8T3V_2","8T3V","2",1.398814533333333
"8T42_1","8T42","1",1.398814533333333
"8T4S_10","8T4S","10",1.398814533333333
"8T5I_1","8T5I","1",1.398814533333333
"8T7C_1","8T7C","1",1.398814533333333
"8T7H_1","8T7H","1",1.398814533333333
"8T7T_1","8T7T","1",1.398814533333333
"8T8M_1","8T8M","1",1.398814533333333
"8T9D_26","8T9D","26",1.398814533333333
"8TA4_1","8TA4","1",1.398814533333333
"8TA5_1","8TA5","1",1.398814533333333
"8TA6_1","8TA6","1",1.398814533333333
"8TAO_1","8TAO","1",1.398814533333333
"8TAR_3","8TAR","3",1.398814533333333
"8TAU_3","8TAU","3",1.398814533333333
"8TBB_1","8TBB","1",1.398814533333333
"8TBQ_3","8TBQ","3",1.398814533333333
"8TBS_1","8TBS","1",1.398814533333333
"8THL_5","8THL","5",1.398814533333333
"8TIL_3","8TIL","3",1.398814533333333
"8TL6_2","8TL6","2",1.398814533333333
"8TLM_3","8TLM","3",1.398814533333333
"8TM3_7","8TM3","7",1.398814533333333
"8TM5_11","8TM5","11",1.398814533333333
"8TM5_7","8TM5","7",1.398814533333333
"8TM5_8","8TM5","8",1.398814533333333
"8TM6_8","8TM6","8",1.398814533333333
"8TP7_3","8TP7","3",1.398814533333333
"8TQ2_2","8TQ2","2",1.398814533333333
"8TQO_4","8TQO","4",1.398814533333333
"8TRH_17","8TRH","17",1.398814533333333
"8TTB_2","8TTB","2",1.398814533333333
"8TU9_1","8TU9","1",1.398814533333333
"8TW6_3","8TW6","3",1.398814533333333
"8TXW_6","8TXW","6",1.398814533333333
"8TXX_6","8TXX","6",1.398814533333333
"8TYW_2","8TYW","2",1.398814533333333
"8TZE_1","8TZE","1",1.398814533333333
"8TZF_1","8TZF","1",1.398814533333333
"8TZG_1","8TZG","1",1.398814533333333
"8TZH_2","8TZH","2",1.398814533333333
"8TZO_1","8TZO","1",1.398814533333333
"8TZX_1","8TZX","1",1.398814533333333
"8U02_3","8U02","3",1.398814533333333
"8U13_6","8U13","6",1.398814533333333
"8U26_2","8U26","2",1.398814533333333
"8U3F_1","8U3F","1",1.398814533333333
"8U3H_1","8U3H","1",1.398814533333333
"8U4E_1","8U4E","1",1.398814533333333
"8U4L_2","8U4L","2",1.398814533333333
"8U4N_4","8U4N","4",1.398814533333333
"8U4O_3","8U4O","3",1.398814533333333
"8U4S_3","8U4S","3",1.398814533333333
"8U4V_1","8U4V","1",1.398814533333333
"8U54_1","8U54","1",1.398814533333333
"8U5C_1","8U5C","1",1.398814533333333
"8U5N_1","8U5N","1",1.398814533333333
"8U5Q_1","8U5Q","1",1.398814533333333
"8U81_3","8U81","3",1.398814533333333
"8U82_1","8U82","1",1.398814533333333
"8U89_2","8U89","2",1.398814533333333
"8U8V_2","8U8V","2",1.398814533333333
"8UA6_1","8UA6","1",1.398814533333333
"8UD9_1","8UD9","1",1.398814533333333
"8UDG_3","8UDG","3",1.398814533333333
"8UDK_1","8UDK","1",1.398814533333333
"8UDZ_1","8UDZ","1",1.398814533333333
"8UG3_1","8UG3","1",1.398814533333333
"8UGY_2","8UGY","2",1.398814533333333
"8UH3_3","8UH3","3",1.398814533333333
"8UHD_3","8UHD","3",1.398814533333333
"8UII_1","8UII","1",1.398814533333333
"8UJX_1","8UJX","1",1.398814533333333
"8UJY_1","8UJY","1",1.398814533333333
"8UK4_1","8UK4","1",1.398814533333333
"8UMT_5","8UMT","5",1.398814533333333
"8UMU_5","8UMU","5",1.398814533333333
"8UMV_5","8UMV","5",1.398814533333333
"8UNJ_5","8UNJ","5",1.398814533333333
"8UNN_4","8UNN","4",1.398814533333333
"8UNO_2","8UNO","2",1.398814533333333
"8UNR_2","8UNR","2",1.398814533333333
"8UNR_4","8UNR","4",1.398814533333333
"8UNS_2","8UNS","2",1.398814533333333
"8UNS_4","8UNS","4",1.398814533333333
"8UNT_4","8UNT","4",1.398814533333333
"8UNU_4","8UNU","4",1.398814533333333
"8UNV_4","8UNV","4",1.398814533333333
"8UNW_4","8UNW","4",1.398814533333333
"8UNX_2","8UNX","2",1.398814533333333
"8UNX_4","8UNX","4",1.398814533333333
"8UO1_2","8UO1","2",1.398814533333333
"8UO1_4","8UO1","4",1.398814533333333
"8UO5_2","8UO5","2",1.398814533333333
"8UQ2_1","8UQ2","1",1.398814533333333
"8UQ4_1","8UQ4","1",1.398814533333333
"8UQ9_1","8UQ9","1",1.398814533333333
"8USB_1","8USB","1",1.398814533333333
"8USC_16","8USC","16",1.398814533333333
"8USC_26","8USC","26",1.398814533333333
"8UUE_1","8UUE","1",1.398814533333333
"8UW8_2","8UW8","2",1.398814533333333
"8UWL_3","8UWL","3",1.398814533333333
"8UWZ_3","8UWZ","3",1.398814533333333
"8UXF_1","8UXF","1",1.398814533333333
"8UXG_1","8UXG","1",1.398814533333333
"8UXH_1","8UXH","1",1.398814533333333
"8UXV_3","8UXV","3",1.398814533333333
"8UXY_2","8UXY","2",1.398814533333333
"8UZJ_1","8UZJ","1",1.398814533333333
"8V2A_3","8V2A","3",1.398814533333333
"8V5D_1","8V5D","1",1.398814533333333
"8V6V_7","8V6V","7",1.398814533333333
"8V7A_1","8V7A","1",1.398814533333333
"8V7B_1","8V7B","1",1.398814533333333
"8V7F_1","8V7F","1",1.398814533333333
"8V7L_7","8V7L","7",1.398814533333333
"8V80_1","8V80","1",1.398814533333333
"8V86_1","8V86","1",1.398814533333333
"8V8A_1","8V8A","1",1.398814533333333
"8VAC_1","8VAC","1",1.398814533333333
"8VAZ_1","8VAZ","1",1.398814533333333
"8VH4_1","8VH4","1",1.398814533333333
"8VH5_1","8VH5","1",1.398814533333333
"8VJ9_3","8VJ9","3",1.398814533333333
"8VJC_1","8VJC","1",1.398814533333333
"8VJU_1","8VJU","1",1.398814533333333
"8VJX_1","8VJX","1",1.398814533333333
"8VJY_1","8VJY","1",1.398814533333333
"8VLH_1","8VLH","1",1.398814533333333
"8VLI_1","8VLI","1",1.398814533333333
"8VLU_1","8VLU","1",1.398814533333333
"8VLV_1","8VLV","1",1.398814533333333
"8VOF_2","8VOF","2",1.398814533333333
"8VQD_1","8VQD","1",1.398814533333333
"8VQE_1","8VQE","1",1.398814533333333
"8VRD_8","8VRD","8",1.398814533333333
"8VRK_1","8VRK","1",1.398814533333333
"8VSB_1","8VSB","1",1.398814533333333
"8VSB_2","8VSB","2",1.398814533333333
"8VSC_1","8VSC","1",1.398814533333333
"8VT7_2","8VT7","2",1.398814533333333
"8VUH_1","8VUH","1",1.398814533333333
"8VUJ_1","8VUJ","1",1.398814533333333
"8VUR_1","8VUR","1",1.398814533333333
"8VUS_5","8VUS","5",1.398814533333333
"8VUT_2","8VUT","2",1.398814533333333
"8VVE_2","8VVE","2",1.398814533333333
"8VY3_3","8VY3","3",1.398814533333333
"8VY9_2","8VY9","2",1.398814533333333
"8VYJ_1","8VYJ","1",1.398814533333333
"8VYK_1","8VYK","1",1.398814533333333
"8VYP_2","8VYP","2",1.398814533333333
"8VYU_1","8VYU","1",1.398814533333333
"8W0F_3","8W0F","3",1.398814533333333
"8W0F_5","8W0F","5",1.398814533333333
"8W0F_6","8W0F","6",1.398814533333333
"8W0G_5","8W0G","5",1.398814533333333
"8W0G_6","8W0G","6",1.398814533333333
"8W0I_5","8W0I","5",1.398814533333333
"8W0I_6","8W0I","6",1.398814533333333
"8W15_1","8W15","1",1.398814533333333
"8W4A_1","8W4A","1",1.398814533333333
"8W89_2","8W89","2",1.398814533333333
"8W8F_2","8W8F","2",1.398814533333333
"8W8R_3","8W8R","3",1.398814533333333
"8W8S_1","8W8S","1",1.398814533333333
"8WA9_1","8WA9","1",1.398814533333333
"8WAA_1","8WAA","1",1.398814533333333
"8WAL_11","8WAL","11",1.398814533333333
"8WAN_3","8WAN","3",1.398814533333333
"8WAO_12","8WAO","12",1.398814533333333
"8WAO_3","8WAO","3",1.398814533333333
"8WAQ_11","8WAQ","11",1.398814533333333
"8WAR_11","8WAR","11",1.398814533333333
"8WAR_12","8WAR","12",1.398814533333333
"8WAR_3","8WAR","3",1.398814533333333
"8WC6_2","8WC6","2",1.398814533333333
"8WCB_2","8WCB","2",1.398814533333333
"8WFP_1","8WFP","1",1.398814533333333
"8WG9_1","8WG9","1",1.398814533333333
"8WG9_2","8WG9","2",1.398814533333333
"8WGB_1","8WGB","1",1.398814533333333
"8WGB_5","8WGB","5",1.398814533333333
"8WGC_1","8WGC","1",1.398814533333333
"8WGD_1","8WGD","1",1.398814533333333
"8WI2_1","8WI2","1",1.398814533333333
"8WJX_2","8WJX","2",1.398814533333333
"8WJY_1","8WJY","1",1.398814533333333
"8WKZ_1","8WKZ","1",1.398814533333333
"8WPG_1","8WPG","1",1.398814533333333
"8WPU_1","8WPU","1",1.398814533333333
"8WPU_3","8WPU","3",1.398814533333333
"8WST_6","8WST","6",1.398814533333333
"8WVV_1","8WVV","1",1.398814533333333
"8WVX_1","8WVX","1",1.398814533333333
"8WVX_2","8WVX","2",1.398814533333333
"8WVY_2","8WVY","2",1.398814533333333
"8WWJ_2","8WWJ","2",1.398814533333333
"8WWL_2","8WWL","2",1.398814533333333
"8WWM_2","8WWM","2",1.398814533333333
"8WWN_2","8WWN","2",1.398814533333333
"8WX3_1","8WX3","1",1.398814533333333
"8WX4_1","8WX4","1",1.398814533333333
"8WXI_1","8WXI","1",1.398814533333333
"8WXJ_1","8WXJ","1",1.398814533333333
"8WXU_1","8WXU","1",1.398814533333333
"8WXX_1","8WXX","1",1.398814533333333
"8WY0_6","8WY0","6",1.398814533333333
"8X0C_1","8X0C","1",1.398814533333333
"8X0D_1","8X0D","1",1.398814533333333
"8X0G_1","8X0G","1",1.398814533333333
"8X0H_1","8X0H","1",1.398814533333333
"8X1C_7","8X1C","7",1.398814533333333
"8X1R_1","8X1R","1",1.398814533333333
"8X1U_1","8X1U","1",1.398814533333333
"8X2K_3","8X2K","3",1.398814533333333
"8X2M_2","8X2M","2",1.398814533333333
"8X3L_2","8X3L","2",1.398814533333333
"8X3S_1","8X3S","1",1.398814533333333
"8X4R_1","8X4R","1",1.398814533333333
"8X63_1","8X63","1",1.398814533333333
"8X64_1","8X64","1",1.398814533333333
"8X6B_1","8X6B","1",1.398814533333333
"8X79_5","8X79","5",1.398814533333333
"8X7A_2","8X7A","2",1.398814533333333
"8X7I_9","8X7I","9",1.398814533333333
"8X7J_9","8X7J","9",1.398814533333333
"8X7V_1","8X7V","1",1.398814533333333
"8X80_1","8X80","1",1.398814533333333
"8X81_1","8X81","1",1.398814533333333
"8X8N_2","8X8N","2",1.398814533333333
"8XB1_1","8XB1","1",1.398814533333333
"8XBG_1","8XBG","1",1.398814533333333
"8XBH_4","8XBH","4",1.398814533333333
"8XC5_1","8XC5","1",1.398814533333333
"8XEJ_2","8XEJ","2",1.398814533333333
"8XFP_3","8XFP","3",1.398814533333333
"8XGR_4","8XGR","4",1.398814533333333
"8XGU_1","8XGU","1",1.398814533333333
"8XJK_2","8XJK","2",1.398814533333333
"8XJK_5","8XJK","5",1.398814533333333
"8XJL_2","8XJL","2",1.398814533333333
"8XJL_5","8XJL","5",1.398814533333333
"8XJM_2","8XJM","2",1.398814533333333
"8XJN_2","8XJN","2",1.398814533333333
"8XK1_1","8XK1","1",1.398814533333333
"8XK1_2","8XK1","2",1.398814533333333
"8XKM_1","8XKM","1",1.398814533333333
"8XKP_1","8XKP","1",1.398814533333333
"8XL1_1","8XL1","1",1.398814533333333
"8XL4_2","8XL4","2",1.398814533333333
"8XL6_2","8XL6","2",1.398814533333333
"8XL8_2","8XL8","2",1.398814533333333
"8XM6_1","8XM6","1",1.398814533333333
"8XMA_1","8XMA","1",1.398814533333333
"8XO1_1","8XO1","1",1.398814533333333
"8XOG_2","8XOG","2",1.398814533333333
"8XOR_5","8XOR","5",1.398814533333333
"8XQI_1","8XQI","1",1.398814533333333
"8XQL_2","8XQL","2",1.398814533333333
"8XQO_2","8XQO","2",1.398814533333333
"8XSN_1","8XSN","1",1.398814533333333
"8XSO_10","8XSO","10",1.398814533333333
"8XSX_56","8XSX","56",1.398814533333333
"8XSX_82","8XSX","82",1.398814533333333
"8XSY_56","8XSY","56",1.398814533333333
"8XT0_55","8XT0","55",1.398814533333333
"8XT1_36","8XT1","36",1.398814533333333
"8XT2_36","8XT2","36",1.398814533333333
"8XT2_55","8XT2","55",1.398814533333333
"8XVH_6","8XVH","6",1.398814533333333
"8XVK_4","8XVK","4",1.398814533333333
"8XVS_10","8XVS","10",1.398814533333333
"8XW4_1","8XW4","1",1.398814533333333
"8XWP_1","8XWP","1",1.398814533333333
"8XX3_4","8XX3","4",1.398814533333333
"8XX7_4","8XX7","4",1.398814533333333
"8XXH_2","8XXH","2",1.398814533333333
"8XXL_9","8XXL","9",1.398814533333333
"8XXN_35","8XXN","35",1.398814533333333
"8XXN_9","8XXN","9",1.398814533333333
"8XXR_3","8XXR","3",1.398814533333333
"8XXV_3","8XXV","3",1.398814533333333
"8XXY_1","8XXY","1",1.398814533333333
"8XYD_2","8XYD","2",1.398814533333333
"8XZF_1","8XZF","1",1.398814533333333
"8XZI_1","8XZI","1",1.398814533333333
"8XZI_3","8XZI","3",1.398814533333333
"8XZJ_1","8XZJ","1",1.398814533333333
"8Y01_1","8Y01","1",1.398814533333333
"8Y01_3","8Y01","3",1.398814533333333
"8Y0N_5","8Y0N","5",1.398814533333333
"8Y0X_78","8Y0X","78",1.398814533333333
"8Y1L_2","8Y1L","2",1.398814533333333
"8Y1O_1","8Y1O","1",1.398814533333333
"8Y45_2","8Y45","2",1.398814533333333
"8Y51_2","8Y51","2",1.398814533333333
"8Y53_6","8Y53","6",1.398814533333333
"8Y6W_2","8Y6W","2",1.398814533333333
"8Y7E_17","8Y7E","17",1.398814533333333
"8YAB_5","8YAB","5",1.398814533333333
"8YAH_2","8YAH","2",1.398814533333333
"8YBX_1","8YBX","1",1.398814533333333
"8YBY_3","8YBY","3",1.398814533333333
"8YFC_2","8YFC","2",1.398814533333333
"8YFG_2","8YFG","2",1.398814533333333
"8YFO_2","8YFO","2",1.398814533333333
"8YG7_1","8YG7","1",1.398814533333333
"8YHW_1","8YHW","1",1.398814533333333
"8YIC_4","8YIC","4",1.398814533333333
"8YIX_15","8YIX","15",1.398814533333333
"8YIX_7","8YIX","7",1.398814533333333
"8YIX_8","8YIX","8",1.398814533333333
"8YIY_15","8YIY","15",1.398814533333333
"8YIZ_14","8YIZ","14",1.398814533333333
"8YJB_4","8YJB","4",1.398814533333333
"8YJB_9","8YJB","9",1.398814533333333
"8YKY_2","8YKY","2",1.398814533333333
"8YM0_1","8YM0","1",1.398814533333333
"8YMB_1","8YMB","1",1.398814533333333
"8YN4_2","8YN4","2",1.398814533333333
"8YN4_5","8YN4","5",1.398814533333333
"8YN5_2","8YN5","2",1.398814533333333
"8YN6_2","8YN6","2",1.398814533333333
"8YN9_2","8YN9","2",1.398814533333333
"8YNI_1","8YNI","1",1.398814533333333
"8YNK_1","8YNK","1",1.398814533333333
"8YNN_1","8YNN","1",1.398814533333333
"8YOO_4","8YOO","4",1.398814533333333
"8YOO_81","8YOO","81",1.398814533333333
"8YOP_4","8YOP","4",1.398814533333333
"8YOP_56","8YOP","56",1.398814533333333
"8YRS_1","8YRS","1",1.398814533333333
"8YS8_1","8YS8","1",1.398814533333333
"8YTL_1","8YTL","1",1.398814533333333
"8YUT_5","8YUT","5",1.398814533333333
"8YUU_3","8YUU","3",1.398814533333333
"8YW8_3","8YW8","3",1.398814533333333
"8YW9_2","8YW9","2",1.398814533333333
"8YWF_2","8YWF","2",1.398814533333333
"8YXA_1","8YXA","1",1.398814533333333
"8YY8_5","8YY8","5",1.398814533333333
"8YYS_1","8YYS","1",1.398814533333333
"8YYS_2","8YYS","2",1.398814533333333
"8YYT_1","8YYT","1",1.398814533333333
"8YYW_2","8YYW","2",1.398814533333333
"8YYX_2","8YYX","2",1.398814533333333
"8Z3M_2","8Z3M","2",1.398814533333333
"8Z3Q_5","8Z3Q","5",1.398814533333333
"8Z3Y_5","8Z3Y","5",1.398814533333333
"8Z5R_1","8Z5R","1",1.398814533333333
"8Z5T_1","8Z5T","1",1.398814533333333
"8Z65_5","8Z65","5",1.398814533333333
"8Z6H_1","8Z6H","1",1.398814533333333
"8Z6Q_2","8Z6Q","2",1.398814533333333
"8Z6S_1","8Z6S","1",1.398814533333333
"8Z6U_2","8Z6U","2",1.398814533333333
"8Z6X_2","8Z6X","2",1.398814533333333
"8Z74_2","8Z74","2",1.398814533333333
"8Z87_1","8Z87","1",1.398814533333333
"8Z87_3","8Z87","3",1.398814533333333
"8Z8B_1","8Z8B","1",1.398814533333333
"8Z9P_3","8Z9P","3",1.398814533333333
"8ZBI_2","8ZBI","2",1.398814533333333
"8ZCE_5","8ZCE","5",1.398814533333333
"8ZCF_2","8ZCF","2",1.398814533333333
"8ZCF_5","8ZCF","5",1.398814533333333
"8ZD1_2","8ZD1","2",1.398814533333333
"8ZFA_2","8ZFA","2",1.398814533333333
"8ZFZ_1","8ZFZ","1",1.398814533333333
"8ZJD_3","8ZJD","3",1.398814533333333
"8ZJG_2","8ZJG","2",1.398814533333333
"8ZJR_7","8ZJR","7",1.398814533333333
"8ZKR_1","8ZKR","1",1.398814533333333
"8ZKT_1","8ZKT","1",1.398814533333333
"8ZKU_1","8ZKU","1",1.398814533333333
"8ZMD_2","8ZMD","2",1.398814533333333
"8ZMQ_1","8ZMQ","1",1.398814533333333
"8ZPL_2","8ZPL","2",1.398814533333333
"8ZPN_1","8ZPN","1",1.398814533333333
"8ZPS_2","8ZPS","2",1.398814533333333
"8ZQE_2","8ZQE","2",1.398814533333333
"8ZRP_1","8ZRP","1",1.398814533333333
"8ZRT_1","8ZRT","1",1.398814533333333
"8ZSJ_2","8ZSJ","2",1.398814533333333
"8ZSV_2","8ZSV","2",1.398814533333333
"8ZSZ_1","8ZSZ","1",1.398814533333333
"8ZU2_1","8ZU2","1",1.398814533333333
"8ZU3_2","8ZU3","2",1.398814533333333
"8ZUX_2","8ZUX","2",1.398814533333333
"8ZV0_2","8ZV0","2",1.398814533333333
"8ZW0_2","8ZW0","2",1.398814533333333
"8ZWC_2","8ZWC","2",1.398814533333333
"8ZWG_1","8ZWG","1",1.398814533333333
"8ZWO_5","8ZWO","5",1.398814533333333
"8ZX4_2","8ZX4","2",1.398814533333333
"8ZX4_4","8ZX4","4",1.398814533333333
"8ZX5_2","8ZX5","2",1.398814533333333
"9AS2_3","9AS2","3",1.398814533333333
"9ASB_1","9ASB","1",1.398814533333333
"9ASB_3","9ASB","3",1.398814533333333
"9ASP_1","9ASP","1",1.398814533333333
"9AST_4","9AST","4",1.398814533333333
"9AUC_2","9AUC","2",1.398814533333333
"9AUH_4","9AUH","4",1.398814533333333
"9AVG_3","9AVG","3",1.398814533333333
"9AVL_1","9AVL","1",1.398814533333333
"9AYG_1","9AYG","1",1.398814533333333
"9B0P_18","9B0P","18",1.398814533333333
"9B0P_38","9B0P","38",1.398814533333333
"9B0Q_22","9B0Q","22",1.398814533333333
"9B0S_22","9B0S","22",1.398814533333333
"9B54_2","9B54","2",1.398814533333333
"9B7J_5","9B7J","5",1.398814533333333
"9B7J_6","9B7J","6",1.398814533333333
"9B83_2","9B83","2",1.398814533333333
"9B84_1","9B84","1",1.398814533333333
"9B85_5","9B85","5",1.398814533333333
"9B85_6","9B85","6",1.398814533333333
"9B88_2","9B88","2",1.398814533333333
"9B89_1","9B89","1",1.398814533333333
"9B8X_1","9B8X","1",1.398814533333333
"9B8Y_1","9B8Y","1",1.398814533333333
"9B90_1","9B90","1",1.398814533333333
"9B9G_1","9B9G","1",1.398814533333333
"9BA2_2","9BA2","2",1.398814533333333
"9BAN_2","9BAN","2",1.398814533333333
"9BBC_2","9BBC","2",1.398814533333333
"9BC2_1","9BC2","1",1.398814533333333
"9BFC_2","9BFC","2",1.398814533333333
"9BHS_1","9BHS","1",1.398814533333333
"9BIP_5","9BIP","5",1.398814533333333
"9BJZ_2","9BJZ","2",1.398814533333333
"9BKD_31","9BKD","31",1.398814533333333
"9BKK_5","9BKK","5",1.398814533333333
"9BLN_26","9BLN","26",1.398814533333333
"9BLN_49","9BLN","49",1.398814533333333
"9BP6_1","9BP6","1",1.398814533333333
"9BQ2_1","9BQ2","1",1.398814533333333
"9BQ3_5","9BQ3","5",1.398814533333333
"9BTW_5","9BTW","5",1.398814533333333
"9BUB_4","9BUB","4",1.398814533333333
"9BUC_4","9BUC","4",1.398814533333333
"9BUD_4","9BUD","4",1.398814533333333
"9BUE_2","9BUE","2",1.398814533333333
"9BUI_1","9BUI","1",1.398814533333333
"9BUI_20","9BUI","20",1.398814533333333
"9BUI_3","9BUI","3",1.398814533333333
"9BUY_2","9BUY","2",1.398814533333333
"9BV1_26","9BV1","26",1.398814533333333
"9BV2_1","9BV2","1",1.398814533333333
"9BYO_4","9BYO","4",1.398814533333333
"9BZ0_17","9BZ0","17",1.398814533333333
"9C0E_1","9C0E","1",1.398814533333333
"9C0G_1","9C0G","1",1.398814533333333
"9C0K_4","9C0K","4",1.398814533333333
"9C1P_1","9C1P","1",1.398814533333333
"9C3H_57","9C3H","57",1.398814533333333
"9C3H_8","9C3H","8",1.398814533333333
"9C54_1","9C54","1",1.398814533333333
"9C56_1","9C56","1",1.398814533333333
"9C6G_5","9C6G","5",1.398814533333333
"9C6T_1","9C6T","1",1.398814533333333
"9C7T_2","9C7T","2",1.398814533333333
"9C8T_1","9C8T","1",1.398814533333333
"9CA7_3","9CA7","3",1.398814533333333
"9CA8_3","9CA8","3",1.398814533333333
"9CAQ_5","9CAQ","5",1.398814533333333
"9CAQ_6","9CAQ","6",1.398814533333333
"9CB1_1","9CB1","1",1.398814533333333
"9CB3_1","9CB3","1",1.398814533333333
"9CDF_1","9CDF","1",1.398814533333333
"9CDH_1","9CDH","1",1.398814533333333
"9CF8_10","9CF8","10",1.398814533333333
"9CFC_11","9CFC","11",1.398814533333333
"9CFD_2","9CFD","2",1.398814533333333
"9CI8_8","9CI8","8",1.398814533333333
"9CIH_1","9CIH","1",1.398814533333333
"9CIQ_1","9CIQ","1",1.398814533333333
"9CKF_1","9CKF","1",1.398814533333333
"9CKG_1","9CKG","1",1.398814533333333
"9CM7_3","9CM7","3",1.398814533333333
"9CMH_1","9CMH","1",1.398814533333333
"9CMI_1","9CMI","1",1.398814533333333
"9CMM_2","9CMM","2",1.398814533333333
"9CP4_1","9CP4","1",1.398814533333333
"9CP5_1","9CP5","1",1.398814533333333
"9CQ7_2","9CQ7","2",1.398814533333333
"9CQL_2","9CQL","2",1.398814533333333
"9CRS_3","9CRS","3",1.398814533333333
"9CTP_4","9CTP","4",1.398814533333333
"9CU5_2","9CU5","2",1.398814533333333
"9CUK_1","9CUK","1",1.398814533333333
"9CUO_1","9CUO","1",1.398814533333333
"9CWT_3","9CWT","3",1.398814533333333
"9CXA_4","9CXA","4",1.398814533333333
"9CXD_4","9CXD","4",1.398814533333333
"9CZH_1","9CZH","1",1.398814533333333
"9CZJ_1","9CZJ","1",1.398814533333333
"9CZO_1","9CZO","1",1.398814533333333
"9D0A_1","9D0A","1",1.398814533333333
"9D39_1","9D39","1",1.398814533333333
"9D3A_1","9D3A","1",1.398814533333333
"9D3B_3","9D3B","3",1.398814533333333
"9D3E_1","9D3E","1",1.398814533333333
"9D4Z_1","9D4Z","1",1.398814533333333
"9D4Z_3","9D4Z","3",1.398814533333333
"9D6L_3","9D6L","3",1.398814533333333
"9D9Z_1","9D9Z","1",1.398814533333333
"9DBT_1","9DBT","1",1.398814533333333
"9DET_1","9DET","1",1.398814533333333
"9DET_8","9DET","8",1.398814533333333
"9DH0_1","9DH0","1",1.398814533333333
"9DHD_2","9DHD","2",1.398814533333333
"9DHW_4","9DHW","4",1.398814533333333
"9DI2_1","9DI2","1",1.398814533333333
"9DK5_1","9DK5","1",1.398814533333333
"9DMH_1","9DMH","1",1.398814533333333
"9DMJ_4","9DMJ","4",1.398814533333333
"9DMK_4","9DMK","4",1.398814533333333
"9DML_3","9DML","3",1.398814533333333
"9DMT_4","9DMT","4",1.398814533333333
"9DN6_2","9DN6","2",1.398814533333333
"9DNW_1","9DNW","1",1.398814533333333
"9DNX_1","9DNX","1",1.398814533333333
"9DNY_1","9DNY","1",1.398814533333333
"9DPO_1","9DPO","1",1.398814533333333
"9DPS_1","9DPS","1",1.398814533333333
"9DPT_1","9DPT","1",1.398814533333333
"9DWN_1","9DWN","1",1.398814533333333
"9DX2_5","9DX2","5",1.398814533333333
"9DYD_2","9DYD","2",1.398814533333333
"9DYF_2","9DYF","2",1.398814533333333
"9E00_8","9E00","8",1.398814533333333
"9E05_8","9E05","8",1.398814533333333
"9E0F_1","9E0F","1",1.398814533333333
"9E0F_2","9E0F","2",1.398814533333333
"9E0G_1","9E0G","1",1.398814533333333
"9E0G_2","9E0G","2",1.398814533333333
"9E1N_7","9E1N","7",1.398814533333333
"9E1R_7","9E1R","7",1.398814533333333
"9E1U_7","9E1U","7",1.398814533333333
"9E1W_7","9E1W","7",1.398814533333333
"9E2A_2","9E2A","2",1.398814533333333
"9E2D_6","9E2D","6",1.398814533333333
"9E2Q_7","9E2Q","7",1.398814533333333
"9E2Q_8","9E2Q","8",1.398814533333333
"9E2R_7","9E2R","7",1.398814533333333
"9E2U_2","9E2U","2",1.398814533333333
"9E3O_1","9E3O","1",1.398814533333333
"9E3U_8","9E3U","8",1.398814533333333
"9E6K_3","9E6K","3",1.398814533333333
"9E6Y_2","9E6Y","2",1.398814533333333
"9E70_1","9E70","1",1.398814533333333
"9E82_5","9E82","5",1.398814533333333
"9E8G_15","9E8G","15",1.398814533333333
"9E8G_20","9E8G","20",1.398814533333333
"9E8H_7","9E8H","7",1.398814533333333
"9E8I_26","9E8I","26",1.398814533333333
"9E8I_7","9E8I","7",1.398814533333333
"9E8J_27","9E8J","27",1.398814533333333
"9E8K_3","9E8K","3",1.398814533333333
"9E8L_14","9E8L","14",1.398814533333333
"9E8L_16","9E8L","16",1.398814533333333
"9E8L_26","9E8L","26",1.398814533333333
"9E8O_12","9E8O","12",1.398814533333333
"9E8O_5","9E8O","5",1.398814533333333
"9E8Q_14","9E8Q","14",1.398814533333333
"9E8Q_15","9E8Q","15",1.398814533333333
"9E9S_2","9E9S","2",1.398814533333333
"9EAR_7","9EAR","7",1.398814533333333
"9EBH_2","9EBH","2",1.398814533333333
"9EBI_3","9EBI","3",1.398814533333333
"9ED0_33","9ED0","33",1.398814533333333
"9ED1_1","9ED1","1",1.398814533333333
"9ED4_10","9ED4","10",1.398814533333333
"9ED4_3","9ED4","3",1.398814533333333
"9ED8_1","9ED8","1",1.398814533333333
"9EE8_2","9EE8","2",1.398814533333333
"9EEF_1","9EEF","1",1.398814533333333
"9EEZ_1","9EEZ","1",1.398814533333333
"9EG1_7","9EG1","7",1.398814533333333
"9EGO_2","9EGO","2",1.398814533333333
"9EHZ_7","9EHZ","7",1.398814533333333
"9EI0_1","9EI0","1",1.398814533333333
"9EI1_10","9EI1","10",1.398814533333333
"9EI4_10","9EI4","10",1.398814533333333
"9EIH_8","9EIH","8",1.398814533333333
"9EII_1","9EII","1",1.398814533333333
"9EIJ_8","9EIJ","8",1.398814533333333
"9EKV_1","9EKV","1",1.398814533333333
"9EKX_1","9EKX","1",1.398814533333333
"9EKY_1","9EKY","1",1.398814533333333
"9EKZ_1","9EKZ","1",1.398814533333333
"9EOF_4","9EOF","4",1.398814533333333
"9EOS_1","9EOS","1",1.398814533333333
"9EP1_3","9EP1","3",1.398814533333333
"9EP4_1","9EP4","1",1.398814533333333
"9EPO_1","9EPO","1",1.398814533333333
"9ERD_1","9ERD","1",1.398814533333333
"9F1D_40","9F1D","40",1.398814533333333
"9F1R_1","9F1R","1",1.398814533333333
"9F2J_2","9F2J","2",1.398814533333333
"9F33_5","9F33","5",1.398814533333333
"9F34_5","9F34","5",1.398814533333333
"9F3B_1","9F3B","1",1.398814533333333
"9F45_4","9F45","4",1.398814533333333
"9F5W_2","9F5W","2",1.398814533333333
"9F85_1","9F85","1",1.398814533333333
"9FA7_3","9FA7","3",1.398814533333333
"9FAN_1","9FAN","1",1.398814533333333
"9FD2_17","9FD2","17",1.398814533333333
"9FDH_1","9FDH","1",1.398814533333333
"9FDY_1","9FDY","1",1.398814533333333
"9FG8_3","9FG8","3",1.398814533333333
"9FGA_3","9FGA","3",1.398814533333333
"9FGD_3","9FGD","3",1.398814533333333
"9FGF_3","9FGF","3",1.398814533333333
"9FHE_1","9FHE","1",1.398814533333333
"9FJG_1","9FJG","1",1.398814533333333
"9FJX_2","9FJX","2",1.398814533333333
"9FK5_1","9FK5","1",1.398814533333333
"9FL8_3","9FL8","3",1.398814533333333
"9FMD_16","9FMD","16",1.398814533333333
"9FMD_35","9FMD","35",1.398814533333333
"9FMN_1","9FMN","1",1.398814533333333
"9FMR_3","9FMR","3",1.398814533333333
"9FQB_1","9FQB","1",1.398814533333333
"9FQZ_56","9FQZ","56",1.398814533333333
"9FSO_1","9FSO","1",1.398814533333333
"9FSO_10","9FSO","10",1.398814533333333
"9FSO_17","9FSO","17",1.398814533333333
"9FSO_5","9FSO","5",1.398814533333333
"9FSP_1","9FSP","1",1.398814533333333
"9FSP_17","9FSP","17",1.398814533333333
"9FSP_19","9FSP","19",1.398814533333333
"9FSQ_19","9FSQ","19",1.398814533333333
"9FSR_17","9FSR","17",1.398814533333333
"9FSS_19","9FSS","19",1.398814533333333
"9FSS_5","9FSS","5",1.398814533333333
"9G0L_1","9G0L","1",1.398814533333333
"9G4S_1","9G4S","1",1.398814533333333
"9G4U_1","9G4U","1",1.398814533333333
"9G5D_8","9G5D","8",1.398814533333333
"9G76_1","9G76","1",1.398814533333333
"9G8M_12","9G8M","12",1.398814533333333
"9G8M_4","9G8M","4",1.398814533333333
"9G8M_51","9G8M","51",1.398814533333333
"9G8N_12","9G8N","12",1.398814533333333
"9G8O_8","9G8O","8",1.398814533333333
"9G8P_2","9G8P","2",1.398814533333333
"9G8R_1","9G8R","1",1.398814533333333
"9GG5_3","9GG5","3",1.398814533333333
"9GGB_1","9GGB","1",1.398814533333333
"9GGD_1","9GGD","1",1.398814533333333
"9GIC_1","9GIC","1",1.398814533333333
"9GIE_1","9GIE","1",1.398814533333333
"9GKM_4","9GKM","4",1.398814533333333
"9GL2_2","9GL2","2",1.398814533333333
"9GNJ_1","9GNJ","1",1.398814533333333
"9GNQ_3","9GNQ","3",1.398814533333333
"9GTC_1","9GTC","1",1.398814533333333
"9GTT_1","9GTT","1",1.398814533333333
"9GTU_2","9GTU","2",1.398814533333333
"9GU0_1","9GU0","1",1.398814533333333
"9GU2_1","9GU2","1",1.398814533333333
"9GUL_6","9GUL","6",1.398814533333333
"9GWT_3","9GWT","3",1.398814533333333
"9GYO_2","9GYO","2",1.398814533333333
"9GZM_1","9GZM","1",1.398814533333333
"9H51_4","9H51","4",1.398814533333333
"9H51_7","9H51","7",1.398814533333333
"9H55_4","9H55","4",1.398814533333333
"9H8S_2","9H8S","2",1.398814533333333
"9HAP_4","9HAP","4",1.398814533333333
"9HDP_1","9HDP","1",1.398814533333333
"9HDQ_1","9HDQ","1",1.398814533333333
"9HEU_21","9HEU","21",1.398814533333333
"9HEU_27","9HEU","27",1.398814533333333
"9HEU_32","9HEU","32",1.398814533333333
"9HFM_10","9HFM","10",1.398814533333333
"9HG4_1","9HG4","1",1.398814533333333
"9HJ6_1","9HJ6","1",1.398814533333333
"9HL6_1","9HL6","1",1.398814533333333
"9HMA_1","9HMA","1",1.398814533333333
"9HMN_12","9HMN","12",1.398814533333333
"9HN5_2","9HN5","2",1.398814533333333
"9HNB_1","9HNB","1",1.398814533333333
"9HNQ_2","9HNQ","2",1.398814533333333
"9HNR_2","9HNR","2",1.398814533333333
"9HNS_2","9HNS","2",1.398814533333333
"9HNT_2","9HNT","2",1.398814533333333
"9HPI_2","9HPI","2",1.398814533333333
"9HRH_1","9HRH","1",1.398814533333333
"9HRI_1","9HRI","1",1.398814533333333
"9HT6_1","9HT6","1",1.398814533333333
"9HUF_1","9HUF","1",1.398814533333333
"9HUG_1","9HUG","1",1.398814533333333
"9HUJ_1","9HUJ","1",1.398814533333333
"9HVD_3","9HVD","3",1.398814533333333
"9HZG_2","9HZG","2",1.398814533333333
"9I03_1","9I03","1",1.398814533333333
"9I22_1","9I22","1",1.398814533333333
"9I2D_64","9I2D","64",1.398814533333333
"9I2E_7","9I2E","7",1.398814533333333
"9I4W_1","9I4W","1",1.398814533333333
"9I54_4","9I54","4",1.398814533333333
"9I5P_1","9I5P","1",1.398814533333333
"9IAS_1","9IAS","1",1.398814533333333
"9IBB_1","9IBB","1",1.398814533333333
"9IC3_1","9IC3","1",1.398814533333333
"9IH5_1","9IH5","1",1.398814533333333
"9II3_1","9II3","1",1.398814533333333
"9IIN_5","9IIN","5",1.398814533333333
"9IIR_1","9IIR","1",1.398814533333333
"9IIV_1","9IIV","1",1.398814533333333
"9IK3_1","9IK3","1",1.398814533333333
"9IK7_1","9IK7","1",1.398814533333333
"9IK8_3","9IK8","3",1.398814533333333
"9IK9_2","9IK9","2",1.398814533333333
"9IP8_1","9IP8","1",1.398814533333333
"9IP9_1","9IP9","1",1.398814533333333
"9IPB_1","9IPB","1",1.398814533333333
"9IPC_1","9IPC","1",1.398814533333333
"9IPV_4","9IPV","4",1.398814533333333
"9IQQ_1","9IQQ","1",1.398814533333333
"9IQT_1","9IQT","1",1.398814533333333
"9IQT_3","9IQT","3",1.398814533333333
"9IQV_2","9IQV","2",1.398814533333333
"9IRC_1","9IRC","1",1.398814533333333
"9IRU_8","9IRU","8",1.398814533333333
"9ITE_2","9ITE","2",1.398814533333333
"9ITI_1","9ITI","1",1.398814533333333
"9IV6_1","9IV6","1",1.398814533333333
"9IVD_1","9IVD","1",1.398814533333333
"9IWO_1","9IWO","1",1.398814533333333
"9IXJ_2","9IXJ","2",1.398814533333333
"9IXJ_5","9IXJ","5",1.398814533333333
"9IXX_2","9IXX","2",1.398814533333333
"9IY5_1","9IY5","1",1.398814533333333
"9IYB_3","9IYB","3",1.398814533333333
"9IYP_2","9IYP","2",1.398814533333333
"9IZA_1","9IZA","1",1.398814533333333
"9IZD_1","9IZD","1",1.398814533333333
"9IZD_2","9IZD","2",1.398814533333333
"9J0O_23","9J0O","23",1.398814533333333
"9J2W_1","9J2W","1",1.398814533333333
"9J37_1","9J37","1",1.398814533333333
"9J3C_1","9J3C","1",1.398814533333333
"9J3X_1","9J3X","1",1.398814533333333
"9J40_1","9J40","1",1.398814533333333
"9J5V_4","9J5V","4",1.398814533333333
"9J7L_2","9J7L","2",1.398814533333333
"9J84_1","9J84","1",1.398814533333333
"9J8Z_5","9J8Z","5",1.398814533333333
"9J9D_1","9J9D","1",1.398814533333333
"9JBG_1","9JBG","1",1.398814533333333
"9JBJ_1","9JBJ","1",1.398814533333333
"9JBX_1","9JBX","1",1.398814533333333
"9JCL_2","9JCL","2",1.398814533333333
"9JCP_1","9JCP","1",1.398814533333333
"9JCQ_5","9JCQ","5",1.398814533333333
"9JEQ_1","9JEQ","1",1.398814533333333
"9JF9_1","9JF9","1",1.398814533333333
"9JFD_1","9JFD","1",1.398814533333333
"9JFD_2","9JFD","2",1.398814533333333
"9JFV_2","9JFV","2",1.398814533333333
"9JFX_2","9JFX","2",1.398814533333333
"9JFX_5","9JFX","5",1.398814533333333
"9JIC_3","9JIC","3",1.398814533333333
"9JIL_3","9JIL","3",1.398814533333333
"9JK4_1","9JK4","1",1.398814533333333
"9JK5_1","9JK5","1",1.398814533333333
"9JKS_1","9JKS","1",1.398814533333333
"9JKT_1","9JKT","1",1.398814533333333
"9JKT_3","9JKT","3",1.398814533333333
"9JKX_3","9JKX","3",1.398814533333333
"9JKY_1","9JKY","1",1.398814533333333
"9JLC_2","9JLC","2",1.398814533333333
"9JN9_1","9JN9","1",1.398814533333333
"9JO3_1","9JO3","1",1.398814533333333
"9JU1_2","9JU1","2",1.398814533333333
"9JVG_3","9JVG","3",1.398814533333333
"9JWG_2","9JWG","2",1.398814533333333
"9JWV_1","9JWV","1",1.398814533333333
"9JXZ_6","9JXZ","6",1.398814533333333
"9K1C_3","9K1C","3",1.398814533333333
"9K1W_1","9K1W","1",1.398814533333333
"9K25_2","9K25","2",1.398814533333333
"9K26_4","9K26","4",1.398814533333333
"9K2G_1","9K2G","1",1.398814533333333
"9K2G_18","9K2G","18",1.398814533333333
"9K36_10","9K36","10",1.398814533333333
"9K36_18","9K36","18",1.398814533333333
"9K38_9","9K38","9",1.398814533333333
"9K39_10","9K39","10",1.398814533333333
"9K3B_16","9K3B","16",1.398814533333333
"9K3F_1","9K3F","1",1.398814533333333
"9K3K_1","9K3K","1",1.398814533333333
"9K3K_3","9K3K","3",1.398814533333333
"9K3U_22","9K3U","22",1.398814533333333
"9K3V_16","9K3V","16",1.398814533333333
"9K3V_22","9K3V","22",1.398814533333333
"9K4J_23","9K4J","23",1.398814533333333
"9K4J_7","9K4J","7",1.398814533333333
"9K4K_23","9K4K","23",1.398814533333333
"9K4L_14","9K4L","14",1.398814533333333
"9K4L_21","9K4L","21",1.398814533333333
"9K4M_14","9K4M","14",1.398814533333333
"9K4M_23","9K4M","23",1.398814533333333
"9K4M_7","9K4M","7",1.398814533333333
"9K4O_21","9K4O","21",1.398814533333333
"9K4P_7","9K4P","7",1.398814533333333
"9K4R_15","9K4R","15",1.398814533333333
"9K4R_21","9K4R","21",1.398814533333333
"9K4S_15","9K4S","15",1.398814533333333
"9K4T_15","9K4T","15",1.398814533333333
"9K4T_23","9K4T","23",1.398814533333333
"9K4U_21","9K4U","21",1.398814533333333
"9K4U_23","9K4U","23",1.398814533333333
"9K4W_7","9K4W","7",1.398814533333333
"9K4X_14","9K4X","14",1.398814533333333
"9K4X_15","9K4X","15",1.398814533333333
"9K4X_21","9K4X","21",1.398814533333333
"9K4Y_14","9K4Y","14",1.398814533333333
"9K4Y_15","9K4Y","15",1.398814533333333
"9K4Y_21","9K4Y","21",1.398814533333333
"9K4Y_23","9K4Y","23",1.398814533333333
"9K4Z_21","9K4Z","21",1.398814533333333
"9K51_14","9K51","14",1.398814533333333
"9K53_21","9K53","21",1.398814533333333
"9K53_23","9K53","23",1.398814533333333
"9K54_15","9K54","15",1.398814533333333
"9K55_23","9K55","23",1.398814533333333
"9K56_7","9K56","7",1.398814533333333
"9K57_7","9K57","7",1.398814533333333
"9K58_14","9K58","14",1.398814533333333
"9K58_23","9K58","23",1.398814533333333
"9K59_21","9K59","21",1.398814533333333
"9K5A_14","9K5A","14",1.398814533333333
"9K5A_21","9K5A","21",1.398814533333333
"9K5A_7","9K5A","7",1.398814533333333
"9K5B_21","9K5B","21",1.398814533333333
"9K5B_23","9K5B","23",1.398814533333333
"9K5B_7","9K5B","7",1.398814533333333
"9K5C_14","9K5C","14",1.398814533333333
"9K5C_21","9K5C","21",1.398814533333333
"9K5D_14","9K5D","14",1.398814533333333
"9K5D_15","9K5D","15",1.398814533333333
"9K5D_21","9K5D","21",1.398814533333333
"9K5E_23","9K5E","23",1.398814533333333
"9K6G_1","9K6G","1",1.398814533333333
"9K6H_1","9K6H","1",1.398814533333333
"9K6N_1","9K6N","1",1.398814533333333
"9K92_1","9K92","1",1.398814533333333
"9KB6_1","9KB6","1",1.398814533333333
"9KB7_1","9KB7","1",1.398814533333333
"9KC4_1","9KC4","1",1.398814533333333
"9KC4_2","9KC4","2",1.398814533333333
"9KCI_1","9KCI","1",1.398814533333333
"9KCK_1","9KCK","1",1.398814533333333
"9KDF_1","9KDF","1",1.398814533333333
"9KEH_1","9KEH","1",1.398814533333333
"9KEN_3","9KEN","3",1.398814533333333
"9KFI_1","9KFI","1",1.398814533333333
"9KFI_5","9KFI","5",1.398814533333333
"9KFO_1","9KFO","1",1.398814533333333
"9KFT_2","9KFT","2",1.398814533333333
"9KKU_1","9KKU","1",1.398814533333333
"9KMR_1","9KMR","1",1.398814533333333
"9KMR_2","9KMR","2",1.398814533333333
"9KMU_10","9KMU","10",1.398814533333333
"9KMU_33","9KMU","33",1.398814533333333
"9KMV_33","9KMV","33",1.398814533333333
"9KMW_10","9KMW","10",1.398814533333333
"9KMX_33","9KMX","33",1.398814533333333
"9KMY_10","9KMY","10",1.398814533333333
"9KMY_33","9KMY","33",1.398814533333333
"9KN6_11","9KN6","11",1.398814533333333
"9KN6_34","9KN6","34",1.398814533333333
"9KNY_2","9KNY","2",1.398814533333333
"9KO2_2","9KO2","2",1.398814533333333
"9KO2_3","9KO2","3",1.398814533333333
"9KOX_1","9KOX","1",1.398814533333333
"9KOX_3","9KOX","3",1.398814533333333
"9KPE_2","9KPE","2",1.398814533333333
"9KQS_2","9KQS","2",1.398814533333333
"9KR7_1","9KR7","1",1.398814533333333
"9KT7_1","9KT7","1",1.398814533333333
"9KT8_2","9KT8","2",1.398814533333333
"9KT9_2","9KT9","2",1.398814533333333
"9KUV_2","9KUV","2",1.398814533333333
"9KUW_2","9KUW","2",1.398814533333333
"9KV6_2","9KV6","2",1.398814533333333
"9KV8_4","9KV8","4",1.398814533333333
"9KVI_2","9KVI","2",1.398814533333333
"9KVI_5","9KVI","5",1.398814533333333
"9KVP_2","9KVP","2",1.398814533333333
"9KVS_1","9KVS","1",1.398814533333333
"9KVV_1","9KVV","1",1.398814533333333
"9KVY_1","9KVY","1",1.398814533333333
"9KWG_3","9KWG","3",1.398814533333333
"9KWX_1","9KWX","1",1.398814533333333
"9KZT_1","9KZT","1",1.398814533333333
"9KZU_79","9KZU","79",1.398814533333333
"9KZW_1","9KZW","1",1.398814533333333
"9KZX_55","9KZX","55",1.398814533333333
"9L0M_1","9L0M","1",1.398814533333333
"9L0T_1","9L0T","1",1.398814533333333
"9L0V_1","9L0V","1",1.398814533333333
"9L0W_1","9L0W","1",1.398814533333333
"9L40_1","9L40","1",1.398814533333333
"9L42_3","9L42","3",1.398814533333333
"9L43_1","9L43","1",1.398814533333333
"9L4C_1","9L4C","1",1.398814533333333
"9L4D_1","9L4D","1",1.398814533333333
"9L4K_1","9L4K","1",1.398814533333333
"9L4L_1","9L4L","1",1.398814533333333
"9L6K_1","9L6K","1",1.398814533333333
"9L74_2","9L74","2",1.398814533333333
"9L84_5","9L84","5",1.398814533333333
"9L93_1","9L93","1",1.398814533333333
"9LE0_2","9LE0","2",1.398814533333333
"9LFL_1","9LFL","1",1.398814533333333
"9LGM_5","9LGM","5",1.398814533333333
"9LGN_1","9LGN","1",1.398814533333333
"9LH5_1","9LH5","1",1.398814533333333
"9LH9_1","9LH9","1",1.398814533333333
"9LHC_1","9LHC","1",1.398814533333333
"9LHQ_1","9LHQ","1",1.398814533333333
"9LID_1","9LID","1",1.398814533333333
"9LJ1_1","9LJ1","1",1.398814533333333
"9LJ5_1","9LJ5","1",1.398814533333333
"9LKB_2","9LKB","2",1.398814533333333
"9LKT_9","9LKT","9",1.398814533333333
"9LL0_1","9LL0","1",1.398814533333333
"9LL1_1","9LL1","1",1.398814533333333
"9LL9_1","9LL9","1",1.398814533333333
"9LLJ_1","9LLJ","1",1.398814533333333
"9LLZ_1","9LLZ","1",1.398814533333333
"9LMO_4","9LMO","4",1.398814533333333
"9LN7_1","9LN7","1",1.398814533333333
"9LOV_3","9LOV","3",1.398814533333333
"9LP4_1","9LP4","1",1.398814533333333
"9LQ4_1","9LQ4","1",1.398814533333333
"9LQT_1","9LQT","1",1.398814533333333
"9LQY_1","9LQY","1",1.398814533333333
"9LQZ_1","9LQZ","1",1.398814533333333
"9LR1_2","9LR1","2",1.398814533333333
"9LR2_4","9LR2","4",1.398814533333333
"9LR3_2","9LR3","2",1.398814533333333
"9LR3_4","9LR3","4",1.398814533333333
"9LRB_5","9LRB","5",1.398814533333333
"9LRN_1","9LRN","1",1.398814533333333
"9LTR_1","9LTR","1",1.398814533333333
"9LTR_3","9LTR","3",1.398814533333333
"9LUL_1","9LUL","1",1.398814533333333
"9LVE_1","9LVE","1",1.398814533333333
"9LVK_2","9LVK","2",1.398814533333333
"9LWC_5","9LWC","5",1.398814533333333
"9LWI_1","9LWI","1",1.398814533333333
"9LWK_1","9LWK","1",1.398814533333333
"9LWL_9","9LWL","9",1.398814533333333
"9LWY_1","9LWY","1",1.398814533333333
"9LXE_3","9LXE","3",1.398814533333333
"9LXF_5","9LXF","5",1.398814533333333
"9LXN_12","9LXN","12",1.398814533333333
"9LXN_16","9LXN","16",1.398814533333333
"9LY6_1","9LY6","1",1.398814533333333
"9M0J_5","9M0J","5",1.398814533333333
"9M0P_28","9M0P","28",1.398814533333333
"9M0P_31","9M0P","31",1.398814533333333
"9M0Y_1","9M0Y","1",1.398814533333333
"9M0Z_2","9M0Z","2",1.398814533333333
"9M1H_3","9M1H","3",1.398814533333333
"9M1U_2","9M1U","2",1.398814533333333
"9M2O_2","9M2O","2",1.398814533333333
"9M2S_2","9M2S","2",1.398814533333333
"9M2W_14","9M2W","14",1.398814533333333
"9M2W_23","9M2W","23",1.398814533333333
"9M3Q_2","9M3Q","2",1.398814533333333
"9M3S_1","9M3S","1",1.398814533333333
"9M40_3","9M40","3",1.398814533333333
"9M4T_1","9M4T","1",1.398814533333333
"9M4Y_1","9M4Y","1",1.398814533333333
"9M51_1","9M51","1",1.398814533333333
"9M88_1","9M88","1",1.398814533333333
"9M8P_1","9M8P","1",1.398814533333333
"9M9X_1","9M9X","1",1.398814533333333
"9M9Y_1","9M9Y","1",1.398814533333333
"9MBC_1","9MBC","1",1.398814533333333
"9MBP_1","9MBP","1",1.398814533333333
"9MBP_26","9MBP","26",1.398814533333333
"9MBP_3","9MBP","3",1.398814533333333
"9MBQ_18","9MBQ","18",1.398814533333333
"9MC4_1","9MC4","1",1.398814533333333
"9MC9_1","9MC9","1",1.398814533333333
"9MD1_2","9MD1","2",1.398814533333333
"9ME1_1","9ME1","1",1.398814533333333
"9MEJ_1","9MEJ","1",1.398814533333333
"9MEN_1","9MEN","1",1.398814533333333
"9MET_1","9MET","1",1.398814533333333
"9MEX_1","9MEX","1",1.398814533333333
"9MEY_1","9MEY","1",1.398814533333333
"9MGY_1","9MGY","1",1.398814533333333
"9MI6_1","9MI6","1",1.398814533333333
"9MIE_1","9MIE","1",1.398814533333333
"9MJW_1","9MJW","1",1.398814533333333
"9MMR_1","9MMR","1",1.398814533333333
"9MMS_1","9MMS","1",1.398814533333333
"9MN5_3","9MN5","3",1.398814533333333
"9MN8_1","9MN8","1",1.398814533333333
"9MN9_1","9MN9","1",1.398814533333333
"9MNA_1","9MNA","1",1.398814533333333
"9MNC_78","9MNC","78",1.398814533333333
"9MNW_1","9MNW","1",1.398814533333333
"9MO0_5","9MO0","5",1.398814533333333
"9MP0_1","9MP0","1",1.398814533333333
"9MPD_1","9MPD","1",1.398814533333333
"9MPP_7","9MPP","7",1.398814533333333
"9MS8_1","9MS8","1",1.398814533333333
"9MTA_1","9MTA","1",1.398814533333333
"9MTC_1","9MTC","1",1.398814533333333
"9MTE_3","9MTE","3",1.398814533333333
"9MTX_2","9MTX","2",1.398814533333333
"9MUL_2","9MUL","2",1.398814533333333
"9MZF_1","9MZF","1",1.398814533333333
"9MZG_4","9MZG","4",1.398814533333333
"9N23_1","9N23","1",1.398814533333333
"9N81_11","9N81","11",1.398814533333333
"9N87_1","9N87","1",1.398814533333333
"9N95_1","9N95","1",1.398814533333333
"9N9J_69","9N9J","69",1.398814533333333
"9N9J_7","9N9J","7",1.398814533333333
"9N9R_15","9N9R","15",1.398814533333333
"9N9S_15","9N9S","15",1.398814533333333
"9N9S_7","9N9S","7",1.398814533333333
"9N9Y_1","9N9Y","1",1.398814533333333
"9NB1_13","9NB1","13",1.398814533333333
"9NB9_2","9NB9","2",1.398814533333333
"9NC3_4","9NC3","4",1.398814533333333
"9NC6_4","9NC6","4",1.398814533333333
"9NCN_3","9NCN","3",1.398814533333333
"9NFR_2","9NFR","2",1.398814533333333
"9NGO_3","9NGO","3",1.398814533333333
"9NGT_2","9NGT","2",1.398814533333333
"9NKF_13","9NKF","13",1.398814533333333
"9NKF_21","9NKF","21",1.398814533333333
"9NKG_1","9NKG","1",1.398814533333333
"9NKG_22","9NKG","22",1.398814533333333
"9NKG_8","9NKG","8",1.398814533333333
"9NKG_9","9NKG","9",1.398814533333333
"9NKI_22","9NKI","22",1.398814533333333
"9NKI_7","9NKI","7",1.398814533333333
"9NKJ_20","9NKJ","20",1.398814533333333
"9NOO_7","9NOO","7",1.398814533333333
"9NOQ_9","9NOQ","9",1.398814533333333
"9NOS_1","9NOS","1",1.398814533333333
"9NOU_1","9NOU","1",1.398814533333333
"9NOW_2","9NOW","2",1.398814533333333
"9NPW_7","9NPW","7",1.398814533333333
"9NQ1_8","9NQ1","8",1.398814533333333
"9NR4_7","9NR4","7",1.398814533333333
"9NRF_8","9NRF","8",1.398814533333333
"9NRH_8","9NRH","8",1.398814533333333
"9NS9_3","9NS9","3",1.398814533333333
"9NSO_2","9NSO","2",1.398814533333333
"9NTT_1","9NTT","1",1.398814533333333
"9O12_1","9O12","1",1.398814533333333
"9O36_2","9O36","2",1.398814533333333
"9O38_1","9O38","1",1.398814533333333
"9O38_2","9O38","2",1.398814533333333
"9O3W_4","9O3W","4",1.398814533333333
"9O3Y_57","9O3Y","57",1.398814533333333
"9O58_1","9O58","1",1.398814533333333
"9O5A_3","9O5A","3",1.398814533333333
"9O5D_1","9O5D","1",1.398814533333333
"9O5E_3","9O5E","3",1.398814533333333
"9O5K_1","9O5K","1",1.398814533333333
"9O8Q_2","9O8Q","2",1.398814533333333
"9O8R_4","9O8R","4",1.398814533333333
"9O9S_1","9O9S","1",1.398814533333333
"9OC6_1","9OC6","1",1.398814533333333
"9ODG_2","9ODG","2",1.398814533333333
"9ODL_1","9ODL","1",1.398814533333333
"9ODM_2","9ODM","2",1.398814533333333
"9ODP_2","9ODP","2",1.398814533333333
"9OG8_1","9OG8","1",1.398814533333333
"9OGL_6","9OGL","6",1.398814533333333
"9OLF_17","9OLF","17",1.398814533333333
"9OLF_76","9OLF","76",1.398814533333333
"9OMA_2","9OMA","2",1.398814533333333
"9OMF_2","9OMF","2",1.398814533333333
"9OMG_2","9OMG","2",1.398814533333333
"9OOK_4","9OOK","4",1.398814533333333
"9OOR_1","9OOR","1",1.398814533333333
"9OOS_1","9OOS","1",1.398814533333333
"9OOT_1","9OOT","1",1.398814533333333
"9OPJ_2","9OPJ","2",1.398814533333333
"9OPW_1","9OPW","1",1.398814533333333
"9OQ2_1","9OQ2","1",1.398814533333333
"9OS2_1","9OS2","1",1.398814533333333
"9OUK_2","9OUK","2",1.398814533333333
"9OWF_3","9OWF","3",1.398814533333333
"9OXA_2","9OXA","2",1.398814533333333
"9P08_1","9P08","1",1.398814533333333
"9P0B_1","9P0B","1",1.398814533333333
"9P0M_1","9P0M","1",1.398814533333333
"9P73_25","9P73","25",1.398814533333333
"9P79_6","9P79","6",1.398814533333333
"9P7A_6","9P7A","6",1.398814533333333
"9P7C_82","9P7C","82",1.398814533333333
"9P7D_6","9P7D","6",1.398814533333333
"9P7D_82","9P7D","82",1.398814533333333
"9P7G_36","9P7G","36",1.398814533333333
"9P7G_44","9P7G","44",1.398814533333333
"9P7G_8","9P7G","8",1.398814533333333
"9P7I_64","9P7I","64",1.398814533333333
"9P7I_72","9P7I","72",1.398814533333333
"9P7J_5","9P7J","5",1.398814533333333
"9P7J_70","9P7J","70",1.398814533333333
"9P7K_64","9P7K","64",1.398814533333333
"9P7K_72","9P7K","72",1.398814533333333
"9P7L_71","9P7L","71",1.398814533333333
"9P7N_6","9P7N","6",1.398814533333333
"9P7N_63","9P7N","63",1.398814533333333
"9P7W_35","9P7W","35",1.398814533333333
"9P7Y_44","9P7Y","44",1.398814533333333
"9P7Y_7","9P7Y","7",1.398814533333333
"9P8A_1","9P8A","1",1.398814533333333
"9P8I_70","9P8I","70",1.398814533333333
"9P8X_3","9P8X","3",1.398814533333333
"9P9H_5","9P9H","5",1.398814533333333
"9P9H_70","9P9H","70",1.398814533333333
"9PA3_1","9PA3","1",1.398814533333333
"9PA7_61","9PA7","61",1.398814533333333
"9PA7_7","9PA7","7",1.398814533333333
"9PBE_83","9PBE","83",1.398814533333333
"9PD5_5","9PD5","5",1.398814533333333
"9PF1_3","9PF1","3",1.398814533333333
"9PG8_56","9PG8","56",1.398814533333333
"9PG8_82","9PG8","82",1.398814533333333
"9PGF_36","9PGF","36",1.398814533333333
"9PGF_55","9PGF","55",1.398814533333333
"9PGF_60","9PGF","60",1.398814533333333
"9PGL_56","9PGL","56",1.398814533333333
"9PGM_35","9PGM","35",1.398814533333333
"9PGM_53","9PGM","53",1.398814533333333
"9PGM_82","9PGM","82",1.398814533333333
"9PKB_56","9PKB","56",1.398814533333333
"9PKB_6","9PKB","6",1.398814533333333
"9PLO_2","9PLO","2",1.398814533333333
"9PLR_1","9PLR","1",1.398814533333333
"9PMB_2","9PMB","2",1.398814533333333
"9PMW_4","9PMW","4",1.398814533333333
"9PPW_3","9PPW","3",1.398814533333333
"9PPX_3","9PPX","3",1.398814533333333
"9PPZ_3","9PPZ","3",1.398814533333333
"9PQ0_3","9PQ0","3",1.398814533333333
"9PR4_55","9PR4","55",1.398814533333333
"9PRA_37","9PRA","37",1.398814533333333
"9PRD_34","9PRD","34",1.398814533333333
"9PRD_52","9PRD","52",1.398814533333333
"9PRD_60","9PRD","60",1.398814533333333
"9PRO_7","9PRO","7",1.398814533333333
"9PRQ_35","9PRQ","35",1.398814533333333
"9PRQ_81","9PRQ","81",1.398814533333333
"9PRW_1","9PRW","1",1.398814533333333
"9PRX_35","9PRX","35",1.398814533333333
"9PRX_56","9PRX","56",1.398814533333333
"9PRX_82","9PRX","82",1.398814533333333
"9PS0_58","9PS0","58",1.398814533333333
"9PS7_53","9PS7","53",1.398814533333333
"9PS7_56","9PS7","56",1.398814533333333
"9PSM_58","9PSM","58",1.398814533333333
"9PSM_86","9PSM","86",1.398814533333333
"9PT4_3","9PT4","3",1.398814533333333
"9PUW_2","9PUW","2",1.398814533333333
"9PVG_1","9PVG","1",1.398814533333333
"9PVO_1","9PVO","1",1.398814533333333
"9PWQ_2","9PWQ","2",1.398814533333333
"9Q41_1","9Q41","1",1.398814533333333
"9Q7U_7","9Q7U","7",1.398814533333333
"9Q7Y_1","9Q7Y","1",1.398814533333333
"9Q8A_1","9Q8A","1",1.398814533333333
"9Q8G_1","9Q8G","1",1.398814533333333
"9Q9F_5","9Q9F","5",1.398814533333333
"9Q9H_1","9Q9H","1",1.398814533333333
"9QB2_5","9QB2","5",1.398814533333333
"9QBF_1","9QBF","1",1.398814533333333
"9QIW_13","9QIW","13",1.398814533333333
"9QJ5_1","9QJ5","1",1.398814533333333
"9QLO_8","9QLO","8",1.398814533333333
"9QLP_87","9QLP","87",1.398814533333333
"9QLQ_87","9QLQ","87",1.398814533333333
"9QMS_1","9QMS","1",1.398814533333333
"9QNO_1","9QNO","1",1.398814533333333
"9QOO_4","9QOO","4",1.398814533333333
"9QPY_1","9QPY","1",1.398814533333333
"9QQS_2","9QQS","2",1.398814533333333
"9QTN_1","9QTN","1",1.398814533333333
"9QTO_1","9QTO","1",1.398814533333333
"9QVM_9","9QVM","9",1.398814533333333
"9QVX_9","9QVX","9",1.398814533333333
"9QWP_1","9QWP","1",1.398814533333333
"9QWP_2","9QWP","2",1.398814533333333
"9QWX_1","9QWX","1",1.398814533333333
"9QX0_3","9QX0","3",1.398814533333333
"9QXL_3","9QXL","3",1.398814533333333
"9R10_1","9R10","1",1.398814533333333
"9R3L_1","9R3L","1",1.398814533333333
"9R3M_1","9R3M","1",1.398814533333333
"9R42_2","9R42","2",1.398814533333333
"9R4B_1","9R4B","1",1.398814533333333
"9R4C_1","9R4C","1",1.398814533333333
"9R4E_1","9R4E","1",1.398814533333333
"9R6N_1","9R6N","1",1.398814533333333
"9R7N_1","9R7N","1",1.398814533333333
"9R9D_1","9R9D","1",1.398814533333333
"9RD6_1","9RD6","1",1.398814533333333
"9RDK_11","9RDK","11",1.398814533333333
"9RG7_60","9RG7","60",1.398814533333333
"9RGC_1","9RGC","1",1.398814533333333
"9RGD_3","9RGD","3",1.398814533333333
"9RGE_3","9RGE","3",1.398814533333333
"9RHG_1","9RHG","1",1.398814533333333
"9RL4_13","9RL4","13",1.398814533333333
"9RMO_1","9RMO","1",1.398814533333333
"9RN1_13","9RN1","13",1.398814533333333
"9ROB_1","9ROB","1",1.398814533333333
"9ROR_10","9ROR","10",1.398814533333333
"9ROT_25","9ROT","25",1.398814533333333
"9ROT_27","9ROT","27",1.398814533333333
"9ROV_10","9ROV","10",1.398814533333333
"9RPF_7","9RPF","7",1.398814533333333
"9RPV_11","9RPV","11",1.398814533333333
"9RRY_1","9RRY","1",1.398814533333333
"9RS1_1","9RS1","1",1.398814533333333
"9RS3_1","9RS3","1",1.398814533333333
"9RU7_53","9RU7","53",1.398814533333333
"9RU8_64","9RU8","64",1.398814533333333
"9RU9_35","9RU9","35",1.398814533333333
"9RUA_66","9RUA","66",1.398814533333333
"9RUA_78","9RUA","78",1.398814533333333
"9RUC_49","9RUC","49",1.398814533333333
"9RX5_4","9RX5","4",1.398814533333333
"9RX6_4","9RX6","4",1.398814533333333
"9RXA_4","9RXA","4",1.398814533333333
"9RXT_1","9RXT","1",1.398814533333333
"9S0R_1","9S0R","1",1.398814533333333
"9S1B_1","9S1B","1",1.398814533333333
"9S37_2","9S37","2",1.398814533333333
"9S38_2","9S38","2",1.398814533333333
"9S3B_7","9S3B","7",1.398814533333333
"9S3C_87","9S3C","87",1.398814533333333
"9S3R_2","9S3R","2",1.398814533333333
"9SA1_1","9SA1","1",1.398814533333333
"9SAI_1","9SAI","1",1.398814533333333
"9SDX_5","9SDX","5",1.398814533333333
"9SL8_1","9SL8","1",1.398814533333333
"9SL9_1","9SL9","1",1.398814533333333
"9SMK_1","9SMK","1",1.398814533333333
"9SMX_1","9SMX","1",1.398814533333333
"9SMX_11","9SMX","11",1.398814533333333
"9SPC_1","9SPC","1",1.398814533333333
"9SQ6_2","9SQ6","2",1.398814533333333
"9SSQ_1","9SSQ","1",1.398814533333333
"9SSR_1","9SSR","1",1.398814533333333
"9SSU_1","9SSU","1",1.398814533333333
"9SSV_1","9SSV","1",1.398814533333333
"9SUV_1","9SUV","1",1.398814533333333
"9SYR_33","9SYR","33",1.398814533333333
"9SZR_1","9SZR","1",1.398814533333333
"9SZT_1","9SZT","1",1.398814533333333
"9SZT_22","9SZT","22",1.398814533333333
"9SZT_8","9SZT","8",1.398814533333333
"9SZV_1","9SZV","1",1.398814533333333
"9SZV_22","9SZV","22",1.398814533333333
"9SZV_27","9SZV","27",1.398814533333333
"9SZY_2","9SZY","2",1.398814533333333
"9T17_3","9T17","3",1.398814533333333
"9T1V_1","9T1V","1",1.398814533333333
"9T21_1","9T21","1",1.398814533333333
"9T23_1","9T23","1",1.398814533333333
"9T2G_1","9T2G","1",1.398814533333333
"9T3G_1","9T3G","1",1.398814533333333
"9T3M_1","9T3M","1",1.398814533333333
"9T3S_3","9T3S","3",1.398814533333333
"9T6J_2","9T6J","2",1.398814533333333
"9T94_1","9T94","1",1.398814533333333
"9TAW_4","9TAW","4",1.398814533333333
"9TAW_6","9TAW","6",1.398814533333333
"9TDL_2","9TDL","2",1.398814533333333
"9TDT_1","9TDT","1",1.398814533333333
"9TFE_1","9TFE","1",1.398814533333333
"9TFJ_1","9TFJ","1",1.398814533333333
"9TFL_1","9TFL","1",1.398814533333333
"9TPW_1","9TPW","1",1.398814533333333
"9TT7_36","9TT7","36",1.398814533333333
"9TT7_51","9TT7","51",1.398814533333333
"9TV2_56","9TV2","56",1.398814533333333
"9U3U_1","9U3U","1",1.398814533333333
"9U3V_1","9U3V","1",1.398814533333333
"9U61_3","9U61","3",1.398814533333333
"9U7R_16","9U7R","16",1.398814533333333
"9U7T_2","9U7T","2",1.398814533333333
"9U80_3","9U80","3",1.398814533333333
"9U9V_5","9U9V","5",1.398814533333333
"9UAM_3","9UAM","3",1.398814533333333
"9UCM_1","9UCM","1",1.398814533333333
"9UF8_1","9UF8","1",1.398814533333333
"9UF8_3","9UF8","3",1.398814533333333
"9UF8_4","9UF8","4",1.398814533333333
"9UG9_22","9UG9","22",1.398814533333333
"9UG9_5","9UG9","5",1.398814533333333
"9UGX_1","9UGX","1",1.398814533333333
"9UH1_2","9UH1","2",1.398814533333333
"9UH7_10","9UH7","10",1.398814533333333
"9UH9_11","9UH9","11",1.398814533333333
"9UHB_2","9UHB","2",1.398814533333333
"9UIQ_5","9UIQ","5",1.398814533333333
"9UK2_3","9UK2","3",1.398814533333333
"9UK3_2","9UK3","2",1.398814533333333
"9UK4_1","9UK4","1",1.398814533333333
"9ULQ_1","9ULQ","1",1.398814533333333
"9ULU_1","9ULU","1",1.398814533333333
"9UMJ_2","9UMJ","2",1.398814533333333
"9UMT_8","9UMT","8",1.398814533333333
"9UNV_1","9UNV","1",1.398814533333333
"9UO1_1","9UO1","1",1.398814533333333
"9UO2_1","9UO2","1",1.398814533333333
"9UT9_2","9UT9","2",1.398814533333333
"9UTA_1","9UTA","1",1.398814533333333
"9UTA_2","9UTA","2",1.398814533333333
"9UTC_1","9UTC","1",1.398814533333333
"9UVF_1","9UVF","1",1.398814533333333
"9UVX_1","9UVX","1",1.398814533333333
"9UVY_1","9UVY","1",1.398814533333333
"9UWH_69","9UWH","69",1.398814533333333
"9UWH_85","9UWH","85",1.398814533333333
"9UWQ_2","9UWQ","2",1.398814533333333
"9UY3_2","9UY3","2",1.398814533333333
"9UYS_1","9UYS","1",1.398814533333333
"9V0B_3","9V0B","3",1.398814533333333
"9V0F_3","9V0F","3",1.398814533333333
"9V0J_1","9V0J","1",1.398814533333333
"9V0J_4","9V0J","4",1.398814533333333
"9V0X_2","9V0X","2",1.398814533333333
"9V1H_2","9V1H","2",1.398814533333333
"9V2N_2","9V2N","2",1.398814533333333
"9V35_1","9V35","1",1.398814533333333
"9V3C_1","9V3C","1",1.398814533333333
"9V3T_1","9V3T","1",1.398814533333333
"9V3Z_1","9V3Z","1",1.398814533333333
"9V4D_1","9V4D","1",1.398814533333333
"9V6E_1","9V6E","1",1.398814533333333
"9V8X_1","9V8X","1",1.398814533333333
"9V8Y_1","9V8Y","1",1.398814533333333
"9V9N_1","9V9N","1",1.398814533333333
"9V9R_11","9V9R","11",1.398814533333333
"9VAT_4","9VAT","4",1.398814533333333
"9VAU_4","9VAU","4",1.398814533333333
"9VAX_2","9VAX","2",1.398814533333333
"9VB1_2","9VB1","2",1.398814533333333
"9VB2_4","9VB2","4",1.398814533333333
"9VB6_2","9VB6","2",1.398814533333333
"9VB7_4","9VB7","4",1.398814533333333
"9VD9_26","9VD9","26",1.398814533333333
"9VD9_35","9VD9","35",1.398814533333333
"9VD9_6","9VD9","6",1.398814533333333
"9VDL_1","9VDL","1",1.398814533333333
"9VDM_1","9VDM","1",1.398814533333333
"9VEE_2","9VEE","2",1.398814533333333
"9VIQ_1","9VIQ","1",1.398814533333333
"9VJ5_2","9VJ5","2",1.398814533333333
"9VJE_5","9VJE","5",1.398814533333333
"9VLN_3","9VLN","3",1.398814533333333
"9VM3_1","9VM3","1",1.398814533333333
"9VM4_1","9VM4","1",1.398814533333333
"9VM5_1","9VM5","1",1.398814533333333
"9VM6_1","9VM6","1",1.398814533333333
"9VMX_1","9VMX","1",1.398814533333333
"9VNY_5","9VNY","5",1.398814533333333
"9VNZ_1","9VNZ","1",1.398814533333333
"9VPM_3","9VPM","3",1.398814533333333
"9VQ2_1","9VQ2","1",1.398814533333333
"9VRR_1","9VRR","1",1.398814533333333
"9VUE_14","9VUE","14",1.398814533333333
"9VUE_15","9VUE","15",1.398814533333333
"9VUF_14","9VUF","14",1.398814533333333
"9VUG_7","9VUG","7",1.398814533333333
"9VV6_3","9VV6","3",1.398814533333333
"9VXM_34","9VXM","34",1.398814533333333
"9VXN_4","9VXN","4",1.398814533333333
"9VXN_78","9VXN","78",1.398814533333333
"9VXP_1","9VXP","1",1.398814533333333
"9VZT_1","9VZT","1",1.398814533333333
"9W0W_3","9W0W","3",1.398814533333333
"9W0Z_1","9W0Z","1",1.398814533333333
"9W1J_5","9W1J","5",1.398814533333333
"9W1N_1","9W1N","1",1.398814533333333
"9W1O_1","9W1O","1",1.398814533333333
"9W1P_1","9W1P","1",1.398814533333333
"9W1Q_1","9W1Q","1",1.398814533333333
"9W2D_1","9W2D","1",1.398814533333333
"9W2G_5","9W2G","5",1.398814533333333
"9W2H_2","9W2H","2",1.398814533333333
"9W2I_4","9W2I","4",1.398814533333333
"9W2I_5","9W2I","5",1.398814533333333
"9W49_2","9W49","2",1.398814533333333
"9W5I_1","9W5I","1",1.398814533333333
"9W7S_3","9W7S","3",1.398814533333333
"9W8Q_1","9W8Q","1",1.398814533333333
"9WBR_1","9WBR","1",1.398814533333333
"9WC6_1","9WC6","1",1.398814533333333
"9WDB_1","9WDB","1",1.398814533333333
"9WG4_4","9WG4","4",1.398814533333333
"9WGW_1","9WGW","1",1.398814533333333
"9WP9_2","9WP9","2",1.398814533333333
"9WPY_1","9WPY","1",1.398814533333333
"9WQK_3","9WQK","3",1.398814533333333
"9WQL_1","9WQL","1",1.398814533333333
"9WQN_1","9WQN","1",1.398814533333333
"9WQN_3","9WQN","3",1.398814533333333
"9WQO_1","9WQO","1",1.398814533333333
"9WV4_1","9WV4","1",1.398814533333333
"9WXM_1","9WXM","1",1.398814533333333
"9WXM_2","9WXM","2",1.398814533333333
"9WXM_4","9WXM","4",1.398814533333333
"9WXV_1","9WXV","1",1.398814533333333
"9X22_4","9X22","4",1.398814533333333
"9X3Z_3","9X3Z","3",1.398814533333333
"9X5J_3","9X5J","3",1.398814533333333
"9X64_1","9X64","1",1.398814533333333
"9X97_1","9X97","1",1.398814533333333
"9XB1_1","9XB1","1",1.398814533333333
"9XC6_2","9XC6","2",1.398814533333333
"9XCB_1","9XCB","1",1.398814533333333
"9XED_1","9XED","1",1.398814533333333
"9XHH_1","9XHH","1",1.398814533333333
"9XHH_3","9XHH","3",1.398814533333333
"9XQC_5","9XQC","5",1.398814533333333
"9XVQ_1","9XVQ","1",1.398814533333333
"9XYU_5","9XYU","5",1.398814533333333
"9XZL_2","9XZL","2",1.398814533333333
"9XZY_1","9XZY","1",1.398814533333333
"9Y3P_3","9Y3P","3",1.398814533333333
"9Y3U_1","9Y3U","1",1.398814533333333
"9Y3U_3","9Y3U","3",1.398814533333333
"9Y3V_1","9Y3V","1",1.398814533333333
"9Y4C_1","9Y4C","1",1.398814533333333
"9Y4P_9","9Y4P","9",1.398814533333333
"9Y5Q_1","9Y5Q","1",1.398814533333333
"9Y5S_3","9Y5S","3",1.398814533333333
"9Y5U_1","9Y5U","1",1.398814533333333
"9YA9_2","9YA9","2",1.398814533333333
"9YB5_1","9YB5","1",1.398814533333333
"9YC6_2","9YC6","2",1.398814533333333
"9YDA_1","9YDA","1",1.398814533333333
"9YGY_7","9YGY","7",1.398814533333333
"9YL3_8","9YL3","8",1.398814533333333
"9YLE_2","9YLE","2",1.398814533333333
"9YM8_8","9YM8","8",1.398814533333333
"9YM8_9","9YM8","9",1.398814533333333
"9YMF_8","9YMF","8",1.398814533333333
"9YMF_9","9YMF","9",1.398814533333333
"9YVL_1","9YVL","1",1.398814533333333
"9YVM_1","9YVM","1",1.398814533333333
"9YWS_3","9YWS","3",1.398814533333333
"9Z05_1","9Z05","1",1.398814533333333
"9Z25_1","9Z25","1",1.398814533333333
"9Z26_1","9Z26","1",1.398814533333333
"9Z27_1","9Z27","1",1.398814533333333
"9Z29_1","9Z29","1",1.398814533333333
"9Z4H_1","9Z4H","1",1.398814533333333
"9Z9F_3","9Z9F","3",1.398814533333333
"9ZCV_1","9ZCV","1",1.398814533333333
"9ZE2_5","9ZE2","5",1.398814533333333
"9ZED_2","9ZED","2",1.398814533333333
"9ZFO_1","9ZFO","1",1.398814533333333
"9ZHH_1","9ZHH","1",1.398814533333333
"9ZLE_1","9ZLE","1",1.398814533333333
"9ZPO_1","9ZPO","1",1.398814533333333
"9ZRL_1","9ZRL","1",1.398814533333333
"10AD_1","10AD","1",1.3973670666666667
"10AP_1","10AP","1",1.3973670666666667
"10EV_1","10EV","1",1.3973670666666667
"10EV_2","10EV","2",1.3973670666666667
"10EX_1","10EX","1",1.3973670666666667
"10EX_2","10EX","2",1.3973670666666667
"10EY_1","10EY","1",1.3973670666666667
"10FD_2","10FD","2",1.3973670666666667
"10FE_1","10FE","1",1.3973670666666667
"10FE_2","10FE","2",1.3973670666666667
"10FF_2","10FF","2",1.3973670666666667
"10FL_2","10FL","2",1.3973670666666667
"10FT_1","10FT","1",1.3973670666666667
"11TD_1","11TD","1",1.3973670666666667
"11TF_1","11TF","1",1.3973670666666667
"12IZ_2","12IZ","2",1.3973670666666667
"12JA_4","12JA","4",1.3973670666666667
"12OY_1","12OY","1",1.3973670666666667
"13LV_1","13LV","1",1.3973670666666667
"13RZ_1","13RZ","1",1.3973670666666667
"13SB_1","13SB","1",1.3973670666666667
"13SG_1","13SG","1",1.3973670666666667
"13SM_1","13SM","1",1.3973670666666667
"13SP_1","13SP","1",1.3973670666666667
"13ST_1","13ST","1",1.3973670666666667
"13TB_1","13TB","1",1.3973670666666667
"1A4Y_1","1A4Y","1",1.3973670666666667
"1B6C_2","1B6C","2",1.3973670666666667
"1B9E_1","1B9E","1",1.3973670666666667
"1BBC_1","1BBC","1",1.3973670666666667
"1BEN_1","1BEN","1",1.3973670666666667
"1BG2_1","1BG2","1",1.3973670666666667
"1BH5_1","1BH5","1",1.3973670666666667
"1BMP_1","1BMP","1",1.3973670666666667
"1BWN_1","1BWN","1",1.3973670666666667
"1CSB_2","1CSB","2",1.3973670666666667
"1CZ8_1","1CZ8","1",1.3973670666666667
"1DB4_1","1DB4","1",1.3973670666666667
"1DBH_1","1DBH","1",1.3973670666666667
"1DEH_1","1DEH","1",1.3973670666666667
"1DFN_1","1DFN","1",1.3973670666666667
"1DQ8_1","1DQ8","1",1.3973670666666667
"1DQA_1","1DQA","1",1.3973670666666667
"1E1Z_1","1E1Z","1",1.3973670666666667
"1E2S_1","1E2S","1",1.3973670666666667
"1E7A_1","1E7A","1",1.3973670666666667
"1E7C_1","1E7C","1",1.3973670666666667
"1ES7_1","1ES7","1",1.3973670666666667
"1ES7_2","1ES7","2",1.3973670666666667
"1EV3_1","1EV3","1",1.3973670666666667
"1EXT_1","1EXT","1",1.3973670666666667
"1F4O_1","1F4O","1",1.3973670666666667
"1F4Q_1","1F4Q","1",1.3973670666666667
"1F9E_1","1F9E","1",1.3973670666666667
"1FD4_1","1FD4","1",1.3973670666666667
"1FL7_1","1FL7","1",1.3973670666666667
"1FLT_1","1FLT","1",1.3973670666666667
"1FT4_1","1FT4","1",1.3973670666666667
"1G7B_1","1G7B","1",1.3973670666666667
"1GNI_1","1GNI","1",1.3973670666666667
"1GUJ_1","1GUJ","1",1.3973670666666667
"1GXR_1","1GXR","1",1.3973670666666667
"1GZZ_1","1GZZ","1",1.3973670666666667
"1H02_1","1H02","1",1.3973670666666667
"1HK1_1","1HK1","1",1.3973670666666667
"1HK3_1","1HK3","1",1.3973670666666667
"1HK4_1","1HK4","1",1.3973670666666667
"1HSO_1","1HSO","1",1.3973670666666667
"1HTV_1","1HTV","1",1.3973670666666667
"1HUC_2","1HUC","2",1.3973670666666667
"1HWK_1","1HWK","1",1.3973670666666667
"1I4E_2","1I4E","2",1.3973670666666667
"1I4O_2","1I4O","2",1.3973670666666667
"1IAP_1","1IAP","1",1.3973670666666667
"1IJV_1","1IJV","1",1.3973670666666667
"1IMX_1","1IMX","1",1.3973670666666667
"1IVO_1","1IVO","1",1.3973670666666667
"1J73_1","1J73","1",1.3973670666666667
"1J78_1","1J78","1",1.3973670666666667
"1JFI_4","1JFI","4",1.3973670666666667
"1JPH_1","1JPH","1",1.3973670666666667
"1JPK_1","1JPK","1",1.3973670666666667
"1K4S_4","1K4S","4",1.3973670666666667
"1K94_1","1K94","1",1.3973670666666667
"1K95_1","1K95","1",1.3973670666666667
"1KKQ_1","1KKQ","1",1.3973670666666667
"1KMC_2","1KMC","2",1.3973670666666667
"1KT0_1","1KT0","1",1.3973670666666667
"1KW2_1","1KW2","1",1.3973670666666667
"1LD8_2","1LD8","2",1.3973670666666667
"1LOT_1","1LOT","1",1.3973670666666667
"1LT7_1","1LT7","1",1.3973670666666667
"1M5N_1","1M5N","1",1.3973670666666667
"1M8A_1","1M8A","1",1.3973670666666667
"1MA9_1","1MA9","1",1.3973670666666667
"1MKJ_1","1MKJ","1",1.3973670666666667
"1MOX_1","1MOX","1",1.3973670666666667
"1N2L_1","1N2L","1",1.3973670666666667
"1N5U_1","1N5U","1",1.3973670666666667
"1N8Z_3","1N8Z","3",1.3973670666666667
"1NAX_1","1NAX","1",1.3973670666666667
"1NQ2_1","1NQ2","1",1.3973670666666667
"1NR4_1","1NR4","1",1.3973670666666667
"1NYU_2","1NYU","2",1.3973670666666667
"1O05_1","1O05","1",1.3973670666666667
"1O9X_1","1O9X","1",1.3973670666666667
"1OA8_1","1OA8","1",1.3973670666666667
"1OHD_1","1OHD","1",1.3973670666666667
"1P0P_1","1P0P","1",1.3973670666666667
"1PBH_1","1PBH","1",1.3973670666666667
"1PKG_1","1PKG","1",1.3973670666666667
"1POE_1","1POE","1",1.3973670666666667
"1PU4_1","1PU4","1",1.3973670666666667
"1PY5_1","1PY5","1",1.3973670666666667
"1Q4X_1","1Q4X","1",1.3973670666666667
"1QDU_1","1QDU","1",1.3973670666666667
"1QIN_1","1QIN","1",1.3973670666666667
"1QIY_1","1QIY","1",1.3973670666666667
"1R3Q_1","1R3Q","1",1.3973670666666667
"1R3V_1","1R3V","1",1.3973670666666667
"1R3W_1","1R3W","1",1.3973670666666667
"1R3Y_1","1R3Y","1",1.3973670666666667
"1R49_3","1R49","3",1.3973670666666667
"1R54_1","1R54","1",1.3973670666666667
"1R6G_1","1R6G","1",1.3973670666666667
"1RJB_1","1RJB","1",1.3973670666666667
"1RV6_1","1RV6","1",1.3973670666666667
"1RWE_1","1RWE","1",1.3973670666666667
"1S4Y_2","1S4Y","2",1.3973670666666667
"1SEU_4","1SEU","4",1.3973670666666667
"1T29_1","1T29","1",1.3973670666666667
"1T2V_1","1T2V","1",1.3973670666666667
"1T5A_1","1T5A","1",1.3973670666666667
"1TRZ_1","1TRZ","1",1.3973670666666667
"1TXU_1","1TXU","1",1.3973670666666667
"1TYM_1","1TYM","1",1.3973670666666667
"1TZH_1","1TZH","1",1.3973670666666667
"1U3T_1","1U3T","1",1.3973670666666667
"1U4R_1","1U4R","1",1.3973670666666667
"1U6G_3","1U6G","3",1.3973670666666667
"1UOR_1","1UOR","1",1.3973670666666667
"1UW4_2","1UW4","2",1.3973670666666667
"1UZJ_1","1UZJ","1",1.3973670666666667
"1UZP_1","1UZP","1",1.3973670666666667
"1UZQ_1","1UZQ","1",1.3973670666666667
"1VJY_1","1VJY","1",1.3973670666666667
"1VYB_1","1VYB","1",1.3973670666666667
"1W8P_1","1W8P","1",1.3973670666666667
"1WMS_1","1WMS","1",1.3973670666666667
"1WQJ_2","1WQJ","2",1.3973670666666667
"1XD4_1","1XD4","1",1.3973670666666667
"1XDA_1","1XDA","1",1.3973670666666667
"1XLV_1","1XLV","1",1.3973670666666667
"1XLW_1","1XLW","1",1.3973670666666667
"1XM2_1","1XM2","1",1.3973670666666667
"1XW7_1","1XW7","1",1.3973670666666667
"1XZX_1","1XZX","1",1.3973670666666667
"1Y98_1","1Y98","1",1.3973670666666667
"1YHN_1","1YHN","1",1.3973670666666667
"1YZ4_1","1YZ4","1",1.3973670666666667
"1YZG_1","1YZG","1",1.3973670666666667
"1Z6Y_1","1Z6Y","1",1.3973670666666667
"1Z7X_2","1Z7X","2",1.3973670666666667
"1ZEH_1","1ZEH","1",1.3973670666666667
"1ZMK_1","1ZMK","1",1.3973670666666667
"1ZMP_1","1ZMP","1",1.3973670666666667
"1ZMQ_1","1ZMQ","1",1.3973670666666667
"20YC_3","20YC","3",1.3973670666666667
"20ZC_2","20ZC","2",1.3973670666666667
"20ZK_2","20ZK","2",1.3973670666666667
"21AH_1","21AH","1",1.3973670666666667
"21AU_3","21AU","3",1.3973670666666667
"21AV_1","21AV","1",1.3973670666666667
"21DU_2","21DU","2",1.3973670666666667
"21IP_1","21IP","1",1.3973670666666667
"21OR_1","21OR","1",1.3973670666666667
"21TP_1","21TP","1",1.3973670666666667
"21TQ_3","21TQ","3",1.3973670666666667
"22AJ_2","22AJ","2",1.3973670666666667
"22AK_2","22AK","2",1.3973670666666667
"22AZ_1","22AZ","1",1.3973670666666667
"22BA_2","22BA","2",1.3973670666666667
"22BC_2","22BC","2",1.3973670666666667
"22BE_1","22BE","1",1.3973670666666667
"22BG_2","22BG","2",1.3973670666666667
"22BI_1","22BI","1",1.3973670666666667
"22BJ_2","22BJ","2",1.3973670666666667
"22BK_2","22BK","2",1.3973670666666667
"22CR_1","22CR","1",1.3973670666666667
"22GK_2","22GK","2",1.3973670666666667
"22MM_1","22MM","1",1.3973670666666667
"22MM_24","22MM","24",1.3973670666666667
"22MM_3","22MM","3",1.3973670666666667
"22TU_1","22TU","1",1.3973670666666667
"22TU_56","22TU","56",1.3973670666666667
"22TU_79","22TU","79",1.3973670666666667
"23BD_2","23BD","2",1.3973670666666667
"23FC_1","23FC","1",1.3973670666666667
"23FW_1","23FW","1",1.3973670666666667
"24ID_2","24ID","2",1.3973670666666667
"24IP_1","24IP","1",1.3973670666666667
"24QH_2","24QH","2",1.3973670666666667
"24VC_2","24VC","2",1.3973670666666667
"24VD_2","24VD","2",1.3973670666666667
"24VE_2","24VE","2",1.3973670666666667
"24XN_1","24XN","1",1.3973670666666667
"25HL_1","25HL","1",1.3973670666666667
"25IJ_1","25IJ","1",1.3973670666666667
"25NX_2","25NX","2",1.3973670666666667
"25SU_4","25SU","4",1.3973670666666667
"26VD_1","26VD","1",1.3973670666666667
"27TM_1","27TM","1",1.3973670666666667
"28JV_5","28JV","5",1.3973670666666667
"28LN_7","28LN","7",1.3973670666666667
"28LN_84","28LN","84",1.3973670666666667
"28ZV_7","28ZV","7",1.3973670666666667
"28ZX_43","28ZX","43",1.3973670666666667
"28ZY_24","28ZY","24",1.3973670666666667
"29HH_2","29HH","2",1.3973670666666667
"29HI_2","29HI","2",1.3973670666666667
"29VJ_1","29VJ","1",1.3973670666666667
"29WD_5","29WD","5",1.3973670666666667
"2A1T_1","2A1T","1",1.3973670666666667
"2A2D_1","2A2D","1",1.3973670666666667
"2ACX_1","2ACX","1",1.3973670666666667
"2AHX_1","2AHX","1",1.3973670666666667
"2AR9_1","2AR9","1",1.3973670666666667
"2ARV_1","2ARV","1",1.3973670666666667
"2AZM_1","2AZM","1",1.3973670666666667
"2B0O_1","2B0O","1",1.3973670666666667
"2B0U_1","2B0U","1",1.3973670666666667
"2B3L_1","2B3L","1",1.3973670666666667
"2B3X_1","2B3X","1",1.3973670666666667
"2B9E_1","2B9E","1",1.3973670666666667
"2BEX_1","2BEX","1",1.3973670666666667
"2BXB_1","2BXB","1",1.3973670666666667
"2BXD_1","2BXD","1",1.3973670666666667
"2BXG_1","2BXG","1",1.3973670666666667
"2BXM_1","2BXM","1",1.3973670666666667
"2BXP_1","2BXP","1",1.3973670666666667
"2BZG_1","2BZG","1",1.3973670666666667
"2C10_1","2C10","1",1.3973670666666667
"2C7A_1","2C7A","1",1.3973670666666667
"2CE9_1","2CE9","1",1.3973670666666667
"2CEO_1","2CEO","1",1.3973670666666667
"2CO0_1","2CO0","1",1.3973670666666667
"2CO0_3","2CO0","3",1.3973670666666667
"2DSR_2","2DSR","2",1.3973670666666667
"2E48_1","2E48","1",1.3973670666666667
"2E49_1","2E49","1",1.3973670666666667
"2E82_1","2E82","1",1.3973670666666667
"2EX4_1","2EX4","1",1.3973670666666667
"2F0Y_2","2F0Y","2",1.3973670666666667
"2FJG_1","2FJG","1",1.3973670666666667
"2FJH_1","2FJH","1",1.3973670666666667
"2FK2_1","2FK2","1",1.3973670666666667
"2FK3_1","2FK3","1",1.3973670666666667
"2FKL_1","2FKL","1",1.3973670666666667
"2FMA_1","2FMA","1",1.3973670666666667
"2FW2_1","2FW2","1",1.3973670666666667
"2FY4_1","2FY4","1",1.3973670666666667
"2FY5_1","2FY5","1",1.3973670666666667
"2GNQ_1","2GNQ","1",1.3973670666666667
"2GSE_1","2GSE","1",1.3973670666666667
"2GTR_1","2GTR","1",1.3973670666666667
"2GYZ_1","2GYZ","1",1.3973670666666667
"2H13_1","2H13","1",1.3973670666666667
"2H62_1","2H62","1",1.3973670666666667
"2H64_1","2H64","1",1.3973670666666667
"2H6H_2","2H6H","2",1.3973670666666667
"2H79_1","2H79","1",1.3973670666666667
"2H9M_1","2H9M","1",1.3973670666666667
"2H9N_1","2H9N","1",1.3973670666666667
"2HI4_1","2HI4","1",1.3973670666666667
"2HRB_1","2HRB","1",1.3973670666666667
"2HV6_1","2HV6","1",1.3973670666666667
"2HV7_1","2HV7","1",1.3973670666666667
"2I0Y_1","2I0Y","1",1.3973670666666667
"2I1M_1","2I1M","1",1.3973670666666667
"2I30_1","2I30","1",1.3973670666666667
"2I6K_1","2I6K","1",1.3973670666666667
"2I7N_1","2I7N","1",1.3973670666666667
"2IAE_2","2IAE","2",1.3973670666666667
"2ICJ_1","2ICJ","1",1.3973670666666667
"2ICK_1","2ICK","1",1.3973670666666667
"2ING_1","2ING","1",1.3973670666666667
"2IYB_2","2IYB","2",1.3973670666666667
"2J0F_1","2J0F","1",1.3973670666666667
"2J3N_1","2J3N","1",1.3973670666666667
"2J91_1","2J91","1",1.3973670666666667
"2JAK_1","2JAK","1",1.3973670666666667
"2JC2_1","2JC2","1",1.3973670666666667
"2NLC_1","2NLC","1",1.3973670666666667
"2NLF_1","2NLF","1",1.3973670666666667
"2NLS_1","2NLS","1",1.3973670666666667
"2NN6_3","2NN6","3",1.3973670666666667
"2NYL_2","2NYL","2",1.3973670666666667
"2O06_1","2O06","1",1.3973670666666667
"2O07_1","2O07","1",1.3973670666666667
"2O53_1","2O53","1",1.3973670666666667
"2OB0_1","2OB0","1",1.3973670666666667
"2OGV_1","2OGV","1",1.3973670666666667
"2OJX_1","2OJX","1",1.3973670666666667
"2OM1_1","2OM1","1",1.3973670666666667
"2OMH_1","2OMH","1",1.3973670666666667
"2ONP_1","2ONP","1",1.3973670666666667
"2OUO_1","2OUO","1",1.3973670666666667
"2P54_1","2P54","1",1.3973670666666667
"2PBH_1","2PBH","1",1.3973670666666667
"2PFG_1","2PFG","1",1.3973670666666667
"2PM8_1","2PM8","1",1.3973670666666667
"2Q3E_1","2Q3E","1",1.3973670666666667
"2Q5D_1","2Q5D","1",1.3973670666666667
"2Q6Z_1","2Q6Z","1",1.3973670666666667
"2Q71_1","2Q71","1",1.3973670666666667
"2QA5_1","2QA5","1",1.3973670666666667
"2QAG_1","2QAG","1",1.3973670666666667
"2QCQ_1","2QCQ","1",1.3973670666666667
"2QJA_1","2QJA","1",1.3973670666666667
"2QJB_2","2QJB","2",1.3973670666666667
"2QKB_3","2QKB","3",1.3973670666666667
"2QKK_3","2QKK","3",1.3973670666666667
"2QMJ_1","2QMJ","1",1.3973670666666667
"2QNR_1","2QNR","1",1.3973670666666667
"2QYF_2","2QYF","2",1.3973670666666667
"2R34_1","2R34","1",1.3973670666666667
"2R35_1","2R35","1",1.3973670666666667
"2R36_1","2R36","1",1.3973670666666667
"2RA4_1","2RA4","1",1.3973670666666667
"2UX2_1","2UX2","1",1.3973670666666667
"2V0R_1","2V0R","1",1.3973670666666667
"2V5E_2","2V5E","2",1.3973670666666667
"2VFA_1","2VFA","1",1.3973670666666667
"2VGF_1","2VGF","1",1.3973670666666667
"2VK0_1","2VK0","1",1.3973670666666667
"2VXW_1","2VXW","1",1.3973670666666667
"2W44_1","2W44","1",1.3973670666666667
"2W4M_1","2W4M","1",1.3973670666666667
"2W86_1","2W86","1",1.3973670666666667
"2W9F_1","2W9F","1",1.3973670666666667
"2WBY_2","2WBY","2",1.3973670666666667
"2WC0_2","2WC0","2",1.3973670666666667
"2WG3_2","2WG3","2",1.3973670666666667
"2WG4_2","2WG4","2",1.3973670666666667
"2WJY_1","2WJY","1",1.3973670666666667
"2WOU_1","2WOU","1",1.3973670666666667
"2WRV_1","2WRV","1",1.3973670666666667
"2WS6_1","2WS6","1",1.3973670666666667
"2WS7_1","2WS7","1",1.3973670666666667
"2WWY_1","2WWY","1",1.3973670666666667
"2WZB_1","2WZB","1",1.3973670666666667
"2WZD_1","2WZD","1",1.3973670666666667
"2X6L_1","2X6L","1",1.3973670666666667
"2X9E_1","2X9E","1",1.3973670666666667
"2XAC_1","2XAC","1",1.3973670666666667
"2XE7_1","2XE7","1",1.3973670666666667
"2XE8_1","2XE8","1",1.3973670666666667
"2XMC_1","2XMC","1",1.3973670666666667
"2XMD_1","2XMD","1",1.3973670666666667
"2XN6_1","2XN6","1",1.3973670666666667
"2XN7_1","2XN7","1",1.3973670666666667
"2XP0_1","2XP0","1",1.3973670666666667
"2XQI_1","2XQI","1",1.3973670666666667
"2XV7_1","2XV7","1",1.3973670666666667
"2XVQ_1","2XVQ","1",1.3973670666666667
"2XVV_1","2XVV","1",1.3973670666666667
"2XW0_1","2XW0","1",1.3973670666666667
"2XW1_1","2XW1","1",1.3973670666666667
"2Y74_1","2Y74","1",1.3973670666666667
"2YBE_1","2YBE","1",1.3973670666666667
"2YLE_1","2YLE","1",1.3973670666666667
"2YLF_1","2YLF","1",1.3973670666666667
"2Z63_1","2Z63","1",1.3973670666666667
"2Z7F_2","2Z7F","2",1.3973670666666667
"2ZNN_1","2ZNN","1",1.3973670666666667
"2ZZC_1","2ZZC","1",1.3973670666666667
"30KH_1","30KH","1",1.3973670666666667
"30KZ_1","30KZ","1",1.3973670666666667
"30LD_1","30LD","1",1.3973670666666667
"30UC_1","30UC","1",1.3973670666666667
"3A1A_1","3A1A","1",1.3973670666666667
"3A6P_1","3A6P","1",1.3973670666666667
"3A73_1","3A73","1",1.3973670666666667
"3ALA_1","3ALA","1",1.3973670666666667
"3B1T_1","3B1T","1",1.3973670666666667
"3B1U_1","3B1U","1",1.3973670666666667
"3B2D_1","3B2D","1",1.3973670666666667
"3B84_1","3B84","1",1.3973670666666667
"3BDY_3","3BDY","3",1.3973670666666667
"3BE1_1","3BE1","1",1.3973670666666667
"3BGL_1","3BGL","1",1.3973670666666667
"3BJI_1","3BJI","1",1.3973670666666667
"3BJT_1","3BJT","1",1.3973670666666667
"3BPS_2","3BPS","2",1.3973670666666667
"3BZI_1","3BZI","1",1.3973670666666667
"3C3A_1","3C3A","1",1.3973670666666667
"3CBK_1","3CBK","1",1.3973670666666667
"3CCT_1","3CCT","1",1.3973670666666667
"3CD5_1","3CD5","1",1.3973670666666667
"3CDG_3","3CDG","3",1.3973670666666667
"3CEK_1","3CEK","1",1.3973670666666667
"3CTT_1","3CTT","1",1.3973670666666667
"3CTZ_1","3CTZ","1",1.3973670666666667
"3CUK_1","3CUK","1",1.3973670666666667
"3D8B_1","3D8B","1",1.3973670666666667
"3D9T_1","3D9T","1",1.3973670666666667
"3D9U_1","3D9U","1",1.3973670666666667
"3DXD_1","3DXD","1",1.3973670666666667
"3DY8_1","3DY8","1",1.3973670666666667
"3DYL_1","3DYL","1",1.3973670666666667
"3DYN_1","3DYN","1",1.3973670666666667
"3DYQ_1","3DYQ","1",1.3973670666666667
"3E0G_1","3E0G","1",1.3973670666666667
"3E7A_1","3E7A","1",1.3973670666666667
"3E7B_1","3E7B","1",1.3973670666666667
"3EFO_1","3EFO","1",1.3973670666666667
"3EGD_1","3EGD","1",1.3973670666666667
"3EMH_1","3EMH","1",1.3973670666666667
"3EXE_1","3EXE","1",1.3973670666666667
"3EXF_1","3EXF","1",1.3973670666666667
"3FAA_1","3FAA","1",1.3973670666666667
"3FEI_1","3FEI","1",1.3973670666666667
"3FGA_2","3FGA","2",1.3973670666666667
"3FL2_1","3FL2","1",1.3973670666666667
"3FM0_1","3FM0","1",1.3973670666666667
"3FXK_1","3FXK","1",1.3973670666666667
"3FXL_1","3FXL","1",1.3973670666666667
"3G0F_1","3G0F","1",1.3973670666666667
"3G5C_1","3G5C","1",1.3973670666666667
"3G65_2","3G65","2",1.3973670666666667
"3GHG_3","3GHG","3",1.3973670666666667
"3GKI_1","3GKI","1",1.3973670666666667
"3GVP_1","3GVP","1",1.3973670666666667
"3GVQ_1","3GVQ","1",1.3973670666666667
"3GVR_1","3GVR","1",1.3973670666666667
"3GXB_1","3GXB","1",1.3973670666666667
"3H11_2","3H11","2",1.3973670666666667
"3H44_2","3H44","2",1.3973670666666667
"3HH2_2","3HH2","2",1.3973670666666667
"3HJ2_1","3HJ2","1",1.3973670666666667
"3HJD_1","3HJD","1",1.3973670666666667
"3HMO_1","3HMO","1",1.3973670666666667
"3HO5_1","3HO5","1",1.3973670666666667
"3HQA_1","3HQA","1",1.3973670666666667
"3HQI_1","3HQI","1",1.3973670666666667
"3HTM_1","3HTM","1",1.3973670666666667
"3HVE_2","3HVE","2",1.3973670666666667
"3I4A_1","3I4A","1",1.3973670666666667
"3I5W_1","3I5W","1",1.3973670666666667
"3IEI_1","3IEI","1",1.3973670666666667
"3IKM_1","3IKM","1",1.3973670666666667
"3ILG_1","3ILG","1",1.3973670666666667
"3IR0_1","3IR0","1",1.3973670666666667
"3ITK_1","3ITK","1",1.3973670666666667
"3J2T_1","3J2T","1",1.3973670666666667
"3J7Y_50","3J7Y","50",1.3973670666666667
"3J8X_1","3J8X","1",1.3973670666666667
"3J8Y_1","3J8Y","1",1.3973670666666667
"3J9M_64","3J9M","64",1.3973670666666667
"3JBT_1","3JBT","1",1.3973670666666667
"3JRY_1","3JRY","1",1.3973670666666667
"3JSD_1","3JSD","1",1.3973670666666667
"3JUE_1","3JUE","1",1.3973670666666667
"3JZB_1","3JZB","1",1.3973670666666667
"3K0K_1","3K0K","1",1.3973670666666667
"3K15_1","3K15","1",1.3973670666666667
"3KCF_1","3KCF","1",1.3973670666666667
"3KCI_1","3KCI","1",1.3973670666666667
"3KFD_3","3KFD","3",1.3973670666666667
"3KH0_1","3KH0","1",1.3973670666666667
"3KHU_1","3KHU","1",1.3973670666666667
"3KJN_1","3KJN","1",1.3973670666666667
"3KJQ_1","3KJQ","1",1.3973670666666667
"3KLS_1","3KLS","1",1.3973670666666667
"3KM9_1","3KM9","1",1.3973670666666667
"3KQ6_1","3KQ6","1",1.3973670666666667
"3KR3_1","3KR3","1",1.3973670666666667
"3KSY_1","3KSY","1",1.3973670666666667
"3KUD_2","3KUD","2",1.3973670666666667
"3L4T_1","3L4T","1",1.3973670666666667
"3LCO_1","3LCO","1",1.3973670666666667
"3LO1_1","3LO1","1",1.3973670666666667
"3LO2_1","3LO2","1",1.3973670666666667
"3LOE_1","3LOE","1",1.3973670666666667
"3LPP_1","3LPP","1",1.3973670666666667
"3LU7_1","3LU7","1",1.3973670666666667
"3LWW_1","3LWW","1",1.3973670666666667
"3LXN_1","3LXN","1",1.3973670666666667
"3LXP_1","3LXP","1",1.3973670666666667
"3LY6_1","3LY6","1",1.3973670666666667
"3LYR_1","3LYR","1",1.3973670666666667
"3M0A_2","3M0A","2",1.3973670666666667
"3M0C_2","3M0C","2",1.3973670666666667
"3M0D_3","3M0D","3",1.3973670666666667
"3M1D_1","3M1D","1",1.3973670666666667
"3MR2_1","3MR2","1",1.3973670666666667
"3MR5_1","3MR5","1",1.3973670666666667
"3MTF_1","3MTF","1",1.3973670666666667
"3N0D_1","3N0D","1",1.3973670666666667
"3N3Z_1","3N3Z","1",1.3973670666666667
"3N82_1","3N82","1",1.3973670666666667
"3N83_1","3N83","1",1.3973670666666667
"3N85_1","3N85","1",1.3973670666666667
"3NBH_1","3NBH","1",1.3973670666666667
"3NNH_1","3NNH","1",1.3973670666666667
"3NY8_1","3NY8","1",1.3973670666666667
"3NYN_1","3NYN","1",1.3973670666666667
"3NYO_1","3NYO","1",1.3973670666666667
"3O37_1","3O37","1",1.3973670666666667
"3ODO_1","3ODO","1",1.3973670666666667
"3ODW_1","3ODW","1",1.3973670666666667
"3OE8_1","3OE8","1",1.3973670666666667
"3OOI_1","3OOI","1",1.3973670666666667
"3P11_3","3P11","3",1.3973670666666667
"3P1A_1","3P1A","1",1.3973670666666667
"3P2X_1","3P2X","1",1.3973670666666667
"3P5B_2","3P5B","2",1.3973670666666667
"3PBH_1","3PBH","1",1.3973670666666667
"3PBL_1","3PBL","1",1.3973670666666667
"3PDS_1","3PDS","1",1.3973670666666667
"3PQZ_1","3PQZ","1",1.3973670666666667
"3PRX_1","3PRX","1",1.3973670666666667
"3PSL_1","3PSL","1",1.3973670666666667
"3PXC_1","3PXC","1",1.3973670666666667
"3Q0Q_1","3Q0Q","1",1.3973670666666667
"3Q0R_1","3Q0R","1",1.3973670666666667
"3Q2C_1","3Q2C","1",1.3973670666666667
"3QA2_1","3QA2","1",1.3973670666666667
"3QAI_1","3QAI","1",1.3973670666666667
"3QB4_2","3QB4","2",1.3973670666666667
"3QI3_1","3QI3","1",1.3973670666666667
"3QLA_1","3QLA","1",1.3973670666666667
"3QLC_1","3QLC","1",1.3973670666666667
"3QS7_2","3QS7","2",1.3973670666666667
"3QTE_1","3QTE","1",1.3973670666666667
"3QWQ_1","3QWQ","1",1.3973670666666667
"3RBW_1","3RBW","1",1.3973670666666667
"3RCH_1","3RCH","1",1.3973670666666667
"3RGF_2","3RGF","2",1.3973670666666667
"3RQ7_1","3RQ7","1",1.3973670666666667
"3RW9_1","3RW9","1",1.3973670666666667
"3S5O_1","3S5O","1",1.3973670666666667
"3S7D_1","3S7D","1",1.3973670666666667
"3S7J_1","3S7J","1",1.3973670666666667
"3SAH_1","3SAH","1",1.3973670666666667
"3SI8_1","3SI8","1",1.3973670666666667
"3SN6_4","3SN6","4",1.3973670666666667
"3SPA_1","3SPA","1",1.3973670666666667
"3SQ6_1","3SQ6","1",1.3973670666666667
"3T7L_1","3T7L","1",1.3973670666666667
"3TDL_1","3TDL","1",1.3973670666666667
"3TF5_1","3TF5","1",1.3973670666666667
"3TG4_1","3TG4","1",1.3973670666666667
"3TJQ_1","3TJQ","1",1.3973670666666667
"3TN2_1","3TN2","1",1.3973670666666667
"3TTI_1","3TTI","1",1.3973670666666667
"3TTJ_1","3TTJ","1",1.3973670666666667
"3TV0_1","3TV0","1",1.3973670666666667
"3TW4_1","3TW4","1",1.3973670666666667
"3TXO_1","3TXO","1",1.3973670666666667
"3TZM_1","3TZM","1",1.3973670666666667
"3U2Z_1","3U2Z","1",1.3973670666666667
"3U5N_1","3U5N","1",1.3973670666666667
"3U73_1","3U73","1",1.3973670666666667
"3U7U_1","3U7U","1",1.3973670666666667
"3U8I_1","3U8I","1",1.3973670666666667
"3U9U_3","3U9U","3",1.3973670666666667
"3UAL_1","3UAL","1",1.3973670666666667
"3UBW_1","3UBW","1",1.3973670666666667
"3UIV_1","3UIV","1",1.3973670666666667
"3UR4_1","3UR4","1",1.3973670666666667
"3UVK_1","3UVK","1",1.3973670666666667
"3UVL_1","3UVL","1",1.3973670666666667
"3UVM_1","3UVM","1",1.3973670666666667
"3UVO_1","3UVO","1",1.3973670666666667
"3V2A_2","3V2A","2",1.3973670666666667
"3V2Y_1","3V2Y","1",1.3973670666666667
"3V43_1","3V43","1",1.3973670666666667
"3V6E_1","3V6E","1",1.3973670666666667
"3VQU_1","3VQU","1",1.3973670666666667
"3W11_1","3W11","1",1.3973670666666667
"3W13_1","3W13","1",1.3973670666666667
"3W1F_1","3W1F","1",1.3973670666666667
"3W4J_1","3W4J","1",1.3973670666666667
"3W4K_1","3W4K","1",1.3973670666666667
"3WH3_1","3WH3","1",1.3973670666666667
"3WHD_1","3WHD","1",1.3973670666666667
"3WLW_1","3WLW","1",1.3973670666666667
"3WYX_1","3WYX","1",1.3973670666666667
"3ZJC_1","3ZJC","1",1.3973670666666667
"3ZRH_1","3ZRH","1",1.3973670666666667
"3ZS2_1","3ZS2","1",1.3973670666666667
"3ZZY_1","3ZZY","1",1.3973670666666667
"4A11_2","4A11","2",1.3973670666666667
"4A7J_1","4A7J","1",1.3973670666666667
"4ACR_1","4ACR","1",1.3973670666666667
"4AJX_1","4AJX","1",1.3973670666666667
"4AQD_1","4AQD","1",1.3973670666666667
"4AZ0_1","4AZ0","1",1.3973670666666667
"4AZ3_1","4AZ3","1",1.3973670666666667
"4B0P_1","4B0P","1",1.3973670666666667
"4B7Y_2","4B7Y","2",1.3973670666666667
"4B86_2","4B86","2",1.3973670666666667
"4B90_1","4B90","1",1.3973670666666667
"4B91_1","4B91","1",1.3973670666666667
"4BB9_1","4BB9","1",1.3973670666666667
"4BBA_1","4BBA","1",1.3973670666666667
"4BBQ_1","4BBQ","1",1.3973670666666667
"4BC3_1","4BC3","1",1.3973670666666667
"4BC4_1","4BC4","1",1.3973670666666667
"4BCR_1","4BCR","1",1.3973670666666667
"4BDS_1","4BDS","1",1.3973670666666667
"4BI0_1","4BI0","1",1.3973670666666667
"4BKN_1","4BKN","1",1.3973670666666667
"4BKZ_1","4BKZ","1",1.3973670666666667
"4BPU_1","4BPU","1",1.3973670666666667
"4BPW_1","4BPW","1",1.3973670666666667
"4BPX_1","4BPX","1",1.3973670666666667
"4BSK_2","4BSK","2",1.3973670666666667
"4BSU_1","4BSU","1",1.3973670666666667
"4BTY_1","4BTY","1",1.3973670666666667
"4BWE_1","4BWE","1",1.3973670666666667
"4BXO_2","4BXO","2",1.3973670666666667
"4C02_1","4C02","1",1.3973670666666667
"4C4G_1","4C4G","1",1.3973670666666667
"4C4J_1","4C4J","1",1.3973670666666667
"4CC0_1","4CC0","1",1.3973670666666667
"4CC9_1","4CC9","1",1.3973670666666667
"4CGZ_1","4CGZ","1",1.3973670666666667
"4CIA_1","4CIA","1",1.3973670666666667
"4CNS_1","4CNS","1",1.3973670666666667
"4CNT_1","4CNT","1",1.3973670666666667
"4CT6_1","4CT6","1",1.3973670666666667
"4CT7_1","4CT7","1",1.3973670666666667
"4CXL_1","4CXL","1",1.3973670666666667
"4CY2_1","4CY2","1",1.3973670666666667
"4CY7_1","4CY7","1",1.3973670666666667
"4CYF_1","4CYF","1",1.3973670666666667
"4CYM_1","4CYM","1",1.3973670666666667
"4CYY_1","4CYY","1",1.3973670666666667
"4CZ2_1","4CZ2","1",1.3973670666666667
"4D0L_2","4D0L","2",1.3973670666666667
"4D0M_2","4D0M","2",1.3973670666666667
"4D2S_1","4D2S","1",1.3973670666666667
"4DAY_1","4DAY","1",1.3973670666666667
"4DKC_1","4DKC","1",1.3973670666666667
"4DKE_1","4DKE","1",1.3973670666666667
"4DL2_1","4DL2","1",1.3973670666666667
"4DL3_1","4DL3","1",1.3973670666666667
"4DL4_1","4DL4","1",1.3973670666666667
"4DOH_1","4DOH","1",1.3973670666666667
"4DYM_1","4DYM","1",1.3973670666666667
"4E83_1","4E83","1",1.3973670666666667
"4E9D_1","4E9D","1",1.3973670666666667
"4ECT_1","4ECT","1",1.3973670666666667
"4ECY_1","4ECY","1",1.3973670666666667
"4ED3_1","4ED3","1",1.3973670666666667
"4ED6_1","4ED6","1",1.3973670666666667
"4EEY_1","4EEY","1",1.3973670666666667
"4EWZ_1","4EWZ","1",1.3973670666666667
"4EX1_1","4EX1","1",1.3973670666666667
"4EXX_1","4EXX","1",1.3973670666666667
"4EY9_1","4EY9","1",1.3973670666666667
"4F0O_1","4F0O","1",1.3973670666666667
"4F1B_1","4F1B","1",1.3973670666666667
"4F1P_1","4F1P","1",1.3973670666666667
"4F52_3","4F52","3",1.3973670666666667
"4F6U_2","4F6U","2",1.3973670666666667
"4F6W_2","4F6W","2",1.3973670666666667
"4F8F_1","4F8F","1",1.3973670666666667
"4F99_2","4F99","2",1.3973670666666667
"4F9B_2","4F9B","2",1.3973670666666667
"4F9C_2","4F9C","2",1.3973670666666667
"4FAO_3","4FAO","3",1.3973670666666667
"4FFX_1","4FFX","1",1.3973670666666667
"4FLK_1","4FLK","1",1.3973670666666667
"4FLL_1","4FLL","1",1.3973670666666667
"4FO0_1","4FO0","1",1.3973670666666667
"4FQF_1","4FQF","1",1.3973670666666667
"4FXF_1","4FXF","1",1.3973670666666667
"4FZV_1","4FZV","1",1.3973670666666667
"4FZV_2","4FZV","2",1.3973670666666667
"4G03_1","4G03","1",1.3973670666666667
"4G2J_1","4G2J","1",1.3973670666666667
"4G3D_1","4G3D","1",1.3973670666666667
"4G3X_2","4G3X","2",1.3973670666666667
"4G6L_2","4G6L","2",1.3973670666666667
"4G8A_1","4G8A","1",1.3973670666666667
"4GBI_1","4GBI","1",1.3973670666666667
"4GBK_1","4GBK","1",1.3973670666666667
"4GJ2_1","4GJ2","1",1.3973670666666667
"4GLS_4","4GLS","4",1.3973670666666667
"4GM3_1","4GM3","1",1.3973670666666667
"4GM9_1","4GM9","1",1.3973670666666667
"4GMV_1","4GMV","1",1.3973670666666667
"4GN1_1","4GN1","1",1.3973670666666667
"4GNB_1","4GNB","1",1.3973670666666667
"4GNE_1","4GNE","1",1.3973670666666667
"4GNF_1","4GNF","1",1.3973670666666667
"4GVJ_1","4GVJ","1",1.3973670666666667
"4H71_1","4H71","1",1.3973670666666667
"4HGK_1","4HGK","1",1.3973670666666667
"4HNA_4","4HNA","4",1.3973670666666667
"4HQU_1","4HQU","1",1.3973670666666667
"4HQX_1","4HQX","1",1.3973670666666667
"4HSA_2","4HSA","2",1.3973670666666667
"4HVS_1","4HVS","1",1.3973670666666667
"4HWJ_1","4HWJ","1",1.3973670666666667
"4I5P_1","4I5P","1",1.3973670666666667
"4IA9_1","4IA9","1",1.3973670666666667
"4IAQ_1","4IAQ","1",1.3973670666666667
"4IGK_1","4IGK","1",1.3973670666666667
"4ILE_1","4ILE","1",1.3973670666666667
"4IUZ_1","4IUZ","1",1.3973670666666667
"4IW2_1","4IW2","1",1.3973670666666667
"4IXP_1","4IXP","1",1.3973670666666667
"4IYF_1","4IYF","1",1.3973670666666667
"4J9O_1","4J9O","1",1.3973670666666667
"4J9Q_1","4J9Q","1",1.3973670666666667
"4JJ7_1","4JJ7","1",1.3973670666666667
"4JKQ_1","4JKQ","1",1.3973670666666667
"4JPG_1","4JPG","1",1.3973670666666667
"4JSV_1","4JSV","1",1.3973670666666667
"4JT5_1","4JT5","1",1.3973670666666667
"4JT6_1","4JT6","1",1.3973670666666667
"4K2C_1","4K2C","1",1.3973670666666667
"4K71_1","4K71","1",1.3973670666666667
"4K71_2","4K71","2",1.3973670666666667
"4K8R_2","4K8R","2",1.3973670666666667
"4KFM_2","4KFM","2",1.3973670666666667
"4KM7_1","4KM7","1",1.3973670666666667
"4KMZ_1","4KMZ","1",1.3973670666666667
"4KRO_1","4KRO","1",1.3973670666666667
"4KV5_1","4KV5","1",1.3973670666666667
"4KXX_1","4KXX","1",1.3973670666666667
"4L57_1","4L57","1",1.3973670666666667
"4L58_1","4L58","1",1.3973670666666667
"4L9K_1","4L9K","1",1.3973670666666667
"4L9Q_1","4L9Q","1",1.3973670666666667
"4LA0_1","4LA0","1",1.3973670666666667
"4LB9_1","4LB9","1",1.3973670666666667
"4LBB_1","4LBB","1",1.3973670666666667
"4LDO_1","4LDO","1",1.3973670666666667
"4LEO_3","4LEO","3",1.3973670666666667
"4LGE_1","4LGE","1",1.3973670666666667
"4LKA_1","4LKA","1",1.3973670666666667
"4LNW_1","4LNW","1",1.3973670666666667
"4LRH_1","4LRH","1",1.3973670666666667
"4LZD_1","4LZD","1",1.3973670666666667
"4M0A_1","4M0A","1",1.3973670666666667
"4M4Z_1","4M4Z","1",1.3973670666666667
"4M6W_2","4M6W","2",1.3973670666666667
"4MHE_1","4MHE","1",1.3973670666666667
"4MHX_1","4MHX","1",1.3973670666666667
"4MID_1","4MID","1",1.3973670666666667
"4MKP_1","4MKP","1",1.3973670666666667
"4MOV_1","4MOV","1",1.3973670666666667
"4MQF_2","4MQF","2",1.3973670666666667
"4MQU_1","4MQU","1",1.3973670666666667
"4MR8_2","4MR8","2",1.3973670666666667
"4MR9_2","4MR9","2",1.3973670666666667
"4MRI_1","4MRI","1",1.3973670666666667
"4MS1_2","4MS1","2",1.3973670666666667
"4MS4_2","4MS4","2",1.3973670666666667
"4MU7_1","4MU7","1",1.3973670666666667
"4MXU_1","4MXU","1",1.3973670666666667
"4MXW_1","4MXW","1",1.3973670666666667
"4N1D_1","4N1D","1",1.3973670666666667
"4N20_1","4N20","1",1.3973670666666667
"4N26_1","4N26","1",1.3973670666666667
"4N28_1","4N28","1",1.3973670666666667
"4N2A_1","4N2A","1",1.3973670666666667
"4N2B_1","4N2B","1",1.3973670666666667
"4N2C_1","4N2C","1",1.3973670666666667
"4N2D_1","4N2D","1",1.3973670666666667
"4N2F_1","4N2F","1",1.3973670666666667
"4N2G_1","4N2G","1",1.3973670666666667
"4N2H_1","4N2H","1",1.3973670666666667
"4N2K_1","4N2K","1",1.3973670666666667
"4N2M_1","4N2M","1",1.3973670666666667
"4N2N_1","4N2N","1",1.3973670666666667
"4N3W_1","4N3W","1",1.3973670666666667
"4N48_1","4N48","1",1.3973670666666667
"4N78_1","4N78","1",1.3973670666666667
"4NE9_1","4NE9","1",1.3973670666666667
"4NST_2","4NST","2",1.3973670666666667
"4NT5_1","4NT5","1",1.3973670666666667
"4O3M_1","4O3M","1",1.3973670666666667
"4O3R_1","4O3R","1",1.3973670666666667
"4O3S_1","4O3S","1",1.3973670666666667
"4O68_1","4O68","1",1.3973670666666667
"4O6F_1","4O6F","1",1.3973670666666667
"4O6L_1","4O6L","1",1.3973670666666667
"4O6W_1","4O6W","1",1.3973670666666667
"4OGA_1","4OGA","1",1.3973670666666667
"4OGA_5","4OGA","5",1.3973670666666667
"4OHK_1","4OHK","1",1.3973670666666667
"4OHP_1","4OHP","1",1.3973670666666667
"4OIK_1","4OIK","1",1.3973670666666667
"4OKH_1","4OKH","1",1.3973670666666667
"4OVA_1","4OVA","1",1.3973670666666667
"4P39_1","4P39","1",1.3973670666666667
"4P59_1","4P59","1",1.3973670666666667
"4P6Z_2","4P6Z","2",1.3973670666666667
"4PS1_1","4PS1","1",1.3973670666666667
"4PWQ_1","4PWQ","1",1.3973670666666667
"4PYG_1","4PYG","1",1.3973670666666667
"4Q8E_1","4Q8E","1",1.3973670666666667
"4Q8F_1","4Q8F","1",1.3973670666666667
"4QBS_1","4QBS","1",1.3973670666666667
"4QG8_1","4QG8","1",1.3973670666666667
"4QL1_1","4QL1","1",1.3973670666666667
"4QT8_1","4QT8","1",1.3973670666666667
"4QTI_3","4QTI","3",1.3973670666666667
"4R3O_8","4R3O","8",1.3973670666666667
"4R67_9","4R67","9",1.3973670666666667
"4R8I_1","4R8I","1",1.3973670666666667
"4RAL_2","4RAL","2",1.3973670666666667
"4RCP_1","4RCP","1",1.3973670666666667
"4RNN_1","4RNN","1",1.3973670666666667
"4RU9_1","4RU9","1",1.3973670666666667
"4S1R_2","4S1R","2",1.3973670666666667
"4U1B_1","4U1B","1",1.3973670666666667
"4U6E_1","4U6E","1",1.3973670666666667
"4U6W_1","4U6W","1",1.3973670666666667
"4U71_1","4U71","1",1.3973670666666667
"4U76_1","4U76","1",1.3973670666666667
"4U7D_1","4U7D","1",1.3973670666666667
"4U7T_1","4U7T","1",1.3973670666666667
"4UHY_1","4UHY","1",1.3973670666666667
"4UHZ_1","4UHZ","1",1.3973670666666667
"4UI0_1","4UI0","1",1.3973670666666667
"4UI9_2","4UI9","2",1.3973670666666667
"4UI9_6","4UI9","6",1.3973670666666667
"4UIP_1","4UIP","1",1.3973670666666667
"4UMP_1","4UMP","1",1.3973670666666667
"4UMQ_1","4UMQ","1",1.3973670666666667
"4UN0_1","4UN0","1",1.3973670666666667
"4UT2_1","4UT2","1",1.3973670666666667
"4UT6_3","4UT6","3",1.3973670666666667
"4UXY_3","4UXY","3",1.3973670666666667
"4V6X_25","4V6X","25",1.3973670666666667
"4WHH_1","4WHH","1",1.3973670666666667
"4WJ9_1","4WJ9","1",1.3973670666666667
"4WND_1","4WND","1",1.3973670666666667
"4WPN_1","4WPN","1",1.3973670666666667
"4WUY_1","4WUY","1",1.3973670666666667
"4X2K_1","4X2K","1",1.3973670666666667
"4X2N_1","4X2N","1",1.3973670666666667
"4X2Q_1","4X2Q","1",1.3973670666666667
"4X30_1","4X30","1",1.3973670666666667
"4X6S_1","4X6S","1",1.3973670666666667
"4X8C_1","4X8C","1",1.3973670666666667
"4X8G_1","4X8G","1",1.3973670666666667
"4XMP_2","4XMP","2",1.3973670666666667
"4XNY_2","4XNY","2",1.3973670666666667
"4XOI_2","4XOI","2",1.3973670666666667
"4XQ7_1","4XQ7","1",1.3973670666666667
"4Y2G_1","4Y2G","1",1.3973670666666667
"4Y5U_1","4Y5U","1",1.3973670666666667
"4Y7R_1","4Y7R","1",1.3973670666666667
"4Y87_1","4Y87","1",1.3973670666666667
"4YBM_1","4YBM","1",1.3973670666666667
"4YBT_1","4YBT","1",1.3973670666666667
"4YCG_2","4YCG","2",1.3973670666666667
"4YHJ_1","4YHJ","1",1.3973670666666667
"4YNM_1","4YNM","1",1.3973670666666667
"4YNP_1","4YNP","1",1.3973670666666667
"4YPE_1","4YPE","1",1.3973670666666667
"4YPU_1","4YPU","1",1.3973670666666667
"4YQF_1","4YQF","1",1.3973670666666667
"4YR3_1","4YR3","1",1.3973670666666667
"4Z32_1","4Z32","1",1.3973670666666667
"4Z8L_1","4Z8L","1",1.3973670666666667
"4Z9A_1","4Z9A","1",1.3973670666666667
"4Z9B_1","4Z9B","1",1.3973670666666667
"4ZG7_1","4ZG7","1",1.3973670666666667
"4ZGA_1","4ZGA","1",1.3973670666666667
"4ZJ8_1","4ZJ8","1",1.3973670666666667
"4ZJC_1","4ZJC","1",1.3973670666666667
"4ZJS_1","4ZJS","1",1.3973670666666667
"4ZKC_2","4ZKC","2",1.3973670666666667
"4ZQL_1","4ZQL","1",1.3973670666666667
"4ZTU_1","4ZTU","1",1.3973670666666667
"4ZZH_1","4ZZH","1",1.3973670666666667
"4ZZI_1","4ZZI","1",1.3973670666666667
"5A31_6","5A31","6",1.3973670666666667
"5A6C_1","5A6C","1",1.3973670666666667
"5AC2_1","5AC2","1",1.3973670666666667
"5AFJ_1","5AFJ","1",1.3973670666666667
"5AFK_1","5AFK","1",1.3973670666666667
"5AFL_1","5AFL","1",1.3973670666666667
"5AFM_1","5AFM","1",1.3973670666666667
"5AJ0_81","5AJ0","81",1.3973670666666667
"5AP4_1","5AP4","1",1.3973670666666667
"5AP6_1","5AP6","1",1.3973670666666667
"5AWR_1","5AWR","1",1.3973670666666667
"5AWU_1","5AWU","1",1.3973670666666667
"5AZT_1","5AZT","1",1.3973670666666667
"5B73_1","5B73","1",1.3973670666666667
"5B75_1","5B75","1",1.3973670666666667
"5B77_1","5B77","1",1.3973670666666667
"5B79_1","5B79","1",1.3973670666666667
"5BNJ_2","5BNJ","2",1.3973670666666667
"5BPO_1","5BPO","1",1.3973670666666667
"5BQ8_3","5BQ8","3",1.3973670666666667
"5BYE_1","5BYE","1",1.3973670666666667
"5C3Y_1","5C3Y","1",1.3973670666666667
"5C3Z_1","5C3Z","1",1.3973670666666667
"5C4G_1","5C4G","1",1.3973670666666667
"5C53_1","5C53","1",1.3973670666666667
"5CO2_1","5CO2","1",1.3973670666666667
"5CO9_1","5CO9","1",1.3973670666666667
"5CUZ_1","5CUZ","1",1.3973670666666667
"5CV0_1","5CV0","1",1.3973670666666667
"5CVD_1","5CVD","1",1.3973670666666667
"5CVN_1","5CVN","1",1.3973670666666667
"5CYP_1","5CYP","1",1.3973670666666667
"5D0J_1","5D0J","1",1.3973670666666667
"5D39_1","5D39","1",1.3973670666666667
"5D5A_1","5D5A","1",1.3973670666666667
"5D6L_1","5D6L","1",1.3973670666666667
"5DAG_1","5DAG","1",1.3973670666666667
"5DG8_1","5DG8","1",1.3973670666666667
"5DG9_1","5DG9","1",1.3973670666666667
"5DMI_1","5DMI","1",1.3973670666666667
"5DQI_1","5DQI","1",1.3973670666666667
"5DYW_1","5DYW","1",1.3973670666666667
"5DZN_1","5DZN","1",1.3973670666666667
"5E1B_1","5E1B","1",1.3973670666666667
"5E1D_1","5E1D","1",1.3973670666666667
"5E1M_1","5E1M","1",1.3973670666666667
"5E2A_1","5E2A","1",1.3973670666666667
"5E2B_1","5E2B","1",1.3973670666666667
"5E4G_1","5E4G","1",1.3973670666666667
"5E8T_1","5E8T","1",1.3973670666666667
"5E8W_1","5E8W","1",1.3973670666666667
"5E8Z_1","5E8Z","1",1.3973670666666667
"5E90_1","5E90","1",1.3973670666666667
"5EAL_1","5EAL","1",1.3973670666666667
"5EAP_1","5EAP","1",1.3973670666666667
"5EEQ_1","5EEQ","1",1.3973670666666667
"5EFQ_2","5EFQ","2",1.3973670666666667
"5EHL_1","5EHL","1",1.3973670666666667
"5EIQ_1","5EIQ","1",1.3973670666666667
"5EIV_1","5EIV","1",1.3973670666666667
"5EKI_1","5EKI","1",1.3973670666666667
"5ENA_1","5ENA","1",1.3973670666666667
"5EPG_1","5EPG","1",1.3973670666666667
"5ERC_1","5ERC","1",1.3973670666666667
"5EWE_1","5EWE","1",1.3973670666666667
"5EXR_1","5EXR","1",1.3973670666666667
"5F1Z_1","5F1Z","1",1.3973670666666667
"5F20_1","5F20","1",1.3973670666666667
"5F4E_2","5F4E","2",1.3973670666666667
"5F70_1","5F70","1",1.3973670666666667
"5F7H_1","5F7H","1",1.3973670666666667
"5FFO_3","5FFO","3",1.3973670666666667
"5FHZ_1","5FHZ","1",1.3973670666666667
"5FQD_2","5FQD","2",1.3973670666666667
"5FUR_9","5FUR","9",1.3973670666666667
"5FV1_2","5FV1","2",1.3973670666666667
"5FWM_1","5FWM","1",1.3973670666666667
"5FWP_1","5FWP","1",1.3973670666666667
"5FWW_3","5FWW","3",1.3973670666666667
"5G05_6","5G05","6",1.3973670666666667
"5GJQ_1","5GJQ","1",1.3973670666666667
"5GJQ_2","5GJQ","2",1.3973670666666667
"5GJQ_20","5GJQ","20",1.3973670666666667
"5GLI_1","5GLI","1",1.3973670666666667
"5GOX_1","5GOX","1",1.3973670666666667
"5GRF_2","5GRF","2",1.3973670666666667
"5H1T_1","5H1T","1",1.3973670666666667
"5H1U_1","5H1U","1",1.3973670666666667
"5H64_1","5H64","1",1.3973670666666667
"5H7V_1","5H7V","1",1.3973670666666667
"5H8H_2","5H8H","2",1.3973670666666667
"5H8Q_2","5H8Q","2",1.3973670666666667
"5HBE_2","5HBE","2",1.3973670666666667
"5HBF_1","5HBF","1",1.3973670666666667
"5HBJ_2","5HBJ","2",1.3973670666666667
"5HDA_1","5HDA","1",1.3973670666666667
"5HE1_2","5HE1","2",1.3973670666666667
"5HE3_2","5HE3","2",1.3973670666666667
"5HHC_1","5HHC","1",1.3973670666666667
"5HHD_1","5HHD","1",1.3973670666666667
"5HLY_1","5HLY","1",1.3973670666666667
"5HPR_1","5HPR","1",1.3973670666666667
"5HQI_1","5HQI","1",1.3973670666666667
"5HRQ_1","5HRQ","1",1.3973670666666667
"5HVK_1","5HVK","1",1.3973670666666667
"5HVY_2","5HVY","2",1.3973670666666667
"5I2K_1","5I2K","1",1.3973670666666667
"5I2K_2","5I2K","2",1.3973670666666667
"5I5Z_2","5I5Z","2",1.3973670666666667
"5ICP_2","5ICP","2",1.3973670666666667
"5IJ0_1","5IJ0","1",1.3973670666666667
"5IKQ_1","5IKQ","1",1.3973670666666667
"5IKV_1","5IKV","1",1.3973670666666667
"5IL0_1","5IL0","1",1.3973670666666667
"5IMY_2","5IMY","2",1.3973670666666667
"5IXD_1","5IXD","1",1.3973670666666667
"5IY8_24","5IY8","24",1.3973670666666667
"5IY9_10","5IY9","10",1.3973670666666667
"5IY9_23","5IY9","23",1.3973670666666667
"5J28_1","5J28","1",1.3973670666666667
"5JG6_1","5JG6","1",1.3973670666666667
"5JG8_1","5JG8","1",1.3973670666666667
"5JJA_1","5JJA","1",1.3973670666666667
"5JKE_2","5JKE","2",1.3973670666666667
"5JNT_1","5JNT","1",1.3973670666666667
"5JNX_1","5JNX","1",1.3973670666666667
"5JPM_2","5JPM","2",1.3973670666666667
"5JUM_1","5JUM","1",1.3973670666666667
"5K1B_1","5K1B","1",1.3973670666666667
"5K1C_2","5K1C","2",1.3973670666666667
"5K5E_1","5K5E","1",1.3973670666666667
"5K5T_1","5K5T","1",1.3973670666666667
"5K7U_1","5K7U","1",1.3973670666666667
"5KCJ_1","5KCJ","1",1.3973670666666667
"5KFF_1","5KFF","1",1.3973670666666667
"5KFH_1","5KFH","1",1.3973670666666667
"5KFJ_1","5KFJ","1",1.3973670666666667
"5KFM_1","5KFM","1",1.3973670666666667
"5KFQ_1","5KFQ","1",1.3973670666666667
"5KFR_1","5KFR","1",1.3973670666666667
"5KFU_1","5KFU","1",1.3973670666666667
"5KFV_1","5KFV","1",1.3973670666666667
"5KFX_1","5KFX","1",1.3973670666666667
"5KG0_1","5KG0","1",1.3973670666666667
"5KG2_1","5KG2","1",1.3973670666666667
"5KG4_1","5KG4","1",1.3973670666666667
"5KG6_1","5KG6","1",1.3973670666666667
"5KHU_5","5KHU","5",1.3973670666666667
"5KJK_1","5KJK","1",1.3973670666666667
"5KQP_1","5KQP","1",1.3973670666666667
"5KXA_1","5KXA","1",1.3973670666666667
"5KXI_1","5KXI","1",1.3973670666666667
"5KYY_2","5KYY","2",1.3973670666666667
"5KZN_1","5KZN","1",1.3973670666666667
"5KZW_1","5KZW","1",1.3973670666666667
"5L1I_1","5L1I","1",1.3973670666666667
"5L2M_1","5L2M","1",1.3973670666666667
"5L2U_1","5L2U","1",1.3973670666666667
"5L6E_1","5L6E","1",1.3973670666666667
"5L6W_1","5L6W","1",1.3973670666666667
"5L8E_1","5L8E","1",1.3973670666666667
"5L9T_2","5L9T","2",1.3973670666666667
"5L9U_6","5L9U","6",1.3973670666666667
"5L9X_1","5L9X","1",1.3973670666666667
"5LCW_3","5LCW","3",1.3973670666666667
"5LE5_14","5LE5","14",1.3973670666666667
"5LE5_8","5LE5","8",1.3973670666666667
"5LEX_7","5LEX","7",1.3973670666666667
"5LEX_8","5LEX","8",1.3973670666666667
"5LEZ_8","5LEZ","8",1.3973670666666667
"5LF1_14","5LF1","14",1.3973670666666667
"5LF3_7","5LF3","7",1.3973670666666667
"5LF6_15","5LF6","15",1.3973670666666667
"5LF6_8","5LF6","8",1.3973670666666667
"5LF7_14","5LF7","14",1.3973670666666667
"5LJJ_1","5LJJ","1",1.3973670666666667
"5LKS_4","5LKS","4",1.3973670666666667
"5LKU_1","5LKU","1",1.3973670666666667
"5LKX_1","5LKX","1",1.3973670666666667
"5LN3_24","5LN3","24",1.3973670666666667
"5LN3_9","5LN3","9",1.3973670666666667
"5LTL_1","5LTL","1",1.3973670666666667
"5LUQ_1","5LUQ","1",1.3973670666666667
"5LUZ_1","5LUZ","1",1.3973670666666667
"5LV0_1","5LV0","1",1.3973670666666667
"5LXX_1","5LXX","1",1.3973670666666667
"5M23_1","5M23","1",1.3973670666666667
"5M32_14","5M32","14",1.3973670666666667
"5M32_23","5M32","23",1.3973670666666667
"5M32_8","5M32","8",1.3973670666666667
"5M3D_1","5M3D","1",1.3973670666666667
"5M3T_1","5M3T","1",1.3973670666666667
"5M4R_1","5M4R","1",1.3973670666666667
"5M54_1","5M54","1",1.3973670666666667
"5M6I_2","5M6I","2",1.3973670666666667
"5M8M_1","5M8M","1",1.3973670666666667
"5M8Q_1","5M8Q","1",1.3973670666666667
"5M8S_1","5M8S","1",1.3973670666666667
"5M8T_1","5M8T","1",1.3973670666666667
"5MAF_1","5MAF","1",1.3973670666666667
"5MAG_1","5MAG","1",1.3973670666666667
"5MBL_1","5MBL","1",1.3973670666666667
"5MQF_14","5MQF","14",1.3973670666666667
"5MQF_31","5MQF","31",1.3973670666666667
"5MR4_1","5MR4","1",1.3973670666666667
"5MR8_1","5MR8","1",1.3973670666666667
"5MRA_1","5MRA","1",1.3973670666666667
"5MW5_1","5MW5","1",1.3973670666666667
"5N09_3","5N09","3",1.3973670666666667
"5N0A_3","5N0A","3",1.3973670666666667
"5N0M_1","5N0M","1",1.3973670666666667
"5N0Y_1","5N0Y","1",1.3973670666666667
"5N1B_1","5N1B","1",1.3973670666666667
"5N9S_1","5N9S","1",1.3973670666666667
"5NGV_1","5NGV","1",1.3973670666666667
"5NJX_1","5NJX","1",1.3973670666666667
"5NKS_1","5NKS","1",1.3973670666666667
"5NN1_1","5NN1","1",1.3973670666666667
"5NN3_1","5NN3","1",1.3973670666666667
"5NN4_1","5NN4","1",1.3973670666666667
"5NTU_1","5NTU","1",1.3973670666666667
"5NV6_1","5NV6","1",1.3973670666666667
"5NXS_1","5NXS","1",1.3973670666666667
"5O32_4","5O32","4",1.3973670666666667
"5O4G_1","5O4G","1",1.3973670666666667
"5O4O_3","5O4O","3",1.3973670666666667
"5O5E_1","5O5E","1",1.3973670666666667
"5O7D_1","5O7D","1",1.3973670666666667
"5O9H_1","5O9H","1",1.3973670666666667
"5O9Z_12","5O9Z","12",1.3973670666666667
"5O9Z_33","5O9Z","33",1.3973670666666667
"5O9Z_4","5O9Z","4",1.3973670666666667
"5OA3_13","5OA3","13",1.3973670666666667
"5OA3_36","5OA3","36",1.3973670666666667
"5OCH_1","5OCH","1",1.3973670666666667
"5OCH_2","5OCH","2",1.3973670666666667
"5OF9_1","5OF9","1",1.3973670666666667
"5OLA_2","5OLA","2",1.3973670666666667
"5ONA_1","5ONA","1",1.3973670666666667
"5OOL_36","5OOL","36",1.3973670666666667
"5OOL_52","5OOL","52",1.3973670666666667
"5OOM_35","5OOM","35",1.3973670666666667
"5OVR_1","5OVR","1",1.3973670666666667
"5OW8_1","5OW8","1",1.3973670666666667
"5OWC_1","5OWC","1",1.3973670666666667
"5OY6_1","5OY6","1",1.3973670666666667
"5PWE_1","5PWE","1",1.3973670666666667
"5PWF_1","5PWF","1",1.3973670666666667
"5PWG_1","5PWG","1",1.3973670666666667
"5PWH_1","5PWH","1",1.3973670666666667
"5PWI_1","5PWI","1",1.3973670666666667
"5PWL_1","5PWL","1",1.3973670666666667
"5PWO_1","5PWO","1",1.3973670666666667
"5PWP_1","5PWP","1",1.3973670666666667
"5PWU_1","5PWU","1",1.3973670666666667
"5PWY_1","5PWY","1",1.3973670666666667
"5PX1_1","5PX1","1",1.3973670666666667
"5PXG_1","5PXG","1",1.3973670666666667
"5PXJ_1","5PXJ","1",1.3973670666666667
"5PXL_1","5PXL","1",1.3973670666666667
"5PXP_1","5PXP","1",1.3973670666666667
"5PXT_1","5PXT","1",1.3973670666666667
"5PXU_1","5PXU","1",1.3973670666666667
"5PXV_1","5PXV","1",1.3973670666666667
"5PXY_1","5PXY","1",1.3973670666666667
"5PY0_1","5PY0","1",1.3973670666666667
"5PY1_1","5PY1","1",1.3973670666666667
"5PY3_1","5PY3","1",1.3973670666666667
"5PY5_1","5PY5","1",1.3973670666666667
"5PY7_1","5PY7","1",1.3973670666666667
"5PY8_1","5PY8","1",1.3973670666666667
"5PYB_1","5PYB","1",1.3973670666666667
"5PYD_1","5PYD","1",1.3973670666666667
"5PYE_1","5PYE","1",1.3973670666666667
"5PYH_1","5PYH","1",1.3973670666666667
"5PYI_1","5PYI","1",1.3973670666666667
"5PYK_1","5PYK","1",1.3973670666666667
"5PYL_1","5PYL","1",1.3973670666666667
"5PYN_1","5PYN","1",1.3973670666666667
"5PYP_1","5PYP","1",1.3973670666666667
"5PYS_1","5PYS","1",1.3973670666666667
"5PYY_1","5PYY","1",1.3973670666666667
"5PZ0_1","5PZ0","1",1.3973670666666667
"5PZ1_1","5PZ1","1",1.3973670666666667
"5PZ8_1","5PZ8","1",1.3973670666666667
"5PZ9_1","5PZ9","1",1.3973670666666667
"5PZD_1","5PZD","1",1.3973670666666667
"5QGJ_1","5QGJ","1",1.3973670666666667
"5QGK_1","5QGK","1",1.3973670666666667
"5QGN_1","5QGN","1",1.3973670666666667
"5QGQ_1","5QGQ","1",1.3973670666666667
"5QGR_1","5QGR","1",1.3973670666666667
"5QGT_1","5QGT","1",1.3973670666666667
"5QGV_1","5QGV","1",1.3973670666666667
"5QGY_1","5QGY","1",1.3973670666666667
"5QGZ_1","5QGZ","1",1.3973670666666667
"5QH1_1","5QH1","1",1.3973670666666667
"5QH2_1","5QH2","1",1.3973670666666667
"5QH6_1","5QH6","1",1.3973670666666667
"5QHA_1","5QHA","1",1.3973670666666667
"5QHB_1","5QHB","1",1.3973670666666667
"5QHG_1","5QHG","1",1.3973670666666667
"5QIK_1","5QIK","1",1.3973670666666667
"5QQH_2","5QQH","2",1.3973670666666667
"5QQK_2","5QQK","2",1.3973670666666667
"5QQL_2","5QQL","2",1.3973670666666667
"5QQN_2","5QQN","2",1.3973670666666667
"5QU0_1","5QU0","1",1.3973670666666667
"5S77_1","5S77","1",1.3973670666666667
"5S7S_1","5S7S","1",1.3973670666666667
"5S7U_1","5S7U","1",1.3973670666666667
"5S7Z_1","5S7Z","1",1.3973670666666667
"5S83_1","5S83","1",1.3973670666666667
"5S84_1","5S84","1",1.3973670666666667
"5S87_1","5S87","1",1.3973670666666667
"5S89_1","5S89","1",1.3973670666666667
"5S9K_1","5S9K","1",1.3973670666666667
"5SCC_1","5SCC","1",1.3973670666666667
"5SCD_1","5SCD","1",1.3973670666666667
"5SCF_1","5SCF","1",1.3973670666666667
"5SCI_1","5SCI","1",1.3973670666666667
"5SCK_1","5SCK","1",1.3973670666666667
"5SXM_1","5SXM","1",1.3973670666666667
"5SZH_2","5SZH","2",1.3973670666666667
"5T0C_27","5T0C","27",1.3973670666666667
"5T0G_1","5T0G","1",1.3973670666666667
"5T0G_8","5T0G","8",1.3973670666666667
"5T0G_9","5T0G","9",1.3973670666666667
"5T0I_14","5T0I","14",1.3973670666666667
"5T0I_7","5T0I","7",1.3973670666666667
"5T0J_10","5T0J","10",1.3973670666666667
"5T0J_24","5T0J","24",1.3973670666666667
"5T2C_52","5T2C","52",1.3973670666666667
"5T2Q_1","5T2Q","1",1.3973670666666667
"5T2R_1","5T2R","1",1.3973670666666667
"5T3S_6","5T3S","6",1.3973670666666667
"5T89_1","5T89","1",1.3973670666666667
"5T9J_1","5T9J","1",1.3973670666666667
"5TEY_1","5TEY","1",1.3973670666666667
"5TL5_3","5TL5","3",1.3973670666666667
"5TLJ_5","5TLJ","5",1.3973670666666667
"5TLK_5","5TLK","5",1.3973670666666667
"5TP9_2","5TP9","2",1.3973670666666667
"5TPA_2","5TPA","2",1.3973670666666667
"5TQW_1","5TQW","1",1.3973670666666667
"5TVC_1","5TVC","1",1.3973670666666667
"5TVT_1","5TVT","1",1.3973670666666667
"5TWU_1","5TWU","1",1.3973670666666667
"5TXK_1","5TXK","1",1.3973670666666667
"5TXX_1","5TXX","1",1.3973670666666667
"5TYD_1","5TYD","1",1.3973670666666667
"5TYI_1","5TYI","1",1.3973670666666667
"5TYU_1","5TYU","1",1.3973670666666667
"5TYX_1","5TYX","1",1.3973670666666667
"5TYY_1","5TYY","1",1.3973670666666667
"5U2J_2","5U2J","2",1.3973670666666667
"5U8R_1","5U8R","1",1.3973670666666667
"5UEO_1","5UEO","1",1.3973670666666667
"5UEZ_1","5UEZ","1",1.3973670666666667
"5UIW_1","5UIW","1",1.3973670666666667
"5UIW_2","5UIW","2",1.3973670666666667
"5UKK_2","5UKK","2",1.3973670666666667
"5UKL_2","5UKL","2",1.3973670666666667
"5ULM_1","5ULM","1",1.3973670666666667
"5UQ9_1","5UQ9","1",1.3973670666666667
"5URT_1","5URT","1",1.3973670666666667
"5USP_1","5USP","1",1.3973670666666667
"5UU1_1","5UU1","1",1.3973670666666667
"5UVG_1","5UVG","1",1.3973670666666667
"5UVT_1","5UVT","1",1.3973670666666667
"5V3H_1","5V3H","1",1.3973670666666667
"5V3O_2","5V3O","2",1.3973670666666667
"5V8O_1","5V8O","1",1.3973670666666667
"5VCV_1","5VCV","1",1.3973670666666667
"5VCY_1","5VCY","1",1.3973670666666667
"5VDQ_1","5VDQ","1",1.3973670666666667
"5VDR_1","5VDR","1",1.3973670666666667
"5VDS_1","5VDS","1",1.3973670666666667
"5VFC_1","5VFC","1",1.3973670666666667
"5VFO_1","5VFO","1",1.3973670666666667
"5VFO_8","5VFO","8",1.3973670666666667
"5VFQ_1","5VFQ","1",1.3973670666666667
"5VFQ_15","5VFQ","15",1.3973670666666667
"5VFS_17","5VFS","17",1.3973670666666667
"5VFT_26","5VFT","26",1.3973670666666667
"5VFU_18","5VFU","18",1.3973670666666667
"5VGZ_9","5VGZ","9",1.3973670666666667
"5VHF_10","5VHF","10",1.3973670666666667
"5VHF_8","5VHF","8",1.3973670666666667
"5VHI_9","5VHI","9",1.3973670666666667
"5VIZ_1","5VIZ","1",1.3973670666666667
"5VL7_2","5VL7","2",1.3973670666666667
"5VNI_1","5VNI","1",1.3973670666666667
"5VNK_1","5VNK","1",1.3973670666666667
"5VNM_1","5VNM","1",1.3973670666666667
"5VR8_1","5VR8","1",1.3973670666666667
"5VYB_1","5VYB","1",1.3973670666666667
"5VYC_28","5VYC","28",1.3973670666666667
"5VZ4_1","5VZ4","1",1.3973670666666667
"5VZ7_1","5VZ7","1",1.3973670666666667
"5VZE_1","5VZE","1",1.3973670666666667
"5VZF_1","5VZF","1",1.3973670666666667
"5VZI_1","5VZI","1",1.3973670666666667
"5W0D_3","5W0D","3",1.3973670666666667
"5WAL_1","5WAL","1",1.3973670666666667
"5WB7_1","5WB7","1",1.3973670666666667
"5WBM_1","5WBM","1",1.3973670666666667
"5WBR_1","5WBR","1",1.3973670666666667
"5WDU_7","5WDU","7",1.3973670666666667
"5WHK_3","5WHK","3",1.3973670666666667
"5WRR_1","5WRR","1",1.3973670666666667
"5WU4_1","5WU4","1",1.3973670666666667
"5WU6_1","5WU6","1",1.3973670666666667
"5WVE_1","5WVE","1",1.3973670666666667
"5WZO_1","5WZO","1",1.3973670666666667
"5X1C_1","5X1C","1",1.3973670666666667
"5X1D_1","5X1D","1",1.3973670666666667
"5XBK_1","5XBK","1",1.3973670666666667
"5XJC_14","5XJC","14",1.3973670666666667
"5XJC_22","5XJC","22",1.3973670666666667
"5XJC_5","5XJC","5",1.3973670666666667
"5XJY_1","5XJY","1",1.3973670666666667
"5XPR_1","5XPR","1",1.3973670666666667
"5XQX_2","5XQX","2",1.3973670666666667
"5XU8_1","5XU8","1",1.3973670666666667
"5Y1Z_2","5Y1Z","2",1.3973670666666667
"5Y3R_6","5Y3R","6",1.3973670666666667
"5YB1_1","5YB1","1",1.3973670666666667
"5YKP_1","5YKP","1",1.3973670666666667
"5YU7_1","5YU7","1",1.3973670666666667
"5YZ0_1","5YZ0","1",1.3973670666666667
"5YZB_1","5YZB","1",1.3973670666666667
"5YZG_15","5YZG","15",1.3973670666666667
"5YZG_21","5YZG","21",1.3973670666666667
"5YZG_23","5YZG","23",1.3973670666666667
"5Z0B_1","5Z0B","1",1.3973670666666667
"5Z56_42","5Z56","42",1.3973670666666667
"5Z57_33","5Z57","33",1.3973670666666667
"5Z57_41","5Z57","41",1.3973670666666667
"5Z58_21","5Z58","21",1.3973670666666667
"5ZAM_2","5ZAM","2",1.3973670666666667
"5ZCS_1","5ZCS","1",1.3973670666666667
"5ZM5_1","5ZM5","1",1.3973670666666667
"5ZM6_1","5ZM6","1",1.3973670666666667
"5ZM7_1","5ZM7","1",1.3973670666666667
"5ZM8_1","5ZM8","1",1.3973670666666667
"6A3W_3","6A3W","3",1.3973670666666667
"6A44_1","6A44","1",1.3973670666666667
"6A7P_1","6A7P","1",1.3973670666666667
"6ACR_1","6ACR","1",1.3973670666666667
"6AEH_1","6AEH","1",1.3973670666666667
"6AGF_1","6AGF","1",1.3973670666666667
"6AH0_26","6AH0","26",1.3973670666666667
"6AHR_2","6AHR","2",1.3973670666666667
"6AHU_11","6AHU","11",1.3973670666666667
"6AHY_2","6AHY","2",1.3973670666666667
"6AKY_1","6AKY","1",1.3973670666666667
"6ALZ_1","6ALZ","1",1.3973670666666667
"6AS7_1","6AS7","1",1.3973670666666667
"6ATU_1","6ATU","1",1.3973670666666667
"6AX4_1","6AX4","1",1.3973670666666667
"6AYF_1","6AYF","1",1.3973670666666667
"6B27_1","6B27","1",1.3973670666666667
"6B28_1","6B28","1",1.3973670666666667
"6B5R_2","6B5R","2",1.3973670666666667
"6B9X_1","6B9X","1",1.3973670666666667
"6BCX_1","6BCX","1",1.3973670666666667
"6BE6_1","6BE6","1",1.3973670666666667
"6BFC_2","6BFC","2",1.3973670666666667
"6BFN_1","6BFN","1",1.3973670666666667
"6BGT_1","6BGT","1",1.3973670666666667
"6BN7_2","6BN7","2",1.3973670666666667
"6BN8_2","6BN8","2",1.3973670666666667
"6BNB_2","6BNB","2",1.3973670666666667
"6BQR_1","6BQR","1",1.3973670666666667
"6BSL_1","6BSL","1",1.3973670666666667
"6BTP_1","6BTP","1",1.3973670666666667
"6BVA_2","6BVA","2",1.3973670666666667
"6BW5_1","6BW5","1",1.3973670666666667
"6BW6_1","6BW6","1",1.3973670666666667
"6C1Q_1","6C1Q","1",1.3973670666666667
"6C23_7","6C23","7",1.3973670666666667
"6C24_8","6C24","8",1.3973670666666667
"6C3P_2","6C3P","2",1.3973670666666667
"6C45_1","6C45","1",1.3973670666666667
"6C7Q_1","6C7Q","1",1.3973670666666667
"6CAJ_1","6CAJ","1",1.3973670666666667
"6CE0_4","6CE0","4",1.3973670666666667
"6CER_1","6CER","1",1.3973670666666667
"6CES_1","6CES","1",1.3973670666666667
"6CH7_3","6CH7","3",1.3973670666666667
"6CNJ_1","6CNJ","1",1.3973670666666667
"6COY_1","6COY","1",1.3973670666666667
"6CRI_6","6CRI","6",1.3973670666666667
"6CT9_1","6CT9","1",1.3973670666666667
"6CVZ_1","6CVZ","1",1.3973670666666667
"6CWY_1","6CWY","1",1.3973670666666667
"6CWZ_1","6CWZ","1",1.3973670666666667
"6D0Z_1","6D0Z","1",1.3973670666666667
"6D6Q_10","6D6Q","10",1.3973670666666667
"6D6R_10","6D6R","10",1.3973670666666667
"6D7T_1","6D7T","1",1.3973670666666667
"6D9H_2","6D9H","2",1.3973670666666667
"6DAK_1","6DAK","1",1.3973670666666667
"6DAS_1","6DAS","1",1.3973670666666667
"6DBK_1","6DBK","1",1.3973670666666667
"6DDE_2","6DDE","2",1.3973670666666667
"6DDF_2","6DDF","2",1.3973670666666667
"6DGE_1","6DGE","1",1.3973670666666667
"6DHB_1","6DHB","1",1.3973670666666667
"6DM0_1","6DM0","1",1.3973670666666667
"6DMB_1","6DMB","1",1.3973670666666667
"6DMO_1","6DMO","1",1.3973670666666667
"6DMY_1","6DMY","1",1.3973670666666667
"6DNE_1","6DNE","1",1.3973670666666667
"6DTN_1","6DTN","1",1.3973670666666667
"6DU8_1","6DU8","1",1.3973670666666667
"6DWN_1","6DWN","1",1.3973670666666667
"6DY7_1","6DY7","1",1.3973670666666667
"6DYA_1","6DYA","1",1.3973670666666667
"6E1H_1","6E1H","1",1.3973670666666667
"6E1Z_1","6E1Z","1",1.3973670666666667
"6E2P_1","6E2P","1",1.3973670666666667
"6E2Q_1","6E2Q","1",1.3973670666666667
"6E59_1","6E59","1",1.3973670666666667
"6E67_1","6E67","1",1.3973670666666667
"6E7Y_1","6E7Y","1",1.3973670666666667
"6E7Z_1","6E7Z","1",1.3973670666666667
"6EDB_1","6EDB","1",1.3973670666666667
"6EDC_1","6EDC","1",1.3973670666666667
"6EG8_1","6EG8","1",1.3973670666666667
"6EHR_7","6EHR","7",1.3973670666666667
"6EJ5_1","6EJ5","1",1.3973670666666667
"6EKK_1","6EKK","1",1.3973670666666667
"6EOO_1","6EOO","1",1.3973670666666667
"6EOT_1","6EOT","1",1.3973670666666667
"6ERP_4","6ERP","4",1.3973670666666667
"6ESJ_1","6ESJ","1",1.3973670666666667
"6EXW_1","6EXW","1",1.3973670666666667
"6EYF_1","6EYF","1",1.3973670666666667
"6EZ2_1","6EZ2","1",1.3973670666666667
"6EZO_5","6EZO","5",1.3973670666666667
"6F0X_2","6F0X","2",1.3973670666666667
"6FAE_1","6FAE","1",1.3973670666666667
"6FCX_1","6FCX","1",1.3973670666666667
"6FEC_43","6FEC","43",1.3973670666666667
"6FEC_44","6FEC","44",1.3973670666666667
"6FF4_24","6FF4","24",1.3973670666666667
"6FF7_24","6FF7","24",1.3973670666666667
"6FF7_35","6FF7","35",1.3973670666666667
"6FFD_1","6FFD","1",1.3973670666666667
"6FWZ_1","6FWZ","1",1.3973670666666667
"6G0I_1","6G0I","1",1.3973670666666667
"6G18_19","6G18","19",1.3973670666666667
"6G2D_1","6G2D","1",1.3973670666666667
"6G2I_2","6G2I","2",1.3973670666666667
"6G5H_34","6G5H","34",1.3973670666666667
"6G5H_8","6G5H","8",1.3973670666666667
"6G5I_10","6G5I","10",1.3973670666666667
"6G5I_32","6G5I","32",1.3973670666666667
"6G5J_1","6G5J","1",1.3973670666666667
"6G5N_1","6G5N","1",1.3973670666666667
"6G79_1","6G79","1",1.3973670666666667
"6GFF_2","6GFF","2",1.3973670666666667
"6GFF_3","6GFF","3",1.3973670666666667
"6GIP_1","6GIP","1",1.3973670666666667
"6GJE_1","6GJE","1",1.3973670666666667
"6GL7_1","6GL7","1",1.3973670666666667
"6GNQ_1","6GNQ","1",1.3973670666666667
"6GPX_1","6GPX","1",1.3973670666666667
"6GQK_1","6GQK","1",1.3973670666666667
"6GUU_1","6GUU","1",1.3973670666666667
"6GY2_1","6GY2","1",1.3973670666666667
"6GYT_1","6GYT","1",1.3973670666666667
"6H04_1","6H04","1",1.3973670666666667
"6H25_3","6H25","3",1.3973670666666667
"6H25_4","6H25","4",1.3973670666666667
"6H3A_2","6H3A","2",1.3973670666666667
"6H3K_1","6H3K","1",1.3973670666666667
"6HAD_1","6HAD","1",1.3973670666666667
"6HLO_1","6HLO","1",1.3973670666666667
"6HLP_1","6HLP","1",1.3973670666666667
"6HTC_8","6HTC","8",1.3973670666666667
"6HTD_8","6HTD","8",1.3973670666666667
"6HTR_8","6HTR","8",1.3973670666666667
"6HUG_3","6HUG","3",1.3973670666666667
"6HUK_3","6HUK","3",1.3973670666666667
"6HV7_8","6HV7","8",1.3973670666666667
"6HVR_8","6HVR","8",1.3973670666666667
"6HVU_8","6HVU","8",1.3973670666666667
"6HYU_1","6HYU","1",1.3973670666666667
"6I0B_1","6I0B","1",1.3973670666666667
"6I0C_1","6I0C","1",1.3973670666666667
"6I9R_52","6I9R","52",1.3973670666666667
"6ICZ_15","6ICZ","15",1.3973670666666667
"6ICZ_8","6ICZ","8",1.3973670666666667
"6ID1_9","6ID1","9",1.3973670666666667
"6IET_1","6IET","1",1.3973670666666667
"6IEU_1","6IEU","1",1.3973670666666667
"6IG8_1","6IG8","1",1.3973670666666667
"6IGK_1","6IGK","1",1.3973670666666667
"6IGL_1","6IGL","1",1.3973670666666667
"6INE_1","6INE","1",1.3973670666666667
"6ION_3","6ION","3",1.3973670666666667
"6IP5_4","6IP5","4",1.3973670666666667
"6IP5_54","6IP5","54",1.3973670666666667
"6IP6_4","6IP6","4",1.3973670666666667
"6IP8_53","6IP8","53",1.3973670666666667
"6IPF_1","6IPF","1",1.3973670666666667
"6IPL_1","6IPL","1",1.3973670666666667
"6IPM_1","6IPM","1",1.3973670666666667
"6IPN_1","6IPN","1",1.3973670666666667
"6IRA_2","6IRA","2",1.3973670666666667
"6ITV_1","6ITV","1",1.3973670666666667
"6J20_1","6J20","1",1.3973670666666667
"6J74_3","6J74","3",1.3973670666666667
"6J7F_2","6J7F","2",1.3973670666666667
"6J8E_2","6J8E","2",1.3973670666666667
"6J8G_2","6J8G","2",1.3973670666666667
"6J8Y_1","6J8Y","1",1.3973670666666667
"6J8Y_3","6J8Y","3",1.3973670666666667
"6JK8_1","6JK8","1",1.3973670666666667
"6JK8_2","6JK8","2",1.3973670666666667
"6JLQ_1","6JLQ","1",1.3973670666666667
"6JQR_1","6JQR","1",1.3973670666666667
"6K1Q_1","6K1Q","1",1.3973670666666667
"6K4N_1","6K4N","1",1.3973670666666667
"6K71_5","6K71","5",1.3973670666666667
"6K72_5","6K72","5",1.3973670666666667
"6K7G_1","6K7G","1",1.3973670666666667
"6K7J_1","6K7J","1",1.3973670666666667
"6K7M_1","6K7M","1",1.3973670666666667
"6K8J_1","6K8J","1",1.3973670666666667
"6KAL_1","6KAL","1",1.3973670666666667
"6KB1_1","6KB1","1",1.3973670666666667
"6KB6_1","6KB6","1",1.3973670666666667
"6KB9_1","6KB9","1",1.3973670666666667
"6KBA_1","6KBA","1",1.3973670666666667
"6KDE_2","6KDE","2",1.3973670666666667
"6KDQ_1","6KDQ","1",1.3973670666666667
"6KIU_8","6KIU","8",1.3973670666666667
"6KIV_8","6KIV","8",1.3973670666666667
"6KIX_7","6KIX","7",1.3973670666666667
"6KIZ_7","6KIZ","7",1.3973670666666667
"6KLA_1","6KLA","1",1.3973670666666667
"6KM7_1","6KM7","1",1.3973670666666667
"6KMZ_4","6KMZ","4",1.3973670666666667
"6KNW_1","6KNW","1",1.3973670666666667
"6KPF_2","6KPF","2",1.3973670666666667
"6KPF_4","6KPF","4",1.3973670666666667
"6KQP_1","6KQP","1",1.3973670666666667
"6KSW_1","6KSW","1",1.3973670666666667
"6KWY_14","6KWY","14",1.3973670666666667
"6KWY_7","6KWY","7",1.3973670666666667
"6KWY_8","6KWY","8",1.3973670666666667
"6KZB_1","6KZB","1",1.3973670666666667
"6L1D_1","6L1D","1",1.3973670666666667
"6L54_2","6L54","2",1.3973670666666667
"6L57_2","6L57","2",1.3973670666666667
"6L8U_1","6L8U","1",1.3973670666666667
"6LFM_2","6LFM","2",1.3973670666666667
"6LI3_3","6LI3","3",1.3973670666666667
"6LKN_1","6LKN","1",1.3973670666666667
"6LPF_1","6LPF","1",1.3973670666666667
"6LQM_43","6LQM","43",1.3973670666666667
"6LR6_1","6LR6","1",1.3973670666666667
"6LRE_1","6LRE","1",1.3973670666666667
"6LRI_1","6LRI","1",1.3973670666666667
"6LRY_1","6LRY","1",1.3973670666666667
"6LU8_3","6LU8","3",1.3973670666666667
"6LX5_1","6LX5","1",1.3973670666666667
"6LX6_1","6LX6","1",1.3973670666666667
"6LX7_1","6LX7","1",1.3973670666666667
"6LXC_1","6LXC","1",1.3973670666666667
"6LXE_1","6LXE","1",1.3973670666666667
"6LXW_1","6LXW","1",1.3973670666666667
"6LZZ_1","6LZZ","1",1.3973670666666667
"6M1H_5","6M1H","5",1.3973670666666667
"6M49_1","6M49","1",1.3973670666666667
"6M4O_1","6M4O","1",1.3973670666666667
"6M58_1","6M58","1",1.3973670666666667
"6M7O_1","6M7O","1",1.3973670666666667
"6M7T_1","6M7T","1",1.3973670666666667
"6MGP_2","6MGP","2",1.3973670666666667
"6MM1_1","6MM1","1",1.3973670666666667
"6MP6_1","6MP6","1",1.3973670666666667
"6MQB_1","6MQB","1",1.3973670666666667
"6MSD_27","6MSD","27",1.3973670666666667
"6MSE_21","6MSE","21",1.3973670666666667
"6MSE_28","6MSE","28",1.3973670666666667
"6MSE_29","6MSE","29",1.3973670666666667
"6MSH_27","6MSH","27",1.3973670666666667
"6MSJ_27","6MSJ","27",1.3973670666666667
"6MSJ_28","6MSJ","28",1.3973670666666667
"6MSJ_34","6MSJ","34",1.3973670666666667
"6MSK_20","6MSK","20",1.3973670666666667
"6MSK_27","6MSK","27",1.3973670666666667
"6MSK_28","6MSK","28",1.3973670666666667
"6MTJ_3","6MTJ","3",1.3973670666666667
"6MU8_3","6MU8","3",1.3973670666666667
"6MUF_3","6MUF","3",1.3973670666666667
"6MVL_1","6MVL","1",1.3973670666666667
"6MXO_1","6MXO","1",1.3973670666666667
"6MXT_1","6MXT","1",1.3973670666666667
"6N31_1","6N31","1",1.3973670666666667
"6N3G_1","6N3G","1",1.3973670666666667
"6N3L_1","6N3L","1",1.3973670666666667
"6N3O_1","6N3O","1",1.3973670666666667
"6N4B_2","6N4B","2",1.3973670666666667
"6N51_1","6N51","1",1.3973670666666667
"6N52_1","6N52","1",1.3973670666666667
"6N7G_1","6N7G","1",1.3973670666666667
"6NAO_1","6NAO","1",1.3973670666666667
"6NB3_2","6NB3","2",1.3973670666666667
"6NB5_2","6NB5","2",1.3973670666666667
"6NE3_8","6NE3","8",1.3973670666666667
"6NEW_1","6NEW","1",1.3973670666666667
"6NFG_1","6NFG","1",1.3973670666666667
"6NFO_1","6NFO","1",1.3973670666666667
"6NI3_2","6NI3","2",1.3973670666666667
"6NN5_1","6NN5","1",1.3973670666666667
"6NNJ_3","6NNJ","3",1.3973670666666667
"6NRC_14","6NRC","14",1.3973670666666667
"6NRY_1","6NRY","1",1.3973670666666667
"6NU3_52","6NU3","52",1.3973670666666667
"6NU3_58","6NU3","58",1.3973670666666667
"6NU3_64","6NU3","64",1.3973670666666667
"6NU3_71","6NU3","71",1.3973670666666667
"6O60_2","6O60","2",1.3973670666666667
"6O81_1","6O81","1",1.3973670666666667
"6OAU_2","6OAU","2",1.3973670666666667
"6OBS_1","6OBS","1",1.3973670666666667
"6OBU_1","6OBU","1",1.3973670666666667
"6OEV_1","6OEV","1",1.3973670666666667
"6OFZ_1","6OFZ","1",1.3973670666666667
"6OIE_1","6OIE","1",1.3973670666666667
"6OJQ_3","6OJQ","3",1.3973670666666667
"6OLE_35","6OLE","35",1.3973670666666667
"6OLG_1","6OLG","1",1.3973670666666667
"6OLZ_1","6OLZ","1",1.3973670666666667
"6OM0_8","6OM0","8",1.3973670666666667
"6OM7_34","6OM7","34",1.3973670666666667
"6OMN_1","6OMN","1",1.3973670666666667
"6OMO_1","6OMO","1",1.3973670666666667
"6ORV_2","6ORV","2",1.3973670666666667
"6OS9_4","6OS9","4",1.3973670666666667
"6OV2_1","6OV2","1",1.3973670666666667
"6OV3_1","6OV3","1",1.3973670666666667
"6OVA_1","6OVA","1",1.3973670666666667
"6P1O_1","6P1O","1",1.3973670666666667
"6P1P_1","6P1P","1",1.3973670666666667
"6P1W_1","6P1W","1",1.3973670666666667
"6P4Z_1","6P4Z","1",1.3973670666666667
"6PA7_7","6PA7","7",1.3973670666666667
"6PB1_4","6PB1","4",1.3973670666666667
"6PE8_3","6PE8","3",1.3973670666666667
"6PE9_3","6PE9","3",1.3973670666666667
"6PG8_1","6PG8","1",1.3973670666666667
"6PGF_1","6PGF","1",1.3973670666666667
"6PL7_1","6PL7","1",1.3973670666666667
"6PLC_1","6PLC","1",1.3973670666666667
"6PLF_1","6PLF","1",1.3973670666666667
"6PPL_1","6PPL","1",1.3973670666666667
"6PS3_1","6PS3","1",1.3973670666666667
"6PS4_1","6PS4","1",1.3973670666666667
"6PT0_1","6PT0","1",1.3973670666666667
"6PV7_1","6PV7","1",1.3973670666666667
"6PV8_1","6PV8","1",1.3973670666666667
"6PW9_1","6PW9","1",1.3973670666666667
"6PWV_1","6PWV","1",1.3973670666666667
"6PWW_2","6PWW","2",1.3973670666666667
"6PX9_1","6PX9","1",1.3973670666666667
"6PXV_2","6PXV","2",1.3973670666666667
"6PXW_2","6PXW","2",1.3973670666666667
"6Q02_1","6Q02","1",1.3973670666666667
"6Q0J_1","6Q0J","1",1.3973670666666667
"6Q2J_1","6Q2J","1",1.3973670666666667
"6Q6G_14","6Q6G","14",1.3973670666666667
"6Q6H_12","6Q6H","12",1.3973670666666667
"6Q6H_14","6Q6H","14",1.3973670666666667
"6QAD_1","6QAD","1",1.3973670666666667
"6QAO_1","6QAO","1",1.3973670666666667
"6QAP_1","6QAP","1",1.3973670666666667
"6QDV_14","6QDV","14",1.3973670666666667
"6QDV_18","6QDV","18",1.3973670666666667
"6QEY_1","6QEY","1",1.3973670666666667
"6QIO_1","6QIO","1",1.3973670666666667
"6QUS_2","6QUS","2",1.3973670666666667
"6QVB_1","6QVB","1",1.3973670666666667
"6QVD_1","6QVD","1",1.3973670666666667
"6QW6_19","6QW6","19",1.3973670666666667
"6QW6_20","6QW6","20",1.3973670666666667
"6QX9_29","6QX9","29",1.3973670666666667
"6QZH_1","6QZH","1",1.3973670666666667
"6QZP_55","6QZP","55",1.3973670666666667
"6R3S_2","6R3S","2",1.3973670666666667
"6R4S_1","6R4S","1",1.3973670666666667
"6R5D_1","6R5D","1",1.3973670666666667
"6R70_14","6R70","14",1.3973670666666667
"6REY_15","6REY","15",1.3973670666666667
"6RJ6_1","6RJ6","1",1.3973670666666667
"6RQ7_1","6RQ7","1",1.3973670666666667
"6RUA_1","6RUA","1",1.3973670666666667
"6RUR_1","6RUR","1",1.3973670666666667
"6RUS_1","6RUS","1",1.3973670666666667
"6RUV_2","6RUV","2",1.3973670666666667
"6RV6_1","6RV6","1",1.3973670666666667
"6RVD_1","6RVD","1",1.3973670666666667
"6RW5_4","6RW5","4",1.3973670666666667
"6RX1_1","6RX1","1",1.3973670666666667
"6RZ4_1","6RZ4","1",1.3973670666666667
"6S0A_2","6S0A","2",1.3973670666666667
"6S0B_2","6S0B","2",1.3973670666666667
"6S1M_2","6S1M","2",1.3973670666666667
"6S1O_1","6S1O","1",1.3973670666666667
"6S6D_2","6S6D","2",1.3973670666666667
"6S7T_1","6S7T","1",1.3973670666666667
"6SC2_1","6SC2","1",1.3973670666666667
"6SF1_1","6SF1","1",1.3973670666666667
"6SF1_2","6SF1","2",1.3973670666666667
"6SIS_1","6SIS","1",1.3973670666666667
"6SN1_1","6SN1","1",1.3973670666666667
"6SYT_1","6SYT","1",1.3973670666666667
"6SZQ_1","6SZQ","1",1.3973670666666667
"6T6D_1","6T6D","1",1.3973670666666667
"6T7F_1","6T7F","1",1.3973670666666667
"6T8N_1","6T8N","1",1.3973670666666667
"6T9D_3","6T9D","3",1.3973670666666667
"6T9E_3","6T9E","3",1.3973670666666667
"6T9P_1","6T9P","1",1.3973670666666667
"6TD3_3","6TD3","3",1.3973670666666667
"6TGW_1","6TGW","1",1.3973670666666667
"6TLJ_3","6TLJ","3",1.3973670666666667
"6TM5_2","6TM5","2",1.3973670666666667
"6TM6_1","6TM6","1",1.3973670666666667
"6TN8_1","6TN8","1",1.3973670666666667
"6TNT_2","6TNT","2",1.3973670666666667
"6TNZ_1","6TNZ","1",1.3973670666666667
"6TRW_1","6TRW","1",1.3973670666666667
"6TRX_1","6TRX","1",1.3973670666666667
"6TSE_1","6TSE","1",1.3973670666666667
"6TTP_1","6TTP","1",1.3973670666666667
"6TTX_1","6TTX","1",1.3973670666666667
"6TUA_1","6TUA","1",1.3973670666666667
"6TYH_1","6TYH","1",1.3973670666666667
"6U26_1","6U26","1",1.3973670666666667
"6U2N_1","6U2N","1",1.3973670666666667
"6U36_1","6U36","1",1.3973670666666667
"6U6W_1","6U6W","1",1.3973670666666667
"6U8L_1","6U8L","1",1.3973670666666667
"6UCS_1","6UCS","1",1.3973670666666667
"6UEI_1","6UEI","1",1.3973670666666667
"6UFX_1","6UFX","1",1.3973670666666667
"6UHZ_1","6UHZ","1",1.3973670666666667
"6UIF_1","6UIF","1",1.3973670666666667
"6UJ4_1","6UJ4","1",1.3973670666666667
"6UL7_1","6UL7","1",1.3973670666666667
"6ULG_9","6ULG","9",1.3973670666666667
"6UM2_2","6UM2","2",1.3973670666666667
"6UMX_1","6UMX","1",1.3973670666666667
"6UNQ_1","6UNQ","1",1.3973670666666667
"6UNR_1","6UNR","1",1.3973670666666667
"6UNS_1","6UNS","1",1.3973670666666667
"6UOX_1","6UOX","1",1.3973670666666667
"6UQI_1","6UQI","1",1.3973670666666667
"6UR8_1","6UR8","1",1.3973670666666667
"6USF_1","6USF","1",1.3973670666666667
"6UUS_2","6UUS","2",1.3973670666666667
"6V35_1","6V35","1",1.3973670666666667
"6V4X_10","6V4X","10",1.3973670666666667
"6V6C_1","6V6C","1",1.3973670666666667
"6V6S_2","6V6S","2",1.3973670666666667
"6V6S_5","6V6S","5",1.3973670666666667
"6VAA_1","6VAA","1",1.3973670666666667
"6VAD_1","6VAD","1",1.3973670666666667
"6VEP_1","6VEP","1",1.3973670666666667
"6VEP_5","6VEP","5",1.3973670666666667
"6VEQ_3","6VEQ","3",1.3973670666666667
"6VF2_1","6VF2","1",1.3973670666666667
"6VF3_1","6VF3","1",1.3973670666666667
"6VF9_1","6VF9","1",1.3973670666666667
"6VFA_1","6VFA","1",1.3973670666666667
"6VLZ_54","6VLZ","54",1.3973670666666667
"6VMI_82","6VMI","82",1.3973670666666667
"6VN7_4","6VN7","4",1.3973670666666667
"6VNX_1","6VNX","1",1.3973670666666667
"6VP7_1","6VP7","1",1.3973670666666667
"6VR6_1","6VR6","1",1.3973670666666667
"6VWJ_1","6VWJ","1",1.3973670666666667
"6W0W_1","6W0W","1",1.3973670666666667
"6W0Z_1","6W0Z","1",1.3973670666666667
"6W5N_1","6W5N","1",1.3973670666666667
"6W5U_1","6W5U","1",1.3973670666666667
"6WBV_2","6WBV","2",1.3973670666666667
"6WCW_1","6WCW","1",1.3973670666666667
"6WCW_2","6WCW","2",1.3973670666666667
"6WDQ_4","6WDQ","4",1.3973670666666667
"6WEW_1","6WEW","1",1.3973670666666667
"6WF3_1","6WF3","1",1.3973670666666667
"6WF5_1","6WF5","1",1.3973670666666667
"6WFG_1","6WFG","1",1.3973670666666667
"6WFK_1","6WFK","1",1.3973670666666667
"6WFO_1","6WFO","1",1.3973670666666667
"6WG3_5","6WG3","5",1.3973670666666667
"6WH8_1","6WH8","1",1.3973670666666667
"6WHA_3","6WHA","3",1.3973670666666667
"6WJ2_7","6WJ2","7",1.3973670666666667
"6WJ3_1","6WJ3","1",1.3973670666666667
"6WJ7_1","6WJ7","1",1.3973670666666667
"6WJD_20","6WJD","20",1.3973670666666667
"6WJN_12","6WJN","12",1.3973670666666667
"6WJN_19","6WJN","19",1.3973670666666667
"6WJN_20","6WJN","20",1.3973670666666667
"6WJN_3","6WJN","3",1.3973670666666667
"6WJZ_1","6WJZ","1",1.3973670666666667
"6WK0_1","6WK0","1",1.3973670666666667
"6WK6_1","6WK6","1",1.3973670666666667
"6WKR_7","6WKR","7",1.3973670666666667
"6WLW_4","6WLW","4",1.3973670666666667
"6WM2_14","6WM2","14",1.3973670666666667
"6WM2_15","6WM2","15",1.3973670666666667
"6WM3_1","6WM3","1",1.3973670666666667
"6WM4_1","6WM4","1",1.3973670666666667
"6WM9_3","6WM9","3",1.3973670666666667
"6WMD_2","6WMD","2",1.3973670666666667
"6WNA_1","6WNA","1",1.3973670666666667
"6WOL_2","6WOL","2",1.3973670666666667
"6WP3_1","6WP3","1",1.3973670666666667
"6WP6_1","6WP6","1",1.3973670666666667
"6WQZ_1","6WQZ","1",1.3973670666666667
"6WTS_1","6WTS","1",1.3973670666666667
"6WUR_1","6WUR","1",1.3973670666666667
"6WW2_4","6WW2","4",1.3973670666666667
"6X0U_1","6X0U","1",1.3973670666666667
"6X4T_1","6X4T","1",1.3973670666666667
"6XA1_53","6XA1","53",1.3973670666666667
"6XBJ_3","6XBJ","3",1.3973670666666667
"6XBL_3","6XBL","3",1.3973670666666667
"6XFI_1","6XFI","1",1.3973670666666667
"6XHB_2","6XHB","2",1.3973670666666667
"6XI2_3","6XI2","3",1.3973670666666667
"6XMJ_1","6XMJ","1",1.3973670666666667
"6XOI_1","6XOI","1",1.3973670666666667
"6XTX_3","6XTX","3",1.3973670666666667
"6XTY_5","6XTY","5",1.3973670666666667
"6XVA_1","6XVA","1",1.3973670666666667
"6Y2L_58","6Y2L","58",1.3973670666666667
"6Y2L_7","6Y2L","7",1.3973670666666667
"6Y2W_1","6Y2W","1",1.3973670666666667
"6Y3C_1","6Y3C","1",1.3973670666666667
"6Y53_16","6Y53","16",1.3973670666666667
"6Y57_7","6Y57","7",1.3973670666666667
"6Y57_82","6Y57","82",1.3973670666666667
"6Y5E_10","6Y5E","10",1.3973670666666667
"6Y5Q_21","6Y5Q","21",1.3973670666666667
"6Y5V_1","6Y5V","1",1.3973670666666667
"6YAU_1","6YAU","1",1.3973670666666667
"6YBS_16","6YBS","16",1.3973670666666667
"6YBW_17","6YBW","17",1.3973670666666667
"6YG9_1","6YG9","1",1.3973670666666667
"6YTO_1","6YTO","1",1.3973670666666667
"6YTQ_1","6YTQ","1",1.3973670666666667
"6YW7_7","6YW7","7",1.3973670666666667
"6YYG_1","6YYG","1",1.3973670666666667
"6YYK_1","6YYK","1",1.3973670666666667
"6Z13_2","6Z13","2",1.3973670666666667
"6Z1Q_1","6Z1Q","1",1.3973670666666667
"6Z1T_1","6Z1T","1",1.3973670666666667
"6Z3F_2","6Z3F","2",1.3973670666666667
"6Z3H_1","6Z3H","1",1.3973670666666667
"6Z6L_4","6Z6L","4",1.3973670666666667
"6Z6L_80","6Z6L","80",1.3973670666666667
"6Z6M_4","6Z6M","4",1.3973670666666667
"6ZBK_2","6ZBK","2",1.3973670666666667
"6ZEE_1","6ZEE","1",1.3973670666666667
"6ZEF_1","6ZEF","1",1.3973670666666667
"6ZGC_1","6ZGC","1",1.3973670666666667
"6ZH2_1","6ZH2","1",1.3973670666666667
"6ZH6_1","6ZH6","1",1.3973670666666667
"6ZM5_36","6ZM5","36",1.3973670666666667
"6ZM5_57","6ZM5","57",1.3973670666666667
"6ZM6_36","6ZM6","36",1.3973670666666667
"6ZM6_52","6ZM6","52",1.3973670666666667
"6ZME_4","6ZME","4",1.3973670666666667
"6ZMI_56","6ZMI","56",1.3973670666666667
"6ZMO_4","6ZMO","4",1.3973670666666667
"6ZMO_82","6ZMO","82",1.3973670666666667
"6ZMW_19","6ZMW","19",1.3973670666666667
"6ZMW_32","6ZMW","32",1.3973670666666667
"6ZMW_44","6ZMW","44",1.3973670666666667
"6ZOK_8","6ZOK","8",1.3973670666666667
"6ZP4_47","6ZP4","47",1.3973670666666667
"6ZP4_9","6ZP4","9",1.3973670666666667
"6ZS5_1","6ZS5","1",1.3973670666666667
"6ZS9_21","6ZS9","21",1.3973670666666667
"6ZSA_20","6ZSA","20",1.3973670666666667
"6ZSA_67","6ZSA","67",1.3973670666666667
"6ZSB_26","6ZSB","26",1.3973670666666667
"6ZSB_85","6ZSB","85",1.3973670666666667
"6ZSC_26","6ZSC","26",1.3973670666666667
"6ZSC_67","6ZSC","67",1.3973670666666667
"6ZSD_20","6ZSD","20",1.3973670666666667
"6ZSD_26","6ZSD","26",1.3973670666666667
"6ZSD_67","6ZSD","67",1.3973670666666667
"6ZSE_26","6ZSE","26",1.3973670666666667
"6ZSG_20","6ZSG","20",1.3973670666666667
"6ZSG_26","6ZSG","26",1.3973670666666667
"6ZUO_10","6ZUO","10",1.3973670666666667
"6ZUO_32","6ZUO","32",1.3973670666666667
"6ZVH_8","6ZVH","8",1.3973670666666667
"6ZVJ_46","6ZVJ","46",1.3973670666666667
"6ZVJ_9","6ZVJ","9",1.3973670666666667
"6ZVP_1","6ZVP","1",1.3973670666666667
"6ZWM_1","6ZWM","1",1.3973670666666667
"6ZWO_1","6ZWO","1",1.3973670666666667
"6ZXE_34","6ZXE","34",1.3973670666666667
"6ZXF_9","6ZXF","9",1.3973670666666667
"6ZXG_33","6ZXG","33",1.3973670666666667
"6ZXH_10","6ZXH","10",1.3973670666666667
"6ZXH_33","6ZXH","33",1.3973670666666667
"6ZYM_17","6ZYM","17",1.3973670666666667
"7A09_47","7A09","47",1.3973670666666667
"7A09_48","7A09","48",1.3973670666666667
"7A21_1","7A21","1",1.3973670666666667
"7A2G_1","7A2G","1",1.3973670666666667
"7A3G_1","7A3G","1",1.3973670666666667
"7A3K_1","7A3K","1",1.3973670666666667
"7A5F_36","7A5F","36",1.3973670666666667
"7A5F_52","7A5F","52",1.3973670666666667
"7A5H_49","7A5H","49",1.3973670666666667
"7A5I_37","7A5I","37",1.3973670666666667
"7A5J_34","7A5J","34",1.3973670666666667
"7A5K_53","7A5K","53",1.3973670666666667
"7A5K_55","7A5K","55",1.3973670666666667
"7A5K_64","7A5K","64",1.3973670666666667
"7A5O_1","7A5O","1",1.3973670666666667
"7A5P_17","7A5P","17",1.3973670666666667
"7A6H_1","7A6H","1",1.3973670666666667
"7A6H_13","7A6H","13",1.3973670666666667
"7AAE_1","7AAE","1",1.3973670666666667
"7AAI_1","7AAI","1",1.3973670666666667
"7ABG_9","7ABG","9",1.3973670666666667
"7ABI_1","7ABI","1",1.3973670666666667
"7ABI_48","7ABI","48",1.3973670666666667
"7AE3_10","7AE3","10",1.3973670666666667
"7AE3_13","7AE3","13",1.3973670666666667
"7AE3_9","7AE3","9",1.3973670666666667
"7AEA_1","7AEA","1",1.3973670666666667
"7AEA_10","7AEA","10",1.3973670666666667
"7AIR_1","7AIR","1",1.3973670666666667
"7AMD_1","7AMD","1",1.3973670666666667
"7AO8_1","7AO8","1",1.3973670666666667
"7AS4_3","7AS4","3",1.3973670666666667
"7ASU_1","7ASU","1",1.3973670666666667
"7AUD_1","7AUD","1",1.3973670666666667
"7AUE_3","7AUE","3",1.3973670666666667
"7AWE_9","7AWE","9",1.3973670666666667
"7AWI_1","7AWI","1",1.3973670666666667
"7AXP_1","7AXP","1",1.3973670666666667
"7AXX_1","7AXX","1",1.3973670666666667
"7AY1_5","7AY1","5",1.3973670666666667
"7B2M_2","7B2M","2",1.3973670666666667
"7B2P_2","7B2P","2",1.3973670666666667
"7B2R_1","7B2R","1",1.3973670666666667
"7B6W_1","7B6W","1",1.3973670666666667
"7B8W_1","7B8W","1",1.3973670666666667
"7B91_3","7B91","3",1.3973670666666667
"7B9C_3","7B9C","3",1.3973670666666667
"7BAM_1","7BAM","1",1.3973670666666667
"7BB6_2","7BB6","2",1.3973670666666667
"7BB7_2","7BB7","2",1.3973670666666667
"7BCQ_1","7BCQ","1",1.3973670666666667
"7BFP_2","7BFP","2",1.3973670666666667
"7BL1_1","7BL1","1",1.3973670666666667
"7BO3_1","7BO3","1",1.3973670666666667
"7BO4_1","7BO4","1",1.3973670666666667
"7BPY_1","7BPY","1",1.3973670666666667
"7BQ2_1","7BQ2","1",1.3973670666666667
"7BQ3_1","7BQ3","1",1.3973670666666667
"7BQU_1","7BQU","1",1.3973670666666667
"7BSU_1","7BSU","1",1.3973670666666667
"7BTS_1","7BTS","1",1.3973670666666667
"7BU6_1","7BU6","1",1.3973670666666667
"7BU7_1","7BU7","1",1.3973670666666667
"7BVQ_1","7BVQ","1",1.3973670666666667
"7BW7_1","7BW7","1",1.3973670666666667
"7BW8_1","7BW8","1",1.3973670666666667
"7BWA_1","7BWA","1",1.3973670666666667
"7BYL_1","7BYL","1",1.3973670666666667
"7BZ2_5","7BZ2","5",1.3973670666666667
"7C0M_7","7C0M","7",1.3973670666666667
"7C61_3","7C61","3",1.3973670666666667
"7C6P_1","7C6P","1",1.3973670666666667
"7C8E_1","7C8E","1",1.3973670666666667
"7C9V_5","7C9V","5",1.3973670666666667
"7CA5_2","7CA5","2",1.3973670666666667
"7CCM_1","7CCM","1",1.3973670666666667
"7CCQ_5","7CCQ","5",1.3973670666666667
"7CE3_3","7CE3","3",1.3973670666666667
"7CFP_1","7CFP","1",1.3973670666666667
"7CFQ_1","7CFQ","1",1.3973670666666667
"7CHM_1","7CHM","1",1.3973670666666667
"7CKO_1","7CKO","1",1.3973670666666667
"7CKW_2","7CKW","2",1.3973670666666667
"7CKX_5","7CKX","5",1.3973670666666667
"7CKY_2","7CKY","2",1.3973670666666667
"7CKY_5","7CKY","5",1.3973670666666667
"7CM3_1","7CM3","1",1.3973670666666667
"7CM3_2","7CM3","2",1.3973670666666667
"7CMU_5","7CMU","5",1.3973670666666667
"7CMV_2","7CMV","2",1.3973670666666667
"7CMV_5","7CMV","5",1.3973670666666667
"7CO8_1","7CO8","1",1.3973670666666667
"7COA_1","7COA","1",1.3973670666666667
"7CQI_1","7CQI","1",1.3973670666666667
"7CR0_1","7CR0","1",1.3973670666666667
"7CR2_1","7CR2","1",1.3973670666666667
"7CR4_1","7CR4","1",1.3973670666666667
"7CR7_1","7CR7","1",1.3973670666666667
"7CRH_2","7CRH","2",1.3973670666666667
"7CTE_2","7CTE","2",1.3973670666666667
"7CTF_3","7CTF","3",1.3973670666666667
"7CUN_1","7CUN","1",1.3973670666666667
"7CUN_2","7CUN","2",1.3973670666666667
"7CUX_1","7CUX","1",1.3973670666666667
"7CVP_1","7CVP","1",1.3973670666666667
"7CX2_1","7CX2","1",1.3973670666666667
"7CX3_1","7CX3","1",1.3973670666666667
"7D44_5","7D44","5",1.3973670666666667
"7D45_4","7D45","4",1.3973670666666667
"7D46_5","7D46","5",1.3973670666666667
"7D58_13","7D58","13",1.3973670666666667
"7D58_9","7D58","9",1.3973670666666667
"7D59_1","7D59","1",1.3973670666666667
"7D59_9","7D59","9",1.3973670666666667
"7D60_1","7D60","1",1.3973670666666667
"7D65_1","7D65","1",1.3973670666666667
"7D6J_1","7D6J","1",1.3973670666666667
"7D7M_2","7D7M","2",1.3973670666666667
"7D99_1","7D99","1",1.3973670666666667
"7DCE_2","7DCE","2",1.3973670666666667
"7DFL_1","7DFL","1",1.3973670666666667
"7DHI_5","7DHI","5",1.3973670666666667
"7DKM_1","7DKM","1",1.3973670666666667
"7DL2_1","7DL2","1",1.3973670666666667
"7DNO_1","7DNO","1",1.3973670666666667
"7DPM_1","7DPM","1",1.3973670666666667
"7DRT_1","7DRT","1",1.3973670666666667
"7DU2_17","7DU2","17",1.3973670666666667
"7DVQ_16","7DVQ","16",1.3973670666666667
"7DVQ_17","7DVQ","17",1.3973670666666667
"7DW9_1","7DW9","1",1.3973670666666667
"7E1T_1","7E1T","1",1.3973670666666667
"7E1Z_1","7E1Z","1",1.3973670666666667
"7E2G_1","7E2G","1",1.3973670666666667
"7E2X_2","7E2X","2",1.3973670666666667
"7E2Z_2","7E2Z","2",1.3973670666666667
"7E2Z_4","7E2Z","4",1.3973670666666667
"7E33_2","7E33","2",1.3973670666666667
"7E7Y_2","7E7Y","2",1.3973670666666667
"7E8B_2","7E8B","2",1.3973670666666667
"7E9H_1","7E9H","1",1.3973670666666667
"7EDX_2","7EDX","2",1.3973670666666667
"7EEK_1","7EEK","1",1.3973670666666667
"7EG0_2","7EG0","2",1.3973670666666667
"7EG7_2","7EG7","2",1.3973670666666667
"7EG8_1","7EG8","1",1.3973670666666667
"7EGA_1","7EGA","1",1.3973670666666667
"7EGC_3","7EGC","3",1.3973670666666667
"7EGD_2","7EGD","2",1.3973670666666667
"7EGE_2","7EGE","2",1.3973670666666667
"7EGH_1","7EGH","1",1.3973670666666667
"7EGJ_1","7EGJ","1",1.3973670666666667
"7EHL_1","7EHL","1",1.3973670666666667
"7EJ2_2","7EJ2","2",1.3973670666666667
"7EJA_2","7EJA","2",1.3973670666666667
"7EJX_3","7EJX","3",1.3973670666666667
"7EKP_1","7EKP","1",1.3973670666666667
"7EO2_1","7EO2","1",1.3973670666666667
"7EOS_1","7EOS","1",1.3973670666666667
"7EOT_1","7EOT","1",1.3973670666666667
"7EPA_1","7EPA","1",1.3973670666666667
"7EU7_2","7EU7","2",1.3973670666666667
"7EVZ_2","7EVZ","2",1.3973670666666667
"7EVZ_4","7EVZ","4",1.3973670666666667
"7EW0_2","7EW0","2",1.3973670666666667
"7EW1_5","7EW1","5",1.3973670666666667
"7EXD_2","7EXD","2",1.3973670666666667
"7EZK_2","7EZK","2",1.3973670666666667
"7EZK_3","7EZK","3",1.3973670666666667
"7EZM_2","7EZM","2",1.3973670666666667
"7F0J_1","7F0J","1",1.3973670666666667
"7F0T_3","7F0T","3",1.3973670666666667
"7F1Q_1","7F1Q","1",1.3973670666666667
"7F1Z_1","7F1Z","1",1.3973670666666667
"7F23_1","7F23","1",1.3973670666666667
"7F4F_2","7F4F","2",1.3973670666666667
"7F4H_5","7F4H","5",1.3973670666666667
"7F4I_4","7F4I","4",1.3973670666666667
"7F54_2","7F54","2",1.3973670666666667
"7F5O_1","7F5O","1",1.3973670666666667
"7F5S_1","7F5S","1",1.3973670666666667
"7F64_5","7F64","5",1.3973670666666667
"7F67_4","7F67","4",1.3973670666666667
"7F67_5","7F67","5",1.3973670666666667
"7F6H_3","7F6H","3",1.3973670666666667
"7F6I_3","7F6I","3",1.3973670666666667
"7F8U_1","7F8U","1",1.3973670666666667
"7F8V_2","7F8V","2",1.3973670666666667
"7F8Y_1","7F8Y","1",1.3973670666666667
"7F90_2","7F90","2",1.3973670666666667
"7FD8_1","7FD8","1",1.3973670666666667
"7FD9_1","7FD9","1",1.3973670666666667
"7FDA_8","7FDA","8",1.3973670666666667
"7FDC_8","7FDC","8",1.3973670666666667
"7FFR_1","7FFR","1",1.3973670666666667
"7FFS_1","7FFS","1",1.3973670666666667
"7FIG_5","7FIG","5",1.3973670666666667
"7FIH_4","7FIH","4",1.3973670666666667
"7FII_5","7FII","5",1.3973670666666667
"7FIJ_1","7FIJ","1",1.3973670666666667
"7FJD_6","7FJD","6",1.3973670666666667
"7FJE_6","7FJE","6",1.3973670666666667
"7FJF_6","7FJF","6",1.3973670666666667
"7FJI_9","7FJI","9",1.3973670666666667
"7FJJ_9","7FJJ","9",1.3973670666666667
"7FRV_1","7FRV","1",1.3973670666666667
"7FS0_1","7FS0","1",1.3973670666666667
"7FS2_1","7FS2","1",1.3973670666666667
"7FS5_1","7FS5","1",1.3973670666666667
"7FS7_1","7FS7","1",1.3973670666666667
"7FSA_1","7FSA","1",1.3973670666666667
"7FTH_1","7FTH","1",1.3973670666666667
"7FTP_1","7FTP","1",1.3973670666666667
"7FTQ_1","7FTQ","1",1.3973670666666667
"7FTR_1","7FTR","1",1.3973670666666667
"7FTY_1","7FTY","1",1.3973670666666667
"7FU0_1","7FU0","1",1.3973670666666667
"7FU1_1","7FU1","1",1.3973670666666667
"7FU3_1","7FU3","1",1.3973670666666667
"7FU4_1","7FU4","1",1.3973670666666667
"7FU7_1","7FU7","1",1.3973670666666667
"7FUB_1","7FUB","1",1.3973670666666667
"7FUH_1","7FUH","1",1.3973670666666667
"7FUL_1","7FUL","1",1.3973670666666667
"7FUO_1","7FUO","1",1.3973670666666667
"7FUP_1","7FUP","1",1.3973670666666667
"7FUQ_1","7FUQ","1",1.3973670666666667
"7FUR_1","7FUR","1",1.3973670666666667
"7I96_1","7I96","1",1.3973670666666667
"7I98_1","7I98","1",1.3973670666666667
"7I99_1","7I99","1",1.3973670666666667
"7I9A_1","7I9A","1",1.3973670666666667
"7I9H_1","7I9H","1",1.3973670666666667
"7I9I_1","7I9I","1",1.3973670666666667
"7JL0_3","7JL0","3",1.3973670666666667
"7JL2_3","7JL2","3",1.3973670666666667
"7JLO_1","7JLO","1",1.3973670666666667
"7JLP_1","7JLP","1",1.3973670666666667
"7JPR_3","7JPR","3",1.3973670666666667
"7JTO_1","7JTO","1",1.3973670666666667
"7JTP_4","7JTP","4",1.3973670666666667
"7JVP_3","7JVP","3",1.3973670666666667
"7JVR_3","7JVR","3",1.3973670666666667
"7JWS_1","7JWS","1",1.3973670666666667
"7JWV_1","7JWV","1",1.3973670666666667
"7JWW_1","7JWW","1",1.3973670666666667
"7K0J_2","7K0J","2",1.3973670666666667
"7K0K_2","7K0K","2",1.3973670666666667
"7K0N_1","7K0N","1",1.3973670666666667
"7K0N_2","7K0N","2",1.3973670666666667
"7K0O_2","7K0O","2",1.3973670666666667
"7K0P_1","7K0P","1",1.3973670666666667
"7K0P_2","7K0P","2",1.3973670666666667
"7K0Y_1","7K0Y","1",1.3973670666666667
"7K17_1","7K17","1",1.3973670666666667
"7K19_1","7K19","1",1.3973670666666667
"7K1B_1","7K1B","1",1.3973670666666667
"7K3D_1","7K3D","1",1.3973670666666667
"7K4E_1","7K4E","1",1.3973670666666667
"7K5I_15","7K5I","15",1.3973670666666667
"7K8Y_3","7K8Y","3",1.3973670666666667
"7KD7_1","7KD7","1",1.3973670666666667
"7KOQ_1","7KOQ","1",1.3973670666666667
"7KQL_3","7KQL","3",1.3973670666666667
"7KRJ_1","7KRJ","1",1.3973670666666667
"7KSI_1","7KSI","1",1.3973670666666667
"7KSJ_1","7KSJ","1",1.3973670666666667
"7KSO_5","7KSO","5",1.3973670666666667
"7KSZ_1","7KSZ","1",1.3973670666666667
"7KT2_1","7KT2","1",1.3973670666666667
"7KT3_1","7KT3","1",1.3973670666666667
"7KT5_1","7KT5","1",1.3973670666666667
"7KT8_1","7KT8","1",1.3973670666666667
"7KTA_1","7KTA","1",1.3973670666666667
"7KTC_1","7KTC","1",1.3973670666666667
"7KTF_1","7KTF","1",1.3973670666666667
"7KTK_1","7KTK","1",1.3973670666666667
"7KTM_1","7KTM","1",1.3973670666666667
"7KW7_1","7KW7","1",1.3973670666666667
"7KZP_1","7KZP","1",1.3973670666666667
"7KZP_2","7KZP","2",1.3973670666666667
"7KZP_8","7KZP","8",1.3973670666666667
"7KZQ_4","7KZQ","4",1.3973670666666667
"7KZR_2","7KZR","2",1.3973670666666667
"7KZS_3","7KZS","3",1.3973670666666667
"7KZT_11","7KZT","11",1.3973670666666667
"7KZT_8","7KZT","8",1.3973670666666667
"7KZV_1","7KZV","1",1.3973670666666667
"7KZV_2","7KZV","2",1.3973670666666667
"7L0R_5","7L0R","5",1.3973670666666667
"7L21_1","7L21","1",1.3973670666666667
"7L7G_1","7L7G","1",1.3973670666666667
"7L7G_4","7L7G","4",1.3973670666666667
"7L7J_2","7L7J","2",1.3973670666666667
"7LAW_2","7LAW","2",1.3973670666666667
"7LI3_1","7LI3","1",1.3973670666666667
"7LJC_1","7LJC","1",1.3973670666666667
"7LJD_1","7LJD","1",1.3973670666666667
"7LPS_2","7LPS","2",1.3973670666666667
"7LT1_1","7LT1","1",1.3973670666666667
"7LT3_3","7LT3","3",1.3973670666666667
"7LXV_7","7LXV","7",1.3973670666666667
"7LXV_8","7LXV","8",1.3973670666666667
"7M1S_1","7M1S","1",1.3973670666666667
"7M20_2","7M20","2",1.3973670666666667
"7M3F_1","7M3F","1",1.3973670666666667
"7M3G_1","7M3G","1",1.3973670666666667
"7M3J_1","7M3J","1",1.3973670666666667
"7M7M_1","7M7M","1",1.3973670666666667
"7M7O_1","7M7O","1",1.3973670666666667
"7M7U_1","7M7U","1",1.3973670666666667
"7M7Z_1","7M7Z","1",1.3973670666666667
"7M80_1","7M80","1",1.3973670666666667
"7M84_1","7M84","1",1.3973670666666667
"7M86_1","7M86","1",1.3973670666666667
"7M87_1","7M87","1",1.3973670666666667
"7M8B_1","7M8B","1",1.3973670666666667
"7MBM_2","7MBM","2",1.3973670666666667
"7MBX_6","7MBX","6",1.3973670666666667
"7MBY_4","7MBY","4",1.3973670666666667
"7MD4_3","7MD4","3",1.3973670666666667
"7MD5_3","7MD5","3",1.3973670666666667
"7MGL_1","7MGL","1",1.3973670666666667
"7MJD_1","7MJD","1",1.3973670666666667
"7MN6_1","7MN6","1",1.3973670666666667
"7MO7_2","7MO7","2",1.3973670666666667
"7MOB_2","7MOB","2",1.3973670666666667
"7MQ8_20","7MQ8","20",1.3973670666666667
"7MQ8_41","7MQ8","41",1.3973670666666667
"7MQ9_16","7MQ9","16",1.3973670666666667
"7MQ9_41","7MQ9","41",1.3973670666666667
"7MQ9_60","7MQ9","60",1.3973670666666667
"7MQ9_61","7MQ9","61",1.3973670666666667
"7MQA_23","7MQA","23",1.3973670666666667
"7MQA_53","7MQA","53",1.3973670666666667
"7MQA_59","7MQA","59",1.3973670666666667
"7MQR_1","7MQR","1",1.3973670666666667
"7MQR_3","7MQR","3",1.3973670666666667
"7MQS_1","7MQS","1",1.3973670666666667
"7MQS_2","7MQS","2",1.3973670666666667
"7MRZ_1","7MRZ","1",1.3973670666666667
"7MRZ_2","7MRZ","2",1.3973670666666667
"7MSG_2","7MSG","2",1.3973670666666667
"7MTQ_1","7MTQ","1",1.3973670666666667
"7MTS_3","7MTS","3",1.3973670666666667
"7MWE_1","7MWE","1",1.3973670666666667
"7MWF_1","7MWF","1",1.3973670666666667
"7MX2_2","7MX2","2",1.3973670666666667
"7N3T_1","7N3T","1",1.3973670666666667
"7N4X_1","7N4X","1",1.3973670666666667
"7N5S_1","7N5S","1",1.3973670666666667
"7N8S_1","7N8S","1",1.3973670666666667
"7NA8_2","7NA8","2",1.3973670666666667
"7NAO_7","7NAO","7",1.3973670666666667
"7NAP_8","7NAP","8",1.3973670666666667
"7NFE_1","7NFE","1",1.3973670666666667
"7NGB_1","7NGB","1",1.3973670666666667
"7NHJ_1","7NHJ","1",1.3973670666666667
"7NHT_14","7NHT","14",1.3973670666666667
"7NHT_15","7NHT","15",1.3973670666666667
"7NHT_7","7NHT","7",1.3973670666666667
"7NHU_1","7NHU","1",1.3973670666666667
"7NI9_1","7NI9","1",1.3973670666666667
"7NIA_1","7NIA","1",1.3973670666666667
"7NID_1","7NID","1",1.3973670666666667
"7NJ1_1","7NJ1","1",1.3973670666666667
"7NK0_1","7NK0","1",1.3973670666666667
"7NWU_2","7NWU","2",1.3973670666666667
"7NXJ_2","7NXJ","2",1.3973670666666667
"7NYC_4","7NYC","4",1.3973670666666667
"7NYC_6","7NYC","6",1.3973670666666667
"7O0R_1","7O0R","1",1.3973670666666667
"7O2E_1","7O2E","1",1.3973670666666667
"7O2H_1","7O2H","1",1.3973670666666667
"7O45_1","7O45","1",1.3973670666666667
"7O9M_37","7O9M","37",1.3973670666666667
"7OB9_1","7OB9","1",1.3973670666666667
"7OBA_9","7OBA","9",1.3973670666666667
"7OBB_1","7OBB","1",1.3973670666666667
"7ODR_41","7ODR","41",1.3973670666666667
"7ODS_4","7ODS","4",1.3973670666666667
"7ODT_6","7ODT","6",1.3973670666666667
"7OEH_1","7OEH","1",1.3973670666666667
"7OEI_1","7OEI","1",1.3973670666666667
"7OEJ_1","7OEJ","1",1.3973670666666667
"7OEK_1","7OEK","1",1.3973670666666667
"7OEL_1","7OEL","1",1.3973670666666667
"7OF0_53","7OF0","53",1.3973670666666667
"7OF3_53","7OF3","53",1.3973670666666667
"7OF5_13","7OF5","13",1.3973670666666667
"7OF5_17","7OF5","17",1.3973670666666667
"7OF5_38","7OF5","38",1.3973670666666667
"7OF5_53","7OF5","53",1.3973670666666667
"7OF6_37","7OF6","37",1.3973670666666667
"7OF7_13","7OF7","13",1.3973670666666667
"7OI7_33","7OI7","33",1.3973670666666667
"7OI7_49","7OI7","49",1.3973670666666667
"7OI9_33","7OI9","33",1.3973670666666667
"7OI9_49","7OI9","49",1.3973670666666667
"7OIA_33","7OIA","33",1.3973670666666667
"7OIB_49","7OIB","49",1.3973670666666667
"7OIC_52","7OIC","52",1.3973670666666667
"7OLY_4","7OLY","4",1.3973670666666667
"7OMF_3","7OMF","3",1.3973670666666667
"7ONI_1","7ONI","1",1.3973670666666667
"7OO3_16","7OO3","16",1.3973670666666667
"7OO3_19","7OO3","19",1.3973670666666667
"7OOB_18","7OOB","18",1.3973670666666667
"7OOP_23","7OOP","23",1.3973670666666667
"7OPL_1","7OPL","1",1.3973670666666667
"7OPN_1","7OPN","1",1.3973670666666667
"7OQL_1","7OQL","1",1.3973670666666667
"7OR4_1","7OR4","1",1.3973670666666667
"7OTY_1","7OTY","1",1.3973670666666667
"7OUH_2","7OUH","2",1.3973670666666667
"7OW7_4","7OW7","4",1.3973670666666667
"7P00_2","7P00","2",1.3973670666666667
"7P2Z_1","7P2Z","1",1.3973670666666667
"7P32_1","7P32","1",1.3973670666666667
"7P3I_1","7P3I","1",1.3973670666666667
"7P54_1","7P54","1",1.3973670666666667
"7P5J_1","7P5J","1",1.3973670666666667
"7P5M_1","7P5M","1",1.3973670666666667
"7P6T_1","7P6T","1",1.3973670666666667
"7PD3_52","7PD3","52",1.3973670666666667
"7PE7_1","7PE7","1",1.3973670666666667
"7PE9_1","7PE9","1",1.3973670666666667
"7PEA_1","7PEA","1",1.3973670666666667
"7PEC_1","7PEC","1",1.3973670666666667
"7PFO_15","7PFO","15",1.3973670666666667
"7PG0_1","7PG0","1",1.3973670666666667
"7PG2_1","7PG2","1",1.3973670666666667
"7PG4_2","7PG4","2",1.3973670666666667
"7PG9_1","7PG9","1",1.3973670666666667
"7PG9_8","7PG9","8",1.3973670666666667
"7PG9_9","7PG9","9",1.3973670666666667
"7PGK_1","7PGK","1",1.3973670666666667
"7PGL_1","7PGL","1",1.3973670666666667
"7PHI_1","7PHI","1",1.3973670666666667
"7PIV_1","7PIV","1",1.3973670666666667
"7PJF_1","7PJF","1",1.3973670666666667
"7PKS_24","7PKS","24",1.3973670666666667
"7PKS_25","7PKS","25",1.3973670666666667
"7PKS_27","7PKS","27",1.3973670666666667
"7PLO_6","7PLO","6",1.3973670666666667
"7PNX_4","7PNX","4",1.3973670666666667
"7PNY_10","7PNY","10",1.3973670666666667
"7PNY_4","7PNY","4",1.3973670666666667
"7PNZ_10","7PNZ","10",1.3973670666666667
"7PNZ_4","7PNZ","4",1.3973670666666667
"7PO1_4","7PO1","4",1.3973670666666667
"7PO3_10","7PO3","10",1.3973670666666667
"7PO4_35","7PO4","35",1.3973670666666667
"7POI_1","7POI","1",1.3973670666666667
"7PPB_2","7PPB","2",1.3973670666666667
"7PPC_1","7PPC","1",1.3973670666666667
"7PS0_3","7PS0","3",1.3973670666666667
"7PS6_5","7PS6","5",1.3973670666666667
"7PW4_1","7PW4","1",1.3973670666666667
"7PZP_1","7PZP","1",1.3973670666666667
"7Q15_1","7Q15","1",1.3973670666666667
"7Q1O_1","7Q1O","1",1.3973670666666667
"7Q3D_1","7Q3D","1",1.3973670666666667
"7Q3D_2","7Q3D","2",1.3973670666666667
"7Q5Z_1","7Q5Z","1",1.3973670666666667
"7Q60_1","7Q60","1",1.3973670666666667
"7Q61_1","7Q61","1",1.3973670666666667
"7QBQ_1","7QBQ","1",1.3973670666666667
"7QCL_1","7QCL","1",1.3973670666666667
"7QDR_2","7QDR","2",1.3973670666666667
"7QDY_2","7QDY","2",1.3973670666666667
"7QG6_2","7QG6","2",1.3973670666666667
"7QGF_1","7QGF","1",1.3973670666666667
"7QH6_41","7QH6","41",1.3973670666666667
"7QHD_1","7QHD","1",1.3973670666666667
"7QI5_4","7QI5","4",1.3973670666666667
"7QI5_70","7QI5","70",1.3973670666666667
"7QI6_4","7QI6","4",1.3973670666666667
"7QI6_68","7QI6","68",1.3973670666666667
"7QJ0_2","7QJ0","2",1.3973670666666667
"7QJ0_3","7QJ0","3",1.3973670666666667
"7QJ0_6","7QJ0","6",1.3973670666666667
"7QJ1_3","7QJ1","3",1.3973670666666667
"7QJ1_6","7QJ1","6",1.3973670666666667
"7QJ2_1","7QJ2","1",1.3973670666666667
"7QJ3_3","7QJ3","3",1.3973670666666667
"7QJ3_4","7QJ3","4",1.3973670666666667
"7QJ4_7","7QJ4","7",1.3973670666666667
"7QJ6_6","7QJ6","6",1.3973670666666667
"7QJ8_8","7QJ8","8",1.3973670666666667
"7QJ9_1","7QJ9","1",1.3973670666666667
"7QJB_7","7QJB","7",1.3973670666666667
"7QJD_7","7QJD","7",1.3973670666666667
"7QK9_1","7QK9","1",1.3973670666666667
"7QNA_3","7QNA","3",1.3973670666666667
"7QNC_2","7QNC","2",1.3973670666666667
"7QNE_2","7QNE","2",1.3973670666666667
"7QNE_3","7QNE","3",1.3973670666666667
"7QOO_5","7QOO","5",1.3973670666666667
"7QP6_40","7QP6","40",1.3973670666666667
"7QP7_26","7QP7","26",1.3973670666666667
"7QRW_1","7QRW","1",1.3973670666666667
"7QTT_3","7QTT","3",1.3973670666666667
"7QU8_1","7QU8","1",1.3973670666666667
"7QVK_1","7QVK","1",1.3973670666666667
"7QVM_5","7QVM","5",1.3973670666666667
"7QVP_9","7QVP","9",1.3973670666666667
"7QXN_19","7QXN","19",1.3973670666666667
"7QXN_3","7QXN","3",1.3973670666666667
"7QXP_1","7QXP","1",1.3973670666666667
"7QXP_19","7QXP","19",1.3973670666666667
"7QXP_27","7QXP","27",1.3973670666666667
"7QXP_3","7QXP","3",1.3973670666666667
"7QXU_3","7QXU","3",1.3973670666666667
"7QXX_1","7QXX","1",1.3973670666666667
"7QXX_19","7QXX","19",1.3973670666666667
"7QXX_3","7QXX","3",1.3973670666666667
"7QY7_19","7QY7","19",1.3973670666666667
"7QY7_26","7QY7","26",1.3973670666666667
"7QYA_27","7QYA","27",1.3973670666666667
"7QYB_1","7QYB","1",1.3973670666666667
"7QYB_26","7QYB","26",1.3973670666666667
"7QYB_3","7QYB","3",1.3973670666666667
"7R4X_8","7R4X","8",1.3973670666666667
"7R88_2","7R88","2",1.3973670666666667
"7R89_2","7R89","2",1.3973670666666667
"7R8A_2","7R8A","2",1.3973670666666667
"7R8B_2","7R8B","2",1.3973670666666667
"7RAN_3","7RAN","3",1.3973670666666667
"7RD5_3","7RD5","3",1.3973670666666667
"7RE5_1","7RE5","1",1.3973670666666667
"7RKD_1","7RKD","1",1.3973670666666667
"7RKF_2","7RKF","2",1.3973670666666667
"7RKX_2","7RKX","2",1.3973670666666667
"7RKY_2","7RKY","2",1.3973670666666667
"7RLO_1","7RLO","1",1.3973670666666667
"7RMG_2","7RMG","2",1.3973670666666667
"7RMG_4","7RMG","4",1.3973670666666667
"7RMH_5","7RMH","5",1.3973670666666667
"7RMI_4","7RMI","4",1.3973670666666667
"7ROQ_1","7ROQ","1",1.3973670666666667
"7RTG_1","7RTG","1",1.3973670666666667
"7RUT_1","7RUT","1",1.3973670666666667
"7RX6_1","7RX6","1",1.3973670666666667
"7RX7_1","7RX7","1",1.3973670666666667
"7RZE_2","7RZE","2",1.3973670666666667
"7RZF_2","7RZF","2",1.3973670666666667
"7S0Q_2","7S0Q","2",1.3973670666666667
"7S0Q_3","7S0Q","3",1.3973670666666667
"7S1M_2","7S1M","2",1.3973670666666667
"7S1Y_1","7S1Y","1",1.3973670666666667
"7S1Z_1","7S1Z","1",1.3973670666666667
"7S4N_2","7S4N","2",1.3973670666666667
"7S59_2","7S59","2",1.3973670666666667
"7S5A_1","7S5A","1",1.3973670666666667
"7S5V_1","7S5V","1",1.3973670666666667
"7S60_2","7S60","2",1.3973670666666667
"7S88_1","7S88","1",1.3973670666666667
"7S8L_4","7S8L","4",1.3973670666666667
"7S8M_2","7S8M","2",1.3973670666666667
"7S8V_1","7S8V","1",1.3973670666666667
"7SCG_1","7SCG","1",1.3973670666666667
"7SCV_2","7SCV","2",1.3973670666666667
"7SF7_1","7SF7","1",1.3973670666666667
"7SF8_3","7SF8","3",1.3973670666666667
"7SFL_1","7SFL","1",1.3973670666666667
"7SIC_1","7SIC","1",1.3973670666666667
"7SIM_1","7SIM","1",1.3973670666666667
"7SJ8_1","7SJ8","1",1.3973670666666667
"7SJA_1","7SJA","1",1.3973670666666667
"7SK2_1","7SK2","1",1.3973670666666667
"7SK6_1","7SK6","1",1.3973670666666667
"7SL1_3","7SL1","3",1.3973670666666667
"7SL7_4","7SL7","4",1.3973670666666667
"7SLV_1","7SLV","1",1.3973670666666667
"7SLX_1","7SLX","1",1.3973670666666667
"7SMC_1","7SMC","1",1.3973670666666667
"7SME_1","7SME","1",1.3973670666666667
"7SMP_1","7SMP","1",1.3973670666666667
"7SN1_2","7SN1","2",1.3973670666666667
"7SN3_2","7SN3","2",1.3973670666666667
"7SN3_3","7SN3","3",1.3973670666666667
"7SO0_2","7SO0","2",1.3973670666666667
"7SOY_2","7SOY","2",1.3973670666666667
"7SQO_1","7SQO","1",1.3973670666666667
"7SRR_2","7SRR","2",1.3973670666666667
"7SS8_1","7SS8","1",1.3973670666666667
"7SSX_1","7SSX","1",1.3973670666666667
"7SSZ_1","7SSZ","1",1.3973670666666667
"7STA_1","7STA","1",1.3973670666666667
"7STI_2","7STI","2",1.3973670666666667
"7SVM_1","7SVM","1",1.3973670666666667
"7SX3_2","7SX3","2",1.3973670666666667
"7SX3_4","7SX3","4",1.3973670666666667
"7SX4_1","7SX4","1",1.3973670666666667
"7SX4_2","7SX4","2",1.3973670666666667
"7SX4_5","7SX4","5",1.3973670666666667
"7SYE_1","7SYE","1",1.3973670666666667
"7SZ5_1","7SZ5","1",1.3973670666666667
"7SZ7_1","7SZ7","1",1.3973670666666667
"7T11_2","7T11","2",1.3973670666666667
"7T1E_1","7T1E","1",1.3973670666666667
"7T2G_2","7T2G","2",1.3973670666666667
"7T3A_1","7T3A","1",1.3973670666666667
"7T3B_2","7T3B","2",1.3973670666666667
"7T3B_3","7T3B","3",1.3973670666666667
"7T3C_1","7T3C","1",1.3973670666666667
"7T3C_10","7T3C","10",1.3973670666666667
"7T94_3","7T94","3",1.3973670666666667
"7T9I_4","7T9I","4",1.3973670666666667
"7T9I_6","7T9I","6",1.3973670666666667
"7TD1_1","7TD1","1",1.3973670666666667
"7TJ9_1","7TJ9","1",1.3973670666666667
"7TNH_1","7TNH","1",1.3973670666666667
"7TRK_2","7TRK","2",1.3973670666666667
"7TTH_1","7TTH","1",1.3973670666666667
"7TTN_2","7TTN","2",1.3973670666666667
"7TTT_2","7TTT","2",1.3973670666666667
"7TUZ_3","7TUZ","3",1.3973670666666667
"7TVA_1","7TVA","1",1.3973670666666667
"7TVB_1","7TVB","1",1.3973670666666667
"7TW0_2","7TW0","2",1.3973670666666667
"7TW1_2","7TW1","2",1.3973670666666667
"7TW5_2","7TW5","2",1.3973670666666667
"7TW6_2","7TW6","2",1.3973670666666667
"7TXH_3","7TXH","3",1.3973670666666667
"7TYO_2","7TYO","2",1.3973670666666667
"7U1M_1","7U1M","1",1.3973670666666667
"7U5C_5","7U5C","5",1.3973670666666667
"7U6D_2","7U6D","2",1.3973670666666667
"7U72_1","7U72","1",1.3973670666666667
"7U73_1","7U73","1",1.3973670666666667
"7U77_1","7U77","1",1.3973670666666667
"7U79_1","7U79","1",1.3973670666666667
"7U7B_1","7U7B","1",1.3973670666666667
"7U7D_1","7U7D","1",1.3973670666666667
"7U7G_1","7U7G","1",1.3973670666666667
"7U7I_1","7U7I","1",1.3973670666666667
"7U7K_1","7U7K","1",1.3973670666666667
"7U7R_1","7U7R","1",1.3973670666666667
"7U7S_1","7U7S","1",1.3973670666666667
"7U7V_1","7U7V","1",1.3973670666666667
"7U7Y_1","7U7Y","1",1.3973670666666667
"7U83_1","7U83","1",1.3973670666666667
"7U84_1","7U84","1",1.3973670666666667
"7U8F_1","7U8F","1",1.3973670666666667
"7U8G_1","7U8G","1",1.3973670666666667
"7U9U_1","7U9U","1",1.3973670666666667
"7U9Z_1","7U9Z","1",1.3973670666666667
"7UAI_2","7UAI","2",1.3973670666666667
"7UAS_1","7UAS","1",1.3973670666666667
"7UD5_8","7UD5","8",1.3973670666666667
"7UK5_1","7UK5","1",1.3973670666666667
"7UKC_1","7UKC","1",1.3973670666666667
"7UKE_1","7UKE","1",1.3973670666666667
"7UM7_1","7UM7","1",1.3973670666666667
"7UM7_3","7UM7","3",1.3973670666666667
"7UM9_1","7UM9","1",1.3973670666666667
"7UNF_12","7UNF","12",1.3973670666666667
"7UNF_13","7UNF","13",1.3973670666666667
"7UNK_1","7UNK","1",1.3973670666666667
"7USJ_1","7USJ","1",1.3973670666666667
"7USK_1","7USK","1",1.3973670666666667
"7USZ_1","7USZ","1",1.3973670666666667
"7UTZ_1","7UTZ","1",1.3973670666666667
"7UWJ_1","7UWJ","1",1.3973670666666667
"7UWK_1","7UWK","1",1.3973670666666667
"7UWL_1","7UWL","1",1.3973670666666667
"7UX2_4","7UX2","4",1.3973670666666667
"7UXA_3","7UXA","3",1.3973670666666667
"7UXC_1","7UXC","1",1.3973670666666667
"7UXC_5","7UXC","5",1.3973670666666667
"7UXH_1","7UXH","1",1.3973670666666667
"7UXH_5","7UXH","5",1.3973670666666667
"7UXH_6","7UXH","6",1.3973670666666667
"7UYS_1","7UYS","1",1.3973670666666667
"7UYU_1","7UYU","1",1.3973670666666667
"7UZS_1","7UZS","1",1.3973670666666667
"7V0K_1","7V0K","1",1.3973670666666667
"7V3P_1","7V3P","1",1.3973670666666667
"7V5G_2","7V5G","2",1.3973670666666667
"7V5M_9","7V5M","9",1.3973670666666667
"7V7C_1","7V7C","1",1.3973670666666667
"7VBB_1","7VBB","1",1.3973670666666667
"7VBB_8","7VBB","8",1.3973670666666667
"7VBC_1","7VBC","1",1.3973670666666667
"7VDH_3","7VDH","3",1.3973670666666667
"7VDL_2","7VDL","2",1.3973670666666667
"7VF2_1","7VF2","1",1.3973670666666667
"7VF2_2","7VF2","2",1.3973670666666667
"7VF5_1","7VF5","1",1.3973670666666667
"7VFX_3","7VFX","3",1.3973670666666667
"7VGJ_1","7VGJ","1",1.3973670666666667
"7VGX_4","7VGX","4",1.3973670666666667
"7VHY_1","7VHY","1",1.3973670666666667
"7VIE_1","7VIE","1",1.3973670666666667
"7VIE_4","7VIE","4",1.3973670666666667
"7VIF_4","7VIF","4",1.3973670666666667
"7VIG_4","7VIG","4",1.3973670666666667
"7VL8_2","7VL8","2",1.3973670666666667
"7VL8_4","7VL8","4",1.3973670666666667
"7VLA_5","7VLA","5",1.3973670666666667
"7VNP_1","7VNP","1",1.3973670666666667
"7VNQ_1","7VNQ","1",1.3973670666666667
"7VNR_1","7VNR","1",1.3973670666666667
"7VPX_5","7VPX","5",1.3973670666666667
"7VR0_1","7VR0","1",1.3973670666666667
"7VSG_1","7VSG","1",1.3973670666666667
"7VUI_2","7VUI","2",1.3973670666666667
"7VUY_3","7VUY","3",1.3973670666666667
"7VV5_2","7VV5","2",1.3973670666666667
"7VXA_2","7VXA","2",1.3973670666666667
"7VXB_2","7VXB","2",1.3973670666666667
"7VXC_2","7VXC","2",1.3973670666666667
"7VXF_2","7VXF","2",1.3973670666666667
"7W0L_4","7W0L","4",1.3973670666666667
"7W0M_2","7W0M","2",1.3973670666666667
"7W0O_2","7W0O","2",1.3973670666666667
"7W0P_2","7W0P","2",1.3973670666666667
"7W0P_4","7W0P","4",1.3973670666666667
"7W1Y_6","7W1Y","6",1.3973670666666667
"7W37_14","7W37","14",1.3973670666666667
"7W37_15","7W37","15",1.3973670666666667
"7W37_7","7W37","7",1.3973670666666667
"7W3A_14","7W3A","14",1.3973670666666667
"7W3A_24","7W3A","24",1.3973670666666667
"7W3A_7","7W3A","7",1.3973670666666667
"7W3B_21","7W3B","21",1.3973670666666667
"7W3C_14","7W3C","14",1.3973670666666667
"7W3C_33","7W3C","33",1.3973670666666667
"7W3F_21","7W3F","21",1.3973670666666667
"7W3F_7","7W3F","7",1.3973670666666667
"7W3G_14","7W3G","14",1.3973670666666667
"7W3H_14","7W3H","14",1.3973670666666667
"7W3I_16","7W3I","16",1.3973670666666667
"7W3J_10","7W3J","10",1.3973670666666667
"7W3J_23","7W3J","23",1.3973670666666667
"7W3J_24","7W3J","24",1.3973670666666667
"7W3K_23","7W3K","23",1.3973670666666667
"7W3M_7","7W3M","7",1.3973670666666667
"7W53_6","7W53","6",1.3973670666666667
"7W56_6","7W56","6",1.3973670666666667
"7W59_16","7W59","16",1.3973670666666667
"7W59_9","7W59","9",1.3973670666666667
"7W5A_4","7W5A","4",1.3973670666666667
"7W5B_23","7W5B","23",1.3973670666666667
"7W5B_25","7W5B","25",1.3973670666666667
"7W5B_40","7W5B","40",1.3973670666666667
"7W6P_2","7W6P","2",1.3973670666666667
"7W77_3","7W77","3",1.3973670666666667
"7W99_2","7W99","2",1.3973670666666667
"7W9K_1","7W9K","1",1.3973670666666667
"7W9T_1","7W9T","1",1.3973670666666667
"7WC0_2","7WC0","2",1.3973670666666667
"7WCN_2","7WCN","2",1.3973670666666667
"7WE4_1","7WE4","1",1.3973670666666667
"7WF7_1","7WF7","1",1.3973670666666667
"7WF7_3","7WF7","3",1.3973670666666667
"7WI6_1","7WI6","1",1.3973670666666667
"7WI7_2","7WI7","2",1.3973670666666667
"7WI8_1","7WI8","1",1.3973670666666667
"7WIH_1","7WIH","1",1.3973670666666667
"7WJ5_2","7WJ5","2",1.3973670666666667
"7WJI_5","7WJI","5",1.3973670666666667
"7WK5_1","7WK5","1",1.3973670666666667
"7WK6_2","7WK6","2",1.3973670666666667
"7WLX_1","7WLX","1",1.3973670666666667
"7WMG_1","7WMG","1",1.3973670666666667
"7WMN_1","7WMN","1",1.3973670666666667
"7WR0_1","7WR0","1",1.3973670666666667
"7WR6_1","7WR6","1",1.3973670666666667
"7WRQ_2","7WRQ","2",1.3973670666666667
"7WTS_17","7WTS","17",1.3973670666666667
"7WTT_27","7WTT","27",1.3973670666666667
"7WTT_32","7WTT","32",1.3973670666666667
"7WTU_27","7WTU","27",1.3973670666666667
"7WTV_31","7WTV","31",1.3973670666666667
"7WTW_32","7WTW","32",1.3973670666666667
"7WU0_18","7WU0","18",1.3973670666666667
"7WU4_2","7WU4","2",1.3973670666666667
"7WU5_2","7WU5","2",1.3973670666666667
"7WU7_14","7WU7","14",1.3973670666666667
"7WUI_2","7WUI","2",1.3973670666666667
"7WV9_2","7WV9","2",1.3973670666666667
"7WVK_1","7WVK","1",1.3973670666666667
"7WVQ_2","7WVQ","2",1.3973670666666667
"7WVW_4","7WVW","4",1.3973670666666667
"7WVX_4","7WVX","4",1.3973670666666667
"7WVY_4","7WVY","4",1.3973670666666667
"7WXU_2","7WXU","2",1.3973670666666667
"7WY0_2","7WY0","2",1.3973670666666667
"7WZ4_1","7WZ4","1",1.3973670666666667
"7X10_2","7X10","2",1.3973670666666667
"7X2D_3","7X2D","3",1.3973670666666667
"7X2F_4","7X2F","4",1.3973670666666667
"7X2U_1","7X2U","1",1.3973670666666667
"7X79_1","7X79","1",1.3973670666666667
"7X7X_1","7X7X","1",1.3973670666666667
"7X7Y_7","7X7Y","7",1.3973670666666667
"7X9B_2","7X9B","2",1.3973670666666667
"7X9C_3","7X9C","3",1.3973670666666667
"7X9E_2","7X9E","2",1.3973670666666667
"7X9Y_4","7X9Y","4",1.3973670666666667
"7XA3_2","7XA3","2",1.3973670666666667
"7XA3_4","7XA3","4",1.3973670666666667
"7XBD_3","7XBD","3",1.3973670666666667
"7XDT_1","7XDT","1",1.3973670666666667
"7XGR_1","7XGR","1",1.3973670666666667
"7XHN_3","7XHN","3",1.3973670666666667
"7XHO_3","7XHO","3",1.3973670666666667
"7XHO_5","7XHO","5",1.3973670666666667
"7XJK_3","7XJK","3",1.3973670666666667
"7XJK_6","7XJK","6",1.3973670666666667
"7XJL_6","7XJL","6",1.3973670666666667
"7XKD_2","7XKD","2",1.3973670666666667
"7XLC_1","7XLC","1",1.3973670666666667
"7XMG_1","7XMG","1",1.3973670666666667
"7XMS_3","7XMS","3",1.3973670666666667
"7XNX_4","7XNX","4",1.3973670666666667
"7XNX_78","7XNX","78",1.3973670666666667
"7XNY_79","7XNY","79",1.3973670666666667
"7XT8_5","7XT8","5",1.3973670666666667
"7XUH_1","7XUH","1",1.3973670666666667
"7XV3_5","7XV3","5",1.3973670666666667
"7XVF_1","7XVF","1",1.3973670666666667
"7XW5_6","7XW5","6",1.3973670666666667
"7XW7_2","7XW7","2",1.3973670666666667
"7XXA_2","7XXA","2",1.3973670666666667
"7XZ5_2","7XZ5","2",1.3973670666666667
"7XZ6_2","7XZ6","2",1.3973670666666667
"7Y1F_4","7Y1F","4",1.3973670666666667
"7Y1R_1","7Y1R","1",1.3973670666666667
"7Y1T_3","7Y1T","3",1.3973670666666667
"7Y24_2","7Y24","2",1.3973670666666667
"7Y26_1","7Y26","1",1.3973670666666667
"7Y3G_2","7Y3G","2",1.3973670666666667
"7Y4S_1","7Y4S","1",1.3973670666666667
"7Y5L_2","7Y5L","2",1.3973670666666667
"7Y61_6","7Y61","6",1.3973670666666667
"7Y65_6","7Y65","6",1.3973670666666667
"7Y67_2","7Y67","2",1.3973670666666667
"7Y7Y_1","7Y7Y","1",1.3973670666666667
"7Y89_2","7Y89","2",1.3973670666666667
"7YAI_1","7YAI","1",1.3973670666666667
"7YCX_3","7YCX","3",1.3973670666666667
"7YCX_7","7YCX","7",1.3973670666666667
"7YDP_5","7YDP","5",1.3973670666666667
"7YFC_2","7YFC","2",1.3973670666666667
"7YFF_2","7YFF","2",1.3973670666666667
"7YFL_2","7YFL","2",1.3973670666666667
"7YFM_1","7YFM","1",1.3973670666666667
"7YFO_1","7YFO","1",1.3973670666666667
"7YFR_2","7YFR","2",1.3973670666666667
"7YIU_1","7YIU","1",1.3973670666666667
"7YIU_5","7YIU","5",1.3973670666666667
"7YJ4_1","7YJ4","1",1.3973670666666667
"7YK4_3","7YK4","3",1.3973670666666667
"7YK6_5","7YK6","5",1.3973670666666667
"7YKD_4","7YKD","4",1.3973670666666667
"7YM8_2","7YM8","2",1.3973670666666667
"7YNZ_1","7YNZ","1",1.3973670666666667
"7YO1_1","7YO1","1",1.3973670666666667
"7YON_2","7YON","2",1.3973670666666667
"7YOO_2","7YOO","2",1.3973670666666667
"7YQ3_3","7YQ3","3",1.3973670666666667
"7YQ5_1","7YQ5","1",1.3973670666666667
"7YQ5_4","7YQ5","4",1.3973670666666667
"7YQ6_1","7YQ6","1",1.3973670666666667
"7YRU_1","7YRU","1",1.3973670666666667
"7YS6_2","7YS6","2",1.3973670666666667
"7YU3_4","7YU3","4",1.3973670666666667
"7YU4_1","7YU4","1",1.3973670666666667
"7YU6_4","7YU6","4",1.3973670666666667
"7YU7_2","7YU7","2",1.3973670666666667
"7YUD_4","7YUD","4",1.3973670666666667
"7YUF_4","7YUF","4",1.3973670666666667
"7Z37_1","7Z37","1",1.3973670666666667
"7Z5Q_1","7Z5Q","1",1.3973670666666667
"7Z6H_5","7Z6H","5",1.3973670666666667
"7Z8R_2","7Z8R","2",1.3973670666666667
"7Z8V_2","7Z8V","2",1.3973670666666667
"7ZA1_2","7ZA1","2",1.3973670666666667
"7ZAN_2","7ZAN","2",1.3973670666666667
"7ZAW_1","7ZAW","1",1.3973670666666667
"7ZDD_1","7ZDD","1",1.3973670666666667
"7ZEP_1","7ZEP","1",1.3973670666666667
"7ZF1_1","7ZF1","1",1.3973670666666667
"7ZJF_1","7ZJF","1",1.3973670666666667
"7ZL9_1","7ZL9","1",1.3973670666666667
"7ZPB_1","7ZPB","1",1.3973670666666667
"7ZR0_1","7ZR0","1",1.3973670666666667
"7ZY6_1","7ZY6","1",1.3973670666666667
"8A1G_2","8A1G","2",1.3973670666666667
"8A3D_4","8A3D","4",1.3973670666666667
"8A3P_1","8A3P","1",1.3973670666666667
"8A7E_2","8A7E","2",1.3973670666666667
"8A9K_5","8A9K","5",1.3973670666666667
"8ABQ_2","8ABQ","2",1.3973670666666667
"8AG1_3","8AG1","3",1.3973670666666667
"8AM1_1","8AM1","1",1.3973670666666667
"8ANY_67","8ANY","67",1.3973670666666667
"8ANY_88","8ANY","88",1.3973670666666667
"8AVO_2","8AVO","2",1.3973670666666667
"8AYH_2","8AYH","2",1.3973670666666667
"8B0G_6","8B0G","6",1.3973670666666667
"8B0H_1","8B0H","1",1.3973670666666667
"8B0H_5","8B0H","5",1.3973670666666667
"8B3D_17","8B3D","17",1.3973670666666667
"8B3G_6","8B3G","6",1.3973670666666667
"8B3I_5","8B3I","5",1.3973670666666667
"8B5F_1","8B5F","1",1.3973670666666667
"8B6L_1","8B6L","1",1.3973670666666667
"8B9D_6","8B9D","6",1.3973670666666667
"8BB3_4","8BB3","4",1.3973670666666667
"8BB4_4","8BB4","4",1.3973670666666667
"8BBF_2","8BBF","2",1.3973670666666667
"8BBG_2","8BBG","2",1.3973670666666667
"8BD8_1","8BD8","1",1.3973670666666667
"8BD9_1","8BD9","1",1.3973670666666667
"8BDC_1","8BDC","1",1.3973670666666667
"8BDX_1","8BDX","1",1.3973670666666667
"8BPY_1","8BPY","1",1.3973670666666667
"8BTL_1","8BTL","1",1.3973670666666667
"8BU2_3","8BU2","3",1.3973670666666667
"8BU4_3","8BU4","3",1.3973670666666667
"8BU7_3","8BU7","3",1.3973670666666667
"8BUB_3","8BUB","3",1.3973670666666667
"8BUI_3","8BUI","3",1.3973670666666667
"8BUR_3","8BUR","3",1.3973670666666667
"8BUS_3","8BUS","3",1.3973670666666667
"8BUX_1","8BUX","1",1.3973670666666667
"8BWI_1","8BWI","1",1.3973670666666667
"8BWL_2","8BWL","2",1.3973670666666667
"8BWM_2","8BWM","2",1.3973670666666667
"8BWN_2","8BWN","2",1.3973670666666667
"8BZL_9","8BZL","9",1.3973670666666667
"8C07_1","8C07","1",1.3973670666666667
"8C3P_1","8C3P","1",1.3973670666666667
"8C6J_26","8C6J","26",1.3973670666666667
"8C7H_3","8C7H","3",1.3973670666666667
"8C7Z_1","8C7Z","1",1.3973670666666667
"8CDJ_3","8CDJ","3",1.3973670666666667
"8CDK_2","8CDK","2",1.3973670666666667
"8CGO_1","8CGO","1",1.3973670666666667
"8CH6_39","8CH6","39",1.3973670666666667
"8CHF_1","8CHF","1",1.3973670666666667
"8CKS_1","8CKS","1",1.3973670666666667
"8CLI_1","8CLI","1",1.3973670666666667
"8CLJ_1","8CLJ","1",1.3973670666666667
"8CLK_1","8CLK","1",1.3973670666666667
"8CS9_4","8CS9","4",1.3973670666666667
"8CSP_5","8CSP","5",1.3973670666666667
"8CSQ_6","8CSQ","6",1.3973670666666667
"8CSS_17","8CSS","17",1.3973670666666667
"8CSS_6","8CSS","6",1.3973670666666667
"8CST_16","8CST","16",1.3973670666666667
"8CSU_17","8CSU","17",1.3973670666666667
"8CSU_7","8CSU","7",1.3973670666666667
"8CSW_1","8CSW","1",1.3973670666666667
"8CSX_1","8CSX","1",1.3973670666666667
"8CTE_4","8CTE","4",1.3973670666666667
"8CTH_2","8CTH","2",1.3973670666666667
"8CV6_1","8CV6","1",1.3973670666666667
"8CVP_2","8CVP","2",1.3973670666666667
"8CVR_8","8CVR","8",1.3973670666666667
"8CVS_14","8CVS","14",1.3973670666666667
"8CVT_15","8CVT","15",1.3973670666666667
"8CVT_21","8CVT","21",1.3973670666666667
"8CXI_4","8CXI","4",1.3973670666666667
"8D0B_6","8D0B","6",1.3973670666666667
"8D0K_1","8D0K","1",1.3973670666666667
"8D0K_6","8D0K","6",1.3973670666666667
"8D33_1","8D33","1",1.3973670666666667
"8D3R_1","8D3R","1",1.3973670666666667
"8D43_2","8D43","2",1.3973670666666667
"8D46_1","8D46","1",1.3973670666666667
"8D4F_6","8D4F","6",1.3973670666666667
"8D4R_4","8D4R","4",1.3973670666666667
"8D58_2","8D58","2",1.3973670666666667
"8D6A_3","8D6A","3",1.3973670666666667
"8D6E_1","8D6E","1",1.3973670666666667
"8D6F_1","8D6F","1",1.3973670666666667
"8D74_4","8D74","4",1.3973670666666667
"8D7W_2","8D7W","2",1.3973670666666667
"8D85_3","8D85","3",1.3973670666666667
"8D8O_1","8D8O","1",1.3973670666666667
"8DD7_2","8DD7","2",1.3973670666666667
"8DDW_3","8DDW","3",1.3973670666666667
"8DDX_3","8DDX","3",1.3973670666666667
"8DE6_3","8DE6","3",1.3973670666666667
"8DEY_1","8DEY","1",1.3973670666666667
"8DFL_1","8DFL","1",1.3973670666666667
"8DFP_1","8DFP","1",1.3973670666666667
"8DFQ_1","8DFQ","1",1.3973670666666667
"8DGS_1","8DGS","1",1.3973670666666667
"8DKW_3","8DKW","3",1.3973670666666667
"8DNM_1","8DNM","1",1.3973670666666667
"8DNO_1","8DNO","1",1.3973670666666667
"8DNW_3","8DNW","3",1.3973670666666667
"8DNZ_3","8DNZ","3",1.3973670666666667
"8DO2_3","8DO2","3",1.3973670666666667
"8DP5_4","8DP5","4",1.3973670666666667
"8DPH_3","8DPH","3",1.3973670666666667
"8DS6_1","8DS6","1",1.3973670666666667
"8DU4_7","8DU4","7",1.3973670666666667
"8DU4_8","8DU4","8",1.3973670666666667
"8DWI_1","8DWI","1",1.3973670666666667
"8DWK_2","8DWK","2",1.3973670666666667
"8DWT_1","8DWT","1",1.3973670666666667
"8DWU_1","8DWU","1",1.3973670666666667
"8DWV_1","8DWV","1",1.3973670666666667
"8DYO_1","8DYO","1",1.3973670666666667
"8E0Q_1","8E0Q","1",1.3973670666666667
"8E3D_1","8E3D","1",1.3973670666666667
"8E5A_1","8E5A","1",1.3973670666666667
"8E5B_1","8E5B","1",1.3973670666666667
"8E85_1","8E85","1",1.3973670666666667
"8E87_1","8E87","1",1.3973670666666667
"8E8E_1","8E8E","1",1.3973670666666667
"8E8H_1","8E8H","1",1.3973670666666667
"8E97_2","8E97","2",1.3973670666666667
"8E99_1","8E99","1",1.3973670666666667
"8E99_2","8E99","2",1.3973670666666667
"8E99_3","8E99","3",1.3973670666666667
"8E9W_3","8E9W","3",1.3973670666666667
"8E9X_3","8E9X","3",1.3973670666666667
"8E9Z_3","8E9Z","3",1.3973670666666667
"8EBW_5","8EBW","5",1.3973670666666667
"8EDW_1","8EDW","1",1.3973670666666667
"8EE6_1","8EE6","1",1.3973670666666667
"8EG0_1","8EG0","1",1.3973670666666667
"8EIH_1","8EIH","1",1.3973670666666667
"8EIT_2","8EIT","2",1.3973670666666667
"8EJ4_1","8EJ4","1",1.3973670666666667
"8EMX_2","8EMX","2",1.3973670666666667
"8EOA_1","8EOA","1",1.3973670666666667
"8EOP_1","8EOP","1",1.3973670666666667
"8ES9_2","8ES9","2",1.3973670666666667
"8EUC_2","8EUC","2",1.3973670666666667
"8EVB_2","8EVB","2",1.3973670666666667
"8EVC_2","8EVC","2",1.3973670666666667
"8EVE_1","8EVE","1",1.3973670666666667
"8EZA_4","8EZA","4",1.3973670666666667
"8F0J_4","8F0J","4",1.3973670666666667
"8F0P_1","8F0P","1",1.3973670666666667
"8F7X_1","8F7X","1",1.3973670666666667
"8FAC_1","8FAC","1",1.3973670666666667
"8FEG_2","8FEG","2",1.3973670666666667
"8FFJ_1","8FFJ","1",1.3973670666666667
"8FFW_3","8FFW","3",1.3973670666666667
"8FHD_1","8FHD","1",1.3973670666666667
"8FJ0_2","8FJ0","2",1.3973670666666667
"8FK9_2","8FK9","2",1.3973670666666667
"8FKP_36","8FKP","36",1.3973670666666667
"8FKU_37","8FKU","37",1.3973670666666667
"8FKV_52","8FKV","52",1.3973670666666667
"8FKW_52","8FKW","52",1.3973670666666667
"8FKX_49","8FKX","49",1.3973670666666667
"8FKX_52","8FKX","52",1.3973670666666667
"8FKY_55","8FKY","55",1.3973670666666667
"8FKY_58","8FKY","58",1.3973670666666667
"8FL4_44","8FL4","44",1.3973670666666667
"8FLA_46","8FLA","46",1.3973670666666667
"8FLC_44","8FLC","44",1.3973670666666667
"8FLD_45","8FLD","45",1.3973670666666667
"8FLE_44","8FLE","44",1.3973670666666667
"8FLR_2","8FLR","2",1.3973670666666667
"8FLS_2","8FLS","2",1.3973670666666667
"8FN0_3","8FN0","3",1.3973670666666667
"8FN1_4","8FN1","4",1.3973670666666667
"8FO2_2","8FO2","2",1.3973670666666667
"8FO9_1","8FO9","1",1.3973670666666667
"8FP1_1","8FP1","1",1.3973670666666667
"8FPQ_2","8FPQ","2",1.3973670666666667
"8FVI_6","8FVI","6",1.3973670666666667
"8FVJ_5","8FVJ","5",1.3973670666666667
"8FVL_2","8FVL","2",1.3973670666666667
"8FVM_2","8FVM","2",1.3973670666666667
"8FVO_2","8FVO","2",1.3973670666666667
"8FVP_2","8FVP","2",1.3973670666666667
"8FW2_1","8FW2","1",1.3973670666666667
"8FX5_2","8FX5","2",1.3973670666666667
"8FXS_1","8FXS","1",1.3973670666666667
"8FY3_2","8FY3","2",1.3973670666666667
"8FYL_4","8FYL","4",1.3973670666666667
"8FYX_4","8FYX","4",1.3973670666666667
"8G04_2","8G04","2",1.3973670666666667
"8G2E_1","8G2E","1",1.3973670666666667
"8G3C_1","8G3C","1",1.3973670666666667
"8G46_3","8G46","3",1.3973670666666667
"8G59_1","8G59","1",1.3973670666666667
"8G5Y_15","8G5Y","15",1.3973670666666667
"8G5Z_15","8G5Z","15",1.3973670666666667
"8G5Z_39","8G5Z","39",1.3973670666666667
"8G60_36","8G60","36",1.3973670666666667
"8G60_39","8G60","39",1.3973670666666667
"8G6J_36","8G6J","36",1.3973670666666667
"8G7T_2","8G7T","2",1.3973670666666667
"8G94_3","8G94","3",1.3973670666666667
"8GDB_2","8GDB","2",1.3973670666666667
"8GDZ_2","8GDZ","2",1.3973670666666667
"8GE1_2","8GE1","2",1.3973670666666667
"8GE3_2","8GE3","2",1.3973670666666667
"8GE4_4","8GE4","4",1.3973670666666667
"8GE5_2","8GE5","2",1.3973670666666667
"8GE5_4","8GE5","4",1.3973670666666667
"8GE6_4","8GE6","4",1.3973670666666667
"8GE8_2","8GE8","2",1.3973670666666667
"8GE9_2","8GE9","2",1.3973670666666667
"8GEA_2","8GEA","2",1.3973670666666667
"8GEB_2","8GEB","2",1.3973670666666667
"8GEC_4","8GEC","4",1.3973670666666667
"8GED_2","8GED","2",1.3973670666666667
"8GED_4","8GED","4",1.3973670666666667
"8GEE_4","8GEE","4",1.3973670666666667
"8GEF_4","8GEF","4",1.3973670666666667
"8GEG_4","8GEG","4",1.3973670666666667
"8GEH_4","8GEH","4",1.3973670666666667
"8GEI_4","8GEI","4",1.3973670666666667
"8GEJ_2","8GEJ","2",1.3973670666666667
"8GEJ_4","8GEJ","4",1.3973670666666667
"8GFY_4","8GFY","4",1.3973670666666667
"8GG1_4","8GG1","4",1.3973670666666667
"8GG5_4","8GG5","4",1.3973670666666667
"8GG6_4","8GG6","4",1.3973670666666667
"8GG9_2","8GG9","2",1.3973670666666667
"8GGA_4","8GGA","4",1.3973670666666667
"8GGC_2","8GGC","2",1.3973670666666667
"8GGE_2","8GGE","2",1.3973670666666667
"8GGP_1","8GGP","1",1.3973670666666667
"8GGS_1","8GGS","1",1.3973670666666667
"8GGY_1","8GGY","1",1.3973670666666667
"8GGZ_1","8GGZ","1",1.3973670666666667
"8GH1_1","8GH1","1",1.3973670666666667
"8GHG_1","8GHG","1",1.3973670666666667
"8GKR_1","8GKR","1",1.3973670666666667
"8GNN_1","8GNN","1",1.3973670666666667
"8GP5_3","8GP5","3",1.3973670666666667
"8GPT_3","8GPT","3",1.3973670666666667
"8GPU_3","8GPU","3",1.3973670666666667
"8GPY_2","8GPY","2",1.3973670666666667
"8GRH_2","8GRH","2",1.3973670666666667
"8GRS_1","8GRS","1",1.3973670666666667
"8GSG_1","8GSG","1",1.3973670666666667
"8GUI_8","8GUI","8",1.3973670666666667
"8GUJ_7","8GUJ","7",1.3973670666666667
"8GUJ_8","8GUJ","8",1.3973670666666667
"8GUQ_4","8GUQ","4",1.3973670666666667
"8GUT_2","8GUT","2",1.3973670666666667
"8GXS_31","8GXS","31",1.3973670666666667
"8GXS_6","8GXS","6",1.3973670666666667
"8GYW_1","8GYW","1",1.3973670666666667
"8GZ2_2","8GZ2","2",1.3973670666666667
"8H0O_1","8H0O","1",1.3973670666666667
"8H0P_2","8H0P","2",1.3973670666666667
"8H0Q_1","8H0Q","1",1.3973670666666667
"8H0Q_4","8H0Q","4",1.3973670666666667
"8H2G_1","8H2G","1",1.3973670666666667
"8H2G_3","8H2G","3",1.3973670666666667
"8H4I_2","8H4I","2",1.3973670666666667
"8H4L_2","8H4L","2",1.3973670666666667
"8H6J_41","8H6J","41",1.3973670666666667
"8H6K_28","8H6K","28",1.3973670666666667
"8H6K_36","8H6K","36",1.3973670666666667
"8H6K_43","8H6K","43",1.3973670666666667
"8H6K_6","8H6K","6",1.3973670666666667
"8H6L_28","8H6L","28",1.3973670666666667
"8H7G_9","8H7G","9",1.3973670666666667
"8H8J_2","8H8J","2",1.3973670666666667
"8H8X_1","8H8X","1",1.3973670666666667
"8HAG_5","8HAG","5",1.3973670666666667
"8HAH_6","8HAH","6",1.3973670666666667
"8HCX_3","8HCX","3",1.3973670666666667
"8HEI_1","8HEI","1",1.3973670666666667
"8HEN_1","8HEN","1",1.3973670666666667
"8HF3_1","8HF3","1",1.3973670666666667
"8HGF_1","8HGF","1",1.3973670666666667
"8HGO_2","8HGO","2",1.3973670666666667
"8HGS_1","8HGS","1",1.3973670666666667
"8HJ2_1","8HJ2","1",1.3973670666666667
"8HK1_11","8HK1","11",1.3973670666666667
"8HK2_1","8HK2","1",1.3973670666666667
"8HK5_1","8HK5","1",1.3973670666666667
"8HK5_2","8HK5","2",1.3973670666666667
"8HKI_7","8HKI","7",1.3973670666666667
"8HL7_1","8HL7","1",1.3973670666666667
"8HMQ_1","8HMQ","1",1.3973670666666667
"8HMY_1","8HMY","1",1.3973670666666667
"8HN8_2","8HN8","2",1.3973670666666667
"8HNA_1","8HNA","1",1.3973670666666667
"8HNK_2","8HNK","2",1.3973670666666667
"8HNK_4","8HNK","4",1.3973670666666667
"8HNL_2","8HNL","2",1.3973670666666667
"8HNL_4","8HNL","4",1.3973670666666667
"8HNM_4","8HNM","4",1.3973670666666667
"8HNN_2","8HNN","2",1.3973670666666667
"8HOC_2","8HOC","2",1.3973670666666667
"8HPY_1","8HPY","1",1.3973670666666667
"8HQC_3","8HQC","3",1.3973670666666667
"8HQC_4","8HQC","4",1.3973670666666667
"8HQE_4","8HQE","4",1.3973670666666667
"8HQN_4","8HQN","4",1.3973670666666667
"8HS2_3","8HS2","3",1.3973670666666667
"8HSC_3","8HSC","3",1.3973670666666667
"8HSF_1","8HSF","1",1.3973670666666667
"8HUQ_1","8HUQ","1",1.3973670666666667
"8HVI_1","8HVI","1",1.3973670666666667
"8HY5_1","8HY5","1",1.3973670666666667
"8I0K_2","8I0K","2",1.3973670666666667
"8I0R_21","8I0R","21",1.3973670666666667
"8I0S_13","8I0S","13",1.3973670666666667
"8I0S_5","8I0S","5",1.3973670666666667
"8I0T_13","8I0T","13",1.3973670666666667
"8I0V_12","8I0V","12",1.3973670666666667
"8I0V_20","8I0V","20",1.3973670666666667
"8I0W_15","8I0W","15",1.3973670666666667
"8I0W_23","8I0W","23",1.3973670666666667
"8I0W_5","8I0W","5",1.3973670666666667
"8I2H_1","8I2H","1",1.3973670666666667
"8I7V_1","8I7V","1",1.3973670666666667
"8I7W_3","8I7W","3",1.3973670666666667
"8I95_2","8I95","2",1.3973670666666667
"8I97_1","8I97","1",1.3973670666666667
"8I97_3","8I97","3",1.3973670666666667
"8I9L_1","8I9L","1",1.3973670666666667
"8I9L_6","8I9L","6",1.3973670666666667
"8I9U_8","8I9U","8",1.3973670666666667
"8IA2_1","8IA2","1",1.3973670666666667
"8IA2_4","8IA2","4",1.3973670666666667
"8IA7_2","8IA7","2",1.3973670666666667
"8IA8_2","8IA8","2",1.3973670666666667
"8IC0_3","8IC0","3",1.3973670666666667
"8ID4_1","8ID4","1",1.3973670666666667
"8ID8_2","8ID8","2",1.3973670666666667
"8ID9_1","8ID9","1",1.3973670666666667
"8IDT_35","8IDT","35",1.3973670666666667
"8IDY_53","8IDY","53",1.3973670666666667
"8IET_1","8IET","1",1.3973670666666667
"8IFD_54","8IFD","54",1.3973670666666667
"8IFD_80","8IFD","80",1.3973670666666667
"8IFE_4","8IFE","4",1.3973670666666667
"8IFE_54","8IFE","54",1.3973670666666667
"8IFE_80","8IFE","80",1.3973670666666667
"8IHF_5","8IHF","5",1.3973670666666667
"8IHH_1","8IHH","1",1.3973670666666667
"8IHK_1","8IHK","1",1.3973670666666667
"8IJ3_1","8IJ3","1",1.3973670666666667
"8IJA_1","8IJA","1",1.3973670666666667
"8IMY_6","8IMY","6",1.3973670666666667
"8INE_42","8INE","42",1.3973670666666667
"8INF_45","8INF","45",1.3973670666666667
"8INK_1","8INK","1",1.3973670666666667
"8IOC_2","8IOC","2",1.3973670666666667
"8IPX_28","8IPX","28",1.3973670666666667
"8IPY_1","8IPY","1",1.3973670666666667
"8IPY_29","8IPY","29",1.3973670666666667
"8IPZ_1","8IPZ","1",1.3973670666666667
"8IQ6_2","8IQ6","2",1.3973670666666667
"8IRJ_1","8IRJ","1",1.3973670666666667
"8IRS_2","8IRS","2",1.3973670666666667
"8IRT_2","8IRT","2",1.3973670666666667
"8IRT_5","8IRT","5",1.3973670666666667
"8IRU_2","8IRU","2",1.3973670666666667
"8IRU_5","8IRU","5",1.3973670666666667
"8ISM_1","8ISM","1",1.3973670666666667
"8ISS_2","8ISS","2",1.3973670666666667
"8ITR_1","8ITR","1",1.3973670666666667
"8IUE_1","8IUE","1",1.3973670666666667
"8IUE_10","8IUE","10",1.3973670666666667
"8IUE_24","8IUE","24",1.3973670666666667
"8IUE_9","8IUE","9",1.3973670666666667
"8IUH_16","8IUH","16",1.3973670666666667
"8IUH_22","8IUH","22",1.3973670666666667
"8IUH_4","8IUH","4",1.3973670666666667
"8IUK_6","8IUK","6",1.3973670666666667
"8IUL_5","8IUL","5",1.3973670666666667
"8IUM_2","8IUM","2",1.3973670666666667
"8IUM_6","8IUM","6",1.3973670666666667
"8IVD_1","8IVD","1",1.3973670666666667
"8IW4_2","8IW4","2",1.3973670666666667
"8IWS_1","8IWS","1",1.3973670666666667
"8IWW_1","8IWW","1",1.3973670666666667
"8IYS_2","8IYS","2",1.3973670666666667
"8IYS_5","8IYS","5",1.3973670666666667
"8IYW_2","8IYW","2",1.3973670666666667
"8J02_1","8J02","1",1.3973670666666667
"8J04_1","8J04","1",1.3973670666666667
"8J05_1","8J05","1",1.3973670666666667
"8J07_100","8J07","100",1.3973670666666667
"8J07_42","8J07","42",1.3973670666666667
"8J07_66","8J07","66",1.3973670666666667
"8J07_71","8J07","71",1.3973670666666667
"8J07_74","8J07","74",1.3973670666666667
"8J07_80","8J07","80",1.3973670666666667
"8J07_86","8J07","86",1.3973670666666667
"8J07_91","8J07","91",1.3973670666666667
"8J6J_5","8J6J","5",1.3973670666666667
"8J6L_2","8J6L","2",1.3973670666666667
"8J6R_5","8J6R","5",1.3973670666666667
"8J73_1","8J73","1",1.3973670666666667
"8J7Q_1","8J7Q","1",1.3973670666666667
"8J9N_3","8J9N","3",1.3973670666666667
"8JAL_1","8JAL","1",1.3973670666666667
"8JAR_1","8JAR","1",1.3973670666666667
"8JAV_1","8JAV","1",1.3973670666666667
"8JBF_1","8JBF","1",1.3973670666666667
"8JC5_1","8JC5","1",1.3973670666666667
"8JCU_1","8JCU","1",1.3973670666666667
"8JCU_2","8JCU","2",1.3973670666666667
"8JCV_1","8JCV","1",1.3973670666666667
"8JCW_1","8JCW","1",1.3973670666666667
"8JCX_1","8JCX","1",1.3973670666666667
"8JCX_2","8JCX","2",1.3973670666666667
"8JCY_1","8JCY","1",1.3973670666666667
"8JCY_2","8JCY","2",1.3973670666666667
"8JCZ_2","8JCZ","2",1.3973670666666667
"8JD2_2","8JD2","2",1.3973670666666667
"8JD3_1","8JD3","1",1.3973670666666667
"8JD3_4","8JD3","4",1.3973670666666667
"8JD5_1","8JD5","1",1.3973670666666667
"8JD6_1","8JD6","1",1.3973670666666667
"8JDJ_57","8JDJ","57",1.3973670666666667
"8JDK_6","8JDK","6",1.3973670666666667
"8JEW_1","8JEW","1",1.3973670666666667
"8JGF_2","8JGF","2",1.3973670666666667
"8JGG_5","8JGG","5",1.3973670666666667
"8JHN_2","8JHN","2",1.3973670666666667
"8JHQ_1","8JHQ","1",1.3973670666666667
"8JHR_1","8JHR","1",1.3973670666666667
"8JHY_1","8JHY","1",1.3973670666666667
"8JII_1","8JII","1",1.3973670666666667
"8JIZ_1","8JIZ","1",1.3973670666666667
"8JIZ_2","8JIZ","2",1.3973670666666667
"8JJ1_2","8JJ1","2",1.3973670666666667
"8JJ1_3","8JJ1","3",1.3973670666666667
"8JJP_3","8JJP","3",1.3973670666666667
"8JKB_1","8JKB","1",1.3973670666666667
"8JKV_1","8JKV","1",1.3973670666666667
"8JL4_1","8JL4","1",1.3973670666666667
"8JLO_2","8JLO","2",1.3973670666666667
"8JNA_1","8JNA","1",1.3973670666666667
"8JPR_1","8JPR","1",1.3973670666666667
"8JQH_1","8JQH","1",1.3973670666666667
"8JQI_1","8JQI","1",1.3973670666666667
"8JRI_5","8JRI","5",1.3973670666666667
"8JSP_2","8JSP","2",1.3973670666666667
"8JSR_3","8JSR","3",1.3973670666666667
"8JTI_14","8JTI","14",1.3973670666666667
"8JXN_1","8JXN","1",1.3973670666666667
"8JXT_2","8JXT","2",1.3973670666666667
"8JXV_2","8JXV","2",1.3973670666666667
"8JXX_3","8JXX","3",1.3973670666666667
"8JZ7_5","8JZ7","5",1.3973670666666667
"8JZP_1","8JZP","1",1.3973670666666667
"8JZP_3","8JZP","3",1.3973670666666667
"8JZR_1","8JZR","1",1.3973670666666667
"8JZU_1","8JZU","1",1.3973670666666667
"8K0G_14","8K0G","14",1.3973670666666667
"8K0G_22","8K0G","22",1.3973670666666667
"8K1Q_1","8K1Q","1",1.3973670666666667
"8K1V_1","8K1V","1",1.3973670666666667
"8K2A_61","8K2A","61",1.3973670666666667
"8K2B_36","8K2B","36",1.3973670666666667
"8K2C_4","8K2C","4",1.3973670666666667
"8K2C_56","8K2C","56",1.3973670666666667
"8K2W_2","8K2W","2",1.3973670666666667
"8K2X_6","8K2X","6",1.3973670666666667
"8K3Z_2","8K3Z","2",1.3973670666666667
"8K4O_3","8K4O","3",1.3973670666666667
"8K5D_1","8K5D","1",1.3973670666666667
"8K6O_2","8K6O","2",1.3973670666666667
"8K8T_2","8K8T","2",1.3973670666666667
"8KC3_1","8KC3","1",1.3973670666666667
"8KEI_2","8KEI","2",1.3973670666666667
"8KF1_1","8KF1","1",1.3973670666666667
"8KF4_1","8KF4","1",1.3973670666666667
"8KF5_1","8KF5","1",1.3973670666666667
"8KF6_1","8KF6","1",1.3973670666666667
"8KFZ_1","8KFZ","1",1.3973670666666667
"8KGG_2","8KGG","2",1.3973670666666667
"8KIG_1","8KIG","1",1.3973670666666667
"8OE4_4","8OE4","4",1.3973670666666667
"8OEF_1","8OEF","1",1.3973670666666667
"8OER_3","8OER","3",1.3973670666666667
"8OG8_1","8OG8","1",1.3973670666666667
"8OIR_39","8OIR","39",1.3973670666666667
"8OIR_48","8OIR","48",1.3973670666666667
"8OIR_85","8OIR","85",1.3973670666666667
"8OIS_32","8OIS","32",1.3973670666666667
"8OIT_39","8OIT","39",1.3973670666666667
"8OIT_48","8OIT","48",1.3973670666666667
"8OJ5_8","8OJ5","8",1.3973670666666667
"8OJ8_1","8OJ8","1",1.3973670666666667
"8OKX_1","8OKX","1",1.3973670666666667
"8OKY_2","8OKY","2",1.3973670666666667
"8OLX_2","8OLX","2",1.3973670666666667
"8OM5_2","8OM5","2",1.3973670666666667
"8OMO_2","8OMO","2",1.3973670666666667
"8OMQ_1","8OMQ","1",1.3973670666666667
"8ONI_3","8ONI","3",1.3973670666666667
"8ONK_3","8ONK","3",1.3973670666666667
"8OPS_1","8OPS","1",1.3973670666666667
"8OR2_3","8OR2","3",1.3973670666666667
"8ORA_1","8ORA","1",1.3973670666666667
"8OTF_1","8OTF","1",1.3973670666666667
"8OUD_1","8OUD","1",1.3973670666666667
"8OUH_2","8OUH","2",1.3973670666666667
"8OUI_1","8OUI","1",1.3973670666666667
"8OUJ_2","8OUJ","2",1.3973670666666667
"8OV6_2","8OV6","2",1.3973670666666667
"8OX4_1","8OX4","1",1.3973670666666667
"8OX9_1","8OX9","1",1.3973670666666667
"8OXA_1","8OXA","1",1.3973670666666667
"8OXM_2","8OXM","2",1.3973670666666667
"8OXO_2","8OXO","2",1.3973670666666667
"8OXQ_1","8OXQ","1",1.3973670666666667
"8OZ0_47","8OZ0","47",1.3973670666666667
"8OZ0_52","8OZ0","52",1.3973670666666667
"8P0V_3","8P0V","3",1.3973670666666667
"8P4E_15","8P4E","15",1.3973670666666667
"8P4F_18","8P4F","18",1.3973670666666667
"8PFL_1","8PFL","1",1.3973670666666667
"8PI4_1","8PI4","1",1.3973670666666667
"8PI5_1","8PI5","1",1.3973670666666667
"8PJ1_27","8PJ1","27",1.3973670666666667
"8PJ2_27","8PJ2","27",1.3973670666666667
"8PJ3_42","8PJ3","42",1.3973670666666667
"8PJ4_28","8PJ4","28",1.3973670666666667
"8PJ4_42","8PJ4","42",1.3973670666666667
"8PJ4_52","8PJ4","52",1.3973670666666667
"8PJ6_27","8PJ6","27",1.3973670666666667
"8PJK_4","8PJK","4",1.3973670666666667
"8PJN_1","8PJN","1",1.3973670666666667
"8PKM_4","8PKM","4",1.3973670666666667
"8PKN_1","8PKN","1",1.3973670666666667
"8PPL_49","8PPL","49",1.3973670666666667
"8PQD_1","8PQD","1",1.3973670666666667
"8PTX_1","8PTX","1",1.3973670666666667
"8PTX_2","8PTX","2",1.3973670666666667
"8PTY_2","8PTY","2",1.3973670666666667
"8PTZ_1","8PTZ","1",1.3973670666666667
"8PTZ_2","8PTZ","2",1.3973670666666667
"8PU0_1","8PU0","1",1.3973670666666667
"8PU0_2","8PU0","2",1.3973670666666667
"8PVH_1","8PVH","1",1.3973670666666667
"8PW8_1","8PW8","1",1.3973670666666667
"8PWB_1","8PWB","1",1.3973670666666667
"8PWH_5","8PWH","5",1.3973670666666667
"8Q1N_1","8Q1N","1",1.3973670666666667
"8Q62_2","8Q62","2",1.3973670666666667
"8Q62_4","8Q62","4",1.3973670666666667
"8Q7E_1","8Q7E","1",1.3973670666666667
"8Q7N_16","8Q7N","16",1.3973670666666667
"8Q7N_9","8Q7N","9",1.3973670666666667
"8Q7Q_5","8Q7Q","5",1.3973670666666667
"8Q7Q_6","8Q7Q","6",1.3973670666666667
"8Q7V_6","8Q7V","6",1.3973670666666667
"8Q7W_5","8Q7W","5",1.3973670666666667
"8Q7X_7","8Q7X","7",1.3973670666666667
"8Q91_4","8Q91","4",1.3973670666666667
"8QA4_1","8QA4","1",1.3973670666666667
"8QA6_1","8QA6","1",1.3973670666666667
"8QEG_2","8QEG","2",1.3973670666666667
"8QEO_2","8QEO","2",1.3973670666666667
"8QJU_1","8QJU","1",1.3973670666666667
"8QL0_1","8QL0","1",1.3973670666666667
"8QO9_28","8QO9","28",1.3973670666666667
"8QO9_42","8QO9","42",1.3973670666666667
"8QO9_9","8QO9","9",1.3973670666666667
"8QOI_78","8QOI","78",1.3973670666666667
"8QP8_11","8QP8","11",1.3973670666666667
"8QP9_16","8QP9","16",1.3973670666666667
"8QRK_11","8QRK","11",1.3973670666666667
"8QRO_1","8QRO","1",1.3973670666666667
"8QRQ_1","8QRQ","1",1.3973670666666667
"8QRS_1","8QRS","1",1.3973670666666667
"8QSJ_52","8QSJ","52",1.3973670666666667
"8QSJ_56","8QSJ","56",1.3973670666666667
"8QSL_1","8QSL","1",1.3973670666666667
"8QSN_1","8QSN","1",1.3973670666666667
"8QTV_1","8QTV","1",1.3973670666666667
"8QTX_1","8QTX","1",1.3973670666666667
"8QU5_23","8QU5","23",1.3973670666666667
"8QV5_1","8QV5","1",1.3973670666666667
"8QXD_21","8QXD","21",1.3973670666666667
"8QXD_30","8QXD","30",1.3973670666666667
"8QYJ_11","8QYJ","11",1.3973670666666667
"8QYJ_7","8QYJ","7",1.3973670666666667
"8QYL_9","8QYL","9",1.3973670666666667
"8QYM_9","8QYM","9",1.3973670666666667
"8QYN_17","8QYN","17",1.3973670666666667
"8QYN_7","8QYN","7",1.3973670666666667
"8QYN_9","8QYN","9",1.3973670666666667
"8QYS_11","8QYS","11",1.3973670666666667
"8QYS_9","8QYS","9",1.3973670666666667
"8QYX_40","8QYX","40",1.3973670666666667
"8QZ9_7","8QZ9","7",1.3973670666666667
"8QZ9_9","8QZ9","9",1.3973670666666667
"8QZM_7","8QZM","7",1.3973670666666667
"8QZS_44","8QZS","44",1.3973670666666667
"8QZS_51","8QZS","51",1.3973670666666667
"8R08_40","8R08","40",1.3973670666666667
"8R09_8","8R09","8",1.3973670666666667
"8R0B_11","8R0B","11",1.3973670666666667
"8R0B_31","8R0B","31",1.3973670666666667
"8R0B_45","8R0B","45",1.3973670666666667
"8R1C_3","8R1C","3",1.3973670666666667
"8R2D_4","8R2D","4",1.3973670666666667
"8R41_1","8R41","1",1.3973670666666667
"8R7G_1","8R7G","1",1.3973670666666667
"8R7V_2","8R7V","2",1.3973670666666667
"8RB2_2","8RB2","2",1.3973670666666667
"8RBX_24","8RBX","24",1.3973670666666667
"8RBX_27","8RBX","27",1.3973670666666667
"8RBZ_12","8RBZ","12",1.3973670666666667
"8RBZ_21","8RBZ","21",1.3973670666666667
"8RBZ_6","8RBZ","6",1.3973670666666667
"8RBZ_8","8RBZ","8",1.3973670666666667
"8RBZ_9","8RBZ","9",1.3973670666666667
"8RC4_6","8RC4","6",1.3973670666666667
"8RC4_9","8RC4","9",1.3973670666666667
"8RCO_1","8RCO","1",1.3973670666666667
"8RCU_1","8RCU","1",1.3973670666666667
"8RD4_1","8RD4","1",1.3973670666666667
"8REW_2","8REW","2",1.3973670666666667
"8RGG_1","8RGG","1",1.3973670666666667
"8RHH_2","8RHH","2",1.3973670666666667
"8RHZ_1","8RHZ","1",1.3973670666666667
"8RI2_1","8RI2","1",1.3973670666666667
"8RIK_3","8RIK","3",1.3973670666666667
"8RLC_4","8RLC","4",1.3973670666666667
"8RM5_18","8RM5","18",1.3973670666666667
"8RM5_8","8RM5","8",1.3973670666666667
"8RMM_1","8RMM","1",1.3973670666666667
"8RQ8_1","8RQ8","1",1.3973670666666667
"8RQ9_2","8RQ9","2",1.3973670666666667
"8RRI_51","8RRI","51",1.3973670666666667
"8RWV_12","8RWV","12",1.3973670666666667
"8RWV_5","8RWV","5",1.3973670666666667
"8RWV_8","8RWV","8",1.3973670666666667
"8RX0_1","8RX0","1",1.3973670666666667
"8RZ7_2","8RZ7","2",1.3973670666666667
"8RZ8_2","8RZ8","2",1.3973670666666667
"8RZ9_2","8RZ9","2",1.3973670666666667
"8S09_8","8S09","8",1.3973670666666667
"8S0A_8","8S0A","8",1.3973670666666667
"8S0B_4","8S0B","4",1.3973670666666667
"8S0B_6","8S0B","6",1.3973670666666667
"8S0C_5","8S0C","5",1.3973670666666667
"8S0D_7","8S0D","7",1.3973670666666667
"8S0E_6","8S0E","6",1.3973670666666667
"8S0E_8","8S0E","8",1.3973670666666667
"8S0F_9","8S0F","9",1.3973670666666667
"8S14_1","8S14","1",1.3973670666666667
"8S18_1","8S18","1",1.3973670666666667
"8S19_1","8S19","1",1.3973670666666667
"8S24_1","8S24","1",1.3973670666666667
"8S2T_2","8S2T","2",1.3973670666666667
"8S7D_3","8S7D","3",1.3973670666666667
"8S91_2","8S91","2",1.3973670666666667
"8S9C_1","8S9C","1",1.3973670666666667
"8SAI_4","8SAI","4",1.3973670666666667
"8SAS_4","8SAS","4",1.3973670666666667
"8SAX_4","8SAX","4",1.3973670666666667
"8SB2_4","8SB2","4",1.3973670666666667
"8SB4_4","8SB4","4",1.3973670666666667
"8SE1_1","8SE1","1",1.3973670666666667
"8SE2_1","8SE2","1",1.3973670666666667
"8SFF_7","8SFF","7",1.3973670666666667
"8SGP_1","8SGP","1",1.3973670666666667
"8SH9_8","8SH9","8",1.3973670666666667
"8SHD_8","8SHD","8",1.3973670666666667
"8SHS_1","8SHS","1",1.3973670666666667
"8SMV_5","8SMV","5",1.3973670666666667
"8SMW_7","8SMW","7",1.3973670666666667
"8SMX_7","8SMX","7",1.3973670666666667
"8SN2_7","8SN2","7",1.3973670666666667
"8SN5_7","8SN5","7",1.3973670666666667
"8SN9_7","8SN9","7",1.3973670666666667
"8SNA_7","8SNA","7",1.3973670666666667
"8SNL_2","8SNL","2",1.3973670666666667
"8SOJ_1","8SOJ","1",1.3973670666666667
"8SP5_1","8SP5","1",1.3973670666666667
"8SPB_2","8SPB","2",1.3973670666666667
"8SS6_2","8SS6","2",1.3973670666666667
"8SSB_2","8SSB","2",1.3973670666666667
"8ST4_1","8ST4","1",1.3973670666666667
"8SW1_1","8SW1","1",1.3973670666666667
"8SW5_1","8SW5","1",1.3973670666666667
"8SWC_1","8SWC","1",1.3973670666666667
"8SZF_2","8SZF","2",1.3973670666666667
"8SZG_3","8SZG","3",1.3973670666666667
"8SZH_3","8SZH","3",1.3973670666666667
"8SZI_5","8SZI","5",1.3973670666666667
"8T3O_2","8T3O","2",1.3973670666666667
"8T4S_33","8T4S","33",1.3973670666666667
"8T6J_1","8T6J","1",1.3973670666666667
"8T75_2","8T75","2",1.3973670666666667
"8TA2_1","8TA2","1",1.3973670666666667
"8TAN_1","8TAN","1",1.3973670666666667
"8TAS_11","8TAS","11",1.3973670666666667
"8TAU_9","8TAU","9",1.3973670666666667
"8TB0_3","8TB0","3",1.3973670666666667
"8TB9_13","8TB9","13",1.3973670666666667
"8TFT_3","8TFT","3",1.3973670666666667
"8THH_1","8THH","1",1.3973670666666667
"8THL_2","8THL","2",1.3973670666666667
"8TII_5","8TII","5",1.3973670666666667
"8TIN_4","8TIN","4",1.3973670666666667
"8TM4_11","8TM4","11",1.3973670666666667
"8TM4_8","8TM4","8",1.3973670666666667
"8TM6_14","8TM6","14",1.3973670666666667
"8TM6_15","8TM6","15",1.3973670666666667
"8TNP_1","8TNP","1",1.3973670666666667
"8TO9_4","8TO9","4",1.3973670666666667
"8TQC_1","8TQC","1",1.3973670666666667
"8TQC_4","8TQC","4",1.3973670666666667
"8TQO_1","8TQO","1",1.3973670666666667
"8TQW_17","8TQW","17",1.3973670666666667
"8TQW_27","8TQW","27",1.3973670666666667
"8TW4_2","8TW4","2",1.3973670666666667
"8TXV_6","8TXV","6",1.3973670666666667
"8TYQ_1","8TYQ","1",1.3973670666666667
"8TZC_1","8TZC","1",1.3973670666666667
"8TZV_1","8TZV","1",1.3973670666666667
"8U0H_1","8U0H","1",1.3973670666666667
"8U15_1","8U15","1",1.3973670666666667
"8U17_1","8U17","1",1.3973670666666667
"8U1L_2","8U1L","2",1.3973670666666667
"8U1U_1","8U1U","1",1.3973670666666667
"8U3E_1","8U3E","1",1.3973670666666667
"8U3G_1","8U3G","1",1.3973670666666667
"8U4C_1","8U4C","1",1.3973670666666667
"8U4C_2","8U4C","2",1.3973670666666667
"8U4E_2","8U4E","2",1.3973670666666667
"8U4J_1","8U4J","1",1.3973670666666667
"8U4K_2","8U4K","2",1.3973670666666667
"8U4L_1","8U4L","1",1.3973670666666667
"8U4N_2","8U4N","2",1.3973670666666667
"8U4P_2","8U4P","2",1.3973670666666667
"8U4P_4","8U4P","4",1.3973670666666667
"8U4Q_5","8U4Q","5",1.3973670666666667
"8U4R_3","8U4R","3",1.3973670666666667
"8U58_1","8U58","1",1.3973670666666667
"8U5G_1","8U5G","1",1.3973670666666667
"8U5G_3","8U5G","3",1.3973670666666667
"8U7H_1","8U7H","1",1.3973670666666667
"8U7L_1","8U7L","1",1.3973670666666667
"8U8B_1","8U8B","1",1.3973670666666667
"8U8F_4","8U8F","4",1.3973670666666667
"8UAU_1","8UAU","1",1.3973670666666667
"8UD9_8","8UD9","8",1.3973670666666667
"8UD9_9","8UD9","9",1.3973670666666667
"8UGY_4","8UGY","4",1.3973670666666667
"8UH3_1","8UH3","1",1.3973670666666667
"8UH6_3","8UH6","3",1.3973670666666667
"8UHA_4","8UHA","4",1.3973670666666667
"8UHG_3","8UHG","3",1.3973670666666667
"8UI0_3","8UI0","3",1.3973670666666667
"8UI8_1","8UI8","1",1.3973670666666667
"8UII_5","8UII","5",1.3973670666666667
"8UJT_1","8UJT","1",1.3973670666666667
"8UJV_1","8UJV","1",1.3973670666666667
"8UMW_5","8UMW","5",1.3973670666666667
"8UN0_5","8UN0","5",1.3973670666666667
"8UNM_2","8UNM","2",1.3973670666666667
"8UNM_4","8UNM","4",1.3973670666666667
"8UNQ_2","8UNQ","2",1.3973670666666667
"8UNQ_4","8UNQ","4",1.3973670666666667
"8UNU_2","8UNU","2",1.3973670666666667
"8UNW_2","8UNW","2",1.3973670666666667
"8UO0_2","8UO0","2",1.3973670666666667
"8UO0_4","8UO0","4",1.3973670666666667
"8UO2_2","8UO2","2",1.3973670666666667
"8UQ3_1","8UQ3","1",1.3973670666666667
"8UQ8_1","8UQ8","1",1.3973670666666667
"8UQA_1","8UQA","1",1.3973670666666667
"8UQE_1","8UQE","1",1.3973670666666667
"8UQN_1","8UQN","1",1.3973670666666667
"8UQO_1","8UQO","1",1.3973670666666667
"8UQO_3","8UQO","3",1.3973670666666667
"8USB_12","8USB","12",1.3973670666666667
"8USC_25","8USC","25",1.3973670666666667
"8USD_4","8USD","4",1.3973670666666667
"8USW_1","8USW","1",1.3973670666666667
"8UTD_1","8UTD","1",1.3973670666666667
"8UTD_4","8UTD","4",1.3973670666666667
"8UUE_2","8UUE","2",1.3973670666666667
"8UUJ_4","8UUJ","4",1.3973670666666667
"8UWB_2","8UWB","2",1.3973670666666667
"8UXL_1","8UXL","1",1.3973670666666667
"8V2Z_1","8V2Z","1",1.3973670666666667
"8V54_1","8V54","1",1.3973670666666667
"8V5R_1","8V5R","1",1.3973670666666667
"8V63_1","8V63","1",1.3973670666666667
"8V64_1","8V64","1",1.3973670666666667
"8V7I_1","8V7I","1",1.3973670666666667
"8V7J_1","8V7J","1",1.3973670666666667
"8V82_1","8V82","1",1.3973670666666667
"8V89_1","8V89","1",1.3973670666666667
"8V8D_1","8V8D","1",1.3973670666666667
"8VAE_1","8VAE","1",1.3973670666666667
"8VAV_1","8VAV","1",1.3973670666666667
"8VHF_1","8VHF","1",1.3973670666666667
"8VJB_1","8VJB","1",1.3973670666666667
"8VJB_2","8VJB","2",1.3973670666666667
"8VJV_1","8VJV","1",1.3973670666666667
"8VJW_1","8VJW","1",1.3973670666666667
"8VLY_1","8VLY","1",1.3973670666666667
"8VMI_6","8VMI","6",1.3973670666666667
"8VMI_7","8VMI","7",1.3973670666666667
"8VML_2","8VML","2",1.3973670666666667
"8VML_7","8VML","7",1.3973670666666667
"8VNV_6","8VNV","6",1.3973670666666667
"8VNX_1","8VNX","1",1.3973670666666667
"8VRJ_4","8VRJ","4",1.3973670666666667
"8VRK_4","8VRK","4",1.3973670666666667
"8VRK_9","8VRK","9",1.3973670666666667
"8VS0_1","8VS0","1",1.3973670666666667
"8VS6_1","8VS6","1",1.3973670666666667
"8VSD_4","8VSD","4",1.3973670666666667
"8VTF_1","8VTF","1",1.3973670666666667
"8VTI_2","8VTI","2",1.3973670666666667
"8VUJ_2","8VUJ","2",1.3973670666666667
"8VUN_1","8VUN","1",1.3973670666666667
"8VUR_2","8VUR","2",1.3973670666666667
"8VUR_3","8VUR","3",1.3973670666666667
"8VUS_4","8VUS","4",1.3973670666666667
"8VUT_1","8VUT","1",1.3973670666666667
"8VY5_1","8VY5","1",1.3973670666666667
"8VYB_1","8VYB","1",1.3973670666666667
"8VYO_1","8VYO","1",1.3973670666666667
"8VYR_1","8VYR","1",1.3973670666666667
"8VYV_2","8VYV","2",1.3973670666666667
"8W0E_5","8W0E","5",1.3973670666666667
"8W0I_3","8W0I","3",1.3973670666666667
"8W4J_2","8W4J","2",1.3973670666666667
"8W87_2","8W87","2",1.3973670666666667
"8W88_2","8W88","2",1.3973670666666667
"8W8A_2","8W8A","2",1.3973670666666667
"8W8B_5","8W8B","5",1.3973670666666667
"8W8Q_1","8W8Q","1",1.3973670666666667
"8W8W_1","8W8W","1",1.3973670666666667
"8W8X_5","8W8X","5",1.3973670666666667
"8W8Y_1","8W8Y","1",1.3973670666666667
"8WAL_12","8WAL","12",1.3973670666666667
"8WAN_11","8WAN","11",1.3973670666666667
"8WAN_12","8WAN","12",1.3973670666666667
"8WAO_11","8WAO","11",1.3973670666666667
"8WAP_11","8WAP","11",1.3973670666666667
"8WAQ_12","8WAQ","12",1.3973670666666667
"8WAQ_3","8WAQ","3",1.3973670666666667
"8WAS_12","8WAS","12",1.3973670666666667
"8WC4_2","8WC4","2",1.3973670666666667
"8WC5_2","8WC5","2",1.3973670666666667
"8WFH_2","8WFH","2",1.3973670666666667
"8WFQ_1","8WFQ","1",1.3973670666666667
"8WFR_2","8WFR","2",1.3973670666666667
"8WFS_3","8WFS","3",1.3973670666666667
"8WGB_3","8WGB","3",1.3973670666666667
"8WGC_2","8WGC","2",1.3973670666666667
"8WKY_1","8WKY","1",1.3973670666666667
"8WNS_2","8WNS","2",1.3973670666666667
"8WPL_1","8WPL","1",1.3973670666666667
"8WRB_5","8WRB","5",1.3973670666666667
"8WSM_1","8WSM","1",1.3973670666666667
"8WSW_1","8WSW","1",1.3973670666666667
"8WTA_1","8WTA","1",1.3973670666666667
"8WU8_1","8WU8","1",1.3973670666666667
"8WW2_2","8WW2","2",1.3973670666666667
"8WWH_2","8WWH","2",1.3973670666666667
"8WWI_2","8WWI","2",1.3973670666666667
"8WX2_1","8WX2","1",1.3973670666666667
"8WXE_6","8WXE","6",1.3973670666666667
"8WXV_1","8WXV","1",1.3973670666666667
"8WZ2_6","8WZ2","6",1.3973670666666667
"8X06_2","8X06","2",1.3973670666666667
"8X19_7","8X19","7",1.3973670666666667
"8X1N_1","8X1N","1",1.3973670666666667
"8X1T_1","8X1T","1",1.3973670666666667
"8X2K_1","8X2K","1",1.3973670666666667
"8X2L_2","8X2L","2",1.3973670666666667
"8X2N_1","8X2N","1",1.3973670666666667
"8X3L_4","8X3L","4",1.3973670666666667
"8X3R_1","8X3R","1",1.3973670666666667
"8X43_1","8X43","1",1.3973670666666667
"8X5X_1","8X5X","1",1.3973670666666667
"8X5Y_1","8X5Y","1",1.3973670666666667
"8X7A_5","8X7A","5",1.3973670666666667
"8X7V_3","8X7V","3",1.3973670666666667
"8X7W_1","8X7W","1",1.3973670666666667
"8X7W_3","8X7W","3",1.3973670666666667
"8X8L_2","8X8L","2",1.3973670666666667
"8XBI_1","8XBI","1",1.3973670666666667
"8XFB_1","8XFB","1",1.3973670666666667
"8XFS_1","8XFS","1",1.3973670666666667
"8XFT_1","8XFT","1",1.3973670666666667
"8XGM_3","8XGM","3",1.3973670666666667
"8XGS_1","8XGS","1",1.3973670666666667
"8XGU_3","8XGU","3",1.3973670666666667
"8XIO_3","8XIO","3",1.3973670666666667
"8XIP_3","8XIP","3",1.3973670666666667
"8XIQ_3","8XIQ","3",1.3973670666666667
"8XJM_5","8XJM","5",1.3973670666666667
"8XJS_1","8XJS","1",1.3973670666666667
"8XKR_1","8XKR","1",1.3973670666666667
"8XKR_2","8XKR","2",1.3973670666666667
"8XL2_1","8XL2","1",1.3973670666666667
"8XL3_2","8XL3","2",1.3973670666666667
"8XMF_1","8XMF","1",1.3973670666666667
"8XMJ_1","8XMJ","1",1.3973670666666667
"8XML_3","8XML","3",1.3973670666666667
"8XMM_1","8XMM","1",1.3973670666666667
"8XMN_1","8XMN","1",1.3973670666666667
"8XMO_2","8XMO","2",1.3973670666666667
"8XOF_2","8XOF","2",1.3973670666666667
"8XOH_2","8XOH","2",1.3973670666666667
"8XOS_5","8XOS","5",1.3973670666666667
"8XP3_35","8XP3","35",1.3973670666666667
"8XQE_2","8XQE","2",1.3973670666666667
"8XQE_4","8XQE","4",1.3973670666666667
"8XQF_4","8XQF","4",1.3973670666666667
"8XQR_2","8XQR","2",1.3973670666666667
"8XRM_10","8XRM","10",1.3973670666666667
"8XRP_4","8XRP","4",1.3973670666666667
"8XSX_4","8XSX","4",1.3973670666666667
"8XSY_82","8XSY","82",1.3973670666666667
"8XSZ_55","8XSZ","55",1.3973670666666667
"8XT2_52","8XT2","52",1.3973670666666667
"8XT3_36","8XT3","36",1.3973670666666667
"8XT3_52","8XT3","52",1.3973670666666667
"8XT9_1","8XT9","1",1.3973670666666667
"8XUM_2","8XUM","2",1.3973670666666667
"8XVE_6","8XVE","6",1.3973670666666667
"8XVH_2","8XVH","2",1.3973670666666667
"8XVI_2","8XVI","2",1.3973670666666667
"8XVL_4","8XVL","4",1.3973670666666667
"8XWQ_1","8XWQ","1",1.3973670666666667
"8XWQ_4","8XWQ","4",1.3973670666666667
"8XXL_35","8XXL","35",1.3973670666666667
"8XXM_35","8XXM","35",1.3973670666666667
"8XXN_50","8XXN","50",1.3973670666666667
"8XXX_4","8XXX","4",1.3973670666666667
"8XXZ_5","8XXZ","5",1.3973670666666667
"8XY7_1","8XY7","1",1.3973670666666667
"8XYA_1","8XYA","1",1.3973670666666667
"8XYB_1","8XYB","1",1.3973670666666667
"8XYI_1","8XYI","1",1.3973670666666667
"8XZF_3","8XZF","3",1.3973670666666667
"8XZG_2","8XZG","2",1.3973670666666667
"8XZH_3","8XZH","3",1.3973670666666667
"8XZJ_3","8XZJ","3",1.3973670666666667
"8Y02_2","8Y02","2",1.3973670666666667
"8Y0N_2","8Y0N","2",1.3973670666666667
"8Y0W_6","8Y0W","6",1.3973670666666667
"8Y0X_4","8Y0X","4",1.3973670666666667
"8Y1P_1","8Y1P","1",1.3973670666666667
"8Y1V_1","8Y1V","1",1.3973670666666667
"8Y51_4","8Y51","4",1.3973670666666667
"8Y52_2","8Y52","2",1.3973670666666667
"8Y53_2","8Y53","2",1.3973670666666667
"8Y56_1","8Y56","1",1.3973670666666667
"8Y63_3","8Y63","3",1.3973670666666667
"8Y6O_7","8Y6O","7",1.3973670666666667
"8Y7P_1","8Y7P","1",1.3973670666666667
"8Y9S_1","8Y9S","1",1.3973670666666667
"8Y9U_1","8Y9U","1",1.3973670666666667
"8YAD_1","8YAD","1",1.3973670666666667
"8YAD_2","8YAD","2",1.3973670666666667
"8YAH_5","8YAH","5",1.3973670666666667
"8YBS_4","8YBS","4",1.3973670666666667
"8YBZ_3","8YBZ","3",1.3973670666666667
"8YG4_2","8YG4","2",1.3973670666666667
"8YGZ_1","8YGZ","1",1.3973670666666667
"8YHL_1","8YHL","1",1.3973670666666667
"8YI7_4","8YI7","4",1.3973670666666667
"8YIX_14","8YIX","14",1.3973670666666667
"8YIY_14","8YIY","14",1.3973670666666667
"8YIY_8","8YIY","8",1.3973670666666667
"8YIZ_7","8YIZ","7",1.3973670666666667
"8YJB_6","8YJB","6",1.3973670666666667
"8YLX_1","8YLX","1",1.3973670666666667
"8YN3_2","8YN3","2",1.3973670666666667
"8YN8_2","8YN8","2",1.3973670666666667
"8YNM_2","8YNM","2",1.3973670666666667
"8YOP_82","8YOP","82",1.3973670666666667
"8YRA_1","8YRA","1",1.3973670666666667
"8YRG_2","8YRG","2",1.3973670666666667
"8YSZ_1","8YSZ","1",1.3973670666666667
"8YT6_1","8YT6","1",1.3973670666666667
"8YT9_1","8YT9","1",1.3973670666666667
"8YTC_1","8YTC","1",1.3973670666666667
"8YTF_1","8YTF","1",1.3973670666666667
"8YTH_1","8YTH","1",1.3973670666666667
"8YW4_2","8YW4","2",1.3973670666666667
"8YW5_4","8YW5","4",1.3973670666666667
"8YWU_1","8YWU","1",1.3973670666666667
"8YX1_3","8YX1","3",1.3973670666666667
"8YX9_3","8YX9","3",1.3973670666666667
"8YY8_2","8YY8","2",1.3973670666666667
"8YYL_1","8YYL","1",1.3973670666666667
"8YYL_2","8YYL","2",1.3973670666666667
"8YYT_2","8YYT","2",1.3973670666666667
"8Z3M_5","8Z3M","5",1.3973670666666667
"8Z3Q_2","8Z3Q","2",1.3973670666666667
"8Z3Y_2","8Z3Y","2",1.3973670666666667
"8Z5H_2","8Z5H","2",1.3973670666666667
"8Z5M_1","8Z5M","1",1.3973670666666667
"8Z5Q_1","8Z5Q","1",1.3973670666666667
"8Z65_2","8Z65","2",1.3973670666666667
"8Z67_1","8Z67","1",1.3973670666666667
"8Z68_2","8Z68","2",1.3973670666666667
"8Z68_5","8Z68","5",1.3973670666666667
"8Z6B_1","8Z6B","1",1.3973670666666667
"8Z6R_2","8Z6R","2",1.3973670666666667
"8Z6T_2","8Z6T","2",1.3973670666666667
"8Z6W_2","8Z6W","2",1.3973670666666667
"8Z8B_3","8Z8B","3",1.3973670666666667
"8Z9M_2","8Z9M","2",1.3973670666666667
"8Z9O_5","8Z9O","5",1.3973670666666667
"8ZA6_6","8ZA6","6",1.3973670666666667
"8ZAT_1","8ZAT","1",1.3973670666666667
"8ZB0_1","8ZB0","1",1.3973670666666667
"8ZBJ_2","8ZBJ","2",1.3973670666666667
"8ZBW_2","8ZBW","2",1.3973670666666667
"8ZDB_8","8ZDB","8",1.3973670666666667
"8ZDD_9","8ZDD","9",1.3973670666666667
"8ZEQ_1","8ZEQ","1",1.3973670666666667
"8ZF6_2","8ZF6","2",1.3973670666666667
"8ZF9_2","8ZF9","2",1.3973670666666667
"8ZFC_2","8ZFC","2",1.3973670666666667
"8ZJD_1","8ZJD","1",1.3973670666666667
"8ZJE_2","8ZJE","2",1.3973670666666667
"8ZKH_1","8ZKH","1",1.3973670666666667
"8ZPT_2","8ZPT","2",1.3973670666666667
"8ZQE_5","8ZQE","5",1.3973670666666667
"8ZSB_1","8ZSB","1",1.3973670666666667
"8ZSP_2","8ZSP","2",1.3973670666666667
"8ZUI_2","8ZUI","2",1.3973670666666667
"8ZUY_2","8ZUY","2",1.3973670666666667
"8ZUZ_2","8ZUZ","2",1.3973670666666667
"8ZV1_2","8ZV1","2",1.3973670666666667
"8ZV2_2","8ZV2","2",1.3973670666666667
"8ZV3_2","8ZV3","2",1.3973670666666667
"8ZVZ_2","8ZVZ","2",1.3973670666666667
"8ZWF_1","8ZWF","1",1.3973670666666667
"9AS4_3","9AS4","3",1.3973670666666667
"9AS8_3","9AS8","3",1.3973670666666667
"9ASA_3","9ASA","3",1.3973670666666667
"9ASM_1","9ASM","1",1.3973670666666667
"9ASN_2","9ASN","2",1.3973670666666667
"9ASO_1","9ASO","1",1.3973670666666667
"9AST_3","9AST","3",1.3973670666666667
"9AUI_4","9AUI","4",1.3973670666666667
"9AVG_1","9AVG","1",1.3973670666666667
"9AYF_1","9AYF","1",1.3973670666666667
"9AYF_4","9AYF","4",1.3973670666666667
"9AYJ_1","9AYJ","1",1.3973670666666667
"9AYK_1","9AYK","1",1.3973670666666667
"9AYL_1","9AYL","1",1.3973670666666667
"9B0P_15","9B0P","15",1.3973670666666667
"9B0Q_3","9B0Q","3",1.3973670666666667
"9B0Q_78","9B0Q","78",1.3973670666666667
"9B0S_3","9B0S","3",1.3973670666666667
"9B0S_78","9B0S","78",1.3973670666666667
"9B4Y_1","9B4Y","1",1.3973670666666667
"9B5Y_4","9B5Y","4",1.3973670666666667
"9B65_2","9B65","2",1.3973670666666667
"9B91_1","9B91","1",1.3973670666666667
"9B92_1","9B92","1",1.3973670666666667
"9B94_1","9B94","1",1.3973670666666667
"9B9F_3","9B9F","3",1.3973670666666667
"9B9K_2","9B9K","2",1.3973670666666667
"9B9T_2","9B9T","2",1.3973670666666667
"9BA2_1","9BA2","1",1.3973670666666667
"9BAW_1","9BAW","1",1.3973670666666667
"9BDC_2","9BDC","2",1.3973670666666667
"9BDD_2","9BDD","2",1.3973670666666667
"9BGL_1","9BGL","1",1.3973670666666667
"9BHL_2","9BHL","2",1.3973670666666667
"9BHM_1","9BHM","1",1.3973670666666667
"9BHM_3","9BHM","3",1.3973670666666667
"9BIG_1","9BIG","1",1.3973670666666667
"9BIP_2","9BIP","2",1.3973670666666667
"9BKK_2","9BKK","2",1.3973670666666667
"9BLB_4","9BLB","4",1.3973670666666667
"9BLN_41","9BLN","41",1.3973670666666667
"9BLW_2","9BLW","2",1.3973670666666667
"9BP3_5","9BP3","5",1.3973670666666667
"9BQI_1","9BQI","1",1.3973670666666667
"9BQJ_1","9BQJ","1",1.3973670666666667
"9BV1_18","9BV1","18",1.3973670666666667
"9BV1_25","9BV1","25",1.3973670666666667
"9BV2_18","9BV2","18",1.3973670666666667
"9BV2_26","9BV2","26",1.3973670666666667
"9BV2_3","9BV2","3",1.3973670666666667
"9BV3_19","9BV3","19",1.3973670666666667
"9BV3_26","9BV3","26",1.3973670666666667
"9BW4_1","9BW4","1",1.3973670666666667
"9BW4_20","9BW4","20",1.3973670666666667
"9BW4_27","9BW4","27",1.3973670666666667
"9BWS_1","9BWS","1",1.3973670666666667
"9BX7_2","9BX7","2",1.3973670666666667
"9BYI_1","9BYI","1",1.3973670666666667
"9BZ0_19","9BZ0","19",1.3973670666666667
"9C1Q_1","9C1Q","1",1.3973670666666667
"9C2F_1","9C2F","1",1.3973670666666667
"9C3E_2","9C3E","2",1.3973670666666667
"9C47_1","9C47","1",1.3973670666666667
"9C48_1","9C48","1",1.3973670666666667
"9C6B_2","9C6B","2",1.3973670666666667
"9C6G_6","9C6G","6",1.3973670666666667
"9C82_5","9C82","5",1.3973670666666667
"9C8V_1","9C8V","1",1.3973670666666667
"9C8V_3","9C8V","3",1.3973670666666667
"9CA9_3","9CA9","3",1.3973670666666667
"9CAD_2","9CAD","2",1.3973670666666667
"9CAQ_3","9CAQ","3",1.3973670666666667
"9CDG_1","9CDG","1",1.3973670666666667
"9CDI_1","9CDI","1",1.3973670666666667
"9CDJ_1","9CDJ","1",1.3973670666666667
"9CE3_2","9CE3","2",1.3973670666666667
"9CF8_11","9CF8","11",1.3973670666666667
"9CF8_12","9CF8","12",1.3973670666666667
"9CHU_1","9CHU","1",1.3973670666666667
"9CHV_1","9CHV","1",1.3973670666666667
"9CHW_1","9CHW","1",1.3973670666666667
"9CI3_2","9CI3","2",1.3973670666666667
"9CIA_6","9CIA","6",1.3973670666666667
"9CJ9_1","9CJ9","1",1.3973670666666667
"9CKC_1","9CKC","1",1.3973670666666667
"9CKV_2","9CKV","2",1.3973670666666667
"9CLA_1","9CLA","1",1.3973670666666667
"9CLW_2","9CLW","2",1.3973670666666667
"9CM3_2","9CM3","2",1.3973670666666667
"9CN3_52","9CN3","52",1.3973670666666667
"9CQ3_11","9CQ3","11",1.3973670666666667
"9CQ4_4","9CQ4","4",1.3973670666666667
"9CR3_1","9CR3","1",1.3973670666666667
"9CSB_5","9CSB","5",1.3973670666666667
"9CSG_1","9CSG","1",1.3973670666666667
"9CTJ_5","9CTJ","5",1.3973670666666667
"9CTV_3","9CTV","3",1.3973670666666667
"9CU8_2","9CU8","2",1.3973670666666667
"9CUH_1","9CUH","1",1.3973670666666667
"9CUI_1","9CUI","1",1.3973670666666667
"9CUJ_1","9CUJ","1",1.3973670666666667
"9CVA_1","9CVA","1",1.3973670666666667
"9CVB_1","9CVB","1",1.3973670666666667
"9CWU_1","9CWU","1",1.3973670666666667
"9CX8_1","9CX8","1",1.3973670666666667
"9CXB_5","9CXB","5",1.3973670666666667
"9CXC_3","9CXC","3",1.3973670666666667
"9CXV_1","9CXV","1",1.3973670666666667
"9CZM_2","9CZM","2",1.3973670666666667
"9D0X_1","9D0X","1",1.3973670666666667
"9D18_1","9D18","1",1.3973670666666667
"9D19_1","9D19","1",1.3973670666666667
"9D1I_1","9D1I","1",1.3973670666666667
"9D1Y_1","9D1Y","1",1.3973670666666667
"9D20_1","9D20","1",1.3973670666666667
"9D37_1","9D37","1",1.3973670666666667
"9D37_3","9D37","3",1.3973670666666667
"9D38_1","9D38","1",1.3973670666666667
"9D39_3","9D39","3",1.3973670666666667
"9D3A_2","9D3A","2",1.3973670666666667
"9D3B_2","9D3B","2",1.3973670666666667
"9D3C_2","9D3C","2",1.3973670666666667
"9D4E_1","9D4E","1",1.3973670666666667
"9D8E_1","9D8E","1",1.3973670666666667
"9D8F_1","9D8F","1",1.3973670666666667
"9D8Z_1","9D8Z","1",1.3973670666666667
"9DET_2","9DET","2",1.3973670666666667
"9DGZ_1","9DGZ","1",1.3973670666666667
"9DH3_1","9DH3","1",1.3973670666666667
"9DHK_4","9DHK","4",1.3973670666666667
"9DI4_1","9DI4","1",1.3973670666666667
"9DJX_1","9DJX","1",1.3973670666666667
"9DMG_4","9DMG","4",1.3973670666666667
"9DMH_4","9DMH","4",1.3973670666666667
"9DMI_1","9DMI","1",1.3973670666666667
"9DMJ_1","9DMJ","1",1.3973670666666667
"9DML_6","9DML","6",1.3973670666666667
"9DMS_1","9DMS","1",1.3973670666666667
"9DMV_1","9DMV","1",1.3973670666666667
"9DMV_4","9DMV","4",1.3973670666666667
"9DNN_2","9DNN","2",1.3973670666666667
"9DNZ_1","9DNZ","1",1.3973670666666667
"9DO0_1","9DO0","1",1.3973670666666667
"9DPR_1","9DPR","1",1.3973670666666667
"9DPU_1","9DPU","1",1.3973670666666667
"9DPV_1","9DPV","1",1.3973670666666667
"9DPY_1","9DPY","1",1.3973670666666667
"9DPZ_1","9DPZ","1",1.3973670666666667
"9DQB_4","9DQB","4",1.3973670666666667
"9DQJ_3","9DQJ","3",1.3973670666666667
"9DRJ_1","9DRJ","1",1.3973670666666667
"9DWW_1","9DWW","1",1.3973670666666667
"9DXO_1","9DXO","1",1.3973670666666667
"9DXP_1","9DXP","1",1.3973670666666667
"9DYE_2","9DYE","2",1.3973670666666667
"9DYE_4","9DYE","4",1.3973670666666667
"9E05_7","9E05","7",1.3973670666666667
"9E1L_7","9E1L","7",1.3973670666666667
"9E1M_7","9E1M","7",1.3973670666666667
"9E1P_7","9E1P","7",1.3973670666666667
"9E1Q_7","9E1Q","7",1.3973670666666667
"9E1V_7","9E1V","7",1.3973670666666667
"9E2D_5","9E2D","5",1.3973670666666667
"9E2S_1","9E2S","1",1.3973670666666667
"9E2Z_5","9E2Z","5",1.3973670666666667
"9E3D_7","9E3D","7",1.3973670666666667
"9E3M_1","9E3M","1",1.3973670666666667
"9E3P_1","9E3P","1",1.3973670666666667
"9E3R_7","9E3R","7",1.3973670666666667
"9E3U_5","9E3U","5",1.3973670666666667
"9E51_2","9E51","2",1.3973670666666667
"9E7R_4","9E7R","4",1.3973670666666667
"9E8G_14","9E8G","14",1.3973670666666667
"9E8G_22","9E8G","22",1.3973670666666667
"9E8H_14","9E8H","14",1.3973670666666667
"9E8H_16","9E8H","16",1.3973670666666667
"9E8H_26","9E8H","26",1.3973670666666667
"9E8I_14","9E8I","14",1.3973670666666667
"9E8J_3","9E8J","3",1.3973670666666667
"9E8N_4","9E8N","4",1.3973670666666667
"9E8O_32","9E8O","32",1.3973670666666667
"9E8Q_21","9E8Q","21",1.3973670666666667
"9EB9_2","9EB9","2",1.3973670666666667
"9EBA_2","9EBA","2",1.3973670666666667
"9EBN_2","9EBN","2",1.3973670666666667
"9EBO_2","9EBO","2",1.3973670666666667
"9EBQ_2","9EBQ","2",1.3973670666666667
"9EBS_2","9EBS","2",1.3973670666666667
"9ED4_11","9ED4","11",1.3973670666666667
"9ED6_6","9ED6","6",1.3973670666666667
"9EE9_2","9EE9","2",1.3973670666666667
"9EEA_2","9EEA","2",1.3973670666666667
"9EEX_1","9EEX","1",1.3973670666666667
"9EF2_2","9EF2","2",1.3973670666666667
"9EJ9_1","9EJ9","1",1.3973670666666667
"9EJC_1","9EJC","1",1.3973670666666667
"9EKB_2","9EKB","2",1.3973670666666667
"9EKW_1","9EKW","1",1.3973670666666667
"9EL0_1","9EL0","1",1.3973670666666667
"9EL1_1","9EL1","1",1.3973670666666667
"9ELX_1","9ELX","1",1.3973670666666667
"9EOD_1","9EOD","1",1.3973670666666667
"9EOF_1","9EOF","1",1.3973670666666667
"9EP1_1","9EP1","1",1.3973670666666667
"9EP4_2","9EP4","2",1.3973670666666667
"9EP4_3","9EP4","3",1.3973670666666667
"9EPQ_3","9EPQ","3",1.3973670666666667
"9EQG_3","9EQG","3",1.3973670666666667
"9ER2_17","9ER2","17",1.3973670666666667
"9EWU_1","9EWU","1",1.3973670666666667
"9EY5_1","9EY5","1",1.3973670666666667
"9EY7_1","9EY7","1",1.3973670666666667
"9F1B_56","9F1B","56",1.3973670666666667
"9F1C_40","9F1C","40",1.3973670666666667
"9F1D_52","9F1D","52",1.3973670666666667
"9F2Y_1","9F2Y","1",1.3973670666666667
"9F3H_1","9F3H","1",1.3973670666666667
"9F3S_2","9F3S","2",1.3973670666666667
"9F45_1","9F45","1",1.3973670666666667
"9F6P_1","9F6P","1",1.3973670666666667
"9F6X_1","9F6X","1",1.3973670666666667
"9F7Z_2","9F7Z","2",1.3973670666666667
"9FA4_1","9FA4","1",1.3973670666666667
"9FAP_3","9FAP","3",1.3973670666666667
"9FAR_1","9FAR","1",1.3973670666666667
"9FAS_3","9FAS","3",1.3973670666666667
"9FAT_3","9FAT","3",1.3973670666666667
"9FAV_2","9FAV","2",1.3973670666666667
"9FAW_2","9FAW","2",1.3973670666666667
"9FDF_1","9FDF","1",1.3973670666666667
"9FDN_1","9FDN","1",1.3973670666666667
"9FET_1","9FET","1",1.3973670666666667
"9FGH_3","9FGH","3",1.3973670666666667
"9FJJ_1","9FJJ","1",1.3973670666666667
"9FK5_3","9FK5","3",1.3973670666666667
"9FMD_30","9FMD","30",1.3973670666666667
"9FMD_36","9FMD","36",1.3973670666666667
"9FQ0_2","9FQ0","2",1.3973670666666667
"9FQZ_79","9FQZ","79",1.3973670666666667
"9FSP_10","9FSP","10",1.3973670666666667
"9FSQ_1","9FSQ","1",1.3973670666666667
"9FSR_10","9FSR","10",1.3973670666666667
"9FSS_1","9FSS","1",1.3973670666666667
"9FSS_10","9FSS","10",1.3973670666666667
"9FT7_1","9FT7","1",1.3973670666666667
"9G08_1","9G08","1",1.3973670666666667
"9G09_2","9G09","2",1.3973670666666667
"9G4W_1","9G4W","1",1.3973670666666667
"9G5B_8","9G5B","8",1.3973670666666667
"9G5C_14","9G5C","14",1.3973670666666667
"9G5C_8","9G5C","8",1.3973670666666667
"9G6X_1","9G6X","1",1.3973670666666667
"9G71_1","9G71","1",1.3973670666666667
"9G7D_1","9G7D","1",1.3973670666666667
"9G8M_10","9G8M","10",1.3973670666666667
"9G8M_21","9G8M","21",1.3973670666666667
"9G8N_2","9G8N","2",1.3973670666666667
"9G8N_3","9G8N","3",1.3973670666666667
"9G8O_1","9G8O","1",1.3973670666666667
"9G8O_26","9G8O","26",1.3973670666666667
"9G8O_49","9G8O","49",1.3973670666666667
"9G8P_11","9G8P","11",1.3973670666666667
"9G9W_1","9G9W","1",1.3973670666666667
"9GAO_1","9GAO","1",1.3973670666666667
"9GAW_12","9GAW","12",1.3973670666666667
"9GAW_14","9GAW","14",1.3973670666666667
"9GCR_1","9GCR","1",1.3973670666666667
"9GD7_5","9GD7","5",1.3973670666666667
"9GE2_2","9GE2","2",1.3973670666666667
"9GE3_2","9GE3","2",1.3973670666666667
"9GGC_1","9GGC","1",1.3973670666666667
"9GGF_1","9GGF","1",1.3973670666666667
"9GGG_3","9GGG","3",1.3973670666666667
"9GIB_2","9GIB","2",1.3973670666666667
"9GID_1","9GID","1",1.3973670666666667
"9GJ1_2","9GJ1","2",1.3973670666666667
"9GKN_3","9GKN","3",1.3973670666666667
"9GL2_4","9GL2","4",1.3973670666666667
"9GMW_1","9GMW","1",1.3973670666666667
"9GMX_2","9GMX","2",1.3973670666666667
"9GNS_1","9GNS","1",1.3973670666666667
"9GSU_1","9GSU","1",1.3973670666666667
"9GSV_1","9GSV","1",1.3973670666666667
"9GSW_1","9GSW","1",1.3973670666666667
"9GTL_1","9GTL","1",1.3973670666666667
"9GTU_3","9GTU","3",1.3973670666666667
"9GTW_1","9GTW","1",1.3973670666666667
"9GU0_5","9GU0","5",1.3973670666666667
"9GU1_1","9GU1","1",1.3973670666666667
"9GU2_4","9GU2","4",1.3973670666666667
"9GU3_1","9GU3","1",1.3973670666666667
"9GVQ_1","9GVQ","1",1.3973670666666667
"9GY4_8","9GY4","8",1.3973670666666667
"9GZN_1","9GZN","1",1.3973670666666667
"9GZO_1","9GZO","1",1.3973670666666667
"9H52_28","9H52","28",1.3973670666666667
"9H54_4","9H54","4",1.3973670666666667
"9H8C_2","9H8C","2",1.3973670666666667
"9HB3_5","9HB3","5",1.3973670666666667
"9HDO_1","9HDO","1",1.3973670666666667
"9HDR_1","9HDR","1",1.3973670666666667
"9HEU_1","9HEU","1",1.3973670666666667
"9HEU_20","9HEU","20",1.3973670666666667
"9HFN_11","9HFN","11",1.3973670666666667
"9HFO_12","9HFO","12",1.3973670666666667
"9HFO_18","9HFO","18",1.3973670666666667
"9HHQ_1","9HHQ","1",1.3973670666666667
"9HIA_1","9HIA","1",1.3973670666666667
"9HIB_1","9HIB","1",1.3973670666666667
"9HIC_1","9HIC","1",1.3973670666666667
"9HL3_1","9HL3","1",1.3973670666666667
"9HLA_1","9HLA","1",1.3973670666666667
"9HLC_1","9HLC","1",1.3973670666666667
"9HLD_1","9HLD","1",1.3973670666666667
"9HNE_3","9HNE","3",1.3973670666666667
"9HNW_2","9HNW","2",1.3973670666666667
"9HPJ_2","9HPJ","2",1.3973670666666667
"9HQ4_1","9HQ4","1",1.3973670666666667
"9HUE_1","9HUE","1",1.3973670666666667
"9HUH_1","9HUH","1",1.3973670666666667
"9HUI_1","9HUI","1",1.3973670666666667
"9HUR_1","9HUR","1",1.3973670666666667
"9HV7_1","9HV7","1",1.3973670666666667
"9HVD_6","9HVD","6",1.3973670666666667
"9HVE_7","9HVE","7",1.3973670666666667
"9HVY_1","9HVY","1",1.3973670666666667
"9HXW_3","9HXW","3",1.3973670666666667
"9HZ3_2","9HZ3","2",1.3973670666666667
"9I02_1","9I02","1",1.3973670666666667
"9I14_1","9I14","1",1.3973670666666667
"9I14_56","9I14","56",1.3973670666666667
"9I1Q_1","9I1Q","1",1.3973670666666667
"9I2E_62","9I2E","62",1.3973670666666667
"9I2E_85","9I2E","85",1.3973670666666667
"9I3P_2","9I3P","2",1.3973670666666667
"9I3R_1","9I3R","1",1.3973670666666667
"9I3T_1","9I3T","1",1.3973670666666667
"9I4I_32","9I4I","32",1.3973670666666667
"9I52_1","9I52","1",1.3973670666666667
"9I54_2","9I54","2",1.3973670666666667
"9I5O_1","9I5O","1",1.3973670666666667
"9I5W_1","9I5W","1",1.3973670666666667
"9I8A_1","9I8A","1",1.3973670666666667
"9IAZ_2","9IAZ","2",1.3973670666666667
"9IC1_1","9IC1","1",1.3973670666666667
"9II2_1","9II2","1",1.3973670666666667
"9IJD_4","9IJD","4",1.3973670666666667
"9IJE_4","9IJE","4",1.3973670666666667
"9IMZ_1","9IMZ","1",1.3973670666666667
"9IPA_1","9IPA","1",1.3973670666666667
"9IPY_1","9IPY","1",1.3973670666666667
"9IRB_1","9IRB","1",1.3973670666666667
"9ISI_1","9ISI","1",1.3973670666666667
"9ITH_1","9ITH","1",1.3973670666666667
"9IV1_2","9IV1","2",1.3973670666666667
"9IV2_1","9IV2","1",1.3973670666666667
"9IV6_3","9IV6","3",1.3973670666666667
"9IVG_4","9IVG","4",1.3973670666666667
"9IVJ_5","9IVJ","5",1.3973670666666667
"9IWL_1","9IWL","1",1.3973670666666667
"9IX5_1","9IX5","1",1.3973670666666667
"9IXZ_1","9IXZ","1",1.3973670666666667
"9IY8_1","9IY8","1",1.3973670666666667
"9IY8_3","9IY8","3",1.3973670666666667
"9IYA_1","9IYA","1",1.3973670666666667
"9IYQ_2","9IYQ","2",1.3973670666666667
"9IZC_2","9IZC","2",1.3973670666666667
"9IZF_1","9IZF","1",1.3973670666666667
"9IZF_3","9IZF","3",1.3973670666666667
"9IZG_1","9IZG","1",1.3973670666666667
"9IZG_3","9IZG","3",1.3973670666666667
"9IZH_1","9IZH","1",1.3973670666666667
"9IZH_3","9IZH","3",1.3973670666666667
"9J0B_2","9J0B","2",1.3973670666666667
"9J20_1","9J20","1",1.3973670666666667
"9J2X_1","9J2X","1",1.3973670666666667
"9J31_1","9J31","1",1.3973670666666667
"9J38_1","9J38","1",1.3973670666666667
"9J6Z_2","9J6Z","2",1.3973670666666667
"9J8P_1","9J8P","1",1.3973670666666667
"9J8W_7","9J8W","7",1.3973670666666667
"9J8Z_1","9J8Z","1",1.3973670666666667
"9JBE_1","9JBE","1",1.3973670666666667
"9JBF_1","9JBF","1",1.3973670666666667
"9JBI_1","9JBI","1",1.3973670666666667
"9JBZ_1","9JBZ","1",1.3973670666666667
"9JCO_2","9JCO","2",1.3973670666666667
"9JED_2","9JED","2",1.3973670666666667
"9JFK_1","9JFK","1",1.3973670666666667
"9JFT_2","9JFT","2",1.3973670666666667
"9JFU_4","9JFU","4",1.3973670666666667
"9JFW_5","9JFW","5",1.3973670666666667
"9JFZ_5","9JFZ","5",1.3973670666666667
"9JH1_1","9JH1","1",1.3973670666666667
"9JH2_1","9JH2","1",1.3973670666666667
"9JH3_2","9JH3","2",1.3973670666666667
"9JH3_3","9JH3","3",1.3973670666666667
"9JHP_5","9JHP","5",1.3973670666666667
"9JIC_1","9JIC","1",1.3973670666666667
"9JID_1","9JID","1",1.3973670666666667
"9JID_3","9JID","3",1.3973670666666667
"9JJK_1","9JJK","1",1.3973670666666667
"9JJN_1","9JJN","1",1.3973670666666667
"9JJO_1","9JJO","1",1.3973670666666667
"9JK1_2","9JK1","2",1.3973670666666667
"9JKS_3","9JKS","3",1.3973670666666667
"9JKX_1","9JKX","1",1.3973670666666667
"9JMD_2","9JMD","2",1.3973670666666667
"9JO4_1","9JO4","1",1.3973670666666667
"9JRO_4","9JRO","4",1.3973670666666667
"9JY1_8","9JY1","8",1.3973670666666667
"9JY3_6","9JY3","6",1.3973670666666667
"9JY4_6","9JY4","6",1.3973670666666667
"9K07_1","9K07","1",1.3973670666666667
"9K0K_2","9K0K","2",1.3973670666666667
"9K1D_3","9K1D","3",1.3973670666666667
"9K1Q_1","9K1Q","1",1.3973670666666667
"9K27_2","9K27","2",1.3973670666666667
"9K2G_10","9K2G","10",1.3973670666666667
"9K2G_13","9K2G","13",1.3973670666666667
"9K2G_9","9K2G","9",1.3973670666666667
"9K36_1","9K36","1",1.3973670666666667
"9K36_9","9K36","9",1.3973670666666667
"9K38_1","9K38","1",1.3973670666666667
"9K38_10","9K38","10",1.3973670666666667
"9K38_13","9K38","13",1.3973670666666667
"9K38_18","9K38","18",1.3973670666666667
"9K39_1","9K39","1",1.3973670666666667
"9K39_13","9K39","13",1.3973670666666667
"9K3B_13","9K3B","13",1.3973670666666667
"9K3B_4","9K3B","4",1.3973670666666667
"9K3P_1","9K3P","1",1.3973670666666667
"9K3U_12","9K3U","12",1.3973670666666667
"9K3U_16","9K3U","16",1.3973670666666667
"9K3U_4","9K3U","4",1.3973670666666667
"9K3V_13","9K3V","13",1.3973670666666667
"9K4I_2","9K4I","2",1.3973670666666667
"9K4J_15","9K4J","15",1.3973670666666667
"9K4K_15","9K4K","15",1.3973670666666667
"9K4L_15","9K4L","15",1.3973670666666667
"9K4L_23","9K4L","23",1.3973670666666667
"9K4M_15","9K4M","15",1.3973670666666667
"9K4M_21","9K4M","21",1.3973670666666667
"9K4O_14","9K4O","14",1.3973670666666667
"9K4P_14","9K4P","14",1.3973670666666667
"9K4P_21","9K4P","21",1.3973670666666667
"9K4R_14","9K4R","14",1.3973670666666667
"9K4S_21","9K4S","21",1.3973670666666667
"9K4S_7","9K4S","7",1.3973670666666667
"9K4T_21","9K4T","21",1.3973670666666667
"9K4T_7","9K4T","7",1.3973670666666667
"9K4U_14","9K4U","14",1.3973670666666667
"9K4U_7","9K4U","7",1.3973670666666667
"9K4V_14","9K4V","14",1.3973670666666667
"9K4V_7","9K4V","7",1.3973670666666667
"9K4W_14","9K4W","14",1.3973670666666667
"9K4W_21","9K4W","21",1.3973670666666667
"9K4W_23","9K4W","23",1.3973670666666667
"9K4X_7","9K4X","7",1.3973670666666667
"9K4Y_7","9K4Y","7",1.3973670666666667
"9K4Z_14","9K4Z","14",1.3973670666666667
"9K4Z_23","9K4Z","23",1.3973670666666667
"9K4Z_7","9K4Z","7",1.3973670666666667
"9K50_21","9K50","21",1.3973670666666667
"9K50_23","9K50","23",1.3973670666666667
"9K50_7","9K50","7",1.3973670666666667
"9K53_14","9K53","14",1.3973670666666667
"9K53_15","9K53","15",1.3973670666666667
"9K54_21","9K54","21",1.3973670666666667
"9K54_23","9K54","23",1.3973670666666667
"9K55_14","9K55","14",1.3973670666666667
"9K55_7","9K55","7",1.3973670666666667
"9K56_14","9K56","14",1.3973670666666667
"9K56_15","9K56","15",1.3973670666666667
"9K56_21","9K56","21",1.3973670666666667
"9K57_15","9K57","15",1.3973670666666667
"9K57_21","9K57","21",1.3973670666666667
"9K57_23","9K57","23",1.3973670666666667
"9K58_15","9K58","15",1.3973670666666667
"9K58_21","9K58","21",1.3973670666666667
"9K58_7","9K58","7",1.3973670666666667
"9K5A_15","9K5A","15",1.3973670666666667
"9K5A_23","9K5A","23",1.3973670666666667
"9K5B_14","9K5B","14",1.3973670666666667
"9K5B_15","9K5B","15",1.3973670666666667
"9K5C_15","9K5C","15",1.3973670666666667
"9K5E_14","9K5E","14",1.3973670666666667
"9K5E_15","9K5E","15",1.3973670666666667
"9K5E_7","9K5E","7",1.3973670666666667
"9K6I_1","9K6I","1",1.3973670666666667
"9K6L_2","9K6L","2",1.3973670666666667
"9K6U_1","9K6U","1",1.3973670666666667
"9K93_1","9K93","1",1.3973670666666667
"9KCG_1","9KCG","1",1.3973670666666667
"9KCJ_1","9KCJ","1",1.3973670666666667
"9KCM_3","9KCM","3",1.3973670666666667
"9KCR_1","9KCR","1",1.3973670666666667
"9KDG_1","9KDG","1",1.3973670666666667
"9KEG_1","9KEG","1",1.3973670666666667
"9KEI_1","9KEI","1",1.3973670666666667
"9KEP_1","9KEP","1",1.3973670666666667
"9KFJ_1","9KFJ","1",1.3973670666666667
"9KFJ_5","9KFJ","5",1.3973670666666667
"9KFK_7","9KFK","7",1.3973670666666667
"9KFL_2","9KFL","2",1.3973670666666667
"9KFM_1","9KFM","1",1.3973670666666667
"9KHI_1","9KHI","1",1.3973670666666667
"9KKF_43","9KKF","43",1.3973670666666667
"9KKF_9","9KKF","9",1.3973670666666667
"9KMT_10","9KMT","10",1.3973670666666667
"9KMT_33","9KMT","33",1.3973670666666667
"9KMZ_10","9KMZ","10",1.3973670666666667
"9KMZ_33","9KMZ","33",1.3973670666666667
"9KN0_10","9KN0","10",1.3973670666666667
"9KN0_33","9KN0","33",1.3973670666666667
"9KN5_10","9KN5","10",1.3973670666666667
"9KN5_33","9KN5","33",1.3973670666666667
"9KN6_46","9KN6","46",1.3973670666666667
"9KNW_2","9KNW","2",1.3973670666666667
"9KNX_2","9KNX","2",1.3973670666666667
"9KO4_1","9KO4","1",1.3973670666666667
"9KOX_2","9KOX","2",1.3973670666666667
"9KPD_2","9KPD","2",1.3973670666666667
"9KPF_2","9KPF","2",1.3973670666666667
"9KQ2_7","9KQ2","7",1.3973670666666667
"9KQN_2","9KQN","2",1.3973670666666667
"9KQO_9","9KQO","9",1.3973670666666667
"9KRI_1","9KRI","1",1.3973670666666667
"9KRP_32","9KRP","32",1.3973670666666667
"9KRP_45","9KRP","45",1.3973670666666667
"9KRP_9","9KRP","9",1.3973670666666667
"9KT6_2","9KT6","2",1.3973670666666667
"9KUY_1","9KUY","1",1.3973670666666667
"9KV0_1","9KV0","1",1.3973670666666667
"9KV8_1","9KV8","1",1.3973670666666667
"9KVG_2","9KVG","2",1.3973670666666667
"9KVG_5","9KVG","5",1.3973670666666667
"9KVH_2","9KVH","2",1.3973670666666667
"9KVX_1","9KVX","1",1.3973670666666667
"9KVZ_1","9KVZ","1",1.3973670666666667
"9KX6_1","9KX6","1",1.3973670666666667
"9KXS_1","9KXS","1",1.3973670666666667
"9KZ2_6","9KZ2","6",1.3973670666666667
"9KZ8_3","9KZ8","3",1.3973670666666667
"9KZC_1","9KZC","1",1.3973670666666667
"9KZK_4","9KZK","4",1.3973670666666667
"9KZU_90","9KZU","90",1.3973670666666667
"9KZX_90","9KZX","90",1.3973670666666667
"9L00_1","9L00","1",1.3973670666666667
"9L0B_1","9L0B","1",1.3973670666666667
"9L0C_2","9L0C","2",1.3973670666666667
"9L0D_4","9L0D","4",1.3973670666666667
"9L0H_1","9L0H","1",1.3973670666666667
"9L0H_3","9L0H","3",1.3973670666666667
"9L16_1","9L16","1",1.3973670666666667
"9L46_1","9L46","1",1.3973670666666667
"9L8L_5","9L8L","5",1.3973670666666667
"9LC2_1","9LC2","1",1.3973670666666667
"9LD2_3","9LD2","3",1.3973670666666667
"9LDV_2","9LDV","2",1.3973670666666667
"9LDW_2","9LDW","2",1.3973670666666667
"9LDX_2","9LDX","2",1.3973670666666667
"9LE1_1","9LE1","1",1.3973670666666667
"9LGL_1","9LGL","1",1.3973670666666667
"9LH6_1","9LH6","1",1.3973670666666667
"9LHA_1","9LHA","1",1.3973670666666667
"9LHB_1","9LHB","1",1.3973670666666667
"9LHD_1","9LHD","1",1.3973670666666667
"9LHE_1","9LHE","1",1.3973670666666667
"9LHX_1","9LHX","1",1.3973670666666667
"9LIZ_1","9LIZ","1",1.3973670666666667
"9LK7_1","9LK7","1",1.3973670666666667
"9LKT_13","9LKT","13",1.3973670666666667
"9LL7_1","9LL7","1",1.3973670666666667
"9LLB_1","9LLB","1",1.3973670666666667
"9LLE_1","9LLE","1",1.3973670666666667
"9LLF_1","9LLF","1",1.3973670666666667
"9LLG_1","9LLG","1",1.3973670666666667
"9LLH_6","9LLH","6",1.3973670666666667
"9LN6_1","9LN6","1",1.3973670666666667
"9LOC_1","9LOC","1",1.3973670666666667
"9LOD_1","9LOD","1",1.3973670666666667
"9LPK_2","9LPK","2",1.3973670666666667
"9LQ1_1","9LQ1","1",1.3973670666666667
"9LQX_1","9LQX","1",1.3973670666666667
"9LR1_6","9LR1","6",1.3973670666666667
"9LRS_3","9LRS","3",1.3973670666666667
"9LTJ_1","9LTJ","1",1.3973670666666667
"9LTL_1","9LTL","1",1.3973670666666667
"9LU1_4","9LU1","4",1.3973670666666667
"9LVC_1","9LVC","1",1.3973670666666667
"9LVD_1","9LVD","1",1.3973670666666667
"9LW5_6","9LW5","6",1.3973670666666667
"9LWC_2","9LWC","2",1.3973670666666667
"9LWJ_1","9LWJ","1",1.3973670666666667
"9LWP_1","9LWP","1",1.3973670666666667
"9LXD_3","9LXD","3",1.3973670666666667
"9LXD_6","9LXD","6",1.3973670666666667
"9LXE_5","9LXE","5",1.3973670666666667
"9LXF_6","9LXF","6",1.3973670666666667
"9LXN_13","9LXN","13",1.3973670666666667
"9LXN_22","9LXN","22",1.3973670666666667
"9LXN_4","9LXN","4",1.3973670666666667
"9LXO_1","9LXO","1",1.3973670666666667
"9LXO_13","9LXO","13",1.3973670666666667
"9LXO_18","9LXO","18",1.3973670666666667
"9LXO_9","9LXO","9",1.3973670666666667
"9LYB_2","9LYB","2",1.3973670666666667
"9LYB_5","9LYB","5",1.3973670666666667
"9LYC_2","9LYC","2",1.3973670666666667
"9M0F_2","9M0F","2",1.3973670666666667
"9M0X_2","9M0X","2",1.3973670666666667
"9M0Y_3","9M0Y","3",1.3973670666666667
"9M1K_2","9M1K","2",1.3973670666666667
"9M1L_1","9M1L","1",1.3973670666666667
"9M1M_2","9M1M","2",1.3973670666666667
"9M1N_2","9M1N","2",1.3973670666666667
"9M1P_2","9M1P","2",1.3973670666666667
"9M1R_1","9M1R","1",1.3973670666666667
"9M2W_21","9M2W","21",1.3973670666666667
"9M42_2","9M42","2",1.3973670666666667
"9M4X_1","9M4X","1",1.3973670666666667
"9M4Z_1","9M4Z","1",1.3973670666666667
"9M50_1","9M50","1",1.3973670666666667
"9M57_2","9M57","2",1.3973670666666667
"9M77_7","9M77","7",1.3973670666666667
"9M8V_1","9M8V","1",1.3973670666666667
"9M9M_1","9M9M","1",1.3973670666666667
"9MB9_1","9MB9","1",1.3973670666666667
"9MB9_3","9MB9","3",1.3973670666666667
"9MBA_2","9MBA","2",1.3973670666666667
"9MBD_1","9MBD","1",1.3973670666666667
"9MBP_19","9MBP","19",1.3973670666666667
"9MBP_27","9MBP","27",1.3973670666666667
"9MBQ_1","9MBQ","1",1.3973670666666667
"9MBQ_26","9MBQ","26",1.3973670666666667
"9MBZ_2","9MBZ","2",1.3973670666666667
"9MC5_1","9MC5","1",1.3973670666666667
"9MC6_1","9MC6","1",1.3973670666666667
"9MC7_1","9MC7","1",1.3973670666666667
"9MCB_1","9MCB","1",1.3973670666666667
"9MEY_2","9MEY","2",1.3973670666666667
"9MHH_5","9MHH","5",1.3973670666666667
"9MJS_1","9MJS","1",1.3973670666666667
"9MJT_1","9MJT","1",1.3973670666666667
"9MJU_1","9MJU","1",1.3973670666666667
"9MJZ_1","9MJZ","1",1.3973670666666667
"9MN7_2","9MN7","2",1.3973670666666667
"9MNC_52","9MNC","52",1.3973670666666667
"9MNC_7","9MNC","7",1.3973670666666667
"9MNX_2","9MNX","2",1.3973670666666667
"9MOV_3","9MOV","3",1.3973670666666667
"9MP0_2","9MP0","2",1.3973670666666667
"9MPO_1","9MPO","1",1.3973670666666667
"9MQ8_4","9MQ8","4",1.3973670666666667
"9MR5_1","9MR5","1",1.3973670666666667
"9MRT_1","9MRT","1",1.3973670666666667
"9MUM_1","9MUM","1",1.3973670666666667
"9MUM_2","9MUM","2",1.3973670666666667
"9N04_2","9N04","2",1.3973670666666667
"9N05_2","9N05","2",1.3973670666666667
"9N09_2","9N09","2",1.3973670666666667
"9N0E_1","9N0E","1",1.3973670666666667
"9N0Y_2","9N0Y","2",1.3973670666666667
"9N0Z_2","9N0Z","2",1.3973670666666667
"9N1P_2","9N1P","2",1.3973670666666667
"9N3B_3","9N3B","3",1.3973670666666667
"9N4K_1","9N4K","1",1.3973670666666667
"9N4K_2","9N4K","2",1.3973670666666667
"9N4K_3","9N4K","3",1.3973670666666667
"9N85_1","9N85","1",1.3973670666666667
"9N96_8","9N96","8",1.3973670666666667
"9N9R_2","9N9R","2",1.3973670666666667
"9N9R_7","9N9R","7",1.3973670666666667
"9NAV_1","9NAV","1",1.3973670666666667
"9NBY_6","9NBY","6",1.3973670666666667
"9NCO_1","9NCO","1",1.3973670666666667
"9NCT_1","9NCT","1",1.3973670666666667
"9NFQ_2","9NFQ","2",1.3973670666666667
"9NH5_10","9NH5","10",1.3973670666666667
"9NH6_10","9NH6","10",1.3973670666666667
"9NH6_9","9NH6","9",1.3973670666666667
"9NIR_1","9NIR","1",1.3973670666666667
"9NKF_14","9NKF","14",1.3973670666666667
"9NKF_6","9NKF","6",1.3973670666666667
"9NKI_14","9NKI","14",1.3973670666666667
"9NKI_15","9NKI","15",1.3973670666666667
"9NKJ_27","9NKJ","27",1.3973670666666667
"9NOC_7","9NOC","7",1.3973670666666667
"9NOR_1","9NOR","1",1.3973670666666667
"9NOU_2","9NOU","2",1.3973670666666667
"9NOX_1","9NOX","1",1.3973670666666667
"9NOX_2","9NOX","2",1.3973670666666667
"9NOX_5","9NOX","5",1.3973670666666667
"9NOY_1","9NOY","1",1.3973670666666667
"9NPR_1","9NPR","1",1.3973670666666667
"9NQ9_1","9NQ9","1",1.3973670666666667
"9NR3_2","9NR3","2",1.3973670666666667
"9NRD_8","9NRD","8",1.3973670666666667
"9NRE_7","9NRE","7",1.3973670666666667
"9NRG_8","9NRG","8",1.3973670666666667
"9NSO_1","9NSO","1",1.3973670666666667
"9NU1_1","9NU1","1",1.3973670666666667
"9NU2_1","9NU2","1",1.3973670666666667
"9NWT_3","9NWT","3",1.3973670666666667
"9NX0_2","9NX0","2",1.3973670666666667
"9NX1_2","9NX1","2",1.3973670666666667
"9NYY_1","9NYY","1",1.3973670666666667
"9O10_1","9O10","1",1.3973670666666667
"9O11_1","9O11","1",1.3973670666666667
"9O13_1","9O13","1",1.3973670666666667
"9O2Z_1","9O2Z","1",1.3973670666666667
"9O3B_1","9O3B","1",1.3973670666666667
"9O3V_57","9O3V","57",1.3973670666666667
"9O3V_80","9O3V","80",1.3973670666666667
"9O3W_80","9O3W","80",1.3973670666666667
"9O3Y_4","9O3Y","4",1.3973670666666667
"9O3Y_80","9O3Y","80",1.3973670666666667
"9O58_2","9O58","2",1.3973670666666667
"9O5A_2","9O5A","2",1.3973670666666667
"9O5D_2","9O5D","2",1.3973670666666667
"9O5E_4","9O5E","4",1.3973670666666667
"9OA8_1","9OA8","1",1.3973670666666667
"9OC7_2","9OC7","2",1.3973670666666667
"9ODE_1","9ODE","1",1.3973670666666667
"9ODF_1","9ODF","1",1.3973670666666667
"9ODH_1","9ODH","1",1.3973670666666667
"9ODI_1","9ODI","1",1.3973670666666667
"9OFS_1","9OFS","1",1.3973670666666667
"9OJM_18","9OJM","18",1.3973670666666667
"9OLF_28","9OLF","28",1.3973670666666667
"9OLF_93","9OLF","93",1.3973670666666667
"9OMO_1","9OMO","1",1.3973670666666667
"9OMP_1","9OMP","1",1.3973670666666667
"9OOG_3","9OOG","3",1.3973670666666667
"9OOG_4","9OOG","4",1.3973670666666667
"9OPZ_1","9OPZ","1",1.3973670666666667
"9OQ3_1","9OQ3","1",1.3973670666666667
"9OQ4_2","9OQ4","2",1.3973670666666667
"9OQ5_2","9OQ5","2",1.3973670666666667
"9OQ6_1","9OQ6","1",1.3973670666666667
"9OQ6_2","9OQ6","2",1.3973670666666667
"9OST_4","9OST","4",1.3973670666666667
"9OTI_2","9OTI","2",1.3973670666666667
"9OUL_2","9OUL","2",1.3973670666666667
"9OUW_1","9OUW","1",1.3973670666666667
"9OWE_3","9OWE","3",1.3973670666666667
"9OX7_2","9OX7","2",1.3973670666666667
"9P03_1","9P03","1",1.3973670666666667
"9P09_1","9P09","1",1.3973670666666667
"9P0K_1","9P0K","1",1.3973670666666667
"9P73_17","9P73","17",1.3973670666666667
"9P73_43","9P73","43",1.3973670666666667
"9P76_65","9P76","65",1.3973670666666667
"9P78_56","9P78","56",1.3973670666666667
"9P78_6","9P78","6",1.3973670666666667
"9P79_56","9P79","56",1.3973670666666667
"9P79_82","9P79","82",1.3973670666666667
"9P7A_56","9P7A","56",1.3973670666666667
"9P7A_82","9P7A","82",1.3973670666666667
"9P7C_56","9P7C","56",1.3973670666666667
"9P7C_6","9P7C","6",1.3973670666666667
"9P7D_56","9P7D","56",1.3973670666666667
"9P7E_56","9P7E","56",1.3973670666666667
"9P7E_82","9P7E","82",1.3973670666666667
"9P7F_35","9P7F","35",1.3973670666666667
"9P7F_43","9P7F","43",1.3973670666666667
"9P7H_7","9P7H","7",1.3973670666666667
"9P7H_72","9P7H","72",1.3973670666666667
"9P7I_7","9P7I","7",1.3973670666666667
"9P7N_71","9P7N","71",1.3973670666666667
"9P7O_65","9P7O","65",1.3973670666666667
"9P7W_43","9P7W","43",1.3973670666666667
"9P7W_7","9P7W","7",1.3973670666666667
"9P7X_35","9P7X","35",1.3973670666666667
"9P7X_7","9P7X","7",1.3973670666666667
"9P7Y_35","9P7Y","35",1.3973670666666667
"9P81_1","9P81","1",1.3973670666666667
"9P83_4","9P83","4",1.3973670666666667
"9P87_1","9P87","1",1.3973670666666667
"9P88_3","9P88","3",1.3973670666666667
"9P8B_74","9P8B","74",1.3973670666666667
"9P8B_9","9P8B","9",1.3973670666666667
"9P8H_42","9P8H","42",1.3973670666666667
"9P8I_62","9P8I","62",1.3973670666666667
"9P8Y_1","9P8Y","1",1.3973670666666667
"9P92_2","9P92","2",1.3973670666666667
"9P93_1","9P93","1",1.3973670666666667
"9P94_1","9P94","1",1.3973670666666667
"9P9K_4","9P9K","4",1.3973670666666667
"9PA7_84","9PA7","84",1.3973670666666667
"9PB5_1","9PB5","1",1.3973670666666667
"9PBE_60","9PBE","60",1.3973670666666667
"9PD3_5","9PD3","5",1.3973670666666667
"9PDI_4","9PDI","4",1.3973670666666667
"9PDN_3","9PDN","3",1.3973670666666667
"9PGD_1","9PGD","1",1.3973670666666667
"9PGI_83","9PGI","83",1.3973670666666667
"9PGL_36","9PGL","36",1.3973670666666667
"9PKB_82","9PKB","82",1.3973670666666667
"9PKD_55","9PKD","55",1.3973670666666667
"9PKG_63","9PKG","63",1.3973670666666667
"9PKG_71","9PKG","71",1.3973670666666667
"9PMJ_7","9PMJ","7",1.3973670666666667
"9PMJ_9","9PMJ","9",1.3973670666666667
"9PMQ_7","9PMQ","7",1.3973670666666667
"9PN0_4","9PN0","4",1.3973670666666667
"9PNX_1","9PNX","1",1.3973670666666667
"9PPY_3","9PPY","3",1.3973670666666667
"9PR4_54","9PR4","54",1.3973670666666667
"9PRA_54","9PRA","54",1.3973670666666667
"9PRA_55","9PRA","55",1.3973670666666667
"9PRO_9","9PRO","9",1.3973670666666667
"9PRQ_52","9PRQ","52",1.3973670666666667
"9PRQ_55","9PRQ","55",1.3973670666666667
"9PRQ_60","9PRQ","60",1.3973670666666667
"9PRT_5","9PRT","5",1.3973670666666667
"9PRW_2","9PRW","2",1.3973670666666667
"9PRX_53","9PRX","53",1.3973670666666667
"9PRX_61","9PRX","61",1.3973670666666667
"9PS0_20","9PS0","20",1.3973670666666667
"9PS0_26","9PS0","26",1.3973670666666667
"9PS7_61","9PS7","61",1.3973670666666667
"9PSI_61","9PSI","61",1.3973670666666667
"9PSI_82","9PSI","82",1.3973670666666667
"9PSM_37","9PSM","37",1.3973670666666667
"9PU5_2","9PU5","2",1.3973670666666667
"9PUD_2","9PUD","2",1.3973670666666667
"9PVO_2","9PVO","2",1.3973670666666667
"9PXY_3","9PXY","3",1.3973670666666667
"9PY2_3","9PY2","3",1.3973670666666667
"9PY3_1","9PY3","1",1.3973670666666667
"9PY4_2","9PY4","2",1.3973670666666667
"9Q03_2","9Q03","2",1.3973670666666667
"9Q2D_2","9Q2D","2",1.3973670666666667
"9Q6H_1","9Q6H","1",1.3973670666666667
"9Q9I_4","9Q9I","4",1.3973670666666667
"9Q9M_5","9Q9M","5",1.3973670666666667
"9QBG_1","9QBG","1",1.3973670666666667
"9QBH_1","9QBH","1",1.3973670666666667
"9QBU_1","9QBU","1",1.3973670666666667
"9QC6_4","9QC6","4",1.3973670666666667
"9QCR_3","9QCR","3",1.3973670666666667
"9QDW_1","9QDW","1",1.3973670666666667
"9QJ4_1","9QJ4","1",1.3973670666666667
"9QK2_1","9QK2","1",1.3973670666666667
"9QLP_64","9QLP","64",1.3973670666666667
"9QLP_8","9QLP","8",1.3973670666666667
"9QLQ_8","9QLQ","8",1.3973670666666667
"9QN5_1","9QN5","1",1.3973670666666667
"9QNR_1","9QNR","1",1.3973670666666667
"9QON_2","9QON","2",1.3973670666666667
"9QOP_1","9QOP","1",1.3973670666666667
"9QPU_1","9QPU","1",1.3973670666666667
"9QPX_1","9QPX","1",1.3973670666666667
"9QRU_3","9QRU","3",1.3973670666666667
"9QSH_3","9QSH","3",1.3973670666666667
"9QTY_3","9QTY","3",1.3973670666666667
"9QU3_1","9QU3","1",1.3973670666666667
"9QVM_1","9QVM","1",1.3973670666666667
"9QVN_1","9QVN","1",1.3973670666666667
"9QWS_2","9QWS","2",1.3973670666666667
"9QWU_2","9QWU","2",1.3973670666666667
"9QXL_1","9QXL","1",1.3973670666666667
"9QY8_1","9QY8","1",1.3973670666666667
"9QZE_1","9QZE","1",1.3973670666666667
"9R1E_1","9R1E","1",1.3973670666666667
"9R1H_1","9R1H","1",1.3973670666666667
"9R2N_2","9R2N","2",1.3973670666666667
"9R3B_1","9R3B","1",1.3973670666666667
"9R3S_1","9R3S","1",1.3973670666666667
"9R42_4","9R42","4",1.3973670666666667
"9R49_1","9R49","1",1.3973670666666667
"9R4A_1","9R4A","1",1.3973670666666667
"9R7M_1","9R7M","1",1.3973670666666667
"9R8V_12","9R8V","12",1.3973670666666667
"9R8V_39","9R8V","39",1.3973670666666667
"9R8V_9","9R8V","9",1.3973670666666667
"9R8Z_1","9R8Z","1",1.3973670666666667
"9R9C_1","9R9C","1",1.3973670666666667
"9RBO_3","9RBO","3",1.3973670666666667
"9RG7_1","9RG7","1",1.3973670666666667
"9RG7_52","9RG7","52",1.3973670666666667
"9RG7_83","9RG7","83",1.3973670666666667
"9RKG_1","9RKG","1",1.3973670666666667
"9RKZ_1","9RKZ","1",1.3973670666666667
"9RL5_2","9RL5","2",1.3973670666666667
"9RL9_1","9RL9","1",1.3973670666666667
"9RM3_1","9RM3","1",1.3973670666666667
"9RPF_12","9RPF","12",1.3973670666666667
"9RPV_55","9RPV","55",1.3973670666666667
"9RPV_96","9RPV","96",1.3973670666666667
"9RQL_1","9RQL","1",1.3973670666666667
"9RS9_2","9RS9","2",1.3973670666666667
"9RSW_1","9RSW","1",1.3973670666666667
"9RT3_1","9RT3","1",1.3973670666666667
"9RU6_71","9RU6","71",1.3973670666666667
"9RU7_82","9RU7","82",1.3973670666666667
"9RU9_14","9RU9","14",1.3973670666666667
"9RUS_1","9RUS","1",1.3973670666666667
"9RX8_4","9RX8","4",1.3973670666666667
"9RX9_4","9RX9","4",1.3973670666666667
"9RZO_1","9RZO","1",1.3973670666666667
"9RZP_1","9RZP","1",1.3973670666666667
"9S17_1","9S17","1",1.3973670666666667
"9S18_1","9S18","1",1.3973670666666667
"9S19_1","9S19","1",1.3973670666666667
"9S2E_10","9S2E","10",1.3973670666666667
"9S2E_23","9S2E","23",1.3973670666666667
"9S2F_6","9S2F","6",1.3973670666666667
"9S3D_10","9S3D","10",1.3973670666666667
"9S3I_1","9S3I","1",1.3973670666666667
"9S47_4","9S47","4",1.3973670666666667
"9SA8_1","9SA8","1",1.3973670666666667
"9SDY_2","9SDY","2",1.3973670666666667
"9SDY_3","9SDY","3",1.3973670666666667
"9SMX_3","9SMX","3",1.3973670666666667
"9SPF_56","9SPF","56",1.3973670666666667
"9SPF_78","9SPF","78",1.3973670666666667
"9SQ4_2","9SQ4","2",1.3973670666666667
"9SQ5_2","9SQ5","2",1.3973670666666667
"9SSP_1","9SSP","1",1.3973670666666667
"9SSS_1","9SSS","1",1.3973670666666667
"9SST_1","9SST","1",1.3973670666666667
"9SZT_27","9SZT","27",1.3973670666666667
"9SZV_9","9SZV","9",1.3973670666666667
"9T2I_1","9T2I","1",1.3973670666666667
"9T3R_3","9T3R","3",1.3973670666666667
"9T5H_10","9T5H","10",1.3973670666666667
"9T5S_1","9T5S","1",1.3973670666666667
"9T6Z_1","9T6Z","1",1.3973670666666667
"9T7J_1","9T7J","1",1.3973670666666667
"9T7V_2","9T7V","2",1.3973670666666667
"9T7V_6","9T7V","6",1.3973670666666667
"9T7V_9","9T7V","9",1.3973670666666667
"9T92_1","9T92","1",1.3973670666666667
"9T93_1","9T93","1",1.3973670666666667
"9TAX_5","9TAX","5",1.3973670666666667
"9TFH_1","9TFH","1",1.3973670666666667
"9TFM_1","9TFM","1",1.3973670666666667
"9TI4_3","9TI4","3",1.3973670666666667
"9TV2_4","9TV2","4",1.3973670666666667
"9U38_1","9U38","1",1.3973670666666667
"9U3L_12","9U3L","12",1.3973670666666667
"9U3L_13","9U3L","13",1.3973670666666667
"9U3L_20","9U3L","20",1.3973670666666667
"9U3P_1","9U3P","1",1.3973670666666667
"9U3S_1","9U3S","1",1.3973670666666667
"9U4M_8","9U4M","8",1.3973670666666667
"9U4W_2","9U4W","2",1.3973670666666667
"9U4Y_1","9U4Y","1",1.3973670666666667
"9U5A_1","9U5A","1",1.3973670666666667
"9U5Z_2","9U5Z","2",1.3973670666666667
"9U61_2","9U61","2",1.3973670666666667
"9U62_1","9U62","1",1.3973670666666667
"9U7R_15","9U7R","15",1.3973670666666667
"9U7R_8","9U7R","8",1.3973670666666667
"9U81_3","9U81","3",1.3973670666666667
"9U8B_1","9U8B","1",1.3973670666666667
"9UAN_3","9UAN","3",1.3973670666666667
"9UF8_16","9UF8","16",1.3973670666666667
"9UF8_18","9UF8","18",1.3973670666666667
"9UG9_14","9UG9","14",1.3973670666666667
"9UGL_1","9UGL","1",1.3973670666666667
"9UHA_12","9UHA","12",1.3973670666666667
"9UHY_2","9UHY","2",1.3973670666666667
"9UK1_2","9UK1","2",1.3973670666666667
"9ULR_1","9ULR","1",1.3973670666666667
"9UOJ_1","9UOJ","1",1.3973670666666667
"9UOK_3","9UOK","3",1.3973670666666667
"9UPD_1","9UPD","1",1.3973670666666667
"9UPF_1","9UPF","1",1.3973670666666667
"9UPU_1","9UPU","1",1.3973670666666667
"9UPU_6","9UPU","6",1.3973670666666667
"9UPV_4","9UPV","4",1.3973670666666667
"9UQ0_6","9UQ0","6",1.3973670666666667
"9UT8_1","9UT8","1",1.3973670666666667
"9UT9_1","9UT9","1",1.3973670666666667
"9UTK_1","9UTK","1",1.3973670666666667
"9UUM_1","9UUM","1",1.3973670666666667
"9UVG_1","9UVG","1",1.3973670666666667
"9UVV_1","9UVV","1",1.3973670666666667
"9UVW_1","9UVW","1",1.3973670666666667
"9UVZ_1","9UVZ","1",1.3973670666666667
"9UWG_2","9UWG","2",1.3973670666666667
"9UWH_28","9UWH","28",1.3973670666666667
"9UWJ_1","9UWJ","1",1.3973670666666667
"9UWL_1","9UWL","1",1.3973670666666667
"9UWM_2","9UWM","2",1.3973670666666667
"9UXG_1","9UXG","1",1.3973670666666667
"9UXM_1","9UXM","1",1.3973670666666667
"9UXV_1","9UXV","1",1.3973670666666667
"9UYP_1","9UYP","1",1.3973670666666667
"9UYQ_1","9UYQ","1",1.3973670666666667
"9V0J_3","9V0J","3",1.3973670666666667
"9V3C_2","9V3C","2",1.3973670666666667
"9V3X_1","9V3X","1",1.3973670666666667
"9V3Y_2","9V3Y","2",1.3973670666666667
"9V42_2","9V42","2",1.3973670666666667
"9V43_2","9V43","2",1.3973670666666667
"9V6O_2","9V6O","2",1.3973670666666667
"9VAW_4","9VAW","4",1.3973670666666667
"9VAZ_2","9VAZ","2",1.3973670666666667
"9VB4_4","9VB4","4",1.3973670666666667
"9VBA_2","9VBA","2",1.3973670666666667
"9VD9_19","9VD9","19",1.3973670666666667
"9VD9_32","9VD9","32",1.3973670666666667
"9VD9_5","9VD9","5",1.3973670666666667
"9VD9_7","9VD9","7",1.3973670666666667
"9VDK_1","9VDK","1",1.3973670666666667
"9VDN_1","9VDN","1",1.3973670666666667
"9VIF_3","9VIF","3",1.3973670666666667
"9VIX_1","9VIX","1",1.3973670666666667
"9VJ5_5","9VJ5","5",1.3973670666666667
"9VJE_2","9VJE","2",1.3973670666666667
"9VJG_2","9VJG","2",1.3973670666666667
"9VJG_5","9VJG","5",1.3973670666666667
"9VJJ_1","9VJJ","1",1.3973670666666667
"9VJT_2","9VJT","2",1.3973670666666667
"9VKG_1","9VKG","1",1.3973670666666667
"9VLN_5","9VLN","5",1.3973670666666667
"9VLN_6","9VLN","6",1.3973670666666667
"9VLS_3","9VLS","3",1.3973670666666667
"9VLW_2","9VLW","2",1.3973670666666667
"9VLW_3","9VLW","3",1.3973670666666667
"9VLW_4","9VLW","4",1.3973670666666667
"9VMN_2","9VMN","2",1.3973670666666667
"9VMO_2","9VMO","2",1.3973670666666667
"9VMY_5","9VMY","5",1.3973670666666667
"9VNF_5","9VNF","5",1.3973670666666667
"9VNT_1","9VNT","1",1.3973670666666667
"9VNZ_5","9VNZ","5",1.3973670666666667
"9VO0_1","9VO0","1",1.3973670666666667
"9VO0_5","9VO0","5",1.3973670666666667
"9VO1_1","9VO1","1",1.3973670666666667
"9VO2_2","9VO2","2",1.3973670666666667
"9VPM_5","9VPM","5",1.3973670666666667
"9VUE_7","9VUE","7",1.3973670666666667
"9VUF_7","9VUF","7",1.3973670666666667
"9VUG_15","9VUG","15",1.3973670666666667
"9VUS_3","9VUS","3",1.3973670666666667
"9VXM_49","9VXM","49",1.3973670666666667
"9VXM_55","9VXM","55",1.3973670666666667
"9VXN_55","9VXN","55",1.3973670666666667
"9VZ2_2","9VZ2","2",1.3973670666666667
"9VZS_1","9VZS","1",1.3973670666666667
"9W0M_3","9W0M","3",1.3973670666666667
"9W0Q_2","9W0Q","2",1.3973670666666667
"9W0R_3","9W0R","3",1.3973670666666667
"9W0U_2","9W0U","2",1.3973670666666667
"9W2B_1","9W2B","1",1.3973670666666667
"9W2F_2","9W2F","2",1.3973670666666667
"9W2H_5","9W2H","5",1.3973670666666667
"9W2J_4","9W2J","4",1.3973670666666667
"9W39_14","9W39","14",1.3973670666666667
"9W45_2","9W45","2",1.3973670666666667
"9W4S_1","9W4S","1",1.3973670666666667
"9W6W_1","9W6W","1",1.3973670666666667
"9W6W_5","9W6W","5",1.3973670666666667
"9WAJ_2","9WAJ","2",1.3973670666666667
"9WBG_14","9WBG","14",1.3973670666666667
"9WBG_5","9WBG","5",1.3973670666666667
"9WD7_1","9WD7","1",1.3973670666666667
"9WDA_1","9WDA","1",1.3973670666666667
"9WEY_4","9WEY","4",1.3973670666666667
"9WIK_2","9WIK","2",1.3973670666666667
"9WPZ_1","9WPZ","1",1.3973670666666667
"9WQ0_1","9WQ0","1",1.3973670666666667
"9WQK_1","9WQK","1",1.3973670666666667
"9WQL_3","9WQL","3",1.3973670666666667
"9WQM_4","9WQM","4",1.3973670666666667
"9WQR_2","9WQR","2",1.3973670666666667
"9WST_2","9WST","2",1.3973670666666667
"9WSW_2","9WSW","2",1.3973670666666667
"9WT2_1","9WT2","1",1.3973670666666667
"9WYD_1","9WYD","1",1.3973670666666667
"9X20_4","9X20","4",1.3973670666666667
"9X5J_2","9X5J","2",1.3973670666666667
"9XB9_1","9XB9","1",1.3973670666666667
"9XDR_2","9XDR","2",1.3973670666666667
"9XF4_2","9XF4","2",1.3973670666666667
"9XHI_1","9XHI","1",1.3973670666666667
"9XHI_2","9XHI","2",1.3973670666666667
"9XQC_2","9XQC","2",1.3973670666666667
"9XVF_1","9XVF","1",1.3973670666666667
"9XZJ_3","9XZJ","3",1.3973670666666667
"9Y3P_1","9Y3P","1",1.3973670666666667
"9Y3Q_1","9Y3Q","1",1.3973670666666667
"9Y3Q_3","9Y3Q","3",1.3973670666666667
"9Y3V_3","9Y3V","3",1.3973670666666667
"9Y4B_1","9Y4B","1",1.3973670666666667
"9Y4B_3","9Y4B","3",1.3973670666666667
"9Y4D_1","9Y4D","1",1.3973670666666667
"9Y4E_1","9Y4E","1",1.3973670666666667
"9Y4F_1","9Y4F","1",1.3973670666666667
"9Y5R_1","9Y5R","1",1.3973670666666667
"9Y5T_1","9Y5T","1",1.3973670666666667
"9Y61_2","9Y61","2",1.3973670666666667
"9Y76_1","9Y76","1",1.3973670666666667
"9Y7D_1","9Y7D","1",1.3973670666666667
"9YC2_1","9YC2","1",1.3973670666666667
"9YC5_1","9YC5","1",1.3973670666666667
"9YDA_2","9YDA","2",1.3973670666666667
"9YDP_2","9YDP","2",1.3973670666666667
"9YDQ_2","9YDQ","2",1.3973670666666667
"9YDZ_1","9YDZ","1",1.3973670666666667
"9YE4_1","9YE4","1",1.3973670666666667
"9YGS_2","9YGS","2",1.3973670666666667
"9YGZ_1","9YGZ","1",1.3973670666666667
"9YLE_10","9YLE","10",1.3973670666666667
"9YLY_5","9YLY","5",1.3973670666666667
"9YMF_10","9YMF","10",1.3973670666666667
"9YR6_1","9YR6","1",1.3973670666666667
"9YUZ_14","9YUZ","14",1.3973670666666667
"9YUZ_7","9YUZ","7",1.3973670666666667
"9YV4_1","9YV4","1",1.3973670666666667
"9YVK_1","9YVK","1",1.3973670666666667
"9Z06_1","9Z06","1",1.3973670666666667
"9Z1Y_1","9Z1Y","1",1.3973670666666667
"9Z1Z_1","9Z1Z","1",1.3973670666666667
"9Z20_1","9Z20","1",1.3973670666666667
"9Z22_1","9Z22","1",1.3973670666666667
"9Z23_1","9Z23","1",1.3973670666666667
"9Z24_1","9Z24","1",1.3973670666666667
"9Z2A_1","9Z2A","1",1.3973670666666667
"9Z2B_1","9Z2B","1",1.3973670666666667
"9Z2C_1","9Z2C","1",1.3973670666666667
"9Z2S_1","9Z2S","1",1.3973670666666667
"9Z67_1","9Z67","1",1.3973670666666667
"9ZBK_1","9ZBK","1",1.3973670666666667
"9ZCU_1","9ZCU","1",1.3973670666666667
"9ZE0_6","9ZE0","6",1.3973670666666667
"9ZE0_7","9ZE0","7",1.3973670666666667
"9ZE3_1","9ZE3","1",1.3973670666666667
"9ZEC_6","9ZEC","6",1.3973670666666667
"9ZED_6","9ZED","6",1.3973670666666667
"9ZHQ_1","9ZHQ","1",1.3973670666666667
"9ZL9_1","9ZL9","1",1.3973670666666667
"9ZLG_1","9ZLG","1",1.3973670666666667
"9ZLI_1","9ZLI","1",1.3973670666666667
"9ZNN_1","9ZNN","1",1.3973670666666667
"9ZRK_1","9ZRK","1",1.3973670666666667
