"pose_id","arm","seed","model","source","source_sha256","outcome","reason","mapped_atoms","sdf_atoms","interaction_count","perception_degraded","feature_receipt","recognition_observation"
"AR_13503_DEESTERIFIED_A:172904:model-1","AR_13503_DEESTERIFIED_A","172904","1","/Users/yazan/totah-lab/research/mettl7-netarsudil-sam-mechanism/phase2-matched-sar/raw/7A_ar_13503_deesterified_seed172904.pdbqt","2c2287456384eb78a18e1bf4875dbd3451f30f070637d714dbb35643a9c14d36","ADMITTED_ADEQUATE","ADMITTED","43","43","7","false","25c2494a2efc4fad619766685efeea11f8c19cf5d4b3a5ddb0e570ccc08c7fe2","AR_13503_DEESTERIFIED_A:172904:model-1"
"AR_13503_DEESTERIFIED_A:172904:model-10","AR_13503_DEESTERIFIED_A","172904","10","/Users/yazan/totah-lab/research/mettl7-netarsudil-sam-mechanism/phase2-matched-sar/raw/7A_ar_13503_deesterified_seed172904.pdbqt","2c2287456384eb78a18e1bf4875dbd3451f30f070637d714dbb35643a9c14d36","ADMITTED_ADEQUATE","ADMITTED","43","43","3","false","f26da568bfacdfca846ae50b5ce13a73295f836b5d510761236fe87d9456b634","AR_13503_DEESTERIFIED_A:172904:model-10"
"AR_13503_DEESTERIFIED_A:172904:model-11","AR_13503_DEESTERIFIED_A","172904","11","/Users/yazan/totah-lab/research/mettl7-netarsudil-sam-mechanism/phase2-matched-sar/raw/7A_ar_13503_deesterified_seed172904.pdbqt","2c2287456384eb78a18e1bf4875dbd3451f30f070637d714dbb35643a9c14d36","ADMITTED_ADEQUATE","ADMITTED","43","43","3","false","883aa5189c82d02787dd7fcbbb6731f3fdca2219476b4832b4fc669e804ec5af","AR_13503_DEESTERIFIED_A:172904:model-11"
"AR_13503_DEESTERIFIED_A:172904:model-12","AR_13503_DEESTERIFIED_A","172904","12","/Users/yazan/totah-lab/research/mettl7-netarsudil-sam-mechanism/phase2-matched-sar/raw/7A_ar_13503_deesterified_seed172904.pdbqt","2c2287456384eb78a18e1bf4875dbd3451f30f070637d714dbb35643a9c14d36","ADMITTED_ADEQUATE","ADMITTED","43","43","3","false","14976d567bb2b4e2c12818df061f04f83b492b10615d34e1b8a57b87530b6b57","AR_13503_DEESTERIFIED_A:172904:model-12"
"AR_13503_DEESTERIFIED_A:172904:model-13","AR_13503_DEESTERIFIED_A","172904","13","/Users/yazan/totah-lab/research/mettl7-netarsudil-sam-mechanism/phase2-matched-sar/raw/7A_ar_13503_deesterified_seed172904.pdbqt","2c2287456384eb78a18e1bf4875dbd3451f30f070637d714dbb35643a9c14d36","ADMITTED_ADEQUATE","ADMITTED","43","43","3","false","d89194b64adf9e59efb0837f41cae1daf269ffe8488f1eb3da6b6b37e261375c","AR_13503_DEESTERIFIED_A:172904:model-13"
"AR_13503_DEESTERIFIED_A:172904:model-14","AR_13503_DEESTERIFIED_A","172904","14","/Users/yazan/totah-lab/research/mettl7-netarsudil-sam-mechanism/phase2-matched-sar/raw/7A_ar_13503_deesterified_seed172904.pdbqt","2c2287456384eb78a18e1bf4875dbd3451f30f070637d714dbb35643a9c14d36","ADMITTED_ADEQUATE","ADMITTED","43","43","5","false","cf7b99063a6153d3377c4b9c0dcf107cb7de3f1acb5ad99ec3ad76a68d922fff","AR_13503_DEESTERIFIED_A:172904:model-14"
"AR_13503_DEESTERIFIED_A:172904:model-15","AR_13503_DEESTERIFIED_A","172904","15","/Users/yazan/totah-lab/research/mettl7-netarsudil-sam-mechanism/phase2-matched-sar/raw/7A_ar_13503_deesterified_seed172904.pdbqt","2c2287456384eb78a18e1bf4875dbd3451f30f070637d714dbb35643a9c14d36","ADMITTED_ADEQUATE","ADMITTED","43","43","7","false","80b59580d584a110db7bd5d02fe94005ce5a506040748ee308fceb44f22f832a","AR_13503_DEESTERIFIED_A:172904:model-15"
"AR_13503_DEESTERIFIED_A:172904:model-16","AR_13503_DEESTERIFIED_A","172904","16","/Users/yazan/totah-lab/research/mettl7-netarsudil-sam-mechanism/phase2-matched-sar/raw/7A_ar_13503_deesterified_seed172904.pdbqt","2c2287456384eb78a18e1bf4875dbd3451f30f070637d714dbb35643a9c14d36","ADMITTED_ADEQUATE","ADMITTED","43","43","4","false","be9da2c98c3993fc634aaa395107820af4c1641cc87747f5c6c00a9c66fd5aee","AR_13503_DEESTERIFIED_A:172904:model-16"
"AR_13503_DEESTERIFIED_A:172904:model-17","AR_13503_DEESTERIFIED_A","172904","17","/Users/yazan/totah-lab/research/mettl7-netarsudil-sam-mechanism/phase2-matched-sar/raw/7A_ar_13503_deesterified_seed172904.pdbqt","2c2287456384eb78a18e1bf4875dbd3451f30f070637d714dbb35643a9c14d36","ADMITTED_ADEQUATE","ADMITTED","43","43","5","false","1e71e86f562642d1ee8f3a42a7b366ec7f351e3a1f9cc9cdef2e1d77e98a6352","AR_13503_DEESTERIFIED_A:172904:model-17"
"AR_13503_DEESTERIFIED_A:172904:model-18","AR_13503_DEESTERIFIED_A","172904","18","/Users/yazan/totah-lab/research/mettl7-netarsudil-sam-mechanism/phase2-matched-sar/raw/7A_ar_13503_deesterified_seed172904.pdbqt","2c2287456384eb78a18e1bf4875dbd3451f30f070637d714dbb35643a9c14d36","ADMITTED_ADEQUATE","ADMITTED","43","43","3","false","f06a09e4eee74a3591e64ca80b62034c778b2f2c6f1bb0a311238f29bfd87fcd","AR_13503_DEESTERIFIED_A:172904:model-18"
"AR_13503_DEESTERIFIED_A:172904:model-19","AR_13503_DEESTERIFIED_A","172904","19","/Users/yazan/totah-lab/research/mettl7-netarsudil-sam-mechanism/phase2-matched-sar/raw/7A_ar_13503_deesterified_seed172904.pdbqt","2c2287456384eb78a18e1bf4875dbd3451f30f070637d714dbb35643a9c14d36","ADMITTED_ADEQUATE","ADMITTED","43","43","4","false","9b7afb8e71c9953b3337d81a36e9f4243559a97e5fe3bd4c50063b91ba76158d","AR_13503_DEESTERIFIED_A:172904:model-19"
"AR_13503_DEESTERIFIED_A:172904:model-2","AR_13503_DEESTERIFIED_A","172904","2","/Users/yazan/totah-lab/research/mettl7-netarsudil-sam-mechanism/phase2-matched-sar/raw/7A_ar_13503_deesterified_seed172904.pdbqt","2c2287456384eb78a18e1bf4875dbd3451f30f070637d714dbb35643a9c14d36","ADMITTED_ADEQUATE","ADMITTED","43","43","5","false","b229eb8b5aacfc1e1027ad0e3b4171cd5829628bca60fbd492ab490fed1cbff0","AR_13503_DEESTERIFIED_A:172904:model-2"
"AR_13503_DEESTERIFIED_A:172904:model-20","AR_13503_DEESTERIFIED_A","172904","20","/Users/yazan/totah-lab/research/mettl7-netarsudil-sam-mechanism/phase2-matched-sar/raw/7A_ar_13503_deesterified_seed172904.pdbqt","2c2287456384eb78a18e1bf4875dbd3451f30f070637d714dbb35643a9c14d36","ADMITTED_ADEQUATE","ADMITTED","43","43","5","false","3b45a7b8d76cfcc4516a8c1167a832070613db44ff93526c626bd7419b91efcf","AR_13503_DEESTERIFIED_A:172904:model-20"
"AR_13503_DEESTERIFIED_A:172904:model-3","AR_13503_DEESTERIFIED_A","172904","3","/Users/yazan/totah-lab/research/mettl7-netarsudil-sam-mechanism/phase2-matched-sar/raw/7A_ar_13503_deesterified_seed172904.pdbqt","2c2287456384eb78a18e1bf4875dbd3451f30f070637d714dbb35643a9c14d36","ADMITTED_ADEQUATE","ADMITTED","43","43","3","false","a93eb724cad49f397eced454f1319a39be6151ae2425c3c80c0122931597e00a","AR_13503_DEESTERIFIED_A:172904:model-3"
"AR_13503_DEESTERIFIED_A:172904:model-4","AR_13503_DEESTERIFIED_A","172904","4","/Users/yazan/totah-lab/research/mettl7-netarsudil-sam-mechanism/phase2-matched-sar/raw/7A_ar_13503_deesterified_seed172904.pdbqt","2c2287456384eb78a18e1bf4875dbd3451f30f070637d714dbb35643a9c14d36","ADMITTED_ADEQUATE","ADMITTED","43","43","3","false","9806ec5e134ff708f8c51eb32f76705438df879cfb2c066e202a9db8e38500ae","AR_13503_DEESTERIFIED_A:172904:model-4"
"AR_13503_DEESTERIFIED_A:172904:model-5","AR_13503_DEESTERIFIED_A","172904","5","/Users/yazan/totah-lab/research/mettl7-netarsudil-sam-mechanism/phase2-matched-sar/raw/7A_ar_13503_deesterified_seed172904.pdbqt","2c2287456384eb78a18e1bf4875dbd3451f30f070637d714dbb35643a9c14d36","ADMITTED_ADEQUATE","ADMITTED","43","43","3","false","9ae4353be110c2b9b94c28ece3e6fffebae7d7e1703a71a1950572935913e9e8","AR_13503_DEESTERIFIED_A:172904:model-5"
"AR_13503_DEESTERIFIED_A:172904:model-6","AR_13503_DEESTERIFIED_A","172904","6","/Users/yazan/totah-lab/research/mettl7-netarsudil-sam-mechanism/phase2-matched-sar/raw/7A_ar_13503_deesterified_seed172904.pdbqt","2c2287456384eb78a18e1bf4875dbd3451f30f070637d714dbb35643a9c14d36","ADMITTED_ADEQUATE","ADMITTED","43","43","1","false","90ee1028454e0979451b8aa6271c6b7207368a3863c1e812397eb6a4a7c7ff0d","AR_13503_DEESTERIFIED_A:172904:model-6"
"AR_13503_DEESTERIFIED_A:172904:model-7","AR_13503_DEESTERIFIED_A","172904","7","/Users/yazan/totah-lab/research/mettl7-netarsudil-sam-mechanism/phase2-matched-sar/raw/7A_ar_13503_deesterified_seed172904.pdbqt","2c2287456384eb78a18e1bf4875dbd3451f30f070637d714dbb35643a9c14d36","ADMITTED_ADEQUATE","ADMITTED","43","43","4","false","e594e1604fb9c1fd3b9e7a01bd08b2d0fb5ffae163e9fc9453f9b63867b68573","AR_13503_DEESTERIFIED_A:172904:model-7"
"AR_13503_DEESTERIFIED_A:172904:model-8","AR_13503_DEESTERIFIED_A","172904","8","/Users/yazan/totah-lab/research/mettl7-netarsudil-sam-mechanism/phase2-matched-sar/raw/7A_ar_13503_deesterified_seed172904.pdbqt","2c2287456384eb78a18e1bf4875dbd3451f30f070637d714dbb35643a9c14d36","ADMITTED_ADEQUATE","ADMITTED","43","43","5","false","493968bf268c6a3ba85aa284ac631534e0b534bddc7083ec2a878124a5863208","AR_13503_DEESTERIFIED_A:172904:model-8"
"AR_13503_DEESTERIFIED_A:172904:model-9","AR_13503_DEESTERIFIED_A","172904","9","/Users/yazan/totah-lab/research/mettl7-netarsudil-sam-mechanism/phase2-matched-sar/raw/7A_ar_13503_deesterified_seed172904.pdbqt","2c2287456384eb78a18e1bf4875dbd3451f30f070637d714dbb35643a9c14d36","ADMITTED_ADEQUATE","ADMITTED","43","43","2","false","814aaf0e3c9ff172f5910ffd2716485e138caf390850022d6feb78ac9b782aa3","AR_13503_DEESTERIFIED_A:172904:model-9"
"AR_13503_DEESTERIFIED_A:483271:model-1","AR_13503_DEESTERIFIED_A","483271","1","/Users/yazan/totah-lab/research/mettl7-netarsudil-sam-mechanism/phase2-matched-sar/raw/7A_ar_13503_deesterified_seed483271.pdbqt","582945285dc1ed7df263318d545f39d59589c43992a92c06cd92d16b0b6d4755","ADMITTED_ADEQUATE","ADMITTED","43","43","3","false","0e463fd2a2e8c79e08609b8fc6721c92fca360ae951adbace5eec0d46b9da19f","AR_13503_DEESTERIFIED_A:483271:model-1"
"AR_13503_DEESTERIFIED_A:483271:model-10","AR_13503_DEESTERIFIED_A","483271","10","/Users/yazan/totah-lab/research/mettl7-netarsudil-sam-mechanism/phase2-matched-sar/raw/7A_ar_13503_deesterified_seed483271.pdbqt","582945285dc1ed7df263318d545f39d59589c43992a92c06cd92d16b0b6d4755","ADMITTED_ADEQUATE","ADMITTED","43","43","3","false","a740e8e69295131f167dfc30741791ec259bea18730d6d9b4d255001f34e1e0f","AR_13503_DEESTERIFIED_A:483271:model-10"
"AR_13503_DEESTERIFIED_A:483271:model-11","AR_13503_DEESTERIFIED_A","483271","11","/Users/yazan/totah-lab/research/mettl7-netarsudil-sam-mechanism/phase2-matched-sar/raw/7A_ar_13503_deesterified_seed483271.pdbqt","582945285dc1ed7df263318d545f39d59589c43992a92c06cd92d16b0b6d4755","ADMITTED_ADEQUATE","ADMITTED","43","43","5","false","eaf8f68128051e844587e20ab9e6c64320c00f2eb909686dee4ab7743363138e","AR_13503_DEESTERIFIED_A:483271:model-11"
"AR_13503_DEESTERIFIED_A:483271:model-12","AR_13503_DEESTERIFIED_A","483271","12","/Users/yazan/totah-lab/research/mettl7-netarsudil-sam-mechanism/phase2-matched-sar/raw/7A_ar_13503_deesterified_seed483271.pdbqt","582945285dc1ed7df263318d545f39d59589c43992a92c06cd92d16b0b6d4755","ADMITTED_ADEQUATE","ADMITTED","43","43","2","false","b6dd328e3c31204314970c8e33f45854616b2fae1f2ebb315f2729c5f4acd677","AR_13503_DEESTERIFIED_A:483271:model-12"
"AR_13503_DEESTERIFIED_A:483271:model-13","AR_13503_DEESTERIFIED_A","483271","13","/Users/yazan/totah-lab/research/mettl7-netarsudil-sam-mechanism/phase2-matched-sar/raw/7A_ar_13503_deesterified_seed483271.pdbqt","582945285dc1ed7df263318d545f39d59589c43992a92c06cd92d16b0b6d4755","ADMITTED_ADEQUATE","ADMITTED","43","43","4","false","74d734ebc3d180dbe6a273e5febfadae8cee067eb63d76b39da89bff4edd46a4","AR_13503_DEESTERIFIED_A:483271:model-13"
"AR_13503_DEESTERIFIED_A:483271:model-14","AR_13503_DEESTERIFIED_A","483271","14","/Users/yazan/totah-lab/research/mettl7-netarsudil-sam-mechanism/phase2-matched-sar/raw/7A_ar_13503_deesterified_seed483271.pdbqt","582945285dc1ed7df263318d545f39d59589c43992a92c06cd92d16b0b6d4755","ADMITTED_ADEQUATE","ADMITTED","43","43","3","false","575ad19711f2b8232643ff4204df2d45b3a547df33608adcbbbc02601026db87","AR_13503_DEESTERIFIED_A:483271:model-14"
"AR_13503_DEESTERIFIED_A:483271:model-15","AR_13503_DEESTERIFIED_A","483271","15","/Users/yazan/totah-lab/research/mettl7-netarsudil-sam-mechanism/phase2-matched-sar/raw/7A_ar_13503_deesterified_seed483271.pdbqt","582945285dc1ed7df263318d545f39d59589c43992a92c06cd92d16b0b6d4755","ADMITTED_ADEQUATE","ADMITTED","43","43","1","false","a6ae2874ca3995137df8d3ff33093b22398e78e60bae5ac7e9200cbd71fb6842","AR_13503_DEESTERIFIED_A:483271:model-15"
"AR_13503_DEESTERIFIED_A:483271:model-16","AR_13503_DEESTERIFIED_A","483271","16","/Users/yazan/totah-lab/research/mettl7-netarsudil-sam-mechanism/phase2-matched-sar/raw/7A_ar_13503_deesterified_seed483271.pdbqt","582945285dc1ed7df263318d545f39d59589c43992a92c06cd92d16b0b6d4755","ADMITTED_ADEQUATE","ADMITTED","43","43","3","false","535caf5d374b1a6dda5ad64a4bde79e2ccb2d8e26f498edef4652f244c754f57","AR_13503_DEESTERIFIED_A:483271:model-16"
"AR_13503_DEESTERIFIED_A:483271:model-17","AR_13503_DEESTERIFIED_A","483271","17","/Users/yazan/totah-lab/research/mettl7-netarsudil-sam-mechanism/phase2-matched-sar/raw/7A_ar_13503_deesterified_seed483271.pdbqt","582945285dc1ed7df263318d545f39d59589c43992a92c06cd92d16b0b6d4755","ADMITTED_ADEQUATE","ADMITTED","43","43","5","false","57244ea0bcec2bdb6d78535cc1de59080a19c3ee512e39c465adf4aff3865b73","AR_13503_DEESTERIFIED_A:483271:model-17"
"AR_13503_DEESTERIFIED_A:483271:model-18","AR_13503_DEESTERIFIED_A","483271","18","/Users/yazan/totah-lab/research/mettl7-netarsudil-sam-mechanism/phase2-matched-sar/raw/7A_ar_13503_deesterified_seed483271.pdbqt","582945285dc1ed7df263318d545f39d59589c43992a92c06cd92d16b0b6d4755","ADMITTED_ADEQUATE","ADMITTED","43","43","6","false","fd7adaca0661bf27886c35e3eefa9adddf7367451788de65b49c59ff23b5c965","AR_13503_DEESTERIFIED_A:483271:model-18"
"AR_13503_DEESTERIFIED_A:483271:model-19","AR_13503_DEESTERIFIED_A","483271","19","/Users/yazan/totah-lab/research/mettl7-netarsudil-sam-mechanism/phase2-matched-sar/raw/7A_ar_13503_deesterified_seed483271.pdbqt","582945285dc1ed7df263318d545f39d59589c43992a92c06cd92d16b0b6d4755","ADMITTED_ADEQUATE","ADMITTED","43","43","6","false","998f738ddfb14a83a761afea275e7d494e2f63d55086bf23b5cce36ac7d3272e","AR_13503_DEESTERIFIED_A:483271:model-19"
"AR_13503_DEESTERIFIED_A:483271:model-2","AR_13503_DEESTERIFIED_A","483271","2","/Users/yazan/totah-lab/research/mettl7-netarsudil-sam-mechanism/phase2-matched-sar/raw/7A_ar_13503_deesterified_seed483271.pdbqt","582945285dc1ed7df263318d545f39d59589c43992a92c06cd92d16b0b6d4755","ADMITTED_ADEQUATE","ADMITTED","43","43","7","false","9e797e765e60b6131744e583db9c616a49ccd1fdb7ced89c63ff6c3582b53874","AR_13503_DEESTERIFIED_A:483271:model-2"
"AR_13503_DEESTERIFIED_A:483271:model-20","AR_13503_DEESTERIFIED_A","483271","20","/Users/yazan/totah-lab/research/mettl7-netarsudil-sam-mechanism/phase2-matched-sar/raw/7A_ar_13503_deesterified_seed483271.pdbqt","582945285dc1ed7df263318d545f39d59589c43992a92c06cd92d16b0b6d4755","ADMITTED_ADEQUATE","ADMITTED","43","43","3","false","53fb26b16185c5420dc179d1ff1ae9d7989967fe661ee39d0aff482ec3f4df1c","AR_13503_DEESTERIFIED_A:483271:model-20"
"AR_13503_DEESTERIFIED_A:483271:model-3","AR_13503_DEESTERIFIED_A","483271","3","/Users/yazan/totah-lab/research/mettl7-netarsudil-sam-mechanism/phase2-matched-sar/raw/7A_ar_13503_deesterified_seed483271.pdbqt","582945285dc1ed7df263318d545f39d59589c43992a92c06cd92d16b0b6d4755","ADMITTED_ADEQUATE","ADMITTED","43","43","3","false","621d913359fd2b0a1758a47629239eae30fb8150f9f009bb026d4af019c9e765","AR_13503_DEESTERIFIED_A:483271:model-3"
"AR_13503_DEESTERIFIED_A:483271:model-4","AR_13503_DEESTERIFIED_A","483271","4","/Users/yazan/totah-lab/research/mettl7-netarsudil-sam-mechanism/phase2-matched-sar/raw/7A_ar_13503_deesterified_seed483271.pdbqt","582945285dc1ed7df263318d545f39d59589c43992a92c06cd92d16b0b6d4755","ADMITTED_ADEQUATE","ADMITTED","43","43","1","false","06d09e1f49b2d2c7138298f9a70156f19adfa11d2936bbf1e63aff89282090b8","AR_13503_DEESTERIFIED_A:483271:model-4"
"AR_13503_DEESTERIFIED_A:483271:model-5","AR_13503_DEESTERIFIED_A","483271","5","/Users/yazan/totah-lab/research/mettl7-netarsudil-sam-mechanism/phase2-matched-sar/raw/7A_ar_13503_deesterified_seed483271.pdbqt","582945285dc1ed7df263318d545f39d59589c43992a92c06cd92d16b0b6d4755","ADMITTED_ADEQUATE","ADMITTED","43","43","2","false","b220ff59d980c84b1d158ec58b2c7cd590d1aa319f387c6aac55f732bc823c5e","AR_13503_DEESTERIFIED_A:483271:model-5"
"AR_13503_DEESTERIFIED_A:483271:model-6","AR_13503_DEESTERIFIED_A","483271","6","/Users/yazan/totah-lab/research/mettl7-netarsudil-sam-mechanism/phase2-matched-sar/raw/7A_ar_13503_deesterified_seed483271.pdbqt","582945285dc1ed7df263318d545f39d59589c43992a92c06cd92d16b0b6d4755","ADMITTED_ADEQUATE","ADMITTED","43","43","3","false","8eae56643024455b490233d559827616d3d2d3823f1e9028ef6befdf70b86048","AR_13503_DEESTERIFIED_A:483271:model-6"
"AR_13503_DEESTERIFIED_A:483271:model-7","AR_13503_DEESTERIFIED_A","483271","7","/Users/yazan/totah-lab/research/mettl7-netarsudil-sam-mechanism/phase2-matched-sar/raw/7A_ar_13503_deesterified_seed483271.pdbqt","582945285dc1ed7df263318d545f39d59589c43992a92c06cd92d16b0b6d4755","ADMITTED_ADEQUATE","ADMITTED","43","43","3","false","cb458b7577d25c9d1d6f6798dfca3fb62c12e5a41bce7d1d81411c623e21de44","AR_13503_DEESTERIFIED_A:483271:model-7"
"AR_13503_DEESTERIFIED_A:483271:model-8","AR_13503_DEESTERIFIED_A","483271","8","/Users/yazan/totah-lab/research/mettl7-netarsudil-sam-mechanism/phase2-matched-sar/raw/7A_ar_13503_deesterified_seed483271.pdbqt","582945285dc1ed7df263318d545f39d59589c43992a92c06cd92d16b0b6d4755","ADMITTED_ADEQUATE","ADMITTED","43","43","4","false","7c4d85c454c5ddd15b560dc227e6e3094e1cd80e3b8c1edb3afdda0ff7848991","AR_13503_DEESTERIFIED_A:483271:model-8"
"AR_13503_DEESTERIFIED_A:483271:model-9","AR_13503_DEESTERIFIED_A","483271","9","/Users/yazan/totah-lab/research/mettl7-netarsudil-sam-mechanism/phase2-matched-sar/raw/7A_ar_13503_deesterified_seed483271.pdbqt","582945285dc1ed7df263318d545f39d59589c43992a92c06cd92d16b0b6d4755","ADMITTED_ADEQUATE","ADMITTED","43","43","4","false","5b173aa6979688d29ef7d9d1b09376a1b85d9f1c66d23dd9a0e5923a684d197c","AR_13503_DEESTERIFIED_A:483271:model-9"
"AR_13503_DEESTERIFIED_A:806519:model-1","AR_13503_DEESTERIFIED_A","806519","1","/Users/yazan/totah-lab/research/mettl7-netarsudil-sam-mechanism/phase2-matched-sar/raw/7A_ar_13503_deesterified_seed806519.pdbqt","f47dcf1c8244546f0a1d6ba55a019867f0add8cfbb0b197794174b8b7222f2bd","ADMITTED_ADEQUATE","ADMITTED","43","43","7","false","c2022d10b0823cf1a52218a6fa073feea568f9781a88e52d37d43e0d3447856a","AR_13503_DEESTERIFIED_A:806519:model-1"
"AR_13503_DEESTERIFIED_A:806519:model-10","AR_13503_DEESTERIFIED_A","806519","10","/Users/yazan/totah-lab/research/mettl7-netarsudil-sam-mechanism/phase2-matched-sar/raw/7A_ar_13503_deesterified_seed806519.pdbqt","f47dcf1c8244546f0a1d6ba55a019867f0add8cfbb0b197794174b8b7222f2bd","ADMITTED_ADEQUATE","ADMITTED","43","43","3","false","b3b7c9db575456f0591dda9cf79127ea0835263e2b8e633a0ed50db64d13c9c7","AR_13503_DEESTERIFIED_A:806519:model-10"
"AR_13503_DEESTERIFIED_A:806519:model-11","AR_13503_DEESTERIFIED_A","806519","11","/Users/yazan/totah-lab/research/mettl7-netarsudil-sam-mechanism/phase2-matched-sar/raw/7A_ar_13503_deesterified_seed806519.pdbqt","f47dcf1c8244546f0a1d6ba55a019867f0add8cfbb0b197794174b8b7222f2bd","ADMITTED_ADEQUATE","ADMITTED","43","43","4","false","107f04047e0f4ef196865fa81170cf876fa275341c8eb7c5aac758cfb611a9b3","AR_13503_DEESTERIFIED_A:806519:model-11"
"AR_13503_DEESTERIFIED_A:806519:model-12","AR_13503_DEESTERIFIED_A","806519","12","/Users/yazan/totah-lab/research/mettl7-netarsudil-sam-mechanism/phase2-matched-sar/raw/7A_ar_13503_deesterified_seed806519.pdbqt","f47dcf1c8244546f0a1d6ba55a019867f0add8cfbb0b197794174b8b7222f2bd","ADMITTED_ADEQUATE","ADMITTED","43","43","3","false","406081b55df182fa6eeaa6cbc92a67059c781f1b1d5c6e9b700ed1394f241599","AR_13503_DEESTERIFIED_A:806519:model-12"
"AR_13503_DEESTERIFIED_A:806519:model-13","AR_13503_DEESTERIFIED_A","806519","13","/Users/yazan/totah-lab/research/mettl7-netarsudil-sam-mechanism/phase2-matched-sar/raw/7A_ar_13503_deesterified_seed806519.pdbqt","f47dcf1c8244546f0a1d6ba55a019867f0add8cfbb0b197794174b8b7222f2bd","ADMITTED_ADEQUATE","ADMITTED","43","43","5","false","ecb00b754c2d59f2a409a5ca4dc4dde762c15aa8b5d7642db92e23d8f823b9bd","AR_13503_DEESTERIFIED_A:806519:model-13"
"AR_13503_DEESTERIFIED_A:806519:model-14","AR_13503_DEESTERIFIED_A","806519","14","/Users/yazan/totah-lab/research/mettl7-netarsudil-sam-mechanism/phase2-matched-sar/raw/7A_ar_13503_deesterified_seed806519.pdbqt","f47dcf1c8244546f0a1d6ba55a019867f0add8cfbb0b197794174b8b7222f2bd","ADMITTED_ADEQUATE","ADMITTED","43","43","4","false","78cc2925920c43cea456f943b22211b43ec0b19ac61d8af95a2696b3424a63ef","AR_13503_DEESTERIFIED_A:806519:model-14"
"AR_13503_DEESTERIFIED_A:806519:model-15","AR_13503_DEESTERIFIED_A","806519","15","/Users/yazan/totah-lab/research/mettl7-netarsudil-sam-mechanism/phase2-matched-sar/raw/7A_ar_13503_deesterified_seed806519.pdbqt","f47dcf1c8244546f0a1d6ba55a019867f0add8cfbb0b197794174b8b7222f2bd","ADMITTED_ADEQUATE","ADMITTED","43","43","2","false","c3699fbc777640f11bb1f9fac912d92344bf1c4c4fa39addbd19da966508dacb","AR_13503_DEESTERIFIED_A:806519:model-15"
"AR_13503_DEESTERIFIED_A:806519:model-16","AR_13503_DEESTERIFIED_A","806519","16","/Users/yazan/totah-lab/research/mettl7-netarsudil-sam-mechanism/phase2-matched-sar/raw/7A_ar_13503_deesterified_seed806519.pdbqt","f47dcf1c8244546f0a1d6ba55a019867f0add8cfbb0b197794174b8b7222f2bd","ADMITTED_ADEQUATE","ADMITTED","43","43","6","false","3ae5e871164f2c8445f17cf64d9e3af39fa96a121a03a0b3e298cc6932183d30","AR_13503_DEESTERIFIED_A:806519:model-16"
"AR_13503_DEESTERIFIED_A:806519:model-17","AR_13503_DEESTERIFIED_A","806519","17","/Users/yazan/totah-lab/research/mettl7-netarsudil-sam-mechanism/phase2-matched-sar/raw/7A_ar_13503_deesterified_seed806519.pdbqt","f47dcf1c8244546f0a1d6ba55a019867f0add8cfbb0b197794174b8b7222f2bd","ADMITTED_ADEQUATE","ADMITTED","43","43","3","false","7f99f684142096eecbcd535c94b6106fff51b413799e262874d1495449b1875c","AR_13503_DEESTERIFIED_A:806519:model-17"
"AR_13503_DEESTERIFIED_A:806519:model-18","AR_13503_DEESTERIFIED_A","806519","18","/Users/yazan/totah-lab/research/mettl7-netarsudil-sam-mechanism/phase2-matched-sar/raw/7A_ar_13503_deesterified_seed806519.pdbqt","f47dcf1c8244546f0a1d6ba55a019867f0add8cfbb0b197794174b8b7222f2bd","ADMITTED_ADEQUATE","ADMITTED","43","43","5","false","9b45dec6585a156ea74ce67cbd487c1bca3ad5083cc8168af2d4c10ca57ac340","AR_13503_DEESTERIFIED_A:806519:model-18"
"AR_13503_DEESTERIFIED_A:806519:model-19","AR_13503_DEESTERIFIED_A","806519","19","/Users/yazan/totah-lab/research/mettl7-netarsudil-sam-mechanism/phase2-matched-sar/raw/7A_ar_13503_deesterified_seed806519.pdbqt","f47dcf1c8244546f0a1d6ba55a019867f0add8cfbb0b197794174b8b7222f2bd","ADMITTED_ADEQUATE","ADMITTED","43","43","3","false","e2044671a533b7a1c32e0832f334100a35f4a41b283d3955233d980d2c201455","AR_13503_DEESTERIFIED_A:806519:model-19"
"AR_13503_DEESTERIFIED_A:806519:model-2","AR_13503_DEESTERIFIED_A","806519","2","/Users/yazan/totah-lab/research/mettl7-netarsudil-sam-mechanism/phase2-matched-sar/raw/7A_ar_13503_deesterified_seed806519.pdbqt","f47dcf1c8244546f0a1d6ba55a019867f0add8cfbb0b197794174b8b7222f2bd","ADMITTED_ADEQUATE","ADMITTED","43","43","3","false","d1572ea583a55b354502e19591e5a9bc959308f9aef053551ae6a10e7fb9aa52","AR_13503_DEESTERIFIED_A:806519:model-2"
"AR_13503_DEESTERIFIED_A:806519:model-20","AR_13503_DEESTERIFIED_A","806519","20","/Users/yazan/totah-lab/research/mettl7-netarsudil-sam-mechanism/phase2-matched-sar/raw/7A_ar_13503_deesterified_seed806519.pdbqt","f47dcf1c8244546f0a1d6ba55a019867f0add8cfbb0b197794174b8b7222f2bd","ADMITTED_ADEQUATE","ADMITTED","43","43","4","false","ce51ac947062c7e5011d13d15d0f4071268e80ad7c6f40df665bca09fac5dd83","AR_13503_DEESTERIFIED_A:806519:model-20"
"AR_13503_DEESTERIFIED_A:806519:model-3","AR_13503_DEESTERIFIED_A","806519","3","/Users/yazan/totah-lab/research/mettl7-netarsudil-sam-mechanism/phase2-matched-sar/raw/7A_ar_13503_deesterified_seed806519.pdbqt","f47dcf1c8244546f0a1d6ba55a019867f0add8cfbb0b197794174b8b7222f2bd","ADMITTED_ADEQUATE","ADMITTED","43","43","4","false","f9504a37960bc91e888bd12b277a9c840349d10e9fe73afbe8ea23f5842ac304","AR_13503_DEESTERIFIED_A:806519:model-3"
"AR_13503_DEESTERIFIED_A:806519:model-4","AR_13503_DEESTERIFIED_A","806519","4","/Users/yazan/totah-lab/research/mettl7-netarsudil-sam-mechanism/phase2-matched-sar/raw/7A_ar_13503_deesterified_seed806519.pdbqt","f47dcf1c8244546f0a1d6ba55a019867f0add8cfbb0b197794174b8b7222f2bd","ADMITTED_ADEQUATE","ADMITTED","43","43","1","false","9f2f54e051bf0cf541fb7c80d2edf1e98b134d717592f27ce5a37463d6486158","AR_13503_DEESTERIFIED_A:806519:model-4"
"AR_13503_DEESTERIFIED_A:806519:model-5","AR_13503_DEESTERIFIED_A","806519","5","/Users/yazan/totah-lab/research/mettl7-netarsudil-sam-mechanism/phase2-matched-sar/raw/7A_ar_13503_deesterified_seed806519.pdbqt","f47dcf1c8244546f0a1d6ba55a019867f0add8cfbb0b197794174b8b7222f2bd","ADMITTED_ADEQUATE","ADMITTED","43","43","4","false","78034ac723068f3db92bdbb1b6e7b6418c98bd5bcaa9d7f5a26bfd939b6ef5b0","AR_13503_DEESTERIFIED_A:806519:model-5"
"AR_13503_DEESTERIFIED_A:806519:model-6","AR_13503_DEESTERIFIED_A","806519","6","/Users/yazan/totah-lab/research/mettl7-netarsudil-sam-mechanism/phase2-matched-sar/raw/7A_ar_13503_deesterified_seed806519.pdbqt","f47dcf1c8244546f0a1d6ba55a019867f0add8cfbb0b197794174b8b7222f2bd","ADMITTED_ADEQUATE","ADMITTED","43","43","3","false","8dcb0ad9b0f5b69055b1a54b57a597e326f7fb1ab61fc8b8fdb19fc95ec934a8","AR_13503_DEESTERIFIED_A:806519:model-6"
"AR_13503_DEESTERIFIED_A:806519:model-7","AR_13503_DEESTERIFIED_A","806519","7","/Users/yazan/totah-lab/research/mettl7-netarsudil-sam-mechanism/phase2-matched-sar/raw/7A_ar_13503_deesterified_seed806519.pdbqt","f47dcf1c8244546f0a1d6ba55a019867f0add8cfbb0b197794174b8b7222f2bd","ADMITTED_ADEQUATE","ADMITTED","43","43","2","false","84d483f4689688cd2fd1f18d1c5d72a88a1382f5a5a78988a8bf6df253400be6","AR_13503_DEESTERIFIED_A:806519:model-7"
"AR_13503_DEESTERIFIED_A:806519:model-8","AR_13503_DEESTERIFIED_A","806519","8","/Users/yazan/totah-lab/research/mettl7-netarsudil-sam-mechanism/phase2-matched-sar/raw/7A_ar_13503_deesterified_seed806519.pdbqt","f47dcf1c8244546f0a1d6ba55a019867f0add8cfbb0b197794174b8b7222f2bd","ADMITTED_ADEQUATE","ADMITTED","43","43","5","false","92818413ed129ea14764d63d21f0a44f0a30b4e2ad7f0a39273d362f617c0fb2","AR_13503_DEESTERIFIED_A:806519:model-8"
"AR_13503_DEESTERIFIED_A:806519:model-9","AR_13503_DEESTERIFIED_A","806519","9","/Users/yazan/totah-lab/research/mettl7-netarsudil-sam-mechanism/phase2-matched-sar/raw/7A_ar_13503_deesterified_seed806519.pdbqt","f47dcf1c8244546f0a1d6ba55a019867f0add8cfbb0b197794174b8b7222f2bd","ADMITTED_ADEQUATE","ADMITTED","43","43","3","false","1d52e29dcc2c4ecfa9a0e959f321e31fc8704d3851596ed7e94ea4be7aabd7de","AR_13503_DEESTERIFIED_A:806519:model-9"
"AR_13503_DEESTERIFIED_B:172904:model-1","AR_13503_DEESTERIFIED_B","172904","1","/Users/yazan/totah-lab/research/mettl7-netarsudil-sam-mechanism/phase2-matched-sar/raw/7B_ar_13503_deesterified_seed172904.pdbqt","544fb9b7587fd5f5b83baf4f2daf48af26d7f38ade0f7dd76dfd8874088bfaae","ADMITTED_ADEQUATE","ADMITTED","43","43","5","false","cc1dd2590798a47219071a736ee7860f371d6cff9e9ad50a5263cb1827979be0","AR_13503_DEESTERIFIED_B:172904:model-1"
"AR_13503_DEESTERIFIED_B:172904:model-10","AR_13503_DEESTERIFIED_B","172904","10","/Users/yazan/totah-lab/research/mettl7-netarsudil-sam-mechanism/phase2-matched-sar/raw/7B_ar_13503_deesterified_seed172904.pdbqt","544fb9b7587fd5f5b83baf4f2daf48af26d7f38ade0f7dd76dfd8874088bfaae","ADMITTED_ADEQUATE","ADMITTED","43","43","3","false","3e7b4fa7bcdd3de7a707deefded24d209303cdd569ad9ac7bb32f311aecb51f3","AR_13503_DEESTERIFIED_B:172904:model-10"
"AR_13503_DEESTERIFIED_B:172904:model-11","AR_13503_DEESTERIFIED_B","172904","11","/Users/yazan/totah-lab/research/mettl7-netarsudil-sam-mechanism/phase2-matched-sar/raw/7B_ar_13503_deesterified_seed172904.pdbqt","544fb9b7587fd5f5b83baf4f2daf48af26d7f38ade0f7dd76dfd8874088bfaae","ADMITTED_ADEQUATE","ADMITTED","43","43","3","false","1ce674e4d18a3e7efd6646a99993b59a766ae80a020b116d584caed437a18764","AR_13503_DEESTERIFIED_B:172904:model-11"
"AR_13503_DEESTERIFIED_B:172904:model-12","AR_13503_DEESTERIFIED_B","172904","12","/Users/yazan/totah-lab/research/mettl7-netarsudil-sam-mechanism/phase2-matched-sar/raw/7B_ar_13503_deesterified_seed172904.pdbqt","544fb9b7587fd5f5b83baf4f2daf48af26d7f38ade0f7dd76dfd8874088bfaae","ADMITTED_ADEQUATE","ADMITTED","43","43","3","false","296718a0151e56ac9aef5126e006982e9e2e5b4c525afc0517e2ce9197080968","AR_13503_DEESTERIFIED_B:172904:model-12"
"AR_13503_DEESTERIFIED_B:172904:model-13","AR_13503_DEESTERIFIED_B","172904","13","/Users/yazan/totah-lab/research/mettl7-netarsudil-sam-mechanism/phase2-matched-sar/raw/7B_ar_13503_deesterified_seed172904.pdbqt","544fb9b7587fd5f5b83baf4f2daf48af26d7f38ade0f7dd76dfd8874088bfaae","ADMITTED_ADEQUATE","ADMITTED","43","43","3","false","b86f36314e73418f2863585b2e9b2b25d8c0d258dc368bf1cbdbb3950cc7282d","AR_13503_DEESTERIFIED_B:172904:model-13"
"AR_13503_DEESTERIFIED_B:172904:model-14","AR_13503_DEESTERIFIED_B","172904","14","/Users/yazan/totah-lab/research/mettl7-netarsudil-sam-mechanism/phase2-matched-sar/raw/7B_ar_13503_deesterified_seed172904.pdbqt","544fb9b7587fd5f5b83baf4f2daf48af26d7f38ade0f7dd76dfd8874088bfaae","ADMITTED_ADEQUATE","ADMITTED","43","43","3","false","fe107e0ab5f0320e8dd10997859a6af223b59cfbd89215f25ad222a820394651","AR_13503_DEESTERIFIED_B:172904:model-14"
"AR_13503_DEESTERIFIED_B:172904:model-15","AR_13503_DEESTERIFIED_B","172904","15","/Users/yazan/totah-lab/research/mettl7-netarsudil-sam-mechanism/phase2-matched-sar/raw/7B_ar_13503_deesterified_seed172904.pdbqt","544fb9b7587fd5f5b83baf4f2daf48af26d7f38ade0f7dd76dfd8874088bfaae","ADMITTED_ADEQUATE","ADMITTED","43","43","0","false","253be781358bbcf6b893374d0506ac768892c524541554e7cf082c4c531d59dd","AR_13503_DEESTERIFIED_B:172904:model-15"
"AR_13503_DEESTERIFIED_B:172904:model-16","AR_13503_DEESTERIFIED_B","172904","16","/Users/yazan/totah-lab/research/mettl7-netarsudil-sam-mechanism/phase2-matched-sar/raw/7B_ar_13503_deesterified_seed172904.pdbqt","544fb9b7587fd5f5b83baf4f2daf48af26d7f38ade0f7dd76dfd8874088bfaae","ADMITTED_ADEQUATE","ADMITTED","43","43","3","false","df06c25c238cbe15f1df2e78d281d8ad27c8bacfaa68b19dbffc5647b2a6dee0","AR_13503_DEESTERIFIED_B:172904:model-16"
"AR_13503_DEESTERIFIED_B:172904:model-17","AR_13503_DEESTERIFIED_B","172904","17","/Users/yazan/totah-lab/research/mettl7-netarsudil-sam-mechanism/phase2-matched-sar/raw/7B_ar_13503_deesterified_seed172904.pdbqt","544fb9b7587fd5f5b83baf4f2daf48af26d7f38ade0f7dd76dfd8874088bfaae","ADMITTED_ADEQUATE","ADMITTED","43","43","3","false","604256f31bb85bd1bd6afa3cf744c3a9cea0dbdebaebd00a15e0185cbe581938","AR_13503_DEESTERIFIED_B:172904:model-17"
"AR_13503_DEESTERIFIED_B:172904:model-18","AR_13503_DEESTERIFIED_B","172904","18","/Users/yazan/totah-lab/research/mettl7-netarsudil-sam-mechanism/phase2-matched-sar/raw/7B_ar_13503_deesterified_seed172904.pdbqt","544fb9b7587fd5f5b83baf4f2daf48af26d7f38ade0f7dd76dfd8874088bfaae","ADMITTED_ADEQUATE","ADMITTED","43","43","2","false","0c376f3e09808e620ffae182da6bd72c9db8581cce42db99eb874e8c2dd4d405","AR_13503_DEESTERIFIED_B:172904:model-18"
"AR_13503_DEESTERIFIED_B:172904:model-19","AR_13503_DEESTERIFIED_B","172904","19","/Users/yazan/totah-lab/research/mettl7-netarsudil-sam-mechanism/phase2-matched-sar/raw/7B_ar_13503_deesterified_seed172904.pdbqt","544fb9b7587fd5f5b83baf4f2daf48af26d7f38ade0f7dd76dfd8874088bfaae","ADMITTED_ADEQUATE","ADMITTED","43","43","3","false","2fdfbfcced757c1a806c46edb8100923c4855aa5a3fbf0546dca149a02b3eca4","AR_13503_DEESTERIFIED_B:172904:model-19"
"AR_13503_DEESTERIFIED_B:172904:model-2","AR_13503_DEESTERIFIED_B","172904","2","/Users/yazan/totah-lab/research/mettl7-netarsudil-sam-mechanism/phase2-matched-sar/raw/7B_ar_13503_deesterified_seed172904.pdbqt","544fb9b7587fd5f5b83baf4f2daf48af26d7f38ade0f7dd76dfd8874088bfaae","ADMITTED_ADEQUATE","ADMITTED","43","43","3","false","b997c1ea5d004877d94ffdd35dd2312c7427ed50d36e61ab5de6edcc07c5e786","AR_13503_DEESTERIFIED_B:172904:model-2"
"AR_13503_DEESTERIFIED_B:172904:model-3","AR_13503_DEESTERIFIED_B","172904","3","/Users/yazan/totah-lab/research/mettl7-netarsudil-sam-mechanism/phase2-matched-sar/raw/7B_ar_13503_deesterified_seed172904.pdbqt","544fb9b7587fd5f5b83baf4f2daf48af26d7f38ade0f7dd76dfd8874088bfaae","ADMITTED_ADEQUATE","ADMITTED","43","43","4","false","4cc55fd8333d74b1730197610280386277106a8fd7ca30c222dd8000f2991633","AR_13503_DEESTERIFIED_B:172904:model-3"
"AR_13503_DEESTERIFIED_B:172904:model-4","AR_13503_DEESTERIFIED_B","172904","4","/Users/yazan/totah-lab/research/mettl7-netarsudil-sam-mechanism/phase2-matched-sar/raw/7B_ar_13503_deesterified_seed172904.pdbqt","544fb9b7587fd5f5b83baf4f2daf48af26d7f38ade0f7dd76dfd8874088bfaae","ADMITTED_ADEQUATE","ADMITTED","43","43","3","false","27384bb275294e7a0c603347094188f055e7d4b0b947201fa5b50b47ed9c9e3e","AR_13503_DEESTERIFIED_B:172904:model-4"
"AR_13503_DEESTERIFIED_B:172904:model-5","AR_13503_DEESTERIFIED_B","172904","5","/Users/yazan/totah-lab/research/mettl7-netarsudil-sam-mechanism/phase2-matched-sar/raw/7B_ar_13503_deesterified_seed172904.pdbqt","544fb9b7587fd5f5b83baf4f2daf48af26d7f38ade0f7dd76dfd8874088bfaae","ADMITTED_ADEQUATE","ADMITTED","43","43","3","false","4b57a230651c9bb673d7b430ddfe1e96957bd10375cc6fe71d3862d459ef75ad","AR_13503_DEESTERIFIED_B:172904:model-5"
"AR_13503_DEESTERIFIED_B:172904:model-6","AR_13503_DEESTERIFIED_B","172904","6","/Users/yazan/totah-lab/research/mettl7-netarsudil-sam-mechanism/phase2-matched-sar/raw/7B_ar_13503_deesterified_seed172904.pdbqt","544fb9b7587fd5f5b83baf4f2daf48af26d7f38ade0f7dd76dfd8874088bfaae","ADMITTED_ADEQUATE","ADMITTED","43","43","4","false","2c19b11ea5d9e1a836a2a3a8b878bb66142e1f8352896905b0acc8df2ecbfc0c","AR_13503_DEESTERIFIED_B:172904:model-6"
"AR_13503_DEESTERIFIED_B:172904:model-7","AR_13503_DEESTERIFIED_B","172904","7","/Users/yazan/totah-lab/research/mettl7-netarsudil-sam-mechanism/phase2-matched-sar/raw/7B_ar_13503_deesterified_seed172904.pdbqt","544fb9b7587fd5f5b83baf4f2daf48af26d7f38ade0f7dd76dfd8874088bfaae","ADMITTED_ADEQUATE","ADMITTED","43","43","0","false","2302cc56fd2bb9ed9639bb3bf61ab932ea0fb8200ce6b65b2f65ddc83aa6066e","AR_13503_DEESTERIFIED_B:172904:model-7"
"AR_13503_DEESTERIFIED_B:172904:model-8","AR_13503_DEESTERIFIED_B","172904","8","/Users/yazan/totah-lab/research/mettl7-netarsudil-sam-mechanism/phase2-matched-sar/raw/7B_ar_13503_deesterified_seed172904.pdbqt","544fb9b7587fd5f5b83baf4f2daf48af26d7f38ade0f7dd76dfd8874088bfaae","ADMITTED_ADEQUATE","ADMITTED","43","43","4","false","0a0acd2c49de24fe557063605f3cd8132ebee4aa6f428214f0b6500439856ef1","AR_13503_DEESTERIFIED_B:172904:model-8"
"AR_13503_DEESTERIFIED_B:172904:model-9","AR_13503_DEESTERIFIED_B","172904","9","/Users/yazan/totah-lab/research/mettl7-netarsudil-sam-mechanism/phase2-matched-sar/raw/7B_ar_13503_deesterified_seed172904.pdbqt","544fb9b7587fd5f5b83baf4f2daf48af26d7f38ade0f7dd76dfd8874088bfaae","ADMITTED_ADEQUATE","ADMITTED","43","43","1","false","fe943c8474b733d800f745b33ddbacf971b9dbe95e3238dd87c520146d01fac8","AR_13503_DEESTERIFIED_B:172904:model-9"
"AR_13503_DEESTERIFIED_B:483271:model-1","AR_13503_DEESTERIFIED_B","483271","1","/Users/yazan/totah-lab/research/mettl7-netarsudil-sam-mechanism/phase2-matched-sar/raw/7B_ar_13503_deesterified_seed483271.pdbqt","26cd51632769278b0d481bff81298bc66c4e4cb09f7050c06f6d632ea7b3d72c","ADMITTED_ADEQUATE","ADMITTED","43","43","3","false","74cc324ee08a510f86d5d8648a90a8a05d76d252fffa439a817d35f80b8fbd67","AR_13503_DEESTERIFIED_B:483271:model-1"
"AR_13503_DEESTERIFIED_B:483271:model-10","AR_13503_DEESTERIFIED_B","483271","10","/Users/yazan/totah-lab/research/mettl7-netarsudil-sam-mechanism/phase2-matched-sar/raw/7B_ar_13503_deesterified_seed483271.pdbqt","26cd51632769278b0d481bff81298bc66c4e4cb09f7050c06f6d632ea7b3d72c","ADMITTED_ADEQUATE","ADMITTED","43","43","4","false","205e16c1b8d1733d106a32ddefdd1226d190ee3368ddef4fdebd8c57b3617af7","AR_13503_DEESTERIFIED_B:483271:model-10"
"AR_13503_DEESTERIFIED_B:483271:model-11","AR_13503_DEESTERIFIED_B","483271","11","/Users/yazan/totah-lab/research/mettl7-netarsudil-sam-mechanism/phase2-matched-sar/raw/7B_ar_13503_deesterified_seed483271.pdbqt","26cd51632769278b0d481bff81298bc66c4e4cb09f7050c06f6d632ea7b3d72c","ADMITTED_ADEQUATE","ADMITTED","43","43","2","false","1ac8187fe5d0dc14d5889cffe90caab24d616f6524d9b52556f511a9e4e6c967","AR_13503_DEESTERIFIED_B:483271:model-11"
"AR_13503_DEESTERIFIED_B:483271:model-12","AR_13503_DEESTERIFIED_B","483271","12","/Users/yazan/totah-lab/research/mettl7-netarsudil-sam-mechanism/phase2-matched-sar/raw/7B_ar_13503_deesterified_seed483271.pdbqt","26cd51632769278b0d481bff81298bc66c4e4cb09f7050c06f6d632ea7b3d72c","ADMITTED_ADEQUATE","ADMITTED","43","43","8","false","be49f5964c06de870fa3a7df9ae28fec1bcd88fdf3622c76f3e6da257d51b3ab","AR_13503_DEESTERIFIED_B:483271:model-12"
"AR_13503_DEESTERIFIED_B:483271:model-13","AR_13503_DEESTERIFIED_B","483271","13","/Users/yazan/totah-lab/research/mettl7-netarsudil-sam-mechanism/phase2-matched-sar/raw/7B_ar_13503_deesterified_seed483271.pdbqt","26cd51632769278b0d481bff81298bc66c4e4cb09f7050c06f6d632ea7b3d72c","ADMITTED_ADEQUATE","ADMITTED","43","43","3","false","bed2e1902f0c21cfd0b418ec61572688c8da3af3a8158aac0be33b601a2fa224","AR_13503_DEESTERIFIED_B:483271:model-13"
"AR_13503_DEESTERIFIED_B:483271:model-14","AR_13503_DEESTERIFIED_B","483271","14","/Users/yazan/totah-lab/research/mettl7-netarsudil-sam-mechanism/phase2-matched-sar/raw/7B_ar_13503_deesterified_seed483271.pdbqt","26cd51632769278b0d481bff81298bc66c4e4cb09f7050c06f6d632ea7b3d72c","ADMITTED_ADEQUATE","ADMITTED","43","43","3","false","d8a34312e711abf781b21fbadfd9c57106b53f2a2cc71cc0fb640f2fd47acf95","AR_13503_DEESTERIFIED_B:483271:model-14"
"AR_13503_DEESTERIFIED_B:483271:model-15","AR_13503_DEESTERIFIED_B","483271","15","/Users/yazan/totah-lab/research/mettl7-netarsudil-sam-mechanism/phase2-matched-sar/raw/7B_ar_13503_deesterified_seed483271.pdbqt","26cd51632769278b0d481bff81298bc66c4e4cb09f7050c06f6d632ea7b3d72c","ADMITTED_ADEQUATE","ADMITTED","43","43","3","false","bd92bb3702f882948c1fa6c8373b5f2c3337ba9f316e5749201a2349bc54c6d4","AR_13503_DEESTERIFIED_B:483271:model-15"
"AR_13503_DEESTERIFIED_B:483271:model-16","AR_13503_DEESTERIFIED_B","483271","16","/Users/yazan/totah-lab/research/mettl7-netarsudil-sam-mechanism/phase2-matched-sar/raw/7B_ar_13503_deesterified_seed483271.pdbqt","26cd51632769278b0d481bff81298bc66c4e4cb09f7050c06f6d632ea7b3d72c","ADMITTED_ADEQUATE","ADMITTED","43","43","5","false","6946b1f3782c98a2bb8bfe01aec336bead92540501ca65d0374c72dd3a0a78bc","AR_13503_DEESTERIFIED_B:483271:model-16"
"AR_13503_DEESTERIFIED_B:483271:model-17","AR_13503_DEESTERIFIED_B","483271","17","/Users/yazan/totah-lab/research/mettl7-netarsudil-sam-mechanism/phase2-matched-sar/raw/7B_ar_13503_deesterified_seed483271.pdbqt","26cd51632769278b0d481bff81298bc66c4e4cb09f7050c06f6d632ea7b3d72c","ADMITTED_ADEQUATE","ADMITTED","43","43","4","false","7b0e108930e53d916e70d983da70f1e16710756eb0208891508eaa1a9c05463c","AR_13503_DEESTERIFIED_B:483271:model-17"
"AR_13503_DEESTERIFIED_B:483271:model-18","AR_13503_DEESTERIFIED_B","483271","18","/Users/yazan/totah-lab/research/mettl7-netarsudil-sam-mechanism/phase2-matched-sar/raw/7B_ar_13503_deesterified_seed483271.pdbqt","26cd51632769278b0d481bff81298bc66c4e4cb09f7050c06f6d632ea7b3d72c","ADMITTED_ADEQUATE","ADMITTED","43","43","2","false","937802065864eb9e7fc0800496c9e2c7d2a48df34a402f951bfc647403119e6a","AR_13503_DEESTERIFIED_B:483271:model-18"
"AR_13503_DEESTERIFIED_B:483271:model-19","AR_13503_DEESTERIFIED_B","483271","19","/Users/yazan/totah-lab/research/mettl7-netarsudil-sam-mechanism/phase2-matched-sar/raw/7B_ar_13503_deesterified_seed483271.pdbqt","26cd51632769278b0d481bff81298bc66c4e4cb09f7050c06f6d632ea7b3d72c","ADMITTED_ADEQUATE","ADMITTED","43","43","0","false","c0de760b0a2cb47a27d97927b931b75e5a62e3a6db67c164b2d4a9d24741021b","AR_13503_DEESTERIFIED_B:483271:model-19"
"AR_13503_DEESTERIFIED_B:483271:model-2","AR_13503_DEESTERIFIED_B","483271","2","/Users/yazan/totah-lab/research/mettl7-netarsudil-sam-mechanism/phase2-matched-sar/raw/7B_ar_13503_deesterified_seed483271.pdbqt","26cd51632769278b0d481bff81298bc66c4e4cb09f7050c06f6d632ea7b3d72c","ADMITTED_ADEQUATE","ADMITTED","43","43","3","false","f2da3840edc8016954327d6d2b92c8b6152ab7e1ebef56e474b943fd92259cfa","AR_13503_DEESTERIFIED_B:483271:model-2"
"AR_13503_DEESTERIFIED_B:483271:model-20","AR_13503_DEESTERIFIED_B","483271","20","/Users/yazan/totah-lab/research/mettl7-netarsudil-sam-mechanism/phase2-matched-sar/raw/7B_ar_13503_deesterified_seed483271.pdbqt","26cd51632769278b0d481bff81298bc66c4e4cb09f7050c06f6d632ea7b3d72c","ADMITTED_ADEQUATE","ADMITTED","43","43","3","false","cb033d59029768b5bfdbea5a23f2a310d32004fea0313862491cacd906c64e99","AR_13503_DEESTERIFIED_B:483271:model-20"
"AR_13503_DEESTERIFIED_B:483271:model-3","AR_13503_DEESTERIFIED_B","483271","3","/Users/yazan/totah-lab/research/mettl7-netarsudil-sam-mechanism/phase2-matched-sar/raw/7B_ar_13503_deesterified_seed483271.pdbqt","26cd51632769278b0d481bff81298bc66c4e4cb09f7050c06f6d632ea7b3d72c","ADMITTED_ADEQUATE","ADMITTED","43","43","4","false","67b66898b5f13232e675e9d8aac991f523c0bd72fff1fba411156eac80fe12fc","AR_13503_DEESTERIFIED_B:483271:model-3"
"AR_13503_DEESTERIFIED_B:483271:model-4","AR_13503_DEESTERIFIED_B","483271","4","/Users/yazan/totah-lab/research/mettl7-netarsudil-sam-mechanism/phase2-matched-sar/raw/7B_ar_13503_deesterified_seed483271.pdbqt","26cd51632769278b0d481bff81298bc66c4e4cb09f7050c06f6d632ea7b3d72c","ADMITTED_ADEQUATE","ADMITTED","43","43","5","false","25e2ed56e94ecce1428bd4ba8efef09469a10214ea288e3f534e5ede45c8498f","AR_13503_DEESTERIFIED_B:483271:model-4"
"AR_13503_DEESTERIFIED_B:483271:model-5","AR_13503_DEESTERIFIED_B","483271","5","/Users/yazan/totah-lab/research/mettl7-netarsudil-sam-mechanism/phase2-matched-sar/raw/7B_ar_13503_deesterified_seed483271.pdbqt","26cd51632769278b0d481bff81298bc66c4e4cb09f7050c06f6d632ea7b3d72c","ADMITTED_ADEQUATE","ADMITTED","43","43","3","false","8e42188c3f658f6dc302d1afdc786607c2f487367c0aae2988d5595fbd51eae6","AR_13503_DEESTERIFIED_B:483271:model-5"
"AR_13503_DEESTERIFIED_B:483271:model-6","AR_13503_DEESTERIFIED_B","483271","6","/Users/yazan/totah-lab/research/mettl7-netarsudil-sam-mechanism/phase2-matched-sar/raw/7B_ar_13503_deesterified_seed483271.pdbqt","26cd51632769278b0d481bff81298bc66c4e4cb09f7050c06f6d632ea7b3d72c","ADMITTED_ADEQUATE","ADMITTED","43","43","2","false","05ca0608d8b0f54b9711db67eea8c0ed4bc0caf894cc0baadcd430ef2b5c52c7","AR_13503_DEESTERIFIED_B:483271:model-6"
"AR_13503_DEESTERIFIED_B:483271:model-7","AR_13503_DEESTERIFIED_B","483271","7","/Users/yazan/totah-lab/research/mettl7-netarsudil-sam-mechanism/phase2-matched-sar/raw/7B_ar_13503_deesterified_seed483271.pdbqt","26cd51632769278b0d481bff81298bc66c4e4cb09f7050c06f6d632ea7b3d72c","ADMITTED_ADEQUATE","ADMITTED","43","43","2","false","de828e52c084a15831a1e3dceb80e4dbc4ecece1ca57cc03bfa869bf0dc6b809","AR_13503_DEESTERIFIED_B:483271:model-7"
"AR_13503_DEESTERIFIED_B:483271:model-8","AR_13503_DEESTERIFIED_B","483271","8","/Users/yazan/totah-lab/research/mettl7-netarsudil-sam-mechanism/phase2-matched-sar/raw/7B_ar_13503_deesterified_seed483271.pdbqt","26cd51632769278b0d481bff81298bc66c4e4cb09f7050c06f6d632ea7b3d72c","ADMITTED_ADEQUATE","ADMITTED","43","43","3","false","d7cb05f71d7ae8db4a237232cd6c95e1789fe672f095cff78db0adcb8833b48a","AR_13503_DEESTERIFIED_B:483271:model-8"
"AR_13503_DEESTERIFIED_B:483271:model-9","AR_13503_DEESTERIFIED_B","483271","9","/Users/yazan/totah-lab/research/mettl7-netarsudil-sam-mechanism/phase2-matched-sar/raw/7B_ar_13503_deesterified_seed483271.pdbqt","26cd51632769278b0d481bff81298bc66c4e4cb09f7050c06f6d632ea7b3d72c","ADMITTED_ADEQUATE","ADMITTED","43","43","1","false","46aa3dfb159c5599f2dd91b4ac4ced9d5b9c1ddc7de21ba546e23ad9ed4629f5","AR_13503_DEESTERIFIED_B:483271:model-9"
"AR_13503_DEESTERIFIED_B:806519:model-1","AR_13503_DEESTERIFIED_B","806519","1","/Users/yazan/totah-lab/research/mettl7-netarsudil-sam-mechanism/phase2-matched-sar/raw/7B_ar_13503_deesterified_seed806519.pdbqt","23381ac5388c09e58dc22a5792ab5fdb2de7dd9f9df67ad2c976d76dcd4488bc","ADMITTED_ADEQUATE","ADMITTED","43","43","5","false","4bf1bb604606788d42e0fc4e4df7a7dc64a8863f67fa7cd81d72eae036046585","AR_13503_DEESTERIFIED_B:806519:model-1"
"AR_13503_DEESTERIFIED_B:806519:model-10","AR_13503_DEESTERIFIED_B","806519","10","/Users/yazan/totah-lab/research/mettl7-netarsudil-sam-mechanism/phase2-matched-sar/raw/7B_ar_13503_deesterified_seed806519.pdbqt","23381ac5388c09e58dc22a5792ab5fdb2de7dd9f9df67ad2c976d76dcd4488bc","ADMITTED_ADEQUATE","ADMITTED","43","43","3","false","c957a5d04015be9f240a3547689d8147e7c392f55a1772ff2d19267bac82200b","AR_13503_DEESTERIFIED_B:806519:model-10"
"AR_13503_DEESTERIFIED_B:806519:model-11","AR_13503_DEESTERIFIED_B","806519","11","/Users/yazan/totah-lab/research/mettl7-netarsudil-sam-mechanism/phase2-matched-sar/raw/7B_ar_13503_deesterified_seed806519.pdbqt","23381ac5388c09e58dc22a5792ab5fdb2de7dd9f9df67ad2c976d76dcd4488bc","ADMITTED_ADEQUATE","ADMITTED","43","43","1","false","c6a3baa56a2f5913e052f558f1d00cb21421b4834bd18d23662abc483d0d35e3","AR_13503_DEESTERIFIED_B:806519:model-11"
"AR_13503_DEESTERIFIED_B:806519:model-12","AR_13503_DEESTERIFIED_B","806519","12","/Users/yazan/totah-lab/research/mettl7-netarsudil-sam-mechanism/phase2-matched-sar/raw/7B_ar_13503_deesterified_seed806519.pdbqt","23381ac5388c09e58dc22a5792ab5fdb2de7dd9f9df67ad2c976d76dcd4488bc","ADMITTED_ADEQUATE","ADMITTED","43","43","3","false","e8470c1cfe01fc77b4f13d842a4771135761c226ee9aa7c7cf28235702afa627","AR_13503_DEESTERIFIED_B:806519:model-12"
"AR_13503_DEESTERIFIED_B:806519:model-13","AR_13503_DEESTERIFIED_B","806519","13","/Users/yazan/totah-lab/research/mettl7-netarsudil-sam-mechanism/phase2-matched-sar/raw/7B_ar_13503_deesterified_seed806519.pdbqt","23381ac5388c09e58dc22a5792ab5fdb2de7dd9f9df67ad2c976d76dcd4488bc","ADMITTED_ADEQUATE","ADMITTED","43","43","7","false","cfd5ccfedbc1420de1707f3e93003b71ecf496722269a432dd80ea21fb375fb3","AR_13503_DEESTERIFIED_B:806519:model-13"
"AR_13503_DEESTERIFIED_B:806519:model-14","AR_13503_DEESTERIFIED_B","806519","14","/Users/yazan/totah-lab/research/mettl7-netarsudil-sam-mechanism/phase2-matched-sar/raw/7B_ar_13503_deesterified_seed806519.pdbqt","23381ac5388c09e58dc22a5792ab5fdb2de7dd9f9df67ad2c976d76dcd4488bc","ADMITTED_ADEQUATE","ADMITTED","43","43","3","false","a11813a8a139bb36b715e4a2bb0ae5c943f2120fb9a2e3d9b0afc695f1aec569","AR_13503_DEESTERIFIED_B:806519:model-14"
"AR_13503_DEESTERIFIED_B:806519:model-15","AR_13503_DEESTERIFIED_B","806519","15","/Users/yazan/totah-lab/research/mettl7-netarsudil-sam-mechanism/phase2-matched-sar/raw/7B_ar_13503_deesterified_seed806519.pdbqt","23381ac5388c09e58dc22a5792ab5fdb2de7dd9f9df67ad2c976d76dcd4488bc","ADMITTED_ADEQUATE","ADMITTED","43","43","3","false","87b2bee135724cf65a9d62f3cad9a48038b4b629670c09fff45a28d6f5a912dc","AR_13503_DEESTERIFIED_B:806519:model-15"
"AR_13503_DEESTERIFIED_B:806519:model-16","AR_13503_DEESTERIFIED_B","806519","16","/Users/yazan/totah-lab/research/mettl7-netarsudil-sam-mechanism/phase2-matched-sar/raw/7B_ar_13503_deesterified_seed806519.pdbqt","23381ac5388c09e58dc22a5792ab5fdb2de7dd9f9df67ad2c976d76dcd4488bc","ADMITTED_ADEQUATE","ADMITTED","43","43","4","false","87d2e279e91065b6c76b1cd8d5dd4f3542678e442777dcd09a1b64cab57b2371","AR_13503_DEESTERIFIED_B:806519:model-16"
"AR_13503_DEESTERIFIED_B:806519:model-17","AR_13503_DEESTERIFIED_B","806519","17","/Users/yazan/totah-lab/research/mettl7-netarsudil-sam-mechanism/phase2-matched-sar/raw/7B_ar_13503_deesterified_seed806519.pdbqt","23381ac5388c09e58dc22a5792ab5fdb2de7dd9f9df67ad2c976d76dcd4488bc","ADMITTED_ADEQUATE","ADMITTED","43","43","3","false","164592ddaac64f5e09c51d04819ca46a9148d4f04341e54874b6b04826db2293","AR_13503_DEESTERIFIED_B:806519:model-17"
"AR_13503_DEESTERIFIED_B:806519:model-18","AR_13503_DEESTERIFIED_B","806519","18","/Users/yazan/totah-lab/research/mettl7-netarsudil-sam-mechanism/phase2-matched-sar/raw/7B_ar_13503_deesterified_seed806519.pdbqt","23381ac5388c09e58dc22a5792ab5fdb2de7dd9f9df67ad2c976d76dcd4488bc","ADMITTED_ADEQUATE","ADMITTED","43","43","0","false","b24e76c8977b9073e3c4cb059b630e3526626efd1776b31a6355f90dbc5e92e8","AR_13503_DEESTERIFIED_B:806519:model-18"
"AR_13503_DEESTERIFIED_B:806519:model-19","AR_13503_DEESTERIFIED_B","806519","19","/Users/yazan/totah-lab/research/mettl7-netarsudil-sam-mechanism/phase2-matched-sar/raw/7B_ar_13503_deesterified_seed806519.pdbqt","23381ac5388c09e58dc22a5792ab5fdb2de7dd9f9df67ad2c976d76dcd4488bc","ADMITTED_ADEQUATE","ADMITTED","43","43","3","false","8f94fc3b0416f0c639b66c30c6c93a796823735060763be78861a0282214988b","AR_13503_DEESTERIFIED_B:806519:model-19"
"AR_13503_DEESTERIFIED_B:806519:model-2","AR_13503_DEESTERIFIED_B","806519","2","/Users/yazan/totah-lab/research/mettl7-netarsudil-sam-mechanism/phase2-matched-sar/raw/7B_ar_13503_deesterified_seed806519.pdbqt","23381ac5388c09e58dc22a5792ab5fdb2de7dd9f9df67ad2c976d76dcd4488bc","ADMITTED_ADEQUATE","ADMITTED","43","43","2","false","1ab090e5fce6e9d38b88facad5eedf6dbebec7674f14a9b212c61a08f8233a16","AR_13503_DEESTERIFIED_B:806519:model-2"
"AR_13503_DEESTERIFIED_B:806519:model-20","AR_13503_DEESTERIFIED_B","806519","20","/Users/yazan/totah-lab/research/mettl7-netarsudil-sam-mechanism/phase2-matched-sar/raw/7B_ar_13503_deesterified_seed806519.pdbqt","23381ac5388c09e58dc22a5792ab5fdb2de7dd9f9df67ad2c976d76dcd4488bc","ADMITTED_ADEQUATE","ADMITTED","43","43","1","false","fb936339d5e6dfaa3b1acdd20bcdc6da678a4cef6502ff1cf2268db8eab2e84d","AR_13503_DEESTERIFIED_B:806519:model-20"
"AR_13503_DEESTERIFIED_B:806519:model-3","AR_13503_DEESTERIFIED_B","806519","3","/Users/yazan/totah-lab/research/mettl7-netarsudil-sam-mechanism/phase2-matched-sar/raw/7B_ar_13503_deesterified_seed806519.pdbqt","23381ac5388c09e58dc22a5792ab5fdb2de7dd9f9df67ad2c976d76dcd4488bc","ADMITTED_ADEQUATE","ADMITTED","43","43","3","false","7e16cc2be6c08651e015158152c710eefbd5266b2f51ffba827007d1f4676cba","AR_13503_DEESTERIFIED_B:806519:model-3"
"AR_13503_DEESTERIFIED_B:806519:model-4","AR_13503_DEESTERIFIED_B","806519","4","/Users/yazan/totah-lab/research/mettl7-netarsudil-sam-mechanism/phase2-matched-sar/raw/7B_ar_13503_deesterified_seed806519.pdbqt","23381ac5388c09e58dc22a5792ab5fdb2de7dd9f9df67ad2c976d76dcd4488bc","ADMITTED_ADEQUATE","ADMITTED","43","43","4","false","75b457899233f2846ae73fe3a2525ec82fb29b586e320d48d7d8054cf5588524","AR_13503_DEESTERIFIED_B:806519:model-4"
"AR_13503_DEESTERIFIED_B:806519:model-5","AR_13503_DEESTERIFIED_B","806519","5","/Users/yazan/totah-lab/research/mettl7-netarsudil-sam-mechanism/phase2-matched-sar/raw/7B_ar_13503_deesterified_seed806519.pdbqt","23381ac5388c09e58dc22a5792ab5fdb2de7dd9f9df67ad2c976d76dcd4488bc","ADMITTED_ADEQUATE","ADMITTED","43","43","1","false","3f891852a4650a7449ca89a5c6febe22e6fad4d9c8bb1e413de6716b54d51e72","AR_13503_DEESTERIFIED_B:806519:model-5"
"AR_13503_DEESTERIFIED_B:806519:model-6","AR_13503_DEESTERIFIED_B","806519","6","/Users/yazan/totah-lab/research/mettl7-netarsudil-sam-mechanism/phase2-matched-sar/raw/7B_ar_13503_deesterified_seed806519.pdbqt","23381ac5388c09e58dc22a5792ab5fdb2de7dd9f9df67ad2c976d76dcd4488bc","ADMITTED_ADEQUATE","ADMITTED","43","43","3","false","1a9af24a4ede5524aa486200a5391355efe6795be21ef52dd1c1745c538aade2","AR_13503_DEESTERIFIED_B:806519:model-6"
"AR_13503_DEESTERIFIED_B:806519:model-7","AR_13503_DEESTERIFIED_B","806519","7","/Users/yazan/totah-lab/research/mettl7-netarsudil-sam-mechanism/phase2-matched-sar/raw/7B_ar_13503_deesterified_seed806519.pdbqt","23381ac5388c09e58dc22a5792ab5fdb2de7dd9f9df67ad2c976d76dcd4488bc","ADMITTED_ADEQUATE","ADMITTED","43","43","3","false","75164d3d617bcb73e71ef8de46aab3ec9309cac18719faed863230e3867414b8","AR_13503_DEESTERIFIED_B:806519:model-7"
"AR_13503_DEESTERIFIED_B:806519:model-8","AR_13503_DEESTERIFIED_B","806519","8","/Users/yazan/totah-lab/research/mettl7-netarsudil-sam-mechanism/phase2-matched-sar/raw/7B_ar_13503_deesterified_seed806519.pdbqt","23381ac5388c09e58dc22a5792ab5fdb2de7dd9f9df67ad2c976d76dcd4488bc","ADMITTED_ADEQUATE","ADMITTED","43","43","0","false","4c02b1ef5ee4e0150edc5e661979978d46693039804c198de66941fe25d8f379","AR_13503_DEESTERIFIED_B:806519:model-8"
"AR_13503_DEESTERIFIED_B:806519:model-9","AR_13503_DEESTERIFIED_B","806519","9","/Users/yazan/totah-lab/research/mettl7-netarsudil-sam-mechanism/phase2-matched-sar/raw/7B_ar_13503_deesterified_seed806519.pdbqt","23381ac5388c09e58dc22a5792ab5fdb2de7dd9f9df67ad2c976d76dcd4488bc","ADMITTED_ADEQUATE","ADMITTED","43","43","3","false","b33e2fe4b01fbf8d139e6048c75e8d9280175ea08fda5202aa073541a2366c0e","AR_13503_DEESTERIFIED_B:806519:model-9"
"BRANCH_POINT_ENANTIOMER_A:172904:model-1","BRANCH_POINT_ENANTIOMER_A","172904","1","/Users/yazan/totah-lab/research/mettl7-netarsudil-sam-mechanism/phase2-matched-sar/raw/7A_branch_point_enantiomer_seed172904.pdbqt","fc68d801f8c9b9d22d70f3e5e98c9c1d7f4dd4b5e2b345a5249f3b9a9a3599b3","ADMITTED_ADEQUATE","ADMITTED","61","61","7","false","05bc83b276eab96a55edf27cb366fdd80fab4bd8d6ab34502cfbff23a99a9e21","BRANCH_POINT_ENANTIOMER_A:172904:model-1"
"BRANCH_POINT_ENANTIOMER_A:172904:model-10","BRANCH_POINT_ENANTIOMER_A","172904","10","/Users/yazan/totah-lab/research/mettl7-netarsudil-sam-mechanism/phase2-matched-sar/raw/7A_branch_point_enantiomer_seed172904.pdbqt","fc68d801f8c9b9d22d70f3e5e98c9c1d7f4dd4b5e2b345a5249f3b9a9a3599b3","ADMITTED_ADEQUATE","ADMITTED","61","61","4","false","d49a37a0519408f7ca53f5cbf59adefe0d0e43235074c27f5a69f0b3006e36b0","BRANCH_POINT_ENANTIOMER_A:172904:model-10"
"BRANCH_POINT_ENANTIOMER_A:172904:model-11","BRANCH_POINT_ENANTIOMER_A","172904","11","/Users/yazan/totah-lab/research/mettl7-netarsudil-sam-mechanism/phase2-matched-sar/raw/7A_branch_point_enantiomer_seed172904.pdbqt","fc68d801f8c9b9d22d70f3e5e98c9c1d7f4dd4b5e2b345a5249f3b9a9a3599b3","ADMITTED_ADEQUATE","ADMITTED","61","61","7","false","8cf965f17f9c94561d75bb3635c53bc42574099002ab61f11f64f8ffdec8153d","BRANCH_POINT_ENANTIOMER_A:172904:model-11"
"BRANCH_POINT_ENANTIOMER_A:172904:model-12","BRANCH_POINT_ENANTIOMER_A","172904","12","/Users/yazan/totah-lab/research/mettl7-netarsudil-sam-mechanism/phase2-matched-sar/raw/7A_branch_point_enantiomer_seed172904.pdbqt","fc68d801f8c9b9d22d70f3e5e98c9c1d7f4dd4b5e2b345a5249f3b9a9a3599b3","ADMITTED_ADEQUATE","ADMITTED","61","61","8","false","e1107836a9540f1052d7431ceea2f6a63919847a4752eacff6bdac642bd7278f","BRANCH_POINT_ENANTIOMER_A:172904:model-12"
"BRANCH_POINT_ENANTIOMER_A:172904:model-13","BRANCH_POINT_ENANTIOMER_A","172904","13","/Users/yazan/totah-lab/research/mettl7-netarsudil-sam-mechanism/phase2-matched-sar/raw/7A_branch_point_enantiomer_seed172904.pdbqt","fc68d801f8c9b9d22d70f3e5e98c9c1d7f4dd4b5e2b345a5249f3b9a9a3599b3","ADMITTED_ADEQUATE","ADMITTED","61","61","8","false","8abef2f77a7b3a5731d39466f740ae8c9fb3679e53f81504a05c4776c9e7dfb7","BRANCH_POINT_ENANTIOMER_A:172904:model-13"
"BRANCH_POINT_ENANTIOMER_A:172904:model-14","BRANCH_POINT_ENANTIOMER_A","172904","14","/Users/yazan/totah-lab/research/mettl7-netarsudil-sam-mechanism/phase2-matched-sar/raw/7A_branch_point_enantiomer_seed172904.pdbqt","fc68d801f8c9b9d22d70f3e5e98c9c1d7f4dd4b5e2b345a5249f3b9a9a3599b3","ADMITTED_ADEQUATE","ADMITTED","61","61","5","false","5eb35f29d837721dcf0c44c84e1a585ef859ff695ae468f69a78f6224bfc072f","BRANCH_POINT_ENANTIOMER_A:172904:model-14"
"BRANCH_POINT_ENANTIOMER_A:172904:model-15","BRANCH_POINT_ENANTIOMER_A","172904","15","/Users/yazan/totah-lab/research/mettl7-netarsudil-sam-mechanism/phase2-matched-sar/raw/7A_branch_point_enantiomer_seed172904.pdbqt","fc68d801f8c9b9d22d70f3e5e98c9c1d7f4dd4b5e2b345a5249f3b9a9a3599b3","ADMITTED_ADEQUATE","ADMITTED","61","61","3","false","48b20e9e14befceade01aa50e963858497fb5be3a9174dc84a1a6e62a09b3634","BRANCH_POINT_ENANTIOMER_A:172904:model-15"
"BRANCH_POINT_ENANTIOMER_A:172904:model-16","BRANCH_POINT_ENANTIOMER_A","172904","16","/Users/yazan/totah-lab/research/mettl7-netarsudil-sam-mechanism/phase2-matched-sar/raw/7A_branch_point_enantiomer_seed172904.pdbqt","fc68d801f8c9b9d22d70f3e5e98c9c1d7f4dd4b5e2b345a5249f3b9a9a3599b3","ADMITTED_ADEQUATE","ADMITTED","61","61","8","false","05eed79fdbc0e3c0795ba860797d83ec1e48db5dee3cbdc39b9e19018b751993","BRANCH_POINT_ENANTIOMER_A:172904:model-16"
"BRANCH_POINT_ENANTIOMER_A:172904:model-17","BRANCH_POINT_ENANTIOMER_A","172904","17","/Users/yazan/totah-lab/research/mettl7-netarsudil-sam-mechanism/phase2-matched-sar/raw/7A_branch_point_enantiomer_seed172904.pdbqt","fc68d801f8c9b9d22d70f3e5e98c9c1d7f4dd4b5e2b345a5249f3b9a9a3599b3","ADMITTED_ADEQUATE","ADMITTED","61","61","2","false","57df1db05616304bd0cd32570c8d6553b4999fb7742b4394e437bde73c125ad3","BRANCH_POINT_ENANTIOMER_A:172904:model-17"
"BRANCH_POINT_ENANTIOMER_A:172904:model-18","BRANCH_POINT_ENANTIOMER_A","172904","18","/Users/yazan/totah-lab/research/mettl7-netarsudil-sam-mechanism/phase2-matched-sar/raw/7A_branch_point_enantiomer_seed172904.pdbqt","fc68d801f8c9b9d22d70f3e5e98c9c1d7f4dd4b5e2b345a5249f3b9a9a3599b3","ADMITTED_ADEQUATE","ADMITTED","61","61","6","false","caac38eb07f15e69cab9be92b5ebc7218970cc706e2095f46d48ab7d8ccf7d9d","BRANCH_POINT_ENANTIOMER_A:172904:model-18"
"BRANCH_POINT_ENANTIOMER_A:172904:model-19","BRANCH_POINT_ENANTIOMER_A","172904","19","/Users/yazan/totah-lab/research/mettl7-netarsudil-sam-mechanism/phase2-matched-sar/raw/7A_branch_point_enantiomer_seed172904.pdbqt","fc68d801f8c9b9d22d70f3e5e98c9c1d7f4dd4b5e2b345a5249f3b9a9a3599b3","ADMITTED_ADEQUATE","ADMITTED","61","61","4","false","c676932f2e20127c5ea2c274259139de87c5947843b985fb2c044789ffd93168","BRANCH_POINT_ENANTIOMER_A:172904:model-19"
"BRANCH_POINT_ENANTIOMER_A:172904:model-2","BRANCH_POINT_ENANTIOMER_A","172904","2","/Users/yazan/totah-lab/research/mettl7-netarsudil-sam-mechanism/phase2-matched-sar/raw/7A_branch_point_enantiomer_seed172904.pdbqt","fc68d801f8c9b9d22d70f3e5e98c9c1d7f4dd4b5e2b345a5249f3b9a9a3599b3","ADMITTED_ADEQUATE","ADMITTED","61","61","4","false","283df484cc2890111c518631d30aae21806c72fe1b15bfe4e40a7bb56434ecfe","BRANCH_POINT_ENANTIOMER_A:172904:model-2"
"BRANCH_POINT_ENANTIOMER_A:172904:model-20","BRANCH_POINT_ENANTIOMER_A","172904","20","/Users/yazan/totah-lab/research/mettl7-netarsudil-sam-mechanism/phase2-matched-sar/raw/7A_branch_point_enantiomer_seed172904.pdbqt","fc68d801f8c9b9d22d70f3e5e98c9c1d7f4dd4b5e2b345a5249f3b9a9a3599b3","ADMITTED_ADEQUATE","ADMITTED","61","61","4","false","a407519fc699142110c41a18286d5ba399037a4960077e499d3b02f345d63710","BRANCH_POINT_ENANTIOMER_A:172904:model-20"
"BRANCH_POINT_ENANTIOMER_A:172904:model-3","BRANCH_POINT_ENANTIOMER_A","172904","3","/Users/yazan/totah-lab/research/mettl7-netarsudil-sam-mechanism/phase2-matched-sar/raw/7A_branch_point_enantiomer_seed172904.pdbqt","fc68d801f8c9b9d22d70f3e5e98c9c1d7f4dd4b5e2b345a5249f3b9a9a3599b3","ADMITTED_ADEQUATE","ADMITTED","61","61","6","false","4936ea900763dace120c7f0c63fcb1a55cf0229d5f71e4d0f304739d0af1a9a4","BRANCH_POINT_ENANTIOMER_A:172904:model-3"
"BRANCH_POINT_ENANTIOMER_A:172904:model-4","BRANCH_POINT_ENANTIOMER_A","172904","4","/Users/yazan/totah-lab/research/mettl7-netarsudil-sam-mechanism/phase2-matched-sar/raw/7A_branch_point_enantiomer_seed172904.pdbqt","fc68d801f8c9b9d22d70f3e5e98c9c1d7f4dd4b5e2b345a5249f3b9a9a3599b3","ADMITTED_ADEQUATE","ADMITTED","61","61","8","false","57efb46bc1f73798792449dd0c1c8237d2b5f315a3da475ffe8cb625238bf0dd","BRANCH_POINT_ENANTIOMER_A:172904:model-4"
"BRANCH_POINT_ENANTIOMER_A:172904:model-5","BRANCH_POINT_ENANTIOMER_A","172904","5","/Users/yazan/totah-lab/research/mettl7-netarsudil-sam-mechanism/phase2-matched-sar/raw/7A_branch_point_enantiomer_seed172904.pdbqt","fc68d801f8c9b9d22d70f3e5e98c9c1d7f4dd4b5e2b345a5249f3b9a9a3599b3","ADMITTED_ADEQUATE","ADMITTED","61","61","7","false","1a3c890d31781db4e1fbcb5126f43b0be58dd0490a0cc61a1d70fec6965f0f80","BRANCH_POINT_ENANTIOMER_A:172904:model-5"
"BRANCH_POINT_ENANTIOMER_A:172904:model-6","BRANCH_POINT_ENANTIOMER_A","172904","6","/Users/yazan/totah-lab/research/mettl7-netarsudil-sam-mechanism/phase2-matched-sar/raw/7A_branch_point_enantiomer_seed172904.pdbqt","fc68d801f8c9b9d22d70f3e5e98c9c1d7f4dd4b5e2b345a5249f3b9a9a3599b3","ADMITTED_ADEQUATE","ADMITTED","61","61","8","false","56fc0ba880305c8c8a74fcaea1cc06d1a4587d466c009fa710640207f6509bc5","BRANCH_POINT_ENANTIOMER_A:172904:model-6"
"BRANCH_POINT_ENANTIOMER_A:172904:model-7","BRANCH_POINT_ENANTIOMER_A","172904","7","/Users/yazan/totah-lab/research/mettl7-netarsudil-sam-mechanism/phase2-matched-sar/raw/7A_branch_point_enantiomer_seed172904.pdbqt","fc68d801f8c9b9d22d70f3e5e98c9c1d7f4dd4b5e2b345a5249f3b9a9a3599b3","ADMITTED_ADEQUATE","ADMITTED","61","61","3","false","bcf97fea7f8eb4d70ca4a06ea07a71162765cde27e30a4fabdc325a7df5d6a64","BRANCH_POINT_ENANTIOMER_A:172904:model-7"
"BRANCH_POINT_ENANTIOMER_A:172904:model-8","BRANCH_POINT_ENANTIOMER_A","172904","8","/Users/yazan/totah-lab/research/mettl7-netarsudil-sam-mechanism/phase2-matched-sar/raw/7A_branch_point_enantiomer_seed172904.pdbqt","fc68d801f8c9b9d22d70f3e5e98c9c1d7f4dd4b5e2b345a5249f3b9a9a3599b3","ADMITTED_ADEQUATE","ADMITTED","61","61","3","false","0d5aab3e98e03e944fae0137d643f4d35a01320e9982a72fdfd45b9d48d3d83b","BRANCH_POINT_ENANTIOMER_A:172904:model-8"
"BRANCH_POINT_ENANTIOMER_A:172904:model-9","BRANCH_POINT_ENANTIOMER_A","172904","9","/Users/yazan/totah-lab/research/mettl7-netarsudil-sam-mechanism/phase2-matched-sar/raw/7A_branch_point_enantiomer_seed172904.pdbqt","fc68d801f8c9b9d22d70f3e5e98c9c1d7f4dd4b5e2b345a5249f3b9a9a3599b3","ADMITTED_ADEQUATE","ADMITTED","61","61","6","false","a7f416423b3b3637ed2706b4b79c03591762cf6e9aef7daf96c47b35ffb90e81","BRANCH_POINT_ENANTIOMER_A:172904:model-9"
"BRANCH_POINT_ENANTIOMER_A:483271:model-1","BRANCH_POINT_ENANTIOMER_A","483271","1","/Users/yazan/totah-lab/research/mettl7-netarsudil-sam-mechanism/phase2-matched-sar/raw/7A_branch_point_enantiomer_seed483271.pdbqt","209afe676acef514a2e2ebb032da6d0b8e8bb93bc2d3d13f62f3f757ef7ecaf7","ADMITTED_ADEQUATE","ADMITTED","61","61","7","false","3511e11766057b213af88abf9899400190d520e601352efa67303ab6397eac08","BRANCH_POINT_ENANTIOMER_A:483271:model-1"
"BRANCH_POINT_ENANTIOMER_A:483271:model-10","BRANCH_POINT_ENANTIOMER_A","483271","10","/Users/yazan/totah-lab/research/mettl7-netarsudil-sam-mechanism/phase2-matched-sar/raw/7A_branch_point_enantiomer_seed483271.pdbqt","209afe676acef514a2e2ebb032da6d0b8e8bb93bc2d3d13f62f3f757ef7ecaf7","ADMITTED_ADEQUATE","ADMITTED","61","61","3","false","adcb28a553087802272d9a5e1d363f4d6b12d125325d05f261c345f2bcb8ee89","BRANCH_POINT_ENANTIOMER_A:483271:model-10"
"BRANCH_POINT_ENANTIOMER_A:483271:model-11","BRANCH_POINT_ENANTIOMER_A","483271","11","/Users/yazan/totah-lab/research/mettl7-netarsudil-sam-mechanism/phase2-matched-sar/raw/7A_branch_point_enantiomer_seed483271.pdbqt","209afe676acef514a2e2ebb032da6d0b8e8bb93bc2d3d13f62f3f757ef7ecaf7","ADMITTED_ADEQUATE","ADMITTED","61","61","8","false","d652936a634a321a177fdaa102269e27e7002c082cebdfd97327bfc39fed6a3b","BRANCH_POINT_ENANTIOMER_A:483271:model-11"
"BRANCH_POINT_ENANTIOMER_A:483271:model-12","BRANCH_POINT_ENANTIOMER_A","483271","12","/Users/yazan/totah-lab/research/mettl7-netarsudil-sam-mechanism/phase2-matched-sar/raw/7A_branch_point_enantiomer_seed483271.pdbqt","209afe676acef514a2e2ebb032da6d0b8e8bb93bc2d3d13f62f3f757ef7ecaf7","ADMITTED_ADEQUATE","ADMITTED","61","61","6","false","c4cf51975aecb80752c2be33e5e59a2cbae266609af261be9db49055cfecc911","BRANCH_POINT_ENANTIOMER_A:483271:model-12"
"BRANCH_POINT_ENANTIOMER_A:483271:model-13","BRANCH_POINT_ENANTIOMER_A","483271","13","/Users/yazan/totah-lab/research/mettl7-netarsudil-sam-mechanism/phase2-matched-sar/raw/7A_branch_point_enantiomer_seed483271.pdbqt","209afe676acef514a2e2ebb032da6d0b8e8bb93bc2d3d13f62f3f757ef7ecaf7","ADMITTED_ADEQUATE","ADMITTED","61","61","4","false","bb50ab5338257b11f466f34a3d9bded4376444c4cf095e34cb6700760bc4e145","BRANCH_POINT_ENANTIOMER_A:483271:model-13"
"BRANCH_POINT_ENANTIOMER_A:483271:model-14","BRANCH_POINT_ENANTIOMER_A","483271","14","/Users/yazan/totah-lab/research/mettl7-netarsudil-sam-mechanism/phase2-matched-sar/raw/7A_branch_point_enantiomer_seed483271.pdbqt","209afe676acef514a2e2ebb032da6d0b8e8bb93bc2d3d13f62f3f757ef7ecaf7","ADMITTED_ADEQUATE","ADMITTED","61","61","6","false","9d32fd8c0b35fb1cb8290f176f24b45d87068358c09203b06984e9ca03f6aa0d","BRANCH_POINT_ENANTIOMER_A:483271:model-14"
"BRANCH_POINT_ENANTIOMER_A:483271:model-15","BRANCH_POINT_ENANTIOMER_A","483271","15","/Users/yazan/totah-lab/research/mettl7-netarsudil-sam-mechanism/phase2-matched-sar/raw/7A_branch_point_enantiomer_seed483271.pdbqt","209afe676acef514a2e2ebb032da6d0b8e8bb93bc2d3d13f62f3f757ef7ecaf7","ADMITTED_ADEQUATE","ADMITTED","61","61","6","false","10d81a9103a203c82092b5b603041c864787200cdec2fda477bfa847a9f7d103","BRANCH_POINT_ENANTIOMER_A:483271:model-15"
"BRANCH_POINT_ENANTIOMER_A:483271:model-16","BRANCH_POINT_ENANTIOMER_A","483271","16","/Users/yazan/totah-lab/research/mettl7-netarsudil-sam-mechanism/phase2-matched-sar/raw/7A_branch_point_enantiomer_seed483271.pdbqt","209afe676acef514a2e2ebb032da6d0b8e8bb93bc2d3d13f62f3f757ef7ecaf7","ADMITTED_ADEQUATE","ADMITTED","61","61","6","false","0b8dab1070038dabf7726e3ab659e2d9794c27c70cce2ccb9e6884ab0e7ce4ca","BRANCH_POINT_ENANTIOMER_A:483271:model-16"
"BRANCH_POINT_ENANTIOMER_A:483271:model-17","BRANCH_POINT_ENANTIOMER_A","483271","17","/Users/yazan/totah-lab/research/mettl7-netarsudil-sam-mechanism/phase2-matched-sar/raw/7A_branch_point_enantiomer_seed483271.pdbqt","209afe676acef514a2e2ebb032da6d0b8e8bb93bc2d3d13f62f3f757ef7ecaf7","ADMITTED_ADEQUATE","ADMITTED","61","61","7","false","90effb2009ca35ae52dc041bec17dff5dabb11b0d68ca071f3c6df77341bb78d","BRANCH_POINT_ENANTIOMER_A:483271:model-17"
"BRANCH_POINT_ENANTIOMER_A:483271:model-18","BRANCH_POINT_ENANTIOMER_A","483271","18","/Users/yazan/totah-lab/research/mettl7-netarsudil-sam-mechanism/phase2-matched-sar/raw/7A_branch_point_enantiomer_seed483271.pdbqt","209afe676acef514a2e2ebb032da6d0b8e8bb93bc2d3d13f62f3f757ef7ecaf7","ADMITTED_ADEQUATE","ADMITTED","61","61","4","false","53d8e8bb584d98f7ab22b3fb6b06e82150ec9c17ac9a5cc4f8265406ddcace56","BRANCH_POINT_ENANTIOMER_A:483271:model-18"
"BRANCH_POINT_ENANTIOMER_A:483271:model-19","BRANCH_POINT_ENANTIOMER_A","483271","19","/Users/yazan/totah-lab/research/mettl7-netarsudil-sam-mechanism/phase2-matched-sar/raw/7A_branch_point_enantiomer_seed483271.pdbqt","209afe676acef514a2e2ebb032da6d0b8e8bb93bc2d3d13f62f3f757ef7ecaf7","ADMITTED_ADEQUATE","ADMITTED","61","61","9","false","518796203d7ba4952420b61bd6ad8874b48d68b0ec77d06ab964a21965a267e7","BRANCH_POINT_ENANTIOMER_A:483271:model-19"
"BRANCH_POINT_ENANTIOMER_A:483271:model-2","BRANCH_POINT_ENANTIOMER_A","483271","2","/Users/yazan/totah-lab/research/mettl7-netarsudil-sam-mechanism/phase2-matched-sar/raw/7A_branch_point_enantiomer_seed483271.pdbqt","209afe676acef514a2e2ebb032da6d0b8e8bb93bc2d3d13f62f3f757ef7ecaf7","ADMITTED_ADEQUATE","ADMITTED","61","61","4","false","00d26499dead92a36a90cf48db6b1895b825b78121358f88b66a50fcd35636aa","BRANCH_POINT_ENANTIOMER_A:483271:model-2"
"BRANCH_POINT_ENANTIOMER_A:483271:model-20","BRANCH_POINT_ENANTIOMER_A","483271","20","/Users/yazan/totah-lab/research/mettl7-netarsudil-sam-mechanism/phase2-matched-sar/raw/7A_branch_point_enantiomer_seed483271.pdbqt","209afe676acef514a2e2ebb032da6d0b8e8bb93bc2d3d13f62f3f757ef7ecaf7","ADMITTED_ADEQUATE","ADMITTED","61","61","8","false","54e1ad503720796cf2c2a7424c5177c61e7b8f86cce146b0b17199cc81cd6224","BRANCH_POINT_ENANTIOMER_A:483271:model-20"
"BRANCH_POINT_ENANTIOMER_A:483271:model-3","BRANCH_POINT_ENANTIOMER_A","483271","3","/Users/yazan/totah-lab/research/mettl7-netarsudil-sam-mechanism/phase2-matched-sar/raw/7A_branch_point_enantiomer_seed483271.pdbqt","209afe676acef514a2e2ebb032da6d0b8e8bb93bc2d3d13f62f3f757ef7ecaf7","ADMITTED_ADEQUATE","ADMITTED","61","61","6","false","a94da770a5826e9418dcacbdbe9169416e54b5dbe7560a9747c2249e1bbcd1c4","BRANCH_POINT_ENANTIOMER_A:483271:model-3"
"BRANCH_POINT_ENANTIOMER_A:483271:model-4","BRANCH_POINT_ENANTIOMER_A","483271","4","/Users/yazan/totah-lab/research/mettl7-netarsudil-sam-mechanism/phase2-matched-sar/raw/7A_branch_point_enantiomer_seed483271.pdbqt","209afe676acef514a2e2ebb032da6d0b8e8bb93bc2d3d13f62f3f757ef7ecaf7","ADMITTED_ADEQUATE","ADMITTED","61","61","9","false","6d54329b552c2de433f05b9bb3f148bafce4d74b4b17b1ca3a724700b1b11b07","BRANCH_POINT_ENANTIOMER_A:483271:model-4"
"BRANCH_POINT_ENANTIOMER_A:483271:model-5","BRANCH_POINT_ENANTIOMER_A","483271","5","/Users/yazan/totah-lab/research/mettl7-netarsudil-sam-mechanism/phase2-matched-sar/raw/7A_branch_point_enantiomer_seed483271.pdbqt","209afe676acef514a2e2ebb032da6d0b8e8bb93bc2d3d13f62f3f757ef7ecaf7","ADMITTED_ADEQUATE","ADMITTED","61","61","6","false","8eb4ad22c0420bb53343726313ab92bea397d82abd670ef3587ff064cf8dce64","BRANCH_POINT_ENANTIOMER_A:483271:model-5"
"BRANCH_POINT_ENANTIOMER_A:483271:model-6","BRANCH_POINT_ENANTIOMER_A","483271","6","/Users/yazan/totah-lab/research/mettl7-netarsudil-sam-mechanism/phase2-matched-sar/raw/7A_branch_point_enantiomer_seed483271.pdbqt","209afe676acef514a2e2ebb032da6d0b8e8bb93bc2d3d13f62f3f757ef7ecaf7","ADMITTED_ADEQUATE","ADMITTED","61","61","7","false","2726bc12dc753bb01802552741ed42f726e559cbfd3242acc8b0bc3c4970bd83","BRANCH_POINT_ENANTIOMER_A:483271:model-6"
"BRANCH_POINT_ENANTIOMER_A:483271:model-7","BRANCH_POINT_ENANTIOMER_A","483271","7","/Users/yazan/totah-lab/research/mettl7-netarsudil-sam-mechanism/phase2-matched-sar/raw/7A_branch_point_enantiomer_seed483271.pdbqt","209afe676acef514a2e2ebb032da6d0b8e8bb93bc2d3d13f62f3f757ef7ecaf7","ADMITTED_ADEQUATE","ADMITTED","61","61","7","false","b27f9bef044b41857e376a7000a52031a2fa53b35246c8bc361d082c11399796","BRANCH_POINT_ENANTIOMER_A:483271:model-7"
"BRANCH_POINT_ENANTIOMER_A:483271:model-8","BRANCH_POINT_ENANTIOMER_A","483271","8","/Users/yazan/totah-lab/research/mettl7-netarsudil-sam-mechanism/phase2-matched-sar/raw/7A_branch_point_enantiomer_seed483271.pdbqt","209afe676acef514a2e2ebb032da6d0b8e8bb93bc2d3d13f62f3f757ef7ecaf7","ADMITTED_ADEQUATE","ADMITTED","61","61","5","false","fbc19297ab28ec1b02f00fb618f718263e0d3794f1c36c258d8b75f15cfbdf1c","BRANCH_POINT_ENANTIOMER_A:483271:model-8"
"BRANCH_POINT_ENANTIOMER_A:483271:model-9","BRANCH_POINT_ENANTIOMER_A","483271","9","/Users/yazan/totah-lab/research/mettl7-netarsudil-sam-mechanism/phase2-matched-sar/raw/7A_branch_point_enantiomer_seed483271.pdbqt","209afe676acef514a2e2ebb032da6d0b8e8bb93bc2d3d13f62f3f757ef7ecaf7","ADMITTED_ADEQUATE","ADMITTED","61","61","6","false","c425dad8e6648f9b18a98fb1b680e374e2504c35f8b96e89fce8cb9cb2a4c344","BRANCH_POINT_ENANTIOMER_A:483271:model-9"
"BRANCH_POINT_ENANTIOMER_A:806519:model-1","BRANCH_POINT_ENANTIOMER_A","806519","1","/Users/yazan/totah-lab/research/mettl7-netarsudil-sam-mechanism/phase2-matched-sar/raw/7A_branch_point_enantiomer_seed806519.pdbqt","115a6ff1e5c1b7b641ad3d2f63db052039b5e1589050870679f9183d36b27f49","ADMITTED_ADEQUATE","ADMITTED","61","61","6","false","2bdb9f2840fb2c06e2ff5cec160bc21c232013583ac37a8fe8374d17679f7c93","BRANCH_POINT_ENANTIOMER_A:806519:model-1"
"BRANCH_POINT_ENANTIOMER_A:806519:model-10","BRANCH_POINT_ENANTIOMER_A","806519","10","/Users/yazan/totah-lab/research/mettl7-netarsudil-sam-mechanism/phase2-matched-sar/raw/7A_branch_point_enantiomer_seed806519.pdbqt","115a6ff1e5c1b7b641ad3d2f63db052039b5e1589050870679f9183d36b27f49","ADMITTED_ADEQUATE","ADMITTED","61","61","6","false","97dcb72383e940d5191b35755ca30b70ed9520d8f5c3f1e9f5528e1d0a20b1cd","BRANCH_POINT_ENANTIOMER_A:806519:model-10"
"BRANCH_POINT_ENANTIOMER_A:806519:model-11","BRANCH_POINT_ENANTIOMER_A","806519","11","/Users/yazan/totah-lab/research/mettl7-netarsudil-sam-mechanism/phase2-matched-sar/raw/7A_branch_point_enantiomer_seed806519.pdbqt","115a6ff1e5c1b7b641ad3d2f63db052039b5e1589050870679f9183d36b27f49","ADMITTED_ADEQUATE","ADMITTED","61","61","7","false","f49e79f76d62ab372ed022b0c71559c99a03171f4941ac5ba7734d5d362e5b68","BRANCH_POINT_ENANTIOMER_A:806519:model-11"
"BRANCH_POINT_ENANTIOMER_A:806519:model-12","BRANCH_POINT_ENANTIOMER_A","806519","12","/Users/yazan/totah-lab/research/mettl7-netarsudil-sam-mechanism/phase2-matched-sar/raw/7A_branch_point_enantiomer_seed806519.pdbqt","115a6ff1e5c1b7b641ad3d2f63db052039b5e1589050870679f9183d36b27f49","ADMITTED_ADEQUATE","ADMITTED","61","61","7","false","2cc2be91695e90b2be7a179c9be187a3fa5cbbb3866601e17dbb273908b5ed41","BRANCH_POINT_ENANTIOMER_A:806519:model-12"
"BRANCH_POINT_ENANTIOMER_A:806519:model-13","BRANCH_POINT_ENANTIOMER_A","806519","13","/Users/yazan/totah-lab/research/mettl7-netarsudil-sam-mechanism/phase2-matched-sar/raw/7A_branch_point_enantiomer_seed806519.pdbqt","115a6ff1e5c1b7b641ad3d2f63db052039b5e1589050870679f9183d36b27f49","ADMITTED_ADEQUATE","ADMITTED","61","61","7","false","a80118842ef8dd7d392b3b81e34ad67b291ca205c65943e0199ef0c06f923a83","BRANCH_POINT_ENANTIOMER_A:806519:model-13"
"BRANCH_POINT_ENANTIOMER_A:806519:model-14","BRANCH_POINT_ENANTIOMER_A","806519","14","/Users/yazan/totah-lab/research/mettl7-netarsudil-sam-mechanism/phase2-matched-sar/raw/7A_branch_point_enantiomer_seed806519.pdbqt","115a6ff1e5c1b7b641ad3d2f63db052039b5e1589050870679f9183d36b27f49","ADMITTED_ADEQUATE","ADMITTED","61","61","5","false","f9fa6f7f658e3b6109c0a8ac21f9e3aceb3769c4ecb6c498fb489cb72d4235bc","BRANCH_POINT_ENANTIOMER_A:806519:model-14"
"BRANCH_POINT_ENANTIOMER_A:806519:model-15","BRANCH_POINT_ENANTIOMER_A","806519","15","/Users/yazan/totah-lab/research/mettl7-netarsudil-sam-mechanism/phase2-matched-sar/raw/7A_branch_point_enantiomer_seed806519.pdbqt","115a6ff1e5c1b7b641ad3d2f63db052039b5e1589050870679f9183d36b27f49","ADMITTED_ADEQUATE","ADMITTED","61","61","5","false","2d4cd65779fe4dced2af6485d67fb024da9efa3fd02ef9091dfa04e9a50f523f","BRANCH_POINT_ENANTIOMER_A:806519:model-15"
"BRANCH_POINT_ENANTIOMER_A:806519:model-16","BRANCH_POINT_ENANTIOMER_A","806519","16","/Users/yazan/totah-lab/research/mettl7-netarsudil-sam-mechanism/phase2-matched-sar/raw/7A_branch_point_enantiomer_seed806519.pdbqt","115a6ff1e5c1b7b641ad3d2f63db052039b5e1589050870679f9183d36b27f49","ADMITTED_ADEQUATE","ADMITTED","61","61","4","false","ef4c055c61888eae1c6c3f2f2538fa82151a77e1a75f70fde43d62642faf9081","BRANCH_POINT_ENANTIOMER_A:806519:model-16"
"BRANCH_POINT_ENANTIOMER_A:806519:model-17","BRANCH_POINT_ENANTIOMER_A","806519","17","/Users/yazan/totah-lab/research/mettl7-netarsudil-sam-mechanism/phase2-matched-sar/raw/7A_branch_point_enantiomer_seed806519.pdbqt","115a6ff1e5c1b7b641ad3d2f63db052039b5e1589050870679f9183d36b27f49","ADMITTED_ADEQUATE","ADMITTED","61","61","10","false","f039eade0d2f0b12fa32b1ce8d00ddf419679f4a8c3e2a5afc99ee309a82c27b","BRANCH_POINT_ENANTIOMER_A:806519:model-17"
"BRANCH_POINT_ENANTIOMER_A:806519:model-18","BRANCH_POINT_ENANTIOMER_A","806519","18","/Users/yazan/totah-lab/research/mettl7-netarsudil-sam-mechanism/phase2-matched-sar/raw/7A_branch_point_enantiomer_seed806519.pdbqt","115a6ff1e5c1b7b641ad3d2f63db052039b5e1589050870679f9183d36b27f49","ADMITTED_ADEQUATE","ADMITTED","61","61","7","false","dfd53c0b95d71f0a4deef28954f05bec682d44704d6d37ae375cdf7840ad9227","BRANCH_POINT_ENANTIOMER_A:806519:model-18"
"BRANCH_POINT_ENANTIOMER_A:806519:model-19","BRANCH_POINT_ENANTIOMER_A","806519","19","/Users/yazan/totah-lab/research/mettl7-netarsudil-sam-mechanism/phase2-matched-sar/raw/7A_branch_point_enantiomer_seed806519.pdbqt","115a6ff1e5c1b7b641ad3d2f63db052039b5e1589050870679f9183d36b27f49","ADMITTED_ADEQUATE","ADMITTED","61","61","3","false","401aa01f8c86e4e8e804eb6cc35b740ad387acd19712d88e04547f05c0ecf789","BRANCH_POINT_ENANTIOMER_A:806519:model-19"
"BRANCH_POINT_ENANTIOMER_A:806519:model-2","BRANCH_POINT_ENANTIOMER_A","806519","2","/Users/yazan/totah-lab/research/mettl7-netarsudil-sam-mechanism/phase2-matched-sar/raw/7A_branch_point_enantiomer_seed806519.pdbqt","115a6ff1e5c1b7b641ad3d2f63db052039b5e1589050870679f9183d36b27f49","ADMITTED_ADEQUATE","ADMITTED","61","61","6","false","d790727006426ef71e308a176a7d717a77419cf36cd23a321505d54782b8d413","BRANCH_POINT_ENANTIOMER_A:806519:model-2"
"BRANCH_POINT_ENANTIOMER_A:806519:model-20","BRANCH_POINT_ENANTIOMER_A","806519","20","/Users/yazan/totah-lab/research/mettl7-netarsudil-sam-mechanism/phase2-matched-sar/raw/7A_branch_point_enantiomer_seed806519.pdbqt","115a6ff1e5c1b7b641ad3d2f63db052039b5e1589050870679f9183d36b27f49","ADMITTED_ADEQUATE","ADMITTED","61","61","3","false","e488d8ca9dd670f5e6b2444fa2653277668ebeeee95de329d18770f6b9d3927c","BRANCH_POINT_ENANTIOMER_A:806519:model-20"
"BRANCH_POINT_ENANTIOMER_A:806519:model-3","BRANCH_POINT_ENANTIOMER_A","806519","3","/Users/yazan/totah-lab/research/mettl7-netarsudil-sam-mechanism/phase2-matched-sar/raw/7A_branch_point_enantiomer_seed806519.pdbqt","115a6ff1e5c1b7b641ad3d2f63db052039b5e1589050870679f9183d36b27f49","ADMITTED_ADEQUATE","ADMITTED","61","61","5","false","85cb98833ae5faf434c4a6178d4efc8fe84639162b9a4a67f785a07927321b33","BRANCH_POINT_ENANTIOMER_A:806519:model-3"
"BRANCH_POINT_ENANTIOMER_A:806519:model-4","BRANCH_POINT_ENANTIOMER_A","806519","4","/Users/yazan/totah-lab/research/mettl7-netarsudil-sam-mechanism/phase2-matched-sar/raw/7A_branch_point_enantiomer_seed806519.pdbqt","115a6ff1e5c1b7b641ad3d2f63db052039b5e1589050870679f9183d36b27f49","ADMITTED_ADEQUATE","ADMITTED","61","61","7","false","b6c8e97e60acfb5d1ff736a1185836d9e931a2f70d8cfed95b23458b434acdb1","BRANCH_POINT_ENANTIOMER_A:806519:model-4"
"BRANCH_POINT_ENANTIOMER_A:806519:model-5","BRANCH_POINT_ENANTIOMER_A","806519","5","/Users/yazan/totah-lab/research/mettl7-netarsudil-sam-mechanism/phase2-matched-sar/raw/7A_branch_point_enantiomer_seed806519.pdbqt","115a6ff1e5c1b7b641ad3d2f63db052039b5e1589050870679f9183d36b27f49","ADMITTED_ADEQUATE","ADMITTED","61","61","4","false","d7773189fb08165325d537fb13688a0a484efea8b7904e9e333a6155768bab39","BRANCH_POINT_ENANTIOMER_A:806519:model-5"
"BRANCH_POINT_ENANTIOMER_A:806519:model-6","BRANCH_POINT_ENANTIOMER_A","806519","6","/Users/yazan/totah-lab/research/mettl7-netarsudil-sam-mechanism/phase2-matched-sar/raw/7A_branch_point_enantiomer_seed806519.pdbqt","115a6ff1e5c1b7b641ad3d2f63db052039b5e1589050870679f9183d36b27f49","ADMITTED_ADEQUATE","ADMITTED","61","61","9","false","1e54d9c665f463e192575e561e288a55b97b4f8a2ecb7823d9d51e61b7911a67","BRANCH_POINT_ENANTIOMER_A:806519:model-6"
"BRANCH_POINT_ENANTIOMER_A:806519:model-7","BRANCH_POINT_ENANTIOMER_A","806519","7","/Users/yazan/totah-lab/research/mettl7-netarsudil-sam-mechanism/phase2-matched-sar/raw/7A_branch_point_enantiomer_seed806519.pdbqt","115a6ff1e5c1b7b641ad3d2f63db052039b5e1589050870679f9183d36b27f49","ADMITTED_ADEQUATE","ADMITTED","61","61","5","false","7c626a833e62c9737f9076bb2c24d1c25955a630204f1f27cc64ddef5a86d26b","BRANCH_POINT_ENANTIOMER_A:806519:model-7"
"BRANCH_POINT_ENANTIOMER_A:806519:model-8","BRANCH_POINT_ENANTIOMER_A","806519","8","/Users/yazan/totah-lab/research/mettl7-netarsudil-sam-mechanism/phase2-matched-sar/raw/7A_branch_point_enantiomer_seed806519.pdbqt","115a6ff1e5c1b7b641ad3d2f63db052039b5e1589050870679f9183d36b27f49","ADMITTED_ADEQUATE","ADMITTED","61","61","6","false","90dd454001df53da21fe32d29fe30a7e4c66f8cf3fc94e0ae06cd2f4ab587afd","BRANCH_POINT_ENANTIOMER_A:806519:model-8"
"BRANCH_POINT_ENANTIOMER_A:806519:model-9","BRANCH_POINT_ENANTIOMER_A","806519","9","/Users/yazan/totah-lab/research/mettl7-netarsudil-sam-mechanism/phase2-matched-sar/raw/7A_branch_point_enantiomer_seed806519.pdbqt","115a6ff1e5c1b7b641ad3d2f63db052039b5e1589050870679f9183d36b27f49","ADMITTED_ADEQUATE","ADMITTED","61","61","5","false","d9559cc47027f10a300fc64e0eea3559b211060277b6ceb347964133da75d9ef","BRANCH_POINT_ENANTIOMER_A:806519:model-9"
"BRANCH_POINT_ENANTIOMER_B:172904:model-1","BRANCH_POINT_ENANTIOMER_B","172904","1","/Users/yazan/totah-lab/research/mettl7-netarsudil-sam-mechanism/phase2-matched-sar/raw/7B_branch_point_enantiomer_seed172904.pdbqt","5eae3d81ab794a7f9bbb2043bb29da6930c10531e96dba948eaf528108ac5875","ADMITTED_ADEQUATE","ADMITTED","61","61","3","false","ec01c1355eb1b693f20c8b7a76e621394b23dfa5a27744a9828d3fa64bf4fe7b","BRANCH_POINT_ENANTIOMER_B:172904:model-1"
"BRANCH_POINT_ENANTIOMER_B:172904:model-10","BRANCH_POINT_ENANTIOMER_B","172904","10","/Users/yazan/totah-lab/research/mettl7-netarsudil-sam-mechanism/phase2-matched-sar/raw/7B_branch_point_enantiomer_seed172904.pdbqt","5eae3d81ab794a7f9bbb2043bb29da6930c10531e96dba948eaf528108ac5875","ADMITTED_ADEQUATE","ADMITTED","61","61","7","false","3cf1967045a142cf3489ff69e0b11ffcd5218c6e876109bfb682917bf02b9abe","BRANCH_POINT_ENANTIOMER_B:172904:model-10"
"BRANCH_POINT_ENANTIOMER_B:172904:model-11","BRANCH_POINT_ENANTIOMER_B","172904","11","/Users/yazan/totah-lab/research/mettl7-netarsudil-sam-mechanism/phase2-matched-sar/raw/7B_branch_point_enantiomer_seed172904.pdbqt","5eae3d81ab794a7f9bbb2043bb29da6930c10531e96dba948eaf528108ac5875","ADMITTED_ADEQUATE","ADMITTED","61","61","5","false","3678a14a42e0709ea03b202c178ee596a0bbe86f9b901f44d232901a6409bf87","BRANCH_POINT_ENANTIOMER_B:172904:model-11"
"BRANCH_POINT_ENANTIOMER_B:172904:model-12","BRANCH_POINT_ENANTIOMER_B","172904","12","/Users/yazan/totah-lab/research/mettl7-netarsudil-sam-mechanism/phase2-matched-sar/raw/7B_branch_point_enantiomer_seed172904.pdbqt","5eae3d81ab794a7f9bbb2043bb29da6930c10531e96dba948eaf528108ac5875","ADMITTED_ADEQUATE","ADMITTED","61","61","4","false","23c54c040372b6660776799c07e2d7d06af5a6d846514f841c04d88404c1065f","BRANCH_POINT_ENANTIOMER_B:172904:model-12"
"BRANCH_POINT_ENANTIOMER_B:172904:model-13","BRANCH_POINT_ENANTIOMER_B","172904","13","/Users/yazan/totah-lab/research/mettl7-netarsudil-sam-mechanism/phase2-matched-sar/raw/7B_branch_point_enantiomer_seed172904.pdbqt","5eae3d81ab794a7f9bbb2043bb29da6930c10531e96dba948eaf528108ac5875","ADMITTED_ADEQUATE","ADMITTED","61","61","4","false","fd5b6605934b622741d6fc36f22baa606ffc0488054f6f5a6f94dd40ecb1ed40","BRANCH_POINT_ENANTIOMER_B:172904:model-13"
"BRANCH_POINT_ENANTIOMER_B:172904:model-14","BRANCH_POINT_ENANTIOMER_B","172904","14","/Users/yazan/totah-lab/research/mettl7-netarsudil-sam-mechanism/phase2-matched-sar/raw/7B_branch_point_enantiomer_seed172904.pdbqt","5eae3d81ab794a7f9bbb2043bb29da6930c10531e96dba948eaf528108ac5875","ADMITTED_ADEQUATE","ADMITTED","61","61","4","false","fd6bc2953076c06f09d4d53468bcb694120a7aa87b36cf0e544528797fa88797","BRANCH_POINT_ENANTIOMER_B:172904:model-14"
"BRANCH_POINT_ENANTIOMER_B:172904:model-15","BRANCH_POINT_ENANTIOMER_B","172904","15","/Users/yazan/totah-lab/research/mettl7-netarsudil-sam-mechanism/phase2-matched-sar/raw/7B_branch_point_enantiomer_seed172904.pdbqt","5eae3d81ab794a7f9bbb2043bb29da6930c10531e96dba948eaf528108ac5875","ADMITTED_ADEQUATE","ADMITTED","61","61","4","false","d4a54bfb1bccb80d5e76b1632f894e28f89b67beea5860684efa1e3d4b439a4d","BRANCH_POINT_ENANTIOMER_B:172904:model-15"
"BRANCH_POINT_ENANTIOMER_B:172904:model-16","BRANCH_POINT_ENANTIOMER_B","172904","16","/Users/yazan/totah-lab/research/mettl7-netarsudil-sam-mechanism/phase2-matched-sar/raw/7B_branch_point_enantiomer_seed172904.pdbqt","5eae3d81ab794a7f9bbb2043bb29da6930c10531e96dba948eaf528108ac5875","ADMITTED_ADEQUATE","ADMITTED","61","61","5","false","3dcf686e3eab570f19b04ca3966e979eca5227e1a3defcccd4a98181f6101d41","BRANCH_POINT_ENANTIOMER_B:172904:model-16"
"BRANCH_POINT_ENANTIOMER_B:172904:model-17","BRANCH_POINT_ENANTIOMER_B","172904","17","/Users/yazan/totah-lab/research/mettl7-netarsudil-sam-mechanism/phase2-matched-sar/raw/7B_branch_point_enantiomer_seed172904.pdbqt","5eae3d81ab794a7f9bbb2043bb29da6930c10531e96dba948eaf528108ac5875","ADMITTED_ADEQUATE","ADMITTED","61","61","4","false","46921e1f7df65fd3427e51420e86313c538e6daa81b3181d9a9e7401a190e925","BRANCH_POINT_ENANTIOMER_B:172904:model-17"
"BRANCH_POINT_ENANTIOMER_B:172904:model-18","BRANCH_POINT_ENANTIOMER_B","172904","18","/Users/yazan/totah-lab/research/mettl7-netarsudil-sam-mechanism/phase2-matched-sar/raw/7B_branch_point_enantiomer_seed172904.pdbqt","5eae3d81ab794a7f9bbb2043bb29da6930c10531e96dba948eaf528108ac5875","ADMITTED_ADEQUATE","ADMITTED","61","61","3","false","9ba8532ecadc33f154ddf76658300ce287d8bdeb1afb29d07d95e28510f7c562","BRANCH_POINT_ENANTIOMER_B:172904:model-18"
"BRANCH_POINT_ENANTIOMER_B:172904:model-19","BRANCH_POINT_ENANTIOMER_B","172904","19","/Users/yazan/totah-lab/research/mettl7-netarsudil-sam-mechanism/phase2-matched-sar/raw/7B_branch_point_enantiomer_seed172904.pdbqt","5eae3d81ab794a7f9bbb2043bb29da6930c10531e96dba948eaf528108ac5875","ADMITTED_ADEQUATE","ADMITTED","61","61","1","false","8744eab16eca2b1a942cb7b8bc01927d920961272e8cf7779add91795630f3c0","BRANCH_POINT_ENANTIOMER_B:172904:model-19"
"BRANCH_POINT_ENANTIOMER_B:172904:model-2","BRANCH_POINT_ENANTIOMER_B","172904","2","/Users/yazan/totah-lab/research/mettl7-netarsudil-sam-mechanism/phase2-matched-sar/raw/7B_branch_point_enantiomer_seed172904.pdbqt","5eae3d81ab794a7f9bbb2043bb29da6930c10531e96dba948eaf528108ac5875","ADMITTED_ADEQUATE","ADMITTED","61","61","4","false","e07a007881218333ce3d6dcaeb058b2080a6277c66baa4cfc9621e66576aa597","BRANCH_POINT_ENANTIOMER_B:172904:model-2"
"BRANCH_POINT_ENANTIOMER_B:172904:model-20","BRANCH_POINT_ENANTIOMER_B","172904","20","/Users/yazan/totah-lab/research/mettl7-netarsudil-sam-mechanism/phase2-matched-sar/raw/7B_branch_point_enantiomer_seed172904.pdbqt","5eae3d81ab794a7f9bbb2043bb29da6930c10531e96dba948eaf528108ac5875","ADMITTED_ADEQUATE","ADMITTED","61","61","1","false","2d10d5b4a0809202944e9d07329dee9e2fc99ef45eb27b04434243c5eb116f42","BRANCH_POINT_ENANTIOMER_B:172904:model-20"
"BRANCH_POINT_ENANTIOMER_B:172904:model-3","BRANCH_POINT_ENANTIOMER_B","172904","3","/Users/yazan/totah-lab/research/mettl7-netarsudil-sam-mechanism/phase2-matched-sar/raw/7B_branch_point_enantiomer_seed172904.pdbqt","5eae3d81ab794a7f9bbb2043bb29da6930c10531e96dba948eaf528108ac5875","ADMITTED_ADEQUATE","ADMITTED","61","61","4","false","9944e579fae3c100547c96cfdaed9b7360b50bc8533692446930a7ffb5564879","BRANCH_POINT_ENANTIOMER_B:172904:model-3"
"BRANCH_POINT_ENANTIOMER_B:172904:model-4","BRANCH_POINT_ENANTIOMER_B","172904","4","/Users/yazan/totah-lab/research/mettl7-netarsudil-sam-mechanism/phase2-matched-sar/raw/7B_branch_point_enantiomer_seed172904.pdbqt","5eae3d81ab794a7f9bbb2043bb29da6930c10531e96dba948eaf528108ac5875","ADMITTED_ADEQUATE","ADMITTED","61","61","5","false","cb5d206b9e5656c48030ebd099c0c6b26719e6414085e43a81cac4357343ef4d","BRANCH_POINT_ENANTIOMER_B:172904:model-4"
"BRANCH_POINT_ENANTIOMER_B:172904:model-5","BRANCH_POINT_ENANTIOMER_B","172904","5","/Users/yazan/totah-lab/research/mettl7-netarsudil-sam-mechanism/phase2-matched-sar/raw/7B_branch_point_enantiomer_seed172904.pdbqt","5eae3d81ab794a7f9bbb2043bb29da6930c10531e96dba948eaf528108ac5875","ADMITTED_ADEQUATE","ADMITTED","61","61","5","false","7aa9d427417b95d570d980257a629986ddab6c75e8b1b36c76f572ca7aa0da31","BRANCH_POINT_ENANTIOMER_B:172904:model-5"
"BRANCH_POINT_ENANTIOMER_B:172904:model-6","BRANCH_POINT_ENANTIOMER_B","172904","6","/Users/yazan/totah-lab/research/mettl7-netarsudil-sam-mechanism/phase2-matched-sar/raw/7B_branch_point_enantiomer_seed172904.pdbqt","5eae3d81ab794a7f9bbb2043bb29da6930c10531e96dba948eaf528108ac5875","ADMITTED_ADEQUATE","ADMITTED","61","61","4","false","922b6d9aa3c0f882ff6535edc1ade4e45d1ed326f41307f1b4691f81ba2704a4","BRANCH_POINT_ENANTIOMER_B:172904:model-6"
"BRANCH_POINT_ENANTIOMER_B:172904:model-7","BRANCH_POINT_ENANTIOMER_B","172904","7","/Users/yazan/totah-lab/research/mettl7-netarsudil-sam-mechanism/phase2-matched-sar/raw/7B_branch_point_enantiomer_seed172904.pdbqt","5eae3d81ab794a7f9bbb2043bb29da6930c10531e96dba948eaf528108ac5875","ADMITTED_ADEQUATE","ADMITTED","61","61","5","false","0f184db1e73eb37656478d6b1d4624e2d460cf1e91445af3c58dab1737686c63","BRANCH_POINT_ENANTIOMER_B:172904:model-7"
"BRANCH_POINT_ENANTIOMER_B:172904:model-8","BRANCH_POINT_ENANTIOMER_B","172904","8","/Users/yazan/totah-lab/research/mettl7-netarsudil-sam-mechanism/phase2-matched-sar/raw/7B_branch_point_enantiomer_seed172904.pdbqt","5eae3d81ab794a7f9bbb2043bb29da6930c10531e96dba948eaf528108ac5875","ADMITTED_ADEQUATE","ADMITTED","61","61","5","false","eaee83f6941ab053e6039879ca34575567f5b4fa2df9798f6366b6a2d44dff4a","BRANCH_POINT_ENANTIOMER_B:172904:model-8"
"BRANCH_POINT_ENANTIOMER_B:172904:model-9","BRANCH_POINT_ENANTIOMER_B","172904","9","/Users/yazan/totah-lab/research/mettl7-netarsudil-sam-mechanism/phase2-matched-sar/raw/7B_branch_point_enantiomer_seed172904.pdbqt","5eae3d81ab794a7f9bbb2043bb29da6930c10531e96dba948eaf528108ac5875","ADMITTED_ADEQUATE","ADMITTED","61","61","6","false","aa1a0a44bbc5f98396f0919daa58b6488cdbac11e1250eeb90f79a16942c17d2","BRANCH_POINT_ENANTIOMER_B:172904:model-9"
"BRANCH_POINT_ENANTIOMER_B:483271:model-1","BRANCH_POINT_ENANTIOMER_B","483271","1","/Users/yazan/totah-lab/research/mettl7-netarsudil-sam-mechanism/phase2-matched-sar/raw/7B_branch_point_enantiomer_seed483271.pdbqt","640f4daab4007c9361e2724d1b989d10e6c46549820151f4caf41d2118d784e5","ADMITTED_ADEQUATE","ADMITTED","61","61","4","false","0450e111a7d3a2760f168eb20ded428a8901b4907465eb3543aa2873ee372747","BRANCH_POINT_ENANTIOMER_B:483271:model-1"
"BRANCH_POINT_ENANTIOMER_B:483271:model-10","BRANCH_POINT_ENANTIOMER_B","483271","10","/Users/yazan/totah-lab/research/mettl7-netarsudil-sam-mechanism/phase2-matched-sar/raw/7B_branch_point_enantiomer_seed483271.pdbqt","640f4daab4007c9361e2724d1b989d10e6c46549820151f4caf41d2118d784e5","ADMITTED_ADEQUATE","ADMITTED","61","61","3","false","a18c14f3e01e510c29d0e33dabd00ed37886b32b2e115fd7f5f049a2e41f4c47","BRANCH_POINT_ENANTIOMER_B:483271:model-10"
"BRANCH_POINT_ENANTIOMER_B:483271:model-11","BRANCH_POINT_ENANTIOMER_B","483271","11","/Users/yazan/totah-lab/research/mettl7-netarsudil-sam-mechanism/phase2-matched-sar/raw/7B_branch_point_enantiomer_seed483271.pdbqt","640f4daab4007c9361e2724d1b989d10e6c46549820151f4caf41d2118d784e5","ADMITTED_ADEQUATE","ADMITTED","61","61","4","false","c56d6e559c9a313f707b06cac306d7d74406e5d6ecea52bc7a4b9afeb43b3f5b","BRANCH_POINT_ENANTIOMER_B:483271:model-11"
"BRANCH_POINT_ENANTIOMER_B:483271:model-12","BRANCH_POINT_ENANTIOMER_B","483271","12","/Users/yazan/totah-lab/research/mettl7-netarsudil-sam-mechanism/phase2-matched-sar/raw/7B_branch_point_enantiomer_seed483271.pdbqt","640f4daab4007c9361e2724d1b989d10e6c46549820151f4caf41d2118d784e5","ADMITTED_ADEQUATE","ADMITTED","61","61","6","false","1cd27970b09251744a9ef82b268db0aee4a94c4074d264110afc964d755e404f","BRANCH_POINT_ENANTIOMER_B:483271:model-12"
"BRANCH_POINT_ENANTIOMER_B:483271:model-13","BRANCH_POINT_ENANTIOMER_B","483271","13","/Users/yazan/totah-lab/research/mettl7-netarsudil-sam-mechanism/phase2-matched-sar/raw/7B_branch_point_enantiomer_seed483271.pdbqt","640f4daab4007c9361e2724d1b989d10e6c46549820151f4caf41d2118d784e5","ADMITTED_ADEQUATE","ADMITTED","61","61","2","false","d941ba877b36d60034e23d5e8ef8336b85230a96203ea84fee53d83ec2cae9b6","BRANCH_POINT_ENANTIOMER_B:483271:model-13"
"BRANCH_POINT_ENANTIOMER_B:483271:model-14","BRANCH_POINT_ENANTIOMER_B","483271","14","/Users/yazan/totah-lab/research/mettl7-netarsudil-sam-mechanism/phase2-matched-sar/raw/7B_branch_point_enantiomer_seed483271.pdbqt","640f4daab4007c9361e2724d1b989d10e6c46549820151f4caf41d2118d784e5","ADMITTED_ADEQUATE","ADMITTED","61","61","5","false","9787e1bc44eff1dd5b0e29d2bbc0d2726e96cd3feb22741a6452b3a5224d7c3d","BRANCH_POINT_ENANTIOMER_B:483271:model-14"
"BRANCH_POINT_ENANTIOMER_B:483271:model-15","BRANCH_POINT_ENANTIOMER_B","483271","15","/Users/yazan/totah-lab/research/mettl7-netarsudil-sam-mechanism/phase2-matched-sar/raw/7B_branch_point_enantiomer_seed483271.pdbqt","640f4daab4007c9361e2724d1b989d10e6c46549820151f4caf41d2118d784e5","ADMITTED_ADEQUATE","ADMITTED","61","61","5","false","05662a5576131cf587dfaeb10d9d8712fde3c6c30fdbc5754c829d6f24eb0c19","BRANCH_POINT_ENANTIOMER_B:483271:model-15"
"BRANCH_POINT_ENANTIOMER_B:483271:model-16","BRANCH_POINT_ENANTIOMER_B","483271","16","/Users/yazan/totah-lab/research/mettl7-netarsudil-sam-mechanism/phase2-matched-sar/raw/7B_branch_point_enantiomer_seed483271.pdbqt","640f4daab4007c9361e2724d1b989d10e6c46549820151f4caf41d2118d784e5","ADMITTED_ADEQUATE","ADMITTED","61","61","1","false","9c4901123a36cab4540cc1d85713d7734d38222c83ae07bc0b2c2f29b0459493","BRANCH_POINT_ENANTIOMER_B:483271:model-16"
"BRANCH_POINT_ENANTIOMER_B:483271:model-17","BRANCH_POINT_ENANTIOMER_B","483271","17","/Users/yazan/totah-lab/research/mettl7-netarsudil-sam-mechanism/phase2-matched-sar/raw/7B_branch_point_enantiomer_seed483271.pdbqt","640f4daab4007c9361e2724d1b989d10e6c46549820151f4caf41d2118d784e5","ADMITTED_ADEQUATE","ADMITTED","61","61","4","false","2c602a0fbf4c4aec46d66d1385f1d97885ad4a764041f04051d034de9006198e","BRANCH_POINT_ENANTIOMER_B:483271:model-17"
"BRANCH_POINT_ENANTIOMER_B:483271:model-18","BRANCH_POINT_ENANTIOMER_B","483271","18","/Users/yazan/totah-lab/research/mettl7-netarsudil-sam-mechanism/phase2-matched-sar/raw/7B_branch_point_enantiomer_seed483271.pdbqt","640f4daab4007c9361e2724d1b989d10e6c46549820151f4caf41d2118d784e5","ADMITTED_ADEQUATE","ADMITTED","61","61","2","false","fe9300a09d539fa8514c87f2fee62447bdfa02a913e878993d80dc5cde4575a2","BRANCH_POINT_ENANTIOMER_B:483271:model-18"
"BRANCH_POINT_ENANTIOMER_B:483271:model-19","BRANCH_POINT_ENANTIOMER_B","483271","19","/Users/yazan/totah-lab/research/mettl7-netarsudil-sam-mechanism/phase2-matched-sar/raw/7B_branch_point_enantiomer_seed483271.pdbqt","640f4daab4007c9361e2724d1b989d10e6c46549820151f4caf41d2118d784e5","ADMITTED_ADEQUATE","ADMITTED","61","61","3","false","68286c1ce38cdeb193c5322a47f98b894a61d3a6189437ad61422a4ff523f384","BRANCH_POINT_ENANTIOMER_B:483271:model-19"
"BRANCH_POINT_ENANTIOMER_B:483271:model-2","BRANCH_POINT_ENANTIOMER_B","483271","2","/Users/yazan/totah-lab/research/mettl7-netarsudil-sam-mechanism/phase2-matched-sar/raw/7B_branch_point_enantiomer_seed483271.pdbqt","640f4daab4007c9361e2724d1b989d10e6c46549820151f4caf41d2118d784e5","ADMITTED_ADEQUATE","ADMITTED","61","61","4","false","89cb9adb0587a52f1bb581e6101232964868da46bfa6d04f84227a1acf9072b9","BRANCH_POINT_ENANTIOMER_B:483271:model-2"
"BRANCH_POINT_ENANTIOMER_B:483271:model-20","BRANCH_POINT_ENANTIOMER_B","483271","20","/Users/yazan/totah-lab/research/mettl7-netarsudil-sam-mechanism/phase2-matched-sar/raw/7B_branch_point_enantiomer_seed483271.pdbqt","640f4daab4007c9361e2724d1b989d10e6c46549820151f4caf41d2118d784e5","ADMITTED_ADEQUATE","ADMITTED","61","61","4","false","7dced67a5b66b373fa7e27cce1066f31787d9b020217bbb01a1fe13220ebd1c8","BRANCH_POINT_ENANTIOMER_B:483271:model-20"
"BRANCH_POINT_ENANTIOMER_B:483271:model-3","BRANCH_POINT_ENANTIOMER_B","483271","3","/Users/yazan/totah-lab/research/mettl7-netarsudil-sam-mechanism/phase2-matched-sar/raw/7B_branch_point_enantiomer_seed483271.pdbqt","640f4daab4007c9361e2724d1b989d10e6c46549820151f4caf41d2118d784e5","ADMITTED_ADEQUATE","ADMITTED","61","61","3","false","186b7225d8f761a3e904b22a23945acd44d7f9dab7eee2fe9ea462c34e8297e4","BRANCH_POINT_ENANTIOMER_B:483271:model-3"
"BRANCH_POINT_ENANTIOMER_B:483271:model-4","BRANCH_POINT_ENANTIOMER_B","483271","4","/Users/yazan/totah-lab/research/mettl7-netarsudil-sam-mechanism/phase2-matched-sar/raw/7B_branch_point_enantiomer_seed483271.pdbqt","640f4daab4007c9361e2724d1b989d10e6c46549820151f4caf41d2118d784e5","ADMITTED_ADEQUATE","ADMITTED","61","61","3","false","903b9f017bf65e3d1076f53109da6ff517690a9b71d0cd3dc3e933d6d374636c","BRANCH_POINT_ENANTIOMER_B:483271:model-4"
"BRANCH_POINT_ENANTIOMER_B:483271:model-5","BRANCH_POINT_ENANTIOMER_B","483271","5","/Users/yazan/totah-lab/research/mettl7-netarsudil-sam-mechanism/phase2-matched-sar/raw/7B_branch_point_enantiomer_seed483271.pdbqt","640f4daab4007c9361e2724d1b989d10e6c46549820151f4caf41d2118d784e5","ADMITTED_ADEQUATE","ADMITTED","61","61","4","false","6d437d5f52692af161fde7659e50b7c37a009f3d05ecc1368408bb228e103047","BRANCH_POINT_ENANTIOMER_B:483271:model-5"
"BRANCH_POINT_ENANTIOMER_B:483271:model-6","BRANCH_POINT_ENANTIOMER_B","483271","6","/Users/yazan/totah-lab/research/mettl7-netarsudil-sam-mechanism/phase2-matched-sar/raw/7B_branch_point_enantiomer_seed483271.pdbqt","640f4daab4007c9361e2724d1b989d10e6c46549820151f4caf41d2118d784e5","ADMITTED_ADEQUATE","ADMITTED","61","61","4","false","2db2ba82bc1304d2336e2aeef747ec7d99bafb396a997a6966d2da901d4fbea4","BRANCH_POINT_ENANTIOMER_B:483271:model-6"
"BRANCH_POINT_ENANTIOMER_B:483271:model-7","BRANCH_POINT_ENANTIOMER_B","483271","7","/Users/yazan/totah-lab/research/mettl7-netarsudil-sam-mechanism/phase2-matched-sar/raw/7B_branch_point_enantiomer_seed483271.pdbqt","640f4daab4007c9361e2724d1b989d10e6c46549820151f4caf41d2118d784e5","ADMITTED_ADEQUATE","ADMITTED","61","61","5","false","f019f20bf7913f871bef7be598d849c1e6f8bdac548d670c6309065d86063506","BRANCH_POINT_ENANTIOMER_B:483271:model-7"
"BRANCH_POINT_ENANTIOMER_B:483271:model-8","BRANCH_POINT_ENANTIOMER_B","483271","8","/Users/yazan/totah-lab/research/mettl7-netarsudil-sam-mechanism/phase2-matched-sar/raw/7B_branch_point_enantiomer_seed483271.pdbqt","640f4daab4007c9361e2724d1b989d10e6c46549820151f4caf41d2118d784e5","ADMITTED_ADEQUATE","ADMITTED","61","61","8","false","2c3dda8347de289d986b2b4201540d0a62b134e83b147bd4bb6eb01b2c53e815","BRANCH_POINT_ENANTIOMER_B:483271:model-8"
"BRANCH_POINT_ENANTIOMER_B:483271:model-9","BRANCH_POINT_ENANTIOMER_B","483271","9","/Users/yazan/totah-lab/research/mettl7-netarsudil-sam-mechanism/phase2-matched-sar/raw/7B_branch_point_enantiomer_seed483271.pdbqt","640f4daab4007c9361e2724d1b989d10e6c46549820151f4caf41d2118d784e5","ADMITTED_ADEQUATE","ADMITTED","61","61","8","false","75d008150fa3a3693695a0407cf2a0e2aa01ed36db29b051f702b27005cf56b3","BRANCH_POINT_ENANTIOMER_B:483271:model-9"
"BRANCH_POINT_ENANTIOMER_B:806519:model-1","BRANCH_POINT_ENANTIOMER_B","806519","1","/Users/yazan/totah-lab/research/mettl7-netarsudil-sam-mechanism/phase2-matched-sar/raw/7B_branch_point_enantiomer_seed806519.pdbqt","270ad6fc4e5321d4f0565c6dd14eaac1055a6851f8ed357ce7d6d8e4a60cd241","ADMITTED_ADEQUATE","ADMITTED","61","61","4","false","eca40350d0c9bc85e62f7a42a82a40928d80cba33c3eb23518ea780a9584e916","BRANCH_POINT_ENANTIOMER_B:806519:model-1"
"BRANCH_POINT_ENANTIOMER_B:806519:model-10","BRANCH_POINT_ENANTIOMER_B","806519","10","/Users/yazan/totah-lab/research/mettl7-netarsudil-sam-mechanism/phase2-matched-sar/raw/7B_branch_point_enantiomer_seed806519.pdbqt","270ad6fc4e5321d4f0565c6dd14eaac1055a6851f8ed357ce7d6d8e4a60cd241","ADMITTED_ADEQUATE","ADMITTED","61","61","8","false","e75bc69a3b2bbba66c4589529bbc4b507e15a03f365cfc1c794671da883c1609","BRANCH_POINT_ENANTIOMER_B:806519:model-10"
"BRANCH_POINT_ENANTIOMER_B:806519:model-11","BRANCH_POINT_ENANTIOMER_B","806519","11","/Users/yazan/totah-lab/research/mettl7-netarsudil-sam-mechanism/phase2-matched-sar/raw/7B_branch_point_enantiomer_seed806519.pdbqt","270ad6fc4e5321d4f0565c6dd14eaac1055a6851f8ed357ce7d6d8e4a60cd241","ADMITTED_ADEQUATE","ADMITTED","61","61","3","false","930ee544f05b10747fdb46ea84d1e2401e3ec72cf688fa6a1fe2db72594044fc","BRANCH_POINT_ENANTIOMER_B:806519:model-11"
"BRANCH_POINT_ENANTIOMER_B:806519:model-12","BRANCH_POINT_ENANTIOMER_B","806519","12","/Users/yazan/totah-lab/research/mettl7-netarsudil-sam-mechanism/phase2-matched-sar/raw/7B_branch_point_enantiomer_seed806519.pdbqt","270ad6fc4e5321d4f0565c6dd14eaac1055a6851f8ed357ce7d6d8e4a60cd241","ADMITTED_ADEQUATE","ADMITTED","61","61","5","false","45e04c2499cdf1d97bab1275e88dbe3a3cb25387acc5558871b4e7707fd5e33c","BRANCH_POINT_ENANTIOMER_B:806519:model-12"
"BRANCH_POINT_ENANTIOMER_B:806519:model-13","BRANCH_POINT_ENANTIOMER_B","806519","13","/Users/yazan/totah-lab/research/mettl7-netarsudil-sam-mechanism/phase2-matched-sar/raw/7B_branch_point_enantiomer_seed806519.pdbqt","270ad6fc4e5321d4f0565c6dd14eaac1055a6851f8ed357ce7d6d8e4a60cd241","ADMITTED_ADEQUATE","ADMITTED","61","61","4","false","acdb67c9bcfbb782cba66382b24036ce2c5fc4503ee3d4511ab543b963db3005","BRANCH_POINT_ENANTIOMER_B:806519:model-13"
"BRANCH_POINT_ENANTIOMER_B:806519:model-14","BRANCH_POINT_ENANTIOMER_B","806519","14","/Users/yazan/totah-lab/research/mettl7-netarsudil-sam-mechanism/phase2-matched-sar/raw/7B_branch_point_enantiomer_seed806519.pdbqt","270ad6fc4e5321d4f0565c6dd14eaac1055a6851f8ed357ce7d6d8e4a60cd241","ADMITTED_ADEQUATE","ADMITTED","61","61","3","false","77fa208927a4f2d19fe274f11fc8c2ec569e37b00b8f6f4ca3e72076aecda0c7","BRANCH_POINT_ENANTIOMER_B:806519:model-14"
"BRANCH_POINT_ENANTIOMER_B:806519:model-15","BRANCH_POINT_ENANTIOMER_B","806519","15","/Users/yazan/totah-lab/research/mettl7-netarsudil-sam-mechanism/phase2-matched-sar/raw/7B_branch_point_enantiomer_seed806519.pdbqt","270ad6fc4e5321d4f0565c6dd14eaac1055a6851f8ed357ce7d6d8e4a60cd241","ADMITTED_ADEQUATE","ADMITTED","61","61","4","false","c44e2377788fcb0014aa53f70ef806d70aee0178151010b0543ce2714146d59d","BRANCH_POINT_ENANTIOMER_B:806519:model-15"
"BRANCH_POINT_ENANTIOMER_B:806519:model-16","BRANCH_POINT_ENANTIOMER_B","806519","16","/Users/yazan/totah-lab/research/mettl7-netarsudil-sam-mechanism/phase2-matched-sar/raw/7B_branch_point_enantiomer_seed806519.pdbqt","270ad6fc4e5321d4f0565c6dd14eaac1055a6851f8ed357ce7d6d8e4a60cd241","ADMITTED_ADEQUATE","ADMITTED","61","61","2","false","fcb46ffa764f09dd132aa6abaa2c8295dda286025cb098998d36113c36679183","BRANCH_POINT_ENANTIOMER_B:806519:model-16"
"BRANCH_POINT_ENANTIOMER_B:806519:model-17","BRANCH_POINT_ENANTIOMER_B","806519","17","/Users/yazan/totah-lab/research/mettl7-netarsudil-sam-mechanism/phase2-matched-sar/raw/7B_branch_point_enantiomer_seed806519.pdbqt","270ad6fc4e5321d4f0565c6dd14eaac1055a6851f8ed357ce7d6d8e4a60cd241","ADMITTED_ADEQUATE","ADMITTED","61","61","5","false","9b70e0360ac5e0298ad1beb555606af1b9095e0e39cfed6f1c847442cfb70c4f","BRANCH_POINT_ENANTIOMER_B:806519:model-17"
"BRANCH_POINT_ENANTIOMER_B:806519:model-18","BRANCH_POINT_ENANTIOMER_B","806519","18","/Users/yazan/totah-lab/research/mettl7-netarsudil-sam-mechanism/phase2-matched-sar/raw/7B_branch_point_enantiomer_seed806519.pdbqt","270ad6fc4e5321d4f0565c6dd14eaac1055a6851f8ed357ce7d6d8e4a60cd241","ADMITTED_ADEQUATE","ADMITTED","61","61","5","false","4d5a1a02ad27efe2d621fe7ede5ee646cdb26266acc8875a41c9791e864f2e2a","BRANCH_POINT_ENANTIOMER_B:806519:model-18"
"BRANCH_POINT_ENANTIOMER_B:806519:model-19","BRANCH_POINT_ENANTIOMER_B","806519","19","/Users/yazan/totah-lab/research/mettl7-netarsudil-sam-mechanism/phase2-matched-sar/raw/7B_branch_point_enantiomer_seed806519.pdbqt","270ad6fc4e5321d4f0565c6dd14eaac1055a6851f8ed357ce7d6d8e4a60cd241","ADMITTED_ADEQUATE","ADMITTED","61","61","3","false","3ceb5f59fd6738530ef80ee165496fed0b11c436d6efe5825f98fe27ae819dc2","BRANCH_POINT_ENANTIOMER_B:806519:model-19"
"BRANCH_POINT_ENANTIOMER_B:806519:model-2","BRANCH_POINT_ENANTIOMER_B","806519","2","/Users/yazan/totah-lab/research/mettl7-netarsudil-sam-mechanism/phase2-matched-sar/raw/7B_branch_point_enantiomer_seed806519.pdbqt","270ad6fc4e5321d4f0565c6dd14eaac1055a6851f8ed357ce7d6d8e4a60cd241","ADMITTED_ADEQUATE","ADMITTED","61","61","4","false","1d5ffa80d48e1fe06edbb010097c5d7a10d408b69eb07a92c42edbad91929355","BRANCH_POINT_ENANTIOMER_B:806519:model-2"
"BRANCH_POINT_ENANTIOMER_B:806519:model-20","BRANCH_POINT_ENANTIOMER_B","806519","20","/Users/yazan/totah-lab/research/mettl7-netarsudil-sam-mechanism/phase2-matched-sar/raw/7B_branch_point_enantiomer_seed806519.pdbqt","270ad6fc4e5321d4f0565c6dd14eaac1055a6851f8ed357ce7d6d8e4a60cd241","ADMITTED_ADEQUATE","ADMITTED","61","61","3","false","d7d916d84ee2b4f2ee090fb6aa07dadc93c05ef8f4c98a4930dfa5c17560ba6f","BRANCH_POINT_ENANTIOMER_B:806519:model-20"
"BRANCH_POINT_ENANTIOMER_B:806519:model-3","BRANCH_POINT_ENANTIOMER_B","806519","3","/Users/yazan/totah-lab/research/mettl7-netarsudil-sam-mechanism/phase2-matched-sar/raw/7B_branch_point_enantiomer_seed806519.pdbqt","270ad6fc4e5321d4f0565c6dd14eaac1055a6851f8ed357ce7d6d8e4a60cd241","ADMITTED_ADEQUATE","ADMITTED","61","61","3","false","28f5a04893838c3cbb938dbab98e173c70ad57b27ff8511c033f7f2bfd35c29c","BRANCH_POINT_ENANTIOMER_B:806519:model-3"
"BRANCH_POINT_ENANTIOMER_B:806519:model-4","BRANCH_POINT_ENANTIOMER_B","806519","4","/Users/yazan/totah-lab/research/mettl7-netarsudil-sam-mechanism/phase2-matched-sar/raw/7B_branch_point_enantiomer_seed806519.pdbqt","270ad6fc4e5321d4f0565c6dd14eaac1055a6851f8ed357ce7d6d8e4a60cd241","ADMITTED_ADEQUATE","ADMITTED","61","61","5","false","970e33a20fba1b0a7bef7d47b4ff201f0fcc78ddb5cf10b93a3f41678acd60c9","BRANCH_POINT_ENANTIOMER_B:806519:model-4"
"BRANCH_POINT_ENANTIOMER_B:806519:model-5","BRANCH_POINT_ENANTIOMER_B","806519","5","/Users/yazan/totah-lab/research/mettl7-netarsudil-sam-mechanism/phase2-matched-sar/raw/7B_branch_point_enantiomer_seed806519.pdbqt","270ad6fc4e5321d4f0565c6dd14eaac1055a6851f8ed357ce7d6d8e4a60cd241","ADMITTED_ADEQUATE","ADMITTED","61","61","4","false","cc633ded3a551a5773d1f10b93071cc4f8c58aee68d7a6207147d4c480cfb77d","BRANCH_POINT_ENANTIOMER_B:806519:model-5"
"BRANCH_POINT_ENANTIOMER_B:806519:model-6","BRANCH_POINT_ENANTIOMER_B","806519","6","/Users/yazan/totah-lab/research/mettl7-netarsudil-sam-mechanism/phase2-matched-sar/raw/7B_branch_point_enantiomer_seed806519.pdbqt","270ad6fc4e5321d4f0565c6dd14eaac1055a6851f8ed357ce7d6d8e4a60cd241","ADMITTED_ADEQUATE","ADMITTED","61","61","4","false","3628f6465ddfec32e9c9de08e70b7a978bc2b01cabe37cc94aeba996ddcba44a","BRANCH_POINT_ENANTIOMER_B:806519:model-6"
"BRANCH_POINT_ENANTIOMER_B:806519:model-7","BRANCH_POINT_ENANTIOMER_B","806519","7","/Users/yazan/totah-lab/research/mettl7-netarsudil-sam-mechanism/phase2-matched-sar/raw/7B_branch_point_enantiomer_seed806519.pdbqt","270ad6fc4e5321d4f0565c6dd14eaac1055a6851f8ed357ce7d6d8e4a60cd241","ADMITTED_ADEQUATE","ADMITTED","61","61","5","false","8f34ed5ff18127dbedaf08f47b604dd41894cc24f1243d9be8153ea0858fe11e","BRANCH_POINT_ENANTIOMER_B:806519:model-7"
"BRANCH_POINT_ENANTIOMER_B:806519:model-8","BRANCH_POINT_ENANTIOMER_B","806519","8","/Users/yazan/totah-lab/research/mettl7-netarsudil-sam-mechanism/phase2-matched-sar/raw/7B_branch_point_enantiomer_seed806519.pdbqt","270ad6fc4e5321d4f0565c6dd14eaac1055a6851f8ed357ce7d6d8e4a60cd241","ADMITTED_ADEQUATE","ADMITTED","61","61","8","false","3ffe4af27c2b621edbda1ec02757a43115187377fd0ceb1a546ca695c8334f48","BRANCH_POINT_ENANTIOMER_B:806519:model-8"
"BRANCH_POINT_ENANTIOMER_B:806519:model-9","BRANCH_POINT_ENANTIOMER_B","806519","9","/Users/yazan/totah-lab/research/mettl7-netarsudil-sam-mechanism/phase2-matched-sar/raw/7B_branch_point_enantiomer_seed806519.pdbqt","270ad6fc4e5321d4f0565c6dd14eaac1055a6851f8ed357ce7d6d8e4a60cd241","ADMITTED_ADEQUATE","ADMITTED","61","61","4","false","41bb1770f416da7166558d696902babd8b2eba6dc476c35403fda87bdf444cc8","BRANCH_POINT_ENANTIOMER_B:806519:model-9"
"DES_ORTHO_METHYL_A:172904:model-1","DES_ORTHO_METHYL_A","172904","1","/Users/yazan/totah-lab/research/mettl7-netarsudil-sam-mechanism/phase2-matched-sar/raw/7A_des_ortho_methyl_seed172904.pdbqt","f4c784b99d618f834bf88e9ccfefa7b5d453f15ccc6756bbe67e22d9e6fef181","ADMITTED_ADEQUATE","ADMITTED","58","58","5","false","da9dcf2e71d3b80a5c6cd12e6b6635bd22fd53706dc6661cd6918b6b38fcb750","DES_ORTHO_METHYL_A:172904:model-1"
"DES_ORTHO_METHYL_A:172904:model-10","DES_ORTHO_METHYL_A","172904","10","/Users/yazan/totah-lab/research/mettl7-netarsudil-sam-mechanism/phase2-matched-sar/raw/7A_des_ortho_methyl_seed172904.pdbqt","f4c784b99d618f834bf88e9ccfefa7b5d453f15ccc6756bbe67e22d9e6fef181","ADMITTED_ADEQUATE","ADMITTED","58","58","4","false","48bd75fbc080df8dd22322b0e1391e240c7abca46c1fec556fdf9581c5a87f89","DES_ORTHO_METHYL_A:172904:model-10"
"DES_ORTHO_METHYL_A:172904:model-11","DES_ORTHO_METHYL_A","172904","11","/Users/yazan/totah-lab/research/mettl7-netarsudil-sam-mechanism/phase2-matched-sar/raw/7A_des_ortho_methyl_seed172904.pdbqt","f4c784b99d618f834bf88e9ccfefa7b5d453f15ccc6756bbe67e22d9e6fef181","ADMITTED_ADEQUATE","ADMITTED","58","58","6","false","d646150416976ec3753efb96f6e2cefc188d5ad9f8caa4dddc3c68ffbf90e15c","DES_ORTHO_METHYL_A:172904:model-11"
"DES_ORTHO_METHYL_A:172904:model-12","DES_ORTHO_METHYL_A","172904","12","/Users/yazan/totah-lab/research/mettl7-netarsudil-sam-mechanism/phase2-matched-sar/raw/7A_des_ortho_methyl_seed172904.pdbqt","f4c784b99d618f834bf88e9ccfefa7b5d453f15ccc6756bbe67e22d9e6fef181","ADMITTED_ADEQUATE","ADMITTED","58","58","6","false","725c7140be0a4a79b92d1efb99c4c9b3379ff98d817dd82c16f719d95709692e","DES_ORTHO_METHYL_A:172904:model-12"
"DES_ORTHO_METHYL_A:172904:model-13","DES_ORTHO_METHYL_A","172904","13","/Users/yazan/totah-lab/research/mettl7-netarsudil-sam-mechanism/phase2-matched-sar/raw/7A_des_ortho_methyl_seed172904.pdbqt","f4c784b99d618f834bf88e9ccfefa7b5d453f15ccc6756bbe67e22d9e6fef181","ADMITTED_ADEQUATE","ADMITTED","58","58","6","false","b4b72474c7a3764c6e1044fdff288570b2059e06f9970583a5677d5b365121a9","DES_ORTHO_METHYL_A:172904:model-13"
"DES_ORTHO_METHYL_A:172904:model-14","DES_ORTHO_METHYL_A","172904","14","/Users/yazan/totah-lab/research/mettl7-netarsudil-sam-mechanism/phase2-matched-sar/raw/7A_des_ortho_methyl_seed172904.pdbqt","f4c784b99d618f834bf88e9ccfefa7b5d453f15ccc6756bbe67e22d9e6fef181","ADMITTED_ADEQUATE","ADMITTED","58","58","9","false","9f3f5982a16d49a77c38b8a11be2f8f595ec55c870ad81a822671dcebef58868","DES_ORTHO_METHYL_A:172904:model-14"
"DES_ORTHO_METHYL_A:172904:model-15","DES_ORTHO_METHYL_A","172904","15","/Users/yazan/totah-lab/research/mettl7-netarsudil-sam-mechanism/phase2-matched-sar/raw/7A_des_ortho_methyl_seed172904.pdbqt","f4c784b99d618f834bf88e9ccfefa7b5d453f15ccc6756bbe67e22d9e6fef181","ADMITTED_ADEQUATE","ADMITTED","58","58","7","false","3098896640b136dff4783d6dfaad34ffcfcd1f1f6b714e377390f8a2f4677d3a","DES_ORTHO_METHYL_A:172904:model-15"
"DES_ORTHO_METHYL_A:172904:model-16","DES_ORTHO_METHYL_A","172904","16","/Users/yazan/totah-lab/research/mettl7-netarsudil-sam-mechanism/phase2-matched-sar/raw/7A_des_ortho_methyl_seed172904.pdbqt","f4c784b99d618f834bf88e9ccfefa7b5d453f15ccc6756bbe67e22d9e6fef181","ADMITTED_ADEQUATE","ADMITTED","58","58","5","false","57a07a17f4c70d40a18c7cf996d71b75aa34ed980cd1ba281d5107c17e9b2758","DES_ORTHO_METHYL_A:172904:model-16"
"DES_ORTHO_METHYL_A:172904:model-17","DES_ORTHO_METHYL_A","172904","17","/Users/yazan/totah-lab/research/mettl7-netarsudil-sam-mechanism/phase2-matched-sar/raw/7A_des_ortho_methyl_seed172904.pdbqt","f4c784b99d618f834bf88e9ccfefa7b5d453f15ccc6756bbe67e22d9e6fef181","ADMITTED_ADEQUATE","ADMITTED","58","58","5","false","1f5330ad60ba7c203c0394a3b749ca0caa51ff38c89079dab4c04dfddf962169","DES_ORTHO_METHYL_A:172904:model-17"
"DES_ORTHO_METHYL_A:172904:model-18","DES_ORTHO_METHYL_A","172904","18","/Users/yazan/totah-lab/research/mettl7-netarsudil-sam-mechanism/phase2-matched-sar/raw/7A_des_ortho_methyl_seed172904.pdbqt","f4c784b99d618f834bf88e9ccfefa7b5d453f15ccc6756bbe67e22d9e6fef181","ADMITTED_ADEQUATE","ADMITTED","58","58","5","false","67f34f797a0569f3b175120fe8d06c0708b97c551d6ade4bfcdd3076f4422fd9","DES_ORTHO_METHYL_A:172904:model-18"
"DES_ORTHO_METHYL_A:172904:model-19","DES_ORTHO_METHYL_A","172904","19","/Users/yazan/totah-lab/research/mettl7-netarsudil-sam-mechanism/phase2-matched-sar/raw/7A_des_ortho_methyl_seed172904.pdbqt","f4c784b99d618f834bf88e9ccfefa7b5d453f15ccc6756bbe67e22d9e6fef181","ADMITTED_ADEQUATE","ADMITTED","58","58","6","false","31c404192d09340afb18149ce43d33074f567bad9af60ecfa230f0a76dce51dc","DES_ORTHO_METHYL_A:172904:model-19"
"DES_ORTHO_METHYL_A:172904:model-2","DES_ORTHO_METHYL_A","172904","2","/Users/yazan/totah-lab/research/mettl7-netarsudil-sam-mechanism/phase2-matched-sar/raw/7A_des_ortho_methyl_seed172904.pdbqt","f4c784b99d618f834bf88e9ccfefa7b5d453f15ccc6756bbe67e22d9e6fef181","ADMITTED_ADEQUATE","ADMITTED","58","58","8","false","f6a35c820f92e9b0c48d0636af952023c519ada58c3999503c6f2af8fd92b74c","DES_ORTHO_METHYL_A:172904:model-2"
"DES_ORTHO_METHYL_A:172904:model-20","DES_ORTHO_METHYL_A","172904","20","/Users/yazan/totah-lab/research/mettl7-netarsudil-sam-mechanism/phase2-matched-sar/raw/7A_des_ortho_methyl_seed172904.pdbqt","f4c784b99d618f834bf88e9ccfefa7b5d453f15ccc6756bbe67e22d9e6fef181","ADMITTED_ADEQUATE","ADMITTED","58","58","4","false","625f8e3083e8bd70336ccf4c5dee858edfc6dc4cb50f17eb85a123df0e96b6b1","DES_ORTHO_METHYL_A:172904:model-20"
"DES_ORTHO_METHYL_A:172904:model-3","DES_ORTHO_METHYL_A","172904","3","/Users/yazan/totah-lab/research/mettl7-netarsudil-sam-mechanism/phase2-matched-sar/raw/7A_des_ortho_methyl_seed172904.pdbqt","f4c784b99d618f834bf88e9ccfefa7b5d453f15ccc6756bbe67e22d9e6fef181","ADMITTED_ADEQUATE","ADMITTED","58","58","5","false","8a737597c58f78d04f46c1ec6c1bf0d441a8ee34f1b01d1a827b7be8456d5766","DES_ORTHO_METHYL_A:172904:model-3"
"DES_ORTHO_METHYL_A:172904:model-4","DES_ORTHO_METHYL_A","172904","4","/Users/yazan/totah-lab/research/mettl7-netarsudil-sam-mechanism/phase2-matched-sar/raw/7A_des_ortho_methyl_seed172904.pdbqt","f4c784b99d618f834bf88e9ccfefa7b5d453f15ccc6756bbe67e22d9e6fef181","ADMITTED_ADEQUATE","ADMITTED","58","58","5","false","ad6a9a7c68c782836e2c004ecaef54d5cf515b62bd379ae6897f19fd35cbb52a","DES_ORTHO_METHYL_A:172904:model-4"
"DES_ORTHO_METHYL_A:172904:model-5","DES_ORTHO_METHYL_A","172904","5","/Users/yazan/totah-lab/research/mettl7-netarsudil-sam-mechanism/phase2-matched-sar/raw/7A_des_ortho_methyl_seed172904.pdbqt","f4c784b99d618f834bf88e9ccfefa7b5d453f15ccc6756bbe67e22d9e6fef181","ADMITTED_ADEQUATE","ADMITTED","58","58","7","false","78ac3cc0c264c15abcabbacfa066513d2d8ca70b78cc8c5d00b0a121a0e7b622","DES_ORTHO_METHYL_A:172904:model-5"
"DES_ORTHO_METHYL_A:172904:model-6","DES_ORTHO_METHYL_A","172904","6","/Users/yazan/totah-lab/research/mettl7-netarsudil-sam-mechanism/phase2-matched-sar/raw/7A_des_ortho_methyl_seed172904.pdbqt","f4c784b99d618f834bf88e9ccfefa7b5d453f15ccc6756bbe67e22d9e6fef181","ADMITTED_ADEQUATE","ADMITTED","58","58","5","false","cf4a10825c5d5d4469bdd3656db8b5fd0ab7459647c5a9196e451bbe514e1628","DES_ORTHO_METHYL_A:172904:model-6"
"DES_ORTHO_METHYL_A:172904:model-7","DES_ORTHO_METHYL_A","172904","7","/Users/yazan/totah-lab/research/mettl7-netarsudil-sam-mechanism/phase2-matched-sar/raw/7A_des_ortho_methyl_seed172904.pdbqt","f4c784b99d618f834bf88e9ccfefa7b5d453f15ccc6756bbe67e22d9e6fef181","ADMITTED_ADEQUATE","ADMITTED","58","58","6","false","06f292bc9f1e93966fd03b1ab51f7f8c6d829c00a6123b46aa69d77fcfd27a84","DES_ORTHO_METHYL_A:172904:model-7"
"DES_ORTHO_METHYL_A:172904:model-8","DES_ORTHO_METHYL_A","172904","8","/Users/yazan/totah-lab/research/mettl7-netarsudil-sam-mechanism/phase2-matched-sar/raw/7A_des_ortho_methyl_seed172904.pdbqt","f4c784b99d618f834bf88e9ccfefa7b5d453f15ccc6756bbe67e22d9e6fef181","ADMITTED_ADEQUATE","ADMITTED","58","58","5","false","8dfa6cef912730b973e6dbd0b7204056f8cb94c57c69d01b79eee4795b7079d1","DES_ORTHO_METHYL_A:172904:model-8"
"DES_ORTHO_METHYL_A:172904:model-9","DES_ORTHO_METHYL_A","172904","9","/Users/yazan/totah-lab/research/mettl7-netarsudil-sam-mechanism/phase2-matched-sar/raw/7A_des_ortho_methyl_seed172904.pdbqt","f4c784b99d618f834bf88e9ccfefa7b5d453f15ccc6756bbe67e22d9e6fef181","ADMITTED_ADEQUATE","ADMITTED","58","58","5","false","f70edfb75251fb81d138379249489734eaa77ed6b5df8b6bd26d2ec33a3186ef","DES_ORTHO_METHYL_A:172904:model-9"
"DES_ORTHO_METHYL_A:483271:model-1","DES_ORTHO_METHYL_A","483271","1","/Users/yazan/totah-lab/research/mettl7-netarsudil-sam-mechanism/phase2-matched-sar/raw/7A_des_ortho_methyl_seed483271.pdbqt","fb050c703d6480eef2233bdf73727402a7c19cf134eaee1e9ec979795e3259fe","ADMITTED_ADEQUATE","ADMITTED","58","58","6","false","49239da5273f4f3c29f7ddd11c94a4e30f07d8e7cfcf27aea03837dc6a47bfcd","DES_ORTHO_METHYL_A:483271:model-1"
"DES_ORTHO_METHYL_A:483271:model-10","DES_ORTHO_METHYL_A","483271","10","/Users/yazan/totah-lab/research/mettl7-netarsudil-sam-mechanism/phase2-matched-sar/raw/7A_des_ortho_methyl_seed483271.pdbqt","fb050c703d6480eef2233bdf73727402a7c19cf134eaee1e9ec979795e3259fe","ADMITTED_ADEQUATE","ADMITTED","58","58","7","false","7f905e0a81b69873fc535850ee4446a6eeb94fe9e1d8b7c55774b8e24e260c0d","DES_ORTHO_METHYL_A:483271:model-10"
"DES_ORTHO_METHYL_A:483271:model-11","DES_ORTHO_METHYL_A","483271","11","/Users/yazan/totah-lab/research/mettl7-netarsudil-sam-mechanism/phase2-matched-sar/raw/7A_des_ortho_methyl_seed483271.pdbqt","fb050c703d6480eef2233bdf73727402a7c19cf134eaee1e9ec979795e3259fe","ADMITTED_ADEQUATE","ADMITTED","58","58","6","false","dd4b7009978e493f0f2efa88055ce42e51e5ae8665ca5770661ccf5ad7bf2177","DES_ORTHO_METHYL_A:483271:model-11"
"DES_ORTHO_METHYL_A:483271:model-12","DES_ORTHO_METHYL_A","483271","12","/Users/yazan/totah-lab/research/mettl7-netarsudil-sam-mechanism/phase2-matched-sar/raw/7A_des_ortho_methyl_seed483271.pdbqt","fb050c703d6480eef2233bdf73727402a7c19cf134eaee1e9ec979795e3259fe","ADMITTED_ADEQUATE","ADMITTED","58","58","5","false","ecdf2baf8a85e6fac3fc49a134602933eec1a5c10a6cc07dc3afb8085a6558a7","DES_ORTHO_METHYL_A:483271:model-12"
"DES_ORTHO_METHYL_A:483271:model-13","DES_ORTHO_METHYL_A","483271","13","/Users/yazan/totah-lab/research/mettl7-netarsudil-sam-mechanism/phase2-matched-sar/raw/7A_des_ortho_methyl_seed483271.pdbqt","fb050c703d6480eef2233bdf73727402a7c19cf134eaee1e9ec979795e3259fe","ADMITTED_ADEQUATE","ADMITTED","58","58","6","false","746931cfa6d6a99e2b91b374101b8c6ca5b285abf38c69a3591c07903746cf9c","DES_ORTHO_METHYL_A:483271:model-13"
"DES_ORTHO_METHYL_A:483271:model-14","DES_ORTHO_METHYL_A","483271","14","/Users/yazan/totah-lab/research/mettl7-netarsudil-sam-mechanism/phase2-matched-sar/raw/7A_des_ortho_methyl_seed483271.pdbqt","fb050c703d6480eef2233bdf73727402a7c19cf134eaee1e9ec979795e3259fe","ADMITTED_ADEQUATE","ADMITTED","58","58","4","false","6bf86fe88066313cabe0d856d5c4f7995afba4b1e03227464ae1070a27531530","DES_ORTHO_METHYL_A:483271:model-14"
"DES_ORTHO_METHYL_A:483271:model-15","DES_ORTHO_METHYL_A","483271","15","/Users/yazan/totah-lab/research/mettl7-netarsudil-sam-mechanism/phase2-matched-sar/raw/7A_des_ortho_methyl_seed483271.pdbqt","fb050c703d6480eef2233bdf73727402a7c19cf134eaee1e9ec979795e3259fe","ADMITTED_ADEQUATE","ADMITTED","58","58","2","false","899e31ae518819b462d450bf443a03d8a165c3143c14a397b33a2c5fc144772a","DES_ORTHO_METHYL_A:483271:model-15"
"DES_ORTHO_METHYL_A:483271:model-16","DES_ORTHO_METHYL_A","483271","16","/Users/yazan/totah-lab/research/mettl7-netarsudil-sam-mechanism/phase2-matched-sar/raw/7A_des_ortho_methyl_seed483271.pdbqt","fb050c703d6480eef2233bdf73727402a7c19cf134eaee1e9ec979795e3259fe","ADMITTED_ADEQUATE","ADMITTED","58","58","4","false","18d509adb00c3b7c5f98af0806a8e7f9a8ae227b3a7026442c478ff7dc35a029","DES_ORTHO_METHYL_A:483271:model-16"
"DES_ORTHO_METHYL_A:483271:model-17","DES_ORTHO_METHYL_A","483271","17","/Users/yazan/totah-lab/research/mettl7-netarsudil-sam-mechanism/phase2-matched-sar/raw/7A_des_ortho_methyl_seed483271.pdbqt","fb050c703d6480eef2233bdf73727402a7c19cf134eaee1e9ec979795e3259fe","ADMITTED_ADEQUATE","ADMITTED","58","58","5","false","8bbc4f22f2c67240599df4110b81de4b04ebca5f6d7067c8147b5f20f5edbece","DES_ORTHO_METHYL_A:483271:model-17"
"DES_ORTHO_METHYL_A:483271:model-18","DES_ORTHO_METHYL_A","483271","18","/Users/yazan/totah-lab/research/mettl7-netarsudil-sam-mechanism/phase2-matched-sar/raw/7A_des_ortho_methyl_seed483271.pdbqt","fb050c703d6480eef2233bdf73727402a7c19cf134eaee1e9ec979795e3259fe","ADMITTED_ADEQUATE","ADMITTED","58","58","5","false","333de55379636afa73c4acc20720c2a26334706e30f15f18782174c81937296b","DES_ORTHO_METHYL_A:483271:model-18"
"DES_ORTHO_METHYL_A:483271:model-19","DES_ORTHO_METHYL_A","483271","19","/Users/yazan/totah-lab/research/mettl7-netarsudil-sam-mechanism/phase2-matched-sar/raw/7A_des_ortho_methyl_seed483271.pdbqt","fb050c703d6480eef2233bdf73727402a7c19cf134eaee1e9ec979795e3259fe","ADMITTED_ADEQUATE","ADMITTED","58","58","6","false","ec39a7c1876f5d4db08d6823fb56bfb1e025531a1385ce3d784da133f501c6cb","DES_ORTHO_METHYL_A:483271:model-19"
"DES_ORTHO_METHYL_A:483271:model-2","DES_ORTHO_METHYL_A","483271","2","/Users/yazan/totah-lab/research/mettl7-netarsudil-sam-mechanism/phase2-matched-sar/raw/7A_des_ortho_methyl_seed483271.pdbqt","fb050c703d6480eef2233bdf73727402a7c19cf134eaee1e9ec979795e3259fe","ADMITTED_ADEQUATE","ADMITTED","58","58","7","false","38ab715148a900e540d77be0fcd339b55b89f4c061546cb9646011ff13e9bf50","DES_ORTHO_METHYL_A:483271:model-2"
"DES_ORTHO_METHYL_A:483271:model-20","DES_ORTHO_METHYL_A","483271","20","/Users/yazan/totah-lab/research/mettl7-netarsudil-sam-mechanism/phase2-matched-sar/raw/7A_des_ortho_methyl_seed483271.pdbqt","fb050c703d6480eef2233bdf73727402a7c19cf134eaee1e9ec979795e3259fe","ADMITTED_ADEQUATE","ADMITTED","58","58","4","false","59a854bd24e5df6180053c5725242e74f450d12c11473a3149bc892f24544c50","DES_ORTHO_METHYL_A:483271:model-20"
"DES_ORTHO_METHYL_A:483271:model-3","DES_ORTHO_METHYL_A","483271","3","/Users/yazan/totah-lab/research/mettl7-netarsudil-sam-mechanism/phase2-matched-sar/raw/7A_des_ortho_methyl_seed483271.pdbqt","fb050c703d6480eef2233bdf73727402a7c19cf134eaee1e9ec979795e3259fe","ADMITTED_ADEQUATE","ADMITTED","58","58","5","false","7d8c67a1a3b98e4ff7b3e5ce64f52ba59a376eb27c53e311e7d0c66dbc9ad18e","DES_ORTHO_METHYL_A:483271:model-3"
"DES_ORTHO_METHYL_A:483271:model-4","DES_ORTHO_METHYL_A","483271","4","/Users/yazan/totah-lab/research/mettl7-netarsudil-sam-mechanism/phase2-matched-sar/raw/7A_des_ortho_methyl_seed483271.pdbqt","fb050c703d6480eef2233bdf73727402a7c19cf134eaee1e9ec979795e3259fe","ADMITTED_ADEQUATE","ADMITTED","58","58","7","false","0624a95a2a87c818c9798517e7d7795b51cc091444e4ac51318dc342132dd1fb","DES_ORTHO_METHYL_A:483271:model-4"
"DES_ORTHO_METHYL_A:483271:model-5","DES_ORTHO_METHYL_A","483271","5","/Users/yazan/totah-lab/research/mettl7-netarsudil-sam-mechanism/phase2-matched-sar/raw/7A_des_ortho_methyl_seed483271.pdbqt","fb050c703d6480eef2233bdf73727402a7c19cf134eaee1e9ec979795e3259fe","ADMITTED_ADEQUATE","ADMITTED","58","58","4","false","91b414e9edeb9c99e2bea8b8684276b28c1415ab720a183077e21aeb270b2b60","DES_ORTHO_METHYL_A:483271:model-5"
"DES_ORTHO_METHYL_A:483271:model-6","DES_ORTHO_METHYL_A","483271","6","/Users/yazan/totah-lab/research/mettl7-netarsudil-sam-mechanism/phase2-matched-sar/raw/7A_des_ortho_methyl_seed483271.pdbqt","fb050c703d6480eef2233bdf73727402a7c19cf134eaee1e9ec979795e3259fe","ADMITTED_ADEQUATE","ADMITTED","58","58","5","false","dd996ed58d34695a117fb600fd3a7156259edb4375b24faf10e296c4b84aa910","DES_ORTHO_METHYL_A:483271:model-6"
"DES_ORTHO_METHYL_A:483271:model-7","DES_ORTHO_METHYL_A","483271","7","/Users/yazan/totah-lab/research/mettl7-netarsudil-sam-mechanism/phase2-matched-sar/raw/7A_des_ortho_methyl_seed483271.pdbqt","fb050c703d6480eef2233bdf73727402a7c19cf134eaee1e9ec979795e3259fe","ADMITTED_ADEQUATE","ADMITTED","58","58","7","false","85bbe8f1d6e94f6d13f6441300bd9350fa0401b07008ff68907ae9fe14a78404","DES_ORTHO_METHYL_A:483271:model-7"
"DES_ORTHO_METHYL_A:483271:model-8","DES_ORTHO_METHYL_A","483271","8","/Users/yazan/totah-lab/research/mettl7-netarsudil-sam-mechanism/phase2-matched-sar/raw/7A_des_ortho_methyl_seed483271.pdbqt","fb050c703d6480eef2233bdf73727402a7c19cf134eaee1e9ec979795e3259fe","ADMITTED_ADEQUATE","ADMITTED","58","58","7","false","c219a4c80c7ea85fd9625ddf10665b2f7d71cb442d8c07339861fcdb21ad2bdd","DES_ORTHO_METHYL_A:483271:model-8"
"DES_ORTHO_METHYL_A:483271:model-9","DES_ORTHO_METHYL_A","483271","9","/Users/yazan/totah-lab/research/mettl7-netarsudil-sam-mechanism/phase2-matched-sar/raw/7A_des_ortho_methyl_seed483271.pdbqt","fb050c703d6480eef2233bdf73727402a7c19cf134eaee1e9ec979795e3259fe","ADMITTED_ADEQUATE","ADMITTED","58","58","8","false","1f2cdf0893e9acf47b84fe04c34abf483ed0d322ae2c58aed6398bb76c1a9cc4","DES_ORTHO_METHYL_A:483271:model-9"
"DES_ORTHO_METHYL_A:806519:model-1","DES_ORTHO_METHYL_A","806519","1","/Users/yazan/totah-lab/research/mettl7-netarsudil-sam-mechanism/phase2-matched-sar/raw/7A_des_ortho_methyl_seed806519.pdbqt","b5bb6e54773875a9975a6ebc778dc625b22a95011036adf6c3c134642a28ea6d","ADMITTED_ADEQUATE","ADMITTED","58","58","6","false","16fbf86f8fe6026e78e60f9d5a34f27fd859591426a676484aa2eac8b07a5b14","DES_ORTHO_METHYL_A:806519:model-1"
"DES_ORTHO_METHYL_A:806519:model-10","DES_ORTHO_METHYL_A","806519","10","/Users/yazan/totah-lab/research/mettl7-netarsudil-sam-mechanism/phase2-matched-sar/raw/7A_des_ortho_methyl_seed806519.pdbqt","b5bb6e54773875a9975a6ebc778dc625b22a95011036adf6c3c134642a28ea6d","ADMITTED_ADEQUATE","ADMITTED","58","58","5","false","dcf378094451fd4c1acc9f7dd08cca6df712f4e24367fbd57f40cc83b4fac0a4","DES_ORTHO_METHYL_A:806519:model-10"
"DES_ORTHO_METHYL_A:806519:model-11","DES_ORTHO_METHYL_A","806519","11","/Users/yazan/totah-lab/research/mettl7-netarsudil-sam-mechanism/phase2-matched-sar/raw/7A_des_ortho_methyl_seed806519.pdbqt","b5bb6e54773875a9975a6ebc778dc625b22a95011036adf6c3c134642a28ea6d","ADMITTED_ADEQUATE","ADMITTED","58","58","6","false","205ad64615c601e2adfc69a38c66be58fc34023a086eb3998d38a899944013e0","DES_ORTHO_METHYL_A:806519:model-11"
"DES_ORTHO_METHYL_A:806519:model-12","DES_ORTHO_METHYL_A","806519","12","/Users/yazan/totah-lab/research/mettl7-netarsudil-sam-mechanism/phase2-matched-sar/raw/7A_des_ortho_methyl_seed806519.pdbqt","b5bb6e54773875a9975a6ebc778dc625b22a95011036adf6c3c134642a28ea6d","ADMITTED_ADEQUATE","ADMITTED","58","58","8","false","f6647cca26200979f2f1a6a66336b9cc799e98c419f384dce1b64da5e4db281a","DES_ORTHO_METHYL_A:806519:model-12"
"DES_ORTHO_METHYL_A:806519:model-13","DES_ORTHO_METHYL_A","806519","13","/Users/yazan/totah-lab/research/mettl7-netarsudil-sam-mechanism/phase2-matched-sar/raw/7A_des_ortho_methyl_seed806519.pdbqt","b5bb6e54773875a9975a6ebc778dc625b22a95011036adf6c3c134642a28ea6d","ADMITTED_ADEQUATE","ADMITTED","58","58","5","false","745ce00466960bada9d472973ca8d5debd48a11e22dfeee2097698675ed72184","DES_ORTHO_METHYL_A:806519:model-13"
"DES_ORTHO_METHYL_A:806519:model-14","DES_ORTHO_METHYL_A","806519","14","/Users/yazan/totah-lab/research/mettl7-netarsudil-sam-mechanism/phase2-matched-sar/raw/7A_des_ortho_methyl_seed806519.pdbqt","b5bb6e54773875a9975a6ebc778dc625b22a95011036adf6c3c134642a28ea6d","ADMITTED_ADEQUATE","ADMITTED","58","58","7","false","8e940bf9d8eab58e35e7142d9c84d58f86b1d5c405114bfc641e87443d8216bd","DES_ORTHO_METHYL_A:806519:model-14"
"DES_ORTHO_METHYL_A:806519:model-15","DES_ORTHO_METHYL_A","806519","15","/Users/yazan/totah-lab/research/mettl7-netarsudil-sam-mechanism/phase2-matched-sar/raw/7A_des_ortho_methyl_seed806519.pdbqt","b5bb6e54773875a9975a6ebc778dc625b22a95011036adf6c3c134642a28ea6d","ADMITTED_ADEQUATE","ADMITTED","58","58","5","false","d9df1b9ad0743a68dab97f342ca727c99b009f5fce26686831c91539c41135fe","DES_ORTHO_METHYL_A:806519:model-15"
"DES_ORTHO_METHYL_A:806519:model-16","DES_ORTHO_METHYL_A","806519","16","/Users/yazan/totah-lab/research/mettl7-netarsudil-sam-mechanism/phase2-matched-sar/raw/7A_des_ortho_methyl_seed806519.pdbqt","b5bb6e54773875a9975a6ebc778dc625b22a95011036adf6c3c134642a28ea6d","ADMITTED_ADEQUATE","ADMITTED","58","58","3","false","90c22222ac7dd131554976aad1379710c12f2e6cd8775dff8440e9588270045e","DES_ORTHO_METHYL_A:806519:model-16"
"DES_ORTHO_METHYL_A:806519:model-17","DES_ORTHO_METHYL_A","806519","17","/Users/yazan/totah-lab/research/mettl7-netarsudil-sam-mechanism/phase2-matched-sar/raw/7A_des_ortho_methyl_seed806519.pdbqt","b5bb6e54773875a9975a6ebc778dc625b22a95011036adf6c3c134642a28ea6d","ADMITTED_ADEQUATE","ADMITTED","58","58","6","false","0c8088d9fdd7018848accc43ae9faa82bbcc577d6e6e7454250d0b48ff3f2cf5","DES_ORTHO_METHYL_A:806519:model-17"
"DES_ORTHO_METHYL_A:806519:model-18","DES_ORTHO_METHYL_A","806519","18","/Users/yazan/totah-lab/research/mettl7-netarsudil-sam-mechanism/phase2-matched-sar/raw/7A_des_ortho_methyl_seed806519.pdbqt","b5bb6e54773875a9975a6ebc778dc625b22a95011036adf6c3c134642a28ea6d","ADMITTED_ADEQUATE","ADMITTED","58","58","4","false","a0093a0765c8001af40f4cced9ba481ff402d9fbf010b0e692d2442e7fbf4214","DES_ORTHO_METHYL_A:806519:model-18"
"DES_ORTHO_METHYL_A:806519:model-19","DES_ORTHO_METHYL_A","806519","19","/Users/yazan/totah-lab/research/mettl7-netarsudil-sam-mechanism/phase2-matched-sar/raw/7A_des_ortho_methyl_seed806519.pdbqt","b5bb6e54773875a9975a6ebc778dc625b22a95011036adf6c3c134642a28ea6d","ADMITTED_ADEQUATE","ADMITTED","58","58","8","false","2fe1c8b1fdfec7dcddc6f110389d4de0bf839698cffc29cd11a728ba155e6324","DES_ORTHO_METHYL_A:806519:model-19"
"DES_ORTHO_METHYL_A:806519:model-2","DES_ORTHO_METHYL_A","806519","2","/Users/yazan/totah-lab/research/mettl7-netarsudil-sam-mechanism/phase2-matched-sar/raw/7A_des_ortho_methyl_seed806519.pdbqt","b5bb6e54773875a9975a6ebc778dc625b22a95011036adf6c3c134642a28ea6d","ADMITTED_ADEQUATE","ADMITTED","58","58","9","false","cdf2721f103a7d869f7b435e976e1498d35944551392e259cc395aceffaa32bd","DES_ORTHO_METHYL_A:806519:model-2"
"DES_ORTHO_METHYL_A:806519:model-3","DES_ORTHO_METHYL_A","806519","3","/Users/yazan/totah-lab/research/mettl7-netarsudil-sam-mechanism/phase2-matched-sar/raw/7A_des_ortho_methyl_seed806519.pdbqt","b5bb6e54773875a9975a6ebc778dc625b22a95011036adf6c3c134642a28ea6d","ADMITTED_ADEQUATE","ADMITTED","58","58","5","false","5acabe85579ce3f7ffbfe3e8be24db78bd83fc9116809a045b3dc2cdeceee807","DES_ORTHO_METHYL_A:806519:model-3"
"DES_ORTHO_METHYL_A:806519:model-4","DES_ORTHO_METHYL_A","806519","4","/Users/yazan/totah-lab/research/mettl7-netarsudil-sam-mechanism/phase2-matched-sar/raw/7A_des_ortho_methyl_seed806519.pdbqt","b5bb6e54773875a9975a6ebc778dc625b22a95011036adf6c3c134642a28ea6d","ADMITTED_ADEQUATE","ADMITTED","58","58","8","false","567cb05230762e4bd2f704a5db0b320c8bd72fbd6f79be3f338065cc303dacf3","DES_ORTHO_METHYL_A:806519:model-4"
"DES_ORTHO_METHYL_A:806519:model-5","DES_ORTHO_METHYL_A","806519","5","/Users/yazan/totah-lab/research/mettl7-netarsudil-sam-mechanism/phase2-matched-sar/raw/7A_des_ortho_methyl_seed806519.pdbqt","b5bb6e54773875a9975a6ebc778dc625b22a95011036adf6c3c134642a28ea6d","ADMITTED_ADEQUATE","ADMITTED","58","58","5","false","b4b0b2f2e869de27c3ed5ce7b71659fd2b5ea33f2052d9691f484a130def9857","DES_ORTHO_METHYL_A:806519:model-5"
"DES_ORTHO_METHYL_A:806519:model-6","DES_ORTHO_METHYL_A","806519","6","/Users/yazan/totah-lab/research/mettl7-netarsudil-sam-mechanism/phase2-matched-sar/raw/7A_des_ortho_methyl_seed806519.pdbqt","b5bb6e54773875a9975a6ebc778dc625b22a95011036adf6c3c134642a28ea6d","ADMITTED_ADEQUATE","ADMITTED","58","58","7","false","c2a3cf74c32b82e617f5deaad3ff4585592b7d91a9bbba371a4c45460bdcda99","DES_ORTHO_METHYL_A:806519:model-6"
"DES_ORTHO_METHYL_A:806519:model-7","DES_ORTHO_METHYL_A","806519","7","/Users/yazan/totah-lab/research/mettl7-netarsudil-sam-mechanism/phase2-matched-sar/raw/7A_des_ortho_methyl_seed806519.pdbqt","b5bb6e54773875a9975a6ebc778dc625b22a95011036adf6c3c134642a28ea6d","ADMITTED_ADEQUATE","ADMITTED","58","58","3","false","e2ba3fbf8420ed1a380f9c59f0f50c0857370e905e4f420c3730043e29a084ec","DES_ORTHO_METHYL_A:806519:model-7"
"DES_ORTHO_METHYL_A:806519:model-8","DES_ORTHO_METHYL_A","806519","8","/Users/yazan/totah-lab/research/mettl7-netarsudil-sam-mechanism/phase2-matched-sar/raw/7A_des_ortho_methyl_seed806519.pdbqt","b5bb6e54773875a9975a6ebc778dc625b22a95011036adf6c3c134642a28ea6d","ADMITTED_ADEQUATE","ADMITTED","58","58","7","false","423a2ba920f6182f7c618809a3663581f7a71b59a2959cfb4d79187a808a9e7a","DES_ORTHO_METHYL_A:806519:model-8"
"DES_ORTHO_METHYL_A:806519:model-9","DES_ORTHO_METHYL_A","806519","9","/Users/yazan/totah-lab/research/mettl7-netarsudil-sam-mechanism/phase2-matched-sar/raw/7A_des_ortho_methyl_seed806519.pdbqt","b5bb6e54773875a9975a6ebc778dc625b22a95011036adf6c3c134642a28ea6d","ADMITTED_ADEQUATE","ADMITTED","58","58","5","false","6e86faaef992d6d4562ad166ffbf7231b762774a9d7e24cc35937451f38b86c0","DES_ORTHO_METHYL_A:806519:model-9"
"DES_ORTHO_METHYL_B:172904:model-1","DES_ORTHO_METHYL_B","172904","1","/Users/yazan/totah-lab/research/mettl7-netarsudil-sam-mechanism/phase2-matched-sar/raw/7B_des_ortho_methyl_seed172904.pdbqt","eecee5760b08274889b9c9b88e77f9e9285ad6e340a16ff65f0f8fc75da2b3bf","ADMITTED_ADEQUATE","ADMITTED","58","58","3","false","be31653381e823bb226daa2b2bba43d1853f7fdd9cac6ef0997bafe405129da3","DES_ORTHO_METHYL_B:172904:model-1"
"DES_ORTHO_METHYL_B:172904:model-10","DES_ORTHO_METHYL_B","172904","10","/Users/yazan/totah-lab/research/mettl7-netarsudil-sam-mechanism/phase2-matched-sar/raw/7B_des_ortho_methyl_seed172904.pdbqt","eecee5760b08274889b9c9b88e77f9e9285ad6e340a16ff65f0f8fc75da2b3bf","ADMITTED_ADEQUATE","ADMITTED","58","58","5","false","5bbf129b620eb93380b5e60bee0d6c2a4cf894d81822704883c7dd93c167ea84","DES_ORTHO_METHYL_B:172904:model-10"
"DES_ORTHO_METHYL_B:172904:model-11","DES_ORTHO_METHYL_B","172904","11","/Users/yazan/totah-lab/research/mettl7-netarsudil-sam-mechanism/phase2-matched-sar/raw/7B_des_ortho_methyl_seed172904.pdbqt","eecee5760b08274889b9c9b88e77f9e9285ad6e340a16ff65f0f8fc75da2b3bf","ADMITTED_ADEQUATE","ADMITTED","58","58","4","false","29a170fd2ae3fc64843e2a2f60acbe31dd27c6e9bbbde0a00cd66783349b3f7a","DES_ORTHO_METHYL_B:172904:model-11"
"DES_ORTHO_METHYL_B:172904:model-12","DES_ORTHO_METHYL_B","172904","12","/Users/yazan/totah-lab/research/mettl7-netarsudil-sam-mechanism/phase2-matched-sar/raw/7B_des_ortho_methyl_seed172904.pdbqt","eecee5760b08274889b9c9b88e77f9e9285ad6e340a16ff65f0f8fc75da2b3bf","ADMITTED_ADEQUATE","ADMITTED","58","58","4","false","0083317429b70fe9272d7711a20f7f17965e27d91ba375252542b04213ea7805","DES_ORTHO_METHYL_B:172904:model-12"
"DES_ORTHO_METHYL_B:172904:model-13","DES_ORTHO_METHYL_B","172904","13","/Users/yazan/totah-lab/research/mettl7-netarsudil-sam-mechanism/phase2-matched-sar/raw/7B_des_ortho_methyl_seed172904.pdbqt","eecee5760b08274889b9c9b88e77f9e9285ad6e340a16ff65f0f8fc75da2b3bf","ADMITTED_ADEQUATE","ADMITTED","58","58","4","false","922f9047fd5d1bb3bb521f547b7b131ec134c78ee16f8d81aa24f1b685cda604","DES_ORTHO_METHYL_B:172904:model-13"
"DES_ORTHO_METHYL_B:172904:model-14","DES_ORTHO_METHYL_B","172904","14","/Users/yazan/totah-lab/research/mettl7-netarsudil-sam-mechanism/phase2-matched-sar/raw/7B_des_ortho_methyl_seed172904.pdbqt","eecee5760b08274889b9c9b88e77f9e9285ad6e340a16ff65f0f8fc75da2b3bf","ADMITTED_ADEQUATE","ADMITTED","58","58","6","false","30eee178315ba4c91604683a837fbe75236e7d94a70151a2df73603faa919acc","DES_ORTHO_METHYL_B:172904:model-14"
"DES_ORTHO_METHYL_B:172904:model-15","DES_ORTHO_METHYL_B","172904","15","/Users/yazan/totah-lab/research/mettl7-netarsudil-sam-mechanism/phase2-matched-sar/raw/7B_des_ortho_methyl_seed172904.pdbqt","eecee5760b08274889b9c9b88e77f9e9285ad6e340a16ff65f0f8fc75da2b3bf","ADMITTED_ADEQUATE","ADMITTED","58","58","5","false","3542cf6937e3f809e005520f67b1a44f0bf5f3e3a8251814b2ac38770504d3ee","DES_ORTHO_METHYL_B:172904:model-15"
"DES_ORTHO_METHYL_B:172904:model-16","DES_ORTHO_METHYL_B","172904","16","/Users/yazan/totah-lab/research/mettl7-netarsudil-sam-mechanism/phase2-matched-sar/raw/7B_des_ortho_methyl_seed172904.pdbqt","eecee5760b08274889b9c9b88e77f9e9285ad6e340a16ff65f0f8fc75da2b3bf","ADMITTED_ADEQUATE","ADMITTED","58","58","4","false","0b8dcd3289a2b760bd64888efdd0979698ee2e5b885eb580147a4b21c75f41b6","DES_ORTHO_METHYL_B:172904:model-16"
"DES_ORTHO_METHYL_B:172904:model-17","DES_ORTHO_METHYL_B","172904","17","/Users/yazan/totah-lab/research/mettl7-netarsudil-sam-mechanism/phase2-matched-sar/raw/7B_des_ortho_methyl_seed172904.pdbqt","eecee5760b08274889b9c9b88e77f9e9285ad6e340a16ff65f0f8fc75da2b3bf","ADMITTED_ADEQUATE","ADMITTED","58","58","3","false","96acc0fec2509352f57eacb0867af11a6435fa9576342c58e48ada3fe962e298","DES_ORTHO_METHYL_B:172904:model-17"
"DES_ORTHO_METHYL_B:172904:model-18","DES_ORTHO_METHYL_B","172904","18","/Users/yazan/totah-lab/research/mettl7-netarsudil-sam-mechanism/phase2-matched-sar/raw/7B_des_ortho_methyl_seed172904.pdbqt","eecee5760b08274889b9c9b88e77f9e9285ad6e340a16ff65f0f8fc75da2b3bf","ADMITTED_ADEQUATE","ADMITTED","58","58","4","false","f33d267cafaa1e688e11bf772fae4444ead8328a896282ae316643726a31782a","DES_ORTHO_METHYL_B:172904:model-18"
"DES_ORTHO_METHYL_B:172904:model-19","DES_ORTHO_METHYL_B","172904","19","/Users/yazan/totah-lab/research/mettl7-netarsudil-sam-mechanism/phase2-matched-sar/raw/7B_des_ortho_methyl_seed172904.pdbqt","eecee5760b08274889b9c9b88e77f9e9285ad6e340a16ff65f0f8fc75da2b3bf","ADMITTED_ADEQUATE","ADMITTED","58","58","3","false","bb4089e1032a5a44a57835d577dc1120e64d77abff8725983588967beb7c7a18","DES_ORTHO_METHYL_B:172904:model-19"
"DES_ORTHO_METHYL_B:172904:model-2","DES_ORTHO_METHYL_B","172904","2","/Users/yazan/totah-lab/research/mettl7-netarsudil-sam-mechanism/phase2-matched-sar/raw/7B_des_ortho_methyl_seed172904.pdbqt","eecee5760b08274889b9c9b88e77f9e9285ad6e340a16ff65f0f8fc75da2b3bf","ADMITTED_ADEQUATE","ADMITTED","58","58","4","false","5e7e58ac0ee8cfa18ae1c103ead71664d0f0a0b66521a804527de054fa45f6ca","DES_ORTHO_METHYL_B:172904:model-2"
"DES_ORTHO_METHYL_B:172904:model-20","DES_ORTHO_METHYL_B","172904","20","/Users/yazan/totah-lab/research/mettl7-netarsudil-sam-mechanism/phase2-matched-sar/raw/7B_des_ortho_methyl_seed172904.pdbqt","eecee5760b08274889b9c9b88e77f9e9285ad6e340a16ff65f0f8fc75da2b3bf","ADMITTED_ADEQUATE","ADMITTED","58","58","3","false","1c8f07fac646d49ea98e606c75d1eeb11b04c089c6fb0d4c88afb6fdcef94ffb","DES_ORTHO_METHYL_B:172904:model-20"
"DES_ORTHO_METHYL_B:172904:model-3","DES_ORTHO_METHYL_B","172904","3","/Users/yazan/totah-lab/research/mettl7-netarsudil-sam-mechanism/phase2-matched-sar/raw/7B_des_ortho_methyl_seed172904.pdbqt","eecee5760b08274889b9c9b88e77f9e9285ad6e340a16ff65f0f8fc75da2b3bf","ADMITTED_ADEQUATE","ADMITTED","58","58","4","false","23814e75245d06ace0a4e8d834c1c00034256b50a6e31d4894883b1536630745","DES_ORTHO_METHYL_B:172904:model-3"
"DES_ORTHO_METHYL_B:172904:model-4","DES_ORTHO_METHYL_B","172904","4","/Users/yazan/totah-lab/research/mettl7-netarsudil-sam-mechanism/phase2-matched-sar/raw/7B_des_ortho_methyl_seed172904.pdbqt","eecee5760b08274889b9c9b88e77f9e9285ad6e340a16ff65f0f8fc75da2b3bf","ADMITTED_ADEQUATE","ADMITTED","58","58","5","false","81b5cfc4d180b4ee6a4a3cb80005aacfceab2db5b87ae828e9d0cb8ac6bc5d2a","DES_ORTHO_METHYL_B:172904:model-4"
"DES_ORTHO_METHYL_B:172904:model-5","DES_ORTHO_METHYL_B","172904","5","/Users/yazan/totah-lab/research/mettl7-netarsudil-sam-mechanism/phase2-matched-sar/raw/7B_des_ortho_methyl_seed172904.pdbqt","eecee5760b08274889b9c9b88e77f9e9285ad6e340a16ff65f0f8fc75da2b3bf","ADMITTED_ADEQUATE","ADMITTED","58","58","5","false","3da7a0e0c64c6009a131b9149616be70319e258b91c3f4cd06f64aa44507b39e","DES_ORTHO_METHYL_B:172904:model-5"
"DES_ORTHO_METHYL_B:172904:model-6","DES_ORTHO_METHYL_B","172904","6","/Users/yazan/totah-lab/research/mettl7-netarsudil-sam-mechanism/phase2-matched-sar/raw/7B_des_ortho_methyl_seed172904.pdbqt","eecee5760b08274889b9c9b88e77f9e9285ad6e340a16ff65f0f8fc75da2b3bf","ADMITTED_ADEQUATE","ADMITTED","58","58","4","false","76c1932b8dea8e6f512bc4a1d73f30f1253ca93a69d5beb2c51c718998ae4d78","DES_ORTHO_METHYL_B:172904:model-6"
"DES_ORTHO_METHYL_B:172904:model-7","DES_ORTHO_METHYL_B","172904","7","/Users/yazan/totah-lab/research/mettl7-netarsudil-sam-mechanism/phase2-matched-sar/raw/7B_des_ortho_methyl_seed172904.pdbqt","eecee5760b08274889b9c9b88e77f9e9285ad6e340a16ff65f0f8fc75da2b3bf","ADMITTED_ADEQUATE","ADMITTED","58","58","8","false","37b181d59f19a3a2af2973bc7974623179fc38562fe1f54d7718534619d56948","DES_ORTHO_METHYL_B:172904:model-7"
"DES_ORTHO_METHYL_B:172904:model-8","DES_ORTHO_METHYL_B","172904","8","/Users/yazan/totah-lab/research/mettl7-netarsudil-sam-mechanism/phase2-matched-sar/raw/7B_des_ortho_methyl_seed172904.pdbqt","eecee5760b08274889b9c9b88e77f9e9285ad6e340a16ff65f0f8fc75da2b3bf","ADMITTED_ADEQUATE","ADMITTED","58","58","1","false","91ecc82f859dcf6aec26ceaff19884a2f94988da327a8105b6e8f5a290e53e92","DES_ORTHO_METHYL_B:172904:model-8"
"DES_ORTHO_METHYL_B:172904:model-9","DES_ORTHO_METHYL_B","172904","9","/Users/yazan/totah-lab/research/mettl7-netarsudil-sam-mechanism/phase2-matched-sar/raw/7B_des_ortho_methyl_seed172904.pdbqt","eecee5760b08274889b9c9b88e77f9e9285ad6e340a16ff65f0f8fc75da2b3bf","ADMITTED_ADEQUATE","ADMITTED","58","58","5","false","775bc6ffae00c48584a373be50bd326b16102981f29f6320701a643d034cec11","DES_ORTHO_METHYL_B:172904:model-9"
"DES_ORTHO_METHYL_B:483271:model-1","DES_ORTHO_METHYL_B","483271","1","/Users/yazan/totah-lab/research/mettl7-netarsudil-sam-mechanism/phase2-matched-sar/raw/7B_des_ortho_methyl_seed483271.pdbqt","dc2e2158f666dccaae137d20a8ba72005d70df674afb70a35f0bd68a7836c941","ADMITTED_ADEQUATE","ADMITTED","58","58","3","false","10108c03fbfa321f58cdcd4853fa223983482ed9d5c8d219bf4f6420ffdf64bf","DES_ORTHO_METHYL_B:483271:model-1"
"DES_ORTHO_METHYL_B:483271:model-10","DES_ORTHO_METHYL_B","483271","10","/Users/yazan/totah-lab/research/mettl7-netarsudil-sam-mechanism/phase2-matched-sar/raw/7B_des_ortho_methyl_seed483271.pdbqt","dc2e2158f666dccaae137d20a8ba72005d70df674afb70a35f0bd68a7836c941","ADMITTED_ADEQUATE","ADMITTED","58","58","1","false","d472e30186a1246a076fccd28a4413d1f30ed6411f5ec96508c25cdbea05e241","DES_ORTHO_METHYL_B:483271:model-10"
"DES_ORTHO_METHYL_B:483271:model-11","DES_ORTHO_METHYL_B","483271","11","/Users/yazan/totah-lab/research/mettl7-netarsudil-sam-mechanism/phase2-matched-sar/raw/7B_des_ortho_methyl_seed483271.pdbqt","dc2e2158f666dccaae137d20a8ba72005d70df674afb70a35f0bd68a7836c941","ADMITTED_ADEQUATE","ADMITTED","58","58","5","false","d0443dcc8f4b91a28f187755bafe366dfbf91a2e55578631b4b7e3046ab42a5b","DES_ORTHO_METHYL_B:483271:model-11"
"DES_ORTHO_METHYL_B:483271:model-12","DES_ORTHO_METHYL_B","483271","12","/Users/yazan/totah-lab/research/mettl7-netarsudil-sam-mechanism/phase2-matched-sar/raw/7B_des_ortho_methyl_seed483271.pdbqt","dc2e2158f666dccaae137d20a8ba72005d70df674afb70a35f0bd68a7836c941","ADMITTED_ADEQUATE","ADMITTED","58","58","6","false","b2365ba64c3d1186945c85b74ff94127936bf08ad31f911452a351ede1975e17","DES_ORTHO_METHYL_B:483271:model-12"
"DES_ORTHO_METHYL_B:483271:model-13","DES_ORTHO_METHYL_B","483271","13","/Users/yazan/totah-lab/research/mettl7-netarsudil-sam-mechanism/phase2-matched-sar/raw/7B_des_ortho_methyl_seed483271.pdbqt","dc2e2158f666dccaae137d20a8ba72005d70df674afb70a35f0bd68a7836c941","ADMITTED_ADEQUATE","ADMITTED","58","58","5","false","64ac29ef3ab1d363f25cc8304e584796a3678ecc05abb3bb8c5ff7bfc91af9f6","DES_ORTHO_METHYL_B:483271:model-13"
"DES_ORTHO_METHYL_B:483271:model-14","DES_ORTHO_METHYL_B","483271","14","/Users/yazan/totah-lab/research/mettl7-netarsudil-sam-mechanism/phase2-matched-sar/raw/7B_des_ortho_methyl_seed483271.pdbqt","dc2e2158f666dccaae137d20a8ba72005d70df674afb70a35f0bd68a7836c941","ADMITTED_ADEQUATE","ADMITTED","58","58","5","false","f2cb24509a8301bc21357d735fcfcd39d8fa072b007d3c7631a93c25f09bd0a8","DES_ORTHO_METHYL_B:483271:model-14"
"DES_ORTHO_METHYL_B:483271:model-15","DES_ORTHO_METHYL_B","483271","15","/Users/yazan/totah-lab/research/mettl7-netarsudil-sam-mechanism/phase2-matched-sar/raw/7B_des_ortho_methyl_seed483271.pdbqt","dc2e2158f666dccaae137d20a8ba72005d70df674afb70a35f0bd68a7836c941","ADMITTED_ADEQUATE","ADMITTED","58","58","5","false","54a14ddfa7b4ab6a1fd822971e5bbd3735167a458b98a582c427c82bb3663d4e","DES_ORTHO_METHYL_B:483271:model-15"
"DES_ORTHO_METHYL_B:483271:model-16","DES_ORTHO_METHYL_B","483271","16","/Users/yazan/totah-lab/research/mettl7-netarsudil-sam-mechanism/phase2-matched-sar/raw/7B_des_ortho_methyl_seed483271.pdbqt","dc2e2158f666dccaae137d20a8ba72005d70df674afb70a35f0bd68a7836c941","ADMITTED_ADEQUATE","ADMITTED","58","58","3","false","bf0a666063529b1508e86cf0eacfdaf9f47d62daad8ea67ef7405c7257280726","DES_ORTHO_METHYL_B:483271:model-16"
"DES_ORTHO_METHYL_B:483271:model-17","DES_ORTHO_METHYL_B","483271","17","/Users/yazan/totah-lab/research/mettl7-netarsudil-sam-mechanism/phase2-matched-sar/raw/7B_des_ortho_methyl_seed483271.pdbqt","dc2e2158f666dccaae137d20a8ba72005d70df674afb70a35f0bd68a7836c941","ADMITTED_ADEQUATE","ADMITTED","58","58","4","false","1e91c14ce69344a56e7bdab2ae1cabdeff81cbaf9fa153386d395f5ee408d92a","DES_ORTHO_METHYL_B:483271:model-17"
"DES_ORTHO_METHYL_B:483271:model-18","DES_ORTHO_METHYL_B","483271","18","/Users/yazan/totah-lab/research/mettl7-netarsudil-sam-mechanism/phase2-matched-sar/raw/7B_des_ortho_methyl_seed483271.pdbqt","dc2e2158f666dccaae137d20a8ba72005d70df674afb70a35f0bd68a7836c941","ADMITTED_ADEQUATE","ADMITTED","58","58","5","false","7550eb32885a00189f7465c61105b5a7f363445b58bf8e69ed0e8e9b07f55961","DES_ORTHO_METHYL_B:483271:model-18"
"DES_ORTHO_METHYL_B:483271:model-19","DES_ORTHO_METHYL_B","483271","19","/Users/yazan/totah-lab/research/mettl7-netarsudil-sam-mechanism/phase2-matched-sar/raw/7B_des_ortho_methyl_seed483271.pdbqt","dc2e2158f666dccaae137d20a8ba72005d70df674afb70a35f0bd68a7836c941","ADMITTED_ADEQUATE","ADMITTED","58","58","3","false","cfb1590592940a4e66c3be2c13d12c5afe1c31301da64365ae11bb3693201889","DES_ORTHO_METHYL_B:483271:model-19"
"DES_ORTHO_METHYL_B:483271:model-2","DES_ORTHO_METHYL_B","483271","2","/Users/yazan/totah-lab/research/mettl7-netarsudil-sam-mechanism/phase2-matched-sar/raw/7B_des_ortho_methyl_seed483271.pdbqt","dc2e2158f666dccaae137d20a8ba72005d70df674afb70a35f0bd68a7836c941","ADMITTED_ADEQUATE","ADMITTED","58","58","1","false","bc11e1b4aaa02ba412dfeedbfb65f704cb7d0528cd74e6a0b4c0e1b3b87d5afb","DES_ORTHO_METHYL_B:483271:model-2"
"DES_ORTHO_METHYL_B:483271:model-20","DES_ORTHO_METHYL_B","483271","20","/Users/yazan/totah-lab/research/mettl7-netarsudil-sam-mechanism/phase2-matched-sar/raw/7B_des_ortho_methyl_seed483271.pdbqt","dc2e2158f666dccaae137d20a8ba72005d70df674afb70a35f0bd68a7836c941","ADMITTED_ADEQUATE","ADMITTED","58","58","4","false","06aec54afa65f8de9a988f5b59157c31e9659113fa01f29c99dc7cdcfbbfc5eb","DES_ORTHO_METHYL_B:483271:model-20"
"DES_ORTHO_METHYL_B:483271:model-3","DES_ORTHO_METHYL_B","483271","3","/Users/yazan/totah-lab/research/mettl7-netarsudil-sam-mechanism/phase2-matched-sar/raw/7B_des_ortho_methyl_seed483271.pdbqt","dc2e2158f666dccaae137d20a8ba72005d70df674afb70a35f0bd68a7836c941","ADMITTED_ADEQUATE","ADMITTED","58","58","4","false","601605ce6e23351280328e0c556313e451173cf1ec11f3a631787fcab33018ab","DES_ORTHO_METHYL_B:483271:model-3"
"DES_ORTHO_METHYL_B:483271:model-4","DES_ORTHO_METHYL_B","483271","4","/Users/yazan/totah-lab/research/mettl7-netarsudil-sam-mechanism/phase2-matched-sar/raw/7B_des_ortho_methyl_seed483271.pdbqt","dc2e2158f666dccaae137d20a8ba72005d70df674afb70a35f0bd68a7836c941","ADMITTED_ADEQUATE","ADMITTED","58","58","3","false","13011288a4a88154a143f2dc8b212a6c86f029335e2f257687e531de26be1d15","DES_ORTHO_METHYL_B:483271:model-4"
"DES_ORTHO_METHYL_B:483271:model-5","DES_ORTHO_METHYL_B","483271","5","/Users/yazan/totah-lab/research/mettl7-netarsudil-sam-mechanism/phase2-matched-sar/raw/7B_des_ortho_methyl_seed483271.pdbqt","dc2e2158f666dccaae137d20a8ba72005d70df674afb70a35f0bd68a7836c941","ADMITTED_ADEQUATE","ADMITTED","58","58","5","false","0b5f0eccd8e30997366e800b14dbeb3ffa94ad203ff45f8853ec1d8a5fc1b647","DES_ORTHO_METHYL_B:483271:model-5"
"DES_ORTHO_METHYL_B:483271:model-6","DES_ORTHO_METHYL_B","483271","6","/Users/yazan/totah-lab/research/mettl7-netarsudil-sam-mechanism/phase2-matched-sar/raw/7B_des_ortho_methyl_seed483271.pdbqt","dc2e2158f666dccaae137d20a8ba72005d70df674afb70a35f0bd68a7836c941","ADMITTED_ADEQUATE","ADMITTED","58","58","4","false","cb124688f251b17b9db7b1c9c271b6eb2d36ae3f7b5f69e32192fc4f232f44ce","DES_ORTHO_METHYL_B:483271:model-6"
"DES_ORTHO_METHYL_B:483271:model-7","DES_ORTHO_METHYL_B","483271","7","/Users/yazan/totah-lab/research/mettl7-netarsudil-sam-mechanism/phase2-matched-sar/raw/7B_des_ortho_methyl_seed483271.pdbqt","dc2e2158f666dccaae137d20a8ba72005d70df674afb70a35f0bd68a7836c941","ADMITTED_ADEQUATE","ADMITTED","58","58","4","false","64c8ccf38523b69b01efacf7ea47a698a299171812247e27055cae14e2f703cd","DES_ORTHO_METHYL_B:483271:model-7"
"DES_ORTHO_METHYL_B:483271:model-8","DES_ORTHO_METHYL_B","483271","8","/Users/yazan/totah-lab/research/mettl7-netarsudil-sam-mechanism/phase2-matched-sar/raw/7B_des_ortho_methyl_seed483271.pdbqt","dc2e2158f666dccaae137d20a8ba72005d70df674afb70a35f0bd68a7836c941","ADMITTED_ADEQUATE","ADMITTED","58","58","3","false","941d63fbc2c095a924efe82634c4cc643475aa7f4de175450461fbf0e06daf71","DES_ORTHO_METHYL_B:483271:model-8"
"DES_ORTHO_METHYL_B:483271:model-9","DES_ORTHO_METHYL_B","483271","9","/Users/yazan/totah-lab/research/mettl7-netarsudil-sam-mechanism/phase2-matched-sar/raw/7B_des_ortho_methyl_seed483271.pdbqt","dc2e2158f666dccaae137d20a8ba72005d70df674afb70a35f0bd68a7836c941","ADMITTED_ADEQUATE","ADMITTED","58","58","3","false","113eb29d6b6ae4c3c59f5fc2088818f3c1caea702313603e970172883fd60509","DES_ORTHO_METHYL_B:483271:model-9"
"DES_ORTHO_METHYL_B:806519:model-1","DES_ORTHO_METHYL_B","806519","1","/Users/yazan/totah-lab/research/mettl7-netarsudil-sam-mechanism/phase2-matched-sar/raw/7B_des_ortho_methyl_seed806519.pdbqt","228adcb4a88d0b3645db013c0a9c8703fa05d7894aa81228f3ea9d2db901f740","ADMITTED_ADEQUATE","ADMITTED","58","58","3","false","d545755e10148ef16b9287ae796dc521ae53ff347e4e604930b1a5105e2f7105","DES_ORTHO_METHYL_B:806519:model-1"
"DES_ORTHO_METHYL_B:806519:model-10","DES_ORTHO_METHYL_B","806519","10","/Users/yazan/totah-lab/research/mettl7-netarsudil-sam-mechanism/phase2-matched-sar/raw/7B_des_ortho_methyl_seed806519.pdbqt","228adcb4a88d0b3645db013c0a9c8703fa05d7894aa81228f3ea9d2db901f740","ADMITTED_ADEQUATE","ADMITTED","58","58","2","false","bbd268b2b6c0c5ea3cd9b67a19bfca522bdd066911e787bd595c62d857a8c878","DES_ORTHO_METHYL_B:806519:model-10"
"DES_ORTHO_METHYL_B:806519:model-11","DES_ORTHO_METHYL_B","806519","11","/Users/yazan/totah-lab/research/mettl7-netarsudil-sam-mechanism/phase2-matched-sar/raw/7B_des_ortho_methyl_seed806519.pdbqt","228adcb4a88d0b3645db013c0a9c8703fa05d7894aa81228f3ea9d2db901f740","ADMITTED_ADEQUATE","ADMITTED","58","58","5","false","c83286f34504c6fb472cd4d109c7f90064ee919eb019de95d677a1b75d7588a6","DES_ORTHO_METHYL_B:806519:model-11"
"DES_ORTHO_METHYL_B:806519:model-12","DES_ORTHO_METHYL_B","806519","12","/Users/yazan/totah-lab/research/mettl7-netarsudil-sam-mechanism/phase2-matched-sar/raw/7B_des_ortho_methyl_seed806519.pdbqt","228adcb4a88d0b3645db013c0a9c8703fa05d7894aa81228f3ea9d2db901f740","ADMITTED_ADEQUATE","ADMITTED","58","58","5","false","13a3269ec0d54b2fd56ee77bc2deeeb91f0ac75c0c23ab34e88ea8c69e932634","DES_ORTHO_METHYL_B:806519:model-12"
"DES_ORTHO_METHYL_B:806519:model-13","DES_ORTHO_METHYL_B","806519","13","/Users/yazan/totah-lab/research/mettl7-netarsudil-sam-mechanism/phase2-matched-sar/raw/7B_des_ortho_methyl_seed806519.pdbqt","228adcb4a88d0b3645db013c0a9c8703fa05d7894aa81228f3ea9d2db901f740","ADMITTED_ADEQUATE","ADMITTED","58","58","4","false","d412f97b9b877d779233c14056c6238ececb51f3d7fbfe376b5d75186a500d06","DES_ORTHO_METHYL_B:806519:model-13"
"DES_ORTHO_METHYL_B:806519:model-14","DES_ORTHO_METHYL_B","806519","14","/Users/yazan/totah-lab/research/mettl7-netarsudil-sam-mechanism/phase2-matched-sar/raw/7B_des_ortho_methyl_seed806519.pdbqt","228adcb4a88d0b3645db013c0a9c8703fa05d7894aa81228f3ea9d2db901f740","ADMITTED_ADEQUATE","ADMITTED","58","58","4","false","f9311802d5d302f303eff9c135f81aeece4ce611aa09ac9595a8076ed961ea8a","DES_ORTHO_METHYL_B:806519:model-14"
"DES_ORTHO_METHYL_B:806519:model-15","DES_ORTHO_METHYL_B","806519","15","/Users/yazan/totah-lab/research/mettl7-netarsudil-sam-mechanism/phase2-matched-sar/raw/7B_des_ortho_methyl_seed806519.pdbqt","228adcb4a88d0b3645db013c0a9c8703fa05d7894aa81228f3ea9d2db901f740","ADMITTED_ADEQUATE","ADMITTED","58","58","4","false","6e8aebfa82b8b7587947c57c8717a5b369373df9a5d8ad452106554f382652fa","DES_ORTHO_METHYL_B:806519:model-15"
"DES_ORTHO_METHYL_B:806519:model-16","DES_ORTHO_METHYL_B","806519","16","/Users/yazan/totah-lab/research/mettl7-netarsudil-sam-mechanism/phase2-matched-sar/raw/7B_des_ortho_methyl_seed806519.pdbqt","228adcb4a88d0b3645db013c0a9c8703fa05d7894aa81228f3ea9d2db901f740","ADMITTED_ADEQUATE","ADMITTED","58","58","3","false","e5bf3dbfe2f1591492046f22b7c6b088e8ce6b876abb96e0385784d7b6c5d448","DES_ORTHO_METHYL_B:806519:model-16"
"DES_ORTHO_METHYL_B:806519:model-17","DES_ORTHO_METHYL_B","806519","17","/Users/yazan/totah-lab/research/mettl7-netarsudil-sam-mechanism/phase2-matched-sar/raw/7B_des_ortho_methyl_seed806519.pdbqt","228adcb4a88d0b3645db013c0a9c8703fa05d7894aa81228f3ea9d2db901f740","ADMITTED_ADEQUATE","ADMITTED","58","58","4","false","25c1555925ae61c5e655f771cb4c68ee9a0f36f483eff878cbc4a2a061efe84b","DES_ORTHO_METHYL_B:806519:model-17"
"DES_ORTHO_METHYL_B:806519:model-18","DES_ORTHO_METHYL_B","806519","18","/Users/yazan/totah-lab/research/mettl7-netarsudil-sam-mechanism/phase2-matched-sar/raw/7B_des_ortho_methyl_seed806519.pdbqt","228adcb4a88d0b3645db013c0a9c8703fa05d7894aa81228f3ea9d2db901f740","ADMITTED_ADEQUATE","ADMITTED","58","58","5","false","c7e4ceab0c06733b620371d3a7b89f87a8dadd07450645968d980e23231042a4","DES_ORTHO_METHYL_B:806519:model-18"
"DES_ORTHO_METHYL_B:806519:model-19","DES_ORTHO_METHYL_B","806519","19","/Users/yazan/totah-lab/research/mettl7-netarsudil-sam-mechanism/phase2-matched-sar/raw/7B_des_ortho_methyl_seed806519.pdbqt","228adcb4a88d0b3645db013c0a9c8703fa05d7894aa81228f3ea9d2db901f740","ADMITTED_ADEQUATE","ADMITTED","58","58","4","false","1a4973a6e4f1abaea6140d7e017ea8520ecc89980b813deb1c8e455b58b20e70","DES_ORTHO_METHYL_B:806519:model-19"
"DES_ORTHO_METHYL_B:806519:model-2","DES_ORTHO_METHYL_B","806519","2","/Users/yazan/totah-lab/research/mettl7-netarsudil-sam-mechanism/phase2-matched-sar/raw/7B_des_ortho_methyl_seed806519.pdbqt","228adcb4a88d0b3645db013c0a9c8703fa05d7894aa81228f3ea9d2db901f740","ADMITTED_ADEQUATE","ADMITTED","58","58","1","false","55f1dae6a2dc196770ad1fbb33d41c4cafb9876f117036f24befd6ce93a5c96d","DES_ORTHO_METHYL_B:806519:model-2"
"DES_ORTHO_METHYL_B:806519:model-20","DES_ORTHO_METHYL_B","806519","20","/Users/yazan/totah-lab/research/mettl7-netarsudil-sam-mechanism/phase2-matched-sar/raw/7B_des_ortho_methyl_seed806519.pdbqt","228adcb4a88d0b3645db013c0a9c8703fa05d7894aa81228f3ea9d2db901f740","ADMITTED_ADEQUATE","ADMITTED","58","58","4","false","5e065fa3d383d4c3edcf1bfc798a0ceaaf4e2d8666eb6fb4d1d9eb26ac43c277","DES_ORTHO_METHYL_B:806519:model-20"
"DES_ORTHO_METHYL_B:806519:model-3","DES_ORTHO_METHYL_B","806519","3","/Users/yazan/totah-lab/research/mettl7-netarsudil-sam-mechanism/phase2-matched-sar/raw/7B_des_ortho_methyl_seed806519.pdbqt","228adcb4a88d0b3645db013c0a9c8703fa05d7894aa81228f3ea9d2db901f740","ADMITTED_ADEQUATE","ADMITTED","58","58","3","false","fc4f0d9b23a481ba98454dc33a0a7e9e81b490a7cbc4e429d54495cc4c13b168","DES_ORTHO_METHYL_B:806519:model-3"
"DES_ORTHO_METHYL_B:806519:model-4","DES_ORTHO_METHYL_B","806519","4","/Users/yazan/totah-lab/research/mettl7-netarsudil-sam-mechanism/phase2-matched-sar/raw/7B_des_ortho_methyl_seed806519.pdbqt","228adcb4a88d0b3645db013c0a9c8703fa05d7894aa81228f3ea9d2db901f740","ADMITTED_ADEQUATE","ADMITTED","58","58","4","false","ae5e9f445c69226df8143a6ea6f9f2a7ce638965468c338a0c9c45e597269220","DES_ORTHO_METHYL_B:806519:model-4"
"DES_ORTHO_METHYL_B:806519:model-5","DES_ORTHO_METHYL_B","806519","5","/Users/yazan/totah-lab/research/mettl7-netarsudil-sam-mechanism/phase2-matched-sar/raw/7B_des_ortho_methyl_seed806519.pdbqt","228adcb4a88d0b3645db013c0a9c8703fa05d7894aa81228f3ea9d2db901f740","ADMITTED_ADEQUATE","ADMITTED","58","58","5","false","9b1bb2b2749d601231fd0e38deedf420a5f6d5c246e0593cd0dd2c2a279ee437","DES_ORTHO_METHYL_B:806519:model-5"
"DES_ORTHO_METHYL_B:806519:model-6","DES_ORTHO_METHYL_B","806519","6","/Users/yazan/totah-lab/research/mettl7-netarsudil-sam-mechanism/phase2-matched-sar/raw/7B_des_ortho_methyl_seed806519.pdbqt","228adcb4a88d0b3645db013c0a9c8703fa05d7894aa81228f3ea9d2db901f740","ADMITTED_ADEQUATE","ADMITTED","58","58","3","false","5e1f4e7b84bb16d450e66176ce8aa0dcab226acc06b7709195d2700eae9886bf","DES_ORTHO_METHYL_B:806519:model-6"
"DES_ORTHO_METHYL_B:806519:model-7","DES_ORTHO_METHYL_B","806519","7","/Users/yazan/totah-lab/research/mettl7-netarsudil-sam-mechanism/phase2-matched-sar/raw/7B_des_ortho_methyl_seed806519.pdbqt","228adcb4a88d0b3645db013c0a9c8703fa05d7894aa81228f3ea9d2db901f740","ADMITTED_ADEQUATE","ADMITTED","58","58","4","false","5dfe68b892d09fee4ae1675c0525745c0814f70c2bae1da33ee25d631020e6db","DES_ORTHO_METHYL_B:806519:model-7"
"DES_ORTHO_METHYL_B:806519:model-8","DES_ORTHO_METHYL_B","806519","8","/Users/yazan/totah-lab/research/mettl7-netarsudil-sam-mechanism/phase2-matched-sar/raw/7B_des_ortho_methyl_seed806519.pdbqt","228adcb4a88d0b3645db013c0a9c8703fa05d7894aa81228f3ea9d2db901f740","ADMITTED_ADEQUATE","ADMITTED","58","58","4","false","0dec7d1f22d4ef1fd791a2c068d367121c5cf51dbc7a07151df3fb62f9aae21a","DES_ORTHO_METHYL_B:806519:model-8"
"DES_ORTHO_METHYL_B:806519:model-9","DES_ORTHO_METHYL_B","806519","9","/Users/yazan/totah-lab/research/mettl7-netarsudil-sam-mechanism/phase2-matched-sar/raw/7B_des_ortho_methyl_seed806519.pdbqt","228adcb4a88d0b3645db013c0a9c8703fa05d7894aa81228f3ea9d2db901f740","ADMITTED_ADEQUATE","ADMITTED","58","58","3","false","5772c07b97b6cd8fd5b025dff14866c8cfcf1290bd3f82f6df15a3281dfbd224","DES_ORTHO_METHYL_B:806519:model-9"
"DES_PARA_METHYL_A:172904:model-1","DES_PARA_METHYL_A","172904","1","/Users/yazan/totah-lab/research/mettl7-netarsudil-sam-mechanism/phase2-matched-sar/raw/7A_des_para_methyl_seed172904.pdbqt","35c78be1070c2bcef3461ea1854e8b98c24021169165434f3a52fe00f8916a1e","ADMITTED_ADEQUATE","ADMITTED","58","58","7","false","3e88e4d5f593e23b37746ca45dc423ad84ce5f9ae7dec901a37ba5d2eb15b854","DES_PARA_METHYL_A:172904:model-1"
"DES_PARA_METHYL_A:172904:model-10","DES_PARA_METHYL_A","172904","10","/Users/yazan/totah-lab/research/mettl7-netarsudil-sam-mechanism/phase2-matched-sar/raw/7A_des_para_methyl_seed172904.pdbqt","35c78be1070c2bcef3461ea1854e8b98c24021169165434f3a52fe00f8916a1e","ADMITTED_ADEQUATE","ADMITTED","58","58","6","false","ac6d8b6690edc3c0c556615e44f556d5c3697453df897781c185d081761e5380","DES_PARA_METHYL_A:172904:model-10"
"DES_PARA_METHYL_A:172904:model-11","DES_PARA_METHYL_A","172904","11","/Users/yazan/totah-lab/research/mettl7-netarsudil-sam-mechanism/phase2-matched-sar/raw/7A_des_para_methyl_seed172904.pdbqt","35c78be1070c2bcef3461ea1854e8b98c24021169165434f3a52fe00f8916a1e","ADMITTED_ADEQUATE","ADMITTED","58","58","5","false","ef79cfd6d7d141a54b70236cf456ed3f8d92c5207b2150b6da1158654edd875e","DES_PARA_METHYL_A:172904:model-11"
"DES_PARA_METHYL_A:172904:model-12","DES_PARA_METHYL_A","172904","12","/Users/yazan/totah-lab/research/mettl7-netarsudil-sam-mechanism/phase2-matched-sar/raw/7A_des_para_methyl_seed172904.pdbqt","35c78be1070c2bcef3461ea1854e8b98c24021169165434f3a52fe00f8916a1e","ADMITTED_ADEQUATE","ADMITTED","58","58","3","false","d0bdddd2b2b54b76c6db59edeb109349bf21e3ae38010f4bdf3de82970bba4cf","DES_PARA_METHYL_A:172904:model-12"
"DES_PARA_METHYL_A:172904:model-13","DES_PARA_METHYL_A","172904","13","/Users/yazan/totah-lab/research/mettl7-netarsudil-sam-mechanism/phase2-matched-sar/raw/7A_des_para_methyl_seed172904.pdbqt","35c78be1070c2bcef3461ea1854e8b98c24021169165434f3a52fe00f8916a1e","ADMITTED_ADEQUATE","ADMITTED","58","58","7","false","fdd3613cabad9f52038968606ff2f6c33c61d2e468c809c68eeace9a9ad67538","DES_PARA_METHYL_A:172904:model-13"
"DES_PARA_METHYL_A:172904:model-14","DES_PARA_METHYL_A","172904","14","/Users/yazan/totah-lab/research/mettl7-netarsudil-sam-mechanism/phase2-matched-sar/raw/7A_des_para_methyl_seed172904.pdbqt","35c78be1070c2bcef3461ea1854e8b98c24021169165434f3a52fe00f8916a1e","ADMITTED_ADEQUATE","ADMITTED","58","58","10","false","4a40693d96871094309bcf2d949cae1e42b043ef52937b3ca689e7ce0fab417a","DES_PARA_METHYL_A:172904:model-14"
"DES_PARA_METHYL_A:172904:model-15","DES_PARA_METHYL_A","172904","15","/Users/yazan/totah-lab/research/mettl7-netarsudil-sam-mechanism/phase2-matched-sar/raw/7A_des_para_methyl_seed172904.pdbqt","35c78be1070c2bcef3461ea1854e8b98c24021169165434f3a52fe00f8916a1e","ADMITTED_ADEQUATE","ADMITTED","58","58","6","false","5f5c5aa4451cf184b4518d0c0a1a38fc899246f3e36391748b4d8663b8ddf04e","DES_PARA_METHYL_A:172904:model-15"
"DES_PARA_METHYL_A:172904:model-16","DES_PARA_METHYL_A","172904","16","/Users/yazan/totah-lab/research/mettl7-netarsudil-sam-mechanism/phase2-matched-sar/raw/7A_des_para_methyl_seed172904.pdbqt","35c78be1070c2bcef3461ea1854e8b98c24021169165434f3a52fe00f8916a1e","ADMITTED_ADEQUATE","ADMITTED","58","58","4","false","cf1839a59ea62d27b7f53c906e3bd9d264c0397dadcc48d3cacfa4e42ba8b4a7","DES_PARA_METHYL_A:172904:model-16"
"DES_PARA_METHYL_A:172904:model-17","DES_PARA_METHYL_A","172904","17","/Users/yazan/totah-lab/research/mettl7-netarsudil-sam-mechanism/phase2-matched-sar/raw/7A_des_para_methyl_seed172904.pdbqt","35c78be1070c2bcef3461ea1854e8b98c24021169165434f3a52fe00f8916a1e","ADMITTED_ADEQUATE","ADMITTED","58","58","6","false","ea3db6366d101c1044e2c34753404691be5c149746086596d712a1f53a79a977","DES_PARA_METHYL_A:172904:model-17"
"DES_PARA_METHYL_A:172904:model-18","DES_PARA_METHYL_A","172904","18","/Users/yazan/totah-lab/research/mettl7-netarsudil-sam-mechanism/phase2-matched-sar/raw/7A_des_para_methyl_seed172904.pdbqt","35c78be1070c2bcef3461ea1854e8b98c24021169165434f3a52fe00f8916a1e","ADMITTED_ADEQUATE","ADMITTED","58","58","7","false","0f1efee219113b101b6a1bfa3b5aedf9e544f4e84a67d8db1c8bd2ef96e46f17","DES_PARA_METHYL_A:172904:model-18"
"DES_PARA_METHYL_A:172904:model-19","DES_PARA_METHYL_A","172904","19","/Users/yazan/totah-lab/research/mettl7-netarsudil-sam-mechanism/phase2-matched-sar/raw/7A_des_para_methyl_seed172904.pdbqt","35c78be1070c2bcef3461ea1854e8b98c24021169165434f3a52fe00f8916a1e","ADMITTED_ADEQUATE","ADMITTED","58","58","4","false","a9e811b454b02344902d5e60670b2a009411a67d62be7692a5cd8d37f3b5cbce","DES_PARA_METHYL_A:172904:model-19"
"DES_PARA_METHYL_A:172904:model-2","DES_PARA_METHYL_A","172904","2","/Users/yazan/totah-lab/research/mettl7-netarsudil-sam-mechanism/phase2-matched-sar/raw/7A_des_para_methyl_seed172904.pdbqt","35c78be1070c2bcef3461ea1854e8b98c24021169165434f3a52fe00f8916a1e","ADMITTED_ADEQUATE","ADMITTED","58","58","5","false","75f10b89ec411eb4354fe15b6239d041692aa75541a25880be3388dafbd64036","DES_PARA_METHYL_A:172904:model-2"
"DES_PARA_METHYL_A:172904:model-3","DES_PARA_METHYL_A","172904","3","/Users/yazan/totah-lab/research/mettl7-netarsudil-sam-mechanism/phase2-matched-sar/raw/7A_des_para_methyl_seed172904.pdbqt","35c78be1070c2bcef3461ea1854e8b98c24021169165434f3a52fe00f8916a1e","ADMITTED_ADEQUATE","ADMITTED","58","58","4","false","119fec0e8b09407c9e86ed9a87dbee20b4d11bac6718b6614d0b9cb87d717069","DES_PARA_METHYL_A:172904:model-3"
"DES_PARA_METHYL_A:172904:model-4","DES_PARA_METHYL_A","172904","4","/Users/yazan/totah-lab/research/mettl7-netarsudil-sam-mechanism/phase2-matched-sar/raw/7A_des_para_methyl_seed172904.pdbqt","35c78be1070c2bcef3461ea1854e8b98c24021169165434f3a52fe00f8916a1e","ADMITTED_ADEQUATE","ADMITTED","58","58","3","false","7d9c3d601672d3657c58bb7cb74a1bbd0ddd263a2de1343c58eb4eaf6db510f0","DES_PARA_METHYL_A:172904:model-4"
"DES_PARA_METHYL_A:172904:model-5","DES_PARA_METHYL_A","172904","5","/Users/yazan/totah-lab/research/mettl7-netarsudil-sam-mechanism/phase2-matched-sar/raw/7A_des_para_methyl_seed172904.pdbqt","35c78be1070c2bcef3461ea1854e8b98c24021169165434f3a52fe00f8916a1e","ADMITTED_ADEQUATE","ADMITTED","58","58","3","false","df00230512320b829c11ab3dce368d9bcb6fa9ca46cb22b2d32cea83b3a82612","DES_PARA_METHYL_A:172904:model-5"
"DES_PARA_METHYL_A:172904:model-6","DES_PARA_METHYL_A","172904","6","/Users/yazan/totah-lab/research/mettl7-netarsudil-sam-mechanism/phase2-matched-sar/raw/7A_des_para_methyl_seed172904.pdbqt","35c78be1070c2bcef3461ea1854e8b98c24021169165434f3a52fe00f8916a1e","ADMITTED_ADEQUATE","ADMITTED","58","58","5","false","fa2207eb3673a63b18300feb12399cb541aa40d0006b7859faf7f40ca179ca78","DES_PARA_METHYL_A:172904:model-6"
"DES_PARA_METHYL_A:172904:model-7","DES_PARA_METHYL_A","172904","7","/Users/yazan/totah-lab/research/mettl7-netarsudil-sam-mechanism/phase2-matched-sar/raw/7A_des_para_methyl_seed172904.pdbqt","35c78be1070c2bcef3461ea1854e8b98c24021169165434f3a52fe00f8916a1e","ADMITTED_ADEQUATE","ADMITTED","58","58","4","false","df1e43b86b81f16b995e9e4565c333b2849d9ba978bcaaf3fe19c0ec5955b3fa","DES_PARA_METHYL_A:172904:model-7"
"DES_PARA_METHYL_A:172904:model-8","DES_PARA_METHYL_A","172904","8","/Users/yazan/totah-lab/research/mettl7-netarsudil-sam-mechanism/phase2-matched-sar/raw/7A_des_para_methyl_seed172904.pdbqt","35c78be1070c2bcef3461ea1854e8b98c24021169165434f3a52fe00f8916a1e","ADMITTED_ADEQUATE","ADMITTED","58","58","8","false","d0f6723d23982db4610c009c400d2f5ef8718913efe38a41f29eed679068e98f","DES_PARA_METHYL_A:172904:model-8"
"DES_PARA_METHYL_A:172904:model-9","DES_PARA_METHYL_A","172904","9","/Users/yazan/totah-lab/research/mettl7-netarsudil-sam-mechanism/phase2-matched-sar/raw/7A_des_para_methyl_seed172904.pdbqt","35c78be1070c2bcef3461ea1854e8b98c24021169165434f3a52fe00f8916a1e","ADMITTED_ADEQUATE","ADMITTED","58","58","7","false","3ab4ed0176428319cdec41667d18202a1a03a163bdfcb07cebc169792b85a3a1","DES_PARA_METHYL_A:172904:model-9"
"DES_PARA_METHYL_A:483271:model-1","DES_PARA_METHYL_A","483271","1","/Users/yazan/totah-lab/research/mettl7-netarsudil-sam-mechanism/phase2-matched-sar/raw/7A_des_para_methyl_seed483271.pdbqt","308c9be60eae27332ee427f17cdad4529ecce94f3d085fc10beb167d18e0e33b","ADMITTED_ADEQUATE","ADMITTED","58","58","7","false","b1e7ffbdb22c37d53527e0c8df6f5d7d818565be0092f2f75c919c1c2acd225c","DES_PARA_METHYL_A:483271:model-1"
"DES_PARA_METHYL_A:483271:model-10","DES_PARA_METHYL_A","483271","10","/Users/yazan/totah-lab/research/mettl7-netarsudil-sam-mechanism/phase2-matched-sar/raw/7A_des_para_methyl_seed483271.pdbqt","308c9be60eae27332ee427f17cdad4529ecce94f3d085fc10beb167d18e0e33b","ADMITTED_ADEQUATE","ADMITTED","58","58","7","false","6e9a75ff9b3ee1e0321232fa3f20d46df38a898407a7c4b51c7803016cd479b6","DES_PARA_METHYL_A:483271:model-10"
"DES_PARA_METHYL_A:483271:model-11","DES_PARA_METHYL_A","483271","11","/Users/yazan/totah-lab/research/mettl7-netarsudil-sam-mechanism/phase2-matched-sar/raw/7A_des_para_methyl_seed483271.pdbqt","308c9be60eae27332ee427f17cdad4529ecce94f3d085fc10beb167d18e0e33b","ADMITTED_ADEQUATE","ADMITTED","58","58","7","false","de62277db35844fce2c2b8fbc3b9db61c0e098762e76b304c0780418530d0dfc","DES_PARA_METHYL_A:483271:model-11"
"DES_PARA_METHYL_A:483271:model-12","DES_PARA_METHYL_A","483271","12","/Users/yazan/totah-lab/research/mettl7-netarsudil-sam-mechanism/phase2-matched-sar/raw/7A_des_para_methyl_seed483271.pdbqt","308c9be60eae27332ee427f17cdad4529ecce94f3d085fc10beb167d18e0e33b","ADMITTED_ADEQUATE","ADMITTED","58","58","6","false","9803465654da92cd827a09033cd3d5ceba4bbd1c3fa69d536ee538f87db397df","DES_PARA_METHYL_A:483271:model-12"
"DES_PARA_METHYL_A:483271:model-13","DES_PARA_METHYL_A","483271","13","/Users/yazan/totah-lab/research/mettl7-netarsudil-sam-mechanism/phase2-matched-sar/raw/7A_des_para_methyl_seed483271.pdbqt","308c9be60eae27332ee427f17cdad4529ecce94f3d085fc10beb167d18e0e33b","ADMITTED_ADEQUATE","ADMITTED","58","58","7","false","c7998ea7f838983a07c0cd8315fd8212f088ed3e8dd2296dbdf0c80b111f8095","DES_PARA_METHYL_A:483271:model-13"
"DES_PARA_METHYL_A:483271:model-14","DES_PARA_METHYL_A","483271","14","/Users/yazan/totah-lab/research/mettl7-netarsudil-sam-mechanism/phase2-matched-sar/raw/7A_des_para_methyl_seed483271.pdbqt","308c9be60eae27332ee427f17cdad4529ecce94f3d085fc10beb167d18e0e33b","ADMITTED_ADEQUATE","ADMITTED","58","58","8","false","105e24fa08cf400867bc6fb9cc125d36b7b072fa1800f102d31d1e35e629b0b8","DES_PARA_METHYL_A:483271:model-14"
"DES_PARA_METHYL_A:483271:model-15","DES_PARA_METHYL_A","483271","15","/Users/yazan/totah-lab/research/mettl7-netarsudil-sam-mechanism/phase2-matched-sar/raw/7A_des_para_methyl_seed483271.pdbqt","308c9be60eae27332ee427f17cdad4529ecce94f3d085fc10beb167d18e0e33b","ADMITTED_ADEQUATE","ADMITTED","58","58","8","false","02d6f75e9ec33c32d4d70e7cf947d84133e7f54398e71f5ce27d801ee50c6d0e","DES_PARA_METHYL_A:483271:model-15"
"DES_PARA_METHYL_A:483271:model-16","DES_PARA_METHYL_A","483271","16","/Users/yazan/totah-lab/research/mettl7-netarsudil-sam-mechanism/phase2-matched-sar/raw/7A_des_para_methyl_seed483271.pdbqt","308c9be60eae27332ee427f17cdad4529ecce94f3d085fc10beb167d18e0e33b","ADMITTED_ADEQUATE","ADMITTED","58","58","3","false","1b7413008eaf15c2c87686aa4753ca41909fa544b7d870a53dc69b25eb19a75f","DES_PARA_METHYL_A:483271:model-16"
"DES_PARA_METHYL_A:483271:model-17","DES_PARA_METHYL_A","483271","17","/Users/yazan/totah-lab/research/mettl7-netarsudil-sam-mechanism/phase2-matched-sar/raw/7A_des_para_methyl_seed483271.pdbqt","308c9be60eae27332ee427f17cdad4529ecce94f3d085fc10beb167d18e0e33b","ADMITTED_ADEQUATE","ADMITTED","58","58","7","false","c6868ad4c6d3c6dcd0762f80217e3250cef35ad6fc8a2b111dc883eef484dced","DES_PARA_METHYL_A:483271:model-17"
"DES_PARA_METHYL_A:483271:model-18","DES_PARA_METHYL_A","483271","18","/Users/yazan/totah-lab/research/mettl7-netarsudil-sam-mechanism/phase2-matched-sar/raw/7A_des_para_methyl_seed483271.pdbqt","308c9be60eae27332ee427f17cdad4529ecce94f3d085fc10beb167d18e0e33b","ADMITTED_ADEQUATE","ADMITTED","58","58","4","false","bb45134c5127dd6d9d9c12b1c6bce78617b051d1a2d4f80a1b73e1a3a382c56c","DES_PARA_METHYL_A:483271:model-18"
"DES_PARA_METHYL_A:483271:model-19","DES_PARA_METHYL_A","483271","19","/Users/yazan/totah-lab/research/mettl7-netarsudil-sam-mechanism/phase2-matched-sar/raw/7A_des_para_methyl_seed483271.pdbqt","308c9be60eae27332ee427f17cdad4529ecce94f3d085fc10beb167d18e0e33b","ADMITTED_ADEQUATE","ADMITTED","58","58","3","false","d0fbefcc432a319d765cb96b2aca4d38346d2faa1e0398686ab1effee3198298","DES_PARA_METHYL_A:483271:model-19"
"DES_PARA_METHYL_A:483271:model-2","DES_PARA_METHYL_A","483271","2","/Users/yazan/totah-lab/research/mettl7-netarsudil-sam-mechanism/phase2-matched-sar/raw/7A_des_para_methyl_seed483271.pdbqt","308c9be60eae27332ee427f17cdad4529ecce94f3d085fc10beb167d18e0e33b","ADMITTED_ADEQUATE","ADMITTED","58","58","6","false","87aff315af3c102b62045e62e33dce3810aaa8cccfed42da9951b032336af798","DES_PARA_METHYL_A:483271:model-2"
"DES_PARA_METHYL_A:483271:model-20","DES_PARA_METHYL_A","483271","20","/Users/yazan/totah-lab/research/mettl7-netarsudil-sam-mechanism/phase2-matched-sar/raw/7A_des_para_methyl_seed483271.pdbqt","308c9be60eae27332ee427f17cdad4529ecce94f3d085fc10beb167d18e0e33b","ADMITTED_ADEQUATE","ADMITTED","58","58","4","false","34a8636c84f5a17789076a5799732aa26f386eeb11bc43145e82409c59d71bc1","DES_PARA_METHYL_A:483271:model-20"
"DES_PARA_METHYL_A:483271:model-3","DES_PARA_METHYL_A","483271","3","/Users/yazan/totah-lab/research/mettl7-netarsudil-sam-mechanism/phase2-matched-sar/raw/7A_des_para_methyl_seed483271.pdbqt","308c9be60eae27332ee427f17cdad4529ecce94f3d085fc10beb167d18e0e33b","ADMITTED_ADEQUATE","ADMITTED","58","58","3","false","734309d763a2eeb48e9401cda8823bf04c1c3982120e176ac31bd2f947406b04","DES_PARA_METHYL_A:483271:model-3"
"DES_PARA_METHYL_A:483271:model-4","DES_PARA_METHYL_A","483271","4","/Users/yazan/totah-lab/research/mettl7-netarsudil-sam-mechanism/phase2-matched-sar/raw/7A_des_para_methyl_seed483271.pdbqt","308c9be60eae27332ee427f17cdad4529ecce94f3d085fc10beb167d18e0e33b","ADMITTED_ADEQUATE","ADMITTED","58","58","3","false","c37d8ccaccde890ea2d508d8b6831affe40717889971696f3bccab3df9a79510","DES_PARA_METHYL_A:483271:model-4"
"DES_PARA_METHYL_A:483271:model-5","DES_PARA_METHYL_A","483271","5","/Users/yazan/totah-lab/research/mettl7-netarsudil-sam-mechanism/phase2-matched-sar/raw/7A_des_para_methyl_seed483271.pdbqt","308c9be60eae27332ee427f17cdad4529ecce94f3d085fc10beb167d18e0e33b","ADMITTED_ADEQUATE","ADMITTED","58","58","5","false","21e2f4a580b76ba2adfdd31658010a827c5e09f40bbde550f741da0a9c112c4e","DES_PARA_METHYL_A:483271:model-5"
"DES_PARA_METHYL_A:483271:model-6","DES_PARA_METHYL_A","483271","6","/Users/yazan/totah-lab/research/mettl7-netarsudil-sam-mechanism/phase2-matched-sar/raw/7A_des_para_methyl_seed483271.pdbqt","308c9be60eae27332ee427f17cdad4529ecce94f3d085fc10beb167d18e0e33b","ADMITTED_ADEQUATE","ADMITTED","58","58","7","false","7ea3be3c790a4b4207b03d7d147bc33096473f0777dd8a5514a5fb84fe5db5e3","DES_PARA_METHYL_A:483271:model-6"
"DES_PARA_METHYL_A:483271:model-7","DES_PARA_METHYL_A","483271","7","/Users/yazan/totah-lab/research/mettl7-netarsudil-sam-mechanism/phase2-matched-sar/raw/7A_des_para_methyl_seed483271.pdbqt","308c9be60eae27332ee427f17cdad4529ecce94f3d085fc10beb167d18e0e33b","ADMITTED_ADEQUATE","ADMITTED","58","58","6","false","f6383fdd11b31ec33e6c800bcc4ff34ccd37a077a4d0fab6a15c84453c406c02","DES_PARA_METHYL_A:483271:model-7"
"DES_PARA_METHYL_A:483271:model-8","DES_PARA_METHYL_A","483271","8","/Users/yazan/totah-lab/research/mettl7-netarsudil-sam-mechanism/phase2-matched-sar/raw/7A_des_para_methyl_seed483271.pdbqt","308c9be60eae27332ee427f17cdad4529ecce94f3d085fc10beb167d18e0e33b","ADMITTED_ADEQUATE","ADMITTED","58","58","4","false","aeec85ec229532bc1774ef3bb1e9edc905452fa29aff305fa9a103fa9e8693fa","DES_PARA_METHYL_A:483271:model-8"
"DES_PARA_METHYL_A:483271:model-9","DES_PARA_METHYL_A","483271","9","/Users/yazan/totah-lab/research/mettl7-netarsudil-sam-mechanism/phase2-matched-sar/raw/7A_des_para_methyl_seed483271.pdbqt","308c9be60eae27332ee427f17cdad4529ecce94f3d085fc10beb167d18e0e33b","ADMITTED_ADEQUATE","ADMITTED","58","58","5","false","bf2e4343ceaaa71c2e0b7e0fca321e67c0f3113bc32b33e457ed54e8045c0eeb","DES_PARA_METHYL_A:483271:model-9"
"DES_PARA_METHYL_A:806519:model-1","DES_PARA_METHYL_A","806519","1","/Users/yazan/totah-lab/research/mettl7-netarsudil-sam-mechanism/phase2-matched-sar/raw/7A_des_para_methyl_seed806519.pdbqt","889211b3d2745d976f309ab77f45ccf7404f692204fd965f35b4cd536e901fd8","ADMITTED_ADEQUATE","ADMITTED","58","58","7","false","3df8512426bb12c53b3dc34de0ef97378e9db4939bba2d8a85c27cb55390a448","DES_PARA_METHYL_A:806519:model-1"
"DES_PARA_METHYL_A:806519:model-10","DES_PARA_METHYL_A","806519","10","/Users/yazan/totah-lab/research/mettl7-netarsudil-sam-mechanism/phase2-matched-sar/raw/7A_des_para_methyl_seed806519.pdbqt","889211b3d2745d976f309ab77f45ccf7404f692204fd965f35b4cd536e901fd8","ADMITTED_ADEQUATE","ADMITTED","58","58","6","false","05dc4bc2981a744f922ced442cab6f7c743407803b9a8c505f01a1109dabd322","DES_PARA_METHYL_A:806519:model-10"
"DES_PARA_METHYL_A:806519:model-11","DES_PARA_METHYL_A","806519","11","/Users/yazan/totah-lab/research/mettl7-netarsudil-sam-mechanism/phase2-matched-sar/raw/7A_des_para_methyl_seed806519.pdbqt","889211b3d2745d976f309ab77f45ccf7404f692204fd965f35b4cd536e901fd8","ADMITTED_ADEQUATE","ADMITTED","58","58","2","false","7b847a86a830197fb5146d391b8db43b6c3b044e5585d1593db6b88fdc5d0fb5","DES_PARA_METHYL_A:806519:model-11"
"DES_PARA_METHYL_A:806519:model-12","DES_PARA_METHYL_A","806519","12","/Users/yazan/totah-lab/research/mettl7-netarsudil-sam-mechanism/phase2-matched-sar/raw/7A_des_para_methyl_seed806519.pdbqt","889211b3d2745d976f309ab77f45ccf7404f692204fd965f35b4cd536e901fd8","ADMITTED_ADEQUATE","ADMITTED","58","58","6","false","09c2d074b24c0a4d596416826ea6286bff6003cd6a86f814a3e750eca792acd9","DES_PARA_METHYL_A:806519:model-12"
"DES_PARA_METHYL_A:806519:model-13","DES_PARA_METHYL_A","806519","13","/Users/yazan/totah-lab/research/mettl7-netarsudil-sam-mechanism/phase2-matched-sar/raw/7A_des_para_methyl_seed806519.pdbqt","889211b3d2745d976f309ab77f45ccf7404f692204fd965f35b4cd536e901fd8","ADMITTED_ADEQUATE","ADMITTED","58","58","9","false","edb470aeca99b3946d1b19479956af6785aaf6ef9f6a6356508bbdd93a0fa775","DES_PARA_METHYL_A:806519:model-13"
"DES_PARA_METHYL_A:806519:model-14","DES_PARA_METHYL_A","806519","14","/Users/yazan/totah-lab/research/mettl7-netarsudil-sam-mechanism/phase2-matched-sar/raw/7A_des_para_methyl_seed806519.pdbqt","889211b3d2745d976f309ab77f45ccf7404f692204fd965f35b4cd536e901fd8","ADMITTED_ADEQUATE","ADMITTED","58","58","5","false","059289ff405366224cc3353ce6c85c361119678bfa2d069e5ff69a200d67e4f2","DES_PARA_METHYL_A:806519:model-14"
"DES_PARA_METHYL_A:806519:model-15","DES_PARA_METHYL_A","806519","15","/Users/yazan/totah-lab/research/mettl7-netarsudil-sam-mechanism/phase2-matched-sar/raw/7A_des_para_methyl_seed806519.pdbqt","889211b3d2745d976f309ab77f45ccf7404f692204fd965f35b4cd536e901fd8","ADMITTED_ADEQUATE","ADMITTED","58","58","9","false","760b4aa67d3f1bf04214638e595ff3cb659cb6693cd8991da8cf380cd85a8f1c","DES_PARA_METHYL_A:806519:model-15"
"DES_PARA_METHYL_A:806519:model-16","DES_PARA_METHYL_A","806519","16","/Users/yazan/totah-lab/research/mettl7-netarsudil-sam-mechanism/phase2-matched-sar/raw/7A_des_para_methyl_seed806519.pdbqt","889211b3d2745d976f309ab77f45ccf7404f692204fd965f35b4cd536e901fd8","ADMITTED_ADEQUATE","ADMITTED","58","58","7","false","57eed98daa5798b45dc19105ba863a67eb24f8628a9116c37ec01b8f50c1b8bd","DES_PARA_METHYL_A:806519:model-16"
"DES_PARA_METHYL_A:806519:model-17","DES_PARA_METHYL_A","806519","17","/Users/yazan/totah-lab/research/mettl7-netarsudil-sam-mechanism/phase2-matched-sar/raw/7A_des_para_methyl_seed806519.pdbqt","889211b3d2745d976f309ab77f45ccf7404f692204fd965f35b4cd536e901fd8","ADMITTED_ADEQUATE","ADMITTED","58","58","8","false","4ea7d2901050418d9e58bb03c9c1bc889da5f090f5e9955f9444d01672c8eb48","DES_PARA_METHYL_A:806519:model-17"
"DES_PARA_METHYL_A:806519:model-18","DES_PARA_METHYL_A","806519","18","/Users/yazan/totah-lab/research/mettl7-netarsudil-sam-mechanism/phase2-matched-sar/raw/7A_des_para_methyl_seed806519.pdbqt","889211b3d2745d976f309ab77f45ccf7404f692204fd965f35b4cd536e901fd8","ADMITTED_ADEQUATE","ADMITTED","58","58","5","false","ae9ca31bdf74902cf2578647739d73d6da731aefab622cfd8ce198eae71073fa","DES_PARA_METHYL_A:806519:model-18"
"DES_PARA_METHYL_A:806519:model-19","DES_PARA_METHYL_A","806519","19","/Users/yazan/totah-lab/research/mettl7-netarsudil-sam-mechanism/phase2-matched-sar/raw/7A_des_para_methyl_seed806519.pdbqt","889211b3d2745d976f309ab77f45ccf7404f692204fd965f35b4cd536e901fd8","ADMITTED_ADEQUATE","ADMITTED","58","58","6","false","783fcb73db5c7c75926bfb65b9ae956d88b80129dcf7bfb74615f3631f10825b","DES_PARA_METHYL_A:806519:model-19"
"DES_PARA_METHYL_A:806519:model-2","DES_PARA_METHYL_A","806519","2","/Users/yazan/totah-lab/research/mettl7-netarsudil-sam-mechanism/phase2-matched-sar/raw/7A_des_para_methyl_seed806519.pdbqt","889211b3d2745d976f309ab77f45ccf7404f692204fd965f35b4cd536e901fd8","ADMITTED_ADEQUATE","ADMITTED","58","58","5","false","eb25a1596772a6c4ab6ed3eb5c90abfcb54bd70c29fb48ffacb8818ccef68fa0","DES_PARA_METHYL_A:806519:model-2"
"DES_PARA_METHYL_A:806519:model-20","DES_PARA_METHYL_A","806519","20","/Users/yazan/totah-lab/research/mettl7-netarsudil-sam-mechanism/phase2-matched-sar/raw/7A_des_para_methyl_seed806519.pdbqt","889211b3d2745d976f309ab77f45ccf7404f692204fd965f35b4cd536e901fd8","ADMITTED_ADEQUATE","ADMITTED","58","58","5","false","bc612bf7477e94d224e31e1ffa837e3daea0beb2a20878e74c5bd6b024efe017","DES_PARA_METHYL_A:806519:model-20"
"DES_PARA_METHYL_A:806519:model-3","DES_PARA_METHYL_A","806519","3","/Users/yazan/totah-lab/research/mettl7-netarsudil-sam-mechanism/phase2-matched-sar/raw/7A_des_para_methyl_seed806519.pdbqt","889211b3d2745d976f309ab77f45ccf7404f692204fd965f35b4cd536e901fd8","ADMITTED_ADEQUATE","ADMITTED","58","58","4","false","9dd1bba453ee6d394df36ec1ecd099a995db22c9587ba5bf574b79655a401581","DES_PARA_METHYL_A:806519:model-3"
"DES_PARA_METHYL_A:806519:model-4","DES_PARA_METHYL_A","806519","4","/Users/yazan/totah-lab/research/mettl7-netarsudil-sam-mechanism/phase2-matched-sar/raw/7A_des_para_methyl_seed806519.pdbqt","889211b3d2745d976f309ab77f45ccf7404f692204fd965f35b4cd536e901fd8","ADMITTED_ADEQUATE","ADMITTED","58","58","2","false","b925643caa8d1367b4397e68fd1db58c539c3052406d0289f3df16f486c2c997","DES_PARA_METHYL_A:806519:model-4"
"DES_PARA_METHYL_A:806519:model-5","DES_PARA_METHYL_A","806519","5","/Users/yazan/totah-lab/research/mettl7-netarsudil-sam-mechanism/phase2-matched-sar/raw/7A_des_para_methyl_seed806519.pdbqt","889211b3d2745d976f309ab77f45ccf7404f692204fd965f35b4cd536e901fd8","ADMITTED_ADEQUATE","ADMITTED","58","58","5","false","3a0b22ea56aca19dfe38820a1aad744a0ba498d97b46bbf3087da705e95c3b22","DES_PARA_METHYL_A:806519:model-5"
"DES_PARA_METHYL_A:806519:model-6","DES_PARA_METHYL_A","806519","6","/Users/yazan/totah-lab/research/mettl7-netarsudil-sam-mechanism/phase2-matched-sar/raw/7A_des_para_methyl_seed806519.pdbqt","889211b3d2745d976f309ab77f45ccf7404f692204fd965f35b4cd536e901fd8","ADMITTED_ADEQUATE","ADMITTED","58","58","4","false","e3735aa70f217ab739a6bf1a580d8324e200ac2e21d219661fba0e813cd40fdb","DES_PARA_METHYL_A:806519:model-6"
"DES_PARA_METHYL_A:806519:model-7","DES_PARA_METHYL_A","806519","7","/Users/yazan/totah-lab/research/mettl7-netarsudil-sam-mechanism/phase2-matched-sar/raw/7A_des_para_methyl_seed806519.pdbqt","889211b3d2745d976f309ab77f45ccf7404f692204fd965f35b4cd536e901fd8","ADMITTED_ADEQUATE","ADMITTED","58","58","9","false","a14f8100ab2d22fceffb0fb16187de326936246c5bb1dbb9a0b5f3b08fc04ff8","DES_PARA_METHYL_A:806519:model-7"
"DES_PARA_METHYL_A:806519:model-8","DES_PARA_METHYL_A","806519","8","/Users/yazan/totah-lab/research/mettl7-netarsudil-sam-mechanism/phase2-matched-sar/raw/7A_des_para_methyl_seed806519.pdbqt","889211b3d2745d976f309ab77f45ccf7404f692204fd965f35b4cd536e901fd8","ADMITTED_ADEQUATE","ADMITTED","58","58","5","false","8fa6d8face3fcaf275d5f2e2390a65c52aa202706da78020d4dc434545fe9c69","DES_PARA_METHYL_A:806519:model-8"
"DES_PARA_METHYL_A:806519:model-9","DES_PARA_METHYL_A","806519","9","/Users/yazan/totah-lab/research/mettl7-netarsudil-sam-mechanism/phase2-matched-sar/raw/7A_des_para_methyl_seed806519.pdbqt","889211b3d2745d976f309ab77f45ccf7404f692204fd965f35b4cd536e901fd8","ADMITTED_ADEQUATE","ADMITTED","58","58","4","false","a2745f76a163c3e179d24aa881f78f3477b188cc2130824e56de16074e12b110","DES_PARA_METHYL_A:806519:model-9"
"DES_PARA_METHYL_B:172904:model-1","DES_PARA_METHYL_B","172904","1","/Users/yazan/totah-lab/research/mettl7-netarsudil-sam-mechanism/phase2-matched-sar/raw/7B_des_para_methyl_seed172904.pdbqt","daef24fd701d22911022e3cb529315725eafa28429d7841aac3d8cd9d553358e","ADMITTED_ADEQUATE","ADMITTED","58","58","4","false","794a05019141979379cc2651e1661900eed7d4bdc81e28a5964d567f4bd194b5","DES_PARA_METHYL_B:172904:model-1"
"DES_PARA_METHYL_B:172904:model-10","DES_PARA_METHYL_B","172904","10","/Users/yazan/totah-lab/research/mettl7-netarsudil-sam-mechanism/phase2-matched-sar/raw/7B_des_para_methyl_seed172904.pdbqt","daef24fd701d22911022e3cb529315725eafa28429d7841aac3d8cd9d553358e","ADMITTED_ADEQUATE","ADMITTED","58","58","5","false","6973247aac9eb39ae838eee44246cc0600e3b7b9cab9096a54967c6a8f3448be","DES_PARA_METHYL_B:172904:model-10"
"DES_PARA_METHYL_B:172904:model-11","DES_PARA_METHYL_B","172904","11","/Users/yazan/totah-lab/research/mettl7-netarsudil-sam-mechanism/phase2-matched-sar/raw/7B_des_para_methyl_seed172904.pdbqt","daef24fd701d22911022e3cb529315725eafa28429d7841aac3d8cd9d553358e","ADMITTED_ADEQUATE","ADMITTED","58","58","5","false","aff6400f3a32fcddefbb1d4e40dcdb401c305015a232fc6070684d1d0e925d3f","DES_PARA_METHYL_B:172904:model-11"
"DES_PARA_METHYL_B:172904:model-12","DES_PARA_METHYL_B","172904","12","/Users/yazan/totah-lab/research/mettl7-netarsudil-sam-mechanism/phase2-matched-sar/raw/7B_des_para_methyl_seed172904.pdbqt","daef24fd701d22911022e3cb529315725eafa28429d7841aac3d8cd9d553358e","ADMITTED_ADEQUATE","ADMITTED","58","58","4","false","782c2334cac8ff1c343230de973e887f89e66c93cb314e65166ec0fe3b9385eb","DES_PARA_METHYL_B:172904:model-12"
"DES_PARA_METHYL_B:172904:model-13","DES_PARA_METHYL_B","172904","13","/Users/yazan/totah-lab/research/mettl7-netarsudil-sam-mechanism/phase2-matched-sar/raw/7B_des_para_methyl_seed172904.pdbqt","daef24fd701d22911022e3cb529315725eafa28429d7841aac3d8cd9d553358e","ADMITTED_ADEQUATE","ADMITTED","58","58","2","false","2aa4f2436ad40158e63d2aba476325ac8e2a60b873e63a64dc9b2e4d85ca9e58","DES_PARA_METHYL_B:172904:model-13"
"DES_PARA_METHYL_B:172904:model-14","DES_PARA_METHYL_B","172904","14","/Users/yazan/totah-lab/research/mettl7-netarsudil-sam-mechanism/phase2-matched-sar/raw/7B_des_para_methyl_seed172904.pdbqt","daef24fd701d22911022e3cb529315725eafa28429d7841aac3d8cd9d553358e","ADMITTED_ADEQUATE","ADMITTED","58","58","4","false","5c19a7d3586d81cb1f1005c0c0c04d49b8e686fc874e6faa7c41ca80e5032990","DES_PARA_METHYL_B:172904:model-14"
"DES_PARA_METHYL_B:172904:model-15","DES_PARA_METHYL_B","172904","15","/Users/yazan/totah-lab/research/mettl7-netarsudil-sam-mechanism/phase2-matched-sar/raw/7B_des_para_methyl_seed172904.pdbqt","daef24fd701d22911022e3cb529315725eafa28429d7841aac3d8cd9d553358e","ADMITTED_ADEQUATE","ADMITTED","58","58","4","false","50956774e87c5001391acd472b96ce294b5c15d5a8dcf067d70126a23aa62649","DES_PARA_METHYL_B:172904:model-15"
"DES_PARA_METHYL_B:172904:model-16","DES_PARA_METHYL_B","172904","16","/Users/yazan/totah-lab/research/mettl7-netarsudil-sam-mechanism/phase2-matched-sar/raw/7B_des_para_methyl_seed172904.pdbqt","daef24fd701d22911022e3cb529315725eafa28429d7841aac3d8cd9d553358e","ADMITTED_ADEQUATE","ADMITTED","58","58","4","false","721d05cd692dd2fe6333277b4cf9cc71f7d36448b869844e3abf4e1a1bef3383","DES_PARA_METHYL_B:172904:model-16"
"DES_PARA_METHYL_B:172904:model-17","DES_PARA_METHYL_B","172904","17","/Users/yazan/totah-lab/research/mettl7-netarsudil-sam-mechanism/phase2-matched-sar/raw/7B_des_para_methyl_seed172904.pdbqt","daef24fd701d22911022e3cb529315725eafa28429d7841aac3d8cd9d553358e","ADMITTED_ADEQUATE","ADMITTED","58","58","2","false","a39175cd8c5ad02b4fbe00dc6626434dbc76b4d99579b59284eba07ec35afb43","DES_PARA_METHYL_B:172904:model-17"
"DES_PARA_METHYL_B:172904:model-18","DES_PARA_METHYL_B","172904","18","/Users/yazan/totah-lab/research/mettl7-netarsudil-sam-mechanism/phase2-matched-sar/raw/7B_des_para_methyl_seed172904.pdbqt","daef24fd701d22911022e3cb529315725eafa28429d7841aac3d8cd9d553358e","ADMITTED_ADEQUATE","ADMITTED","58","58","3","false","88e3d87c519b7151dd4640ad37fcd950a1a8a211d4120a955dbf057984f0296f","DES_PARA_METHYL_B:172904:model-18"
"DES_PARA_METHYL_B:172904:model-19","DES_PARA_METHYL_B","172904","19","/Users/yazan/totah-lab/research/mettl7-netarsudil-sam-mechanism/phase2-matched-sar/raw/7B_des_para_methyl_seed172904.pdbqt","daef24fd701d22911022e3cb529315725eafa28429d7841aac3d8cd9d553358e","ADMITTED_ADEQUATE","ADMITTED","58","58","4","false","d958f448403def7730cbd1602b7ed3ef416562f7376aef7eb68d634781461854","DES_PARA_METHYL_B:172904:model-19"
"DES_PARA_METHYL_B:172904:model-2","DES_PARA_METHYL_B","172904","2","/Users/yazan/totah-lab/research/mettl7-netarsudil-sam-mechanism/phase2-matched-sar/raw/7B_des_para_methyl_seed172904.pdbqt","daef24fd701d22911022e3cb529315725eafa28429d7841aac3d8cd9d553358e","ADMITTED_ADEQUATE","ADMITTED","58","58","4","false","4cd10f2830f82be4d9d1b39cba93f76ba02de67dc69f9968c1d73c00831ba98d","DES_PARA_METHYL_B:172904:model-2"
"DES_PARA_METHYL_B:172904:model-20","DES_PARA_METHYL_B","172904","20","/Users/yazan/totah-lab/research/mettl7-netarsudil-sam-mechanism/phase2-matched-sar/raw/7B_des_para_methyl_seed172904.pdbqt","daef24fd701d22911022e3cb529315725eafa28429d7841aac3d8cd9d553358e","ADMITTED_ADEQUATE","ADMITTED","58","58","3","false","1378e043eae37ce16858ed06cada5676ceb1c0ab55acbbac3949ee8ced80392a","DES_PARA_METHYL_B:172904:model-20"
"DES_PARA_METHYL_B:172904:model-3","DES_PARA_METHYL_B","172904","3","/Users/yazan/totah-lab/research/mettl7-netarsudil-sam-mechanism/phase2-matched-sar/raw/7B_des_para_methyl_seed172904.pdbqt","daef24fd701d22911022e3cb529315725eafa28429d7841aac3d8cd9d553358e","ADMITTED_ADEQUATE","ADMITTED","58","58","3","false","c86bbe88510abbba69324336adb961b3a8e6940b5c42a8af23662bf1b0a9d912","DES_PARA_METHYL_B:172904:model-3"
"DES_PARA_METHYL_B:172904:model-4","DES_PARA_METHYL_B","172904","4","/Users/yazan/totah-lab/research/mettl7-netarsudil-sam-mechanism/phase2-matched-sar/raw/7B_des_para_methyl_seed172904.pdbqt","daef24fd701d22911022e3cb529315725eafa28429d7841aac3d8cd9d553358e","ADMITTED_ADEQUATE","ADMITTED","58","58","4","false","d3837a06f3e60ada41c522978566fdf96707034b1908c7e7f0d7ae72f734fa75","DES_PARA_METHYL_B:172904:model-4"
"DES_PARA_METHYL_B:172904:model-5","DES_PARA_METHYL_B","172904","5","/Users/yazan/totah-lab/research/mettl7-netarsudil-sam-mechanism/phase2-matched-sar/raw/7B_des_para_methyl_seed172904.pdbqt","daef24fd701d22911022e3cb529315725eafa28429d7841aac3d8cd9d553358e","ADMITTED_ADEQUATE","ADMITTED","58","58","6","false","cd3e2aa7e0804020cd8fae6643e82c29193f89dc87fb51c568f68c712596a79f","DES_PARA_METHYL_B:172904:model-5"
"DES_PARA_METHYL_B:172904:model-6","DES_PARA_METHYL_B","172904","6","/Users/yazan/totah-lab/research/mettl7-netarsudil-sam-mechanism/phase2-matched-sar/raw/7B_des_para_methyl_seed172904.pdbqt","daef24fd701d22911022e3cb529315725eafa28429d7841aac3d8cd9d553358e","ADMITTED_ADEQUATE","ADMITTED","58","58","5","false","e05d66fdcd47b4904f60c6af1bc4f1d11d920807316fc71bb6d8d2f4723eb8c5","DES_PARA_METHYL_B:172904:model-6"
"DES_PARA_METHYL_B:172904:model-7","DES_PARA_METHYL_B","172904","7","/Users/yazan/totah-lab/research/mettl7-netarsudil-sam-mechanism/phase2-matched-sar/raw/7B_des_para_methyl_seed172904.pdbqt","daef24fd701d22911022e3cb529315725eafa28429d7841aac3d8cd9d553358e","ADMITTED_ADEQUATE","ADMITTED","58","58","7","false","708fd505a3e011dfef2edd081ba84c13ec85ab3c38b25c19c1a17b22608a6fc9","DES_PARA_METHYL_B:172904:model-7"
"DES_PARA_METHYL_B:172904:model-8","DES_PARA_METHYL_B","172904","8","/Users/yazan/totah-lab/research/mettl7-netarsudil-sam-mechanism/phase2-matched-sar/raw/7B_des_para_methyl_seed172904.pdbqt","daef24fd701d22911022e3cb529315725eafa28429d7841aac3d8cd9d553358e","ADMITTED_ADEQUATE","ADMITTED","58","58","5","false","386227bb18b17fa2fbb188cab35426dfee936758f3a7f01b7f8c35e949c70728","DES_PARA_METHYL_B:172904:model-8"
"DES_PARA_METHYL_B:172904:model-9","DES_PARA_METHYL_B","172904","9","/Users/yazan/totah-lab/research/mettl7-netarsudil-sam-mechanism/phase2-matched-sar/raw/7B_des_para_methyl_seed172904.pdbqt","daef24fd701d22911022e3cb529315725eafa28429d7841aac3d8cd9d553358e","ADMITTED_ADEQUATE","ADMITTED","58","58","4","false","b56b9732e33d196b855f47ed700e65856ca6e57f65dc093f940f57d68903748d","DES_PARA_METHYL_B:172904:model-9"
"DES_PARA_METHYL_B:483271:model-1","DES_PARA_METHYL_B","483271","1","/Users/yazan/totah-lab/research/mettl7-netarsudil-sam-mechanism/phase2-matched-sar/raw/7B_des_para_methyl_seed483271.pdbqt","2c386db0fdec8cf16b6320f1abfd8757cdc4a5d715e1a967e317a10df9fe3dd3","ADMITTED_ADEQUATE","ADMITTED","58","58","4","false","c3e6112c9b94c46c51a07079334a62b07a78cb8eedf814ca0ce3e3b2f9df018b","DES_PARA_METHYL_B:483271:model-1"
"DES_PARA_METHYL_B:483271:model-10","DES_PARA_METHYL_B","483271","10","/Users/yazan/totah-lab/research/mettl7-netarsudil-sam-mechanism/phase2-matched-sar/raw/7B_des_para_methyl_seed483271.pdbqt","2c386db0fdec8cf16b6320f1abfd8757cdc4a5d715e1a967e317a10df9fe3dd3","ADMITTED_ADEQUATE","ADMITTED","58","58","7","false","3cedf4420668e87d2f1f34abfafb157598df16cee35e6ef7670097c792e957d1","DES_PARA_METHYL_B:483271:model-10"
"DES_PARA_METHYL_B:483271:model-11","DES_PARA_METHYL_B","483271","11","/Users/yazan/totah-lab/research/mettl7-netarsudil-sam-mechanism/phase2-matched-sar/raw/7B_des_para_methyl_seed483271.pdbqt","2c386db0fdec8cf16b6320f1abfd8757cdc4a5d715e1a967e317a10df9fe3dd3","ADMITTED_ADEQUATE","ADMITTED","58","58","6","false","d0c758ab5e656cebeb0ed6e1c303d38e57081548fd5981a701ef1f655f5a2274","DES_PARA_METHYL_B:483271:model-11"
"DES_PARA_METHYL_B:483271:model-12","DES_PARA_METHYL_B","483271","12","/Users/yazan/totah-lab/research/mettl7-netarsudil-sam-mechanism/phase2-matched-sar/raw/7B_des_para_methyl_seed483271.pdbqt","2c386db0fdec8cf16b6320f1abfd8757cdc4a5d715e1a967e317a10df9fe3dd3","ADMITTED_ADEQUATE","ADMITTED","58","58","4","false","4ee99010febc78da623a907beea3c45d329c3c6dba43ae45e59065078ac8b1a7","DES_PARA_METHYL_B:483271:model-12"
"DES_PARA_METHYL_B:483271:model-13","DES_PARA_METHYL_B","483271","13","/Users/yazan/totah-lab/research/mettl7-netarsudil-sam-mechanism/phase2-matched-sar/raw/7B_des_para_methyl_seed483271.pdbqt","2c386db0fdec8cf16b6320f1abfd8757cdc4a5d715e1a967e317a10df9fe3dd3","ADMITTED_ADEQUATE","ADMITTED","58","58","4","false","09bede7d5931e1d88fc30ec8e144744296d3e372141e407c105385d9fda86b9e","DES_PARA_METHYL_B:483271:model-13"
"DES_PARA_METHYL_B:483271:model-14","DES_PARA_METHYL_B","483271","14","/Users/yazan/totah-lab/research/mettl7-netarsudil-sam-mechanism/phase2-matched-sar/raw/7B_des_para_methyl_seed483271.pdbqt","2c386db0fdec8cf16b6320f1abfd8757cdc4a5d715e1a967e317a10df9fe3dd3","ADMITTED_ADEQUATE","ADMITTED","58","58","3","false","6e1edcdb7816bbb7ffaaab4afd2e416d9a0c0acbf902f1920dbc6796174dade4","DES_PARA_METHYL_B:483271:model-14"
"DES_PARA_METHYL_B:483271:model-15","DES_PARA_METHYL_B","483271","15","/Users/yazan/totah-lab/research/mettl7-netarsudil-sam-mechanism/phase2-matched-sar/raw/7B_des_para_methyl_seed483271.pdbqt","2c386db0fdec8cf16b6320f1abfd8757cdc4a5d715e1a967e317a10df9fe3dd3","ADMITTED_ADEQUATE","ADMITTED","58","58","4","false","81da5d3f99cd4cd822cbc082958b5a974a0eae7be7004c9c1c85b4409df7d25a","DES_PARA_METHYL_B:483271:model-15"
"DES_PARA_METHYL_B:483271:model-16","DES_PARA_METHYL_B","483271","16","/Users/yazan/totah-lab/research/mettl7-netarsudil-sam-mechanism/phase2-matched-sar/raw/7B_des_para_methyl_seed483271.pdbqt","2c386db0fdec8cf16b6320f1abfd8757cdc4a5d715e1a967e317a10df9fe3dd3","ADMITTED_ADEQUATE","ADMITTED","58","58","4","false","0998a086d53da4852f118635e52830fb24f4bda239864d687d641363f3790109","DES_PARA_METHYL_B:483271:model-16"
"DES_PARA_METHYL_B:483271:model-17","DES_PARA_METHYL_B","483271","17","/Users/yazan/totah-lab/research/mettl7-netarsudil-sam-mechanism/phase2-matched-sar/raw/7B_des_para_methyl_seed483271.pdbqt","2c386db0fdec8cf16b6320f1abfd8757cdc4a5d715e1a967e317a10df9fe3dd3","ADMITTED_ADEQUATE","ADMITTED","58","58","6","false","4190e0434a0471e44ad5bcc969ba1349dcd5a673e19ad79aa18bae4980c2385e","DES_PARA_METHYL_B:483271:model-17"
"DES_PARA_METHYL_B:483271:model-18","DES_PARA_METHYL_B","483271","18","/Users/yazan/totah-lab/research/mettl7-netarsudil-sam-mechanism/phase2-matched-sar/raw/7B_des_para_methyl_seed483271.pdbqt","2c386db0fdec8cf16b6320f1abfd8757cdc4a5d715e1a967e317a10df9fe3dd3","ADMITTED_ADEQUATE","ADMITTED","58","58","6","false","aa5e22c51c1a95038195be8b75279157b85b18d6d275d88b9b46f2c8af135fab","DES_PARA_METHYL_B:483271:model-18"
"DES_PARA_METHYL_B:483271:model-19","DES_PARA_METHYL_B","483271","19","/Users/yazan/totah-lab/research/mettl7-netarsudil-sam-mechanism/phase2-matched-sar/raw/7B_des_para_methyl_seed483271.pdbqt","2c386db0fdec8cf16b6320f1abfd8757cdc4a5d715e1a967e317a10df9fe3dd3","ADMITTED_ADEQUATE","ADMITTED","58","58","1","false","c49ed557dc9c1643599b2ec99dd415b33a089311f7b664d5e60f39af550e4166","DES_PARA_METHYL_B:483271:model-19"
"DES_PARA_METHYL_B:483271:model-2","DES_PARA_METHYL_B","483271","2","/Users/yazan/totah-lab/research/mettl7-netarsudil-sam-mechanism/phase2-matched-sar/raw/7B_des_para_methyl_seed483271.pdbqt","2c386db0fdec8cf16b6320f1abfd8757cdc4a5d715e1a967e317a10df9fe3dd3","ADMITTED_ADEQUATE","ADMITTED","58","58","4","false","5ad5c3136370bef16a2e940521be254f8a84322482f170b132aab4ef60bb56e7","DES_PARA_METHYL_B:483271:model-2"
"DES_PARA_METHYL_B:483271:model-20","DES_PARA_METHYL_B","483271","20","/Users/yazan/totah-lab/research/mettl7-netarsudil-sam-mechanism/phase2-matched-sar/raw/7B_des_para_methyl_seed483271.pdbqt","2c386db0fdec8cf16b6320f1abfd8757cdc4a5d715e1a967e317a10df9fe3dd3","ADMITTED_ADEQUATE","ADMITTED","58","58","3","false","e0645267f81daeaac04928c9743aae2bfa0b57e9330dc5178ab05d83958dbf34","DES_PARA_METHYL_B:483271:model-20"
"DES_PARA_METHYL_B:483271:model-3","DES_PARA_METHYL_B","483271","3","/Users/yazan/totah-lab/research/mettl7-netarsudil-sam-mechanism/phase2-matched-sar/raw/7B_des_para_methyl_seed483271.pdbqt","2c386db0fdec8cf16b6320f1abfd8757cdc4a5d715e1a967e317a10df9fe3dd3","ADMITTED_ADEQUATE","ADMITTED","58","58","5","false","333eb7b50af25e24eab7eeec349e5d57acfd855e9ce81348085faac89335a335","DES_PARA_METHYL_B:483271:model-3"
"DES_PARA_METHYL_B:483271:model-4","DES_PARA_METHYL_B","483271","4","/Users/yazan/totah-lab/research/mettl7-netarsudil-sam-mechanism/phase2-matched-sar/raw/7B_des_para_methyl_seed483271.pdbqt","2c386db0fdec8cf16b6320f1abfd8757cdc4a5d715e1a967e317a10df9fe3dd3","ADMITTED_ADEQUATE","ADMITTED","58","58","4","false","2bcb229d9e7369e45415019657d7806e539b1283519112a2339ea9e466f14cef","DES_PARA_METHYL_B:483271:model-4"
"DES_PARA_METHYL_B:483271:model-5","DES_PARA_METHYL_B","483271","5","/Users/yazan/totah-lab/research/mettl7-netarsudil-sam-mechanism/phase2-matched-sar/raw/7B_des_para_methyl_seed483271.pdbqt","2c386db0fdec8cf16b6320f1abfd8757cdc4a5d715e1a967e317a10df9fe3dd3","ADMITTED_ADEQUATE","ADMITTED","58","58","3","false","7f7c02e2dc43f4d97cb28dbf24f649d54d139d3151a9c2dcfd68ed3cee103722","DES_PARA_METHYL_B:483271:model-5"
"DES_PARA_METHYL_B:483271:model-6","DES_PARA_METHYL_B","483271","6","/Users/yazan/totah-lab/research/mettl7-netarsudil-sam-mechanism/phase2-matched-sar/raw/7B_des_para_methyl_seed483271.pdbqt","2c386db0fdec8cf16b6320f1abfd8757cdc4a5d715e1a967e317a10df9fe3dd3","ADMITTED_ADEQUATE","ADMITTED","58","58","6","false","6a07fd654c26ecfd93044660084de686b8ef0655f02e1eac94162ce206eba412","DES_PARA_METHYL_B:483271:model-6"
"DES_PARA_METHYL_B:483271:model-7","DES_PARA_METHYL_B","483271","7","/Users/yazan/totah-lab/research/mettl7-netarsudil-sam-mechanism/phase2-matched-sar/raw/7B_des_para_methyl_seed483271.pdbqt","2c386db0fdec8cf16b6320f1abfd8757cdc4a5d715e1a967e317a10df9fe3dd3","ADMITTED_ADEQUATE","ADMITTED","58","58","4","false","ed10c53e6e2720c5ef3cd9a6a23a6cea23889e15fe2ff38e560f7277b08d3a75","DES_PARA_METHYL_B:483271:model-7"
"DES_PARA_METHYL_B:483271:model-8","DES_PARA_METHYL_B","483271","8","/Users/yazan/totah-lab/research/mettl7-netarsudil-sam-mechanism/phase2-matched-sar/raw/7B_des_para_methyl_seed483271.pdbqt","2c386db0fdec8cf16b6320f1abfd8757cdc4a5d715e1a967e317a10df9fe3dd3","ADMITTED_ADEQUATE","ADMITTED","58","58","5","false","d0ce7f30e8fb8c325c5ea8ed6c08fc38f6268d82dba2736c2a96f5556a169d03","DES_PARA_METHYL_B:483271:model-8"
"DES_PARA_METHYL_B:483271:model-9","DES_PARA_METHYL_B","483271","9","/Users/yazan/totah-lab/research/mettl7-netarsudil-sam-mechanism/phase2-matched-sar/raw/7B_des_para_methyl_seed483271.pdbqt","2c386db0fdec8cf16b6320f1abfd8757cdc4a5d715e1a967e317a10df9fe3dd3","ADMITTED_ADEQUATE","ADMITTED","58","58","3","false","a95dbb7d75964579129127ff705a8688c4d590c75298711dfe67cc148d7240e9","DES_PARA_METHYL_B:483271:model-9"
"DES_PARA_METHYL_B:806519:model-1","DES_PARA_METHYL_B","806519","1","/Users/yazan/totah-lab/research/mettl7-netarsudil-sam-mechanism/phase2-matched-sar/raw/7B_des_para_methyl_seed806519.pdbqt","dea3efab5f64d9bccd4eabd0b27be4086d4762e0fddeeb72f2564aa0e5002574","ADMITTED_ADEQUATE","ADMITTED","58","58","4","false","72de74c0c90045424d60d7820281acc3cd22019e815a12d04f3c755da01476db","DES_PARA_METHYL_B:806519:model-1"
"DES_PARA_METHYL_B:806519:model-10","DES_PARA_METHYL_B","806519","10","/Users/yazan/totah-lab/research/mettl7-netarsudil-sam-mechanism/phase2-matched-sar/raw/7B_des_para_methyl_seed806519.pdbqt","dea3efab5f64d9bccd4eabd0b27be4086d4762e0fddeeb72f2564aa0e5002574","ADMITTED_ADEQUATE","ADMITTED","58","58","5","false","499657a676144fef4a2643eef545db22e21a72581db6bd45b4155d87b7c80561","DES_PARA_METHYL_B:806519:model-10"
"DES_PARA_METHYL_B:806519:model-11","DES_PARA_METHYL_B","806519","11","/Users/yazan/totah-lab/research/mettl7-netarsudil-sam-mechanism/phase2-matched-sar/raw/7B_des_para_methyl_seed806519.pdbqt","dea3efab5f64d9bccd4eabd0b27be4086d4762e0fddeeb72f2564aa0e5002574","ADMITTED_ADEQUATE","ADMITTED","58","58","4","false","c8e0d6952af16f04864042542bb473cc84aa44903b698af59bcb1cff19a6770c","DES_PARA_METHYL_B:806519:model-11"
"DES_PARA_METHYL_B:806519:model-12","DES_PARA_METHYL_B","806519","12","/Users/yazan/totah-lab/research/mettl7-netarsudil-sam-mechanism/phase2-matched-sar/raw/7B_des_para_methyl_seed806519.pdbqt","dea3efab5f64d9bccd4eabd0b27be4086d4762e0fddeeb72f2564aa0e5002574","ADMITTED_ADEQUATE","ADMITTED","58","58","4","false","39a7d1b3341b0370c6538819b7b6a1f4cb2eadb40a255ae7465ad694b313287c","DES_PARA_METHYL_B:806519:model-12"
"DES_PARA_METHYL_B:806519:model-13","DES_PARA_METHYL_B","806519","13","/Users/yazan/totah-lab/research/mettl7-netarsudil-sam-mechanism/phase2-matched-sar/raw/7B_des_para_methyl_seed806519.pdbqt","dea3efab5f64d9bccd4eabd0b27be4086d4762e0fddeeb72f2564aa0e5002574","ADMITTED_ADEQUATE","ADMITTED","58","58","2","false","60182afd329b00b42a696aee6d843b1149222e49b34acd2b7143f56e6c91351c","DES_PARA_METHYL_B:806519:model-13"
"DES_PARA_METHYL_B:806519:model-14","DES_PARA_METHYL_B","806519","14","/Users/yazan/totah-lab/research/mettl7-netarsudil-sam-mechanism/phase2-matched-sar/raw/7B_des_para_methyl_seed806519.pdbqt","dea3efab5f64d9bccd4eabd0b27be4086d4762e0fddeeb72f2564aa0e5002574","ADMITTED_ADEQUATE","ADMITTED","58","58","4","false","c773391fde7e6c82227bdc9b84e26b499c860a58fa0854409c0eaca428f3b013","DES_PARA_METHYL_B:806519:model-14"
"DES_PARA_METHYL_B:806519:model-15","DES_PARA_METHYL_B","806519","15","/Users/yazan/totah-lab/research/mettl7-netarsudil-sam-mechanism/phase2-matched-sar/raw/7B_des_para_methyl_seed806519.pdbqt","dea3efab5f64d9bccd4eabd0b27be4086d4762e0fddeeb72f2564aa0e5002574","ADMITTED_ADEQUATE","ADMITTED","58","58","3","false","9defdb2fd8cdcb4d7c8c9e726f937032c60622f79c123e708c80970484e9075b","DES_PARA_METHYL_B:806519:model-15"
"DES_PARA_METHYL_B:806519:model-16","DES_PARA_METHYL_B","806519","16","/Users/yazan/totah-lab/research/mettl7-netarsudil-sam-mechanism/phase2-matched-sar/raw/7B_des_para_methyl_seed806519.pdbqt","dea3efab5f64d9bccd4eabd0b27be4086d4762e0fddeeb72f2564aa0e5002574","ADMITTED_ADEQUATE","ADMITTED","58","58","3","false","02efaa93dfff2e12c3f740e7f60c22c53cb25ce9fb698558e339ca108dc5d044","DES_PARA_METHYL_B:806519:model-16"
"DES_PARA_METHYL_B:806519:model-17","DES_PARA_METHYL_B","806519","17","/Users/yazan/totah-lab/research/mettl7-netarsudil-sam-mechanism/phase2-matched-sar/raw/7B_des_para_methyl_seed806519.pdbqt","dea3efab5f64d9bccd4eabd0b27be4086d4762e0fddeeb72f2564aa0e5002574","ADMITTED_ADEQUATE","ADMITTED","58","58","3","false","ccf6989c2dbff39ad2558d0340ab1f4c6c4b1aec4821ffe838d4d31543c4609e","DES_PARA_METHYL_B:806519:model-17"
"DES_PARA_METHYL_B:806519:model-18","DES_PARA_METHYL_B","806519","18","/Users/yazan/totah-lab/research/mettl7-netarsudil-sam-mechanism/phase2-matched-sar/raw/7B_des_para_methyl_seed806519.pdbqt","dea3efab5f64d9bccd4eabd0b27be4086d4762e0fddeeb72f2564aa0e5002574","ADMITTED_ADEQUATE","ADMITTED","58","58","4","false","eed682961d56be0c322c055f27a87b31dfbf41d26ca91e9ec7b12ad38f395f8d","DES_PARA_METHYL_B:806519:model-18"
"DES_PARA_METHYL_B:806519:model-19","DES_PARA_METHYL_B","806519","19","/Users/yazan/totah-lab/research/mettl7-netarsudil-sam-mechanism/phase2-matched-sar/raw/7B_des_para_methyl_seed806519.pdbqt","dea3efab5f64d9bccd4eabd0b27be4086d4762e0fddeeb72f2564aa0e5002574","ADMITTED_ADEQUATE","ADMITTED","58","58","4","false","524c40b1c11084a44221043c683f3e9332ff729ba252e957daa79448bd9fc5bf","DES_PARA_METHYL_B:806519:model-19"
"DES_PARA_METHYL_B:806519:model-2","DES_PARA_METHYL_B","806519","2","/Users/yazan/totah-lab/research/mettl7-netarsudil-sam-mechanism/phase2-matched-sar/raw/7B_des_para_methyl_seed806519.pdbqt","dea3efab5f64d9bccd4eabd0b27be4086d4762e0fddeeb72f2564aa0e5002574","ADMITTED_ADEQUATE","ADMITTED","58","58","3","false","a796640fcadb01bb1655d2eefbb21b9c7673e0b249a28fb2ad4024bf48e9a22d","DES_PARA_METHYL_B:806519:model-2"
"DES_PARA_METHYL_B:806519:model-20","DES_PARA_METHYL_B","806519","20","/Users/yazan/totah-lab/research/mettl7-netarsudil-sam-mechanism/phase2-matched-sar/raw/7B_des_para_methyl_seed806519.pdbqt","dea3efab5f64d9bccd4eabd0b27be4086d4762e0fddeeb72f2564aa0e5002574","ADMITTED_ADEQUATE","ADMITTED","58","58","2","false","6a0ae18b17a1f84920b0f2a5b74221b869ca92684c7191dd89923641e4b33206","DES_PARA_METHYL_B:806519:model-20"
"DES_PARA_METHYL_B:806519:model-3","DES_PARA_METHYL_B","806519","3","/Users/yazan/totah-lab/research/mettl7-netarsudil-sam-mechanism/phase2-matched-sar/raw/7B_des_para_methyl_seed806519.pdbqt","dea3efab5f64d9bccd4eabd0b27be4086d4762e0fddeeb72f2564aa0e5002574","ADMITTED_ADEQUATE","ADMITTED","58","58","3","false","13454714b05dd9339f92d987ed5b565018de3178d3330db04ed9c50f3c1dfe65","DES_PARA_METHYL_B:806519:model-3"
"DES_PARA_METHYL_B:806519:model-4","DES_PARA_METHYL_B","806519","4","/Users/yazan/totah-lab/research/mettl7-netarsudil-sam-mechanism/phase2-matched-sar/raw/7B_des_para_methyl_seed806519.pdbqt","dea3efab5f64d9bccd4eabd0b27be4086d4762e0fddeeb72f2564aa0e5002574","ADMITTED_ADEQUATE","ADMITTED","58","58","5","false","a6fb6a45bd496d46f0f2e5d43ce90b6b118cfbc97abe7a985ff8ee113e01610a","DES_PARA_METHYL_B:806519:model-4"
"DES_PARA_METHYL_B:806519:model-5","DES_PARA_METHYL_B","806519","5","/Users/yazan/totah-lab/research/mettl7-netarsudil-sam-mechanism/phase2-matched-sar/raw/7B_des_para_methyl_seed806519.pdbqt","dea3efab5f64d9bccd4eabd0b27be4086d4762e0fddeeb72f2564aa0e5002574","ADMITTED_ADEQUATE","ADMITTED","58","58","6","false","1d2102e12aadc9246651e1deab88b0e4fb37421c5a4a89212a39ad4ac6fa3339","DES_PARA_METHYL_B:806519:model-5"
"DES_PARA_METHYL_B:806519:model-6","DES_PARA_METHYL_B","806519","6","/Users/yazan/totah-lab/research/mettl7-netarsudil-sam-mechanism/phase2-matched-sar/raw/7B_des_para_methyl_seed806519.pdbqt","dea3efab5f64d9bccd4eabd0b27be4086d4762e0fddeeb72f2564aa0e5002574","ADMITTED_ADEQUATE","ADMITTED","58","58","7","false","3d87bd54a6cf50d79aacb3dfa2a4a8c957c235004de2cfbcbe1fd3b3fe6543ca","DES_PARA_METHYL_B:806519:model-6"
"DES_PARA_METHYL_B:806519:model-7","DES_PARA_METHYL_B","806519","7","/Users/yazan/totah-lab/research/mettl7-netarsudil-sam-mechanism/phase2-matched-sar/raw/7B_des_para_methyl_seed806519.pdbqt","dea3efab5f64d9bccd4eabd0b27be4086d4762e0fddeeb72f2564aa0e5002574","ADMITTED_ADEQUATE","ADMITTED","58","58","6","false","812387da0c900c55508a2470466f546cb2d46fd20db6e25b28d6bf1346fe6a9f","DES_PARA_METHYL_B:806519:model-7"
"DES_PARA_METHYL_B:806519:model-8","DES_PARA_METHYL_B","806519","8","/Users/yazan/totah-lab/research/mettl7-netarsudil-sam-mechanism/phase2-matched-sar/raw/7B_des_para_methyl_seed806519.pdbqt","dea3efab5f64d9bccd4eabd0b27be4086d4762e0fddeeb72f2564aa0e5002574","ADMITTED_ADEQUATE","ADMITTED","58","58","2","false","a0545f1096eb9329458eb6d9d361f9fe36f45b5d69bdad927ca7e096aa568766","DES_PARA_METHYL_B:806519:model-8"
"DES_PARA_METHYL_B:806519:model-9","DES_PARA_METHYL_B","806519","9","/Users/yazan/totah-lab/research/mettl7-netarsudil-sam-mechanism/phase2-matched-sar/raw/7B_des_para_methyl_seed806519.pdbqt","dea3efab5f64d9bccd4eabd0b27be4086d4762e0fddeeb72f2564aa0e5002574","ADMITTED_ADEQUATE","ADMITTED","58","58","4","false","d91f77fefca22acc2769e32527c1ecb33984871681676bdb2b4738d19af7779d","DES_PARA_METHYL_B:806519:model-9"
"N_ACETYL_AMINE_A:172904:model-1","N_ACETYL_AMINE_A","172904","1","/Users/yazan/totah-lab/research/mettl7-netarsudil-sam-mechanism/phase2-matched-sar/raw/7A_n_acetyl_amine_seed172904.pdbqt","cada2af7db070cb3368bbf148a5b45b02f6abf2ed42896bb8795f9eed5a439ac","ADMITTED_ADEQUATE","ADMITTED","66","66","6","false","f656ab0118fda360073efe7d297da4a05ad8e72c324ed39d46dbd0da2ba161c0","N_ACETYL_AMINE_A:172904:model-1"
"N_ACETYL_AMINE_A:172904:model-10","N_ACETYL_AMINE_A","172904","10","/Users/yazan/totah-lab/research/mettl7-netarsudil-sam-mechanism/phase2-matched-sar/raw/7A_n_acetyl_amine_seed172904.pdbqt","cada2af7db070cb3368bbf148a5b45b02f6abf2ed42896bb8795f9eed5a439ac","ADMITTED_ADEQUATE","ADMITTED","66","66","6","false","ea6efe0cbcf41efc6ed08f5b52fe53db2624180ca4fc1eb818ab7e8dbae89e6e","N_ACETYL_AMINE_A:172904:model-10"
"N_ACETYL_AMINE_A:172904:model-11","N_ACETYL_AMINE_A","172904","11","/Users/yazan/totah-lab/research/mettl7-netarsudil-sam-mechanism/phase2-matched-sar/raw/7A_n_acetyl_amine_seed172904.pdbqt","cada2af7db070cb3368bbf148a5b45b02f6abf2ed42896bb8795f9eed5a439ac","ADMITTED_ADEQUATE","ADMITTED","66","66","6","false","a5d9208226d90f65f7d3b3b32adc6b75135b67935d427285ccc67bf69cb92401","N_ACETYL_AMINE_A:172904:model-11"
"N_ACETYL_AMINE_A:172904:model-12","N_ACETYL_AMINE_A","172904","12","/Users/yazan/totah-lab/research/mettl7-netarsudil-sam-mechanism/phase2-matched-sar/raw/7A_n_acetyl_amine_seed172904.pdbqt","cada2af7db070cb3368bbf148a5b45b02f6abf2ed42896bb8795f9eed5a439ac","ADMITTED_ADEQUATE","ADMITTED","66","66","9","false","cc91925f7eeff438c80fa537d3423539df49a8010a3c640b187addfbb7a11bef","N_ACETYL_AMINE_A:172904:model-12"
"N_ACETYL_AMINE_A:172904:model-13","N_ACETYL_AMINE_A","172904","13","/Users/yazan/totah-lab/research/mettl7-netarsudil-sam-mechanism/phase2-matched-sar/raw/7A_n_acetyl_amine_seed172904.pdbqt","cada2af7db070cb3368bbf148a5b45b02f6abf2ed42896bb8795f9eed5a439ac","ADMITTED_ADEQUATE","ADMITTED","66","66","4","false","39e92a6ff306bb08c6e5b64950992de448ce7b5dc8b30a5081848aca80881ea8","N_ACETYL_AMINE_A:172904:model-13"
"N_ACETYL_AMINE_A:172904:model-14","N_ACETYL_AMINE_A","172904","14","/Users/yazan/totah-lab/research/mettl7-netarsudil-sam-mechanism/phase2-matched-sar/raw/7A_n_acetyl_amine_seed172904.pdbqt","cada2af7db070cb3368bbf148a5b45b02f6abf2ed42896bb8795f9eed5a439ac","ADMITTED_ADEQUATE","ADMITTED","66","66","6","false","5809f23c93a4f62a108aae1d7ee1be53f6703bf60562df2c27fe76c062ed226a","N_ACETYL_AMINE_A:172904:model-14"
"N_ACETYL_AMINE_A:172904:model-15","N_ACETYL_AMINE_A","172904","15","/Users/yazan/totah-lab/research/mettl7-netarsudil-sam-mechanism/phase2-matched-sar/raw/7A_n_acetyl_amine_seed172904.pdbqt","cada2af7db070cb3368bbf148a5b45b02f6abf2ed42896bb8795f9eed5a439ac","ADMITTED_ADEQUATE","ADMITTED","66","66","3","false","4df5750eb62d6691949d1fca89065e8fa513a9c1d336356bcdd907e5bd87acca","N_ACETYL_AMINE_A:172904:model-15"
"N_ACETYL_AMINE_A:172904:model-16","N_ACETYL_AMINE_A","172904","16","/Users/yazan/totah-lab/research/mettl7-netarsudil-sam-mechanism/phase2-matched-sar/raw/7A_n_acetyl_amine_seed172904.pdbqt","cada2af7db070cb3368bbf148a5b45b02f6abf2ed42896bb8795f9eed5a439ac","ADMITTED_ADEQUATE","ADMITTED","66","66","6","false","011e6f34e5186084d1cbb4fb44b2224ec6bf51c8a09d1dd9867e6e093c9734c7","N_ACETYL_AMINE_A:172904:model-16"
"N_ACETYL_AMINE_A:172904:model-17","N_ACETYL_AMINE_A","172904","17","/Users/yazan/totah-lab/research/mettl7-netarsudil-sam-mechanism/phase2-matched-sar/raw/7A_n_acetyl_amine_seed172904.pdbqt","cada2af7db070cb3368bbf148a5b45b02f6abf2ed42896bb8795f9eed5a439ac","ADMITTED_ADEQUATE","ADMITTED","66","66","7","false","76a058def783b0806888fd60ae7c26f577141fa2a0de2556b7c14864b30ccb34","N_ACETYL_AMINE_A:172904:model-17"
"N_ACETYL_AMINE_A:172904:model-18","N_ACETYL_AMINE_A","172904","18","/Users/yazan/totah-lab/research/mettl7-netarsudil-sam-mechanism/phase2-matched-sar/raw/7A_n_acetyl_amine_seed172904.pdbqt","cada2af7db070cb3368bbf148a5b45b02f6abf2ed42896bb8795f9eed5a439ac","ADMITTED_ADEQUATE","ADMITTED","66","66","7","false","aa51681b6e3c060b6e4bab9e91a4ba22adcc2cee02d38ef4cff85b5d68003e23","N_ACETYL_AMINE_A:172904:model-18"
"N_ACETYL_AMINE_A:172904:model-19","N_ACETYL_AMINE_A","172904","19","/Users/yazan/totah-lab/research/mettl7-netarsudil-sam-mechanism/phase2-matched-sar/raw/7A_n_acetyl_amine_seed172904.pdbqt","cada2af7db070cb3368bbf148a5b45b02f6abf2ed42896bb8795f9eed5a439ac","ADMITTED_ADEQUATE","ADMITTED","66","66","5","false","59c7b672df79ebff57498e1c23c237eb9cd45aea260a0bb66ec7030743dbeff6","N_ACETYL_AMINE_A:172904:model-19"
"N_ACETYL_AMINE_A:172904:model-2","N_ACETYL_AMINE_A","172904","2","/Users/yazan/totah-lab/research/mettl7-netarsudil-sam-mechanism/phase2-matched-sar/raw/7A_n_acetyl_amine_seed172904.pdbqt","cada2af7db070cb3368bbf148a5b45b02f6abf2ed42896bb8795f9eed5a439ac","ADMITTED_ADEQUATE","ADMITTED","66","66","6","false","b8bb23d7620a1b7d945f91befc27a8871277c48b7cc70f0ded4cb741696b8709","N_ACETYL_AMINE_A:172904:model-2"
"N_ACETYL_AMINE_A:172904:model-20","N_ACETYL_AMINE_A","172904","20","/Users/yazan/totah-lab/research/mettl7-netarsudil-sam-mechanism/phase2-matched-sar/raw/7A_n_acetyl_amine_seed172904.pdbqt","cada2af7db070cb3368bbf148a5b45b02f6abf2ed42896bb8795f9eed5a439ac","ADMITTED_ADEQUATE","ADMITTED","66","66","5","false","a289275e6a320fcba6653cbd66c00f0b587f203029942c631e98e9b44ff62596","N_ACETYL_AMINE_A:172904:model-20"
"N_ACETYL_AMINE_A:172904:model-3","N_ACETYL_AMINE_A","172904","3","/Users/yazan/totah-lab/research/mettl7-netarsudil-sam-mechanism/phase2-matched-sar/raw/7A_n_acetyl_amine_seed172904.pdbqt","cada2af7db070cb3368bbf148a5b45b02f6abf2ed42896bb8795f9eed5a439ac","ADMITTED_ADEQUATE","ADMITTED","66","66","6","false","c2d9af3e9fc8de1d16ba01ea36290ef7f6aa2c8b90bb103be631869a29d35ae3","N_ACETYL_AMINE_A:172904:model-3"
"N_ACETYL_AMINE_A:172904:model-4","N_ACETYL_AMINE_A","172904","4","/Users/yazan/totah-lab/research/mettl7-netarsudil-sam-mechanism/phase2-matched-sar/raw/7A_n_acetyl_amine_seed172904.pdbqt","cada2af7db070cb3368bbf148a5b45b02f6abf2ed42896bb8795f9eed5a439ac","ADMITTED_ADEQUATE","ADMITTED","66","66","7","false","d10dbc52633731eb77ca880a2d18d51fcc66b9d4327a19f21474ad0fc67b6e10","N_ACETYL_AMINE_A:172904:model-4"
"N_ACETYL_AMINE_A:172904:model-5","N_ACETYL_AMINE_A","172904","5","/Users/yazan/totah-lab/research/mettl7-netarsudil-sam-mechanism/phase2-matched-sar/raw/7A_n_acetyl_amine_seed172904.pdbqt","cada2af7db070cb3368bbf148a5b45b02f6abf2ed42896bb8795f9eed5a439ac","ADMITTED_ADEQUATE","ADMITTED","66","66","7","false","b421a96921025153e90d0e141b8ab39c6a3fe5b28fc9247e74add1f770835bfc","N_ACETYL_AMINE_A:172904:model-5"
"N_ACETYL_AMINE_A:172904:model-6","N_ACETYL_AMINE_A","172904","6","/Users/yazan/totah-lab/research/mettl7-netarsudil-sam-mechanism/phase2-matched-sar/raw/7A_n_acetyl_amine_seed172904.pdbqt","cada2af7db070cb3368bbf148a5b45b02f6abf2ed42896bb8795f9eed5a439ac","ADMITTED_ADEQUATE","ADMITTED","66","66","6","false","0170ab223e11283cd5b4d56437e1ee76d3c76e77c386f0f05e834997042701bd","N_ACETYL_AMINE_A:172904:model-6"
"N_ACETYL_AMINE_A:172904:model-7","N_ACETYL_AMINE_A","172904","7","/Users/yazan/totah-lab/research/mettl7-netarsudil-sam-mechanism/phase2-matched-sar/raw/7A_n_acetyl_amine_seed172904.pdbqt","cada2af7db070cb3368bbf148a5b45b02f6abf2ed42896bb8795f9eed5a439ac","ADMITTED_ADEQUATE","ADMITTED","66","66","6","false","715feeb43d78b5dc1445a77e62f104f229e9f90320457dfd0a21edad72d8b9f3","N_ACETYL_AMINE_A:172904:model-7"
"N_ACETYL_AMINE_A:172904:model-8","N_ACETYL_AMINE_A","172904","8","/Users/yazan/totah-lab/research/mettl7-netarsudil-sam-mechanism/phase2-matched-sar/raw/7A_n_acetyl_amine_seed172904.pdbqt","cada2af7db070cb3368bbf148a5b45b02f6abf2ed42896bb8795f9eed5a439ac","ADMITTED_ADEQUATE","ADMITTED","66","66","7","false","397590490de632934dc2d049f1d25492206d5f0e1ae66899740871b3e52035be","N_ACETYL_AMINE_A:172904:model-8"
"N_ACETYL_AMINE_A:172904:model-9","N_ACETYL_AMINE_A","172904","9","/Users/yazan/totah-lab/research/mettl7-netarsudil-sam-mechanism/phase2-matched-sar/raw/7A_n_acetyl_amine_seed172904.pdbqt","cada2af7db070cb3368bbf148a5b45b02f6abf2ed42896bb8795f9eed5a439ac","ADMITTED_ADEQUATE","ADMITTED","66","66","6","false","9292baa9859b558f0aa7d3a8e905f4029eacc0f1294719ac741d1dce625fd7a9","N_ACETYL_AMINE_A:172904:model-9"
"N_ACETYL_AMINE_A:483271:model-1","N_ACETYL_AMINE_A","483271","1","/Users/yazan/totah-lab/research/mettl7-netarsudil-sam-mechanism/phase2-matched-sar/raw/7A_n_acetyl_amine_seed483271.pdbqt","b82696ec32aaf9f25280c50e50a52bf822cedab902848fd411da81b4dcdf272d","ADMITTED_ADEQUATE","ADMITTED","66","66","7","false","080e86b65660e48558db2c6ffc4d12dbd7dd51231f6645828609f258215dad59","N_ACETYL_AMINE_A:483271:model-1"
"N_ACETYL_AMINE_A:483271:model-10","N_ACETYL_AMINE_A","483271","10","/Users/yazan/totah-lab/research/mettl7-netarsudil-sam-mechanism/phase2-matched-sar/raw/7A_n_acetyl_amine_seed483271.pdbqt","b82696ec32aaf9f25280c50e50a52bf822cedab902848fd411da81b4dcdf272d","ADMITTED_ADEQUATE","ADMITTED","66","66","6","false","6de884a34d2462839794626b048959e6dbff564f4dea92ea5879614ac9bffb48","N_ACETYL_AMINE_A:483271:model-10"
"N_ACETYL_AMINE_A:483271:model-11","N_ACETYL_AMINE_A","483271","11","/Users/yazan/totah-lab/research/mettl7-netarsudil-sam-mechanism/phase2-matched-sar/raw/7A_n_acetyl_amine_seed483271.pdbqt","b82696ec32aaf9f25280c50e50a52bf822cedab902848fd411da81b4dcdf272d","ADMITTED_ADEQUATE","ADMITTED","66","66","5","false","fffe8131e17652b022154f35da861d64e13e605ac242cb8b200e0d7a880c064b","N_ACETYL_AMINE_A:483271:model-11"
"N_ACETYL_AMINE_A:483271:model-12","N_ACETYL_AMINE_A","483271","12","/Users/yazan/totah-lab/research/mettl7-netarsudil-sam-mechanism/phase2-matched-sar/raw/7A_n_acetyl_amine_seed483271.pdbqt","b82696ec32aaf9f25280c50e50a52bf822cedab902848fd411da81b4dcdf272d","ADMITTED_ADEQUATE","ADMITTED","66","66","6","false","735632cebbea7b7cef3e6b7565136ae2a030589c12fe87a24573ec1c46190cbd","N_ACETYL_AMINE_A:483271:model-12"
"N_ACETYL_AMINE_A:483271:model-13","N_ACETYL_AMINE_A","483271","13","/Users/yazan/totah-lab/research/mettl7-netarsudil-sam-mechanism/phase2-matched-sar/raw/7A_n_acetyl_amine_seed483271.pdbqt","b82696ec32aaf9f25280c50e50a52bf822cedab902848fd411da81b4dcdf272d","ADMITTED_ADEQUATE","ADMITTED","66","66","6","false","6884c7a37b28a06fdb852e7c93f67330e1cfd7a78a2316edb9075f719eb47d28","N_ACETYL_AMINE_A:483271:model-13"
"N_ACETYL_AMINE_A:483271:model-14","N_ACETYL_AMINE_A","483271","14","/Users/yazan/totah-lab/research/mettl7-netarsudil-sam-mechanism/phase2-matched-sar/raw/7A_n_acetyl_amine_seed483271.pdbqt","b82696ec32aaf9f25280c50e50a52bf822cedab902848fd411da81b4dcdf272d","ADMITTED_ADEQUATE","ADMITTED","66","66","5","false","e3d473fe9e465c596345e1763fe548229a768185da59b5ffea42ad852ce03dc8","N_ACETYL_AMINE_A:483271:model-14"
"N_ACETYL_AMINE_A:483271:model-15","N_ACETYL_AMINE_A","483271","15","/Users/yazan/totah-lab/research/mettl7-netarsudil-sam-mechanism/phase2-matched-sar/raw/7A_n_acetyl_amine_seed483271.pdbqt","b82696ec32aaf9f25280c50e50a52bf822cedab902848fd411da81b4dcdf272d","ADMITTED_ADEQUATE","ADMITTED","66","66","5","false","4cf4dbeaa36f38a6fbaa6055bf2c8b86ac44a9616e6610b2cc0e4f1a87badad5","N_ACETYL_AMINE_A:483271:model-15"
"N_ACETYL_AMINE_A:483271:model-16","N_ACETYL_AMINE_A","483271","16","/Users/yazan/totah-lab/research/mettl7-netarsudil-sam-mechanism/phase2-matched-sar/raw/7A_n_acetyl_amine_seed483271.pdbqt","b82696ec32aaf9f25280c50e50a52bf822cedab902848fd411da81b4dcdf272d","ADMITTED_ADEQUATE","ADMITTED","66","66","6","false","d5e20f684f26e869c5caa17856f00f81f68d858f96adf3bc438aa95731c0338a","N_ACETYL_AMINE_A:483271:model-16"
"N_ACETYL_AMINE_A:483271:model-17","N_ACETYL_AMINE_A","483271","17","/Users/yazan/totah-lab/research/mettl7-netarsudil-sam-mechanism/phase2-matched-sar/raw/7A_n_acetyl_amine_seed483271.pdbqt","b82696ec32aaf9f25280c50e50a52bf822cedab902848fd411da81b4dcdf272d","ADMITTED_ADEQUATE","ADMITTED","66","66","6","false","58b95df509418e9abcc3e3b3ce61370dde6a4615e4ac4e563045aa8f0f716902","N_ACETYL_AMINE_A:483271:model-17"
"N_ACETYL_AMINE_A:483271:model-18","N_ACETYL_AMINE_A","483271","18","/Users/yazan/totah-lab/research/mettl7-netarsudil-sam-mechanism/phase2-matched-sar/raw/7A_n_acetyl_amine_seed483271.pdbqt","b82696ec32aaf9f25280c50e50a52bf822cedab902848fd411da81b4dcdf272d","ADMITTED_ADEQUATE","ADMITTED","66","66","5","false","c2c7944d6a330fed205ad4a99e7994b0ba18950e0757f91889144d8dfbdbb850","N_ACETYL_AMINE_A:483271:model-18"
"N_ACETYL_AMINE_A:483271:model-19","N_ACETYL_AMINE_A","483271","19","/Users/yazan/totah-lab/research/mettl7-netarsudil-sam-mechanism/phase2-matched-sar/raw/7A_n_acetyl_amine_seed483271.pdbqt","b82696ec32aaf9f25280c50e50a52bf822cedab902848fd411da81b4dcdf272d","ADMITTED_ADEQUATE","ADMITTED","66","66","8","false","ce0c219a4cf720018413db4d867de651474c3b239575df8f691c081b7bdd7f1f","N_ACETYL_AMINE_A:483271:model-19"
"N_ACETYL_AMINE_A:483271:model-2","N_ACETYL_AMINE_A","483271","2","/Users/yazan/totah-lab/research/mettl7-netarsudil-sam-mechanism/phase2-matched-sar/raw/7A_n_acetyl_amine_seed483271.pdbqt","b82696ec32aaf9f25280c50e50a52bf822cedab902848fd411da81b4dcdf272d","ADMITTED_ADEQUATE","ADMITTED","66","66","6","false","a92e1bb99e7ed46916f0033ff8ad4769f0d96e969cb0399820350755c11ee3c8","N_ACETYL_AMINE_A:483271:model-2"
"N_ACETYL_AMINE_A:483271:model-20","N_ACETYL_AMINE_A","483271","20","/Users/yazan/totah-lab/research/mettl7-netarsudil-sam-mechanism/phase2-matched-sar/raw/7A_n_acetyl_amine_seed483271.pdbqt","b82696ec32aaf9f25280c50e50a52bf822cedab902848fd411da81b4dcdf272d","ADMITTED_ADEQUATE","ADMITTED","66","66","8","false","656f063c654b3e15f07322b066367d2470ea8af06406329164533d231a3aeca2","N_ACETYL_AMINE_A:483271:model-20"
"N_ACETYL_AMINE_A:483271:model-3","N_ACETYL_AMINE_A","483271","3","/Users/yazan/totah-lab/research/mettl7-netarsudil-sam-mechanism/phase2-matched-sar/raw/7A_n_acetyl_amine_seed483271.pdbqt","b82696ec32aaf9f25280c50e50a52bf822cedab902848fd411da81b4dcdf272d","ADMITTED_ADEQUATE","ADMITTED","66","66","7","false","6b4538af65652ed20349fb9e5fa0912db64c2a906f1fbf9487ffe284b82c0923","N_ACETYL_AMINE_A:483271:model-3"
"N_ACETYL_AMINE_A:483271:model-4","N_ACETYL_AMINE_A","483271","4","/Users/yazan/totah-lab/research/mettl7-netarsudil-sam-mechanism/phase2-matched-sar/raw/7A_n_acetyl_amine_seed483271.pdbqt","b82696ec32aaf9f25280c50e50a52bf822cedab902848fd411da81b4dcdf272d","ADMITTED_ADEQUATE","ADMITTED","66","66","5","false","598e3d9e24363cd0ecd1ccc27c63339703018949d62c69a2742d034dae890dc7","N_ACETYL_AMINE_A:483271:model-4"
"N_ACETYL_AMINE_A:483271:model-5","N_ACETYL_AMINE_A","483271","5","/Users/yazan/totah-lab/research/mettl7-netarsudil-sam-mechanism/phase2-matched-sar/raw/7A_n_acetyl_amine_seed483271.pdbqt","b82696ec32aaf9f25280c50e50a52bf822cedab902848fd411da81b4dcdf272d","ADMITTED_ADEQUATE","ADMITTED","66","66","5","false","d08cbed3aa772cc01ee050d46d09e76104d25a534ba27864ffb2fc2ae45ea154","N_ACETYL_AMINE_A:483271:model-5"
"N_ACETYL_AMINE_A:483271:model-6","N_ACETYL_AMINE_A","483271","6","/Users/yazan/totah-lab/research/mettl7-netarsudil-sam-mechanism/phase2-matched-sar/raw/7A_n_acetyl_amine_seed483271.pdbqt","b82696ec32aaf9f25280c50e50a52bf822cedab902848fd411da81b4dcdf272d","ADMITTED_ADEQUATE","ADMITTED","66","66","8","false","19815e7b34e7995ef303e6b7e6809e992b5deaa1614d28e96d38f3c5782ad01a","N_ACETYL_AMINE_A:483271:model-6"
"N_ACETYL_AMINE_A:483271:model-7","N_ACETYL_AMINE_A","483271","7","/Users/yazan/totah-lab/research/mettl7-netarsudil-sam-mechanism/phase2-matched-sar/raw/7A_n_acetyl_amine_seed483271.pdbqt","b82696ec32aaf9f25280c50e50a52bf822cedab902848fd411da81b4dcdf272d","ADMITTED_ADEQUATE","ADMITTED","66","66","4","false","66ca85a87253a91750d1bf3b9f490ca2cbacd6d0c10eea0e1a0b46a9ac7ba895","N_ACETYL_AMINE_A:483271:model-7"
"N_ACETYL_AMINE_A:483271:model-8","N_ACETYL_AMINE_A","483271","8","/Users/yazan/totah-lab/research/mettl7-netarsudil-sam-mechanism/phase2-matched-sar/raw/7A_n_acetyl_amine_seed483271.pdbqt","b82696ec32aaf9f25280c50e50a52bf822cedab902848fd411da81b4dcdf272d","ADMITTED_ADEQUATE","ADMITTED","66","66","4","false","ed34e63b1740ef749c5bab6d019b2352b7347d04a8d3c4f9ef0cfdecec8f2e6f","N_ACETYL_AMINE_A:483271:model-8"
"N_ACETYL_AMINE_A:483271:model-9","N_ACETYL_AMINE_A","483271","9","/Users/yazan/totah-lab/research/mettl7-netarsudil-sam-mechanism/phase2-matched-sar/raw/7A_n_acetyl_amine_seed483271.pdbqt","b82696ec32aaf9f25280c50e50a52bf822cedab902848fd411da81b4dcdf272d","ADMITTED_ADEQUATE","ADMITTED","66","66","3","false","e005dc424486c4e52efb413672580257a14c8f6ec03089660fa218a24ebd6072","N_ACETYL_AMINE_A:483271:model-9"
"N_ACETYL_AMINE_A:806519:model-1","N_ACETYL_AMINE_A","806519","1","/Users/yazan/totah-lab/research/mettl7-netarsudil-sam-mechanism/phase2-matched-sar/raw/7A_n_acetyl_amine_seed806519.pdbqt","6b9df360917ab849ecd62561d9ae1334c6c3b17ae8df216f99ccc070c2bb407f","ADMITTED_ADEQUATE","ADMITTED","66","66","7","false","08179574e57a61786ce4be08560ec2e61f7ed772bac7bd9bc414a19810a22b3d","N_ACETYL_AMINE_A:806519:model-1"
"N_ACETYL_AMINE_A:806519:model-10","N_ACETYL_AMINE_A","806519","10","/Users/yazan/totah-lab/research/mettl7-netarsudil-sam-mechanism/phase2-matched-sar/raw/7A_n_acetyl_amine_seed806519.pdbqt","6b9df360917ab849ecd62561d9ae1334c6c3b17ae8df216f99ccc070c2bb407f","ADMITTED_ADEQUATE","ADMITTED","66","66","7","false","90c87f1487631fc6a3a45ca46211f094e2c9319a9959b1e25f3dda2416ad47be","N_ACETYL_AMINE_A:806519:model-10"
"N_ACETYL_AMINE_A:806519:model-11","N_ACETYL_AMINE_A","806519","11","/Users/yazan/totah-lab/research/mettl7-netarsudil-sam-mechanism/phase2-matched-sar/raw/7A_n_acetyl_amine_seed806519.pdbqt","6b9df360917ab849ecd62561d9ae1334c6c3b17ae8df216f99ccc070c2bb407f","ADMITTED_ADEQUATE","ADMITTED","66","66","5","false","3346a446c9b4017e55caacf07ac974a7c04d996650a6871bc615dc6fce03420f","N_ACETYL_AMINE_A:806519:model-11"
"N_ACETYL_AMINE_A:806519:model-12","N_ACETYL_AMINE_A","806519","12","/Users/yazan/totah-lab/research/mettl7-netarsudil-sam-mechanism/phase2-matched-sar/raw/7A_n_acetyl_amine_seed806519.pdbqt","6b9df360917ab849ecd62561d9ae1334c6c3b17ae8df216f99ccc070c2bb407f","ADMITTED_ADEQUATE","ADMITTED","66","66","3","false","4852070da83589ba8a9c16a40324f84904e869c59e71bcf0336ef68ef8f3e219","N_ACETYL_AMINE_A:806519:model-12"
"N_ACETYL_AMINE_A:806519:model-13","N_ACETYL_AMINE_A","806519","13","/Users/yazan/totah-lab/research/mettl7-netarsudil-sam-mechanism/phase2-matched-sar/raw/7A_n_acetyl_amine_seed806519.pdbqt","6b9df360917ab849ecd62561d9ae1334c6c3b17ae8df216f99ccc070c2bb407f","ADMITTED_ADEQUATE","ADMITTED","66","66","7","false","09b749f1304e667e3050ec731b0c258b3987418641c709b75035189c368bb5cc","N_ACETYL_AMINE_A:806519:model-13"
"N_ACETYL_AMINE_A:806519:model-14","N_ACETYL_AMINE_A","806519","14","/Users/yazan/totah-lab/research/mettl7-netarsudil-sam-mechanism/phase2-matched-sar/raw/7A_n_acetyl_amine_seed806519.pdbqt","6b9df360917ab849ecd62561d9ae1334c6c3b17ae8df216f99ccc070c2bb407f","ADMITTED_ADEQUATE","ADMITTED","66","66","6","false","0c7502c141b6ec0fb04a89d14730cab87de5042d692a1e8df91df4885d5b460b","N_ACETYL_AMINE_A:806519:model-14"
"N_ACETYL_AMINE_A:806519:model-15","N_ACETYL_AMINE_A","806519","15","/Users/yazan/totah-lab/research/mettl7-netarsudil-sam-mechanism/phase2-matched-sar/raw/7A_n_acetyl_amine_seed806519.pdbqt","6b9df360917ab849ecd62561d9ae1334c6c3b17ae8df216f99ccc070c2bb407f","ADMITTED_ADEQUATE","ADMITTED","66","66","6","false","98f99fed8f73fe815a5ba8abaf20c0b5e8340a8b2f200fa0947e1a5ca74bf9fb","N_ACETYL_AMINE_A:806519:model-15"
"N_ACETYL_AMINE_A:806519:model-16","N_ACETYL_AMINE_A","806519","16","/Users/yazan/totah-lab/research/mettl7-netarsudil-sam-mechanism/phase2-matched-sar/raw/7A_n_acetyl_amine_seed806519.pdbqt","6b9df360917ab849ecd62561d9ae1334c6c3b17ae8df216f99ccc070c2bb407f","ADMITTED_ADEQUATE","ADMITTED","66","66","7","false","e28421e2a956e3d502bfa43cc1fb1c5d0cae793324d1a4d03805eabc46b2ad5d","N_ACETYL_AMINE_A:806519:model-16"
"N_ACETYL_AMINE_A:806519:model-17","N_ACETYL_AMINE_A","806519","17","/Users/yazan/totah-lab/research/mettl7-netarsudil-sam-mechanism/phase2-matched-sar/raw/7A_n_acetyl_amine_seed806519.pdbqt","6b9df360917ab849ecd62561d9ae1334c6c3b17ae8df216f99ccc070c2bb407f","ADMITTED_ADEQUATE","ADMITTED","66","66","5","false","fc7aeb2df823185e90b623a31f6c86854de272ddfac9a8cfbbe06a5a39dd17c6","N_ACETYL_AMINE_A:806519:model-17"
"N_ACETYL_AMINE_A:806519:model-18","N_ACETYL_AMINE_A","806519","18","/Users/yazan/totah-lab/research/mettl7-netarsudil-sam-mechanism/phase2-matched-sar/raw/7A_n_acetyl_amine_seed806519.pdbqt","6b9df360917ab849ecd62561d9ae1334c6c3b17ae8df216f99ccc070c2bb407f","ADMITTED_ADEQUATE","ADMITTED","66","66","7","false","47ce39b18104851a7ebcbd9f1f9ea66bef731622a712bf87e00ff5d56900551a","N_ACETYL_AMINE_A:806519:model-18"
"N_ACETYL_AMINE_A:806519:model-19","N_ACETYL_AMINE_A","806519","19","/Users/yazan/totah-lab/research/mettl7-netarsudil-sam-mechanism/phase2-matched-sar/raw/7A_n_acetyl_amine_seed806519.pdbqt","6b9df360917ab849ecd62561d9ae1334c6c3b17ae8df216f99ccc070c2bb407f","ADMITTED_ADEQUATE","ADMITTED","66","66","4","false","ed9149036e7eaa93b9c68d1b4a1cbfe2697bd325fed71026b2c82d8f6319f50f","N_ACETYL_AMINE_A:806519:model-19"
"N_ACETYL_AMINE_A:806519:model-2","N_ACETYL_AMINE_A","806519","2","/Users/yazan/totah-lab/research/mettl7-netarsudil-sam-mechanism/phase2-matched-sar/raw/7A_n_acetyl_amine_seed806519.pdbqt","6b9df360917ab849ecd62561d9ae1334c6c3b17ae8df216f99ccc070c2bb407f","ADMITTED_ADEQUATE","ADMITTED","66","66","8","false","64674d25c696dfc1641c88f290ad766b7c4b62ba5c931b2f5c357353363830db","N_ACETYL_AMINE_A:806519:model-2"
"N_ACETYL_AMINE_A:806519:model-3","N_ACETYL_AMINE_A","806519","3","/Users/yazan/totah-lab/research/mettl7-netarsudil-sam-mechanism/phase2-matched-sar/raw/7A_n_acetyl_amine_seed806519.pdbqt","6b9df360917ab849ecd62561d9ae1334c6c3b17ae8df216f99ccc070c2bb407f","ADMITTED_ADEQUATE","ADMITTED","66","66","6","false","9d353121d2c3641b6a8b3405cedadd1509ccf9a0a5f3607e4eb9dbedb31f248f","N_ACETYL_AMINE_A:806519:model-3"
"N_ACETYL_AMINE_A:806519:model-4","N_ACETYL_AMINE_A","806519","4","/Users/yazan/totah-lab/research/mettl7-netarsudil-sam-mechanism/phase2-matched-sar/raw/7A_n_acetyl_amine_seed806519.pdbqt","6b9df360917ab849ecd62561d9ae1334c6c3b17ae8df216f99ccc070c2bb407f","ADMITTED_ADEQUATE","ADMITTED","66","66","6","false","00fb029e62834774b178e716f23c2042c8a81f6071d1e88e34e5c86f7032b387","N_ACETYL_AMINE_A:806519:model-4"
"N_ACETYL_AMINE_A:806519:model-5","N_ACETYL_AMINE_A","806519","5","/Users/yazan/totah-lab/research/mettl7-netarsudil-sam-mechanism/phase2-matched-sar/raw/7A_n_acetyl_amine_seed806519.pdbqt","6b9df360917ab849ecd62561d9ae1334c6c3b17ae8df216f99ccc070c2bb407f","ADMITTED_ADEQUATE","ADMITTED","66","66","3","false","e576315867dc7c14b123cb566b0fde4a9fc4f875ae80f752b4fef8d369c1fb10","N_ACETYL_AMINE_A:806519:model-5"
"N_ACETYL_AMINE_A:806519:model-6","N_ACETYL_AMINE_A","806519","6","/Users/yazan/totah-lab/research/mettl7-netarsudil-sam-mechanism/phase2-matched-sar/raw/7A_n_acetyl_amine_seed806519.pdbqt","6b9df360917ab849ecd62561d9ae1334c6c3b17ae8df216f99ccc070c2bb407f","ADMITTED_ADEQUATE","ADMITTED","66","66","7","false","ad9cf40ce0ec204d5921c103d98188807cfad0ed1f4d5e5b62f6c1c388e24c9d","N_ACETYL_AMINE_A:806519:model-6"
"N_ACETYL_AMINE_A:806519:model-7","N_ACETYL_AMINE_A","806519","7","/Users/yazan/totah-lab/research/mettl7-netarsudil-sam-mechanism/phase2-matched-sar/raw/7A_n_acetyl_amine_seed806519.pdbqt","6b9df360917ab849ecd62561d9ae1334c6c3b17ae8df216f99ccc070c2bb407f","ADMITTED_ADEQUATE","ADMITTED","66","66","6","false","97ce62c412331c89404ed3d4be2e870067c9165d728cf3751dad76d13a8654d3","N_ACETYL_AMINE_A:806519:model-7"
"N_ACETYL_AMINE_A:806519:model-8","N_ACETYL_AMINE_A","806519","8","/Users/yazan/totah-lab/research/mettl7-netarsudil-sam-mechanism/phase2-matched-sar/raw/7A_n_acetyl_amine_seed806519.pdbqt","6b9df360917ab849ecd62561d9ae1334c6c3b17ae8df216f99ccc070c2bb407f","ADMITTED_ADEQUATE","ADMITTED","66","66","4","false","1baa6ab696b3bc91def0b85bad425459d2dd111230d039910498ef5320985591","N_ACETYL_AMINE_A:806519:model-8"
"N_ACETYL_AMINE_A:806519:model-9","N_ACETYL_AMINE_A","806519","9","/Users/yazan/totah-lab/research/mettl7-netarsudil-sam-mechanism/phase2-matched-sar/raw/7A_n_acetyl_amine_seed806519.pdbqt","6b9df360917ab849ecd62561d9ae1334c6c3b17ae8df216f99ccc070c2bb407f","ADMITTED_ADEQUATE","ADMITTED","66","66","6","false","96183f8c40bfa62dc5325fb3751dc2023f6fdab45b00119ecb52142358883ed6","N_ACETYL_AMINE_A:806519:model-9"
"N_ACETYL_AMINE_B:172904:model-1","N_ACETYL_AMINE_B","172904","1","/Users/yazan/totah-lab/research/mettl7-netarsudil-sam-mechanism/phase2-matched-sar/raw/7B_n_acetyl_amine_seed172904.pdbqt","19b967277f73d4737c9931949a38c4a0a4bafd81a940f8d90e5d64429bb3fe2f","ADMITTED_ADEQUATE","ADMITTED","66","66","4","false","28e1e8808e40ea30a22e3d6f29c7548ce96dca4abd3486d867600e2b0ec8cbd7","N_ACETYL_AMINE_B:172904:model-1"
"N_ACETYL_AMINE_B:172904:model-10","N_ACETYL_AMINE_B","172904","10","/Users/yazan/totah-lab/research/mettl7-netarsudil-sam-mechanism/phase2-matched-sar/raw/7B_n_acetyl_amine_seed172904.pdbqt","19b967277f73d4737c9931949a38c4a0a4bafd81a940f8d90e5d64429bb3fe2f","ADMITTED_ADEQUATE","ADMITTED","66","66","5","false","843b26c2762084065e0428c1bf42c0aa3ede158c1104188d79bc0ed68a2aedd5","N_ACETYL_AMINE_B:172904:model-10"
"N_ACETYL_AMINE_B:172904:model-11","N_ACETYL_AMINE_B","172904","11","/Users/yazan/totah-lab/research/mettl7-netarsudil-sam-mechanism/phase2-matched-sar/raw/7B_n_acetyl_amine_seed172904.pdbqt","19b967277f73d4737c9931949a38c4a0a4bafd81a940f8d90e5d64429bb3fe2f","ADMITTED_ADEQUATE","ADMITTED","66","66","4","false","ec6037d38a7e5659764123449fb42daeee122cb94662eab800651c367acec46c","N_ACETYL_AMINE_B:172904:model-11"
"N_ACETYL_AMINE_B:172904:model-12","N_ACETYL_AMINE_B","172904","12","/Users/yazan/totah-lab/research/mettl7-netarsudil-sam-mechanism/phase2-matched-sar/raw/7B_n_acetyl_amine_seed172904.pdbqt","19b967277f73d4737c9931949a38c4a0a4bafd81a940f8d90e5d64429bb3fe2f","ADMITTED_ADEQUATE","ADMITTED","66","66","3","false","b0ace1d0b1f2d3f978bae51dcaa55941c690f48d2ee6fc60aa8a915504c0dbdb","N_ACETYL_AMINE_B:172904:model-12"
"N_ACETYL_AMINE_B:172904:model-13","N_ACETYL_AMINE_B","172904","13","/Users/yazan/totah-lab/research/mettl7-netarsudil-sam-mechanism/phase2-matched-sar/raw/7B_n_acetyl_amine_seed172904.pdbqt","19b967277f73d4737c9931949a38c4a0a4bafd81a940f8d90e5d64429bb3fe2f","ADMITTED_ADEQUATE","ADMITTED","66","66","5","false","4c254cc1d236ed4c3123fc45522727fe8c6106dc104b9d277b5c5093b11cc048","N_ACETYL_AMINE_B:172904:model-13"
"N_ACETYL_AMINE_B:172904:model-14","N_ACETYL_AMINE_B","172904","14","/Users/yazan/totah-lab/research/mettl7-netarsudil-sam-mechanism/phase2-matched-sar/raw/7B_n_acetyl_amine_seed172904.pdbqt","19b967277f73d4737c9931949a38c4a0a4bafd81a940f8d90e5d64429bb3fe2f","ADMITTED_ADEQUATE","ADMITTED","66","66","4","false","fb5380b54052335e159a81b6c1be710d29d33b8133163bb5af48683142c5d7b1","N_ACETYL_AMINE_B:172904:model-14"
"N_ACETYL_AMINE_B:172904:model-15","N_ACETYL_AMINE_B","172904","15","/Users/yazan/totah-lab/research/mettl7-netarsudil-sam-mechanism/phase2-matched-sar/raw/7B_n_acetyl_amine_seed172904.pdbqt","19b967277f73d4737c9931949a38c4a0a4bafd81a940f8d90e5d64429bb3fe2f","ADMITTED_ADEQUATE","ADMITTED","66","66","3","false","a1174023384dcc02866248167b51fab0743bad1a64f7d2054b4f2fb495191e40","N_ACETYL_AMINE_B:172904:model-15"
"N_ACETYL_AMINE_B:172904:model-16","N_ACETYL_AMINE_B","172904","16","/Users/yazan/totah-lab/research/mettl7-netarsudil-sam-mechanism/phase2-matched-sar/raw/7B_n_acetyl_amine_seed172904.pdbqt","19b967277f73d4737c9931949a38c4a0a4bafd81a940f8d90e5d64429bb3fe2f","ADMITTED_ADEQUATE","ADMITTED","66","66","5","false","7c0f3feb71eea5c913f0cd641413e73821c1c8393e61d32006c5f7be252a8d0d","N_ACETYL_AMINE_B:172904:model-16"
"N_ACETYL_AMINE_B:172904:model-17","N_ACETYL_AMINE_B","172904","17","/Users/yazan/totah-lab/research/mettl7-netarsudil-sam-mechanism/phase2-matched-sar/raw/7B_n_acetyl_amine_seed172904.pdbqt","19b967277f73d4737c9931949a38c4a0a4bafd81a940f8d90e5d64429bb3fe2f","ADMITTED_ADEQUATE","ADMITTED","66","66","2","false","00c483360dde35636e4bf9089d9faafcee30821c302cc5a5149d87c5ca6c9d08","N_ACETYL_AMINE_B:172904:model-17"
"N_ACETYL_AMINE_B:172904:model-18","N_ACETYL_AMINE_B","172904","18","/Users/yazan/totah-lab/research/mettl7-netarsudil-sam-mechanism/phase2-matched-sar/raw/7B_n_acetyl_amine_seed172904.pdbqt","19b967277f73d4737c9931949a38c4a0a4bafd81a940f8d90e5d64429bb3fe2f","ADMITTED_ADEQUATE","ADMITTED","66","66","6","false","755c69a3845e14fcaf8d9fa61bc65fc4984ed75794a3649fbf2061828f8b0b63","N_ACETYL_AMINE_B:172904:model-18"
"N_ACETYL_AMINE_B:172904:model-19","N_ACETYL_AMINE_B","172904","19","/Users/yazan/totah-lab/research/mettl7-netarsudil-sam-mechanism/phase2-matched-sar/raw/7B_n_acetyl_amine_seed172904.pdbqt","19b967277f73d4737c9931949a38c4a0a4bafd81a940f8d90e5d64429bb3fe2f","ADMITTED_ADEQUATE","ADMITTED","66","66","3","false","8affd9583d987f12ec1c0530b695a1a0a991e193ca255abf224ee49cd0f0b291","N_ACETYL_AMINE_B:172904:model-19"
"N_ACETYL_AMINE_B:172904:model-2","N_ACETYL_AMINE_B","172904","2","/Users/yazan/totah-lab/research/mettl7-netarsudil-sam-mechanism/phase2-matched-sar/raw/7B_n_acetyl_amine_seed172904.pdbqt","19b967277f73d4737c9931949a38c4a0a4bafd81a940f8d90e5d64429bb3fe2f","ADMITTED_ADEQUATE","ADMITTED","66","66","4","false","b886106d0f99b4b33f64298e17e6fd3778d9818e1f4262fc5f63ab278acc6b48","N_ACETYL_AMINE_B:172904:model-2"
"N_ACETYL_AMINE_B:172904:model-20","N_ACETYL_AMINE_B","172904","20","/Users/yazan/totah-lab/research/mettl7-netarsudil-sam-mechanism/phase2-matched-sar/raw/7B_n_acetyl_amine_seed172904.pdbqt","19b967277f73d4737c9931949a38c4a0a4bafd81a940f8d90e5d64429bb3fe2f","ADMITTED_ADEQUATE","ADMITTED","66","66","3","false","8040476fe3f622d8391d87ef7a3576568979eebf24baa56777eb48b33824c438","N_ACETYL_AMINE_B:172904:model-20"
"N_ACETYL_AMINE_B:172904:model-3","N_ACETYL_AMINE_B","172904","3","/Users/yazan/totah-lab/research/mettl7-netarsudil-sam-mechanism/phase2-matched-sar/raw/7B_n_acetyl_amine_seed172904.pdbqt","19b967277f73d4737c9931949a38c4a0a4bafd81a940f8d90e5d64429bb3fe2f","ADMITTED_ADEQUATE","ADMITTED","66","66","6","false","10561bab90370553967866e8644948b6cdf55cb034a199b47fc465c96da59da4","N_ACETYL_AMINE_B:172904:model-3"
"N_ACETYL_AMINE_B:172904:model-4","N_ACETYL_AMINE_B","172904","4","/Users/yazan/totah-lab/research/mettl7-netarsudil-sam-mechanism/phase2-matched-sar/raw/7B_n_acetyl_amine_seed172904.pdbqt","19b967277f73d4737c9931949a38c4a0a4bafd81a940f8d90e5d64429bb3fe2f","ADMITTED_ADEQUATE","ADMITTED","66","66","6","false","889c4f23468f698a489f0e7d6d5780c83e84c622cdbe8b7634598a2ef24062a1","N_ACETYL_AMINE_B:172904:model-4"
"N_ACETYL_AMINE_B:172904:model-5","N_ACETYL_AMINE_B","172904","5","/Users/yazan/totah-lab/research/mettl7-netarsudil-sam-mechanism/phase2-matched-sar/raw/7B_n_acetyl_amine_seed172904.pdbqt","19b967277f73d4737c9931949a38c4a0a4bafd81a940f8d90e5d64429bb3fe2f","ADMITTED_ADEQUATE","ADMITTED","66","66","5","false","d1f68258c29c23e302283192cec40fbfea39185450e5aa2c823a1fbc1c3c26a7","N_ACETYL_AMINE_B:172904:model-5"
"N_ACETYL_AMINE_B:172904:model-6","N_ACETYL_AMINE_B","172904","6","/Users/yazan/totah-lab/research/mettl7-netarsudil-sam-mechanism/phase2-matched-sar/raw/7B_n_acetyl_amine_seed172904.pdbqt","19b967277f73d4737c9931949a38c4a0a4bafd81a940f8d90e5d64429bb3fe2f","ADMITTED_ADEQUATE","ADMITTED","66","66","3","false","85298fbd4fda8dd808f118d79646bfca37dac91f6c0ff248f5d9fdb72444f09f","N_ACETYL_AMINE_B:172904:model-6"
"N_ACETYL_AMINE_B:172904:model-7","N_ACETYL_AMINE_B","172904","7","/Users/yazan/totah-lab/research/mettl7-netarsudil-sam-mechanism/phase2-matched-sar/raw/7B_n_acetyl_amine_seed172904.pdbqt","19b967277f73d4737c9931949a38c4a0a4bafd81a940f8d90e5d64429bb3fe2f","ADMITTED_ADEQUATE","ADMITTED","66","66","6","false","854e4cf5652a3838bb8a1e97e224344a9e0610dc060ef2038704eb14bec36c1d","N_ACETYL_AMINE_B:172904:model-7"
"N_ACETYL_AMINE_B:172904:model-8","N_ACETYL_AMINE_B","172904","8","/Users/yazan/totah-lab/research/mettl7-netarsudil-sam-mechanism/phase2-matched-sar/raw/7B_n_acetyl_amine_seed172904.pdbqt","19b967277f73d4737c9931949a38c4a0a4bafd81a940f8d90e5d64429bb3fe2f","ADMITTED_ADEQUATE","ADMITTED","66","66","5","false","1762276e549f77711adde994141e020012459823002dbd34e33ec39b0563daf4","N_ACETYL_AMINE_B:172904:model-8"
"N_ACETYL_AMINE_B:172904:model-9","N_ACETYL_AMINE_B","172904","9","/Users/yazan/totah-lab/research/mettl7-netarsudil-sam-mechanism/phase2-matched-sar/raw/7B_n_acetyl_amine_seed172904.pdbqt","19b967277f73d4737c9931949a38c4a0a4bafd81a940f8d90e5d64429bb3fe2f","ADMITTED_ADEQUATE","ADMITTED","66","66","5","false","5a0421b9f34b5db1642cb74ee45125a6ec0973b54cb517950e51afd0c51fcabd","N_ACETYL_AMINE_B:172904:model-9"
"N_ACETYL_AMINE_B:483271:model-1","N_ACETYL_AMINE_B","483271","1","/Users/yazan/totah-lab/research/mettl7-netarsudil-sam-mechanism/phase2-matched-sar/raw/7B_n_acetyl_amine_seed483271.pdbqt","1af4cabf87f2c465c77fcbd6acd4c2881e04802848198721b239cf6a0b5600f2","ADMITTED_ADEQUATE","ADMITTED","66","66","4","false","71f8f300fec00d018430357c4cb28795cf172e72a03de429fe136dcd0145512c","N_ACETYL_AMINE_B:483271:model-1"
"N_ACETYL_AMINE_B:483271:model-10","N_ACETYL_AMINE_B","483271","10","/Users/yazan/totah-lab/research/mettl7-netarsudil-sam-mechanism/phase2-matched-sar/raw/7B_n_acetyl_amine_seed483271.pdbqt","1af4cabf87f2c465c77fcbd6acd4c2881e04802848198721b239cf6a0b5600f2","ADMITTED_ADEQUATE","ADMITTED","66","66","1","false","42409e6df9cd504012b7fbae494cb20ebc1926e11f44754bc1e72b1ec861bfd1","N_ACETYL_AMINE_B:483271:model-10"
"N_ACETYL_AMINE_B:483271:model-11","N_ACETYL_AMINE_B","483271","11","/Users/yazan/totah-lab/research/mettl7-netarsudil-sam-mechanism/phase2-matched-sar/raw/7B_n_acetyl_amine_seed483271.pdbqt","1af4cabf87f2c465c77fcbd6acd4c2881e04802848198721b239cf6a0b5600f2","ADMITTED_ADEQUATE","ADMITTED","66","66","5","false","11354d3adada476fda74d30f48ae63922b1d7abc7b9b330cfa3df97fe699b437","N_ACETYL_AMINE_B:483271:model-11"
"N_ACETYL_AMINE_B:483271:model-12","N_ACETYL_AMINE_B","483271","12","/Users/yazan/totah-lab/research/mettl7-netarsudil-sam-mechanism/phase2-matched-sar/raw/7B_n_acetyl_amine_seed483271.pdbqt","1af4cabf87f2c465c77fcbd6acd4c2881e04802848198721b239cf6a0b5600f2","ADMITTED_ADEQUATE","ADMITTED","66","66","4","false","d6fadce672535f932ec25df55480605a8a2ae412a3197dac074fd5472b81896d","N_ACETYL_AMINE_B:483271:model-12"
"N_ACETYL_AMINE_B:483271:model-13","N_ACETYL_AMINE_B","483271","13","/Users/yazan/totah-lab/research/mettl7-netarsudil-sam-mechanism/phase2-matched-sar/raw/7B_n_acetyl_amine_seed483271.pdbqt","1af4cabf87f2c465c77fcbd6acd4c2881e04802848198721b239cf6a0b5600f2","ADMITTED_ADEQUATE","ADMITTED","66","66","5","false","45d296ff919170a1b123229d59a1646cbe7e46ae1fcc7a8bc4805f93cc7ac3c6","N_ACETYL_AMINE_B:483271:model-13"
"N_ACETYL_AMINE_B:483271:model-14","N_ACETYL_AMINE_B","483271","14","/Users/yazan/totah-lab/research/mettl7-netarsudil-sam-mechanism/phase2-matched-sar/raw/7B_n_acetyl_amine_seed483271.pdbqt","1af4cabf87f2c465c77fcbd6acd4c2881e04802848198721b239cf6a0b5600f2","ADMITTED_ADEQUATE","ADMITTED","66","66","6","false","4b4d93f16fb9220fe5dfdd039be82bc017b6d2c0d7dca6de8bb87c84ed3b9d7c","N_ACETYL_AMINE_B:483271:model-14"
"N_ACETYL_AMINE_B:483271:model-15","N_ACETYL_AMINE_B","483271","15","/Users/yazan/totah-lab/research/mettl7-netarsudil-sam-mechanism/phase2-matched-sar/raw/7B_n_acetyl_amine_seed483271.pdbqt","1af4cabf87f2c465c77fcbd6acd4c2881e04802848198721b239cf6a0b5600f2","ADMITTED_ADEQUATE","ADMITTED","66","66","6","false","0c8f7472e8d667172f78ab70069df460abb1d393d4a9e8a43a3d9528cef81a5a","N_ACETYL_AMINE_B:483271:model-15"
"N_ACETYL_AMINE_B:483271:model-16","N_ACETYL_AMINE_B","483271","16","/Users/yazan/totah-lab/research/mettl7-netarsudil-sam-mechanism/phase2-matched-sar/raw/7B_n_acetyl_amine_seed483271.pdbqt","1af4cabf87f2c465c77fcbd6acd4c2881e04802848198721b239cf6a0b5600f2","ADMITTED_ADEQUATE","ADMITTED","66","66","4","false","492235310d9f4e4df6fd8cb577b418f4fa526bd015eeaed1c1edd7f332d03e01","N_ACETYL_AMINE_B:483271:model-16"
"N_ACETYL_AMINE_B:483271:model-17","N_ACETYL_AMINE_B","483271","17","/Users/yazan/totah-lab/research/mettl7-netarsudil-sam-mechanism/phase2-matched-sar/raw/7B_n_acetyl_amine_seed483271.pdbqt","1af4cabf87f2c465c77fcbd6acd4c2881e04802848198721b239cf6a0b5600f2","ADMITTED_ADEQUATE","ADMITTED","66","66","2","false","27e33a6a06b1f44e0e7b68b9a5c4988528654608a81a17b88b705498329c253a","N_ACETYL_AMINE_B:483271:model-17"
"N_ACETYL_AMINE_B:483271:model-18","N_ACETYL_AMINE_B","483271","18","/Users/yazan/totah-lab/research/mettl7-netarsudil-sam-mechanism/phase2-matched-sar/raw/7B_n_acetyl_amine_seed483271.pdbqt","1af4cabf87f2c465c77fcbd6acd4c2881e04802848198721b239cf6a0b5600f2","ADMITTED_ADEQUATE","ADMITTED","66","66","2","false","9b37b03b1aafd2b9400c2155915eb5d36433502a589d17c550c439ef53b6ade3","N_ACETYL_AMINE_B:483271:model-18"
"N_ACETYL_AMINE_B:483271:model-19","N_ACETYL_AMINE_B","483271","19","/Users/yazan/totah-lab/research/mettl7-netarsudil-sam-mechanism/phase2-matched-sar/raw/7B_n_acetyl_amine_seed483271.pdbqt","1af4cabf87f2c465c77fcbd6acd4c2881e04802848198721b239cf6a0b5600f2","ADMITTED_ADEQUATE","ADMITTED","66","66","2","false","9be3dd5dd73fc1048db58af4b6110fe3b5f1f4c789dce5b5a627e7d96a05e337","N_ACETYL_AMINE_B:483271:model-19"
"N_ACETYL_AMINE_B:483271:model-2","N_ACETYL_AMINE_B","483271","2","/Users/yazan/totah-lab/research/mettl7-netarsudil-sam-mechanism/phase2-matched-sar/raw/7B_n_acetyl_amine_seed483271.pdbqt","1af4cabf87f2c465c77fcbd6acd4c2881e04802848198721b239cf6a0b5600f2","ADMITTED_ADEQUATE","ADMITTED","66","66","4","false","07cf8e7c4958a4c2d357ed5d906805bfd3e43214e63c1dd75d3013cf7261c70e","N_ACETYL_AMINE_B:483271:model-2"
"N_ACETYL_AMINE_B:483271:model-20","N_ACETYL_AMINE_B","483271","20","/Users/yazan/totah-lab/research/mettl7-netarsudil-sam-mechanism/phase2-matched-sar/raw/7B_n_acetyl_amine_seed483271.pdbqt","1af4cabf87f2c465c77fcbd6acd4c2881e04802848198721b239cf6a0b5600f2","ADMITTED_ADEQUATE","ADMITTED","66","66","6","false","bdd048d35c52c3e7cb153c374d477acae058d1ffa0761191c52716621ea4d754","N_ACETYL_AMINE_B:483271:model-20"
"N_ACETYL_AMINE_B:483271:model-3","N_ACETYL_AMINE_B","483271","3","/Users/yazan/totah-lab/research/mettl7-netarsudil-sam-mechanism/phase2-matched-sar/raw/7B_n_acetyl_amine_seed483271.pdbqt","1af4cabf87f2c465c77fcbd6acd4c2881e04802848198721b239cf6a0b5600f2","ADMITTED_ADEQUATE","ADMITTED","66","66","6","false","d3242a920d66ec58f28c8e75f58e2f00be767713891992e769ad824b07cc71d6","N_ACETYL_AMINE_B:483271:model-3"
"N_ACETYL_AMINE_B:483271:model-4","N_ACETYL_AMINE_B","483271","4","/Users/yazan/totah-lab/research/mettl7-netarsudil-sam-mechanism/phase2-matched-sar/raw/7B_n_acetyl_amine_seed483271.pdbqt","1af4cabf87f2c465c77fcbd6acd4c2881e04802848198721b239cf6a0b5600f2","ADMITTED_ADEQUATE","ADMITTED","66","66","4","false","c628c9b3328bf4eda7a4085bb997787cfcb56f49680114a611b4400fdfcb66eb","N_ACETYL_AMINE_B:483271:model-4"
"N_ACETYL_AMINE_B:483271:model-5","N_ACETYL_AMINE_B","483271","5","/Users/yazan/totah-lab/research/mettl7-netarsudil-sam-mechanism/phase2-matched-sar/raw/7B_n_acetyl_amine_seed483271.pdbqt","1af4cabf87f2c465c77fcbd6acd4c2881e04802848198721b239cf6a0b5600f2","ADMITTED_ADEQUATE","ADMITTED","66","66","4","false","3ac3566bf2a10053ba9b3234cb7793b390dbc2ac503352545ec896b070c7787e","N_ACETYL_AMINE_B:483271:model-5"
"N_ACETYL_AMINE_B:483271:model-6","N_ACETYL_AMINE_B","483271","6","/Users/yazan/totah-lab/research/mettl7-netarsudil-sam-mechanism/phase2-matched-sar/raw/7B_n_acetyl_amine_seed483271.pdbqt","1af4cabf87f2c465c77fcbd6acd4c2881e04802848198721b239cf6a0b5600f2","ADMITTED_ADEQUATE","ADMITTED","66","66","3","false","944163a87eddba9bf396fd9d1b4ce42b05666e3612c2cb90c5e1e62f090ed96c","N_ACETYL_AMINE_B:483271:model-6"
"N_ACETYL_AMINE_B:483271:model-7","N_ACETYL_AMINE_B","483271","7","/Users/yazan/totah-lab/research/mettl7-netarsudil-sam-mechanism/phase2-matched-sar/raw/7B_n_acetyl_amine_seed483271.pdbqt","1af4cabf87f2c465c77fcbd6acd4c2881e04802848198721b239cf6a0b5600f2","ADMITTED_ADEQUATE","ADMITTED","66","66","4","false","154fe07d1a7190026fbca6a3c12fb57e93f6aac9c931b4a3d6f8ea374c508aa5","N_ACETYL_AMINE_B:483271:model-7"
"N_ACETYL_AMINE_B:483271:model-8","N_ACETYL_AMINE_B","483271","8","/Users/yazan/totah-lab/research/mettl7-netarsudil-sam-mechanism/phase2-matched-sar/raw/7B_n_acetyl_amine_seed483271.pdbqt","1af4cabf87f2c465c77fcbd6acd4c2881e04802848198721b239cf6a0b5600f2","ADMITTED_ADEQUATE","ADMITTED","66","66","4","false","90b7b5a40cd5476860280957b20e4b33f135bf413d2728b1790c93e86ddbacf4","N_ACETYL_AMINE_B:483271:model-8"
"N_ACETYL_AMINE_B:483271:model-9","N_ACETYL_AMINE_B","483271","9","/Users/yazan/totah-lab/research/mettl7-netarsudil-sam-mechanism/phase2-matched-sar/raw/7B_n_acetyl_amine_seed483271.pdbqt","1af4cabf87f2c465c77fcbd6acd4c2881e04802848198721b239cf6a0b5600f2","ADMITTED_ADEQUATE","ADMITTED","66","66","2","false","820637f2cf486817edf1ae924dbaad75d8dc1c80d05ee76fe70d6ff804c18597","N_ACETYL_AMINE_B:483271:model-9"
"N_ACETYL_AMINE_B:806519:model-1","N_ACETYL_AMINE_B","806519","1","/Users/yazan/totah-lab/research/mettl7-netarsudil-sam-mechanism/phase2-matched-sar/raw/7B_n_acetyl_amine_seed806519.pdbqt","8e6019dde87116dd4b761398012ad69cbd61ab31b975f4f484d36ceef7362ef0","ADMITTED_ADEQUATE","ADMITTED","66","66","4","false","b8f2523b1f6b4a92c21a5ccb3aebcb4b4621389dff0d53897846d3be1e6557c8","N_ACETYL_AMINE_B:806519:model-1"
"N_ACETYL_AMINE_B:806519:model-10","N_ACETYL_AMINE_B","806519","10","/Users/yazan/totah-lab/research/mettl7-netarsudil-sam-mechanism/phase2-matched-sar/raw/7B_n_acetyl_amine_seed806519.pdbqt","8e6019dde87116dd4b761398012ad69cbd61ab31b975f4f484d36ceef7362ef0","ADMITTED_ADEQUATE","ADMITTED","66","66","4","false","e733d52cd883df4d1c60bbbbf6aaf4a0bbe2ea3419b4745777e730f325fa32fd","N_ACETYL_AMINE_B:806519:model-10"
"N_ACETYL_AMINE_B:806519:model-11","N_ACETYL_AMINE_B","806519","11","/Users/yazan/totah-lab/research/mettl7-netarsudil-sam-mechanism/phase2-matched-sar/raw/7B_n_acetyl_amine_seed806519.pdbqt","8e6019dde87116dd4b761398012ad69cbd61ab31b975f4f484d36ceef7362ef0","ADMITTED_ADEQUATE","ADMITTED","66","66","5","false","8e6a206f735daa755808242ca39172d5b250255e8c63c070b25096254a2e427d","N_ACETYL_AMINE_B:806519:model-11"
"N_ACETYL_AMINE_B:806519:model-12","N_ACETYL_AMINE_B","806519","12","/Users/yazan/totah-lab/research/mettl7-netarsudil-sam-mechanism/phase2-matched-sar/raw/7B_n_acetyl_amine_seed806519.pdbqt","8e6019dde87116dd4b761398012ad69cbd61ab31b975f4f484d36ceef7362ef0","ADMITTED_ADEQUATE","ADMITTED","66","66","5","false","53b73f43dc15bf135e58e7fc35ee5f3c164b72ae7f9a2e2f1cf10a8a2e7047ec","N_ACETYL_AMINE_B:806519:model-12"
"N_ACETYL_AMINE_B:806519:model-13","N_ACETYL_AMINE_B","806519","13","/Users/yazan/totah-lab/research/mettl7-netarsudil-sam-mechanism/phase2-matched-sar/raw/7B_n_acetyl_amine_seed806519.pdbqt","8e6019dde87116dd4b761398012ad69cbd61ab31b975f4f484d36ceef7362ef0","ADMITTED_ADEQUATE","ADMITTED","66","66","5","false","15abc049b98ac8255bf39bc722f61e4354403e60795fd0fc1ad01f0f9be7b241","N_ACETYL_AMINE_B:806519:model-13"
"N_ACETYL_AMINE_B:806519:model-14","N_ACETYL_AMINE_B","806519","14","/Users/yazan/totah-lab/research/mettl7-netarsudil-sam-mechanism/phase2-matched-sar/raw/7B_n_acetyl_amine_seed806519.pdbqt","8e6019dde87116dd4b761398012ad69cbd61ab31b975f4f484d36ceef7362ef0","ADMITTED_ADEQUATE","ADMITTED","66","66","4","false","5e2f9ae5278b0207c4bf098f310ac76d191a7173ae1a9f48b23e262addf0ac4f","N_ACETYL_AMINE_B:806519:model-14"
"N_ACETYL_AMINE_B:806519:model-15","N_ACETYL_AMINE_B","806519","15","/Users/yazan/totah-lab/research/mettl7-netarsudil-sam-mechanism/phase2-matched-sar/raw/7B_n_acetyl_amine_seed806519.pdbqt","8e6019dde87116dd4b761398012ad69cbd61ab31b975f4f484d36ceef7362ef0","ADMITTED_ADEQUATE","ADMITTED","66","66","4","false","a03fab2b8097beb94458bd9d5bf644357458a3ba8957e71bc5169112e4e0008d","N_ACETYL_AMINE_B:806519:model-15"
"N_ACETYL_AMINE_B:806519:model-16","N_ACETYL_AMINE_B","806519","16","/Users/yazan/totah-lab/research/mettl7-netarsudil-sam-mechanism/phase2-matched-sar/raw/7B_n_acetyl_amine_seed806519.pdbqt","8e6019dde87116dd4b761398012ad69cbd61ab31b975f4f484d36ceef7362ef0","ADMITTED_ADEQUATE","ADMITTED","66","66","6","false","ca43900d9ad2dff789c18b552a5a73a0f8ec575ab546eccb370a2cd8dcb40776","N_ACETYL_AMINE_B:806519:model-16"
"N_ACETYL_AMINE_B:806519:model-17","N_ACETYL_AMINE_B","806519","17","/Users/yazan/totah-lab/research/mettl7-netarsudil-sam-mechanism/phase2-matched-sar/raw/7B_n_acetyl_amine_seed806519.pdbqt","8e6019dde87116dd4b761398012ad69cbd61ab31b975f4f484d36ceef7362ef0","ADMITTED_ADEQUATE","ADMITTED","66","66","0","false","7bf22fc77ce006f3c977e703cd192ab38ba69728070c168925f0bb7a2af7bf4c","N_ACETYL_AMINE_B:806519:model-17"
"N_ACETYL_AMINE_B:806519:model-18","N_ACETYL_AMINE_B","806519","18","/Users/yazan/totah-lab/research/mettl7-netarsudil-sam-mechanism/phase2-matched-sar/raw/7B_n_acetyl_amine_seed806519.pdbqt","8e6019dde87116dd4b761398012ad69cbd61ab31b975f4f484d36ceef7362ef0","ADMITTED_ADEQUATE","ADMITTED","66","66","3","false","5cc70ebafb5868d9777824c04a45a99e1a259bac0b616d80573727ca0494f2cd","N_ACETYL_AMINE_B:806519:model-18"
"N_ACETYL_AMINE_B:806519:model-19","N_ACETYL_AMINE_B","806519","19","/Users/yazan/totah-lab/research/mettl7-netarsudil-sam-mechanism/phase2-matched-sar/raw/7B_n_acetyl_amine_seed806519.pdbqt","8e6019dde87116dd4b761398012ad69cbd61ab31b975f4f484d36ceef7362ef0","ADMITTED_ADEQUATE","ADMITTED","66","66","3","false","0183adcf487b658b0d721abea11186e7d5835f82020b3883c425b81373a4b0fd","N_ACETYL_AMINE_B:806519:model-19"
"N_ACETYL_AMINE_B:806519:model-2","N_ACETYL_AMINE_B","806519","2","/Users/yazan/totah-lab/research/mettl7-netarsudil-sam-mechanism/phase2-matched-sar/raw/7B_n_acetyl_amine_seed806519.pdbqt","8e6019dde87116dd4b761398012ad69cbd61ab31b975f4f484d36ceef7362ef0","ADMITTED_ADEQUATE","ADMITTED","66","66","4","false","ba5f2c68ab72df3da8213dfeb6245aaeba9867164afc4db84855182d8cd03c10","N_ACETYL_AMINE_B:806519:model-2"
"N_ACETYL_AMINE_B:806519:model-20","N_ACETYL_AMINE_B","806519","20","/Users/yazan/totah-lab/research/mettl7-netarsudil-sam-mechanism/phase2-matched-sar/raw/7B_n_acetyl_amine_seed806519.pdbqt","8e6019dde87116dd4b761398012ad69cbd61ab31b975f4f484d36ceef7362ef0","ADMITTED_ADEQUATE","ADMITTED","66","66","4","false","70b437edfb879f0867f7f7429a1fff52aeb8f6627b469ce4bb62ffef228e82f7","N_ACETYL_AMINE_B:806519:model-20"
"N_ACETYL_AMINE_B:806519:model-3","N_ACETYL_AMINE_B","806519","3","/Users/yazan/totah-lab/research/mettl7-netarsudil-sam-mechanism/phase2-matched-sar/raw/7B_n_acetyl_amine_seed806519.pdbqt","8e6019dde87116dd4b761398012ad69cbd61ab31b975f4f484d36ceef7362ef0","ADMITTED_ADEQUATE","ADMITTED","66","66","6","false","22ba13a624a2b6e3e3732ed69488999a5ad6a70d1cd2961fa21ea54d2840e359","N_ACETYL_AMINE_B:806519:model-3"
"N_ACETYL_AMINE_B:806519:model-4","N_ACETYL_AMINE_B","806519","4","/Users/yazan/totah-lab/research/mettl7-netarsudil-sam-mechanism/phase2-matched-sar/raw/7B_n_acetyl_amine_seed806519.pdbqt","8e6019dde87116dd4b761398012ad69cbd61ab31b975f4f484d36ceef7362ef0","ADMITTED_ADEQUATE","ADMITTED","66","66","6","false","af9ea1520e801762162d438dd7b681b9183e7e9a5cc457ea3073df196e1603e2","N_ACETYL_AMINE_B:806519:model-4"
"N_ACETYL_AMINE_B:806519:model-5","N_ACETYL_AMINE_B","806519","5","/Users/yazan/totah-lab/research/mettl7-netarsudil-sam-mechanism/phase2-matched-sar/raw/7B_n_acetyl_amine_seed806519.pdbqt","8e6019dde87116dd4b761398012ad69cbd61ab31b975f4f484d36ceef7362ef0","ADMITTED_ADEQUATE","ADMITTED","66","66","3","false","9e2bed4dc95c33ce4989ba69dc852c87fe071300f6b625aadb1a1af53ae0f3ff","N_ACETYL_AMINE_B:806519:model-5"
"N_ACETYL_AMINE_B:806519:model-6","N_ACETYL_AMINE_B","806519","6","/Users/yazan/totah-lab/research/mettl7-netarsudil-sam-mechanism/phase2-matched-sar/raw/7B_n_acetyl_amine_seed806519.pdbqt","8e6019dde87116dd4b761398012ad69cbd61ab31b975f4f484d36ceef7362ef0","ADMITTED_ADEQUATE","ADMITTED","66","66","6","false","3999ba5bbfe599a3422041b72854f43bbb68266821909216eb839b02581b6498","N_ACETYL_AMINE_B:806519:model-6"
"N_ACETYL_AMINE_B:806519:model-7","N_ACETYL_AMINE_B","806519","7","/Users/yazan/totah-lab/research/mettl7-netarsudil-sam-mechanism/phase2-matched-sar/raw/7B_n_acetyl_amine_seed806519.pdbqt","8e6019dde87116dd4b761398012ad69cbd61ab31b975f4f484d36ceef7362ef0","ADMITTED_ADEQUATE","ADMITTED","66","66","6","false","d7fe3fb67a337a3a66be2eaf6310ec5cd2c1561daff966db582e5daaaa754d1a","N_ACETYL_AMINE_B:806519:model-7"
"N_ACETYL_AMINE_B:806519:model-8","N_ACETYL_AMINE_B","806519","8","/Users/yazan/totah-lab/research/mettl7-netarsudil-sam-mechanism/phase2-matched-sar/raw/7B_n_acetyl_amine_seed806519.pdbqt","8e6019dde87116dd4b761398012ad69cbd61ab31b975f4f484d36ceef7362ef0","ADMITTED_ADEQUATE","ADMITTED","66","66","5","false","b0b5b72b6e49df69b9e78d19a83d80b7a52ea59236df8fb7faa3dddaedcc6ee8","N_ACETYL_AMINE_B:806519:model-8"
"N_ACETYL_AMINE_B:806519:model-9","N_ACETYL_AMINE_B","806519","9","/Users/yazan/totah-lab/research/mettl7-netarsudil-sam-mechanism/phase2-matched-sar/raw/7B_n_acetyl_amine_seed806519.pdbqt","8e6019dde87116dd4b761398012ad69cbd61ab31b975f4f484d36ceef7362ef0","ADMITTED_ADEQUATE","ADMITTED","66","66","5","false","af35790d1dc5143fffd7c7f4e5556b7d5759bb54dd1c7837ba5a8610be360b66","N_ACETYL_AMINE_B:806519:model-9"
"QUINOLINE_REGIOISOMER_A:172904:model-1","QUINOLINE_REGIOISOMER_A","172904","1","/Users/yazan/totah-lab/research/mettl7-netarsudil-sam-mechanism/phase2-matched-sar/raw/7A_quinoline_regioisomer_seed172904.pdbqt","e55cc98c072e7bcd6eea8d87441f25ce57523cea456fd511356c80a45c62e06f","ADMITTED_ADEQUATE","ADMITTED","61","61","6","false","7df0ae9043e8fcb340067868847c3bfbe510f239d80a3c6b6ba21f0f7d7433ac","QUINOLINE_REGIOISOMER_A:172904:model-1"
"QUINOLINE_REGIOISOMER_A:172904:model-10","QUINOLINE_REGIOISOMER_A","172904","10","/Users/yazan/totah-lab/research/mettl7-netarsudil-sam-mechanism/phase2-matched-sar/raw/7A_quinoline_regioisomer_seed172904.pdbqt","e55cc98c072e7bcd6eea8d87441f25ce57523cea456fd511356c80a45c62e06f","ADMITTED_ADEQUATE","ADMITTED","61","61","7","false","68c28830fa0e627ad469ca37210c3a6abfb8fb3764c8677e8344eac14d93b3d2","QUINOLINE_REGIOISOMER_A:172904:model-10"
"QUINOLINE_REGIOISOMER_A:172904:model-11","QUINOLINE_REGIOISOMER_A","172904","11","/Users/yazan/totah-lab/research/mettl7-netarsudil-sam-mechanism/phase2-matched-sar/raw/7A_quinoline_regioisomer_seed172904.pdbqt","e55cc98c072e7bcd6eea8d87441f25ce57523cea456fd511356c80a45c62e06f","ADMITTED_ADEQUATE","ADMITTED","61","61","5","false","89aebfc068d0616872a10b9220ab544ea78f3178bdbe754c88abe4501456c362","QUINOLINE_REGIOISOMER_A:172904:model-11"
"QUINOLINE_REGIOISOMER_A:172904:model-12","QUINOLINE_REGIOISOMER_A","172904","12","/Users/yazan/totah-lab/research/mettl7-netarsudil-sam-mechanism/phase2-matched-sar/raw/7A_quinoline_regioisomer_seed172904.pdbqt","e55cc98c072e7bcd6eea8d87441f25ce57523cea456fd511356c80a45c62e06f","ADMITTED_ADEQUATE","ADMITTED","61","61","8","false","0f27b0f15eeb04fb4217f94069e9a236635eb3fd9c6596f04afad916555fd323","QUINOLINE_REGIOISOMER_A:172904:model-12"
"QUINOLINE_REGIOISOMER_A:172904:model-13","QUINOLINE_REGIOISOMER_A","172904","13","/Users/yazan/totah-lab/research/mettl7-netarsudil-sam-mechanism/phase2-matched-sar/raw/7A_quinoline_regioisomer_seed172904.pdbqt","e55cc98c072e7bcd6eea8d87441f25ce57523cea456fd511356c80a45c62e06f","ADMITTED_ADEQUATE","ADMITTED","61","61","10","false","a1df2d7facbc18971ffc8d1224eb9af93a0a829676988bff1040dfa1921bbd96","QUINOLINE_REGIOISOMER_A:172904:model-13"
"QUINOLINE_REGIOISOMER_A:172904:model-14","QUINOLINE_REGIOISOMER_A","172904","14","/Users/yazan/totah-lab/research/mettl7-netarsudil-sam-mechanism/phase2-matched-sar/raw/7A_quinoline_regioisomer_seed172904.pdbqt","e55cc98c072e7bcd6eea8d87441f25ce57523cea456fd511356c80a45c62e06f","ADMITTED_ADEQUATE","ADMITTED","61","61","3","false","82bd2a3351534292cc845b553e0e81cdbe45aebb447ff0e5f359ce5e9f04afe0","QUINOLINE_REGIOISOMER_A:172904:model-14"
"QUINOLINE_REGIOISOMER_A:172904:model-15","QUINOLINE_REGIOISOMER_A","172904","15","/Users/yazan/totah-lab/research/mettl7-netarsudil-sam-mechanism/phase2-matched-sar/raw/7A_quinoline_regioisomer_seed172904.pdbqt","e55cc98c072e7bcd6eea8d87441f25ce57523cea456fd511356c80a45c62e06f","ADMITTED_ADEQUATE","ADMITTED","61","61","4","false","6f73440be78889989a3a0070f7c75d484230ebe08604304f9f3377c60f442a9b","QUINOLINE_REGIOISOMER_A:172904:model-15"
"QUINOLINE_REGIOISOMER_A:172904:model-16","QUINOLINE_REGIOISOMER_A","172904","16","/Users/yazan/totah-lab/research/mettl7-netarsudil-sam-mechanism/phase2-matched-sar/raw/7A_quinoline_regioisomer_seed172904.pdbqt","e55cc98c072e7bcd6eea8d87441f25ce57523cea456fd511356c80a45c62e06f","ADMITTED_ADEQUATE","ADMITTED","61","61","6","false","b11429df0cff3c04d8f8d388fa232367898331f19940ea0071863c3e32038146","QUINOLINE_REGIOISOMER_A:172904:model-16"
"QUINOLINE_REGIOISOMER_A:172904:model-17","QUINOLINE_REGIOISOMER_A","172904","17","/Users/yazan/totah-lab/research/mettl7-netarsudil-sam-mechanism/phase2-matched-sar/raw/7A_quinoline_regioisomer_seed172904.pdbqt","e55cc98c072e7bcd6eea8d87441f25ce57523cea456fd511356c80a45c62e06f","ADMITTED_ADEQUATE","ADMITTED","61","61","10","false","53bbe335fef4f49a5fc65285a87e3fefde51c96dca9b17a7bf298df257b87289","QUINOLINE_REGIOISOMER_A:172904:model-17"
"QUINOLINE_REGIOISOMER_A:172904:model-18","QUINOLINE_REGIOISOMER_A","172904","18","/Users/yazan/totah-lab/research/mettl7-netarsudil-sam-mechanism/phase2-matched-sar/raw/7A_quinoline_regioisomer_seed172904.pdbqt","e55cc98c072e7bcd6eea8d87441f25ce57523cea456fd511356c80a45c62e06f","ADMITTED_ADEQUATE","ADMITTED","61","61","6","false","c9fafe31030599f440ce456a79283deab05a1cfcda10501c46ac32b18e2f453f","QUINOLINE_REGIOISOMER_A:172904:model-18"
"QUINOLINE_REGIOISOMER_A:172904:model-19","QUINOLINE_REGIOISOMER_A","172904","19","/Users/yazan/totah-lab/research/mettl7-netarsudil-sam-mechanism/phase2-matched-sar/raw/7A_quinoline_regioisomer_seed172904.pdbqt","e55cc98c072e7bcd6eea8d87441f25ce57523cea456fd511356c80a45c62e06f","ADMITTED_ADEQUATE","ADMITTED","61","61","5","false","4289880d9128e245acbc2192bd6d15562f52c9cf1cfa5b504b7713009b4e2505","QUINOLINE_REGIOISOMER_A:172904:model-19"
"QUINOLINE_REGIOISOMER_A:172904:model-2","QUINOLINE_REGIOISOMER_A","172904","2","/Users/yazan/totah-lab/research/mettl7-netarsudil-sam-mechanism/phase2-matched-sar/raw/7A_quinoline_regioisomer_seed172904.pdbqt","e55cc98c072e7bcd6eea8d87441f25ce57523cea456fd511356c80a45c62e06f","ADMITTED_ADEQUATE","ADMITTED","61","61","6","false","45179895c29b3df495580e3739146e6a372e0f4c673e8a820faffb3342cd09f5","QUINOLINE_REGIOISOMER_A:172904:model-2"
"QUINOLINE_REGIOISOMER_A:172904:model-20","QUINOLINE_REGIOISOMER_A","172904","20","/Users/yazan/totah-lab/research/mettl7-netarsudil-sam-mechanism/phase2-matched-sar/raw/7A_quinoline_regioisomer_seed172904.pdbqt","e55cc98c072e7bcd6eea8d87441f25ce57523cea456fd511356c80a45c62e06f","ADMITTED_ADEQUATE","ADMITTED","61","61","6","false","b8ad4948e8ebacf4c1ad2df1e466d8244d6b7ddb4da987ae0d44821d7e23b66f","QUINOLINE_REGIOISOMER_A:172904:model-20"
"QUINOLINE_REGIOISOMER_A:172904:model-3","QUINOLINE_REGIOISOMER_A","172904","3","/Users/yazan/totah-lab/research/mettl7-netarsudil-sam-mechanism/phase2-matched-sar/raw/7A_quinoline_regioisomer_seed172904.pdbqt","e55cc98c072e7bcd6eea8d87441f25ce57523cea456fd511356c80a45c62e06f","ADMITTED_ADEQUATE","ADMITTED","61","61","5","false","1286763cdb08d11b30ba21f29cfc7c654b002db4f00b4531f7dcc3f2cb0e7be9","QUINOLINE_REGIOISOMER_A:172904:model-3"
"QUINOLINE_REGIOISOMER_A:172904:model-4","QUINOLINE_REGIOISOMER_A","172904","4","/Users/yazan/totah-lab/research/mettl7-netarsudil-sam-mechanism/phase2-matched-sar/raw/7A_quinoline_regioisomer_seed172904.pdbqt","e55cc98c072e7bcd6eea8d87441f25ce57523cea456fd511356c80a45c62e06f","ADMITTED_ADEQUATE","ADMITTED","61","61","5","false","b40b3b839a5669c5cc7ca172df6f4e6dc703df86e31141e8888df084da5edebd","QUINOLINE_REGIOISOMER_A:172904:model-4"
"QUINOLINE_REGIOISOMER_A:172904:model-5","QUINOLINE_REGIOISOMER_A","172904","5","/Users/yazan/totah-lab/research/mettl7-netarsudil-sam-mechanism/phase2-matched-sar/raw/7A_quinoline_regioisomer_seed172904.pdbqt","e55cc98c072e7bcd6eea8d87441f25ce57523cea456fd511356c80a45c62e06f","ADMITTED_ADEQUATE","ADMITTED","61","61","5","false","26a57a22aa1999f69d835270cb86ca704994dbaeb84f0341769ac261744eae2b","QUINOLINE_REGIOISOMER_A:172904:model-5"
"QUINOLINE_REGIOISOMER_A:172904:model-6","QUINOLINE_REGIOISOMER_A","172904","6","/Users/yazan/totah-lab/research/mettl7-netarsudil-sam-mechanism/phase2-matched-sar/raw/7A_quinoline_regioisomer_seed172904.pdbqt","e55cc98c072e7bcd6eea8d87441f25ce57523cea456fd511356c80a45c62e06f","ADMITTED_ADEQUATE","ADMITTED","61","61","6","false","cdca67666a1e89e6d8913fb33a280e17363fda5876cc9136b23caab8b094af3e","QUINOLINE_REGIOISOMER_A:172904:model-6"
"QUINOLINE_REGIOISOMER_A:172904:model-7","QUINOLINE_REGIOISOMER_A","172904","7","/Users/yazan/totah-lab/research/mettl7-netarsudil-sam-mechanism/phase2-matched-sar/raw/7A_quinoline_regioisomer_seed172904.pdbqt","e55cc98c072e7bcd6eea8d87441f25ce57523cea456fd511356c80a45c62e06f","ADMITTED_ADEQUATE","ADMITTED","61","61","9","false","ba3a9e4b0576bb24b8378f027b9e166aa9bbea80d4b80327596aa05502805689","QUINOLINE_REGIOISOMER_A:172904:model-7"
"QUINOLINE_REGIOISOMER_A:172904:model-8","QUINOLINE_REGIOISOMER_A","172904","8","/Users/yazan/totah-lab/research/mettl7-netarsudil-sam-mechanism/phase2-matched-sar/raw/7A_quinoline_regioisomer_seed172904.pdbqt","e55cc98c072e7bcd6eea8d87441f25ce57523cea456fd511356c80a45c62e06f","ADMITTED_ADEQUATE","ADMITTED","61","61","6","false","98119192971af22f1d1158a34fc04f44e03fb272b5eb3f0cbab82b5dad8d1f74","QUINOLINE_REGIOISOMER_A:172904:model-8"
"QUINOLINE_REGIOISOMER_A:172904:model-9","QUINOLINE_REGIOISOMER_A","172904","9","/Users/yazan/totah-lab/research/mettl7-netarsudil-sam-mechanism/phase2-matched-sar/raw/7A_quinoline_regioisomer_seed172904.pdbqt","e55cc98c072e7bcd6eea8d87441f25ce57523cea456fd511356c80a45c62e06f","ADMITTED_ADEQUATE","ADMITTED","61","61","6","false","ee253da36eeb53fc23311605e371c81511288bd67ea12c650c18fa91b81b783b","QUINOLINE_REGIOISOMER_A:172904:model-9"
"QUINOLINE_REGIOISOMER_A:483271:model-1","QUINOLINE_REGIOISOMER_A","483271","1","/Users/yazan/totah-lab/research/mettl7-netarsudil-sam-mechanism/phase2-matched-sar/raw/7A_quinoline_regioisomer_seed483271.pdbqt","272db180ec35a4ac2038b808de89b58e84fb7a87cb875f89587ed5a2b07bf1ac","ADMITTED_ADEQUATE","ADMITTED","61","61","7","false","a19933f11224ac30d121373a71210f801004bca47bf6918b8818f100d1749f4e","QUINOLINE_REGIOISOMER_A:483271:model-1"
"QUINOLINE_REGIOISOMER_A:483271:model-10","QUINOLINE_REGIOISOMER_A","483271","10","/Users/yazan/totah-lab/research/mettl7-netarsudil-sam-mechanism/phase2-matched-sar/raw/7A_quinoline_regioisomer_seed483271.pdbqt","272db180ec35a4ac2038b808de89b58e84fb7a87cb875f89587ed5a2b07bf1ac","ADMITTED_ADEQUATE","ADMITTED","61","61","5","false","cc0312f556701c023274dc6bbf331c8dcca52c4f88a1cf250d5d5ea4e56c298d","QUINOLINE_REGIOISOMER_A:483271:model-10"
"QUINOLINE_REGIOISOMER_A:483271:model-11","QUINOLINE_REGIOISOMER_A","483271","11","/Users/yazan/totah-lab/research/mettl7-netarsudil-sam-mechanism/phase2-matched-sar/raw/7A_quinoline_regioisomer_seed483271.pdbqt","272db180ec35a4ac2038b808de89b58e84fb7a87cb875f89587ed5a2b07bf1ac","ADMITTED_ADEQUATE","ADMITTED","61","61","7","false","fe6b051dcdd7c2103c3164d53c4f845f60c4ea2082f0235306bc6f34940863d3","QUINOLINE_REGIOISOMER_A:483271:model-11"
"QUINOLINE_REGIOISOMER_A:483271:model-12","QUINOLINE_REGIOISOMER_A","483271","12","/Users/yazan/totah-lab/research/mettl7-netarsudil-sam-mechanism/phase2-matched-sar/raw/7A_quinoline_regioisomer_seed483271.pdbqt","272db180ec35a4ac2038b808de89b58e84fb7a87cb875f89587ed5a2b07bf1ac","ADMITTED_ADEQUATE","ADMITTED","61","61","9","false","2ca634805d40d2b8377e6ef750526042c5319ff2203e536c723b34566959e302","QUINOLINE_REGIOISOMER_A:483271:model-12"
"QUINOLINE_REGIOISOMER_A:483271:model-13","QUINOLINE_REGIOISOMER_A","483271","13","/Users/yazan/totah-lab/research/mettl7-netarsudil-sam-mechanism/phase2-matched-sar/raw/7A_quinoline_regioisomer_seed483271.pdbqt","272db180ec35a4ac2038b808de89b58e84fb7a87cb875f89587ed5a2b07bf1ac","ADMITTED_ADEQUATE","ADMITTED","61","61","4","false","882fe5122878128441943bae7132bd700cf9b30d1964ecc7be743b1dd665f55b","QUINOLINE_REGIOISOMER_A:483271:model-13"
"QUINOLINE_REGIOISOMER_A:483271:model-14","QUINOLINE_REGIOISOMER_A","483271","14","/Users/yazan/totah-lab/research/mettl7-netarsudil-sam-mechanism/phase2-matched-sar/raw/7A_quinoline_regioisomer_seed483271.pdbqt","272db180ec35a4ac2038b808de89b58e84fb7a87cb875f89587ed5a2b07bf1ac","ADMITTED_ADEQUATE","ADMITTED","61","61","3","false","1804b42d84822c4d9646fddf761c106475a36f08880ebc3bf37f888709ee0fa6","QUINOLINE_REGIOISOMER_A:483271:model-14"
"QUINOLINE_REGIOISOMER_A:483271:model-15","QUINOLINE_REGIOISOMER_A","483271","15","/Users/yazan/totah-lab/research/mettl7-netarsudil-sam-mechanism/phase2-matched-sar/raw/7A_quinoline_regioisomer_seed483271.pdbqt","272db180ec35a4ac2038b808de89b58e84fb7a87cb875f89587ed5a2b07bf1ac","ADMITTED_ADEQUATE","ADMITTED","61","61","5","false","c189add464234f5b4b82f37c3b2e03fa53fb7e130e2bbd3531d67ac28fe71632","QUINOLINE_REGIOISOMER_A:483271:model-15"
"QUINOLINE_REGIOISOMER_A:483271:model-16","QUINOLINE_REGIOISOMER_A","483271","16","/Users/yazan/totah-lab/research/mettl7-netarsudil-sam-mechanism/phase2-matched-sar/raw/7A_quinoline_regioisomer_seed483271.pdbqt","272db180ec35a4ac2038b808de89b58e84fb7a87cb875f89587ed5a2b07bf1ac","ADMITTED_ADEQUATE","ADMITTED","61","61","6","false","65c1b8c2f81c6ead514c7b9553ab9f188e161ed0397b1056785e2935ef9d8079","QUINOLINE_REGIOISOMER_A:483271:model-16"
"QUINOLINE_REGIOISOMER_A:483271:model-17","QUINOLINE_REGIOISOMER_A","483271","17","/Users/yazan/totah-lab/research/mettl7-netarsudil-sam-mechanism/phase2-matched-sar/raw/7A_quinoline_regioisomer_seed483271.pdbqt","272db180ec35a4ac2038b808de89b58e84fb7a87cb875f89587ed5a2b07bf1ac","ADMITTED_ADEQUATE","ADMITTED","61","61","3","false","413072b0cbf442b0b0cfccf1408bdcbbd0cdf36fc492e6f68cbf24fbfe019612","QUINOLINE_REGIOISOMER_A:483271:model-17"
"QUINOLINE_REGIOISOMER_A:483271:model-18","QUINOLINE_REGIOISOMER_A","483271","18","/Users/yazan/totah-lab/research/mettl7-netarsudil-sam-mechanism/phase2-matched-sar/raw/7A_quinoline_regioisomer_seed483271.pdbqt","272db180ec35a4ac2038b808de89b58e84fb7a87cb875f89587ed5a2b07bf1ac","ADMITTED_ADEQUATE","ADMITTED","61","61","7","false","c80806cb6e067d8c93654ed5b992294dce27c359434f071f651635e793328700","QUINOLINE_REGIOISOMER_A:483271:model-18"
"QUINOLINE_REGIOISOMER_A:483271:model-2","QUINOLINE_REGIOISOMER_A","483271","2","/Users/yazan/totah-lab/research/mettl7-netarsudil-sam-mechanism/phase2-matched-sar/raw/7A_quinoline_regioisomer_seed483271.pdbqt","272db180ec35a4ac2038b808de89b58e84fb7a87cb875f89587ed5a2b07bf1ac","ADMITTED_ADEQUATE","ADMITTED","61","61","6","false","bc7a0bf431b40301a7cf3e42a55cdfcde1ad9a425b512ccf7e9851fb949aae81","QUINOLINE_REGIOISOMER_A:483271:model-2"
"QUINOLINE_REGIOISOMER_A:483271:model-3","QUINOLINE_REGIOISOMER_A","483271","3","/Users/yazan/totah-lab/research/mettl7-netarsudil-sam-mechanism/phase2-matched-sar/raw/7A_quinoline_regioisomer_seed483271.pdbqt","272db180ec35a4ac2038b808de89b58e84fb7a87cb875f89587ed5a2b07bf1ac","ADMITTED_ADEQUATE","ADMITTED","61","61","7","false","b34bb3e80c6dbfc56e187ab4479fe85f061b462efbfe2a19d8887fc720595df3","QUINOLINE_REGIOISOMER_A:483271:model-3"
"QUINOLINE_REGIOISOMER_A:483271:model-4","QUINOLINE_REGIOISOMER_A","483271","4","/Users/yazan/totah-lab/research/mettl7-netarsudil-sam-mechanism/phase2-matched-sar/raw/7A_quinoline_regioisomer_seed483271.pdbqt","272db180ec35a4ac2038b808de89b58e84fb7a87cb875f89587ed5a2b07bf1ac","ADMITTED_ADEQUATE","ADMITTED","61","61","5","false","ab953319fff71883f1b7a87d360305ad06599fdca2084ea77811fb2b389181b8","QUINOLINE_REGIOISOMER_A:483271:model-4"
"QUINOLINE_REGIOISOMER_A:483271:model-5","QUINOLINE_REGIOISOMER_A","483271","5","/Users/yazan/totah-lab/research/mettl7-netarsudil-sam-mechanism/phase2-matched-sar/raw/7A_quinoline_regioisomer_seed483271.pdbqt","272db180ec35a4ac2038b808de89b58e84fb7a87cb875f89587ed5a2b07bf1ac","ADMITTED_ADEQUATE","ADMITTED","61","61","7","false","b0b8c5242e26cb3cf114d4199806808f729a1731f85d82f62873a81987e5ff90","QUINOLINE_REGIOISOMER_A:483271:model-5"
"QUINOLINE_REGIOISOMER_A:483271:model-6","QUINOLINE_REGIOISOMER_A","483271","6","/Users/yazan/totah-lab/research/mettl7-netarsudil-sam-mechanism/phase2-matched-sar/raw/7A_quinoline_regioisomer_seed483271.pdbqt","272db180ec35a4ac2038b808de89b58e84fb7a87cb875f89587ed5a2b07bf1ac","ADMITTED_ADEQUATE","ADMITTED","61","61","6","false","0ed11f338e42957a71f108534716959acf4c04f6ad6e066c31c6b31973d45d44","QUINOLINE_REGIOISOMER_A:483271:model-6"
"QUINOLINE_REGIOISOMER_A:483271:model-7","QUINOLINE_REGIOISOMER_A","483271","7","/Users/yazan/totah-lab/research/mettl7-netarsudil-sam-mechanism/phase2-matched-sar/raw/7A_quinoline_regioisomer_seed483271.pdbqt","272db180ec35a4ac2038b808de89b58e84fb7a87cb875f89587ed5a2b07bf1ac","ADMITTED_ADEQUATE","ADMITTED","61","61","6","false","bd62e62d0700e07763c467a70c402fafa99ba17d725d4fd00980b7fd3060786c","QUINOLINE_REGIOISOMER_A:483271:model-7"
"QUINOLINE_REGIOISOMER_A:483271:model-8","QUINOLINE_REGIOISOMER_A","483271","8","/Users/yazan/totah-lab/research/mettl7-netarsudil-sam-mechanism/phase2-matched-sar/raw/7A_quinoline_regioisomer_seed483271.pdbqt","272db180ec35a4ac2038b808de89b58e84fb7a87cb875f89587ed5a2b07bf1ac","ADMITTED_ADEQUATE","ADMITTED","61","61","5","false","db945bd3671f543ac4e20f04bff96e7fdbc3ba89bc2f966e5c66004f6a657bd5","QUINOLINE_REGIOISOMER_A:483271:model-8"
"QUINOLINE_REGIOISOMER_A:483271:model-9","QUINOLINE_REGIOISOMER_A","483271","9","/Users/yazan/totah-lab/research/mettl7-netarsudil-sam-mechanism/phase2-matched-sar/raw/7A_quinoline_regioisomer_seed483271.pdbqt","272db180ec35a4ac2038b808de89b58e84fb7a87cb875f89587ed5a2b07bf1ac","ADMITTED_ADEQUATE","ADMITTED","61","61","7","false","d36146b637325cc460e15745dabcafdb4994395e10ef8ef1f60811242e7b40c4","QUINOLINE_REGIOISOMER_A:483271:model-9"
"QUINOLINE_REGIOISOMER_A:806519:model-1","QUINOLINE_REGIOISOMER_A","806519","1","/Users/yazan/totah-lab/research/mettl7-netarsudil-sam-mechanism/phase2-matched-sar/raw/7A_quinoline_regioisomer_seed806519.pdbqt","d315cee436488249fbf9057997bfa77ba20109fec62c71fc8575aa4d0ca9f097","ADMITTED_ADEQUATE","ADMITTED","61","61","7","false","21df14e546350eed7556efdfd69a008c41584991c828d18748f6dba010885042","QUINOLINE_REGIOISOMER_A:806519:model-1"
"QUINOLINE_REGIOISOMER_A:806519:model-10","QUINOLINE_REGIOISOMER_A","806519","10","/Users/yazan/totah-lab/research/mettl7-netarsudil-sam-mechanism/phase2-matched-sar/raw/7A_quinoline_regioisomer_seed806519.pdbqt","d315cee436488249fbf9057997bfa77ba20109fec62c71fc8575aa4d0ca9f097","ADMITTED_ADEQUATE","ADMITTED","61","61","7","false","786b863f6fd3ea4417713b299e183a9235dbf25b1dac9c4b83950595909056a4","QUINOLINE_REGIOISOMER_A:806519:model-10"
"QUINOLINE_REGIOISOMER_A:806519:model-11","QUINOLINE_REGIOISOMER_A","806519","11","/Users/yazan/totah-lab/research/mettl7-netarsudil-sam-mechanism/phase2-matched-sar/raw/7A_quinoline_regioisomer_seed806519.pdbqt","d315cee436488249fbf9057997bfa77ba20109fec62c71fc8575aa4d0ca9f097","ADMITTED_ADEQUATE","ADMITTED","61","61","6","false","f056ea18896b58d9422b834fe34424de82682f5a7291eabd2e95e1e49707c70a","QUINOLINE_REGIOISOMER_A:806519:model-11"
"QUINOLINE_REGIOISOMER_A:806519:model-12","QUINOLINE_REGIOISOMER_A","806519","12","/Users/yazan/totah-lab/research/mettl7-netarsudil-sam-mechanism/phase2-matched-sar/raw/7A_quinoline_regioisomer_seed806519.pdbqt","d315cee436488249fbf9057997bfa77ba20109fec62c71fc8575aa4d0ca9f097","ADMITTED_ADEQUATE","ADMITTED","61","61","8","false","193e19b8cc662da6a9517a1e905472aa85ec0b3d77aa6ee47eac022fa4631c91","QUINOLINE_REGIOISOMER_A:806519:model-12"
"QUINOLINE_REGIOISOMER_A:806519:model-13","QUINOLINE_REGIOISOMER_A","806519","13","/Users/yazan/totah-lab/research/mettl7-netarsudil-sam-mechanism/phase2-matched-sar/raw/7A_quinoline_regioisomer_seed806519.pdbqt","d315cee436488249fbf9057997bfa77ba20109fec62c71fc8575aa4d0ca9f097","ADMITTED_ADEQUATE","ADMITTED","61","61","5","false","996fa28c409d2c336b51b424a80dd5cc9f5cab18662b087d7d92fc1ca2bfb2ef","QUINOLINE_REGIOISOMER_A:806519:model-13"
"QUINOLINE_REGIOISOMER_A:806519:model-14","QUINOLINE_REGIOISOMER_A","806519","14","/Users/yazan/totah-lab/research/mettl7-netarsudil-sam-mechanism/phase2-matched-sar/raw/7A_quinoline_regioisomer_seed806519.pdbqt","d315cee436488249fbf9057997bfa77ba20109fec62c71fc8575aa4d0ca9f097","ADMITTED_ADEQUATE","ADMITTED","61","61","5","false","1adec445ae230067129058ec24e1276140b0bd6dcf0d7a52562d20f43ce62b94","QUINOLINE_REGIOISOMER_A:806519:model-14"
"QUINOLINE_REGIOISOMER_A:806519:model-15","QUINOLINE_REGIOISOMER_A","806519","15","/Users/yazan/totah-lab/research/mettl7-netarsudil-sam-mechanism/phase2-matched-sar/raw/7A_quinoline_regioisomer_seed806519.pdbqt","d315cee436488249fbf9057997bfa77ba20109fec62c71fc8575aa4d0ca9f097","ADMITTED_ADEQUATE","ADMITTED","61","61","3","false","effb1a897e5e5afe407b98aba90b592b6556593d35183235eedc9e4815d6fcad","QUINOLINE_REGIOISOMER_A:806519:model-15"
"QUINOLINE_REGIOISOMER_A:806519:model-16","QUINOLINE_REGIOISOMER_A","806519","16","/Users/yazan/totah-lab/research/mettl7-netarsudil-sam-mechanism/phase2-matched-sar/raw/7A_quinoline_regioisomer_seed806519.pdbqt","d315cee436488249fbf9057997bfa77ba20109fec62c71fc8575aa4d0ca9f097","ADMITTED_ADEQUATE","ADMITTED","61","61","6","false","973bfd2fdb1b33110ff8359434bd81240519f8cdc80007e56321f33cc3807306","QUINOLINE_REGIOISOMER_A:806519:model-16"
"QUINOLINE_REGIOISOMER_A:806519:model-17","QUINOLINE_REGIOISOMER_A","806519","17","/Users/yazan/totah-lab/research/mettl7-netarsudil-sam-mechanism/phase2-matched-sar/raw/7A_quinoline_regioisomer_seed806519.pdbqt","d315cee436488249fbf9057997bfa77ba20109fec62c71fc8575aa4d0ca9f097","ADMITTED_ADEQUATE","ADMITTED","61","61","3","false","f828289a852c446dcf53ff0d263bd2f2290c1a3537c7dac3c3527bc3054a785b","QUINOLINE_REGIOISOMER_A:806519:model-17"
"QUINOLINE_REGIOISOMER_A:806519:model-18","QUINOLINE_REGIOISOMER_A","806519","18","/Users/yazan/totah-lab/research/mettl7-netarsudil-sam-mechanism/phase2-matched-sar/raw/7A_quinoline_regioisomer_seed806519.pdbqt","d315cee436488249fbf9057997bfa77ba20109fec62c71fc8575aa4d0ca9f097","ADMITTED_ADEQUATE","ADMITTED","61","61","9","false","f7f9ee03346f6a74d516a1ef4a984de2eca5c7d45c0cc2915e9a1b72c8764e4e","QUINOLINE_REGIOISOMER_A:806519:model-18"
"QUINOLINE_REGIOISOMER_A:806519:model-19","QUINOLINE_REGIOISOMER_A","806519","19","/Users/yazan/totah-lab/research/mettl7-netarsudil-sam-mechanism/phase2-matched-sar/raw/7A_quinoline_regioisomer_seed806519.pdbqt","d315cee436488249fbf9057997bfa77ba20109fec62c71fc8575aa4d0ca9f097","ADMITTED_ADEQUATE","ADMITTED","61","61","5","false","c74e4d2ea69f1b347b1b00ec901b2ad381545953820df594a465e46c70075a24","QUINOLINE_REGIOISOMER_A:806519:model-19"
"QUINOLINE_REGIOISOMER_A:806519:model-2","QUINOLINE_REGIOISOMER_A","806519","2","/Users/yazan/totah-lab/research/mettl7-netarsudil-sam-mechanism/phase2-matched-sar/raw/7A_quinoline_regioisomer_seed806519.pdbqt","d315cee436488249fbf9057997bfa77ba20109fec62c71fc8575aa4d0ca9f097","ADMITTED_ADEQUATE","ADMITTED","61","61","6","false","7b25ce13a52ac66708e346fc76f26d8f4c34bd81ac4233f62f43f3f6a4918138","QUINOLINE_REGIOISOMER_A:806519:model-2"
"QUINOLINE_REGIOISOMER_A:806519:model-20","QUINOLINE_REGIOISOMER_A","806519","20","/Users/yazan/totah-lab/research/mettl7-netarsudil-sam-mechanism/phase2-matched-sar/raw/7A_quinoline_regioisomer_seed806519.pdbqt","d315cee436488249fbf9057997bfa77ba20109fec62c71fc8575aa4d0ca9f097","ADMITTED_ADEQUATE","ADMITTED","61","61","8","false","9aa37f9aee008260355c09a9484bba8b64ea10e7f4868cecfa9c6fe34011563c","QUINOLINE_REGIOISOMER_A:806519:model-20"
"QUINOLINE_REGIOISOMER_A:806519:model-3","QUINOLINE_REGIOISOMER_A","806519","3","/Users/yazan/totah-lab/research/mettl7-netarsudil-sam-mechanism/phase2-matched-sar/raw/7A_quinoline_regioisomer_seed806519.pdbqt","d315cee436488249fbf9057997bfa77ba20109fec62c71fc8575aa4d0ca9f097","ADMITTED_ADEQUATE","ADMITTED","61","61","5","false","71edf65630f34fa51ee98ff8af0d7202bf4870dc722a0080ce8e07e38acf19bf","QUINOLINE_REGIOISOMER_A:806519:model-3"
"QUINOLINE_REGIOISOMER_A:806519:model-4","QUINOLINE_REGIOISOMER_A","806519","4","/Users/yazan/totah-lab/research/mettl7-netarsudil-sam-mechanism/phase2-matched-sar/raw/7A_quinoline_regioisomer_seed806519.pdbqt","d315cee436488249fbf9057997bfa77ba20109fec62c71fc8575aa4d0ca9f097","ADMITTED_ADEQUATE","ADMITTED","61","61","7","false","31bb32e00558ee34f12ef633af4e9d2dc0b9c2fc47005af6d3ad8ae8edd36b3d","QUINOLINE_REGIOISOMER_A:806519:model-4"
"QUINOLINE_REGIOISOMER_A:806519:model-5","QUINOLINE_REGIOISOMER_A","806519","5","/Users/yazan/totah-lab/research/mettl7-netarsudil-sam-mechanism/phase2-matched-sar/raw/7A_quinoline_regioisomer_seed806519.pdbqt","d315cee436488249fbf9057997bfa77ba20109fec62c71fc8575aa4d0ca9f097","ADMITTED_ADEQUATE","ADMITTED","61","61","7","false","ad0751bedff3e37b70514806150f97c789b93d1165c72b5451044aa7a0eb3663","QUINOLINE_REGIOISOMER_A:806519:model-5"
"QUINOLINE_REGIOISOMER_A:806519:model-6","QUINOLINE_REGIOISOMER_A","806519","6","/Users/yazan/totah-lab/research/mettl7-netarsudil-sam-mechanism/phase2-matched-sar/raw/7A_quinoline_regioisomer_seed806519.pdbqt","d315cee436488249fbf9057997bfa77ba20109fec62c71fc8575aa4d0ca9f097","ADMITTED_ADEQUATE","ADMITTED","61","61","6","false","d8c0c179ca6b560323d227dcd20f8ecf703576c9b368917aa73c2be0492aca30","QUINOLINE_REGIOISOMER_A:806519:model-6"
"QUINOLINE_REGIOISOMER_A:806519:model-7","QUINOLINE_REGIOISOMER_A","806519","7","/Users/yazan/totah-lab/research/mettl7-netarsudil-sam-mechanism/phase2-matched-sar/raw/7A_quinoline_regioisomer_seed806519.pdbqt","d315cee436488249fbf9057997bfa77ba20109fec62c71fc8575aa4d0ca9f097","ADMITTED_ADEQUATE","ADMITTED","61","61","5","false","96feaddbbd35b720f13576d656195c4cea7c43b53b20d33de006dac7c2be1358","QUINOLINE_REGIOISOMER_A:806519:model-7"
"QUINOLINE_REGIOISOMER_A:806519:model-8","QUINOLINE_REGIOISOMER_A","806519","8","/Users/yazan/totah-lab/research/mettl7-netarsudil-sam-mechanism/phase2-matched-sar/raw/7A_quinoline_regioisomer_seed806519.pdbqt","d315cee436488249fbf9057997bfa77ba20109fec62c71fc8575aa4d0ca9f097","ADMITTED_ADEQUATE","ADMITTED","61","61","4","false","5adb2ae307d05de58d28c3a94b575da4e2f4076f27204be047b28589da7884d6","QUINOLINE_REGIOISOMER_A:806519:model-8"
"QUINOLINE_REGIOISOMER_A:806519:model-9","QUINOLINE_REGIOISOMER_A","806519","9","/Users/yazan/totah-lab/research/mettl7-netarsudil-sam-mechanism/phase2-matched-sar/raw/7A_quinoline_regioisomer_seed806519.pdbqt","d315cee436488249fbf9057997bfa77ba20109fec62c71fc8575aa4d0ca9f097","ADMITTED_ADEQUATE","ADMITTED","61","61","7","false","4b2271649bd6dae485d301bd21bc932e3c07346b37b06070d57d99888b50a7bc","QUINOLINE_REGIOISOMER_A:806519:model-9"
"QUINOLINE_REGIOISOMER_B:172904:model-1","QUINOLINE_REGIOISOMER_B","172904","1","/Users/yazan/totah-lab/research/mettl7-netarsudil-sam-mechanism/phase2-matched-sar/raw/7B_quinoline_regioisomer_seed172904.pdbqt","bedb48e8e5918765392c052b1c83a02e6e540341059dfd458c2d1037df4148b6","ADMITTED_ADEQUATE","ADMITTED","61","61","4","false","0d32b2bc282b783ae864a467e2d201fe56fd31435395452111cfa9471659bd46","QUINOLINE_REGIOISOMER_B:172904:model-1"
"QUINOLINE_REGIOISOMER_B:172904:model-10","QUINOLINE_REGIOISOMER_B","172904","10","/Users/yazan/totah-lab/research/mettl7-netarsudil-sam-mechanism/phase2-matched-sar/raw/7B_quinoline_regioisomer_seed172904.pdbqt","bedb48e8e5918765392c052b1c83a02e6e540341059dfd458c2d1037df4148b6","ADMITTED_ADEQUATE","ADMITTED","61","61","5","false","37d38a6ab3f2dc79cc807e8258151140ac7ef38867f1afc4026c0a86640d6f49","QUINOLINE_REGIOISOMER_B:172904:model-10"
"QUINOLINE_REGIOISOMER_B:172904:model-11","QUINOLINE_REGIOISOMER_B","172904","11","/Users/yazan/totah-lab/research/mettl7-netarsudil-sam-mechanism/phase2-matched-sar/raw/7B_quinoline_regioisomer_seed172904.pdbqt","bedb48e8e5918765392c052b1c83a02e6e540341059dfd458c2d1037df4148b6","ADMITTED_ADEQUATE","ADMITTED","61","61","3","false","e43b44a8b53fb8a500012da82a6329c46462dbdd257835e0f3a0eea4258636df","QUINOLINE_REGIOISOMER_B:172904:model-11"
"QUINOLINE_REGIOISOMER_B:172904:model-12","QUINOLINE_REGIOISOMER_B","172904","12","/Users/yazan/totah-lab/research/mettl7-netarsudil-sam-mechanism/phase2-matched-sar/raw/7B_quinoline_regioisomer_seed172904.pdbqt","bedb48e8e5918765392c052b1c83a02e6e540341059dfd458c2d1037df4148b6","ADMITTED_ADEQUATE","ADMITTED","61","61","4","false","475563fd35de3bc16e2403109a265b2869cba74d6191b6d4eb5dd129f94d8789","QUINOLINE_REGIOISOMER_B:172904:model-12"
"QUINOLINE_REGIOISOMER_B:172904:model-13","QUINOLINE_REGIOISOMER_B","172904","13","/Users/yazan/totah-lab/research/mettl7-netarsudil-sam-mechanism/phase2-matched-sar/raw/7B_quinoline_regioisomer_seed172904.pdbqt","bedb48e8e5918765392c052b1c83a02e6e540341059dfd458c2d1037df4148b6","ADMITTED_ADEQUATE","ADMITTED","61","61","5","false","4802892d250abc6d8e2baddc88f4f0784d1446cb4d6615dc0a7e3f34c865bca5","QUINOLINE_REGIOISOMER_B:172904:model-13"
"QUINOLINE_REGIOISOMER_B:172904:model-14","QUINOLINE_REGIOISOMER_B","172904","14","/Users/yazan/totah-lab/research/mettl7-netarsudil-sam-mechanism/phase2-matched-sar/raw/7B_quinoline_regioisomer_seed172904.pdbqt","bedb48e8e5918765392c052b1c83a02e6e540341059dfd458c2d1037df4148b6","ADMITTED_ADEQUATE","ADMITTED","61","61","4","false","8123b8d5c3b9f570acc521d6c2df7ae898d688161b52a417b2321484a63a0b7b","QUINOLINE_REGIOISOMER_B:172904:model-14"
"QUINOLINE_REGIOISOMER_B:172904:model-15","QUINOLINE_REGIOISOMER_B","172904","15","/Users/yazan/totah-lab/research/mettl7-netarsudil-sam-mechanism/phase2-matched-sar/raw/7B_quinoline_regioisomer_seed172904.pdbqt","bedb48e8e5918765392c052b1c83a02e6e540341059dfd458c2d1037df4148b6","ADMITTED_ADEQUATE","ADMITTED","61","61","5","false","e4b9acef0d12c286e8c982016096d29fb905e012d31f87081348811fa8223ecb","QUINOLINE_REGIOISOMER_B:172904:model-15"
"QUINOLINE_REGIOISOMER_B:172904:model-16","QUINOLINE_REGIOISOMER_B","172904","16","/Users/yazan/totah-lab/research/mettl7-netarsudil-sam-mechanism/phase2-matched-sar/raw/7B_quinoline_regioisomer_seed172904.pdbqt","bedb48e8e5918765392c052b1c83a02e6e540341059dfd458c2d1037df4148b6","ADMITTED_ADEQUATE","ADMITTED","61","61","5","false","8586ecdef0ec7ce8a09112acd40c862a40643a631937a123fd8cbb53af760f5c","QUINOLINE_REGIOISOMER_B:172904:model-16"
"QUINOLINE_REGIOISOMER_B:172904:model-17","QUINOLINE_REGIOISOMER_B","172904","17","/Users/yazan/totah-lab/research/mettl7-netarsudil-sam-mechanism/phase2-matched-sar/raw/7B_quinoline_regioisomer_seed172904.pdbqt","bedb48e8e5918765392c052b1c83a02e6e540341059dfd458c2d1037df4148b6","ADMITTED_ADEQUATE","ADMITTED","61","61","3","false","3a2b2e2330ec60363c37fa2d962c909f7d8898bfd1580d7dbc37a6a520ff708b","QUINOLINE_REGIOISOMER_B:172904:model-17"
"QUINOLINE_REGIOISOMER_B:172904:model-18","QUINOLINE_REGIOISOMER_B","172904","18","/Users/yazan/totah-lab/research/mettl7-netarsudil-sam-mechanism/phase2-matched-sar/raw/7B_quinoline_regioisomer_seed172904.pdbqt","bedb48e8e5918765392c052b1c83a02e6e540341059dfd458c2d1037df4148b6","ADMITTED_ADEQUATE","ADMITTED","61","61","2","false","662ad82066d80fa65eecdda07be2872c6d1fed9a4205bf6e9cd955c9c502a7c0","QUINOLINE_REGIOISOMER_B:172904:model-18"
"QUINOLINE_REGIOISOMER_B:172904:model-19","QUINOLINE_REGIOISOMER_B","172904","19","/Users/yazan/totah-lab/research/mettl7-netarsudil-sam-mechanism/phase2-matched-sar/raw/7B_quinoline_regioisomer_seed172904.pdbqt","bedb48e8e5918765392c052b1c83a02e6e540341059dfd458c2d1037df4148b6","ADMITTED_ADEQUATE","ADMITTED","61","61","4","false","27a21dce4fe06e535d92cb555688618fbf21f8113d1d1b244a8306b6d19dc945","QUINOLINE_REGIOISOMER_B:172904:model-19"
"QUINOLINE_REGIOISOMER_B:172904:model-2","QUINOLINE_REGIOISOMER_B","172904","2","/Users/yazan/totah-lab/research/mettl7-netarsudil-sam-mechanism/phase2-matched-sar/raw/7B_quinoline_regioisomer_seed172904.pdbqt","bedb48e8e5918765392c052b1c83a02e6e540341059dfd458c2d1037df4148b6","ADMITTED_ADEQUATE","ADMITTED","61","61","5","false","e48d65cb8bf75d9025357ea836ef7a7d35ba804fec8c8d5f836541048f884ab9","QUINOLINE_REGIOISOMER_B:172904:model-2"
"QUINOLINE_REGIOISOMER_B:172904:model-20","QUINOLINE_REGIOISOMER_B","172904","20","/Users/yazan/totah-lab/research/mettl7-netarsudil-sam-mechanism/phase2-matched-sar/raw/7B_quinoline_regioisomer_seed172904.pdbqt","bedb48e8e5918765392c052b1c83a02e6e540341059dfd458c2d1037df4148b6","ADMITTED_ADEQUATE","ADMITTED","61","61","5","false","b5dd2e739844cfcefd162df6b23e84404cfbbefa9d575df6d0e6f6fabc822132","QUINOLINE_REGIOISOMER_B:172904:model-20"
"QUINOLINE_REGIOISOMER_B:172904:model-3","QUINOLINE_REGIOISOMER_B","172904","3","/Users/yazan/totah-lab/research/mettl7-netarsudil-sam-mechanism/phase2-matched-sar/raw/7B_quinoline_regioisomer_seed172904.pdbqt","bedb48e8e5918765392c052b1c83a02e6e540341059dfd458c2d1037df4148b6","ADMITTED_ADEQUATE","ADMITTED","61","61","3","false","9224a0be180ca711d7d79b347b8035ad13c1d99ec7bd605ab4c86076f4b72984","QUINOLINE_REGIOISOMER_B:172904:model-3"
"QUINOLINE_REGIOISOMER_B:172904:model-4","QUINOLINE_REGIOISOMER_B","172904","4","/Users/yazan/totah-lab/research/mettl7-netarsudil-sam-mechanism/phase2-matched-sar/raw/7B_quinoline_regioisomer_seed172904.pdbqt","bedb48e8e5918765392c052b1c83a02e6e540341059dfd458c2d1037df4148b6","ADMITTED_ADEQUATE","ADMITTED","61","61","5","false","3253e9018cd6b9e48819cad38cc508437f2a32aad3e7bafb305731bd637423cd","QUINOLINE_REGIOISOMER_B:172904:model-4"
"QUINOLINE_REGIOISOMER_B:172904:model-5","QUINOLINE_REGIOISOMER_B","172904","5","/Users/yazan/totah-lab/research/mettl7-netarsudil-sam-mechanism/phase2-matched-sar/raw/7B_quinoline_regioisomer_seed172904.pdbqt","bedb48e8e5918765392c052b1c83a02e6e540341059dfd458c2d1037df4148b6","ADMITTED_ADEQUATE","ADMITTED","61","61","4","false","eda28ab98fcc53bb60cac4f0bda7c7ab347e11664ba4d22f73b687c5b7562788","QUINOLINE_REGIOISOMER_B:172904:model-5"
"QUINOLINE_REGIOISOMER_B:172904:model-6","QUINOLINE_REGIOISOMER_B","172904","6","/Users/yazan/totah-lab/research/mettl7-netarsudil-sam-mechanism/phase2-matched-sar/raw/7B_quinoline_regioisomer_seed172904.pdbqt","bedb48e8e5918765392c052b1c83a02e6e540341059dfd458c2d1037df4148b6","ADMITTED_ADEQUATE","ADMITTED","61","61","4","false","a2a4074c4f89f1d023d0837936a75cedd839243e42006ee792cc593ca71bfcc7","QUINOLINE_REGIOISOMER_B:172904:model-6"
"QUINOLINE_REGIOISOMER_B:172904:model-7","QUINOLINE_REGIOISOMER_B","172904","7","/Users/yazan/totah-lab/research/mettl7-netarsudil-sam-mechanism/phase2-matched-sar/raw/7B_quinoline_regioisomer_seed172904.pdbqt","bedb48e8e5918765392c052b1c83a02e6e540341059dfd458c2d1037df4148b6","ADMITTED_ADEQUATE","ADMITTED","61","61","2","false","e1545415c661a83fa7fd40e52da3bc16a3ec28be632b365c62a1438da8d24917","QUINOLINE_REGIOISOMER_B:172904:model-7"
"QUINOLINE_REGIOISOMER_B:172904:model-8","QUINOLINE_REGIOISOMER_B","172904","8","/Users/yazan/totah-lab/research/mettl7-netarsudil-sam-mechanism/phase2-matched-sar/raw/7B_quinoline_regioisomer_seed172904.pdbqt","bedb48e8e5918765392c052b1c83a02e6e540341059dfd458c2d1037df4148b6","ADMITTED_ADEQUATE","ADMITTED","61","61","4","false","e4de79f56a6309ca784becd1d980afb45c530e986b235f50cf251813fde9b59d","QUINOLINE_REGIOISOMER_B:172904:model-8"
"QUINOLINE_REGIOISOMER_B:172904:model-9","QUINOLINE_REGIOISOMER_B","172904","9","/Users/yazan/totah-lab/research/mettl7-netarsudil-sam-mechanism/phase2-matched-sar/raw/7B_quinoline_regioisomer_seed172904.pdbqt","bedb48e8e5918765392c052b1c83a02e6e540341059dfd458c2d1037df4148b6","ADMITTED_ADEQUATE","ADMITTED","61","61","3","false","c895efd0781715baa7fe2656d69168caa8938809a1609455b74b51b66bb50136","QUINOLINE_REGIOISOMER_B:172904:model-9"
"QUINOLINE_REGIOISOMER_B:483271:model-1","QUINOLINE_REGIOISOMER_B","483271","1","/Users/yazan/totah-lab/research/mettl7-netarsudil-sam-mechanism/phase2-matched-sar/raw/7B_quinoline_regioisomer_seed483271.pdbqt","b0ccb5b36fb36f572c2fc37a93cf31867298506aede0186829fe295cc5333691","ADMITTED_ADEQUATE","ADMITTED","61","61","3","false","7aec8bcffc6981ef94cf80ec40385fc1293aef8e27201f5558c41b76931ebc08","QUINOLINE_REGIOISOMER_B:483271:model-1"
"QUINOLINE_REGIOISOMER_B:483271:model-10","QUINOLINE_REGIOISOMER_B","483271","10","/Users/yazan/totah-lab/research/mettl7-netarsudil-sam-mechanism/phase2-matched-sar/raw/7B_quinoline_regioisomer_seed483271.pdbqt","b0ccb5b36fb36f572c2fc37a93cf31867298506aede0186829fe295cc5333691","ADMITTED_ADEQUATE","ADMITTED","61","61","3","false","a0343c676240b78216b620d6547d65227ed05ae734f1538dbd7f2e5a2e227553","QUINOLINE_REGIOISOMER_B:483271:model-10"
"QUINOLINE_REGIOISOMER_B:483271:model-11","QUINOLINE_REGIOISOMER_B","483271","11","/Users/yazan/totah-lab/research/mettl7-netarsudil-sam-mechanism/phase2-matched-sar/raw/7B_quinoline_regioisomer_seed483271.pdbqt","b0ccb5b36fb36f572c2fc37a93cf31867298506aede0186829fe295cc5333691","ADMITTED_ADEQUATE","ADMITTED","61","61","4","false","e966716e16edae85d69834fd9e1dbf8598c6fc776426c1c8bb22ef28025560b7","QUINOLINE_REGIOISOMER_B:483271:model-11"
"QUINOLINE_REGIOISOMER_B:483271:model-12","QUINOLINE_REGIOISOMER_B","483271","12","/Users/yazan/totah-lab/research/mettl7-netarsudil-sam-mechanism/phase2-matched-sar/raw/7B_quinoline_regioisomer_seed483271.pdbqt","b0ccb5b36fb36f572c2fc37a93cf31867298506aede0186829fe295cc5333691","ADMITTED_ADEQUATE","ADMITTED","61","61","3","false","7a5b74000474ea2abcd180d1f9887a38bb97d7980c0fdd3ad807e28e885670c7","QUINOLINE_REGIOISOMER_B:483271:model-12"
"QUINOLINE_REGIOISOMER_B:483271:model-13","QUINOLINE_REGIOISOMER_B","483271","13","/Users/yazan/totah-lab/research/mettl7-netarsudil-sam-mechanism/phase2-matched-sar/raw/7B_quinoline_regioisomer_seed483271.pdbqt","b0ccb5b36fb36f572c2fc37a93cf31867298506aede0186829fe295cc5333691","ADMITTED_ADEQUATE","ADMITTED","61","61","4","false","ea87cb2a8d903267133162baddf6d0185f1b7879c169d334a817484426dffd7e","QUINOLINE_REGIOISOMER_B:483271:model-13"
"QUINOLINE_REGIOISOMER_B:483271:model-14","QUINOLINE_REGIOISOMER_B","483271","14","/Users/yazan/totah-lab/research/mettl7-netarsudil-sam-mechanism/phase2-matched-sar/raw/7B_quinoline_regioisomer_seed483271.pdbqt","b0ccb5b36fb36f572c2fc37a93cf31867298506aede0186829fe295cc5333691","ADMITTED_ADEQUATE","ADMITTED","61","61","2","false","fdae503cb9d2620628a2c0e9ff4793cf86f058fa3ad6304ad2d08378e64445ed","QUINOLINE_REGIOISOMER_B:483271:model-14"
"QUINOLINE_REGIOISOMER_B:483271:model-15","QUINOLINE_REGIOISOMER_B","483271","15","/Users/yazan/totah-lab/research/mettl7-netarsudil-sam-mechanism/phase2-matched-sar/raw/7B_quinoline_regioisomer_seed483271.pdbqt","b0ccb5b36fb36f572c2fc37a93cf31867298506aede0186829fe295cc5333691","ADMITTED_ADEQUATE","ADMITTED","61","61","1","false","0e5eed48ca549d6e11ff21a40f9625e55b64962ace385a94953cec6ebc10dab7","QUINOLINE_REGIOISOMER_B:483271:model-15"
"QUINOLINE_REGIOISOMER_B:483271:model-16","QUINOLINE_REGIOISOMER_B","483271","16","/Users/yazan/totah-lab/research/mettl7-netarsudil-sam-mechanism/phase2-matched-sar/raw/7B_quinoline_regioisomer_seed483271.pdbqt","b0ccb5b36fb36f572c2fc37a93cf31867298506aede0186829fe295cc5333691","ADMITTED_ADEQUATE","ADMITTED","61","61","3","false","2cc7679c7bbe9b0d5cbb1f6e437641545934913c49e37db45bbb0a3b548658e6","QUINOLINE_REGIOISOMER_B:483271:model-16"
"QUINOLINE_REGIOISOMER_B:483271:model-17","QUINOLINE_REGIOISOMER_B","483271","17","/Users/yazan/totah-lab/research/mettl7-netarsudil-sam-mechanism/phase2-matched-sar/raw/7B_quinoline_regioisomer_seed483271.pdbqt","b0ccb5b36fb36f572c2fc37a93cf31867298506aede0186829fe295cc5333691","ADMITTED_ADEQUATE","ADMITTED","61","61","4","false","d967689b9bb9f373a27e8cb8a74decec1654f4ad815a765659a7c40311250bba","QUINOLINE_REGIOISOMER_B:483271:model-17"
"QUINOLINE_REGIOISOMER_B:483271:model-18","QUINOLINE_REGIOISOMER_B","483271","18","/Users/yazan/totah-lab/research/mettl7-netarsudil-sam-mechanism/phase2-matched-sar/raw/7B_quinoline_regioisomer_seed483271.pdbqt","b0ccb5b36fb36f572c2fc37a93cf31867298506aede0186829fe295cc5333691","ADMITTED_ADEQUATE","ADMITTED","61","61","4","false","c4a9f1e00c309ea7abd10529c6e7834fe37e11f319f7b170c42b5c00bd0511a0","QUINOLINE_REGIOISOMER_B:483271:model-18"
"QUINOLINE_REGIOISOMER_B:483271:model-19","QUINOLINE_REGIOISOMER_B","483271","19","/Users/yazan/totah-lab/research/mettl7-netarsudil-sam-mechanism/phase2-matched-sar/raw/7B_quinoline_regioisomer_seed483271.pdbqt","b0ccb5b36fb36f572c2fc37a93cf31867298506aede0186829fe295cc5333691","ADMITTED_ADEQUATE","ADMITTED","61","61","4","false","efb5a687206e3d3f75df662f825f365fdc82284ec717188549d785f3380ad78e","QUINOLINE_REGIOISOMER_B:483271:model-19"
"QUINOLINE_REGIOISOMER_B:483271:model-2","QUINOLINE_REGIOISOMER_B","483271","2","/Users/yazan/totah-lab/research/mettl7-netarsudil-sam-mechanism/phase2-matched-sar/raw/7B_quinoline_regioisomer_seed483271.pdbqt","b0ccb5b36fb36f572c2fc37a93cf31867298506aede0186829fe295cc5333691","ADMITTED_ADEQUATE","ADMITTED","61","61","5","false","a2f35f6c279dfd93258127939b61c19505915d160c3dd04f5fc81eae50952930","QUINOLINE_REGIOISOMER_B:483271:model-2"
"QUINOLINE_REGIOISOMER_B:483271:model-20","QUINOLINE_REGIOISOMER_B","483271","20","/Users/yazan/totah-lab/research/mettl7-netarsudil-sam-mechanism/phase2-matched-sar/raw/7B_quinoline_regioisomer_seed483271.pdbqt","b0ccb5b36fb36f572c2fc37a93cf31867298506aede0186829fe295cc5333691","ADMITTED_ADEQUATE","ADMITTED","61","61","5","false","0358cb23d7211fa98eff5ce164c8c93c1d4e82a140ba45c4b500d4434f893d47","QUINOLINE_REGIOISOMER_B:483271:model-20"
"QUINOLINE_REGIOISOMER_B:483271:model-3","QUINOLINE_REGIOISOMER_B","483271","3","/Users/yazan/totah-lab/research/mettl7-netarsudil-sam-mechanism/phase2-matched-sar/raw/7B_quinoline_regioisomer_seed483271.pdbqt","b0ccb5b36fb36f572c2fc37a93cf31867298506aede0186829fe295cc5333691","ADMITTED_ADEQUATE","ADMITTED","61","61","3","false","6ccd2ba98f91458b92323f188862fa6bf125d02c12de075e2675722674e32ca5","QUINOLINE_REGIOISOMER_B:483271:model-3"
"QUINOLINE_REGIOISOMER_B:483271:model-4","QUINOLINE_REGIOISOMER_B","483271","4","/Users/yazan/totah-lab/research/mettl7-netarsudil-sam-mechanism/phase2-matched-sar/raw/7B_quinoline_regioisomer_seed483271.pdbqt","b0ccb5b36fb36f572c2fc37a93cf31867298506aede0186829fe295cc5333691","ADMITTED_ADEQUATE","ADMITTED","61","61","5","false","4fb9d531d50e03193c4694f33599cfa554aec91b0ec10ad696b5b6d83160f83b","QUINOLINE_REGIOISOMER_B:483271:model-4"
"QUINOLINE_REGIOISOMER_B:483271:model-5","QUINOLINE_REGIOISOMER_B","483271","5","/Users/yazan/totah-lab/research/mettl7-netarsudil-sam-mechanism/phase2-matched-sar/raw/7B_quinoline_regioisomer_seed483271.pdbqt","b0ccb5b36fb36f572c2fc37a93cf31867298506aede0186829fe295cc5333691","ADMITTED_ADEQUATE","ADMITTED","61","61","4","false","3143450f0f1d0ef40e44be0796d77091648e636d8c5f04845941863549db99ad","QUINOLINE_REGIOISOMER_B:483271:model-5"
"QUINOLINE_REGIOISOMER_B:483271:model-6","QUINOLINE_REGIOISOMER_B","483271","6","/Users/yazan/totah-lab/research/mettl7-netarsudil-sam-mechanism/phase2-matched-sar/raw/7B_quinoline_regioisomer_seed483271.pdbqt","b0ccb5b36fb36f572c2fc37a93cf31867298506aede0186829fe295cc5333691","ADMITTED_ADEQUATE","ADMITTED","61","61","4","false","8f2bce9180df7bd54d8079f76fd7ba35f33dddb5168caf93e00363df690f3ee2","QUINOLINE_REGIOISOMER_B:483271:model-6"
"QUINOLINE_REGIOISOMER_B:483271:model-7","QUINOLINE_REGIOISOMER_B","483271","7","/Users/yazan/totah-lab/research/mettl7-netarsudil-sam-mechanism/phase2-matched-sar/raw/7B_quinoline_regioisomer_seed483271.pdbqt","b0ccb5b36fb36f572c2fc37a93cf31867298506aede0186829fe295cc5333691","ADMITTED_ADEQUATE","ADMITTED","61","61","3","false","3f43ea3d96c6f3d8f7ebce6919af7674ec48e6a92a4fcde4abfe5ecc757dba79","QUINOLINE_REGIOISOMER_B:483271:model-7"
"QUINOLINE_REGIOISOMER_B:483271:model-8","QUINOLINE_REGIOISOMER_B","483271","8","/Users/yazan/totah-lab/research/mettl7-netarsudil-sam-mechanism/phase2-matched-sar/raw/7B_quinoline_regioisomer_seed483271.pdbqt","b0ccb5b36fb36f572c2fc37a93cf31867298506aede0186829fe295cc5333691","ADMITTED_ADEQUATE","ADMITTED","61","61","3","false","5ec7f0fc397cfd3e9373dfd8692528bb2df0431523749d58cc9c981685642c30","QUINOLINE_REGIOISOMER_B:483271:model-8"
"QUINOLINE_REGIOISOMER_B:483271:model-9","QUINOLINE_REGIOISOMER_B","483271","9","/Users/yazan/totah-lab/research/mettl7-netarsudil-sam-mechanism/phase2-matched-sar/raw/7B_quinoline_regioisomer_seed483271.pdbqt","b0ccb5b36fb36f572c2fc37a93cf31867298506aede0186829fe295cc5333691","ADMITTED_ADEQUATE","ADMITTED","61","61","5","false","fd2990c229cbbb1884bfd43c04839984b78bc023db0aad1e6036b0f61bcb44fe","QUINOLINE_REGIOISOMER_B:483271:model-9"
"QUINOLINE_REGIOISOMER_B:806519:model-1","QUINOLINE_REGIOISOMER_B","806519","1","/Users/yazan/totah-lab/research/mettl7-netarsudil-sam-mechanism/phase2-matched-sar/raw/7B_quinoline_regioisomer_seed806519.pdbqt","9a09594707a4a0f6778de5be5c190c6bcd8c38c5435a015d0d58fea5792acc81","ADMITTED_ADEQUATE","ADMITTED","61","61","3","false","a9966073a16659f45b9d37aa69108ac1032ee97141b12070ff9087b1ad22f3cf","QUINOLINE_REGIOISOMER_B:806519:model-1"
"QUINOLINE_REGIOISOMER_B:806519:model-10","QUINOLINE_REGIOISOMER_B","806519","10","/Users/yazan/totah-lab/research/mettl7-netarsudil-sam-mechanism/phase2-matched-sar/raw/7B_quinoline_regioisomer_seed806519.pdbqt","9a09594707a4a0f6778de5be5c190c6bcd8c38c5435a015d0d58fea5792acc81","ADMITTED_ADEQUATE","ADMITTED","61","61","4","false","0714f1d425864e190760f1590ca3e56fd11bd9fa995c70bfb8c26cadb1c230f6","QUINOLINE_REGIOISOMER_B:806519:model-10"
"QUINOLINE_REGIOISOMER_B:806519:model-11","QUINOLINE_REGIOISOMER_B","806519","11","/Users/yazan/totah-lab/research/mettl7-netarsudil-sam-mechanism/phase2-matched-sar/raw/7B_quinoline_regioisomer_seed806519.pdbqt","9a09594707a4a0f6778de5be5c190c6bcd8c38c5435a015d0d58fea5792acc81","ADMITTED_ADEQUATE","ADMITTED","61","61","3","false","a96ec863fe2c9ca132f977582932b06bfcda811899bb0b0766c42969603ca5d3","QUINOLINE_REGIOISOMER_B:806519:model-11"
"QUINOLINE_REGIOISOMER_B:806519:model-12","QUINOLINE_REGIOISOMER_B","806519","12","/Users/yazan/totah-lab/research/mettl7-netarsudil-sam-mechanism/phase2-matched-sar/raw/7B_quinoline_regioisomer_seed806519.pdbqt","9a09594707a4a0f6778de5be5c190c6bcd8c38c5435a015d0d58fea5792acc81","ADMITTED_ADEQUATE","ADMITTED","61","61","3","false","be0172c2d271e5fb2c9dbabd31de483a3df973a544b701703addf01940a5fb8e","QUINOLINE_REGIOISOMER_B:806519:model-12"
"QUINOLINE_REGIOISOMER_B:806519:model-13","QUINOLINE_REGIOISOMER_B","806519","13","/Users/yazan/totah-lab/research/mettl7-netarsudil-sam-mechanism/phase2-matched-sar/raw/7B_quinoline_regioisomer_seed806519.pdbqt","9a09594707a4a0f6778de5be5c190c6bcd8c38c5435a015d0d58fea5792acc81","ADMITTED_ADEQUATE","ADMITTED","61","61","6","false","c976cc9c3a2c1798bc30abc3ce50654a1b58fdad0d20a17acdef981815765b75","QUINOLINE_REGIOISOMER_B:806519:model-13"
"QUINOLINE_REGIOISOMER_B:806519:model-14","QUINOLINE_REGIOISOMER_B","806519","14","/Users/yazan/totah-lab/research/mettl7-netarsudil-sam-mechanism/phase2-matched-sar/raw/7B_quinoline_regioisomer_seed806519.pdbqt","9a09594707a4a0f6778de5be5c190c6bcd8c38c5435a015d0d58fea5792acc81","ADMITTED_ADEQUATE","ADMITTED","61","61","4","false","6edd4c00fd23ed4ea9b222a6ceec7ee6c3c68cb878e07b48fc745bd214bc0fa2","QUINOLINE_REGIOISOMER_B:806519:model-14"
"QUINOLINE_REGIOISOMER_B:806519:model-15","QUINOLINE_REGIOISOMER_B","806519","15","/Users/yazan/totah-lab/research/mettl7-netarsudil-sam-mechanism/phase2-matched-sar/raw/7B_quinoline_regioisomer_seed806519.pdbqt","9a09594707a4a0f6778de5be5c190c6bcd8c38c5435a015d0d58fea5792acc81","ADMITTED_ADEQUATE","ADMITTED","61","61","3","false","8b8d4b867f69eec00b1b5f02b6d204bf9def0837742c6e82993b667f2e085214","QUINOLINE_REGIOISOMER_B:806519:model-15"
"QUINOLINE_REGIOISOMER_B:806519:model-16","QUINOLINE_REGIOISOMER_B","806519","16","/Users/yazan/totah-lab/research/mettl7-netarsudil-sam-mechanism/phase2-matched-sar/raw/7B_quinoline_regioisomer_seed806519.pdbqt","9a09594707a4a0f6778de5be5c190c6bcd8c38c5435a015d0d58fea5792acc81","ADMITTED_ADEQUATE","ADMITTED","61","61","3","false","375987cfe30eb9c3cdcd8cb515e3a3044c8e694416fea2736f31d5df6fb80cbb","QUINOLINE_REGIOISOMER_B:806519:model-16"
"QUINOLINE_REGIOISOMER_B:806519:model-17","QUINOLINE_REGIOISOMER_B","806519","17","/Users/yazan/totah-lab/research/mettl7-netarsudil-sam-mechanism/phase2-matched-sar/raw/7B_quinoline_regioisomer_seed806519.pdbqt","9a09594707a4a0f6778de5be5c190c6bcd8c38c5435a015d0d58fea5792acc81","ADMITTED_ADEQUATE","ADMITTED","61","61","5","false","06205d1dcf81459d6f5e9e5038068133c5f0162a67531790ed344ae5ab082dc6","QUINOLINE_REGIOISOMER_B:806519:model-17"
"QUINOLINE_REGIOISOMER_B:806519:model-18","QUINOLINE_REGIOISOMER_B","806519","18","/Users/yazan/totah-lab/research/mettl7-netarsudil-sam-mechanism/phase2-matched-sar/raw/7B_quinoline_regioisomer_seed806519.pdbqt","9a09594707a4a0f6778de5be5c190c6bcd8c38c5435a015d0d58fea5792acc81","ADMITTED_ADEQUATE","ADMITTED","61","61","4","false","defd561703a345fa16e704f7dbe40fe6bcb7e8b1cd04a8e37243a8d8752d13f6","QUINOLINE_REGIOISOMER_B:806519:model-18"
"QUINOLINE_REGIOISOMER_B:806519:model-19","QUINOLINE_REGIOISOMER_B","806519","19","/Users/yazan/totah-lab/research/mettl7-netarsudil-sam-mechanism/phase2-matched-sar/raw/7B_quinoline_regioisomer_seed806519.pdbqt","9a09594707a4a0f6778de5be5c190c6bcd8c38c5435a015d0d58fea5792acc81","ADMITTED_ADEQUATE","ADMITTED","61","61","2","false","11484404df655f48639897538142a665664836f46be7fce672a028e4718c1e37","QUINOLINE_REGIOISOMER_B:806519:model-19"
"QUINOLINE_REGIOISOMER_B:806519:model-2","QUINOLINE_REGIOISOMER_B","806519","2","/Users/yazan/totah-lab/research/mettl7-netarsudil-sam-mechanism/phase2-matched-sar/raw/7B_quinoline_regioisomer_seed806519.pdbqt","9a09594707a4a0f6778de5be5c190c6bcd8c38c5435a015d0d58fea5792acc81","ADMITTED_ADEQUATE","ADMITTED","61","61","3","false","1ed6403e98c3c825cb1d40f356d0a96f566b413a5c0895ca78efd18649bea74f","QUINOLINE_REGIOISOMER_B:806519:model-2"
"QUINOLINE_REGIOISOMER_B:806519:model-20","QUINOLINE_REGIOISOMER_B","806519","20","/Users/yazan/totah-lab/research/mettl7-netarsudil-sam-mechanism/phase2-matched-sar/raw/7B_quinoline_regioisomer_seed806519.pdbqt","9a09594707a4a0f6778de5be5c190c6bcd8c38c5435a015d0d58fea5792acc81","ADMITTED_ADEQUATE","ADMITTED","61","61","2","false","2aa76ac33bb0a1b20a4e149fe66d2bd2b33ee06f085529d6206fe20d253b2c67","QUINOLINE_REGIOISOMER_B:806519:model-20"
"QUINOLINE_REGIOISOMER_B:806519:model-3","QUINOLINE_REGIOISOMER_B","806519","3","/Users/yazan/totah-lab/research/mettl7-netarsudil-sam-mechanism/phase2-matched-sar/raw/7B_quinoline_regioisomer_seed806519.pdbqt","9a09594707a4a0f6778de5be5c190c6bcd8c38c5435a015d0d58fea5792acc81","ADMITTED_ADEQUATE","ADMITTED","61","61","5","false","15ee8eeb3ddcd69654b1959b81c2a9b3c9777df89e98fbcca49863ee0694188c","QUINOLINE_REGIOISOMER_B:806519:model-3"
"QUINOLINE_REGIOISOMER_B:806519:model-4","QUINOLINE_REGIOISOMER_B","806519","4","/Users/yazan/totah-lab/research/mettl7-netarsudil-sam-mechanism/phase2-matched-sar/raw/7B_quinoline_regioisomer_seed806519.pdbqt","9a09594707a4a0f6778de5be5c190c6bcd8c38c5435a015d0d58fea5792acc81","ADMITTED_ADEQUATE","ADMITTED","61","61","3","false","aadf8b83a0782e9f3b0c1b5a2b93fae57cc8c56589a1f7c14c071197e4b1eee5","QUINOLINE_REGIOISOMER_B:806519:model-4"
"QUINOLINE_REGIOISOMER_B:806519:model-5","QUINOLINE_REGIOISOMER_B","806519","5","/Users/yazan/totah-lab/research/mettl7-netarsudil-sam-mechanism/phase2-matched-sar/raw/7B_quinoline_regioisomer_seed806519.pdbqt","9a09594707a4a0f6778de5be5c190c6bcd8c38c5435a015d0d58fea5792acc81","ADMITTED_ADEQUATE","ADMITTED","61","61","4","false","94986a795ccac922391ebe713ac6bf1370d844ceaf4bc93c3427c6ea45c5964e","QUINOLINE_REGIOISOMER_B:806519:model-5"
"QUINOLINE_REGIOISOMER_B:806519:model-6","QUINOLINE_REGIOISOMER_B","806519","6","/Users/yazan/totah-lab/research/mettl7-netarsudil-sam-mechanism/phase2-matched-sar/raw/7B_quinoline_regioisomer_seed806519.pdbqt","9a09594707a4a0f6778de5be5c190c6bcd8c38c5435a015d0d58fea5792acc81","ADMITTED_ADEQUATE","ADMITTED","61","61","4","false","d395f98665c62f6fe75738d45fb6a598f808eccc392fc02b2f9c258d934a4742","QUINOLINE_REGIOISOMER_B:806519:model-6"
"QUINOLINE_REGIOISOMER_B:806519:model-7","QUINOLINE_REGIOISOMER_B","806519","7","/Users/yazan/totah-lab/research/mettl7-netarsudil-sam-mechanism/phase2-matched-sar/raw/7B_quinoline_regioisomer_seed806519.pdbqt","9a09594707a4a0f6778de5be5c190c6bcd8c38c5435a015d0d58fea5792acc81","ADMITTED_ADEQUATE","ADMITTED","61","61","4","false","9279d2eaecfc6d3f09a7022add726045d7d9bbec46db6cd0fd926ce8731fd5fb","QUINOLINE_REGIOISOMER_B:806519:model-7"
"QUINOLINE_REGIOISOMER_B:806519:model-8","QUINOLINE_REGIOISOMER_B","806519","8","/Users/yazan/totah-lab/research/mettl7-netarsudil-sam-mechanism/phase2-matched-sar/raw/7B_quinoline_regioisomer_seed806519.pdbqt","9a09594707a4a0f6778de5be5c190c6bcd8c38c5435a015d0d58fea5792acc81","ADMITTED_ADEQUATE","ADMITTED","61","61","5","false","d4b111a8af98458b57f82207b80664f091fa1f60cb1b30de1eb8d3257d6818ae","QUINOLINE_REGIOISOMER_B:806519:model-8"
"QUINOLINE_REGIOISOMER_B:806519:model-9","QUINOLINE_REGIOISOMER_B","806519","9","/Users/yazan/totah-lab/research/mettl7-netarsudil-sam-mechanism/phase2-matched-sar/raw/7B_quinoline_regioisomer_seed806519.pdbqt","9a09594707a4a0f6778de5be5c190c6bcd8c38c5435a015d0d58fea5792acc81","ADMITTED_ADEQUATE","ADMITTED","61","61","3","false","bdac0759cc7bd4995344f86bf71fdddee66547c5b2c800e4aa1b3f5baf6bff12","QUINOLINE_REGIOISOMER_B:806519:model-9"
