index	label_sha256	idcode_sha256	smarts_sha256	exact_query_roundtrip	b00_compile_probe	note
0	4165f3c98286c8ca9bf2d273e31efa99750e70d2e1585a361353a5da63dbc966	44b3e2bdc3f30785842908b47cd4a92b1d771203e8af581d488f4f2ef710a9ac	b718861490a7aabd81c85dfbe17d22f853cefc0d6ac4008c99f9010201aab9bd	false	ACCEPTED	query representation changed or parser warning
1	99e3b3f3d27461b34afd4ba27764eb45f0d8a1088ebe17e55eef5008beec86be	7e62a34e25c2be7799e1be861a721c3acc3ad09a07270b5903e2e560aa7d9ba6	2c2e86919815fcbafa32fb9eb2640faadbefbf53ed5e26a681acf65fb27fc093	true	ACCEPTED	
2	5a145e70d3603f6ca2241632bcb298d3b7ab1a57e1f8c96652f3902a929569da	3b3abc9fb4aea9a36468982f1ee6a906376109286070c8edad1e377f8cf93a0b	46bc9057a7cc6923781f9068542b9727dbf74db0603607e30abc01bbe8efc14f	true	ACCEPTED	
3	fdb640b778bb184d3bae7abd7a4bcd6832c94ab2fba8cb8c7aef970a79f0308e	44b8e06d3877fc5f51f61c69d6d69065e8f5eab6c13fb578f5eaec205e34824c	5eddf10aafa6e66331533bd3a717af6c76cda075fb5408b497055800b0eb8621	false	ACCEPTED	query representation changed or parser warning
4	96b485d645479cf81fcd219855a7cc7c2ac5ca038ea95a35d1102eb9aea996fe	04f53f2da53faef57eb30aee08b6c742b4c4a9c817b5df3709cea650e5207796	219eaf3e5c8ddacdc2cd72710a3e870b445ea48ef7651af62e6c5488245d2d0a	false	ACCEPTED	query representation changed or parser warning
5	d5086c987b735d18fdf29791b08902d11f3921ed642613b91fb8c145a0118ae7	76c728211f219d9336e54f505a2217347347698b0c23f23e48409e39873b111f	fe610d34bdca92dc56e7dc5c060eab15a75afe857cf208e4c19613240265107f	true	ACCEPTED	
6	0914a8cc9cb2189f4ebf4b2c3b642283b06cbe5b7e5b52f4ae072e9ee0c5bd3c	230c6c189fce15fcec70fb9729d7ee6d6b1fe377e46252ac47e2fb28fd3f1782	ebaff7da094b1b5bbb6e96aa90cf68780c994adb6d74d24d125e02915d3de835	false	ACCEPTED	query representation changed or parser warning
7	7bc5b52c893417749f88c1dcd3ce1b867568b5da998d2d469525e4144d8e56fd	4bb884b37f59e691af71f74f80bb5b02d818fe7c1b48731a381c0823b79a5eac	67f4ea8c80755b947431a2988cb376001ccbd438b4b2fcc6c23d8c841a95137a	true	ACCEPTED	
8	07a024ef333b60f89ebb6ec081270b27229b90854dddef7d7716733d0205036a	fb37aaf0a31a07631c6efe71755f4a1b2c05cbb7795057c829da985e4d9a5482	06aaff4a95e9f5c43de1128518989c6f04f873f0a77a69e19689b28bde81ed79	true	ACCEPTED	
9	d91ca25d359b3846686682ff82655f3fb60cc842ce86d0d572e5036d396d1a50	7482b3c7e60a7fa8dcfb9ff98f04a337ef2bbdc0d2faa8010787c85044781c15	d806a9515515df1cfaa4f181c26680a55d68a1a565bfd88b74b8ad4a3e9ab9ee	true	ACCEPTED	
10	980a215fb587ab9ff96d239c8e5cf94d69102e3f24eeee0b1bb99d6db80ad969	c62b440af4e76adbc3c11ede751f5261f7301cc77851f7333f7d0fa934bf2175	292475b30d123cacbf81284d22710cc2f06cef93c94064503a1900080d5e842c	true	ACCEPTED	
11	ab90b72e351e4bf19852ffda8d5d5ac8f06b8618f699a39b7a6676112ccb9a2b	21194ffde0b469a522c670348f7c07e0f8f2bbe80fda7dde7228b3c6ac935d50	7032936e257b1f7c4a080bcdcf0eb4426df9e5e1ad330c961f0e1cf2f6f3ae65	true	ACCEPTED	
12	ab90b72e351e4bf19852ffda8d5d5ac8f06b8618f699a39b7a6676112ccb9a2b	ade9dcf1162df22cd1f1246c4915fe40f57a7008e707d0d41a57eea360453699	84a5fc5c44a410561568adc4bb83ff8d453ccc21d82386bb6e21f12d1a764910	true	ACCEPTED	
13	2de67b31f9aa174ae53288e8d990a58cd2a3a2e46b3828b26c85e348c06e3cc0	eaca4007a10551889c33f4f8ccbaadf7ac20c516b3371969952aac9b0a0b1201	bcd7a5200587ec106f1368b4bf0fd03b91bd6af63460c31217710ac649e9607f	true	ACCEPTED	
14	2de67b31f9aa174ae53288e8d990a58cd2a3a2e46b3828b26c85e348c06e3cc0	8468db3fb4dedf1f2c55ccf94d4fb62bb6800434e74d04fd47d23beaa717eb01	9b4ebcdd27d77208d8d4a2709387435d9623152cb9c664ce09ea91e1243d72a9	true	ACCEPTED	
15	600ca5c70282633d2fc7c9c1833f6fbdbf93ce3be90098814d0f9874bb2288d7	1ade83ef3cd944117c1e7df4b05d0ab6e2b48696bfeb2d2a51622f71df0d97ab	dd92f6e8aa22bad38d256ee7dd7352800a6aad627703cef57a51fe6514266b95	false	ACCEPTED	query representation changed or parser warning
16	b7538250a608acc1170557b74c63e7c03792ad71eeb38ab6c18f9c383554ea71	7db4b5c5b18575da7c19c371bc3ebc20c2e5b3913994943ffaf6bd8dfb327d17	fb7cfaa027f658a767b4ae053f3f07fa3d021ec9a279dcea6e2e0f9970df8607	false	ACCEPTED	query representation changed or parser warning
17	ae0cf0f2f3813a9222baa62322a8ff1184bc6a3d18b376d34030c741fbfc41c4	603bf1a30e16922ad5b1ae7099a6f257b5d98423d5a8decf96f9291bfd46c791	7a6e0a5c084beb17c7118e6126e4992fa5f6089f1f12f496f78b339750d9ccb8	true	ACCEPTED	
18	d67c888c08287e6507878a56e2fbeee33b85f6f8097972708b95ce7021e0471a	cf60be8743eca8dc61dc6afd35109b1a3bc4981ba1ece2bc1a7d3660162a2259	4084f8a45a7f2c225e51b7f329c05a2df0eacddaa29f7fd51329d8105bd612fc	true	ACCEPTED	
19	3890044a5bf7647025337da50fc112bfdaf644bb60dd20058e6bb9eb4f15fd73	39c119803c9ef5723714fc71ca9ac3119e5d9a237006b3d1698de54e41ddcb57	9a94d01a3420841da56f94ce4798ef12a20099d78f43501dd65c54e890aec8d2	true	ACCEPTED	
20	4b47818ff4cd848df19ba3f7d39563be3b59880cb769f15c5b15d173c8b50c56	ad2cf7a87be02388b112628e607ffe676d503c246ca316084e842ecff6a8626f	d7f4e5fec93df5387d442d784e42d694e303ab2c3ace892fa7cef7f6239582c5	true	ACCEPTED	
21	6a87cafa5c83cf81dd0fdb5d9bc9abba9ecd64fee7912bd7db0d377f5c7b38d2	0ff79dc3cbdfc61c098c8e37664a1156713caab3f79c3b77124b4c28a72f7fa3	c58c4a82d72d2eda10cb30a5b40f98fc74e0afffad2a7d2852f8c765c6cd1b7b	true	ACCEPTED	
22	f8a9dfa390beb7bdbf3fd2b0c075fb0c3d8575915298179b3869ab9a027e69a4	bd4cbae73a1435384160f9c60351d7429ad06709b7461a2711197c4cb5c344a4	56119c91fffa1b579b03b505106285c4027f31484b7bfd2754ad0d08961c1293	true	ACCEPTED	
23	393f29faa1f1ab736450d6b98e5e78447a387104baac856794dbc4710b8961fe	8f8a5d7bf3b6d0dc8b28eef46e758cddc41331de299fe654d850b66d76265972	e83832aac440387050bae58226d34d19591b3d93d25a38e487c16a2552e2f6a4	true	ACCEPTED	
24	20667991872dff7bf6c7c3aeaf6a46ebd3523a874c11d3bcfcfb288c554dbaa3	52cfaf7ecb3fbd3cf5e730bb01b502a37e4a5a6a8d5b087427f5a10a2b5da9ad	edc12a7df828a49566c4b6c58a4a15592d56adf2662e871b4ff61e018f1fc955	true	ACCEPTED	
25	771f8927c7aa79307496af80f19cf288a60e024c9f9116e8102aacbaf5ec30d1	ab62e4e7b72104b5435660511d1abb2b9e49ebeebf2009f7197135f98d7995b1	6909044eaf25f09243c390bf1b3e9abf6694e9948a139a48850542a266abcbe4	true	ACCEPTED	
26	c599eb7d7d6edfff7b26b6a5d07671386331ba7908eafad761520ea7f8503974	82788f39c0727c69e6bec035b20932c9f1cef900eb98aef14f8993b292c9e385	bc307bfe5aba268f9c5aa1ac2e23c6195e8299a9454366a12b2cac52604e5109	true	ACCEPTED	
27	d006aee5338b15f0eacdc3956cafd62603b97cc2ca6c62470afa9b356b666df3	4a60c1b08fe6b7069fd0d71d304c0426faa55f572ac6701b41fe3d2211991ddd	f86c488dab30ae01321df6fc22eb799ee40597059e5e40659246595dac67f5c5	true	ACCEPTED	
28	577bbefdaf43c1bbd387f26fdce3cb4a7d9d26e624e7c1d0dc6d75554f381474	d8f21a6b3ca5b79dbe7f8cd49b9710adc78305b59b57659a46ea839a187c8cb3	164339ad6a719a633c3b1753b6511db40be789453ffb7ddf3176be1d6946e446	true	ACCEPTED	
29	d91f30f4cf386ab4ee536c29073ae98daff7edbfceca41a7e9a8ea3511e1af60	30f3bcfc773caf7e52f38dff1ed7e43be5a99a3eca1a82d18c4c6d192cfdabaa	f723f1f7af1ff3b0bee61ab2faeac77476da6a847e56c672cbd2894104c21419	false	ACCEPTED	query representation changed or parser warning
30	a082a5246441ed2c2ad22c23975253a1f95ae9a8c3b5b9bfe49ad3f421e0fece	a69c177ec80065a6917e5caea0eed1930733162760377ca020f751d4f1042be6	1a206965fe87e314e4f3faa106955ce84cbd9701fd21cec1de06a2ea0739eb4f	true	ACCEPTED	
31	1cc0015fb1335ab9c42718ae3a1a26f271658a7ef2757ee63fbcee2d0eb5faa6	40e914d27a96bbb0049f8ba72723bc1523c77263349cfc8222b662f0289ed89b	10e9f19375c609cd46901f0f2788ac6cb67e96af204d3898c1d7c6bf87a6fd77	true	ACCEPTED	
32	1cc0015fb1335ab9c42718ae3a1a26f271658a7ef2757ee63fbcee2d0eb5faa6	ee643a0587b9af016f7deeb8734d9d222f15c2228aff71fc2daa00d0dc131287	7737e05e6ee613d96c351e7f372c02dbf83b90edc77d15e7d6d2a5eed94f5218	true	ACCEPTED	
33	1cc0015fb1335ab9c42718ae3a1a26f271658a7ef2757ee63fbcee2d0eb5faa6	e1534799578814a44b35ee3ce1ad36452f078ded25ce7e465732fee9c10a2908	2f49deb2706d35022bfcaf09e657d41ed76b5f55812e75d966fb576cab5b36f8	true	ACCEPTED	
34	525bf80768b89fe1498998d3f6f90cf3e69d6b84b0626eaa9d2e40e4eae9ef1c	4ae7e547d087fca28277fe6eed5bcb06ae6533170058a271d476565c6822ad65	545596138fba96660e5ac625a8f9e5741ff85b6f1d3bc68c4c7df98b065ad0a3	false	ACCEPTED	query representation changed or parser warning
35	4f19916d533638431637756bf829aeffdf3014ad3586c9b5636327cc81a6b7d5	3deae046c1df895303cb141df1d69162849908f0abe7e0d410fc211560eaa9b0	55717e731ce48792fbc80c931cee4282a7fbf72504ff0272819a724cf3b1b6c9	false	ACCEPTED	query representation changed or parser warning
36	4f19916d533638431637756bf829aeffdf3014ad3586c9b5636327cc81a6b7d5	dc1d302160e9319c55ca2e52e96a6e23694c38b83c6d4bc710b467f7e265d65e	ef333553a6daa3c906a2af4457c11dc873927ca72e9569671c9d502a9ffddff2	false	ACCEPTED	query representation changed or parser warning
37	07aa76b1823798a54f6d235b474b3f00bb163a90c56d2bc31f14ce48060cf4a6	ba9823cf864fe5b73bf6c8e1488d281dcdc8c1b5cf96a16de17150075d058342	1ede9408b7124f941937396a2b3a7a7c96477ca0e8fcbe3f7200f09e377690b5	false	ACCEPTED	query representation changed or parser warning
38	07aa76b1823798a54f6d235b474b3f00bb163a90c56d2bc31f14ce48060cf4a6	0f62d8e69933adbba92eabbf02ebf78ddc72997ffe29b1c9ec3425b94db40f6f	a2790259056f9ca7e5103eeada6a29f4d60c945f7b176fc2b9383428e8bd7fe7	false	ACCEPTED	query representation changed or parser warning
39	07aa76b1823798a54f6d235b474b3f00bb163a90c56d2bc31f14ce48060cf4a6	487a866626c2b6166cbbf3d9fba267249235a3c694fb7089e7507a18b504775c	9c2c767a74aee0a1e9dec90f8bb524be62336b2471fb8d81494afb056f42a2f1	false	ACCEPTED	query representation changed or parser warning
40	d8274f4cf5449ed9baa0a0511ab5e1a9f67927aa6055338a7404e0c989313b06	282d4c657b387d7405c5403658fd479bbad9186b9657bb2f5d0c82db7694e2db	d3d57a6a2ef8efe0aba215ec50a0bf4d58a768cc4ed2a6a4d48c580b1acbcc0e	true	ACCEPTED	
41	d8274f4cf5449ed9baa0a0511ab5e1a9f67927aa6055338a7404e0c989313b06	0e94c8391048eb75a602526dfdb81134866ce5812b8ddab69098bc1756914fd9	607cd9f996635e911f30c613e7035930278a4837815c76ba7ef03c7bac9f6146	true	ACCEPTED	
42	d8274f4cf5449ed9baa0a0511ab5e1a9f67927aa6055338a7404e0c989313b06	18cd7c4dd507df26f242034b5ab628e080b04f7bad54a3822d2fc05c4e177f1a	d3e76d7c77d7bd91227d4ab608e2b808c1c972d460608f9a88c3b70396357fd4	true	ACCEPTED	
43	d8274f4cf5449ed9baa0a0511ab5e1a9f67927aa6055338a7404e0c989313b06	0f1b1d8c87550bebb5044c7b23cfe5314200b343f48b02f39957e5be3de779da	955c57fd873ee38369c9e6086dc753644ac9a002398c29aa534d6e3af44f2d5a	true	ACCEPTED	
44	da66b88287033fe8f6c2e2fc272923ad7a20fe4e39b9957c8ef48d5736d8749b	616cbe235c722259b8eac1ba6e5d1cf2972c6ac013e823d0ba96c444693cbe8e	dc7a447d313d83bb95b0eccdbbe8a67c7fbe7302a79f6c908211d89296d8e442	false	ACCEPTED	query representation changed or parser warning
45	da66b88287033fe8f6c2e2fc272923ad7a20fe4e39b9957c8ef48d5736d8749b	96a7e7e3c7f900672266cc44f4ced3771bd34decef60115ad2b967515f5e08e4	155497b75f9336c785760ce19b9883378373a1d477de445e4a85306d2ce3eeaf	false	ACCEPTED	query representation changed or parser warning
46	da66b88287033fe8f6c2e2fc272923ad7a20fe4e39b9957c8ef48d5736d8749b	a4f695a28af6fc0b190dc110619f84798b7c546392b9d8e35d2198c1b5b3d36c	67802d47f9c1373625214e4a41142f4fac96b4ba50d487bffa5e65d067d122da	false	ACCEPTED	query representation changed or parser warning
47	da66b88287033fe8f6c2e2fc272923ad7a20fe4e39b9957c8ef48d5736d8749b	c9179a34727ea4eb1f8a02633ab87fd7235903fe6cc5108d02ff7acc3bf18681	155497b75f9336c785760ce19b9883378373a1d477de445e4a85306d2ce3eeaf	false	ACCEPTED	query representation changed or parser warning
48	da66b88287033fe8f6c2e2fc272923ad7a20fe4e39b9957c8ef48d5736d8749b	593dcfe3ac2869f8581f4febe01c57a2b17240e3ca0afcc4a0bcbb9676b5322e	fcb6c08d73bd408a56063775274eb9f8fb633f91404d14b5f581c3d5fd739e67	false	ACCEPTED	query representation changed or parser warning
49	da66b88287033fe8f6c2e2fc272923ad7a20fe4e39b9957c8ef48d5736d8749b	289ff0bc9de4ffba4619e76cd83815736de34783aacd5d7eaf187a3b81146e0e	9fab67d8926a326b815616402da5ab23e50fb8392e4deaacf7455a8c178fd104	false	ACCEPTED	query representation changed or parser warning
50	da66b88287033fe8f6c2e2fc272923ad7a20fe4e39b9957c8ef48d5736d8749b	e7570dcde6857c27dc3006ee38088e10c945c647b98b26ab845eefda36f93e45	67802d47f9c1373625214e4a41142f4fac96b4ba50d487bffa5e65d067d122da	false	ACCEPTED	query representation changed or parser warning
51	da66b88287033fe8f6c2e2fc272923ad7a20fe4e39b9957c8ef48d5736d8749b	4ffe58532a35d0652e094b1543a621b49a1128786fc5bc5b3e1f48ee1a34aec5	9fab67d8926a326b815616402da5ab23e50fb8392e4deaacf7455a8c178fd104	false	ACCEPTED	query representation changed or parser warning
52	da66b88287033fe8f6c2e2fc272923ad7a20fe4e39b9957c8ef48d5736d8749b	41efa7361f9aa08d9b87a6497a4e4379e520b0f7b0ee4f8a1237133426bd49c1	fe48a07673fd081755f0ac613b45c679241325a3ff1e03c27ddd0bcd9df90161	false	ACCEPTED	query representation changed or parser warning
53	68a46235937b1dbca9c16d86e15d2157355eb484ac7511dc884d05f9d0d59da2	92590a6c5f369348c8b4e40487cd973d28975e7b844f61361995fbae873ba2e1	a67202d6adba1d5be0fc49eb490b8b6308cff94f124ed482ec02449aeabc8067	false	ACCEPTED	query representation changed or parser warning
54	72fbf39584eb68347098c3a9f034e305889ec197c3e2bee8d0216f139b929f65	57e2019ef320c630a8df5ee44afe87dc6c5e274084f8f72277a454019ebde0ed	c1c243f38f4bbb72be4baf6adcee6f6c2d37902bba5d883591aad6c76ea78eaa	false	ACCEPTED	query representation changed or parser warning
55	4508da772cb4de231210a675312f9ec1ca437dc1a3fa0622131366af34dfc3c0	87fe79a113b12184c50f39750b1f9678e279aeeef6cbc4beae35ec86831983a6	39ab547a58d11e0047f3746425aaa633b331496f78a7460603f825eb98243f1e	true	ACCEPTED	
56	1ec78879fb1d387d72679b4f362963edded735687b1cf499907c85435e70b36d	261cc548591b590a10bdd4cf24772106028918413e1f1aa429f1bdc20ca99873	b852e5dc409f390a7a50d1c355ad7e3108da71d60291a6e68474340a01efeb06	true	ACCEPTED	
57	6c0de5e9dd783175807e96a47c42e3e6d4f8b704abff49e49e38c5a4634b5504	055c85188b1a9d7ca9d8d690fb6bc8c531b1f3bda7d85148f6d31c2dd027b248	776e9a09b8a3e37fd1a9cc0fce3ee1aa3f53b27a12061ea9f0351aa1b85cd430	false	ACCEPTED	query representation changed or parser warning
58	8ce2a997c6746c8e35ffcd2676f8fd210bcd969ec9b0df699eab25cdcfd0c7bc	b6bebdc9a58814c7d1a37b8cd70b70b337bb772028225462f08e10ae52483b64	fa8a791e74dc076d109f7e9f008b2f3a81ef6530c3f307ec8be9113ad434cd30	true	ACCEPTED	
59	7aae72c9e14e62227b34fef1cb5405276f2b063e97fbd6acfa2e52cb1d5342c9	17fa44c2b25c14c6649b039508ae6e5baed28f40add93098d2b5adf63df8c130	4cc9ff19ac8238960c4c75b06a91640fa399beee225beb036b63305f273efe4c	true	ACCEPTED	
60	6653e868c5895986e00fd3d51fd0187eebd665d11b8574cabd8e903f68444a28	8643e4968f4da9e030f9f457157cb16786dc7fc49d45606835354d435fc590d5	e3417400dad0595b9864753eb422424e78ed71063d1c9fbed8f0a155b0864af6	true	ACCEPTED	
61	57ffec10f423626b771b77b64697dc02fef4891c010f5e3241b31b1ee17551ed	33130fc7130c28c72eab647e075a504e96c0d60bf9cc898e15dcf22e3aeb2ff2	9837594280be176f8f2dbf7997c0487e5cfc5e9697a6338864e1f6f65ac00a1d	true	ACCEPTED	
62	3ff83ce351084a30b7159a1fa9459f726aa0b18aadf540273f57e2ee8fe4f81f	8883f754d9066f6a4e5857075c5717925222c562833bff9a6b9261127f538261	ccfd232e376166c42c0c40b76591214c7850a0a55f902b01d232beec908194bc	true	ACCEPTED	
63	72a3eeb72ffbb4b79b12613c7f99640f96cdff0bda0b412d3b3bf8345f667b6e	8018035d961911e0454bd799193011b35ef96f771006e712018daeeea1f97686	d763b1dd89948808ea89808ee90b21da4c68a9d03d8bcc549196df3771e1f895	false	ACCEPTED	query representation changed or parser warning
64	9980adf4c50ee4ab06caa4f664a6a9430f7334c9d2dbb41eba85fb7002cf5483	9b3072e630f4e6a1732678453a3a8ad8bd91434ae5183ec60feacbddca0ffab5	f1ccb9076fa45683140cab1c0d480a90a2f9519f645b15c7a9d38ebf00e17c30	false	ACCEPTED	query representation changed or parser warning
65	1b58cf04ad6f2efa775bb7e6b478f4c22ac4b98fb8b35985783d9e120ad0272a	97b203eff68cb82ca0b82cd3b2f83181d5a1e5feacc6b71b9c25b32ac25a6559	33cf7e3ee461941c3bf34f7c1ee0badb1a1b236f4f2e5cd623dc00018483193d	false	ACCEPTED	query representation changed or parser warning
66	32518ac103805ba578d86ca81c014c911eed1d4e24059855a56f839fcc84ea42	52fedb3c8005e33b396cd3d0e47c5ec3ab183bc45e840e7b0cf13b09f44ae7be	3bb25437092f2593f5e32b3c1433b53593f9d383118057cb4d9b1f24408fa8b3	true	ACCEPTED	
67	ec410c418b358e6aea79219f5e60e82d6425bb5799ab8b085a8ae743635b907b	541e61e098b221417122fe2a06179f084011d06aeb1751ffaf7ef9c22d9476c1	f18305943d5544fa41d31fe05dd53de8495f4398f7d57454d4c215ae58b3a5e1	false	ACCEPTED	query representation changed or parser warning
68	059fd00ecc6a9ad5752bc8acf34b43a0593c5cea944c14e0783208249ecd6595	b2714275076aa8bc0685610d37a963b5df4e196eec73ed3454c54bd078e34ecb	73d77e0ab4d419740f5e82989a89b6edf70ea36a4cd3259796bed4eb3f9d3057	true	ACCEPTED	
69	7d518628b34caefbee898fa8cc3b162a08fcf0e81a7164d3c285ada62141f281	e18eec8fe06194b8f90fbeb46c8fff60407f8e1b95b6432a1d378ec3d56a3867	bf4073f1f41e080c34032b5ad5bb22ffa9935d0b3b4fd7dd7c7b382a90aeaff7	false	ACCEPTED	query representation changed or parser warning
70	78568aee33146d8d84c4d74c2a18c022a6a994b2b4be741acd63642472687e93	e7e4f72d2c235ca54ae6af3bd20f5d3c4198f9bbd12a18ed19e8d48668d4c46d	a052434a7e5f0586d277f498a71c2fdac0553ba854be09734e4cd059d7dad841	true	ACCEPTED	
71	78568aee33146d8d84c4d74c2a18c022a6a994b2b4be741acd63642472687e93	3046851d9271bd1e8ca4f147d122c794a81d3d1d0d0f275b6d30ab24ac5f95f9	d48f59e4a316febc67ab217613813c88f69487db2a63bf09fc537e2a257067ca	true	ACCEPTED	
72	78568aee33146d8d84c4d74c2a18c022a6a994b2b4be741acd63642472687e93	5f65e8a62c79f2a262fc83854e840d01f1970c10c3e9df5dd3377d97d4705482	18beec0759e98cdaf2f4c7d102576650207787a9e01bd62201c06323a914b76a	true	ACCEPTED	
73	a07e1179a484f0f597c94994746567f2df18eb15d9a2bb8987d140a38fd60090	7ada7a75454ee22046993aee866aec5994642437fca7825fb9b4842f2e81f7fc	dabf409ec8fb56f0ac678e559f576b54270e24714634a85bab0207c78be2bd1b	false	ACCEPTED	query representation changed or parser warning
74	da4c5cdf5a64624386bb9846bfe54097652660e57c4f8ebeeb420218f6a6cb81	4e88c865766635b8be8b073a6f30eb082306413966d3d8a5b34ef973db1e1e85	7d4ac6f75d044b6e7b343ec8bdf60b22413c82e247d8f4a2534642745636f16b	true	ACCEPTED	
75	4f472195715867fad7c40039af6cba530c169eac38e9ff9f68a6b1fe5a1de367	d07b5e1efb2439ee3d1fc48845ab9071e5ce4b3387cb6406efb6e283704ec7d9	28787fe8fae4f7c17446a19aac8aa38abe1a63179a6b9a1feabf5d75484bd931	true	ACCEPTED	
76	0b8ea9107161907b20124f7d7072a628b57161ed0febbac611ab0ddc451a8bd5	00415593cd0effda69caba44e9dbf54e772daed403b5eef4ec8edca8afc5abd8	1dc6ecbb45ab1247c45b7a7a1001923003e6e9130dc617107ebc7d09b276b6f1	true	ACCEPTED	
77	e88baa2462105a4919c3ee5fcf3b8d6c1d11254f9aceb2c91b800257cc761129	45f4b615f93eb7245a63d81298b294f784f97f50934e36cd931b131a63da5e0e	0dd85dd7e81eedbc920072a03e46cef06cdb07702a0f4ce835790cab6d5c3edd	true	ACCEPTED	
78	09bd8e00bc28ac0325ddbe0e7256a52e75098db41d69b44941b3d68ab336bcdc	f3e340ce99248e1c47f4b6dd497ea92e18aca8bf2692a426cbc9c12920412d7b	3054d110af027c145b79e20e7d3cf57323a57c5b804f22dc4c7832137e30fe4d	true	ACCEPTED	
79	09bd8e00bc28ac0325ddbe0e7256a52e75098db41d69b44941b3d68ab336bcdc	c48ea11c6a5439cbeae8606b1bc6c5e0a954467abe22537d1d6cfdd27fd52987	4ebdc7ca756ff4b2683cbb953ffa1b69cb9187a9f2ab41510f763389bf9fef98	true	ACCEPTED	
80	09bd8e00bc28ac0325ddbe0e7256a52e75098db41d69b44941b3d68ab336bcdc	613d8f0f09c7957b929d29a117fd4da1d9c16c810780b9d4585557919650051b	5287499662dde3892c085e7bb5466eae6ccaa983a8fab3b3fbd6106707ee80cf	false	ACCEPTED	query representation changed or parser warning
81	09bd8e00bc28ac0325ddbe0e7256a52e75098db41d69b44941b3d68ab336bcdc	badcfc751cf153f0dc42742a06f5377698c69bc35c331e595d79e75cc19fc6f3	88c19d2aba59196939a0c97d7e2e2ee3c35930141f9f3e0e6e857678b5ea6b56	false	ACCEPTED	query representation changed or parser warning
82	0a429f7483bef7d43196787cd57dbb4c2ac920e032e1af1c0e687e32b56b2ba0	73003e22ab5f3124652c98db60b0453dfa265270b2a05f97bbe7ecb3ac07913d	77c4b9a96a907ccebc70ecbbc9ccd9df32ecce906c19967cd1219018fe14983f	false	ACCEPTED	query representation changed or parser warning
83	4cb239001097da78719e5e6736356cc7ff98088567a053026d99789380905725	0bbc55ae6f76df1e4fc05b941781b4833d5042cf3f31d21c042ea8aece82435f	eff71736d5965ae96ad871e789bb893b45992aeeb174207c25723569fbcc6bd2	true	ACCEPTED	
84	7a55535e9451f7f76e33a9c720becc303082708ef0620894a92b25ee9df224a3	aa4be32e72784010aeb6d156193b9e8e9ab707ef7cbce31d434048305e715bde	3ef8a7f9a1864322ded8350e04fce60298be7ce5e3fe3313cd127d283d1244b8	true	ACCEPTED	
85	9f5b14086dad80b9682d8eddd7a310eaa1cd67c10051aad84b994923e6d4bf44	fe2ff7602867f82db0a7d1d0187b94a5b327a1eca320a290feb75d031c8b8318	5a2b073cc7b4e5b2facaabda73029fb691512cca293b9586b6537350c2f5d1ad	true	ACCEPTED	
86	9f5b14086dad80b9682d8eddd7a310eaa1cd67c10051aad84b994923e6d4bf44	570100b05336e1e09c3115ad198a439d0c414151154c1aa131d0df8cb2269728	2ae1b73604e37e34d06c4a4d33aaff8ff42889d20468067659f3ad645edf9332	true	ACCEPTED	
87	32d6214e779016e6bb2881e1615219ab1fb7ee9e739ebe6ea81052a6a6d3a76e	260e8758b75521f866005c9729765083a2d3dafbb544799bf9e0fe74e62f9097	c65ad78c0a31e46f3df5ade51a4415c0b0b6cd7e6dd6a9ab6718fd736dbddb9b	false	ACCEPTED	query representation changed or parser warning
88	3bd7eced1d0700366298dc922ca772fd8be311c4bb7bac73fb8152be210a25e0	0b9387411f6cf174629935362d8f17d8525cc54cc9bb151696a91a0741bd63de	5bfcdb0a051f707ccc33e2a9fcd978d12a9d1bf30e2d1c7b07975fdf77a5f37c	true	ACCEPTED	
89	15fa819742cbed7d904dc229482f1f9469d750a32711fc93c46d987c6254f96f	8c47c1024871c3400d437a92338ca9c05608b731c3907d423007b7cdff7ee34f	9c86b68979042e061062d3f0fc0613fb06ec787882269566f484734feca41193	true	ACCEPTED	
90	ae04424e0b4e8cb0963b39a2ed94f79f6dac35962e4f12828208f1942c133298	dc1e7bd31ae2c0aaff814ed1a095c1312e907fc8ffe6bd23a50d487314334063	5ddcbc768383f6626bda175ba6af8addba75e890bf7704e3081eef2aa2085e13	true	ACCEPTED	
91	7a12436c334077215c10cffa5bff2543bc58184dc1cc4c3c69280735f1c31809	58e82570083bf6f76c07a9220df32ec9e3db719f84aa362116a5bde8eedc6330	4f3f2c601b2b0a9486b967e149f3d6d81fdffd691c7160f5bebe264a3c2135f6	true	ACCEPTED	
92	eee116692129d3f06661d10d90c0c1201e89f2d777961b84e318e0c0521c786a	96c4c82c407b65ab1ea2e79b3fc4998777024a513d018fd825dc61022bd4e2ec	23510d419ee4d37ce76481c60d96a508811bbb7e88fd616d871f69f57289eb0f	true	ACCEPTED	
93	b440f912cdb0b96f98f3eee6c63178c7d4bf1b573e10bb177546131082e7c7dd	0572af24e11d6db8059d720f87dfa5756b1116ddbe2cd990bdd67ee7ddd727e1	d31a7607c6ed48221689cda3878ababc596e98ae654a2a50578e6240cac73d80	false	ACCEPTED	query representation changed or parser warning
94	f9a1328b469527600583ece90fd99ebc09c7ab57df68e05324c9a8b2e3637f8d	d711a636c74ef82c753a8394ec4d23c1cb3b3f1fb1abb46c3637f2ba6860902e	fb7fae5c0825e3c9ba6b82495d6fdb86c76569b9bed8d19c66d02fdc0e4fca72	true	ACCEPTED	
95	68ec6235e61a006d3a067be1566161b6e3aa7de4464f2febfe8785936e002e81	dc16fd4e31ab9712e635171cd5b41f52e1acf7a75d2e10d4f877bcb8066d5861	9cbc8b29db441fdf5d9e0136149bbc33bf8377f901bff0577b328b70533a3a50	false	ACCEPTED	query representation changed or parser warning
96	5fb054188b4f47982bd8be4fb3ffd121092499c32845c29095d62868e7f6228b	7d7766ad49835584339aaae0957698066c0e7871ecb669e92409e76fb8a3be2c	a0a6b73fdac1a325627f00b58f32ae93abe5e7a37654e668ff1d25afc6180876	true	ACCEPTED	
97	fd65d5b75291ae2be952a05e011c77b5fca846bf30dca5f4fcc419950bbb287d	e15c14209839ccbf3a74439272fd16bae857d96ffa4f4a8f651bbc08fbb2e914	2f7738b23a3c3ccb6dc9027861e0e242c30cff8b67c35ce3b4dda01d1c20c553	true	ACCEPTED	
98	cad05412aed76ab83fb9abea63b8181e88d8b085cee90485b8901f7d15efea32	7eb6236d1d03210183c29a868ab17b25305696a55dd19e548c8129b1e471ebaf	4e46bbd4596f290deb1ac47ba71aceb4e0457117ce55ea5b2138fccf2bc0c2f8	true	ACCEPTED	
99	42dc430a68d9058567c23fd135777ea5839bf818381463b05f8920fa0e5ac272	141710b1d1319ab439c45c7a8d9a93288935c39c856a6395048e90f503c3e6b9	0f1c7d37037479df5effbdb72cdfecb85f82f0023c00161a7aca87924d99c57d	true	ACCEPTED	
100	07a9325f0de4fe2dc1e5499c198113ababceb5c95839b0b7219d26c45b7dd984	6bf8bfd63806a49140d0d5c79f82f7d696c3bd473188cda2b019c5d64f2c726f	f4c686c9d5eafae4ddfb20a7e48a266b9c67c26af3b076b58aca66c6ff2cf0ce	false	ACCEPTED	query representation changed or parser warning
101	8d04b9f349d210b56ace3822f154c88b13ee35a57f7796ce771f6e764d4da46f	94fc201d4ebf0bb9e922f1c65e2e0eaf96f174983585c35e4c5fa5de44cf9ed0	d269572f76c0c1c9da69ffcd5177c944c79a0010d6c29b36c4f7f3e89f2f1981	false	ACCEPTED	query representation changed or parser warning
102	0b4f877112812a9a4dc6c65afb33fb7e8a907bb0bb00a1a099ba58bec81624bd	310942a0f7c263730a806e2a55160b8a84a6004d491dfd82d5e99551d68d2198	790700a5eafd91e05d49f6f066c2690c87bb3b6061cc919b6ffc0f4e8a7df977	false	ACCEPTED	query representation changed or parser warning
103	84f0359d0865c3b3bd4c3e99d205d39823ebc82eeb91017b4dbe0186e578a88f	23c763e285de82a907ac8cb1c2591d2e3772bf40764276d6f2dc396253d16e13	b18a3fae0c70cf1adb5698bb473a375145595f385921ef41cae1ce27b25fba37	false	ACCEPTED	query representation changed or parser warning
104	f921895b5cfcb72805ca5f7cf4fca0a59d0f9c4aecdeb714a01540f4e503d83b	d92b81936fc4a96a258b354550033982c03a6796ef07192f47fea818235949c3	b4a0c725e0b36592a6572bc828a9f72c0e162b9c63e7ce18a112d784a714d2e8	false	ACCEPTED	query representation changed or parser warning
105	d27a38121672519c0f832fd0f8133747573180554d460b7a75f6756020b437de	fe320d86097ecd2e7b3122721944245fba0e8fa4f864dab89bb6a6e76977bfda	da6fea1e458b13d884dd7e3b226bfe252ad8341c51189cd5c813782de150ac0d	false	ACCEPTED	query representation changed or parser warning
106	81f45a3877ba18d7f7d4ebbc95f9800fadcebf12f00b35217f967f7ae188d434	6a948ce2f41a54e9d68d31aceee6988297126fe27cff651c35537e7aa03655bc	029ac36996dd27eb7ff1b8b2c6fe09de2cc7d67442a7d31ffd7b04f76c1b13df	false	ACCEPTED	query representation changed or parser warning
107	116a9326c763eff95fb0fabbed3e411da123293d2c43a66e5c35ab26f9a28fb5	2f569846ddbc313f9a9278ad1d9fe5f2f6e8a35beedc7477901de3f54d3ce560	a540a4020d7d31a3ead79ddc813ad205988b66acdc03a54e698016febf412107	false	ACCEPTED	query representation changed or parser warning
108	e9d5362bbb8e45bbd41dc8897af6d16c19e664b47b55535acd8adc2c928726a3	2a607e0a0f6c2aa4e6afd16e105646aa77f251c32a6f8b2cd174df6dd4ff6bdc	5eba5bb93b0ed793d83006d018c18ea0f8102740f4448d26845575982134f2ec	false	ACCEPTED	query representation changed or parser warning
109	41f42c381c85e1da1810ae889622b5970dcf369c0fd1981446c8fa8a6d908e48	ec417ee7681c1b7c70b3a0a9d2e5120d7df0a3829580f27b77caed07af31626b	04b36f4ad61400fcddcc98d691f0af07f78d8d1e145857e09d6612e8c10a378b	false	ACCEPTED	query representation changed or parser warning
110	c8862bc9566399d30e0a8241e2e784747804c3f6f8a21fa67860c8f7d8933f50	fc5d28a2ac005d13735c44aff3d5e79998d53ff6e49fbb7fb6e01fd9a60e5c5d	67bf5ab16c85aed4af3544fc8ffcaf562d542d65114857cd3494c0c458f07eb2	false	ACCEPTED	query representation changed or parser warning
111	40ff3813a6e211849c5ddc5f94b81f46e0ac09b2c1b09fc7f577ec5b68fd2ad7	cc7ecad7851e3554a7e0809af28b7d3d095954a8115c4e69641fc9851e68c2ca	6bcdb4a5e295faa48d04d869701f8a7083f42e7ce91fa8d5ec26fd9b5dc9c8db	true	ACCEPTED	
112	0df612c9e691835f236c14420ee821dd4fa84f3b394665f1761d70bef181066a	f80ec9b80a0ef8613b89ce92e36367b338a26d4682de2b98d84ff150967352cb	bd6baeb19f8529c572249651f9827101647dbdf435e4cab224236910f1b8b412	false	ACCEPTED	query representation changed or parser warning
113	34842a1e316600b25c4876b5f58df0edf7b64749485bdbbf039e88dbd9df5b7b	abff3d6e7084a28a7c350fb5d8665919039d744be068655a67bd5e7594f4354f	61a1f371cd7b9e39efb13d8ce56e8dc7b5c215858abb9915283085511e7ef565	true	ACCEPTED	
114	34842a1e316600b25c4876b5f58df0edf7b64749485bdbbf039e88dbd9df5b7b	2939a286265c7fc62e409d91490a34361740ad0bc898e756995f5d54349cba39	c11b16e07ed33185a5e9f0708028cc49cef1ff834f5f7f7673f3a7c54a10a682	false	ACCEPTED	query representation changed or parser warning
115	35f575a691ff186e5031680e8faf7296ab24d7c1f7219ef02a2c30124da39a40	b72b7edc927edf6570a198144ecf0270b82f169dcf723b635ecfd62809723fb5	c709722361fe629eae86713b02104ad9541f9b8969ee1bbcb414f12da881069e	false	ACCEPTED	query representation changed or parser warning
116	6ce936bfa7c00efc184eea6724282f776faf9e4de32b54b7709bb1f99f59816e	0f5859a190cb99d8f9a6a1597ae9c11fe21497b820eab966e9b6c235e9d900e2	33d21d68eb22d91d3a82a36c5c3c9d5f829e584664bebc01fd9a28e597d3429a	true	ACCEPTED	
117	3709495d2046fb8cb8adcadccf9df7faa004d375226fcddf89269139419fc210	b74d492aded9733f7f4da69f70b0336800d340d047cec19819b700f54f25b622	3faba3332ea1a49f19738e2755f7b95007ad9f11f7483cd1cf78b296751b25ed	true	ACCEPTED	
118	f6c2adf730023182677f3e235f79045e5ee0bfed8f177364f5f15528bd86f5f6	27984e56acdf248b798b6b9f3244bdc26470ee699831156418fd84a618668071	2c021ffa37ca3e35b3b5c9eba6a1d8d957060be65e0001a743152574134354a9	true	ACCEPTED	
119	387f3990de65d5648c7955bc7a11a974b9a176f78d1d85eb67f2197d1a6d785b	5332c23b498440b7c91b3755605ee485b408dbe4a0c0ac86272d6119290b5f70	77351681c6251f675f49738b659b612349b7113c35a81166fa57fbcfc532c560	false	CHECKED_REJECTION	query roundtrip rejected: Exception; MolecularBackendException
120	ce6df658eb12f75b09d4394c22353ce332e857d6736adbee331905aecb2d154e	b2bdacdb7bbeca42cd32f9d523fb1603e767ea4d6cdd41ecc471a7db0b8859ec	30ef3d68010cc8a53c25370fcd935475d9c16e248a26bb50f360ea43719016ed	true	ACCEPTED	
121	2edfc1f1441bd5d723e38bcd787e43e7ef8136d2ecec6e4bb24e9de42e84c5ce	5395daabe3cd31c0ecd9f6cab0b14b632f703b84f683dac3eddaf1f66a77e14d	1102bb3c78d47191330bc8db9bd7abf26cc37bbecca0426e83a74166429e4133	true	ACCEPTED	
122	ffce21f29e0dc1a714f6ae576f2e328387f5584f0f3201c74949ed4f1c924710	ab527f89c392fccbe008d0d3a37ebc80ee85182778238494edca9e6ae8347d05	0ada29ed4ddd07de35249f38f0b6456183653be1c6e58050b99afaa12e49b8e3	true	ACCEPTED	
123	6a2baac88b7123c063d08161dfc47c7d83e3dbd7a4ee3eb50259c8560dfa329e	021330a30602469686c1227ab2514334035f766169bc87720989b00423ebbfdd	cdd1bbd8975d78ce6677a4f1c90ff896bcf7e48cdb51e4c25296a3d8954e00d8	false	ACCEPTED	query representation changed or parser warning
124	5c704bcb498e794cb3c1ad203e8ab2924f04e2526130e4d6c405cf8576b5b79c	db1e90e62dc5eb4cadccce2f4b9b5439f51de17b3b678bd4d2f28711fb882bfe	f151e90b12d968f78c936f5b5ee9a773ee316e485a0e9deb7851a1bb2893ed20	false	ACCEPTED	query representation changed or parser warning
125	3d0a817e348a6f24d179f72a48a65f39cf4e3cdf3a6e18b20c2de508427a5a45	d132d144c20a73dcf830e8d4fd41c687088eaf777dd839381b283a909b62dfa3	ae1b5cff96ef0dc94a4bbf15dcee6593479200490d3bbb8b76fdbe02ce89cb56	false	ACCEPTED	query representation changed or parser warning
126	cefcbe686737c5b895e95d2138eebd3d4e082e0c0163dee3dcc316905c4cb811	bceed1cf3916371240227e688ce84f84242a42e010ab01d0030fbb980ae4ac7d	810e9e8b500bb2feb78b535de4633f9eeabf8330a5b1c805f627e210fe035306	false	ACCEPTED	query representation changed or parser warning
127	f3ad4d13f486e97426e2e2d64924d6b6ecd57a33d984b8b7a5e44427c8144529	cd842378193958e32aede7fd2e5d15916b18a6758a0de444dafd9ad4469989db	81e465a629bb24ebb08e69553e033ed65dbe79068aa1b5810269f30a19f208f5	false	ACCEPTED	query representation changed or parser warning
128	b41eebc18e69cd5bad22000d2f764ad2534efe20daae7c1a77fd95686a6df112	ab7b445e31d5f8ed17fddc8b96ab0b8965ecabf5d279a78ea93721ad36f1ba92	d3df7314cc21e72b06d89060f255499b419ac16473d644f677e772ee3069ace7	false	ACCEPTED	query representation changed or parser warning
129	e357b473b2de8c0c8ce8f5a1cdac8a04a6685ccddd6684b0a72305531fd9fe13	cb532573ee1382c3b05cbd3f4edbd183df58cbde5c12b12c0a042596d9b5a722	0350bd5f1f9aa158f8742369dc2baf5c7186ea76b6db605292a8a36ba08387d9	false	ACCEPTED	query representation changed or parser warning
130	0cd2c55ed6d03596ec811cf69d76896a27ec01d8d15ad65edd50c877b787e1c3	4a7b8ce0b7dcfb90385672fbcce566b8b8feeca8abc6c19590fda7182eb6b754	bd7e1a3b826e2af6ab17547b15b3bdbbf9c369b6b063245252968de1cce32590	false	ACCEPTED	query representation changed or parser warning
131	1c7a6a4c4fb7676db0a1f3e2f742ad8bdf877d5f43fa42871c6ef823d342324c	8180b598dc465feee5e641ca10c390f885e71b4895e5d140a7eda5a4fd3fbccd	f1a4d1e886e2c337ff68a8f5a0f0ca36aa1b7aecdfc9803ca80d603110fc1b35	false	ACCEPTED	query representation changed or parser warning
132	0dd8cc91cfa3eb74678944565b2a5b25cfc05229976466c2dfe614ac728e24ac	4cceadf2ac110b6c58c41e9ec7f1c16b799fcc6ee9ec4e7a368b7fbe10f6e6ad	d150048243f15b37f1f1ee700bc888c024e7ed8ca80cd13f023e236976904aa1	false	ACCEPTED	query representation changed or parser warning
133	500013e1a67c5867ef2bd54aa7df575c21c3ed96310899267525f1765e789b59	e5e3bb2f77c739a8c9ab52f17612897cdba8238d8a56a55d0a03a44607394579	87077b28998a49d3ee2f3938d8568c349d8d294f712083cd1a0ff3848cdcb693	false	ACCEPTED	query representation changed or parser warning
134	210dd4a60e3bdef674d642c50aeea9b52c78216935f41e79ce2ce77a38e7b8ed	5261f8e78f196c55177b64ad9d36a6d1696f9c758fb677d4b793f4eb6172525a	5afdb8ccd2a1faec77b1b122b17ae8f85acc7bfb823c30ae2b9c52511dcde70a	false	ACCEPTED	query representation changed or parser warning
135	210dd4a60e3bdef674d642c50aeea9b52c78216935f41e79ce2ce77a38e7b8ed	6bfeaa6230ce909e1fb4a9195cb5b790008dd6aceb3351392302d72682e64690	18dcc86c315719af9b250d4e55470a9593047c27ee0ff458d6328d70d92f88ff	false	ACCEPTED	query representation changed or parser warning
136	8696db79b1c23a7dd576db984eafdc81051debfffb89282e6c52996b002a481e	649b2065db33d9464d6eba3dc0b7b31981e6b2e7a5520192d404fa183eae5c42	4d710ea3d11b959231a54e2fa2fb848b27802e18a4ffbbeac52f4cc4acb738ab	false	ACCEPTED	query representation changed or parser warning
137	a6689688f08b94386029fcabc1c3a5fcad66805392e847f35ba69973d9dd1f8f	1997600f1e59edf0d1f4a96807ee9d064cd332282ccbbd58b0f209f0c78797f1	27ffcf7e6effba74773dace5848c0a90b99b6e0d5a21207860458145fb7f62d7	false	ACCEPTED	query representation changed or parser warning
138	6ac670dea2858c3117e8bd1cb9f9c7442bf21ba5f459c92119494c0ac0979867	703e478aa257d51ee17f1c53b444a6722bab283c4e683feb99bd73b062098685	250db87accae1f4207c22a991e725219d4a7fa50100eaf4af10b7cbc18d742de	false	ACCEPTED	query representation changed or parser warning
139	aa33c32eca9de5e2822bf9c43ca194ddc8077b65b8ac1429c9dae9068492736f	d622490897d901f1441a11a732762c443e62e8e8edb2f123cbfccaec5c4f80ab	b8dc45d2d74e0be603ed6c2d95ceeae89375c61992def12e9c9c0e4d54b6a0b5	false	ACCEPTED	query representation changed or parser warning
140	039f04eb5e2bc9a31dfff9127df0cd895904f9b41ad5732517a74566fe3bb96b	4c8b9f7ec03710741b77a9973c54f779a5b57e1cba05e79aa6822d41ff68bc37	b6574cf880c4092711f9ed9c6952bccbe23131fed610ac7cd1b0f6ecdf1c026e	false	ACCEPTED	query representation changed or parser warning
141	039f04eb5e2bc9a31dfff9127df0cd895904f9b41ad5732517a74566fe3bb96b	4f7e4f62ed235e8ac53e4584309d671041d8b1c1d0d2d2528ed9f59d030f3694	4f75d7173f4456945e1c5a8e4225f274ebb30969bc6a287e995a6956ec62d468	false	ACCEPTED	query representation changed or parser warning
142	22fa5b32e4af337f63f466ee5f4e6c595cc5b020ffbe43797dc5eaf4419601fd	65ea68ecbcc4b8e4aaf107f8eaf9a09c967223c772615c2e79aee070c043d3d3	37e57db49f2040326d8415ccf8e89c744596469f64ef04f6ba1ad906066d63b3	false	ACCEPTED	query representation changed or parser warning
143	756272b4c1f35cd2e572896bdd0c55ac7ab9a5a03f63ac3de433ffd024846243	0b7f8561800436a7eabb6a1948fb425874a45bc2e60178386b0ac76f616ae7fd	b8b1ee5a32a48502ffb1daef627ce04ca584acd5833034f891edf9edc30e004f	true	ACCEPTED	
144	6ab9264e6f2624e3d8eea84ec11478407060066234ee448856495272673d133c	fe1597fa3c40efc4898d2d9a91621048acb992e99d4dd585312de77bf6cc0cb7	7f1e70fceab7bc09401ad74b4d7987fd297b04e137ab88cbfcd3e745cdbf7738	true	ACCEPTED	
145	6ab9264e6f2624e3d8eea84ec11478407060066234ee448856495272673d133c	644a421ecd326ff6c01a3370223a8b065b22fcc5e4a6056e1153305f01c108bf	6da04e3103aae3a7389d616e57fc84fa1460319f9e457f8141eed10557c13911	false	ACCEPTED	query representation changed or parser warning
146	6ab9264e6f2624e3d8eea84ec11478407060066234ee448856495272673d133c	6f9ce17ede62f5d32988f9e874314bec0d5a1dc2a417f26416c6cf92f36a3a69	0f450c99a4e5059a8cc73b33698e447a06f7c5ecd352d89f2e6a7b65832bb44a	true	ACCEPTED	
147	6ab9264e6f2624e3d8eea84ec11478407060066234ee448856495272673d133c	e9f95bfa633e6b1dfc71f51e0a09561ca45180acd6c49e4c1659a3380af2dbed	efde2ccba63fc8982f1f3ab583dcfd52040d9977131c0c77d98bd8542423b11d	false	ACCEPTED	query representation changed or parser warning
148	dbbe6fef471f23f4a99a0d441ca20f8ed6c7d87213471598cb230272ddd5aa3d	58ce975b4e7c773e569cb1139646e78f801c850528b2c9a4918d18d2c0ac432f	d6e832aebf5fe6974058f90842d90a9b1c8370d1104521412ba1ff5b58fee07d	true	ACCEPTED	
149	89eff3153be735736d241b5bb6c2a4ce89ac160da9537232c152764c5149ac1e	bc904c342c363976b00e434263c34643b10beefb8de1c8c16fe292f28c40098f	7ac4f6ad9012ee6e1713b3dbd489f3c54410e6e5c8a396628016ab91e661cfe2	true	ACCEPTED	
150	f3010ff8b050e6d2d2a12feca4c2dd8bc532c05ad77c3374fb494d03c594b6aa	33d8d0503533486bf4a3145752c726f1c84d8a18a920c50be91498537873f201	db305b81e74d0622395e8bea5fe89fcb7d43570d73ce32f8050360958bbe792a	false	ACCEPTED	query representation changed or parser warning
151	1c0b739ddb46339395e4e75d818f7aa841ad1985766961889c540aee21309231	6eebf3654fda156e461ea8ecbad2f9d2ef8f4eae0618d063438d2f3b5166a365	c0159f3dce5d543a942c4632e13b092d4a02916176621312185f5298b8c040cd	false	ACCEPTED	query representation changed or parser warning
152	0a0a7afe0674bda4fc814af34b00eb901388a5066682b0f0b977754610137d58	f10fa089708f241b369c36ec87165b8b96824c913cc32c8316736d06461938c9	959336e2983c421ab2025ed3d54f53c0b9a5bc819a68488ff9192170f5c1bc53	true	ACCEPTED	
153	3030d7f65371066a8d25454a322e6ded303648264ee078b254f3776ec43dd7ab	8014adfbff702737e439f858b437f5ad582171507dedb35e6807061e63e436ae	c45a72fdd10f4edcb0cf0e62ca4ddad75f49d4531af5a00417db42437f2ad3b8	false	ACCEPTED	query representation changed or parser warning
154	3030d7f65371066a8d25454a322e6ded303648264ee078b254f3776ec43dd7ab	1553a731d112c440a938d6bf805c7c8e592153ada50d8d9c8e0603a7aea9e4ad	5fb9d5b5f1bf89480decf06687620481950a42f6f79b7102a32432b3f5450508	false	ACCEPTED	query representation changed or parser warning
155	d3dd6e23baafe0aef714545eaee8cd5ba4bcba681fe582f60043c6174568b847	126ec0281b4b2118f5a618516c52b837357bf2f6e26118b78001ea35d4080e8a	2b69066b6e1d36dc8f4763bee2c2a85bb6e190f7281f116aeb27688161103bf0	true	ACCEPTED	
156	0526d460282810a03baf6ab31808e0aa8efad9e6fa571e64b272383c8c6b7bf1	f6a2e597c017ec7bb3cfabbe0be70dd714a2a3229f0b1c4104d401d466ec1a15	4c1c7a11c52e07c29dc519a18545122f85de541156cd207b6520b476cf74b23f	false	ACCEPTED	query representation changed or parser warning
157	cf90cdeed3ef98233b15bb00ac0ec4c39a7b6a426832d97ebf686bb92efd9545	7c8c6c5f5fbd247e181fd4f403faf6834e366d73caee08a284f704e81b974cf9	8a7580ae16586dcee4c8acfb8c547b99e1a6d25582ecdbcb2d403cd89fd90122	true	ACCEPTED	
158	3f26fd7b70e58080a4e260da64485a5c71b1f6b83fce34480796193c98d19b81	8120a49f2bf2c1864414eaacfcce57f5753923e431baefc3311e6f6ed4c8c644	1855ef91fb78eae3b49e3a8fa7614ba76b56784945cf6ebf727e047675fd047a	true	ACCEPTED	
159	42fc4d391c26bf715ff870f9a115aaa80057e70e15f3f2d274404589df3fdbf0	eeaf59902a40a469524b5bdb2d93998a455344a49e98e79d06d83b2f1037aace	f3ce67ef36496749b811d878527e245f3bd2f2b827dec2280fad1bb272badcc9	true	ACCEPTED	
160	830ff693e66b2adedb21ee269e785fc842cc89c001fa48475758999c2b8cedd9	8f751302155838c222c8c39966d9d18ae8d33e3b19f30a471838cc2b49785611	690542f497706e759d0c209563e14f0a39031f7031da17e5d325f82a714cba7b	true	ACCEPTED	
161	7ccd03b22765be76a490f73bccae79af23f94b668bdb63be6f65319f16081d47	f2022c3caafb738d82b9938f060c0ed0a55e1311b16e7e4cc00c6a598d91cfa6	e67327c82a5c414175ec456cd0b4399309ae3316ace579d307312a47d87fed77	true	ACCEPTED	
162	34a5b67ec1cfcd39fa93e9eb3168aaef4ab68419df5fe70afdc27f31c9da4f75	e8e6f04a09f1e19bdceb3a8d17de566fd13f53b3ce9dadd5c0c2598efd7cdf1b	8b26f3f0f60de0149d35b273745ffda2d8b9c0caa402eecc7a5f24857698ca06	true	ACCEPTED	
163	8081e8a03d5ebae607836ea7dfd3a6e9a2d7c5e4adcaae71d5e44afc7aa827d9	09fb2fbc724ea7b2c8d5b81494a3ddf2643adcc00c004d76e928a0d2669b7325	868a75b7e9dba6236004004a72aac4effb4dc85e9817c8d01a9a9c3f5cc215c5	true	ACCEPTED	
164	495f55a0f0c6eca0bb8d93040c35c4bbc4dd1941d97de75718ea626a834e7d61	12c48c79061799c81efb65fb681541a10904239c5d6541aeb8ba19497d2c1285	9d123b9f047232db3bb6c7f7bc22e9443e167f2db0e702c87e08c5a9eea94bf3	true	ACCEPTED	
165	50511f55a23eb307a8c1a240af8dd1093c2e5e575e65a79aa61e1aafb1ac67de	0dd35ecd6e26ea54cfaec6cea7b0561fbf280a9ce8201ac33c5b30897783d3c7	db30742b77beef7b45b8440dac00042febc26b354529b03ea561d2c8a0a42a26	true	ACCEPTED	
166	8ea9445471c808b6de4d13e8401d217634e9fd922b69b7eb76856da751c861e8	a9aaec4e4e98780882827a30f060a19b64ff07ba1f77906efa64d1267a7f0fb3	f521aa31e6be3b4ad34b9187c4424bbc192e4d7ffe560abaf1ae7725b913ecf2	false	ACCEPTED	query representation changed or parser warning
167	96cf1bd515f42e94dfa02ae5f6b0afbd3393ed0ff5db08026639467ba686faed	4429a237bc41801ec9b119147096f4b50ec7f4b0e2fd6d14afc5c249b8662a95	0860f0613ff0adc21bde1b799ee1f2e6767d79f0887bcd4e8bad8c2a61b38912	true	ACCEPTED	
168	aaafb478762fd2ef1f9254fc0f810555ae53bd272ca30b6222a18b67190f3ead	5c974d56de6ed4fde728eddebdcb5638892941364d3c890baea0d2f5d2c0680a	29207b0238221ce12ed04c8c25898e745fbc8273be305ab57c660f460047fed2	false	ACCEPTED	query representation changed or parser warning
169	e74e046f9ea9585d6c38d008f4b5daacbe55b6770b7cc3bdb3dbf33b94f5518e	89b2dad190711eedc6bc7affed1f5b383c0c3a68f0c90496d67a0136137952d2	4f8538da7f287aff87d4a4b54cfdee521d767037eb3e464dcd55f9ce7456d276	true	ACCEPTED	
170	47d511260f6a18bad08b8b498628ded4d51f561309c965301c9ff6d2d9bf97a3	8a541be44c812a0c9078396406d2d7faa56147d7779681d171d6b232cb374fcf	a171f116f536b06f65f1b6137143b1a793b9392ae06a239ede0755d067b2d115	false	ACCEPTED	query representation changed or parser warning
171	699347d1299c97a8a2ec01cc36fda70b9d5a963d31353b1b87af5a60e25660be	656e2461b80997e836d1a3c7b627c03c05346955540680df4eed7e952c81a3a5	ba57bd5ba5ef97f30b54a32d4ef9ca154f5a65d027565ab7f002ae6bdf737ffd	true	ACCEPTED	
172	0282fb83acff78734bbb0b8fa94ada30c9a959d0c2010331447910cdf5c0bd49	5d33b097632007eb327a1d27a50687f65f163feac85a07f97c1ad5aedeebb738	422d56a76fa30bb803f8b489b79db37581100d68b63da6f61c0c3edea7916b50	false	ACCEPTED	query representation changed or parser warning
173	0282fb83acff78734bbb0b8fa94ada30c9a959d0c2010331447910cdf5c0bd49	4f768f2051b413f94c59da667073207b44b0386e3116bbcd0c8837a8a9d5b99a	831d26741e23d703ee752ab0856cc9e4d1a7f960b0f555145cf1b3806d835680	false	ACCEPTED	query representation changed or parser warning
174	0282fb83acff78734bbb0b8fa94ada30c9a959d0c2010331447910cdf5c0bd49	1f8ef33714b5ec57332da6242ae40bbbf27a07b6e84fa15ef9ca38b46f93dd6e	28c6e194938252b3e3d148aaf1c5c48408f52fbe6fe32f9acf7ff1d9afc60efa	false	ACCEPTED	query representation changed or parser warning
175	0282fb83acff78734bbb0b8fa94ada30c9a959d0c2010331447910cdf5c0bd49	a889cff6afaa6749d0450937be8131c7375cfc1b200dee681ea1d3925aa8dbda	7c4fc88e07a13d95d7ad402b155688ef2a32390e20df18ef19fb1ea63010d8f7	false	ACCEPTED	query representation changed or parser warning
176	435abdf34d2dbe70e7e1b1b671ae95447c666d7e868ddfb19b7222b9aeb019f3	2f77dc108050d120d3b5c4e7320556144b52944ca02a4a245faa4e87d42b6c3c	8b9d1479f489508f03ebde9d46e56888eb8ffb9c7b17722d32e1a98fc9b768f6	true	ACCEPTED	
177	5fdebddc7f860810e35f14cb6cd354fa92c19f3f8bc83f06fc510792f69a55dc	65b00c1f3058b22f4ad4ff9b3cec0c2b442a92e7bde019749e71c65ae999bff0	5a2e1f3a85214b93206eae5d446131e55f4ab589520b11588dc814fbc6475fe2	false	ACCEPTED	query representation changed or parser warning
178	a0d13a0a94e75e6181e619cf8ec519b187dda739cc622274e01963ce9e575c9f	7e65a3dd18c52d003641d70d97362fb73cd1e699afe69999be7b40be0ab42974	2382aa601b2e4a1883fe39fb58f19793e4f40558d4fcf77f25624616c4193567	false	ACCEPTED	query representation changed or parser warning
179	cc3491a8efd24b0cbf690c7b488d235cf3cd3ad84398936750a3faa942149049	d8654a7d04875dac578e9c285c126ba95ce2fbfe1ae418655888f222b69f761c	0136df961b0342791af2453fbe375a88cef63e41e73a0385738ab82ee4a31f60	false	ACCEPTED	query representation changed or parser warning
180	a08f7dc638be1fc440f20ef4f441ecdd775c1e1f85eaa70e6b1a30c5b6b16b14	bee20bca52c37edfdee80f560fb5eb7a8854527c765034ed6c7562672892bdb3	f56abd04cf764f947d29e3bb7883a0f02fa26141a88530b95930339722ec21d9	false	ACCEPTED	query representation changed or parser warning
181	91a3e65eeb1faae32dba1a4454a0ea1a55b272b59c97165416531f16d273b9e2	03444ebbab92b692bf58021c141c36a17e14fbfe1bef19fa3c7ace6be3beb7f8	a139eac211ae724697d9a77f80a828c18c1bd3dcc9db231c9483049919af5931	true	ACCEPTED	
182	91a3e65eeb1faae32dba1a4454a0ea1a55b272b59c97165416531f16d273b9e2	9bda70c6e89eaa0989a93f2962f3e5550cc691eb50d74afb2c331c6e05c47080	f43cc813c4793560ee256b0b0cd73593dbf671c2b4ad8f5117c65c8078dd2de2	true	ACCEPTED	
183	7d1dec7323eb1984d29722a7c1ccbf38afea6f68b68a057189d321312c8ff5da	4dd843a1f60b65c4c46f6b1b704810aa040bd0c50443dcd2aebf31caca8d0608	dfb182c7631c88537bde44fdc2af8da175698c3185582b0d82dde695c61a0ff3	true	ACCEPTED	
184	34538a900a5f239ae072c71006b72c9accd9854fa29b5be1620a7b85e654bf2c	0ced2fa1a383baf2603c013d95885825c00f97a6634d12b2778839fa5399fe52	c0b36f99a61ce2c6ab82b2bab883505ef2719b30393d35156b86d8e9a50c255a	true	ACCEPTED	
185	6d943a8086998e92ff901b40db8f4ce18f2063ae83f15b07c69bc0e9f6efc3a9	3a29634c1c87326a478ef78e9046b841ce7d95c5a6ff335ad22e00d63fda8741	ac21e4b272edc2b62c714520532e2212ae72ef90369ddec10643696e90890fd8	true	ACCEPTED	
186	fc4c49bc620ea81eabd7ba6258fa25659afc5547418d5d4717a125423c2be8df	77786c983b6afe60356a6e3f8ee477e24fd71d53c9bf2b1f97f05f764ec5de11	700977f2705be4d59007c53fe5925ad706b8d630ed41b2abc12d760fe0667a56	true	ACCEPTED	
187	5e2da5d880be1864ab8896597b40bc088253e16ffd57fe3baf0acded953bf6ba	dce13777fa5473d433dddfbbca732e15f5193262aa1c24f64b1bb954e6ddee5e	3d1bb52f5e7c593d953c989b6d89d13a0a5f1c7971020e97b34332f5aeab95f7	true	ACCEPTED	
188	db8eac571f987fc4b3ebb05c3974901d22b622bd9fc47a615ffe4754ef4b4a2c	e5edd988a9c8aff643d1a60f92597557540f5aa8e65b3783268e4d69a7c8e44c	29ebe8caf64e1ce45355ef6162964e1b55ace6568a8ddf773d18bb62f0296041	true	ACCEPTED	
189	a36a09153b113451aa338b1c0ec12d412d588c59ff84d358b3e370545b3103e4	0323db19437dfe7ce20944ec37132dc713f1e4e20504b48c005a9f89f67bd859	4805b1abe9e49718f71ae75362a196fc6923bb1625b2c05d075f7b5f0b410e65	true	ACCEPTED	
190	893747ad880573a3fe2391900248058908da4af69ac61c1f8721c3f5498200cc	89decca7e97010171e6cf2894059df7094e63d7d6e361ece7e98eba166f335d2	8ee2a1a88d3851ed9a7dc4f9801607b0bc35b2c7d476b813a29e762fa9e01acc	true	ACCEPTED	
191	1a76bbe2da648d2efb5f3856a9d9d8be6d1064185b238a137f2907886f40f89c	e61d340e9f7df7a9ac1294494e83988a7010fa0ba4c8070d73e650f0062df635	76f9c33b8b5e3cf30ab54e6b680d203b70bea61ddaaa06d9e82f7e8488885cb0	false	ACCEPTED	query representation changed or parser warning
192	d13ba71099169e7b3034ee3002dc2a26d7b32a4c1fca3ae03972d9d9c13824cf	12883a66d896cf40792e884c286edb1111d275c977bcbd8a5a205162ac1a8c33	a973590dfee138e8a3ae94523e771131898a587d75146521998172929661a156	true	ACCEPTED	
193	20525221ab7f03e5ff5b81244f262f820324f5ebf8a4f4e8bd03de78f234feab	8d1ae9840cd0f17c550b63b78e4caa9610d4a6dc5657cfb5def1471f51069fbf	111be3ffbd5800b33e3895a8538f5401bc7e5478132b53c0f62318d89af80ca4	true	ACCEPTED	
194	03794b2c194b8b6ffcbd7171918e78e84dcf8575f3bb78bedf7900c06a90814c	2d53a905077ed53bdd4e1956befea409bea947d95096530d2164b550d4204db3	c0b58d46f39ee097964574abe222b4a7dcafc7dfaa321354745464ecbb563b6f	true	ACCEPTED	
195	bcc517c038f909f407d4c0510a9bea2533399d5be54432567a891803db0fbd82	9878038b7bf3860b0fd94cd6630d5b439feafed2db7940dd10c3648a4782ef15	f44b20f2c5fb8a0bf946bc057c13096668909ba4127ad9d5803c62aa52ec3c45	true	ACCEPTED	
196	b126700f76e25737afba8bbc55ba804e2e73a8ead8545c7559cffe2f5f0f4877	6251877b0f92e3514f0d68b1acb31fd28350c7c35d9696610dd9660b26e6d599	584b1ee0b5954c21d3312095203be1eff03b1bf2ab52107d2431b49baea19853	false	ACCEPTED	query representation changed or parser warning
197	d6469b255ef20c64941c24131ef4a79f53838f7aba9e09ae7523f1c0a3c2205f	74122b422305057b9b311f8ca928f7ab0ddae375acdd91e84720a68ef049c8ed	e5303c2a88c37791af84e32de5cf468b8f0abf44129721373b25a395dbd07ff5	false	ACCEPTED	query representation changed or parser warning
198	327264acafae2fae841677017a018fd0a43c2b4ec84d302405824c7dc8acd6af	1d2e9e4f695b4095010c0d28c0574a2e78b01641cc83544b6a618f8be328af0e	4548b955c77e3d82f9b8031e90a56d6a823e701b526f62a35450bcc51ad726d9	true	ACCEPTED	
199	fb88fa4d14b002870e55ab0ee81b95c766f5be657d360952d2513dd03b63843a	5ed1909d7926465b6db433e1fc9d3390ca94606fe53f80ab4a4689bb97357460	65dfd60a3b7c3adcb76050279da738bdc8ccfadc5f3572f9aee22e32afe743d1	true	ACCEPTED	
200	7fb7592158b37b119a373cd20275046fc5a8eb07b87a60fa2ddea5d2a65d7004	33f5da0b8df62b3f98c735de38d5749691a18c0d1520fea0f20c3be5dba80c25	ac75a849cc5055a006e87a31d7f82245ffbd73d446c5f140700221cba719d536	true	ACCEPTED	
201	445bdd67502d24544832536ed631ff1cbb52b74aa1d16aac6a4270bcd7da58b1	266360a70bd54ad9cb03e3802797702b1e582ca1fc1aa2b1962381dca2ac9c16	a45f304bef3d0ad865b80d24ea080c8b1c61402ae7d1f9e35666197d9a47f46a	true	ACCEPTED	
202	294e70ff14d9767681140db01183d1cf366aa34e51887e50204fccfd7e5aecd4	d074fb46c4b864b2623f8445ba0b27ecfd3f21470aa36429649a27c1dd6ae625	a39a17ed30643c9307d262a341db27c7c08adce1a936deb78a343177cda20291	true	ACCEPTED	
203	36853104902d73e7e979656d4d97ad42d03bd41a4a36e383fb04404c72013827	9567665eb42a13659d2caf82512d6b32c12ae9b9cae33372f3f38fa48fcb0111	e6204eb8e196de53afdda521886a19f1a6a8f9ed47340502f8bd98c176ffa895	false	ACCEPTED	query representation changed or parser warning
204	36853104902d73e7e979656d4d97ad42d03bd41a4a36e383fb04404c72013827	7dd45466c6c4be1f79c3c4907ae1adb4df84383070a5d64776bcc5c5cace636f	623f1746aa80c78a82662cf25b3e34b4993f9db21337480383379db99d696151	false	ACCEPTED	query representation changed or parser warning
205	36853104902d73e7e979656d4d97ad42d03bd41a4a36e383fb04404c72013827	7ebb021adf45e61185823330d478aa587e2f29c43aee427af6e085cb1e1ca150	bf72fe10814bd9684d9c91db520283887c9cc1b0a31f74debddbcd740d5d6884	false	ACCEPTED	query representation changed or parser warning
206	36853104902d73e7e979656d4d97ad42d03bd41a4a36e383fb04404c72013827	2c307f08661b72d91cf66af55293cea8be620eb6af78b886161f85d79102c93c	1d337af831c998a23d2d627b5c887a1fea476c0c2d1bb2c290496a93f5f8059f	false	ACCEPTED	query representation changed or parser warning
207	d747dcd237c3856f5dccb32cc46c9fe40ec090a0648afa7050569f1194db75b7	33edf2fa1c9b30cf49aea4bb4e0060e15999ce00549d3f68e0ee021d52fa19f2	780d2cf2c6ef9be8a7e21d557ace3b5cd73350bbd7dc69d6fcdb03ac1681c571	true	ACCEPTED	
208	bbcb945295a83e10cd217c3e6f5166f6a85fe4d5a06d57a70c47150f2362de8f	945efdd432f4ef536b38e03130728df64d91bb65506a46cb0dbac4ff98617c75	4cfd29da1a552add427f37d01e445b9256be21400f7c7e31cb7c7ac4e06abba3	true	ACCEPTED	
209	bbcb945295a83e10cd217c3e6f5166f6a85fe4d5a06d57a70c47150f2362de8f	6ef6018dce374850635036bfb82fbb9534b9e2a03c8cf79ad58fb8a9d3ff0e2f	83e28ec81d643369ea0db2777a969a47742aca816668347cdc53c3f34e55441f	true	ACCEPTED	
210	bbcb945295a83e10cd217c3e6f5166f6a85fe4d5a06d57a70c47150f2362de8f	c33a5d5e5cb536bea112b531ade5888f5f5d5f5e9f32437eeaf17d7f5d07fa05	d8b9bfb1f5067756ad8c2cdaecf10b5ba379dd88d343016c8a897eb8ceefccdb	true	ACCEPTED	
211	bbcb945295a83e10cd217c3e6f5166f6a85fe4d5a06d57a70c47150f2362de8f	ac3cd2d95337f528de5d0cd4384330527469ca890cb85d4ed73f846537dcb910	d891785f89d749eb2ee01771af375a79e9fcfbcdc9a13f67dedda6e861c7e08f	true	ACCEPTED	
212	bbcb945295a83e10cd217c3e6f5166f6a85fe4d5a06d57a70c47150f2362de8f	59f5b54e971c33f56201f64aaef30b7d22406f675f0618e2fc3a14549cdfc7a6	cb7096f7e3ac5c8a48f8d595365e402b891e5d1ac8257f88296b582e2aae1dac	true	ACCEPTED	
213	b5fa68b438edbdbfdf7c37f0f00587a5c3981a95c76491f1f75a31d5e24cc49f	cd2ee5b358fd18a1f066c153380aec73568d321702dd1373dc7671b3427405f2	90933efbd3ee1cb41c355f73a7f5e381fa6f99f351e47198936f7d11667ecf1d	true	ACCEPTED	
214	b5fa68b438edbdbfdf7c37f0f00587a5c3981a95c76491f1f75a31d5e24cc49f	a2cbb0b0572837ef16e203c03c436e874da3400211f635b9622cd203b1ef3638	6d94e517cbac955da8d7db607974d548a98df0b4b23d931a007c5965cb715c3f	true	ACCEPTED	
215	b5fa68b438edbdbfdf7c37f0f00587a5c3981a95c76491f1f75a31d5e24cc49f	1f677e2147468ada26023d04eda7b7326f55167f9a412f683d90841596084969	9443adf925fdc1771fa0a6893329761c5746168443a45206c49be08e52b4f611	true	ACCEPTED	
216	b5fa68b438edbdbfdf7c37f0f00587a5c3981a95c76491f1f75a31d5e24cc49f	a35b0a62bf06284be37653c1626d4cd50ccf5869817679d23aa273344d670193	d120f7fc5d9f48d8af49eb38e4dec365071e88507aaccaa47e4d542c8558946d	false	ACCEPTED	query representation changed or parser warning
217	b5fa68b438edbdbfdf7c37f0f00587a5c3981a95c76491f1f75a31d5e24cc49f	ef62a419ddf6602c5216ed32ae15f72c99b4a5f6c1c611ffc81a3d00ed7ab492	737db6ee3ee63fb782c703749a17d3180cfc7427fb5cfdf2c7b536a9401d7ebd	false	ACCEPTED	query representation changed or parser warning
218	b5fa68b438edbdbfdf7c37f0f00587a5c3981a95c76491f1f75a31d5e24cc49f	7b36d09213062371fdd5f02f73039c494551812ff7e51e43fd6ee2c336dcdbb7	dc76b8f9c99bda72a42c355a55433b9559b84e01e86b56fcc193b1bb210cae90	false	ACCEPTED	query representation changed or parser warning
219	e9bd94cd3912db1d6d58e9bc42fafa4ee007b7af023a16d8662a94fae7d34843	5216438374a6458aaddd8d1d3c6c5c4d0eca1b8510744b55e262cc95c05e55b8	a750aaf649f8bfe8641372f573c42f422cb41903fc356020a3ff34b174560db6	true	ACCEPTED	
220	e9bd94cd3912db1d6d58e9bc42fafa4ee007b7af023a16d8662a94fae7d34843	89dd0a9506194ecd9fcbf880fe7f1f9603a53987aa469a3eb34b614d54dfb142	c17b9a5dae040261a8ccb5e3695ed0a8ba720f56d09715d2de3e09eaabecfa7e	true	ACCEPTED	
221	e9bd94cd3912db1d6d58e9bc42fafa4ee007b7af023a16d8662a94fae7d34843	3e4dc7ef979bc8aed8189a80bdf8c5aa1e0ea82166f940b4b859bd74f1420770	ea6c1d66210d4e904fee31e891e0700585b8b767fcf4323b0b690c9c58ecb4c6	true	ACCEPTED	
222	e9bd94cd3912db1d6d58e9bc42fafa4ee007b7af023a16d8662a94fae7d34843	b59baa789e6e0dc931f041cb41e50dfb8642c529e6380ec08c0b99d2496c308e	74e6d61bdc5814bbf69815d4cfba3ca2be2ddeb3adb96a5ec0886645957d8dbb	true	ACCEPTED	
223	e9bd94cd3912db1d6d58e9bc42fafa4ee007b7af023a16d8662a94fae7d34843	c99041520979ef4d0f7beff3ddf8609c5e8be5eb7d524410fbc2e283a2c6b1c7	401817f7fc3382a01b5a6e67352a2ccd1d27f9cf3e39e6dd6dc1844432321eec	true	ACCEPTED	
224	e9bd94cd3912db1d6d58e9bc42fafa4ee007b7af023a16d8662a94fae7d34843	6821db301fe4284e6bd21684d5e1a2c26d3a4c7d480dd81f5b1a00fcee5e861d	91e1066a4e72a51f6928326a614dec0525dd352e5531fc13700478be57cd9fb3	true	ACCEPTED	
225	e9bd94cd3912db1d6d58e9bc42fafa4ee007b7af023a16d8662a94fae7d34843	370148779d654be7442c9d153274d9172482400cffc4a61a8329e09ee112562a	8ab9a2893564d7ed31279c212e1fe3e6aeda245079a5555ac07b19a61dc0ba0a	true	ACCEPTED	
226	e9bd94cd3912db1d6d58e9bc42fafa4ee007b7af023a16d8662a94fae7d34843	0567a100a56dce11967682c7125f2dd066cc3c47eb7542048091c4962e683a26	956ed652f2452f1a4bbfe507917a7aac0e9af0dca4853dd4e423a7f9def98c54	true	ACCEPTED	
227	68ce6d7129895d049f803664e7672b9b1a3c1da42a0b37e2c96c29145fbdc711	5a592f918aa6fcb71ddc323af76ca1c3c2707106b4c3e6931d13539020b2b7df	6c4ecacad41c10ed3c6f429d805bf2b845e1533b4408d3079f60217240cf2b61	true	ACCEPTED	
228	198b1f03069826b60fe9d364c612c3fed59aa3d5d2680b900dcd6fe674ea69c9	4c8606317b0bd402e36d4e1e1f44d8f4a415a73a0ccd030dfd74fad5189d7693	3aaa65048a6a165b9aba10c717dfd34f71db25768fe3ab14905fce8ad2c66e19	false	ACCEPTED	query representation changed or parser warning
229	278a1cf222e383f9000c4620f5ded47eb3b0383d31242bf23eff8cf3001bd4c2	40dc705a1554ac780cb0bfe628f31bc642321649ba61505e76576973386cd78c	203c63b3df887c3bb986301d9125c05aa71300c9915637d5fe69182f17b3b3d4	false	ACCEPTED	query representation changed or parser warning
230	d6e863e55fdaab45e365e2beb094f313c5c13100d60f083109aa9acd11124910	b1d053da965a3b8dea12db66685c3627e50f3097991f9804297ca99a654ffc9f	532e29a6bb45a6ab1e1c32866d0ad5c84811afc71eb6d0db3f0625b7b1b0777f	false	ACCEPTED	query representation changed or parser warning
231	a87841c9e29a4b0fb679d5fefa919875774d622162348ccb4ea9a7208b1a1be0	f3c9c7869bae941828ab9186c27ffb4277c60e754b9ff8b42ecabf0704fb6f6e	6bfd18c722e95f2c091e941520699b4810536a074bb2afd126dcc5cfec9e2d78	true	ACCEPTED	
232	9b81632b242c2b428ca1ab8a56b1f5634872422e60c7a3857c9ece92adab9b7d	cdac70b543ba312733ab0c2d6e60895b065ec444e531cf64ca6fcf756e5d6aa1	f1258035d537dd50e32a8a77e74c2d657e32b756a0dc62e28f05b4dac8c88f53	false	ACCEPTED	query representation changed or parser warning
233	9b81632b242c2b428ca1ab8a56b1f5634872422e60c7a3857c9ece92adab9b7d	449576c85c85cc205e719943ae16cd0b180c38816b0cb51174a7bf2720119249	5c575f0630068fe9d4c7940676b3adb162e059ab414f34d18cce10e02e3b2bf9	false	ACCEPTED	query representation changed or parser warning
234	554c2bac0c50bff5948d37011c6d5d4bf07ed27731e48b7b157c290f70e9c22c	d99e2b68f2f463eb0c825f7d6af2a6b13634d053a8380af21e175b4a14e8b9a6	06e1899872bf708c80c12284a515b2deead59b2db78d66eaf9451e664ae00d8e	false	ACCEPTED	query representation changed or parser warning
235	07ebd485e097d7facd3ed837ec3d8cee7fda808ce82fa2ca08f10d73e4e3dd99	ba44d20f302a8da512c6f9bd8c660ca1ac9fdf06400357196f05c147ef52b848	75cfbb41414b878646ecf518f29ea2325f899edeec690b814dc3f5d26c8ba243	false	ACCEPTED	query representation changed or parser warning
236	1dfa43e8115766736167089640c9c7bdef2d58ae09500bd64bd366983464577b	5adaa57ea169b9206a5f60f2b9bf76683a96c0f068aa82dc2902bf8e98a25ab0	00cfe0f775bd9ef560b6a14859ab883fa4288d070aab5547f19b081264a40866	true	ACCEPTED	
237	50813e85872c53c31237e280d7193fafed1a75865a6dec79201ec8652f6a3a2b	3953bb0e7d3ee778c3de0b5826860a7be3999b0483de202c0004ffab074f3240	44ac5f41e77e26fbeed4fd1ed5f302e632b6db4185f87d8bd0d82596f4786783	false	ACCEPTED	query representation changed or parser warning
238	1b8ff3b441d5f05ecc4f4ba2f4e08752c5b848396692fc7077d42429d0de853c	cb93388878a9e66cfb2b0d2d9a72318ddd6fbfae2bb04220a48896e5852e877d	aaa54868b81ddfaf44ab2e702ab4ed672078f79e581596cc72b4e16576c45434	false	ACCEPTED	query representation changed or parser warning
239	d53c7bb9763dff393ae0297b2f1b12a2a6d947af94e1512e008aa963242f4001	e26ab55ae876579cb377ba2822831d86cac7acf9587038579ff76cdff8b8a13b	f9abd7a40a81382c0b622852783c709030ed3874ca97c1f33e6484e6d3918570	true	ACCEPTED	
240	d0dad15e5f59c0a4e017dc07b3dacb5b35f2a4422acb723df3174b2a8ab77113	fbcc0a0d283f77e572f963ab533413df4f271ffa2ab4653a0de24a94eb5ade45	fd1fbee3a0d24b4ee4b2d13f6cf9fd833836597430df94922d08205f0f7f137f	true	ACCEPTED	
241	14b00b50c9c71855d3c6385d1a1eec77d260dd93816044e92ef89a7cf9e225fb	65b4260d1e9cc20eb39c2b1adf07ee5e7cb337d919b54059d542ad919f817ea0	d64c6e6d0fac55b41001ff67ae9838110bac3168d59b5b6d72fe595a9d5731f4	false	ACCEPTED	query representation changed or parser warning
242	fc10ab2676d9db8e439c6ebb0461d6e697c917ad00f912b79bf0f2f97bbe802d	1a56bb6027a024766251d8a47f33b3ef9a0650764f8596faf7bf9305fc2e3eae	8e6e5c7b2dadfd2c9c70accd25f0b122529161c044234ead16ca187214c646b7	true	ACCEPTED	
243	7ae573534a239f22d4eb6539234921b0b2032f4fb20260b4fe0445013f3cda90	d876907938283d8522274fa896a3fa655edc0dc2e231182668a25e54919d481d	58f737fd7138baf00814c349190641c8238b9d43b2b890df2e3d2c75fb63c46a	false	ACCEPTED	query representation changed or parser warning
244	518085993a9ba0631833ee4d9e4548077bb481b7c4e124be069338b9d5167517	6db567d1d1bebf7fffdc9b7ebec0d885088ac2d11e5adf18b04f3f270d643b2b	82e577f07a1bd32ae9433e62de6b0d957e072362fce00f2e7021c838318828b8	true	ACCEPTED	
245	7c295f323e06b8b756159e7bd201a9ae4c79f4c26e9bf786354ff9d2184464c2	d98eb3a3be312a236b3692df521400a7861cf01403e0b811bc74feb1b313ee77	b4ce4913a4e7931aa5eae0720f2ca24eb0a4cb5c2953b1c63db428da51886b9c	false	ACCEPTED	query representation changed or parser warning
246	fc1783c82646a77755e464264584167b09c106446710a34b8fca625161ee965f	b7f4b478754b59d1f6c1616a5c202589d3104811b25b170afda53e6b0e011a15	9864b53bc7d6cd56b42d677faf561c0413e43a38df8ee23c9e27f3c2b550895f	true	ACCEPTED	
247	383fae07f3d2a59ad03844c0d279fc63919d305ce37f6f066835045a478c6cb2	7b89bbffe403617af83f21dab9c41686a6d9e3cee9d1506845dd5d8c42857ee4	714183567b59b1b0e8403a09cfd0ab04f38107288bab1a149484e97be9dd8eb6	false	ACCEPTED	query representation changed or parser warning
248	383fae07f3d2a59ad03844c0d279fc63919d305ce37f6f066835045a478c6cb2	15142a13037c9a0672a5adcae508c61975cbff24928602b68ab9ce91b0ea5a0d	65f2c541e14072d987fa4c4ab64a280a9b54234d35d48d8fec239741b920b311	false	ACCEPTED	query representation changed or parser warning
249	e0c422faa7a434d9b96a8907e728e4cf746dfe12f52607f9f815128d42fceb0b	bf8f7b7ffd60a13b969c4a0f10dd05791ed8cd3255b4849d35a4b975bdea3fc9	402a1b90b76ec2b6c4f55d282a0780052341909f4b3487d44496f10b756e3abb	false	ACCEPTED	query representation changed or parser warning
250	48a02db0018908ad0754e314b1037cde45f31d0dc3ef8bbad025ed48a221a921	b40437d0729bcad2f95ec87989a019fe1b927f9b0ac87c740a216e3a1a537f86	688d4fc7ca13117027f4fd78c624f53099689a1b20ada1f9a48747a58d052356	true	ACCEPTED	
251	65d23cc2d65969889cb517315fb7a2d7b76864ed7c73648b9c98a2f202bf12ec	250df2ffcce7c92a468714a74da1b56e03a653bb58f744f8cc2b411da53f4999	ab8117e7d0bb4df8dd4ede547f6f346802df123bb55d4f3d02e7308afa827dd1	true	ACCEPTED	
252	b7609b9cdf5282682da2361761b1914a88632cbd3f96c73ffe0e489cb6103c63	94acc0bcc1c26722881095eb36525f361c1182f51a3a7409b5f9f3f4b964292b	f10915f716f3061f1816fb86e66bbe8d4db5ebf93846f9685acae045375162af	false	ACCEPTED	query representation changed or parser warning
253	bf2c23677c98fd749e079d5ed60bbdbeb040027a945da1d6faadeb884180d73f	98d51e0257b58c969497c77eb2fe7d6743a9904cc107dbc326e2961154bd2e2b	f1f8824c2f545dcfa05c7b9cca1af813af2a931d6e5921e50b92c121a71a2f48	false	ACCEPTED	query representation changed or parser warning
254	bf2c23677c98fd749e079d5ed60bbdbeb040027a945da1d6faadeb884180d73f	6e4ca54d77ebe5b470e1718f4f9e5d992f5fc1985730c687251aa2cf6bc1509f	eb18b09c60af74e78fe40a34e585fc1223cba6c05497d2ece7b380d59f0fd855	false	ACCEPTED	query representation changed or parser warning
255	b484ee25969912b8cbadd925e0d46ccf58e362fd232128b27fefa8084ed25ccd	d72594e7c6f55cc831dcfb76dfddea4980d11f48185197d15aa98d86654e5578	d4cea19e8bdae10c9b78f856ec402c242491e44949278d3cde90fc5b48f90a83	true	ACCEPTED	
256	682c350865b27a50750bbea3575a62099763e83ceb4af3a31ff4bfe027837bfb	0ee413902e63560501f5216038a5faa287c5a592bcb7947f3b116463f1abdc0f	fe22912b4c631a3c10048d64f72be89612ac3fdc484658cc5e269be6536bbc5a	false	ACCEPTED	query representation changed or parser warning
257	4609806c4ce57ae528e27031b12aedf0462cfef906bc197e2b17b80e4522bc79	ea5fe6d98754874a7b1c55e1c00c81cd055ca3dbd6f173247d4e7f9a5178d99d	376a225c201f478fcd9fecea7a59b8ceeb305bf850d36b279b9ae1dbd779af9a	true	ACCEPTED	
258	4609806c4ce57ae528e27031b12aedf0462cfef906bc197e2b17b80e4522bc79	873852fe648de6946640a071456c9d57a5f3f3d0a0131a66e733870192025245	7f74d88f319690853daadc2287fcca95c7db97b9de0990ea4330d85c73a27b1e	true	ACCEPTED	
259	977cd3cd4caca4c34cd8bbe0327e301f228f5e4a7e3d418138748d2abb5485a1	60f2396d4a3b607c6c132b2c4f9565ea8db95b8ed76bf3fe8090bb85cfb75c29	94eead0ee5f0de4e9968fdf3325e46157cd609b3a738b051a25720e25b93b8c9	false	ACCEPTED	query representation changed or parser warning
260	12ed8f405e0563c33dd7479c9f4fa7e2077e7657d8cd9072faf60ae39965bf41	19a6981fd03e0f3d5cf69a76eec88e5a3319c9ab8c6042cf537911dfb89321bc	b7faee154455c5ba4b1c5f5388be3d6bab0ee48abbcff6906f820c928736eea3	true	ACCEPTED	
261	36d6676779b8e6370ccef2a3d18787c37e7c4ae93940389942ad32b3977c8dfc	ecdf434630f015311806574907a01d6c693558eca7228f98fc0af775ef35ad2c	784d9f5e99661bc2fa88f17ef98b01ff590211cc4117db68a3327383c10cd1ec	false	ACCEPTED	query representation changed or parser warning
262	cfa890b584d80a1ffb0c29dd8154dda671a088d4d1b672b10d7e36e69ed348c5	b89607ffe57ba86d8b4986c8a4460408f969a762a41753b615a0c0dc6c934836	9417e93bed42544f91204d26fbd3fa0f55d51944a2629614dd803ab9006cfd97	true	ACCEPTED	
263	218b7239470dea6c9b6bcbeb3b7db4c9129909d5cb9c24ab114b0524b1386f73	3007eec026e6c7f5d93a893020ffc4dd29329e0ea895aaacc2c4ede28a534a19	f7a1c07f1c9f7a3f78f61ce877445497e50123a10aabb0d169b664402c201363	true	ACCEPTED	
264	fe468ea04c0c33a059214c62c9ca3f07be0ef71c65759c3ce7d432206790b292	2d317be1ad1ae9ee14879d8c603c4640afd6a16550044bfb4937fbf9bfbb3c68	7b3305525073e6c76879234b48327c162f085b1cebcafb726468b2067b486b49	false	ACCEPTED	query representation changed or parser warning
265	676ce183356ec5622958e85b4eb62d27ab1cfab51dd325ea2f50ae6c5a0cb9e2	9f1be4818f81a298da853357f4ad438ee18f2c651e24d643ec468d7c445a9318	55aca6bb5da7ec957e0f00c8efc45ad218e5f71a24c09946f01a58e9f927ce53	false	ACCEPTED	query representation changed or parser warning
266	33de08523fc56b5edb1637d9108c6c8d8c4ef5d08cfa92d81028498bcb62fbb8	b24b0ca2366faae7aef3d155ab83f8112c61bd16c263e6ef4dcbfd2d830f7c8e	6ea3d33ccf772ccd670702299e355c72cde3783825add44df36e6935f84ec9da	false	ACCEPTED	query representation changed or parser warning
267	bf9658aafd41bf924b59af5a58312730de29dec58b6262e71f86cf45df62228b	267c302d8b0574168a95e74f2288eec569d0579d3307e8bbaba469ce8fb0c9ad	d6c6cc60026ac67b7be94082fdd64f37f2494e5e5bd89b45c3b0a9c6db302923	false	ACCEPTED	query representation changed or parser warning
268	ec7351ef517a1fdf8a7dc5a5441e63a14d0e37ea7949506c75ccbd182b10da38	f4b0df0fccaad4965ac3f55cf267edc2a0bbb2ec45ee1df9fb537d91fb1a933f	07d42ca17dadca9e5941b809ebad527574c7e99db3938a0ca0219a9a520d520e	false	ACCEPTED	query representation changed or parser warning
269	12293ce742622dafd477b2e36f2825f4d464d6664888a1d7bcbfd31d63b65b11	e46e58998060c6b0dd724fb508708cf618ff0ab618067843297e86e4db5d3738	6722288bd6a7f01c30b2e38fcacb7050272fd0211323664bfed021e99492da76	true	ACCEPTED	
270	34b5e7e8c5af330fbfdd71733f65719499d043cc70de6c361f1c21574f24fc4b	d49eb64dbe6e0180f822b7ae0625268f1c2cf4a2be97f16203d1b44240ea24ec	11cf0f687d10f5b9db9d9feffe79adfb6e742de42ba3e38df1a9e4b1e3b14efc	true	ACCEPTED	
271	8ae9d57deacd895560c90f770e9e61ccb43c10e25fcc50ed4ce60e205115b5f7	b69a6a319e5ada4daca96052cfdedd32f3be57cf5b8cdaa9204bdc08e9d044d8	5641c2d87d0a348217a11e30dc73b10f76011c29dee7a120e7a447cf85f51554	false	ACCEPTED	query representation changed or parser warning
272	8ae9d57deacd895560c90f770e9e61ccb43c10e25fcc50ed4ce60e205115b5f7	1da4ceb2ff337a6ed8389f4c086fea044854d3d4554a9527d5c1492094219638	101262de47a1f2abe1db77fd3523aa11a4eaf1823686c0e17fd6da0f8617499c	false	ACCEPTED	query representation changed or parser warning
273	8ae9d57deacd895560c90f770e9e61ccb43c10e25fcc50ed4ce60e205115b5f7	580222a83220bc9fc76fefb1982eb482559fcb12662731dda364c077e2c92234	5cea0872e60ff00190121b15a46ad15f2b5c2c8d1eab19b845088b52d44abf16	false	ACCEPTED	query representation changed or parser warning
274	8ae9d57deacd895560c90f770e9e61ccb43c10e25fcc50ed4ce60e205115b5f7	26829aa67ccb5c23d46834026e1f2f5cc3da5372e33558ca7b1b7dbbd36f69e3	48e8a59962dd78036e8b449a89d55420d7a2b2907938ef1f456363b554788a62	false	ACCEPTED	query representation changed or parser warning
275	5f572a31d1e117321ec24adc05e74759393c12c8b98adc8856d4ce5bf345eec3	f079158a76613e4b003002518bb9b6daab0fe30bf1c3750576899e51b8d0d0f7	be913b152ae5c2482fe12d347b5a7ade88c1f38a1b729e474f046e9a94d99a07	true	ACCEPTED	
276	35403db99ba6ddd10594551330c913b5b2a4c7821e4a9dc83229704d19e59c50	4df73757ad4f48dc0aa9f1dc25276ad31c83861f30b210d9a9ffe206abecc2ca	54c94b04979d6a45dd4f88ddc51b8345cb9e86060a5947de8f1d798517a8c7ed	true	ACCEPTED	
277	0c1495839e38d9fc98482ac1f0c6147a1ca9c7e708e06e2acb43f90a909f6f35	80b8cbddc98b9766d766073a24b569cbc7fb511ca5fe29b1bdb2d4aa3ca4b85e	dc785fd76c816dc8f7fca8511d804c153b34c8df5c2d90ede9a21250c108899e	true	ACCEPTED	
278	bd4542f353da07db55534bd47505818e5f5226187df88010ac8a981a8883d629	34810832ffec6a7a1f9ada766231ccdb4e786283ad3611831c2087841d8ddbd5	ec314f221228f87d9e3846984fa287fc65fe17636924960202b71f5c8941fe19	false	ACCEPTED	query representation changed or parser warning
279	331a8b8c1d7b788a52034c4a92b3f1c71eb3b50e096981d0cb8f7037aa70bbce	b461cbf9497b25f9df3e471bdce1ef33bba53259710d24210b6a59ba1837318a	fc5bf92ccb8eb1cc8c69d01e4de68d7b828ec6ca484dbdf99ba2bbd42d58c28b	true	ACCEPTED	
280	d794624196ce9d99fae7243f57909e4b4ea51de3a0949d6b9269e1ee31cd7cc2	76178f0d13979f250ba432fa708030590e4ff7ba74b82e3d3890305d89a4b55a	991deacc8bdf98994506d52af56c8efdf2a984041fe4e8974954337a7b1ab269	true	ACCEPTED	
281	d6414a60a969f614e3527853868d83fdce24e0357096e1ae33fc71799b2790fa	a742ee5faaf2bc80b7325dfebb0f683fd3a107cc9d67c34dd2cba4b0e572f2f7	ad4611da8b04c00227ad04894192ac25e262ede1b62c879605bd5e61910432be	false	ACCEPTED	query representation changed or parser warning
282	557406cb90b190ded1c90b305c7424429fe1ec7489fe2bd501a0b5897a6010bf	10eab92af074070919be021ec3eec5bdcd4b64ac0a14f628adfe5f9ba7ad5948	56d38eca2effa18c0be45a560f4e1fa025225c0d15bc7f349544866353d61ff9	true	ACCEPTED	
283	a63c328070670a1c6e961ea01c7263ecb0c61c1c33ced3cf58c4ae32cf911e46	a0c64345d94af49cd0f750af2a5dd1fb1095b086dbcc962bb81d60cf15a9161d	9a2003b058fee5b564f52a795d3fa89ddbe041c644afbd9e2b86706964b3f2ae	true	ACCEPTED	
284	8c94d98b92895dc4c7c58a032a0a8ecb658134b3be5fe5d71037fc14c80d56df	7f50c7c149aeea2ee3401ad07f6020115628343002e70616f5e8257940c49906	d79ef3e09cfbabfd11bd94e052f64b6286bcc60b8a78f49f894ec14215705281	true	ACCEPTED	
285	59f106b9e075576d4cd6c72f8edfaaf96e20e3edaee807bd06296ecb7e0e74fb	309ede73e95699db2b4f14e6cb8bbdedf012612928301eae515e332259bfdeaa	562b7c086efff4cd190af4aa72ccf86a9ceb71dc656ff90bdbeeedb0f6ec95c0	false	ACCEPTED	query representation changed or parser warning
286	2c703dbd48a264e53f21e4a688d4b70cffe4ede88eb1a27ccf7bac500e1c2df3	03f91e152aa9724eb692410ebbfdfd8100167128b55989632ea80033042e0cf8	07690d7c09e3e1b48c5420c5c19e67efa1e659583e01346b0e1fb6e2b70a2553	false	ACCEPTED	query representation changed or parser warning
287	1c7e95af7a7c74236033aff3a3e69fad8df2f1d40882fb8096cdbff770f70660	e85566bb273db4261eb5785430e3d0f87550e3753ccf7faa62e5ac750469d983	852dc876ffebe2aa8658dc47a065bee17cd2ba43b78b1d9b75bfa25da49bb132	false	ACCEPTED	query representation changed or parser warning
288	d2df22227c8b82c8a39185201dc7cb9e641992a0e158012a8a338f4ee7043c52	f72a06d485f8382eb4b73454b0046bab69eaf87a33ea6fb89049594df936b34e	e86464b9b18e0867abd3c8380cf739af4b70ab32329434aeb6869cf76eb923fb	false	ACCEPTED	query representation changed or parser warning
289	777393071b66082aac602b6a523b7db7cb13be5023f8736ee8ee0627e98f6a69	bc7855da904d0ec15e2def2f294422efd911294b7118f782ef9369601d461400	cf160a190de3bed3a2425652a1fd1d30c924c8dc9db67404bfeaae6ab8771fdf	true	ACCEPTED	
290	09b2af29ade7f68a7bf731c69002ea250e7d835125d99a1bf606b16cabdeabbc	2a26629fdbb30b60f2704287b8e00793e08cdc1b10424ac9a751de0047028e7f	2054bc1f69a1a637bfb7d5cd595391726711470b7daf55be9506aa1c8fab8967	false	ACCEPTED	query representation changed or parser warning
291	09b2af29ade7f68a7bf731c69002ea250e7d835125d99a1bf606b16cabdeabbc	6a205c7f645688fb6e660f72163fc87e028f52b66974060fabbd9f749f82b1eb	b0d25fd594889b169443281db504d3eff9d3c289347216bccba9b43578ead262	false	ACCEPTED	query representation changed or parser warning
292	09b2af29ade7f68a7bf731c69002ea250e7d835125d99a1bf606b16cabdeabbc	e2325135033c5c4f2f3ee588ad5e0f4cbf177304fc5a4a062fbdea8074d2908a	7fa937940c011f89bad71967dfe590740e362a7abc23e013415182a480dde793	false	ACCEPTED	query representation changed or parser warning
293	09b2af29ade7f68a7bf731c69002ea250e7d835125d99a1bf606b16cabdeabbc	2226b4c91bbbad247db73c65b7a811c82bb872269132260b1ceaf3d9d5f9c4e1	3b84123452e05999c0431259da5f3301f9681d2c3134601492ac22f6794010a5	false	ACCEPTED	query representation changed or parser warning
294	09b2af29ade7f68a7bf731c69002ea250e7d835125d99a1bf606b16cabdeabbc	2c601c6f9de025c94b2de87f2b7dc6d2b6cfb09efe4283044378f8e1c94cc424	37f7b4675c20852a6f61864ed2f14737c610e5af801cce219e12132a78b9f270	false	ACCEPTED	query representation changed or parser warning
295	09b2af29ade7f68a7bf731c69002ea250e7d835125d99a1bf606b16cabdeabbc	c3027e43b785e28bcbbe927e8efd29848efd8a79b3b072bbada8ead499fc81a7	d953232b8bdc08c5a342884eccc87f7a92b7b8cf7dda932585144df176613f1d	false	ACCEPTED	query representation changed or parser warning
296	09b2af29ade7f68a7bf731c69002ea250e7d835125d99a1bf606b16cabdeabbc	0c9a3dca412893dd0134f3f81687a3f34e0b6fa8436f65d7e28fa07377009e12	7ebc133675e4adad19d8188af69aed5d4c24b7558f885a63d7c27c0f7b5e61c3	false	ACCEPTED	query representation changed or parser warning
297	09b2af29ade7f68a7bf731c69002ea250e7d835125d99a1bf606b16cabdeabbc	4713d4048877696a0c97e9933f51ca3ebbe6f6212f56c5c196b0988216524159	07c92c5fe579934f06055338c2968d11fbdd6a0d3607d5d1cddfc9c690bee3bc	false	ACCEPTED	query representation changed or parser warning
298	09b2af29ade7f68a7bf731c69002ea250e7d835125d99a1bf606b16cabdeabbc	1a94e62a5029c8df67fd7fef9d6873d2c74b647b2a0b9b1026f75a3492c5bed8	847ed594b332389a88a50fd1538032d302aa5532640563b16625ad5d073a3caf	false	ACCEPTED	query representation changed or parser warning
299	09b2af29ade7f68a7bf731c69002ea250e7d835125d99a1bf606b16cabdeabbc	1878ddc90825d4fe7f8dc91a6fa35ef7dd66728cc5c3d11d405cb15fe269b3e1	63874283424e881555fd42e80a5fc89ec033b16fc5080f97cbf34962b4f5659c	false	ACCEPTED	query representation changed or parser warning
300	09b2af29ade7f68a7bf731c69002ea250e7d835125d99a1bf606b16cabdeabbc	795e719b2c78943d233733ab8bee188ef4bc1b551d2723e3c24fc626df25c30e	258df0dbff6235bbc6e2e44ab8c56019c1577585cae2393529cb1bfc7cc6ab84	false	ACCEPTED	query representation changed or parser warning
301	09b2af29ade7f68a7bf731c69002ea250e7d835125d99a1bf606b16cabdeabbc	8b265e78ab76c31d2b17176730ea49423676c36ce25ae8d6e1d339c4a3cbea64	357ff11ac59cbe9f2d189a13e1cf5e0ece3f2d99ab022fffc864533accf52d64	false	ACCEPTED	query representation changed or parser warning
302	a7ba19bbe33d10da9bbbeff914464962c4ce49477efe692588595bc044b281d0	2d19a133148f34be8947cda576a6c14e87f5fa7dfa0308e89410602af6ed0254	de725f901763c6465bbc361a6ea537ce10ef55827c187ee397c8acf341d15f7c	true	ACCEPTED	
303	465455dd739151b7132b3ceb83f0229f1eea0c4785e4ddd46cc4dc9fed5fde16	6e6eb3e1ee66d52b7843d31a44111d9d3d5a37f50af2fa1d467b4063c0e2bc72	a657e1fbfd6119fa2fd1d4fc5e08cbc1b049d3e18b478d53dfaf1561a34a2f86	true	ACCEPTED	
304	e136fe42ad68eeed4b3aa4b5294b312b4610498db69a0a06fe3bd76257cfb1dc	7a1413a9358b7c6a11a09e655004a01984f13188bb1e2a8bf8ebbd6b623a00f2	794c90b4339908424809f6e37fc23c1a2e55d97863bd1769efd8d6cfa9de8d02	false	ACCEPTED	query representation changed or parser warning
305	e136fe42ad68eeed4b3aa4b5294b312b4610498db69a0a06fe3bd76257cfb1dc	eabe3b91451619f8b9c6baf738393b7b7277981f35919f9032f04b8091d811e3	bd367020f2fbcd7f958ed09bc0e0a372e92b494972f34a102bd37c95b4916c5c	false	ACCEPTED	query representation changed or parser warning
306	e136fe42ad68eeed4b3aa4b5294b312b4610498db69a0a06fe3bd76257cfb1dc	6a1285beb09f33db0c338ca389f02a94ac762fcb4863e8ed6559442dc604895b	89a6f170cce84a4fd39923448430ed6fdf8e9d084789aa800170ff87505fa3b3	false	ACCEPTED	query representation changed or parser warning
307	e136fe42ad68eeed4b3aa4b5294b312b4610498db69a0a06fe3bd76257cfb1dc	3c8170e0dac50acd09993a0dc107f72b488673ff8b4ba6fb1feaa58b675f8b62	245cf7c230fa7158f81a6a5c1f8cd2683c22fb90dec51c68ff167b0cf3f355f4	false	ACCEPTED	query representation changed or parser warning
308	e136fe42ad68eeed4b3aa4b5294b312b4610498db69a0a06fe3bd76257cfb1dc	d3c5a0898628af66b735bad9ebbf7d488a53d2fd44d348c6b914ee454921a60f	be50d5fcf670d131656ac1492ebab02317a2d6377babaf0efc1030e422e40471	false	ACCEPTED	query representation changed or parser warning
309	e136fe42ad68eeed4b3aa4b5294b312b4610498db69a0a06fe3bd76257cfb1dc	2b57407856b9c395e9b7f23b74f94025192e874304c80302422e2fde8d71d2e7	c078a0689748b5984c4502df2c7d5d120e9c421bf09246a7398295c7e8468a00	false	ACCEPTED	query representation changed or parser warning
310	e136fe42ad68eeed4b3aa4b5294b312b4610498db69a0a06fe3bd76257cfb1dc	7b97be6d20ea725b829fe93d653c754f4fc35fbf5c8dd65ed04f61c6a25c89d1	048fd43ff296910ee24baa78919489a1ea8b562f632a64da0234e10bd284b1e0	false	ACCEPTED	query representation changed or parser warning
311	e136fe42ad68eeed4b3aa4b5294b312b4610498db69a0a06fe3bd76257cfb1dc	f39cf5f2238439f91e94b7ac618bb512e6422766d832322b47a11107d4125d6f	8a4724d910e8f86a2336b9f76bec8d1d99168c39125b470fb28e1550b52ca838	false	ACCEPTED	query representation changed or parser warning
312	e136fe42ad68eeed4b3aa4b5294b312b4610498db69a0a06fe3bd76257cfb1dc	57fb4215077c0bffa0cdaff4d12d046430c87838beb16a8dc17709ac94ec2f6c	353d75f1111656b0d0ef2fc53f24e81f5c71d7ea105428937e6bd9c9b90279e4	false	ACCEPTED	query representation changed or parser warning
313	e136fe42ad68eeed4b3aa4b5294b312b4610498db69a0a06fe3bd76257cfb1dc	1f189756010432624ab846a8c74f1764179f3c6824dda4aacdccfb743aac773e	aa6b219612dcea3d8cd377913dcb0dd3e44ff76ae1f66d5c449d0be9dfca8a91	false	ACCEPTED	query representation changed or parser warning
314	e136fe42ad68eeed4b3aa4b5294b312b4610498db69a0a06fe3bd76257cfb1dc	3280f2a307e7847171b4f5691a945779b0ff7d6b0094f91c6676d9c568e9320f	5e728e4093a8f98d037921a41274661953e960e950915aa22955175cd237ba66	false	ACCEPTED	query representation changed or parser warning
315	e136fe42ad68eeed4b3aa4b5294b312b4610498db69a0a06fe3bd76257cfb1dc	88b388425e1ab8cf2c92065f8555e2d22a5f9e1ad622fd4b1564ee62d05189d7	8433e5b9dfb0b7d9d2f1d01eb470aa33d16611bbfefa4e29eaa973808cce5cd9	false	ACCEPTED	query representation changed or parser warning
316	e136fe42ad68eeed4b3aa4b5294b312b4610498db69a0a06fe3bd76257cfb1dc	c94aa88318b7e8ca5194d29c49efbec051a8f1c2fa8e91bd6d7accf7056eedc5	8623984a9022d0837acd5d4a0c55c6160a4b682e5f7fdaf40c3260c7ba1384b2	false	ACCEPTED	query representation changed or parser warning
317	e136fe42ad68eeed4b3aa4b5294b312b4610498db69a0a06fe3bd76257cfb1dc	897b929e37514d2a32fa0c3c70434d87e9316319c950c0b40e1f561c7382ccae	752fa03cd5f5c8b5128077712ceb05f7cf358c8aab9a55c80fa3d5523458de1c	false	ACCEPTED	query representation changed or parser warning
318	f9ed36fde8cd079b8d3d2e0d56ad1378a74db482fb110de85b102e8ff737129b	15cf6327216dd742df5e033be53a4fdbe0f750ae6733cd93637de3dfa3bbab34	64b8cf2c41ef6defca97798f8211fd94cbf813efcf8837f81ab6492d805b190b	false	ACCEPTED	query representation changed or parser warning
319	f9ed36fde8cd079b8d3d2e0d56ad1378a74db482fb110de85b102e8ff737129b	e6cbf8de1d1612c4564bae40a1967cb9fbe6b9d81ede4339a5fb5f0497b117bd	2267b35aa95bd0ccdd2631be61e2d8ab80de7a3697a3ac42055592d0c0f69b2c	false	ACCEPTED	query representation changed or parser warning
320	54096e9e9b6b454b0a40884d507a7a2de5d80ca324adc53574d19cf3c77c1573	2dc5bc5d8a5a554da79536f8a55ef89d8fe5143948a05213429b11cfc2fcdfcc	573d8f1df172fb1df492d1cbb1507d5eeeb97406e28f78beb4d285a4ddf8e070	false	ACCEPTED	query representation changed or parser warning
321	65290b068113fc1800d4a383d0be222cece681e3e3277ac8fff6747ded5e46c6	3a6b85f75a76f2d4cabd051d1866fdaf625149cae21fcec733b429b76a726fdd	b45eb3229ead920dbd4fa5a39d21a848b7d58f1b62552244888459763152d2aa	false	ACCEPTED	query representation changed or parser warning
322	b5c171848179e47335c82430e62bf6c5eec6234b208524f41631128b792417f5	9a6df9009a310361db169434d4f28912d31cecea891a42076c2cb49cc11def2f	7935541b1736d2d0759c339cbcb2d3712cf07002258f3f4e158d07618ed1596c	false	ACCEPTED	query representation changed or parser warning
323	7b1da550e9c1c0c1422394af976795a88adfce22664cd4ad3a847d7ac86808c0	bc522fb440b5a29423439129eb4a39e653a483ac21f8b3b715914cd0f8c88dac	9e72a6e85c0c2fdd51751cca1d310ea2220f916e0a22c980cebc7ae2beb0ab42	false	ACCEPTED	query representation changed or parser warning
324	cecaa4bb1ee9eb0e6e6e2ce4871c4ba6b86342d9d8f0cc1ccc29c286ad75c31f	a487198cc6aaa88b7d826179dc7f3dac41be33f71a4b83fa0a2078a401ad2f4d	f5738ed844a37ce4a19ef2668b09207016b16d455a18d7c82b4476154cd3251b	true	ACCEPTED	
325	f82c748daa5efa40328ceca2b28bc2fcba07b5d8dc981d0688fe09a1869eaf64	a8430d67234029eea7003d09df202f280ce23e909fe23e39d705aab4757b1416	546e40e11748af928d4e29e425307d71746667e2d7943dc2857e234e73440502	true	ACCEPTED	
326	24e2b3bef64e5032b614cfb2279bcafd41ff840968e1e220111cda859d112a9d	101044ad80c81f1ef0a44fe4c6750582d569ce0ca4d2e2056f45625e1d6dbe65	4a092e7412ff12bb82f4b334b1eca8476e3a29e6e686a532ecf187aa5a32bbd8	true	ACCEPTED	
327	8243fb5a117dc9b772df17a523cd7c554aaef1bc58f2ca60e6596d7b843b5ea0	ca409c0294d9e3b2be9478f7630498fc4964938adeca62041deaf30eaded3b7f	19a2c254d5dad06dad4d565c67f2ea539aa52e1bb52fbf5837c55f45a0622a34	true	ACCEPTED	
328	febd0d06763fcca570661dee7a848867ad353f4406cd81503b0d6ce8bb1ccd12	561b2fcd29ba944e16fdb852cf43c4fac85f08f0f04a69ad244e5207fe854962	28369649398bff1f6fc02df7e0604902bd9296a0f9795a7aa45d6d16d218253c	false	ACCEPTED	query representation changed or parser warning
329	cd4451d9530fd3399c131b2bfb7fdd7e3b0729626eb5f6b86d5838c8f9000564	9b69bca5d9a15dc0995e6da653bb5ed0a0bc4b3f28d6c800550a40595b796e92	89678e8a7999ac94f20a854b5c5cbc1077725eae64d2cf1acf46c18c485fd409	false	ACCEPTED	query representation changed or parser warning
330	f818276314789464d3ec11cc0d873b4bfe462ffbf5d7685af8624d521b7873f8	9635826c0f4d9599870c16d3ddde6adc53988454425b461c15303f1e9a79396d	d9ed1b52315035693c118289199ddc45686e45c41c120776af0f2428f3bc4c60	false	ACCEPTED	query representation changed or parser warning
331	8d676a50cd9d87100b30b4d08b7814a0f9a6070b62a6cd8312e9be4b5ac437a9	3a8d7a6b6c3bdac91af014186d3d7f3ec1cf223bf6e831d1d31211e13db150d4	9b6470179adf334564cac7602e786d706317b0d9d7b4dc8538081bfa6f30149f	true	ACCEPTED	
332	7a242d6408002b121ffd7bb37fd69ecc314bb69c989b7f9053104badb371d1fe	07959a3202b2bab249206367a7bb55dfd83a070f42dffe4c8b902452e0f5b218	aa88127615400d29d1ea6412fbca71949aab0bbe9ea98b123d73702be6c68853	true	ACCEPTED	
333	84244ddb11cd55e04163d5114758b208961cb223aca0d50ba1488f93dedc758c	29a10bbb2e7488bfdd4ef7958c44b85160b44376df56335e7fae661b4cde8662	a9aef622eebdf4b969591f24874e9e03583ab24d30df06d0c78a76711cd2054f	false	ACCEPTED	query representation changed or parser warning
334	03ff90d2d43a1bc95b6b0b9259b83461f442871cadd000d9560e253fe45e43b6	e500c151c3d27918d7c0785d22c09a222a887c2e1950b8a10f7f3bbfc62fd8de	bd3d89e5209f28a561bcfd882e614c708e0ea6f428cca36fdd6529cdcc20b9e4	true	ACCEPTED	
335	696eabde404606b550382b3379ddd0ed2c5ed3e96c3bb509125084a68d28327b	6994c3891b17f156d2b8cdaab8caa926fde2d4133c785037be4b6e4257f9c677	63a4d68c124c107ef2431aa2e2ccc1b3a7c75f4b59274a53e93d444e60a0b802	true	ACCEPTED	
336	696eabde404606b550382b3379ddd0ed2c5ed3e96c3bb509125084a68d28327b	3b65963bedbbbdc1c3453d337a9f330ffd6c00a973741d58db0d43a5c65ca181	1076979ef522c3f42b060596e3e515cb7abb3bb42d73a2acb7d9202f34e711e3	true	ACCEPTED	
337	696eabde404606b550382b3379ddd0ed2c5ed3e96c3bb509125084a68d28327b	016e7d6a7bb8555066edf9cd75b2479c4a7fbeeb81a773a5626a00cef69f6f5b	140076b2d4679870d2226952d6ae310094028629629b2d2e0a38c9884932dfae	true	ACCEPTED	
338	696eabde404606b550382b3379ddd0ed2c5ed3e96c3bb509125084a68d28327b	e0d534b5b1ae90f46c51903257aa39c5776930bdfe3b7104b22d93868728160f	df97b98901858afdce29773ef74652be327ff5f42c3b66346aa44b082906d38a	false	ACCEPTED	query representation changed or parser warning
339	696eabde404606b550382b3379ddd0ed2c5ed3e96c3bb509125084a68d28327b	e8082688b2128153504eea17a6a9f6da2ae565409129ebf5feb08184977eb634	4099ef6e837f34fcd2d09e922257823beb3a0102cb03d422f59cf359e0d3c27e	false	ACCEPTED	query representation changed or parser warning
340	696eabde404606b550382b3379ddd0ed2c5ed3e96c3bb509125084a68d28327b	4f5ca1520ca8d500badd4d790958bd4a6de6f0fec43034bb67bfbe3ce87fea44	a4be7a8a21cb56c65a0e5f63263e3bf3db394fe868c34f8a90908d369c556e39	false	ACCEPTED	query representation changed or parser warning
341	696eabde404606b550382b3379ddd0ed2c5ed3e96c3bb509125084a68d28327b	298bef8193ab655f3322f87efce904a6bb23a47f3adda7646bd956bfc2861768	ac0342c0a48f4f3eca352fa94f91e4737fc36864286f1f9052931e91e17e5ea3	false	ACCEPTED	query representation changed or parser warning
342	696eabde404606b550382b3379ddd0ed2c5ed3e96c3bb509125084a68d28327b	a5d8b9ed3cfbcfb4728fed60ea73509edd2ae6ed3773488d94e5eb968adeee0f	6b19985b3481f0ec3f24f19808e1b69b46b2f996447d0e2a308e7494f149014e	false	ACCEPTED	query representation changed or parser warning
343	696eabde404606b550382b3379ddd0ed2c5ed3e96c3bb509125084a68d28327b	dd8d6a1decb3acfa949067a87cfd3b1a7bd6107989bafba0a47f8bfaf3494def	47147bd0830c6c921673f4d6897004ad44c9f6690a415d34c0cf9f38558d080e	false	ACCEPTED	query representation changed or parser warning
344	696eabde404606b550382b3379ddd0ed2c5ed3e96c3bb509125084a68d28327b	be0fdc184f8def4c35b46cd2afae2cbb625cad2194f54271fbfcd88b5687383d	8ece67ccaea446b4c6f9e5ad784cc2fdd05e5959751aad8d213efabb67dad264	false	ACCEPTED	query representation changed or parser warning
345	696eabde404606b550382b3379ddd0ed2c5ed3e96c3bb509125084a68d28327b	ce4c94c086408c79744cec3a35a49dc71cef8dc3f3112d5a78618a233083f82b	ab023d41ccc0b064e1fbbc8377bd5beb666cb1c84c7bddfac93a2a5067abae96	false	ACCEPTED	query representation changed or parser warning
346	696eabde404606b550382b3379ddd0ed2c5ed3e96c3bb509125084a68d28327b	041778cd80a3d0558ecfd8a745c40acb6ec992da3765cf8047e30821719b999a	982cc90cc73f183c28c58f3fa906d4bc4123e04c88c4b3b67d2fdd09c554a5eb	false	ACCEPTED	query representation changed or parser warning
347	696eabde404606b550382b3379ddd0ed2c5ed3e96c3bb509125084a68d28327b	c8a66d538667f36ed788067d9b32782f49ba3d6753ef7a5e22849bf6becb7233	5ea40bb260ed3940775751ce5fff4067b2d450447198ab2f0440e71581605812	false	ACCEPTED	query representation changed or parser warning
348	696eabde404606b550382b3379ddd0ed2c5ed3e96c3bb509125084a68d28327b	a9bd3fefe06451f2ebd6dd3b10c244cbbbf21bbebb0e70a2332df997b0d42fcf	4212ee1ccade129bd44fbd91b94b6dabf3d8721b5a560ceb61aae5fa487e4e8d	false	ACCEPTED	query representation changed or parser warning
349	696eabde404606b550382b3379ddd0ed2c5ed3e96c3bb509125084a68d28327b	83d45c7c3bcee54844075ecd32d84485e978cee11b2a06b03fe40a15facf9b1b	6077c429c0fd4d58f97740c5a853dbc37f1de9e93ffb2c2faf67b54c20bd7bd7	false	ACCEPTED	query representation changed or parser warning
350	696eabde404606b550382b3379ddd0ed2c5ed3e96c3bb509125084a68d28327b	75c60724906377cf5dd76356b99596950115a3898f60ff5eddbbb291bb5dd948	0b8a6d2082de6862e14c89efbbad0d8c14e79e4ab8b68df44b7be6d1de344c50	false	ACCEPTED	query representation changed or parser warning
351	696eabde404606b550382b3379ddd0ed2c5ed3e96c3bb509125084a68d28327b	54f5fbfb3158762790381c7557aee6712138450bef4128aa3193195156cf1748	4905632c4488680b78b7db81cb8ca3daf1353f33ce1f6a524b2e9171f827097a	false	ACCEPTED	query representation changed or parser warning
352	696eabde404606b550382b3379ddd0ed2c5ed3e96c3bb509125084a68d28327b	238fdb4e3cf73a3fa2e6b32d6e7a06e9da5b34a30a4a45d4ae77a0dedba16e53	9c0599f029db36e37f4a61d904e9ba01fe800fbb7d8988194563d153cca95736	false	ACCEPTED	query representation changed or parser warning
353	696eabde404606b550382b3379ddd0ed2c5ed3e96c3bb509125084a68d28327b	c13ad9e14fcd4e53cd4728b2d627b65364dc28c4ccc68e7ee14a88f075fef66c	24062a26665a4f017af16c7fa5826979cb7f7483fc01cc29ed6933999b9e9874	true	ACCEPTED	
354	696eabde404606b550382b3379ddd0ed2c5ed3e96c3bb509125084a68d28327b	44d966651f92818da81fdac8dfd845daf88b2ded92745adfa797912a2102c301	c01100b7ca77bc7fae52d853f33cfad753f5ab5b24dff18721d9c29b8f2c251d	true	ACCEPTED	
355	696eabde404606b550382b3379ddd0ed2c5ed3e96c3bb509125084a68d28327b	3e8b94d50ec5530fad1bcc331519fda0dbe1858957dd5b889ff11dac2daac0bb	44f0e2a0edcf020f1b7820fa4ff12c707aac0e209ff29185cc72407ebdd5544a	true	ACCEPTED	
356	696eabde404606b550382b3379ddd0ed2c5ed3e96c3bb509125084a68d28327b	0fc2446d486bb2340d0740c56a90244f98e39c2ae472533b7857c4e882d6000b	689d1df1dcd59bce3271bb853fb48f7dc6f3b737deeedcd75b90c07f4a04ddf5	false	ACCEPTED	query representation changed or parser warning
357	696eabde404606b550382b3379ddd0ed2c5ed3e96c3bb509125084a68d28327b	7baffa79f247b5c30d3c78280de2232691318956f04194a2d89ee7bf166f9681	e4f60c8f0b3d00579df740cbbf49a5a7bebd9b63a5d5555e8fba0f568c2c0b40	false	ACCEPTED	query representation changed or parser warning
358	696eabde404606b550382b3379ddd0ed2c5ed3e96c3bb509125084a68d28327b	cc4c3a2dbd57a4708878e1ecbda3f645ee921cbd8e79a0a09ec222a0bc7ae111	5a3c48b39930cd5602548acc8950043061b33baaaf11e8ba2db04404e426b651	false	ACCEPTED	query representation changed or parser warning
359	696eabde404606b550382b3379ddd0ed2c5ed3e96c3bb509125084a68d28327b	001d1ae4c296fff4bb789399ae96b299ae7d61ce720d897e0cf1b2dd8a46630d	be0366550c8537345406f7549aaa74675de305d860eefb1c72294591b5055c55	false	ACCEPTED	query representation changed or parser warning
360	696eabde404606b550382b3379ddd0ed2c5ed3e96c3bb509125084a68d28327b	e6eb1eb90188d1ae5a2e49db137b71affc525511a12bea2ddd25214968ab4a30	967b97056ad58d0c89d883d210a91cf502088912e69789ff1cb50b137a69dfd3	false	ACCEPTED	query representation changed or parser warning
361	696eabde404606b550382b3379ddd0ed2c5ed3e96c3bb509125084a68d28327b	760f99d8deb1cad17db43a566b9bc156d95d323a596763b1382dfcc7ab6e7e30	dde36b0d7ad1f9b75dc1c731bb8441bfa72b7071b451275e2f611733b3a39b67	false	ACCEPTED	query representation changed or parser warning
362	696eabde404606b550382b3379ddd0ed2c5ed3e96c3bb509125084a68d28327b	8dbe12b585f6d244b9c5a110717f6e8085cede118d61e0ace784e7e3ff6d7335	7326f95b4392376624ab53c85ad1b2730729274b5f075907fda5434a5b5673ab	false	ACCEPTED	query representation changed or parser warning
363	696eabde404606b550382b3379ddd0ed2c5ed3e96c3bb509125084a68d28327b	5b5162d0e26796e95f4e827afb75da52386bb154cc6461e10ada15e05b5e5422	f761d22dfdc81b2d8b08543bfb07811c02d0173d7ef0dbd80f288871bf9576e8	false	ACCEPTED	query representation changed or parser warning
364	696eabde404606b550382b3379ddd0ed2c5ed3e96c3bb509125084a68d28327b	e7fe79633d7ae14f1b6aa194fb5525f3742e37ce97ec284dab7357c94744856a	815e3da78ad0edf2f8e76404b267b0b0d3654dcf7577292b31e5017302500f81	false	ACCEPTED	query representation changed or parser warning
365	696eabde404606b550382b3379ddd0ed2c5ed3e96c3bb509125084a68d28327b	f4335c683e2d042a655da99d97dce5303eda5690ed749ec4cd8c86197676c35a	986765da22b0142bfab55524d5dba08928d6c551d2e8efd524278b89edfc3da3	false	ACCEPTED	query representation changed or parser warning
366	696eabde404606b550382b3379ddd0ed2c5ed3e96c3bb509125084a68d28327b	54d863b10025c34cd6ac6efef74a8f273d0552dd9c4ce8fdae535e13c51a5248	93a47364410863ac90e1c88910c1b7e33334cfb8881347721b87526a97496a19	false	ACCEPTED	query representation changed or parser warning
367	696eabde404606b550382b3379ddd0ed2c5ed3e96c3bb509125084a68d28327b	ee87489a61d3b6d70080323be44654c9f97d7021c04bf97db41c2da3803509b4	88cbd89320417ae2394db2856930c1e0c3a2d5109ec208e4949516cfb3c8b19a	false	ACCEPTED	query representation changed or parser warning
368	696eabde404606b550382b3379ddd0ed2c5ed3e96c3bb509125084a68d28327b	477e1a22adf2d4c419e2bc61eae423d20655166aa76fbcb15c9c5b183b8107c5	dc586efd607e266bedc51cccc5585f2495137fbebb9e2d8e544c0e3ead4edec3	false	ACCEPTED	query representation changed or parser warning
369	696eabde404606b550382b3379ddd0ed2c5ed3e96c3bb509125084a68d28327b	84a01109375175c145fb43f8690b688a46a7f812d447d582c6c4e80ca5d3ca6b	ca1dcccc3fab506ce92bf5d4e4bde6bdc3898c928d64a941bfb4eca500703c85	false	ACCEPTED	query representation changed or parser warning
370	696eabde404606b550382b3379ddd0ed2c5ed3e96c3bb509125084a68d28327b	32c2ce49a2cc2f1c63859612f485d0fbb72b0e5a115524404dc6cbd5efe7dfbc	b2db302e680c3ed5aa66b68adc30800f39546d1a4b0c9458cd29ebb9f23eff30	false	ACCEPTED	query representation changed or parser warning
371	696eabde404606b550382b3379ddd0ed2c5ed3e96c3bb509125084a68d28327b	dd9122ae42228d42d7bf10a6b3b59ab761adbfa5e501398423693638d1b61898	49f7e2a70e1f6b686d7b71825aec2a4d7066fb7c3fcbf57d08d3f9dd6012c133	false	ACCEPTED	query representation changed or parser warning
372	696eabde404606b550382b3379ddd0ed2c5ed3e96c3bb509125084a68d28327b	b2fb07c2f099e7c4c2557cc0b4af1c6d3594bd2d4c728d99ed1c663b4fd86a09	5a2a8551375efb77972e84658318765d96fb0162d7610d6d875c3bff4b28af9a	false	ACCEPTED	query representation changed or parser warning
373	696eabde404606b550382b3379ddd0ed2c5ed3e96c3bb509125084a68d28327b	00ac6a9109ef64828ea2b99075c8c32db98916091acef2920b8672cf01286d9e	2ddeefc326dc53acbd9b6b481332f337796a2ec2bab60b0d53b61c4e9a78a722	false	ACCEPTED	query representation changed or parser warning
374	696eabde404606b550382b3379ddd0ed2c5ed3e96c3bb509125084a68d28327b	e33186d03c777390ad1287a97f4a1f294246a3e5c7f74f549f328b4099fe4363	3abdf1e2d83c253a785530858d053c9d81e460c0ff84a878e20c8a44fad8ee80	false	ACCEPTED	query representation changed or parser warning
375	696eabde404606b550382b3379ddd0ed2c5ed3e96c3bb509125084a68d28327b	39c3ad717e632400e96d70d709e577098bc8086e29745ebee11b6c31595e9564	b39cfb52c796b1c1c7c0c8f189e794056fea607251ebb2c5eb5d7e378fc90fcc	false	ACCEPTED	query representation changed or parser warning
376	696eabde404606b550382b3379ddd0ed2c5ed3e96c3bb509125084a68d28327b	e5b3cea1cbc0182ae95c5f6c42cd178ef0da02969b124f0f06b487c0eaeea71c	be336ec37382dadb1e186c8533206af3087ff98a3212ee5ac94db6c5218d5529	false	ACCEPTED	query representation changed or parser warning
377	696eabde404606b550382b3379ddd0ed2c5ed3e96c3bb509125084a68d28327b	f5aa5fddf361f9556b1e44efaec86e4ab865b062c51d529c12f8bd1ec4ba6807	787a0b0a876b071f4128a45821ea5828bc40767e79914f3754f257b20daf76fa	false	ACCEPTED	query representation changed or parser warning
378	696eabde404606b550382b3379ddd0ed2c5ed3e96c3bb509125084a68d28327b	7faae66bb86b1a97a11016c6996c36e8f8b39db20c064d144d14d4e010838868	6751eeba71d16acc6e670080c48aa0f8542ca376b5c97065f9f2c6e428689944	false	ACCEPTED	query representation changed or parser warning
379	696eabde404606b550382b3379ddd0ed2c5ed3e96c3bb509125084a68d28327b	05b7714c8d9174d8e21997d6ace77a1c34e54f0496ee4f3b3b127481bf826ef4	207c9701e6ca510b48474860179d4f2e6edd2bd0a9ee3d4ff54e93748db05357	false	ACCEPTED	query representation changed or parser warning
380	696eabde404606b550382b3379ddd0ed2c5ed3e96c3bb509125084a68d28327b	959ba1a266bf2ab71b0c28fce9ea0f90eaf51302138c7f4a8b95ea8a52eaf029	a14f7aa3fa9d69c98abb45f064631e4afde06fc6cbcb7326c94fedd85e21debc	false	ACCEPTED	query representation changed or parser warning
381	696eabde404606b550382b3379ddd0ed2c5ed3e96c3bb509125084a68d28327b	06782559ac49ab4353e204b2e5c97c7e5c207f07c7c2f9438225f8f5ee62d98b	c6e5545fd29dda583a77436d735c62c3f04afcf355f4cf37f4e54ea45d1b7b79	false	ACCEPTED	query representation changed or parser warning
382	696eabde404606b550382b3379ddd0ed2c5ed3e96c3bb509125084a68d28327b	c6cac52aff692e73af04a7eea1020a9c69dadc451f505c9d15049f64eaddfd14	2f0817c3f6695576fbc78167cd1e9dc503e917d1b62a530e43361ea11d776748	false	ACCEPTED	query representation changed or parser warning
383	696eabde404606b550382b3379ddd0ed2c5ed3e96c3bb509125084a68d28327b	4b407a20611fa8a60bda9878179f1321f8d69a33e770e85ac88184dc074258d9	96527a0600526d346ba59564af695d22f3d2ebe5ec9cb4539917d0a38b6cab66	false	ACCEPTED	query representation changed or parser warning
384	696eabde404606b550382b3379ddd0ed2c5ed3e96c3bb509125084a68d28327b	bb16802ca7dc986ee20c79769649609b10007c6553f3da1da35e43f85ae0e661	fd9a00e9b41f8acdacf64e6d841c0eb11fb474f3b816a92267aa78f83db26edf	false	ACCEPTED	query representation changed or parser warning
385	696eabde404606b550382b3379ddd0ed2c5ed3e96c3bb509125084a68d28327b	a8451b6af1fd7cf7cf2322adda344ebefa1c7be46486cbd2b3a846ebfd259b76	03bac419731ef130cfee804d6b5da2ef708bbe76cf163681326f9fd7d74ab605	false	ACCEPTED	query representation changed or parser warning
386	696eabde404606b550382b3379ddd0ed2c5ed3e96c3bb509125084a68d28327b	d5fa3aaa321e2ede5764c154923f8bd37151a4606437fe8d55bf0a8078c3a50f	713e254ccedf8fbb7b584eb39a82370faf352b4b99ea53cce68dc93d39e6105a	false	ACCEPTED	query representation changed or parser warning
387	696eabde404606b550382b3379ddd0ed2c5ed3e96c3bb509125084a68d28327b	71bd406f00a3adad6f4617503e3ee0826baac80794259fdc788f39ae64db4cfe	66187dcc24c1e99b7e3d2b2bbb4a3687bc0074a08701b17d4063b0d9747ef714	false	ACCEPTED	query representation changed or parser warning
388	696eabde404606b550382b3379ddd0ed2c5ed3e96c3bb509125084a68d28327b	ff173b0648c5750895a04ec08a43441701a3111ba3cdacf654845175937c3022	24f37f2fc58ccc204cfff82054d127305818f9aef46e9c4be13fd74e0b3162ea	false	ACCEPTED	query representation changed or parser warning
389	721159a028ab4b6bb70b73e5c9a667b590bbe7466d806e578f6f753cfb14e20a	84ddbad767f79506754813d2d29758c8729718436b90619eb55d16829521fbda	da92139a528f5da39453237fa21dafb8672551f662d943068c3330337df2f01b	false	ACCEPTED	query representation changed or parser warning
390	4fde72de510fa85f6dc008899be92c2652c73480ea78b3ac886e2afae1014cfd	db26a279bfd9a449ee901dcabcb151bd5c559d983ac89d1924c622366a170efd	ab940f9a57dec7aeff817f029cca343998041df743551888a9c8c2d2aa60d1eb	true	ACCEPTED	
391	392653ee31dca60d6f0383f9cc7bf124438e205532cc44610fbfa04c13dbbdd8	8b87af1ce600805a46af0d24339698857699a8e9e479e6e9f7315c5acdb889d0	b2bca5dbd311f36acaf47493677acab50275f1d98a34b46d73d87c27a7084ec1	false	ACCEPTED	query representation changed or parser warning
392	392653ee31dca60d6f0383f9cc7bf124438e205532cc44610fbfa04c13dbbdd8	110fb7490afc194d1581a95c06a87c0526226f714cec9d9449efecfc7a97bc78	ecbe113f84a81f971d95501b0361f027fb76f872cec61a6c2824f09e4dff6208	false	ACCEPTED	query representation changed or parser warning
393	392653ee31dca60d6f0383f9cc7bf124438e205532cc44610fbfa04c13dbbdd8	486e30c631580d653c5e1e666ce30d268d5a1f6d27b1170b9e1757eda164dba4	bb7134b25fa3046dd9149d51176f82e03e42ca61b11f527aaf1aa144e90602d6	false	ACCEPTED	query representation changed or parser warning
394	392653ee31dca60d6f0383f9cc7bf124438e205532cc44610fbfa04c13dbbdd8	63442b7ce8d0f3833ce32f51baccbee8c80485e41fccf7e57150193b68808a04	4329f065e51cb894b061b0654747a65f6e12ffdd51b220f497012f5ff1abfed5	false	ACCEPTED	query representation changed or parser warning
395	392653ee31dca60d6f0383f9cc7bf124438e205532cc44610fbfa04c13dbbdd8	df348e4f9c5613fada22f7382603bb49b47c265858ce9cecfa31c2e1238fa0fe	ab1ba3bd69634d666ec9ab2bf6ff8e0ba5b34e9425a8c34fe2dfeb1a2d1c5361	false	ACCEPTED	query representation changed or parser warning
396	392653ee31dca60d6f0383f9cc7bf124438e205532cc44610fbfa04c13dbbdd8	8b87af1ce600805a46af0d24339698857699a8e9e479e6e9f7315c5acdb889d0	b2bca5dbd311f36acaf47493677acab50275f1d98a34b46d73d87c27a7084ec1	false	ACCEPTED	query representation changed or parser warning
397	392653ee31dca60d6f0383f9cc7bf124438e205532cc44610fbfa04c13dbbdd8	110fb7490afc194d1581a95c06a87c0526226f714cec9d9449efecfc7a97bc78	ecbe113f84a81f971d95501b0361f027fb76f872cec61a6c2824f09e4dff6208	false	ACCEPTED	query representation changed or parser warning
398	392653ee31dca60d6f0383f9cc7bf124438e205532cc44610fbfa04c13dbbdd8	486e30c631580d653c5e1e666ce30d268d5a1f6d27b1170b9e1757eda164dba4	bb7134b25fa3046dd9149d51176f82e03e42ca61b11f527aaf1aa144e90602d6	false	ACCEPTED	query representation changed or parser warning
399	392653ee31dca60d6f0383f9cc7bf124438e205532cc44610fbfa04c13dbbdd8	63442b7ce8d0f3833ce32f51baccbee8c80485e41fccf7e57150193b68808a04	4329f065e51cb894b061b0654747a65f6e12ffdd51b220f497012f5ff1abfed5	false	ACCEPTED	query representation changed or parser warning
400	392653ee31dca60d6f0383f9cc7bf124438e205532cc44610fbfa04c13dbbdd8	4834e4799e42db82d0dfe5c401ad355287a7b30940b094908e81ae028c1c3e8d	e666173262fef446462a7b42b41aa93185d36bd9cc5ad6501500360481d0333e	false	ACCEPTED	query representation changed or parser warning
401	392653ee31dca60d6f0383f9cc7bf124438e205532cc44610fbfa04c13dbbdd8	8b87af1ce600805a46af0d24339698857699a8e9e479e6e9f7315c5acdb889d0	b2bca5dbd311f36acaf47493677acab50275f1d98a34b46d73d87c27a7084ec1	false	ACCEPTED	query representation changed or parser warning
402	392653ee31dca60d6f0383f9cc7bf124438e205532cc44610fbfa04c13dbbdd8	110fb7490afc194d1581a95c06a87c0526226f714cec9d9449efecfc7a97bc78	ecbe113f84a81f971d95501b0361f027fb76f872cec61a6c2824f09e4dff6208	false	ACCEPTED	query representation changed or parser warning
403	392653ee31dca60d6f0383f9cc7bf124438e205532cc44610fbfa04c13dbbdd8	486e30c631580d653c5e1e666ce30d268d5a1f6d27b1170b9e1757eda164dba4	bb7134b25fa3046dd9149d51176f82e03e42ca61b11f527aaf1aa144e90602d6	false	ACCEPTED	query representation changed or parser warning
404	392653ee31dca60d6f0383f9cc7bf124438e205532cc44610fbfa04c13dbbdd8	63442b7ce8d0f3833ce32f51baccbee8c80485e41fccf7e57150193b68808a04	4329f065e51cb894b061b0654747a65f6e12ffdd51b220f497012f5ff1abfed5	false	ACCEPTED	query representation changed or parser warning
405	392653ee31dca60d6f0383f9cc7bf124438e205532cc44610fbfa04c13dbbdd8	8c4afe27c98d364ef1c49cbc441ccc4315dd9d5b56f8e0404003d74eca7be001	d8b5fa18f1cd82b2b1b89158fd634c9211d36cd4a2c86ae38f43ea62e1148e67	false	ACCEPTED	query representation changed or parser warning
406	392653ee31dca60d6f0383f9cc7bf124438e205532cc44610fbfa04c13dbbdd8	13425c7e201917259fe03a5764108dceb6025fb22b453abe66fc1bef47edb6ce	d68a7f218c69e1bd4da60bdcd553330914194b3d1ac47622bf9d8bd5b922e309	false	ACCEPTED	query representation changed or parser warning
407	392653ee31dca60d6f0383f9cc7bf124438e205532cc44610fbfa04c13dbbdd8	8d430b6495749a74acd08506aba515309e64db27ff76fc0275968ed5168f28a4	9c8cf6e8d8c13968d2ae6e7d4836fc0954a0ea81135c0e9641ae12fbe8a83d5e	false	ACCEPTED	query representation changed or parser warning
408	392653ee31dca60d6f0383f9cc7bf124438e205532cc44610fbfa04c13dbbdd8	037f71177eaf666729595b09a439d6d686ed406a3b9712a514ff800b754cbe79	603ff393f34b4829dadf89301cf2fbbedaf23a5f1fec2c6736ba2ce1f313abfb	false	ACCEPTED	query representation changed or parser warning
409	392653ee31dca60d6f0383f9cc7bf124438e205532cc44610fbfa04c13dbbdd8	d1b8e998493fc642d650947951b1756ffb02a518e316a7f57c3ae807249a6dca	9b0332327fcfc2b08c8decda9a3dcdb83ad4c28194e7fa5f146de1ea9c4253fe	false	ACCEPTED	query representation changed or parser warning
410	392653ee31dca60d6f0383f9cc7bf124438e205532cc44610fbfa04c13dbbdd8	cc23c5e8cce178f49517f47a240f8050babf122b6ebd30fe66bb11b125025e28	0a15434abab5d005c397339b8ca8f0134102dddbf3ac421aa79df7a29bed10d0	false	ACCEPTED	query representation changed or parser warning
411	392653ee31dca60d6f0383f9cc7bf124438e205532cc44610fbfa04c13dbbdd8	13425c7e201917259fe03a5764108dceb6025fb22b453abe66fc1bef47edb6ce	d68a7f218c69e1bd4da60bdcd553330914194b3d1ac47622bf9d8bd5b922e309	false	ACCEPTED	query representation changed or parser warning
412	392653ee31dca60d6f0383f9cc7bf124438e205532cc44610fbfa04c13dbbdd8	8d430b6495749a74acd08506aba515309e64db27ff76fc0275968ed5168f28a4	9c8cf6e8d8c13968d2ae6e7d4836fc0954a0ea81135c0e9641ae12fbe8a83d5e	false	ACCEPTED	query representation changed or parser warning
413	392653ee31dca60d6f0383f9cc7bf124438e205532cc44610fbfa04c13dbbdd8	037f71177eaf666729595b09a439d6d686ed406a3b9712a514ff800b754cbe79	603ff393f34b4829dadf89301cf2fbbedaf23a5f1fec2c6736ba2ce1f313abfb	false	ACCEPTED	query representation changed or parser warning
414	392653ee31dca60d6f0383f9cc7bf124438e205532cc44610fbfa04c13dbbdd8	d1b8e998493fc642d650947951b1756ffb02a518e316a7f57c3ae807249a6dca	9b0332327fcfc2b08c8decda9a3dcdb83ad4c28194e7fa5f146de1ea9c4253fe	false	ACCEPTED	query representation changed or parser warning
415	392653ee31dca60d6f0383f9cc7bf124438e205532cc44610fbfa04c13dbbdd8	1ac355dd7b39f89afa9ceb269d50d063ca82566a32f1521a7870b9b4bc7e56f7	6cff7e08df140114e2c2fb27015bd85fd80bb728003d6e781df0f38985c3fa75	false	ACCEPTED	query representation changed or parser warning
416	392653ee31dca60d6f0383f9cc7bf124438e205532cc44610fbfa04c13dbbdd8	13425c7e201917259fe03a5764108dceb6025fb22b453abe66fc1bef47edb6ce	d68a7f218c69e1bd4da60bdcd553330914194b3d1ac47622bf9d8bd5b922e309	false	ACCEPTED	query representation changed or parser warning
417	392653ee31dca60d6f0383f9cc7bf124438e205532cc44610fbfa04c13dbbdd8	8d430b6495749a74acd08506aba515309e64db27ff76fc0275968ed5168f28a4	9c8cf6e8d8c13968d2ae6e7d4836fc0954a0ea81135c0e9641ae12fbe8a83d5e	false	ACCEPTED	query representation changed or parser warning
418	392653ee31dca60d6f0383f9cc7bf124438e205532cc44610fbfa04c13dbbdd8	037f71177eaf666729595b09a439d6d686ed406a3b9712a514ff800b754cbe79	603ff393f34b4829dadf89301cf2fbbedaf23a5f1fec2c6736ba2ce1f313abfb	false	ACCEPTED	query representation changed or parser warning
419	392653ee31dca60d6f0383f9cc7bf124438e205532cc44610fbfa04c13dbbdd8	d1b8e998493fc642d650947951b1756ffb02a518e316a7f57c3ae807249a6dca	9b0332327fcfc2b08c8decda9a3dcdb83ad4c28194e7fa5f146de1ea9c4253fe	false	ACCEPTED	query representation changed or parser warning
420	392653ee31dca60d6f0383f9cc7bf124438e205532cc44610fbfa04c13dbbdd8	5bb66014e468b3f91317993ef1fedbcd41a6204761ad33cb7de81daf7c9b08fc	f34f068cabae3fb3b3a2cb8c3c056ac27bac046638df5b585061813e01ee493e	false	ACCEPTED	query representation changed or parser warning
421	392653ee31dca60d6f0383f9cc7bf124438e205532cc44610fbfa04c13dbbdd8	d63a8fcb96653d1cd9b1f4e4545a6cfdbbfb27c436f33ac30a20d73b8d25389a	f44cad943e3828cbe66dd15c275b9a5ede1b245e9e395f0817cf8678a2d70a3d	false	ACCEPTED	query representation changed or parser warning
422	392653ee31dca60d6f0383f9cc7bf124438e205532cc44610fbfa04c13dbbdd8	04724852628dcbdbcd69bb60cabd8baa4cc847017bcfe46d95a0fa832ef2b0d2	8e1321402fa09bacd54f5842d004bb936a49ea6dad28e94febb6d16c50cb656b	false	ACCEPTED	query representation changed or parser warning
423	392653ee31dca60d6f0383f9cc7bf124438e205532cc44610fbfa04c13dbbdd8	f57eeb56ad1fced3b097e48e1d436131c9a6288e4c0c40ded7fff8091b09996c	b2e99eb49626ac74d870b6356a4513780d72066d8019181c195764692afb888b	false	ACCEPTED	query representation changed or parser warning
424	392653ee31dca60d6f0383f9cc7bf124438e205532cc44610fbfa04c13dbbdd8	6e43a542611ec03d4ac0c9acd9f9d0d2d6e97542ecca47701d5a7a7074863bbf	d3f4dbcb1e43e95cf4a2863a0cf701bd90a1ebb3bfe0f80cc48739acf3d97365	false	ACCEPTED	query representation changed or parser warning
425	392653ee31dca60d6f0383f9cc7bf124438e205532cc44610fbfa04c13dbbdd8	b66611436c71f35bc936ce50403fd2316a2a4981e980d2323f75f2700af63faf	13249bcdc6811050a00b62667d13abfabbd9cc60786f7ec7058f78e46098b090	false	ACCEPTED	query representation changed or parser warning
426	392653ee31dca60d6f0383f9cc7bf124438e205532cc44610fbfa04c13dbbdd8	d63a8fcb96653d1cd9b1f4e4545a6cfdbbfb27c436f33ac30a20d73b8d25389a	f44cad943e3828cbe66dd15c275b9a5ede1b245e9e395f0817cf8678a2d70a3d	false	ACCEPTED	query representation changed or parser warning
427	392653ee31dca60d6f0383f9cc7bf124438e205532cc44610fbfa04c13dbbdd8	04724852628dcbdbcd69bb60cabd8baa4cc847017bcfe46d95a0fa832ef2b0d2	8e1321402fa09bacd54f5842d004bb936a49ea6dad28e94febb6d16c50cb656b	false	ACCEPTED	query representation changed or parser warning
428	392653ee31dca60d6f0383f9cc7bf124438e205532cc44610fbfa04c13dbbdd8	f57eeb56ad1fced3b097e48e1d436131c9a6288e4c0c40ded7fff8091b09996c	b2e99eb49626ac74d870b6356a4513780d72066d8019181c195764692afb888b	false	ACCEPTED	query representation changed or parser warning
429	392653ee31dca60d6f0383f9cc7bf124438e205532cc44610fbfa04c13dbbdd8	6e43a542611ec03d4ac0c9acd9f9d0d2d6e97542ecca47701d5a7a7074863bbf	d3f4dbcb1e43e95cf4a2863a0cf701bd90a1ebb3bfe0f80cc48739acf3d97365	false	ACCEPTED	query representation changed or parser warning
430	392653ee31dca60d6f0383f9cc7bf124438e205532cc44610fbfa04c13dbbdd8	195ddc70e47fdc9adab74de8f27944e49c240980e086b60e0047711d1acb72b4	058c640de6e5e9c755f307db4641f12b175270ddbbc90c4f02a72d9e6d6dce4a	false	ACCEPTED	query representation changed or parser warning
431	392653ee31dca60d6f0383f9cc7bf124438e205532cc44610fbfa04c13dbbdd8	d63a8fcb96653d1cd9b1f4e4545a6cfdbbfb27c436f33ac30a20d73b8d25389a	f44cad943e3828cbe66dd15c275b9a5ede1b245e9e395f0817cf8678a2d70a3d	false	ACCEPTED	query representation changed or parser warning
432	392653ee31dca60d6f0383f9cc7bf124438e205532cc44610fbfa04c13dbbdd8	04724852628dcbdbcd69bb60cabd8baa4cc847017bcfe46d95a0fa832ef2b0d2	8e1321402fa09bacd54f5842d004bb936a49ea6dad28e94febb6d16c50cb656b	false	ACCEPTED	query representation changed or parser warning
433	392653ee31dca60d6f0383f9cc7bf124438e205532cc44610fbfa04c13dbbdd8	f57eeb56ad1fced3b097e48e1d436131c9a6288e4c0c40ded7fff8091b09996c	b2e99eb49626ac74d870b6356a4513780d72066d8019181c195764692afb888b	false	ACCEPTED	query representation changed or parser warning
434	392653ee31dca60d6f0383f9cc7bf124438e205532cc44610fbfa04c13dbbdd8	6e43a542611ec03d4ac0c9acd9f9d0d2d6e97542ecca47701d5a7a7074863bbf	d3f4dbcb1e43e95cf4a2863a0cf701bd90a1ebb3bfe0f80cc48739acf3d97365	false	ACCEPTED	query representation changed or parser warning
435	392653ee31dca60d6f0383f9cc7bf124438e205532cc44610fbfa04c13dbbdd8	c8176d0cb69d152e28dd88a32b2b84b9621256bad9b887d8e28508ec56e2f5c5	014bee260971c98fa3b32491db5de72e3db149ddada6080bfa88952f2222c3c9	false	ACCEPTED	query representation changed or parser warning
436	9ab1e58ac53ca6d6721fb74b883f13701b4fcf411a61dfa325c7e57295fffcb1	0449246630468ac6c550d2ceaf0df15f8a31945b21c7b1fe44d61ebe671b82f9	6377cc0e42063bc1635a771ba245a4d4a79256c3df79b963f55fcf8f1b7db6d1	false	ACCEPTED	query representation changed or parser warning
437	073616132053f625ba8c6fc46125e91146ec62e1573ece565cf0db39069cfa7c	e617ed33bf6d7e18308f85d442f810f69dc0ae2cc14391294d7607b8d69a2d38	7c3bd18845ca30d4888bb58439e60d1ec7109b4bac7b0878a920c47c9cf233b9	false	ACCEPTED	query representation changed or parser warning
438	ed0e7a73d22bae7c64d85fa9ee5bc3c5f4c9fbae16231b82301febbdf2d79ac9	42295c11b96edb21cce1d08a88b5a74bb494712540e3567985201e7e8bf9151a	5276ca1d3113ef508351af0991fbbcd67acc6c9a297779f9ad09005b27e1ce1c	true	ACCEPTED	
439	98fa39cb0971d4f2b07441b9da8a89d52c2853697444d5d53b6ef83776baa5e5	19fc81f610ed76cfe2941bb8d8bfd3cf72aed7c5e026d1a298ed03dc71951d81	4e0acd96f060e2c2bc2bee1696bece578940434c26c59c53386f11cd5d6c774d	false	ACCEPTED	query representation changed or parser warning
440	1f53e9fd2b794b12466765409aeb378f6f2cbc81c7d1380c975668ed01e65818	92448a984d8244c91ad64a33473d1137739d65f71e47f7bfcceaf6033c781f9b	d7ef481a8d66c9f0d34b4669be30c87cb43e3ad0742aa6e42c2529c7854ad82c	false	ACCEPTED	query representation changed or parser warning
441	2f6a3e16364282abe92f3454fadb10a719f55cd38b02d3b4b92cc66f4a960b8b	9bd0adca39aa9fce58431466c4452f37fa93abc7df20920f50f1b4c0b1c46405	909fbbbad9ce33651b2c2fc43b9dea1582593eb6eb46d3674b1164d5dcfcbdc4	false	ACCEPTED	query representation changed or parser warning
442	11b869b7ba3a0ce8a13f6d935df9e4b565683ca6ae098d92824872469c8a43ab	609a102d51fd461ff7050fbd664ab4a9093368763f8a99109f7ed84348a308c3	b6e03e5d96ec35caf11abbe5f4bf48ae8ae74010f4c66012c325c76efb901ca7	false	ACCEPTED	query representation changed or parser warning
443	781e950e1f62cf1926d1e98e345a1a303ea548eab95b757e7c1546c65c134ec6	78f778d658f6685f707250b6c619240d150cf66622a660ed9b8f75590c17fde1	2a01be3cc15f1a8d10d0cb6489ba30eebb3593a8c659320716373343dd751160	true	ACCEPTED	
444	7c09ff1841d3754267171c27a632cb1dbbe4c6020d924ab4c50a3b62d6926116	3091940d063c7f5c81d3ecf072bd38693d84a3a93a5526cc95a75b5f58a74f66	73bf0a305b5ec153dbfbd3794a29c0a0f960b6de03d755bc358e95e060bca38c	true	ACCEPTED	
445	3a5c025be9bb29421a2670a586632bcad3b11e22cf8066cf031ace882131eab8	4482d4b74d075d94e59f958d2fedc05e7bc217e9eb4558c9e02f1a4099a2ebbf	5daadd60879e9b9a70b53e7b342215765cc07de30b3bdaf41d0b1d7a666fce40	false	ACCEPTED	query representation changed or parser warning
446	718bef4ae3b740fb3043bcc4974e337354ef58695777c384a67ed0488c3f968d	852137e44d31983d4dec948ca54edf1da6a4e0705e4e7d169437d8d5c06e529c	853514379dd4f90ac6108c316bec993388774d0aa9bd481791fa6aa8068ebb53	true	ACCEPTED	
447	592819987e73672a276070c57f9851e6bf721c975b1d2444cb2ccb5cc2f28fa6	2351fe8eb7fbaa0299251a600f3fa841101e1cb4ce50d2d44d3fc523c45947cf	9ed8087322d166a97a52894e793d71fe923f0f2ff68ffdccd787183d2216b9c6	true	ACCEPTED	
448	16c1487684aded96c6c26423b2d297f60bf93a67ac73a8d31f59e510abe73055	a1b127e639448ba06790a3ad298c73c24a0d2eb2574989da7f12644685407a13	e1bf17667ac679ca5ac16a54d6a0357b4f3a2bb4766abbdf048907f95151b099	true	ACCEPTED	
449	e75a7a974b64d0d4f8c28195bc4ab75005d0f7379838279dee2122af6af9cbef	c804c5683626accb86c3c5cae74f8e48c0ef8b1bb6c0252ccb8db2dcff2e5507	9dc6ce4d73e7a7318a4d0e74ff62a6651dabc94fe01ee55f40e92bcefc6542f1	true	ACCEPTED	
450	b4d64a03ee2d3fcbcd220cb53889b366f3f0c02521eef1ace82df687c0a87941	0bfdcd527dbef36ade6049759b5216e5d0476d45879ebab9b4e2e960c2f57051	71d37e62958935c0f4fc809f7b48dfe1f86a08ba98973fdafc920d60faa5faf5	true	ACCEPTED	
451	49d78686e58467c1f8b3baa9b7c8c53fe47b0dd113ff568490d97c061e211cbd	91790220b19d423e45ee339068c964b5c580b9e0d2f1c0578f83bc0def6fdc44	cf167bc6c6d0523936950044dfc295a5f4b78760de906e23e1b1674999d020cd	true	ACCEPTED	
452	c98ab945fab05e8e8bb165797af2a3fffa22dc4307602006607b9e82826aa435	fd95abe3cbf3dd32aaca177f2d9c8ca2a2b9a1a8f24ae2fa94df1c4aae8c25bb	895debd373aae08916570cc6af6e9403bff23b53a00c61ee74ee8e4f08ef53ef	true	ACCEPTED	
453	c98ab945fab05e8e8bb165797af2a3fffa22dc4307602006607b9e82826aa435	97e83d4529305deb86ae020286e6ad577a88020f78d09c5be1b575297e38c638	d7ebea7081d8e4ca375dd55e69e402e1aa1286939b4a9bf3dc837b609dbb3881	true	ACCEPTED	
454	c98ab945fab05e8e8bb165797af2a3fffa22dc4307602006607b9e82826aa435	214830703a69ea06c63d5b1564f05540816e791476e6c2858610993d45139354	706200134ba1b8b3882ad8626aa40f5cdd743bb816abc8046f24094149d8dfcc	true	ACCEPTED	
455	c98ab945fab05e8e8bb165797af2a3fffa22dc4307602006607b9e82826aa435	e3a7646e954d19ccd41ad50e67ae4bf1d64182744c522e96112865edc22904a1	04c93b3746752f6e9c1eff6ba087178fe29c66ee504c7b14964100a64b9f1c73	true	ACCEPTED	
456	cc4473801011c5637c078caa0a9f5ec8ffb865ca4693b4897f7fcc5ae4eb9261	55b18f87474c2eaad0bbbacf8a0c9aadd30df17c3729e9726c37d42277f3a29c	90d0dc21d121528102db6287e8d1761b89b7f50b8d5359a4110972b9065b1e67	true	ACCEPTED	
457	39c475fb0be1247b8e2045bf0ed8b04b14e08c4ea517e60cc3f6c9b5e011e195	91b062508af7cda97dd0525b6e7d0e8a791d1b003405d42f81b9c5372cd13b15	3dad36b90375309871c7a55dccf2678824485f78825127212f1b5597e31e5d70	true	ACCEPTED	
458	0e0a566a8b41942e9b29fa1a33637958081c31c8fa329f018bd1f16ed011ad3d	c5e3651ea69f15c11213cab05f6e1abf2d3355b003290d7707f434823ad4b52f	49e5b5ca1a7c3597a2f091f24d2fd0332571e4d79af4856e0f876f22e5d3a9f4	true	ACCEPTED	
459	651f086661c5d9a35802e6d6d84358ebfbb201eb73e475b098f6d09dcf409c07	32f1e54be70ee24b9458be938a095a941702a6ae9a1a1023e972a144631dd47e	5ec6212d0c58d1ceee53db7866b05dbbd4a8da0ef922e14a75284288766b0542	true	ACCEPTED	
460	651f086661c5d9a35802e6d6d84358ebfbb201eb73e475b098f6d09dcf409c07	3a6b4c6f7d3a0e23826da679d60c97ba85b573c42e2296de03cc6f6c3dabb63b	8787393374e773368bbff5e3ce86fdf50e4c2a37207ad0b937a9e4720eb1d6ca	true	ACCEPTED	
461	651f086661c5d9a35802e6d6d84358ebfbb201eb73e475b098f6d09dcf409c07	201e847ab30c66820feea9f65d3eef090501d8df6365ec80133e8247f5c5ed2c	487060cd3bbdefa8391a2afc0c2507fbe5d529dc127c9ebf49bcd233b5e241e1	true	ACCEPTED	
462	651f086661c5d9a35802e6d6d84358ebfbb201eb73e475b098f6d09dcf409c07	9accda8b4c3d6f7d362f063533e07b5526b0bd238f4cf5fd893771bf40facb11	54fdf086ad19974cd7dea653001ef6631e7ad34d3091f1b38edfb7163fa9f893	true	ACCEPTED	
463	651f086661c5d9a35802e6d6d84358ebfbb201eb73e475b098f6d09dcf409c07	0174c6b10698c0655ece0b982a5116af14dfb4af3f1656b585d793946411371e	d0a9c36fd2be4f0abe55f93cace5965ee114b8c7dd044f0f4ace3e253117d2b2	true	ACCEPTED	
464	d93b13177582537754187467927e6de61f370fb8ea590770db8769b01056b0cd	507101694ac3344ec92e5f3c119d1e2112f160ba614dbd023633bec322d7e017	e450c3ba952453aa909ca9474ef390aa028d244460a34eef83dec8fbe6db04db	true	ACCEPTED	
465	51b492581a364412d089476dec5132f6d601d49c98ab18bbfacbe71e5307fbe2	77403ddf329f70a2b0cda826c1c459f780c4231e8c34ff86906c8c245fc76831	7ddf29e0bce9c012da3fcb9de90857424f999b50862c046f6cbe0625e6ddead1	true	ACCEPTED	
466	51b492581a364412d089476dec5132f6d601d49c98ab18bbfacbe71e5307fbe2	b86cd2961bdcc48a8c291dc4170fc5f8f79ffadd67a17912a9b803b5dbe2b9cd	eba79fd6e78f576fcc0767ba8383c11d2effce962ef90b8f0576e45ce1aa9126	true	ACCEPTED	
467	51b492581a364412d089476dec5132f6d601d49c98ab18bbfacbe71e5307fbe2	3f0f25ffd88db976f90dde16839cba4fe9e1dc74200b19b7c160304c38cb00e6	c593422222ded1818e6fbf5ee5ec9684cd0a688392bba02171ce0b3d2f303e8a	true	ACCEPTED	
468	51b492581a364412d089476dec5132f6d601d49c98ab18bbfacbe71e5307fbe2	7f2c1c99386e01a17af9d072fd678a2e304667a7a7df80b5d0385d8277334341	70f808290249eaf0916b698a6f185aee598e99ebd53b33b03f7eb501969b2fd8	true	ACCEPTED	
469	12488df5f6b5869f14aeea0c82e926a8d7e739c85444962dc11cfde1fe3acff5	3563da7ca418ae67be72f553f60b14a9d82d8cb4450196f23298639f45f10d1c	629cf6c80b24d9576af83a58b58fae613917b63188e63e017942622a86fe0cdf	true	ACCEPTED	
470	12488df5f6b5869f14aeea0c82e926a8d7e739c85444962dc11cfde1fe3acff5	e9d66406de173b601cf32b9102d8fa5cea81c5901bbbfe39d3f8f93c04052ad3	e6e5f05809e2e50a29147e991fdd6c58a502c19a08fd7b4eab38090948f5694d	true	ACCEPTED	
471	12488df5f6b5869f14aeea0c82e926a8d7e739c85444962dc11cfde1fe3acff5	8e459c358caeb00f6de6db2a52abe58e7bdf426a67bb1b246b0ac67fd41e15d0	61983edfb1251fc18276a68b59e2555fec1cbd5718f53a2172772474184daf76	true	ACCEPTED	
472	12488df5f6b5869f14aeea0c82e926a8d7e739c85444962dc11cfde1fe3acff5	89da6a75a81a8bfc92b64e91ddf62aa914a0ce078b44fbcc111621e5122417a9	efbd728610c2312b99d408a57f1e1f2c72dd7987da05d5f829b3a70a1fa6bea7	true	ACCEPTED	
473	5583b4e236f6b4fa7e4d44b3f69405badafd41c6a42269e2389b40709ca43d41	9355f787153ddf30029d0ad2ef88c9972fb031a5e4d3645893d99e318ac38d61	7cc1017f7040911b262b6b8b8188c63cc5f07128dc32d10b9f52909c0063c10c	true	ACCEPTED	
474	5583b4e236f6b4fa7e4d44b3f69405badafd41c6a42269e2389b40709ca43d41	cd566a17e2c6d8003b07280fcdf90520afce133b27a3931da56f58fd3642d967	a71e0676a5b9561bb0e4fafde146b3b0f0c2380ac84db1d040713dc1889da957	true	ACCEPTED	
475	5583b4e236f6b4fa7e4d44b3f69405badafd41c6a42269e2389b40709ca43d41	1cdcf4d962d939d678c0631b8caba2cc5e0234b8dafda04310216a13f5042a6b	34c6b09aade3d71fe9a44e680a86f728b3ff1787f17082a15c32dff3181caf29	true	ACCEPTED	
476	5583b4e236f6b4fa7e4d44b3f69405badafd41c6a42269e2389b40709ca43d41	3e4f1f19c90fe567bae8e4d30bed970c0ebb058bd27a383b5d1696af1d3947f5	b9bb54a960713c4a50a4d5d59e0959c1f4be3a08d4169a8dbf0c221c850cc054	true	ACCEPTED	
477	e94942dec437d7b85412eadebaf39b7f3c1c1a6b12706fbbc28ddfe6310a619a	8d17a6c62f8238e22b991509072037c534ebf7b7b364b2d1654c6a9011393f3f	eb7d2dbd870eaca352604de00373b7c03896bda8888e9a2a4b085179c6fc6753	true	ACCEPTED	
478	aec4b4b829f9fb88870f7a931548d96c3d2343e74a7310d5d82f8f218a2ec74d	af87bd3f4eab1b42919c6f280daac0d9151d517725de4932f840897590e3a45a	18442975bf1124034e77b7dbbe35608d547521348b23da0c04b1b5518d8542ca	true	ACCEPTED	
479	eb00248f89592b6be27bb9f84f6cc744f91a32b79f04cfd3c0fff321ef891a43	6317ead2d163d43138cbb2a14bb450f17356d9b755e56378593e87224721bc80	05430845a88460e36f6f0fbf778aaa4049b0a028efdad2706359c2821f214ed7	true	ACCEPTED	
480	eb00248f89592b6be27bb9f84f6cc744f91a32b79f04cfd3c0fff321ef891a43	73ab6f8875903b41a49e6fd439beaa9ad8034da19b01e0796020049165f4874c	5aef68e8b51de62dba181fbb6e0a335dc6713a8700611b914daa7112a2cbd261	true	ACCEPTED	
481	85f338f1884d8e514ba7a484817e860c4f5bf9f2e651639e14d5a08b4315144b	f1dccd9996e2391aeb0ecbfa45f0542896c5ea7ba7424d48d95645a4ec932b82	d6606351ea94d3a179df94ca5c052f45ba20dee860f65c85bc2aad3a78d15e28	true	ACCEPTED	
482	1f918718ffe6484af46dac64153794b082a9b04ec69f7fbb137b22b97575dd6a	c437b222bd5484072690d79e0fa12a6bf7823d289088edab006419b59511bc36	f20fdac6585e3ba2c7cb6851620fa3013423650657e9a85b6f3ff6b150640d15	true	ACCEPTED	
483	9f5059132f68b8694622773d5113dd09c65b464f891005e43e8a33fb78740d51	578ef9fb8e4a6dbb4a13c4d2397c53c4f29288ed984640738c5d22a21071c2bf	92060ed5cbf1d8bc5f3933e6584c371b966af19f3fbe603615639c5bfc85cffc	true	ACCEPTED	
484	9f5059132f68b8694622773d5113dd09c65b464f891005e43e8a33fb78740d51	454cc436c4b714d9bf89452887af4435cfed540b6e702e59cc5f6e55d792fd06	3e60648bf0c64f4ff2d2f86b589c50b3f31b158be1adcb31a50b3f3839637448	false	ACCEPTED	query representation changed or parser warning
485	9f5059132f68b8694622773d5113dd09c65b464f891005e43e8a33fb78740d51	a34fa7137f956b524d3139deb210c213a9723788126e0458e0d8310e85ce3af4	1e624dc608cc22cc274fd3b95b714007f25b0864567f6e95210dd1fe57854982	true	ACCEPTED	
486	9f5059132f68b8694622773d5113dd09c65b464f891005e43e8a33fb78740d51	94892cf714bc3b07a31bd500403712ff89a762881b52ba9fb7b7aa62f00c3c95	cc0bad4f248e2ccef90f5d44689e1aced133da1eaecc957d8bda2a9acf9f21ed	false	ACCEPTED	query representation changed or parser warning
487	9f5059132f68b8694622773d5113dd09c65b464f891005e43e8a33fb78740d51	fe1452464fae8b7362f7e6cee70aaae7429fa81a0f9c362eac924004b2fabac0	ea4491f5b33513b5e7239de593f37c58cff99916159763fc0db9849402ea33b2	true	ACCEPTED	
488	9f5059132f68b8694622773d5113dd09c65b464f891005e43e8a33fb78740d51	604bff9a7f026556a3b1a190971df0bcc11b2b1422195fef85705d4f9722e24b	a0727b101313de80aa84d12f0f90701de30859b4fa6ba274834c620363b24c10	false	ACCEPTED	query representation changed or parser warning
489	9f5059132f68b8694622773d5113dd09c65b464f891005e43e8a33fb78740d51	46d48fb5ef54a4c8bb0ccebafa1daf05928688ead8addaef9a5a796efb2fb222	07b1f18189dcbabd04b9e16ac750d08182f4916c6fce862f645ed09a0ce7ec97	true	ACCEPTED	
490	9f5059132f68b8694622773d5113dd09c65b464f891005e43e8a33fb78740d51	cc832a497c67c1964084733269cf21990e64c206653be99b4997c21d7828963e	d1d8444919efaa3b2248ebfb8064a1a4b445620e98f65dcd4f73493ee05efb32	false	ACCEPTED	query representation changed or parser warning
491	9f5059132f68b8694622773d5113dd09c65b464f891005e43e8a33fb78740d51	0e095267fd4ace6908085474c75db6b7bb1445201067b807e47f85999497506d	e22cb423e9530f0131e689664db0a494a0bf544cf378f02ffed0ee386ee9f07d	true	ACCEPTED	
492	9f5059132f68b8694622773d5113dd09c65b464f891005e43e8a33fb78740d51	a4ad871092d2c93b0e36994b6760a11f2b777ce37e1f984a232def827aad381c	368918e3ed1abf8c8583b070aa59a9b0a5e3c0ee51c37546e58cb3d2ab03d2ee	false	ACCEPTED	query representation changed or parser warning
493	9f5059132f68b8694622773d5113dd09c65b464f891005e43e8a33fb78740d51	da9af5e6f0a71371396ca4da63a52ad2fa3b7571fe2a94830200ce3f7fa6813e	e6316923809476568787884e75e6d692a42da5305c3ddf6de492f3593e7a481f	true	ACCEPTED	
494	9f5059132f68b8694622773d5113dd09c65b464f891005e43e8a33fb78740d51	494257919dd79e8da943fb37d61e4feba26d36fcbcccc4e4058a56eb5fe18e0b	4dae127469111b41fffa1c2f1f95348f786f7124b8c4cf48ebc0e796ac20b89e	false	ACCEPTED	query representation changed or parser warning
495	9f5059132f68b8694622773d5113dd09c65b464f891005e43e8a33fb78740d51	2c2cfd4cd81e12c1b2e842c9b18b75cf04c769cd9328ed1d9be99777bec04116	0065450cff2e7ed0e52003128060e39cdd9dbd5977064f227fefd8301ca88f29	true	ACCEPTED	
496	9f5059132f68b8694622773d5113dd09c65b464f891005e43e8a33fb78740d51	428759ca138c12b8b3edfa99506daebbfb01be9be4d234036254545b532a2cbc	14c84fd978b86e858e64bcc5493847a2c82141cfa908b1bf70911e17534dc1ca	false	ACCEPTED	query representation changed or parser warning
497	9f5059132f68b8694622773d5113dd09c65b464f891005e43e8a33fb78740d51	4fc1fa520e3d182fb59645c4be0f311c1129c3286fe4bd5abd6e3a396e475095	3701a2e020069d8ec8bd0d46168ad76ed572b83ac32b2ccc9ab49d8e58fdaa6b	true	ACCEPTED	
498	9f5059132f68b8694622773d5113dd09c65b464f891005e43e8a33fb78740d51	d3fc3eacffec46494e2c3591df188cd0ecbd2b6a7c0ca44b06c67e44a6493ee6	384ba552bb3e79872357b0ece4338b1c868e1a54c3746c4bacfc7a37cd01ce74	false	ACCEPTED	query representation changed or parser warning
499	2702159d0ef216015920db76f8b62cd798d45e0d1fccc86aa92e8dc49249340e	d12fcacd6d0129a212fcb0b54b1929e470f0584a6582bda967bbd30da1ff2b70	a6ca40a29088aa04060263bbb799ff295af3af0a73e1f36cff7a1ac939691312	true	ACCEPTED	
500	928a547e40a57a2cf1d6761fb2a477236a32ab73fe31007bd123f2a4ec031f90	c53e1336d8b2545434ca64d25c4cf1aede9f38667e096c0b6c625ce8e9650dfe	bd7af2373d7e174cf4a3d513518546ed0847c8399009366edcde5e4a0008ccef	true	ACCEPTED	
501	157f54bc6f97c984358077f6f90567ed34a7c06a2a7f8377a8df139664b466ae	7be169e764c94fd095bf8646236f493b846a8b07ab493acaebdc81d42e3f45e4	ccd6e3b70febe55a93c7183a4aac861a69d55542b8217ed5f4ad663ab95ebc86	false	ACCEPTED	query representation changed or parser warning
502	157f54bc6f97c984358077f6f90567ed34a7c06a2a7f8377a8df139664b466ae	87304e6b8e98740398962a31f81aea1df8f4b4547eaad9ab2f3fdd02df8947f8	10aaafe14e0cae9a995c84e155a25a4185981428902b8565fa57e81b86c748b8	false	ACCEPTED	query representation changed or parser warning
503	157f54bc6f97c984358077f6f90567ed34a7c06a2a7f8377a8df139664b466ae	c273ec92b1ba5f3699459045a10feff92b525ce842b5db6e25e2881a813f64d2	fcda99b154e5829ba3aafea365874c1a611241fcf2d29e6da98159757a1bd3bb	false	ACCEPTED	query representation changed or parser warning
504	157f54bc6f97c984358077f6f90567ed34a7c06a2a7f8377a8df139664b466ae	a741c3a536376b0f8da66d64b154b212f82c59a5ce7d9fb61fce277603b11297	3734066715335e24667438df4cde4ceca852586c54b4fc9ea6624132ff8728f5	false	ACCEPTED	query representation changed or parser warning
505	157f54bc6f97c984358077f6f90567ed34a7c06a2a7f8377a8df139664b466ae	4dc400fb7cd08107fee439835321f6f599316927011c34c578494c02f2a52128	33efa93c9b73a0bb9faf2026198709b885c5242b15c01cac9a836a56ebe2fb52	false	ACCEPTED	query representation changed or parser warning
506	157f54bc6f97c984358077f6f90567ed34a7c06a2a7f8377a8df139664b466ae	d86aa70a73aa9fe9e2415704606f8b6fa86ca29f17ad830caa8a5ff2016984ae	e2295bea4848683a182575a9c549c4fafa207a486bd381ad62fd6f969b3d9b4f	false	ACCEPTED	query representation changed or parser warning
507	157f54bc6f97c984358077f6f90567ed34a7c06a2a7f8377a8df139664b466ae	c7b3b1aef1d3ee6a9ff6226bcbb2a56dfa17ada21dc576573b5f73cda42970cf	e69d3f4873eb15f260674fc57f496e13ae96ee0a1bcae60bb8931f05f1fdf79d	false	ACCEPTED	query representation changed or parser warning
508	157f54bc6f97c984358077f6f90567ed34a7c06a2a7f8377a8df139664b466ae	b7091c3a30054312917ce2b2ad0bc34c7fb8afed5c0e891a06681a41cc4017ed	1771517a01b0cf0946d855df7ae2daed255e5e828e9805b5d2a9e226d7ca483b	false	ACCEPTED	query representation changed or parser warning
509	157f54bc6f97c984358077f6f90567ed34a7c06a2a7f8377a8df139664b466ae	cfe2b8a8c048507cc90be085e0498a40d8167d3dbc592f706a00848bd07643fc	32891a66fae5fb59eb75cbe1fb8facc8896513df4172359bf0028cf2ff82b295	false	ACCEPTED	query representation changed or parser warning
510	157f54bc6f97c984358077f6f90567ed34a7c06a2a7f8377a8df139664b466ae	c73322298068aefc40b190b5038b1e84ab8ad2084d5de9e3a62af00e1e8b1e9d	bc247d73b7458c7316c2e2d8a6033eb21f3eaba6b807f73dd130d506d5e2cd6b	false	ACCEPTED	query representation changed or parser warning
511	157f54bc6f97c984358077f6f90567ed34a7c06a2a7f8377a8df139664b466ae	bb294d4a02e678552af7b5289a9c1f1bad72a8c502a1731f55481b112e014f80	f071efc041bf068e1f21924098ef841ceca7e737630757a91d51c20782759fc1	false	ACCEPTED	query representation changed or parser warning
512	157f54bc6f97c984358077f6f90567ed34a7c06a2a7f8377a8df139664b466ae	baebd9395efd6a8459c7504ea067d9966515ad98d3bfa3f551a378b8dbd12ab4	9b76f5ce042af3564d1548763f47c59b412fd9bca98574cf5f8ac07b81cd6959	false	ACCEPTED	query representation changed or parser warning
513	f016b8a38f44d6f9fbb00dc56e10dd6dd2b332da58dfd099dbd892a190153a2a	ce51f7710f91f9102cc4ca722f4243928d26083bcb34fdd65497f20d1009ba89	bc8edbb06da488eb51040f5de2e05e5c47da023bb1a0d124d7b5a848a88a4d11	true	ACCEPTED	
514	f016b8a38f44d6f9fbb00dc56e10dd6dd2b332da58dfd099dbd892a190153a2a	b20bad282f0ddc031666731ac01bd54246fdf8e29e72efc0298403049b20869b	900a7d29a360fd76e2d2e0d60cadf01c5c4f35bf12b95e30ce69c2978e3671df	true	ACCEPTED	
515	7e0cf57bf5af2ee790213fe95e3f3df8b26f7767b5437d1a99d073447ed56d4a	5edf0eb80008cb123a0a82512ba5bce033e2cb2c9a32080dd6a45de3c577c941	8377f7170a206c3c30556af1e3fe1d5e6b0261d3bd0fbbc9928d28d853c375de	false	ACCEPTED	query representation changed or parser warning
516	8e65383f1a6aa64e84d76cf28c0a95d1925a12c92324e6571e6448a125a34201	bc335bae8c052dd7f5d2c0d166b48083ddf7f420c1a47cbf14a47f487c486b43	e338b98e0a2fa68045070cf8a920341cd5c2bd717b4dbe3f972b088832036373	false	ACCEPTED	query representation changed or parser warning
517	f9d2b5a42ba84381014986a8704ece7289376833d51100f20f167ebd75e46386	23b66eebf43c1fec2ffb62d27585d093cd3bd98727a743672da908f2c2f0e910	86fbacc30ac4b777220889ffcbbbe97b2669bb726347b822323a6c96dec99707	false	ACCEPTED	query representation changed or parser warning
518	6cdb846eff7e6f1ca249fe39303619659cd2b679993eec20056fe8ffb5bf0873	34f317e908d3d92a1198b0312ba4d56da8ff4b40cb4c2139c054067dcc4dc170	66512e2b063575e1fce7aed4b579e63d961c1072f39638dd2540248c7c18ecfc	true	ACCEPTED	
519	b8075035815fa5210c8abd26a111919385756374ece838c777a0d6f2e8bd6000	5f23599aa3a66125972b932429c244480332b5d1bd192d3e2b0c0d340125ab84	ff76f53eb0cc52cc73aaf8d1b86a901be7dafe1763edd4562414a5f0a8e8823b	false	ACCEPTED	query representation changed or parser warning
520	b684be6bb1affea582e456df80993ba9dc666dcc4023542ed7d11567813ceb8b	b238b3cd07fd5c0374f85e2ecb5006638e22b0699f637a3af33ffc5e7a6bd14c	c6655086b7e34f5b8087e82ca1bb8712d28fe2b337f9cadfea1d5b117473ca56	true	ACCEPTED	
521	9a001f9ebfa8b0014450acbde5d65d7aa661c805484b455a903971b23182bba1	111e05e7f61083cf0ea2ed3e3c4be875a052aa926d2203c8098739ae3675806c	9b5c5870fa44416dcf72645aabfa619cb85e53a39035746c67f6d6e440dbb63a	false	ACCEPTED	query representation changed or parser warning
522	ca884bce4596166b11e80b83c350e13dd2175ac9b054aa1637d0859431013944	833ab1d625f7630c9ab989fabd0a601a43d7fe990859cf23853a0536a44a84d8	c97ba3481e671402f3a53d5b23f031a909e2dc76fa1a19edb0eb172b4245c734	true	ACCEPTED	
523	78fdf4d2eefa80e89f25b6c48db752d42e4c251d7362460fcac2522ece4ebd13	bbdd8fc63752dc0a5aa585a534b8f1965c1adc60c409480c9895403d28eab424	bed5589713bb639c54a4c100b5cdb5c8718ccf97b6c0b20f346a1897f94216c2	true	ACCEPTED	
524	a1c3a2338741a5e2045f70b27e108291d9ad557df0d2eed0245c7f861ef89b66	2827edf17114ab46f84a46b828d5d076f5bf22c4114e18a20f439f4bb3667dab	ce8e4d4e32f976a6c52a28d0e4140396ccabfef762b83ac181b36d8863f28b2f	true	ACCEPTED	
525	d5168acce9748642ff38b6e963a53be57e5a3e4c82d1941f3e5032042cb39e5f	43f98acc55721eaf937899cef910858bc3f95581617a34e74a2ff6d8cd99d7dc	a24887409c5b6b8037b514c40502aa23b76b9a907e39560b2bfcd957f8c8bb4d	true	ACCEPTED	
526	8430ba62e68b52cde6e4b8f2404cc552845f6c261e2304b38457af5f77b9fdb7	2dc62afdde4f99e6d0c506958a058a735dc3d68d1a26e3193b5ec82d76d60e98	6079a9c9f189889f1a7e0077fbf0580475dd68771d123ee9086a9a46e01116e6	false	CHECKED_REJECTION	query roundtrip rejected: Exception; MolecularBackendException
527	8430ba62e68b52cde6e4b8f2404cc552845f6c261e2304b38457af5f77b9fdb7	bf614264d3f18cc40b82137e2289f3531e53fcc4dec575fd087dbbc04ae2b6aa	f6c410259203ea6a92e8f8be59e1c9d1e97c6ac958aac1d78b627224e44824e8	false	CHECKED_REJECTION	query roundtrip rejected: Exception; MolecularBackendException
528	8602b344cefa46fc903565c539c3529a149c1b87c92cdf9a39377ee6a06ea63a	0023d1e03b809e56f13070083157b9b9cb945f324f489d2781ef403c9a91bdb1	256c6cd03664e179d5e18b7bb44cf7307e5e07ab3a683d666c79bb3c39571564	true	ACCEPTED	
529	8602b344cefa46fc903565c539c3529a149c1b87c92cdf9a39377ee6a06ea63a	d500f1a75fb72ee64d50c8818fca535ead3e2aba194ecb9b94c8e0587d7bdce4	1766b48d29017128de14ad08ab3df712b96dce975ba2e55a291a8fe4dbb09dcd	true	ACCEPTED	
530	17db6641e235329b7c08f81b93b8b0e6995fa00fc82d370a02f103f60b2c96ce	746ef9e12b3752eee7eedbe8e1605de60317efb2e096df61b23bec480fce2378	1689200c3c793728570adc5f87040dd0555c7eabd13d50429ceb7b5d94f7ab8b	false	CHECKED_REJECTION	query roundtrip rejected: Exception; MolecularBackendException
531	54b9c13552334c8a0132f506d16562a11712b9a8638dd32fa1eab69b7a2538d3	2a04432fe32fa591b38267127466367cab9a5c34cacc3b1f99176bbcd8f09931	528d4f90ede43e3ef3becc3fea208606616394db120d7621d6b287f000c57bc3	true	ACCEPTED	
532	e83038897bbb9edb2bbce1a642ada215ee78c11a8e1ee2eb2c149fe6f208a3c6	15b99390b4fa50127b38ee85371e53ad71d39092f309d1a3e32812dc37faaac8	296a8dd93060b5e09554cc6e412e1df79ec36e090aa99f342b0517c9d466a276	false	ACCEPTED	query representation changed or parser warning
533	922f5cea6528afce8d0bf16b3bb98bdc983df786c8aa8997a83b972786e2beb2	6678bee51e9f7a116d612f0476fedff28fc9eed2d9f85b9148c5623ae9bf53bc	a58e56eb4c126366480305206110d853102a5196c513949a88a36777b6da8b83	false	ACCEPTED	query representation changed or parser warning
534	b0ed63ca0996196bd962112a09cdf5354f2572705f261e51b2788cef4e5a92ba	f687033f02b5cb096e607fe99a9566ab91561e456c5ceb2afeab4c085febdced	acbc99f702c6334cea7a9b4ed7caa54a6755ee4702514f008d9ce381c5df65c6	true	ACCEPTED	
535	aad13137cb75ac5504e5fe00f176e975da4c5a3ca6351e9a2c5076f7808a1b3b	19a309b0f5b88f447ef7b206e2dcf8c50cd8ac951910caf2922540612b6e3d2d	2735d4b01a733a3946b28f7de04ee917a9279e81c6c911abbdac517ab9a7c8d5	true	ACCEPTED	
536	4ff554aeecf987f3c0b3f595c65ca418491ddf845f81cd57e58b58974ae3ad7d	b2491821a7a1eac20f8b8efe0be4b5bf65e9a9b7947ba06c3b4eedeb30dfc4fe	c3248df1545e58304269f4566e93f9a20d735a1d61c80f10baa18f98f9faf3cb	true	ACCEPTED	
537	beaaca8b6fd3858f383b991fa427067c10512409d57ad920ed420e1668b46f47	56093992256cc279b2b6b0254a86c2d794b6ed271bbeae91922df8344adef5eb	f75b20e1a1f8d3f9e1e208ab3f58837b0bd7819fb184a2a78a71be65c855ae79	false	ACCEPTED	query representation changed or parser warning
538	beaaca8b6fd3858f383b991fa427067c10512409d57ad920ed420e1668b46f47	7436804da1cb7d6f32b393540d0fe8c45c0813343ef8ae3f4522223ce11bcfec	02cfaff61582a67b9a766a8c67924f1871b08640dda04e0233554f35894fb702	false	ACCEPTED	query representation changed or parser warning
539	beaaca8b6fd3858f383b991fa427067c10512409d57ad920ed420e1668b46f47	337e2872877ec3490164b8dcdd301845d973b8394fc4ac60c82b7dfc44d3fdbc	1c61c450d6a2fdbd78a2bca6233962ce043d0148988f2ab1f005fa6969520cab	false	ACCEPTED	query representation changed or parser warning
540	beaaca8b6fd3858f383b991fa427067c10512409d57ad920ed420e1668b46f47	40b492da8dd308f2d5a09ced65590d93829f0a1ee4b0a812719c216fdb175bdc	985c970650ffdb46eaa787c5b21645776bc2a9c53e7e02bfd81c56f2fd693945	false	ACCEPTED	query representation changed or parser warning
541	beaaca8b6fd3858f383b991fa427067c10512409d57ad920ed420e1668b46f47	420f7627c3264233d1ecb42584d0ef7048bc16e8fcbf7b3c5b09e7a1e1fcdf61	d873091247faddd20ad81c15a4372aa5e978ff6b70d32b77414c67efd72d0902	false	ACCEPTED	query representation changed or parser warning
542	beaaca8b6fd3858f383b991fa427067c10512409d57ad920ed420e1668b46f47	2136aa80f42042d9a3b274dbb2fb273ceaaa5e63b519bb73159fe5be801280e0	f58bef6a43c1d46aeb89414a59b0ed46761c235f8569cdc279d39e58cf4a69b3	false	ACCEPTED	query representation changed or parser warning
543	beaaca8b6fd3858f383b991fa427067c10512409d57ad920ed420e1668b46f47	0d305b6f065c83bd68378376673f659237b56919a32fb7bd6026dc24e482d8f6	e805170338c29c91dbac64afa4c4a802fd5510f2d80f905fdbbd9a446d605ac8	false	ACCEPTED	query representation changed or parser warning
544	beaaca8b6fd3858f383b991fa427067c10512409d57ad920ed420e1668b46f47	48df8f2144a08fc9c3437bcae7b1f56626834748c2b0153093213600e786989a	d83593798b390de61dd4cde531d3a330fed95aff9938a761bd6958a83e1b2904	false	ACCEPTED	query representation changed or parser warning
545	7d3bdd77542b27b43d918e903506ac47b3460a375726245f43d1a9e520c083f2	81803d4be587a2a431eee87fffc31fdeff025234d279b29dcf7e557d23d3d6fe	c5274fd6a5b72dd3eb1ac66aad0bf3a42b8d9af3e3cad672251013f59dde547d	true	ACCEPTED	
546	31431098ab590e537b4f3997ff6fd4185ee46bba63cd10571a4d0ceb059aafc7	edcb5877e10085d895edb7634e8558bead624b2a093ae4bdfd0ded7b4b09311a	f9aff883a11660c95015248d4dcb365b874744be4fcf521b5761b56e67ef371e	false	ACCEPTED	query representation changed or parser warning
547	6f26f8d368b7eff96b26aa3994beac88d62a241663c55f2ff555579be4630b46	f558fbb39894d4ecea8c73268f34d0ea1f106378abf094f15d1a61de4fba7f06	92f0933a8c2f8b12c5d413baebc07f03a74535abca1bd80aaba5c8069afd3670	false	ACCEPTED	query representation changed or parser warning
548	72658ab44aa76c897c73d49cbaa7401d92eefc6e045c87962fb8fc0880dc2400	dabe786dde7c6b252b0e912b1620eb284c6a2582b34b924e4403ca3c151f950d	6270a632bb7646ade1fd03183f206b96f4ed676738f803dbd63a3a3db89a066f	true	ACCEPTED	
549	cad67f88c0ac4e54a227a0258166905f2b9e6dfdfcaaca2bad502e3e5b82ef5b	27f18836e33efbb324bcafa9de16f60260474e7f494aecc4f744effb0ff47377	0a88a41e6178d290ca25db8d06429e434f78b183a97d5dcc8838cbc9d9ee4871	true	ACCEPTED	
550	172af55eae67e7355fa530b035d57803f6395c845a50d4f1a926bb928ddfdf91	73a327ce20514ca8471230a8b10ffec0f18a17a5ac065116c0b312ae71604717	edd67a9279907c1c325e2a54953ebcd3958b66cae10048e99a903075a2625f3f	true	ACCEPTED	
551	511164126eb5235885e7564fb42e9332b322db4748fe6f310a190fd835f74347	dea3f99cb55ab24ae27b425bcedcc465f8d12914fc0cfe8c913e48ddebbaab38	172144d9af3c53ea911c936580d8d70320ad3b93c3099fbc47faca390a45bd1d	true	ACCEPTED	
552	0b10dbe380dabb25213207b1602bb8e987b7930daa40c769e74c76a34f3b4ee5	51070b1be41258f25ffa9f3c7503ba08f293d9fd85cb361fd162665bfeda7b96	f79dfd8ab93cd231519a3034fb9bb3e1962cbd1196d4ad464ae9c47852e0b986	true	ACCEPTED	
553	89fbb65454d299461f3e95b6ae103205b5b859cc6e0f619b0d8f04c9067e7440	33e2c3ff70f42d5340322d84d50d504a827c5880fd181f615e72543f2cbab95d	45069dd7b2269a0e1403c2f2d4c695619c847d7f50293e369aa51ca300ca9e5f	false	ACCEPTED	query representation changed or parser warning
554	1752baa29c215d4b779392b1e9847ff05c8b524c5e16cfa03e6a3212b4cfc361	d6c3d528d221374ff3cc7b29dafd1a6b6d5228455800d31ec7da6bd8b2ab4cf8	0ffb79f06f732b35911f45fcf82aadcaf1a540b3157363326084b8ae43a05d68	true	ACCEPTED	
555	1752baa29c215d4b779392b1e9847ff05c8b524c5e16cfa03e6a3212b4cfc361	8658f53f76787aa336d5b395ef788e9a72a5cd2252b89f0a576867c9a66a4fd0	5acad0acda176145bd59375a022adce56ec5fbeb9977f7e849caf8f50aeed60b	true	ACCEPTED	
556	ef0b8d944d863d2acf45a4a01f10c797f736b95d71841249aa9bcc1d66918100	7d03038ea0522b9fb5cf44059cddb8e45174e761c28a158f754d37d8da3435e0	beb0e7bc228b09395f72bbd7dceb6799eb29e9ee2f4051a5ff98f46871dde021	false	ACCEPTED	query representation changed or parser warning
557	52f5d9d007b331ca1f3c89f20f13f92db1f421e55fc556841de6348ac5aa25ff	7f7bf79f3c068d56584eba3ec8cdbffe746f8ec39e91b61a3559047e31da3b4d	6c0799cbf2a2a8ae8a4ad86b7810d5ff698704a875ca8b6f2dc78fe12f3f1580	false	ACCEPTED	query representation changed or parser warning
558	79f9e3f1a5fe3f091a8fe263de971a7bca259d4e827275fb8760efaf4c8ecc5a	e2e7663a9667a7710b6b86fa71167e2341fe654c113c7e0fa7b3b4167e816643	3a414bbeb83ade246a65c47aaf8026bc765700231a99a920daf55374a48b46b9	true	ACCEPTED	
559	b0ad8c823d98162a0239b045ec6e0ada8e15b6487fda3f0235643233741f9dc0	bbba756d5a3402d6fe825585262fdadd6d02dc9cd097d14b1aeb84ebb59183ba	c3c3b66a843f20661512aac03f6a72aae9dbb13db34c00cc23dadf9b29e58272	true	ACCEPTED	
560	ec9d810fdbb81f6867907bbd5f13b19b8a6432783dfe522467519e5167252858	f95d4d3ccf200052a8e08045cee9ef7353c8a3b3d568c723cf1974eda3acb3d6	ecfc59ce2003e28a4331bc2d11544377f984fb967138eaf387e7bda402a7aa42	true	ACCEPTED	
561	30c38aa059f2f396a618533247a69b308182b88daf62d903d4965ea36e538464	7a34b6a6ba2e8e6bfd7c5a8e0ba76cd59b777645a95f9e11e1bf450bdb6f780f	a98facf51e3b57ea6f74f55b60bcc8e5468ef8f00bca42a3555903450a6b07d9	false	ACCEPTED	query representation changed or parser warning
562	2bfafa6414e76d95cfc43d289753fc30e0d71c6908a09e6c2103c0b8ae6cc249	c3d214fb329eb1d1cd3908bbd4384b1762bd90c3157ecc26aae09de663bd6fce	99f40fed5b3c3a1f61ea051126cd5f0aacb37fca645e83e62f63effd95908fc8	true	ACCEPTED	
563	d688af4486d8a34fb94c4b7867ada02270d3e53e11421cd9ecc0a737ee1984e9	401777f9392d25da89a44a379fed79ad960379443d23c91e7be0bdefeebd551e	069e36c2dd347d8c267e83ace06ccc651cf1e00d4ecaedd3a026cb974cc0cf41	true	ACCEPTED	
564	382776cfd8a6d7682fd628d564dbb9ef899fcc879d0e2bca7e3efcb6071d2f3f	135b712f77289356e6f30b02c081733768bf5948f3df02585403b3cf1e90f559	396c5f3923762640a26bb58f6e9cea48897e07e0fd513da7e31444356a6cd12d	true	ACCEPTED	
565	382776cfd8a6d7682fd628d564dbb9ef899fcc879d0e2bca7e3efcb6071d2f3f	8ead68bfc98f008573ef4efcc2d819f38c2102072c368836c64e24898d69211b	d1ecaa3bd80f409da4bd7fb5a27e1a97c49a7dbb7cc352becbadee8c5fc6cc2f	true	ACCEPTED	
566	382776cfd8a6d7682fd628d564dbb9ef899fcc879d0e2bca7e3efcb6071d2f3f	072dcc08336bbde8136d08dbc1ab112bc55afb7c94d1cb99a49b0c4a3b009d21	77e53f2c08cc6f4e84c095b9083030ade9f3b98a2d0271a225c062014134c6e8	false	ACCEPTED	query representation changed or parser warning
567	382776cfd8a6d7682fd628d564dbb9ef899fcc879d0e2bca7e3efcb6071d2f3f	63f19a8c704abd5c76c77e95e0d429f1c33a4ee456aec11525adc4fb35ce9380	5354e978646a56ba3e5b1a5d384f5061290dc9e1fba688ac1693c555a193092d	true	ACCEPTED	
568	382776cfd8a6d7682fd628d564dbb9ef899fcc879d0e2bca7e3efcb6071d2f3f	021a076ddbd88cc1b842c819a153303ce4a058d1a35e0ad2b3ed995186439d6d	5cfb96234f947a39fa9fe59a109fa780a19f90015aae449339dc5cd364a90b8f	false	ACCEPTED	query representation changed or parser warning
569	382776cfd8a6d7682fd628d564dbb9ef899fcc879d0e2bca7e3efcb6071d2f3f	d4f561b1e023fe5153e68bff4a37cde43cdd1b1439b0702e30d386dcfa4c069a	2d97f694284cb996022aa7296495ea22e7d0cf2ab2b1b692e014af2747699095	true	ACCEPTED	
570	382776cfd8a6d7682fd628d564dbb9ef899fcc879d0e2bca7e3efcb6071d2f3f	03dab4fdcc7faac880bd438072b17ff7e74fc6c89228c2874ab288f16211d59b	8e8398fda0014a63f64f5671e239204d85ec2fae11c15a72a9c3b7efb952ed0f	true	ACCEPTED	
571	382776cfd8a6d7682fd628d564dbb9ef899fcc879d0e2bca7e3efcb6071d2f3f	16dfdbe813d2f23a73c640f563da50e79999460f77ba3d5dec17ae4918fc0ee4	55d1dfb1b5d04713a50de6f59e2b1c4247eed2e8aa89747dea4f1b5422c34768	false	ACCEPTED	query representation changed or parser warning
572	382776cfd8a6d7682fd628d564dbb9ef899fcc879d0e2bca7e3efcb6071d2f3f	661c6b3d93fc28b6fec51f80809c9afdd7ca8993735d5573ccb78eb4424ea280	b13fa9719a9c887f8cb7342382f35c504760a70f00f2df5c7a72eeaf06a7542f	true	ACCEPTED	
573	382776cfd8a6d7682fd628d564dbb9ef899fcc879d0e2bca7e3efcb6071d2f3f	bf9d5408daa6b9a14d59a79e50dab8e4e090b0777cab3d6e82205c2363fa48f4	29a6840cb6ae65fbd453134c3c1a043745d44642d0ce6971825ef0453582940d	false	ACCEPTED	query representation changed or parser warning
574	382776cfd8a6d7682fd628d564dbb9ef899fcc879d0e2bca7e3efcb6071d2f3f	3892ab24cc078f878d26d9b15a21318af3968d1c8bf8106819270e4dea601278	a2308f19559e981ecb0da5896bc1ac1d39024946d7de0953b8cce10702cf3d15	false	ACCEPTED	query representation changed or parser warning
575	382776cfd8a6d7682fd628d564dbb9ef899fcc879d0e2bca7e3efcb6071d2f3f	5270f8892a29f43e18ec603409b724c56a6cc8086a8f52863d0cd7850831d5c5	a111cddc16a93c29bc052e9b94e54d5dafbef4822497d15d35752c24018df63c	false	ACCEPTED	query representation changed or parser warning
576	382776cfd8a6d7682fd628d564dbb9ef899fcc879d0e2bca7e3efcb6071d2f3f	b4067c2aaef1473b917f7958ecf444ff42d2a91b3f9704727624d843c19b09ce	6b3490af4722818ca8a7e32e64c3435aa5d697a918eb1584f5d6d1732deef33c	false	ACCEPTED	query representation changed or parser warning
577	382776cfd8a6d7682fd628d564dbb9ef899fcc879d0e2bca7e3efcb6071d2f3f	066f58eaefdf6593ac669c0f6aa0fe136870d8c40c793aa27dc297679ba5c47a	47795fa875795ea755734f682b14d1c6c1f2a81db7b85d6fd049ce52961ddb7c	false	ACCEPTED	query representation changed or parser warning
578	382776cfd8a6d7682fd628d564dbb9ef899fcc879d0e2bca7e3efcb6071d2f3f	06c3c8b054ed923de8433aeeed005e9211d04a992f4e74c097b38801107179c9	68ce0d92c08fd4ff4ff1f0caef4a27df9a3ac93f496979d18558385926b7a644	false	ACCEPTED	query representation changed or parser warning
579	382776cfd8a6d7682fd628d564dbb9ef899fcc879d0e2bca7e3efcb6071d2f3f	8c1a34618bb709dd7ca4698735abf6cd1b90ccb27931346649e5f622544436af	915fdb8b78128a5a0ed3471c4ce5860e3c04eaccb6d6ed794e84e740f6e98676	true	ACCEPTED	
580	382776cfd8a6d7682fd628d564dbb9ef899fcc879d0e2bca7e3efcb6071d2f3f	1d8945528f0f6be15f2d421036cf73df69595c6e7aa5210a228595bcd61b1ae6	150079788b4f49770cea4657328de4f2c8c176470d5dd78be1b375276ffe9208	true	ACCEPTED	
581	382776cfd8a6d7682fd628d564dbb9ef899fcc879d0e2bca7e3efcb6071d2f3f	d31f92a4b444c9b9b226cc4ffcb5b7108637164f899d8a97aa64ee10fd487cfd	b559c50c001e2362f356be9fa2230ec676967bf27d0eff52abb2f1378e433276	false	ACCEPTED	query representation changed or parser warning
582	382776cfd8a6d7682fd628d564dbb9ef899fcc879d0e2bca7e3efcb6071d2f3f	dc67a462980fe4cd391b45fb6b335f42b6ea59ce47a4bcf270678adbed143e38	cd93a23597a1af11d5dc80db75031e9c1d0516ab2be9d3955249a32c3a9d6b4c	true	ACCEPTED	
583	382776cfd8a6d7682fd628d564dbb9ef899fcc879d0e2bca7e3efcb6071d2f3f	eb99d12e5825126a7f86eeba01ae68c3ce15755cf29a3ed08399cf04c0a81c77	4b82d445093368d62ec0c1b5f8bd82806274a50c33d4b1859a77f71f3e249e53	false	ACCEPTED	query representation changed or parser warning
584	382776cfd8a6d7682fd628d564dbb9ef899fcc879d0e2bca7e3efcb6071d2f3f	460b6f0b11e5a8d13cf10336d0c514cde2c29f8505dec408f16d037ebcb67c27	17a641b398eb557cbbecd2995c2800c9911402a75db0ea4ba0a4c68acf8bed8c	false	ACCEPTED	query representation changed or parser warning
585	382776cfd8a6d7682fd628d564dbb9ef899fcc879d0e2bca7e3efcb6071d2f3f	635b44bad1fa0764a22da430b064ac95e9fc8bbfa079d626cb4a2d1015cd9580	1d40e71840d8cda3b2baf6b56384d5b679835a14797aed3cfe421655e3d3e649	false	ACCEPTED	query representation changed or parser warning
586	382776cfd8a6d7682fd628d564dbb9ef899fcc879d0e2bca7e3efcb6071d2f3f	c77f63d195193b5f18cea214eba77154a86ec38c287f149d4719ce5bfbc164df	ae271bf91673cb1b0dc27b15f3238c2a823877a1fec3166c9ede8744c77ee63a	false	ACCEPTED	query representation changed or parser warning
587	382776cfd8a6d7682fd628d564dbb9ef899fcc879d0e2bca7e3efcb6071d2f3f	ac782165a867ae635eb985fbc7370fca42c8cc010eea9494a1e57e090b888346	7ab6a573da18cf790e639da70d4ec0a54513897197dad1d0555f7cfc15299623	false	ACCEPTED	query representation changed or parser warning
588	382776cfd8a6d7682fd628d564dbb9ef899fcc879d0e2bca7e3efcb6071d2f3f	4866ab42afcfe35c09682745ac0cb9521aee6abab4be2a37f1df47d1dcea029c	81d16c393979d5fe224bad157ada254ae35471dc747c18ccacceb05e4aab89e4	false	ACCEPTED	query representation changed or parser warning
589	382776cfd8a6d7682fd628d564dbb9ef899fcc879d0e2bca7e3efcb6071d2f3f	2089d80b6007a8842f51d5b31970b614d205f6e980663a20133ba066595ef7e2	cb3cb9b3ce98945b2c7d26e0412ceb1c0dffe86340f35ae276f6c0186fda302f	true	ACCEPTED	
590	382776cfd8a6d7682fd628d564dbb9ef899fcc879d0e2bca7e3efcb6071d2f3f	adf7fdee220330647ab577597ac39191c596cdac2a169a77fc51a5c1dd737ea5	389aa5608f2223c041239ca93e5f4bfb210e48d63f4fa1fd4d0753779c4ca7d2	true	ACCEPTED	
591	382776cfd8a6d7682fd628d564dbb9ef899fcc879d0e2bca7e3efcb6071d2f3f	228a024f201fb826ecf70333615d225ddc546f38228af41b447f283bd8697573	f5c3ff1f8229e4f70cfa03260165abc9e12fa724fa6183e363015e490161d632	false	ACCEPTED	query representation changed or parser warning
592	382776cfd8a6d7682fd628d564dbb9ef899fcc879d0e2bca7e3efcb6071d2f3f	b3c6100a915de766dd72aa8eb3cc08f03760c4171955e07be89b58aeb9d54739	d72c3363b4760fa0ba0e5f14cfb4750cf745bb6c3b73b2134cda56fb87343244	true	ACCEPTED	
593	382776cfd8a6d7682fd628d564dbb9ef899fcc879d0e2bca7e3efcb6071d2f3f	1a3f0d21b35fc4ac11fa59d89dc33b282445c84901e4a18a998a6e7fff4c25a0	72b1cae5a06c9cd8851676547b8981bc202b6731785eed86cc06400d31c7fb8d	false	ACCEPTED	query representation changed or parser warning
594	382776cfd8a6d7682fd628d564dbb9ef899fcc879d0e2bca7e3efcb6071d2f3f	e1db0c7b238b3c9d74db16a94e82a0117718dbed3527fd29a8efc897d48a1407	db5fbf1dda629e43b6d305e2ad4510cf8a387e67058c85aa7b94117e5d1d1c96	true	ACCEPTED	
595	382776cfd8a6d7682fd628d564dbb9ef899fcc879d0e2bca7e3efcb6071d2f3f	7b26bdfdb624a575b5231b451e4dd12bbc700f2740b47e7031dd90f6dfb18664	32e47e98f2ca229583eff272eb88b786193470e088450052e052a5f878a7ad54	true	ACCEPTED	
596	382776cfd8a6d7682fd628d564dbb9ef899fcc879d0e2bca7e3efcb6071d2f3f	4d93a60ac9d2b8552d68db0c6e42922530de8c4eb4d9d7c5b7cecb95b2c8f390	39ca8a2363a228968bed618ef62e7bc31b909fea15c4e791f263930dbc96e4ea	false	ACCEPTED	query representation changed or parser warning
597	382776cfd8a6d7682fd628d564dbb9ef899fcc879d0e2bca7e3efcb6071d2f3f	4786911bcdd0c5cd0f87566c2a1cda23afa6341679b4af820595704d2de0ebf8	56b25f3889dfd22d40c223cb79a78dae380a9fef6dd24a2e6c8778b532fbf30c	true	ACCEPTED	
598	382776cfd8a6d7682fd628d564dbb9ef899fcc879d0e2bca7e3efcb6071d2f3f	98b3de48de20a93e2b41b585ab1964841f05ad3ccf53ea64c1da7357310b0089	e05fcca66f6731c76cb9bd56c8dc032d89bab767c2720785e07432ae1566915a	false	ACCEPTED	query representation changed or parser warning
599	382776cfd8a6d7682fd628d564dbb9ef899fcc879d0e2bca7e3efcb6071d2f3f	4ee91f8a2951aabfc6eb6e9af9af8d06e854a30a75dc9cfed9718bcd81a9dd7b	f0845c92a7d70c6d4a44f54286e5a92e6b5e60c58aad8216a85f867f9b0e6d27	false	ACCEPTED	query representation changed or parser warning
600	382776cfd8a6d7682fd628d564dbb9ef899fcc879d0e2bca7e3efcb6071d2f3f	73a5b617e93ac0a9db9fab9ae955e86e365ec279e6abbd503bee8169a564dab4	bcb31efb2705d462c79915f885f2a47ca9a8b3db31e7f6906ed3dc982c4d59df	false	ACCEPTED	query representation changed or parser warning
601	382776cfd8a6d7682fd628d564dbb9ef899fcc879d0e2bca7e3efcb6071d2f3f	c12b566dbefd613e46b656c18621c4cc000ec32b4ae7f0f3aee58f9951752d61	ab677b8af2391a585f96189c4523948023035befc24c22586bccf9afa7c78ab0	false	ACCEPTED	query representation changed or parser warning
602	382776cfd8a6d7682fd628d564dbb9ef899fcc879d0e2bca7e3efcb6071d2f3f	e3fbdb5b04516f540e5b845c22653e8e3d445e250d476b9d1ac57c9e28c5d41c	c9a328e8861cf87a83e12334c4edc3518fb4493ba9eda807b84bfa21028da1ad	false	ACCEPTED	query representation changed or parser warning
603	382776cfd8a6d7682fd628d564dbb9ef899fcc879d0e2bca7e3efcb6071d2f3f	3906fae50f5257fa6c68075ebe750b3b674c8aa19f287e85c6d7b9fb9039569d	adaff63be1f49ada6dea0b848794e036a9aaaa6f6273f376f30fa4b274ecaf50	false	ACCEPTED	query representation changed or parser warning
604	382776cfd8a6d7682fd628d564dbb9ef899fcc879d0e2bca7e3efcb6071d2f3f	500022b754c86edcda85059dbc6034e2c356ba16e7eeebecc4c08ef5c3354266	da106f69b08c0eb7d1836e4d6d6138c1d020fb84d517413f7005c974953212e1	true	ACCEPTED	
605	382776cfd8a6d7682fd628d564dbb9ef899fcc879d0e2bca7e3efcb6071d2f3f	5030b685a246a4ad4be0711dd626fcca312ab965686620f8b75b39c5d58b4355	65741ba63c6929ac549e133f4c83af5df0675a599eecded42db7372249fe7ac9	true	ACCEPTED	
606	382776cfd8a6d7682fd628d564dbb9ef899fcc879d0e2bca7e3efcb6071d2f3f	751958ad9e65acda89d9b568f14d134e99482a9e1a88692b9c03841dba089598	044cdce3008b85b6c5fb260dc9dd0c396c96ad0219d88e0ed2583da288e64eb9	false	ACCEPTED	query representation changed or parser warning
607	382776cfd8a6d7682fd628d564dbb9ef899fcc879d0e2bca7e3efcb6071d2f3f	e52d4973638ba5f44d9e11d6412a87c185544356c05e9b1cc321bc8c9a532967	d1017fc24d5eca3c4d8e06a120293299ea10c41efe23c3a5628426b0b6043f8e	true	ACCEPTED	
608	382776cfd8a6d7682fd628d564dbb9ef899fcc879d0e2bca7e3efcb6071d2f3f	228e2a1909298b3c15bdaa23c73ea31823b1d8ceb6791910f663b350850f8b5e	355c44c2b2662d87913819d1c8f8c5d9c039f8849c578824ca9a73795f4370b2	false	ACCEPTED	query representation changed or parser warning
609	382776cfd8a6d7682fd628d564dbb9ef899fcc879d0e2bca7e3efcb6071d2f3f	6347e5b727c9f07f1a1f307fcc154584a6ba3ff5dc353af236a453a2e714a72d	71fa9ad2af305db0de4444cbc72f7f668f61c1e50bb474469406f548ca9b9195	false	ACCEPTED	query representation changed or parser warning
610	382776cfd8a6d7682fd628d564dbb9ef899fcc879d0e2bca7e3efcb6071d2f3f	ad93d63607e8ee81b226aec41cd18e37fdc566c8a9e593b40280e74c59a425d7	8b6c858ba4380c6f1b5d59e775554800eb976b99c03c4e32b6946eefef9ecac1	false	ACCEPTED	query representation changed or parser warning
611	382776cfd8a6d7682fd628d564dbb9ef899fcc879d0e2bca7e3efcb6071d2f3f	b79d99416bfc83e55830fddf8f5a09f29b33b4fc8fa0b0bb30b7ad72c7079a95	c85c74b474f13929af132cbd44b9f4c62b3210af2e498538919ea3de25bcbc32	false	ACCEPTED	query representation changed or parser warning
612	382776cfd8a6d7682fd628d564dbb9ef899fcc879d0e2bca7e3efcb6071d2f3f	56da5a17bc0d1ed99b8df6086fde8100baf7db9a4bbb0fabd4438158cbf2e3a2	c81e24630de8b1e4124d0654a699a86d93d4ccf9ed6d4bbe892e9c405c686840	false	ACCEPTED	query representation changed or parser warning
613	382776cfd8a6d7682fd628d564dbb9ef899fcc879d0e2bca7e3efcb6071d2f3f	ba52707e9835b5dc87aef5a6aa8716f36f4a5949a560ca0b20a2e0011cee3c9c	242c8fe4a89aebea1e8f6be244d08f1ac9887313b0a29e4f2a062db9740914a0	false	ACCEPTED	query representation changed or parser warning
614	382776cfd8a6d7682fd628d564dbb9ef899fcc879d0e2bca7e3efcb6071d2f3f	7bffdec83625c3b018f1d5840506ffbfb8268d1eae31197f1e52eadee34961c3	7281e778d231d9a04cdd826893d3a6c7040e9830a3630c7718b2fdb0020a56b1	false	ACCEPTED	query representation changed or parser warning
615	382776cfd8a6d7682fd628d564dbb9ef899fcc879d0e2bca7e3efcb6071d2f3f	a7fc865cd5de165522bc84fa4506c5d0c486200643073e8c1b300a34a97a336f	cdf0359ee317809c75eaebd16e7a154c37d933f2adab95cca0e3d6c2f85c671c	false	ACCEPTED	query representation changed or parser warning
616	382776cfd8a6d7682fd628d564dbb9ef899fcc879d0e2bca7e3efcb6071d2f3f	d09f9afcf877a12d90c8dd998f7686b79f3a2a3c0cabd97b3d52531a3c3d8021	6c403ecc596a5e0a6b6a7fcccbf1591d32ce823d229270a32144b8ea14a4a182	false	ACCEPTED	query representation changed or parser warning
617	382776cfd8a6d7682fd628d564dbb9ef899fcc879d0e2bca7e3efcb6071d2f3f	6e136d841f4a568404ed074fdeb55c1d62f7a3be55f41dd0107bb60e31281f04	3b891ddf64578bdaa52937217ecf1edee17abfce5837970a5bf9642656e90e0a	false	ACCEPTED	query representation changed or parser warning
618	382776cfd8a6d7682fd628d564dbb9ef899fcc879d0e2bca7e3efcb6071d2f3f	4d2ecddea88c8b5f736a3b1f85cc07a642364d0be0953e30fb2b8a3372bcbab2	7d022bd22f23f123e4e046e0f23e54a37033731a5fc5ba025a1f4d4c269339c2	false	ACCEPTED	query representation changed or parser warning
619	382776cfd8a6d7682fd628d564dbb9ef899fcc879d0e2bca7e3efcb6071d2f3f	35211f61ee5a4dccde03082ef3fc2759c456a86cf97962df527ae6483729ba70	7fdc07d4beeaaa721accac0ce572ff4096c87f560743ed5cc71e4bea52347b99	false	ACCEPTED	query representation changed or parser warning
620	382776cfd8a6d7682fd628d564dbb9ef899fcc879d0e2bca7e3efcb6071d2f3f	ea471ff13dbce3f72822628659aefb1b728f707f9210eb4dc18a753e7c058e7e	e0eb9bd49e2034adbbbc298ff920799c506a0f9d50e5b29b985d4081c3919456	false	ACCEPTED	query representation changed or parser warning
621	382776cfd8a6d7682fd628d564dbb9ef899fcc879d0e2bca7e3efcb6071d2f3f	7d528da9273cae715974224d696ec0285d7cda8836b3af2db967f3255820658b	cd0b7c04875dca236659658cafcb70a43c6dafcc5183c06ade8cb3f50a0a1074	false	ACCEPTED	query representation changed or parser warning
622	382776cfd8a6d7682fd628d564dbb9ef899fcc879d0e2bca7e3efcb6071d2f3f	a60f9d6957d5644ceff9c640dba2ae6c11ac91379885c91bde42fffbeb59dbec	059bed01d345d2afb3cc416e20acf061f74ab6560d4fc9f918be769bc784ce9b	false	ACCEPTED	query representation changed or parser warning
623	382776cfd8a6d7682fd628d564dbb9ef899fcc879d0e2bca7e3efcb6071d2f3f	b7f3450b6e84811a64f5f4a7e04ec021598fccc73ac1414f0e1a4f4349121f1a	4aeccb71f88b9a551197621196777c96d04361a6451ab09ae12f031687b11e97	false	ACCEPTED	query representation changed or parser warning
624	382776cfd8a6d7682fd628d564dbb9ef899fcc879d0e2bca7e3efcb6071d2f3f	13b5f15c659452c75d426ef24a60ad630b7cea7a03fbd66544cbe79bb55c3976	6562ee9906bff155d56f5a93a4231ce071f6f9dbbe3944da7771ed571a3c554b	false	ACCEPTED	query representation changed or parser warning
625	382776cfd8a6d7682fd628d564dbb9ef899fcc879d0e2bca7e3efcb6071d2f3f	e23f1eb446e2aeb71d34f942352a00a209ec6a1b4ba1a6c77421e09ba4cca8d0	fa645ebf377b4980179f693150d921ebc05d2967d3e19396cc4b450bb8608d65	false	ACCEPTED	query representation changed or parser warning
626	382776cfd8a6d7682fd628d564dbb9ef899fcc879d0e2bca7e3efcb6071d2f3f	fcf4d60011ccc3130c57439b2d8538ed3d34b9b2cb66c9fa89821feb3bc1a9eb	b9381aadf02995fe1af25fcb3c4e1e607ee94fcdee8a1c8a056fcc091612faa0	false	ACCEPTED	query representation changed or parser warning
627	382776cfd8a6d7682fd628d564dbb9ef899fcc879d0e2bca7e3efcb6071d2f3f	9c4559f12ca4c3c172e1122fab85fea9060d8cba3e227a8764f57d63c273652e	30764405ec8123106b2117c21cf3151feb9268301ecb786a5239d172728562a3	false	ACCEPTED	query representation changed or parser warning
628	382776cfd8a6d7682fd628d564dbb9ef899fcc879d0e2bca7e3efcb6071d2f3f	eeb3e2f95e2b237d83fc1ed3d0044fa82acd6bfd9ce331b4b17c152135d6b73f	9f1df8951539db8d863933910c5f419912be8d0a7ec58b3f90b60517293272db	false	ACCEPTED	query representation changed or parser warning
629	382776cfd8a6d7682fd628d564dbb9ef899fcc879d0e2bca7e3efcb6071d2f3f	c5e8aee236985e9e73e29a3b2b478488a090a0d2454c0af3246315d52f12feee	1ed2c03d2f75cbfe68cff4ae306cc4207b38eaf3b04ff90c91f52b48824d4f77	false	ACCEPTED	query representation changed or parser warning
630	382776cfd8a6d7682fd628d564dbb9ef899fcc879d0e2bca7e3efcb6071d2f3f	086a66b2175e71e487d80b5efcdaf19cdca9d3254dc6093d643976e50cec114d	749f56d9d30bc252948973b8d7a3d52c79add932ddf9a612ab4ddf99469b99da	false	ACCEPTED	query representation changed or parser warning
631	382776cfd8a6d7682fd628d564dbb9ef899fcc879d0e2bca7e3efcb6071d2f3f	3699cb6cdd059f316bc556d9c8054e9c1de9f53778837e87ee786fb89acd3e5a	f77809911562f6d77b1577e8ec2a28f533292f6384b6e35a6a34a2244c725e52	false	ACCEPTED	query representation changed or parser warning
632	382776cfd8a6d7682fd628d564dbb9ef899fcc879d0e2bca7e3efcb6071d2f3f	67940cdb2944b8f3b51ff09641ce5b88f7856780f52bf8d29184239c1a835ace	0a8db3b55d4342e953fed90533b2dfdd60aa0a778017c21a8beb1b8e0308150f	false	ACCEPTED	query representation changed or parser warning
633	382776cfd8a6d7682fd628d564dbb9ef899fcc879d0e2bca7e3efcb6071d2f3f	6f7cc94b45ddbf0d8578c5b5fb6982d8f06aca02d5738ccc986c67d289cb03bc	cbc6c5a3fee5c815e9efe68487444f04b84a5fc8077daa0fd3e51a78f4f9b422	false	ACCEPTED	query representation changed or parser warning
634	382776cfd8a6d7682fd628d564dbb9ef899fcc879d0e2bca7e3efcb6071d2f3f	a05d8677cd6b9e2995fa0c6f0620e1d7e8711a1f6bcde73e03cb954efa3447df	bb2de22a5e63356d7fa0bff8365aa9efc640007a32e030958f4e0973554d825e	false	ACCEPTED	query representation changed or parser warning
635	382776cfd8a6d7682fd628d564dbb9ef899fcc879d0e2bca7e3efcb6071d2f3f	1016446e824ab3ef80e13d8f8ba7dfff49d2b1689a69f6885d6a2db6539e5a87	ebefa101c91487c6cc124a5d098320041adb7dd1324ad061d0584183d2a73c02	false	ACCEPTED	query representation changed or parser warning
636	382776cfd8a6d7682fd628d564dbb9ef899fcc879d0e2bca7e3efcb6071d2f3f	9a7041312d39cdd57f4d758c15e64307069f090266e550e803fbf3d6aa443245	95cd76e31054f5027097f60587d8127bbebda938862e18fbe49be43acba9e7a3	false	ACCEPTED	query representation changed or parser warning
637	382776cfd8a6d7682fd628d564dbb9ef899fcc879d0e2bca7e3efcb6071d2f3f	c3253bb5ba7f09b9b1f0431453853528eea0bbe82cf722a34ca82b842a86e55f	606b19e5e5cb80b88ec99d83794cd75b20536cede9fb0a42b8bae770b5f89304	false	ACCEPTED	query representation changed or parser warning
638	382776cfd8a6d7682fd628d564dbb9ef899fcc879d0e2bca7e3efcb6071d2f3f	32d17df247564bada8a496882f728016d39f04f0010d5fe8175a4a2bfb431c23	353050e522324419575be0c437b27a6d490854ac2069ed4b1922d957f72adb87	false	ACCEPTED	query representation changed or parser warning
639	382776cfd8a6d7682fd628d564dbb9ef899fcc879d0e2bca7e3efcb6071d2f3f	ce21ae7cbf95f2c4df3e290e81e938dc0cd3d173e774d29ab0dacfa31aa0c18e	ae4a444866aa4be24a9e77e50252c6f8b73732eb7210389300de867fe41a0ad4	true	ACCEPTED	
640	382776cfd8a6d7682fd628d564dbb9ef899fcc879d0e2bca7e3efcb6071d2f3f	f7bff757eaeeda213846660d80753e5dcebfc47bf00c376914e56e1db304d6c9	a47af0120818cbb4c6d238c345595a8d7b3a44b69b29dfef0a8216b3528c1901	true	ACCEPTED	
641	382776cfd8a6d7682fd628d564dbb9ef899fcc879d0e2bca7e3efcb6071d2f3f	a2c1ac11ab2edba3cbca6a0f0ebb8043c21d12254fb7ca8d4ee52842009fa09b	1c75d548f9eb15e7c93f3b768628bb795382ea09acb4eb8a63fd829ab56fa4a6	false	ACCEPTED	query representation changed or parser warning
642	382776cfd8a6d7682fd628d564dbb9ef899fcc879d0e2bca7e3efcb6071d2f3f	9e817e76145e98a8cee7fdc225a51d25c0a3a762f6d5ba43a4d0a907ba757cf5	ce7560e83b68460f8efb3abcf260eea21939d7a90f33065f1497dd5c546be535	true	ACCEPTED	
643	382776cfd8a6d7682fd628d564dbb9ef899fcc879d0e2bca7e3efcb6071d2f3f	030e7d7ae8360e1c298c8486e109db3dcd5b27db67b96d303e64b250257b9c75	a498270ba34f9205ae02e6cb00778d364c4ab422fcd04581dc2017f065ee5118	false	ACCEPTED	query representation changed or parser warning
644	382776cfd8a6d7682fd628d564dbb9ef899fcc879d0e2bca7e3efcb6071d2f3f	a9ca9a475f6c7d4593e2fe66c6d445311fa3e6765653f1c0c14924b3332e9dd4	b7ff3293014a004996144ed2474dfe1b600cd36db9315c032c0eb374e7ba2893	true	ACCEPTED	
645	382776cfd8a6d7682fd628d564dbb9ef899fcc879d0e2bca7e3efcb6071d2f3f	beef08818e1a9c544567bdc8764a401682a1273834db73f470371d12eb912a97	cea1db4014973cbad97f931af0e8d8f4f595027dc3b5dc083b1eef753596cf53	true	ACCEPTED	
646	382776cfd8a6d7682fd628d564dbb9ef899fcc879d0e2bca7e3efcb6071d2f3f	822a750470de6566f379edb7c283f943dfeb347d84fb2c7058f3bedf1fd3c3a6	1f26360ae14aa2e86eeecb0e946744107421e0b78a562f1115bf47c5c3a1117d	false	ACCEPTED	query representation changed or parser warning
647	382776cfd8a6d7682fd628d564dbb9ef899fcc879d0e2bca7e3efcb6071d2f3f	af425ab9ac6bbf741c4596e11875810c2506b328dbec1befcf27b0ae5fa4aca7	bf3e96adad356eb46ad08f3c4f79bcd49af599f5d54a41caff1cf1b6aac9cf1d	true	ACCEPTED	
648	382776cfd8a6d7682fd628d564dbb9ef899fcc879d0e2bca7e3efcb6071d2f3f	8e56d2097407aa3017855bdaa1ace0e198f27142ff1a44a5cc9d2059a1bdf9dd	0d0123eb253b2c26a8f92a954bdea7405fdaee34421a577819323835e66e64c7	false	ACCEPTED	query representation changed or parser warning
649	382776cfd8a6d7682fd628d564dbb9ef899fcc879d0e2bca7e3efcb6071d2f3f	6cae001ed1c798755cb7738deb33a6c04fbccd02b1e5561364a38c3db40dfaa5	10932d2cd848031dc0199b21908f17d364cd7d4aaac31dc35a7471ebd790764b	false	ACCEPTED	query representation changed or parser warning
650	382776cfd8a6d7682fd628d564dbb9ef899fcc879d0e2bca7e3efcb6071d2f3f	d9d6e569dde2ecee97d0c48a253699e34b888b1211eb4eb67e0e8e41181edc89	2a91e755afcdce3fba59dacf659ff7b2dc4eb58af7182ffebae76c3678ddd5f8	false	ACCEPTED	query representation changed or parser warning
651	382776cfd8a6d7682fd628d564dbb9ef899fcc879d0e2bca7e3efcb6071d2f3f	f8fc5daf935e0e6a4a1d3a03d65cd884b18f23f9ab60055ed916b86ce19cf446	15eeb080044165ec7e6908826d33ef140a21c147bc218f18a67bb21309d015ed	false	ACCEPTED	query representation changed or parser warning
652	382776cfd8a6d7682fd628d564dbb9ef899fcc879d0e2bca7e3efcb6071d2f3f	ce3632581afb3018b7c8b2a4738c3df2e8f62c84fa1eec9adadc70ac7cab43bb	cf79693a73407ccc2bf0ba1eccc5373905c6e0b1320f5733603739c26ad60794	false	ACCEPTED	query representation changed or parser warning
653	382776cfd8a6d7682fd628d564dbb9ef899fcc879d0e2bca7e3efcb6071d2f3f	181e3204523ebad8ff4b4a9b6d08a9cfe1d2f0ffd53f9261c65142b1dbc40a83	aee84633816978872d43b00e08a9bac58aaa3cb60f54d3dea9d9dc85e7a74f20	false	ACCEPTED	query representation changed or parser warning
654	382776cfd8a6d7682fd628d564dbb9ef899fcc879d0e2bca7e3efcb6071d2f3f	2118274be2039f61da6e6a284b5a722df202c0403b64109fd5d4b764b1673576	39d5da681c0aa494f1751c67beac86b35ed60724fe93815c76d6b13f5f3bc5d3	true	ACCEPTED	
655	382776cfd8a6d7682fd628d564dbb9ef899fcc879d0e2bca7e3efcb6071d2f3f	77ae436b8c92c70b7759e23f9e85b451e4d04ad2d26ff419e1d9d60c3433616b	082d7cca60ade8ec14da70676edea790df06a38ff79752143545a3786f345dcd	true	ACCEPTED	
656	382776cfd8a6d7682fd628d564dbb9ef899fcc879d0e2bca7e3efcb6071d2f3f	289a9f7e56f696657a5be332cb409b1db77838f07fc478dd16be46a1191db6f0	d5d321b471ba426eba0a9cc4202a77c7a1c65568e1b52350ef16a07185108107	false	ACCEPTED	query representation changed or parser warning
657	382776cfd8a6d7682fd628d564dbb9ef899fcc879d0e2bca7e3efcb6071d2f3f	00bcb0d917d13a89aa45799c5c579d346202b93aef131a32e66f96c70d1280e1	12b364b381d60455a7c779eccabf2f566946c1a588d4dcb987bfb673bae8028f	true	ACCEPTED	
658	382776cfd8a6d7682fd628d564dbb9ef899fcc879d0e2bca7e3efcb6071d2f3f	b5ba24f2d2e07800802be56f73d4bc778e1b7381b760b028804675eed2f9142b	81814a48a4734db72c443e3609de251225fd59208674c2925b02dfaf2e10d038	false	ACCEPTED	query representation changed or parser warning
659	382776cfd8a6d7682fd628d564dbb9ef899fcc879d0e2bca7e3efcb6071d2f3f	bd047e5d50267ed3bf35e6e0626682a1a070f827f37a03366c0fd6924ba525b8	cd8c4830ae6c1177e71dc61ec40a006d8ef57a7cac4028c4b58a203fac600dbd	false	ACCEPTED	query representation changed or parser warning
660	382776cfd8a6d7682fd628d564dbb9ef899fcc879d0e2bca7e3efcb6071d2f3f	435ddb01535414ada1341b8b17f5a05f7f84008d8ba3034586a1d33070b2113b	4fb8f2ae32500993f6782c1cfef97854c4d306808583e17d5e6cc0b5ef44bd3e	false	ACCEPTED	query representation changed or parser warning
661	382776cfd8a6d7682fd628d564dbb9ef899fcc879d0e2bca7e3efcb6071d2f3f	96f32bf15c68f5fcb1f3935b660db1355e2fb407adc1ded406d6ca0d1f557e91	4a9d9de7e4a77a1b73b9af9b521cc29fb59d6cf5bfd827b82df8dd58520bb7af	false	ACCEPTED	query representation changed or parser warning
662	382776cfd8a6d7682fd628d564dbb9ef899fcc879d0e2bca7e3efcb6071d2f3f	c6f947a8cd6c94bed532ba7eee15ccaa7abdbddebf33f4d8a7e4aeffabd6c99f	2ac25753d89cfc778572e575cf0ca83b68f670f8ae2870b46af5ee1c531618e2	false	ACCEPTED	query representation changed or parser warning
663	382776cfd8a6d7682fd628d564dbb9ef899fcc879d0e2bca7e3efcb6071d2f3f	60616b2db1ca3d89fcb0d76cfa6a356791189c98db2aec38463f36df4526dd19	cd359cd9e0801566444182a5225614c6df1a2346d6c416f91a80f6021447deb3	false	ACCEPTED	query representation changed or parser warning
664	382776cfd8a6d7682fd628d564dbb9ef899fcc879d0e2bca7e3efcb6071d2f3f	b3a3ca1eff19ec040c30cd1e7f74cf4314ae664a3cc5e880575f41ffdd404e57	894d78df9050e8b658cc216f2aef9b0d03aa303267a443f9f61a4ca181e8e74c	false	ACCEPTED	query representation changed or parser warning
665	382776cfd8a6d7682fd628d564dbb9ef899fcc879d0e2bca7e3efcb6071d2f3f	8e031f6ddd7b9a6b32a49ac7c188da728f4f02aa326fc05621a0ab1077e360ec	cb3d7aa53df0b208de70dcc7be714880389eb40d2e6a184a83ba1fdcc46b882e	false	ACCEPTED	query representation changed or parser warning
666	382776cfd8a6d7682fd628d564dbb9ef899fcc879d0e2bca7e3efcb6071d2f3f	3dad1e61aab68c028a3a8d0fd89bab2e7f7c415884df5add132a62eb77d818b2	f9ca6803d41bde371757822a99f62d92f90b7b2128d7ecb0df678bdcbb6b36c9	false	ACCEPTED	query representation changed or parser warning
667	382776cfd8a6d7682fd628d564dbb9ef899fcc879d0e2bca7e3efcb6071d2f3f	7e39661d82e943597f2ed89c3de19a8854a00e7e6ed2c596873078b5a1f0329b	0609e50ef767bc54745e8f1d356b61ca66c50172414fcbdcfde903c51f2542f4	false	ACCEPTED	query representation changed or parser warning
668	382776cfd8a6d7682fd628d564dbb9ef899fcc879d0e2bca7e3efcb6071d2f3f	5687a1dc67a25fd7bf691df9a76a3fb618c62cee7895a89e38ac501886eae4ee	ce5d147654596cd991da9e9eb71b6594f2de15da449a15ac135053231d298bdf	false	ACCEPTED	query representation changed or parser warning
669	382776cfd8a6d7682fd628d564dbb9ef899fcc879d0e2bca7e3efcb6071d2f3f	57db5126e1f4681b0242df418361cf515a15f9d793f17f366bff9d6ef142ad0b	20279fcc3ac7f6ddee9108540a78e7a5eaff4b9a6b8e198efb3a87febfe50c80	false	ACCEPTED	query representation changed or parser warning
670	382776cfd8a6d7682fd628d564dbb9ef899fcc879d0e2bca7e3efcb6071d2f3f	9eaf7c247b98e97bc3317da60deb5575028b5c3009bb325335f2c491978b8483	7f2286a7f84a454abfa3c88d4bc9f1cec0e4948a742954edbdcb27e538a451d1	false	ACCEPTED	query representation changed or parser warning
671	382776cfd8a6d7682fd628d564dbb9ef899fcc879d0e2bca7e3efcb6071d2f3f	e98bbbf65b9479df19cdcb3fe4f2880ac91ae75bd142dc4d22ddef3a627d66b8	2a77d71b251d787607cc8b7bd198fa2d30458effc4236a1323da74770261170b	false	ACCEPTED	query representation changed or parser warning
672	382776cfd8a6d7682fd628d564dbb9ef899fcc879d0e2bca7e3efcb6071d2f3f	3c84b71348216f79a4e1d77096c73e7bce737510eb20ce94648c45d490a253a1	2478bae88a3ed78c78024af7fd903b55aa9818a5925ec66dcce2e0f17f07b4d6	false	ACCEPTED	query representation changed or parser warning
673	382776cfd8a6d7682fd628d564dbb9ef899fcc879d0e2bca7e3efcb6071d2f3f	311970bc48355eeebd5bcf6133708e70e01a9c3d969c5030b1b7e888fa4497d5	b7db56d22d2ceb8e2b023d2c29f74ff4546bc2baf7db6554217b4860148055be	false	ACCEPTED	query representation changed or parser warning
674	382776cfd8a6d7682fd628d564dbb9ef899fcc879d0e2bca7e3efcb6071d2f3f	3bf73d136b40c87d567e6d5a974d90211d3fd6fc06b1c1a8ede002e79c68ebca	3f29d4e832da34f8ae03f6affbb159118281e2ed35ed7fe8e5c7482573b22d54	false	ACCEPTED	query representation changed or parser warning
675	382776cfd8a6d7682fd628d564dbb9ef899fcc879d0e2bca7e3efcb6071d2f3f	bf2eca2be45ca17ba620c52597e2e51b58237b0fd5e38f2b512f58a23709925c	a9a598a499377204f865cfeba0f82f7df0f9df232a44a452917b1dfa0eac7156	false	ACCEPTED	query representation changed or parser warning
676	382776cfd8a6d7682fd628d564dbb9ef899fcc879d0e2bca7e3efcb6071d2f3f	41df9ef5cd61892015f08f8e50a59498b0886689e76b22d0bf40016eb0a71b5d	fc5a0b38fdd72e603de86d84d4fad7323106c2d6bf5f7f57d4ebb1ba7c63b240	false	ACCEPTED	query representation changed or parser warning
677	382776cfd8a6d7682fd628d564dbb9ef899fcc879d0e2bca7e3efcb6071d2f3f	be568a44a19d5ff8adf15d9f0bcdb1268690b177b14c0bcb5d13081fd3959fe3	403ba0c567a34be0e7ef7b499416a7355859c560417396a50717afae49bf4c4c	false	ACCEPTED	query representation changed or parser warning
678	382776cfd8a6d7682fd628d564dbb9ef899fcc879d0e2bca7e3efcb6071d2f3f	c9a9be2963e203ef89bb4f18bc632ce705f3ae078264342aa6f65e2d7deea08c	25c92806f05599f7aa9e007a9a5756bfbf7b1a45e07a64b17c701ac50c9c5f41	false	ACCEPTED	query representation changed or parser warning
679	382776cfd8a6d7682fd628d564dbb9ef899fcc879d0e2bca7e3efcb6071d2f3f	8350f5769ee23b9cecfbd6b76c215ebb4e60819f732fa6788314dc022e603d08	51bc6dece7336a14648a7a89938e3fc5b3b52a2d1bb3055b59f2acd406e82ad9	false	ACCEPTED	query representation changed or parser warning
680	382776cfd8a6d7682fd628d564dbb9ef899fcc879d0e2bca7e3efcb6071d2f3f	03403727b2de17a4cba5da5f06fdbaee3a1e25cc907d08575d2a40fa38f3c021	052661a378f7b04b74fcf1a82831ba38181c8989064a6563af54650cbf31f795	false	ACCEPTED	query representation changed or parser warning
681	382776cfd8a6d7682fd628d564dbb9ef899fcc879d0e2bca7e3efcb6071d2f3f	d861a6a32632cd43cc4494e679c364bf6a681c5390c70a3c240db5786803980d	6bd3ddc95df463be3e01643804d8e177867d75d685c8b8bb9b6870389033e3c4	false	ACCEPTED	query representation changed or parser warning
682	382776cfd8a6d7682fd628d564dbb9ef899fcc879d0e2bca7e3efcb6071d2f3f	7402b4620a7164681f84e576743ca725ae03756adaf9ebc7468ed27da5cd97bf	a1183c6e326958c297bf9645b0b41134af6c79b4c62aab010ba62a8f9e7b3be8	false	ACCEPTED	query representation changed or parser warning
683	382776cfd8a6d7682fd628d564dbb9ef899fcc879d0e2bca7e3efcb6071d2f3f	c0d15820200bf39412bf462d16729b30e3b861a13945604d10ae4ae78bce59a9	8f8f5ebd2743114b2450070982b540e9df2982a520c81ac9b07b50159a4d1b89	false	ACCEPTED	query representation changed or parser warning
684	382776cfd8a6d7682fd628d564dbb9ef899fcc879d0e2bca7e3efcb6071d2f3f	026d5e3b59a71e7b26c632d1287b9320a4a039c3e6425d97d91cce9a564226d9	7d7809ce3e89d6b48e19dae93da43475bf35d67757f442fb2a938a8365c34ca1	false	ACCEPTED	query representation changed or parser warning
685	382776cfd8a6d7682fd628d564dbb9ef899fcc879d0e2bca7e3efcb6071d2f3f	b14a164bff566b2baf8e00ec93b9bca9493e394a0d2e57a11f4b0a1dbd9117f6	ebbddb12e26a704a0cd3f86258366684a41bdebeb4a0f63839b3a8dc67062ef6	false	ACCEPTED	query representation changed or parser warning
686	382776cfd8a6d7682fd628d564dbb9ef899fcc879d0e2bca7e3efcb6071d2f3f	89083f63d026ccbe634701094ff327b8bb1c6c15dcbd6485d65821f376375686	5ae7b19271b708074c10123af95204bd6d0fd72951763f2e3c978b2781cc2907	false	ACCEPTED	query representation changed or parser warning
687	382776cfd8a6d7682fd628d564dbb9ef899fcc879d0e2bca7e3efcb6071d2f3f	c22453631ce55281440da51e5b34fbf2ed9dec20173a8e49022c31f9a137f114	67eb177354e4c82d37ecb1b545ade1ba7ea3942cacd8e61fe58c0f8503252e07	false	ACCEPTED	query representation changed or parser warning
688	382776cfd8a6d7682fd628d564dbb9ef899fcc879d0e2bca7e3efcb6071d2f3f	4ff4882c1d6146067486aa0df5f061a53382e735d0022846931c4d37f060c80e	8bdb2e5175ab9c5b33c7ed995b8750767745f6bae4b386da58732979a27d5d29	false	ACCEPTED	query representation changed or parser warning
689	e8e0189c2a11136c19f3475f572d26208db23e6e49c1d534799332e94afa4080	09cf8772fb44a36921a96565cedd5f765f63526e90d3fd82ed8ccbe53028486f	f071204cb3774907c5474923ed767dce07031a81aafb71f704a52c97ee0033c9	true	ACCEPTED	
690	f8ee139e9d5463ae4a45ce45c24e59a4dfaaa0d211259d730ad9c45975757f83	bbf93d167e7addc2959024288dae108cc66d8941ff2ec48050c9915e1c15b975	01aaa39a3babfbafde4b8a8f260f9411c1deb602aed0a73ee74c8e655badc122	false	ACCEPTED	query representation changed or parser warning
691	43f0443faa685798d88127bef97e2c283c84878b4ad4fbef20d314cbb549c512	d7047f558877d25ef2dc0c65bae80c5b828bd8db0ae7e9eaa73ac2503c7585a4	11e738c1a95f8fb73719edaba6c160268bbe9fa6936bf1b655204310828caebc	false	ACCEPTED	query representation changed or parser warning
692	6edadac694a5589f2e10059a90e312427dfafc2ed1f56e8381990e1c6ff4d414	94577d8b4d9b76a5462998b12a154f1c120394cb9f709519aaa4f14ee7970ead	4f98a000cdf12dd9a43f471c8bd1673606bde68ce2751a3a5e5f929b319254a8	true	ACCEPTED	
693	cade8f533e7a61a9c2942e9b2c0ddfb563a53f54e3ab725b17c65056d05d0733	37d657b2e174ee409ba6f1624fb562beaa11b0f41d6f9853b1f9d7b1a7e74260	b10949eb5336dfd19fb133633b7ea61c7a0555ddda1724bffc3ef10f8a7a91c6	true	ACCEPTED	
694	d9e19e27c723e9f6e7e3f471b311c8fe41d3f43c37991caacd94e3217355fa1d	a774dd71ba675567ab091436631c1fe2c69286a14265e440e8ae5aa05425f3d5	7d82f2162f04aaedd55e15c3937a468f449ef8735f0f32ee2292195b977d0b3c	true	ACCEPTED	
695	0e66fac4ce0ac0f228760693a95782b529e497089d5aed4e39115cb18407ceed	0f32f9350355e3a0796ae3d1fc6003cfec3803060feab23219de6472d03b4351	aad0086995d1771bf189eafa948171334e2ca54b5a4e7e6e8a46d94539a4bd74	true	ACCEPTED	
696	c403a27143c68e64a6dc271af7ad95b8a3b1c4ba2f3050cc54468fb9cf8528b5	e4a283d70baaf654efcf70013091c8b92981ba79fa2bc38e35467505e23f71d1	df1954b634cf46cd48b172380c34848f2a0d99fe1363530c4e02b349388b3533	true	ACCEPTED	
697	79bdfab7f07322af554fb1da21a1fc10d2d785bb3c8944cbe9728d2495299c44	4035c96a1277a1cc8e20b363ba6e650cb729d6e54d2116fd6d6d80f3b55c1108	1e81ace9771321df55640fefe84f689e28777652c82330f35d152e46912ab6b6	true	ACCEPTED	
698	da0103ad19d7e33eaddbfde67af8e7b66ee26cf50dbad252c277c9a953637b8a	e21c6f069d419b60882bf100e19e92c9aa78fce0a758dcbc94ba5392f18f90a7	ede6696b9b30b49af4b37bb223e914c3b3a1ce240d8765ad222a154df4bb62f8	false	ACCEPTED	query representation changed or parser warning
699	009c4fe8c97e43af804c0311858a70b87518be3c9020e730fe212f6dfaa8207b	266c44b5392688b9f7cedf6fe4ac0e270adbdf3e08cf27d3ca7b25f7f7a32a81	065882f224eef290f601c0837d9c868d60a0e74935d98b1af95e3652ecfa91c7	true	ACCEPTED	
700	8071f7634967100d235b4f670fe0cba0020923fc27e3e91c0701ec56fe77528a	7500fecf71cd19c8319bc6476621d367b89675cbcc4806962563929d0283e460	51f965338a55738c66dfbd6f86820bf35a7d5521c0f633c9c693d0c877cc5b96	true	ACCEPTED	
701	5130cb2285488243dfe1fd8df0ccc7858c00a932636c31017bd4f423feb776ad	bcc2e27bd4991dae5acba7060cebc2870686003a140a9b05ed531d31ca7413b7	98a5bc94ea1c856ef6c067941d14a094c1e7b48b1077e71861b7ade22aee071c	true	ACCEPTED	
702	6875bd924237082d9f2f558884592030d7b8a0380b2f76af2ea1a7eb4f17a9db	3440656e7f5940b5cbecb1f71a32a7820a9e48074d1a059d2ba59e3dd5672ea9	aff47fac140be4e660822d5f5fb16395b008e298e5b6564e5aed177a86b82c88	true	ACCEPTED	
703	6a23cbf6dac95c9fb27616b1db23523d81454692cb6541cd575ad08cf4711ba7	5f55062e56fc32fd0afd63336df348346504fb731aa640d40604e0ff259bd100	0d49a6f8116455b5728a783aa60d5519da8451c2615530d0d5d7a823402f536f	false	ACCEPTED	query representation changed or parser warning
704	d79eb22b83909964b1664da4a204e74d7433250959934bdc8f567cc39e44073f	bb349f6e64d380ab6fe861bd6dde2b39cbf1bb22e4602f0791c51f5290126fd0	5fe4740b6f1cfd8b2682e25b4137bca3f4fcf3466e06f154f19a043d9c23c0f4	false	ACCEPTED	query representation changed or parser warning
705	dcb40be87dc78ab514cfa17d3a81e640f75606dfb75462b52c02b2106414b37c	0ea4a2dea682481848ecb9410c8048891f6daff51f2a73eb5fe00bbb323da9c4	2644d89160574355d5066300e1236c8232b92baab33f8518c3fa81e594b727aa	true	ACCEPTED	
706	a905eb52ae0b9b8915e7ffa918f8d5015f3cee5400926295d137c1e4d0c21ea5	bf39bd6cc92f5c2abe8aedaa3e4c7fbbb98747cdccb61a0c4ac7a301786af59d	17cdd226fd77aa7b8b61de836b13ec86f25dd76366dae8b33e0bc19fff237fad	true	ACCEPTED	
707	fcfdeee05f1410af33093f15486a07708f8f54426c991f19c95ca7f7967316b3	d07c72273799df5f6213c00c5498c9b40d32cff77db17e6355525cf376220662	3ba7f550c3d8f54b86e6c46eb9810f6dd937a0be9ad7064c526b706dc13e607a	false	ACCEPTED	query representation changed or parser warning
708	f6696817e3b74c3e845d436234ef375529a5bd33b677a609e40f19f358b8e7da	0fe6f4cd55e456a605714f1d4ac78b318cceede27eb1288f2d5469b5ea115174	1a10132e1b211b2031c6e02cf0cc337bc36641579b8b1496f754cc90acb00462	false	ACCEPTED	query representation changed or parser warning
709	e254edc00970d171c7c821071c3430a6078db14d81b78dcac8f135c70bef92fb	0ac7abb363428cdd803c2c08716792288f772a5463f3edbe9d1216e721c18d32	89659e3f76cdf9a34ac52cea2adab84ea7d7c2ada15f80d4b76c5c97ecc39a41	false	ACCEPTED	query representation changed or parser warning
710	76c796a9e1810b4823a960783d5e4af1ace29cec35b1c7c6718ff8009f5e4ad9	b49ab61fb39192dbe827a09c6e3de0963996a5603fd810af0ab3ebf72de22791	b10515b4e12c3eeb91b7e5f9dfa14235096e2bd78deb0116a6954d81bf2ebb6c	false	ACCEPTED	query representation changed or parser warning
711	90d4925c4191dee5f6d90d8ff8c49f1214dd2b45809ce6db47653cf69bc49a08	8d934d66af133a808cd7113d492eca9e1b2397375464b9ed70d0911df786640d	d6e9bf9b7ea8a3aca0666d7496de6f7b386b0f9bd93a33789fc8488aa9763ac5	false	ACCEPTED	query representation changed or parser warning
712	59772801998fd242b756ba14b1b444b62f16a1c9add7bbb79c5c43575ddf0e37	6f680bec5eab9dc40b5e8945f7d179db44a0750fd3f71a0fb86b5d925e0b8083	b8a00d06352356f3e3f1a3151a5f914fd746115ad122364206a22e1f25f54787	true	ACCEPTED	
713	e824d93dc899d1d821fe906b3ee0b4c8c17cbca3dd2f53fdd36937f4576a01b1	5eece7effa7f479c788e1d1906c5f2d7f26ad0e7c66f21efe4a5259b7e1c71bb	7db4c3c5a774a46b62b892f8d67a3eaf3a8bfd04d97854fe05af69d4c1600f47	true	ACCEPTED	
714	d592b79bd6350b921bf1d38bc8d827086eca4f3efb00b5e00068f082aba052cd	e7f7b8219e58bf54305095caef662a7f0020ec34a5a3a3456a1501585ac368cf	af2f1d829a3b871b0c5fc8d82be789f2a303c9915017faed5e84c48ae5e54190	true	ACCEPTED	
715	63e0afaeb40a8fdeb31daa0d001c41ca4f4b5aa1eb4b997a174b75ae85275777	b566f14c8f66743f0cc77adb75633609cc2907a886434d562f5efb2f52824f3d	7dbd8fb95493042dec469ec2de1776f51eaa5ac76e3129d492b62239ba6d43c2	true	ACCEPTED	
716	82296cdfcf6648e3183724644a438cf5c83f1dd006bd76c7f62b1233e0e9d2cf	a3b900595999318c5ce0d4d0f8eeb9e658c6b44356e5775cc3483f1cf8231feb	2b5f857446311068f97a32a2490e95e3529a2e3a0c8ebccfd93b9c59ec664422	true	ACCEPTED	
717	9543dd3cd73dc72c113f54c1f7ceb4d6f06c291553600297c6c4ade32180d006	a71d666c22eb37fcb19b99958975b1557bd413762a0ca9873cba8bce47663cae	54a7ab0845e479b8999c9da5f96b224d867798cc8ab468e01afd1ce5d3ee2f30	false	ACCEPTED	query representation changed or parser warning
718	f7d23f4840624a76507cf0b4c608bfec4b0d09cbbf40b97d4434963d8b55263a	59c6127e71e9f4dbcb47391bfbd71a184daba57e0dddab65c4ac8623d392a0e1	c755f31d893daf12799a1174fa5fcaa0061b98078a623ee4e45ccba45e9aed6d	false	ACCEPTED	query representation changed or parser warning
719	226b06b062eaef465c5f8ac3d3f79ab077faecb9a29433327a773266d850a4e9	68e99eecab8033b24a4e262c5e7f9408b69dd14f820828d96377554e193773b2	094baf7eb7002c0edecfcaad7da6d51b589197414db1456577515cfa4aaa5638	false	ACCEPTED	query representation changed or parser warning
720	a05c98c4a967310a954827a316ded94376b0ce54cac1edfe99a7bd8db211c061	53b558d6e4fb5b9824fac956048d49cd5b07d917397d11c5f166be8dc9dee25a	1644edb8d3307695323b8f6299a3ab1f1c37abe36d6cd71defb546ccfaf2f21e	false	ACCEPTED	query representation changed or parser warning
721	f5a5078dfc4c406ed5ba586cb523a9650941e5f60ab25de66917f5aa827ecaa6	49bb8f44478382a2d95fb42210c487bcb31c9dc2b0e6bb1900ad92a502720f8c	bbef383f2f0ddd72e4ba1a9183feb76ba0ad30092cb3175b19b6fe86fc33c8d1	false	ACCEPTED	query representation changed or parser warning
722	ae8a1709b0973f344d3284c2f6a0aa04b80e4e21963b5f131088f40d73d64ba4	2eb1a128f55e269e3b717c4588f0b8fb42f7cb2023d8a9bdf3b1558e67b2f299	e500db7b98f7a7c541dd904fe8bca50b435197ec2c412e83ac55810e45edd1fe	true	ACCEPTED	
723	71c0f914ec6064f221294cded4607862677cc06bd6b5bb5ccd5ae767ecbb554d	b5644fc7689502638aad5cf5236787d17a1cd9f9390e09bb436a530b064b1fa7	7a4e4e703c2476bdbf37bb901e8cc7bb073589655022e4e6d97163f193492f16	false	ACCEPTED	query representation changed or parser warning
724	005ab07b5a2db4e3fef0ba5073116766564576e98612bdffbca680c2fd355301	eebc63a517bc1772692286e0d7edf46a150ca39f7d9156b5e3b737517e595a3c	86f8628cceeb74a9ecffbeeae89877dd8cbde567b40aed01c8c85cecf611996b	false	ACCEPTED	query representation changed or parser warning
725	cbdf840d870653c7b7fe0ead3bed0056d1c55432cbee564e87ab3e7a1ce35126	3bbe73b092d8cca687a14d4b2f52d332edd03971c7e2918a84fae2a7ff6168ce	02c152957b884a93ac5ab64d4ba0cc03cac2ee797f124e414720d3fd719c8c73	true	ACCEPTED	
726	cbdf840d870653c7b7fe0ead3bed0056d1c55432cbee564e87ab3e7a1ce35126	72ec89ccf72e142325802e3f3706c7f28a4c459b4ff6a53d5b30f42c6a5dee37	b7076cbfbd87a41391907b3d7a6080731f4ff1e214ce92828a0f3ee8c80d44a6	true	ACCEPTED	
727	b3ff28c7bbd839403945f0218335970457eaf38d15362e821e167fdd56800459	63190a75941b6fbab737b43a994c199512fb115eaa973307fc770ce1838a02f4	0ab27d0e408da26e95690198f282e7db3fc59f7ef2d21a56a2f930f02a84715e	true	ACCEPTED	
728	6c92b0b53bc8c89eaebfac8796f7faa1b4d66752b8823e825db62a62b09fddc2	faaea60bb58674e29c103e22e7af3a4f49546e34507105cec348db3ff3af5691	a562cdd76cb0bee023bdfd987abd54575185cfcdda879e67ab46a6ebdd683114	true	ACCEPTED	
729	c8f4855c59a08b51a55af04b3995a41721542b2910259cc8bd775af6c96ef7af	4232aec32f8b30f0a2688cfe6801b5a8ca3a6a7acba8972c73ced7fe9e6ec7a1	b18ae810cf71253e3314844264f2971ae2705f55a95eeaf6571a5eab021d81fa	true	ACCEPTED	
730	5c21c87bc04cc57c74431fa63cf9e9515a85892d9433f32e4e6278e0bfc69968	3f932f718728a044b9a3f062efd3c3edba1ee07c1917ddf127f20be927390b33	71f1c17cd69d92c0567f6be00878c6e0056635ed2b46f3af8053f7f58e7ab794	false	ACCEPTED	query representation changed or parser warning
731	dd934d4317c4473df5e6c32e6306cf2aed7e7c4eae18541a66d7a3d1f761671a	1c173a79ce599d5c285e56ebf02451d1d66e5b1b55cbef459847c8f3d5bcdb9f	229cd7d598ad82b670741e001bd862bf05e7ddfb7979bee65e147173cf5d5286	false	ACCEPTED	query representation changed or parser warning
732	345c6478ad53022f82ee4a78c7ed4eb3be74fb615794332b87947a7bc9e46723	71edaf81654f34e98876ac8e0c7a59b1202495c4aeac9d49301b21bf8c795076	10d4333e43a16cca5d923b88073b7eb9c95a22e7f97f4aed6e7a97190db4fe97	true	ACCEPTED	
733	8d1f9349a32a62bc2244765f8efa35a5218dc4b2288229f838930308fb2f28f1	9a3cfa1a1b8d1ee0af08d7b247ffdabcd2c44039f6f3803feddb4c17d149c961	99a2b7dfd13f4f2745d12d2b0f04fb3ec30d01f70d4e2dcf93c9173aed6be580	true	ACCEPTED	
734	f91278e6ee81898607f8f153d8e33462196ea1097309ecce4c42c193c0c10d81	fc2f65e43a33fb0c44e07141b301ba93966532813d1bedfb0fffee06fba83dd4	cb2ae16e03bb4f53cf222d91c65fdafa97217bf6091594cd6bb3b0a08ab13c31	true	ACCEPTED	
735	e677609f75bfbc8f00b4b7c5e0f32b684aa416cdfac133b83a5d83eb6a8382e0	7b78832f7d81177441a7867204e470501e76715f1bd8f852f09eb0eb5ba678a3	067f5d8f8f32b15832cdf20d9708f8f6665badac180794a0e3281fa632e561cc	false	ACCEPTED	query representation changed or parser warning
736	8b654f1a9819639bd7c64c0ed2f88d82f9bc6d3c1eccb820579b7cfa62a150d9	df38b08a10cc597250dd8c9fda32bb6b103d5410787be771622af8a8e3769644	d60c9d1e66af4be8f431fc386cd2d86059f00dd5bfdbe7f73d86e668c921af6e	true	ACCEPTED	
737	19d677b6f2e9b244da73e8812811e9c3e5ca94d64fac89c5b40c07f8afd1548f	50b1425bcf7416b066c6865a9c72563ba3d1df00ac1b15d42fee542fc76fe6cf	cb14819aa7138260ecd960120ea2199fe6c3ec25371d18e4e2f13eea71abedfc	false	ACCEPTED	query representation changed or parser warning
738	e2ccb722cc786124539da1a2880e350c47029035d0bc5072a94c856ceef24f13	83515715070896c5f643918f2b4e63fe84daecfe2e7b49de8b1c0648b9921050	cf2b40ff40bd6e87df9d38e9388d04ab17060e5940caa8583aacba1b815a373c	false	ACCEPTED	query representation changed or parser warning
739	5f127a9fd26a3cc19d3c59886e57e8c8c1282b15bdb58b7127e50ba7ea024daa	b2a534616168a4b161a88e756ec54c543727e335ba606f04727a3e793de4b8f2	0b7117b0a124225c5dee98b619f8f3c0980957b4718b498a65a078ac0d8bf18c	false	ACCEPTED	query representation changed or parser warning
740	e565d99406f819b3e5a326aef23587168ba018f5d98c6076f4cfb7f7ae57e8f6	8c99d36e81fbfcc507915bbc53b4524eb1f691fb95eb0989833b8391a33cff56	1940b7a61388dbf543995479ca96b2dcddbd26243fe11a6d3c7b0adc1d9536bb	false	ACCEPTED	query representation changed or parser warning
741	2a87eef92f0ae925e08e4e978da87cdb439ae3b0a5e3d06a8e48c008bcdb5f95	a46312dbbd76924fc0e28f7a6d935ff0dc92f6ce12ca5fdc34c73fd59a33ec95	18b0f78f558ce17c272d110403ae3f8446f22ec071618f268f7b801993f70084	true	ACCEPTED	
742	6f92e4f597916bfaf18e3bb07892f164335bef19fd1f6a4f8101f24daf703b51	b34dcb97d32f12d1c446082414d058b0ba63d4fcac4024073c259986067c77c8	84b813665f7545d416ede6cac80b79710db092b3ff0cd4b398c8c353c0204935	false	ACCEPTED	query representation changed or parser warning
743	bcf924e098cb33fe70bf89b2ab88a9a9afdc2c6f8856b1916dc2e97cde3c59e2	d7ae0fdf77d555222d1dd83d9555faf475a4cede84d6f004917876381b3330bd	ce1d6a8081e0bf7f1d1b7929ff7dc0c20215f2266baca975a3bdd2980357ed6e	false	ACCEPTED	query representation changed or parser warning
744	e4faa38f552746b93ec1ec73881eac4127bb05d881b798d6e950e99fd6bd156d	0a5731744db45a93181027614d1b80a2b6a3cf7f70341678a26b0bc2ed845b21	125883ab6784ac88dabea4ad92e97b0f83580c62c6150ba1eb89b535b6724786	true	ACCEPTED	
745	5d6ef768c94ce1ab1a9594fa6141b0a5537caa3d371810c3a1eec8257acbc6b3	cbcc0192f6e0aab99e53ea387046e112805f1a8c51458717067f93b536d09143	c7f90cf54a563c326b89575c0851bd7f4d89de03593e7b815f2c0922b13b90c0	true	ACCEPTED	
746	20ba626906f7b629167e60e1ad02cffe68af9613bb4480195dec30ae53bf827c	da1fa1bcf403c3e08a4a1bb69bf401ed8a660782cb08c3707eaa1e24636c95f3	5ed9e0bfb0537b66fbda997de479471c579d22fd187a471b560e273667ebf555	true	ACCEPTED	
747	1e55f2706527cff0c8974e15175dfb93b6dee469b31f2c2ca8f8555720d359aa	8096715e8759d5efd6e77ff5acc95764da17e4fa220df2039f4631c0a8f25408	8f2652ca4b22f7411edd17b1361524ada8ee1296c51791f0c7a1d11877da8a7b	true	ACCEPTED	
748	e4625b26041bba76e9ef45ac93f53656126ef70eb77ff90db12d7588679edeb0	393313499fed127282f8f23bfffa3135182a6cb10a6d2171562ccef8101cb4c3	5b50701085257b34c564acc1b23eb9f4c7dc7560428541323aeb5e8a15c9ee40	false	ACCEPTED	query representation changed or parser warning
749	e4625b26041bba76e9ef45ac93f53656126ef70eb77ff90db12d7588679edeb0	699201eda9b13453064746ee04cc60a8e569d365c0f333d1849bf39d3bc0585a	23a0d896ecfde36acbf7f5bc6c4623c6e2d9be6ccd20ce48d11521d9569ae43d	false	ACCEPTED	query representation changed or parser warning
750	e4625b26041bba76e9ef45ac93f53656126ef70eb77ff90db12d7588679edeb0	e8c0c7abfb4e2cd6b2388b3b60eccc65d75e183e392aa6c4b0b1cae415630d7b	bf79bd16c071573cccafe64acfc36f28841d2bec2ab4db9b7adbf6fc7462172c	false	ACCEPTED	query representation changed or parser warning
751	e4625b26041bba76e9ef45ac93f53656126ef70eb77ff90db12d7588679edeb0	fc552865c38da9a2a9d2465f52907237f30c96f4a38463027d7ea26e0bf960bd	88106d18a23d2725d6f122d543c38485d255fb9851a1c1f7a6bcfbf447b1d675	false	ACCEPTED	query representation changed or parser warning
752	e4625b26041bba76e9ef45ac93f53656126ef70eb77ff90db12d7588679edeb0	718cc5572455cb739cec5a52e1b12bd36e3ea372acf3e9a19278386afdffe810	0d118cd71e7c00d7f5e11a251c5122ededf589c202c9190fe46d1e4839f297e3	false	ACCEPTED	query representation changed or parser warning
753	e4625b26041bba76e9ef45ac93f53656126ef70eb77ff90db12d7588679edeb0	f71d73a0cd8de1ce05e131a580046687bb64efc331c9b16299153b5d045b0713	51978ce4e438a79cc2cc1c539b01707724517fdc1958c53c65796c2284038d44	false	ACCEPTED	query representation changed or parser warning
754	267782caa3b130263f25f2c23b9c64578a8984f2aaeadb2da471ec716672c09a	99db9f346b8266ea8eb321cc2eebf6a5ee5aed068a730c707a6da9492e491e8b	937af260dbd2a1ef089f364c0137d936286e7f7d44955755d33274d670421656	true	ACCEPTED	
755	912fbf6d9851e5c867622f0dffae0663bec475c590ebff7e455031f640837acf	8c3afbb9b75343139d12ae9dae968cd6e917788d6c941b7f8135f5f2637196be	5380f509a5c3a3d2f83a97074014de2d071092bbc2e73d7191d4abc02b0439f5	true	ACCEPTED	
756	1d7901c03f9b619a58a5f6e47cc01cf6dc3c1a8aa897cacc74692a764c059c6a	7f38e17261f7974496cffb9edb01c64cae1d4a6939d61f79f229a83492af91f0	3b3d72b3b2ff36539bf3cd54471e090137cea76b3b96972a6294f4b89b843740	true	ACCEPTED	
757	45a38cecd34f0ff6ddee4fa10159fef7727886e5598850e7114ad7cc5c191800	5afb00d14e40cb8a1f2a9369ffa9421b348b24fa109f9e540378b31ed1a805bd	42c8c022669870b54098e51940a606b3f38e67bb8c133e079c08c03f9759ea9f	true	ACCEPTED	
758	7068e8ebd849f7b11d684832c124d0b4c8ea6c5347ef24b24d795985dd3a70b9	804a94485bd38dae7729638eaab12fe91a1b9ccf24926ca58751244dd4044dbd	0540d00dc6c98e0e9e53e03c6cdaf9dbbc0bcfde165ffcfac990185e2861278e	true	ACCEPTED	
759	d79e2a1abae07317462455c2b8e33f0fbc9d9dce9f4f90d0962034e0d1a40e47	2906d6ef16e06835a2985e321e5677a93489dcb9cb7b40f569ea1edda4fb8bb1	a78bbced20742bf10d414f59501aa3929b637a68a1b53291b50a58e1d1bb4da3	false	ACCEPTED	query representation changed or parser warning
760	07754d3678bb336bf77bd171b7d2adc2931005f189b9236f74b9f5eeef25c7d0	fd8afec6e5289068fcd2ea46e31943fb3c2881c4753b8c50753a85744cb25977	b1dadec526009ec3a7203f2cdea6db4fc1bc943086636ff51f296e7aa76458bf	true	ACCEPTED	
761	ee33adcd91251b0b719dd636df8cf3771efd05c8018c3a66fec333c2085cbe25	6e58ab61c000ac0dfab3b1a86126befd6a1affe5a30b03887d01486eafdd7ab3	ad4122bbbd45c3bb8ee6f9b2480285ae051636a8fa633c58ee49bd39aa8c0ef8	true	ACCEPTED	
762	70dd60f614fe65fbf8c034559d85eb19fb653b978163e45546c58b47c54bfae8	6db74049a8a3bcb1d5e6de2481ac23607edb31e233d49914ef77f85989afe122	19a7a24e926f6687c7999e4339431f0f3b2c34ce9fccae7d76a76a7f248a60ea	true	ACCEPTED	
763	c2d089e70c93251c5f387d22c4cd978910c4815b3cff04d54891f593f0714574	5653b218bd13e211b2a21e74806af75daa988ae1e0b3998a436f99e021b9c3f0	93b2516b91ce208cd5062bec12327ab36fbabbcd759eaff9678596575b006a5b	true	ACCEPTED	
764	67ff05d4a7740728529c8e9d32796e30f4e7b12b475db63c37b66aa623e6cf1a	b89d61edaa6bef29167d98f968650960ebfcfe2762a03839d81f7d3044124d1a	64a89cf746e7a74a0af8c2e172ffcc816fbea00270c571c1ee8fef401a663a49	true	ACCEPTED	
765	511c114e35e73379cf50fc18df41d05046973ff60aa7268913a17900e5148876	ea6c013628d9a880e1d6049023423f95cda5613c43233f052612f4063a1a5692	bccbda4f499e8a18b29de7a657ad1105a176a9132b2eed3f34d4c8d715326348	true	ACCEPTED	
766	c5ca4dbab0af9814892f7531134965ac7a33c106a0509fa03e0809e556329705	9f96f8b1f145ec83ef3902e842398fbb790bc6dd5eaf96f8350569f6b1f5aaf1	f2d985a5a63f7c5346de06cf255639c4cc92e975b252ad362a6ea9139fbd5243	true	ACCEPTED	
767	8b6954e169e4d8ef63a8e126ea1763be07c876f690512fe2ed0a6181cb2cdddf	af47588e1ae3e5912b646c5ef0c57574f173a194dc07f4920265f94a5b8136ba	7fb7900a27d448ce9460bb045821d987ff5e9efaad181e934393a611adc57d12	true	ACCEPTED	
768	ae9d99050005173b451f2ed4c2f7e88f89aeffe9da517012775e3a4e88f0f97b	252bd2d99c64f412c89adc8a41159f1350518d8058c2bdac4db8989d77e35664	a239073b78940a5ce679a4f23fa6635b44d0d5014c738803d35d02687f313edd	true	ACCEPTED	
769	2bdde0065c9ab0f53b7f90d8f5d9e6a5e9af69d055a7b10e8392903bdd76764b	d3776307d3729313f2f99d37b1d029348379de4d92e250ba80512367f81d0e2a	02a673ee9a80c56d8305c0c95546f113a771efb3f190ef5aa0f490cce17d4e08	true	ACCEPTED	
770	78d85801056707b937a6a1e860e24bc9be2e0810a98c3818db38a100750abaea	fdbfe8eeda9b7134292b28c428e6b5b08ce9483b1882a53741255335a3207f05	c97e1469e6d8e40133a94c754e0cc9856c3ca037777df52eac81e9ecf95d9ce2	false	ACCEPTED	query representation changed or parser warning
771	14a47bdcc8714fba1920c7d451e0c40c59dba2eb973b75e2ec2e1604c43cf0a0	c8eae12abcbf59aefd8c10701a92e4cf78a33a20e34a31e4a50f2b26c4a47809	48c2b6bd968c16c828bc854649bc341faaa047f4997098e6345914fc0a2eb071	false	ACCEPTED	query representation changed or parser warning
772	14a47bdcc8714fba1920c7d451e0c40c59dba2eb973b75e2ec2e1604c43cf0a0	f3fdf02fd02204ae4c57fd30b3bc111d9a4ffb6cc77ac76b602bd6784d6cd651	613e56bdf1a9dffbcf75eeae375c495488c3bb7dac8a0d577dcfbc0d771518f2	false	ACCEPTED	query representation changed or parser warning
773	14a47bdcc8714fba1920c7d451e0c40c59dba2eb973b75e2ec2e1604c43cf0a0	3b29969fe14c34f7499a950520216422dc77a67acef22e51f2c973a9a577f1f0	bcb074b61f7c0d8c64b5dadec0d4099a3e39f76cf86a0ba47ad03b10fbef4ed0	false	ACCEPTED	query representation changed or parser warning
774	14a47bdcc8714fba1920c7d451e0c40c59dba2eb973b75e2ec2e1604c43cf0a0	eb8cdf96ba92145995f2835c80641d9ff3a55db11bd847f78e28f3ac1d097093	fc7740404c45d55d776a49af305046723874314ec98714a6511ab65de18a0a51	false	ACCEPTED	query representation changed or parser warning
775	14a47bdcc8714fba1920c7d451e0c40c59dba2eb973b75e2ec2e1604c43cf0a0	2c921dee7fc3fe749a42596e5f961878204b2b976ac39aca397aac2389192f9c	8ddcce3bd6d8bca03b30cd718b1e97ed0db02d53e85493e64cea8f47398ababa	false	ACCEPTED	query representation changed or parser warning
776	14a47bdcc8714fba1920c7d451e0c40c59dba2eb973b75e2ec2e1604c43cf0a0	d37444831d0677acd9007596c4dbf9c050513378e9c0ac4cf348b10ea805aa5d	05d8d7a1b82d516f15f0cb9608bfa76892f56596f8e4f894f00ff1487438060a	false	ACCEPTED	query representation changed or parser warning
777	14a47bdcc8714fba1920c7d451e0c40c59dba2eb973b75e2ec2e1604c43cf0a0	f136bb9876d06ce13f82ffc3d63773f55585a2c3cfd97cc98b8fc24c3ef993c0	2fb5efb0253c965df69a3407b891fd72ac070681c25caefaf96614f580db8e58	false	ACCEPTED	query representation changed or parser warning
778	14a47bdcc8714fba1920c7d451e0c40c59dba2eb973b75e2ec2e1604c43cf0a0	e235c93382d6bcb07a2fde7507f446a4574f35c1d38b1d9852ccdcfca8de79eb	1eaca4b0275cd9ebb4896696b530bfe429da7a0ae79f7cfd81303d7a47fe1dcf	false	ACCEPTED	query representation changed or parser warning
779	14a47bdcc8714fba1920c7d451e0c40c59dba2eb973b75e2ec2e1604c43cf0a0	89219003511e1af5c8ad2ab317eb2f3f9325ad076629c7788c89632233bd9faa	fd6fd7066393271d46bf482ef875ca934555a949109bdf10506db9b2eed1e3bb	false	ACCEPTED	query representation changed or parser warning
780	14a47bdcc8714fba1920c7d451e0c40c59dba2eb973b75e2ec2e1604c43cf0a0	f68cd2ec4a1fce841c57d87b3d2e3f4a1a9c260573e36aa3b1ccf141a0e2c584	827dcfc099f4205f11d2810e122ab2d889b0de3501a9495d0210fd3378b0e89f	false	ACCEPTED	query representation changed or parser warning
781	14a47bdcc8714fba1920c7d451e0c40c59dba2eb973b75e2ec2e1604c43cf0a0	2fa54fc3d8d30913b23635568a7981559cb360a5114b33bfb3da01106be40377	b0d7976ebb2f3102eea2c75ed85779ef1443604825e0fe5d1b2ed4b9a0b49586	false	ACCEPTED	query representation changed or parser warning
782	14a47bdcc8714fba1920c7d451e0c40c59dba2eb973b75e2ec2e1604c43cf0a0	e422bd029a459a93b111cd43cd07a7b97628dd442823b7e55f507f2be5ed883b	3866f317c05aed93965fe7877d930aae6618de9d610b3fc793c521f638b435c6	false	ACCEPTED	query representation changed or parser warning
783	14a47bdcc8714fba1920c7d451e0c40c59dba2eb973b75e2ec2e1604c43cf0a0	615d26f140921cbc40f5417ea218fdb207cbabdb9939f94ffbff8f781707bf77	236582daba64ae8a2c8fd3c651676bebf956d8afade213d239cb89175b40f664	false	ACCEPTED	query representation changed or parser warning
784	14a47bdcc8714fba1920c7d451e0c40c59dba2eb973b75e2ec2e1604c43cf0a0	f2296cc15883f061583e59efd38e09c0c6b18ce3a24e77fc213d9169acb5e631	9995ed2ca465d9dca0c94572381b7accc5e37f432c5f74a35d781bf9d22c23a7	false	ACCEPTED	query representation changed or parser warning
785	14a47bdcc8714fba1920c7d451e0c40c59dba2eb973b75e2ec2e1604c43cf0a0	6a7d2751dca28b6aab9945b029dc9e2cd4381dfc571d1bc641a294c765e31122	487b6bc6721d5e0aa0278ba84c4b554db8182e7d808d6720ef42474e46b44f3b	false	ACCEPTED	query representation changed or parser warning
786	14a47bdcc8714fba1920c7d451e0c40c59dba2eb973b75e2ec2e1604c43cf0a0	ae92f5350af419541706724d7de1117a299cea6e805f6b64097ff0fe0dd36fd8	3a1526459a0808f78edd244404231a169e0c5f02a3e54343675be0d6215e9e2b	false	ACCEPTED	query representation changed or parser warning
787	14a47bdcc8714fba1920c7d451e0c40c59dba2eb973b75e2ec2e1604c43cf0a0	2b90867ad93c5b7d3b08c7696e84adcb349398b7b385394a86b824ad8f2d60e4	45f6172e2b04dd4e72c3d5dd1e6aba64bfecfc075c9de69057c79828cb653fee	false	ACCEPTED	query representation changed or parser warning
788	14a47bdcc8714fba1920c7d451e0c40c59dba2eb973b75e2ec2e1604c43cf0a0	71e5288401c3894171295a9060e982dab92fa1962de7aac1f195df8f0c3a3387	1d7b861fb5946e98f888d0d94d311b577f96784551dd73a58bfe8eb56a1faed4	false	ACCEPTED	query representation changed or parser warning
789	e9734cce3b7eaef2f84c1abb79ecdd1a2d36a18c314691b12569e58a5a124eec	9738fa4f1f4c758f0a0cf3f4df14644c6f203093e35c15b82e89eda752ba977f	ad7602535dfd3479e63136e3a8e8f2d06adf94d5933cb3c3a8b3f57291d99c23	false	ACCEPTED	query representation changed or parser warning
790	e9734cce3b7eaef2f84c1abb79ecdd1a2d36a18c314691b12569e58a5a124eec	725def855f0b8d67ebdb65912f460d4623ace52c8144d191008d8798d9e74129	819fafc1dd5d3fb2a272175a0fa5213f4e8b1b46a29bfe6571d1b2c5595f51f6	false	ACCEPTED	query representation changed or parser warning
791	e9734cce3b7eaef2f84c1abb79ecdd1a2d36a18c314691b12569e58a5a124eec	0cc4bd441c5187be48b3d36ed4948814eea18c081fec9030c1eaf1589ce8d5d2	f88006c7ce1abeb9a36d9dd84f38e9a1791fd56f22a072c9a6194416306291c4	false	ACCEPTED	query representation changed or parser warning
792	e9734cce3b7eaef2f84c1abb79ecdd1a2d36a18c314691b12569e58a5a124eec	f58039ba31862e775c66fd2c7d1e67b4e81d684ddecdf0108be50f90955f0bae	0109dfd16e1cf190f201182ff652d1cc4067b6aac09460584a9bc7f9c1f56d7c	false	ACCEPTED	query representation changed or parser warning
793	15ded1d0de0b79a44ad1016ad3c1a43e131648aa11092d2efa16601628985416	d5a6636bc5a6d600aa91345048a142ddf6e87639aed7aca1079b8b7df58ca54a	a14c84bb1ecf8c7af7679240d1e6b25222497a5b9b755bd2158a0087d9d25cd9	false	ACCEPTED	query representation changed or parser warning
794	15ded1d0de0b79a44ad1016ad3c1a43e131648aa11092d2efa16601628985416	bd27f36bbf8f989fc562b36551e6ae2c3be224a2fd8c28ca2a09273e84fae427	9fb269c18ae5543512ab55732b81a30f4cd1be8fffa87e0fbc1adb7416b8b388	false	ACCEPTED	query representation changed or parser warning
795	3ee0ac169301c6d6e58bb83f95f0390130030046f556610b545e4e80849024fc	9519c15be957e5664a9c6589acf4d96e6ecc574a5261bbde2975cbc8be2e8ad1	286b3f4b37c2fbee35d311dc125b7c0ffb5d1801bc14a743d4e38dd1b2ac7226	true	ACCEPTED	
796	f2688eeccdfaf3f3834c77895a1111a43d1f44ea32d4e009b8573f0a04f46da5	0668e934aee8683b1edfdb317790d9be558f29596389e2eddad7c54e2ebba9d4	9827846641dbf3b8e80d38869efb85dbc3b062bb74b3b9c9bce34d5e3e7c293f	false	ACCEPTED	query representation changed or parser warning
797	f2688eeccdfaf3f3834c77895a1111a43d1f44ea32d4e009b8573f0a04f46da5	569b7740f29f02cb305adfa4d879bd8723132a4842be91c2c85914cea411c3ee	312e68073355669e98d1e16107af1f102bebe3fdee6f42e6b5028bbfd771e22e	false	ACCEPTED	query representation changed or parser warning
798	32ef8c535fd5e3c55bd5a9bf6e57c2c1e31e7325e7f2b776e464213c4229d4e8	560649a062a3b9673c3a96dfed8c109b89e6b8f4b29da42414ac5e9775e147dc	b0a3eacee1f60f9d6297ac9d49636581fcafaae488a2efaf73f1bb16c6b051c2	false	ACCEPTED	query representation changed or parser warning
799	ba6b8f48792acd7b41f605482780eb3e3779e8309e8c67e265692beb09b86304	de81470a1b5487e47850f314407e86de293db77c82915c82029b06a160c011a8	a8e07bbdefe39dbe3bf69c701dfed26c31e6abb381ae8033e6f5c7042db5c9f4	true	ACCEPTED	
800	33634ad8b986370b854e427dbe016803bb3237b027b7cc6afe3ef9b57eb8caf3	8a57f2df7493de3d4eda3338c501392645fae360dc4665b76b0303105936ba19	a3945eb1d13e28ea0d83d502611c78caadce21f121ffca803d388ed850d0025d	true	ACCEPTED	
801	0667814fd9b5df57b5bd0dfbcf176258c1389fbd0c0f221493e3659a4fcf556e	ba68cc2ba72dd7bf99f0ee6c77c66e7adeabbdc83f2898e5f5ceecbaf83e61d7	40ee49cb396b4ecb042d5f198e2eae78925e60421b075f2fc0421dcf7fe8b4d8	false	ACCEPTED	query representation changed or parser warning
802	0667814fd9b5df57b5bd0dfbcf176258c1389fbd0c0f221493e3659a4fcf556e	1813ee83dc5b96bb15ded1bd4b71d42c0d7bb5d74685f02ba30d159c917ff0e7	8ef5428f5202000a011f2ec27ab750f68186e4ca4695010f81811f797f4bad39	false	ACCEPTED	query representation changed or parser warning
803	116bdaefb8a60e46556a6c8db25c161b3c93ca60419ac515f38860246e051b22	274f7648787debb3b7e0506a501be4d0ec29723741253096288ebf9f58141cfc	e9298e1df91677b3968ad671f0e4172677715daedec7eef3700ff07b57ce1820	true	ACCEPTED	
804	116bdaefb8a60e46556a6c8db25c161b3c93ca60419ac515f38860246e051b22	b25b1b2b7ef83a338bf01a31f86d47315c3fba1b0eab0a47a6beedfa8950f52e	26222afb136a0fa8b5bc400eef948f980fec764695c7973884aeab0a6b752818	true	ACCEPTED	
805	6160d95766fdc1e3f55502fdad0c65dce572b5e75a8b4cdf22c2fd96ae564673	76468f5c78e041f7203e47972d46036715a237e9e04377c227b6e8c5e4cc9f17	9e224cba339c337af8e7b7bbd44696d563c52fbfab94675d7b125e61a0d2d789	true	ACCEPTED	
806	a58f868eda32ede1c2fd2fc7e7ccd1083cca0d7bb41919c2a7479cbe241322cd	55630241c53d01ad386e7740bb119fa7b0f7d2615ae53cf63f0936f9d9942b8a	9382ca962819fb367066fc2e52d61d3f022c13081dc15b0a4021701a0ac6662a	true	ACCEPTED	
807	bef1be7a955b4ece345fe328ad8df771cbe25a8651b38659d1d38dc46f6dab68	8550cac389a2f2136022f73ad299bf869bd02e4ab9911e4e0f6a6ed2e6f30884	09078cb7af8f11f2074a49621ff8b03e1b29a947f0727c28d8b6e65a823fb692	true	ACCEPTED	
808	f9282f9c6e52a34c0348434af9264934dc8074b6e3c8f9e8b7de8fbc369d2f1d	6a9f20847ec5c8a1eda8c6fec2a07d5734aec9c05d4a9d61a2df9d1d8984ffb0	9dac1f265f86eeab0efdb1fe37b1986da63bd4ab0a360ee876553019b24e0ce8	true	ACCEPTED	
809	3127d11395d891cd8205fc8c8e86343fd60cb61f83b72b0c7d19365a678952d3	784781a231696b27ecf9e103238ff93a8eca0254bb5bf86adca3cddb5171955d	c4667a5428c35892c2c8fcf83ea84ff6f083087c5b83245eae7dd5bcb896f0e8	true	ACCEPTED	
810	5698330c5b2ba9615801af7d58b96d5313e0d92ea9d266514fe3dc79115ac3f5	8cace547c5dda04982ddbb2d4e36112bd7064caf702a00633c347665b3eb5b8a	295e9bf94c72c621246ca72d312f118ce4a34b2a22f02838d8e0530b66f74fb0	true	ACCEPTED	
811	910f7ca4dc6647a696b2730dc39891fbec0fd8d05027a6ed832e4b06dc3124c4	9dbbc28a62558450f3b2dc821fa4530ec21a60089f2f4789f6a24cdca7e361e4	76f5bf93594256c3d671847851158a16d7c12e444d682f8b9fbe9aecd9a9aed8	true	ACCEPTED	
812	ecb3d30a45c19cb08b60e7866c3a969718a0873c686ca2419e46627fef3e4c05	ade000c8d735561640c0e7f71dd0bc4d9eefba71f9662de812f0c2512586fb8b	d30fb3b9d47cda75487e25f3e31024ce71154b87dac8338379cb4d847daa349c	true	ACCEPTED	
813	c517995af43160315617ee281136bd28a2c0eb6c284b38f60bbf7656a6e5bb51	aabd6f0161c4aaee5f902e16fb474e1965c3b4e73da1336b0f16174c0e2ce9d4	4b56ab47783c69ccda626e1d3f552357de56587193624d2978e4782eea466d7d	true	ACCEPTED	
814	5258fe78f5932dff443f2726f15ae7fd902f80c44177193a550e33a8b0d815a5	bea5f6d9b54caa9d8d629d2332b9a4147721729ce335a0b2c41965b4b4bdd6c8	c91baa7bb2c874c50a42a9827f527d6079809ce90926fb42f1279d1c93c46a75	true	ACCEPTED	
815	876035658471eae8b226aeeb681861a7b399b7c5aa024c3a5791e648edf9e433	4a34cf6342ea0e7bad27f6fe265f7b0df8ce2f4ef252f7a9c35abe2d815968c5	b77abee0ef513b4bb19f2a25e98a3ae38f588ee60ce4f613cd9e55a99eae0e5d	true	ACCEPTED	
816	80284d7c884045565bd4ccd40100abee1b1891045bb45577bd73970b5fdcf4f9	61629613e929d9590f2c0155545a6905ff7f1f4a009f9e45fc6290e4a20d5b58	0692d458933bdbe63a0432a6427ced4a46e9d3c7c564f56f1951b3cb8eb6a647	true	ACCEPTED	
817	4a78b5ff66572f8dd8e6b3a138f7bfea6178974e2d33a68b879217a730633fbe	8ce760952fc308a62a8ecb3e027e4c6f309507aa2a51b7aac66f606cc6719c95	4b342922dbccc10085ef22b11a566ef44e7b6c747e22a7fd8eb99c11e2dcba32	false	ACCEPTED	query representation changed or parser warning
818	f43de312e92bf70e1de62911805b8117595c64c36cca1a39094b69a8ed9e2737	c8fc4145a9cd9bde96f6287d92667ba69e52aa90ccc164aa1111b62e196d8eec	d51fe6ff519b44af3f5e9395f006f3c6ec7395e1e3a55e2197921c2d4c6a3e5e	true	ACCEPTED	
819	160322108dbc8e065bfd63bec222accfa80dc2d20b432860e9b655037c9e44c2	ed8394d5d2d925f77b9a8375221f53266e5ce6575059e2fcddbce5e8cbd9ecae	74af4a0d57b1c6bcae95a571ddb8bcea2f8cdf0574ba7428daf3472b3fa411d6	true	ACCEPTED	
820	fa5bb7e2a1b12bd9fe8a4196d534ecaa204efe058397d4029551f84c7ee19f17	f0b5bf4735b688eee5c09e70441a668a5b0babf39a469de74383dc26ddbbdd65	7d6beeac2b6d208592201d9dbc196c543e435b696150be429ef49f95b515f5df	true	ACCEPTED	
821	8c1ebdc9c364d9469160e9b96546bcd212d0299c848139f0ca072659be1b9f0d	72acae810cfd637db394c3c7896aa7b22a4b0a74e4d25f370090d074a1a58463	d901721af7c9df764334a337256d41bad2bbdd577f0d39c20e891a473bd7e3a0	true	ACCEPTED	
822	1f5b7ee8bc0453eb48d9c91e4ded684a72bbaea963c113d36e0e54b8e87ca234	25e1448f7b23bbeac0f87e24c257a8cb9b44045a5c310e8b5f55ef9e4df54205	5468068dfba3db07d6aaa5f730b4a1a4847d3b473a5f676d30d637fe4a7da89b	true	ACCEPTED	
823	789441ddcac895f8792cd1c1a73fd885dac1ea1faa5f9747ca6390082a86320e	f2482156b9e4dc74382abb4594c638ac86e11140d34d733d337542c5980836e8	9521e8737b5564980a7712081b12020669c0cfd344c08ba2063a8462e989098b	false	ACCEPTED	query representation changed or parser warning
824	e924f558b737f0eb5a6819268896e760ac22cf55d933079b0e1ce68952ddcd88	7fdad75c1ad385b6473f3805cf28adb74b1e6d62c9ab7b9ad4abf61e35842c7e	6fe93acf014a29681266a721be6cf34c8bf8956c84f869c5ccebf539a307df0f	false	ACCEPTED	query representation changed or parser warning
825	e924f558b737f0eb5a6819268896e760ac22cf55d933079b0e1ce68952ddcd88	96093d669b1f3edb732f89a4acc3410837673dc864f2cf09feee78568bc18460	415d588a451115c28ff855e1446984e67b7445c28365ec2639619d84415ff1be	false	ACCEPTED	query representation changed or parser warning
826	e924f558b737f0eb5a6819268896e760ac22cf55d933079b0e1ce68952ddcd88	5aa05fe32e45c82c5fbb1de614a2014d28ac0d26d434ab3b6f9ed25055c6104c	20b19c8195c299db06190fc844aa34173cabb65adf6c7aea344b10b7e96d0551	false	ACCEPTED	query representation changed or parser warning
827	e924f558b737f0eb5a6819268896e760ac22cf55d933079b0e1ce68952ddcd88	60160692b98eb1efaa0c39b71250a33e6b3c5f6ea87dc5c6da3db7af63942c3a	8b09a7eeacb39969c234961b6621a1d0e98337e7ea2eb4c0f347e452a1ba7b75	false	ACCEPTED	query representation changed or parser warning
828	c91a1f6d9956b67a5fa8ea4625521b5126fb3289f679bd9869d4eb300fdf9e4f	2efdfa906a54b62f2982dd3ae35fcbfa1e9a660bb69bcb374f6e37f747ddffd4	9f5fb978f41fbabbd6f8a92b945e3dc5d14d424c602b155a16b021098139aee9	false	ACCEPTED	query representation changed or parser warning
829	24abc2d91c12f3032d8aaa35a32f756497d733d171632d46c506174cd866ecd8	49c84b18997987acf18b0a599f0d3d2a588b43da83191b32c59cc0f072a7701c	ec2ab5fd7ad10a9e18c5c2bae624a222e58e37166e829d545cdecf3238de5f78	true	ACCEPTED	
830	79c58c946af68e876d42caae775d5ec6aeba6f6e6573c1a7fb2dbb889f4c4594	57ca62dbc21cdbb565037bd5dff6c0478ba167212317db2ea3b155385204608f	d168509d1edd2590ce8d9016d2905d5e5ce1e0144c182dcb17616efbf143894e	false	ACCEPTED	query representation changed or parser warning
831	9c9587b73b537e9e1de776551395c471d4d54e8e7a7eedc9a23a68dae4ed1381	829e9710faba578237a06a11cd390ef0b6c007d21cfe6d4de5f14dfff95c2c68	b4d8be7cea5411334e096b9646f3fe1473ee45be1f63ab6bda65ba7920f8b583	true	ACCEPTED	
832	10751157d4b02abfc3cebfb4087ec3a78d2ac5162406fe4be04bb5fa4efb6bee	52115f8f7c3eff8be1e71819e4f84b377208ef8ac4bfb6e74077700f42353ebe	10616ed60e7f03e95cdec8649bee95ab94942ab9605518232b2bc1a9a445eeaa	false	ACCEPTED	query representation changed or parser warning
833	fb339538cd64ed8bad685e12110a17dadba02d6b0da4c5b9da58301389c09830	92fd2847fa2f50b9cc4fcb5dd5875877c191901348923fd89520c9a2befffd51	90b69918dbdf0fd211b8692c586e63db3fed3458d8771f41bb0f9a81885f1f90	false	ACCEPTED	query representation changed or parser warning
834	197c98e009b1be07cecbf05a9560f7086a4c0684607187e24ea6f394c40c66f2	b36911ebc31b854e59afba83a44df335427fd2cc7c05b04e5dbc601fb2a3e038	4e9eb6cf5806ba9438807f89972966783393c5dd5cb6ddf579fb8d8c4e39e3ae	false	ACCEPTED	query representation changed or parser warning
835	197c98e009b1be07cecbf05a9560f7086a4c0684607187e24ea6f394c40c66f2	20e9e80cc051da9cab05eeacf0aaac827afbd67e4493c3e078bd9e4faa060f05	a0f9579935080c3963208e70d514bade87ad1f175f2203b98c2c6d10b28a9f32	false	ACCEPTED	query representation changed or parser warning
836	a3c74fdc45f32d5acb7593abe11699bbbfe518ffa88ad347293a6d41f753c40d	90da33de4d733b38371ed9a078564cd01ddfe84cec6cbd265a06f850c356e18e	e736931675a173c8a0740718bdb7624e914db4c37867ac4336f5bc40c3c5c8c9	false	ACCEPTED	query representation changed or parser warning
837	e49d75a833830fa2d7f93440a3f1f47e5cf34aea2d30b1ac258cf4eb6225c8fd	38ec7550bdd75969a375fa8c40114bf0dd626874f28657eb1d7d5c234981405d	ef923f5c9e33b69d6bee12a29a6f2dce64bd7a44fed508a685c5ebfdf7b7fe9f	true	ACCEPTED	
838	8f0b71be2365c02a1ef391f4087cdd0a78a5e5cd292e3b0b72e236e11cab368a	ab9c36cc3e2dec69ae72a4c6a7895e5937ff890224ace25855156df7e883e4b4	1c56d38491a27b7b6f68ee9c1b6180b459270c10ff8334892397af62c9c5699e	false	ACCEPTED	query representation changed or parser warning
839	3928f87f412ff42e348db0f178b0d0cb72f83c777e6083c1c4a848bd3589bf7a	99d27ef48ec209294d599f5441e1c27e59171a519018dc52ca732372b1a6f170	1032f0c3477af2a3046299e0f904f252afd0b5a64eb4da9ed97060cab3589260	true	ACCEPTED	
840	b56f9a7861f0e63acd28fe7b92f5de1180ffc2af9b6d9580328abc6bacc59752	cd9889b03cd75dcb153070652a40fa74b89df248c81ce11d2eb05aad4c942d98	65be3e2a61d8bba147693205d6a21f5f338b1fada126f07728460c565e5dd417	true	ACCEPTED	
841	b4236d704ceeffef0cf500f141919628fa3c68528d256b4376e5ffc6f91eb203	86a04d0a148057eea607f3d59b854c4e16b400e87d1cc5f720144278c725e0b9	9264d72d2bcbdf47b3817e738040f83536feb159932292cc86e0145190327270	false	ACCEPTED	query representation changed or parser warning
842	7d550d2e71b264d80fdbc332edcd6311ee181c053a03d2c8c62b8cb8f857fed7	1d46cf1a96367fddc05bd28f69e460d4876d1507221ff67c5d2b27e44237c850	5e28d94d1fb55181749138ef6d93ea456526a4e75c71602dc128225bbeb7615a	true	ACCEPTED	
843	8bd852b8885f8aa80fecbc578eb8dff91db66b0c2dc8419b7890c20deffa4aa3	b0b4c452ba9b39dfd867b22853456f626ab9da8bf97cf507c4a5081d4289c74f	a4c19d39d3f6a526448ac570279e7bec67d71e1222cb7e4fbf176e2ee62bb7ea	true	ACCEPTED	
844	57abf0f3826ff76383fcc04e1aa820bde4b0608acecaa5b3b3cdbe5c4f114de8	681c0e956bc816c2e5faef57f31f8c93488732981839a0c59919d0ce1e166049	085ff3ede85cbe26502ba0fdff378523c842bc15437a43fb8bfc2819da14129e	true	ACCEPTED	
845	7884339bd65cac6b34b9bed6cc10cc2c518f2723911abbde67aade9326a6b343	d1fd69251c446f6c1b593046e930741ea5d7b6274e92d4b4d6f8e56fa6794cf0	716a405be7ba9cf1bd086144390245912972aba4048c2957038645f1273e80ef	false	ACCEPTED	query representation changed or parser warning
846	9f102f45863e8b9ad1ebafc7ccb3ea39033005b7c0a9a3a235376b7f091bf4d6	2b2c4d68a17db95b57e01fce989ed6e4969d921860883377ec136258878d418f	f31fe92d1b53ecca01be4fa5d0805d81d4b4f14564b7dddb643e597bef5d4275	true	ACCEPTED	
847	04fce842f7f5ca01cac908c1b0a82ebc099f6f21f67d081f4071066972f92a08	7f2514ea9c70fe2987ea2fb38b012f8235e87305921e3c688da5a591a324a0d0	064c6b1072026e9a300e136c5b01e4f3db77678e3c08a202c3f79c2851c84d68	true	ACCEPTED	
848	b1ee0f9ae9b51ddd72e2b8f6d3f0a7f70076a44f79b4b1794b4a9d46a1c79cfc	426b147cd3f77d57360181dccbdf215cf93e809413a0e640dab648db72b42dbe	15dd4bdc057f3db4d8e5c45667d7b9f09e8a0fa77968a89422636f6d6d420143	true	ACCEPTED	
849	f061888dea29f8a2d97e3a9a0c1397ab3c7ca8aebd537cbc95a3e4b2241f8d94	d6a5be970da4bb769537c8482ecc906a11b478fd7226b21c0f8648b93afe768a	665d3fa3739a0bb75eeaa7db783cb6d9df43f6cc9240a69b5b35c0846e182ced	true	ACCEPTED	
850	b109b3b2cfba01810993dba9090f9ca7f362329ff7118f4a46936a95dea33884	53e49610ab04a2724fccd32882e80862f97800e7a919c6fcf11eb094e2754d17	6705eea3c0a05a57198e18101d96e2e22c365cc3e8f0727fd92a76d799e785f9	false	ACCEPTED	query representation changed or parser warning
851	b6e2037e4770c110511da0b7ce6fe2cac129d5d9d4f669ff51d3d2263c546dbb	279997bd63a496305c7d0a77c84afd624cc3c2f465b37a584cf554208335a926	ef5cbba60bc20dfebac68f0c6a41d763616494cc5e81c28cd1e306613f725b2b	false	ACCEPTED	query representation changed or parser warning
852	7636bfa1faede2e3d94a4609ef71dcfe6814d9115a0adbd4e45492f4c9e2014d	494dd417678a670e72be25d93e9dcd54afd98a0efb036bb548e5c76eb30c1c70	d3e291915418417d2f9c34fccaea567efbbf535ecea2959a73b19c0bf01c88a8	true	ACCEPTED	
853	ab492577a8b57863b7a623dc2326b908aa218df7294daca23916c39e8958c814	b48ffea55db7696acb787901eb6b6cd445ab8e18eb16b0c3b69246308922d816	14521613a33e715a8b3f9261aabab242dd7ddfb5b82199f839ee7fa5fd0773db	false	ACCEPTED	query representation changed or parser warning
854	f66cedc40f14deae6e129ede9ba4798d18b84bf228eda59db48ab51c7130f766	a12447eeefbc65805c59aed1d8f6a0d429f111a425d9406bb8831faf12d59e36	ec03ddbffd49f8bf9fe8169544ec223a27427abcc0fbc34b545849d320e20bea	false	ACCEPTED	query representation changed or parser warning
855	64a3af92506ad993f3de6694faa07db0abbc76b10940c80e8e122c4321251390	e7cdce3d7cad824cc795f40e59ce1969c22dfb86fedc7f3eed2f0e1b42cc8025	2980244958df71ce96f346ffd4afbd9b5d42189df352b97befd52e1d110234ae	true	ACCEPTED	
856	7b75e077fb815ed2d21ca9b6ad40d82ea11c8401059610f1f7228cc315876f2f	d6f2a8bfd49dcadf0118b81629b580c2c5b3da61e530424bc5151a67adde65c3	a3adcce9f82a2930dfeb0daedc46f5bfb3ea2e853c26503ea0c6edfd831efb49	true	ACCEPTED	
857	ce11318e9e803dbf662bdafc1ac5fcbdeaaeefa4d02fd7c06cd013373f38bfe8	5d30448770f4a845951f38e4b9c82103565c1599d50a956f51746c1f12f79e93	d0b07a3f85787a6d742c11d98bad661b5edf69610f7a6522b2030c5095bc6173	true	ACCEPTED	
858	8d404900f17f1c25cce417e26aa2afa3e1f365b1921d00285e44434c966d3c09	904ef7345a6dd4206028b5476984a3faededf4eb617d1735b82c2f2fcc241da6	69c8b2ed78c7bb704c7dc626816956f6af419940b7935054f6503fb5e143efb3	false	ACCEPTED	query representation changed or parser warning
859	73abe107cfd9a814bb95d2492150cb952895407522df67b7bbac5eddf91e1749	b5e4dd166470a77cf673ee7ba8b23b1860c969e9b9c028a9c875c33dcad89188	e53ad10a15557e4e5a631e91a6a7126d144aa4f6c9114b2beb21107b6245e1e1	true	ACCEPTED	
860	7c9bff209fc755229fd5513c17038224867273e548b580c912c92c0c0f8660e1	8e9f7f00fad95ccdffd5163b18b72dacc2fc0bebc44c7416a36cd6ae7fcfe47b	0b294dc2de70877d8b71e7ce47dfe009724355a5b8881798409c9b3760e766f7	true	ACCEPTED	
861	c7bbb39d82004ae4e1c9f46b59e6f41f9e6255ba5355b955cad15e0b0b1f614d	5f3bff8c5604c45a9bc866131ac298b3807b0f63e3ac505c597792967a26ad62	d16a90058d7bb2bae0550d328982a5a60bf068d9b48a3f6096e9ef0d596d5293	false	ACCEPTED	query representation changed or parser warning
862	c7bbb39d82004ae4e1c9f46b59e6f41f9e6255ba5355b955cad15e0b0b1f614d	ee235d1f7287de7333846ffa15a71e2acd917f9b8b8bdeec235a009069de18f0	ebb02868e965527c6271a55878f71f3d55e64abbb97162819296c5628096e9a0	false	ACCEPTED	query representation changed or parser warning
863	2a2cff9feb07517d655897f5563c402f666e4ec0879b3a769939f670147bbbe0	bb4b70020d7046c3981f0523a2d58a9db652e0279c9ee05388f4386a68dc82e4	2fc706bd8fdab4b620cc21b0ac979c0a079ef9bc18728cd68bb5d9b741b60a3a	true	ACCEPTED	
864	e7cbff0c779f37a07f3ab0346b008bf96c732221d996239c0629b6d493485bc7	bb6b2c7618e196f416f685c42314ed6fbe131bc0e0130b7c7ea19a2ba5f83065	69b0557cf80ae7431b03a26766c2ddf29da01034e6b3b8626e868e9b3ca66a2d	true	ACCEPTED	
865	e7cbff0c779f37a07f3ab0346b008bf96c732221d996239c0629b6d493485bc7	12998d0f07f04c44dd5af452db6afec0f3120a5c9817abad5f967246a3b89026	d088daa40e893a5ec2aa02f49a7a9ae873ef80487dad96bd26a7cc50bfeec9e3	true	ACCEPTED	
866	e7cbff0c779f37a07f3ab0346b008bf96c732221d996239c0629b6d493485bc7	a83e1bc53f833a49fe1faa1e0d81835c22406b184dd02d90ac520b10a14f4a8d	95f93250c61ef02625c709cd65b7735b1e58770b6895a3caa71718dd1103fe39	false	ACCEPTED	query representation changed or parser warning
867	e7cbff0c779f37a07f3ab0346b008bf96c732221d996239c0629b6d493485bc7	eff38d21ad0746ffa2e17ee7cba138d6fdb929277e2b11409776060778674ed6	dbae699f225d9cf4275b30f95905c9f6ba0e415f4fdaf0acf306e49fda85a63f	false	ACCEPTED	query representation changed or parser warning
868	f262b5ad6a2bd8db582924ffaf15ecdd7ddb600f2e89c06b1970efae1a61f08a	2e0b016b7e7028111fbee148f55be14f0af2c415c14bbc5aa5b4224c62bd2394	29435e11ac8481a7f4b82fcdf14434ee89652bff7a884d275511a132eb543c3e	true	ACCEPTED	
869	bdb0b71ecd00e10cdb75bf05b79a4c00ae82d0f0db918bfebbf6140573a9322d	dc46d437dd9eab9ecd6135d71c074ea55a1d0d17fecc91ceaa86c249c4df60f7	f3476eb57d099f24c1856b0f64d3956eb88b9ae71773fc4537c945ef5c6466d0	true	ACCEPTED	
870	ab74080c356d80e0b9bbf1abe9dd0dc3633b96e7801ebd2849a89f8115f132eb	e13ade3fcf8cffee28e9235ea2fcea86f232fc904aa190f2f3c4d02c31f6b5d1	65e0c4b1b25e7c7858938ad892a72e22fdfcd844c5f55e0d922bc8aa9d21088d	true	ACCEPTED	
871	ab74080c356d80e0b9bbf1abe9dd0dc3633b96e7801ebd2849a89f8115f132eb	49f40dab7ee49f8fbd2c371920b136bf103f09f9874bdf83d6f8bf648378b08f	56f8e7b4a15c6ad2af26c72d01248e7448d5892138d26555a1fd1cd1e56fc7bc	true	ACCEPTED	
872	ab74080c356d80e0b9bbf1abe9dd0dc3633b96e7801ebd2849a89f8115f132eb	236f847c85681c286598d58e151b712980c2920c36c5e447445b14592200022f	7baa4c9e758e912b9db413861f3d26c85d47444df7adf23ab663539387341504	true	ACCEPTED	
873	ab74080c356d80e0b9bbf1abe9dd0dc3633b96e7801ebd2849a89f8115f132eb	b7170fc17fa487b00f3f3a1d33b005cb0aa1820a8aedafa2066d7371149cf7fb	17cc1a41e2b7593fa90b1af188452c6ef65fdcda9163499e7a1e6fa1cc9ad344	true	ACCEPTED	
874	ab74080c356d80e0b9bbf1abe9dd0dc3633b96e7801ebd2849a89f8115f132eb	b3a3f15b13192bdbf78a3ded05691f6038297730f26db39dfdb0c8a8a7bf1a6a	928c1ce22a87fc4cb0a21f0cc716cb00560541a430f9fc5c04b44acb067c23db	true	ACCEPTED	
875	ab74080c356d80e0b9bbf1abe9dd0dc3633b96e7801ebd2849a89f8115f132eb	597a69c7b4acd0f7715acf8ad5a2628837796cd7fe1142e50683082737a8de72	67017343e6247aa12c8e58c1f9c06103453510534bf80eb33863c67740885c1e	true	ACCEPTED	
876	24a99691892487a88936f199eca520106847702cc537d0b47c03b787b3113c2d	85260d80cfe25b5d81775c711a2a37578135f3e0e604367179db37afee692fbe	6cbf9d551d75eac803312172511badfeebe57749f1e74f99961d00c3837e86a6	true	ACCEPTED	
877	24a99691892487a88936f199eca520106847702cc537d0b47c03b787b3113c2d	9007b92462c0f761f7e3232f9fba84d6ee0c72517ed4bd99745abf5117f0e9df	e15f84d33da550ca7f7362544e1f6f1a8a80091ee3ecc12d8510d176034cb4c3	true	ACCEPTED	
878	24a99691892487a88936f199eca520106847702cc537d0b47c03b787b3113c2d	0392b883635ba240dec105ec3b01e30c607381250d471bd18200246005f3109c	282ca2f6f6d9d154d2f5995efdeeb5e934d063dd2e4cafb45539a1b1867c38f4	true	ACCEPTED	
879	24a99691892487a88936f199eca520106847702cc537d0b47c03b787b3113c2d	fd8ece8ef5568f3c0871761a561578c1cc0f7b577b11193765a393c8a8af5437	f556b793b2e6813973b92d8144a636b88608823fe0100f664e6f93ddd054b515	true	ACCEPTED	
880	24a99691892487a88936f199eca520106847702cc537d0b47c03b787b3113c2d	7f38fd201b8c8e8f9d75340d1441502570a00adad7b205c2165e563292999e0d	e18243561be438db860d2db6b10fbfc31ae32ae4b1afbbc2b2038e4566bc8d58	true	ACCEPTED	
881	24a99691892487a88936f199eca520106847702cc537d0b47c03b787b3113c2d	704a69ad5765d6de36a2fa4e35b1ecb66b5051ff067b2a8770b2bc4e691f9e50	b0942b95f0c9f09a6c36b0904ca6cd8a222b3c00f27fa7c6acc2c5d182ebc868	true	ACCEPTED	
882	cad7cf485d1ca197cb29acef1ca245eb87be035bd873fbb13a384c21fdb6672f	dbed90cab448b94b4bc8758ef26033aaf0ff41a2d256a3e7478c240ae79f2d19	75e0dd3695800e11d93e701be51fc9d83ddc348cc14790e9e8b81abb231f4994	true	ACCEPTED	
883	cad7cf485d1ca197cb29acef1ca245eb87be035bd873fbb13a384c21fdb6672f	7c87b27ef3bf0ade9cbc783343222dc23aa564760fa7d00b96f52c065e254c11	a71476a0526367f262001ba1c52c60a16643b07f3d028e77ff811b15e3804f33	true	ACCEPTED	
884	352103376f3b2173b4d3eef9d23556278377ee8b6735b0ab2736d709a6dd286e	91863b5ea53b786dd3b5a643dece09f5e70629ea78d969b8689253e4fbc9ceab	99ce8b1fb1c4a956bc37ee468c3542a1384655264a40dd57cae92d523e753821	true	ACCEPTED	
885	bb2d383753a384b10a4adde8364b22ce96626e63ec3992c838cf3f3d4d7b07ae	fce5038cf06b5aea4fefa4115b6047d47567da99874cbd00fc5103d7961f4053	d847322c6a12d555a8e16c2b9b00f9b988cc69221b666795148506c2a00a166d	true	ACCEPTED	
886	25a5210a43b6b9f8a1697ae597682d469938c316d571048477baf966352c1036	3ca1416398f1480900aa701c029da7eedc64ce80465c2911eb8c5b7c0348b2c1	81632b9f0dbb8ef2f2e46dc8da9c7ffc2b06ac27a5e180056a9ac587a01ff889	false	ACCEPTED	query representation changed or parser warning
887	b86d02f745d602a8b3498105cce36240663926f55cf70a463b82ca75253282a6	865d5ecb3a4186041ff80fe0a322a99c0443cd5847c4155c610ed5442341487a	4b6ca2bcd89bed9c9165b78609f61128e449f5894e618b020606e453fc577785	true	ACCEPTED	
888	897ebf735cfbe3ba5964320847d88721c91ff8399aab84fc26a376ef4084a1ae	865bb5e73ad95b46dbb8ba93f9a6594784a1e0721771fb227e2cf52bc687a809	1aafa312125c31d13d8257f1d51e1e609ac63f78e18640f0729926434fc4d2d5	true	ACCEPTED	
889	44187408cd9771deaf613d62c603fb42169746bd7474ae95c892ec8d1f4cefc7	85bc4f34a5c221fb8f55b65746707f7e44945cb93cd1082f7185bcef3f38b78c	57f1117b153848975ddef2cbd458583c2c6136fae0e1d0fa8ad1972bdb04ea4c	true	ACCEPTED	
