PARAMETER_ID,VALUE,UNIT,SOURCE,PROVENANCE,FROZEN_OR_FITTABLE
ATOM_1_TYPE,c3,Amber atom type,analysis/mettl7-phase2/execution-unit-05O/model-form-analysis/baseline/baseline.parm7,baseline.parm7,FROZEN
ATOM_1_CHARGE,-0.3348319998024399,elementary_charge,analysis/mettl7-phase2/execution-unit-05O/model-form-analysis/BASELINE_IDENTITY.json,accepted AmberTools26 three-minimum RESP,FROZEN
ATOM_1_LJ_RMIN,1.90690000000765,angstrom,analysis/mettl7-phase2/execution-unit-05O/model-form-analysis/baseline/baseline.parm7,GAFF2 topology,FROZEN
ATOM_1_LJ_EPSILON,0.1078000000751509,kcal/mol,analysis/mettl7-phase2/execution-unit-05O/model-form-analysis/baseline/baseline.parm7,GAFF2 topology,FROZEN
ATOM_2_TYPE,c6,Amber atom type,analysis/mettl7-phase2/execution-unit-05O/model-form-analysis/baseline/baseline.parm7,baseline.parm7,FROZEN
ATOM_2_CHARGE,0.144216000175609,elementary_charge,analysis/mettl7-phase2/execution-unit-05O/model-form-analysis/BASELINE_IDENTITY.json,accepted AmberTools26 three-minimum RESP,FROZEN
ATOM_2_LJ_RMIN,1.90690000000765,angstrom,analysis/mettl7-phase2/execution-unit-05O/model-form-analysis/baseline/baseline.parm7,GAFF2 topology,FROZEN
ATOM_2_LJ_EPSILON,0.1078000000751509,kcal/mol,analysis/mettl7-phase2/execution-unit-05O/model-form-analysis/baseline/baseline.parm7,GAFF2 topology,FROZEN
ATOM_3_TYPE,c6,Amber atom type,analysis/mettl7-phase2/execution-unit-05O/model-form-analysis/baseline/baseline.parm7,baseline.parm7,FROZEN
ATOM_3_CHARGE,-0.05933599984634211,elementary_charge,analysis/mettl7-phase2/execution-unit-05O/model-form-analysis/BASELINE_IDENTITY.json,accepted AmberTools26 three-minimum RESP,FROZEN
ATOM_3_LJ_RMIN,1.90690000000765,angstrom,analysis/mettl7-phase2/execution-unit-05O/model-form-analysis/baseline/baseline.parm7,GAFF2 topology,FROZEN
ATOM_3_LJ_EPSILON,0.1078000000751509,kcal/mol,analysis/mettl7-phase2/execution-unit-05O/model-form-analysis/baseline/baseline.parm7,GAFF2 topology,FROZEN
ATOM_4_TYPE,c6,Amber atom type,analysis/mettl7-phase2/execution-unit-05O/model-form-analysis/baseline/baseline.parm7,baseline.parm7,FROZEN
ATOM_4_CHARGE,-0.1834120001317067,elementary_charge,analysis/mettl7-phase2/execution-unit-05O/model-form-analysis/BASELINE_IDENTITY.json,accepted AmberTools26 three-minimum RESP,FROZEN
ATOM_4_LJ_RMIN,1.90690000000765,angstrom,analysis/mettl7-phase2/execution-unit-05O/model-form-analysis/baseline/baseline.parm7,GAFF2 topology,FROZEN
ATOM_4_LJ_EPSILON,0.1078000000751509,kcal/mol,analysis/mettl7-phase2/execution-unit-05O/model-form-analysis/baseline/baseline.parm7,GAFF2 topology,FROZEN
ATOM_5_TYPE,c,Amber atom type,analysis/mettl7-phase2/execution-unit-05O/model-form-analysis/baseline/baseline.parm7,baseline.parm7,FROZEN
ATOM_5_CHARGE,0.6347030012676775,elementary_charge,analysis/mettl7-phase2/execution-unit-05O/model-form-analysis/BASELINE_IDENTITY.json,accepted AmberTools26 three-minimum RESP,FROZEN
ATOM_5_LJ_RMIN,1.860600000047295,angstrom,analysis/mettl7-phase2/execution-unit-05O/model-form-analysis/baseline/baseline.parm7,GAFF2 topology,FROZEN
ATOM_5_LJ_EPSILON,0.09879999999945691,kcal/mol,analysis/mettl7-phase2/execution-unit-05O/model-form-analysis/baseline/baseline.parm7,GAFF2 topology,FROZEN
ATOM_6_TYPE,o,Amber atom type,analysis/mettl7-phase2/execution-unit-05O/model-form-analysis/baseline/baseline.parm7,baseline.parm7,FROZEN
ATOM_6_CHARGE,-0.5663450003567058,elementary_charge,analysis/mettl7-phase2/execution-unit-05O/model-form-analysis/BASELINE_IDENTITY.json,accepted AmberTools26 three-minimum RESP,FROZEN
ATOM_6_LJ_RMIN,1.710699999750417,angstrom,analysis/mettl7-phase2/execution-unit-05O/model-form-analysis/baseline/baseline.parm7,GAFF2 topology,FROZEN
ATOM_6_LJ_EPSILON,0.1463000002025108,kcal/mol,analysis/mettl7-phase2/execution-unit-05O/model-form-analysis/baseline/baseline.parm7,GAFF2 topology,FROZEN
ATOM_7_TYPE,ce,Amber atom type,analysis/mettl7-phase2/execution-unit-05O/model-form-analysis/baseline/baseline.parm7,baseline.parm7,FROZEN
ATOM_7_CHARGE,-0.402716000175609,elementary_charge,analysis/mettl7-phase2/execution-unit-05O/model-form-analysis/BASELINE_IDENTITY.json,accepted AmberTools26 three-minimum RESP,FROZEN
ATOM_7_LJ_RMIN,1.860600000047295,angstrom,analysis/mettl7-phase2/execution-unit-05O/model-form-analysis/baseline/baseline.parm7,GAFF2 topology,FROZEN
ATOM_7_LJ_EPSILON,0.09879999999945691,kcal/mol,analysis/mettl7-phase2/execution-unit-05O/model-form-analysis/baseline/baseline.parm7,GAFF2 topology,FROZEN
ATOM_8_TYPE,c2,Amber atom type,analysis/mettl7-phase2/execution-unit-05O/model-form-analysis/baseline/baseline.parm7,baseline.parm7,FROZEN
ATOM_8_CHARGE,0.1006860001207312,elementary_charge,analysis/mettl7-phase2/execution-unit-05O/model-form-analysis/BASELINE_IDENTITY.json,accepted AmberTools26 three-minimum RESP,FROZEN
ATOM_8_LJ_RMIN,1.860600000047295,angstrom,analysis/mettl7-phase2/execution-unit-05O/model-form-analysis/baseline/baseline.parm7,GAFF2 topology,FROZEN
ATOM_8_LJ_EPSILON,0.09879999999945691,kcal/mol,analysis/mettl7-phase2/execution-unit-05O/model-form-analysis/baseline/baseline.parm7,GAFF2 topology,FROZEN
ATOM_9_TYPE,c6,Amber atom type,analysis/mettl7-phase2/execution-unit-05O/model-form-analysis/baseline/baseline.parm7,baseline.parm7,FROZEN
ATOM_9_CHARGE,-0.2874720002414624,elementary_charge,analysis/mettl7-phase2/execution-unit-05O/model-form-analysis/BASELINE_IDENTITY.json,accepted AmberTools26 three-minimum RESP,FROZEN
ATOM_9_LJ_RMIN,1.90690000000765,angstrom,analysis/mettl7-phase2/execution-unit-05O/model-form-analysis/baseline/baseline.parm7,GAFF2 topology,FROZEN
ATOM_9_LJ_EPSILON,0.1078000000751509,kcal/mol,analysis/mettl7-phase2/execution-unit-05O/model-form-analysis/baseline/baseline.parm7,GAFF2 topology,FROZEN
ATOM_10_TYPE,c6,Amber atom type,analysis/mettl7-phase2/execution-unit-05O/model-form-analysis/baseline/baseline.parm7,baseline.parm7,FROZEN
ATOM_10_CHARGE,-0.04779499997256109,elementary_charge,analysis/mettl7-phase2/execution-unit-05O/model-form-analysis/BASELINE_IDENTITY.json,accepted AmberTools26 three-minimum RESP,FROZEN
ATOM_10_LJ_RMIN,1.90690000000765,angstrom,analysis/mettl7-phase2/execution-unit-05O/model-form-analysis/baseline/baseline.parm7,GAFF2 topology,FROZEN
ATOM_10_LJ_EPSILON,0.1078000000751509,kcal/mol,analysis/mettl7-phase2/execution-unit-05O/model-form-analysis/baseline/baseline.parm7,GAFF2 topology,FROZEN
ATOM_11_TYPE,c6,Amber atom type,analysis/mettl7-phase2/execution-unit-05O/model-form-analysis/baseline/baseline.parm7,baseline.parm7,FROZEN
ATOM_11_CHARGE,0.0991709998189032,elementary_charge,analysis/mettl7-phase2/execution-unit-05O/model-form-analysis/BASELINE_IDENTITY.json,accepted AmberTools26 three-minimum RESP,FROZEN
ATOM_11_LJ_RMIN,1.90690000000765,angstrom,analysis/mettl7-phase2/execution-unit-05O/model-form-analysis/baseline/baseline.parm7,GAFF2 topology,FROZEN
ATOM_11_LJ_EPSILON,0.1078000000751509,kcal/mol,analysis/mettl7-phase2/execution-unit-05O/model-form-analysis/baseline/baseline.parm7,GAFF2 topology,FROZEN
ATOM_12_TYPE,c6,Amber atom type,analysis/mettl7-phase2/execution-unit-05O/model-form-analysis/baseline/baseline.parm7,baseline.parm7,FROZEN
ATOM_12_CHARGE,-0.02045399998902444,elementary_charge,analysis/mettl7-phase2/execution-unit-05O/model-form-analysis/BASELINE_IDENTITY.json,accepted AmberTools26 three-minimum RESP,FROZEN
ATOM_12_LJ_RMIN,1.90690000000765,angstrom,analysis/mettl7-phase2/execution-unit-05O/model-form-analysis/baseline/baseline.parm7,GAFF2 topology,FROZEN
ATOM_12_LJ_EPSILON,0.1078000000751509,kcal/mol,analysis/mettl7-phase2/execution-unit-05O/model-form-analysis/baseline/baseline.parm7,GAFF2 topology,FROZEN
ATOM_13_TYPE,c6,Amber atom type,analysis/mettl7-phase2/execution-unit-05O/model-form-analysis/baseline/baseline.parm7,baseline.parm7,FROZEN
ATOM_13_CHARGE,-0.0627300000548778,elementary_charge,analysis/mettl7-phase2/execution-unit-05O/model-form-analysis/BASELINE_IDENTITY.json,accepted AmberTools26 three-minimum RESP,FROZEN
ATOM_13_LJ_RMIN,1.90690000000765,angstrom,analysis/mettl7-phase2/execution-unit-05O/model-form-analysis/baseline/baseline.parm7,GAFF2 topology,FROZEN
ATOM_13_LJ_EPSILON,0.1078000000751509,kcal/mol,analysis/mettl7-phase2/execution-unit-05O/model-form-analysis/baseline/baseline.parm7,GAFF2 topology,FROZEN
ATOM_14_TYPE,c6,Amber atom type,analysis/mettl7-phase2/execution-unit-05O/model-form-analysis/baseline/baseline.parm7,baseline.parm7,FROZEN
ATOM_14_CHARGE,-0.0622629997310987,elementary_charge,analysis/mettl7-phase2/execution-unit-05O/model-form-analysis/BASELINE_IDENTITY.json,accepted AmberTools26 three-minimum RESP,FROZEN
ATOM_14_LJ_RMIN,1.90690000000765,angstrom,analysis/mettl7-phase2/execution-unit-05O/model-form-analysis/baseline/baseline.parm7,GAFF2 topology,FROZEN
ATOM_14_LJ_EPSILON,0.1078000000751509,kcal/mol,analysis/mettl7-phase2/execution-unit-05O/model-form-analysis/baseline/baseline.parm7,GAFF2 topology,FROZEN
ATOM_15_TYPE,c5,Amber atom type,analysis/mettl7-phase2/execution-unit-05O/model-form-analysis/baseline/baseline.parm7,baseline.parm7,FROZEN
ATOM_15_CHARGE,0.1862359998463421,elementary_charge,analysis/mettl7-phase2/execution-unit-05O/model-form-analysis/BASELINE_IDENTITY.json,accepted AmberTools26 three-minimum RESP,FROZEN
ATOM_15_LJ_RMIN,1.90690000000765,angstrom,analysis/mettl7-phase2/execution-unit-05O/model-form-analysis/baseline/baseline.parm7,GAFF2 topology,FROZEN
ATOM_15_LJ_EPSILON,0.1078000000751509,kcal/mol,analysis/mettl7-phase2/execution-unit-05O/model-form-analysis/baseline/baseline.parm7,GAFF2 topology,FROZEN
ATOM_16_TYPE,c5,Amber atom type,analysis/mettl7-phase2/execution-unit-05O/model-form-analysis/baseline/baseline.parm7,baseline.parm7,FROZEN
ATOM_16_CHARGE,0.01781399998902444,elementary_charge,analysis/mettl7-phase2/execution-unit-05O/model-form-analysis/BASELINE_IDENTITY.json,accepted AmberTools26 three-minimum RESP,FROZEN
ATOM_16_LJ_RMIN,1.90690000000765,angstrom,analysis/mettl7-phase2/execution-unit-05O/model-form-analysis/baseline/baseline.parm7,GAFF2 topology,FROZEN
ATOM_16_LJ_EPSILON,0.1078000000751509,kcal/mol,analysis/mettl7-phase2/execution-unit-05O/model-form-analysis/baseline/baseline.parm7,GAFF2 topology,FROZEN
ATOM_17_TYPE,c5,Amber atom type,analysis/mettl7-phase2/execution-unit-05O/model-form-analysis/baseline/baseline.parm7,baseline.parm7,FROZEN
ATOM_17_CHARGE,-0.1590139998792688,elementary_charge,analysis/mettl7-phase2/execution-unit-05O/model-form-analysis/BASELINE_IDENTITY.json,accepted AmberTools26 three-minimum RESP,FROZEN
ATOM_17_LJ_RMIN,1.90690000000765,angstrom,analysis/mettl7-phase2/execution-unit-05O/model-form-analysis/baseline/baseline.parm7,GAFF2 topology,FROZEN
ATOM_17_LJ_EPSILON,0.1078000000751509,kcal/mol,analysis/mettl7-phase2/execution-unit-05O/model-form-analysis/baseline/baseline.parm7,GAFF2 topology,FROZEN
ATOM_18_TYPE,c5,Amber atom type,analysis/mettl7-phase2/execution-unit-05O/model-form-analysis/baseline/baseline.parm7,baseline.parm7,FROZEN
ATOM_18_CHARGE,-0.1118269998847566,elementary_charge,analysis/mettl7-phase2/execution-unit-05O/model-form-analysis/BASELINE_IDENTITY.json,accepted AmberTools26 three-minimum RESP,FROZEN
ATOM_18_LJ_RMIN,1.90690000000765,angstrom,analysis/mettl7-phase2/execution-unit-05O/model-form-analysis/baseline/baseline.parm7,GAFF2 topology,FROZEN
ATOM_18_LJ_EPSILON,0.1078000000751509,kcal/mol,analysis/mettl7-phase2/execution-unit-05O/model-form-analysis/baseline/baseline.parm7,GAFF2 topology,FROZEN
ATOM_19_TYPE,c5,Amber atom type,analysis/mettl7-phase2/execution-unit-05O/model-form-analysis/baseline/baseline.parm7,baseline.parm7,FROZEN
ATOM_19_CHARGE,0.3793910000384145,elementary_charge,analysis/mettl7-phase2/execution-unit-05O/model-form-analysis/BASELINE_IDENTITY.json,accepted AmberTools26 three-minimum RESP,FROZEN
ATOM_19_LJ_RMIN,1.90690000000765,angstrom,analysis/mettl7-phase2/execution-unit-05O/model-form-analysis/baseline/baseline.parm7,GAFF2 topology,FROZEN
ATOM_19_LJ_EPSILON,0.1078000000751509,kcal/mol,analysis/mettl7-phase2/execution-unit-05O/model-form-analysis/baseline/baseline.parm7,GAFF2 topology,FROZEN
ATOM_20_TYPE,c5,Amber atom type,analysis/mettl7-phase2/execution-unit-05O/model-form-analysis/baseline/baseline.parm7,baseline.parm7,FROZEN
ATOM_20_CHARGE,-0.002852,elementary_charge,analysis/mettl7-phase2/execution-unit-05O/model-form-analysis/BASELINE_IDENTITY.json,accepted AmberTools26 three-minimum RESP,FROZEN
ATOM_20_LJ_RMIN,1.90690000000765,angstrom,analysis/mettl7-phase2/execution-unit-05O/model-form-analysis/baseline/baseline.parm7,GAFF2 topology,FROZEN
ATOM_20_LJ_EPSILON,0.1078000000751509,kcal/mol,analysis/mettl7-phase2/execution-unit-05O/model-form-analysis/baseline/baseline.parm7,GAFF2 topology,FROZEN
ATOM_21_TYPE,c5,Amber atom type,analysis/mettl7-phase2/execution-unit-05O/model-form-analysis/baseline/baseline.parm7,baseline.parm7,FROZEN
ATOM_21_CHARGE,-0.3177330002249991,elementary_charge,analysis/mettl7-phase2/execution-unit-05O/model-form-analysis/BASELINE_IDENTITY.json,accepted AmberTools26 three-minimum RESP,FROZEN
ATOM_21_LJ_RMIN,1.90690000000765,angstrom,analysis/mettl7-phase2/execution-unit-05O/model-form-analysis/baseline/baseline.parm7,GAFF2 topology,FROZEN
ATOM_21_LJ_EPSILON,0.1078000000751509,kcal/mol,analysis/mettl7-phase2/execution-unit-05O/model-form-analysis/baseline/baseline.parm7,GAFF2 topology,FROZEN
ATOM_22_TYPE,c,Amber atom type,analysis/mettl7-phase2/execution-unit-05O/model-form-analysis/baseline/baseline.parm7,baseline.parm7,FROZEN
ATOM_22_CHARGE,0.696805002661574,elementary_charge,analysis/mettl7-phase2/execution-unit-05O/model-form-analysis/BASELINE_IDENTITY.json,accepted AmberTools26 three-minimum RESP,FROZEN
ATOM_22_LJ_RMIN,1.860600000047295,angstrom,analysis/mettl7-phase2/execution-unit-05O/model-form-analysis/baseline/baseline.parm7,GAFF2 topology,FROZEN
ATOM_22_LJ_EPSILON,0.09879999999945691,kcal/mol,analysis/mettl7-phase2/execution-unit-05O/model-form-analysis/baseline/baseline.parm7,GAFF2 topology,FROZEN
ATOM_23_TYPE,o,Amber atom type,analysis/mettl7-phase2/execution-unit-05O/model-form-analysis/baseline/baseline.parm7,baseline.parm7,FROZEN
ATOM_23_CHARGE,-0.5444619998573176,elementary_charge,analysis/mettl7-phase2/execution-unit-05O/model-form-analysis/BASELINE_IDENTITY.json,accepted AmberTools26 three-minimum RESP,FROZEN
ATOM_23_LJ_RMIN,1.710699999750417,angstrom,analysis/mettl7-phase2/execution-unit-05O/model-form-analysis/baseline/baseline.parm7,GAFF2 topology,FROZEN
ATOM_23_LJ_EPSILON,0.1463000002025108,kcal/mol,analysis/mettl7-phase2/execution-unit-05O/model-form-analysis/baseline/baseline.parm7,GAFF2 topology,FROZEN
ATOM_24_TYPE,os,Amber atom type,analysis/mettl7-phase2/execution-unit-05O/model-form-analysis/baseline/baseline.parm7,baseline.parm7,FROZEN
ATOM_24_CHARGE,-0.473866999775001,elementary_charge,analysis/mettl7-phase2/execution-unit-05O/model-form-analysis/BASELINE_IDENTITY.json,accepted AmberTools26 three-minimum RESP,FROZEN
ATOM_24_LJ_RMIN,1.771300000814747,angstrom,analysis/mettl7-phase2/execution-unit-05O/model-form-analysis/baseline/baseline.parm7,GAFF2 topology,FROZEN
ATOM_24_LJ_EPSILON,0.07259999972208558,kcal/mol,analysis/mettl7-phase2/execution-unit-05O/model-form-analysis/baseline/baseline.parm7,GAFF2 topology,FROZEN
ATOM_25_TYPE,c3,Amber atom type,analysis/mettl7-phase2/execution-unit-05O/model-form-analysis/baseline/baseline.parm7,baseline.parm7,FROZEN
ATOM_25_CHARGE,-0.4222099998353666,elementary_charge,analysis/mettl7-phase2/execution-unit-05O/model-form-analysis/BASELINE_IDENTITY.json,accepted AmberTools26 three-minimum RESP,FROZEN
ATOM_25_LJ_RMIN,1.90690000000765,angstrom,analysis/mettl7-phase2/execution-unit-05O/model-form-analysis/baseline/baseline.parm7,GAFF2 topology,FROZEN
ATOM_25_LJ_EPSILON,0.1078000000751509,kcal/mol,analysis/mettl7-phase2/execution-unit-05O/model-form-analysis/baseline/baseline.parm7,GAFF2 topology,FROZEN
ATOM_26_TYPE,sh,Amber atom type,analysis/mettl7-phase2/execution-unit-05O/model-form-analysis/baseline/baseline.parm7,baseline.parm7,FROZEN
ATOM_26_CHARGE,-0.2900640001536579,elementary_charge,analysis/mettl7-phase2/execution-unit-05O/model-form-analysis/BASELINE_IDENTITY.json,accepted AmberTools26 three-minimum RESP,FROZEN
ATOM_26_LJ_RMIN,1.9825000003414,angstrom,analysis/mettl7-phase2/execution-unit-05O/model-form-analysis/baseline/baseline.parm7,GAFF2 topology,FROZEN
ATOM_26_LJ_EPSILON,0.2823999992349523,kcal/mol,analysis/mettl7-phase2/execution-unit-05O/model-form-analysis/baseline/baseline.parm7,GAFF2 topology,FROZEN
ATOM_27_TYPE,hc,Amber atom type,analysis/mettl7-phase2/execution-unit-05O/model-form-analysis/baseline/baseline.parm7,baseline.parm7,FROZEN
ATOM_27_CHARGE,0.09341200013170675,elementary_charge,analysis/mettl7-phase2/execution-unit-05O/model-form-analysis/BASELINE_IDENTITY.json,accepted AmberTools26 three-minimum RESP,FROZEN
ATOM_27_LJ_RMIN,1.459299999617803,angstrom,analysis/mettl7-phase2/execution-unit-05O/model-form-analysis/baseline/baseline.parm7,GAFF2 topology,FROZEN
ATOM_27_LJ_EPSILON,0.02080000005655412,kcal/mol,analysis/mettl7-phase2/execution-unit-05O/model-form-analysis/baseline/baseline.parm7,GAFF2 topology,FROZEN
ATOM_28_TYPE,hc,Amber atom type,analysis/mettl7-phase2/execution-unit-05O/model-form-analysis/baseline/baseline.parm7,baseline.parm7,FROZEN
ATOM_28_CHARGE,0.09341200013170675,elementary_charge,analysis/mettl7-phase2/execution-unit-05O/model-form-analysis/BASELINE_IDENTITY.json,accepted AmberTools26 three-minimum RESP,FROZEN
ATOM_28_LJ_RMIN,1.459299999617803,angstrom,analysis/mettl7-phase2/execution-unit-05O/model-form-analysis/baseline/baseline.parm7,GAFF2 topology,FROZEN
ATOM_28_LJ_EPSILON,0.02080000005655412,kcal/mol,analysis/mettl7-phase2/execution-unit-05O/model-form-analysis/baseline/baseline.parm7,GAFF2 topology,FROZEN
ATOM_29_TYPE,hc,Amber atom type,analysis/mettl7-phase2/execution-unit-05O/model-form-analysis/baseline/baseline.parm7,baseline.parm7,FROZEN
ATOM_29_CHARGE,0.09341200013170675,elementary_charge,analysis/mettl7-phase2/execution-unit-05O/model-form-analysis/BASELINE_IDENTITY.json,accepted AmberTools26 three-minimum RESP,FROZEN
ATOM_29_LJ_RMIN,1.459299999617803,angstrom,analysis/mettl7-phase2/execution-unit-05O/model-form-analysis/baseline/baseline.parm7,GAFF2 topology,FROZEN
ATOM_29_LJ_EPSILON,0.02080000005655412,kcal/mol,analysis/mettl7-phase2/execution-unit-05O/model-form-analysis/baseline/baseline.parm7,GAFF2 topology,FROZEN
ATOM_30_TYPE,hc,Amber atom type,analysis/mettl7-phase2/execution-unit-05O/model-form-analysis/baseline/baseline.parm7,baseline.parm7,FROZEN
ATOM_30_CHARGE,0.03051300000548778,elementary_charge,analysis/mettl7-phase2/execution-unit-05O/model-form-analysis/BASELINE_IDENTITY.json,accepted AmberTools26 three-minimum RESP,FROZEN
ATOM_30_LJ_RMIN,1.459299999617803,angstrom,analysis/mettl7-phase2/execution-unit-05O/model-form-analysis/baseline/baseline.parm7,GAFF2 topology,FROZEN
ATOM_30_LJ_EPSILON,0.02080000005655412,kcal/mol,analysis/mettl7-phase2/execution-unit-05O/model-form-analysis/baseline/baseline.parm7,GAFF2 topology,FROZEN
ATOM_31_TYPE,hc,Amber atom type,analysis/mettl7-phase2/execution-unit-05O/model-form-analysis/baseline/baseline.parm7,baseline.parm7,FROZEN
ATOM_31_CHARGE,0.05227,elementary_charge,analysis/mettl7-phase2/execution-unit-05O/model-form-analysis/BASELINE_IDENTITY.json,accepted AmberTools26 three-minimum RESP,FROZEN
ATOM_31_LJ_RMIN,1.459299999617803,angstrom,analysis/mettl7-phase2/execution-unit-05O/model-form-analysis/baseline/baseline.parm7,GAFF2 topology,FROZEN
ATOM_31_LJ_EPSILON,0.02080000005655412,kcal/mol,analysis/mettl7-phase2/execution-unit-05O/model-form-analysis/baseline/baseline.parm7,GAFF2 topology,FROZEN
ATOM_32_TYPE,hc,Amber atom type,analysis/mettl7-phase2/execution-unit-05O/model-form-analysis/baseline/baseline.parm7,baseline.parm7,FROZEN
ATOM_32_CHARGE,0.06840099987378102,elementary_charge,analysis/mettl7-phase2/execution-unit-05O/model-form-analysis/BASELINE_IDENTITY.json,accepted AmberTools26 three-minimum RESP,FROZEN
ATOM_32_LJ_RMIN,1.459299999617803,angstrom,analysis/mettl7-phase2/execution-unit-05O/model-form-analysis/baseline/baseline.parm7,GAFF2 topology,FROZEN
ATOM_32_LJ_EPSILON,0.02080000005655412,kcal/mol,analysis/mettl7-phase2/execution-unit-05O/model-form-analysis/baseline/baseline.parm7,GAFF2 topology,FROZEN
ATOM_33_TYPE,hc,Amber atom type,analysis/mettl7-phase2/execution-unit-05O/model-form-analysis/baseline/baseline.parm7,baseline.parm7,FROZEN
ATOM_33_CHARGE,0.07038899974207427,elementary_charge,analysis/mettl7-phase2/execution-unit-05O/model-form-analysis/BASELINE_IDENTITY.json,accepted AmberTools26 three-minimum RESP,FROZEN
ATOM_33_LJ_RMIN,1.459299999617803,angstrom,analysis/mettl7-phase2/execution-unit-05O/model-form-analysis/baseline/baseline.parm7,GAFF2 topology,FROZEN
ATOM_33_LJ_EPSILON,0.02080000005655412,kcal/mol,analysis/mettl7-phase2/execution-unit-05O/model-form-analysis/baseline/baseline.parm7,GAFF2 topology,FROZEN
ATOM_34_TYPE,ha,Amber atom type,analysis/mettl7-phase2/execution-unit-05O/model-form-analysis/baseline/baseline.parm7,baseline.parm7,FROZEN
ATOM_34_CHARGE,0.1723479999780489,elementary_charge,analysis/mettl7-phase2/execution-unit-05O/model-form-analysis/BASELINE_IDENTITY.json,accepted AmberTools26 three-minimum RESP,FROZEN
ATOM_34_LJ_RMIN,1.473499999820152,angstrom,analysis/mettl7-phase2/execution-unit-05O/model-form-analysis/baseline/baseline.parm7,GAFF2 topology,FROZEN
ATOM_34_LJ_EPSILON,0.0161000000179178,kcal/mol,analysis/mettl7-phase2/execution-unit-05O/model-form-analysis/baseline/baseline.parm7,GAFF2 topology,FROZEN
ATOM_35_TYPE,hc,Amber atom type,analysis/mettl7-phase2/execution-unit-05O/model-form-analysis/baseline/baseline.parm7,baseline.parm7,FROZEN
ATOM_35_CHARGE,0.1124900001646334,elementary_charge,analysis/mettl7-phase2/execution-unit-05O/model-form-analysis/BASELINE_IDENTITY.json,accepted AmberTools26 three-minimum RESP,FROZEN
ATOM_35_LJ_RMIN,1.459299999617803,angstrom,analysis/mettl7-phase2/execution-unit-05O/model-form-analysis/baseline/baseline.parm7,GAFF2 topology,FROZEN
ATOM_35_LJ_EPSILON,0.02080000005655412,kcal/mol,analysis/mettl7-phase2/execution-unit-05O/model-form-analysis/baseline/baseline.parm7,GAFF2 topology,FROZEN
ATOM_36_TYPE,hc,Amber atom type,analysis/mettl7-phase2/execution-unit-05O/model-form-analysis/baseline/baseline.parm7,baseline.parm7,FROZEN
ATOM_36_CHARGE,0.1128650000274389,elementary_charge,analysis/mettl7-phase2/execution-unit-05O/model-form-analysis/BASELINE_IDENTITY.json,accepted AmberTools26 three-minimum RESP,FROZEN
ATOM_36_LJ_RMIN,1.459299999617803,angstrom,analysis/mettl7-phase2/execution-unit-05O/model-form-analysis/baseline/baseline.parm7,GAFF2 topology,FROZEN
ATOM_36_LJ_EPSILON,0.02080000005655412,kcal/mol,analysis/mettl7-phase2/execution-unit-05O/model-form-analysis/baseline/baseline.parm7,GAFF2 topology,FROZEN
ATOM_37_TYPE,h1,Amber atom type,analysis/mettl7-phase2/execution-unit-05O/model-form-analysis/baseline/baseline.parm7,baseline.parm7,FROZEN
ATOM_37_CHARGE,0.1246489998518299,elementary_charge,analysis/mettl7-phase2/execution-unit-05O/model-form-analysis/BASELINE_IDENTITY.json,accepted AmberTools26 three-minimum RESP,FROZEN
ATOM_37_LJ_RMIN,1.359300000037045,angstrom,analysis/mettl7-phase2/execution-unit-05O/model-form-analysis/baseline/baseline.parm7,GAFF2 topology,FROZEN
ATOM_37_LJ_EPSILON,0.02080000001973725,kcal/mol,analysis/mettl7-phase2/execution-unit-05O/model-form-analysis/baseline/baseline.parm7,GAFF2 topology,FROZEN
ATOM_38_TYPE,hc,Amber atom type,analysis/mettl7-phase2/execution-unit-05O/model-form-analysis/baseline/baseline.parm7,baseline.parm7,FROZEN
ATOM_38_CHARGE,0.02068799997804887,elementary_charge,analysis/mettl7-phase2/execution-unit-05O/model-form-analysis/BASELINE_IDENTITY.json,accepted AmberTools26 three-minimum RESP,FROZEN
ATOM_38_LJ_RMIN,1.459299999617803,angstrom,analysis/mettl7-phase2/execution-unit-05O/model-form-analysis/baseline/baseline.parm7,GAFF2 topology,FROZEN
ATOM_38_LJ_EPSILON,0.02080000005655412,kcal/mol,analysis/mettl7-phase2/execution-unit-05O/model-form-analysis/baseline/baseline.parm7,GAFF2 topology,FROZEN
ATOM_39_TYPE,hc,Amber atom type,analysis/mettl7-phase2/execution-unit-05O/model-form-analysis/baseline/baseline.parm7,baseline.parm7,FROZEN
ATOM_39_CHARGE,0.02426200002195112,elementary_charge,analysis/mettl7-phase2/execution-unit-05O/model-form-analysis/BASELINE_IDENTITY.json,accepted AmberTools26 three-minimum RESP,FROZEN
ATOM_39_LJ_RMIN,1.459299999617803,angstrom,analysis/mettl7-phase2/execution-unit-05O/model-form-analysis/baseline/baseline.parm7,GAFF2 topology,FROZEN
ATOM_39_LJ_EPSILON,0.02080000005655412,kcal/mol,analysis/mettl7-phase2/execution-unit-05O/model-form-analysis/baseline/baseline.parm7,GAFF2 topology,FROZEN
ATOM_40_TYPE,hc,Amber atom type,analysis/mettl7-phase2/execution-unit-05O/model-form-analysis/baseline/baseline.parm7,baseline.parm7,FROZEN
ATOM_40_CHARGE,0.02253600001097556,elementary_charge,analysis/mettl7-phase2/execution-unit-05O/model-form-analysis/BASELINE_IDENTITY.json,accepted AmberTools26 three-minimum RESP,FROZEN
ATOM_40_LJ_RMIN,1.459299999617803,angstrom,analysis/mettl7-phase2/execution-unit-05O/model-form-analysis/baseline/baseline.parm7,GAFF2 topology,FROZEN
ATOM_40_LJ_EPSILON,0.02080000005655412,kcal/mol,analysis/mettl7-phase2/execution-unit-05O/model-form-analysis/baseline/baseline.parm7,GAFF2 topology,FROZEN
ATOM_41_TYPE,hc,Amber atom type,analysis/mettl7-phase2/execution-unit-05O/model-form-analysis/baseline/baseline.parm7,baseline.parm7,FROZEN
ATOM_41_CHARGE,0.02098799997804887,elementary_charge,analysis/mettl7-phase2/execution-unit-05O/model-form-analysis/BASELINE_IDENTITY.json,accepted AmberTools26 three-minimum RESP,FROZEN
ATOM_41_LJ_RMIN,1.459299999617803,angstrom,analysis/mettl7-phase2/execution-unit-05O/model-form-analysis/baseline/baseline.parm7,GAFF2 topology,FROZEN
ATOM_41_LJ_EPSILON,0.02080000005655412,kcal/mol,analysis/mettl7-phase2/execution-unit-05O/model-form-analysis/baseline/baseline.parm7,GAFF2 topology,FROZEN
ATOM_42_TYPE,hc,Amber atom type,analysis/mettl7-phase2/execution-unit-05O/model-form-analysis/baseline/baseline.parm7,baseline.parm7,FROZEN
ATOM_42_CHARGE,0.000166,elementary_charge,analysis/mettl7-phase2/execution-unit-05O/model-form-analysis/BASELINE_IDENTITY.json,accepted AmberTools26 three-minimum RESP,FROZEN
ATOM_42_LJ_RMIN,1.459299999617803,angstrom,analysis/mettl7-phase2/execution-unit-05O/model-form-analysis/baseline/baseline.parm7,GAFF2 topology,FROZEN
ATOM_42_LJ_EPSILON,0.02080000005655412,kcal/mol,analysis/mettl7-phase2/execution-unit-05O/model-form-analysis/baseline/baseline.parm7,GAFF2 topology,FROZEN
ATOM_43_TYPE,hc,Amber atom type,analysis/mettl7-phase2/execution-unit-05O/model-form-analysis/baseline/baseline.parm7,baseline.parm7,FROZEN
ATOM_43_CHARGE,0.04067300000548778,elementary_charge,analysis/mettl7-phase2/execution-unit-05O/model-form-analysis/BASELINE_IDENTITY.json,accepted AmberTools26 three-minimum RESP,FROZEN
ATOM_43_LJ_RMIN,1.459299999617803,angstrom,analysis/mettl7-phase2/execution-unit-05O/model-form-analysis/baseline/baseline.parm7,GAFF2 topology,FROZEN
ATOM_43_LJ_EPSILON,0.02080000005655412,kcal/mol,analysis/mettl7-phase2/execution-unit-05O/model-form-analysis/baseline/baseline.parm7,GAFF2 topology,FROZEN
ATOM_44_TYPE,hc,Amber atom type,analysis/mettl7-phase2/execution-unit-05O/model-form-analysis/baseline/baseline.parm7,baseline.parm7,FROZEN
ATOM_44_CHARGE,-0.02441500002743891,elementary_charge,analysis/mettl7-phase2/execution-unit-05O/model-form-analysis/BASELINE_IDENTITY.json,accepted AmberTools26 three-minimum RESP,FROZEN
ATOM_44_LJ_RMIN,1.459299999617803,angstrom,analysis/mettl7-phase2/execution-unit-05O/model-form-analysis/baseline/baseline.parm7,GAFF2 topology,FROZEN
ATOM_44_LJ_EPSILON,0.02080000005655412,kcal/mol,analysis/mettl7-phase2/execution-unit-05O/model-form-analysis/baseline/baseline.parm7,GAFF2 topology,FROZEN
ATOM_45_TYPE,hc,Amber atom type,analysis/mettl7-phase2/execution-unit-05O/model-form-analysis/baseline/baseline.parm7,baseline.parm7,FROZEN
ATOM_45_CHARGE,0.04576399998902444,elementary_charge,analysis/mettl7-phase2/execution-unit-05O/model-form-analysis/BASELINE_IDENTITY.json,accepted AmberTools26 three-minimum RESP,FROZEN
ATOM_45_LJ_RMIN,1.459299999617803,angstrom,analysis/mettl7-phase2/execution-unit-05O/model-form-analysis/baseline/baseline.parm7,GAFF2 topology,FROZEN
ATOM_45_LJ_EPSILON,0.02080000005655412,kcal/mol,analysis/mettl7-phase2/execution-unit-05O/model-form-analysis/baseline/baseline.parm7,GAFF2 topology,FROZEN
ATOM_46_TYPE,hc,Amber atom type,analysis/mettl7-phase2/execution-unit-05O/model-form-analysis/baseline/baseline.parm7,baseline.parm7,FROZEN
ATOM_46_CHARGE,0.04557799997804887,elementary_charge,analysis/mettl7-phase2/execution-unit-05O/model-form-analysis/BASELINE_IDENTITY.json,accepted AmberTools26 three-minimum RESP,FROZEN
ATOM_46_LJ_RMIN,1.459299999617803,angstrom,analysis/mettl7-phase2/execution-unit-05O/model-form-analysis/baseline/baseline.parm7,GAFF2 topology,FROZEN
ATOM_46_LJ_EPSILON,0.02080000005655412,kcal/mol,analysis/mettl7-phase2/execution-unit-05O/model-form-analysis/baseline/baseline.parm7,GAFF2 topology,FROZEN
ATOM_47_TYPE,hc,Amber atom type,analysis/mettl7-phase2/execution-unit-05O/model-form-analysis/baseline/baseline.parm7,baseline.parm7,FROZEN
ATOM_47_CHARGE,0.04229799997804887,elementary_charge,analysis/mettl7-phase2/execution-unit-05O/model-form-analysis/BASELINE_IDENTITY.json,accepted AmberTools26 three-minimum RESP,FROZEN
ATOM_47_LJ_RMIN,1.459299999617803,angstrom,analysis/mettl7-phase2/execution-unit-05O/model-form-analysis/baseline/baseline.parm7,GAFF2 topology,FROZEN
ATOM_47_LJ_EPSILON,0.02080000005655412,kcal/mol,analysis/mettl7-phase2/execution-unit-05O/model-form-analysis/baseline/baseline.parm7,GAFF2 topology,FROZEN
ATOM_48_TYPE,hc,Amber atom type,analysis/mettl7-phase2/execution-unit-05O/model-form-analysis/baseline/baseline.parm7,baseline.parm7,FROZEN
ATOM_48_CHARGE,0.0571370002689013,elementary_charge,analysis/mettl7-phase2/execution-unit-05O/model-form-analysis/BASELINE_IDENTITY.json,accepted AmberTools26 three-minimum RESP,FROZEN
ATOM_48_LJ_RMIN,1.459299999617803,angstrom,analysis/mettl7-phase2/execution-unit-05O/model-form-analysis/baseline/baseline.parm7,GAFF2 topology,FROZEN
ATOM_48_LJ_EPSILON,0.02080000005655412,kcal/mol,analysis/mettl7-phase2/execution-unit-05O/model-form-analysis/baseline/baseline.parm7,GAFF2 topology,FROZEN
ATOM_49_TYPE,hc,Amber atom type,analysis/mettl7-phase2/execution-unit-05O/model-form-analysis/baseline/baseline.parm7,baseline.parm7,FROZEN
ATOM_49_CHARGE,0.0290150000274389,elementary_charge,analysis/mettl7-phase2/execution-unit-05O/model-form-analysis/BASELINE_IDENTITY.json,accepted AmberTools26 three-minimum RESP,FROZEN
ATOM_49_LJ_RMIN,1.459299999617803,angstrom,analysis/mettl7-phase2/execution-unit-05O/model-form-analysis/baseline/baseline.parm7,GAFF2 topology,FROZEN
ATOM_49_LJ_EPSILON,0.02080000005655412,kcal/mol,analysis/mettl7-phase2/execution-unit-05O/model-form-analysis/baseline/baseline.parm7,GAFF2 topology,FROZEN
ATOM_50_TYPE,hc,Amber atom type,analysis/mettl7-phase2/execution-unit-05O/model-form-analysis/baseline/baseline.parm7,baseline.parm7,FROZEN
ATOM_50_CHARGE,0.02737099998353665,elementary_charge,analysis/mettl7-phase2/execution-unit-05O/model-form-analysis/BASELINE_IDENTITY.json,accepted AmberTools26 three-minimum RESP,FROZEN
ATOM_50_LJ_RMIN,1.459299999617803,angstrom,analysis/mettl7-phase2/execution-unit-05O/model-form-analysis/baseline/baseline.parm7,GAFF2 topology,FROZEN
ATOM_50_LJ_EPSILON,0.02080000005655412,kcal/mol,analysis/mettl7-phase2/execution-unit-05O/model-form-analysis/baseline/baseline.parm7,GAFF2 topology,FROZEN
ATOM_51_TYPE,hc,Amber atom type,analysis/mettl7-phase2/execution-unit-05O/model-form-analysis/baseline/baseline.parm7,baseline.parm7,FROZEN
ATOM_51_CHARGE,0.1171980002524379,elementary_charge,analysis/mettl7-phase2/execution-unit-05O/model-form-analysis/BASELINE_IDENTITY.json,accepted AmberTools26 three-minimum RESP,FROZEN
ATOM_51_LJ_RMIN,1.459299999617803,angstrom,analysis/mettl7-phase2/execution-unit-05O/model-form-analysis/baseline/baseline.parm7,GAFF2 topology,FROZEN
ATOM_51_LJ_EPSILON,0.02080000005655412,kcal/mol,analysis/mettl7-phase2/execution-unit-05O/model-form-analysis/baseline/baseline.parm7,GAFF2 topology,FROZEN
ATOM_52_TYPE,hc,Amber atom type,analysis/mettl7-phase2/execution-unit-05O/model-form-analysis/baseline/baseline.parm7,baseline.parm7,FROZEN
ATOM_52_CHARGE,0.1098879998682932,elementary_charge,analysis/mettl7-phase2/execution-unit-05O/model-form-analysis/BASELINE_IDENTITY.json,accepted AmberTools26 three-minimum RESP,FROZEN
ATOM_52_LJ_RMIN,1.459299999617803,angstrom,analysis/mettl7-phase2/execution-unit-05O/model-form-analysis/baseline/baseline.parm7,GAFF2 topology,FROZEN
ATOM_52_LJ_EPSILON,0.02080000005655412,kcal/mol,analysis/mettl7-phase2/execution-unit-05O/model-form-analysis/baseline/baseline.parm7,GAFF2 topology,FROZEN
ATOM_53_TYPE,hc,Amber atom type,analysis/mettl7-phase2/execution-unit-05O/model-form-analysis/baseline/baseline.parm7,baseline.parm7,FROZEN
ATOM_53_CHARGE,0.1049269998847566,elementary_charge,analysis/mettl7-phase2/execution-unit-05O/model-form-analysis/BASELINE_IDENTITY.json,accepted AmberTools26 three-minimum RESP,FROZEN
ATOM_53_LJ_RMIN,1.459299999617803,angstrom,analysis/mettl7-phase2/execution-unit-05O/model-form-analysis/baseline/baseline.parm7,GAFF2 topology,FROZEN
ATOM_53_LJ_EPSILON,0.02080000005655412,kcal/mol,analysis/mettl7-phase2/execution-unit-05O/model-form-analysis/baseline/baseline.parm7,GAFF2 topology,FROZEN
ATOM_54_TYPE,hc,Amber atom type,analysis/mettl7-phase2/execution-unit-05O/model-form-analysis/baseline/baseline.parm7,baseline.parm7,FROZEN
ATOM_54_CHARGE,0.1049269998847566,elementary_charge,analysis/mettl7-phase2/execution-unit-05O/model-form-analysis/BASELINE_IDENTITY.json,accepted AmberTools26 three-minimum RESP,FROZEN
ATOM_54_LJ_RMIN,1.459299999617803,angstrom,analysis/mettl7-phase2/execution-unit-05O/model-form-analysis/baseline/baseline.parm7,GAFF2 topology,FROZEN
ATOM_54_LJ_EPSILON,0.02080000005655412,kcal/mol,analysis/mettl7-phase2/execution-unit-05O/model-form-analysis/baseline/baseline.parm7,GAFF2 topology,FROZEN
ATOM_55_TYPE,hc,Amber atom type,analysis/mettl7-phase2/execution-unit-05O/model-form-analysis/baseline/baseline.parm7,baseline.parm7,FROZEN
ATOM_55_CHARGE,0.1049269998847566,elementary_charge,analysis/mettl7-phase2/execution-unit-05O/model-form-analysis/BASELINE_IDENTITY.json,accepted AmberTools26 three-minimum RESP,FROZEN
ATOM_55_LJ_RMIN,1.459299999617803,angstrom,analysis/mettl7-phase2/execution-unit-05O/model-form-analysis/baseline/baseline.parm7,GAFF2 topology,FROZEN
ATOM_55_LJ_EPSILON,0.02080000005655412,kcal/mol,analysis/mettl7-phase2/execution-unit-05O/model-form-analysis/baseline/baseline.parm7,GAFF2 topology,FROZEN
ATOM_56_TYPE,hs,Amber atom type,analysis/mettl7-phase2/execution-unit-05O/model-form-analysis/baseline/baseline.parm7,baseline.parm7,FROZEN
ATOM_56_CHARGE,0.1722720002414624,elementary_charge,analysis/mettl7-phase2/execution-unit-05O/model-form-analysis/BASELINE_IDENTITY.json,accepted AmberTools26 three-minimum RESP,FROZEN
ATOM_56_LJ_RMIN,0.6111999997317322,angstrom,analysis/mettl7-phase2/execution-unit-05O/model-form-analysis/baseline/baseline.parm7,GAFF2 topology,FROZEN
ATOM_56_LJ_EPSILON,0.01240000002728965,kcal/mol,analysis/mettl7-phase2/execution-unit-05O/model-form-analysis/baseline/baseline.parm7,GAFF2 topology,FROZEN
BOND_1_2_K,223.8,kcal/mol/angstrom^2,analysis/mettl7-phase2/execution-unit-05O/model-form-analysis/baseline/baseline.parm7,GAFF2/parmchk2 topology,FROZEN_BASELINE
BOND_1_2_REQ,1.5428,angstrom,analysis/mettl7-phase2/execution-unit-05O/model-form-analysis/baseline/baseline.parm7,GAFF2/parmchk2 topology,FROZEN_BASELINE
BOND_2_3_K,226.81,kcal/mol/angstrom^2,analysis/mettl7-phase2/execution-unit-05O/model-form-analysis/baseline/baseline.parm7,GAFF2/parmchk2 topology,FROZEN_BASELINE
BOND_2_3_REQ,1.5384,angstrom,analysis/mettl7-phase2/execution-unit-05O/model-form-analysis/baseline/baseline.parm7,GAFF2/parmchk2 topology,FROZEN_BASELINE
BOND_2_8_K,244.96,kcal/mol/angstrom^2,analysis/mettl7-phase2/execution-unit-05O/model-form-analysis/baseline/baseline.parm7,GAFF2/parmchk2 topology,FROZEN_BASELINE
BOND_2_8_REQ,1.5133,angstrom,analysis/mettl7-phase2/execution-unit-05O/model-form-analysis/baseline/baseline.parm7,GAFF2/parmchk2 topology,FROZEN_BASELINE
BOND_2_12_K,226.81,kcal/mol/angstrom^2,analysis/mettl7-phase2/execution-unit-05O/model-form-analysis/baseline/baseline.parm7,GAFF2/parmchk2 topology,FROZEN_BASELINE
BOND_2_12_REQ,1.5384,angstrom,analysis/mettl7-phase2/execution-unit-05O/model-form-analysis/baseline/baseline.parm7,GAFF2/parmchk2 topology,FROZEN_BASELINE
BOND_3_4_K,226.81,kcal/mol/angstrom^2,analysis/mettl7-phase2/execution-unit-05O/model-form-analysis/baseline/baseline.parm7,GAFF2/parmchk2 topology,FROZEN_BASELINE
BOND_3_4_REQ,1.5384,angstrom,analysis/mettl7-phase2/execution-unit-05O/model-form-analysis/baseline/baseline.parm7,GAFF2/parmchk2 topology,FROZEN_BASELINE
BOND_4_5_K,233.63,kcal/mol/angstrom^2,analysis/mettl7-phase2/execution-unit-05O/model-form-analysis/baseline/baseline.parm7,GAFF2/parmchk2 topology,FROZEN_BASELINE
BOND_4_5_REQ,1.5287,angstrom,analysis/mettl7-phase2/execution-unit-05O/model-form-analysis/baseline/baseline.parm7,GAFF2/parmchk2 topology,FROZEN_BASELINE
BOND_5_6_K,590.6,kcal/mol/angstrom^2,analysis/mettl7-phase2/execution-unit-05O/model-form-analysis/baseline/baseline.parm7,GAFF2/parmchk2 topology,FROZEN_BASELINE
BOND_5_6_REQ,1.219,angstrom,analysis/mettl7-phase2/execution-unit-05O/model-form-analysis/baseline/baseline.parm7,GAFF2/parmchk2 topology,FROZEN_BASELINE
BOND_5_7_K,267.76,kcal/mol/angstrom^2,analysis/mettl7-phase2/execution-unit-05O/model-form-analysis/baseline/baseline.parm7,GAFF2/parmchk2 topology,FROZEN_BASELINE
BOND_5_7_REQ,1.4848,angstrom,analysis/mettl7-phase2/execution-unit-05O/model-form-analysis/baseline/baseline.parm7,GAFF2/parmchk2 topology,FROZEN_BASELINE
BOND_7_8_K,424.3,kcal/mol/angstrom^2,analysis/mettl7-phase2/execution-unit-05O/model-form-analysis/baseline/baseline.parm7,GAFF2/parmchk2 topology,FROZEN_BASELINE
BOND_7_8_REQ,1.3457,angstrom,analysis/mettl7-phase2/execution-unit-05O/model-form-analysis/baseline/baseline.parm7,GAFF2/parmchk2 topology,FROZEN_BASELINE
BOND_8_9_K,244.96,kcal/mol/angstrom^2,analysis/mettl7-phase2/execution-unit-05O/model-form-analysis/baseline/baseline.parm7,GAFF2/parmchk2 topology,FROZEN_BASELINE
BOND_8_9_REQ,1.5133,angstrom,analysis/mettl7-phase2/execution-unit-05O/model-form-analysis/baseline/baseline.parm7,GAFF2/parmchk2 topology,FROZEN_BASELINE
BOND_9_10_K,226.81,kcal/mol/angstrom^2,analysis/mettl7-phase2/execution-unit-05O/model-form-analysis/baseline/baseline.parm7,GAFF2/parmchk2 topology,FROZEN_BASELINE
BOND_9_10_REQ,1.5384,angstrom,analysis/mettl7-phase2/execution-unit-05O/model-form-analysis/baseline/baseline.parm7,GAFF2/parmchk2 topology,FROZEN_BASELINE
BOND_10_11_K,226.81,kcal/mol/angstrom^2,analysis/mettl7-phase2/execution-unit-05O/model-form-analysis/baseline/baseline.parm7,GAFF2/parmchk2 topology,FROZEN_BASELINE
BOND_10_11_REQ,1.5384,angstrom,analysis/mettl7-phase2/execution-unit-05O/model-form-analysis/baseline/baseline.parm7,GAFF2/parmchk2 topology,FROZEN_BASELINE
BOND_10_26_K,174.66,kcal/mol/angstrom^2,analysis/mettl7-phase2/execution-unit-05O/model-form-analysis/baseline/baseline.parm7,GAFF2/parmchk2 topology,FROZEN_BASELINE
BOND_10_26_REQ,1.8629,angstrom,analysis/mettl7-phase2/execution-unit-05O/model-form-analysis/baseline/baseline.parm7,GAFF2/parmchk2 topology,FROZEN_BASELINE
BOND_11_12_K,226.81,kcal/mol/angstrom^2,analysis/mettl7-phase2/execution-unit-05O/model-form-analysis/baseline/baseline.parm7,GAFF2/parmchk2 topology,FROZEN_BASELINE
BOND_11_12_REQ,1.5384,angstrom,analysis/mettl7-phase2/execution-unit-05O/model-form-analysis/baseline/baseline.parm7,GAFF2/parmchk2 topology,FROZEN_BASELINE
BOND_11_16_K,226.47,kcal/mol/angstrom^2,analysis/mettl7-phase2/execution-unit-05O/model-form-analysis/baseline/baseline.parm7,GAFF2/parmchk2 topology,FROZEN_BASELINE
BOND_11_16_REQ,1.5389,angstrom,analysis/mettl7-phase2/execution-unit-05O/model-form-analysis/baseline/baseline.parm7,GAFF2/parmchk2 topology,FROZEN_BASELINE
BOND_12_13_K,226.81,kcal/mol/angstrom^2,analysis/mettl7-phase2/execution-unit-05O/model-form-analysis/baseline/baseline.parm7,GAFF2/parmchk2 topology,FROZEN_BASELINE
BOND_12_13_REQ,1.5384,angstrom,analysis/mettl7-phase2/execution-unit-05O/model-form-analysis/baseline/baseline.parm7,GAFF2/parmchk2 topology,FROZEN_BASELINE
BOND_13_14_K,226.81,kcal/mol/angstrom^2,analysis/mettl7-phase2/execution-unit-05O/model-form-analysis/baseline/baseline.parm7,GAFF2/parmchk2 topology,FROZEN_BASELINE
BOND_13_14_REQ,1.5384,angstrom,analysis/mettl7-phase2/execution-unit-05O/model-form-analysis/baseline/baseline.parm7,GAFF2/parmchk2 topology,FROZEN_BASELINE
BOND_14_15_K,226.47,kcal/mol/angstrom^2,analysis/mettl7-phase2/execution-unit-05O/model-form-analysis/baseline/baseline.parm7,GAFF2/parmchk2 topology,FROZEN_BASELINE
BOND_14_15_REQ,1.5389,angstrom,analysis/mettl7-phase2/execution-unit-05O/model-form-analysis/baseline/baseline.parm7,GAFF2/parmchk2 topology,FROZEN_BASELINE
BOND_15_16_K,220.1,kcal/mol/angstrom^2,analysis/mettl7-phase2/execution-unit-05O/model-form-analysis/baseline/baseline.parm7,GAFF2/parmchk2 topology,FROZEN_BASELINE
BOND_15_16_REQ,1.5483,angstrom,analysis/mettl7-phase2/execution-unit-05O/model-form-analysis/baseline/baseline.parm7,GAFF2/parmchk2 topology,FROZEN_BASELINE
BOND_15_25_K,227.64,kcal/mol/angstrom^2,analysis/mettl7-phase2/execution-unit-05O/model-form-analysis/baseline/baseline.parm7,GAFF2/parmchk2 topology,FROZEN_BASELINE
BOND_15_25_REQ,1.5372,angstrom,analysis/mettl7-phase2/execution-unit-05O/model-form-analysis/baseline/baseline.parm7,GAFF2/parmchk2 topology,FROZEN_BASELINE
BOND_15_19_K,220.1,kcal/mol/angstrom^2,analysis/mettl7-phase2/execution-unit-05O/model-form-analysis/baseline/baseline.parm7,GAFF2/parmchk2 topology,FROZEN_BASELINE
BOND_15_19_REQ,1.5483,angstrom,analysis/mettl7-phase2/execution-unit-05O/model-form-analysis/baseline/baseline.parm7,GAFF2/parmchk2 topology,FROZEN_BASELINE
BOND_16_17_K,220.1,kcal/mol/angstrom^2,analysis/mettl7-phase2/execution-unit-05O/model-form-analysis/baseline/baseline.parm7,GAFF2/parmchk2 topology,FROZEN_BASELINE
BOND_16_17_REQ,1.5483,angstrom,analysis/mettl7-phase2/execution-unit-05O/model-form-analysis/baseline/baseline.parm7,GAFF2/parmchk2 topology,FROZEN_BASELINE
BOND_17_18_K,220.1,kcal/mol/angstrom^2,analysis/mettl7-phase2/execution-unit-05O/model-form-analysis/baseline/baseline.parm7,GAFF2/parmchk2 topology,FROZEN_BASELINE
BOND_17_18_REQ,1.5483,angstrom,analysis/mettl7-phase2/execution-unit-05O/model-form-analysis/baseline/baseline.parm7,GAFF2/parmchk2 topology,FROZEN_BASELINE
BOND_18_19_K,220.1,kcal/mol/angstrom^2,analysis/mettl7-phase2/execution-unit-05O/model-form-analysis/baseline/baseline.parm7,GAFF2/parmchk2 topology,FROZEN_BASELINE
BOND_18_19_REQ,1.5483,angstrom,analysis/mettl7-phase2/execution-unit-05O/model-form-analysis/baseline/baseline.parm7,GAFF2/parmchk2 topology,FROZEN_BASELINE
BOND_19_20_K,220.1,kcal/mol/angstrom^2,analysis/mettl7-phase2/execution-unit-05O/model-form-analysis/baseline/baseline.parm7,GAFF2/parmchk2 topology,FROZEN_BASELINE
BOND_19_20_REQ,1.5483,angstrom,analysis/mettl7-phase2/execution-unit-05O/model-form-analysis/baseline/baseline.parm7,GAFF2/parmchk2 topology,FROZEN_BASELINE
BOND_19_24_K,275.61,kcal/mol/angstrom^2,analysis/mettl7-phase2/execution-unit-05O/model-form-analysis/baseline/baseline.parm7,GAFF2/parmchk2 topology,FROZEN_BASELINE
BOND_19_24_REQ,1.4346,angstrom,analysis/mettl7-phase2/execution-unit-05O/model-form-analysis/baseline/baseline.parm7,GAFF2/parmchk2 topology,FROZEN_BASELINE
BOND_20_21_K,220.1,kcal/mol/angstrom^2,analysis/mettl7-phase2/execution-unit-05O/model-form-analysis/baseline/baseline.parm7,GAFF2/parmchk2 topology,FROZEN_BASELINE
BOND_20_21_REQ,1.5483,angstrom,analysis/mettl7-phase2/execution-unit-05O/model-form-analysis/baseline/baseline.parm7,GAFF2/parmchk2 topology,FROZEN_BASELINE
BOND_21_22_K,229.45,kcal/mol/angstrom^2,analysis/mettl7-phase2/execution-unit-05O/model-form-analysis/baseline/baseline.parm7,GAFF2/parmchk2 topology,FROZEN_BASELINE
BOND_21_22_REQ,1.5346,angstrom,analysis/mettl7-phase2/execution-unit-05O/model-form-analysis/baseline/baseline.parm7,GAFF2/parmchk2 topology,FROZEN_BASELINE
BOND_22_23_K,590.6,kcal/mol/angstrom^2,analysis/mettl7-phase2/execution-unit-05O/model-form-analysis/baseline/baseline.parm7,GAFF2/parmchk2 topology,FROZEN_BASELINE
BOND_22_23_REQ,1.219,angstrom,analysis/mettl7-phase2/execution-unit-05O/model-form-analysis/baseline/baseline.parm7,GAFF2/parmchk2 topology,FROZEN_BASELINE
BOND_22_24_K,351.31,kcal/mol/angstrom^2,analysis/mettl7-phase2/execution-unit-05O/model-form-analysis/baseline/baseline.parm7,GAFF2/parmchk2 topology,FROZEN_BASELINE
BOND_22_24_REQ,1.3621,angstrom,analysis/mettl7-phase2/execution-unit-05O/model-form-analysis/baseline/baseline.parm7,GAFF2/parmchk2 topology,FROZEN_BASELINE
BOND_1_27_K,345.25,kcal/mol/angstrom^2,analysis/mettl7-phase2/execution-unit-05O/model-form-analysis/baseline/baseline.parm7,GAFF2/parmchk2 topology,FROZEN_BASELINE
BOND_1_27_REQ,1.0962,angstrom,analysis/mettl7-phase2/execution-unit-05O/model-form-analysis/baseline/baseline.parm7,GAFF2/parmchk2 topology,FROZEN_BASELINE
BOND_1_28_K,345.25,kcal/mol/angstrom^2,analysis/mettl7-phase2/execution-unit-05O/model-form-analysis/baseline/baseline.parm7,GAFF2/parmchk2 topology,FROZEN_BASELINE
BOND_1_28_REQ,1.0962,angstrom,analysis/mettl7-phase2/execution-unit-05O/model-form-analysis/baseline/baseline.parm7,GAFF2/parmchk2 topology,FROZEN_BASELINE
BOND_1_29_K,345.25,kcal/mol/angstrom^2,analysis/mettl7-phase2/execution-unit-05O/model-form-analysis/baseline/baseline.parm7,GAFF2/parmchk2 topology,FROZEN_BASELINE
BOND_1_29_REQ,1.0962,angstrom,analysis/mettl7-phase2/execution-unit-05O/model-form-analysis/baseline/baseline.parm7,GAFF2/parmchk2 topology,FROZEN_BASELINE
BOND_3_30_K,342.75,kcal/mol/angstrom^2,analysis/mettl7-phase2/execution-unit-05O/model-form-analysis/baseline/baseline.parm7,GAFF2/parmchk2 topology,FROZEN_BASELINE
BOND_3_30_REQ,1.0979,angstrom,analysis/mettl7-phase2/execution-unit-05O/model-form-analysis/baseline/baseline.parm7,GAFF2/parmchk2 topology,FROZEN_BASELINE
BOND_3_31_K,342.75,kcal/mol/angstrom^2,analysis/mettl7-phase2/execution-unit-05O/model-form-analysis/baseline/baseline.parm7,GAFF2/parmchk2 topology,FROZEN_BASELINE
BOND_3_31_REQ,1.0979,angstrom,analysis/mettl7-phase2/execution-unit-05O/model-form-analysis/baseline/baseline.parm7,GAFF2/parmchk2 topology,FROZEN_BASELINE
BOND_4_32_K,342.75,kcal/mol/angstrom^2,analysis/mettl7-phase2/execution-unit-05O/model-form-analysis/baseline/baseline.parm7,GAFF2/parmchk2 topology,FROZEN_BASELINE
BOND_4_32_REQ,1.0979,angstrom,analysis/mettl7-phase2/execution-unit-05O/model-form-analysis/baseline/baseline.parm7,GAFF2/parmchk2 topology,FROZEN_BASELINE
BOND_4_33_K,342.75,kcal/mol/angstrom^2,analysis/mettl7-phase2/execution-unit-05O/model-form-analysis/baseline/baseline.parm7,GAFF2/parmchk2 topology,FROZEN_BASELINE
BOND_4_33_REQ,1.0979,angstrom,analysis/mettl7-phase2/execution-unit-05O/model-form-analysis/baseline/baseline.parm7,GAFF2/parmchk2 topology,FROZEN_BASELINE
BOND_7_34_K,357.59,kcal/mol/angstrom^2,analysis/mettl7-phase2/execution-unit-05O/model-form-analysis/baseline/baseline.parm7,GAFF2/parmchk2 topology,FROZEN_BASELINE
BOND_7_34_REQ,1.088,angstrom,analysis/mettl7-phase2/execution-unit-05O/model-form-analysis/baseline/baseline.parm7,GAFF2/parmchk2 topology,FROZEN_BASELINE
BOND_9_35_K,342.75,kcal/mol/angstrom^2,analysis/mettl7-phase2/execution-unit-05O/model-form-analysis/baseline/baseline.parm7,GAFF2/parmchk2 topology,FROZEN_BASELINE
BOND_9_35_REQ,1.0979,angstrom,analysis/mettl7-phase2/execution-unit-05O/model-form-analysis/baseline/baseline.parm7,GAFF2/parmchk2 topology,FROZEN_BASELINE
BOND_9_36_K,342.75,kcal/mol/angstrom^2,analysis/mettl7-phase2/execution-unit-05O/model-form-analysis/baseline/baseline.parm7,GAFF2/parmchk2 topology,FROZEN_BASELINE
BOND_9_36_REQ,1.0979,angstrom,analysis/mettl7-phase2/execution-unit-05O/model-form-analysis/baseline/baseline.parm7,GAFF2/parmchk2 topology,FROZEN_BASELINE
BOND_10_37_K,342.02,kcal/mol/angstrom^2,analysis/mettl7-phase2/execution-unit-05O/model-form-analysis/baseline/baseline.parm7,GAFF2/parmchk2 topology,FROZEN_BASELINE
BOND_10_37_REQ,1.0984,angstrom,analysis/mettl7-phase2/execution-unit-05O/model-form-analysis/baseline/baseline.parm7,GAFF2/parmchk2 topology,FROZEN_BASELINE
BOND_11_38_K,342.75,kcal/mol/angstrom^2,analysis/mettl7-phase2/execution-unit-05O/model-form-analysis/baseline/baseline.parm7,GAFF2/parmchk2 topology,FROZEN_BASELINE
BOND_11_38_REQ,1.0979,angstrom,analysis/mettl7-phase2/execution-unit-05O/model-form-analysis/baseline/baseline.parm7,GAFF2/parmchk2 topology,FROZEN_BASELINE
BOND_12_39_K,342.75,kcal/mol/angstrom^2,analysis/mettl7-phase2/execution-unit-05O/model-form-analysis/baseline/baseline.parm7,GAFF2/parmchk2 topology,FROZEN_BASELINE
BOND_12_39_REQ,1.0979,angstrom,analysis/mettl7-phase2/execution-unit-05O/model-form-analysis/baseline/baseline.parm7,GAFF2/parmchk2 topology,FROZEN_BASELINE
BOND_13_40_K,342.75,kcal/mol/angstrom^2,analysis/mettl7-phase2/execution-unit-05O/model-form-analysis/baseline/baseline.parm7,GAFF2/parmchk2 topology,FROZEN_BASELINE
BOND_13_40_REQ,1.0979,angstrom,analysis/mettl7-phase2/execution-unit-05O/model-form-analysis/baseline/baseline.parm7,GAFF2/parmchk2 topology,FROZEN_BASELINE
BOND_13_41_K,342.75,kcal/mol/angstrom^2,analysis/mettl7-phase2/execution-unit-05O/model-form-analysis/baseline/baseline.parm7,GAFF2/parmchk2 topology,FROZEN_BASELINE
BOND_13_41_REQ,1.0979,angstrom,analysis/mettl7-phase2/execution-unit-05O/model-form-analysis/baseline/baseline.parm7,GAFF2/parmchk2 topology,FROZEN_BASELINE
BOND_14_42_K,342.75,kcal/mol/angstrom^2,analysis/mettl7-phase2/execution-unit-05O/model-form-analysis/baseline/baseline.parm7,GAFF2/parmchk2 topology,FROZEN_BASELINE
BOND_14_42_REQ,1.0979,angstrom,analysis/mettl7-phase2/execution-unit-05O/model-form-analysis/baseline/baseline.parm7,GAFF2/parmchk2 topology,FROZEN_BASELINE
BOND_14_43_K,342.75,kcal/mol/angstrom^2,analysis/mettl7-phase2/execution-unit-05O/model-form-analysis/baseline/baseline.parm7,GAFF2/parmchk2 topology,FROZEN_BASELINE
BOND_14_43_REQ,1.0979,angstrom,analysis/mettl7-phase2/execution-unit-05O/model-form-analysis/baseline/baseline.parm7,GAFF2/parmchk2 topology,FROZEN_BASELINE
BOND_16_44_K,346.43,kcal/mol/angstrom^2,analysis/mettl7-phase2/execution-unit-05O/model-form-analysis/baseline/baseline.parm7,GAFF2/parmchk2 topology,FROZEN_BASELINE
BOND_16_44_REQ,1.0954,angstrom,analysis/mettl7-phase2/execution-unit-05O/model-form-analysis/baseline/baseline.parm7,GAFF2/parmchk2 topology,FROZEN_BASELINE
BOND_17_45_K,346.43,kcal/mol/angstrom^2,analysis/mettl7-phase2/execution-unit-05O/model-form-analysis/baseline/baseline.parm7,GAFF2/parmchk2 topology,FROZEN_BASELINE
BOND_17_45_REQ,1.0954,angstrom,analysis/mettl7-phase2/execution-unit-05O/model-form-analysis/baseline/baseline.parm7,GAFF2/parmchk2 topology,FROZEN_BASELINE
BOND_17_46_K,346.43,kcal/mol/angstrom^2,analysis/mettl7-phase2/execution-unit-05O/model-form-analysis/baseline/baseline.parm7,GAFF2/parmchk2 topology,FROZEN_BASELINE
BOND_17_46_REQ,1.0954,angstrom,analysis/mettl7-phase2/execution-unit-05O/model-form-analysis/baseline/baseline.parm7,GAFF2/parmchk2 topology,FROZEN_BASELINE
BOND_18_47_K,346.43,kcal/mol/angstrom^2,analysis/mettl7-phase2/execution-unit-05O/model-form-analysis/baseline/baseline.parm7,GAFF2/parmchk2 topology,FROZEN_BASELINE
BOND_18_47_REQ,1.0954,angstrom,analysis/mettl7-phase2/execution-unit-05O/model-form-analysis/baseline/baseline.parm7,GAFF2/parmchk2 topology,FROZEN_BASELINE
BOND_18_48_K,346.43,kcal/mol/angstrom^2,analysis/mettl7-phase2/execution-unit-05O/model-form-analysis/baseline/baseline.parm7,GAFF2/parmchk2 topology,FROZEN_BASELINE
BOND_18_48_REQ,1.0954,angstrom,analysis/mettl7-phase2/execution-unit-05O/model-form-analysis/baseline/baseline.parm7,GAFF2/parmchk2 topology,FROZEN_BASELINE
BOND_20_49_K,346.43,kcal/mol/angstrom^2,analysis/mettl7-phase2/execution-unit-05O/model-form-analysis/baseline/baseline.parm7,GAFF2/parmchk2 topology,FROZEN_BASELINE
BOND_20_49_REQ,1.0954,angstrom,analysis/mettl7-phase2/execution-unit-05O/model-form-analysis/baseline/baseline.parm7,GAFF2/parmchk2 topology,FROZEN_BASELINE
BOND_20_50_K,346.43,kcal/mol/angstrom^2,analysis/mettl7-phase2/execution-unit-05O/model-form-analysis/baseline/baseline.parm7,GAFF2/parmchk2 topology,FROZEN_BASELINE
BOND_20_50_REQ,1.0954,angstrom,analysis/mettl7-phase2/execution-unit-05O/model-form-analysis/baseline/baseline.parm7,GAFF2/parmchk2 topology,FROZEN_BASELINE
BOND_21_51_K,346.43,kcal/mol/angstrom^2,analysis/mettl7-phase2/execution-unit-05O/model-form-analysis/baseline/baseline.parm7,GAFF2/parmchk2 topology,FROZEN_BASELINE
BOND_21_51_REQ,1.0954,angstrom,analysis/mettl7-phase2/execution-unit-05O/model-form-analysis/baseline/baseline.parm7,GAFF2/parmchk2 topology,FROZEN_BASELINE
BOND_21_52_K,346.43,kcal/mol/angstrom^2,analysis/mettl7-phase2/execution-unit-05O/model-form-analysis/baseline/baseline.parm7,GAFF2/parmchk2 topology,FROZEN_BASELINE
BOND_21_52_REQ,1.0954,angstrom,analysis/mettl7-phase2/execution-unit-05O/model-form-analysis/baseline/baseline.parm7,GAFF2/parmchk2 topology,FROZEN_BASELINE
BOND_25_53_K,345.25,kcal/mol/angstrom^2,analysis/mettl7-phase2/execution-unit-05O/model-form-analysis/baseline/baseline.parm7,GAFF2/parmchk2 topology,FROZEN_BASELINE
BOND_25_53_REQ,1.0962,angstrom,analysis/mettl7-phase2/execution-unit-05O/model-form-analysis/baseline/baseline.parm7,GAFF2/parmchk2 topology,FROZEN_BASELINE
BOND_25_54_K,345.25,kcal/mol/angstrom^2,analysis/mettl7-phase2/execution-unit-05O/model-form-analysis/baseline/baseline.parm7,GAFF2/parmchk2 topology,FROZEN_BASELINE
BOND_25_54_REQ,1.0962,angstrom,analysis/mettl7-phase2/execution-unit-05O/model-form-analysis/baseline/baseline.parm7,GAFF2/parmchk2 topology,FROZEN_BASELINE
BOND_25_55_K,345.25,kcal/mol/angstrom^2,analysis/mettl7-phase2/execution-unit-05O/model-form-analysis/baseline/baseline.parm7,GAFF2/parmchk2 topology,FROZEN_BASELINE
BOND_25_55_REQ,1.0962,angstrom,analysis/mettl7-phase2/execution-unit-05O/model-form-analysis/baseline/baseline.parm7,GAFF2/parmchk2 topology,FROZEN_BASELINE
BOND_26_56_K,277.51,kcal/mol/angstrom^2,analysis/mettl7-phase2/execution-unit-05O/model-form-analysis/baseline/baseline.parm7,GAFF2/parmchk2 topology,FROZEN_BASELINE
BOND_26_56_REQ,1.3503,angstrom,analysis/mettl7-phase2/execution-unit-05O/model-form-analysis/baseline/baseline.parm7,GAFF2/parmchk2 topology,FROZEN_BASELINE
ANGLE_1_2_3_K,59.99,kcal/mol/radian^2,analysis/mettl7-phase2/execution-unit-05O/model-form-analysis/baseline/baseline.parm7,GAFF2/parmchk2 topology,FROZEN_BASELINE
ANGLE_1_2_3_THETAEQ,111.4300478134838,degree,analysis/mettl7-phase2/execution-unit-05O/model-form-analysis/baseline/baseline.parm7,GAFF2/parmchk2 topology,FROZEN_BASELINE
ANGLE_1_2_8_K,60.93,kcal/mol/radian^2,analysis/mettl7-phase2/execution-unit-05O/model-form-analysis/baseline/baseline.parm7,GAFF2/parmchk2 topology,FROZEN_BASELINE
ANGLE_1_2_8_THETAEQ,109.7700469874566,degree,analysis/mettl7-phase2/execution-unit-05O/model-form-analysis/baseline/baseline.parm7,GAFF2/parmchk2 topology,FROZEN_BASELINE
ANGLE_1_2_12_K,59.99,kcal/mol/radian^2,analysis/mettl7-phase2/execution-unit-05O/model-form-analysis/baseline/baseline.parm7,GAFF2/parmchk2 topology,FROZEN_BASELINE
ANGLE_1_2_12_THETAEQ,111.4300478134838,degree,analysis/mettl7-phase2/execution-unit-05O/model-form-analysis/baseline/baseline.parm7,GAFF2/parmchk2 topology,FROZEN_BASELINE
ANGLE_2_3_4_K,60.18,kcal/mol/radian^2,analysis/mettl7-phase2/execution-unit-05O/model-form-analysis/baseline/baseline.parm7,GAFF2/parmchk2 topology,FROZEN_BASELINE
ANGLE_2_3_4_THETAEQ,111.0600477122065,degree,analysis/mettl7-phase2/execution-unit-05O/model-form-analysis/baseline/baseline.parm7,GAFF2/parmchk2 topology,FROZEN_BASELINE
ANGLE_2_8_7_K,61.2,kcal/mol/radian^2,analysis/mettl7-phase2/execution-unit-05O/model-form-analysis/baseline/baseline.parm7,GAFF2/parmchk2 topology,FROZEN_BASELINE
ANGLE_2_8_7_THETAEQ,122.650052851286,degree,analysis/mettl7-phase2/execution-unit-05O/model-form-analysis/baseline/baseline.parm7,GAFF2/parmchk2 topology,FROZEN_BASELINE
ANGLE_2_8_9_K,59.87,kcal/mol/radian^2,analysis/mettl7-phase2/execution-unit-05O/model-form-analysis/baseline/baseline.parm7,GAFF2/parmchk2 topology,FROZEN_BASELINE
ANGLE_2_8_9_THETAEQ,115.9600498122274,degree,analysis/mettl7-phase2/execution-unit-05O/model-form-analysis/baseline/baseline.parm7,GAFF2/parmchk2 topology,FROZEN_BASELINE
ANGLE_2_12_11_K,60.18,kcal/mol/radian^2,analysis/mettl7-phase2/execution-unit-05O/model-form-analysis/baseline/baseline.parm7,GAFF2/parmchk2 topology,FROZEN_BASELINE
ANGLE_2_12_11_THETAEQ,111.0600477122065,degree,analysis/mettl7-phase2/execution-unit-05O/model-form-analysis/baseline/baseline.parm7,GAFF2/parmchk2 topology,FROZEN_BASELINE
ANGLE_2_12_13_K,60.18,kcal/mol/radian^2,analysis/mettl7-phase2/execution-unit-05O/model-form-analysis/baseline/baseline.parm7,GAFF2/parmchk2 topology,FROZEN_BASELINE
ANGLE_2_12_13_THETAEQ,111.0600477122065,degree,analysis/mettl7-phase2/execution-unit-05O/model-form-analysis/baseline/baseline.parm7,GAFF2/parmchk2 topology,FROZEN_BASELINE
ANGLE_3_2_8_K,60.57,kcal/mol/radian^2,analysis/mettl7-phase2/execution-unit-05O/model-form-analysis/baseline/baseline.parm7,GAFF2/parmchk2 topology,FROZEN_BASELINE
ANGLE_3_2_8_THETAEQ,111.4100475757291,degree,analysis/mettl7-phase2/execution-unit-05O/model-form-analysis/baseline/baseline.parm7,GAFF2/parmchk2 topology,FROZEN_BASELINE
ANGLE_3_2_12_K,60.18,kcal/mol/radian^2,analysis/mettl7-phase2/execution-unit-05O/model-form-analysis/baseline/baseline.parm7,GAFF2/parmchk2 topology,FROZEN_BASELINE
ANGLE_3_2_12_THETAEQ,111.0600477122065,degree,analysis/mettl7-phase2/execution-unit-05O/model-form-analysis/baseline/baseline.parm7,GAFF2/parmchk2 topology,FROZEN_BASELINE
ANGLE_3_4_5_K,60.27,kcal/mol/radian^2,analysis/mettl7-phase2/execution-unit-05O/model-form-analysis/baseline/baseline.parm7,GAFF2/parmchk2 topology,FROZEN_BASELINE
ANGLE_3_4_5_THETAEQ,111.4300478134838,degree,analysis/mettl7-phase2/execution-unit-05O/model-form-analysis/baseline/baseline.parm7,GAFF2/parmchk2 topology,FROZEN_BASELINE
ANGLE_4_5_6_K,76.56,kcal/mol/radian^2,analysis/mettl7-phase2/execution-unit-05O/model-form-analysis/baseline/baseline.parm7,GAFF2/parmchk2 topology,FROZEN_BASELINE
ANGLE_4_5_6_THETAEQ,122.3400523173571,degree,analysis/mettl7-phase2/execution-unit-05O/model-form-analysis/baseline/baseline.parm7,GAFF2/parmchk2 topology,FROZEN_BASELINE
ANGLE_4_5_7_K,60.06,kcal/mol/radian^2,analysis/mettl7-phase2/execution-unit-05O/model-form-analysis/baseline/baseline.parm7,GAFF2/parmchk2 topology,FROZEN_BASELINE
ANGLE_4_5_7_THETAEQ,116.1500500655441,degree,analysis/mettl7-phase2/execution-unit-05O/model-form-analysis/baseline/baseline.parm7,GAFF2/parmchk2 topology,FROZEN_BASELINE
ANGLE_5_7_8_K,62.11,kcal/mol/radian^2,analysis/mettl7-phase2/execution-unit-05O/model-form-analysis/baseline/baseline.parm7,GAFF2/parmchk2 topology,FROZEN_BASELINE
ANGLE_5_7_8_THETAEQ,122.0000522862329,degree,analysis/mettl7-phase2/execution-unit-05O/model-form-analysis/baseline/baseline.parm7,GAFF2/parmchk2 topology,FROZEN_BASELINE
ANGLE_6_5_7_K,77.98999999999999,kcal/mol/radian^2,analysis/mettl7-phase2/execution-unit-05O/model-form-analysis/baseline/baseline.parm7,GAFF2/parmchk2 topology,FROZEN_BASELINE
ANGLE_6_5_7_THETAEQ,123.2400527030752,degree,analysis/mettl7-phase2/execution-unit-05O/model-form-analysis/baseline/baseline.parm7,GAFF2/parmchk2 topology,FROZEN_BASELINE
ANGLE_7_8_9_K,61.2,kcal/mol/radian^2,analysis/mettl7-phase2/execution-unit-05O/model-form-analysis/baseline/baseline.parm7,GAFF2/parmchk2 topology,FROZEN_BASELINE
ANGLE_7_8_9_THETAEQ,122.650052851286,degree,analysis/mettl7-phase2/execution-unit-05O/model-form-analysis/baseline/baseline.parm7,GAFF2/parmchk2 topology,FROZEN_BASELINE
ANGLE_8_9_10_K,60.57,kcal/mol/radian^2,analysis/mettl7-phase2/execution-unit-05O/model-form-analysis/baseline/baseline.parm7,GAFF2/parmchk2 topology,FROZEN_BASELINE
ANGLE_8_9_10_THETAEQ,111.4100475757291,degree,analysis/mettl7-phase2/execution-unit-05O/model-form-analysis/baseline/baseline.parm7,GAFF2/parmchk2 topology,FROZEN_BASELINE
ANGLE_8_2_12_K,60.57,kcal/mol/radian^2,analysis/mettl7-phase2/execution-unit-05O/model-form-analysis/baseline/baseline.parm7,GAFF2/parmchk2 topology,FROZEN_BASELINE
ANGLE_8_2_12_THETAEQ,111.4100475757291,degree,analysis/mettl7-phase2/execution-unit-05O/model-form-analysis/baseline/baseline.parm7,GAFF2/parmchk2 topology,FROZEN_BASELINE
ANGLE_9_10_11_K,60.18,kcal/mol/radian^2,analysis/mettl7-phase2/execution-unit-05O/model-form-analysis/baseline/baseline.parm7,GAFF2/parmchk2 topology,FROZEN_BASELINE
ANGLE_9_10_11_THETAEQ,111.0600477122065,degree,analysis/mettl7-phase2/execution-unit-05O/model-form-analysis/baseline/baseline.parm7,GAFF2/parmchk2 topology,FROZEN_BASELINE
ANGLE_9_10_26_K,62.66,kcal/mol/radian^2,analysis/mettl7-phase2/execution-unit-05O/model-form-analysis/baseline/baseline.parm7,GAFF2/parmchk2 topology,FROZEN_BASELINE
ANGLE_9_10_26_THETAEQ,109.0600468550552,degree,analysis/mettl7-phase2/execution-unit-05O/model-form-analysis/baseline/baseline.parm7,GAFF2/parmchk2 topology,FROZEN_BASELINE
ANGLE_10_11_12_K,60.18,kcal/mol/radian^2,analysis/mettl7-phase2/execution-unit-05O/model-form-analysis/baseline/baseline.parm7,GAFF2/parmchk2 topology,FROZEN_BASELINE
ANGLE_10_11_12_THETAEQ,111.0600477122065,degree,analysis/mettl7-phase2/execution-unit-05O/model-form-analysis/baseline/baseline.parm7,GAFF2/parmchk2 topology,FROZEN_BASELINE
ANGLE_10_11_16_K,60.17,kcal/mol/radian^2,analysis/mettl7-phase2/execution-unit-05O/model-form-analysis/baseline/baseline.parm7,GAFF2/parmchk2 topology,FROZEN_BASELINE
ANGLE_10_11_16_THETAEQ,111.0400474744519,degree,analysis/mettl7-phase2/execution-unit-05O/model-form-analysis/baseline/baseline.parm7,GAFF2/parmchk2 topology,FROZEN_BASELINE
ANGLE_11_10_26_K,62.66,kcal/mol/radian^2,analysis/mettl7-phase2/execution-unit-05O/model-form-analysis/baseline/baseline.parm7,GAFF2/parmchk2 topology,FROZEN_BASELINE
ANGLE_11_10_26_THETAEQ,109.0600468550552,degree,analysis/mettl7-phase2/execution-unit-05O/model-form-analysis/baseline/baseline.parm7,GAFF2/parmchk2 topology,FROZEN_BASELINE
ANGLE_11_12_13_K,60.18,kcal/mol/radian^2,analysis/mettl7-phase2/execution-unit-05O/model-form-analysis/baseline/baseline.parm7,GAFF2/parmchk2 topology,FROZEN_BASELINE
ANGLE_11_12_13_THETAEQ,111.0600477122065,degree,analysis/mettl7-phase2/execution-unit-05O/model-form-analysis/baseline/baseline.parm7,GAFF2/parmchk2 topology,FROZEN_BASELINE
ANGLE_11_16_15_K,59.26,kcal/mol/radian^2,analysis/mettl7-phase2/execution-unit-05O/model-form-analysis/baseline/baseline.parm7,GAFF2/parmchk2 topology,FROZEN_BASELINE
ANGLE_11_16_15_THETAEQ,113.7500490369625,degree,analysis/mettl7-phase2/execution-unit-05O/model-form-analysis/baseline/baseline.parm7,GAFF2/parmchk2 topology,FROZEN_BASELINE
ANGLE_11_16_17_K,59.26,kcal/mol/radian^2,analysis/mettl7-phase2/execution-unit-05O/model-form-analysis/baseline/baseline.parm7,GAFF2/parmchk2 topology,FROZEN_BASELINE
ANGLE_11_16_17_THETAEQ,113.7500490369625,degree,analysis/mettl7-phase2/execution-unit-05O/model-form-analysis/baseline/baseline.parm7,GAFF2/parmchk2 topology,FROZEN_BASELINE
ANGLE_12_11_16_K,60.17,kcal/mol/radian^2,analysis/mettl7-phase2/execution-unit-05O/model-form-analysis/baseline/baseline.parm7,GAFF2/parmchk2 topology,FROZEN_BASELINE
ANGLE_12_11_16_THETAEQ,111.0400474744519,degree,analysis/mettl7-phase2/execution-unit-05O/model-form-analysis/baseline/baseline.parm7,GAFF2/parmchk2 topology,FROZEN_BASELINE
ANGLE_12_13_14_K,60.18,kcal/mol/radian^2,analysis/mettl7-phase2/execution-unit-05O/model-form-analysis/baseline/baseline.parm7,GAFF2/parmchk2 topology,FROZEN_BASELINE
ANGLE_12_13_14_THETAEQ,111.0600477122065,degree,analysis/mettl7-phase2/execution-unit-05O/model-form-analysis/baseline/baseline.parm7,GAFF2/parmchk2 topology,FROZEN_BASELINE
ANGLE_13_14_15_K,60.17,kcal/mol/radian^2,analysis/mettl7-phase2/execution-unit-05O/model-form-analysis/baseline/baseline.parm7,GAFF2/parmchk2 topology,FROZEN_BASELINE
ANGLE_13_14_15_THETAEQ,111.0400474744519,degree,analysis/mettl7-phase2/execution-unit-05O/model-form-analysis/baseline/baseline.parm7,GAFF2/parmchk2 topology,FROZEN_BASELINE
ANGLE_14_15_16_K,59.26,kcal/mol/radian^2,analysis/mettl7-phase2/execution-unit-05O/model-form-analysis/baseline/baseline.parm7,GAFF2/parmchk2 topology,FROZEN_BASELINE
ANGLE_14_15_16_THETAEQ,113.7500490369625,degree,analysis/mettl7-phase2/execution-unit-05O/model-form-analysis/baseline/baseline.parm7,GAFF2/parmchk2 topology,FROZEN_BASELINE
ANGLE_14_15_25_K,60.33,kcal/mol/radian^2,analysis/mettl7-phase2/execution-unit-05O/model-form-analysis/baseline/baseline.parm7,GAFF2/parmchk2 topology,FROZEN_BASELINE
ANGLE_14_15_25_THETAEQ,110.5600474979187,degree,analysis/mettl7-phase2/execution-unit-05O/model-form-analysis/baseline/baseline.parm7,GAFF2/parmchk2 topology,FROZEN_BASELINE
ANGLE_14_15_19_K,59.26,kcal/mol/radian^2,analysis/mettl7-phase2/execution-unit-05O/model-form-analysis/baseline/baseline.parm7,GAFF2/parmchk2 topology,FROZEN_BASELINE
ANGLE_14_15_19_THETAEQ,113.7500490369625,degree,analysis/mettl7-phase2/execution-unit-05O/model-form-analysis/baseline/baseline.parm7,GAFF2/parmchk2 topology,FROZEN_BASELINE
ANGLE_15_16_17_K,61.84,kcal/mol/radian^2,analysis/mettl7-phase2/execution-unit-05O/model-form-analysis/baseline/baseline.parm7,GAFF2/parmchk2 topology,FROZEN_BASELINE
ANGLE_15_16_17_THETAEQ,103.8300445563086,degree,analysis/mettl7-phase2/execution-unit-05O/model-form-analysis/baseline/baseline.parm7,GAFF2/parmchk2 topology,FROZEN_BASELINE
ANGLE_15_19_18_K,61.84,kcal/mol/radian^2,analysis/mettl7-phase2/execution-unit-05O/model-form-analysis/baseline/baseline.parm7,GAFF2/parmchk2 topology,FROZEN_BASELINE
ANGLE_15_19_18_THETAEQ,103.8300445563086,degree,analysis/mettl7-phase2/execution-unit-05O/model-form-analysis/baseline/baseline.parm7,GAFF2/parmchk2 topology,FROZEN_BASELINE
ANGLE_15_19_20_K,61.84,kcal/mol/radian^2,analysis/mettl7-phase2/execution-unit-05O/model-form-analysis/baseline/baseline.parm7,GAFF2/parmchk2 topology,FROZEN_BASELINE
ANGLE_15_19_20_THETAEQ,103.8300445563086,degree,analysis/mettl7-phase2/execution-unit-05O/model-form-analysis/baseline/baseline.parm7,GAFF2/parmchk2 topology,FROZEN_BASELINE
ANGLE_15_19_24_K,77.43000000000001,kcal/mol/radian^2,analysis/mettl7-phase2/execution-unit-05O/model-form-analysis/baseline/baseline.parm7,GAFF2/parmchk2 topology,FROZEN_BASELINE
ANGLE_15_19_24_THETAEQ,106.1400453744311,degree,analysis/mettl7-phase2/execution-unit-05O/model-form-analysis/baseline/baseline.parm7,GAFF2/parmchk2 topology,FROZEN_BASELINE
ANGLE_16_15_25_K,59.33,kcal/mol/radian^2,analysis/mettl7-phase2/execution-unit-05O/model-form-analysis/baseline/baseline.parm7,GAFF2/parmchk2 topology,FROZEN_BASELINE
ANGLE_16_15_25_THETAEQ,113.6000486861972,degree,analysis/mettl7-phase2/execution-unit-05O/model-form-analysis/baseline/baseline.parm7,GAFF2/parmchk2 topology,FROZEN_BASELINE
ANGLE_16_15_19_K,61.84,kcal/mol/radian^2,analysis/mettl7-phase2/execution-unit-05O/model-form-analysis/baseline/baseline.parm7,GAFF2/parmchk2 topology,FROZEN_BASELINE
ANGLE_16_15_19_THETAEQ,103.8300445563086,degree,analysis/mettl7-phase2/execution-unit-05O/model-form-analysis/baseline/baseline.parm7,GAFF2/parmchk2 topology,FROZEN_BASELINE
ANGLE_16_17_18_K,61.84,kcal/mol/radian^2,analysis/mettl7-phase2/execution-unit-05O/model-form-analysis/baseline/baseline.parm7,GAFF2/parmchk2 topology,FROZEN_BASELINE
ANGLE_16_17_18_THETAEQ,103.8300445563086,degree,analysis/mettl7-phase2/execution-unit-05O/model-form-analysis/baseline/baseline.parm7,GAFF2/parmchk2 topology,FROZEN_BASELINE
ANGLE_17_18_19_K,61.84,kcal/mol/radian^2,analysis/mettl7-phase2/execution-unit-05O/model-form-analysis/baseline/baseline.parm7,GAFF2/parmchk2 topology,FROZEN_BASELINE
ANGLE_17_18_19_THETAEQ,103.8300445563086,degree,analysis/mettl7-phase2/execution-unit-05O/model-form-analysis/baseline/baseline.parm7,GAFF2/parmchk2 topology,FROZEN_BASELINE
ANGLE_18_19_20_K,61.84,kcal/mol/radian^2,analysis/mettl7-phase2/execution-unit-05O/model-form-analysis/baseline/baseline.parm7,GAFF2/parmchk2 topology,FROZEN_BASELINE
ANGLE_18_19_20_THETAEQ,103.8300445563086,degree,analysis/mettl7-phase2/execution-unit-05O/model-form-analysis/baseline/baseline.parm7,GAFF2/parmchk2 topology,FROZEN_BASELINE
ANGLE_18_19_24_K,77.43000000000001,kcal/mol/radian^2,analysis/mettl7-phase2/execution-unit-05O/model-form-analysis/baseline/baseline.parm7,GAFF2/parmchk2 topology,FROZEN_BASELINE
ANGLE_18_19_24_THETAEQ,106.1400453744311,degree,analysis/mettl7-phase2/execution-unit-05O/model-form-analysis/baseline/baseline.parm7,GAFF2/parmchk2 topology,FROZEN_BASELINE
ANGLE_19_20_21_K,61.84,kcal/mol/radian^2,analysis/mettl7-phase2/execution-unit-05O/model-form-analysis/baseline/baseline.parm7,GAFF2/parmchk2 topology,FROZEN_BASELINE
ANGLE_19_20_21_THETAEQ,103.8300445563086,degree,analysis/mettl7-phase2/execution-unit-05O/model-form-analysis/baseline/baseline.parm7,GAFF2/parmchk2 topology,FROZEN_BASELINE
ANGLE_19_15_25_K,59.33,kcal/mol/radian^2,analysis/mettl7-phase2/execution-unit-05O/model-form-analysis/baseline/baseline.parm7,GAFF2/parmchk2 topology,FROZEN_BASELINE
ANGLE_19_15_25_THETAEQ,113.6000486861972,degree,analysis/mettl7-phase2/execution-unit-05O/model-form-analysis/baseline/baseline.parm7,GAFF2/parmchk2 topology,FROZEN_BASELINE
ANGLE_19_24_22_K,91.12,kcal/mol/radian^2,analysis/mettl7-phase2/execution-unit-05O/model-form-analysis/baseline/baseline.parm7,GAFF2/parmchk2 topology,FROZEN_BASELINE
ANGLE_19_24_22_THETAEQ,110.9300475991959,degree,analysis/mettl7-phase2/execution-unit-05O/model-form-analysis/baseline/baseline.parm7,GAFF2/parmchk2 topology,FROZEN_BASELINE
ANGLE_20_19_24_K,77.43000000000001,kcal/mol/radian^2,analysis/mettl7-phase2/execution-unit-05O/model-form-analysis/baseline/baseline.parm7,GAFF2/parmchk2 topology,FROZEN_BASELINE
ANGLE_20_19_24_THETAEQ,106.1400453744311,degree,analysis/mettl7-phase2/execution-unit-05O/model-form-analysis/baseline/baseline.parm7,GAFF2/parmchk2 topology,FROZEN_BASELINE
ANGLE_20_21_22_K,60.94,kcal/mol/radian^2,analysis/mettl7-phase2/execution-unit-05O/model-form-analysis/baseline/baseline.parm7,GAFF2/parmchk2 topology,FROZEN_BASELINE
ANGLE_20_21_22_THETAEQ,107.8600463407644,degree,analysis/mettl7-phase2/execution-unit-05O/model-form-analysis/baseline/baseline.parm7,GAFF2/parmchk2 topology,FROZEN_BASELINE
ANGLE_21_22_23_K,75.31,kcal/mol/radian^2,analysis/mettl7-phase2/execution-unit-05O/model-form-analysis/baseline/baseline.parm7,GAFF2/parmchk2 topology,FROZEN_BASELINE
ANGLE_21_22_23_THETAEQ,125.6700538018099,degree,analysis/mettl7-phase2/execution-unit-05O/model-form-analysis/baseline/baseline.parm7,GAFF2/parmchk2 topology,FROZEN_BASELINE
ANGLE_21_22_24_K,78.11,kcal/mol/radian^2,analysis/mettl7-phase2/execution-unit-05O/model-form-analysis/baseline/baseline.parm7,GAFF2/parmchk2 topology,FROZEN_BASELINE
ANGLE_21_22_24_THETAEQ,109.6900471823537,degree,analysis/mettl7-phase2/execution-unit-05O/model-form-analysis/baseline/baseline.parm7,GAFF2/parmchk2 topology,FROZEN_BASELINE
ANGLE_23_22_24_K,101.26,kcal/mol/radian^2,analysis/mettl7-phase2/execution-unit-05O/model-form-analysis/baseline/baseline.parm7,GAFF2/parmchk2 topology,FROZEN_BASELINE
ANGLE_23_22_24_THETAEQ,123.2000528005237,degree,analysis/mettl7-phase2/execution-unit-05O/model-form-analysis/baseline/baseline.parm7,GAFF2/parmchk2 topology,FROZEN_BASELINE
ANGLE_2_1_27_K,42.89,kcal/mol/radian^2,analysis/mettl7-phase2/execution-unit-05O/model-form-analysis/baseline/baseline.parm7,GAFF2/parmchk2 topology,FROZEN_BASELINE
ANGLE_2_1_27_THETAEQ,110.6300474706232,degree,analysis/mettl7-phase2/execution-unit-05O/model-form-analysis/baseline/baseline.parm7,GAFF2/parmchk2 topology,FROZEN_BASELINE
ANGLE_2_1_28_K,42.89,kcal/mol/radian^2,analysis/mettl7-phase2/execution-unit-05O/model-form-analysis/baseline/baseline.parm7,GAFF2/parmchk2 topology,FROZEN_BASELINE
ANGLE_2_1_28_THETAEQ,110.6300474706232,degree,analysis/mettl7-phase2/execution-unit-05O/model-form-analysis/baseline/baseline.parm7,GAFF2/parmchk2 topology,FROZEN_BASELINE
ANGLE_2_1_29_K,42.89,kcal/mol/radian^2,analysis/mettl7-phase2/execution-unit-05O/model-form-analysis/baseline/baseline.parm7,GAFF2/parmchk2 topology,FROZEN_BASELINE
ANGLE_2_1_29_THETAEQ,110.6300474706232,degree,analysis/mettl7-phase2/execution-unit-05O/model-form-analysis/baseline/baseline.parm7,GAFF2/parmchk2 topology,FROZEN_BASELINE
ANGLE_2_3_30_K,43.23,kcal/mol/radian^2,analysis/mettl7-phase2/execution-unit-05O/model-form-analysis/baseline/baseline.parm7,GAFF2/parmchk2 topology,FROZEN_BASELINE
ANGLE_2_3_30_THETAEQ,109.450047194087,degree,analysis/mettl7-phase2/execution-unit-05O/model-form-analysis/baseline/baseline.parm7,GAFF2/parmchk2 topology,FROZEN_BASELINE
ANGLE_2_3_31_K,43.23,kcal/mol/radian^2,analysis/mettl7-phase2/execution-unit-05O/model-form-analysis/baseline/baseline.parm7,GAFF2/parmchk2 topology,FROZEN_BASELINE
ANGLE_2_3_31_THETAEQ,109.450047194087,degree,analysis/mettl7-phase2/execution-unit-05O/model-form-analysis/baseline/baseline.parm7,GAFF2/parmchk2 topology,FROZEN_BASELINE
ANGLE_2_12_39_K,43.23,kcal/mol/radian^2,analysis/mettl7-phase2/execution-unit-05O/model-form-analysis/baseline/baseline.parm7,GAFF2/parmchk2 topology,FROZEN_BASELINE
ANGLE_2_12_39_THETAEQ,109.450047194087,degree,analysis/mettl7-phase2/execution-unit-05O/model-form-analysis/baseline/baseline.parm7,GAFF2/parmchk2 topology,FROZEN_BASELINE
ANGLE_3_4_32_K,43.23,kcal/mol/radian^2,analysis/mettl7-phase2/execution-unit-05O/model-form-analysis/baseline/baseline.parm7,GAFF2/parmchk2 topology,FROZEN_BASELINE
ANGLE_3_4_32_THETAEQ,109.450047194087,degree,analysis/mettl7-phase2/execution-unit-05O/model-form-analysis/baseline/baseline.parm7,GAFF2/parmchk2 topology,FROZEN_BASELINE
ANGLE_3_4_33_K,43.23,kcal/mol/radian^2,analysis/mettl7-phase2/execution-unit-05O/model-form-analysis/baseline/baseline.parm7,GAFF2/parmchk2 topology,FROZEN_BASELINE
ANGLE_3_4_33_THETAEQ,109.450047194087,degree,analysis/mettl7-phase2/execution-unit-05O/model-form-analysis/baseline/baseline.parm7,GAFF2/parmchk2 topology,FROZEN_BASELINE
ANGLE_4_3_30_K,43.23,kcal/mol/radian^2,analysis/mettl7-phase2/execution-unit-05O/model-form-analysis/baseline/baseline.parm7,GAFF2/parmchk2 topology,FROZEN_BASELINE
ANGLE_4_3_30_THETAEQ,109.450047194087,degree,analysis/mettl7-phase2/execution-unit-05O/model-form-analysis/baseline/baseline.parm7,GAFF2/parmchk2 topology,FROZEN_BASELINE
ANGLE_4_3_31_K,43.23,kcal/mol/radian^2,analysis/mettl7-phase2/execution-unit-05O/model-form-analysis/baseline/baseline.parm7,GAFF2/parmchk2 topology,FROZEN_BASELINE
ANGLE_4_3_31_THETAEQ,109.450047194087,degree,analysis/mettl7-phase2/execution-unit-05O/model-form-analysis/baseline/baseline.parm7,GAFF2/parmchk2 topology,FROZEN_BASELINE
ANGLE_5_4_32_K,43.84,kcal/mol/radian^2,analysis/mettl7-phase2/execution-unit-05O/model-form-analysis/baseline/baseline.parm7,GAFF2/parmchk2 topology,FROZEN_BASELINE
ANGLE_5_4_32_THETAEQ,107.6700460874477,degree,analysis/mettl7-phase2/execution-unit-05O/model-form-analysis/baseline/baseline.parm7,GAFF2/parmchk2 topology,FROZEN_BASELINE
ANGLE_5_4_33_K,43.84,kcal/mol/radian^2,analysis/mettl7-phase2/execution-unit-05O/model-form-analysis/baseline/baseline.parm7,GAFF2/parmchk2 topology,FROZEN_BASELINE
ANGLE_5_4_33_THETAEQ,107.6700460874477,degree,analysis/mettl7-phase2/execution-unit-05O/model-form-analysis/baseline/baseline.parm7,GAFF2/parmchk2 topology,FROZEN_BASELINE
ANGLE_5_7_34_K,43.31,kcal/mol/radian^2,analysis/mettl7-phase2/execution-unit-05O/model-form-analysis/baseline/baseline.parm7,GAFF2/parmchk2 topology,FROZEN_BASELINE
ANGLE_5_7_34_THETAEQ,116.4100497186075,degree,analysis/mettl7-phase2/execution-unit-05O/model-form-analysis/baseline/baseline.parm7,GAFF2/parmchk2 topology,FROZEN_BASELINE
ANGLE_8_7_34_K,46.24,kcal/mol/radian^2,analysis/mettl7-phase2/execution-unit-05O/model-form-analysis/baseline/baseline.parm7,GAFF2/parmchk2 topology,FROZEN_BASELINE
ANGLE_8_7_34_THETAEQ,120.0000514290816,degree,analysis/mettl7-phase2/execution-unit-05O/model-form-analysis/baseline/baseline.parm7,GAFF2/parmchk2 topology,FROZEN_BASELINE
ANGLE_8_9_35_K,43.9,kcal/mol/radian^2,analysis/mettl7-phase2/execution-unit-05O/model-form-analysis/baseline/baseline.parm7,GAFF2/parmchk2 topology,FROZEN_BASELINE
ANGLE_8_9_35_THETAEQ,109.3100466757202,degree,analysis/mettl7-phase2/execution-unit-05O/model-form-analysis/baseline/baseline.parm7,GAFF2/parmchk2 topology,FROZEN_BASELINE
ANGLE_8_9_36_K,43.9,kcal/mol/radian^2,analysis/mettl7-phase2/execution-unit-05O/model-form-analysis/baseline/baseline.parm7,GAFF2/parmchk2 topology,FROZEN_BASELINE
ANGLE_8_9_36_THETAEQ,109.3100466757202,degree,analysis/mettl7-phase2/execution-unit-05O/model-form-analysis/baseline/baseline.parm7,GAFF2/parmchk2 topology,FROZEN_BASELINE
ANGLE_9_10_37_K,43.28,kcal/mol/radian^2,analysis/mettl7-phase2/execution-unit-05O/model-form-analysis/baseline/baseline.parm7,GAFF2/parmchk2 topology,FROZEN_BASELINE
ANGLE_9_10_37_THETAEQ,109.1800465627096,degree,analysis/mettl7-phase2/execution-unit-05O/model-form-analysis/baseline/baseline.parm7,GAFF2/parmchk2 topology,FROZEN_BASELINE
ANGLE_10_9_35_K,43.23,kcal/mol/radian^2,analysis/mettl7-phase2/execution-unit-05O/model-form-analysis/baseline/baseline.parm7,GAFF2/parmchk2 topology,FROZEN_BASELINE
ANGLE_10_9_35_THETAEQ,109.450047194087,degree,analysis/mettl7-phase2/execution-unit-05O/model-form-analysis/baseline/baseline.parm7,GAFF2/parmchk2 topology,FROZEN_BASELINE
ANGLE_10_9_36_K,43.23,kcal/mol/radian^2,analysis/mettl7-phase2/execution-unit-05O/model-form-analysis/baseline/baseline.parm7,GAFF2/parmchk2 topology,FROZEN_BASELINE
ANGLE_10_9_36_THETAEQ,109.450047194087,degree,analysis/mettl7-phase2/execution-unit-05O/model-form-analysis/baseline/baseline.parm7,GAFF2/parmchk2 topology,FROZEN_BASELINE
ANGLE_10_11_38_K,43.23,kcal/mol/radian^2,analysis/mettl7-phase2/execution-unit-05O/model-form-analysis/baseline/baseline.parm7,GAFF2/parmchk2 topology,FROZEN_BASELINE
ANGLE_10_11_38_THETAEQ,109.450047194087,degree,analysis/mettl7-phase2/execution-unit-05O/model-form-analysis/baseline/baseline.parm7,GAFF2/parmchk2 topology,FROZEN_BASELINE
ANGLE_10_26_56_K,66.43000000000001,kcal/mol/radian^2,analysis/mettl7-phase2/execution-unit-05O/model-form-analysis/baseline/baseline.parm7,GAFF2/parmchk2 topology,FROZEN_BASELINE
ANGLE_10_26_56_THETAEQ,96.00004114326525,degree,analysis/mettl7-phase2/execution-unit-05O/model-form-analysis/baseline/baseline.parm7,GAFF2/parmchk2 topology,FROZEN_BASELINE
ANGLE_11_10_37_K,43.28,kcal/mol/radian^2,analysis/mettl7-phase2/execution-unit-05O/model-form-analysis/baseline/baseline.parm7,GAFF2/parmchk2 topology,FROZEN_BASELINE
ANGLE_11_10_37_THETAEQ,109.1800465627096,degree,analysis/mettl7-phase2/execution-unit-05O/model-form-analysis/baseline/baseline.parm7,GAFF2/parmchk2 topology,FROZEN_BASELINE
ANGLE_11_12_39_K,43.23,kcal/mol/radian^2,analysis/mettl7-phase2/execution-unit-05O/model-form-analysis/baseline/baseline.parm7,GAFF2/parmchk2 topology,FROZEN_BASELINE
ANGLE_11_12_39_THETAEQ,109.450047194087,degree,analysis/mettl7-phase2/execution-unit-05O/model-form-analysis/baseline/baseline.parm7,GAFF2/parmchk2 topology,FROZEN_BASELINE
ANGLE_11_16_44_K,43.84,kcal/mol/radian^2,analysis/mettl7-phase2/execution-unit-05O/model-form-analysis/baseline/baseline.parm7,GAFF2/parmchk2 topology,FROZEN_BASELINE
ANGLE_11_16_44_THETAEQ,106.4200458382069,degree,analysis/mettl7-phase2/execution-unit-05O/model-form-analysis/baseline/baseline.parm7,GAFF2/parmchk2 topology,FROZEN_BASELINE
ANGLE_12_11_38_K,43.23,kcal/mol/radian^2,analysis/mettl7-phase2/execution-unit-05O/model-form-analysis/baseline/baseline.parm7,GAFF2/parmchk2 topology,FROZEN_BASELINE
ANGLE_12_11_38_THETAEQ,109.450047194087,degree,analysis/mettl7-phase2/execution-unit-05O/model-form-analysis/baseline/baseline.parm7,GAFF2/parmchk2 topology,FROZEN_BASELINE
ANGLE_12_13_40_K,43.23,kcal/mol/radian^2,analysis/mettl7-phase2/execution-unit-05O/model-form-analysis/baseline/baseline.parm7,GAFF2/parmchk2 topology,FROZEN_BASELINE
ANGLE_12_13_40_THETAEQ,109.450047194087,degree,analysis/mettl7-phase2/execution-unit-05O/model-form-analysis/baseline/baseline.parm7,GAFF2/parmchk2 topology,FROZEN_BASELINE
ANGLE_12_13_41_K,43.23,kcal/mol/radian^2,analysis/mettl7-phase2/execution-unit-05O/model-form-analysis/baseline/baseline.parm7,GAFF2/parmchk2 topology,FROZEN_BASELINE
ANGLE_12_13_41_THETAEQ,109.450047194087,degree,analysis/mettl7-phase2/execution-unit-05O/model-form-analysis/baseline/baseline.parm7,GAFF2/parmchk2 topology,FROZEN_BASELINE
ANGLE_13_12_39_K,43.23,kcal/mol/radian^2,analysis/mettl7-phase2/execution-unit-05O/model-form-analysis/baseline/baseline.parm7,GAFF2/parmchk2 topology,FROZEN_BASELINE
ANGLE_13_12_39_THETAEQ,109.450047194087,degree,analysis/mettl7-phase2/execution-unit-05O/model-form-analysis/baseline/baseline.parm7,GAFF2/parmchk2 topology,FROZEN_BASELINE
ANGLE_13_14_42_K,43.23,kcal/mol/radian^2,analysis/mettl7-phase2/execution-unit-05O/model-form-analysis/baseline/baseline.parm7,GAFF2/parmchk2 topology,FROZEN_BASELINE
ANGLE_13_14_42_THETAEQ,109.450047194087,degree,analysis/mettl7-phase2/execution-unit-05O/model-form-analysis/baseline/baseline.parm7,GAFF2/parmchk2 topology,FROZEN_BASELINE
ANGLE_13_14_43_K,43.23,kcal/mol/radian^2,analysis/mettl7-phase2/execution-unit-05O/model-form-analysis/baseline/baseline.parm7,GAFF2/parmchk2 topology,FROZEN_BASELINE
ANGLE_13_14_43_THETAEQ,109.450047194087,degree,analysis/mettl7-phase2/execution-unit-05O/model-form-analysis/baseline/baseline.parm7,GAFF2/parmchk2 topology,FROZEN_BASELINE
ANGLE_14_13_40_K,43.23,kcal/mol/radian^2,analysis/mettl7-phase2/execution-unit-05O/model-form-analysis/baseline/baseline.parm7,GAFF2/parmchk2 topology,FROZEN_BASELINE
ANGLE_14_13_40_THETAEQ,109.450047194087,degree,analysis/mettl7-phase2/execution-unit-05O/model-form-analysis/baseline/baseline.parm7,GAFF2/parmchk2 topology,FROZEN_BASELINE
ANGLE_14_13_41_K,43.23,kcal/mol/radian^2,analysis/mettl7-phase2/execution-unit-05O/model-form-analysis/baseline/baseline.parm7,GAFF2/parmchk2 topology,FROZEN_BASELINE
ANGLE_14_13_41_THETAEQ,109.450047194087,degree,analysis/mettl7-phase2/execution-unit-05O/model-form-analysis/baseline/baseline.parm7,GAFF2/parmchk2 topology,FROZEN_BASELINE
ANGLE_15_14_42_K,43.24,kcal/mol/radian^2,analysis/mettl7-phase2/execution-unit-05O/model-form-analysis/baseline/baseline.parm7,GAFF2/parmchk2 topology,FROZEN_BASELINE
ANGLE_15_14_42_THETAEQ,109.3400467458733,degree,analysis/mettl7-phase2/execution-unit-05O/model-form-analysis/baseline/baseline.parm7,GAFF2/parmchk2 topology,FROZEN_BASELINE
ANGLE_15_14_43_K,43.24,kcal/mol/radian^2,analysis/mettl7-phase2/execution-unit-05O/model-form-analysis/baseline/baseline.parm7,GAFF2/parmchk2 topology,FROZEN_BASELINE
ANGLE_15_14_43_THETAEQ,109.3400467458733,degree,analysis/mettl7-phase2/execution-unit-05O/model-form-analysis/baseline/baseline.parm7,GAFF2/parmchk2 topology,FROZEN_BASELINE
ANGLE_15_16_44_K,42.65,kcal/mol/radian^2,analysis/mettl7-phase2/execution-unit-05O/model-form-analysis/baseline/baseline.parm7,GAFF2/parmchk2 topology,FROZEN_BASELINE
ANGLE_15_16_44_THETAEQ,111.1700475874625,degree,analysis/mettl7-phase2/execution-unit-05O/model-form-analysis/baseline/baseline.parm7,GAFF2/parmchk2 topology,FROZEN_BASELINE
ANGLE_15_25_53_K,43.06,kcal/mol/radian^2,analysis/mettl7-phase2/execution-unit-05O/model-form-analysis/baseline/baseline.parm7,GAFF2/parmchk2 topology,FROZEN_BASELINE
ANGLE_15_25_53_THETAEQ,110.5300474277657,degree,analysis/mettl7-phase2/execution-unit-05O/model-form-analysis/baseline/baseline.parm7,GAFF2/parmchk2 topology,FROZEN_BASELINE
ANGLE_15_25_54_K,43.06,kcal/mol/radian^2,analysis/mettl7-phase2/execution-unit-05O/model-form-analysis/baseline/baseline.parm7,GAFF2/parmchk2 topology,FROZEN_BASELINE
ANGLE_15_25_54_THETAEQ,110.5300474277657,degree,analysis/mettl7-phase2/execution-unit-05O/model-form-analysis/baseline/baseline.parm7,GAFF2/parmchk2 topology,FROZEN_BASELINE
ANGLE_15_25_55_K,43.06,kcal/mol/radian^2,analysis/mettl7-phase2/execution-unit-05O/model-form-analysis/baseline/baseline.parm7,GAFF2/parmchk2 topology,FROZEN_BASELINE
ANGLE_15_25_55_THETAEQ,110.5300474277657,degree,analysis/mettl7-phase2/execution-unit-05O/model-form-analysis/baseline/baseline.parm7,GAFF2/parmchk2 topology,FROZEN_BASELINE
ANGLE_16_17_45_K,42.65,kcal/mol/radian^2,analysis/mettl7-phase2/execution-unit-05O/model-form-analysis/baseline/baseline.parm7,GAFF2/parmchk2 topology,FROZEN_BASELINE
ANGLE_16_17_45_THETAEQ,111.1700475874625,degree,analysis/mettl7-phase2/execution-unit-05O/model-form-analysis/baseline/baseline.parm7,GAFF2/parmchk2 topology,FROZEN_BASELINE
ANGLE_16_17_46_K,42.65,kcal/mol/radian^2,analysis/mettl7-phase2/execution-unit-05O/model-form-analysis/baseline/baseline.parm7,GAFF2/parmchk2 topology,FROZEN_BASELINE
ANGLE_16_17_46_THETAEQ,111.1700475874625,degree,analysis/mettl7-phase2/execution-unit-05O/model-form-analysis/baseline/baseline.parm7,GAFF2/parmchk2 topology,FROZEN_BASELINE
ANGLE_16_11_38_K,43.24,kcal/mol/radian^2,analysis/mettl7-phase2/execution-unit-05O/model-form-analysis/baseline/baseline.parm7,GAFF2/parmchk2 topology,FROZEN_BASELINE
ANGLE_16_11_38_THETAEQ,109.3400467458733,degree,analysis/mettl7-phase2/execution-unit-05O/model-form-analysis/baseline/baseline.parm7,GAFF2/parmchk2 topology,FROZEN_BASELINE
ANGLE_17_16_44_K,42.65,kcal/mol/radian^2,analysis/mettl7-phase2/execution-unit-05O/model-form-analysis/baseline/baseline.parm7,GAFF2/parmchk2 topology,FROZEN_BASELINE
ANGLE_17_16_44_THETAEQ,111.1700475874625,degree,analysis/mettl7-phase2/execution-unit-05O/model-form-analysis/baseline/baseline.parm7,GAFF2/parmchk2 topology,FROZEN_BASELINE
ANGLE_17_18_47_K,42.65,kcal/mol/radian^2,analysis/mettl7-phase2/execution-unit-05O/model-form-analysis/baseline/baseline.parm7,GAFF2/parmchk2 topology,FROZEN_BASELINE
ANGLE_17_18_47_THETAEQ,111.1700475874625,degree,analysis/mettl7-phase2/execution-unit-05O/model-form-analysis/baseline/baseline.parm7,GAFF2/parmchk2 topology,FROZEN_BASELINE
ANGLE_17_18_48_K,42.65,kcal/mol/radian^2,analysis/mettl7-phase2/execution-unit-05O/model-form-analysis/baseline/baseline.parm7,GAFF2/parmchk2 topology,FROZEN_BASELINE
ANGLE_17_18_48_THETAEQ,111.1700475874625,degree,analysis/mettl7-phase2/execution-unit-05O/model-form-analysis/baseline/baseline.parm7,GAFF2/parmchk2 topology,FROZEN_BASELINE
ANGLE_18_17_45_K,42.65,kcal/mol/radian^2,analysis/mettl7-phase2/execution-unit-05O/model-form-analysis/baseline/baseline.parm7,GAFF2/parmchk2 topology,FROZEN_BASELINE
ANGLE_18_17_45_THETAEQ,111.1700475874625,degree,analysis/mettl7-phase2/execution-unit-05O/model-form-analysis/baseline/baseline.parm7,GAFF2/parmchk2 topology,FROZEN_BASELINE
ANGLE_18_17_46_K,42.65,kcal/mol/radian^2,analysis/mettl7-phase2/execution-unit-05O/model-form-analysis/baseline/baseline.parm7,GAFF2/parmchk2 topology,FROZEN_BASELINE
ANGLE_18_17_46_THETAEQ,111.1700475874625,degree,analysis/mettl7-phase2/execution-unit-05O/model-form-analysis/baseline/baseline.parm7,GAFF2/parmchk2 topology,FROZEN_BASELINE
ANGLE_19_18_47_K,42.65,kcal/mol/radian^2,analysis/mettl7-phase2/execution-unit-05O/model-form-analysis/baseline/baseline.parm7,GAFF2/parmchk2 topology,FROZEN_BASELINE
ANGLE_19_18_47_THETAEQ,111.1700475874625,degree,analysis/mettl7-phase2/execution-unit-05O/model-form-analysis/baseline/baseline.parm7,GAFF2/parmchk2 topology,FROZEN_BASELINE
ANGLE_19_18_48_K,42.65,kcal/mol/radian^2,analysis/mettl7-phase2/execution-unit-05O/model-form-analysis/baseline/baseline.parm7,GAFF2/parmchk2 topology,FROZEN_BASELINE
ANGLE_19_18_48_THETAEQ,111.1700475874625,degree,analysis/mettl7-phase2/execution-unit-05O/model-form-analysis/baseline/baseline.parm7,GAFF2/parmchk2 topology,FROZEN_BASELINE
ANGLE_19_20_49_K,42.65,kcal/mol/radian^2,analysis/mettl7-phase2/execution-unit-05O/model-form-analysis/baseline/baseline.parm7,GAFF2/parmchk2 topology,FROZEN_BASELINE
ANGLE_19_20_49_THETAEQ,111.1700475874625,degree,analysis/mettl7-phase2/execution-unit-05O/model-form-analysis/baseline/baseline.parm7,GAFF2/parmchk2 topology,FROZEN_BASELINE
ANGLE_19_20_50_K,42.65,kcal/mol/radian^2,analysis/mettl7-phase2/execution-unit-05O/model-form-analysis/baseline/baseline.parm7,GAFF2/parmchk2 topology,FROZEN_BASELINE
ANGLE_19_20_50_THETAEQ,111.1700475874625,degree,analysis/mettl7-phase2/execution-unit-05O/model-form-analysis/baseline/baseline.parm7,GAFF2/parmchk2 topology,FROZEN_BASELINE
ANGLE_20_21_51_K,42.65,kcal/mol/radian^2,analysis/mettl7-phase2/execution-unit-05O/model-form-analysis/baseline/baseline.parm7,GAFF2/parmchk2 topology,FROZEN_BASELINE
ANGLE_20_21_51_THETAEQ,111.1700475874625,degree,analysis/mettl7-phase2/execution-unit-05O/model-form-analysis/baseline/baseline.parm7,GAFF2/parmchk2 topology,FROZEN_BASELINE
ANGLE_20_21_52_K,42.65,kcal/mol/radian^2,analysis/mettl7-phase2/execution-unit-05O/model-form-analysis/baseline/baseline.parm7,GAFF2/parmchk2 topology,FROZEN_BASELINE
ANGLE_20_21_52_THETAEQ,111.1700475874625,degree,analysis/mettl7-phase2/execution-unit-05O/model-form-analysis/baseline/baseline.parm7,GAFF2/parmchk2 topology,FROZEN_BASELINE
ANGLE_21_20_49_K,42.65,kcal/mol/radian^2,analysis/mettl7-phase2/execution-unit-05O/model-form-analysis/baseline/baseline.parm7,GAFF2/parmchk2 topology,FROZEN_BASELINE
ANGLE_21_20_49_THETAEQ,111.1700475874625,degree,analysis/mettl7-phase2/execution-unit-05O/model-form-analysis/baseline/baseline.parm7,GAFF2/parmchk2 topology,FROZEN_BASELINE
ANGLE_21_20_50_K,42.65,kcal/mol/radian^2,analysis/mettl7-phase2/execution-unit-05O/model-form-analysis/baseline/baseline.parm7,GAFF2/parmchk2 topology,FROZEN_BASELINE
ANGLE_21_20_50_THETAEQ,111.1700475874625,degree,analysis/mettl7-phase2/execution-unit-05O/model-form-analysis/baseline/baseline.parm7,GAFF2/parmchk2 topology,FROZEN_BASELINE
ANGLE_22_21_51_K,43.5,kcal/mol/radian^2,analysis/mettl7-phase2/execution-unit-05O/model-form-analysis/baseline/baseline.parm7,GAFF2/parmchk2 topology,FROZEN_BASELINE
ANGLE_22_21_51_THETAEQ,108.6400464458703,degree,analysis/mettl7-phase2/execution-unit-05O/model-form-analysis/baseline/baseline.parm7,GAFF2/parmchk2 topology,FROZEN_BASELINE
ANGLE_22_21_52_K,43.5,kcal/mol/radian^2,analysis/mettl7-phase2/execution-unit-05O/model-form-analysis/baseline/baseline.parm7,GAFF2/parmchk2 topology,FROZEN_BASELINE
ANGLE_22_21_52_THETAEQ,108.6400464458703,degree,analysis/mettl7-phase2/execution-unit-05O/model-form-analysis/baseline/baseline.parm7,GAFF2/parmchk2 topology,FROZEN_BASELINE
ANGLE_26_10_37_K,41.51,kcal/mol/radian^2,analysis/mettl7-phase2/execution-unit-05O/model-form-analysis/baseline/baseline.parm7,GAFF2/parmchk2 topology,FROZEN_BASELINE
ANGLE_26_10_37_THETAEQ,108.720046823931,degree,analysis/mettl7-phase2/execution-unit-05O/model-form-analysis/baseline/baseline.parm7,GAFF2/parmchk2 topology,FROZEN_BASELINE
ANGLE_27_1_28_K,35.8,kcal/mol/radian^2,analysis/mettl7-phase2/execution-unit-05O/model-form-analysis/baseline/baseline.parm7,GAFF2/parmchk2 topology,FROZEN_BASELINE
ANGLE_27_1_28_THETAEQ,107.7300462277537,degree,analysis/mettl7-phase2/execution-unit-05O/model-form-analysis/baseline/baseline.parm7,GAFF2/parmchk2 topology,FROZEN_BASELINE
ANGLE_27_1_29_K,35.8,kcal/mol/radian^2,analysis/mettl7-phase2/execution-unit-05O/model-form-analysis/baseline/baseline.parm7,GAFF2/parmchk2 topology,FROZEN_BASELINE
ANGLE_27_1_29_THETAEQ,107.7300462277537,degree,analysis/mettl7-phase2/execution-unit-05O/model-form-analysis/baseline/baseline.parm7,GAFF2/parmchk2 topology,FROZEN_BASELINE
ANGLE_28_1_29_K,35.8,kcal/mol/radian^2,analysis/mettl7-phase2/execution-unit-05O/model-form-analysis/baseline/baseline.parm7,GAFF2/parmchk2 topology,FROZEN_BASELINE
ANGLE_28_1_29_THETAEQ,107.7300462277537,degree,analysis/mettl7-phase2/execution-unit-05O/model-form-analysis/baseline/baseline.parm7,GAFF2/parmchk2 topology,FROZEN_BASELINE
ANGLE_30_3_31_K,35.93,kcal/mol/radian^2,analysis/mettl7-phase2/execution-unit-05O/model-form-analysis/baseline/baseline.parm7,GAFF2/parmchk2 topology,FROZEN_BASELINE
ANGLE_30_3_31_THETAEQ,106.6200459239221,degree,analysis/mettl7-phase2/execution-unit-05O/model-form-analysis/baseline/baseline.parm7,GAFF2/parmchk2 topology,FROZEN_BASELINE
ANGLE_32_4_33_K,35.93,kcal/mol/radian^2,analysis/mettl7-phase2/execution-unit-05O/model-form-analysis/baseline/baseline.parm7,GAFF2/parmchk2 topology,FROZEN_BASELINE
ANGLE_32_4_33_THETAEQ,106.6200459239221,degree,analysis/mettl7-phase2/execution-unit-05O/model-form-analysis/baseline/baseline.parm7,GAFF2/parmchk2 topology,FROZEN_BASELINE
ANGLE_35_9_36_K,35.93,kcal/mol/radian^2,analysis/mettl7-phase2/execution-unit-05O/model-form-analysis/baseline/baseline.parm7,GAFF2/parmchk2 topology,FROZEN_BASELINE
ANGLE_35_9_36_THETAEQ,106.6200459239221,degree,analysis/mettl7-phase2/execution-unit-05O/model-form-analysis/baseline/baseline.parm7,GAFF2/parmchk2 topology,FROZEN_BASELINE
ANGLE_40_13_41_K,35.93,kcal/mol/radian^2,analysis/mettl7-phase2/execution-unit-05O/model-form-analysis/baseline/baseline.parm7,GAFF2/parmchk2 topology,FROZEN_BASELINE
ANGLE_40_13_41_THETAEQ,106.6200459239221,degree,analysis/mettl7-phase2/execution-unit-05O/model-form-analysis/baseline/baseline.parm7,GAFF2/parmchk2 topology,FROZEN_BASELINE
ANGLE_42_14_43_K,35.93,kcal/mol/radian^2,analysis/mettl7-phase2/execution-unit-05O/model-form-analysis/baseline/baseline.parm7,GAFF2/parmchk2 topology,FROZEN_BASELINE
ANGLE_42_14_43_THETAEQ,106.6200459239221,degree,analysis/mettl7-phase2/execution-unit-05O/model-form-analysis/baseline/baseline.parm7,GAFF2/parmchk2 topology,FROZEN_BASELINE
ANGLE_45_17_46_K,35.91,kcal/mol/radian^2,analysis/mettl7-phase2/execution-unit-05O/model-form-analysis/baseline/baseline.parm7,GAFF2/parmchk2 topology,FROZEN_BASELINE
ANGLE_45_17_46_THETAEQ,107.2200461810675,degree,analysis/mettl7-phase2/execution-unit-05O/model-form-analysis/baseline/baseline.parm7,GAFF2/parmchk2 topology,FROZEN_BASELINE
ANGLE_47_18_48_K,35.91,kcal/mol/radian^2,analysis/mettl7-phase2/execution-unit-05O/model-form-analysis/baseline/baseline.parm7,GAFF2/parmchk2 topology,FROZEN_BASELINE
ANGLE_47_18_48_THETAEQ,107.2200461810675,degree,analysis/mettl7-phase2/execution-unit-05O/model-form-analysis/baseline/baseline.parm7,GAFF2/parmchk2 topology,FROZEN_BASELINE
ANGLE_49_20_50_K,35.91,kcal/mol/radian^2,analysis/mettl7-phase2/execution-unit-05O/model-form-analysis/baseline/baseline.parm7,GAFF2/parmchk2 topology,FROZEN_BASELINE
ANGLE_49_20_50_THETAEQ,107.2200461810675,degree,analysis/mettl7-phase2/execution-unit-05O/model-form-analysis/baseline/baseline.parm7,GAFF2/parmchk2 topology,FROZEN_BASELINE
ANGLE_51_21_52_K,35.91,kcal/mol/radian^2,analysis/mettl7-phase2/execution-unit-05O/model-form-analysis/baseline/baseline.parm7,GAFF2/parmchk2 topology,FROZEN_BASELINE
ANGLE_51_21_52_THETAEQ,107.2200461810675,degree,analysis/mettl7-phase2/execution-unit-05O/model-form-analysis/baseline/baseline.parm7,GAFF2/parmchk2 topology,FROZEN_BASELINE
ANGLE_53_25_54_K,35.8,kcal/mol/radian^2,analysis/mettl7-phase2/execution-unit-05O/model-form-analysis/baseline/baseline.parm7,GAFF2/parmchk2 topology,FROZEN_BASELINE
ANGLE_53_25_54_THETAEQ,107.7300462277537,degree,analysis/mettl7-phase2/execution-unit-05O/model-form-analysis/baseline/baseline.parm7,GAFF2/parmchk2 topology,FROZEN_BASELINE
ANGLE_53_25_55_K,35.8,kcal/mol/radian^2,analysis/mettl7-phase2/execution-unit-05O/model-form-analysis/baseline/baseline.parm7,GAFF2/parmchk2 topology,FROZEN_BASELINE
ANGLE_53_25_55_THETAEQ,107.7300462277537,degree,analysis/mettl7-phase2/execution-unit-05O/model-form-analysis/baseline/baseline.parm7,GAFF2/parmchk2 topology,FROZEN_BASELINE
ANGLE_54_25_55_K,35.8,kcal/mol/radian^2,analysis/mettl7-phase2/execution-unit-05O/model-form-analysis/baseline/baseline.parm7,GAFF2/parmchk2 topology,FROZEN_BASELINE
ANGLE_54_25_55_THETAEQ,107.7300462277537,degree,analysis/mettl7-phase2/execution-unit-05O/model-form-analysis/baseline/baseline.parm7,GAFF2/parmchk2 topology,FROZEN_BASELINE
PROPER_1_1_2_3_4,pk=0.52;phase=0;periodicity=3;scee=1.2;scnb=2,kcal/mol;degree;dimensionless,analysis/mettl7-phase2/execution-unit-05O/model-form-analysis/baseline/baseline.parm7,GAFF2/parmchk2 topology including 1-4 scaling,FROZEN_BASELINE
PROPER_2_1_2_8_7,pk=0;phase=0;periodicity=2;scee=1.2;scnb=2,kcal/mol;degree;dimensionless,analysis/mettl7-phase2/execution-unit-05O/model-form-analysis/baseline/baseline.parm7,GAFF2/parmchk2 topology including 1-4 scaling,FROZEN_BASELINE
PROPER_3_1_2_8_9,pk=0;phase=0;periodicity=2;scee=1.2;scnb=2,kcal/mol;degree;dimensionless,analysis/mettl7-phase2/execution-unit-05O/model-form-analysis/baseline/baseline.parm7,GAFF2/parmchk2 topology including 1-4 scaling,FROZEN_BASELINE
PROPER_4_1_2_12_11,pk=0.52;phase=0;periodicity=3;scee=1.2;scnb=2,kcal/mol;degree;dimensionless,analysis/mettl7-phase2/execution-unit-05O/model-form-analysis/baseline/baseline.parm7,GAFF2/parmchk2 topology including 1-4 scaling,FROZEN_BASELINE
PROPER_5_1_2_12_13,pk=0.52;phase=0;periodicity=3;scee=1.2;scnb=2,kcal/mol;degree;dimensionless,analysis/mettl7-phase2/execution-unit-05O/model-form-analysis/baseline/baseline.parm7,GAFF2/parmchk2 topology including 1-4 scaling,FROZEN_BASELINE
PROPER_6_2_3_4_5,pk=0.46;phase=180.0000771436223;periodicity=1;scee=1.2;scnb=2,kcal/mol;degree;dimensionless,analysis/mettl7-phase2/execution-unit-05O/model-form-analysis/baseline/baseline.parm7,GAFF2/parmchk2 topology including 1-4 scaling,FROZEN_BASELINE
PROPER_7_2_3_4_5,pk=0.04;phase=0;periodicity=2;scee=1.2;scnb=2,kcal/mol;degree;dimensionless,analysis/mettl7-phase2/execution-unit-05O/model-form-analysis/baseline/baseline.parm7,GAFF2/parmchk2 topology including 1-4 scaling,FROZEN_BASELINE
PROPER_8_2_3_4_5,pk=0;phase=0;periodicity=3;scee=1.2;scnb=2,kcal/mol;degree;dimensionless,analysis/mettl7-phase2/execution-unit-05O/model-form-analysis/baseline/baseline.parm7,GAFF2/parmchk2 topology including 1-4 scaling,FROZEN_BASELINE
PROPER_9_2_8_7_5,pk=6.65;phase=180.0000771436223;periodicity=2;scee=1.2;scnb=2,kcal/mol;degree;dimensionless,analysis/mettl7-phase2/execution-unit-05O/model-form-analysis/baseline/baseline.parm7,GAFF2/parmchk2 topology including 1-4 scaling,FROZEN_BASELINE
PROPER_10_2_8_9_10,pk=0;phase=0;periodicity=2;scee=1.2;scnb=2,kcal/mol;degree;dimensionless,analysis/mettl7-phase2/execution-unit-05O/model-form-analysis/baseline/baseline.parm7,GAFF2/parmchk2 topology including 1-4 scaling,FROZEN_BASELINE
PROPER_11_2_12_11_10,pk=0.52;phase=0;periodicity=3;scee=1.2;scnb=2,kcal/mol;degree;dimensionless,analysis/mettl7-phase2/execution-unit-05O/model-form-analysis/baseline/baseline.parm7,GAFF2/parmchk2 topology including 1-4 scaling,FROZEN_BASELINE
PROPER_12_2_12_11_16,pk=0.52;phase=0;periodicity=3;scee=1.2;scnb=2,kcal/mol;degree;dimensionless,analysis/mettl7-phase2/execution-unit-05O/model-form-analysis/baseline/baseline.parm7,GAFF2/parmchk2 topology including 1-4 scaling,FROZEN_BASELINE
PROPER_13_2_12_13_14,pk=0.52;phase=0;periodicity=3;scee=1.2;scnb=2,kcal/mol;degree;dimensionless,analysis/mettl7-phase2/execution-unit-05O/model-form-analysis/baseline/baseline.parm7,GAFF2/parmchk2 topology including 1-4 scaling,FROZEN_BASELINE
PROPER_14_3_2_8_7,pk=0;phase=0;periodicity=2;scee=1.2;scnb=2,kcal/mol;degree;dimensionless,analysis/mettl7-phase2/execution-unit-05O/model-form-analysis/baseline/baseline.parm7,GAFF2/parmchk2 topology including 1-4 scaling,FROZEN_BASELINE
PROPER_15_3_2_8_9,pk=0;phase=0;periodicity=2;scee=1.2;scnb=2,kcal/mol;degree;dimensionless,analysis/mettl7-phase2/execution-unit-05O/model-form-analysis/baseline/baseline.parm7,GAFF2/parmchk2 topology including 1-4 scaling,FROZEN_BASELINE
PROPER_16_3_2_12_11,pk=0.52;phase=0;periodicity=3;scee=1.2;scnb=2,kcal/mol;degree;dimensionless,analysis/mettl7-phase2/execution-unit-05O/model-form-analysis/baseline/baseline.parm7,GAFF2/parmchk2 topology including 1-4 scaling,FROZEN_BASELINE
PROPER_17_3_2_12_13,pk=0.52;phase=0;periodicity=3;scee=1.2;scnb=2,kcal/mol;degree;dimensionless,analysis/mettl7-phase2/execution-unit-05O/model-form-analysis/baseline/baseline.parm7,GAFF2/parmchk2 topology including 1-4 scaling,FROZEN_BASELINE
PROPER_18_3_4_5_6,pk=11.74;phase=0;periodicity=1;scee=1.2;scnb=2,kcal/mol;degree;dimensionless,analysis/mettl7-phase2/execution-unit-05O/model-form-analysis/baseline/baseline.parm7,GAFF2/parmchk2 topology including 1-4 scaling,FROZEN_BASELINE
PROPER_19_3_4_5_6,pk=0.11;phase=0;periodicity=2;scee=1.2;scnb=2,kcal/mol;degree;dimensionless,analysis/mettl7-phase2/execution-unit-05O/model-form-analysis/baseline/baseline.parm7,GAFF2/parmchk2 topology including 1-4 scaling,FROZEN_BASELINE
PROPER_20_3_4_5_6,pk=0.08;phase=180.0000771436223;periodicity=3;scee=1.2;scnb=2,kcal/mol;degree;dimensionless,analysis/mettl7-phase2/execution-unit-05O/model-form-analysis/baseline/baseline.parm7,GAFF2/parmchk2 topology including 1-4 scaling,FROZEN_BASELINE
PROPER_21_3_4_5_7,pk=0;phase=180.0000771436223;periodicity=2;scee=1.2;scnb=2,kcal/mol;degree;dimensionless,analysis/mettl7-phase2/execution-unit-05O/model-form-analysis/baseline/baseline.parm7,GAFF2/parmchk2 topology including 1-4 scaling,FROZEN_BASELINE
PROPER_22_4_3_2_8,pk=0.155555556;phase=0;periodicity=3;scee=1.2;scnb=2,kcal/mol;degree;dimensionless,analysis/mettl7-phase2/execution-unit-05O/model-form-analysis/baseline/baseline.parm7,GAFF2/parmchk2 topology including 1-4 scaling,FROZEN_BASELINE
PROPER_23_4_3_2_12,pk=0.52;phase=0;periodicity=3;scee=1.2;scnb=2,kcal/mol;degree;dimensionless,analysis/mettl7-phase2/execution-unit-05O/model-form-analysis/baseline/baseline.parm7,GAFF2/parmchk2 topology including 1-4 scaling,FROZEN_BASELINE
PROPER_24_4_5_7_8,pk=2.9;phase=0;periodicity=2;scee=1.2;scnb=2,kcal/mol;degree;dimensionless,analysis/mettl7-phase2/execution-unit-05O/model-form-analysis/baseline/baseline.parm7,GAFF2/parmchk2 topology including 1-4 scaling,FROZEN_BASELINE
PROPER_25_5_7_8_9,pk=6.65;phase=180.0000771436223;periodicity=2;scee=1.2;scnb=2,kcal/mol;degree;dimensionless,analysis/mettl7-phase2/execution-unit-05O/model-form-analysis/baseline/baseline.parm7,GAFF2/parmchk2 topology including 1-4 scaling,FROZEN_BASELINE
PROPER_26_6_5_7_8,pk=2.175;phase=180.0000771436223;periodicity=2;scee=1.2;scnb=2,kcal/mol;degree;dimensionless,analysis/mettl7-phase2/execution-unit-05O/model-form-analysis/baseline/baseline.parm7,GAFF2/parmchk2 topology including 1-4 scaling,FROZEN_BASELINE
PROPER_27_7_8_9_10,pk=0;phase=0;periodicity=2;scee=1.2;scnb=2,kcal/mol;degree;dimensionless,analysis/mettl7-phase2/execution-unit-05O/model-form-analysis/baseline/baseline.parm7,GAFF2/parmchk2 topology including 1-4 scaling,FROZEN_BASELINE
PROPER_28_7_8_2_12,pk=0;phase=0;periodicity=2;scee=1.2;scnb=2,kcal/mol;degree;dimensionless,analysis/mettl7-phase2/execution-unit-05O/model-form-analysis/baseline/baseline.parm7,GAFF2/parmchk2 topology including 1-4 scaling,FROZEN_BASELINE
PROPER_29_8_9_10_11,pk=0.155555556;phase=0;periodicity=3;scee=1.2;scnb=2,kcal/mol;degree;dimensionless,analysis/mettl7-phase2/execution-unit-05O/model-form-analysis/baseline/baseline.parm7,GAFF2/parmchk2 topology including 1-4 scaling,FROZEN_BASELINE
PROPER_30_8_9_10_26,pk=0.155555556;phase=0;periodicity=3;scee=1.2;scnb=2,kcal/mol;degree;dimensionless,analysis/mettl7-phase2/execution-unit-05O/model-form-analysis/baseline/baseline.parm7,GAFF2/parmchk2 topology including 1-4 scaling,FROZEN_BASELINE
PROPER_31_8_2_12_11,pk=0.155555556;phase=0;periodicity=3;scee=1.2;scnb=2,kcal/mol;degree;dimensionless,analysis/mettl7-phase2/execution-unit-05O/model-form-analysis/baseline/baseline.parm7,GAFF2/parmchk2 topology including 1-4 scaling,FROZEN_BASELINE
PROPER_32_8_2_12_13,pk=0.155555556;phase=0;periodicity=3;scee=1.2;scnb=2,kcal/mol;degree;dimensionless,analysis/mettl7-phase2/execution-unit-05O/model-form-analysis/baseline/baseline.parm7,GAFF2/parmchk2 topology including 1-4 scaling,FROZEN_BASELINE
PROPER_33_9_8_2_12,pk=0;phase=0;periodicity=2;scee=1.2;scnb=2,kcal/mol;degree;dimensionless,analysis/mettl7-phase2/execution-unit-05O/model-form-analysis/baseline/baseline.parm7,GAFF2/parmchk2 topology including 1-4 scaling,FROZEN_BASELINE
PROPER_34_9_10_11_12,pk=0.52;phase=0;periodicity=3;scee=1.2;scnb=2,kcal/mol;degree;dimensionless,analysis/mettl7-phase2/execution-unit-05O/model-form-analysis/baseline/baseline.parm7,GAFF2/parmchk2 topology including 1-4 scaling,FROZEN_BASELINE
PROPER_35_9_10_11_16,pk=0.52;phase=0;periodicity=3;scee=1.2;scnb=2,kcal/mol;degree;dimensionless,analysis/mettl7-phase2/execution-unit-05O/model-form-analysis/baseline/baseline.parm7,GAFF2/parmchk2 topology including 1-4 scaling,FROZEN_BASELINE
PROPER_36_10_11_12_13,pk=0.52;phase=0;periodicity=3;scee=1.2;scnb=2,kcal/mol;degree;dimensionless,analysis/mettl7-phase2/execution-unit-05O/model-form-analysis/baseline/baseline.parm7,GAFF2/parmchk2 topology including 1-4 scaling,FROZEN_BASELINE
PROPER_37_10_11_16_15,pk=0.52;phase=0;periodicity=3;scee=1.2;scnb=2,kcal/mol;degree;dimensionless,analysis/mettl7-phase2/execution-unit-05O/model-form-analysis/baseline/baseline.parm7,GAFF2/parmchk2 topology including 1-4 scaling,FROZEN_BASELINE
PROPER_38_10_11_16_17,pk=0.52;phase=0;periodicity=3;scee=1.2;scnb=2,kcal/mol;degree;dimensionless,analysis/mettl7-phase2/execution-unit-05O/model-form-analysis/baseline/baseline.parm7,GAFF2/parmchk2 topology including 1-4 scaling,FROZEN_BASELINE
PROPER_39_11_12_13_14,pk=0.52;phase=0;periodicity=3;scee=1.2;scnb=2,kcal/mol;degree;dimensionless,analysis/mettl7-phase2/execution-unit-05O/model-form-analysis/baseline/baseline.parm7,GAFF2/parmchk2 topology including 1-4 scaling,FROZEN_BASELINE
PROPER_40_11_16_15_14,pk=0.52;phase=0;periodicity=3;scee=1.2;scnb=2,kcal/mol;degree;dimensionless,analysis/mettl7-phase2/execution-unit-05O/model-form-analysis/baseline/baseline.parm7,GAFF2/parmchk2 topology including 1-4 scaling,FROZEN_BASELINE
PROPER_41_11_16_15_25,pk=0.52;phase=0;periodicity=3;scee=1.2;scnb=2,kcal/mol;degree;dimensionless,analysis/mettl7-phase2/execution-unit-05O/model-form-analysis/baseline/baseline.parm7,GAFF2/parmchk2 topology including 1-4 scaling,FROZEN_BASELINE
PROPER_42_11_16_15_19,pk=0.52;phase=0;periodicity=3;scee=1.2;scnb=2,kcal/mol;degree;dimensionless,analysis/mettl7-phase2/execution-unit-05O/model-form-analysis/baseline/baseline.parm7,GAFF2/parmchk2 topology including 1-4 scaling,FROZEN_BASELINE
PROPER_43_11_16_17_18,pk=0.52;phase=0;periodicity=3;scee=1.2;scnb=2,kcal/mol;degree;dimensionless,analysis/mettl7-phase2/execution-unit-05O/model-form-analysis/baseline/baseline.parm7,GAFF2/parmchk2 topology including 1-4 scaling,FROZEN_BASELINE
PROPER_44_12_11_10_26,pk=0.155555556;phase=0;periodicity=3;scee=1.2;scnb=2,kcal/mol;degree;dimensionless,analysis/mettl7-phase2/execution-unit-05O/model-form-analysis/baseline/baseline.parm7,GAFF2/parmchk2 topology including 1-4 scaling,FROZEN_BASELINE
PROPER_45_12_11_16_15,pk=0.52;phase=0;periodicity=3;scee=1.2;scnb=2,kcal/mol;degree;dimensionless,analysis/mettl7-phase2/execution-unit-05O/model-form-analysis/baseline/baseline.parm7,GAFF2/parmchk2 topology including 1-4 scaling,FROZEN_BASELINE
PROPER_46_12_11_16_17,pk=0.52;phase=0;periodicity=3;scee=1.2;scnb=2,kcal/mol;degree;dimensionless,analysis/mettl7-phase2/execution-unit-05O/model-form-analysis/baseline/baseline.parm7,GAFF2/parmchk2 topology including 1-4 scaling,FROZEN_BASELINE
PROPER_47_12_13_14_15,pk=0.52;phase=0;periodicity=3;scee=1.2;scnb=2,kcal/mol;degree;dimensionless,analysis/mettl7-phase2/execution-unit-05O/model-form-analysis/baseline/baseline.parm7,GAFF2/parmchk2 topology including 1-4 scaling,FROZEN_BASELINE
PROPER_48_13_12_11_16,pk=0.52;phase=0;periodicity=3;scee=1.2;scnb=2,kcal/mol;degree;dimensionless,analysis/mettl7-phase2/execution-unit-05O/model-form-analysis/baseline/baseline.parm7,GAFF2/parmchk2 topology including 1-4 scaling,FROZEN_BASELINE
PROPER_49_13_14_15_16,pk=0.52;phase=0;periodicity=3;scee=1.2;scnb=2,kcal/mol;degree;dimensionless,analysis/mettl7-phase2/execution-unit-05O/model-form-analysis/baseline/baseline.parm7,GAFF2/parmchk2 topology including 1-4 scaling,FROZEN_BASELINE
PROPER_50_13_14_15_25,pk=0.52;phase=0;periodicity=3;scee=1.2;scnb=2,kcal/mol;degree;dimensionless,analysis/mettl7-phase2/execution-unit-05O/model-form-analysis/baseline/baseline.parm7,GAFF2/parmchk2 topology including 1-4 scaling,FROZEN_BASELINE
PROPER_51_13_14_15_19,pk=0.52;phase=0;periodicity=3;scee=1.2;scnb=2,kcal/mol;degree;dimensionless,analysis/mettl7-phase2/execution-unit-05O/model-form-analysis/baseline/baseline.parm7,GAFF2/parmchk2 topology including 1-4 scaling,FROZEN_BASELINE
PROPER_52_14_15_16_17,pk=0.52;phase=0;periodicity=3;scee=1.2;scnb=2,kcal/mol;degree;dimensionless,analysis/mettl7-phase2/execution-unit-05O/model-form-analysis/baseline/baseline.parm7,GAFF2/parmchk2 topology including 1-4 scaling,FROZEN_BASELINE
PROPER_53_14_15_19_18,pk=0.52;phase=0;periodicity=3;scee=1.2;scnb=2,kcal/mol;degree;dimensionless,analysis/mettl7-phase2/execution-unit-05O/model-form-analysis/baseline/baseline.parm7,GAFF2/parmchk2 topology including 1-4 scaling,FROZEN_BASELINE
PROPER_54_14_15_19_20,pk=0.52;phase=0;periodicity=3;scee=1.2;scnb=2,kcal/mol;degree;dimensionless,analysis/mettl7-phase2/execution-unit-05O/model-form-analysis/baseline/baseline.parm7,GAFF2/parmchk2 topology including 1-4 scaling,FROZEN_BASELINE
PROPER_55_14_15_19_24,pk=0.155555556;phase=0;periodicity=3;scee=1.2;scnb=2,kcal/mol;degree;dimensionless,analysis/mettl7-phase2/execution-unit-05O/model-form-analysis/baseline/baseline.parm7,GAFF2/parmchk2 topology including 1-4 scaling,FROZEN_BASELINE
PROPER_56_15_16_17_18,pk=0.52;phase=0;periodicity=3;scee=1.2;scnb=2,kcal/mol;degree;dimensionless,analysis/mettl7-phase2/execution-unit-05O/model-form-analysis/baseline/baseline.parm7,GAFF2/parmchk2 topology including 1-4 scaling,FROZEN_BASELINE
PROPER_57_15_19_18_17,pk=0.52;phase=0;periodicity=3;scee=1.2;scnb=2,kcal/mol;degree;dimensionless,analysis/mettl7-phase2/execution-unit-05O/model-form-analysis/baseline/baseline.parm7,GAFF2/parmchk2 topology including 1-4 scaling,FROZEN_BASELINE
PROPER_58_15_19_20_21,pk=0.52;phase=0;periodicity=3;scee=1.2;scnb=2,kcal/mol;degree;dimensionless,analysis/mettl7-phase2/execution-unit-05O/model-form-analysis/baseline/baseline.parm7,GAFF2/parmchk2 topology including 1-4 scaling,FROZEN_BASELINE
PROPER_59_15_19_24_22,pk=0.8;phase=180.0000771436223;periodicity=1;scee=1.2;scnb=2,kcal/mol;degree;dimensionless,analysis/mettl7-phase2/execution-unit-05O/model-form-analysis/baseline/baseline.parm7,GAFF2/parmchk2 topology including 1-4 scaling,FROZEN_BASELINE
PROPER_60_15_19_24_22,pk=0.383;phase=0;periodicity=3;scee=1.2;scnb=2,kcal/mol;degree;dimensionless,analysis/mettl7-phase2/execution-unit-05O/model-form-analysis/baseline/baseline.parm7,GAFF2/parmchk2 topology including 1-4 scaling,FROZEN_BASELINE
PROPER_61_16_15_19_18,pk=0.52;phase=0;periodicity=3;scee=1.2;scnb=2,kcal/mol;degree;dimensionless,analysis/mettl7-phase2/execution-unit-05O/model-form-analysis/baseline/baseline.parm7,GAFF2/parmchk2 topology including 1-4 scaling,FROZEN_BASELINE
PROPER_62_16_15_19_20,pk=0.52;phase=0;periodicity=3;scee=1.2;scnb=2,kcal/mol;degree;dimensionless,analysis/mettl7-phase2/execution-unit-05O/model-form-analysis/baseline/baseline.parm7,GAFF2/parmchk2 topology including 1-4 scaling,FROZEN_BASELINE
PROPER_63_16_15_19_24,pk=0.155555556;phase=0;periodicity=3;scee=1.2;scnb=2,kcal/mol;degree;dimensionless,analysis/mettl7-phase2/execution-unit-05O/model-form-analysis/baseline/baseline.parm7,GAFF2/parmchk2 topology including 1-4 scaling,FROZEN_BASELINE
PROPER_64_16_17_18_19,pk=0.52;phase=0;periodicity=3;scee=1.2;scnb=2,kcal/mol;degree;dimensionless,analysis/mettl7-phase2/execution-unit-05O/model-form-analysis/baseline/baseline.parm7,GAFF2/parmchk2 topology including 1-4 scaling,FROZEN_BASELINE
PROPER_65_16_11_10_26,pk=0.155555556;phase=0;periodicity=3;scee=1.2;scnb=2,kcal/mol;degree;dimensionless,analysis/mettl7-phase2/execution-unit-05O/model-form-analysis/baseline/baseline.parm7,GAFF2/parmchk2 topology including 1-4 scaling,FROZEN_BASELINE
PROPER_66_17_16_15_25,pk=0.52;phase=0;periodicity=3;scee=1.2;scnb=2,kcal/mol;degree;dimensionless,analysis/mettl7-phase2/execution-unit-05O/model-form-analysis/baseline/baseline.parm7,GAFF2/parmchk2 topology including 1-4 scaling,FROZEN_BASELINE
PROPER_67_17_16_15_19,pk=0.52;phase=0;periodicity=3;scee=1.2;scnb=2,kcal/mol;degree;dimensionless,analysis/mettl7-phase2/execution-unit-05O/model-form-analysis/baseline/baseline.parm7,GAFF2/parmchk2 topology including 1-4 scaling,FROZEN_BASELINE
PROPER_68_17_18_19_20,pk=0.52;phase=0;periodicity=3;scee=1.2;scnb=2,kcal/mol;degree;dimensionless,analysis/mettl7-phase2/execution-unit-05O/model-form-analysis/baseline/baseline.parm7,GAFF2/parmchk2 topology including 1-4 scaling,FROZEN_BASELINE
PROPER_69_17_18_19_24,pk=0.155555556;phase=0;periodicity=3;scee=1.2;scnb=2,kcal/mol;degree;dimensionless,analysis/mettl7-phase2/execution-unit-05O/model-form-analysis/baseline/baseline.parm7,GAFF2/parmchk2 topology including 1-4 scaling,FROZEN_BASELINE
PROPER_70_18_19_20_21,pk=0.52;phase=0;periodicity=3;scee=1.2;scnb=2,kcal/mol;degree;dimensionless,analysis/mettl7-phase2/execution-unit-05O/model-form-analysis/baseline/baseline.parm7,GAFF2/parmchk2 topology including 1-4 scaling,FROZEN_BASELINE
PROPER_71_18_19_15_25,pk=0.52;phase=0;periodicity=3;scee=1.2;scnb=2,kcal/mol;degree;dimensionless,analysis/mettl7-phase2/execution-unit-05O/model-form-analysis/baseline/baseline.parm7,GAFF2/parmchk2 topology including 1-4 scaling,FROZEN_BASELINE
PROPER_72_18_19_24_22,pk=0.8;phase=180.0000771436223;periodicity=1;scee=1.2;scnb=2,kcal/mol;degree;dimensionless,analysis/mettl7-phase2/execution-unit-05O/model-form-analysis/baseline/baseline.parm7,GAFF2/parmchk2 topology including 1-4 scaling,FROZEN_BASELINE
PROPER_73_18_19_24_22,pk=0.383;phase=0;periodicity=3;scee=1.2;scnb=2,kcal/mol;degree;dimensionless,analysis/mettl7-phase2/execution-unit-05O/model-form-analysis/baseline/baseline.parm7,GAFF2/parmchk2 topology including 1-4 scaling,FROZEN_BASELINE
PROPER_74_19_20_21_22,pk=0.46;phase=180.0000771436223;periodicity=1;scee=1.2;scnb=2,kcal/mol;degree;dimensionless,analysis/mettl7-phase2/execution-unit-05O/model-form-analysis/baseline/baseline.parm7,GAFF2/parmchk2 topology including 1-4 scaling,FROZEN_BASELINE
PROPER_75_19_20_21_22,pk=0.04;phase=0;periodicity=2;scee=1.2;scnb=2,kcal/mol;degree;dimensionless,analysis/mettl7-phase2/execution-unit-05O/model-form-analysis/baseline/baseline.parm7,GAFF2/parmchk2 topology including 1-4 scaling,FROZEN_BASELINE
PROPER_76_19_20_21_22,pk=0;phase=0;periodicity=3;scee=1.2;scnb=2,kcal/mol;degree;dimensionless,analysis/mettl7-phase2/execution-unit-05O/model-form-analysis/baseline/baseline.parm7,GAFF2/parmchk2 topology including 1-4 scaling,FROZEN_BASELINE
PROPER_77_19_24_22_21,pk=1.89;phase=180.0000771436223;periodicity=1;scee=1.2;scnb=2,kcal/mol;degree;dimensionless,analysis/mettl7-phase2/execution-unit-05O/model-form-analysis/baseline/baseline.parm7,GAFF2/parmchk2 topology including 1-4 scaling,FROZEN_BASELINE
PROPER_78_19_24_22_21,pk=3.29;phase=180.0000771436223;periodicity=2;scee=1.2;scnb=2,kcal/mol;degree;dimensionless,analysis/mettl7-phase2/execution-unit-05O/model-form-analysis/baseline/baseline.parm7,GAFF2/parmchk2 topology including 1-4 scaling,FROZEN_BASELINE
PROPER_79_19_24_22_21,pk=0.75;phase=0;periodicity=3;scee=1.2;scnb=2,kcal/mol;degree;dimensionless,analysis/mettl7-phase2/execution-unit-05O/model-form-analysis/baseline/baseline.parm7,GAFF2/parmchk2 topology including 1-4 scaling,FROZEN_BASELINE
PROPER_80_19_24_22_23,pk=1.4;phase=180.0000771436223;periodicity=1;scee=1.2;scnb=2,kcal/mol;degree;dimensionless,analysis/mettl7-phase2/execution-unit-05O/model-form-analysis/baseline/baseline.parm7,GAFF2/parmchk2 topology including 1-4 scaling,FROZEN_BASELINE
PROPER_81_19_24_22_23,pk=2.7;phase=180.0000771436223;periodicity=2;scee=1.2;scnb=2,kcal/mol;degree;dimensionless,analysis/mettl7-phase2/execution-unit-05O/model-form-analysis/baseline/baseline.parm7,GAFF2/parmchk2 topology including 1-4 scaling,FROZEN_BASELINE
PROPER_82_20_19_15_25,pk=0.52;phase=0;periodicity=3;scee=1.2;scnb=2,kcal/mol;degree;dimensionless,analysis/mettl7-phase2/execution-unit-05O/model-form-analysis/baseline/baseline.parm7,GAFF2/parmchk2 topology including 1-4 scaling,FROZEN_BASELINE
PROPER_83_20_19_24_22,pk=0.8;phase=180.0000771436223;periodicity=1;scee=1.2;scnb=2,kcal/mol;degree;dimensionless,analysis/mettl7-phase2/execution-unit-05O/model-form-analysis/baseline/baseline.parm7,GAFF2/parmchk2 topology including 1-4 scaling,FROZEN_BASELINE
PROPER_84_20_19_24_22,pk=0.383;phase=0;periodicity=3;scee=1.2;scnb=2,kcal/mol;degree;dimensionless,analysis/mettl7-phase2/execution-unit-05O/model-form-analysis/baseline/baseline.parm7,GAFF2/parmchk2 topology including 1-4 scaling,FROZEN_BASELINE
PROPER_85_20_21_22_23,pk=0.68;phase=0;periodicity=1;scee=1.2;scnb=2,kcal/mol;degree;dimensionless,analysis/mettl7-phase2/execution-unit-05O/model-form-analysis/baseline/baseline.parm7,GAFF2/parmchk2 topology including 1-4 scaling,FROZEN_BASELINE
PROPER_86_20_21_22_23,pk=0.2;phase=180.0000771436223;periodicity=2;scee=1.2;scnb=2,kcal/mol;degree;dimensionless,analysis/mettl7-phase2/execution-unit-05O/model-form-analysis/baseline/baseline.parm7,GAFF2/parmchk2 topology including 1-4 scaling,FROZEN_BASELINE
PROPER_87_20_21_22_23,pk=0.44;phase=180.0000771436223;periodicity=3;scee=1.2;scnb=2,kcal/mol;degree;dimensionless,analysis/mettl7-phase2/execution-unit-05O/model-form-analysis/baseline/baseline.parm7,GAFF2/parmchk2 topology including 1-4 scaling,FROZEN_BASELINE
PROPER_88_20_21_22_24,pk=0;phase=180.0000771436223;periodicity=2;scee=1.2;scnb=2,kcal/mol;degree;dimensionless,analysis/mettl7-phase2/execution-unit-05O/model-form-analysis/baseline/baseline.parm7,GAFF2/parmchk2 topology including 1-4 scaling,FROZEN_BASELINE
PROPER_89_21_20_19_24,pk=0.155555556;phase=0;periodicity=3;scee=1.2;scnb=2,kcal/mol;degree;dimensionless,analysis/mettl7-phase2/execution-unit-05O/model-form-analysis/baseline/baseline.parm7,GAFF2/parmchk2 topology including 1-4 scaling,FROZEN_BASELINE
PROPER_90_24_19_15_25,pk=0.155555556;phase=0;periodicity=3;scee=1.2;scnb=2,kcal/mol;degree;dimensionless,analysis/mettl7-phase2/execution-unit-05O/model-form-analysis/baseline/baseline.parm7,GAFF2/parmchk2 topology including 1-4 scaling,FROZEN_BASELINE
IMPROPER_91_4_7_5_6,pk=10.5;phase=180.0000771436223;periodicity=2;scee=0;scnb=0,kcal/mol;degree;dimensionless,analysis/mettl7-phase2/execution-unit-05O/model-form-analysis/baseline/baseline.parm7,GAFF2/parmchk2 topology including 1-4 scaling,FROZEN_BASELINE
IMPROPER_92_2_9_8_7,pk=10.5;phase=180.0000771436223;periodicity=2;scee=0;scnb=0,kcal/mol;degree;dimensionless,analysis/mettl7-phase2/execution-unit-05O/model-form-analysis/baseline/baseline.parm7,GAFF2/parmchk2 topology including 1-4 scaling,FROZEN_BASELINE
IMPROPER_93_21_23_22_24,pk=1.1;phase=180.0000771436223;periodicity=2;scee=0;scnb=0,kcal/mol;degree;dimensionless,analysis/mettl7-phase2/execution-unit-05O/model-form-analysis/baseline/baseline.parm7,GAFF2/parmchk2 topology including 1-4 scaling,FROZEN_BASELINE
PROPER_94_1_2_3_30,pk=0.13;phase=0;periodicity=3;scee=1.2;scnb=2,kcal/mol;degree;dimensionless,analysis/mettl7-phase2/execution-unit-05O/model-form-analysis/baseline/baseline.parm7,GAFF2/parmchk2 topology including 1-4 scaling,FROZEN_BASELINE
PROPER_95_1_2_3_31,pk=0.13;phase=0;periodicity=3;scee=1.2;scnb=2,kcal/mol;degree;dimensionless,analysis/mettl7-phase2/execution-unit-05O/model-form-analysis/baseline/baseline.parm7,GAFF2/parmchk2 topology including 1-4 scaling,FROZEN_BASELINE
PROPER_96_1_2_12_39,pk=0.13;phase=0;periodicity=3;scee=1.2;scnb=2,kcal/mol;degree;dimensionless,analysis/mettl7-phase2/execution-unit-05O/model-form-analysis/baseline/baseline.parm7,GAFF2/parmchk2 topology including 1-4 scaling,FROZEN_BASELINE
PROPER_97_2_3_4_32,pk=0.13;phase=0;periodicity=3;scee=1.2;scnb=2,kcal/mol;degree;dimensionless,analysis/mettl7-phase2/execution-unit-05O/model-form-analysis/baseline/baseline.parm7,GAFF2/parmchk2 topology including 1-4 scaling,FROZEN_BASELINE
PROPER_98_2_3_4_33,pk=0.13;phase=0;periodicity=3;scee=1.2;scnb=2,kcal/mol;degree;dimensionless,analysis/mettl7-phase2/execution-unit-05O/model-form-analysis/baseline/baseline.parm7,GAFF2/parmchk2 topology including 1-4 scaling,FROZEN_BASELINE
PROPER_99_2_8_7_34,pk=6.65;phase=180.0000771436223;periodicity=2;scee=1.2;scnb=2,kcal/mol;degree;dimensionless,analysis/mettl7-phase2/execution-unit-05O/model-form-analysis/baseline/baseline.parm7,GAFF2/parmchk2 topology including 1-4 scaling,FROZEN_BASELINE
PROPER_100_2_8_9_35,pk=0.15;phase=0;periodicity=3;scee=1.2;scnb=2,kcal/mol;degree;dimensionless,analysis/mettl7-phase2/execution-unit-05O/model-form-analysis/baseline/baseline.parm7,GAFF2/parmchk2 topology including 1-4 scaling,FROZEN_BASELINE
PROPER_101_2_8_9_36,pk=0.15;phase=0;periodicity=3;scee=1.2;scnb=2,kcal/mol;degree;dimensionless,analysis/mettl7-phase2/execution-unit-05O/model-form-analysis/baseline/baseline.parm7,GAFF2/parmchk2 topology including 1-4 scaling,FROZEN_BASELINE
PROPER_102_2_12_11_38,pk=0.13;phase=0;periodicity=3;scee=1.2;scnb=2,kcal/mol;degree;dimensionless,analysis/mettl7-phase2/execution-unit-05O/model-form-analysis/baseline/baseline.parm7,GAFF2/parmchk2 topology including 1-4 scaling,FROZEN_BASELINE
PROPER_103_2_12_13_40,pk=0.13;phase=0;periodicity=3;scee=1.2;scnb=2,kcal/mol;degree;dimensionless,analysis/mettl7-phase2/execution-unit-05O/model-form-analysis/baseline/baseline.parm7,GAFF2/parmchk2 topology including 1-4 scaling,FROZEN_BASELINE
PROPER_104_2_12_13_41,pk=0.13;phase=0;periodicity=3;scee=1.2;scnb=2,kcal/mol;degree;dimensionless,analysis/mettl7-phase2/execution-unit-05O/model-form-analysis/baseline/baseline.parm7,GAFF2/parmchk2 topology including 1-4 scaling,FROZEN_BASELINE
PROPER_105_27_1_2_3,pk=0.13;phase=0;periodicity=3;scee=1.2;scnb=2,kcal/mol;degree;dimensionless,analysis/mettl7-phase2/execution-unit-05O/model-form-analysis/baseline/baseline.parm7,GAFF2/parmchk2 topology including 1-4 scaling,FROZEN_BASELINE
PROPER_106_28_1_2_3,pk=0.13;phase=0;periodicity=3;scee=1.2;scnb=2,kcal/mol;degree;dimensionless,analysis/mettl7-phase2/execution-unit-05O/model-form-analysis/baseline/baseline.parm7,GAFF2/parmchk2 topology including 1-4 scaling,FROZEN_BASELINE
PROPER_107_29_1_2_3,pk=0.13;phase=0;periodicity=3;scee=1.2;scnb=2,kcal/mol;degree;dimensionless,analysis/mettl7-phase2/execution-unit-05O/model-form-analysis/baseline/baseline.parm7,GAFF2/parmchk2 topology including 1-4 scaling,FROZEN_BASELINE
PROPER_108_3_2_12_39,pk=0.13;phase=0;periodicity=3;scee=1.2;scnb=2,kcal/mol;degree;dimensionless,analysis/mettl7-phase2/execution-unit-05O/model-form-analysis/baseline/baseline.parm7,GAFF2/parmchk2 topology including 1-4 scaling,FROZEN_BASELINE
PROPER_109_4_5_7_34,pk=2.175;phase=180.0000771436223;periodicity=2;scee=1.2;scnb=2,kcal/mol;degree;dimensionless,analysis/mettl7-phase2/execution-unit-05O/model-form-analysis/baseline/baseline.parm7,GAFF2/parmchk2 topology including 1-4 scaling,FROZEN_BASELINE
PROPER_110_5_4_3_30,pk=0.155555556;phase=0;periodicity=3;scee=1.2;scnb=2,kcal/mol;degree;dimensionless,analysis/mettl7-phase2/execution-unit-05O/model-form-analysis/baseline/baseline.parm7,GAFF2/parmchk2 topology including 1-4 scaling,FROZEN_BASELINE
PROPER_111_5_4_3_31,pk=0.155555556;phase=0;periodicity=3;scee=1.2;scnb=2,kcal/mol;degree;dimensionless,analysis/mettl7-phase2/execution-unit-05O/model-form-analysis/baseline/baseline.parm7,GAFF2/parmchk2 topology including 1-4 scaling,FROZEN_BASELINE
PROPER_112_6_5_4_32,pk=4.03;phase=0;periodicity=1;scee=1.2;scnb=2,kcal/mol;degree;dimensionless,analysis/mettl7-phase2/execution-unit-05O/model-form-analysis/baseline/baseline.parm7,GAFF2/parmchk2 topology including 1-4 scaling,FROZEN_BASELINE
PROPER_113_6_5_4_32,pk=3.66;phase=180.0000771436223;periodicity=2;scee=1.2;scnb=2,kcal/mol;degree;dimensionless,analysis/mettl7-phase2/execution-unit-05O/model-form-analysis/baseline/baseline.parm7,GAFF2/parmchk2 topology including 1-4 scaling,FROZEN_BASELINE
PROPER_114_6_5_4_33,pk=4.03;phase=0;periodicity=1;scee=1.2;scnb=2,kcal/mol;degree;dimensionless,analysis/mettl7-phase2/execution-unit-05O/model-form-analysis/baseline/baseline.parm7,GAFF2/parmchk2 topology including 1-4 scaling,FROZEN_BASELINE
PROPER_115_6_5_4_33,pk=3.66;phase=180.0000771436223;periodicity=2;scee=1.2;scnb=2,kcal/mol;degree;dimensionless,analysis/mettl7-phase2/execution-unit-05O/model-form-analysis/baseline/baseline.parm7,GAFF2/parmchk2 topology including 1-4 scaling,FROZEN_BASELINE
PROPER_116_6_5_7_34,pk=2.175;phase=180.0000771436223;periodicity=2;scee=1.2;scnb=2,kcal/mol;degree;dimensionless,analysis/mettl7-phase2/execution-unit-05O/model-form-analysis/baseline/baseline.parm7,GAFF2/parmchk2 topology including 1-4 scaling,FROZEN_BASELINE
PROPER_117_7_5_4_32,pk=0;phase=180.0000771436223;periodicity=2;scee=1.2;scnb=2,kcal/mol;degree;dimensionless,analysis/mettl7-phase2/execution-unit-05O/model-form-analysis/baseline/baseline.parm7,GAFF2/parmchk2 topology including 1-4 scaling,FROZEN_BASELINE
PROPER_118_7_5_4_33,pk=0;phase=180.0000771436223;periodicity=2;scee=1.2;scnb=2,kcal/mol;degree;dimensionless,analysis/mettl7-phase2/execution-unit-05O/model-form-analysis/baseline/baseline.parm7,GAFF2/parmchk2 topology including 1-4 scaling,FROZEN_BASELINE
PROPER_119_7_8_9_35,pk=0;phase=0;periodicity=2;scee=1.2;scnb=2,kcal/mol;degree;dimensionless,analysis/mettl7-phase2/execution-unit-05O/model-form-analysis/baseline/baseline.parm7,GAFF2/parmchk2 topology including 1-4 scaling,FROZEN_BASELINE
PROPER_120_7_8_9_36,pk=0;phase=0;periodicity=2;scee=1.2;scnb=2,kcal/mol;degree;dimensionless,analysis/mettl7-phase2/execution-unit-05O/model-form-analysis/baseline/baseline.parm7,GAFF2/parmchk2 topology including 1-4 scaling,FROZEN_BASELINE
PROPER_121_8_9_10_37,pk=0.155555556;phase=0;periodicity=3;scee=1.2;scnb=2,kcal/mol;degree;dimensionless,analysis/mettl7-phase2/execution-unit-05O/model-form-analysis/baseline/baseline.parm7,GAFF2/parmchk2 topology including 1-4 scaling,FROZEN_BASELINE
PROPER_122_27_1_2_8,pk=0.155555556;phase=0;periodicity=3;scee=1.2;scnb=2,kcal/mol;degree;dimensionless,analysis/mettl7-phase2/execution-unit-05O/model-form-analysis/baseline/baseline.parm7,GAFF2/parmchk2 topology including 1-4 scaling,FROZEN_BASELINE
PROPER_123_28_1_2_8,pk=0.155555556;phase=0;periodicity=3;scee=1.2;scnb=2,kcal/mol;degree;dimensionless,analysis/mettl7-phase2/execution-unit-05O/model-form-analysis/baseline/baseline.parm7,GAFF2/parmchk2 topology including 1-4 scaling,FROZEN_BASELINE
PROPER_124_29_1_2_8,pk=0.155555556;phase=0;periodicity=3;scee=1.2;scnb=2,kcal/mol;degree;dimensionless,analysis/mettl7-phase2/execution-unit-05O/model-form-analysis/baseline/baseline.parm7,GAFF2/parmchk2 topology including 1-4 scaling,FROZEN_BASELINE
PROPER_125_8_2_3_30,pk=0.155555556;phase=0;periodicity=3;scee=1.2;scnb=2,kcal/mol;degree;dimensionless,analysis/mettl7-phase2/execution-unit-05O/model-form-analysis/baseline/baseline.parm7,GAFF2/parmchk2 topology including 1-4 scaling,FROZEN_BASELINE
PROPER_126_8_2_3_31,pk=0.155555556;phase=0;periodicity=3;scee=1.2;scnb=2,kcal/mol;degree;dimensionless,analysis/mettl7-phase2/execution-unit-05O/model-form-analysis/baseline/baseline.parm7,GAFF2/parmchk2 topology including 1-4 scaling,FROZEN_BASELINE
PROPER_127_8_2_12_39,pk=0.155555556;phase=0;periodicity=3;scee=1.2;scnb=2,kcal/mol;degree;dimensionless,analysis/mettl7-phase2/execution-unit-05O/model-form-analysis/baseline/baseline.parm7,GAFF2/parmchk2 topology including 1-4 scaling,FROZEN_BASELINE
PROPER_128_9_8_7_34,pk=6.65;phase=180.0000771436223;periodicity=2;scee=1.2;scnb=2,kcal/mol;degree;dimensionless,analysis/mettl7-phase2/execution-unit-05O/model-form-analysis/baseline/baseline.parm7,GAFF2/parmchk2 topology including 1-4 scaling,FROZEN_BASELINE
PROPER_129_9_10_11_38,pk=0.13;phase=0;periodicity=3;scee=1.2;scnb=2,kcal/mol;degree;dimensionless,analysis/mettl7-phase2/execution-unit-05O/model-form-analysis/baseline/baseline.parm7,GAFF2/parmchk2 topology including 1-4 scaling,FROZEN_BASELINE
PROPER_130_9_10_26_56,pk=0.25;phase=0;periodicity=3;scee=1.2;scnb=2,kcal/mol;degree;dimensionless,analysis/mettl7-phase2/execution-unit-05O/model-form-analysis/baseline/baseline.parm7,GAFF2/parmchk2 topology including 1-4 scaling,FROZEN_BASELINE
PROPER_131_10_11_12_39,pk=0.13;phase=0;periodicity=3;scee=1.2;scnb=2,kcal/mol;degree;dimensionless,analysis/mettl7-phase2/execution-unit-05O/model-form-analysis/baseline/baseline.parm7,GAFF2/parmchk2 topology including 1-4 scaling,FROZEN_BASELINE
PROPER_132_10_11_16_44,pk=0.13;phase=0;periodicity=3;scee=1.2;scnb=2,kcal/mol;degree;dimensionless,analysis/mettl7-phase2/execution-unit-05O/model-form-analysis/baseline/baseline.parm7,GAFF2/parmchk2 topology including 1-4 scaling,FROZEN_BASELINE
PROPER_133_11_10_9_35,pk=0.13;phase=0;periodicity=3;scee=1.2;scnb=2,kcal/mol;degree;dimensionless,analysis/mettl7-phase2/execution-unit-05O/model-form-analysis/baseline/baseline.parm7,GAFF2/parmchk2 topology including 1-4 scaling,FROZEN_BASELINE
PROPER_134_11_10_9_36,pk=0.13;phase=0;periodicity=3;scee=1.2;scnb=2,kcal/mol;degree;dimensionless,analysis/mettl7-phase2/execution-unit-05O/model-form-analysis/baseline/baseline.parm7,GAFF2/parmchk2 topology including 1-4 scaling,FROZEN_BASELINE
PROPER_135_11_10_26_56,pk=0.25;phase=0;periodicity=3;scee=1.2;scnb=2,kcal/mol;degree;dimensionless,analysis/mettl7-phase2/execution-unit-05O/model-form-analysis/baseline/baseline.parm7,GAFF2/parmchk2 topology including 1-4 scaling,FROZEN_BASELINE
PROPER_136_11_12_13_40,pk=0.13;phase=0;periodicity=3;scee=1.2;scnb=2,kcal/mol;degree;dimensionless,analysis/mettl7-phase2/execution-unit-05O/model-form-analysis/baseline/baseline.parm7,GAFF2/parmchk2 topology including 1-4 scaling,FROZEN_BASELINE
PROPER_137_11_12_13_41,pk=0.13;phase=0;periodicity=3;scee=1.2;scnb=2,kcal/mol;degree;dimensionless,analysis/mettl7-phase2/execution-unit-05O/model-form-analysis/baseline/baseline.parm7,GAFF2/parmchk2 topology including 1-4 scaling,FROZEN_BASELINE
PROPER_138_11_16_17_45,pk=0.13;phase=0;periodicity=3;scee=1.2;scnb=2,kcal/mol;degree;dimensionless,analysis/mettl7-phase2/execution-unit-05O/model-form-analysis/baseline/baseline.parm7,GAFF2/parmchk2 topology including 1-4 scaling,FROZEN_BASELINE
PROPER_139_11_16_17_46,pk=0.13;phase=0;periodicity=3;scee=1.2;scnb=2,kcal/mol;degree;dimensionless,analysis/mettl7-phase2/execution-unit-05O/model-form-analysis/baseline/baseline.parm7,GAFF2/parmchk2 topology including 1-4 scaling,FROZEN_BASELINE
PROPER_140_12_11_10_37,pk=0.155555556;phase=0;periodicity=3;scee=1.2;scnb=2,kcal/mol;degree;dimensionless,analysis/mettl7-phase2/execution-unit-05O/model-form-analysis/baseline/baseline.parm7,GAFF2/parmchk2 topology including 1-4 scaling,FROZEN_BASELINE
PROPER_141_12_11_16_44,pk=0.13;phase=0;periodicity=3;scee=1.2;scnb=2,kcal/mol;degree;dimensionless,analysis/mettl7-phase2/execution-unit-05O/model-form-analysis/baseline/baseline.parm7,GAFF2/parmchk2 topology including 1-4 scaling,FROZEN_BASELINE
PROPER_142_12_13_14_42,pk=0.13;phase=0;periodicity=3;scee=1.2;scnb=2,kcal/mol;degree;dimensionless,analysis/mettl7-phase2/execution-unit-05O/model-form-analysis/baseline/baseline.parm7,GAFF2/parmchk2 topology including 1-4 scaling,FROZEN_BASELINE
PROPER_143_12_13_14_43,pk=0.13;phase=0;periodicity=3;scee=1.2;scnb=2,kcal/mol;degree;dimensionless,analysis/mettl7-phase2/execution-unit-05O/model-form-analysis/baseline/baseline.parm7,GAFF2/parmchk2 topology including 1-4 scaling,FROZEN_BASELINE
PROPER_144_27_1_2_12,pk=0.13;phase=0;periodicity=3;scee=1.2;scnb=2,kcal/mol;degree;dimensionless,analysis/mettl7-phase2/execution-unit-05O/model-form-analysis/baseline/baseline.parm7,GAFF2/parmchk2 topology including 1-4 scaling,FROZEN_BASELINE
PROPER_145_28_1_2_12,pk=0.13;phase=0;periodicity=3;scee=1.2;scnb=2,kcal/mol;degree;dimensionless,analysis/mettl7-phase2/execution-unit-05O/model-form-analysis/baseline/baseline.parm7,GAFF2/parmchk2 topology including 1-4 scaling,FROZEN_BASELINE
PROPER_146_29_1_2_12,pk=0.13;phase=0;periodicity=3;scee=1.2;scnb=2,kcal/mol;degree;dimensionless,analysis/mettl7-phase2/execution-unit-05O/model-form-analysis/baseline/baseline.parm7,GAFF2/parmchk2 topology including 1-4 scaling,FROZEN_BASELINE
PROPER_147_12_2_3_30,pk=0.13;phase=0;periodicity=3;scee=1.2;scnb=2,kcal/mol;degree;dimensionless,analysis/mettl7-phase2/execution-unit-05O/model-form-analysis/baseline/baseline.parm7,GAFF2/parmchk2 topology including 1-4 scaling,FROZEN_BASELINE
PROPER_148_12_2_3_31,pk=0.13;phase=0;periodicity=3;scee=1.2;scnb=2,kcal/mol;degree;dimensionless,analysis/mettl7-phase2/execution-unit-05O/model-form-analysis/baseline/baseline.parm7,GAFF2/parmchk2 topology including 1-4 scaling,FROZEN_BASELINE
PROPER_149_13_12_11_38,pk=0.13;phase=0;periodicity=3;scee=1.2;scnb=2,kcal/mol;degree;dimensionless,analysis/mettl7-phase2/execution-unit-05O/model-form-analysis/baseline/baseline.parm7,GAFF2/parmchk2 topology including 1-4 scaling,FROZEN_BASELINE
PROPER_150_14_13_12_39,pk=0.13;phase=0;periodicity=3;scee=1.2;scnb=2,kcal/mol;degree;dimensionless,analysis/mettl7-phase2/execution-unit-05O/model-form-analysis/baseline/baseline.parm7,GAFF2/parmchk2 topology including 1-4 scaling,FROZEN_BASELINE
PROPER_151_14_15_16_44,pk=0.13;phase=0;periodicity=3;scee=1.2;scnb=2,kcal/mol;degree;dimensionless,analysis/mettl7-phase2/execution-unit-05O/model-form-analysis/baseline/baseline.parm7,GAFF2/parmchk2 topology including 1-4 scaling,FROZEN_BASELINE
PROPER_152_14_15_25_53,pk=0.13;phase=0;periodicity=3;scee=1.2;scnb=2,kcal/mol;degree;dimensionless,analysis/mettl7-phase2/execution-unit-05O/model-form-analysis/baseline/baseline.parm7,GAFF2/parmchk2 topology including 1-4 scaling,FROZEN_BASELINE
PROPER_153_14_15_25_54,pk=0.13;phase=0;periodicity=3;scee=1.2;scnb=2,kcal/mol;degree;dimensionless,analysis/mettl7-phase2/execution-unit-05O/model-form-analysis/baseline/baseline.parm7,GAFF2/parmchk2 topology including 1-4 scaling,FROZEN_BASELINE
PROPER_154_14_15_25_55,pk=0.13;phase=0;periodicity=3;scee=1.2;scnb=2,kcal/mol;degree;dimensionless,analysis/mettl7-phase2/execution-unit-05O/model-form-analysis/baseline/baseline.parm7,GAFF2/parmchk2 topology including 1-4 scaling,FROZEN_BASELINE
PROPER_155_15_14_13_40,pk=0.13;phase=0;periodicity=3;scee=1.2;scnb=2,kcal/mol;degree;dimensionless,analysis/mettl7-phase2/execution-unit-05O/model-form-analysis/baseline/baseline.parm7,GAFF2/parmchk2 topology including 1-4 scaling,FROZEN_BASELINE
PROPER_156_15_14_13_41,pk=0.13;phase=0;periodicity=3;scee=1.2;scnb=2,kcal/mol;degree;dimensionless,analysis/mettl7-phase2/execution-unit-05O/model-form-analysis/baseline/baseline.parm7,GAFF2/parmchk2 topology including 1-4 scaling,FROZEN_BASELINE
PROPER_157_15_16_17_45,pk=0.13;phase=0;periodicity=3;scee=1.2;scnb=2,kcal/mol;degree;dimensionless,analysis/mettl7-phase2/execution-unit-05O/model-form-analysis/baseline/baseline.parm7,GAFF2/parmchk2 topology including 1-4 scaling,FROZEN_BASELINE
PROPER_158_15_16_17_46,pk=0.13;phase=0;periodicity=3;scee=1.2;scnb=2,kcal/mol;degree;dimensionless,analysis/mettl7-phase2/execution-unit-05O/model-form-analysis/baseline/baseline.parm7,GAFF2/parmchk2 topology including 1-4 scaling,FROZEN_BASELINE
PROPER_159_15_16_11_38,pk=0.13;phase=0;periodicity=3;scee=1.2;scnb=2,kcal/mol;degree;dimensionless,analysis/mettl7-phase2/execution-unit-05O/model-form-analysis/baseline/baseline.parm7,GAFF2/parmchk2 topology including 1-4 scaling,FROZEN_BASELINE
PROPER_160_15_19_18_47,pk=0.13;phase=0;periodicity=3;scee=1.2;scnb=2,kcal/mol;degree;dimensionless,analysis/mettl7-phase2/execution-unit-05O/model-form-analysis/baseline/baseline.parm7,GAFF2/parmchk2 topology including 1-4 scaling,FROZEN_BASELINE
PROPER_161_15_19_18_48,pk=0.13;phase=0;periodicity=3;scee=1.2;scnb=2,kcal/mol;degree;dimensionless,analysis/mettl7-phase2/execution-unit-05O/model-form-analysis/baseline/baseline.parm7,GAFF2/parmchk2 topology including 1-4 scaling,FROZEN_BASELINE
PROPER_162_15_19_20_49,pk=0.13;phase=0;periodicity=3;scee=1.2;scnb=2,kcal/mol;degree;dimensionless,analysis/mettl7-phase2/execution-unit-05O/model-form-analysis/baseline/baseline.parm7,GAFF2/parmchk2 topology including 1-4 scaling,FROZEN_BASELINE
PROPER_163_15_19_20_50,pk=0.13;phase=0;periodicity=3;scee=1.2;scnb=2,kcal/mol;degree;dimensionless,analysis/mettl7-phase2/execution-unit-05O/model-form-analysis/baseline/baseline.parm7,GAFF2/parmchk2 topology including 1-4 scaling,FROZEN_BASELINE
PROPER_164_16_15_14_42,pk=0.13;phase=0;periodicity=3;scee=1.2;scnb=2,kcal/mol;degree;dimensionless,analysis/mettl7-phase2/execution-unit-05O/model-form-analysis/baseline/baseline.parm7,GAFF2/parmchk2 topology including 1-4 scaling,FROZEN_BASELINE
PROPER_165_16_15_14_43,pk=0.13;phase=0;periodicity=3;scee=1.2;scnb=2,kcal/mol;degree;dimensionless,analysis/mettl7-phase2/execution-unit-05O/model-form-analysis/baseline/baseline.parm7,GAFF2/parmchk2 topology including 1-4 scaling,FROZEN_BASELINE
PROPER_166_16_15_25_53,pk=0.13;phase=0;periodicity=3;scee=1.2;scnb=2,kcal/mol;degree;dimensionless,analysis/mettl7-phase2/execution-unit-05O/model-form-analysis/baseline/baseline.parm7,GAFF2/parmchk2 topology including 1-4 scaling,FROZEN_BASELINE
PROPER_167_16_15_25_54,pk=0.13;phase=0;periodicity=3;scee=1.2;scnb=2,kcal/mol;degree;dimensionless,analysis/mettl7-phase2/execution-unit-05O/model-form-analysis/baseline/baseline.parm7,GAFF2/parmchk2 topology including 1-4 scaling,FROZEN_BASELINE
PROPER_168_16_15_25_55,pk=0.13;phase=0;periodicity=3;scee=1.2;scnb=2,kcal/mol;degree;dimensionless,analysis/mettl7-phase2/execution-unit-05O/model-form-analysis/baseline/baseline.parm7,GAFF2/parmchk2 topology including 1-4 scaling,FROZEN_BASELINE
PROPER_169_16_17_18_47,pk=0.13;phase=0;periodicity=3;scee=1.2;scnb=2,kcal/mol;degree;dimensionless,analysis/mettl7-phase2/execution-unit-05O/model-form-analysis/baseline/baseline.parm7,GAFF2/parmchk2 topology including 1-4 scaling,FROZEN_BASELINE
PROPER_170_16_17_18_48,pk=0.13;phase=0;periodicity=3;scee=1.2;scnb=2,kcal/mol;degree;dimensionless,analysis/mettl7-phase2/execution-unit-05O/model-form-analysis/baseline/baseline.parm7,GAFF2/parmchk2 topology including 1-4 scaling,FROZEN_BASELINE
PROPER_171_16_11_10_37,pk=0.155555556;phase=0;periodicity=3;scee=1.2;scnb=2,kcal/mol;degree;dimensionless,analysis/mettl7-phase2/execution-unit-05O/model-form-analysis/baseline/baseline.parm7,GAFF2/parmchk2 topology including 1-4 scaling,FROZEN_BASELINE
PROPER_172_16_11_12_39,pk=0.13;phase=0;periodicity=3;scee=1.2;scnb=2,kcal/mol;degree;dimensionless,analysis/mettl7-phase2/execution-unit-05O/model-form-analysis/baseline/baseline.parm7,GAFF2/parmchk2 topology including 1-4 scaling,FROZEN_BASELINE
PROPER_173_17_16_11_38,pk=0.13;phase=0;periodicity=3;scee=1.2;scnb=2,kcal/mol;degree;dimensionless,analysis/mettl7-phase2/execution-unit-05O/model-form-analysis/baseline/baseline.parm7,GAFF2/parmchk2 topology including 1-4 scaling,FROZEN_BASELINE
PROPER_174_18_17_16_44,pk=0.13;phase=0;periodicity=3;scee=1.2;scnb=2,kcal/mol;degree;dimensionless,analysis/mettl7-phase2/execution-unit-05O/model-form-analysis/baseline/baseline.parm7,GAFF2/parmchk2 topology including 1-4 scaling,FROZEN_BASELINE
PROPER_175_18_19_20_49,pk=0.13;phase=0;periodicity=3;scee=1.2;scnb=2,kcal/mol;degree;dimensionless,analysis/mettl7-phase2/execution-unit-05O/model-form-analysis/baseline/baseline.parm7,GAFF2/parmchk2 topology including 1-4 scaling,FROZEN_BASELINE
PROPER_176_18_19_20_50,pk=0.13;phase=0;periodicity=3;scee=1.2;scnb=2,kcal/mol;degree;dimensionless,analysis/mettl7-phase2/execution-unit-05O/model-form-analysis/baseline/baseline.parm7,GAFF2/parmchk2 topology including 1-4 scaling,FROZEN_BASELINE
PROPER_177_19_18_17_45,pk=0.13;phase=0;periodicity=3;scee=1.2;scnb=2,kcal/mol;degree;dimensionless,analysis/mettl7-phase2/execution-unit-05O/model-form-analysis/baseline/baseline.parm7,GAFF2/parmchk2 topology including 1-4 scaling,FROZEN_BASELINE
PROPER_178_19_18_17_46,pk=0.13;phase=0;periodicity=3;scee=1.2;scnb=2,kcal/mol;degree;dimensionless,analysis/mettl7-phase2/execution-unit-05O/model-form-analysis/baseline/baseline.parm7,GAFF2/parmchk2 topology including 1-4 scaling,FROZEN_BASELINE
PROPER_179_19_20_21_51,pk=0.13;phase=0;periodicity=3;scee=1.2;scnb=2,kcal/mol;degree;dimensionless,analysis/mettl7-phase2/execution-unit-05O/model-form-analysis/baseline/baseline.parm7,GAFF2/parmchk2 topology including 1-4 scaling,FROZEN_BASELINE
PROPER_180_19_20_21_52,pk=0.13;phase=0;periodicity=3;scee=1.2;scnb=2,kcal/mol;degree;dimensionless,analysis/mettl7-phase2/execution-unit-05O/model-form-analysis/baseline/baseline.parm7,GAFF2/parmchk2 topology including 1-4 scaling,FROZEN_BASELINE
PROPER_181_19_15_14_42,pk=0.13;phase=0;periodicity=3;scee=1.2;scnb=2,kcal/mol;degree;dimensionless,analysis/mettl7-phase2/execution-unit-05O/model-form-analysis/baseline/baseline.parm7,GAFF2/parmchk2 topology including 1-4 scaling,FROZEN_BASELINE
PROPER_182_19_15_14_43,pk=0.13;phase=0;periodicity=3;scee=1.2;scnb=2,kcal/mol;degree;dimensionless,analysis/mettl7-phase2/execution-unit-05O/model-form-analysis/baseline/baseline.parm7,GAFF2/parmchk2 topology including 1-4 scaling,FROZEN_BASELINE
PROPER_183_19_15_16_44,pk=0.13;phase=0;periodicity=3;scee=1.2;scnb=2,kcal/mol;degree;dimensionless,analysis/mettl7-phase2/execution-unit-05O/model-form-analysis/baseline/baseline.parm7,GAFF2/parmchk2 topology including 1-4 scaling,FROZEN_BASELINE
PROPER_184_19_15_25_53,pk=0.13;phase=0;periodicity=3;scee=1.2;scnb=2,kcal/mol;degree;dimensionless,analysis/mettl7-phase2/execution-unit-05O/model-form-analysis/baseline/baseline.parm7,GAFF2/parmchk2 topology including 1-4 scaling,FROZEN_BASELINE
PROPER_185_19_15_25_54,pk=0.13;phase=0;periodicity=3;scee=1.2;scnb=2,kcal/mol;degree;dimensionless,analysis/mettl7-phase2/execution-unit-05O/model-form-analysis/baseline/baseline.parm7,GAFF2/parmchk2 topology including 1-4 scaling,FROZEN_BASELINE
PROPER_186_19_15_25_55,pk=0.13;phase=0;periodicity=3;scee=1.2;scnb=2,kcal/mol;degree;dimensionless,analysis/mettl7-phase2/execution-unit-05O/model-form-analysis/baseline/baseline.parm7,GAFF2/parmchk2 topology including 1-4 scaling,FROZEN_BASELINE
PROPER_187_20_19_18_47,pk=0.13;phase=0;periodicity=3;scee=1.2;scnb=2,kcal/mol;degree;dimensionless,analysis/mettl7-phase2/execution-unit-05O/model-form-analysis/baseline/baseline.parm7,GAFF2/parmchk2 topology including 1-4 scaling,FROZEN_BASELINE
PROPER_188_20_19_18_48,pk=0.13;phase=0;periodicity=3;scee=1.2;scnb=2,kcal/mol;degree;dimensionless,analysis/mettl7-phase2/execution-unit-05O/model-form-analysis/baseline/baseline.parm7,GAFF2/parmchk2 topology including 1-4 scaling,FROZEN_BASELINE
PROPER_189_22_21_20_49,pk=0.155555556;phase=0;periodicity=3;scee=1.2;scnb=2,kcal/mol;degree;dimensionless,analysis/mettl7-phase2/execution-unit-05O/model-form-analysis/baseline/baseline.parm7,GAFF2/parmchk2 topology including 1-4 scaling,FROZEN_BASELINE
PROPER_190_22_21_20_50,pk=0.155555556;phase=0;periodicity=3;scee=1.2;scnb=2,kcal/mol;degree;dimensionless,analysis/mettl7-phase2/execution-unit-05O/model-form-analysis/baseline/baseline.parm7,GAFF2/parmchk2 topology including 1-4 scaling,FROZEN_BASELINE
PROPER_191_23_22_21_51,pk=4.03;phase=0;periodicity=1;scee=1.2;scnb=2,kcal/mol;degree;dimensionless,analysis/mettl7-phase2/execution-unit-05O/model-form-analysis/baseline/baseline.parm7,GAFF2/parmchk2 topology including 1-4 scaling,FROZEN_BASELINE
PROPER_192_23_22_21_51,pk=3.66;phase=180.0000771436223;periodicity=2;scee=1.2;scnb=2,kcal/mol;degree;dimensionless,analysis/mettl7-phase2/execution-unit-05O/model-form-analysis/baseline/baseline.parm7,GAFF2/parmchk2 topology including 1-4 scaling,FROZEN_BASELINE
PROPER_193_23_22_21_52,pk=4.03;phase=0;periodicity=1;scee=1.2;scnb=2,kcal/mol;degree;dimensionless,analysis/mettl7-phase2/execution-unit-05O/model-form-analysis/baseline/baseline.parm7,GAFF2/parmchk2 topology including 1-4 scaling,FROZEN_BASELINE
PROPER_194_23_22_21_52,pk=3.66;phase=180.0000771436223;periodicity=2;scee=1.2;scnb=2,kcal/mol;degree;dimensionless,analysis/mettl7-phase2/execution-unit-05O/model-form-analysis/baseline/baseline.parm7,GAFF2/parmchk2 topology including 1-4 scaling,FROZEN_BASELINE
PROPER_195_24_22_21_51,pk=0;phase=180.0000771436223;periodicity=2;scee=1.2;scnb=2,kcal/mol;degree;dimensionless,analysis/mettl7-phase2/execution-unit-05O/model-form-analysis/baseline/baseline.parm7,GAFF2/parmchk2 topology including 1-4 scaling,FROZEN_BASELINE
PROPER_196_24_22_21_52,pk=0;phase=180.0000771436223;periodicity=2;scee=1.2;scnb=2,kcal/mol;degree;dimensionless,analysis/mettl7-phase2/execution-unit-05O/model-form-analysis/baseline/baseline.parm7,GAFF2/parmchk2 topology including 1-4 scaling,FROZEN_BASELINE
PROPER_197_24_19_18_47,pk=0.25;phase=0;periodicity=1;scee=1.2;scnb=2,kcal/mol;degree;dimensionless,analysis/mettl7-phase2/execution-unit-05O/model-form-analysis/baseline/baseline.parm7,GAFF2/parmchk2 topology including 1-4 scaling,FROZEN_BASELINE
PROPER_198_24_19_18_47,pk=0;phase=0;periodicity=3;scee=1.2;scnb=2,kcal/mol;degree;dimensionless,analysis/mettl7-phase2/execution-unit-05O/model-form-analysis/baseline/baseline.parm7,GAFF2/parmchk2 topology including 1-4 scaling,FROZEN_BASELINE
PROPER_199_24_19_18_48,pk=0.25;phase=0;periodicity=1;scee=1.2;scnb=2,kcal/mol;degree;dimensionless,analysis/mettl7-phase2/execution-unit-05O/model-form-analysis/baseline/baseline.parm7,GAFF2/parmchk2 topology including 1-4 scaling,FROZEN_BASELINE
PROPER_200_24_19_18_48,pk=0;phase=0;periodicity=3;scee=1.2;scnb=2,kcal/mol;degree;dimensionless,analysis/mettl7-phase2/execution-unit-05O/model-form-analysis/baseline/baseline.parm7,GAFF2/parmchk2 topology including 1-4 scaling,FROZEN_BASELINE
PROPER_201_24_19_20_49,pk=0.25;phase=0;periodicity=1;scee=1.2;scnb=2,kcal/mol;degree;dimensionless,analysis/mettl7-phase2/execution-unit-05O/model-form-analysis/baseline/baseline.parm7,GAFF2/parmchk2 topology including 1-4 scaling,FROZEN_BASELINE
PROPER_202_24_19_20_49,pk=0;phase=0;periodicity=3;scee=1.2;scnb=2,kcal/mol;degree;dimensionless,analysis/mettl7-phase2/execution-unit-05O/model-form-analysis/baseline/baseline.parm7,GAFF2/parmchk2 topology including 1-4 scaling,FROZEN_BASELINE
PROPER_203_24_19_20_50,pk=0.25;phase=0;periodicity=1;scee=1.2;scnb=2,kcal/mol;degree;dimensionless,analysis/mettl7-phase2/execution-unit-05O/model-form-analysis/baseline/baseline.parm7,GAFF2/parmchk2 topology including 1-4 scaling,FROZEN_BASELINE
PROPER_204_24_19_20_50,pk=0;phase=0;periodicity=3;scee=1.2;scnb=2,kcal/mol;degree;dimensionless,analysis/mettl7-phase2/execution-unit-05O/model-form-analysis/baseline/baseline.parm7,GAFF2/parmchk2 topology including 1-4 scaling,FROZEN_BASELINE
PROPER_205_25_15_14_42,pk=0.13;phase=0;periodicity=3;scee=1.2;scnb=2,kcal/mol;degree;dimensionless,analysis/mettl7-phase2/execution-unit-05O/model-form-analysis/baseline/baseline.parm7,GAFF2/parmchk2 topology including 1-4 scaling,FROZEN_BASELINE
PROPER_206_25_15_14_43,pk=0.13;phase=0;periodicity=3;scee=1.2;scnb=2,kcal/mol;degree;dimensionless,analysis/mettl7-phase2/execution-unit-05O/model-form-analysis/baseline/baseline.parm7,GAFF2/parmchk2 topology including 1-4 scaling,FROZEN_BASELINE
PROPER_207_25_15_16_44,pk=0.13;phase=0;periodicity=3;scee=1.2;scnb=2,kcal/mol;degree;dimensionless,analysis/mettl7-phase2/execution-unit-05O/model-form-analysis/baseline/baseline.parm7,GAFF2/parmchk2 topology including 1-4 scaling,FROZEN_BASELINE
PROPER_208_26_10_9_35,pk=0.155555556;phase=0;periodicity=3;scee=1.2;scnb=2,kcal/mol;degree;dimensionless,analysis/mettl7-phase2/execution-unit-05O/model-form-analysis/baseline/baseline.parm7,GAFF2/parmchk2 topology including 1-4 scaling,FROZEN_BASELINE
PROPER_209_26_10_9_36,pk=0.155555556;phase=0;periodicity=3;scee=1.2;scnb=2,kcal/mol;degree;dimensionless,analysis/mettl7-phase2/execution-unit-05O/model-form-analysis/baseline/baseline.parm7,GAFF2/parmchk2 topology including 1-4 scaling,FROZEN_BASELINE
PROPER_210_26_10_11_38,pk=0.155555556;phase=0;periodicity=3;scee=1.2;scnb=2,kcal/mol;degree;dimensionless,analysis/mettl7-phase2/execution-unit-05O/model-form-analysis/baseline/baseline.parm7,GAFF2/parmchk2 topology including 1-4 scaling,FROZEN_BASELINE
PROPER_211_30_3_4_32,pk=0.12;phase=0;periodicity=3;scee=1.2;scnb=2,kcal/mol;degree;dimensionless,analysis/mettl7-phase2/execution-unit-05O/model-form-analysis/baseline/baseline.parm7,GAFF2/parmchk2 topology including 1-4 scaling,FROZEN_BASELINE
PROPER_212_30_3_4_33,pk=0.12;phase=0;periodicity=3;scee=1.2;scnb=2,kcal/mol;degree;dimensionless,analysis/mettl7-phase2/execution-unit-05O/model-form-analysis/baseline/baseline.parm7,GAFF2/parmchk2 topology including 1-4 scaling,FROZEN_BASELINE
PROPER_213_31_3_4_32,pk=0.12;phase=0;periodicity=3;scee=1.2;scnb=2,kcal/mol;degree;dimensionless,analysis/mettl7-phase2/execution-unit-05O/model-form-analysis/baseline/baseline.parm7,GAFF2/parmchk2 topology including 1-4 scaling,FROZEN_BASELINE
PROPER_214_31_3_4_33,pk=0.12;phase=0;periodicity=3;scee=1.2;scnb=2,kcal/mol;degree;dimensionless,analysis/mettl7-phase2/execution-unit-05O/model-form-analysis/baseline/baseline.parm7,GAFF2/parmchk2 topology including 1-4 scaling,FROZEN_BASELINE
PROPER_215_35_9_10_37,pk=0.155555556;phase=0;periodicity=3;scee=1.2;scnb=2,kcal/mol;degree;dimensionless,analysis/mettl7-phase2/execution-unit-05O/model-form-analysis/baseline/baseline.parm7,GAFF2/parmchk2 topology including 1-4 scaling,FROZEN_BASELINE
PROPER_216_36_9_10_37,pk=0.155555556;phase=0;periodicity=3;scee=1.2;scnb=2,kcal/mol;degree;dimensionless,analysis/mettl7-phase2/execution-unit-05O/model-form-analysis/baseline/baseline.parm7,GAFF2/parmchk2 topology including 1-4 scaling,FROZEN_BASELINE
PROPER_217_37_10_11_38,pk=0.155555556;phase=0;periodicity=3;scee=1.2;scnb=2,kcal/mol;degree;dimensionless,analysis/mettl7-phase2/execution-unit-05O/model-form-analysis/baseline/baseline.parm7,GAFF2/parmchk2 topology including 1-4 scaling,FROZEN_BASELINE
PROPER_218_37_10_26_56,pk=0.143;phase=0;periodicity=3;scee=1.2;scnb=2,kcal/mol;degree;dimensionless,analysis/mettl7-phase2/execution-unit-05O/model-form-analysis/baseline/baseline.parm7,GAFF2/parmchk2 topology including 1-4 scaling,FROZEN_BASELINE
PROPER_219_38_11_12_39,pk=0.12;phase=0;periodicity=3;scee=1.2;scnb=2,kcal/mol;degree;dimensionless,analysis/mettl7-phase2/execution-unit-05O/model-form-analysis/baseline/baseline.parm7,GAFF2/parmchk2 topology including 1-4 scaling,FROZEN_BASELINE
PROPER_220_38_11_16_44,pk=0.12;phase=0;periodicity=3;scee=1.2;scnb=2,kcal/mol;degree;dimensionless,analysis/mettl7-phase2/execution-unit-05O/model-form-analysis/baseline/baseline.parm7,GAFF2/parmchk2 topology including 1-4 scaling,FROZEN_BASELINE
PROPER_221_39_12_13_40,pk=0.12;phase=0;periodicity=3;scee=1.2;scnb=2,kcal/mol;degree;dimensionless,analysis/mettl7-phase2/execution-unit-05O/model-form-analysis/baseline/baseline.parm7,GAFF2/parmchk2 topology including 1-4 scaling,FROZEN_BASELINE
PROPER_222_39_12_13_41,pk=0.12;phase=0;periodicity=3;scee=1.2;scnb=2,kcal/mol;degree;dimensionless,analysis/mettl7-phase2/execution-unit-05O/model-form-analysis/baseline/baseline.parm7,GAFF2/parmchk2 topology including 1-4 scaling,FROZEN_BASELINE
PROPER_223_40_13_14_42,pk=0.12;phase=0;periodicity=3;scee=1.2;scnb=2,kcal/mol;degree;dimensionless,analysis/mettl7-phase2/execution-unit-05O/model-form-analysis/baseline/baseline.parm7,GAFF2/parmchk2 topology including 1-4 scaling,FROZEN_BASELINE
PROPER_224_40_13_14_43,pk=0.12;phase=0;periodicity=3;scee=1.2;scnb=2,kcal/mol;degree;dimensionless,analysis/mettl7-phase2/execution-unit-05O/model-form-analysis/baseline/baseline.parm7,GAFF2/parmchk2 topology including 1-4 scaling,FROZEN_BASELINE
PROPER_225_41_13_14_42,pk=0.12;phase=0;periodicity=3;scee=1.2;scnb=2,kcal/mol;degree;dimensionless,analysis/mettl7-phase2/execution-unit-05O/model-form-analysis/baseline/baseline.parm7,GAFF2/parmchk2 topology including 1-4 scaling,FROZEN_BASELINE
PROPER_226_41_13_14_43,pk=0.12;phase=0;periodicity=3;scee=1.2;scnb=2,kcal/mol;degree;dimensionless,analysis/mettl7-phase2/execution-unit-05O/model-form-analysis/baseline/baseline.parm7,GAFF2/parmchk2 topology including 1-4 scaling,FROZEN_BASELINE
PROPER_227_44_16_17_45,pk=0.12;phase=0;periodicity=3;scee=1.2;scnb=2,kcal/mol;degree;dimensionless,analysis/mettl7-phase2/execution-unit-05O/model-form-analysis/baseline/baseline.parm7,GAFF2/parmchk2 topology including 1-4 scaling,FROZEN_BASELINE
PROPER_228_44_16_17_46,pk=0.12;phase=0;periodicity=3;scee=1.2;scnb=2,kcal/mol;degree;dimensionless,analysis/mettl7-phase2/execution-unit-05O/model-form-analysis/baseline/baseline.parm7,GAFF2/parmchk2 topology including 1-4 scaling,FROZEN_BASELINE
PROPER_229_45_17_18_47,pk=0.12;phase=0;periodicity=3;scee=1.2;scnb=2,kcal/mol;degree;dimensionless,analysis/mettl7-phase2/execution-unit-05O/model-form-analysis/baseline/baseline.parm7,GAFF2/parmchk2 topology including 1-4 scaling,FROZEN_BASELINE
PROPER_230_45_17_18_48,pk=0.12;phase=0;periodicity=3;scee=1.2;scnb=2,kcal/mol;degree;dimensionless,analysis/mettl7-phase2/execution-unit-05O/model-form-analysis/baseline/baseline.parm7,GAFF2/parmchk2 topology including 1-4 scaling,FROZEN_BASELINE
PROPER_231_46_17_18_47,pk=0.12;phase=0;periodicity=3;scee=1.2;scnb=2,kcal/mol;degree;dimensionless,analysis/mettl7-phase2/execution-unit-05O/model-form-analysis/baseline/baseline.parm7,GAFF2/parmchk2 topology including 1-4 scaling,FROZEN_BASELINE
PROPER_232_46_17_18_48,pk=0.12;phase=0;periodicity=3;scee=1.2;scnb=2,kcal/mol;degree;dimensionless,analysis/mettl7-phase2/execution-unit-05O/model-form-analysis/baseline/baseline.parm7,GAFF2/parmchk2 topology including 1-4 scaling,FROZEN_BASELINE
PROPER_233_49_20_21_51,pk=0.12;phase=0;periodicity=3;scee=1.2;scnb=2,kcal/mol;degree;dimensionless,analysis/mettl7-phase2/execution-unit-05O/model-form-analysis/baseline/baseline.parm7,GAFF2/parmchk2 topology including 1-4 scaling,FROZEN_BASELINE
PROPER_234_49_20_21_52,pk=0.12;phase=0;periodicity=3;scee=1.2;scnb=2,kcal/mol;degree;dimensionless,analysis/mettl7-phase2/execution-unit-05O/model-form-analysis/baseline/baseline.parm7,GAFF2/parmchk2 topology including 1-4 scaling,FROZEN_BASELINE
PROPER_235_50_20_21_51,pk=0.12;phase=0;periodicity=3;scee=1.2;scnb=2,kcal/mol;degree;dimensionless,analysis/mettl7-phase2/execution-unit-05O/model-form-analysis/baseline/baseline.parm7,GAFF2/parmchk2 topology including 1-4 scaling,FROZEN_BASELINE
PROPER_236_50_20_21_52,pk=0.12;phase=0;periodicity=3;scee=1.2;scnb=2,kcal/mol;degree;dimensionless,analysis/mettl7-phase2/execution-unit-05O/model-form-analysis/baseline/baseline.parm7,GAFF2/parmchk2 topology including 1-4 scaling,FROZEN_BASELINE
IMPROPER_237_5_8_7_34,pk=10.5;phase=180.0000771436223;periodicity=2;scee=0;scnb=0,kcal/mol;degree;dimensionless,analysis/mettl7-phase2/execution-unit-05O/model-form-analysis/baseline/baseline.parm7,GAFF2/parmchk2 topology including 1-4 scaling,FROZEN_BASELINE
ENERGY_REFERENCE_OFFSET,-928431.35189918976,kcal/mol,FIT_ARTIFACT/fit-artifact.json,verified receipt 12be7612dfe58d7259b7e8be66a8e516ad7800eef7cd1b7c0a73816ae2c303cd,NUISANCE_FITTABLE
S_C_LINEAR,376.50243266343682,kcal/mol/angstrom,FIT_ARTIFACT/fit-artifact.json,verified receipt 12be7612dfe58d7259b7e8be66a8e516ad7800eef7cd1b7c0a73816ae2c303cd,FITTABLE
S_C_QUADRATIC,-98.569310557544711,kcal/mol/angstrom^2,FIT_ARTIFACT/fit-artifact.json,verified receipt 12be7612dfe58d7259b7e8be66a8e516ad7800eef7cd1b7c0a73816ae2c303cd,FITTABLE
S_H_LINEAR,-19.233927145948119,kcal/mol/angstrom,FIT_ARTIFACT/fit-artifact.json,verified receipt 12be7612dfe58d7259b7e8be66a8e516ad7800eef7cd1b7c0a73816ae2c303cd,FITTABLE
S_H_QUADRATIC,3.7030850533547728,kcal/mol/angstrom^2,FIT_ARTIFACT/fit-artifact.json,verified receipt 12be7612dfe58d7259b7e8be66a8e516ad7800eef7cd1b7c0a73816ae2c303cd,FITTABLE
ANGLE_9_10_26_LINEAR,85.89324502879029,kcal/mol/radian,FIT_ARTIFACT/fit-artifact.json,verified receipt 12be7612dfe58d7259b7e8be66a8e516ad7800eef7cd1b7c0a73816ae2c303cd,FITTABLE
ANGLE_9_10_26_QUADRATIC,-25.000714301903521,kcal/mol/radian^2,FIT_ARTIFACT/fit-artifact.json,verified receipt 12be7612dfe58d7259b7e8be66a8e516ad7800eef7cd1b7c0a73816ae2c303cd,FITTABLE
ANGLE_11_10_26_LINEAR,241.48789032670092,kcal/mol/radian,FIT_ARTIFACT/fit-artifact.json,verified receipt 12be7612dfe58d7259b7e8be66a8e516ad7800eef7cd1b7c0a73816ae2c303cd,FITTABLE
ANGLE_11_10_26_QUADRATIC,-59.757134304956537,kcal/mol/radian^2,FIT_ARTIFACT/fit-artifact.json,verified receipt 12be7612dfe58d7259b7e8be66a8e516ad7800eef7cd1b7c0a73816ae2c303cd,FITTABLE
ANGLE_10_26_56_LINEAR,464.21321176179083,kcal/mol/radian,FIT_ARTIFACT/fit-artifact.json,verified receipt 12be7612dfe58d7259b7e8be66a8e516ad7800eef7cd1b7c0a73816ae2c303cd,FITTABLE
ANGLE_10_26_56_QUADRATIC,-138.63045862332038,kcal/mol/radian^2,FIT_ARTIFACT/fit-artifact.json,verified receipt 12be7612dfe58d7259b7e8be66a8e516ad7800eef7cd1b7c0a73816ae2c303cd,FITTABLE
CHI_SHSC_COS_N1,-11.396634126249833,kcal/mol,FIT_ARTIFACT/fit-artifact.json,verified receipt 12be7612dfe58d7259b7e8be66a8e516ad7800eef7cd1b7c0a73816ae2c303cd,FITTABLE
CHI_SHSC_SIN_N1,3.2789515364633441,kcal/mol,FIT_ARTIFACT/fit-artifact.json,verified receipt 12be7612dfe58d7259b7e8be66a8e516ad7800eef7cd1b7c0a73816ae2c303cd,FITTABLE
CHI_SHSC_COS_N2,8.2750746328974891,kcal/mol,FIT_ARTIFACT/fit-artifact.json,verified receipt 12be7612dfe58d7259b7e8be66a8e516ad7800eef7cd1b7c0a73816ae2c303cd,FITTABLE
CHI_SHSC_SIN_N2,-5.2129361933928777,kcal/mol,FIT_ARTIFACT/fit-artifact.json,verified receipt 12be7612dfe58d7259b7e8be66a8e516ad7800eef7cd1b7c0a73816ae2c303cd,FITTABLE
CHI_SHSC_COS_N3,-1.4400883234337039,kcal/mol,FIT_ARTIFACT/fit-artifact.json,verified receipt 12be7612dfe58d7259b7e8be66a8e516ad7800eef7cd1b7c0a73816ae2c303cd,FITTABLE
CHI_SHSC_SIN_N3,3.1606531739074608,kcal/mol,FIT_ARTIFACT/fit-artifact.json,verified receipt 12be7612dfe58d7259b7e8be66a8e516ad7800eef7cd1b7c0a73816ae2c303cd,FITTABLE
PHI_SC_COS_N1,6.4856737914006048,kcal/mol,FIT_ARTIFACT/fit-artifact.json,verified receipt 12be7612dfe58d7259b7e8be66a8e516ad7800eef7cd1b7c0a73816ae2c303cd,FITTABLE
PHI_SC_SIN_N1,-17.062446155847965,kcal/mol,FIT_ARTIFACT/fit-artifact.json,verified receipt 12be7612dfe58d7259b7e8be66a8e516ad7800eef7cd1b7c0a73816ae2c303cd,FITTABLE
PHI_SC_COS_N2,2.4184352326103964,kcal/mol,FIT_ARTIFACT/fit-artifact.json,verified receipt 12be7612dfe58d7259b7e8be66a8e516ad7800eef7cd1b7c0a73816ae2c303cd,FITTABLE
PHI_SC_SIN_N2,-6.3083563291539884,kcal/mol,FIT_ARTIFACT/fit-artifact.json,verified receipt 12be7612dfe58d7259b7e8be66a8e516ad7800eef7cd1b7c0a73816ae2c303cd,FITTABLE
PHI_SC_COS_N3,2.2560119713490239,kcal/mol,FIT_ARTIFACT/fit-artifact.json,verified receipt 12be7612dfe58d7259b7e8be66a8e516ad7800eef7cd1b7c0a73816ae2c303cd,FITTABLE
PHI_SC_SIN_N3,1.5963876986344185,kcal/mol,FIT_ARTIFACT/fit-artifact.json,verified receipt 12be7612dfe58d7259b7e8be66a8e516ad7800eef7cd1b7c0a73816ae2c303cd,FITTABLE
PSI_BACKBONE_COS_N1,-175.13550339970274,kcal/mol,FIT_ARTIFACT/fit-artifact.json,verified receipt 12be7612dfe58d7259b7e8be66a8e516ad7800eef7cd1b7c0a73816ae2c303cd,FITTABLE
PSI_BACKBONE_SIN_N1,43.637831985747432,kcal/mol,FIT_ARTIFACT/fit-artifact.json,verified receipt 12be7612dfe58d7259b7e8be66a8e516ad7800eef7cd1b7c0a73816ae2c303cd,FITTABLE
PSI_BACKBONE_COS_N2,86.9593240447916,kcal/mol,FIT_ARTIFACT/fit-artifact.json,verified receipt 12be7612dfe58d7259b7e8be66a8e516ad7800eef7cd1b7c0a73816ae2c303cd,FITTABLE
PSI_BACKBONE_SIN_N2,-35.336369495252313,kcal/mol,FIT_ARTIFACT/fit-artifact.json,verified receipt 12be7612dfe58d7259b7e8be66a8e516ad7800eef7cd1b7c0a73816ae2c303cd,FITTABLE
PSI_BACKBONE_COS_N3,-22.045779489141381,kcal/mol,FIT_ARTIFACT/fit-artifact.json,verified receipt 12be7612dfe58d7259b7e8be66a8e516ad7800eef7cd1b7c0a73816ae2c303cd,FITTABLE
PSI_BACKBONE_SIN_N3,20.666996456854662,kcal/mol,FIT_ARTIFACT/fit-artifact.json,verified receipt 12be7612dfe58d7259b7e8be66a8e516ad7800eef7cd1b7c0a73816ae2c303cd,FITTABLE
