immutable_ligand_identity_sha256,historical_rank,target,historical_run_id,historical_pose_id,sam_status,sam_atom_count,audit_reason,audited_artifact_uri,audited_artifact_exists,engine,run_metadata
90c8ed85158ee008612e272ef7ce48aa3f4fa49a819118fc0e0c4d48c8ce5971,1,7B,7c3c66fd-25f5-4074-8555-fa283dd3f5bd,28bf40ab-5c62-4645-9ebb-ec670f2feab4,PROTEIN_ONLY,0,no SAM residue in receptor/target artifact,local://artifact-storage/146396ee-698b-4e85-9582-747a875b7a02/e3f08829-fc57-4e5a-b361-384135d4d573.pdb,True,vina,"{""imported_from"": ""aws_s3_run"", ""aws_run_id"": ""cys203_model_v2_3000_pdbqt_aws_20260612"", ""target_label"": ""TMT1B"", ""selectivity_role"": ""primary"", ""grid_source"": ""fpocket_pocket"", ""grid_name"": ""fpocket_productive_pocket_v1"", ""grid_center"": {""x"": 2.844, ""y"": -2.1, ""z"": -4.211}, ""grid_size"": {""x"": 25.334, ""y"": 19.263, ""z"": 23.923}, ""ligand_count"": 3000, ""job_count"": 3000, ""failed_job_count"": 0, ""failed_jobs"": []}"
90c8ed85158ee008612e272ef7ce48aa3f4fa49a819118fc0e0c4d48c8ce5971,1,7A,13023667-0580-45ea-b719-7ed710c86453,5166c775-0d3c-45bc-ad5d-b16cbdb6f2ba,PROTEIN_ONLY,0,no SAM residue in receptor/target artifact,local://artifact-storage/146396ee-698b-4e85-9582-747a875b7a02/5e4b79a9-f17d-4e61-91d3-f0574416266d.pdb,True,vina,"{""imported_from"": ""aws_s3_run"", ""aws_run_id"": ""cys203_model_v2_3000_pdbqt_aws_20260612"", ""target_label"": ""TMT1A"", ""selectivity_role"": ""counter"", ""grid_source"": ""fpocket_pocket"", ""grid_name"": ""fpocket_productive_pocket_v1"", ""grid_center"": {""x"": 2.844, ""y"": -2.1, ""z"": -4.211}, ""grid_size"": {""x"": 25.334, ""y"": 19.263, ""z"": 23.923}, ""ligand_count"": 3000, ""job_count"": 3000, ""failed_job_count"": 0, ""failed_jobs"": [], ""copied_from_campaign_id"": ""df2da101-7e20-4cf6-b6fc-dc917aa5fe21"", ""copied_from_docking_run_id"": ""737ede2d-95ea-4515-a9a7-8c2535f2a12f"", ""subset_source"": ""whole_db_no_wh_top_7b_delta_plus_controls""}"
c65806daff93288f24cff4a624a61cd33cbc203716333f1546da2c7003b073c5,2,7B,3bfa8941-a632-4961-bc6f-0b08e6290e30,729e58ad-5992-49a3-8c19-ed2a79c583a4,PROTEIN_ONLY,0,no SAM residue in receptor/target artifact,local://artifact-storage/146396ee-698b-4e85-9582-747a875b7a02/e3f08829-fc57-4e5a-b361-384135d4d573.pdb,True,vina,"{""imported_from"": ""aws_s3_run"", ""aws_run_id"": ""cys203_model_v2_3000_pdbqt_aws_20260612"", ""target_label"": ""TMT1B"", ""selectivity_role"": ""primary"", ""grid_source"": ""fpocket_pocket"", ""grid_name"": ""fpocket_productive_pocket_v1"", ""grid_center"": {""x"": 2.844, ""y"": -2.1, ""z"": -4.211}, ""grid_size"": {""x"": 25.334, ""y"": 19.263, ""z"": 23.923}, ""ligand_count"": 3000, ""job_count"": 3000, ""failed_job_count"": 0, ""failed_jobs"": [], ""copied_from_campaign_id"": ""df2da101-7e20-4cf6-b6fc-dc917aa5fe21"", ""copied_from_docking_run_id"": ""7c3c66fd-25f5-4074-8555-fa283dd3f5bd"", ""subset_source"": ""whole_db_no_wh_top_7b_delta_plus_controls""}"
c65806daff93288f24cff4a624a61cd33cbc203716333f1546da2c7003b073c5,2,7A,737ede2d-95ea-4515-a9a7-8c2535f2a12f,5f90cf45-75c2-4913-9ae5-a57a04b9b8ea,PROTEIN_ONLY,0,no SAM residue in receptor/target artifact,local://artifact-storage/146396ee-698b-4e85-9582-747a875b7a02/5e4b79a9-f17d-4e61-91d3-f0574416266d.pdb,True,vina,"{""imported_from"": ""aws_s3_run"", ""aws_run_id"": ""cys203_model_v2_3000_pdbqt_aws_20260612"", ""target_label"": ""TMT1A"", ""selectivity_role"": ""counter"", ""grid_source"": ""fpocket_pocket"", ""grid_name"": ""fpocket_productive_pocket_v1"", ""grid_center"": {""x"": 2.844, ""y"": -2.1, ""z"": -4.211}, ""grid_size"": {""x"": 25.334, ""y"": 19.263, ""z"": 23.923}, ""ligand_count"": 3000, ""job_count"": 3000, ""failed_job_count"": 0, ""failed_jobs"": []}"
7654036819bc4b46300e834bfeff0079ee051bc86ba8f523cc2b456beeb238d3,3,7B,7df63444-f196-4b6a-8b53-ba42cdbcf854,081ac39c-2209-40c6-8c66-156b8ca8552d,PROTEIN_ONLY,0,no SAM residue in receptor/target artifact,local://artifact-storage/eddab259-6f71-4a8a-a70f-3dc4768ff362/2b1dde73-7077-48a1-83fd-a3fa172942ee.pdbqt,True,vina,"{""engine"": ""vina"", ""ligand_count"": 6, ""receptor_artifact_id"": ""2b1dde73-7077-48a1-83fd-a3fa172942ee"", ""target_label"": ""METTL7B"", ""selectivity_role"": ""primary"", ""grid_source"": ""bridge_rim_p2rank_pocket1"", ""box"": {""center_x"": 3.9635, ""center_y"": -2.6632, ""center_z"": -2.8256, ""size_x"": 26.0, ""size_y"": 26.0, ""size_z"": 26.0}, ""exhaustiveness"": 8, ""num_modes"": 9, ""pose_count"": 54, ""failed_ligands"": []}"
7654036819bc4b46300e834bfeff0079ee051bc86ba8f523cc2b456beeb238d3,3,7A,62a81f5b-04b5-4c42-8b88-28e27ebf7864,702578d4-2eda-43e3-93a1-7d88d3ce21f7,PROTEIN_ONLY,0,no SAM residue in receptor/target artifact,local://artifact-storage/eddab259-6f71-4a8a-a70f-3dc4768ff362/004325ae-0a48-460e-b655-706a067eebb9.pdbqt,True,vina,"{""engine"": ""vina"", ""ligand_count"": 6, ""receptor_artifact_id"": ""004325ae-0a48-460e-b655-706a067eebb9"", ""target_label"": ""METTL7A"", ""selectivity_role"": ""counter"", ""grid_source"": ""bridge_rim_p2rank_pocket1"", ""box"": {""center_x"": 3.9635, ""center_y"": -2.6632, ""center_z"": -2.8256, ""size_x"": 26.0, ""size_y"": 26.0, ""size_z"": 26.0}, ""exhaustiveness"": 8, ""num_modes"": 9, ""pose_count"": 50, ""failed_ligands"": [], ""copied_from_campaign_id"": ""eddab259-6f71-4a8a-a70f-3dc4768ff362"", ""copied_from_docking_run_id"": ""bf5b8f27-a0b5-4078-aa50-e08e9dbccc00"", ""subset_source"": ""whole_db_no_wh_top_7b_delta_plus_controls""}"
df151612f0462f2b3951412d0b0434414755d3f6af86d924762dde8708357402,4,7B,3bfa8941-a632-4961-bc6f-0b08e6290e30,07edad65-850c-4fa5-9700-742af495724f,PROTEIN_ONLY,0,no SAM residue in receptor/target artifact,local://artifact-storage/146396ee-698b-4e85-9582-747a875b7a02/e3f08829-fc57-4e5a-b361-384135d4d573.pdb,True,vina,"{""imported_from"": ""aws_s3_run"", ""aws_run_id"": ""cys203_model_v2_3000_pdbqt_aws_20260612"", ""target_label"": ""TMT1B"", ""selectivity_role"": ""primary"", ""grid_source"": ""fpocket_pocket"", ""grid_name"": ""fpocket_productive_pocket_v1"", ""grid_center"": {""x"": 2.844, ""y"": -2.1, ""z"": -4.211}, ""grid_size"": {""x"": 25.334, ""y"": 19.263, ""z"": 23.923}, ""ligand_count"": 3000, ""job_count"": 3000, ""failed_job_count"": 0, ""failed_jobs"": [], ""copied_from_campaign_id"": ""df2da101-7e20-4cf6-b6fc-dc917aa5fe21"", ""copied_from_docking_run_id"": ""7c3c66fd-25f5-4074-8555-fa283dd3f5bd"", ""subset_source"": ""whole_db_no_wh_top_7b_delta_plus_controls""}"
df151612f0462f2b3951412d0b0434414755d3f6af86d924762dde8708357402,4,7A,737ede2d-95ea-4515-a9a7-8c2535f2a12f,53140c89-b8ac-425d-89fe-51aa4440797a,PROTEIN_ONLY,0,no SAM residue in receptor/target artifact,local://artifact-storage/146396ee-698b-4e85-9582-747a875b7a02/5e4b79a9-f17d-4e61-91d3-f0574416266d.pdb,True,vina,"{""imported_from"": ""aws_s3_run"", ""aws_run_id"": ""cys203_model_v2_3000_pdbqt_aws_20260612"", ""target_label"": ""TMT1A"", ""selectivity_role"": ""counter"", ""grid_source"": ""fpocket_pocket"", ""grid_name"": ""fpocket_productive_pocket_v1"", ""grid_center"": {""x"": 2.844, ""y"": -2.1, ""z"": -4.211}, ""grid_size"": {""x"": 25.334, ""y"": 19.263, ""z"": 23.923}, ""ligand_count"": 3000, ""job_count"": 3000, ""failed_job_count"": 0, ""failed_jobs"": []}"
253cde72c350373b8b3985af7a9cb510e3e9cfec649927e22b6f86a2cce604ca,5,7B,7c3c66fd-25f5-4074-8555-fa283dd3f5bd,5ca25f55-b3d1-480f-921e-714791c52d48,PROTEIN_ONLY,0,no SAM residue in receptor/target artifact,local://artifact-storage/146396ee-698b-4e85-9582-747a875b7a02/e3f08829-fc57-4e5a-b361-384135d4d573.pdb,True,vina,"{""imported_from"": ""aws_s3_run"", ""aws_run_id"": ""cys203_model_v2_3000_pdbqt_aws_20260612"", ""target_label"": ""TMT1B"", ""selectivity_role"": ""primary"", ""grid_source"": ""fpocket_pocket"", ""grid_name"": ""fpocket_productive_pocket_v1"", ""grid_center"": {""x"": 2.844, ""y"": -2.1, ""z"": -4.211}, ""grid_size"": {""x"": 25.334, ""y"": 19.263, ""z"": 23.923}, ""ligand_count"": 3000, ""job_count"": 3000, ""failed_job_count"": 0, ""failed_jobs"": []}"
253cde72c350373b8b3985af7a9cb510e3e9cfec649927e22b6f86a2cce604ca,5,7A,13023667-0580-45ea-b719-7ed710c86453,82ca0b96-c6b8-4a39-83bd-741e951d2f64,PROTEIN_ONLY,0,no SAM residue in receptor/target artifact,local://artifact-storage/146396ee-698b-4e85-9582-747a875b7a02/5e4b79a9-f17d-4e61-91d3-f0574416266d.pdb,True,vina,"{""imported_from"": ""aws_s3_run"", ""aws_run_id"": ""cys203_model_v2_3000_pdbqt_aws_20260612"", ""target_label"": ""TMT1A"", ""selectivity_role"": ""counter"", ""grid_source"": ""fpocket_pocket"", ""grid_name"": ""fpocket_productive_pocket_v1"", ""grid_center"": {""x"": 2.844, ""y"": -2.1, ""z"": -4.211}, ""grid_size"": {""x"": 25.334, ""y"": 19.263, ""z"": 23.923}, ""ligand_count"": 3000, ""job_count"": 3000, ""failed_job_count"": 0, ""failed_jobs"": [], ""copied_from_campaign_id"": ""df2da101-7e20-4cf6-b6fc-dc917aa5fe21"", ""copied_from_docking_run_id"": ""737ede2d-95ea-4515-a9a7-8c2535f2a12f"", ""subset_source"": ""whole_db_no_wh_top_7b_delta_plus_controls""}"
6d0b193d25c7f162a808e8050f4e121cd67a97744ca55dec273d1ea3e8e90e35,6,7B,3bfa8941-a632-4961-bc6f-0b08e6290e30,1f7a26c7-7c6f-4e58-8f47-8eb876fc553e,PROTEIN_ONLY,0,no SAM residue in receptor/target artifact,local://artifact-storage/146396ee-698b-4e85-9582-747a875b7a02/e3f08829-fc57-4e5a-b361-384135d4d573.pdb,True,vina,"{""imported_from"": ""aws_s3_run"", ""aws_run_id"": ""cys203_model_v2_3000_pdbqt_aws_20260612"", ""target_label"": ""TMT1B"", ""selectivity_role"": ""primary"", ""grid_source"": ""fpocket_pocket"", ""grid_name"": ""fpocket_productive_pocket_v1"", ""grid_center"": {""x"": 2.844, ""y"": -2.1, ""z"": -4.211}, ""grid_size"": {""x"": 25.334, ""y"": 19.263, ""z"": 23.923}, ""ligand_count"": 3000, ""job_count"": 3000, ""failed_job_count"": 0, ""failed_jobs"": [], ""copied_from_campaign_id"": ""df2da101-7e20-4cf6-b6fc-dc917aa5fe21"", ""copied_from_docking_run_id"": ""7c3c66fd-25f5-4074-8555-fa283dd3f5bd"", ""subset_source"": ""whole_db_no_wh_top_7b_delta_plus_controls""}"
6d0b193d25c7f162a808e8050f4e121cd67a97744ca55dec273d1ea3e8e90e35,6,7A,13023667-0580-45ea-b719-7ed710c86453,ac989ad8-c771-4e0a-8370-fb22bf21562b,PROTEIN_ONLY,0,no SAM residue in receptor/target artifact,local://artifact-storage/146396ee-698b-4e85-9582-747a875b7a02/5e4b79a9-f17d-4e61-91d3-f0574416266d.pdb,True,vina,"{""imported_from"": ""aws_s3_run"", ""aws_run_id"": ""cys203_model_v2_3000_pdbqt_aws_20260612"", ""target_label"": ""TMT1A"", ""selectivity_role"": ""counter"", ""grid_source"": ""fpocket_pocket"", ""grid_name"": ""fpocket_productive_pocket_v1"", ""grid_center"": {""x"": 2.844, ""y"": -2.1, ""z"": -4.211}, ""grid_size"": {""x"": 25.334, ""y"": 19.263, ""z"": 23.923}, ""ligand_count"": 3000, ""job_count"": 3000, ""failed_job_count"": 0, ""failed_jobs"": [], ""copied_from_campaign_id"": ""df2da101-7e20-4cf6-b6fc-dc917aa5fe21"", ""copied_from_docking_run_id"": ""737ede2d-95ea-4515-a9a7-8c2535f2a12f"", ""subset_source"": ""whole_db_no_wh_top_7b_delta_plus_controls""}"
12d85b9d7b2fb57a2a02c01478fa10c2b3c68454c072c81cd9ebc4af138c2da8,7,7B,7c3c66fd-25f5-4074-8555-fa283dd3f5bd,74f78d06-3521-4c1f-acf4-9dc6496114cd,PROTEIN_ONLY,0,no SAM residue in receptor/target artifact,local://artifact-storage/146396ee-698b-4e85-9582-747a875b7a02/e3f08829-fc57-4e5a-b361-384135d4d573.pdb,True,vina,"{""imported_from"": ""aws_s3_run"", ""aws_run_id"": ""cys203_model_v2_3000_pdbqt_aws_20260612"", ""target_label"": ""TMT1B"", ""selectivity_role"": ""primary"", ""grid_source"": ""fpocket_pocket"", ""grid_name"": ""fpocket_productive_pocket_v1"", ""grid_center"": {""x"": 2.844, ""y"": -2.1, ""z"": -4.211}, ""grid_size"": {""x"": 25.334, ""y"": 19.263, ""z"": 23.923}, ""ligand_count"": 3000, ""job_count"": 3000, ""failed_job_count"": 0, ""failed_jobs"": []}"
12d85b9d7b2fb57a2a02c01478fa10c2b3c68454c072c81cd9ebc4af138c2da8,7,7A,737ede2d-95ea-4515-a9a7-8c2535f2a12f,722c1c50-f01a-4bdd-9612-d4014bed5a3e,PROTEIN_ONLY,0,no SAM residue in receptor/target artifact,local://artifact-storage/146396ee-698b-4e85-9582-747a875b7a02/5e4b79a9-f17d-4e61-91d3-f0574416266d.pdb,True,vina,"{""imported_from"": ""aws_s3_run"", ""aws_run_id"": ""cys203_model_v2_3000_pdbqt_aws_20260612"", ""target_label"": ""TMT1A"", ""selectivity_role"": ""counter"", ""grid_source"": ""fpocket_pocket"", ""grid_name"": ""fpocket_productive_pocket_v1"", ""grid_center"": {""x"": 2.844, ""y"": -2.1, ""z"": -4.211}, ""grid_size"": {""x"": 25.334, ""y"": 19.263, ""z"": 23.923}, ""ligand_count"": 3000, ""job_count"": 3000, ""failed_job_count"": 0, ""failed_jobs"": []}"
10bff6d89449353ac0d79fb2daf6f7ee0f7f9d56809ae9d344456ab43bb216fc,8,7B,1bf6dd89-97f5-4de2-ae3d-9dcec24b7471,7c5790d9-0262-4897-b786-d0a9606bcb3a,PROTEIN_ONLY,0,no SAM residue in receptor/target artifact,local://artifact-storage/146396ee-698b-4e85-9582-747a875b7a02/e3f08829-fc57-4e5a-b361-384135d4d573.pdb,True,vina,"{""imported_from"": ""aws_s3_run"", ""aws_run_id"": ""cys203_edge_3000_pdbqt_aws_20260612"", ""target_label"": ""TMT1B"", ""selectivity_role"": ""primary"", ""grid_source"": ""fpocket_pocket"", ""grid_name"": ""fpocket_productive_pocket_v1"", ""grid_center"": {""x"": 2.844, ""y"": -2.1, ""z"": -4.211}, ""grid_size"": {""x"": 25.334, ""y"": 19.263, ""z"": 23.923}, ""ligand_count"": 3000, ""job_count"": 3000, ""failed_job_count"": 8, ""failed_jobs"": [""rank0575_MCULE-6426360047_TMT1B"", ""rank0594_MCULE-3473952656_TMT1B"", ""rank1708_MCULE-7919765586_TMT1B"", ""rank2300_MCULE-4451687131_TMT1B"", ""rank2339_MCULE-1149242700_TMT1B"", ""rank2391_MCULE-6412661202_TMT1B"", ""rank2482_MCULE-9668681137_TMT1B"", ""rank2745_MCULE-4826721031_TMT1B""]}"
10bff6d89449353ac0d79fb2daf6f7ee0f7f9d56809ae9d344456ab43bb216fc,8,7A,e0eaa9b0-9658-4873-8b3d-9d8a407ab9a2,6da94e71-5bcf-4636-b28f-c9d86b27e80d,PROTEIN_ONLY,0,no SAM residue in receptor/target artifact,local://artifact-storage/189f06bb-6778-405c-bd64-d75bf0f95ed5/febc5894-863a-4c00-8ae6-9996c008685f.pdbqt,True,vina,"{""engine"": ""vina"", ""ligand_count"": 100, ""receptor_artifact_id"": ""febc5894-863a-4c00-8ae6-9996c008685f"", ""target_label"": ""TMT1A"", ""selectivity_role"": ""counter"", ""grid_source"": ""fpocket_p11_productive_selectivity_grid"", ""box"": {""center_x"": 2.844, ""center_y"": -2.1, ""center_z"": -4.211, ""size_x"": 25.334, ""size_y"": 19.263, ""size_z"": 23.923}, ""exhaustiveness"": 4, ""num_modes"": 3, ""pose_count"": 275, ""failed_ligands"": []}"
c7d5caaa3d705348151c4feae7d79a97b78fbbb8fd21c259c29f6e1236a68771,9,7B,47d7b1cf-6938-4c77-9722-67ab1922158c,a867c24d-6ed9-46b3-ae27-4c3e49334a9d,PROTEIN_ONLY,0,no SAM residue in receptor/target artifact,local://artifact-storage/0c3b38f4-e06a-4f68-afda-367cb56b0d54/7faa7680-a197-4012-8dff-f476867e11be.pdbqt,True,vina,"{""engine"": ""vina"", ""ligand_count"": 100, ""receptor_artifact_id"": ""7faa7680-a197-4012-8dff-f476867e11be"", ""target_label"": ""TMT1B"", ""selectivity_role"": ""primary"", ""grid_source"": ""fpocket_productive_pocket_v1"", ""box"": {""center_x"": 2.844, ""center_y"": -2.1, ""center_z"": -4.211, ""size_x"": 25.334, ""size_y"": 19.263, ""size_z"": 23.923}, ""exhaustiveness"": 8, ""num_modes"": 9, ""pose_count"": 861, ""failed_ligands"": [{""ligand_artifact_id"": ""c31d42e5-f24d-4345-93ab-aba6c6423209"", ""error"": ""Vina docking failed.""}, {""ligand_artifact_id"": ""39df79d5-ba6c-4303-8931-c790a56156a4"", ""error"": ""Vina docking failed.""}]}"
c7d5caaa3d705348151c4feae7d79a97b78fbbb8fd21c259c29f6e1236a68771,9,7A,05bb6a39-612b-4292-bf92-c9ab9f75cff6,7f0bb11a-e0f2-4c21-a474-54c4ed9bee93,PROTEIN_ONLY,0,no SAM residue in receptor/target artifact,local://artifact-storage/0c3b38f4-e06a-4f68-afda-367cb56b0d54/e879c6de-098c-4542-b470-13c9b0f35889.pdbqt,True,vina,"{""engine"": ""vina"", ""ligand_count"": 100, ""receptor_artifact_id"": ""e879c6de-098c-4542-b470-13c9b0f35889"", ""target_label"": ""TMT1A"", ""selectivity_role"": ""counter"", ""grid_source"": ""fpocket_productive_pocket_v1"", ""box"": {""center_x"": 2.844, ""center_y"": -2.1, ""center_z"": -4.211, ""size_x"": 25.334, ""size_y"": 19.263, ""size_z"": 23.923}, ""exhaustiveness"": 8, ""num_modes"": 9, ""pose_count"": 819, ""failed_ligands"": [{""ligand_artifact_id"": ""c31d42e5-f24d-4345-93ab-aba6c6423209"", ""error"": ""Vina docking failed.""}, {""ligand_artifact_id"": ""39df79d5-ba6c-4303-8931-c790a56156a4"", ""error"": ""Vina docking failed.""}]}"
4fd943b9e57ce9a4fee22b2a801d69903d68d2545502b7fb3c73d653939588db,10,7B,47d7b1cf-6938-4c77-9722-67ab1922158c,12ddb85f-c28a-4559-bfde-2cb5fdc21004,PROTEIN_ONLY,0,no SAM residue in receptor/target artifact,local://artifact-storage/0c3b38f4-e06a-4f68-afda-367cb56b0d54/7faa7680-a197-4012-8dff-f476867e11be.pdbqt,True,vina,"{""engine"": ""vina"", ""ligand_count"": 100, ""receptor_artifact_id"": ""7faa7680-a197-4012-8dff-f476867e11be"", ""target_label"": ""TMT1B"", ""selectivity_role"": ""primary"", ""grid_source"": ""fpocket_productive_pocket_v1"", ""box"": {""center_x"": 2.844, ""center_y"": -2.1, ""center_z"": -4.211, ""size_x"": 25.334, ""size_y"": 19.263, ""size_z"": 23.923}, ""exhaustiveness"": 8, ""num_modes"": 9, ""pose_count"": 861, ""failed_ligands"": [{""ligand_artifact_id"": ""c31d42e5-f24d-4345-93ab-aba6c6423209"", ""error"": ""Vina docking failed.""}, {""ligand_artifact_id"": ""39df79d5-ba6c-4303-8931-c790a56156a4"", ""error"": ""Vina docking failed.""}]}"
4fd943b9e57ce9a4fee22b2a801d69903d68d2545502b7fb3c73d653939588db,10,7A,05bb6a39-612b-4292-bf92-c9ab9f75cff6,490d34f5-98c9-403f-baae-584d9d659885,PROTEIN_ONLY,0,no SAM residue in receptor/target artifact,local://artifact-storage/0c3b38f4-e06a-4f68-afda-367cb56b0d54/e879c6de-098c-4542-b470-13c9b0f35889.pdbqt,True,vina,"{""engine"": ""vina"", ""ligand_count"": 100, ""receptor_artifact_id"": ""e879c6de-098c-4542-b470-13c9b0f35889"", ""target_label"": ""TMT1A"", ""selectivity_role"": ""counter"", ""grid_source"": ""fpocket_productive_pocket_v1"", ""box"": {""center_x"": 2.844, ""center_y"": -2.1, ""center_z"": -4.211, ""size_x"": 25.334, ""size_y"": 19.263, ""size_z"": 23.923}, ""exhaustiveness"": 8, ""num_modes"": 9, ""pose_count"": 819, ""failed_ligands"": [{""ligand_artifact_id"": ""c31d42e5-f24d-4345-93ab-aba6c6423209"", ""error"": ""Vina docking failed.""}, {""ligand_artifact_id"": ""39df79d5-ba6c-4303-8931-c790a56156a4"", ""error"": ""Vina docking failed.""}]}"
7a5c4e21ca10377b860a2727b553ea18af83ad6a26424c9659916cd7e2d13b41,11,7B,7c3c66fd-25f5-4074-8555-fa283dd3f5bd,4b49feae-e9eb-429c-87c7-201a2e661cc8,PROTEIN_ONLY,0,no SAM residue in receptor/target artifact,local://artifact-storage/146396ee-698b-4e85-9582-747a875b7a02/e3f08829-fc57-4e5a-b361-384135d4d573.pdb,True,vina,"{""imported_from"": ""aws_s3_run"", ""aws_run_id"": ""cys203_model_v2_3000_pdbqt_aws_20260612"", ""target_label"": ""TMT1B"", ""selectivity_role"": ""primary"", ""grid_source"": ""fpocket_pocket"", ""grid_name"": ""fpocket_productive_pocket_v1"", ""grid_center"": {""x"": 2.844, ""y"": -2.1, ""z"": -4.211}, ""grid_size"": {""x"": 25.334, ""y"": 19.263, ""z"": 23.923}, ""ligand_count"": 3000, ""job_count"": 3000, ""failed_job_count"": 0, ""failed_jobs"": []}"
7a5c4e21ca10377b860a2727b553ea18af83ad6a26424c9659916cd7e2d13b41,11,7A,13023667-0580-45ea-b719-7ed710c86453,2d416c3e-3ab7-4126-8dc1-4da8c2911da4,PROTEIN_ONLY,0,no SAM residue in receptor/target artifact,local://artifact-storage/146396ee-698b-4e85-9582-747a875b7a02/5e4b79a9-f17d-4e61-91d3-f0574416266d.pdb,True,vina,"{""imported_from"": ""aws_s3_run"", ""aws_run_id"": ""cys203_model_v2_3000_pdbqt_aws_20260612"", ""target_label"": ""TMT1A"", ""selectivity_role"": ""counter"", ""grid_source"": ""fpocket_pocket"", ""grid_name"": ""fpocket_productive_pocket_v1"", ""grid_center"": {""x"": 2.844, ""y"": -2.1, ""z"": -4.211}, ""grid_size"": {""x"": 25.334, ""y"": 19.263, ""z"": 23.923}, ""ligand_count"": 3000, ""job_count"": 3000, ""failed_job_count"": 0, ""failed_jobs"": [], ""copied_from_campaign_id"": ""df2da101-7e20-4cf6-b6fc-dc917aa5fe21"", ""copied_from_docking_run_id"": ""737ede2d-95ea-4515-a9a7-8c2535f2a12f"", ""subset_source"": ""whole_db_no_wh_top_7b_delta_plus_controls""}"
24fbdb2b7f9ee62ff7e371fba0ee243ce573bf66314a1bf826b2d7950bbeecd3,12,7B,3bfa8941-a632-4961-bc6f-0b08e6290e30,8805bf6b-2f8b-4881-8c37-2a047ed6f444,PROTEIN_ONLY,0,no SAM residue in receptor/target artifact,local://artifact-storage/146396ee-698b-4e85-9582-747a875b7a02/e3f08829-fc57-4e5a-b361-384135d4d573.pdb,True,vina,"{""imported_from"": ""aws_s3_run"", ""aws_run_id"": ""cys203_model_v2_3000_pdbqt_aws_20260612"", ""target_label"": ""TMT1B"", ""selectivity_role"": ""primary"", ""grid_source"": ""fpocket_pocket"", ""grid_name"": ""fpocket_productive_pocket_v1"", ""grid_center"": {""x"": 2.844, ""y"": -2.1, ""z"": -4.211}, ""grid_size"": {""x"": 25.334, ""y"": 19.263, ""z"": 23.923}, ""ligand_count"": 3000, ""job_count"": 3000, ""failed_job_count"": 0, ""failed_jobs"": [], ""copied_from_campaign_id"": ""df2da101-7e20-4cf6-b6fc-dc917aa5fe21"", ""copied_from_docking_run_id"": ""7c3c66fd-25f5-4074-8555-fa283dd3f5bd"", ""subset_source"": ""whole_db_no_wh_top_7b_delta_plus_controls""}"
24fbdb2b7f9ee62ff7e371fba0ee243ce573bf66314a1bf826b2d7950bbeecd3,12,7A,13023667-0580-45ea-b719-7ed710c86453,0707bca9-30ec-4675-8bd1-622fc99664b7,PROTEIN_ONLY,0,no SAM residue in receptor/target artifact,local://artifact-storage/146396ee-698b-4e85-9582-747a875b7a02/5e4b79a9-f17d-4e61-91d3-f0574416266d.pdb,True,vina,"{""imported_from"": ""aws_s3_run"", ""aws_run_id"": ""cys203_model_v2_3000_pdbqt_aws_20260612"", ""target_label"": ""TMT1A"", ""selectivity_role"": ""counter"", ""grid_source"": ""fpocket_pocket"", ""grid_name"": ""fpocket_productive_pocket_v1"", ""grid_center"": {""x"": 2.844, ""y"": -2.1, ""z"": -4.211}, ""grid_size"": {""x"": 25.334, ""y"": 19.263, ""z"": 23.923}, ""ligand_count"": 3000, ""job_count"": 3000, ""failed_job_count"": 0, ""failed_jobs"": [], ""copied_from_campaign_id"": ""df2da101-7e20-4cf6-b6fc-dc917aa5fe21"", ""copied_from_docking_run_id"": ""737ede2d-95ea-4515-a9a7-8c2535f2a12f"", ""subset_source"": ""whole_db_no_wh_top_7b_delta_plus_controls""}"
3f0676ad66d25741c9adc189f5ce911fa238858af7b6cdd93f878e5370b83fac,13,7B,47d7b1cf-6938-4c77-9722-67ab1922158c,b5b5e66c-ec25-41d4-891a-34a439b9f29b,PROTEIN_ONLY,0,no SAM residue in receptor/target artifact,local://artifact-storage/0c3b38f4-e06a-4f68-afda-367cb56b0d54/7faa7680-a197-4012-8dff-f476867e11be.pdbqt,True,vina,"{""engine"": ""vina"", ""ligand_count"": 100, ""receptor_artifact_id"": ""7faa7680-a197-4012-8dff-f476867e11be"", ""target_label"": ""TMT1B"", ""selectivity_role"": ""primary"", ""grid_source"": ""fpocket_productive_pocket_v1"", ""box"": {""center_x"": 2.844, ""center_y"": -2.1, ""center_z"": -4.211, ""size_x"": 25.334, ""size_y"": 19.263, ""size_z"": 23.923}, ""exhaustiveness"": 8, ""num_modes"": 9, ""pose_count"": 861, ""failed_ligands"": [{""ligand_artifact_id"": ""c31d42e5-f24d-4345-93ab-aba6c6423209"", ""error"": ""Vina docking failed.""}, {""ligand_artifact_id"": ""39df79d5-ba6c-4303-8931-c790a56156a4"", ""error"": ""Vina docking failed.""}]}"
3f0676ad66d25741c9adc189f5ce911fa238858af7b6cdd93f878e5370b83fac,13,7A,05bb6a39-612b-4292-bf92-c9ab9f75cff6,b16e1650-028f-4cee-8fc1-36ea5fda43eb,PROTEIN_ONLY,0,no SAM residue in receptor/target artifact,local://artifact-storage/0c3b38f4-e06a-4f68-afda-367cb56b0d54/e879c6de-098c-4542-b470-13c9b0f35889.pdbqt,True,vina,"{""engine"": ""vina"", ""ligand_count"": 100, ""receptor_artifact_id"": ""e879c6de-098c-4542-b470-13c9b0f35889"", ""target_label"": ""TMT1A"", ""selectivity_role"": ""counter"", ""grid_source"": ""fpocket_productive_pocket_v1"", ""box"": {""center_x"": 2.844, ""center_y"": -2.1, ""center_z"": -4.211, ""size_x"": 25.334, ""size_y"": 19.263, ""size_z"": 23.923}, ""exhaustiveness"": 8, ""num_modes"": 9, ""pose_count"": 819, ""failed_ligands"": [{""ligand_artifact_id"": ""c31d42e5-f24d-4345-93ab-aba6c6423209"", ""error"": ""Vina docking failed.""}, {""ligand_artifact_id"": ""39df79d5-ba6c-4303-8931-c790a56156a4"", ""error"": ""Vina docking failed.""}]}"
de231dda79843453bc28e0ed97d8701c421e119a13c14c3c5a7a1f5d0c3dc370,14,7B,47d7b1cf-6938-4c77-9722-67ab1922158c,6180d6da-c5cd-4644-af0d-a36f338cd70a,PROTEIN_ONLY,0,no SAM residue in receptor/target artifact,local://artifact-storage/0c3b38f4-e06a-4f68-afda-367cb56b0d54/7faa7680-a197-4012-8dff-f476867e11be.pdbqt,True,vina,"{""engine"": ""vina"", ""ligand_count"": 100, ""receptor_artifact_id"": ""7faa7680-a197-4012-8dff-f476867e11be"", ""target_label"": ""TMT1B"", ""selectivity_role"": ""primary"", ""grid_source"": ""fpocket_productive_pocket_v1"", ""box"": {""center_x"": 2.844, ""center_y"": -2.1, ""center_z"": -4.211, ""size_x"": 25.334, ""size_y"": 19.263, ""size_z"": 23.923}, ""exhaustiveness"": 8, ""num_modes"": 9, ""pose_count"": 861, ""failed_ligands"": [{""ligand_artifact_id"": ""c31d42e5-f24d-4345-93ab-aba6c6423209"", ""error"": ""Vina docking failed.""}, {""ligand_artifact_id"": ""39df79d5-ba6c-4303-8931-c790a56156a4"", ""error"": ""Vina docking failed.""}]}"
de231dda79843453bc28e0ed97d8701c421e119a13c14c3c5a7a1f5d0c3dc370,14,7A,05bb6a39-612b-4292-bf92-c9ab9f75cff6,51764e43-33c1-4bda-8c3d-43a172065a35,PROTEIN_ONLY,0,no SAM residue in receptor/target artifact,local://artifact-storage/0c3b38f4-e06a-4f68-afda-367cb56b0d54/e879c6de-098c-4542-b470-13c9b0f35889.pdbqt,True,vina,"{""engine"": ""vina"", ""ligand_count"": 100, ""receptor_artifact_id"": ""e879c6de-098c-4542-b470-13c9b0f35889"", ""target_label"": ""TMT1A"", ""selectivity_role"": ""counter"", ""grid_source"": ""fpocket_productive_pocket_v1"", ""box"": {""center_x"": 2.844, ""center_y"": -2.1, ""center_z"": -4.211, ""size_x"": 25.334, ""size_y"": 19.263, ""size_z"": 23.923}, ""exhaustiveness"": 8, ""num_modes"": 9, ""pose_count"": 819, ""failed_ligands"": [{""ligand_artifact_id"": ""c31d42e5-f24d-4345-93ab-aba6c6423209"", ""error"": ""Vina docking failed.""}, {""ligand_artifact_id"": ""39df79d5-ba6c-4303-8931-c790a56156a4"", ""error"": ""Vina docking failed.""}]}"
5569556eedc894404c5b6072de7a50f70053294fbff04f40a96c0696bd8fe4ef,15,7B,3bfa8941-a632-4961-bc6f-0b08e6290e30,4750f13a-27c6-4efc-a7ee-d29962f5bf4a,PROTEIN_ONLY,0,no SAM residue in receptor/target artifact,local://artifact-storage/146396ee-698b-4e85-9582-747a875b7a02/e3f08829-fc57-4e5a-b361-384135d4d573.pdb,True,vina,"{""imported_from"": ""aws_s3_run"", ""aws_run_id"": ""cys203_model_v2_3000_pdbqt_aws_20260612"", ""target_label"": ""TMT1B"", ""selectivity_role"": ""primary"", ""grid_source"": ""fpocket_pocket"", ""grid_name"": ""fpocket_productive_pocket_v1"", ""grid_center"": {""x"": 2.844, ""y"": -2.1, ""z"": -4.211}, ""grid_size"": {""x"": 25.334, ""y"": 19.263, ""z"": 23.923}, ""ligand_count"": 3000, ""job_count"": 3000, ""failed_job_count"": 0, ""failed_jobs"": [], ""copied_from_campaign_id"": ""df2da101-7e20-4cf6-b6fc-dc917aa5fe21"", ""copied_from_docking_run_id"": ""7c3c66fd-25f5-4074-8555-fa283dd3f5bd"", ""subset_source"": ""whole_db_no_wh_top_7b_delta_plus_controls""}"
5569556eedc894404c5b6072de7a50f70053294fbff04f40a96c0696bd8fe4ef,15,7A,737ede2d-95ea-4515-a9a7-8c2535f2a12f,08e45b36-dfee-4f47-b964-10d2d86ed782,PROTEIN_ONLY,0,no SAM residue in receptor/target artifact,local://artifact-storage/146396ee-698b-4e85-9582-747a875b7a02/5e4b79a9-f17d-4e61-91d3-f0574416266d.pdb,True,vina,"{""imported_from"": ""aws_s3_run"", ""aws_run_id"": ""cys203_model_v2_3000_pdbqt_aws_20260612"", ""target_label"": ""TMT1A"", ""selectivity_role"": ""counter"", ""grid_source"": ""fpocket_pocket"", ""grid_name"": ""fpocket_productive_pocket_v1"", ""grid_center"": {""x"": 2.844, ""y"": -2.1, ""z"": -4.211}, ""grid_size"": {""x"": 25.334, ""y"": 19.263, ""z"": 23.923}, ""ligand_count"": 3000, ""job_count"": 3000, ""failed_job_count"": 0, ""failed_jobs"": []}"
528a27bb0fe6175f9a88570f0407eccbe7963cfdd10ef7d34163c88007edfb0c,16,7B,1bf6dd89-97f5-4de2-ae3d-9dcec24b7471,0d7e3c65-fe4e-4034-8c4f-624ac11c9b1a,PROTEIN_ONLY,0,no SAM residue in receptor/target artifact,local://artifact-storage/146396ee-698b-4e85-9582-747a875b7a02/e3f08829-fc57-4e5a-b361-384135d4d573.pdb,True,vina,"{""imported_from"": ""aws_s3_run"", ""aws_run_id"": ""cys203_edge_3000_pdbqt_aws_20260612"", ""target_label"": ""TMT1B"", ""selectivity_role"": ""primary"", ""grid_source"": ""fpocket_pocket"", ""grid_name"": ""fpocket_productive_pocket_v1"", ""grid_center"": {""x"": 2.844, ""y"": -2.1, ""z"": -4.211}, ""grid_size"": {""x"": 25.334, ""y"": 19.263, ""z"": 23.923}, ""ligand_count"": 3000, ""job_count"": 3000, ""failed_job_count"": 8, ""failed_jobs"": [""rank0575_MCULE-6426360047_TMT1B"", ""rank0594_MCULE-3473952656_TMT1B"", ""rank1708_MCULE-7919765586_TMT1B"", ""rank2300_MCULE-4451687131_TMT1B"", ""rank2339_MCULE-1149242700_TMT1B"", ""rank2391_MCULE-6412661202_TMT1B"", ""rank2482_MCULE-9668681137_TMT1B"", ""rank2745_MCULE-4826721031_TMT1B""]}"
528a27bb0fe6175f9a88570f0407eccbe7963cfdd10ef7d34163c88007edfb0c,16,7A,8372b089-f431-4c67-925d-6611a4e7014d,2dd4504f-7843-4a79-9323-4fe7b2f6f481,PROTEIN_ONLY,0,no SAM residue in receptor/target artifact,local://artifact-storage/146396ee-698b-4e85-9582-747a875b7a02/5e4b79a9-f17d-4e61-91d3-f0574416266d.pdb,True,vina,"{""imported_from"": ""aws_s3_run"", ""aws_run_id"": ""cys203_edge_3000_pdbqt_aws_20260612"", ""target_label"": ""TMT1A"", ""selectivity_role"": ""counter"", ""grid_source"": ""fpocket_pocket"", ""grid_name"": ""fpocket_productive_pocket_v1"", ""grid_center"": {""x"": 2.844, ""y"": -2.1, ""z"": -4.211}, ""grid_size"": {""x"": 25.334, ""y"": 19.263, ""z"": 23.923}, ""ligand_count"": 3000, ""job_count"": 3000, ""failed_job_count"": 8, ""failed_jobs"": [""rank0575_MCULE-6426360047_TMT1A"", ""rank0594_MCULE-3473952656_TMT1A"", ""rank1708_MCULE-7919765586_TMT1A"", ""rank2300_MCULE-4451687131_TMT1A"", ""rank2339_MCULE-1149242700_TMT1A"", ""rank2391_MCULE-6412661202_TMT1A"", ""rank2482_MCULE-9668681137_TMT1A"", ""rank2745_MCULE-4826721031_TMT1A""], ""copied_from_campaign_id"": ""2676b2c8-2aa2-4a6d-893c-acbfc62b8bb7"", ""copied_from_docking_run_id"": ""a90acf75-ba02-4312-aff0-0509d86f2618"", ""subset_source"": ""whole_db_no_wh_top_7b_delta_plus_controls""}"
4a05ae7dea7ff33eb979caf72099d820d9a5163439277a07f6926aaec3b8c4dc,17,7B,7c3c66fd-25f5-4074-8555-fa283dd3f5bd,25e56519-3f38-4827-9682-8833eacfb25e,PROTEIN_ONLY,0,no SAM residue in receptor/target artifact,local://artifact-storage/146396ee-698b-4e85-9582-747a875b7a02/e3f08829-fc57-4e5a-b361-384135d4d573.pdb,True,vina,"{""imported_from"": ""aws_s3_run"", ""aws_run_id"": ""cys203_model_v2_3000_pdbqt_aws_20260612"", ""target_label"": ""TMT1B"", ""selectivity_role"": ""primary"", ""grid_source"": ""fpocket_pocket"", ""grid_name"": ""fpocket_productive_pocket_v1"", ""grid_center"": {""x"": 2.844, ""y"": -2.1, ""z"": -4.211}, ""grid_size"": {""x"": 25.334, ""y"": 19.263, ""z"": 23.923}, ""ligand_count"": 3000, ""job_count"": 3000, ""failed_job_count"": 0, ""failed_jobs"": []}"
4a05ae7dea7ff33eb979caf72099d820d9a5163439277a07f6926aaec3b8c4dc,17,7A,737ede2d-95ea-4515-a9a7-8c2535f2a12f,02ceeb8b-f427-46a1-a896-73bc1e851ec2,PROTEIN_ONLY,0,no SAM residue in receptor/target artifact,local://artifact-storage/146396ee-698b-4e85-9582-747a875b7a02/5e4b79a9-f17d-4e61-91d3-f0574416266d.pdb,True,vina,"{""imported_from"": ""aws_s3_run"", ""aws_run_id"": ""cys203_model_v2_3000_pdbqt_aws_20260612"", ""target_label"": ""TMT1A"", ""selectivity_role"": ""counter"", ""grid_source"": ""fpocket_pocket"", ""grid_name"": ""fpocket_productive_pocket_v1"", ""grid_center"": {""x"": 2.844, ""y"": -2.1, ""z"": -4.211}, ""grid_size"": {""x"": 25.334, ""y"": 19.263, ""z"": 23.923}, ""ligand_count"": 3000, ""job_count"": 3000, ""failed_job_count"": 0, ""failed_jobs"": []}"
226a91c2d38500a2f12d020e05aa039bbbf5b4497c85b8dd3f24dc8ad2a77201,18,7B,1bf6dd89-97f5-4de2-ae3d-9dcec24b7471,be71a251-7cee-4c8d-84ea-68c9264d7b87,PROTEIN_ONLY,0,no SAM residue in receptor/target artifact,local://artifact-storage/146396ee-698b-4e85-9582-747a875b7a02/e3f08829-fc57-4e5a-b361-384135d4d573.pdb,True,vina,"{""imported_from"": ""aws_s3_run"", ""aws_run_id"": ""cys203_edge_3000_pdbqt_aws_20260612"", ""target_label"": ""TMT1B"", ""selectivity_role"": ""primary"", ""grid_source"": ""fpocket_pocket"", ""grid_name"": ""fpocket_productive_pocket_v1"", ""grid_center"": {""x"": 2.844, ""y"": -2.1, ""z"": -4.211}, ""grid_size"": {""x"": 25.334, ""y"": 19.263, ""z"": 23.923}, ""ligand_count"": 3000, ""job_count"": 3000, ""failed_job_count"": 8, ""failed_jobs"": [""rank0575_MCULE-6426360047_TMT1B"", ""rank0594_MCULE-3473952656_TMT1B"", ""rank1708_MCULE-7919765586_TMT1B"", ""rank2300_MCULE-4451687131_TMT1B"", ""rank2339_MCULE-1149242700_TMT1B"", ""rank2391_MCULE-6412661202_TMT1B"", ""rank2482_MCULE-9668681137_TMT1B"", ""rank2745_MCULE-4826721031_TMT1B""]}"
226a91c2d38500a2f12d020e05aa039bbbf5b4497c85b8dd3f24dc8ad2a77201,18,7A,8372b089-f431-4c67-925d-6611a4e7014d,11be7671-620b-4efb-aed7-b4ec79099554,PROTEIN_ONLY,0,no SAM residue in receptor/target artifact,local://artifact-storage/146396ee-698b-4e85-9582-747a875b7a02/5e4b79a9-f17d-4e61-91d3-f0574416266d.pdb,True,vina,"{""imported_from"": ""aws_s3_run"", ""aws_run_id"": ""cys203_edge_3000_pdbqt_aws_20260612"", ""target_label"": ""TMT1A"", ""selectivity_role"": ""counter"", ""grid_source"": ""fpocket_pocket"", ""grid_name"": ""fpocket_productive_pocket_v1"", ""grid_center"": {""x"": 2.844, ""y"": -2.1, ""z"": -4.211}, ""grid_size"": {""x"": 25.334, ""y"": 19.263, ""z"": 23.923}, ""ligand_count"": 3000, ""job_count"": 3000, ""failed_job_count"": 8, ""failed_jobs"": [""rank0575_MCULE-6426360047_TMT1A"", ""rank0594_MCULE-3473952656_TMT1A"", ""rank1708_MCULE-7919765586_TMT1A"", ""rank2300_MCULE-4451687131_TMT1A"", ""rank2339_MCULE-1149242700_TMT1A"", ""rank2391_MCULE-6412661202_TMT1A"", ""rank2482_MCULE-9668681137_TMT1A"", ""rank2745_MCULE-4826721031_TMT1A""], ""copied_from_campaign_id"": ""2676b2c8-2aa2-4a6d-893c-acbfc62b8bb7"", ""copied_from_docking_run_id"": ""a90acf75-ba02-4312-aff0-0509d86f2618"", ""subset_source"": ""whole_db_no_wh_top_7b_delta_plus_controls""}"
15ea270da32c71be87b24308359970a0db53df3c9284a57a08e6f7df1a81f354,19,7B,7c3c66fd-25f5-4074-8555-fa283dd3f5bd,402334c5-1fa6-434e-b5c4-0841feefce70,PROTEIN_ONLY,0,no SAM residue in receptor/target artifact,local://artifact-storage/146396ee-698b-4e85-9582-747a875b7a02/e3f08829-fc57-4e5a-b361-384135d4d573.pdb,True,vina,"{""imported_from"": ""aws_s3_run"", ""aws_run_id"": ""cys203_model_v2_3000_pdbqt_aws_20260612"", ""target_label"": ""TMT1B"", ""selectivity_role"": ""primary"", ""grid_source"": ""fpocket_pocket"", ""grid_name"": ""fpocket_productive_pocket_v1"", ""grid_center"": {""x"": 2.844, ""y"": -2.1, ""z"": -4.211}, ""grid_size"": {""x"": 25.334, ""y"": 19.263, ""z"": 23.923}, ""ligand_count"": 3000, ""job_count"": 3000, ""failed_job_count"": 0, ""failed_jobs"": []}"
15ea270da32c71be87b24308359970a0db53df3c9284a57a08e6f7df1a81f354,19,7A,737ede2d-95ea-4515-a9a7-8c2535f2a12f,2a2ffa9f-78ba-45e3-abd4-08d334327f4c,PROTEIN_ONLY,0,no SAM residue in receptor/target artifact,local://artifact-storage/146396ee-698b-4e85-9582-747a875b7a02/5e4b79a9-f17d-4e61-91d3-f0574416266d.pdb,True,vina,"{""imported_from"": ""aws_s3_run"", ""aws_run_id"": ""cys203_model_v2_3000_pdbqt_aws_20260612"", ""target_label"": ""TMT1A"", ""selectivity_role"": ""counter"", ""grid_source"": ""fpocket_pocket"", ""grid_name"": ""fpocket_productive_pocket_v1"", ""grid_center"": {""x"": 2.844, ""y"": -2.1, ""z"": -4.211}, ""grid_size"": {""x"": 25.334, ""y"": 19.263, ""z"": 23.923}, ""ligand_count"": 3000, ""job_count"": 3000, ""failed_job_count"": 0, ""failed_jobs"": []}"
90d1e1e560f50cfe555e07ea30d9dfbe21bc8097b4a0162b19675879ee07f61f,20,7B,7c3c66fd-25f5-4074-8555-fa283dd3f5bd,76afe3f9-3bc2-497a-85c8-c4108c17c74d,PROTEIN_ONLY,0,no SAM residue in receptor/target artifact,local://artifact-storage/146396ee-698b-4e85-9582-747a875b7a02/e3f08829-fc57-4e5a-b361-384135d4d573.pdb,True,vina,"{""imported_from"": ""aws_s3_run"", ""aws_run_id"": ""cys203_model_v2_3000_pdbqt_aws_20260612"", ""target_label"": ""TMT1B"", ""selectivity_role"": ""primary"", ""grid_source"": ""fpocket_pocket"", ""grid_name"": ""fpocket_productive_pocket_v1"", ""grid_center"": {""x"": 2.844, ""y"": -2.1, ""z"": -4.211}, ""grid_size"": {""x"": 25.334, ""y"": 19.263, ""z"": 23.923}, ""ligand_count"": 3000, ""job_count"": 3000, ""failed_job_count"": 0, ""failed_jobs"": []}"
90d1e1e560f50cfe555e07ea30d9dfbe21bc8097b4a0162b19675879ee07f61f,20,7A,737ede2d-95ea-4515-a9a7-8c2535f2a12f,26ae257f-7245-47d7-9f6c-f4b9eb97d227,PROTEIN_ONLY,0,no SAM residue in receptor/target artifact,local://artifact-storage/146396ee-698b-4e85-9582-747a875b7a02/5e4b79a9-f17d-4e61-91d3-f0574416266d.pdb,True,vina,"{""imported_from"": ""aws_s3_run"", ""aws_run_id"": ""cys203_model_v2_3000_pdbqt_aws_20260612"", ""target_label"": ""TMT1A"", ""selectivity_role"": ""counter"", ""grid_source"": ""fpocket_pocket"", ""grid_name"": ""fpocket_productive_pocket_v1"", ""grid_center"": {""x"": 2.844, ""y"": -2.1, ""z"": -4.211}, ""grid_size"": {""x"": 25.334, ""y"": 19.263, ""z"": 23.923}, ""ligand_count"": 3000, ""job_count"": 3000, ""failed_job_count"": 0, ""failed_jobs"": []}"
769cc0c8f79d3b243dbda2af6f7eb0cc95865ca0aa5e76ec6425249934cf5b60,21,7B,7c3c66fd-25f5-4074-8555-fa283dd3f5bd,8911e38a-af7f-49be-9955-93cf1808e469,PROTEIN_ONLY,0,no SAM residue in receptor/target artifact,local://artifact-storage/146396ee-698b-4e85-9582-747a875b7a02/e3f08829-fc57-4e5a-b361-384135d4d573.pdb,True,vina,"{""imported_from"": ""aws_s3_run"", ""aws_run_id"": ""cys203_model_v2_3000_pdbqt_aws_20260612"", ""target_label"": ""TMT1B"", ""selectivity_role"": ""primary"", ""grid_source"": ""fpocket_pocket"", ""grid_name"": ""fpocket_productive_pocket_v1"", ""grid_center"": {""x"": 2.844, ""y"": -2.1, ""z"": -4.211}, ""grid_size"": {""x"": 25.334, ""y"": 19.263, ""z"": 23.923}, ""ligand_count"": 3000, ""job_count"": 3000, ""failed_job_count"": 0, ""failed_jobs"": []}"
769cc0c8f79d3b243dbda2af6f7eb0cc95865ca0aa5e76ec6425249934cf5b60,21,7A,fe1861f4-dad9-4663-ab46-83b95a2d464b,e34caf2f-098e-4c98-9018-231eed0d9566,PROTEIN_ONLY,0,no SAM residue in receptor/target artifact,local://artifact-storage/d2b21a07-1121-4b60-a403-7708623e8d46/98c3bfa4-655b-4fb8-b92d-36cd8793cda7.pdbqt,True,vina,"{""engine"": ""vina"", ""ligand_count"": 6, ""receptor_artifact_id"": ""98c3bfa4-655b-4fb8-b92d-36cd8793cda7"", ""target_label"": ""TMT1A"", ""selectivity_role"": ""counter"", ""grid_source"": ""fpocket_productive_pocket_v1"", ""box"": {""center_x"": 2.844, ""center_y"": -2.1, ""center_z"": -4.211, ""size_x"": 25.334, ""size_y"": 19.263, ""size_z"": 23.923}, ""exhaustiveness"": 8, ""num_modes"": 9, ""pose_count"": 44, ""failed_ligands"": []}"
3c996003e41eaca27bd46b6ffaca646817a983de16ae9eb480c4fffe7b426933,22,7B,7c3c66fd-25f5-4074-8555-fa283dd3f5bd,2286eb97-8a2f-4f0c-92ae-9e595c990898,PROTEIN_ONLY,0,no SAM residue in receptor/target artifact,local://artifact-storage/146396ee-698b-4e85-9582-747a875b7a02/e3f08829-fc57-4e5a-b361-384135d4d573.pdb,True,vina,"{""imported_from"": ""aws_s3_run"", ""aws_run_id"": ""cys203_model_v2_3000_pdbqt_aws_20260612"", ""target_label"": ""TMT1B"", ""selectivity_role"": ""primary"", ""grid_source"": ""fpocket_pocket"", ""grid_name"": ""fpocket_productive_pocket_v1"", ""grid_center"": {""x"": 2.844, ""y"": -2.1, ""z"": -4.211}, ""grid_size"": {""x"": 25.334, ""y"": 19.263, ""z"": 23.923}, ""ligand_count"": 3000, ""job_count"": 3000, ""failed_job_count"": 0, ""failed_jobs"": []}"
3c996003e41eaca27bd46b6ffaca646817a983de16ae9eb480c4fffe7b426933,22,7A,737ede2d-95ea-4515-a9a7-8c2535f2a12f,bb73800d-3882-4848-901f-a29fb55011d0,PROTEIN_ONLY,0,no SAM residue in receptor/target artifact,local://artifact-storage/146396ee-698b-4e85-9582-747a875b7a02/5e4b79a9-f17d-4e61-91d3-f0574416266d.pdb,True,vina,"{""imported_from"": ""aws_s3_run"", ""aws_run_id"": ""cys203_model_v2_3000_pdbqt_aws_20260612"", ""target_label"": ""TMT1A"", ""selectivity_role"": ""counter"", ""grid_source"": ""fpocket_pocket"", ""grid_name"": ""fpocket_productive_pocket_v1"", ""grid_center"": {""x"": 2.844, ""y"": -2.1, ""z"": -4.211}, ""grid_size"": {""x"": 25.334, ""y"": 19.263, ""z"": 23.923}, ""ligand_count"": 3000, ""job_count"": 3000, ""failed_job_count"": 0, ""failed_jobs"": []}"
23bdd95a830c28be871f6083b4ef3db4be58a4e19c2115931319144f454819ae,23,7B,1bf6dd89-97f5-4de2-ae3d-9dcec24b7471,abaed79f-fd07-4aa0-9ced-19dd9394243e,PROTEIN_ONLY,0,no SAM residue in receptor/target artifact,local://artifact-storage/146396ee-698b-4e85-9582-747a875b7a02/e3f08829-fc57-4e5a-b361-384135d4d573.pdb,True,vina,"{""imported_from"": ""aws_s3_run"", ""aws_run_id"": ""cys203_edge_3000_pdbqt_aws_20260612"", ""target_label"": ""TMT1B"", ""selectivity_role"": ""primary"", ""grid_source"": ""fpocket_pocket"", ""grid_name"": ""fpocket_productive_pocket_v1"", ""grid_center"": {""x"": 2.844, ""y"": -2.1, ""z"": -4.211}, ""grid_size"": {""x"": 25.334, ""y"": 19.263, ""z"": 23.923}, ""ligand_count"": 3000, ""job_count"": 3000, ""failed_job_count"": 8, ""failed_jobs"": [""rank0575_MCULE-6426360047_TMT1B"", ""rank0594_MCULE-3473952656_TMT1B"", ""rank1708_MCULE-7919765586_TMT1B"", ""rank2300_MCULE-4451687131_TMT1B"", ""rank2339_MCULE-1149242700_TMT1B"", ""rank2391_MCULE-6412661202_TMT1B"", ""rank2482_MCULE-9668681137_TMT1B"", ""rank2745_MCULE-4826721031_TMT1B""]}"
23bdd95a830c28be871f6083b4ef3db4be58a4e19c2115931319144f454819ae,23,7A,a90acf75-ba02-4312-aff0-0509d86f2618,33ab81f8-7ff1-4089-828f-834b6dea4894,PROTEIN_ONLY,0,no SAM residue in receptor/target artifact,local://artifact-storage/146396ee-698b-4e85-9582-747a875b7a02/5e4b79a9-f17d-4e61-91d3-f0574416266d.pdb,True,vina,"{""imported_from"": ""aws_s3_run"", ""aws_run_id"": ""cys203_edge_3000_pdbqt_aws_20260612"", ""target_label"": ""TMT1A"", ""selectivity_role"": ""counter"", ""grid_source"": ""fpocket_pocket"", ""grid_name"": ""fpocket_productive_pocket_v1"", ""grid_center"": {""x"": 2.844, ""y"": -2.1, ""z"": -4.211}, ""grid_size"": {""x"": 25.334, ""y"": 19.263, ""z"": 23.923}, ""ligand_count"": 3000, ""job_count"": 3000, ""failed_job_count"": 8, ""failed_jobs"": [""rank0575_MCULE-6426360047_TMT1A"", ""rank0594_MCULE-3473952656_TMT1A"", ""rank1708_MCULE-7919765586_TMT1A"", ""rank2300_MCULE-4451687131_TMT1A"", ""rank2339_MCULE-1149242700_TMT1A"", ""rank2391_MCULE-6412661202_TMT1A"", ""rank2482_MCULE-9668681137_TMT1A"", ""rank2745_MCULE-4826721031_TMT1A""]}"
47f8e38b32ca66874ccb57dfc342116739a0cc365c847e6fc083182829a38d4f,24,7B,7c3c66fd-25f5-4074-8555-fa283dd3f5bd,46c41a4c-c354-4414-801c-4d965d709156,PROTEIN_ONLY,0,no SAM residue in receptor/target artifact,local://artifact-storage/146396ee-698b-4e85-9582-747a875b7a02/e3f08829-fc57-4e5a-b361-384135d4d573.pdb,True,vina,"{""imported_from"": ""aws_s3_run"", ""aws_run_id"": ""cys203_model_v2_3000_pdbqt_aws_20260612"", ""target_label"": ""TMT1B"", ""selectivity_role"": ""primary"", ""grid_source"": ""fpocket_pocket"", ""grid_name"": ""fpocket_productive_pocket_v1"", ""grid_center"": {""x"": 2.844, ""y"": -2.1, ""z"": -4.211}, ""grid_size"": {""x"": 25.334, ""y"": 19.263, ""z"": 23.923}, ""ligand_count"": 3000, ""job_count"": 3000, ""failed_job_count"": 0, ""failed_jobs"": []}"
47f8e38b32ca66874ccb57dfc342116739a0cc365c847e6fc083182829a38d4f,24,7A,737ede2d-95ea-4515-a9a7-8c2535f2a12f,03b1c672-62bc-4fc2-b106-a247f63f9daf,PROTEIN_ONLY,0,no SAM residue in receptor/target artifact,local://artifact-storage/146396ee-698b-4e85-9582-747a875b7a02/5e4b79a9-f17d-4e61-91d3-f0574416266d.pdb,True,vina,"{""imported_from"": ""aws_s3_run"", ""aws_run_id"": ""cys203_model_v2_3000_pdbqt_aws_20260612"", ""target_label"": ""TMT1A"", ""selectivity_role"": ""counter"", ""grid_source"": ""fpocket_pocket"", ""grid_name"": ""fpocket_productive_pocket_v1"", ""grid_center"": {""x"": 2.844, ""y"": -2.1, ""z"": -4.211}, ""grid_size"": {""x"": 25.334, ""y"": 19.263, ""z"": 23.923}, ""ligand_count"": 3000, ""job_count"": 3000, ""failed_job_count"": 0, ""failed_jobs"": []}"
3b06b774a908ca3cde2db166b5d13ca4c13683bb4f994caf9c431f450bc47dfe,25,7B,3bfa8941-a632-4961-bc6f-0b08e6290e30,cd6ba9ec-4a76-4223-8afe-d9735a20b057,PROTEIN_ONLY,0,no SAM residue in receptor/target artifact,local://artifact-storage/146396ee-698b-4e85-9582-747a875b7a02/e3f08829-fc57-4e5a-b361-384135d4d573.pdb,True,vina,"{""imported_from"": ""aws_s3_run"", ""aws_run_id"": ""cys203_model_v2_3000_pdbqt_aws_20260612"", ""target_label"": ""TMT1B"", ""selectivity_role"": ""primary"", ""grid_source"": ""fpocket_pocket"", ""grid_name"": ""fpocket_productive_pocket_v1"", ""grid_center"": {""x"": 2.844, ""y"": -2.1, ""z"": -4.211}, ""grid_size"": {""x"": 25.334, ""y"": 19.263, ""z"": 23.923}, ""ligand_count"": 3000, ""job_count"": 3000, ""failed_job_count"": 0, ""failed_jobs"": [], ""copied_from_campaign_id"": ""df2da101-7e20-4cf6-b6fc-dc917aa5fe21"", ""copied_from_docking_run_id"": ""7c3c66fd-25f5-4074-8555-fa283dd3f5bd"", ""subset_source"": ""whole_db_no_wh_top_7b_delta_plus_controls""}"
3b06b774a908ca3cde2db166b5d13ca4c13683bb4f994caf9c431f450bc47dfe,25,7A,13023667-0580-45ea-b719-7ed710c86453,8397138e-c262-4c0f-8258-b6ed3621333a,PROTEIN_ONLY,0,no SAM residue in receptor/target artifact,local://artifact-storage/146396ee-698b-4e85-9582-747a875b7a02/5e4b79a9-f17d-4e61-91d3-f0574416266d.pdb,True,vina,"{""imported_from"": ""aws_s3_run"", ""aws_run_id"": ""cys203_model_v2_3000_pdbqt_aws_20260612"", ""target_label"": ""TMT1A"", ""selectivity_role"": ""counter"", ""grid_source"": ""fpocket_pocket"", ""grid_name"": ""fpocket_productive_pocket_v1"", ""grid_center"": {""x"": 2.844, ""y"": -2.1, ""z"": -4.211}, ""grid_size"": {""x"": 25.334, ""y"": 19.263, ""z"": 23.923}, ""ligand_count"": 3000, ""job_count"": 3000, ""failed_job_count"": 0, ""failed_jobs"": [], ""copied_from_campaign_id"": ""df2da101-7e20-4cf6-b6fc-dc917aa5fe21"", ""copied_from_docking_run_id"": ""737ede2d-95ea-4515-a9a7-8c2535f2a12f"", ""subset_source"": ""whole_db_no_wh_top_7b_delta_plus_controls""}"
34c8607f2160ba145754544b391b02dda09d39275ca1824928e4803fc5f01f12,26,7B,6dcbeeeb-ab03-4edb-8430-d692c757b76e,2b32b899-8bac-47a2-8a91-ed97d6d95d36,PROTEIN_ONLY,0,no SAM residue in receptor/target artifact,local://artifact-storage/485dd400-0324-41d2-87f1-98a455e466bd/a8bca71a-a6eb-4e84-9283-ea088b9546ed.pdbqt,True,vina,"{""engine"": ""vina"", ""ligand_count"": 167, ""receptor_artifact_id"": ""a8bca71a-a6eb-4e84-9283-ea088b9546ed"", ""target_label"": ""TMT1B"", ""selectivity_role"": ""primary"", ""grid_source"": ""fpocket_productive_pocket_v1"", ""box"": {""center_x"": 2.844, ""center_y"": -2.1, ""center_z"": -4.211, ""size_x"": 25.334, ""size_y"": 19.263, ""size_z"": 23.923}, ""exhaustiveness"": 8, ""num_modes"": 9, ""pose_count"": 1491, ""failed_ligands"": [{""ligand_artifact_id"": ""a8583ab5-a9c4-4c9b-836d-df5519689c50"", ""error"": ""Vina docking failed.""}]}"
34c8607f2160ba145754544b391b02dda09d39275ca1824928e4803fc5f01f12,26,7A,55323762-2294-4305-9c59-ba043b16b699,710347d5-f6a4-4f17-9ff5-01bd7f21c48f,PROTEIN_ONLY,0,no SAM residue in receptor/target artifact,local://artifact-storage/485dd400-0324-41d2-87f1-98a455e466bd/0d321bfd-535b-4238-962f-8768b4977e92.pdbqt,True,vina,"{""engine"": ""vina"", ""ligand_count"": 167, ""receptor_artifact_id"": ""0d321bfd-535b-4238-962f-8768b4977e92"", ""target_label"": ""TMT1A"", ""selectivity_role"": ""counter"", ""grid_source"": ""fpocket_productive_pocket_v1"", ""box"": {""center_x"": 2.844, ""center_y"": -2.1, ""center_z"": -4.211, ""size_x"": 25.334, ""size_y"": 19.263, ""size_z"": 23.923}, ""exhaustiveness"": 8, ""num_modes"": 9, ""pose_count"": 1454, ""failed_ligands"": [{""ligand_artifact_id"": ""a8583ab5-a9c4-4c9b-836d-df5519689c50"", ""error"": ""Vina docking failed.""}]}"
b60e4d88bd4fdf6ca331cf52357fd42ddb4e0bc2cf3ed6f93303cb597cd62276,27,7B,7c3c66fd-25f5-4074-8555-fa283dd3f5bd,a5620f2f-81af-44b0-b34a-8c75d7bdc240,PROTEIN_ONLY,0,no SAM residue in receptor/target artifact,local://artifact-storage/146396ee-698b-4e85-9582-747a875b7a02/e3f08829-fc57-4e5a-b361-384135d4d573.pdb,True,vina,"{""imported_from"": ""aws_s3_run"", ""aws_run_id"": ""cys203_model_v2_3000_pdbqt_aws_20260612"", ""target_label"": ""TMT1B"", ""selectivity_role"": ""primary"", ""grid_source"": ""fpocket_pocket"", ""grid_name"": ""fpocket_productive_pocket_v1"", ""grid_center"": {""x"": 2.844, ""y"": -2.1, ""z"": -4.211}, ""grid_size"": {""x"": 25.334, ""y"": 19.263, ""z"": 23.923}, ""ligand_count"": 3000, ""job_count"": 3000, ""failed_job_count"": 0, ""failed_jobs"": []}"
b60e4d88bd4fdf6ca331cf52357fd42ddb4e0bc2cf3ed6f93303cb597cd62276,27,7A,737ede2d-95ea-4515-a9a7-8c2535f2a12f,608bed00-8b08-452b-bb2b-af7a2db34886,PROTEIN_ONLY,0,no SAM residue in receptor/target artifact,local://artifact-storage/146396ee-698b-4e85-9582-747a875b7a02/5e4b79a9-f17d-4e61-91d3-f0574416266d.pdb,True,vina,"{""imported_from"": ""aws_s3_run"", ""aws_run_id"": ""cys203_model_v2_3000_pdbqt_aws_20260612"", ""target_label"": ""TMT1A"", ""selectivity_role"": ""counter"", ""grid_source"": ""fpocket_pocket"", ""grid_name"": ""fpocket_productive_pocket_v1"", ""grid_center"": {""x"": 2.844, ""y"": -2.1, ""z"": -4.211}, ""grid_size"": {""x"": 25.334, ""y"": 19.263, ""z"": 23.923}, ""ligand_count"": 3000, ""job_count"": 3000, ""failed_job_count"": 0, ""failed_jobs"": []}"
eab0ad61c8ea535e31cf856d92614af4fc0ce5619e24d4f7a0d172588583e77e,28,7B,1bf6dd89-97f5-4de2-ae3d-9dcec24b7471,8209a91a-b7ee-4625-9227-3cfca23e257b,PROTEIN_ONLY,0,no SAM residue in receptor/target artifact,local://artifact-storage/146396ee-698b-4e85-9582-747a875b7a02/e3f08829-fc57-4e5a-b361-384135d4d573.pdb,True,vina,"{""imported_from"": ""aws_s3_run"", ""aws_run_id"": ""cys203_edge_3000_pdbqt_aws_20260612"", ""target_label"": ""TMT1B"", ""selectivity_role"": ""primary"", ""grid_source"": ""fpocket_pocket"", ""grid_name"": ""fpocket_productive_pocket_v1"", ""grid_center"": {""x"": 2.844, ""y"": -2.1, ""z"": -4.211}, ""grid_size"": {""x"": 25.334, ""y"": 19.263, ""z"": 23.923}, ""ligand_count"": 3000, ""job_count"": 3000, ""failed_job_count"": 8, ""failed_jobs"": [""rank0575_MCULE-6426360047_TMT1B"", ""rank0594_MCULE-3473952656_TMT1B"", ""rank1708_MCULE-7919765586_TMT1B"", ""rank2300_MCULE-4451687131_TMT1B"", ""rank2339_MCULE-1149242700_TMT1B"", ""rank2391_MCULE-6412661202_TMT1B"", ""rank2482_MCULE-9668681137_TMT1B"", ""rank2745_MCULE-4826721031_TMT1B""]}"
eab0ad61c8ea535e31cf856d92614af4fc0ce5619e24d4f7a0d172588583e77e,28,7A,a90acf75-ba02-4312-aff0-0509d86f2618,eff798c0-f895-465b-a917-32d8587e4a5f,PROTEIN_ONLY,0,no SAM residue in receptor/target artifact,local://artifact-storage/146396ee-698b-4e85-9582-747a875b7a02/5e4b79a9-f17d-4e61-91d3-f0574416266d.pdb,True,vina,"{""imported_from"": ""aws_s3_run"", ""aws_run_id"": ""cys203_edge_3000_pdbqt_aws_20260612"", ""target_label"": ""TMT1A"", ""selectivity_role"": ""counter"", ""grid_source"": ""fpocket_pocket"", ""grid_name"": ""fpocket_productive_pocket_v1"", ""grid_center"": {""x"": 2.844, ""y"": -2.1, ""z"": -4.211}, ""grid_size"": {""x"": 25.334, ""y"": 19.263, ""z"": 23.923}, ""ligand_count"": 3000, ""job_count"": 3000, ""failed_job_count"": 8, ""failed_jobs"": [""rank0575_MCULE-6426360047_TMT1A"", ""rank0594_MCULE-3473952656_TMT1A"", ""rank1708_MCULE-7919765586_TMT1A"", ""rank2300_MCULE-4451687131_TMT1A"", ""rank2339_MCULE-1149242700_TMT1A"", ""rank2391_MCULE-6412661202_TMT1A"", ""rank2482_MCULE-9668681137_TMT1A"", ""rank2745_MCULE-4826721031_TMT1A""]}"
7f68582b4c25d2211723b96a65ecdd68cd59273bfee6e20797369de3c4bbf420,29,7B,7c3c66fd-25f5-4074-8555-fa283dd3f5bd,679da3f0-0a03-47fc-9d11-9f154dd33f62,PROTEIN_ONLY,0,no SAM residue in receptor/target artifact,local://artifact-storage/146396ee-698b-4e85-9582-747a875b7a02/e3f08829-fc57-4e5a-b361-384135d4d573.pdb,True,vina,"{""imported_from"": ""aws_s3_run"", ""aws_run_id"": ""cys203_model_v2_3000_pdbqt_aws_20260612"", ""target_label"": ""TMT1B"", ""selectivity_role"": ""primary"", ""grid_source"": ""fpocket_pocket"", ""grid_name"": ""fpocket_productive_pocket_v1"", ""grid_center"": {""x"": 2.844, ""y"": -2.1, ""z"": -4.211}, ""grid_size"": {""x"": 25.334, ""y"": 19.263, ""z"": 23.923}, ""ligand_count"": 3000, ""job_count"": 3000, ""failed_job_count"": 0, ""failed_jobs"": []}"
7f68582b4c25d2211723b96a65ecdd68cd59273bfee6e20797369de3c4bbf420,29,7A,737ede2d-95ea-4515-a9a7-8c2535f2a12f,3c564c09-9ef0-4a2c-9efa-3ddc737d046f,PROTEIN_ONLY,0,no SAM residue in receptor/target artifact,local://artifact-storage/146396ee-698b-4e85-9582-747a875b7a02/5e4b79a9-f17d-4e61-91d3-f0574416266d.pdb,True,vina,"{""imported_from"": ""aws_s3_run"", ""aws_run_id"": ""cys203_model_v2_3000_pdbqt_aws_20260612"", ""target_label"": ""TMT1A"", ""selectivity_role"": ""counter"", ""grid_source"": ""fpocket_pocket"", ""grid_name"": ""fpocket_productive_pocket_v1"", ""grid_center"": {""x"": 2.844, ""y"": -2.1, ""z"": -4.211}, ""grid_size"": {""x"": 25.334, ""y"": 19.263, ""z"": 23.923}, ""ligand_count"": 3000, ""job_count"": 3000, ""failed_job_count"": 0, ""failed_jobs"": []}"
3d9e801436d47b77607915f869d490b282a3b701902eacc73d4238095bac87cb,30,7B,7c3c66fd-25f5-4074-8555-fa283dd3f5bd,974f3fab-1e0f-4af9-b982-edba9fa95eb1,PROTEIN_ONLY,0,no SAM residue in receptor/target artifact,local://artifact-storage/146396ee-698b-4e85-9582-747a875b7a02/e3f08829-fc57-4e5a-b361-384135d4d573.pdb,True,vina,"{""imported_from"": ""aws_s3_run"", ""aws_run_id"": ""cys203_model_v2_3000_pdbqt_aws_20260612"", ""target_label"": ""TMT1B"", ""selectivity_role"": ""primary"", ""grid_source"": ""fpocket_pocket"", ""grid_name"": ""fpocket_productive_pocket_v1"", ""grid_center"": {""x"": 2.844, ""y"": -2.1, ""z"": -4.211}, ""grid_size"": {""x"": 25.334, ""y"": 19.263, ""z"": 23.923}, ""ligand_count"": 3000, ""job_count"": 3000, ""failed_job_count"": 0, ""failed_jobs"": []}"
3d9e801436d47b77607915f869d490b282a3b701902eacc73d4238095bac87cb,30,7A,737ede2d-95ea-4515-a9a7-8c2535f2a12f,a6e20a84-30fc-43ec-a2b9-0f45e975de3f,PROTEIN_ONLY,0,no SAM residue in receptor/target artifact,local://artifact-storage/146396ee-698b-4e85-9582-747a875b7a02/5e4b79a9-f17d-4e61-91d3-f0574416266d.pdb,True,vina,"{""imported_from"": ""aws_s3_run"", ""aws_run_id"": ""cys203_model_v2_3000_pdbqt_aws_20260612"", ""target_label"": ""TMT1A"", ""selectivity_role"": ""counter"", ""grid_source"": ""fpocket_pocket"", ""grid_name"": ""fpocket_productive_pocket_v1"", ""grid_center"": {""x"": 2.844, ""y"": -2.1, ""z"": -4.211}, ""grid_size"": {""x"": 25.334, ""y"": 19.263, ""z"": 23.923}, ""ligand_count"": 3000, ""job_count"": 3000, ""failed_job_count"": 0, ""failed_jobs"": []}"
ab87cd75f46ed6ea88d73c68633f0a7e5270680bf5276e19d8282d5c681810cf,31,7B,7c3c66fd-25f5-4074-8555-fa283dd3f5bd,2dbd1ad0-aa53-4504-a8a5-df4afef5d4ff,PROTEIN_ONLY,0,no SAM residue in receptor/target artifact,local://artifact-storage/146396ee-698b-4e85-9582-747a875b7a02/e3f08829-fc57-4e5a-b361-384135d4d573.pdb,True,vina,"{""imported_from"": ""aws_s3_run"", ""aws_run_id"": ""cys203_model_v2_3000_pdbqt_aws_20260612"", ""target_label"": ""TMT1B"", ""selectivity_role"": ""primary"", ""grid_source"": ""fpocket_pocket"", ""grid_name"": ""fpocket_productive_pocket_v1"", ""grid_center"": {""x"": 2.844, ""y"": -2.1, ""z"": -4.211}, ""grid_size"": {""x"": 25.334, ""y"": 19.263, ""z"": 23.923}, ""ligand_count"": 3000, ""job_count"": 3000, ""failed_job_count"": 0, ""failed_jobs"": []}"
ab87cd75f46ed6ea88d73c68633f0a7e5270680bf5276e19d8282d5c681810cf,31,7A,737ede2d-95ea-4515-a9a7-8c2535f2a12f,dbd91a81-08c6-48c3-a118-303174ecf992,PROTEIN_ONLY,0,no SAM residue in receptor/target artifact,local://artifact-storage/146396ee-698b-4e85-9582-747a875b7a02/5e4b79a9-f17d-4e61-91d3-f0574416266d.pdb,True,vina,"{""imported_from"": ""aws_s3_run"", ""aws_run_id"": ""cys203_model_v2_3000_pdbqt_aws_20260612"", ""target_label"": ""TMT1A"", ""selectivity_role"": ""counter"", ""grid_source"": ""fpocket_pocket"", ""grid_name"": ""fpocket_productive_pocket_v1"", ""grid_center"": {""x"": 2.844, ""y"": -2.1, ""z"": -4.211}, ""grid_size"": {""x"": 25.334, ""y"": 19.263, ""z"": 23.923}, ""ligand_count"": 3000, ""job_count"": 3000, ""failed_job_count"": 0, ""failed_jobs"": []}"
10b2095e06c682a54f5442692b5786e990d359043f4d3dd8a7bf3e56cb4ba9fe,32,7B,47d7b1cf-6938-4c77-9722-67ab1922158c,f4d42578-8182-4989-8eb4-d598e9f83f9e,PROTEIN_ONLY,0,no SAM residue in receptor/target artifact,local://artifact-storage/0c3b38f4-e06a-4f68-afda-367cb56b0d54/7faa7680-a197-4012-8dff-f476867e11be.pdbqt,True,vina,"{""engine"": ""vina"", ""ligand_count"": 100, ""receptor_artifact_id"": ""7faa7680-a197-4012-8dff-f476867e11be"", ""target_label"": ""TMT1B"", ""selectivity_role"": ""primary"", ""grid_source"": ""fpocket_productive_pocket_v1"", ""box"": {""center_x"": 2.844, ""center_y"": -2.1, ""center_z"": -4.211, ""size_x"": 25.334, ""size_y"": 19.263, ""size_z"": 23.923}, ""exhaustiveness"": 8, ""num_modes"": 9, ""pose_count"": 861, ""failed_ligands"": [{""ligand_artifact_id"": ""c31d42e5-f24d-4345-93ab-aba6c6423209"", ""error"": ""Vina docking failed.""}, {""ligand_artifact_id"": ""39df79d5-ba6c-4303-8931-c790a56156a4"", ""error"": ""Vina docking failed.""}]}"
10b2095e06c682a54f5442692b5786e990d359043f4d3dd8a7bf3e56cb4ba9fe,32,7A,05bb6a39-612b-4292-bf92-c9ab9f75cff6,0271acf7-0a1b-4dda-94e7-84364b200511,PROTEIN_ONLY,0,no SAM residue in receptor/target artifact,local://artifact-storage/0c3b38f4-e06a-4f68-afda-367cb56b0d54/e879c6de-098c-4542-b470-13c9b0f35889.pdbqt,True,vina,"{""engine"": ""vina"", ""ligand_count"": 100, ""receptor_artifact_id"": ""e879c6de-098c-4542-b470-13c9b0f35889"", ""target_label"": ""TMT1A"", ""selectivity_role"": ""counter"", ""grid_source"": ""fpocket_productive_pocket_v1"", ""box"": {""center_x"": 2.844, ""center_y"": -2.1, ""center_z"": -4.211, ""size_x"": 25.334, ""size_y"": 19.263, ""size_z"": 23.923}, ""exhaustiveness"": 8, ""num_modes"": 9, ""pose_count"": 819, ""failed_ligands"": [{""ligand_artifact_id"": ""c31d42e5-f24d-4345-93ab-aba6c6423209"", ""error"": ""Vina docking failed.""}, {""ligand_artifact_id"": ""39df79d5-ba6c-4303-8931-c790a56156a4"", ""error"": ""Vina docking failed.""}]}"
3240a57f99d3c0707e41b2de72941d82c92b7fb2440fe5afbfdb2174be7bab31,33,7B,7c3c66fd-25f5-4074-8555-fa283dd3f5bd,386c73cf-009b-4e67-92f0-8740e9e90809,PROTEIN_ONLY,0,no SAM residue in receptor/target artifact,local://artifact-storage/146396ee-698b-4e85-9582-747a875b7a02/e3f08829-fc57-4e5a-b361-384135d4d573.pdb,True,vina,"{""imported_from"": ""aws_s3_run"", ""aws_run_id"": ""cys203_model_v2_3000_pdbqt_aws_20260612"", ""target_label"": ""TMT1B"", ""selectivity_role"": ""primary"", ""grid_source"": ""fpocket_pocket"", ""grid_name"": ""fpocket_productive_pocket_v1"", ""grid_center"": {""x"": 2.844, ""y"": -2.1, ""z"": -4.211}, ""grid_size"": {""x"": 25.334, ""y"": 19.263, ""z"": 23.923}, ""ligand_count"": 3000, ""job_count"": 3000, ""failed_job_count"": 0, ""failed_jobs"": []}"
3240a57f99d3c0707e41b2de72941d82c92b7fb2440fe5afbfdb2174be7bab31,33,7A,737ede2d-95ea-4515-a9a7-8c2535f2a12f,8344b43c-c278-468d-9c3e-b88d144a02cc,PROTEIN_ONLY,0,no SAM residue in receptor/target artifact,local://artifact-storage/146396ee-698b-4e85-9582-747a875b7a02/5e4b79a9-f17d-4e61-91d3-f0574416266d.pdb,True,vina,"{""imported_from"": ""aws_s3_run"", ""aws_run_id"": ""cys203_model_v2_3000_pdbqt_aws_20260612"", ""target_label"": ""TMT1A"", ""selectivity_role"": ""counter"", ""grid_source"": ""fpocket_pocket"", ""grid_name"": ""fpocket_productive_pocket_v1"", ""grid_center"": {""x"": 2.844, ""y"": -2.1, ""z"": -4.211}, ""grid_size"": {""x"": 25.334, ""y"": 19.263, ""z"": 23.923}, ""ligand_count"": 3000, ""job_count"": 3000, ""failed_job_count"": 0, ""failed_jobs"": []}"
eb3c54ee1c8ca09246ccadb21cd6898e20ffc90bbfe91f34a6704ac92dcda360,34,7B,7c3c66fd-25f5-4074-8555-fa283dd3f5bd,1c13e7f5-f68b-47f0-a3f8-2ec3dd20c817,PROTEIN_ONLY,0,no SAM residue in receptor/target artifact,local://artifact-storage/146396ee-698b-4e85-9582-747a875b7a02/e3f08829-fc57-4e5a-b361-384135d4d573.pdb,True,vina,"{""imported_from"": ""aws_s3_run"", ""aws_run_id"": ""cys203_model_v2_3000_pdbqt_aws_20260612"", ""target_label"": ""TMT1B"", ""selectivity_role"": ""primary"", ""grid_source"": ""fpocket_pocket"", ""grid_name"": ""fpocket_productive_pocket_v1"", ""grid_center"": {""x"": 2.844, ""y"": -2.1, ""z"": -4.211}, ""grid_size"": {""x"": 25.334, ""y"": 19.263, ""z"": 23.923}, ""ligand_count"": 3000, ""job_count"": 3000, ""failed_job_count"": 0, ""failed_jobs"": []}"
eb3c54ee1c8ca09246ccadb21cd6898e20ffc90bbfe91f34a6704ac92dcda360,34,7A,737ede2d-95ea-4515-a9a7-8c2535f2a12f,a97fff3f-9172-4920-859c-bfe5f4b1dc33,PROTEIN_ONLY,0,no SAM residue in receptor/target artifact,local://artifact-storage/146396ee-698b-4e85-9582-747a875b7a02/5e4b79a9-f17d-4e61-91d3-f0574416266d.pdb,True,vina,"{""imported_from"": ""aws_s3_run"", ""aws_run_id"": ""cys203_model_v2_3000_pdbqt_aws_20260612"", ""target_label"": ""TMT1A"", ""selectivity_role"": ""counter"", ""grid_source"": ""fpocket_pocket"", ""grid_name"": ""fpocket_productive_pocket_v1"", ""grid_center"": {""x"": 2.844, ""y"": -2.1, ""z"": -4.211}, ""grid_size"": {""x"": 25.334, ""y"": 19.263, ""z"": 23.923}, ""ligand_count"": 3000, ""job_count"": 3000, ""failed_job_count"": 0, ""failed_jobs"": []}"
4a7881bdcb3fa2f7bd47c123a2665ecd63752d292d472466c8bd2822d3bd6003,35,7B,7c3c66fd-25f5-4074-8555-fa283dd3f5bd,8584d44a-db98-453a-819f-b99fa1ed4edc,PROTEIN_ONLY,0,no SAM residue in receptor/target artifact,local://artifact-storage/146396ee-698b-4e85-9582-747a875b7a02/e3f08829-fc57-4e5a-b361-384135d4d573.pdb,True,vina,"{""imported_from"": ""aws_s3_run"", ""aws_run_id"": ""cys203_model_v2_3000_pdbqt_aws_20260612"", ""target_label"": ""TMT1B"", ""selectivity_role"": ""primary"", ""grid_source"": ""fpocket_pocket"", ""grid_name"": ""fpocket_productive_pocket_v1"", ""grid_center"": {""x"": 2.844, ""y"": -2.1, ""z"": -4.211}, ""grid_size"": {""x"": 25.334, ""y"": 19.263, ""z"": 23.923}, ""ligand_count"": 3000, ""job_count"": 3000, ""failed_job_count"": 0, ""failed_jobs"": []}"
4a7881bdcb3fa2f7bd47c123a2665ecd63752d292d472466c8bd2822d3bd6003,35,7A,737ede2d-95ea-4515-a9a7-8c2535f2a12f,6c2686d0-ffb2-4108-8373-1d8b6707c2b9,PROTEIN_ONLY,0,no SAM residue in receptor/target artifact,local://artifact-storage/146396ee-698b-4e85-9582-747a875b7a02/5e4b79a9-f17d-4e61-91d3-f0574416266d.pdb,True,vina,"{""imported_from"": ""aws_s3_run"", ""aws_run_id"": ""cys203_model_v2_3000_pdbqt_aws_20260612"", ""target_label"": ""TMT1A"", ""selectivity_role"": ""counter"", ""grid_source"": ""fpocket_pocket"", ""grid_name"": ""fpocket_productive_pocket_v1"", ""grid_center"": {""x"": 2.844, ""y"": -2.1, ""z"": -4.211}, ""grid_size"": {""x"": 25.334, ""y"": 19.263, ""z"": 23.923}, ""ligand_count"": 3000, ""job_count"": 3000, ""failed_job_count"": 0, ""failed_jobs"": []}"
cddeecb6e49810335217c47771fad1ec111d5efe7c68a6ab7baf50735ab089b1,36,7B,47d7b1cf-6938-4c77-9722-67ab1922158c,1fe9fb8f-fd30-4d6c-8088-61f87ffe1dff,PROTEIN_ONLY,0,no SAM residue in receptor/target artifact,local://artifact-storage/0c3b38f4-e06a-4f68-afda-367cb56b0d54/7faa7680-a197-4012-8dff-f476867e11be.pdbqt,True,vina,"{""engine"": ""vina"", ""ligand_count"": 100, ""receptor_artifact_id"": ""7faa7680-a197-4012-8dff-f476867e11be"", ""target_label"": ""TMT1B"", ""selectivity_role"": ""primary"", ""grid_source"": ""fpocket_productive_pocket_v1"", ""box"": {""center_x"": 2.844, ""center_y"": -2.1, ""center_z"": -4.211, ""size_x"": 25.334, ""size_y"": 19.263, ""size_z"": 23.923}, ""exhaustiveness"": 8, ""num_modes"": 9, ""pose_count"": 861, ""failed_ligands"": [{""ligand_artifact_id"": ""c31d42e5-f24d-4345-93ab-aba6c6423209"", ""error"": ""Vina docking failed.""}, {""ligand_artifact_id"": ""39df79d5-ba6c-4303-8931-c790a56156a4"", ""error"": ""Vina docking failed.""}]}"
cddeecb6e49810335217c47771fad1ec111d5efe7c68a6ab7baf50735ab089b1,36,7A,05bb6a39-612b-4292-bf92-c9ab9f75cff6,da55c458-860e-45a0-b166-71bd938c399d,PROTEIN_ONLY,0,no SAM residue in receptor/target artifact,local://artifact-storage/0c3b38f4-e06a-4f68-afda-367cb56b0d54/e879c6de-098c-4542-b470-13c9b0f35889.pdbqt,True,vina,"{""engine"": ""vina"", ""ligand_count"": 100, ""receptor_artifact_id"": ""e879c6de-098c-4542-b470-13c9b0f35889"", ""target_label"": ""TMT1A"", ""selectivity_role"": ""counter"", ""grid_source"": ""fpocket_productive_pocket_v1"", ""box"": {""center_x"": 2.844, ""center_y"": -2.1, ""center_z"": -4.211, ""size_x"": 25.334, ""size_y"": 19.263, ""size_z"": 23.923}, ""exhaustiveness"": 8, ""num_modes"": 9, ""pose_count"": 819, ""failed_ligands"": [{""ligand_artifact_id"": ""c31d42e5-f24d-4345-93ab-aba6c6423209"", ""error"": ""Vina docking failed.""}, {""ligand_artifact_id"": ""39df79d5-ba6c-4303-8931-c790a56156a4"", ""error"": ""Vina docking failed.""}]}"
d49d052480560bfa219719821f05524b06d32d3be7fbfe2e76efb7acc85df784,37,7B,7c3c66fd-25f5-4074-8555-fa283dd3f5bd,f9692832-cdc1-48ab-966b-94aa1802f88d,PROTEIN_ONLY,0,no SAM residue in receptor/target artifact,local://artifact-storage/146396ee-698b-4e85-9582-747a875b7a02/e3f08829-fc57-4e5a-b361-384135d4d573.pdb,True,vina,"{""imported_from"": ""aws_s3_run"", ""aws_run_id"": ""cys203_model_v2_3000_pdbqt_aws_20260612"", ""target_label"": ""TMT1B"", ""selectivity_role"": ""primary"", ""grid_source"": ""fpocket_pocket"", ""grid_name"": ""fpocket_productive_pocket_v1"", ""grid_center"": {""x"": 2.844, ""y"": -2.1, ""z"": -4.211}, ""grid_size"": {""x"": 25.334, ""y"": 19.263, ""z"": 23.923}, ""ligand_count"": 3000, ""job_count"": 3000, ""failed_job_count"": 0, ""failed_jobs"": []}"
d49d052480560bfa219719821f05524b06d32d3be7fbfe2e76efb7acc85df784,37,7A,737ede2d-95ea-4515-a9a7-8c2535f2a12f,e271e466-aaee-4c32-bb36-62bf4e5aeaa7,PROTEIN_ONLY,0,no SAM residue in receptor/target artifact,local://artifact-storage/146396ee-698b-4e85-9582-747a875b7a02/5e4b79a9-f17d-4e61-91d3-f0574416266d.pdb,True,vina,"{""imported_from"": ""aws_s3_run"", ""aws_run_id"": ""cys203_model_v2_3000_pdbqt_aws_20260612"", ""target_label"": ""TMT1A"", ""selectivity_role"": ""counter"", ""grid_source"": ""fpocket_pocket"", ""grid_name"": ""fpocket_productive_pocket_v1"", ""grid_center"": {""x"": 2.844, ""y"": -2.1, ""z"": -4.211}, ""grid_size"": {""x"": 25.334, ""y"": 19.263, ""z"": 23.923}, ""ligand_count"": 3000, ""job_count"": 3000, ""failed_job_count"": 0, ""failed_jobs"": []}"
1a997b5827282bb4f6669653cfdf1eb08901caab8c6e0e62864917b0a878ba65,38,7B,7c3c66fd-25f5-4074-8555-fa283dd3f5bd,9b3b650d-bbe3-4e26-b097-aaf4cbd70964,PROTEIN_ONLY,0,no SAM residue in receptor/target artifact,local://artifact-storage/146396ee-698b-4e85-9582-747a875b7a02/e3f08829-fc57-4e5a-b361-384135d4d573.pdb,True,vina,"{""imported_from"": ""aws_s3_run"", ""aws_run_id"": ""cys203_model_v2_3000_pdbqt_aws_20260612"", ""target_label"": ""TMT1B"", ""selectivity_role"": ""primary"", ""grid_source"": ""fpocket_pocket"", ""grid_name"": ""fpocket_productive_pocket_v1"", ""grid_center"": {""x"": 2.844, ""y"": -2.1, ""z"": -4.211}, ""grid_size"": {""x"": 25.334, ""y"": 19.263, ""z"": 23.923}, ""ligand_count"": 3000, ""job_count"": 3000, ""failed_job_count"": 0, ""failed_jobs"": []}"
1a997b5827282bb4f6669653cfdf1eb08901caab8c6e0e62864917b0a878ba65,38,7A,737ede2d-95ea-4515-a9a7-8c2535f2a12f,4881bbf4-2ea7-48e8-8d84-2021c194e2bb,PROTEIN_ONLY,0,no SAM residue in receptor/target artifact,local://artifact-storage/146396ee-698b-4e85-9582-747a875b7a02/5e4b79a9-f17d-4e61-91d3-f0574416266d.pdb,True,vina,"{""imported_from"": ""aws_s3_run"", ""aws_run_id"": ""cys203_model_v2_3000_pdbqt_aws_20260612"", ""target_label"": ""TMT1A"", ""selectivity_role"": ""counter"", ""grid_source"": ""fpocket_pocket"", ""grid_name"": ""fpocket_productive_pocket_v1"", ""grid_center"": {""x"": 2.844, ""y"": -2.1, ""z"": -4.211}, ""grid_size"": {""x"": 25.334, ""y"": 19.263, ""z"": 23.923}, ""ligand_count"": 3000, ""job_count"": 3000, ""failed_job_count"": 0, ""failed_jobs"": []}"
1d58a453ec9b8e0bb2fac28272d9f210190069c1fd56e2e3745233ded3737e3d,39,7B,7c3c66fd-25f5-4074-8555-fa283dd3f5bd,0e79f844-a5dd-481f-8977-53dcdac615be,PROTEIN_ONLY,0,no SAM residue in receptor/target artifact,local://artifact-storage/146396ee-698b-4e85-9582-747a875b7a02/e3f08829-fc57-4e5a-b361-384135d4d573.pdb,True,vina,"{""imported_from"": ""aws_s3_run"", ""aws_run_id"": ""cys203_model_v2_3000_pdbqt_aws_20260612"", ""target_label"": ""TMT1B"", ""selectivity_role"": ""primary"", ""grid_source"": ""fpocket_pocket"", ""grid_name"": ""fpocket_productive_pocket_v1"", ""grid_center"": {""x"": 2.844, ""y"": -2.1, ""z"": -4.211}, ""grid_size"": {""x"": 25.334, ""y"": 19.263, ""z"": 23.923}, ""ligand_count"": 3000, ""job_count"": 3000, ""failed_job_count"": 0, ""failed_jobs"": []}"
1d58a453ec9b8e0bb2fac28272d9f210190069c1fd56e2e3745233ded3737e3d,39,7A,737ede2d-95ea-4515-a9a7-8c2535f2a12f,6fc937da-a149-45f0-b451-0347c3867db6,PROTEIN_ONLY,0,no SAM residue in receptor/target artifact,local://artifact-storage/146396ee-698b-4e85-9582-747a875b7a02/5e4b79a9-f17d-4e61-91d3-f0574416266d.pdb,True,vina,"{""imported_from"": ""aws_s3_run"", ""aws_run_id"": ""cys203_model_v2_3000_pdbqt_aws_20260612"", ""target_label"": ""TMT1A"", ""selectivity_role"": ""counter"", ""grid_source"": ""fpocket_pocket"", ""grid_name"": ""fpocket_productive_pocket_v1"", ""grid_center"": {""x"": 2.844, ""y"": -2.1, ""z"": -4.211}, ""grid_size"": {""x"": 25.334, ""y"": 19.263, ""z"": 23.923}, ""ligand_count"": 3000, ""job_count"": 3000, ""failed_job_count"": 0, ""failed_jobs"": []}"
1b53b6869b089401c4bb3cb6daa6e955aca48a69ea18b53252b0ad136ac86cc3,40,7B,7c3c66fd-25f5-4074-8555-fa283dd3f5bd,9179a48c-4e97-4673-a200-bf005585ed12,PROTEIN_ONLY,0,no SAM residue in receptor/target artifact,local://artifact-storage/146396ee-698b-4e85-9582-747a875b7a02/e3f08829-fc57-4e5a-b361-384135d4d573.pdb,True,vina,"{""imported_from"": ""aws_s3_run"", ""aws_run_id"": ""cys203_model_v2_3000_pdbqt_aws_20260612"", ""target_label"": ""TMT1B"", ""selectivity_role"": ""primary"", ""grid_source"": ""fpocket_pocket"", ""grid_name"": ""fpocket_productive_pocket_v1"", ""grid_center"": {""x"": 2.844, ""y"": -2.1, ""z"": -4.211}, ""grid_size"": {""x"": 25.334, ""y"": 19.263, ""z"": 23.923}, ""ligand_count"": 3000, ""job_count"": 3000, ""failed_job_count"": 0, ""failed_jobs"": []}"
1b53b6869b089401c4bb3cb6daa6e955aca48a69ea18b53252b0ad136ac86cc3,40,7A,737ede2d-95ea-4515-a9a7-8c2535f2a12f,0e9e57a6-0adb-48af-8d66-f44a519c863d,PROTEIN_ONLY,0,no SAM residue in receptor/target artifact,local://artifact-storage/146396ee-698b-4e85-9582-747a875b7a02/5e4b79a9-f17d-4e61-91d3-f0574416266d.pdb,True,vina,"{""imported_from"": ""aws_s3_run"", ""aws_run_id"": ""cys203_model_v2_3000_pdbqt_aws_20260612"", ""target_label"": ""TMT1A"", ""selectivity_role"": ""counter"", ""grid_source"": ""fpocket_pocket"", ""grid_name"": ""fpocket_productive_pocket_v1"", ""grid_center"": {""x"": 2.844, ""y"": -2.1, ""z"": -4.211}, ""grid_size"": {""x"": 25.334, ""y"": 19.263, ""z"": 23.923}, ""ligand_count"": 3000, ""job_count"": 3000, ""failed_job_count"": 0, ""failed_jobs"": []}"
4bbc0d8c29466120346c7faba1ec7d307ced5522b11280908ae15624411ec74c,41,7B,7c3c66fd-25f5-4074-8555-fa283dd3f5bd,f6c6a373-5635-404d-ae1d-ffff933e7018,PROTEIN_ONLY,0,no SAM residue in receptor/target artifact,local://artifact-storage/146396ee-698b-4e85-9582-747a875b7a02/e3f08829-fc57-4e5a-b361-384135d4d573.pdb,True,vina,"{""imported_from"": ""aws_s3_run"", ""aws_run_id"": ""cys203_model_v2_3000_pdbqt_aws_20260612"", ""target_label"": ""TMT1B"", ""selectivity_role"": ""primary"", ""grid_source"": ""fpocket_pocket"", ""grid_name"": ""fpocket_productive_pocket_v1"", ""grid_center"": {""x"": 2.844, ""y"": -2.1, ""z"": -4.211}, ""grid_size"": {""x"": 25.334, ""y"": 19.263, ""z"": 23.923}, ""ligand_count"": 3000, ""job_count"": 3000, ""failed_job_count"": 0, ""failed_jobs"": []}"
4bbc0d8c29466120346c7faba1ec7d307ced5522b11280908ae15624411ec74c,41,7A,737ede2d-95ea-4515-a9a7-8c2535f2a12f,8e60528d-1444-4485-8d20-71d71c5c761c,PROTEIN_ONLY,0,no SAM residue in receptor/target artifact,local://artifact-storage/146396ee-698b-4e85-9582-747a875b7a02/5e4b79a9-f17d-4e61-91d3-f0574416266d.pdb,True,vina,"{""imported_from"": ""aws_s3_run"", ""aws_run_id"": ""cys203_model_v2_3000_pdbqt_aws_20260612"", ""target_label"": ""TMT1A"", ""selectivity_role"": ""counter"", ""grid_source"": ""fpocket_pocket"", ""grid_name"": ""fpocket_productive_pocket_v1"", ""grid_center"": {""x"": 2.844, ""y"": -2.1, ""z"": -4.211}, ""grid_size"": {""x"": 25.334, ""y"": 19.263, ""z"": 23.923}, ""ligand_count"": 3000, ""job_count"": 3000, ""failed_job_count"": 0, ""failed_jobs"": []}"
215808ff942e0a4a36f35e6c83594c61e7341da8fa880257b5c18c4009cb74a9,42,7B,7c3c66fd-25f5-4074-8555-fa283dd3f5bd,23917a23-7e61-4a6e-904f-46e3c570ef0b,PROTEIN_ONLY,0,no SAM residue in receptor/target artifact,local://artifact-storage/146396ee-698b-4e85-9582-747a875b7a02/e3f08829-fc57-4e5a-b361-384135d4d573.pdb,True,vina,"{""imported_from"": ""aws_s3_run"", ""aws_run_id"": ""cys203_model_v2_3000_pdbqt_aws_20260612"", ""target_label"": ""TMT1B"", ""selectivity_role"": ""primary"", ""grid_source"": ""fpocket_pocket"", ""grid_name"": ""fpocket_productive_pocket_v1"", ""grid_center"": {""x"": 2.844, ""y"": -2.1, ""z"": -4.211}, ""grid_size"": {""x"": 25.334, ""y"": 19.263, ""z"": 23.923}, ""ligand_count"": 3000, ""job_count"": 3000, ""failed_job_count"": 0, ""failed_jobs"": []}"
215808ff942e0a4a36f35e6c83594c61e7341da8fa880257b5c18c4009cb74a9,42,7A,737ede2d-95ea-4515-a9a7-8c2535f2a12f,3cc1f9d1-3b2a-455f-9d0a-61ca336482fe,PROTEIN_ONLY,0,no SAM residue in receptor/target artifact,local://artifact-storage/146396ee-698b-4e85-9582-747a875b7a02/5e4b79a9-f17d-4e61-91d3-f0574416266d.pdb,True,vina,"{""imported_from"": ""aws_s3_run"", ""aws_run_id"": ""cys203_model_v2_3000_pdbqt_aws_20260612"", ""target_label"": ""TMT1A"", ""selectivity_role"": ""counter"", ""grid_source"": ""fpocket_pocket"", ""grid_name"": ""fpocket_productive_pocket_v1"", ""grid_center"": {""x"": 2.844, ""y"": -2.1, ""z"": -4.211}, ""grid_size"": {""x"": 25.334, ""y"": 19.263, ""z"": 23.923}, ""ligand_count"": 3000, ""job_count"": 3000, ""failed_job_count"": 0, ""failed_jobs"": []}"
f660dfa99b4065c3a280e881eaa2ad8c0012e7853257e756db8163ec9fe15277,43,7B,7c3c66fd-25f5-4074-8555-fa283dd3f5bd,7306f549-ebcd-4390-ae12-1778f6e51734,PROTEIN_ONLY,0,no SAM residue in receptor/target artifact,local://artifact-storage/146396ee-698b-4e85-9582-747a875b7a02/e3f08829-fc57-4e5a-b361-384135d4d573.pdb,True,vina,"{""imported_from"": ""aws_s3_run"", ""aws_run_id"": ""cys203_model_v2_3000_pdbqt_aws_20260612"", ""target_label"": ""TMT1B"", ""selectivity_role"": ""primary"", ""grid_source"": ""fpocket_pocket"", ""grid_name"": ""fpocket_productive_pocket_v1"", ""grid_center"": {""x"": 2.844, ""y"": -2.1, ""z"": -4.211}, ""grid_size"": {""x"": 25.334, ""y"": 19.263, ""z"": 23.923}, ""ligand_count"": 3000, ""job_count"": 3000, ""failed_job_count"": 0, ""failed_jobs"": []}"
f660dfa99b4065c3a280e881eaa2ad8c0012e7853257e756db8163ec9fe15277,43,7A,737ede2d-95ea-4515-a9a7-8c2535f2a12f,f9de890c-12dc-462e-ba93-a8a5cfc64123,PROTEIN_ONLY,0,no SAM residue in receptor/target artifact,local://artifact-storage/146396ee-698b-4e85-9582-747a875b7a02/5e4b79a9-f17d-4e61-91d3-f0574416266d.pdb,True,vina,"{""imported_from"": ""aws_s3_run"", ""aws_run_id"": ""cys203_model_v2_3000_pdbqt_aws_20260612"", ""target_label"": ""TMT1A"", ""selectivity_role"": ""counter"", ""grid_source"": ""fpocket_pocket"", ""grid_name"": ""fpocket_productive_pocket_v1"", ""grid_center"": {""x"": 2.844, ""y"": -2.1, ""z"": -4.211}, ""grid_size"": {""x"": 25.334, ""y"": 19.263, ""z"": 23.923}, ""ligand_count"": 3000, ""job_count"": 3000, ""failed_job_count"": 0, ""failed_jobs"": []}"
05c4c7b6c38613cada4074171ef035fd711652b9b772c560b0a35e612d288335,44,7B,7c3c66fd-25f5-4074-8555-fa283dd3f5bd,2c78fb6c-16c2-4e08-be22-cee661db7d0b,PROTEIN_ONLY,0,no SAM residue in receptor/target artifact,local://artifact-storage/146396ee-698b-4e85-9582-747a875b7a02/e3f08829-fc57-4e5a-b361-384135d4d573.pdb,True,vina,"{""imported_from"": ""aws_s3_run"", ""aws_run_id"": ""cys203_model_v2_3000_pdbqt_aws_20260612"", ""target_label"": ""TMT1B"", ""selectivity_role"": ""primary"", ""grid_source"": ""fpocket_pocket"", ""grid_name"": ""fpocket_productive_pocket_v1"", ""grid_center"": {""x"": 2.844, ""y"": -2.1, ""z"": -4.211}, ""grid_size"": {""x"": 25.334, ""y"": 19.263, ""z"": 23.923}, ""ligand_count"": 3000, ""job_count"": 3000, ""failed_job_count"": 0, ""failed_jobs"": []}"
05c4c7b6c38613cada4074171ef035fd711652b9b772c560b0a35e612d288335,44,7A,13023667-0580-45ea-b719-7ed710c86453,d1393780-68f5-4d0c-be52-589face3f26f,PROTEIN_ONLY,0,no SAM residue in receptor/target artifact,local://artifact-storage/146396ee-698b-4e85-9582-747a875b7a02/5e4b79a9-f17d-4e61-91d3-f0574416266d.pdb,True,vina,"{""imported_from"": ""aws_s3_run"", ""aws_run_id"": ""cys203_model_v2_3000_pdbqt_aws_20260612"", ""target_label"": ""TMT1A"", ""selectivity_role"": ""counter"", ""grid_source"": ""fpocket_pocket"", ""grid_name"": ""fpocket_productive_pocket_v1"", ""grid_center"": {""x"": 2.844, ""y"": -2.1, ""z"": -4.211}, ""grid_size"": {""x"": 25.334, ""y"": 19.263, ""z"": 23.923}, ""ligand_count"": 3000, ""job_count"": 3000, ""failed_job_count"": 0, ""failed_jobs"": [], ""copied_from_campaign_id"": ""df2da101-7e20-4cf6-b6fc-dc917aa5fe21"", ""copied_from_docking_run_id"": ""737ede2d-95ea-4515-a9a7-8c2535f2a12f"", ""subset_source"": ""whole_db_no_wh_top_7b_delta_plus_controls""}"
4b5f7283725451de7bfd2a35ab4f5445ce8ca0dbcf28d47b2bc02601a157aa6e,45,7B,7c3c66fd-25f5-4074-8555-fa283dd3f5bd,3cc46aa1-ca82-4c9f-8090-42ef64d16c23,PROTEIN_ONLY,0,no SAM residue in receptor/target artifact,local://artifact-storage/146396ee-698b-4e85-9582-747a875b7a02/e3f08829-fc57-4e5a-b361-384135d4d573.pdb,True,vina,"{""imported_from"": ""aws_s3_run"", ""aws_run_id"": ""cys203_model_v2_3000_pdbqt_aws_20260612"", ""target_label"": ""TMT1B"", ""selectivity_role"": ""primary"", ""grid_source"": ""fpocket_pocket"", ""grid_name"": ""fpocket_productive_pocket_v1"", ""grid_center"": {""x"": 2.844, ""y"": -2.1, ""z"": -4.211}, ""grid_size"": {""x"": 25.334, ""y"": 19.263, ""z"": 23.923}, ""ligand_count"": 3000, ""job_count"": 3000, ""failed_job_count"": 0, ""failed_jobs"": []}"
4b5f7283725451de7bfd2a35ab4f5445ce8ca0dbcf28d47b2bc02601a157aa6e,45,7A,737ede2d-95ea-4515-a9a7-8c2535f2a12f,8d0cdc3c-3634-45d2-b686-0b8fcc35f925,PROTEIN_ONLY,0,no SAM residue in receptor/target artifact,local://artifact-storage/146396ee-698b-4e85-9582-747a875b7a02/5e4b79a9-f17d-4e61-91d3-f0574416266d.pdb,True,vina,"{""imported_from"": ""aws_s3_run"", ""aws_run_id"": ""cys203_model_v2_3000_pdbqt_aws_20260612"", ""target_label"": ""TMT1A"", ""selectivity_role"": ""counter"", ""grid_source"": ""fpocket_pocket"", ""grid_name"": ""fpocket_productive_pocket_v1"", ""grid_center"": {""x"": 2.844, ""y"": -2.1, ""z"": -4.211}, ""grid_size"": {""x"": 25.334, ""y"": 19.263, ""z"": 23.923}, ""ligand_count"": 3000, ""job_count"": 3000, ""failed_job_count"": 0, ""failed_jobs"": []}"
46e24e444f95d4c4fa79ec408ff4f60a22f9196c582ffc838c7ef9288c03ad16,46,7B,7c3c66fd-25f5-4074-8555-fa283dd3f5bd,3afc1166-d5f1-4c54-bdc3-7c1f39864857,PROTEIN_ONLY,0,no SAM residue in receptor/target artifact,local://artifact-storage/146396ee-698b-4e85-9582-747a875b7a02/e3f08829-fc57-4e5a-b361-384135d4d573.pdb,True,vina,"{""imported_from"": ""aws_s3_run"", ""aws_run_id"": ""cys203_model_v2_3000_pdbqt_aws_20260612"", ""target_label"": ""TMT1B"", ""selectivity_role"": ""primary"", ""grid_source"": ""fpocket_pocket"", ""grid_name"": ""fpocket_productive_pocket_v1"", ""grid_center"": {""x"": 2.844, ""y"": -2.1, ""z"": -4.211}, ""grid_size"": {""x"": 25.334, ""y"": 19.263, ""z"": 23.923}, ""ligand_count"": 3000, ""job_count"": 3000, ""failed_job_count"": 0, ""failed_jobs"": []}"
46e24e444f95d4c4fa79ec408ff4f60a22f9196c582ffc838c7ef9288c03ad16,46,7A,737ede2d-95ea-4515-a9a7-8c2535f2a12f,97bed7fa-edd4-4ce9-8140-d1d9db9c66b6,PROTEIN_ONLY,0,no SAM residue in receptor/target artifact,local://artifact-storage/146396ee-698b-4e85-9582-747a875b7a02/5e4b79a9-f17d-4e61-91d3-f0574416266d.pdb,True,vina,"{""imported_from"": ""aws_s3_run"", ""aws_run_id"": ""cys203_model_v2_3000_pdbqt_aws_20260612"", ""target_label"": ""TMT1A"", ""selectivity_role"": ""counter"", ""grid_source"": ""fpocket_pocket"", ""grid_name"": ""fpocket_productive_pocket_v1"", ""grid_center"": {""x"": 2.844, ""y"": -2.1, ""z"": -4.211}, ""grid_size"": {""x"": 25.334, ""y"": 19.263, ""z"": 23.923}, ""ligand_count"": 3000, ""job_count"": 3000, ""failed_job_count"": 0, ""failed_jobs"": []}"
bab0fa06c66bede2d9fe06bb48671188c72dee6cd3027e918d69d13e42621681,47,7B,7c3c66fd-25f5-4074-8555-fa283dd3f5bd,af0dae6e-a6ec-4117-b57a-d117b93f4d34,PROTEIN_ONLY,0,no SAM residue in receptor/target artifact,local://artifact-storage/146396ee-698b-4e85-9582-747a875b7a02/e3f08829-fc57-4e5a-b361-384135d4d573.pdb,True,vina,"{""imported_from"": ""aws_s3_run"", ""aws_run_id"": ""cys203_model_v2_3000_pdbqt_aws_20260612"", ""target_label"": ""TMT1B"", ""selectivity_role"": ""primary"", ""grid_source"": ""fpocket_pocket"", ""grid_name"": ""fpocket_productive_pocket_v1"", ""grid_center"": {""x"": 2.844, ""y"": -2.1, ""z"": -4.211}, ""grid_size"": {""x"": 25.334, ""y"": 19.263, ""z"": 23.923}, ""ligand_count"": 3000, ""job_count"": 3000, ""failed_job_count"": 0, ""failed_jobs"": []}"
bab0fa06c66bede2d9fe06bb48671188c72dee6cd3027e918d69d13e42621681,47,7A,737ede2d-95ea-4515-a9a7-8c2535f2a12f,61f27ee4-25c7-4b3e-8359-e18dfe798729,PROTEIN_ONLY,0,no SAM residue in receptor/target artifact,local://artifact-storage/146396ee-698b-4e85-9582-747a875b7a02/5e4b79a9-f17d-4e61-91d3-f0574416266d.pdb,True,vina,"{""imported_from"": ""aws_s3_run"", ""aws_run_id"": ""cys203_model_v2_3000_pdbqt_aws_20260612"", ""target_label"": ""TMT1A"", ""selectivity_role"": ""counter"", ""grid_source"": ""fpocket_pocket"", ""grid_name"": ""fpocket_productive_pocket_v1"", ""grid_center"": {""x"": 2.844, ""y"": -2.1, ""z"": -4.211}, ""grid_size"": {""x"": 25.334, ""y"": 19.263, ""z"": 23.923}, ""ligand_count"": 3000, ""job_count"": 3000, ""failed_job_count"": 0, ""failed_jobs"": []}"
bb05004e5cac82e3fd65662c574f2fc9128b425752649651143e7cc0d802ce74,48,7B,6dcbeeeb-ab03-4edb-8430-d692c757b76e,8bd6516b-258a-40e3-bad6-add0cb386970,PROTEIN_ONLY,0,no SAM residue in receptor/target artifact,local://artifact-storage/485dd400-0324-41d2-87f1-98a455e466bd/a8bca71a-a6eb-4e84-9283-ea088b9546ed.pdbqt,True,vina,"{""engine"": ""vina"", ""ligand_count"": 167, ""receptor_artifact_id"": ""a8bca71a-a6eb-4e84-9283-ea088b9546ed"", ""target_label"": ""TMT1B"", ""selectivity_role"": ""primary"", ""grid_source"": ""fpocket_productive_pocket_v1"", ""box"": {""center_x"": 2.844, ""center_y"": -2.1, ""center_z"": -4.211, ""size_x"": 25.334, ""size_y"": 19.263, ""size_z"": 23.923}, ""exhaustiveness"": 8, ""num_modes"": 9, ""pose_count"": 1491, ""failed_ligands"": [{""ligand_artifact_id"": ""a8583ab5-a9c4-4c9b-836d-df5519689c50"", ""error"": ""Vina docking failed.""}]}"
bb05004e5cac82e3fd65662c574f2fc9128b425752649651143e7cc0d802ce74,48,7A,55323762-2294-4305-9c59-ba043b16b699,ab752c19-1f23-48ca-acda-dbbee76bd1f1,PROTEIN_ONLY,0,no SAM residue in receptor/target artifact,local://artifact-storage/485dd400-0324-41d2-87f1-98a455e466bd/0d321bfd-535b-4238-962f-8768b4977e92.pdbqt,True,vina,"{""engine"": ""vina"", ""ligand_count"": 167, ""receptor_artifact_id"": ""0d321bfd-535b-4238-962f-8768b4977e92"", ""target_label"": ""TMT1A"", ""selectivity_role"": ""counter"", ""grid_source"": ""fpocket_productive_pocket_v1"", ""box"": {""center_x"": 2.844, ""center_y"": -2.1, ""center_z"": -4.211, ""size_x"": 25.334, ""size_y"": 19.263, ""size_z"": 23.923}, ""exhaustiveness"": 8, ""num_modes"": 9, ""pose_count"": 1454, ""failed_ligands"": [{""ligand_artifact_id"": ""a8583ab5-a9c4-4c9b-836d-df5519689c50"", ""error"": ""Vina docking failed.""}]}"
5b72f8b05ecae995d45e10c467fe5675ca26f216cd49197b055399e2f071b076,49,7B,7c3c66fd-25f5-4074-8555-fa283dd3f5bd,264aca74-5a2d-425a-82ac-9369d032b032,PROTEIN_ONLY,0,no SAM residue in receptor/target artifact,local://artifact-storage/146396ee-698b-4e85-9582-747a875b7a02/e3f08829-fc57-4e5a-b361-384135d4d573.pdb,True,vina,"{""imported_from"": ""aws_s3_run"", ""aws_run_id"": ""cys203_model_v2_3000_pdbqt_aws_20260612"", ""target_label"": ""TMT1B"", ""selectivity_role"": ""primary"", ""grid_source"": ""fpocket_pocket"", ""grid_name"": ""fpocket_productive_pocket_v1"", ""grid_center"": {""x"": 2.844, ""y"": -2.1, ""z"": -4.211}, ""grid_size"": {""x"": 25.334, ""y"": 19.263, ""z"": 23.923}, ""ligand_count"": 3000, ""job_count"": 3000, ""failed_job_count"": 0, ""failed_jobs"": []}"
5b72f8b05ecae995d45e10c467fe5675ca26f216cd49197b055399e2f071b076,49,7A,737ede2d-95ea-4515-a9a7-8c2535f2a12f,019a0877-16e3-4236-8784-d094d5b6bee7,PROTEIN_ONLY,0,no SAM residue in receptor/target artifact,local://artifact-storage/146396ee-698b-4e85-9582-747a875b7a02/5e4b79a9-f17d-4e61-91d3-f0574416266d.pdb,True,vina,"{""imported_from"": ""aws_s3_run"", ""aws_run_id"": ""cys203_model_v2_3000_pdbqt_aws_20260612"", ""target_label"": ""TMT1A"", ""selectivity_role"": ""counter"", ""grid_source"": ""fpocket_pocket"", ""grid_name"": ""fpocket_productive_pocket_v1"", ""grid_center"": {""x"": 2.844, ""y"": -2.1, ""z"": -4.211}, ""grid_size"": {""x"": 25.334, ""y"": 19.263, ""z"": 23.923}, ""ligand_count"": 3000, ""job_count"": 3000, ""failed_job_count"": 0, ""failed_jobs"": []}"
2529a7c9395bf500b8c7ed9fac0cb2fd1c4a8b2c6a33dfa6a694875268ebee74,50,7B,7c3c66fd-25f5-4074-8555-fa283dd3f5bd,c3457ee0-7f42-4d06-bf42-3b82a94cb8b0,PROTEIN_ONLY,0,no SAM residue in receptor/target artifact,local://artifact-storage/146396ee-698b-4e85-9582-747a875b7a02/e3f08829-fc57-4e5a-b361-384135d4d573.pdb,True,vina,"{""imported_from"": ""aws_s3_run"", ""aws_run_id"": ""cys203_model_v2_3000_pdbqt_aws_20260612"", ""target_label"": ""TMT1B"", ""selectivity_role"": ""primary"", ""grid_source"": ""fpocket_pocket"", ""grid_name"": ""fpocket_productive_pocket_v1"", ""grid_center"": {""x"": 2.844, ""y"": -2.1, ""z"": -4.211}, ""grid_size"": {""x"": 25.334, ""y"": 19.263, ""z"": 23.923}, ""ligand_count"": 3000, ""job_count"": 3000, ""failed_job_count"": 0, ""failed_jobs"": []}"
2529a7c9395bf500b8c7ed9fac0cb2fd1c4a8b2c6a33dfa6a694875268ebee74,50,7A,737ede2d-95ea-4515-a9a7-8c2535f2a12f,0ae15e39-31ab-4fd6-baee-055eeb3a957f,PROTEIN_ONLY,0,no SAM residue in receptor/target artifact,local://artifact-storage/146396ee-698b-4e85-9582-747a875b7a02/5e4b79a9-f17d-4e61-91d3-f0574416266d.pdb,True,vina,"{""imported_from"": ""aws_s3_run"", ""aws_run_id"": ""cys203_model_v2_3000_pdbqt_aws_20260612"", ""target_label"": ""TMT1A"", ""selectivity_role"": ""counter"", ""grid_source"": ""fpocket_pocket"", ""grid_name"": ""fpocket_productive_pocket_v1"", ""grid_center"": {""x"": 2.844, ""y"": -2.1, ""z"": -4.211}, ""grid_size"": {""x"": 25.334, ""y"": 19.263, ""z"": 23.923}, ""ligand_count"": 3000, ""job_count"": 3000, ""failed_job_count"": 0, ""failed_jobs"": []}"
3e539427a6338f72521e9ad40bb8e027faf4e265272b1c3c57e8ad472626197a,51,7B,7c3c66fd-25f5-4074-8555-fa283dd3f5bd,345e497f-679a-40c4-baed-3435c285d58a,PROTEIN_ONLY,0,no SAM residue in receptor/target artifact,local://artifact-storage/146396ee-698b-4e85-9582-747a875b7a02/e3f08829-fc57-4e5a-b361-384135d4d573.pdb,True,vina,"{""imported_from"": ""aws_s3_run"", ""aws_run_id"": ""cys203_model_v2_3000_pdbqt_aws_20260612"", ""target_label"": ""TMT1B"", ""selectivity_role"": ""primary"", ""grid_source"": ""fpocket_pocket"", ""grid_name"": ""fpocket_productive_pocket_v1"", ""grid_center"": {""x"": 2.844, ""y"": -2.1, ""z"": -4.211}, ""grid_size"": {""x"": 25.334, ""y"": 19.263, ""z"": 23.923}, ""ligand_count"": 3000, ""job_count"": 3000, ""failed_job_count"": 0, ""failed_jobs"": []}"
3e539427a6338f72521e9ad40bb8e027faf4e265272b1c3c57e8ad472626197a,51,7A,737ede2d-95ea-4515-a9a7-8c2535f2a12f,712eb64b-6ab2-4346-b732-ef2b5b872b60,PROTEIN_ONLY,0,no SAM residue in receptor/target artifact,local://artifact-storage/146396ee-698b-4e85-9582-747a875b7a02/5e4b79a9-f17d-4e61-91d3-f0574416266d.pdb,True,vina,"{""imported_from"": ""aws_s3_run"", ""aws_run_id"": ""cys203_model_v2_3000_pdbqt_aws_20260612"", ""target_label"": ""TMT1A"", ""selectivity_role"": ""counter"", ""grid_source"": ""fpocket_pocket"", ""grid_name"": ""fpocket_productive_pocket_v1"", ""grid_center"": {""x"": 2.844, ""y"": -2.1, ""z"": -4.211}, ""grid_size"": {""x"": 25.334, ""y"": 19.263, ""z"": 23.923}, ""ligand_count"": 3000, ""job_count"": 3000, ""failed_job_count"": 0, ""failed_jobs"": []}"
f22790ec0ee7c9da060994cb3dc4711073986a36a49885390a7291d967a4b84e,52,7B,7c3c66fd-25f5-4074-8555-fa283dd3f5bd,4d5a9258-042f-4858-b142-063640021992,PROTEIN_ONLY,0,no SAM residue in receptor/target artifact,local://artifact-storage/146396ee-698b-4e85-9582-747a875b7a02/e3f08829-fc57-4e5a-b361-384135d4d573.pdb,True,vina,"{""imported_from"": ""aws_s3_run"", ""aws_run_id"": ""cys203_model_v2_3000_pdbqt_aws_20260612"", ""target_label"": ""TMT1B"", ""selectivity_role"": ""primary"", ""grid_source"": ""fpocket_pocket"", ""grid_name"": ""fpocket_productive_pocket_v1"", ""grid_center"": {""x"": 2.844, ""y"": -2.1, ""z"": -4.211}, ""grid_size"": {""x"": 25.334, ""y"": 19.263, ""z"": 23.923}, ""ligand_count"": 3000, ""job_count"": 3000, ""failed_job_count"": 0, ""failed_jobs"": []}"
f22790ec0ee7c9da060994cb3dc4711073986a36a49885390a7291d967a4b84e,52,7A,737ede2d-95ea-4515-a9a7-8c2535f2a12f,26142328-3b76-410d-98ea-e87134bdd304,PROTEIN_ONLY,0,no SAM residue in receptor/target artifact,local://artifact-storage/146396ee-698b-4e85-9582-747a875b7a02/5e4b79a9-f17d-4e61-91d3-f0574416266d.pdb,True,vina,"{""imported_from"": ""aws_s3_run"", ""aws_run_id"": ""cys203_model_v2_3000_pdbqt_aws_20260612"", ""target_label"": ""TMT1A"", ""selectivity_role"": ""counter"", ""grid_source"": ""fpocket_pocket"", ""grid_name"": ""fpocket_productive_pocket_v1"", ""grid_center"": {""x"": 2.844, ""y"": -2.1, ""z"": -4.211}, ""grid_size"": {""x"": 25.334, ""y"": 19.263, ""z"": 23.923}, ""ligand_count"": 3000, ""job_count"": 3000, ""failed_job_count"": 0, ""failed_jobs"": []}"
7ad1e7fade35e599f99578d5527685f2c9d0740be41c3442fa040e30c6fcc3be,53,7B,1bf6dd89-97f5-4de2-ae3d-9dcec24b7471,01532845-5c6f-4a36-b381-b10e25fa2f55,PROTEIN_ONLY,0,no SAM residue in receptor/target artifact,local://artifact-storage/146396ee-698b-4e85-9582-747a875b7a02/e3f08829-fc57-4e5a-b361-384135d4d573.pdb,True,vina,"{""imported_from"": ""aws_s3_run"", ""aws_run_id"": ""cys203_edge_3000_pdbqt_aws_20260612"", ""target_label"": ""TMT1B"", ""selectivity_role"": ""primary"", ""grid_source"": ""fpocket_pocket"", ""grid_name"": ""fpocket_productive_pocket_v1"", ""grid_center"": {""x"": 2.844, ""y"": -2.1, ""z"": -4.211}, ""grid_size"": {""x"": 25.334, ""y"": 19.263, ""z"": 23.923}, ""ligand_count"": 3000, ""job_count"": 3000, ""failed_job_count"": 8, ""failed_jobs"": [""rank0575_MCULE-6426360047_TMT1B"", ""rank0594_MCULE-3473952656_TMT1B"", ""rank1708_MCULE-7919765586_TMT1B"", ""rank2300_MCULE-4451687131_TMT1B"", ""rank2339_MCULE-1149242700_TMT1B"", ""rank2391_MCULE-6412661202_TMT1B"", ""rank2482_MCULE-9668681137_TMT1B"", ""rank2745_MCULE-4826721031_TMT1B""]}"
7ad1e7fade35e599f99578d5527685f2c9d0740be41c3442fa040e30c6fcc3be,53,7A,a90acf75-ba02-4312-aff0-0509d86f2618,4846bd36-dae2-4b3d-a9e5-4e10f036dc07,PROTEIN_ONLY,0,no SAM residue in receptor/target artifact,local://artifact-storage/146396ee-698b-4e85-9582-747a875b7a02/5e4b79a9-f17d-4e61-91d3-f0574416266d.pdb,True,vina,"{""imported_from"": ""aws_s3_run"", ""aws_run_id"": ""cys203_edge_3000_pdbqt_aws_20260612"", ""target_label"": ""TMT1A"", ""selectivity_role"": ""counter"", ""grid_source"": ""fpocket_pocket"", ""grid_name"": ""fpocket_productive_pocket_v1"", ""grid_center"": {""x"": 2.844, ""y"": -2.1, ""z"": -4.211}, ""grid_size"": {""x"": 25.334, ""y"": 19.263, ""z"": 23.923}, ""ligand_count"": 3000, ""job_count"": 3000, ""failed_job_count"": 8, ""failed_jobs"": [""rank0575_MCULE-6426360047_TMT1A"", ""rank0594_MCULE-3473952656_TMT1A"", ""rank1708_MCULE-7919765586_TMT1A"", ""rank2300_MCULE-4451687131_TMT1A"", ""rank2339_MCULE-1149242700_TMT1A"", ""rank2391_MCULE-6412661202_TMT1A"", ""rank2482_MCULE-9668681137_TMT1A"", ""rank2745_MCULE-4826721031_TMT1A""]}"
d95abeaa50206140ff564380bf20617989e88b17270251fa0901d61ad852e51f,54,7B,31540762-c9f3-49da-9945-94ff276faf21,5bea8324-5926-44f1-b88a-df311c7c9016,PROTEIN_ONLY,0,no SAM residue in receptor/target artifact,local://artifact-storage/10191929-caf8-4ba5-ab3b-406030746a3c/357ab97a-d4bd-4304-8f90-a84b78e32c76.pdbqt,True,vina,"{""engine"": ""vina"", ""ligand_count"": 100, ""receptor_artifact_id"": ""357ab97a-d4bd-4304-8f90-a84b78e32c76"", ""target_label"": ""TMT1B"", ""selectivity_role"": ""primary"", ""grid_source"": ""fpocket_productive_pocket_v1"", ""box"": {""center_x"": 2.844, ""center_y"": -2.1, ""center_z"": -4.211, ""size_x"": 25.334, ""size_y"": 19.263, ""size_z"": 23.923}, ""exhaustiveness"": 8, ""num_modes"": 9, ""pose_count"": 880, ""failed_ligands"": []}"
d95abeaa50206140ff564380bf20617989e88b17270251fa0901d61ad852e51f,54,7A,737ede2d-95ea-4515-a9a7-8c2535f2a12f,3455b14a-1de0-4143-9145-6cb9c211803a,PROTEIN_ONLY,0,no SAM residue in receptor/target artifact,local://artifact-storage/146396ee-698b-4e85-9582-747a875b7a02/5e4b79a9-f17d-4e61-91d3-f0574416266d.pdb,True,vina,"{""imported_from"": ""aws_s3_run"", ""aws_run_id"": ""cys203_model_v2_3000_pdbqt_aws_20260612"", ""target_label"": ""TMT1A"", ""selectivity_role"": ""counter"", ""grid_source"": ""fpocket_pocket"", ""grid_name"": ""fpocket_productive_pocket_v1"", ""grid_center"": {""x"": 2.844, ""y"": -2.1, ""z"": -4.211}, ""grid_size"": {""x"": 25.334, ""y"": 19.263, ""z"": 23.923}, ""ligand_count"": 3000, ""job_count"": 3000, ""failed_job_count"": 0, ""failed_jobs"": []}"
defd8287528c073f21bc51f308e77e5b62de6c0635657c92d89237b1a74d0153,55,7B,7c3c66fd-25f5-4074-8555-fa283dd3f5bd,dab34572-4ae5-42ea-a00d-f94dee73309c,PROTEIN_ONLY,0,no SAM residue in receptor/target artifact,local://artifact-storage/146396ee-698b-4e85-9582-747a875b7a02/e3f08829-fc57-4e5a-b361-384135d4d573.pdb,True,vina,"{""imported_from"": ""aws_s3_run"", ""aws_run_id"": ""cys203_model_v2_3000_pdbqt_aws_20260612"", ""target_label"": ""TMT1B"", ""selectivity_role"": ""primary"", ""grid_source"": ""fpocket_pocket"", ""grid_name"": ""fpocket_productive_pocket_v1"", ""grid_center"": {""x"": 2.844, ""y"": -2.1, ""z"": -4.211}, ""grid_size"": {""x"": 25.334, ""y"": 19.263, ""z"": 23.923}, ""ligand_count"": 3000, ""job_count"": 3000, ""failed_job_count"": 0, ""failed_jobs"": []}"
defd8287528c073f21bc51f308e77e5b62de6c0635657c92d89237b1a74d0153,55,7A,737ede2d-95ea-4515-a9a7-8c2535f2a12f,4adad61e-f58d-4307-bf7c-f8dbed162568,PROTEIN_ONLY,0,no SAM residue in receptor/target artifact,local://artifact-storage/146396ee-698b-4e85-9582-747a875b7a02/5e4b79a9-f17d-4e61-91d3-f0574416266d.pdb,True,vina,"{""imported_from"": ""aws_s3_run"", ""aws_run_id"": ""cys203_model_v2_3000_pdbqt_aws_20260612"", ""target_label"": ""TMT1A"", ""selectivity_role"": ""counter"", ""grid_source"": ""fpocket_pocket"", ""grid_name"": ""fpocket_productive_pocket_v1"", ""grid_center"": {""x"": 2.844, ""y"": -2.1, ""z"": -4.211}, ""grid_size"": {""x"": 25.334, ""y"": 19.263, ""z"": 23.923}, ""ligand_count"": 3000, ""job_count"": 3000, ""failed_job_count"": 0, ""failed_jobs"": []}"
3bc20a7ee0bef5fe06db397ce41069c2a1e863f1c7f821ddba48109dc6fdbbc7,56,7B,1bf6dd89-97f5-4de2-ae3d-9dcec24b7471,f9288a5f-4538-4117-b869-06314a9504a7,PROTEIN_ONLY,0,no SAM residue in receptor/target artifact,local://artifact-storage/146396ee-698b-4e85-9582-747a875b7a02/e3f08829-fc57-4e5a-b361-384135d4d573.pdb,True,vina,"{""imported_from"": ""aws_s3_run"", ""aws_run_id"": ""cys203_edge_3000_pdbqt_aws_20260612"", ""target_label"": ""TMT1B"", ""selectivity_role"": ""primary"", ""grid_source"": ""fpocket_pocket"", ""grid_name"": ""fpocket_productive_pocket_v1"", ""grid_center"": {""x"": 2.844, ""y"": -2.1, ""z"": -4.211}, ""grid_size"": {""x"": 25.334, ""y"": 19.263, ""z"": 23.923}, ""ligand_count"": 3000, ""job_count"": 3000, ""failed_job_count"": 8, ""failed_jobs"": [""rank0575_MCULE-6426360047_TMT1B"", ""rank0594_MCULE-3473952656_TMT1B"", ""rank1708_MCULE-7919765586_TMT1B"", ""rank2300_MCULE-4451687131_TMT1B"", ""rank2339_MCULE-1149242700_TMT1B"", ""rank2391_MCULE-6412661202_TMT1B"", ""rank2482_MCULE-9668681137_TMT1B"", ""rank2745_MCULE-4826721031_TMT1B""]}"
3bc20a7ee0bef5fe06db397ce41069c2a1e863f1c7f821ddba48109dc6fdbbc7,56,7A,a90acf75-ba02-4312-aff0-0509d86f2618,e147f5bd-6c45-4c62-95e9-db0fdc5097b0,PROTEIN_ONLY,0,no SAM residue in receptor/target artifact,local://artifact-storage/146396ee-698b-4e85-9582-747a875b7a02/5e4b79a9-f17d-4e61-91d3-f0574416266d.pdb,True,vina,"{""imported_from"": ""aws_s3_run"", ""aws_run_id"": ""cys203_edge_3000_pdbqt_aws_20260612"", ""target_label"": ""TMT1A"", ""selectivity_role"": ""counter"", ""grid_source"": ""fpocket_pocket"", ""grid_name"": ""fpocket_productive_pocket_v1"", ""grid_center"": {""x"": 2.844, ""y"": -2.1, ""z"": -4.211}, ""grid_size"": {""x"": 25.334, ""y"": 19.263, ""z"": 23.923}, ""ligand_count"": 3000, ""job_count"": 3000, ""failed_job_count"": 8, ""failed_jobs"": [""rank0575_MCULE-6426360047_TMT1A"", ""rank0594_MCULE-3473952656_TMT1A"", ""rank1708_MCULE-7919765586_TMT1A"", ""rank2300_MCULE-4451687131_TMT1A"", ""rank2339_MCULE-1149242700_TMT1A"", ""rank2391_MCULE-6412661202_TMT1A"", ""rank2482_MCULE-9668681137_TMT1A"", ""rank2745_MCULE-4826721031_TMT1A""]}"
045d45025b0ee266c35ce6edd5e3ee371fd180aa6d7429cb63627619426d641a,57,7B,7c3c66fd-25f5-4074-8555-fa283dd3f5bd,195d9a4b-7ce2-4b33-b144-8f223c5c908b,PROTEIN_ONLY,0,no SAM residue in receptor/target artifact,local://artifact-storage/146396ee-698b-4e85-9582-747a875b7a02/e3f08829-fc57-4e5a-b361-384135d4d573.pdb,True,vina,"{""imported_from"": ""aws_s3_run"", ""aws_run_id"": ""cys203_model_v2_3000_pdbqt_aws_20260612"", ""target_label"": ""TMT1B"", ""selectivity_role"": ""primary"", ""grid_source"": ""fpocket_pocket"", ""grid_name"": ""fpocket_productive_pocket_v1"", ""grid_center"": {""x"": 2.844, ""y"": -2.1, ""z"": -4.211}, ""grid_size"": {""x"": 25.334, ""y"": 19.263, ""z"": 23.923}, ""ligand_count"": 3000, ""job_count"": 3000, ""failed_job_count"": 0, ""failed_jobs"": []}"
045d45025b0ee266c35ce6edd5e3ee371fd180aa6d7429cb63627619426d641a,57,7A,737ede2d-95ea-4515-a9a7-8c2535f2a12f,43b533f6-1635-4d59-9b46-a2a92c99b2fa,PROTEIN_ONLY,0,no SAM residue in receptor/target artifact,local://artifact-storage/146396ee-698b-4e85-9582-747a875b7a02/5e4b79a9-f17d-4e61-91d3-f0574416266d.pdb,True,vina,"{""imported_from"": ""aws_s3_run"", ""aws_run_id"": ""cys203_model_v2_3000_pdbqt_aws_20260612"", ""target_label"": ""TMT1A"", ""selectivity_role"": ""counter"", ""grid_source"": ""fpocket_pocket"", ""grid_name"": ""fpocket_productive_pocket_v1"", ""grid_center"": {""x"": 2.844, ""y"": -2.1, ""z"": -4.211}, ""grid_size"": {""x"": 25.334, ""y"": 19.263, ""z"": 23.923}, ""ligand_count"": 3000, ""job_count"": 3000, ""failed_job_count"": 0, ""failed_jobs"": []}"
abcf254ff5deab604c604233555bfc683ea4eafb16b9a18201077efd1b9f8e87,58,7B,47d7b1cf-6938-4c77-9722-67ab1922158c,8d6d2a00-2401-4125-921f-2256bddfbe20,PROTEIN_ONLY,0,no SAM residue in receptor/target artifact,local://artifact-storage/0c3b38f4-e06a-4f68-afda-367cb56b0d54/7faa7680-a197-4012-8dff-f476867e11be.pdbqt,True,vina,"{""engine"": ""vina"", ""ligand_count"": 100, ""receptor_artifact_id"": ""7faa7680-a197-4012-8dff-f476867e11be"", ""target_label"": ""TMT1B"", ""selectivity_role"": ""primary"", ""grid_source"": ""fpocket_productive_pocket_v1"", ""box"": {""center_x"": 2.844, ""center_y"": -2.1, ""center_z"": -4.211, ""size_x"": 25.334, ""size_y"": 19.263, ""size_z"": 23.923}, ""exhaustiveness"": 8, ""num_modes"": 9, ""pose_count"": 861, ""failed_ligands"": [{""ligand_artifact_id"": ""c31d42e5-f24d-4345-93ab-aba6c6423209"", ""error"": ""Vina docking failed.""}, {""ligand_artifact_id"": ""39df79d5-ba6c-4303-8931-c790a56156a4"", ""error"": ""Vina docking failed.""}]}"
abcf254ff5deab604c604233555bfc683ea4eafb16b9a18201077efd1b9f8e87,58,7A,05bb6a39-612b-4292-bf92-c9ab9f75cff6,7a40175f-5f77-4be7-a17b-8a377e839769,PROTEIN_ONLY,0,no SAM residue in receptor/target artifact,local://artifact-storage/0c3b38f4-e06a-4f68-afda-367cb56b0d54/e879c6de-098c-4542-b470-13c9b0f35889.pdbqt,True,vina,"{""engine"": ""vina"", ""ligand_count"": 100, ""receptor_artifact_id"": ""e879c6de-098c-4542-b470-13c9b0f35889"", ""target_label"": ""TMT1A"", ""selectivity_role"": ""counter"", ""grid_source"": ""fpocket_productive_pocket_v1"", ""box"": {""center_x"": 2.844, ""center_y"": -2.1, ""center_z"": -4.211, ""size_x"": 25.334, ""size_y"": 19.263, ""size_z"": 23.923}, ""exhaustiveness"": 8, ""num_modes"": 9, ""pose_count"": 819, ""failed_ligands"": [{""ligand_artifact_id"": ""c31d42e5-f24d-4345-93ab-aba6c6423209"", ""error"": ""Vina docking failed.""}, {""ligand_artifact_id"": ""39df79d5-ba6c-4303-8931-c790a56156a4"", ""error"": ""Vina docking failed.""}]}"
a86b4db8f12fb9ef6705f4f01208052d4dbf121decc28a46d4d05c88184a583b,59,7B,7c3c66fd-25f5-4074-8555-fa283dd3f5bd,de1bd75f-126a-423a-8596-3df571cbf542,PROTEIN_ONLY,0,no SAM residue in receptor/target artifact,local://artifact-storage/146396ee-698b-4e85-9582-747a875b7a02/e3f08829-fc57-4e5a-b361-384135d4d573.pdb,True,vina,"{""imported_from"": ""aws_s3_run"", ""aws_run_id"": ""cys203_model_v2_3000_pdbqt_aws_20260612"", ""target_label"": ""TMT1B"", ""selectivity_role"": ""primary"", ""grid_source"": ""fpocket_pocket"", ""grid_name"": ""fpocket_productive_pocket_v1"", ""grid_center"": {""x"": 2.844, ""y"": -2.1, ""z"": -4.211}, ""grid_size"": {""x"": 25.334, ""y"": 19.263, ""z"": 23.923}, ""ligand_count"": 3000, ""job_count"": 3000, ""failed_job_count"": 0, ""failed_jobs"": []}"
a86b4db8f12fb9ef6705f4f01208052d4dbf121decc28a46d4d05c88184a583b,59,7A,13023667-0580-45ea-b719-7ed710c86453,231a9b4a-d7ae-4093-b9ff-0f6ffe16c5c6,PROTEIN_ONLY,0,no SAM residue in receptor/target artifact,local://artifact-storage/146396ee-698b-4e85-9582-747a875b7a02/5e4b79a9-f17d-4e61-91d3-f0574416266d.pdb,True,vina,"{""imported_from"": ""aws_s3_run"", ""aws_run_id"": ""cys203_model_v2_3000_pdbqt_aws_20260612"", ""target_label"": ""TMT1A"", ""selectivity_role"": ""counter"", ""grid_source"": ""fpocket_pocket"", ""grid_name"": ""fpocket_productive_pocket_v1"", ""grid_center"": {""x"": 2.844, ""y"": -2.1, ""z"": -4.211}, ""grid_size"": {""x"": 25.334, ""y"": 19.263, ""z"": 23.923}, ""ligand_count"": 3000, ""job_count"": 3000, ""failed_job_count"": 0, ""failed_jobs"": [], ""copied_from_campaign_id"": ""df2da101-7e20-4cf6-b6fc-dc917aa5fe21"", ""copied_from_docking_run_id"": ""737ede2d-95ea-4515-a9a7-8c2535f2a12f"", ""subset_source"": ""whole_db_no_wh_top_7b_delta_plus_controls""}"
d535d404cb326df5eea2a001b43aa40c095c33afee865ab6020af53345fd05a5,60,7B,7c3c66fd-25f5-4074-8555-fa283dd3f5bd,79d944e8-31ef-4bd5-803c-d2856daa0332,PROTEIN_ONLY,0,no SAM residue in receptor/target artifact,local://artifact-storage/146396ee-698b-4e85-9582-747a875b7a02/e3f08829-fc57-4e5a-b361-384135d4d573.pdb,True,vina,"{""imported_from"": ""aws_s3_run"", ""aws_run_id"": ""cys203_model_v2_3000_pdbqt_aws_20260612"", ""target_label"": ""TMT1B"", ""selectivity_role"": ""primary"", ""grid_source"": ""fpocket_pocket"", ""grid_name"": ""fpocket_productive_pocket_v1"", ""grid_center"": {""x"": 2.844, ""y"": -2.1, ""z"": -4.211}, ""grid_size"": {""x"": 25.334, ""y"": 19.263, ""z"": 23.923}, ""ligand_count"": 3000, ""job_count"": 3000, ""failed_job_count"": 0, ""failed_jobs"": []}"
d535d404cb326df5eea2a001b43aa40c095c33afee865ab6020af53345fd05a5,60,7A,737ede2d-95ea-4515-a9a7-8c2535f2a12f,8dbfa81e-572d-49ce-9e36-5be95d67c7a5,PROTEIN_ONLY,0,no SAM residue in receptor/target artifact,local://artifact-storage/146396ee-698b-4e85-9582-747a875b7a02/5e4b79a9-f17d-4e61-91d3-f0574416266d.pdb,True,vina,"{""imported_from"": ""aws_s3_run"", ""aws_run_id"": ""cys203_model_v2_3000_pdbqt_aws_20260612"", ""target_label"": ""TMT1A"", ""selectivity_role"": ""counter"", ""grid_source"": ""fpocket_pocket"", ""grid_name"": ""fpocket_productive_pocket_v1"", ""grid_center"": {""x"": 2.844, ""y"": -2.1, ""z"": -4.211}, ""grid_size"": {""x"": 25.334, ""y"": 19.263, ""z"": 23.923}, ""ligand_count"": 3000, ""job_count"": 3000, ""failed_job_count"": 0, ""failed_jobs"": []}"
c38c3759454815d7f9c548ef1424e8c5e66bcaf69841c4d9d825198f8080d6f5,61,7B,7c3c66fd-25f5-4074-8555-fa283dd3f5bd,ade88c32-aedf-4a6e-87ff-6e226188fb39,PROTEIN_ONLY,0,no SAM residue in receptor/target artifact,local://artifact-storage/146396ee-698b-4e85-9582-747a875b7a02/e3f08829-fc57-4e5a-b361-384135d4d573.pdb,True,vina,"{""imported_from"": ""aws_s3_run"", ""aws_run_id"": ""cys203_model_v2_3000_pdbqt_aws_20260612"", ""target_label"": ""TMT1B"", ""selectivity_role"": ""primary"", ""grid_source"": ""fpocket_pocket"", ""grid_name"": ""fpocket_productive_pocket_v1"", ""grid_center"": {""x"": 2.844, ""y"": -2.1, ""z"": -4.211}, ""grid_size"": {""x"": 25.334, ""y"": 19.263, ""z"": 23.923}, ""ligand_count"": 3000, ""job_count"": 3000, ""failed_job_count"": 0, ""failed_jobs"": []}"
c38c3759454815d7f9c548ef1424e8c5e66bcaf69841c4d9d825198f8080d6f5,61,7A,737ede2d-95ea-4515-a9a7-8c2535f2a12f,4d4355a5-0c41-44bd-8391-2c847a7b0019,PROTEIN_ONLY,0,no SAM residue in receptor/target artifact,local://artifact-storage/146396ee-698b-4e85-9582-747a875b7a02/5e4b79a9-f17d-4e61-91d3-f0574416266d.pdb,True,vina,"{""imported_from"": ""aws_s3_run"", ""aws_run_id"": ""cys203_model_v2_3000_pdbqt_aws_20260612"", ""target_label"": ""TMT1A"", ""selectivity_role"": ""counter"", ""grid_source"": ""fpocket_pocket"", ""grid_name"": ""fpocket_productive_pocket_v1"", ""grid_center"": {""x"": 2.844, ""y"": -2.1, ""z"": -4.211}, ""grid_size"": {""x"": 25.334, ""y"": 19.263, ""z"": 23.923}, ""ligand_count"": 3000, ""job_count"": 3000, ""failed_job_count"": 0, ""failed_jobs"": []}"
fb4e075172ccfea5bd8a53973b0fdf0c84d0bd294cfb29a7705fbf51636f515f,62,7B,b64f93bd-8be3-4fba-b9a8-df5d20b84dea,d697bd7e-eff4-4e91-a187-6f6934ed116a,PROTEIN_ONLY,0,no SAM residue in receptor/target artifact,local://artifact-storage/1506eed8-a316-4846-8022-3729e3b69dae/6447b5e7-7fae-48ba-ba3d-6c487431c404.pdbqt,True,vina,"{""engine"": ""vina"", ""ligand_count"": 166, ""receptor_artifact_id"": ""6447b5e7-7fae-48ba-ba3d-6c487431c404"", ""target_label"": ""TMT1B"", ""selectivity_role"": ""primary"", ""grid_source"": ""fpocket_productive_pocket_v1"", ""box"": {""center_x"": 2.844, ""center_y"": -2.1, ""center_z"": -4.211, ""size_x"": 25.334, ""size_y"": 19.263, ""size_z"": 23.923}, ""exhaustiveness"": 8, ""num_modes"": 9, ""pose_count"": 1481, ""failed_ligands"": []}"
fb4e075172ccfea5bd8a53973b0fdf0c84d0bd294cfb29a7705fbf51636f515f,62,7A,614b00c5-ff3d-432f-a3a3-03668cd5732d,4900bb1a-752a-4c37-8cda-e5bb2f9d79d0,PROTEIN_ONLY,0,no SAM residue in receptor/target artifact,local://artifact-storage/1506eed8-a316-4846-8022-3729e3b69dae/bc829f8b-c9a7-4f27-885e-38a1cf8fe2d3.pdbqt,True,vina,"{""engine"": ""vina"", ""ligand_count"": 166, ""receptor_artifact_id"": ""bc829f8b-c9a7-4f27-885e-38a1cf8fe2d3"", ""target_label"": ""TMT1A"", ""selectivity_role"": ""counter"", ""grid_source"": ""fpocket_productive_pocket_v1"", ""box"": {""center_x"": 2.844, ""center_y"": -2.1, ""center_z"": -4.211, ""size_x"": 25.334, ""size_y"": 19.263, ""size_z"": 23.923}, ""exhaustiveness"": 8, ""num_modes"": 9, ""pose_count"": 1412, ""failed_ligands"": []}"
0fae9b2e71e69bb7343b5c0a25f9db04d4efc8ad351302995e3f9055ce122cc9,63,7B,7c3c66fd-25f5-4074-8555-fa283dd3f5bd,7260162d-487d-417b-ba37-016e4cd3cf3b,PROTEIN_ONLY,0,no SAM residue in receptor/target artifact,local://artifact-storage/146396ee-698b-4e85-9582-747a875b7a02/e3f08829-fc57-4e5a-b361-384135d4d573.pdb,True,vina,"{""imported_from"": ""aws_s3_run"", ""aws_run_id"": ""cys203_model_v2_3000_pdbqt_aws_20260612"", ""target_label"": ""TMT1B"", ""selectivity_role"": ""primary"", ""grid_source"": ""fpocket_pocket"", ""grid_name"": ""fpocket_productive_pocket_v1"", ""grid_center"": {""x"": 2.844, ""y"": -2.1, ""z"": -4.211}, ""grid_size"": {""x"": 25.334, ""y"": 19.263, ""z"": 23.923}, ""ligand_count"": 3000, ""job_count"": 3000, ""failed_job_count"": 0, ""failed_jobs"": []}"
0fae9b2e71e69bb7343b5c0a25f9db04d4efc8ad351302995e3f9055ce122cc9,63,7A,737ede2d-95ea-4515-a9a7-8c2535f2a12f,e998f93b-a27c-4232-91b4-488c9384b380,PROTEIN_ONLY,0,no SAM residue in receptor/target artifact,local://artifact-storage/146396ee-698b-4e85-9582-747a875b7a02/5e4b79a9-f17d-4e61-91d3-f0574416266d.pdb,True,vina,"{""imported_from"": ""aws_s3_run"", ""aws_run_id"": ""cys203_model_v2_3000_pdbqt_aws_20260612"", ""target_label"": ""TMT1A"", ""selectivity_role"": ""counter"", ""grid_source"": ""fpocket_pocket"", ""grid_name"": ""fpocket_productive_pocket_v1"", ""grid_center"": {""x"": 2.844, ""y"": -2.1, ""z"": -4.211}, ""grid_size"": {""x"": 25.334, ""y"": 19.263, ""z"": 23.923}, ""ligand_count"": 3000, ""job_count"": 3000, ""failed_job_count"": 0, ""failed_jobs"": []}"
732ddcf6ae78b51da9d8aebd2a75c8b59e6c7cd50396d17b561c59a715960558,64,7B,7c3c66fd-25f5-4074-8555-fa283dd3f5bd,ca3cd8ec-e04d-4d9f-9fb0-75af4af8384a,PROTEIN_ONLY,0,no SAM residue in receptor/target artifact,local://artifact-storage/146396ee-698b-4e85-9582-747a875b7a02/e3f08829-fc57-4e5a-b361-384135d4d573.pdb,True,vina,"{""imported_from"": ""aws_s3_run"", ""aws_run_id"": ""cys203_model_v2_3000_pdbqt_aws_20260612"", ""target_label"": ""TMT1B"", ""selectivity_role"": ""primary"", ""grid_source"": ""fpocket_pocket"", ""grid_name"": ""fpocket_productive_pocket_v1"", ""grid_center"": {""x"": 2.844, ""y"": -2.1, ""z"": -4.211}, ""grid_size"": {""x"": 25.334, ""y"": 19.263, ""z"": 23.923}, ""ligand_count"": 3000, ""job_count"": 3000, ""failed_job_count"": 0, ""failed_jobs"": []}"
732ddcf6ae78b51da9d8aebd2a75c8b59e6c7cd50396d17b561c59a715960558,64,7A,737ede2d-95ea-4515-a9a7-8c2535f2a12f,f5d10acc-b2c6-4283-8bc2-1260a89f1280,PROTEIN_ONLY,0,no SAM residue in receptor/target artifact,local://artifact-storage/146396ee-698b-4e85-9582-747a875b7a02/5e4b79a9-f17d-4e61-91d3-f0574416266d.pdb,True,vina,"{""imported_from"": ""aws_s3_run"", ""aws_run_id"": ""cys203_model_v2_3000_pdbqt_aws_20260612"", ""target_label"": ""TMT1A"", ""selectivity_role"": ""counter"", ""grid_source"": ""fpocket_pocket"", ""grid_name"": ""fpocket_productive_pocket_v1"", ""grid_center"": {""x"": 2.844, ""y"": -2.1, ""z"": -4.211}, ""grid_size"": {""x"": 25.334, ""y"": 19.263, ""z"": 23.923}, ""ligand_count"": 3000, ""job_count"": 3000, ""failed_job_count"": 0, ""failed_jobs"": []}"
87e0155379a9ad67aba068ce53344ab99ea5effc476a109d3c76bb1ee62bbb60,65,7B,7c3c66fd-25f5-4074-8555-fa283dd3f5bd,cd2443a4-b37f-4218-bacc-bd5088ac32a6,PROTEIN_ONLY,0,no SAM residue in receptor/target artifact,local://artifact-storage/146396ee-698b-4e85-9582-747a875b7a02/e3f08829-fc57-4e5a-b361-384135d4d573.pdb,True,vina,"{""imported_from"": ""aws_s3_run"", ""aws_run_id"": ""cys203_model_v2_3000_pdbqt_aws_20260612"", ""target_label"": ""TMT1B"", ""selectivity_role"": ""primary"", ""grid_source"": ""fpocket_pocket"", ""grid_name"": ""fpocket_productive_pocket_v1"", ""grid_center"": {""x"": 2.844, ""y"": -2.1, ""z"": -4.211}, ""grid_size"": {""x"": 25.334, ""y"": 19.263, ""z"": 23.923}, ""ligand_count"": 3000, ""job_count"": 3000, ""failed_job_count"": 0, ""failed_jobs"": []}"
87e0155379a9ad67aba068ce53344ab99ea5effc476a109d3c76bb1ee62bbb60,65,7A,737ede2d-95ea-4515-a9a7-8c2535f2a12f,decc0a09-9a13-4186-8bc3-78412796676f,PROTEIN_ONLY,0,no SAM residue in receptor/target artifact,local://artifact-storage/146396ee-698b-4e85-9582-747a875b7a02/5e4b79a9-f17d-4e61-91d3-f0574416266d.pdb,True,vina,"{""imported_from"": ""aws_s3_run"", ""aws_run_id"": ""cys203_model_v2_3000_pdbqt_aws_20260612"", ""target_label"": ""TMT1A"", ""selectivity_role"": ""counter"", ""grid_source"": ""fpocket_pocket"", ""grid_name"": ""fpocket_productive_pocket_v1"", ""grid_center"": {""x"": 2.844, ""y"": -2.1, ""z"": -4.211}, ""grid_size"": {""x"": 25.334, ""y"": 19.263, ""z"": 23.923}, ""ligand_count"": 3000, ""job_count"": 3000, ""failed_job_count"": 0, ""failed_jobs"": []}"
c0f865d580f7e6231dbbf3265b7157bb6764c8392d277a397c4335d51a11210c,66,7B,3bfa8941-a632-4961-bc6f-0b08e6290e30,7d410b39-c9f8-4549-aafa-38f17151de72,PROTEIN_ONLY,0,no SAM residue in receptor/target artifact,local://artifact-storage/146396ee-698b-4e85-9582-747a875b7a02/e3f08829-fc57-4e5a-b361-384135d4d573.pdb,True,vina,"{""imported_from"": ""aws_s3_run"", ""aws_run_id"": ""cys203_model_v2_3000_pdbqt_aws_20260612"", ""target_label"": ""TMT1B"", ""selectivity_role"": ""primary"", ""grid_source"": ""fpocket_pocket"", ""grid_name"": ""fpocket_productive_pocket_v1"", ""grid_center"": {""x"": 2.844, ""y"": -2.1, ""z"": -4.211}, ""grid_size"": {""x"": 25.334, ""y"": 19.263, ""z"": 23.923}, ""ligand_count"": 3000, ""job_count"": 3000, ""failed_job_count"": 0, ""failed_jobs"": [], ""copied_from_campaign_id"": ""df2da101-7e20-4cf6-b6fc-dc917aa5fe21"", ""copied_from_docking_run_id"": ""7c3c66fd-25f5-4074-8555-fa283dd3f5bd"", ""subset_source"": ""whole_db_no_wh_top_7b_delta_plus_controls""}"
c0f865d580f7e6231dbbf3265b7157bb6764c8392d277a397c4335d51a11210c,66,7A,13023667-0580-45ea-b719-7ed710c86453,95ffba4c-d40b-4878-8070-ae8af6bb9e5a,PROTEIN_ONLY,0,no SAM residue in receptor/target artifact,local://artifact-storage/146396ee-698b-4e85-9582-747a875b7a02/5e4b79a9-f17d-4e61-91d3-f0574416266d.pdb,True,vina,"{""imported_from"": ""aws_s3_run"", ""aws_run_id"": ""cys203_model_v2_3000_pdbqt_aws_20260612"", ""target_label"": ""TMT1A"", ""selectivity_role"": ""counter"", ""grid_source"": ""fpocket_pocket"", ""grid_name"": ""fpocket_productive_pocket_v1"", ""grid_center"": {""x"": 2.844, ""y"": -2.1, ""z"": -4.211}, ""grid_size"": {""x"": 25.334, ""y"": 19.263, ""z"": 23.923}, ""ligand_count"": 3000, ""job_count"": 3000, ""failed_job_count"": 0, ""failed_jobs"": [], ""copied_from_campaign_id"": ""df2da101-7e20-4cf6-b6fc-dc917aa5fe21"", ""copied_from_docking_run_id"": ""737ede2d-95ea-4515-a9a7-8c2535f2a12f"", ""subset_source"": ""whole_db_no_wh_top_7b_delta_plus_controls""}"
114c9f6edb5008421b1e80b283f3041f0b9273b0a4e48e57888d3efbecf27a21,67,7B,1bf6dd89-97f5-4de2-ae3d-9dcec24b7471,660b015c-f97e-4f72-90c3-59383039c0f8,PROTEIN_ONLY,0,no SAM residue in receptor/target artifact,local://artifact-storage/146396ee-698b-4e85-9582-747a875b7a02/e3f08829-fc57-4e5a-b361-384135d4d573.pdb,True,vina,"{""imported_from"": ""aws_s3_run"", ""aws_run_id"": ""cys203_edge_3000_pdbqt_aws_20260612"", ""target_label"": ""TMT1B"", ""selectivity_role"": ""primary"", ""grid_source"": ""fpocket_pocket"", ""grid_name"": ""fpocket_productive_pocket_v1"", ""grid_center"": {""x"": 2.844, ""y"": -2.1, ""z"": -4.211}, ""grid_size"": {""x"": 25.334, ""y"": 19.263, ""z"": 23.923}, ""ligand_count"": 3000, ""job_count"": 3000, ""failed_job_count"": 8, ""failed_jobs"": [""rank0575_MCULE-6426360047_TMT1B"", ""rank0594_MCULE-3473952656_TMT1B"", ""rank1708_MCULE-7919765586_TMT1B"", ""rank2300_MCULE-4451687131_TMT1B"", ""rank2339_MCULE-1149242700_TMT1B"", ""rank2391_MCULE-6412661202_TMT1B"", ""rank2482_MCULE-9668681137_TMT1B"", ""rank2745_MCULE-4826721031_TMT1B""]}"
114c9f6edb5008421b1e80b283f3041f0b9273b0a4e48e57888d3efbecf27a21,67,7A,a90acf75-ba02-4312-aff0-0509d86f2618,86eea962-b2e7-4ae7-9e23-cecf196686aa,PROTEIN_ONLY,0,no SAM residue in receptor/target artifact,local://artifact-storage/146396ee-698b-4e85-9582-747a875b7a02/5e4b79a9-f17d-4e61-91d3-f0574416266d.pdb,True,vina,"{""imported_from"": ""aws_s3_run"", ""aws_run_id"": ""cys203_edge_3000_pdbqt_aws_20260612"", ""target_label"": ""TMT1A"", ""selectivity_role"": ""counter"", ""grid_source"": ""fpocket_pocket"", ""grid_name"": ""fpocket_productive_pocket_v1"", ""grid_center"": {""x"": 2.844, ""y"": -2.1, ""z"": -4.211}, ""grid_size"": {""x"": 25.334, ""y"": 19.263, ""z"": 23.923}, ""ligand_count"": 3000, ""job_count"": 3000, ""failed_job_count"": 8, ""failed_jobs"": [""rank0575_MCULE-6426360047_TMT1A"", ""rank0594_MCULE-3473952656_TMT1A"", ""rank1708_MCULE-7919765586_TMT1A"", ""rank2300_MCULE-4451687131_TMT1A"", ""rank2339_MCULE-1149242700_TMT1A"", ""rank2391_MCULE-6412661202_TMT1A"", ""rank2482_MCULE-9668681137_TMT1A"", ""rank2745_MCULE-4826721031_TMT1A""]}"
a99539d3d98273474b660c0e119226d8905cc435d8322cd715c4339f960ce743,68,7B,7c3c66fd-25f5-4074-8555-fa283dd3f5bd,e57ab84d-2d0e-4c7f-bddd-6e255d7e402e,PROTEIN_ONLY,0,no SAM residue in receptor/target artifact,local://artifact-storage/146396ee-698b-4e85-9582-747a875b7a02/e3f08829-fc57-4e5a-b361-384135d4d573.pdb,True,vina,"{""imported_from"": ""aws_s3_run"", ""aws_run_id"": ""cys203_model_v2_3000_pdbqt_aws_20260612"", ""target_label"": ""TMT1B"", ""selectivity_role"": ""primary"", ""grid_source"": ""fpocket_pocket"", ""grid_name"": ""fpocket_productive_pocket_v1"", ""grid_center"": {""x"": 2.844, ""y"": -2.1, ""z"": -4.211}, ""grid_size"": {""x"": 25.334, ""y"": 19.263, ""z"": 23.923}, ""ligand_count"": 3000, ""job_count"": 3000, ""failed_job_count"": 0, ""failed_jobs"": []}"
a99539d3d98273474b660c0e119226d8905cc435d8322cd715c4339f960ce743,68,7A,737ede2d-95ea-4515-a9a7-8c2535f2a12f,59deed76-0bbc-4a83-953e-538101558b87,PROTEIN_ONLY,0,no SAM residue in receptor/target artifact,local://artifact-storage/146396ee-698b-4e85-9582-747a875b7a02/5e4b79a9-f17d-4e61-91d3-f0574416266d.pdb,True,vina,"{""imported_from"": ""aws_s3_run"", ""aws_run_id"": ""cys203_model_v2_3000_pdbqt_aws_20260612"", ""target_label"": ""TMT1A"", ""selectivity_role"": ""counter"", ""grid_source"": ""fpocket_pocket"", ""grid_name"": ""fpocket_productive_pocket_v1"", ""grid_center"": {""x"": 2.844, ""y"": -2.1, ""z"": -4.211}, ""grid_size"": {""x"": 25.334, ""y"": 19.263, ""z"": 23.923}, ""ligand_count"": 3000, ""job_count"": 3000, ""failed_job_count"": 0, ""failed_jobs"": []}"
5691fad94bf16b11c564fbe03ef5ceb2123dd75230d02a4654740c8da0380d17,69,7B,7c3c66fd-25f5-4074-8555-fa283dd3f5bd,af3a76a6-907d-4863-93e0-0e93af2df568,PROTEIN_ONLY,0,no SAM residue in receptor/target artifact,local://artifact-storage/146396ee-698b-4e85-9582-747a875b7a02/e3f08829-fc57-4e5a-b361-384135d4d573.pdb,True,vina,"{""imported_from"": ""aws_s3_run"", ""aws_run_id"": ""cys203_model_v2_3000_pdbqt_aws_20260612"", ""target_label"": ""TMT1B"", ""selectivity_role"": ""primary"", ""grid_source"": ""fpocket_pocket"", ""grid_name"": ""fpocket_productive_pocket_v1"", ""grid_center"": {""x"": 2.844, ""y"": -2.1, ""z"": -4.211}, ""grid_size"": {""x"": 25.334, ""y"": 19.263, ""z"": 23.923}, ""ligand_count"": 3000, ""job_count"": 3000, ""failed_job_count"": 0, ""failed_jobs"": []}"
5691fad94bf16b11c564fbe03ef5ceb2123dd75230d02a4654740c8da0380d17,69,7A,737ede2d-95ea-4515-a9a7-8c2535f2a12f,bd82e5f3-b0c9-4381-aa46-f7aaadd7cb0a,PROTEIN_ONLY,0,no SAM residue in receptor/target artifact,local://artifact-storage/146396ee-698b-4e85-9582-747a875b7a02/5e4b79a9-f17d-4e61-91d3-f0574416266d.pdb,True,vina,"{""imported_from"": ""aws_s3_run"", ""aws_run_id"": ""cys203_model_v2_3000_pdbqt_aws_20260612"", ""target_label"": ""TMT1A"", ""selectivity_role"": ""counter"", ""grid_source"": ""fpocket_pocket"", ""grid_name"": ""fpocket_productive_pocket_v1"", ""grid_center"": {""x"": 2.844, ""y"": -2.1, ""z"": -4.211}, ""grid_size"": {""x"": 25.334, ""y"": 19.263, ""z"": 23.923}, ""ligand_count"": 3000, ""job_count"": 3000, ""failed_job_count"": 0, ""failed_jobs"": []}"
f7ed20d0170cc35ccf44d3908fc68641b87ad963f2ff59821f157e16e8323742,70,7B,7c3c66fd-25f5-4074-8555-fa283dd3f5bd,27ced6ab-d982-4a96-a825-4f9acfa8abc8,PROTEIN_ONLY,0,no SAM residue in receptor/target artifact,local://artifact-storage/146396ee-698b-4e85-9582-747a875b7a02/e3f08829-fc57-4e5a-b361-384135d4d573.pdb,True,vina,"{""imported_from"": ""aws_s3_run"", ""aws_run_id"": ""cys203_model_v2_3000_pdbqt_aws_20260612"", ""target_label"": ""TMT1B"", ""selectivity_role"": ""primary"", ""grid_source"": ""fpocket_pocket"", ""grid_name"": ""fpocket_productive_pocket_v1"", ""grid_center"": {""x"": 2.844, ""y"": -2.1, ""z"": -4.211}, ""grid_size"": {""x"": 25.334, ""y"": 19.263, ""z"": 23.923}, ""ligand_count"": 3000, ""job_count"": 3000, ""failed_job_count"": 0, ""failed_jobs"": []}"
f7ed20d0170cc35ccf44d3908fc68641b87ad963f2ff59821f157e16e8323742,70,7A,737ede2d-95ea-4515-a9a7-8c2535f2a12f,0d58794c-8eee-470f-b61d-7308c2c4cfab,PROTEIN_ONLY,0,no SAM residue in receptor/target artifact,local://artifact-storage/146396ee-698b-4e85-9582-747a875b7a02/5e4b79a9-f17d-4e61-91d3-f0574416266d.pdb,True,vina,"{""imported_from"": ""aws_s3_run"", ""aws_run_id"": ""cys203_model_v2_3000_pdbqt_aws_20260612"", ""target_label"": ""TMT1A"", ""selectivity_role"": ""counter"", ""grid_source"": ""fpocket_pocket"", ""grid_name"": ""fpocket_productive_pocket_v1"", ""grid_center"": {""x"": 2.844, ""y"": -2.1, ""z"": -4.211}, ""grid_size"": {""x"": 25.334, ""y"": 19.263, ""z"": 23.923}, ""ligand_count"": 3000, ""job_count"": 3000, ""failed_job_count"": 0, ""failed_jobs"": []}"
d828e98398be8553cd0c00a26923b86af06dfeffd758f35c469c17bb8570f2c6,71,7B,7c3c66fd-25f5-4074-8555-fa283dd3f5bd,ac6ec07e-96d2-4aca-a43e-48d0ffca53ad,PROTEIN_ONLY,0,no SAM residue in receptor/target artifact,local://artifact-storage/146396ee-698b-4e85-9582-747a875b7a02/e3f08829-fc57-4e5a-b361-384135d4d573.pdb,True,vina,"{""imported_from"": ""aws_s3_run"", ""aws_run_id"": ""cys203_model_v2_3000_pdbqt_aws_20260612"", ""target_label"": ""TMT1B"", ""selectivity_role"": ""primary"", ""grid_source"": ""fpocket_pocket"", ""grid_name"": ""fpocket_productive_pocket_v1"", ""grid_center"": {""x"": 2.844, ""y"": -2.1, ""z"": -4.211}, ""grid_size"": {""x"": 25.334, ""y"": 19.263, ""z"": 23.923}, ""ligand_count"": 3000, ""job_count"": 3000, ""failed_job_count"": 0, ""failed_jobs"": []}"
d828e98398be8553cd0c00a26923b86af06dfeffd758f35c469c17bb8570f2c6,71,7A,737ede2d-95ea-4515-a9a7-8c2535f2a12f,c5bd2264-1682-43cb-bd52-580d72a32123,PROTEIN_ONLY,0,no SAM residue in receptor/target artifact,local://artifact-storage/146396ee-698b-4e85-9582-747a875b7a02/5e4b79a9-f17d-4e61-91d3-f0574416266d.pdb,True,vina,"{""imported_from"": ""aws_s3_run"", ""aws_run_id"": ""cys203_model_v2_3000_pdbqt_aws_20260612"", ""target_label"": ""TMT1A"", ""selectivity_role"": ""counter"", ""grid_source"": ""fpocket_pocket"", ""grid_name"": ""fpocket_productive_pocket_v1"", ""grid_center"": {""x"": 2.844, ""y"": -2.1, ""z"": -4.211}, ""grid_size"": {""x"": 25.334, ""y"": 19.263, ""z"": 23.923}, ""ligand_count"": 3000, ""job_count"": 3000, ""failed_job_count"": 0, ""failed_jobs"": []}"
1d47c4d82d7208bf84c2b08483447352ebd3a293350afb6f0569df61b6a2ef28,72,7B,7c3c66fd-25f5-4074-8555-fa283dd3f5bd,4b3df2d6-c80d-4952-8c7c-c0611c0d9d79,PROTEIN_ONLY,0,no SAM residue in receptor/target artifact,local://artifact-storage/146396ee-698b-4e85-9582-747a875b7a02/e3f08829-fc57-4e5a-b361-384135d4d573.pdb,True,vina,"{""imported_from"": ""aws_s3_run"", ""aws_run_id"": ""cys203_model_v2_3000_pdbqt_aws_20260612"", ""target_label"": ""TMT1B"", ""selectivity_role"": ""primary"", ""grid_source"": ""fpocket_pocket"", ""grid_name"": ""fpocket_productive_pocket_v1"", ""grid_center"": {""x"": 2.844, ""y"": -2.1, ""z"": -4.211}, ""grid_size"": {""x"": 25.334, ""y"": 19.263, ""z"": 23.923}, ""ligand_count"": 3000, ""job_count"": 3000, ""failed_job_count"": 0, ""failed_jobs"": []}"
1d47c4d82d7208bf84c2b08483447352ebd3a293350afb6f0569df61b6a2ef28,72,7A,737ede2d-95ea-4515-a9a7-8c2535f2a12f,8041fbc1-e358-41ba-b095-59249aedde7f,PROTEIN_ONLY,0,no SAM residue in receptor/target artifact,local://artifact-storage/146396ee-698b-4e85-9582-747a875b7a02/5e4b79a9-f17d-4e61-91d3-f0574416266d.pdb,True,vina,"{""imported_from"": ""aws_s3_run"", ""aws_run_id"": ""cys203_model_v2_3000_pdbqt_aws_20260612"", ""target_label"": ""TMT1A"", ""selectivity_role"": ""counter"", ""grid_source"": ""fpocket_pocket"", ""grid_name"": ""fpocket_productive_pocket_v1"", ""grid_center"": {""x"": 2.844, ""y"": -2.1, ""z"": -4.211}, ""grid_size"": {""x"": 25.334, ""y"": 19.263, ""z"": 23.923}, ""ligand_count"": 3000, ""job_count"": 3000, ""failed_job_count"": 0, ""failed_jobs"": []}"
522f16cfb7d3526bc4cf850a6b103ee67cd3ef96c40399ddbdbce4f3e5b2eb1b,73,7B,7c3c66fd-25f5-4074-8555-fa283dd3f5bd,111c95d1-a1f3-4d15-a4d8-e3cf68c4fb44,PROTEIN_ONLY,0,no SAM residue in receptor/target artifact,local://artifact-storage/146396ee-698b-4e85-9582-747a875b7a02/e3f08829-fc57-4e5a-b361-384135d4d573.pdb,True,vina,"{""imported_from"": ""aws_s3_run"", ""aws_run_id"": ""cys203_model_v2_3000_pdbqt_aws_20260612"", ""target_label"": ""TMT1B"", ""selectivity_role"": ""primary"", ""grid_source"": ""fpocket_pocket"", ""grid_name"": ""fpocket_productive_pocket_v1"", ""grid_center"": {""x"": 2.844, ""y"": -2.1, ""z"": -4.211}, ""grid_size"": {""x"": 25.334, ""y"": 19.263, ""z"": 23.923}, ""ligand_count"": 3000, ""job_count"": 3000, ""failed_job_count"": 0, ""failed_jobs"": []}"
522f16cfb7d3526bc4cf850a6b103ee67cd3ef96c40399ddbdbce4f3e5b2eb1b,73,7A,737ede2d-95ea-4515-a9a7-8c2535f2a12f,7cc80146-5396-4435-bd86-703b23b02109,PROTEIN_ONLY,0,no SAM residue in receptor/target artifact,local://artifact-storage/146396ee-698b-4e85-9582-747a875b7a02/5e4b79a9-f17d-4e61-91d3-f0574416266d.pdb,True,vina,"{""imported_from"": ""aws_s3_run"", ""aws_run_id"": ""cys203_model_v2_3000_pdbqt_aws_20260612"", ""target_label"": ""TMT1A"", ""selectivity_role"": ""counter"", ""grid_source"": ""fpocket_pocket"", ""grid_name"": ""fpocket_productive_pocket_v1"", ""grid_center"": {""x"": 2.844, ""y"": -2.1, ""z"": -4.211}, ""grid_size"": {""x"": 25.334, ""y"": 19.263, ""z"": 23.923}, ""ligand_count"": 3000, ""job_count"": 3000, ""failed_job_count"": 0, ""failed_jobs"": []}"
888b2bc1f3676827b6f7382bd8bde933969821ffeba0e19317ab4826a234b566,74,7B,7c3c66fd-25f5-4074-8555-fa283dd3f5bd,758317fd-b1ea-4b8c-99aa-8a1440d4933b,PROTEIN_ONLY,0,no SAM residue in receptor/target artifact,local://artifact-storage/146396ee-698b-4e85-9582-747a875b7a02/e3f08829-fc57-4e5a-b361-384135d4d573.pdb,True,vina,"{""imported_from"": ""aws_s3_run"", ""aws_run_id"": ""cys203_model_v2_3000_pdbqt_aws_20260612"", ""target_label"": ""TMT1B"", ""selectivity_role"": ""primary"", ""grid_source"": ""fpocket_pocket"", ""grid_name"": ""fpocket_productive_pocket_v1"", ""grid_center"": {""x"": 2.844, ""y"": -2.1, ""z"": -4.211}, ""grid_size"": {""x"": 25.334, ""y"": 19.263, ""z"": 23.923}, ""ligand_count"": 3000, ""job_count"": 3000, ""failed_job_count"": 0, ""failed_jobs"": []}"
888b2bc1f3676827b6f7382bd8bde933969821ffeba0e19317ab4826a234b566,74,7A,737ede2d-95ea-4515-a9a7-8c2535f2a12f,b295f1a6-d552-4da5-9f1e-225f001f23ad,PROTEIN_ONLY,0,no SAM residue in receptor/target artifact,local://artifact-storage/146396ee-698b-4e85-9582-747a875b7a02/5e4b79a9-f17d-4e61-91d3-f0574416266d.pdb,True,vina,"{""imported_from"": ""aws_s3_run"", ""aws_run_id"": ""cys203_model_v2_3000_pdbqt_aws_20260612"", ""target_label"": ""TMT1A"", ""selectivity_role"": ""counter"", ""grid_source"": ""fpocket_pocket"", ""grid_name"": ""fpocket_productive_pocket_v1"", ""grid_center"": {""x"": 2.844, ""y"": -2.1, ""z"": -4.211}, ""grid_size"": {""x"": 25.334, ""y"": 19.263, ""z"": 23.923}, ""ligand_count"": 3000, ""job_count"": 3000, ""failed_job_count"": 0, ""failed_jobs"": []}"
b45a11815eafade47a7b4920caf1c7c1328f1cc7393ad0b29a3e8170ed497818,75,7B,1bf6dd89-97f5-4de2-ae3d-9dcec24b7471,4696dc5b-9af8-401a-9232-08df6547a2c9,PROTEIN_ONLY,0,no SAM residue in receptor/target artifact,local://artifact-storage/146396ee-698b-4e85-9582-747a875b7a02/e3f08829-fc57-4e5a-b361-384135d4d573.pdb,True,vina,"{""imported_from"": ""aws_s3_run"", ""aws_run_id"": ""cys203_edge_3000_pdbqt_aws_20260612"", ""target_label"": ""TMT1B"", ""selectivity_role"": ""primary"", ""grid_source"": ""fpocket_pocket"", ""grid_name"": ""fpocket_productive_pocket_v1"", ""grid_center"": {""x"": 2.844, ""y"": -2.1, ""z"": -4.211}, ""grid_size"": {""x"": 25.334, ""y"": 19.263, ""z"": 23.923}, ""ligand_count"": 3000, ""job_count"": 3000, ""failed_job_count"": 8, ""failed_jobs"": [""rank0575_MCULE-6426360047_TMT1B"", ""rank0594_MCULE-3473952656_TMT1B"", ""rank1708_MCULE-7919765586_TMT1B"", ""rank2300_MCULE-4451687131_TMT1B"", ""rank2339_MCULE-1149242700_TMT1B"", ""rank2391_MCULE-6412661202_TMT1B"", ""rank2482_MCULE-9668681137_TMT1B"", ""rank2745_MCULE-4826721031_TMT1B""]}"
b45a11815eafade47a7b4920caf1c7c1328f1cc7393ad0b29a3e8170ed497818,75,7A,a90acf75-ba02-4312-aff0-0509d86f2618,03649728-45d6-4177-9496-ca1ae2079ef5,PROTEIN_ONLY,0,no SAM residue in receptor/target artifact,local://artifact-storage/146396ee-698b-4e85-9582-747a875b7a02/5e4b79a9-f17d-4e61-91d3-f0574416266d.pdb,True,vina,"{""imported_from"": ""aws_s3_run"", ""aws_run_id"": ""cys203_edge_3000_pdbqt_aws_20260612"", ""target_label"": ""TMT1A"", ""selectivity_role"": ""counter"", ""grid_source"": ""fpocket_pocket"", ""grid_name"": ""fpocket_productive_pocket_v1"", ""grid_center"": {""x"": 2.844, ""y"": -2.1, ""z"": -4.211}, ""grid_size"": {""x"": 25.334, ""y"": 19.263, ""z"": 23.923}, ""ligand_count"": 3000, ""job_count"": 3000, ""failed_job_count"": 8, ""failed_jobs"": [""rank0575_MCULE-6426360047_TMT1A"", ""rank0594_MCULE-3473952656_TMT1A"", ""rank1708_MCULE-7919765586_TMT1A"", ""rank2300_MCULE-4451687131_TMT1A"", ""rank2339_MCULE-1149242700_TMT1A"", ""rank2391_MCULE-6412661202_TMT1A"", ""rank2482_MCULE-9668681137_TMT1A"", ""rank2745_MCULE-4826721031_TMT1A""]}"
d2226951eb075d658e7d15a7735628b5453a1156a128d50b8c757d8108d9d04f,76,7B,7c3c66fd-25f5-4074-8555-fa283dd3f5bd,8b1e5fb9-2d75-441c-adc9-e92c9ff37de3,PROTEIN_ONLY,0,no SAM residue in receptor/target artifact,local://artifact-storage/146396ee-698b-4e85-9582-747a875b7a02/e3f08829-fc57-4e5a-b361-384135d4d573.pdb,True,vina,"{""imported_from"": ""aws_s3_run"", ""aws_run_id"": ""cys203_model_v2_3000_pdbqt_aws_20260612"", ""target_label"": ""TMT1B"", ""selectivity_role"": ""primary"", ""grid_source"": ""fpocket_pocket"", ""grid_name"": ""fpocket_productive_pocket_v1"", ""grid_center"": {""x"": 2.844, ""y"": -2.1, ""z"": -4.211}, ""grid_size"": {""x"": 25.334, ""y"": 19.263, ""z"": 23.923}, ""ligand_count"": 3000, ""job_count"": 3000, ""failed_job_count"": 0, ""failed_jobs"": []}"
d2226951eb075d658e7d15a7735628b5453a1156a128d50b8c757d8108d9d04f,76,7A,737ede2d-95ea-4515-a9a7-8c2535f2a12f,ec4a66ca-0477-4ed8-ae9c-3acc090ec03e,PROTEIN_ONLY,0,no SAM residue in receptor/target artifact,local://artifact-storage/146396ee-698b-4e85-9582-747a875b7a02/5e4b79a9-f17d-4e61-91d3-f0574416266d.pdb,True,vina,"{""imported_from"": ""aws_s3_run"", ""aws_run_id"": ""cys203_model_v2_3000_pdbqt_aws_20260612"", ""target_label"": ""TMT1A"", ""selectivity_role"": ""counter"", ""grid_source"": ""fpocket_pocket"", ""grid_name"": ""fpocket_productive_pocket_v1"", ""grid_center"": {""x"": 2.844, ""y"": -2.1, ""z"": -4.211}, ""grid_size"": {""x"": 25.334, ""y"": 19.263, ""z"": 23.923}, ""ligand_count"": 3000, ""job_count"": 3000, ""failed_job_count"": 0, ""failed_jobs"": []}"
4f91ac3f09aaeb06c64cfcf906d4ac9a2c83b4d4ff78b33688a79323915995cf,77,7B,7c3c66fd-25f5-4074-8555-fa283dd3f5bd,573dcfd9-460c-4a53-9606-0ef3f59c5634,PROTEIN_ONLY,0,no SAM residue in receptor/target artifact,local://artifact-storage/146396ee-698b-4e85-9582-747a875b7a02/e3f08829-fc57-4e5a-b361-384135d4d573.pdb,True,vina,"{""imported_from"": ""aws_s3_run"", ""aws_run_id"": ""cys203_model_v2_3000_pdbqt_aws_20260612"", ""target_label"": ""TMT1B"", ""selectivity_role"": ""primary"", ""grid_source"": ""fpocket_pocket"", ""grid_name"": ""fpocket_productive_pocket_v1"", ""grid_center"": {""x"": 2.844, ""y"": -2.1, ""z"": -4.211}, ""grid_size"": {""x"": 25.334, ""y"": 19.263, ""z"": 23.923}, ""ligand_count"": 3000, ""job_count"": 3000, ""failed_job_count"": 0, ""failed_jobs"": []}"
4f91ac3f09aaeb06c64cfcf906d4ac9a2c83b4d4ff78b33688a79323915995cf,77,7A,737ede2d-95ea-4515-a9a7-8c2535f2a12f,5223f471-d89d-4e08-88f1-53ea5e9db051,PROTEIN_ONLY,0,no SAM residue in receptor/target artifact,local://artifact-storage/146396ee-698b-4e85-9582-747a875b7a02/5e4b79a9-f17d-4e61-91d3-f0574416266d.pdb,True,vina,"{""imported_from"": ""aws_s3_run"", ""aws_run_id"": ""cys203_model_v2_3000_pdbqt_aws_20260612"", ""target_label"": ""TMT1A"", ""selectivity_role"": ""counter"", ""grid_source"": ""fpocket_pocket"", ""grid_name"": ""fpocket_productive_pocket_v1"", ""grid_center"": {""x"": 2.844, ""y"": -2.1, ""z"": -4.211}, ""grid_size"": {""x"": 25.334, ""y"": 19.263, ""z"": 23.923}, ""ligand_count"": 3000, ""job_count"": 3000, ""failed_job_count"": 0, ""failed_jobs"": []}"
7b3e8a0d790b0ff299164e5d17178120d65814e008595cb9a271ea6a4c306b35,78,7B,7c3c66fd-25f5-4074-8555-fa283dd3f5bd,43759c88-c0fd-4571-b827-26c393111c3e,PROTEIN_ONLY,0,no SAM residue in receptor/target artifact,local://artifact-storage/146396ee-698b-4e85-9582-747a875b7a02/e3f08829-fc57-4e5a-b361-384135d4d573.pdb,True,vina,"{""imported_from"": ""aws_s3_run"", ""aws_run_id"": ""cys203_model_v2_3000_pdbqt_aws_20260612"", ""target_label"": ""TMT1B"", ""selectivity_role"": ""primary"", ""grid_source"": ""fpocket_pocket"", ""grid_name"": ""fpocket_productive_pocket_v1"", ""grid_center"": {""x"": 2.844, ""y"": -2.1, ""z"": -4.211}, ""grid_size"": {""x"": 25.334, ""y"": 19.263, ""z"": 23.923}, ""ligand_count"": 3000, ""job_count"": 3000, ""failed_job_count"": 0, ""failed_jobs"": []}"
7b3e8a0d790b0ff299164e5d17178120d65814e008595cb9a271ea6a4c306b35,78,7A,737ede2d-95ea-4515-a9a7-8c2535f2a12f,ad76066b-f9ca-4ad9-b428-1031184c7e4e,PROTEIN_ONLY,0,no SAM residue in receptor/target artifact,local://artifact-storage/146396ee-698b-4e85-9582-747a875b7a02/5e4b79a9-f17d-4e61-91d3-f0574416266d.pdb,True,vina,"{""imported_from"": ""aws_s3_run"", ""aws_run_id"": ""cys203_model_v2_3000_pdbqt_aws_20260612"", ""target_label"": ""TMT1A"", ""selectivity_role"": ""counter"", ""grid_source"": ""fpocket_pocket"", ""grid_name"": ""fpocket_productive_pocket_v1"", ""grid_center"": {""x"": 2.844, ""y"": -2.1, ""z"": -4.211}, ""grid_size"": {""x"": 25.334, ""y"": 19.263, ""z"": 23.923}, ""ligand_count"": 3000, ""job_count"": 3000, ""failed_job_count"": 0, ""failed_jobs"": []}"
e122a5cc16925cf0698978009c8a2a1bd1932911f42b270b9b4ecf3790d72a46,79,7B,7c3c66fd-25f5-4074-8555-fa283dd3f5bd,061aec8a-de59-4a33-aa2f-744bfea67df9,PROTEIN_ONLY,0,no SAM residue in receptor/target artifact,local://artifact-storage/146396ee-698b-4e85-9582-747a875b7a02/e3f08829-fc57-4e5a-b361-384135d4d573.pdb,True,vina,"{""imported_from"": ""aws_s3_run"", ""aws_run_id"": ""cys203_model_v2_3000_pdbqt_aws_20260612"", ""target_label"": ""TMT1B"", ""selectivity_role"": ""primary"", ""grid_source"": ""fpocket_pocket"", ""grid_name"": ""fpocket_productive_pocket_v1"", ""grid_center"": {""x"": 2.844, ""y"": -2.1, ""z"": -4.211}, ""grid_size"": {""x"": 25.334, ""y"": 19.263, ""z"": 23.923}, ""ligand_count"": 3000, ""job_count"": 3000, ""failed_job_count"": 0, ""failed_jobs"": []}"
e122a5cc16925cf0698978009c8a2a1bd1932911f42b270b9b4ecf3790d72a46,79,7A,737ede2d-95ea-4515-a9a7-8c2535f2a12f,c74a5318-29f1-4be4-81ea-fee4112ff05a,PROTEIN_ONLY,0,no SAM residue in receptor/target artifact,local://artifact-storage/146396ee-698b-4e85-9582-747a875b7a02/5e4b79a9-f17d-4e61-91d3-f0574416266d.pdb,True,vina,"{""imported_from"": ""aws_s3_run"", ""aws_run_id"": ""cys203_model_v2_3000_pdbqt_aws_20260612"", ""target_label"": ""TMT1A"", ""selectivity_role"": ""counter"", ""grid_source"": ""fpocket_pocket"", ""grid_name"": ""fpocket_productive_pocket_v1"", ""grid_center"": {""x"": 2.844, ""y"": -2.1, ""z"": -4.211}, ""grid_size"": {""x"": 25.334, ""y"": 19.263, ""z"": 23.923}, ""ligand_count"": 3000, ""job_count"": 3000, ""failed_job_count"": 0, ""failed_jobs"": []}"
4d624cd8bb810ed371460a089d331e341d809b2f306c63561d0de939680b238d,80,7B,7c3c66fd-25f5-4074-8555-fa283dd3f5bd,613750c9-b545-4ae4-9fb4-b9181170bb22,PROTEIN_ONLY,0,no SAM residue in receptor/target artifact,local://artifact-storage/146396ee-698b-4e85-9582-747a875b7a02/e3f08829-fc57-4e5a-b361-384135d4d573.pdb,True,vina,"{""imported_from"": ""aws_s3_run"", ""aws_run_id"": ""cys203_model_v2_3000_pdbqt_aws_20260612"", ""target_label"": ""TMT1B"", ""selectivity_role"": ""primary"", ""grid_source"": ""fpocket_pocket"", ""grid_name"": ""fpocket_productive_pocket_v1"", ""grid_center"": {""x"": 2.844, ""y"": -2.1, ""z"": -4.211}, ""grid_size"": {""x"": 25.334, ""y"": 19.263, ""z"": 23.923}, ""ligand_count"": 3000, ""job_count"": 3000, ""failed_job_count"": 0, ""failed_jobs"": []}"
4d624cd8bb810ed371460a089d331e341d809b2f306c63561d0de939680b238d,80,7A,737ede2d-95ea-4515-a9a7-8c2535f2a12f,1dab4071-a4e2-4392-9a3a-aa764ec4b36c,PROTEIN_ONLY,0,no SAM residue in receptor/target artifact,local://artifact-storage/146396ee-698b-4e85-9582-747a875b7a02/5e4b79a9-f17d-4e61-91d3-f0574416266d.pdb,True,vina,"{""imported_from"": ""aws_s3_run"", ""aws_run_id"": ""cys203_model_v2_3000_pdbqt_aws_20260612"", ""target_label"": ""TMT1A"", ""selectivity_role"": ""counter"", ""grid_source"": ""fpocket_pocket"", ""grid_name"": ""fpocket_productive_pocket_v1"", ""grid_center"": {""x"": 2.844, ""y"": -2.1, ""z"": -4.211}, ""grid_size"": {""x"": 25.334, ""y"": 19.263, ""z"": 23.923}, ""ligand_count"": 3000, ""job_count"": 3000, ""failed_job_count"": 0, ""failed_jobs"": []}"
482737fb4da3b2e552546a74e2058c43f9887a6372f2a79a7d8d1da16cd600b2,81,7B,1bf6dd89-97f5-4de2-ae3d-9dcec24b7471,68a9c54c-7c4e-48db-91e1-da45adc4ab55,PROTEIN_ONLY,0,no SAM residue in receptor/target artifact,local://artifact-storage/146396ee-698b-4e85-9582-747a875b7a02/e3f08829-fc57-4e5a-b361-384135d4d573.pdb,True,vina,"{""imported_from"": ""aws_s3_run"", ""aws_run_id"": ""cys203_edge_3000_pdbqt_aws_20260612"", ""target_label"": ""TMT1B"", ""selectivity_role"": ""primary"", ""grid_source"": ""fpocket_pocket"", ""grid_name"": ""fpocket_productive_pocket_v1"", ""grid_center"": {""x"": 2.844, ""y"": -2.1, ""z"": -4.211}, ""grid_size"": {""x"": 25.334, ""y"": 19.263, ""z"": 23.923}, ""ligand_count"": 3000, ""job_count"": 3000, ""failed_job_count"": 8, ""failed_jobs"": [""rank0575_MCULE-6426360047_TMT1B"", ""rank0594_MCULE-3473952656_TMT1B"", ""rank1708_MCULE-7919765586_TMT1B"", ""rank2300_MCULE-4451687131_TMT1B"", ""rank2339_MCULE-1149242700_TMT1B"", ""rank2391_MCULE-6412661202_TMT1B"", ""rank2482_MCULE-9668681137_TMT1B"", ""rank2745_MCULE-4826721031_TMT1B""]}"
482737fb4da3b2e552546a74e2058c43f9887a6372f2a79a7d8d1da16cd600b2,81,7A,a90acf75-ba02-4312-aff0-0509d86f2618,ed81c1ff-4165-475a-bfd5-226dc8ee50a9,PROTEIN_ONLY,0,no SAM residue in receptor/target artifact,local://artifact-storage/146396ee-698b-4e85-9582-747a875b7a02/5e4b79a9-f17d-4e61-91d3-f0574416266d.pdb,True,vina,"{""imported_from"": ""aws_s3_run"", ""aws_run_id"": ""cys203_edge_3000_pdbqt_aws_20260612"", ""target_label"": ""TMT1A"", ""selectivity_role"": ""counter"", ""grid_source"": ""fpocket_pocket"", ""grid_name"": ""fpocket_productive_pocket_v1"", ""grid_center"": {""x"": 2.844, ""y"": -2.1, ""z"": -4.211}, ""grid_size"": {""x"": 25.334, ""y"": 19.263, ""z"": 23.923}, ""ligand_count"": 3000, ""job_count"": 3000, ""failed_job_count"": 8, ""failed_jobs"": [""rank0575_MCULE-6426360047_TMT1A"", ""rank0594_MCULE-3473952656_TMT1A"", ""rank1708_MCULE-7919765586_TMT1A"", ""rank2300_MCULE-4451687131_TMT1A"", ""rank2339_MCULE-1149242700_TMT1A"", ""rank2391_MCULE-6412661202_TMT1A"", ""rank2482_MCULE-9668681137_TMT1A"", ""rank2745_MCULE-4826721031_TMT1A""]}"
89ca32b17a88cacfacc4fd1279f3b3463f6a8e70940b2d38637df0acd554bc96,82,7B,1bf6dd89-97f5-4de2-ae3d-9dcec24b7471,a25ca1cb-8cde-4fa2-9b6b-537ebf116128,PROTEIN_ONLY,0,no SAM residue in receptor/target artifact,local://artifact-storage/146396ee-698b-4e85-9582-747a875b7a02/e3f08829-fc57-4e5a-b361-384135d4d573.pdb,True,vina,"{""imported_from"": ""aws_s3_run"", ""aws_run_id"": ""cys203_edge_3000_pdbqt_aws_20260612"", ""target_label"": ""TMT1B"", ""selectivity_role"": ""primary"", ""grid_source"": ""fpocket_pocket"", ""grid_name"": ""fpocket_productive_pocket_v1"", ""grid_center"": {""x"": 2.844, ""y"": -2.1, ""z"": -4.211}, ""grid_size"": {""x"": 25.334, ""y"": 19.263, ""z"": 23.923}, ""ligand_count"": 3000, ""job_count"": 3000, ""failed_job_count"": 8, ""failed_jobs"": [""rank0575_MCULE-6426360047_TMT1B"", ""rank0594_MCULE-3473952656_TMT1B"", ""rank1708_MCULE-7919765586_TMT1B"", ""rank2300_MCULE-4451687131_TMT1B"", ""rank2339_MCULE-1149242700_TMT1B"", ""rank2391_MCULE-6412661202_TMT1B"", ""rank2482_MCULE-9668681137_TMT1B"", ""rank2745_MCULE-4826721031_TMT1B""]}"
89ca32b17a88cacfacc4fd1279f3b3463f6a8e70940b2d38637df0acd554bc96,82,7A,a90acf75-ba02-4312-aff0-0509d86f2618,6d6126d7-7082-4df2-aff0-21e0094d7490,PROTEIN_ONLY,0,no SAM residue in receptor/target artifact,local://artifact-storage/146396ee-698b-4e85-9582-747a875b7a02/5e4b79a9-f17d-4e61-91d3-f0574416266d.pdb,True,vina,"{""imported_from"": ""aws_s3_run"", ""aws_run_id"": ""cys203_edge_3000_pdbqt_aws_20260612"", ""target_label"": ""TMT1A"", ""selectivity_role"": ""counter"", ""grid_source"": ""fpocket_pocket"", ""grid_name"": ""fpocket_productive_pocket_v1"", ""grid_center"": {""x"": 2.844, ""y"": -2.1, ""z"": -4.211}, ""grid_size"": {""x"": 25.334, ""y"": 19.263, ""z"": 23.923}, ""ligand_count"": 3000, ""job_count"": 3000, ""failed_job_count"": 8, ""failed_jobs"": [""rank0575_MCULE-6426360047_TMT1A"", ""rank0594_MCULE-3473952656_TMT1A"", ""rank1708_MCULE-7919765586_TMT1A"", ""rank2300_MCULE-4451687131_TMT1A"", ""rank2339_MCULE-1149242700_TMT1A"", ""rank2391_MCULE-6412661202_TMT1A"", ""rank2482_MCULE-9668681137_TMT1A"", ""rank2745_MCULE-4826721031_TMT1A""]}"
9a9488838cb6c68ee2492a410fa74bebcc919ead352342f900ba67e7ef81756f,83,7B,7c3c66fd-25f5-4074-8555-fa283dd3f5bd,4ad3f501-1ebf-47ad-b83f-0acd45377e9c,PROTEIN_ONLY,0,no SAM residue in receptor/target artifact,local://artifact-storage/146396ee-698b-4e85-9582-747a875b7a02/e3f08829-fc57-4e5a-b361-384135d4d573.pdb,True,vina,"{""imported_from"": ""aws_s3_run"", ""aws_run_id"": ""cys203_model_v2_3000_pdbqt_aws_20260612"", ""target_label"": ""TMT1B"", ""selectivity_role"": ""primary"", ""grid_source"": ""fpocket_pocket"", ""grid_name"": ""fpocket_productive_pocket_v1"", ""grid_center"": {""x"": 2.844, ""y"": -2.1, ""z"": -4.211}, ""grid_size"": {""x"": 25.334, ""y"": 19.263, ""z"": 23.923}, ""ligand_count"": 3000, ""job_count"": 3000, ""failed_job_count"": 0, ""failed_jobs"": []}"
9a9488838cb6c68ee2492a410fa74bebcc919ead352342f900ba67e7ef81756f,83,7A,737ede2d-95ea-4515-a9a7-8c2535f2a12f,52bda2eb-ea24-4fe5-acc6-b2245e670b53,PROTEIN_ONLY,0,no SAM residue in receptor/target artifact,local://artifact-storage/146396ee-698b-4e85-9582-747a875b7a02/5e4b79a9-f17d-4e61-91d3-f0574416266d.pdb,True,vina,"{""imported_from"": ""aws_s3_run"", ""aws_run_id"": ""cys203_model_v2_3000_pdbqt_aws_20260612"", ""target_label"": ""TMT1A"", ""selectivity_role"": ""counter"", ""grid_source"": ""fpocket_pocket"", ""grid_name"": ""fpocket_productive_pocket_v1"", ""grid_center"": {""x"": 2.844, ""y"": -2.1, ""z"": -4.211}, ""grid_size"": {""x"": 25.334, ""y"": 19.263, ""z"": 23.923}, ""ligand_count"": 3000, ""job_count"": 3000, ""failed_job_count"": 0, ""failed_jobs"": []}"
7601dc3adf2d087048fb7d8b902e2757003100876fadbc5c0d8da4fcb52bf467,84,7B,7c3c66fd-25f5-4074-8555-fa283dd3f5bd,6cfef8b1-5745-49d8-82b8-42af74831cce,PROTEIN_ONLY,0,no SAM residue in receptor/target artifact,local://artifact-storage/146396ee-698b-4e85-9582-747a875b7a02/e3f08829-fc57-4e5a-b361-384135d4d573.pdb,True,vina,"{""imported_from"": ""aws_s3_run"", ""aws_run_id"": ""cys203_model_v2_3000_pdbqt_aws_20260612"", ""target_label"": ""TMT1B"", ""selectivity_role"": ""primary"", ""grid_source"": ""fpocket_pocket"", ""grid_name"": ""fpocket_productive_pocket_v1"", ""grid_center"": {""x"": 2.844, ""y"": -2.1, ""z"": -4.211}, ""grid_size"": {""x"": 25.334, ""y"": 19.263, ""z"": 23.923}, ""ligand_count"": 3000, ""job_count"": 3000, ""failed_job_count"": 0, ""failed_jobs"": []}"
7601dc3adf2d087048fb7d8b902e2757003100876fadbc5c0d8da4fcb52bf467,84,7A,737ede2d-95ea-4515-a9a7-8c2535f2a12f,9d95ff7e-0de8-4acb-8412-545b2b73c212,PROTEIN_ONLY,0,no SAM residue in receptor/target artifact,local://artifact-storage/146396ee-698b-4e85-9582-747a875b7a02/5e4b79a9-f17d-4e61-91d3-f0574416266d.pdb,True,vina,"{""imported_from"": ""aws_s3_run"", ""aws_run_id"": ""cys203_model_v2_3000_pdbqt_aws_20260612"", ""target_label"": ""TMT1A"", ""selectivity_role"": ""counter"", ""grid_source"": ""fpocket_pocket"", ""grid_name"": ""fpocket_productive_pocket_v1"", ""grid_center"": {""x"": 2.844, ""y"": -2.1, ""z"": -4.211}, ""grid_size"": {""x"": 25.334, ""y"": 19.263, ""z"": 23.923}, ""ligand_count"": 3000, ""job_count"": 3000, ""failed_job_count"": 0, ""failed_jobs"": []}"
f638f431e07bc426e751563592ced55a84586c6c7c78f2ea9ada4dbb149033ef,85,7B,7c3c66fd-25f5-4074-8555-fa283dd3f5bd,aa1080f7-87df-4486-9ab2-a735b80d2201,PROTEIN_ONLY,0,no SAM residue in receptor/target artifact,local://artifact-storage/146396ee-698b-4e85-9582-747a875b7a02/e3f08829-fc57-4e5a-b361-384135d4d573.pdb,True,vina,"{""imported_from"": ""aws_s3_run"", ""aws_run_id"": ""cys203_model_v2_3000_pdbqt_aws_20260612"", ""target_label"": ""TMT1B"", ""selectivity_role"": ""primary"", ""grid_source"": ""fpocket_pocket"", ""grid_name"": ""fpocket_productive_pocket_v1"", ""grid_center"": {""x"": 2.844, ""y"": -2.1, ""z"": -4.211}, ""grid_size"": {""x"": 25.334, ""y"": 19.263, ""z"": 23.923}, ""ligand_count"": 3000, ""job_count"": 3000, ""failed_job_count"": 0, ""failed_jobs"": []}"
f638f431e07bc426e751563592ced55a84586c6c7c78f2ea9ada4dbb149033ef,85,7A,13023667-0580-45ea-b719-7ed710c86453,82074570-a428-41a3-9886-3052cd6d5b08,PROTEIN_ONLY,0,no SAM residue in receptor/target artifact,local://artifact-storage/146396ee-698b-4e85-9582-747a875b7a02/5e4b79a9-f17d-4e61-91d3-f0574416266d.pdb,True,vina,"{""imported_from"": ""aws_s3_run"", ""aws_run_id"": ""cys203_model_v2_3000_pdbqt_aws_20260612"", ""target_label"": ""TMT1A"", ""selectivity_role"": ""counter"", ""grid_source"": ""fpocket_pocket"", ""grid_name"": ""fpocket_productive_pocket_v1"", ""grid_center"": {""x"": 2.844, ""y"": -2.1, ""z"": -4.211}, ""grid_size"": {""x"": 25.334, ""y"": 19.263, ""z"": 23.923}, ""ligand_count"": 3000, ""job_count"": 3000, ""failed_job_count"": 0, ""failed_jobs"": [], ""copied_from_campaign_id"": ""df2da101-7e20-4cf6-b6fc-dc917aa5fe21"", ""copied_from_docking_run_id"": ""737ede2d-95ea-4515-a9a7-8c2535f2a12f"", ""subset_source"": ""whole_db_no_wh_top_7b_delta_plus_controls""}"
26067751556f75383172f097ee0f1fd96eab662c7cf027a724db92828b84244b,86,7B,7c3c66fd-25f5-4074-8555-fa283dd3f5bd,cf83705b-da89-4891-8902-f62c4f72a63b,PROTEIN_ONLY,0,no SAM residue in receptor/target artifact,local://artifact-storage/146396ee-698b-4e85-9582-747a875b7a02/e3f08829-fc57-4e5a-b361-384135d4d573.pdb,True,vina,"{""imported_from"": ""aws_s3_run"", ""aws_run_id"": ""cys203_model_v2_3000_pdbqt_aws_20260612"", ""target_label"": ""TMT1B"", ""selectivity_role"": ""primary"", ""grid_source"": ""fpocket_pocket"", ""grid_name"": ""fpocket_productive_pocket_v1"", ""grid_center"": {""x"": 2.844, ""y"": -2.1, ""z"": -4.211}, ""grid_size"": {""x"": 25.334, ""y"": 19.263, ""z"": 23.923}, ""ligand_count"": 3000, ""job_count"": 3000, ""failed_job_count"": 0, ""failed_jobs"": []}"
26067751556f75383172f097ee0f1fd96eab662c7cf027a724db92828b84244b,86,7A,737ede2d-95ea-4515-a9a7-8c2535f2a12f,fc20a6c9-8e83-49fd-b2ea-c07b06e8b382,PROTEIN_ONLY,0,no SAM residue in receptor/target artifact,local://artifact-storage/146396ee-698b-4e85-9582-747a875b7a02/5e4b79a9-f17d-4e61-91d3-f0574416266d.pdb,True,vina,"{""imported_from"": ""aws_s3_run"", ""aws_run_id"": ""cys203_model_v2_3000_pdbqt_aws_20260612"", ""target_label"": ""TMT1A"", ""selectivity_role"": ""counter"", ""grid_source"": ""fpocket_pocket"", ""grid_name"": ""fpocket_productive_pocket_v1"", ""grid_center"": {""x"": 2.844, ""y"": -2.1, ""z"": -4.211}, ""grid_size"": {""x"": 25.334, ""y"": 19.263, ""z"": 23.923}, ""ligand_count"": 3000, ""job_count"": 3000, ""failed_job_count"": 0, ""failed_jobs"": []}"
9c4ec03ebd089fbfbc16fb1cfbd3d94de9bcc1b391169ba0e7548ee73a127382,87,7B,1bf6dd89-97f5-4de2-ae3d-9dcec24b7471,8335c366-11d3-424c-94cc-101ca8c4dbee,PROTEIN_ONLY,0,no SAM residue in receptor/target artifact,local://artifact-storage/146396ee-698b-4e85-9582-747a875b7a02/e3f08829-fc57-4e5a-b361-384135d4d573.pdb,True,vina,"{""imported_from"": ""aws_s3_run"", ""aws_run_id"": ""cys203_edge_3000_pdbqt_aws_20260612"", ""target_label"": ""TMT1B"", ""selectivity_role"": ""primary"", ""grid_source"": ""fpocket_pocket"", ""grid_name"": ""fpocket_productive_pocket_v1"", ""grid_center"": {""x"": 2.844, ""y"": -2.1, ""z"": -4.211}, ""grid_size"": {""x"": 25.334, ""y"": 19.263, ""z"": 23.923}, ""ligand_count"": 3000, ""job_count"": 3000, ""failed_job_count"": 8, ""failed_jobs"": [""rank0575_MCULE-6426360047_TMT1B"", ""rank0594_MCULE-3473952656_TMT1B"", ""rank1708_MCULE-7919765586_TMT1B"", ""rank2300_MCULE-4451687131_TMT1B"", ""rank2339_MCULE-1149242700_TMT1B"", ""rank2391_MCULE-6412661202_TMT1B"", ""rank2482_MCULE-9668681137_TMT1B"", ""rank2745_MCULE-4826721031_TMT1B""]}"
9c4ec03ebd089fbfbc16fb1cfbd3d94de9bcc1b391169ba0e7548ee73a127382,87,7A,a90acf75-ba02-4312-aff0-0509d86f2618,8b7fa01a-ae68-444f-a7d5-c5d3c0470bce,PROTEIN_ONLY,0,no SAM residue in receptor/target artifact,local://artifact-storage/146396ee-698b-4e85-9582-747a875b7a02/5e4b79a9-f17d-4e61-91d3-f0574416266d.pdb,True,vina,"{""imported_from"": ""aws_s3_run"", ""aws_run_id"": ""cys203_edge_3000_pdbqt_aws_20260612"", ""target_label"": ""TMT1A"", ""selectivity_role"": ""counter"", ""grid_source"": ""fpocket_pocket"", ""grid_name"": ""fpocket_productive_pocket_v1"", ""grid_center"": {""x"": 2.844, ""y"": -2.1, ""z"": -4.211}, ""grid_size"": {""x"": 25.334, ""y"": 19.263, ""z"": 23.923}, ""ligand_count"": 3000, ""job_count"": 3000, ""failed_job_count"": 8, ""failed_jobs"": [""rank0575_MCULE-6426360047_TMT1A"", ""rank0594_MCULE-3473952656_TMT1A"", ""rank1708_MCULE-7919765586_TMT1A"", ""rank2300_MCULE-4451687131_TMT1A"", ""rank2339_MCULE-1149242700_TMT1A"", ""rank2391_MCULE-6412661202_TMT1A"", ""rank2482_MCULE-9668681137_TMT1A"", ""rank2745_MCULE-4826721031_TMT1A""]}"
ce7bfd56e1318655873dc500733e74e268045070430a8989a1c79998f828bd7d,88,7B,7c3c66fd-25f5-4074-8555-fa283dd3f5bd,60e70575-4e6a-4a6c-b254-798864be0126,PROTEIN_ONLY,0,no SAM residue in receptor/target artifact,local://artifact-storage/146396ee-698b-4e85-9582-747a875b7a02/e3f08829-fc57-4e5a-b361-384135d4d573.pdb,True,vina,"{""imported_from"": ""aws_s3_run"", ""aws_run_id"": ""cys203_model_v2_3000_pdbqt_aws_20260612"", ""target_label"": ""TMT1B"", ""selectivity_role"": ""primary"", ""grid_source"": ""fpocket_pocket"", ""grid_name"": ""fpocket_productive_pocket_v1"", ""grid_center"": {""x"": 2.844, ""y"": -2.1, ""z"": -4.211}, ""grid_size"": {""x"": 25.334, ""y"": 19.263, ""z"": 23.923}, ""ligand_count"": 3000, ""job_count"": 3000, ""failed_job_count"": 0, ""failed_jobs"": []}"
ce7bfd56e1318655873dc500733e74e268045070430a8989a1c79998f828bd7d,88,7A,737ede2d-95ea-4515-a9a7-8c2535f2a12f,f055c271-2e5b-4031-a460-2e7fa39ff85e,PROTEIN_ONLY,0,no SAM residue in receptor/target artifact,local://artifact-storage/146396ee-698b-4e85-9582-747a875b7a02/5e4b79a9-f17d-4e61-91d3-f0574416266d.pdb,True,vina,"{""imported_from"": ""aws_s3_run"", ""aws_run_id"": ""cys203_model_v2_3000_pdbqt_aws_20260612"", ""target_label"": ""TMT1A"", ""selectivity_role"": ""counter"", ""grid_source"": ""fpocket_pocket"", ""grid_name"": ""fpocket_productive_pocket_v1"", ""grid_center"": {""x"": 2.844, ""y"": -2.1, ""z"": -4.211}, ""grid_size"": {""x"": 25.334, ""y"": 19.263, ""z"": 23.923}, ""ligand_count"": 3000, ""job_count"": 3000, ""failed_job_count"": 0, ""failed_jobs"": []}"
008235705c22d738c70c0fdc3aa7941a7d584771e7c835205937b1995dbc92b6,89,7B,1bf6dd89-97f5-4de2-ae3d-9dcec24b7471,422cd123-d4cb-4226-aa08-92222510c756,PROTEIN_ONLY,0,no SAM residue in receptor/target artifact,local://artifact-storage/146396ee-698b-4e85-9582-747a875b7a02/e3f08829-fc57-4e5a-b361-384135d4d573.pdb,True,vina,"{""imported_from"": ""aws_s3_run"", ""aws_run_id"": ""cys203_edge_3000_pdbqt_aws_20260612"", ""target_label"": ""TMT1B"", ""selectivity_role"": ""primary"", ""grid_source"": ""fpocket_pocket"", ""grid_name"": ""fpocket_productive_pocket_v1"", ""grid_center"": {""x"": 2.844, ""y"": -2.1, ""z"": -4.211}, ""grid_size"": {""x"": 25.334, ""y"": 19.263, ""z"": 23.923}, ""ligand_count"": 3000, ""job_count"": 3000, ""failed_job_count"": 8, ""failed_jobs"": [""rank0575_MCULE-6426360047_TMT1B"", ""rank0594_MCULE-3473952656_TMT1B"", ""rank1708_MCULE-7919765586_TMT1B"", ""rank2300_MCULE-4451687131_TMT1B"", ""rank2339_MCULE-1149242700_TMT1B"", ""rank2391_MCULE-6412661202_TMT1B"", ""rank2482_MCULE-9668681137_TMT1B"", ""rank2745_MCULE-4826721031_TMT1B""]}"
008235705c22d738c70c0fdc3aa7941a7d584771e7c835205937b1995dbc92b6,89,7A,a90acf75-ba02-4312-aff0-0509d86f2618,a8f3f0be-7981-43de-ad24-868c6df7270f,PROTEIN_ONLY,0,no SAM residue in receptor/target artifact,local://artifact-storage/146396ee-698b-4e85-9582-747a875b7a02/5e4b79a9-f17d-4e61-91d3-f0574416266d.pdb,True,vina,"{""imported_from"": ""aws_s3_run"", ""aws_run_id"": ""cys203_edge_3000_pdbqt_aws_20260612"", ""target_label"": ""TMT1A"", ""selectivity_role"": ""counter"", ""grid_source"": ""fpocket_pocket"", ""grid_name"": ""fpocket_productive_pocket_v1"", ""grid_center"": {""x"": 2.844, ""y"": -2.1, ""z"": -4.211}, ""grid_size"": {""x"": 25.334, ""y"": 19.263, ""z"": 23.923}, ""ligand_count"": 3000, ""job_count"": 3000, ""failed_job_count"": 8, ""failed_jobs"": [""rank0575_MCULE-6426360047_TMT1A"", ""rank0594_MCULE-3473952656_TMT1A"", ""rank1708_MCULE-7919765586_TMT1A"", ""rank2300_MCULE-4451687131_TMT1A"", ""rank2339_MCULE-1149242700_TMT1A"", ""rank2391_MCULE-6412661202_TMT1A"", ""rank2482_MCULE-9668681137_TMT1A"", ""rank2745_MCULE-4826721031_TMT1A""]}"
ac0f5dc80ce0358425591f97cab84ac7c652bf78481e8449689b8d0e0ecb8f93,90,7B,ae153fbe-334c-4920-952e-1a3e2e933dd2,c7142d49-7585-4d81-881a-4fe6fc31e940,PROTEIN_ONLY,0,no SAM residue in receptor/target artifact,local://artifact-storage/fb4342f5-e9cb-4250-b6c6-09f983f9c157/0e00dc07-006e-4945-92c4-aadd888ed0a1.pdbqt,True,vina,"{""engine"": ""vina"", ""ligand_count"": 1, ""receptor_artifact_id"": ""0e00dc07-006e-4945-92c4-aadd888ed0a1"", ""target_label"": ""TMT1B"", ""selectivity_role"": ""primary"", ""grid_source"": ""vina_selectivity_cloned_from_vina"", ""box"": {""center_x"": 2.844, ""center_y"": -2.1, ""center_z"": -4.211, ""size_x"": 25.334, ""size_y"": 19.263, ""size_z"": 23.923}, ""exhaustiveness"": 4, ""num_modes"": 3, ""pose_count"": 3, ""failed_ligands"": []}"
ac0f5dc80ce0358425591f97cab84ac7c652bf78481e8449689b8d0e0ecb8f93,90,7A,57edd18e-6b34-41d8-b2bf-c48d06ee720a,c00c5a2f-5d68-4044-944a-fabfa2423fc4,PROTEIN_ONLY,0,no SAM residue in receptor/target artifact,local://artifact-storage/fb4342f5-e9cb-4250-b6c6-09f983f9c157/2346f77b-9948-496d-b6d9-01d33bae3f74.pdbqt,True,vina,"{""engine"": ""vina"", ""ligand_count"": 1, ""receptor_artifact_id"": ""2346f77b-9948-496d-b6d9-01d33bae3f74"", ""target_label"": ""TMT1A"", ""selectivity_role"": ""counter"", ""grid_source"": ""vina_selectivity_cloned_from_vina"", ""box"": {""center_x"": 2.844, ""center_y"": -2.1, ""center_z"": -4.211, ""size_x"": 25.334, ""size_y"": 19.263, ""size_z"": 23.923}, ""exhaustiveness"": 4, ""num_modes"": 3, ""pose_count"": 3, ""failed_ligands"": []}"
e3ca5d4811a19b78d06b0121b6eea6ea00fd5e2a3190355be239b341b97356aa,91,7B,7c3c66fd-25f5-4074-8555-fa283dd3f5bd,effc50fe-2088-43b3-8517-3223d712be36,PROTEIN_ONLY,0,no SAM residue in receptor/target artifact,local://artifact-storage/146396ee-698b-4e85-9582-747a875b7a02/e3f08829-fc57-4e5a-b361-384135d4d573.pdb,True,vina,"{""imported_from"": ""aws_s3_run"", ""aws_run_id"": ""cys203_model_v2_3000_pdbqt_aws_20260612"", ""target_label"": ""TMT1B"", ""selectivity_role"": ""primary"", ""grid_source"": ""fpocket_pocket"", ""grid_name"": ""fpocket_productive_pocket_v1"", ""grid_center"": {""x"": 2.844, ""y"": -2.1, ""z"": -4.211}, ""grid_size"": {""x"": 25.334, ""y"": 19.263, ""z"": 23.923}, ""ligand_count"": 3000, ""job_count"": 3000, ""failed_job_count"": 0, ""failed_jobs"": []}"
e3ca5d4811a19b78d06b0121b6eea6ea00fd5e2a3190355be239b341b97356aa,91,7A,737ede2d-95ea-4515-a9a7-8c2535f2a12f,aff747ec-deec-4788-b772-2f872f082ac2,PROTEIN_ONLY,0,no SAM residue in receptor/target artifact,local://artifact-storage/146396ee-698b-4e85-9582-747a875b7a02/5e4b79a9-f17d-4e61-91d3-f0574416266d.pdb,True,vina,"{""imported_from"": ""aws_s3_run"", ""aws_run_id"": ""cys203_model_v2_3000_pdbqt_aws_20260612"", ""target_label"": ""TMT1A"", ""selectivity_role"": ""counter"", ""grid_source"": ""fpocket_pocket"", ""grid_name"": ""fpocket_productive_pocket_v1"", ""grid_center"": {""x"": 2.844, ""y"": -2.1, ""z"": -4.211}, ""grid_size"": {""x"": 25.334, ""y"": 19.263, ""z"": 23.923}, ""ligand_count"": 3000, ""job_count"": 3000, ""failed_job_count"": 0, ""failed_jobs"": []}"
bc70bc20d8f3384a1177f7fc1edabf8a4b4cdf946f6b66970470671944861aad,92,7B,a9a36d3c-db60-4e92-8c45-311e758549f1,9fcfff22-85ad-4eb3-a17c-93898c278e7e,PROTEIN_ONLY,0,no SAM residue in receptor/target artifact,local://artifact-storage/dd58aa55-981f-4fcc-bda3-9feb82d4bcd1/501692b2-8610-428c-a1b7-f3d120958444.pdbqt,True,vina,"{""engine"": ""vina"", ""ligand_count"": 6, ""receptor_artifact_id"": ""501692b2-8610-428c-a1b7-f3d120958444"", ""target_label"": ""METTL7B"", ""selectivity_role"": ""primary"", ""grid_source"": ""fpocket productive pocket"", ""box"": {""center_x"": 2.844, ""center_y"": -2.1, ""center_z"": -4.211, ""size_x"": 25.334, ""size_y"": 19.263, ""size_z"": 23.923}, ""exhaustiveness"": 8, ""num_modes"": 9, ""pose_count"": 48, ""failed_ligands"": []}"
bc70bc20d8f3384a1177f7fc1edabf8a4b4cdf946f6b66970470671944861aad,92,7A,a72059e5-2467-477a-bff8-824c3ce179c8,7db455ba-45af-462e-8221-1a9d4d8a855d,PROTEIN_ONLY,0,no SAM residue in receptor/target artifact,local://artifact-storage/dd58aa55-981f-4fcc-bda3-9feb82d4bcd1/f4a8a896-5aeb-4e56-b7ef-e103b8f4db25.pdbqt,True,vina,"{""engine"": ""vina"", ""ligand_count"": 6, ""receptor_artifact_id"": ""f4a8a896-5aeb-4e56-b7ef-e103b8f4db25"", ""target_label"": ""METTL7A"", ""selectivity_role"": ""counter"", ""grid_source"": ""fpocket productive pocket"", ""box"": {""center_x"": 2.844, ""center_y"": -2.1, ""center_z"": -4.211, ""size_x"": 25.334, ""size_y"": 19.263, ""size_z"": 23.923}, ""exhaustiveness"": 8, ""num_modes"": 9, ""pose_count"": 46, ""failed_ligands"": []}"
71a680d9147a76c9d739f2bc603554ce7b4b973e0d3f3a04d7b3772dd880c101,93,7B,7c3c66fd-25f5-4074-8555-fa283dd3f5bd,04d32c3d-fec9-4035-bdd2-3b750d70f193,PROTEIN_ONLY,0,no SAM residue in receptor/target artifact,local://artifact-storage/146396ee-698b-4e85-9582-747a875b7a02/e3f08829-fc57-4e5a-b361-384135d4d573.pdb,True,vina,"{""imported_from"": ""aws_s3_run"", ""aws_run_id"": ""cys203_model_v2_3000_pdbqt_aws_20260612"", ""target_label"": ""TMT1B"", ""selectivity_role"": ""primary"", ""grid_source"": ""fpocket_pocket"", ""grid_name"": ""fpocket_productive_pocket_v1"", ""grid_center"": {""x"": 2.844, ""y"": -2.1, ""z"": -4.211}, ""grid_size"": {""x"": 25.334, ""y"": 19.263, ""z"": 23.923}, ""ligand_count"": 3000, ""job_count"": 3000, ""failed_job_count"": 0, ""failed_jobs"": []}"
71a680d9147a76c9d739f2bc603554ce7b4b973e0d3f3a04d7b3772dd880c101,93,7A,737ede2d-95ea-4515-a9a7-8c2535f2a12f,a348de89-ac60-4f3c-bec9-489355538622,PROTEIN_ONLY,0,no SAM residue in receptor/target artifact,local://artifact-storage/146396ee-698b-4e85-9582-747a875b7a02/5e4b79a9-f17d-4e61-91d3-f0574416266d.pdb,True,vina,"{""imported_from"": ""aws_s3_run"", ""aws_run_id"": ""cys203_model_v2_3000_pdbqt_aws_20260612"", ""target_label"": ""TMT1A"", ""selectivity_role"": ""counter"", ""grid_source"": ""fpocket_pocket"", ""grid_name"": ""fpocket_productive_pocket_v1"", ""grid_center"": {""x"": 2.844, ""y"": -2.1, ""z"": -4.211}, ""grid_size"": {""x"": 25.334, ""y"": 19.263, ""z"": 23.923}, ""ligand_count"": 3000, ""job_count"": 3000, ""failed_job_count"": 0, ""failed_jobs"": []}"
f088e78c8c1f50f76525f90365b2074a39bb1aca90736f6cb6103929d8eaccfd,94,7B,7c3c66fd-25f5-4074-8555-fa283dd3f5bd,70b3bdec-d273-4bff-b4ab-0784fbef5f7f,PROTEIN_ONLY,0,no SAM residue in receptor/target artifact,local://artifact-storage/146396ee-698b-4e85-9582-747a875b7a02/e3f08829-fc57-4e5a-b361-384135d4d573.pdb,True,vina,"{""imported_from"": ""aws_s3_run"", ""aws_run_id"": ""cys203_model_v2_3000_pdbqt_aws_20260612"", ""target_label"": ""TMT1B"", ""selectivity_role"": ""primary"", ""grid_source"": ""fpocket_pocket"", ""grid_name"": ""fpocket_productive_pocket_v1"", ""grid_center"": {""x"": 2.844, ""y"": -2.1, ""z"": -4.211}, ""grid_size"": {""x"": 25.334, ""y"": 19.263, ""z"": 23.923}, ""ligand_count"": 3000, ""job_count"": 3000, ""failed_job_count"": 0, ""failed_jobs"": []}"
f088e78c8c1f50f76525f90365b2074a39bb1aca90736f6cb6103929d8eaccfd,94,7A,737ede2d-95ea-4515-a9a7-8c2535f2a12f,b58e3d80-1dd1-41e9-a3b2-ffa8b095e598,PROTEIN_ONLY,0,no SAM residue in receptor/target artifact,local://artifact-storage/146396ee-698b-4e85-9582-747a875b7a02/5e4b79a9-f17d-4e61-91d3-f0574416266d.pdb,True,vina,"{""imported_from"": ""aws_s3_run"", ""aws_run_id"": ""cys203_model_v2_3000_pdbqt_aws_20260612"", ""target_label"": ""TMT1A"", ""selectivity_role"": ""counter"", ""grid_source"": ""fpocket_pocket"", ""grid_name"": ""fpocket_productive_pocket_v1"", ""grid_center"": {""x"": 2.844, ""y"": -2.1, ""z"": -4.211}, ""grid_size"": {""x"": 25.334, ""y"": 19.263, ""z"": 23.923}, ""ligand_count"": 3000, ""job_count"": 3000, ""failed_job_count"": 0, ""failed_jobs"": []}"
c316f452df0d327db89a1380a7526b365b0ba1a082cd02ad473d093a768e6982,95,7B,7c3c66fd-25f5-4074-8555-fa283dd3f5bd,92ceb2be-02ed-4e3a-ac22-d380eb47322e,PROTEIN_ONLY,0,no SAM residue in receptor/target artifact,local://artifact-storage/146396ee-698b-4e85-9582-747a875b7a02/e3f08829-fc57-4e5a-b361-384135d4d573.pdb,True,vina,"{""imported_from"": ""aws_s3_run"", ""aws_run_id"": ""cys203_model_v2_3000_pdbqt_aws_20260612"", ""target_label"": ""TMT1B"", ""selectivity_role"": ""primary"", ""grid_source"": ""fpocket_pocket"", ""grid_name"": ""fpocket_productive_pocket_v1"", ""grid_center"": {""x"": 2.844, ""y"": -2.1, ""z"": -4.211}, ""grid_size"": {""x"": 25.334, ""y"": 19.263, ""z"": 23.923}, ""ligand_count"": 3000, ""job_count"": 3000, ""failed_job_count"": 0, ""failed_jobs"": []}"
c316f452df0d327db89a1380a7526b365b0ba1a082cd02ad473d093a768e6982,95,7A,737ede2d-95ea-4515-a9a7-8c2535f2a12f,be462e2f-6427-4aa6-adfd-20d11867645d,PROTEIN_ONLY,0,no SAM residue in receptor/target artifact,local://artifact-storage/146396ee-698b-4e85-9582-747a875b7a02/5e4b79a9-f17d-4e61-91d3-f0574416266d.pdb,True,vina,"{""imported_from"": ""aws_s3_run"", ""aws_run_id"": ""cys203_model_v2_3000_pdbqt_aws_20260612"", ""target_label"": ""TMT1A"", ""selectivity_role"": ""counter"", ""grid_source"": ""fpocket_pocket"", ""grid_name"": ""fpocket_productive_pocket_v1"", ""grid_center"": {""x"": 2.844, ""y"": -2.1, ""z"": -4.211}, ""grid_size"": {""x"": 25.334, ""y"": 19.263, ""z"": 23.923}, ""ligand_count"": 3000, ""job_count"": 3000, ""failed_job_count"": 0, ""failed_jobs"": []}"
7a83553e25e09d96a94a6fc4055a122949952b5e97236c55b617350c7c9fa657,96,7B,7c3c66fd-25f5-4074-8555-fa283dd3f5bd,1f1f6e03-072c-4712-8853-7b0a895bb9d5,PROTEIN_ONLY,0,no SAM residue in receptor/target artifact,local://artifact-storage/146396ee-698b-4e85-9582-747a875b7a02/e3f08829-fc57-4e5a-b361-384135d4d573.pdb,True,vina,"{""imported_from"": ""aws_s3_run"", ""aws_run_id"": ""cys203_model_v2_3000_pdbqt_aws_20260612"", ""target_label"": ""TMT1B"", ""selectivity_role"": ""primary"", ""grid_source"": ""fpocket_pocket"", ""grid_name"": ""fpocket_productive_pocket_v1"", ""grid_center"": {""x"": 2.844, ""y"": -2.1, ""z"": -4.211}, ""grid_size"": {""x"": 25.334, ""y"": 19.263, ""z"": 23.923}, ""ligand_count"": 3000, ""job_count"": 3000, ""failed_job_count"": 0, ""failed_jobs"": []}"
7a83553e25e09d96a94a6fc4055a122949952b5e97236c55b617350c7c9fa657,96,7A,737ede2d-95ea-4515-a9a7-8c2535f2a12f,3903408e-04ee-4b59-8e8a-2a54139c34d6,PROTEIN_ONLY,0,no SAM residue in receptor/target artifact,local://artifact-storage/146396ee-698b-4e85-9582-747a875b7a02/5e4b79a9-f17d-4e61-91d3-f0574416266d.pdb,True,vina,"{""imported_from"": ""aws_s3_run"", ""aws_run_id"": ""cys203_model_v2_3000_pdbqt_aws_20260612"", ""target_label"": ""TMT1A"", ""selectivity_role"": ""counter"", ""grid_source"": ""fpocket_pocket"", ""grid_name"": ""fpocket_productive_pocket_v1"", ""grid_center"": {""x"": 2.844, ""y"": -2.1, ""z"": -4.211}, ""grid_size"": {""x"": 25.334, ""y"": 19.263, ""z"": 23.923}, ""ligand_count"": 3000, ""job_count"": 3000, ""failed_job_count"": 0, ""failed_jobs"": []}"
285c884035a5f525b2620e337d3e709615862de086c57a345d989c43e2a4f9fd,97,7B,7c3c66fd-25f5-4074-8555-fa283dd3f5bd,02e09d90-54c6-43fa-9b4f-a7f7018e2470,PROTEIN_ONLY,0,no SAM residue in receptor/target artifact,local://artifact-storage/146396ee-698b-4e85-9582-747a875b7a02/e3f08829-fc57-4e5a-b361-384135d4d573.pdb,True,vina,"{""imported_from"": ""aws_s3_run"", ""aws_run_id"": ""cys203_model_v2_3000_pdbqt_aws_20260612"", ""target_label"": ""TMT1B"", ""selectivity_role"": ""primary"", ""grid_source"": ""fpocket_pocket"", ""grid_name"": ""fpocket_productive_pocket_v1"", ""grid_center"": {""x"": 2.844, ""y"": -2.1, ""z"": -4.211}, ""grid_size"": {""x"": 25.334, ""y"": 19.263, ""z"": 23.923}, ""ligand_count"": 3000, ""job_count"": 3000, ""failed_job_count"": 0, ""failed_jobs"": []}"
285c884035a5f525b2620e337d3e709615862de086c57a345d989c43e2a4f9fd,97,7A,737ede2d-95ea-4515-a9a7-8c2535f2a12f,21211b75-f358-4747-b290-7975f7511726,PROTEIN_ONLY,0,no SAM residue in receptor/target artifact,local://artifact-storage/146396ee-698b-4e85-9582-747a875b7a02/5e4b79a9-f17d-4e61-91d3-f0574416266d.pdb,True,vina,"{""imported_from"": ""aws_s3_run"", ""aws_run_id"": ""cys203_model_v2_3000_pdbqt_aws_20260612"", ""target_label"": ""TMT1A"", ""selectivity_role"": ""counter"", ""grid_source"": ""fpocket_pocket"", ""grid_name"": ""fpocket_productive_pocket_v1"", ""grid_center"": {""x"": 2.844, ""y"": -2.1, ""z"": -4.211}, ""grid_size"": {""x"": 25.334, ""y"": 19.263, ""z"": 23.923}, ""ligand_count"": 3000, ""job_count"": 3000, ""failed_job_count"": 0, ""failed_jobs"": []}"
688db8167daa2d9887e1d58756cd74ab2d7ab82cfa39c4c44556a96c573ed271,98,7B,7c3c66fd-25f5-4074-8555-fa283dd3f5bd,41f0e7b5-4168-41af-bbb8-b4241687d60e,PROTEIN_ONLY,0,no SAM residue in receptor/target artifact,local://artifact-storage/146396ee-698b-4e85-9582-747a875b7a02/e3f08829-fc57-4e5a-b361-384135d4d573.pdb,True,vina,"{""imported_from"": ""aws_s3_run"", ""aws_run_id"": ""cys203_model_v2_3000_pdbqt_aws_20260612"", ""target_label"": ""TMT1B"", ""selectivity_role"": ""primary"", ""grid_source"": ""fpocket_pocket"", ""grid_name"": ""fpocket_productive_pocket_v1"", ""grid_center"": {""x"": 2.844, ""y"": -2.1, ""z"": -4.211}, ""grid_size"": {""x"": 25.334, ""y"": 19.263, ""z"": 23.923}, ""ligand_count"": 3000, ""job_count"": 3000, ""failed_job_count"": 0, ""failed_jobs"": []}"
688db8167daa2d9887e1d58756cd74ab2d7ab82cfa39c4c44556a96c573ed271,98,7A,737ede2d-95ea-4515-a9a7-8c2535f2a12f,ffefac16-b606-4ae2-bf63-b41ef92bbeb9,PROTEIN_ONLY,0,no SAM residue in receptor/target artifact,local://artifact-storage/146396ee-698b-4e85-9582-747a875b7a02/5e4b79a9-f17d-4e61-91d3-f0574416266d.pdb,True,vina,"{""imported_from"": ""aws_s3_run"", ""aws_run_id"": ""cys203_model_v2_3000_pdbqt_aws_20260612"", ""target_label"": ""TMT1A"", ""selectivity_role"": ""counter"", ""grid_source"": ""fpocket_pocket"", ""grid_name"": ""fpocket_productive_pocket_v1"", ""grid_center"": {""x"": 2.844, ""y"": -2.1, ""z"": -4.211}, ""grid_size"": {""x"": 25.334, ""y"": 19.263, ""z"": 23.923}, ""ligand_count"": 3000, ""job_count"": 3000, ""failed_job_count"": 0, ""failed_jobs"": []}"
0bcb24a9d756d6f32ffcae8c4a6efb4474a94bfcafdb3f961fb788a0f0aee856,99,7B,7c3c66fd-25f5-4074-8555-fa283dd3f5bd,31afd3e8-d8ac-4d61-a892-8413305e4178,PROTEIN_ONLY,0,no SAM residue in receptor/target artifact,local://artifact-storage/146396ee-698b-4e85-9582-747a875b7a02/e3f08829-fc57-4e5a-b361-384135d4d573.pdb,True,vina,"{""imported_from"": ""aws_s3_run"", ""aws_run_id"": ""cys203_model_v2_3000_pdbqt_aws_20260612"", ""target_label"": ""TMT1B"", ""selectivity_role"": ""primary"", ""grid_source"": ""fpocket_pocket"", ""grid_name"": ""fpocket_productive_pocket_v1"", ""grid_center"": {""x"": 2.844, ""y"": -2.1, ""z"": -4.211}, ""grid_size"": {""x"": 25.334, ""y"": 19.263, ""z"": 23.923}, ""ligand_count"": 3000, ""job_count"": 3000, ""failed_job_count"": 0, ""failed_jobs"": []}"
0bcb24a9d756d6f32ffcae8c4a6efb4474a94bfcafdb3f961fb788a0f0aee856,99,7A,737ede2d-95ea-4515-a9a7-8c2535f2a12f,96a5f496-a812-4dc2-af43-7550fedeed45,PROTEIN_ONLY,0,no SAM residue in receptor/target artifact,local://artifact-storage/146396ee-698b-4e85-9582-747a875b7a02/5e4b79a9-f17d-4e61-91d3-f0574416266d.pdb,True,vina,"{""imported_from"": ""aws_s3_run"", ""aws_run_id"": ""cys203_model_v2_3000_pdbqt_aws_20260612"", ""target_label"": ""TMT1A"", ""selectivity_role"": ""counter"", ""grid_source"": ""fpocket_pocket"", ""grid_name"": ""fpocket_productive_pocket_v1"", ""grid_center"": {""x"": 2.844, ""y"": -2.1, ""z"": -4.211}, ""grid_size"": {""x"": 25.334, ""y"": 19.263, ""z"": 23.923}, ""ligand_count"": 3000, ""job_count"": 3000, ""failed_job_count"": 0, ""failed_jobs"": []}"
e9d4db1c3320aa230547daa5978bbf8415bb5ac719f9dd128b20899c44028eb9,100,7B,4c563951-6648-472c-abbd-4db233f27e69,0b75bc1a-e546-40bd-94e4-bbb2ce887328,PROTEIN_ONLY,0,no SAM residue in receptor/target artifact,local://artifact-storage/dd58aa55-981f-4fcc-bda3-9feb82d4bcd1/501692b2-8610-428c-a1b7-f3d120958444.pdbqt,True,vina,"{""engine"": ""vina"", ""ligand_count"": 6, ""receptor_artifact_id"": ""501692b2-8610-428c-a1b7-f3d120958444"", ""target_label"": ""METTL7B"", ""selectivity_role"": ""primary"", ""grid_source"": ""fpocket productive pocket"", ""box"": {""center_x"": 2.844, ""center_y"": -2.1, ""center_z"": -4.211, ""size_x"": 25.334, ""size_y"": 19.263, ""size_z"": 23.923}, ""exhaustiveness"": 8, ""num_modes"": 9, ""pose_count"": 48, ""failed_ligands"": [], ""copied_from_campaign_id"": ""dd58aa55-981f-4fcc-bda3-9feb82d4bcd1"", ""copied_from_docking_run_id"": ""a9a36d3c-db60-4e92-8c45-311e758549f1"", ""subset_source"": ""whole_db_no_wh_top_7b_delta_plus_controls""}"
e9d4db1c3320aa230547daa5978bbf8415bb5ac719f9dd128b20899c44028eb9,100,7A,e54e0e81-564b-4401-b56d-c800f7a9d25c,3f4d9f22-0806-4d52-a927-60ded8e14d6e,PROTEIN_ONLY,0,no SAM residue in receptor/target artifact,local://artifact-storage/dd58aa55-981f-4fcc-bda3-9feb82d4bcd1/f4a8a896-5aeb-4e56-b7ef-e103b8f4db25.pdbqt,True,vina,"{""engine"": ""vina"", ""ligand_count"": 6, ""receptor_artifact_id"": ""f4a8a896-5aeb-4e56-b7ef-e103b8f4db25"", ""target_label"": ""METTL7A"", ""selectivity_role"": ""counter"", ""grid_source"": ""fpocket productive pocket"", ""box"": {""center_x"": 2.844, ""center_y"": -2.1, ""center_z"": -4.211, ""size_x"": 25.334, ""size_y"": 19.263, ""size_z"": 23.923}, ""exhaustiveness"": 8, ""num_modes"": 9, ""pose_count"": 46, ""failed_ligands"": [], ""copied_from_campaign_id"": ""dd58aa55-981f-4fcc-bda3-9feb82d4bcd1"", ""copied_from_docking_run_id"": ""a72059e5-2467-477a-bff8-824c3ce179c8"", ""subset_source"": ""whole_db_no_wh_top_7b_delta_plus_controls""}"
6dc9f938b0076678fb35528485067f3ddfd66910b53b092ca1d393078acc3d3f,101,7B,7c3c66fd-25f5-4074-8555-fa283dd3f5bd,80165227-040f-4986-9346-bd0b78816053,PROTEIN_ONLY,0,no SAM residue in receptor/target artifact,local://artifact-storage/146396ee-698b-4e85-9582-747a875b7a02/e3f08829-fc57-4e5a-b361-384135d4d573.pdb,True,vina,"{""imported_from"": ""aws_s3_run"", ""aws_run_id"": ""cys203_model_v2_3000_pdbqt_aws_20260612"", ""target_label"": ""TMT1B"", ""selectivity_role"": ""primary"", ""grid_source"": ""fpocket_pocket"", ""grid_name"": ""fpocket_productive_pocket_v1"", ""grid_center"": {""x"": 2.844, ""y"": -2.1, ""z"": -4.211}, ""grid_size"": {""x"": 25.334, ""y"": 19.263, ""z"": 23.923}, ""ligand_count"": 3000, ""job_count"": 3000, ""failed_job_count"": 0, ""failed_jobs"": []}"
6dc9f938b0076678fb35528485067f3ddfd66910b53b092ca1d393078acc3d3f,101,7A,737ede2d-95ea-4515-a9a7-8c2535f2a12f,e97e71e5-7032-4c5e-a2d9-9a3e433f0df4,PROTEIN_ONLY,0,no SAM residue in receptor/target artifact,local://artifact-storage/146396ee-698b-4e85-9582-747a875b7a02/5e4b79a9-f17d-4e61-91d3-f0574416266d.pdb,True,vina,"{""imported_from"": ""aws_s3_run"", ""aws_run_id"": ""cys203_model_v2_3000_pdbqt_aws_20260612"", ""target_label"": ""TMT1A"", ""selectivity_role"": ""counter"", ""grid_source"": ""fpocket_pocket"", ""grid_name"": ""fpocket_productive_pocket_v1"", ""grid_center"": {""x"": 2.844, ""y"": -2.1, ""z"": -4.211}, ""grid_size"": {""x"": 25.334, ""y"": 19.263, ""z"": 23.923}, ""ligand_count"": 3000, ""job_count"": 3000, ""failed_job_count"": 0, ""failed_jobs"": []}"
c4f3a35f84ac2a59c617bcb19920755bbf6c2e24b3ceef677f7a8aa9631c6524,102,7B,7c3c66fd-25f5-4074-8555-fa283dd3f5bd,7ea8918a-97fa-44be-8806-13a831ff4e44,PROTEIN_ONLY,0,no SAM residue in receptor/target artifact,local://artifact-storage/146396ee-698b-4e85-9582-747a875b7a02/e3f08829-fc57-4e5a-b361-384135d4d573.pdb,True,vina,"{""imported_from"": ""aws_s3_run"", ""aws_run_id"": ""cys203_model_v2_3000_pdbqt_aws_20260612"", ""target_label"": ""TMT1B"", ""selectivity_role"": ""primary"", ""grid_source"": ""fpocket_pocket"", ""grid_name"": ""fpocket_productive_pocket_v1"", ""grid_center"": {""x"": 2.844, ""y"": -2.1, ""z"": -4.211}, ""grid_size"": {""x"": 25.334, ""y"": 19.263, ""z"": 23.923}, ""ligand_count"": 3000, ""job_count"": 3000, ""failed_job_count"": 0, ""failed_jobs"": []}"
c4f3a35f84ac2a59c617bcb19920755bbf6c2e24b3ceef677f7a8aa9631c6524,102,7A,737ede2d-95ea-4515-a9a7-8c2535f2a12f,04e06cf2-4701-43c5-a989-14b06196300b,PROTEIN_ONLY,0,no SAM residue in receptor/target artifact,local://artifact-storage/146396ee-698b-4e85-9582-747a875b7a02/5e4b79a9-f17d-4e61-91d3-f0574416266d.pdb,True,vina,"{""imported_from"": ""aws_s3_run"", ""aws_run_id"": ""cys203_model_v2_3000_pdbqt_aws_20260612"", ""target_label"": ""TMT1A"", ""selectivity_role"": ""counter"", ""grid_source"": ""fpocket_pocket"", ""grid_name"": ""fpocket_productive_pocket_v1"", ""grid_center"": {""x"": 2.844, ""y"": -2.1, ""z"": -4.211}, ""grid_size"": {""x"": 25.334, ""y"": 19.263, ""z"": 23.923}, ""ligand_count"": 3000, ""job_count"": 3000, ""failed_job_count"": 0, ""failed_jobs"": []}"
5b9a06410dc3ff084356d6cdcd136633c6d7d4f53010138cbefc5388050ae828,103,7B,7c3c66fd-25f5-4074-8555-fa283dd3f5bd,b15aa8ba-e383-4939-8cfe-cb98c537880e,PROTEIN_ONLY,0,no SAM residue in receptor/target artifact,local://artifact-storage/146396ee-698b-4e85-9582-747a875b7a02/e3f08829-fc57-4e5a-b361-384135d4d573.pdb,True,vina,"{""imported_from"": ""aws_s3_run"", ""aws_run_id"": ""cys203_model_v2_3000_pdbqt_aws_20260612"", ""target_label"": ""TMT1B"", ""selectivity_role"": ""primary"", ""grid_source"": ""fpocket_pocket"", ""grid_name"": ""fpocket_productive_pocket_v1"", ""grid_center"": {""x"": 2.844, ""y"": -2.1, ""z"": -4.211}, ""grid_size"": {""x"": 25.334, ""y"": 19.263, ""z"": 23.923}, ""ligand_count"": 3000, ""job_count"": 3000, ""failed_job_count"": 0, ""failed_jobs"": []}"
5b9a06410dc3ff084356d6cdcd136633c6d7d4f53010138cbefc5388050ae828,103,7A,737ede2d-95ea-4515-a9a7-8c2535f2a12f,3c145bee-f460-459a-a3b9-6c44c0f8fa2d,PROTEIN_ONLY,0,no SAM residue in receptor/target artifact,local://artifact-storage/146396ee-698b-4e85-9582-747a875b7a02/5e4b79a9-f17d-4e61-91d3-f0574416266d.pdb,True,vina,"{""imported_from"": ""aws_s3_run"", ""aws_run_id"": ""cys203_model_v2_3000_pdbqt_aws_20260612"", ""target_label"": ""TMT1A"", ""selectivity_role"": ""counter"", ""grid_source"": ""fpocket_pocket"", ""grid_name"": ""fpocket_productive_pocket_v1"", ""grid_center"": {""x"": 2.844, ""y"": -2.1, ""z"": -4.211}, ""grid_size"": {""x"": 25.334, ""y"": 19.263, ""z"": 23.923}, ""ligand_count"": 3000, ""job_count"": 3000, ""failed_job_count"": 0, ""failed_jobs"": []}"
309eabf43d507d970d61e840f2e93c2e869f37e98abeaae6b7f9c4308d0554ee,104,7B,7c3c66fd-25f5-4074-8555-fa283dd3f5bd,e98cc631-a3f0-4fbb-a3cc-ce05fb023175,PROTEIN_ONLY,0,no SAM residue in receptor/target artifact,local://artifact-storage/146396ee-698b-4e85-9582-747a875b7a02/e3f08829-fc57-4e5a-b361-384135d4d573.pdb,True,vina,"{""imported_from"": ""aws_s3_run"", ""aws_run_id"": ""cys203_model_v2_3000_pdbqt_aws_20260612"", ""target_label"": ""TMT1B"", ""selectivity_role"": ""primary"", ""grid_source"": ""fpocket_pocket"", ""grid_name"": ""fpocket_productive_pocket_v1"", ""grid_center"": {""x"": 2.844, ""y"": -2.1, ""z"": -4.211}, ""grid_size"": {""x"": 25.334, ""y"": 19.263, ""z"": 23.923}, ""ligand_count"": 3000, ""job_count"": 3000, ""failed_job_count"": 0, ""failed_jobs"": []}"
309eabf43d507d970d61e840f2e93c2e869f37e98abeaae6b7f9c4308d0554ee,104,7A,c45f1375-3609-40d6-861c-b47beef7a05b,2e0da8e2-a6b8-416e-8ba0-e5a353aad9cf,PROTEIN_ONLY,0,no SAM residue in receptor/target artifact,local://artifact-storage/3b20f7c8-aec1-487e-9ef7-fe3f888565a9/716b1260-cea3-4036-b67f-8fb2f4ea1f87.pdbqt,True,vina,"{""engine"": ""vina"", ""ligand_count"": 63, ""receptor_artifact_id"": ""716b1260-cea3-4036-b67f-8fb2f4ea1f87"", ""target_label"": ""TMT1A"", ""selectivity_role"": ""counter"", ""grid_source"": ""fpocket_productive_pocket_v1"", ""box"": {""center_x"": 2.844, ""center_y"": -2.1, ""center_z"": -4.211, ""size_x"": 25.334, ""size_y"": 19.263, ""size_z"": 23.923}, ""exhaustiveness"": 8, ""num_modes"": 9, ""pose_count"": 525, ""failed_ligands"": []}"
a690d1f96c809e199e3317b58e5f221c37c03013eec667ad8b114079b06a5cc8,105,7B,7c3c66fd-25f5-4074-8555-fa283dd3f5bd,960dd5d4-a2da-4c34-bb28-967043e2f8bf,PROTEIN_ONLY,0,no SAM residue in receptor/target artifact,local://artifact-storage/146396ee-698b-4e85-9582-747a875b7a02/e3f08829-fc57-4e5a-b361-384135d4d573.pdb,True,vina,"{""imported_from"": ""aws_s3_run"", ""aws_run_id"": ""cys203_model_v2_3000_pdbqt_aws_20260612"", ""target_label"": ""TMT1B"", ""selectivity_role"": ""primary"", ""grid_source"": ""fpocket_pocket"", ""grid_name"": ""fpocket_productive_pocket_v1"", ""grid_center"": {""x"": 2.844, ""y"": -2.1, ""z"": -4.211}, ""grid_size"": {""x"": 25.334, ""y"": 19.263, ""z"": 23.923}, ""ligand_count"": 3000, ""job_count"": 3000, ""failed_job_count"": 0, ""failed_jobs"": []}"
a690d1f96c809e199e3317b58e5f221c37c03013eec667ad8b114079b06a5cc8,105,7A,737ede2d-95ea-4515-a9a7-8c2535f2a12f,c6a9807f-0ba8-4897-9168-6830632c95ee,PROTEIN_ONLY,0,no SAM residue in receptor/target artifact,local://artifact-storage/146396ee-698b-4e85-9582-747a875b7a02/5e4b79a9-f17d-4e61-91d3-f0574416266d.pdb,True,vina,"{""imported_from"": ""aws_s3_run"", ""aws_run_id"": ""cys203_model_v2_3000_pdbqt_aws_20260612"", ""target_label"": ""TMT1A"", ""selectivity_role"": ""counter"", ""grid_source"": ""fpocket_pocket"", ""grid_name"": ""fpocket_productive_pocket_v1"", ""grid_center"": {""x"": 2.844, ""y"": -2.1, ""z"": -4.211}, ""grid_size"": {""x"": 25.334, ""y"": 19.263, ""z"": 23.923}, ""ligand_count"": 3000, ""job_count"": 3000, ""failed_job_count"": 0, ""failed_jobs"": []}"
c5259bb485d3d7d2136a875b88ffa6a9321273f87ae0755ef4f09bb64637f7f9,106,7B,7c3c66fd-25f5-4074-8555-fa283dd3f5bd,0ff374dc-215f-464c-bce8-47ffc201ccb8,PROTEIN_ONLY,0,no SAM residue in receptor/target artifact,local://artifact-storage/146396ee-698b-4e85-9582-747a875b7a02/e3f08829-fc57-4e5a-b361-384135d4d573.pdb,True,vina,"{""imported_from"": ""aws_s3_run"", ""aws_run_id"": ""cys203_model_v2_3000_pdbqt_aws_20260612"", ""target_label"": ""TMT1B"", ""selectivity_role"": ""primary"", ""grid_source"": ""fpocket_pocket"", ""grid_name"": ""fpocket_productive_pocket_v1"", ""grid_center"": {""x"": 2.844, ""y"": -2.1, ""z"": -4.211}, ""grid_size"": {""x"": 25.334, ""y"": 19.263, ""z"": 23.923}, ""ligand_count"": 3000, ""job_count"": 3000, ""failed_job_count"": 0, ""failed_jobs"": []}"
c5259bb485d3d7d2136a875b88ffa6a9321273f87ae0755ef4f09bb64637f7f9,106,7A,737ede2d-95ea-4515-a9a7-8c2535f2a12f,fed05cd2-f224-40b1-909a-cdab85768c09,PROTEIN_ONLY,0,no SAM residue in receptor/target artifact,local://artifact-storage/146396ee-698b-4e85-9582-747a875b7a02/5e4b79a9-f17d-4e61-91d3-f0574416266d.pdb,True,vina,"{""imported_from"": ""aws_s3_run"", ""aws_run_id"": ""cys203_model_v2_3000_pdbqt_aws_20260612"", ""target_label"": ""TMT1A"", ""selectivity_role"": ""counter"", ""grid_source"": ""fpocket_pocket"", ""grid_name"": ""fpocket_productive_pocket_v1"", ""grid_center"": {""x"": 2.844, ""y"": -2.1, ""z"": -4.211}, ""grid_size"": {""x"": 25.334, ""y"": 19.263, ""z"": 23.923}, ""ligand_count"": 3000, ""job_count"": 3000, ""failed_job_count"": 0, ""failed_jobs"": []}"
a166ffbe674e32f74029b542a0457368f70567c683ccd2bc21655d6402d26194,107,7B,7c3c66fd-25f5-4074-8555-fa283dd3f5bd,5c400393-4e8d-48d1-bcca-43e4c15a824d,PROTEIN_ONLY,0,no SAM residue in receptor/target artifact,local://artifact-storage/146396ee-698b-4e85-9582-747a875b7a02/e3f08829-fc57-4e5a-b361-384135d4d573.pdb,True,vina,"{""imported_from"": ""aws_s3_run"", ""aws_run_id"": ""cys203_model_v2_3000_pdbqt_aws_20260612"", ""target_label"": ""TMT1B"", ""selectivity_role"": ""primary"", ""grid_source"": ""fpocket_pocket"", ""grid_name"": ""fpocket_productive_pocket_v1"", ""grid_center"": {""x"": 2.844, ""y"": -2.1, ""z"": -4.211}, ""grid_size"": {""x"": 25.334, ""y"": 19.263, ""z"": 23.923}, ""ligand_count"": 3000, ""job_count"": 3000, ""failed_job_count"": 0, ""failed_jobs"": []}"
a166ffbe674e32f74029b542a0457368f70567c683ccd2bc21655d6402d26194,107,7A,737ede2d-95ea-4515-a9a7-8c2535f2a12f,759aa473-3f09-4bf2-b115-691daa024a72,PROTEIN_ONLY,0,no SAM residue in receptor/target artifact,local://artifact-storage/146396ee-698b-4e85-9582-747a875b7a02/5e4b79a9-f17d-4e61-91d3-f0574416266d.pdb,True,vina,"{""imported_from"": ""aws_s3_run"", ""aws_run_id"": ""cys203_model_v2_3000_pdbqt_aws_20260612"", ""target_label"": ""TMT1A"", ""selectivity_role"": ""counter"", ""grid_source"": ""fpocket_pocket"", ""grid_name"": ""fpocket_productive_pocket_v1"", ""grid_center"": {""x"": 2.844, ""y"": -2.1, ""z"": -4.211}, ""grid_size"": {""x"": 25.334, ""y"": 19.263, ""z"": 23.923}, ""ligand_count"": 3000, ""job_count"": 3000, ""failed_job_count"": 0, ""failed_jobs"": []}"
f1566c74b4b692ae54e3ec8a17a571e0510a8e6e6b02479bfeac3598b5ae4142,108,7B,7c3c66fd-25f5-4074-8555-fa283dd3f5bd,765a3aeb-2005-4b68-a66e-f649888ce204,PROTEIN_ONLY,0,no SAM residue in receptor/target artifact,local://artifact-storage/146396ee-698b-4e85-9582-747a875b7a02/e3f08829-fc57-4e5a-b361-384135d4d573.pdb,True,vina,"{""imported_from"": ""aws_s3_run"", ""aws_run_id"": ""cys203_model_v2_3000_pdbqt_aws_20260612"", ""target_label"": ""TMT1B"", ""selectivity_role"": ""primary"", ""grid_source"": ""fpocket_pocket"", ""grid_name"": ""fpocket_productive_pocket_v1"", ""grid_center"": {""x"": 2.844, ""y"": -2.1, ""z"": -4.211}, ""grid_size"": {""x"": 25.334, ""y"": 19.263, ""z"": 23.923}, ""ligand_count"": 3000, ""job_count"": 3000, ""failed_job_count"": 0, ""failed_jobs"": []}"
f1566c74b4b692ae54e3ec8a17a571e0510a8e6e6b02479bfeac3598b5ae4142,108,7A,737ede2d-95ea-4515-a9a7-8c2535f2a12f,cb24dc41-2846-4e9b-88ea-579feabd633b,PROTEIN_ONLY,0,no SAM residue in receptor/target artifact,local://artifact-storage/146396ee-698b-4e85-9582-747a875b7a02/5e4b79a9-f17d-4e61-91d3-f0574416266d.pdb,True,vina,"{""imported_from"": ""aws_s3_run"", ""aws_run_id"": ""cys203_model_v2_3000_pdbqt_aws_20260612"", ""target_label"": ""TMT1A"", ""selectivity_role"": ""counter"", ""grid_source"": ""fpocket_pocket"", ""grid_name"": ""fpocket_productive_pocket_v1"", ""grid_center"": {""x"": 2.844, ""y"": -2.1, ""z"": -4.211}, ""grid_size"": {""x"": 25.334, ""y"": 19.263, ""z"": 23.923}, ""ligand_count"": 3000, ""job_count"": 3000, ""failed_job_count"": 0, ""failed_jobs"": []}"
cec77c8aa53ee8520a572355e9e80b1bbe5f67ac9d553dadd2ef0f7b8c60e3e1,109,7B,1bf6dd89-97f5-4de2-ae3d-9dcec24b7471,2a073c8a-a5a6-4a66-979b-bf77a0765352,PROTEIN_ONLY,0,no SAM residue in receptor/target artifact,local://artifact-storage/146396ee-698b-4e85-9582-747a875b7a02/e3f08829-fc57-4e5a-b361-384135d4d573.pdb,True,vina,"{""imported_from"": ""aws_s3_run"", ""aws_run_id"": ""cys203_edge_3000_pdbqt_aws_20260612"", ""target_label"": ""TMT1B"", ""selectivity_role"": ""primary"", ""grid_source"": ""fpocket_pocket"", ""grid_name"": ""fpocket_productive_pocket_v1"", ""grid_center"": {""x"": 2.844, ""y"": -2.1, ""z"": -4.211}, ""grid_size"": {""x"": 25.334, ""y"": 19.263, ""z"": 23.923}, ""ligand_count"": 3000, ""job_count"": 3000, ""failed_job_count"": 8, ""failed_jobs"": [""rank0575_MCULE-6426360047_TMT1B"", ""rank0594_MCULE-3473952656_TMT1B"", ""rank1708_MCULE-7919765586_TMT1B"", ""rank2300_MCULE-4451687131_TMT1B"", ""rank2339_MCULE-1149242700_TMT1B"", ""rank2391_MCULE-6412661202_TMT1B"", ""rank2482_MCULE-9668681137_TMT1B"", ""rank2745_MCULE-4826721031_TMT1B""]}"
cec77c8aa53ee8520a572355e9e80b1bbe5f67ac9d553dadd2ef0f7b8c60e3e1,109,7A,a90acf75-ba02-4312-aff0-0509d86f2618,37d56018-c53f-4d75-bd89-f212dfaf6b3b,PROTEIN_ONLY,0,no SAM residue in receptor/target artifact,local://artifact-storage/146396ee-698b-4e85-9582-747a875b7a02/5e4b79a9-f17d-4e61-91d3-f0574416266d.pdb,True,vina,"{""imported_from"": ""aws_s3_run"", ""aws_run_id"": ""cys203_edge_3000_pdbqt_aws_20260612"", ""target_label"": ""TMT1A"", ""selectivity_role"": ""counter"", ""grid_source"": ""fpocket_pocket"", ""grid_name"": ""fpocket_productive_pocket_v1"", ""grid_center"": {""x"": 2.844, ""y"": -2.1, ""z"": -4.211}, ""grid_size"": {""x"": 25.334, ""y"": 19.263, ""z"": 23.923}, ""ligand_count"": 3000, ""job_count"": 3000, ""failed_job_count"": 8, ""failed_jobs"": [""rank0575_MCULE-6426360047_TMT1A"", ""rank0594_MCULE-3473952656_TMT1A"", ""rank1708_MCULE-7919765586_TMT1A"", ""rank2300_MCULE-4451687131_TMT1A"", ""rank2339_MCULE-1149242700_TMT1A"", ""rank2391_MCULE-6412661202_TMT1A"", ""rank2482_MCULE-9668681137_TMT1A"", ""rank2745_MCULE-4826721031_TMT1A""]}"
a8a681eae45de737f867c9f707c4aa53849a1e5fd9776e5fab6a618f73029846,110,7B,b64f93bd-8be3-4fba-b9a8-df5d20b84dea,ab847f71-a5a1-4527-91ce-6a82153bfa1e,PROTEIN_ONLY,0,no SAM residue in receptor/target artifact,local://artifact-storage/1506eed8-a316-4846-8022-3729e3b69dae/6447b5e7-7fae-48ba-ba3d-6c487431c404.pdbqt,True,vina,"{""engine"": ""vina"", ""ligand_count"": 166, ""receptor_artifact_id"": ""6447b5e7-7fae-48ba-ba3d-6c487431c404"", ""target_label"": ""TMT1B"", ""selectivity_role"": ""primary"", ""grid_source"": ""fpocket_productive_pocket_v1"", ""box"": {""center_x"": 2.844, ""center_y"": -2.1, ""center_z"": -4.211, ""size_x"": 25.334, ""size_y"": 19.263, ""size_z"": 23.923}, ""exhaustiveness"": 8, ""num_modes"": 9, ""pose_count"": 1481, ""failed_ligands"": []}"
a8a681eae45de737f867c9f707c4aa53849a1e5fd9776e5fab6a618f73029846,110,7A,614b00c5-ff3d-432f-a3a3-03668cd5732d,84afd218-0697-49bb-b004-27775f966739,PROTEIN_ONLY,0,no SAM residue in receptor/target artifact,local://artifact-storage/1506eed8-a316-4846-8022-3729e3b69dae/bc829f8b-c9a7-4f27-885e-38a1cf8fe2d3.pdbqt,True,vina,"{""engine"": ""vina"", ""ligand_count"": 166, ""receptor_artifact_id"": ""bc829f8b-c9a7-4f27-885e-38a1cf8fe2d3"", ""target_label"": ""TMT1A"", ""selectivity_role"": ""counter"", ""grid_source"": ""fpocket_productive_pocket_v1"", ""box"": {""center_x"": 2.844, ""center_y"": -2.1, ""center_z"": -4.211, ""size_x"": 25.334, ""size_y"": 19.263, ""size_z"": 23.923}, ""exhaustiveness"": 8, ""num_modes"": 9, ""pose_count"": 1412, ""failed_ligands"": []}"
03ab52470ebd786f5e81d612c98a7285d7258faf1abf2ed56aa43d75983339d0,111,7B,7c3c66fd-25f5-4074-8555-fa283dd3f5bd,61c4a3b6-3b37-4116-87e4-ad919e935bce,PROTEIN_ONLY,0,no SAM residue in receptor/target artifact,local://artifact-storage/146396ee-698b-4e85-9582-747a875b7a02/e3f08829-fc57-4e5a-b361-384135d4d573.pdb,True,vina,"{""imported_from"": ""aws_s3_run"", ""aws_run_id"": ""cys203_model_v2_3000_pdbqt_aws_20260612"", ""target_label"": ""TMT1B"", ""selectivity_role"": ""primary"", ""grid_source"": ""fpocket_pocket"", ""grid_name"": ""fpocket_productive_pocket_v1"", ""grid_center"": {""x"": 2.844, ""y"": -2.1, ""z"": -4.211}, ""grid_size"": {""x"": 25.334, ""y"": 19.263, ""z"": 23.923}, ""ligand_count"": 3000, ""job_count"": 3000, ""failed_job_count"": 0, ""failed_jobs"": []}"
03ab52470ebd786f5e81d612c98a7285d7258faf1abf2ed56aa43d75983339d0,111,7A,737ede2d-95ea-4515-a9a7-8c2535f2a12f,00b4c157-6f74-4c44-8dcf-c63eeee7b024,PROTEIN_ONLY,0,no SAM residue in receptor/target artifact,local://artifact-storage/146396ee-698b-4e85-9582-747a875b7a02/5e4b79a9-f17d-4e61-91d3-f0574416266d.pdb,True,vina,"{""imported_from"": ""aws_s3_run"", ""aws_run_id"": ""cys203_model_v2_3000_pdbqt_aws_20260612"", ""target_label"": ""TMT1A"", ""selectivity_role"": ""counter"", ""grid_source"": ""fpocket_pocket"", ""grid_name"": ""fpocket_productive_pocket_v1"", ""grid_center"": {""x"": 2.844, ""y"": -2.1, ""z"": -4.211}, ""grid_size"": {""x"": 25.334, ""y"": 19.263, ""z"": 23.923}, ""ligand_count"": 3000, ""job_count"": 3000, ""failed_job_count"": 0, ""failed_jobs"": []}"
2c6536101850666c101d6f27c47c1198d6a419f24d6d145d6924c0f2d6ad4553,112,7B,7c3c66fd-25f5-4074-8555-fa283dd3f5bd,1ec1eab2-d0d2-4d60-855c-84f5b9a6574d,PROTEIN_ONLY,0,no SAM residue in receptor/target artifact,local://artifact-storage/146396ee-698b-4e85-9582-747a875b7a02/e3f08829-fc57-4e5a-b361-384135d4d573.pdb,True,vina,"{""imported_from"": ""aws_s3_run"", ""aws_run_id"": ""cys203_model_v2_3000_pdbqt_aws_20260612"", ""target_label"": ""TMT1B"", ""selectivity_role"": ""primary"", ""grid_source"": ""fpocket_pocket"", ""grid_name"": ""fpocket_productive_pocket_v1"", ""grid_center"": {""x"": 2.844, ""y"": -2.1, ""z"": -4.211}, ""grid_size"": {""x"": 25.334, ""y"": 19.263, ""z"": 23.923}, ""ligand_count"": 3000, ""job_count"": 3000, ""failed_job_count"": 0, ""failed_jobs"": []}"
2c6536101850666c101d6f27c47c1198d6a419f24d6d145d6924c0f2d6ad4553,112,7A,737ede2d-95ea-4515-a9a7-8c2535f2a12f,2e008278-64c3-4d7d-9f92-a6fe187dd166,PROTEIN_ONLY,0,no SAM residue in receptor/target artifact,local://artifact-storage/146396ee-698b-4e85-9582-747a875b7a02/5e4b79a9-f17d-4e61-91d3-f0574416266d.pdb,True,vina,"{""imported_from"": ""aws_s3_run"", ""aws_run_id"": ""cys203_model_v2_3000_pdbqt_aws_20260612"", ""target_label"": ""TMT1A"", ""selectivity_role"": ""counter"", ""grid_source"": ""fpocket_pocket"", ""grid_name"": ""fpocket_productive_pocket_v1"", ""grid_center"": {""x"": 2.844, ""y"": -2.1, ""z"": -4.211}, ""grid_size"": {""x"": 25.334, ""y"": 19.263, ""z"": 23.923}, ""ligand_count"": 3000, ""job_count"": 3000, ""failed_job_count"": 0, ""failed_jobs"": []}"
8838de7ccf05474b24674049ec0b8a85867e8109fd082c90437943daf94f307a,113,7B,7c3c66fd-25f5-4074-8555-fa283dd3f5bd,ec18338a-6b34-4f37-919c-7ef0c79c2214,PROTEIN_ONLY,0,no SAM residue in receptor/target artifact,local://artifact-storage/146396ee-698b-4e85-9582-747a875b7a02/e3f08829-fc57-4e5a-b361-384135d4d573.pdb,True,vina,"{""imported_from"": ""aws_s3_run"", ""aws_run_id"": ""cys203_model_v2_3000_pdbqt_aws_20260612"", ""target_label"": ""TMT1B"", ""selectivity_role"": ""primary"", ""grid_source"": ""fpocket_pocket"", ""grid_name"": ""fpocket_productive_pocket_v1"", ""grid_center"": {""x"": 2.844, ""y"": -2.1, ""z"": -4.211}, ""grid_size"": {""x"": 25.334, ""y"": 19.263, ""z"": 23.923}, ""ligand_count"": 3000, ""job_count"": 3000, ""failed_job_count"": 0, ""failed_jobs"": []}"
8838de7ccf05474b24674049ec0b8a85867e8109fd082c90437943daf94f307a,113,7A,737ede2d-95ea-4515-a9a7-8c2535f2a12f,0190cf91-f969-4b1c-a6a1-02ccef77de25,PROTEIN_ONLY,0,no SAM residue in receptor/target artifact,local://artifact-storage/146396ee-698b-4e85-9582-747a875b7a02/5e4b79a9-f17d-4e61-91d3-f0574416266d.pdb,True,vina,"{""imported_from"": ""aws_s3_run"", ""aws_run_id"": ""cys203_model_v2_3000_pdbqt_aws_20260612"", ""target_label"": ""TMT1A"", ""selectivity_role"": ""counter"", ""grid_source"": ""fpocket_pocket"", ""grid_name"": ""fpocket_productive_pocket_v1"", ""grid_center"": {""x"": 2.844, ""y"": -2.1, ""z"": -4.211}, ""grid_size"": {""x"": 25.334, ""y"": 19.263, ""z"": 23.923}, ""ligand_count"": 3000, ""job_count"": 3000, ""failed_job_count"": 0, ""failed_jobs"": []}"
878e040b6fff460a364257415eee6b23dee4f23b3a34d42f5202ba316a424269,114,7B,7c3c66fd-25f5-4074-8555-fa283dd3f5bd,82d70d3e-eb56-4c9f-8c32-cd150e031370,PROTEIN_ONLY,0,no SAM residue in receptor/target artifact,local://artifact-storage/146396ee-698b-4e85-9582-747a875b7a02/e3f08829-fc57-4e5a-b361-384135d4d573.pdb,True,vina,"{""imported_from"": ""aws_s3_run"", ""aws_run_id"": ""cys203_model_v2_3000_pdbqt_aws_20260612"", ""target_label"": ""TMT1B"", ""selectivity_role"": ""primary"", ""grid_source"": ""fpocket_pocket"", ""grid_name"": ""fpocket_productive_pocket_v1"", ""grid_center"": {""x"": 2.844, ""y"": -2.1, ""z"": -4.211}, ""grid_size"": {""x"": 25.334, ""y"": 19.263, ""z"": 23.923}, ""ligand_count"": 3000, ""job_count"": 3000, ""failed_job_count"": 0, ""failed_jobs"": []}"
878e040b6fff460a364257415eee6b23dee4f23b3a34d42f5202ba316a424269,114,7A,737ede2d-95ea-4515-a9a7-8c2535f2a12f,8e05e87f-51d3-4d6a-9264-de1e6b0b4b41,PROTEIN_ONLY,0,no SAM residue in receptor/target artifact,local://artifact-storage/146396ee-698b-4e85-9582-747a875b7a02/5e4b79a9-f17d-4e61-91d3-f0574416266d.pdb,True,vina,"{""imported_from"": ""aws_s3_run"", ""aws_run_id"": ""cys203_model_v2_3000_pdbqt_aws_20260612"", ""target_label"": ""TMT1A"", ""selectivity_role"": ""counter"", ""grid_source"": ""fpocket_pocket"", ""grid_name"": ""fpocket_productive_pocket_v1"", ""grid_center"": {""x"": 2.844, ""y"": -2.1, ""z"": -4.211}, ""grid_size"": {""x"": 25.334, ""y"": 19.263, ""z"": 23.923}, ""ligand_count"": 3000, ""job_count"": 3000, ""failed_job_count"": 0, ""failed_jobs"": []}"
0ee97c5919b9daddc479c30cc63892c0be306aeecf83284a546c54f25b3f1172,115,7B,7c3c66fd-25f5-4074-8555-fa283dd3f5bd,7798e9be-04c0-4040-abf6-d1f3051e0d2e,PROTEIN_ONLY,0,no SAM residue in receptor/target artifact,local://artifact-storage/146396ee-698b-4e85-9582-747a875b7a02/e3f08829-fc57-4e5a-b361-384135d4d573.pdb,True,vina,"{""imported_from"": ""aws_s3_run"", ""aws_run_id"": ""cys203_model_v2_3000_pdbqt_aws_20260612"", ""target_label"": ""TMT1B"", ""selectivity_role"": ""primary"", ""grid_source"": ""fpocket_pocket"", ""grid_name"": ""fpocket_productive_pocket_v1"", ""grid_center"": {""x"": 2.844, ""y"": -2.1, ""z"": -4.211}, ""grid_size"": {""x"": 25.334, ""y"": 19.263, ""z"": 23.923}, ""ligand_count"": 3000, ""job_count"": 3000, ""failed_job_count"": 0, ""failed_jobs"": []}"
0ee97c5919b9daddc479c30cc63892c0be306aeecf83284a546c54f25b3f1172,115,7A,737ede2d-95ea-4515-a9a7-8c2535f2a12f,1c18ab13-64d7-45d4-986f-638366ccb502,PROTEIN_ONLY,0,no SAM residue in receptor/target artifact,local://artifact-storage/146396ee-698b-4e85-9582-747a875b7a02/5e4b79a9-f17d-4e61-91d3-f0574416266d.pdb,True,vina,"{""imported_from"": ""aws_s3_run"", ""aws_run_id"": ""cys203_model_v2_3000_pdbqt_aws_20260612"", ""target_label"": ""TMT1A"", ""selectivity_role"": ""counter"", ""grid_source"": ""fpocket_pocket"", ""grid_name"": ""fpocket_productive_pocket_v1"", ""grid_center"": {""x"": 2.844, ""y"": -2.1, ""z"": -4.211}, ""grid_size"": {""x"": 25.334, ""y"": 19.263, ""z"": 23.923}, ""ligand_count"": 3000, ""job_count"": 3000, ""failed_job_count"": 0, ""failed_jobs"": []}"
940f360fb21fb8080d919e712be6bd0ad37495f1e44957259490e8a06e345fa0,116,7B,7c3c66fd-25f5-4074-8555-fa283dd3f5bd,a7da86bf-d7cc-4fbe-8146-7ee0d058f6ae,PROTEIN_ONLY,0,no SAM residue in receptor/target artifact,local://artifact-storage/146396ee-698b-4e85-9582-747a875b7a02/e3f08829-fc57-4e5a-b361-384135d4d573.pdb,True,vina,"{""imported_from"": ""aws_s3_run"", ""aws_run_id"": ""cys203_model_v2_3000_pdbqt_aws_20260612"", ""target_label"": ""TMT1B"", ""selectivity_role"": ""primary"", ""grid_source"": ""fpocket_pocket"", ""grid_name"": ""fpocket_productive_pocket_v1"", ""grid_center"": {""x"": 2.844, ""y"": -2.1, ""z"": -4.211}, ""grid_size"": {""x"": 25.334, ""y"": 19.263, ""z"": 23.923}, ""ligand_count"": 3000, ""job_count"": 3000, ""failed_job_count"": 0, ""failed_jobs"": []}"
940f360fb21fb8080d919e712be6bd0ad37495f1e44957259490e8a06e345fa0,116,7A,737ede2d-95ea-4515-a9a7-8c2535f2a12f,4a4f37bf-99cf-4265-801f-8e65e165d91e,PROTEIN_ONLY,0,no SAM residue in receptor/target artifact,local://artifact-storage/146396ee-698b-4e85-9582-747a875b7a02/5e4b79a9-f17d-4e61-91d3-f0574416266d.pdb,True,vina,"{""imported_from"": ""aws_s3_run"", ""aws_run_id"": ""cys203_model_v2_3000_pdbqt_aws_20260612"", ""target_label"": ""TMT1A"", ""selectivity_role"": ""counter"", ""grid_source"": ""fpocket_pocket"", ""grid_name"": ""fpocket_productive_pocket_v1"", ""grid_center"": {""x"": 2.844, ""y"": -2.1, ""z"": -4.211}, ""grid_size"": {""x"": 25.334, ""y"": 19.263, ""z"": 23.923}, ""ligand_count"": 3000, ""job_count"": 3000, ""failed_job_count"": 0, ""failed_jobs"": []}"
04028c42851a020534987f7f0bc833483ebeedd82ab43d4c18751f29864e8380,117,7B,7c3c66fd-25f5-4074-8555-fa283dd3f5bd,9051391c-0d1c-4dda-ba20-d0813f419bbb,PROTEIN_ONLY,0,no SAM residue in receptor/target artifact,local://artifact-storage/146396ee-698b-4e85-9582-747a875b7a02/e3f08829-fc57-4e5a-b361-384135d4d573.pdb,True,vina,"{""imported_from"": ""aws_s3_run"", ""aws_run_id"": ""cys203_model_v2_3000_pdbqt_aws_20260612"", ""target_label"": ""TMT1B"", ""selectivity_role"": ""primary"", ""grid_source"": ""fpocket_pocket"", ""grid_name"": ""fpocket_productive_pocket_v1"", ""grid_center"": {""x"": 2.844, ""y"": -2.1, ""z"": -4.211}, ""grid_size"": {""x"": 25.334, ""y"": 19.263, ""z"": 23.923}, ""ligand_count"": 3000, ""job_count"": 3000, ""failed_job_count"": 0, ""failed_jobs"": []}"
04028c42851a020534987f7f0bc833483ebeedd82ab43d4c18751f29864e8380,117,7A,737ede2d-95ea-4515-a9a7-8c2535f2a12f,04227786-a0a5-479e-acbd-8720c5ee7996,PROTEIN_ONLY,0,no SAM residue in receptor/target artifact,local://artifact-storage/146396ee-698b-4e85-9582-747a875b7a02/5e4b79a9-f17d-4e61-91d3-f0574416266d.pdb,True,vina,"{""imported_from"": ""aws_s3_run"", ""aws_run_id"": ""cys203_model_v2_3000_pdbqt_aws_20260612"", ""target_label"": ""TMT1A"", ""selectivity_role"": ""counter"", ""grid_source"": ""fpocket_pocket"", ""grid_name"": ""fpocket_productive_pocket_v1"", ""grid_center"": {""x"": 2.844, ""y"": -2.1, ""z"": -4.211}, ""grid_size"": {""x"": 25.334, ""y"": 19.263, ""z"": 23.923}, ""ligand_count"": 3000, ""job_count"": 3000, ""failed_job_count"": 0, ""failed_jobs"": []}"
10c59b8382152b859d65e22c24a54ad261ab5b54946413deeb3d6134804ca5ad,118,7B,7c3c66fd-25f5-4074-8555-fa283dd3f5bd,7efea285-33f0-491b-a93a-5f9a643ca606,PROTEIN_ONLY,0,no SAM residue in receptor/target artifact,local://artifact-storage/146396ee-698b-4e85-9582-747a875b7a02/e3f08829-fc57-4e5a-b361-384135d4d573.pdb,True,vina,"{""imported_from"": ""aws_s3_run"", ""aws_run_id"": ""cys203_model_v2_3000_pdbqt_aws_20260612"", ""target_label"": ""TMT1B"", ""selectivity_role"": ""primary"", ""grid_source"": ""fpocket_pocket"", ""grid_name"": ""fpocket_productive_pocket_v1"", ""grid_center"": {""x"": 2.844, ""y"": -2.1, ""z"": -4.211}, ""grid_size"": {""x"": 25.334, ""y"": 19.263, ""z"": 23.923}, ""ligand_count"": 3000, ""job_count"": 3000, ""failed_job_count"": 0, ""failed_jobs"": []}"
10c59b8382152b859d65e22c24a54ad261ab5b54946413deeb3d6134804ca5ad,118,7A,737ede2d-95ea-4515-a9a7-8c2535f2a12f,b35a9c94-94a5-4e37-a0fa-5175804351ab,PROTEIN_ONLY,0,no SAM residue in receptor/target artifact,local://artifact-storage/146396ee-698b-4e85-9582-747a875b7a02/5e4b79a9-f17d-4e61-91d3-f0574416266d.pdb,True,vina,"{""imported_from"": ""aws_s3_run"", ""aws_run_id"": ""cys203_model_v2_3000_pdbqt_aws_20260612"", ""target_label"": ""TMT1A"", ""selectivity_role"": ""counter"", ""grid_source"": ""fpocket_pocket"", ""grid_name"": ""fpocket_productive_pocket_v1"", ""grid_center"": {""x"": 2.844, ""y"": -2.1, ""z"": -4.211}, ""grid_size"": {""x"": 25.334, ""y"": 19.263, ""z"": 23.923}, ""ligand_count"": 3000, ""job_count"": 3000, ""failed_job_count"": 0, ""failed_jobs"": []}"
ed984eea3243dd2a7aa75bf03d3b5abd7e7e4540890f95876602642ceadd454e,119,7B,7c3c66fd-25f5-4074-8555-fa283dd3f5bd,429d6fc7-6fe4-4d16-b6b4-1710b7cb9319,PROTEIN_ONLY,0,no SAM residue in receptor/target artifact,local://artifact-storage/146396ee-698b-4e85-9582-747a875b7a02/e3f08829-fc57-4e5a-b361-384135d4d573.pdb,True,vina,"{""imported_from"": ""aws_s3_run"", ""aws_run_id"": ""cys203_model_v2_3000_pdbqt_aws_20260612"", ""target_label"": ""TMT1B"", ""selectivity_role"": ""primary"", ""grid_source"": ""fpocket_pocket"", ""grid_name"": ""fpocket_productive_pocket_v1"", ""grid_center"": {""x"": 2.844, ""y"": -2.1, ""z"": -4.211}, ""grid_size"": {""x"": 25.334, ""y"": 19.263, ""z"": 23.923}, ""ligand_count"": 3000, ""job_count"": 3000, ""failed_job_count"": 0, ""failed_jobs"": []}"
ed984eea3243dd2a7aa75bf03d3b5abd7e7e4540890f95876602642ceadd454e,119,7A,737ede2d-95ea-4515-a9a7-8c2535f2a12f,8af61583-6291-4f6c-9293-50f8c04de84f,PROTEIN_ONLY,0,no SAM residue in receptor/target artifact,local://artifact-storage/146396ee-698b-4e85-9582-747a875b7a02/5e4b79a9-f17d-4e61-91d3-f0574416266d.pdb,True,vina,"{""imported_from"": ""aws_s3_run"", ""aws_run_id"": ""cys203_model_v2_3000_pdbqt_aws_20260612"", ""target_label"": ""TMT1A"", ""selectivity_role"": ""counter"", ""grid_source"": ""fpocket_pocket"", ""grid_name"": ""fpocket_productive_pocket_v1"", ""grid_center"": {""x"": 2.844, ""y"": -2.1, ""z"": -4.211}, ""grid_size"": {""x"": 25.334, ""y"": 19.263, ""z"": 23.923}, ""ligand_count"": 3000, ""job_count"": 3000, ""failed_job_count"": 0, ""failed_jobs"": []}"
89cca9a648ddaab0733efb7ab0af75f9f775788cdc9175d1e7334128b7ef45c7,120,7B,7c3c66fd-25f5-4074-8555-fa283dd3f5bd,22297a57-8e01-4818-a1d2-7c2607d215eb,PROTEIN_ONLY,0,no SAM residue in receptor/target artifact,local://artifact-storage/146396ee-698b-4e85-9582-747a875b7a02/e3f08829-fc57-4e5a-b361-384135d4d573.pdb,True,vina,"{""imported_from"": ""aws_s3_run"", ""aws_run_id"": ""cys203_model_v2_3000_pdbqt_aws_20260612"", ""target_label"": ""TMT1B"", ""selectivity_role"": ""primary"", ""grid_source"": ""fpocket_pocket"", ""grid_name"": ""fpocket_productive_pocket_v1"", ""grid_center"": {""x"": 2.844, ""y"": -2.1, ""z"": -4.211}, ""grid_size"": {""x"": 25.334, ""y"": 19.263, ""z"": 23.923}, ""ligand_count"": 3000, ""job_count"": 3000, ""failed_job_count"": 0, ""failed_jobs"": []}"
89cca9a648ddaab0733efb7ab0af75f9f775788cdc9175d1e7334128b7ef45c7,120,7A,737ede2d-95ea-4515-a9a7-8c2535f2a12f,17a16634-609f-4d0b-9fc7-69eca21028be,PROTEIN_ONLY,0,no SAM residue in receptor/target artifact,local://artifact-storage/146396ee-698b-4e85-9582-747a875b7a02/5e4b79a9-f17d-4e61-91d3-f0574416266d.pdb,True,vina,"{""imported_from"": ""aws_s3_run"", ""aws_run_id"": ""cys203_model_v2_3000_pdbqt_aws_20260612"", ""target_label"": ""TMT1A"", ""selectivity_role"": ""counter"", ""grid_source"": ""fpocket_pocket"", ""grid_name"": ""fpocket_productive_pocket_v1"", ""grid_center"": {""x"": 2.844, ""y"": -2.1, ""z"": -4.211}, ""grid_size"": {""x"": 25.334, ""y"": 19.263, ""z"": 23.923}, ""ligand_count"": 3000, ""job_count"": 3000, ""failed_job_count"": 0, ""failed_jobs"": []}"
903d0678163baaa9803edf584fb7b8e7a27a4d366a1e190d8fe8d1ec788ee276,121,7B,1bf6dd89-97f5-4de2-ae3d-9dcec24b7471,a78b6f3d-3c3c-4e0a-a6bf-59610c6cae52,PROTEIN_ONLY,0,no SAM residue in receptor/target artifact,local://artifact-storage/146396ee-698b-4e85-9582-747a875b7a02/e3f08829-fc57-4e5a-b361-384135d4d573.pdb,True,vina,"{""imported_from"": ""aws_s3_run"", ""aws_run_id"": ""cys203_edge_3000_pdbqt_aws_20260612"", ""target_label"": ""TMT1B"", ""selectivity_role"": ""primary"", ""grid_source"": ""fpocket_pocket"", ""grid_name"": ""fpocket_productive_pocket_v1"", ""grid_center"": {""x"": 2.844, ""y"": -2.1, ""z"": -4.211}, ""grid_size"": {""x"": 25.334, ""y"": 19.263, ""z"": 23.923}, ""ligand_count"": 3000, ""job_count"": 3000, ""failed_job_count"": 8, ""failed_jobs"": [""rank0575_MCULE-6426360047_TMT1B"", ""rank0594_MCULE-3473952656_TMT1B"", ""rank1708_MCULE-7919765586_TMT1B"", ""rank2300_MCULE-4451687131_TMT1B"", ""rank2339_MCULE-1149242700_TMT1B"", ""rank2391_MCULE-6412661202_TMT1B"", ""rank2482_MCULE-9668681137_TMT1B"", ""rank2745_MCULE-4826721031_TMT1B""]}"
903d0678163baaa9803edf584fb7b8e7a27a4d366a1e190d8fe8d1ec788ee276,121,7A,a90acf75-ba02-4312-aff0-0509d86f2618,eb02a6ec-7e29-4ffc-8c63-9c3d49960576,PROTEIN_ONLY,0,no SAM residue in receptor/target artifact,local://artifact-storage/146396ee-698b-4e85-9582-747a875b7a02/5e4b79a9-f17d-4e61-91d3-f0574416266d.pdb,True,vina,"{""imported_from"": ""aws_s3_run"", ""aws_run_id"": ""cys203_edge_3000_pdbqt_aws_20260612"", ""target_label"": ""TMT1A"", ""selectivity_role"": ""counter"", ""grid_source"": ""fpocket_pocket"", ""grid_name"": ""fpocket_productive_pocket_v1"", ""grid_center"": {""x"": 2.844, ""y"": -2.1, ""z"": -4.211}, ""grid_size"": {""x"": 25.334, ""y"": 19.263, ""z"": 23.923}, ""ligand_count"": 3000, ""job_count"": 3000, ""failed_job_count"": 8, ""failed_jobs"": [""rank0575_MCULE-6426360047_TMT1A"", ""rank0594_MCULE-3473952656_TMT1A"", ""rank1708_MCULE-7919765586_TMT1A"", ""rank2300_MCULE-4451687131_TMT1A"", ""rank2339_MCULE-1149242700_TMT1A"", ""rank2391_MCULE-6412661202_TMT1A"", ""rank2482_MCULE-9668681137_TMT1A"", ""rank2745_MCULE-4826721031_TMT1A""]}"
5d18cda10d9a7ad146b4e9f783761b682a57e924255dd5c70badccbbcb42b4da,122,7B,7c3c66fd-25f5-4074-8555-fa283dd3f5bd,b3e25adb-7385-490b-81dd-b0d246cb3d81,PROTEIN_ONLY,0,no SAM residue in receptor/target artifact,local://artifact-storage/146396ee-698b-4e85-9582-747a875b7a02/e3f08829-fc57-4e5a-b361-384135d4d573.pdb,True,vina,"{""imported_from"": ""aws_s3_run"", ""aws_run_id"": ""cys203_model_v2_3000_pdbqt_aws_20260612"", ""target_label"": ""TMT1B"", ""selectivity_role"": ""primary"", ""grid_source"": ""fpocket_pocket"", ""grid_name"": ""fpocket_productive_pocket_v1"", ""grid_center"": {""x"": 2.844, ""y"": -2.1, ""z"": -4.211}, ""grid_size"": {""x"": 25.334, ""y"": 19.263, ""z"": 23.923}, ""ligand_count"": 3000, ""job_count"": 3000, ""failed_job_count"": 0, ""failed_jobs"": []}"
5d18cda10d9a7ad146b4e9f783761b682a57e924255dd5c70badccbbcb42b4da,122,7A,737ede2d-95ea-4515-a9a7-8c2535f2a12f,48fd67e9-6f66-4b58-a153-77f36e9c1a93,PROTEIN_ONLY,0,no SAM residue in receptor/target artifact,local://artifact-storage/146396ee-698b-4e85-9582-747a875b7a02/5e4b79a9-f17d-4e61-91d3-f0574416266d.pdb,True,vina,"{""imported_from"": ""aws_s3_run"", ""aws_run_id"": ""cys203_model_v2_3000_pdbqt_aws_20260612"", ""target_label"": ""TMT1A"", ""selectivity_role"": ""counter"", ""grid_source"": ""fpocket_pocket"", ""grid_name"": ""fpocket_productive_pocket_v1"", ""grid_center"": {""x"": 2.844, ""y"": -2.1, ""z"": -4.211}, ""grid_size"": {""x"": 25.334, ""y"": 19.263, ""z"": 23.923}, ""ligand_count"": 3000, ""job_count"": 3000, ""failed_job_count"": 0, ""failed_jobs"": []}"
db29cc32e6bc629bffabbc58aefc6b99a39da37bfa7c5c1b7a19a0aa07bd4c2d,123,7B,7c3c66fd-25f5-4074-8555-fa283dd3f5bd,ffb00acb-1349-4af9-8cd3-95e3c66f8624,PROTEIN_ONLY,0,no SAM residue in receptor/target artifact,local://artifact-storage/146396ee-698b-4e85-9582-747a875b7a02/e3f08829-fc57-4e5a-b361-384135d4d573.pdb,True,vina,"{""imported_from"": ""aws_s3_run"", ""aws_run_id"": ""cys203_model_v2_3000_pdbqt_aws_20260612"", ""target_label"": ""TMT1B"", ""selectivity_role"": ""primary"", ""grid_source"": ""fpocket_pocket"", ""grid_name"": ""fpocket_productive_pocket_v1"", ""grid_center"": {""x"": 2.844, ""y"": -2.1, ""z"": -4.211}, ""grid_size"": {""x"": 25.334, ""y"": 19.263, ""z"": 23.923}, ""ligand_count"": 3000, ""job_count"": 3000, ""failed_job_count"": 0, ""failed_jobs"": []}"
db29cc32e6bc629bffabbc58aefc6b99a39da37bfa7c5c1b7a19a0aa07bd4c2d,123,7A,737ede2d-95ea-4515-a9a7-8c2535f2a12f,81b7344d-f8fd-4ec1-8a30-8d9d2cae405d,PROTEIN_ONLY,0,no SAM residue in receptor/target artifact,local://artifact-storage/146396ee-698b-4e85-9582-747a875b7a02/5e4b79a9-f17d-4e61-91d3-f0574416266d.pdb,True,vina,"{""imported_from"": ""aws_s3_run"", ""aws_run_id"": ""cys203_model_v2_3000_pdbqt_aws_20260612"", ""target_label"": ""TMT1A"", ""selectivity_role"": ""counter"", ""grid_source"": ""fpocket_pocket"", ""grid_name"": ""fpocket_productive_pocket_v1"", ""grid_center"": {""x"": 2.844, ""y"": -2.1, ""z"": -4.211}, ""grid_size"": {""x"": 25.334, ""y"": 19.263, ""z"": 23.923}, ""ligand_count"": 3000, ""job_count"": 3000, ""failed_job_count"": 0, ""failed_jobs"": []}"
267d6a6e6774861fba6b2b31256c680b82514123ec58a76896382470940a7ab4,124,7B,7c3c66fd-25f5-4074-8555-fa283dd3f5bd,5307ff2b-a430-4871-86aa-2706a7d6ff4b,PROTEIN_ONLY,0,no SAM residue in receptor/target artifact,local://artifact-storage/146396ee-698b-4e85-9582-747a875b7a02/e3f08829-fc57-4e5a-b361-384135d4d573.pdb,True,vina,"{""imported_from"": ""aws_s3_run"", ""aws_run_id"": ""cys203_model_v2_3000_pdbqt_aws_20260612"", ""target_label"": ""TMT1B"", ""selectivity_role"": ""primary"", ""grid_source"": ""fpocket_pocket"", ""grid_name"": ""fpocket_productive_pocket_v1"", ""grid_center"": {""x"": 2.844, ""y"": -2.1, ""z"": -4.211}, ""grid_size"": {""x"": 25.334, ""y"": 19.263, ""z"": 23.923}, ""ligand_count"": 3000, ""job_count"": 3000, ""failed_job_count"": 0, ""failed_jobs"": []}"
267d6a6e6774861fba6b2b31256c680b82514123ec58a76896382470940a7ab4,124,7A,737ede2d-95ea-4515-a9a7-8c2535f2a12f,35bfd3e6-3474-4ed1-a49d-4d9f8f978f4b,PROTEIN_ONLY,0,no SAM residue in receptor/target artifact,local://artifact-storage/146396ee-698b-4e85-9582-747a875b7a02/5e4b79a9-f17d-4e61-91d3-f0574416266d.pdb,True,vina,"{""imported_from"": ""aws_s3_run"", ""aws_run_id"": ""cys203_model_v2_3000_pdbqt_aws_20260612"", ""target_label"": ""TMT1A"", ""selectivity_role"": ""counter"", ""grid_source"": ""fpocket_pocket"", ""grid_name"": ""fpocket_productive_pocket_v1"", ""grid_center"": {""x"": 2.844, ""y"": -2.1, ""z"": -4.211}, ""grid_size"": {""x"": 25.334, ""y"": 19.263, ""z"": 23.923}, ""ligand_count"": 3000, ""job_count"": 3000, ""failed_job_count"": 0, ""failed_jobs"": []}"
115b09d1099eec799b6cfa23f1f2e73af328d39fa13f179c67c9d4732acb90f7,125,7B,7c3c66fd-25f5-4074-8555-fa283dd3f5bd,ddf84362-fa20-49d8-9b01-a00cf1d48aaa,PROTEIN_ONLY,0,no SAM residue in receptor/target artifact,local://artifact-storage/146396ee-698b-4e85-9582-747a875b7a02/e3f08829-fc57-4e5a-b361-384135d4d573.pdb,True,vina,"{""imported_from"": ""aws_s3_run"", ""aws_run_id"": ""cys203_model_v2_3000_pdbqt_aws_20260612"", ""target_label"": ""TMT1B"", ""selectivity_role"": ""primary"", ""grid_source"": ""fpocket_pocket"", ""grid_name"": ""fpocket_productive_pocket_v1"", ""grid_center"": {""x"": 2.844, ""y"": -2.1, ""z"": -4.211}, ""grid_size"": {""x"": 25.334, ""y"": 19.263, ""z"": 23.923}, ""ligand_count"": 3000, ""job_count"": 3000, ""failed_job_count"": 0, ""failed_jobs"": []}"
115b09d1099eec799b6cfa23f1f2e73af328d39fa13f179c67c9d4732acb90f7,125,7A,737ede2d-95ea-4515-a9a7-8c2535f2a12f,cf25696a-4a65-47c8-9c06-1726fce98bff,PROTEIN_ONLY,0,no SAM residue in receptor/target artifact,local://artifact-storage/146396ee-698b-4e85-9582-747a875b7a02/5e4b79a9-f17d-4e61-91d3-f0574416266d.pdb,True,vina,"{""imported_from"": ""aws_s3_run"", ""aws_run_id"": ""cys203_model_v2_3000_pdbqt_aws_20260612"", ""target_label"": ""TMT1A"", ""selectivity_role"": ""counter"", ""grid_source"": ""fpocket_pocket"", ""grid_name"": ""fpocket_productive_pocket_v1"", ""grid_center"": {""x"": 2.844, ""y"": -2.1, ""z"": -4.211}, ""grid_size"": {""x"": 25.334, ""y"": 19.263, ""z"": 23.923}, ""ligand_count"": 3000, ""job_count"": 3000, ""failed_job_count"": 0, ""failed_jobs"": []}"
c3093da36a6350839315a7914f61a1a1dd8d67794a9a3ba259a6e230989c639e,126,7B,7c3c66fd-25f5-4074-8555-fa283dd3f5bd,debd88e2-b54f-4349-b7ab-e18d2cbb9fdb,PROTEIN_ONLY,0,no SAM residue in receptor/target artifact,local://artifact-storage/146396ee-698b-4e85-9582-747a875b7a02/e3f08829-fc57-4e5a-b361-384135d4d573.pdb,True,vina,"{""imported_from"": ""aws_s3_run"", ""aws_run_id"": ""cys203_model_v2_3000_pdbqt_aws_20260612"", ""target_label"": ""TMT1B"", ""selectivity_role"": ""primary"", ""grid_source"": ""fpocket_pocket"", ""grid_name"": ""fpocket_productive_pocket_v1"", ""grid_center"": {""x"": 2.844, ""y"": -2.1, ""z"": -4.211}, ""grid_size"": {""x"": 25.334, ""y"": 19.263, ""z"": 23.923}, ""ligand_count"": 3000, ""job_count"": 3000, ""failed_job_count"": 0, ""failed_jobs"": []}"
c3093da36a6350839315a7914f61a1a1dd8d67794a9a3ba259a6e230989c639e,126,7A,737ede2d-95ea-4515-a9a7-8c2535f2a12f,3fe22e84-29ed-4e0f-af1d-ff3939c832a4,PROTEIN_ONLY,0,no SAM residue in receptor/target artifact,local://artifact-storage/146396ee-698b-4e85-9582-747a875b7a02/5e4b79a9-f17d-4e61-91d3-f0574416266d.pdb,True,vina,"{""imported_from"": ""aws_s3_run"", ""aws_run_id"": ""cys203_model_v2_3000_pdbqt_aws_20260612"", ""target_label"": ""TMT1A"", ""selectivity_role"": ""counter"", ""grid_source"": ""fpocket_pocket"", ""grid_name"": ""fpocket_productive_pocket_v1"", ""grid_center"": {""x"": 2.844, ""y"": -2.1, ""z"": -4.211}, ""grid_size"": {""x"": 25.334, ""y"": 19.263, ""z"": 23.923}, ""ligand_count"": 3000, ""job_count"": 3000, ""failed_job_count"": 0, ""failed_jobs"": []}"
256f1321d09a3e1aca21283f7ba5b3f0d45cd0ae8d500fa9bbfe781b60d70e6e,127,7B,7c3c66fd-25f5-4074-8555-fa283dd3f5bd,69cfabc5-47bf-4836-b6f2-51c1d3f5223c,PROTEIN_ONLY,0,no SAM residue in receptor/target artifact,local://artifact-storage/146396ee-698b-4e85-9582-747a875b7a02/e3f08829-fc57-4e5a-b361-384135d4d573.pdb,True,vina,"{""imported_from"": ""aws_s3_run"", ""aws_run_id"": ""cys203_model_v2_3000_pdbqt_aws_20260612"", ""target_label"": ""TMT1B"", ""selectivity_role"": ""primary"", ""grid_source"": ""fpocket_pocket"", ""grid_name"": ""fpocket_productive_pocket_v1"", ""grid_center"": {""x"": 2.844, ""y"": -2.1, ""z"": -4.211}, ""grid_size"": {""x"": 25.334, ""y"": 19.263, ""z"": 23.923}, ""ligand_count"": 3000, ""job_count"": 3000, ""failed_job_count"": 0, ""failed_jobs"": []}"
256f1321d09a3e1aca21283f7ba5b3f0d45cd0ae8d500fa9bbfe781b60d70e6e,127,7A,737ede2d-95ea-4515-a9a7-8c2535f2a12f,2d0a9dfa-5788-4429-9dda-5469d34f0228,PROTEIN_ONLY,0,no SAM residue in receptor/target artifact,local://artifact-storage/146396ee-698b-4e85-9582-747a875b7a02/5e4b79a9-f17d-4e61-91d3-f0574416266d.pdb,True,vina,"{""imported_from"": ""aws_s3_run"", ""aws_run_id"": ""cys203_model_v2_3000_pdbqt_aws_20260612"", ""target_label"": ""TMT1A"", ""selectivity_role"": ""counter"", ""grid_source"": ""fpocket_pocket"", ""grid_name"": ""fpocket_productive_pocket_v1"", ""grid_center"": {""x"": 2.844, ""y"": -2.1, ""z"": -4.211}, ""grid_size"": {""x"": 25.334, ""y"": 19.263, ""z"": 23.923}, ""ligand_count"": 3000, ""job_count"": 3000, ""failed_job_count"": 0, ""failed_jobs"": []}"
c0dd58e4442be10b406ab5925e61de961d4df191fb5fec14f7cb4b3bf86ebf81,128,7B,7c3c66fd-25f5-4074-8555-fa283dd3f5bd,5b420984-64a3-43f4-b0a0-1435826ac89b,PROTEIN_ONLY,0,no SAM residue in receptor/target artifact,local://artifact-storage/146396ee-698b-4e85-9582-747a875b7a02/e3f08829-fc57-4e5a-b361-384135d4d573.pdb,True,vina,"{""imported_from"": ""aws_s3_run"", ""aws_run_id"": ""cys203_model_v2_3000_pdbqt_aws_20260612"", ""target_label"": ""TMT1B"", ""selectivity_role"": ""primary"", ""grid_source"": ""fpocket_pocket"", ""grid_name"": ""fpocket_productive_pocket_v1"", ""grid_center"": {""x"": 2.844, ""y"": -2.1, ""z"": -4.211}, ""grid_size"": {""x"": 25.334, ""y"": 19.263, ""z"": 23.923}, ""ligand_count"": 3000, ""job_count"": 3000, ""failed_job_count"": 0, ""failed_jobs"": []}"
c0dd58e4442be10b406ab5925e61de961d4df191fb5fec14f7cb4b3bf86ebf81,128,7A,737ede2d-95ea-4515-a9a7-8c2535f2a12f,9a453dd7-28bd-4106-b3f0-972e76f06933,PROTEIN_ONLY,0,no SAM residue in receptor/target artifact,local://artifact-storage/146396ee-698b-4e85-9582-747a875b7a02/5e4b79a9-f17d-4e61-91d3-f0574416266d.pdb,True,vina,"{""imported_from"": ""aws_s3_run"", ""aws_run_id"": ""cys203_model_v2_3000_pdbqt_aws_20260612"", ""target_label"": ""TMT1A"", ""selectivity_role"": ""counter"", ""grid_source"": ""fpocket_pocket"", ""grid_name"": ""fpocket_productive_pocket_v1"", ""grid_center"": {""x"": 2.844, ""y"": -2.1, ""z"": -4.211}, ""grid_size"": {""x"": 25.334, ""y"": 19.263, ""z"": 23.923}, ""ligand_count"": 3000, ""job_count"": 3000, ""failed_job_count"": 0, ""failed_jobs"": []}"
4ccf5a845bb34e2098b0452073c248f0ec7997c17a8913600312ccab3259be70,129,7B,7c3c66fd-25f5-4074-8555-fa283dd3f5bd,f537b8c9-b0ef-46cc-9432-4fd80435084f,PROTEIN_ONLY,0,no SAM residue in receptor/target artifact,local://artifact-storage/146396ee-698b-4e85-9582-747a875b7a02/e3f08829-fc57-4e5a-b361-384135d4d573.pdb,True,vina,"{""imported_from"": ""aws_s3_run"", ""aws_run_id"": ""cys203_model_v2_3000_pdbqt_aws_20260612"", ""target_label"": ""TMT1B"", ""selectivity_role"": ""primary"", ""grid_source"": ""fpocket_pocket"", ""grid_name"": ""fpocket_productive_pocket_v1"", ""grid_center"": {""x"": 2.844, ""y"": -2.1, ""z"": -4.211}, ""grid_size"": {""x"": 25.334, ""y"": 19.263, ""z"": 23.923}, ""ligand_count"": 3000, ""job_count"": 3000, ""failed_job_count"": 0, ""failed_jobs"": []}"
4ccf5a845bb34e2098b0452073c248f0ec7997c17a8913600312ccab3259be70,129,7A,737ede2d-95ea-4515-a9a7-8c2535f2a12f,a2ff36e3-dfd0-4b6f-b7ce-e1df224097ab,PROTEIN_ONLY,0,no SAM residue in receptor/target artifact,local://artifact-storage/146396ee-698b-4e85-9582-747a875b7a02/5e4b79a9-f17d-4e61-91d3-f0574416266d.pdb,True,vina,"{""imported_from"": ""aws_s3_run"", ""aws_run_id"": ""cys203_model_v2_3000_pdbqt_aws_20260612"", ""target_label"": ""TMT1A"", ""selectivity_role"": ""counter"", ""grid_source"": ""fpocket_pocket"", ""grid_name"": ""fpocket_productive_pocket_v1"", ""grid_center"": {""x"": 2.844, ""y"": -2.1, ""z"": -4.211}, ""grid_size"": {""x"": 25.334, ""y"": 19.263, ""z"": 23.923}, ""ligand_count"": 3000, ""job_count"": 3000, ""failed_job_count"": 0, ""failed_jobs"": []}"
f4936966d8644e4631b29997e3cdd962bc7edcb6b5d59c78b1b55d51d1f63857,130,7B,1bf6dd89-97f5-4de2-ae3d-9dcec24b7471,51588b69-b0df-43c2-a029-9ec6beeae161,PROTEIN_ONLY,0,no SAM residue in receptor/target artifact,local://artifact-storage/146396ee-698b-4e85-9582-747a875b7a02/e3f08829-fc57-4e5a-b361-384135d4d573.pdb,True,vina,"{""imported_from"": ""aws_s3_run"", ""aws_run_id"": ""cys203_edge_3000_pdbqt_aws_20260612"", ""target_label"": ""TMT1B"", ""selectivity_role"": ""primary"", ""grid_source"": ""fpocket_pocket"", ""grid_name"": ""fpocket_productive_pocket_v1"", ""grid_center"": {""x"": 2.844, ""y"": -2.1, ""z"": -4.211}, ""grid_size"": {""x"": 25.334, ""y"": 19.263, ""z"": 23.923}, ""ligand_count"": 3000, ""job_count"": 3000, ""failed_job_count"": 8, ""failed_jobs"": [""rank0575_MCULE-6426360047_TMT1B"", ""rank0594_MCULE-3473952656_TMT1B"", ""rank1708_MCULE-7919765586_TMT1B"", ""rank2300_MCULE-4451687131_TMT1B"", ""rank2339_MCULE-1149242700_TMT1B"", ""rank2391_MCULE-6412661202_TMT1B"", ""rank2482_MCULE-9668681137_TMT1B"", ""rank2745_MCULE-4826721031_TMT1B""]}"
f4936966d8644e4631b29997e3cdd962bc7edcb6b5d59c78b1b55d51d1f63857,130,7A,a90acf75-ba02-4312-aff0-0509d86f2618,47f673f8-7fc9-40f8-86f4-850c6454ded2,PROTEIN_ONLY,0,no SAM residue in receptor/target artifact,local://artifact-storage/146396ee-698b-4e85-9582-747a875b7a02/5e4b79a9-f17d-4e61-91d3-f0574416266d.pdb,True,vina,"{""imported_from"": ""aws_s3_run"", ""aws_run_id"": ""cys203_edge_3000_pdbqt_aws_20260612"", ""target_label"": ""TMT1A"", ""selectivity_role"": ""counter"", ""grid_source"": ""fpocket_pocket"", ""grid_name"": ""fpocket_productive_pocket_v1"", ""grid_center"": {""x"": 2.844, ""y"": -2.1, ""z"": -4.211}, ""grid_size"": {""x"": 25.334, ""y"": 19.263, ""z"": 23.923}, ""ligand_count"": 3000, ""job_count"": 3000, ""failed_job_count"": 8, ""failed_jobs"": [""rank0575_MCULE-6426360047_TMT1A"", ""rank0594_MCULE-3473952656_TMT1A"", ""rank1708_MCULE-7919765586_TMT1A"", ""rank2300_MCULE-4451687131_TMT1A"", ""rank2339_MCULE-1149242700_TMT1A"", ""rank2391_MCULE-6412661202_TMT1A"", ""rank2482_MCULE-9668681137_TMT1A"", ""rank2745_MCULE-4826721031_TMT1A""]}"
5549ac11e7b2f2ce60a50a74e5e7301b07c1c5c926cb79c67a6612df44ae828c,131,7B,7c3c66fd-25f5-4074-8555-fa283dd3f5bd,fb848af9-1755-4602-bc55-79b6895eca57,PROTEIN_ONLY,0,no SAM residue in receptor/target artifact,local://artifact-storage/146396ee-698b-4e85-9582-747a875b7a02/e3f08829-fc57-4e5a-b361-384135d4d573.pdb,True,vina,"{""imported_from"": ""aws_s3_run"", ""aws_run_id"": ""cys203_model_v2_3000_pdbqt_aws_20260612"", ""target_label"": ""TMT1B"", ""selectivity_role"": ""primary"", ""grid_source"": ""fpocket_pocket"", ""grid_name"": ""fpocket_productive_pocket_v1"", ""grid_center"": {""x"": 2.844, ""y"": -2.1, ""z"": -4.211}, ""grid_size"": {""x"": 25.334, ""y"": 19.263, ""z"": 23.923}, ""ligand_count"": 3000, ""job_count"": 3000, ""failed_job_count"": 0, ""failed_jobs"": []}"
5549ac11e7b2f2ce60a50a74e5e7301b07c1c5c926cb79c67a6612df44ae828c,131,7A,737ede2d-95ea-4515-a9a7-8c2535f2a12f,ccf2b209-71bd-4664-a96c-4ce4f8e59be2,PROTEIN_ONLY,0,no SAM residue in receptor/target artifact,local://artifact-storage/146396ee-698b-4e85-9582-747a875b7a02/5e4b79a9-f17d-4e61-91d3-f0574416266d.pdb,True,vina,"{""imported_from"": ""aws_s3_run"", ""aws_run_id"": ""cys203_model_v2_3000_pdbqt_aws_20260612"", ""target_label"": ""TMT1A"", ""selectivity_role"": ""counter"", ""grid_source"": ""fpocket_pocket"", ""grid_name"": ""fpocket_productive_pocket_v1"", ""grid_center"": {""x"": 2.844, ""y"": -2.1, ""z"": -4.211}, ""grid_size"": {""x"": 25.334, ""y"": 19.263, ""z"": 23.923}, ""ligand_count"": 3000, ""job_count"": 3000, ""failed_job_count"": 0, ""failed_jobs"": []}"
0ee4840edbebfe680088bc68360d1613ba833fde26d8ab74aa99dd4290093e04,132,7B,7c3c66fd-25f5-4074-8555-fa283dd3f5bd,93b93f60-c1f0-4d9f-8ee1-3f8b6912bcf7,PROTEIN_ONLY,0,no SAM residue in receptor/target artifact,local://artifact-storage/146396ee-698b-4e85-9582-747a875b7a02/e3f08829-fc57-4e5a-b361-384135d4d573.pdb,True,vina,"{""imported_from"": ""aws_s3_run"", ""aws_run_id"": ""cys203_model_v2_3000_pdbqt_aws_20260612"", ""target_label"": ""TMT1B"", ""selectivity_role"": ""primary"", ""grid_source"": ""fpocket_pocket"", ""grid_name"": ""fpocket_productive_pocket_v1"", ""grid_center"": {""x"": 2.844, ""y"": -2.1, ""z"": -4.211}, ""grid_size"": {""x"": 25.334, ""y"": 19.263, ""z"": 23.923}, ""ligand_count"": 3000, ""job_count"": 3000, ""failed_job_count"": 0, ""failed_jobs"": []}"
0ee4840edbebfe680088bc68360d1613ba833fde26d8ab74aa99dd4290093e04,132,7A,5102f5c1-421a-4b25-b51a-89580e3d45f6,065dd72e-72b8-4c04-bf3d-743e0cee762c,PROTEIN_ONLY,0,no SAM residue in receptor/target artifact,local://artifact-storage/5bdcca82-3b19-497c-96d3-87b93fd828b0/4ae9c0bb-93cf-4cb5-865a-0c983d3e7697.pdbqt,True,vina,"{""engine"": ""vina"", ""ligand_count"": 100, ""receptor_artifact_id"": ""4ae9c0bb-93cf-4cb5-865a-0c983d3e7697"", ""target_label"": ""TMT1A"", ""selectivity_role"": ""counter"", ""grid_source"": ""fpocket_productive_pocket_v1"", ""box"": {""center_x"": 2.844, ""center_y"": -2.1, ""center_z"": -4.211, ""size_x"": 25.334, ""size_y"": 19.263, ""size_z"": 23.923}, ""exhaustiveness"": 8, ""num_modes"": 9, ""pose_count"": 737, ""failed_ligands"": []}"
be0063653c6d425dba95ae247e6012175112e0d68e48fb935623f536ec94f3f1,133,7B,7c3c66fd-25f5-4074-8555-fa283dd3f5bd,304bf97a-aae6-49c0-99f6-cbc5a9ca2224,PROTEIN_ONLY,0,no SAM residue in receptor/target artifact,local://artifact-storage/146396ee-698b-4e85-9582-747a875b7a02/e3f08829-fc57-4e5a-b361-384135d4d573.pdb,True,vina,"{""imported_from"": ""aws_s3_run"", ""aws_run_id"": ""cys203_model_v2_3000_pdbqt_aws_20260612"", ""target_label"": ""TMT1B"", ""selectivity_role"": ""primary"", ""grid_source"": ""fpocket_pocket"", ""grid_name"": ""fpocket_productive_pocket_v1"", ""grid_center"": {""x"": 2.844, ""y"": -2.1, ""z"": -4.211}, ""grid_size"": {""x"": 25.334, ""y"": 19.263, ""z"": 23.923}, ""ligand_count"": 3000, ""job_count"": 3000, ""failed_job_count"": 0, ""failed_jobs"": []}"
be0063653c6d425dba95ae247e6012175112e0d68e48fb935623f536ec94f3f1,133,7A,737ede2d-95ea-4515-a9a7-8c2535f2a12f,3f4cdb48-eaed-4922-b3b5-36671f7f509c,PROTEIN_ONLY,0,no SAM residue in receptor/target artifact,local://artifact-storage/146396ee-698b-4e85-9582-747a875b7a02/5e4b79a9-f17d-4e61-91d3-f0574416266d.pdb,True,vina,"{""imported_from"": ""aws_s3_run"", ""aws_run_id"": ""cys203_model_v2_3000_pdbqt_aws_20260612"", ""target_label"": ""TMT1A"", ""selectivity_role"": ""counter"", ""grid_source"": ""fpocket_pocket"", ""grid_name"": ""fpocket_productive_pocket_v1"", ""grid_center"": {""x"": 2.844, ""y"": -2.1, ""z"": -4.211}, ""grid_size"": {""x"": 25.334, ""y"": 19.263, ""z"": 23.923}, ""ligand_count"": 3000, ""job_count"": 3000, ""failed_job_count"": 0, ""failed_jobs"": []}"
1379d4dadc2582c2490b367048f622d18f52f725f8250bcf4c98f86dfa447272,134,7B,7c3c66fd-25f5-4074-8555-fa283dd3f5bd,d60d4a2f-c42f-47c2-ad8c-8e953ed2c3a7,PROTEIN_ONLY,0,no SAM residue in receptor/target artifact,local://artifact-storage/146396ee-698b-4e85-9582-747a875b7a02/e3f08829-fc57-4e5a-b361-384135d4d573.pdb,True,vina,"{""imported_from"": ""aws_s3_run"", ""aws_run_id"": ""cys203_model_v2_3000_pdbqt_aws_20260612"", ""target_label"": ""TMT1B"", ""selectivity_role"": ""primary"", ""grid_source"": ""fpocket_pocket"", ""grid_name"": ""fpocket_productive_pocket_v1"", ""grid_center"": {""x"": 2.844, ""y"": -2.1, ""z"": -4.211}, ""grid_size"": {""x"": 25.334, ""y"": 19.263, ""z"": 23.923}, ""ligand_count"": 3000, ""job_count"": 3000, ""failed_job_count"": 0, ""failed_jobs"": []}"
1379d4dadc2582c2490b367048f622d18f52f725f8250bcf4c98f86dfa447272,134,7A,737ede2d-95ea-4515-a9a7-8c2535f2a12f,ebb19b0c-2c70-4a78-9112-80f6e350aca2,PROTEIN_ONLY,0,no SAM residue in receptor/target artifact,local://artifact-storage/146396ee-698b-4e85-9582-747a875b7a02/5e4b79a9-f17d-4e61-91d3-f0574416266d.pdb,True,vina,"{""imported_from"": ""aws_s3_run"", ""aws_run_id"": ""cys203_model_v2_3000_pdbqt_aws_20260612"", ""target_label"": ""TMT1A"", ""selectivity_role"": ""counter"", ""grid_source"": ""fpocket_pocket"", ""grid_name"": ""fpocket_productive_pocket_v1"", ""grid_center"": {""x"": 2.844, ""y"": -2.1, ""z"": -4.211}, ""grid_size"": {""x"": 25.334, ""y"": 19.263, ""z"": 23.923}, ""ligand_count"": 3000, ""job_count"": 3000, ""failed_job_count"": 0, ""failed_jobs"": []}"
52c87c95e070e89e82acd9779cfa2bda54710c735dc38dd42801d1b1f77c6f76,135,7B,7c3c66fd-25f5-4074-8555-fa283dd3f5bd,82de53b7-9a25-46f6-94c5-cfb9f9f7e86c,PROTEIN_ONLY,0,no SAM residue in receptor/target artifact,local://artifact-storage/146396ee-698b-4e85-9582-747a875b7a02/e3f08829-fc57-4e5a-b361-384135d4d573.pdb,True,vina,"{""imported_from"": ""aws_s3_run"", ""aws_run_id"": ""cys203_model_v2_3000_pdbqt_aws_20260612"", ""target_label"": ""TMT1B"", ""selectivity_role"": ""primary"", ""grid_source"": ""fpocket_pocket"", ""grid_name"": ""fpocket_productive_pocket_v1"", ""grid_center"": {""x"": 2.844, ""y"": -2.1, ""z"": -4.211}, ""grid_size"": {""x"": 25.334, ""y"": 19.263, ""z"": 23.923}, ""ligand_count"": 3000, ""job_count"": 3000, ""failed_job_count"": 0, ""failed_jobs"": []}"
52c87c95e070e89e82acd9779cfa2bda54710c735dc38dd42801d1b1f77c6f76,135,7A,737ede2d-95ea-4515-a9a7-8c2535f2a12f,9cdb1326-7e55-48f0-a1d7-8a6ebfd3b2ad,PROTEIN_ONLY,0,no SAM residue in receptor/target artifact,local://artifact-storage/146396ee-698b-4e85-9582-747a875b7a02/5e4b79a9-f17d-4e61-91d3-f0574416266d.pdb,True,vina,"{""imported_from"": ""aws_s3_run"", ""aws_run_id"": ""cys203_model_v2_3000_pdbqt_aws_20260612"", ""target_label"": ""TMT1A"", ""selectivity_role"": ""counter"", ""grid_source"": ""fpocket_pocket"", ""grid_name"": ""fpocket_productive_pocket_v1"", ""grid_center"": {""x"": 2.844, ""y"": -2.1, ""z"": -4.211}, ""grid_size"": {""x"": 25.334, ""y"": 19.263, ""z"": 23.923}, ""ligand_count"": 3000, ""job_count"": 3000, ""failed_job_count"": 0, ""failed_jobs"": []}"
aa92937f096ce45fa5c6532db89a3d9898215b0ed4a4db643a20f60945c526a4,136,7B,1bf6dd89-97f5-4de2-ae3d-9dcec24b7471,8fbbb89f-cb19-44b2-8dce-e615051ed17e,PROTEIN_ONLY,0,no SAM residue in receptor/target artifact,local://artifact-storage/146396ee-698b-4e85-9582-747a875b7a02/e3f08829-fc57-4e5a-b361-384135d4d573.pdb,True,vina,"{""imported_from"": ""aws_s3_run"", ""aws_run_id"": ""cys203_edge_3000_pdbqt_aws_20260612"", ""target_label"": ""TMT1B"", ""selectivity_role"": ""primary"", ""grid_source"": ""fpocket_pocket"", ""grid_name"": ""fpocket_productive_pocket_v1"", ""grid_center"": {""x"": 2.844, ""y"": -2.1, ""z"": -4.211}, ""grid_size"": {""x"": 25.334, ""y"": 19.263, ""z"": 23.923}, ""ligand_count"": 3000, ""job_count"": 3000, ""failed_job_count"": 8, ""failed_jobs"": [""rank0575_MCULE-6426360047_TMT1B"", ""rank0594_MCULE-3473952656_TMT1B"", ""rank1708_MCULE-7919765586_TMT1B"", ""rank2300_MCULE-4451687131_TMT1B"", ""rank2339_MCULE-1149242700_TMT1B"", ""rank2391_MCULE-6412661202_TMT1B"", ""rank2482_MCULE-9668681137_TMT1B"", ""rank2745_MCULE-4826721031_TMT1B""]}"
aa92937f096ce45fa5c6532db89a3d9898215b0ed4a4db643a20f60945c526a4,136,7A,a90acf75-ba02-4312-aff0-0509d86f2618,5d7137c3-2051-4ed1-aadb-090e3c9bef05,PROTEIN_ONLY,0,no SAM residue in receptor/target artifact,local://artifact-storage/146396ee-698b-4e85-9582-747a875b7a02/5e4b79a9-f17d-4e61-91d3-f0574416266d.pdb,True,vina,"{""imported_from"": ""aws_s3_run"", ""aws_run_id"": ""cys203_edge_3000_pdbqt_aws_20260612"", ""target_label"": ""TMT1A"", ""selectivity_role"": ""counter"", ""grid_source"": ""fpocket_pocket"", ""grid_name"": ""fpocket_productive_pocket_v1"", ""grid_center"": {""x"": 2.844, ""y"": -2.1, ""z"": -4.211}, ""grid_size"": {""x"": 25.334, ""y"": 19.263, ""z"": 23.923}, ""ligand_count"": 3000, ""job_count"": 3000, ""failed_job_count"": 8, ""failed_jobs"": [""rank0575_MCULE-6426360047_TMT1A"", ""rank0594_MCULE-3473952656_TMT1A"", ""rank1708_MCULE-7919765586_TMT1A"", ""rank2300_MCULE-4451687131_TMT1A"", ""rank2339_MCULE-1149242700_TMT1A"", ""rank2391_MCULE-6412661202_TMT1A"", ""rank2482_MCULE-9668681137_TMT1A"", ""rank2745_MCULE-4826721031_TMT1A""]}"
601282ff94b5ba01a2b7c83048a14acd53ef123468b64cbd25e38a2aa0a89130,137,7B,7c3c66fd-25f5-4074-8555-fa283dd3f5bd,b18b5a4b-24bd-4dd0-bdbe-9e8fdaf122a4,PROTEIN_ONLY,0,no SAM residue in receptor/target artifact,local://artifact-storage/146396ee-698b-4e85-9582-747a875b7a02/e3f08829-fc57-4e5a-b361-384135d4d573.pdb,True,vina,"{""imported_from"": ""aws_s3_run"", ""aws_run_id"": ""cys203_model_v2_3000_pdbqt_aws_20260612"", ""target_label"": ""TMT1B"", ""selectivity_role"": ""primary"", ""grid_source"": ""fpocket_pocket"", ""grid_name"": ""fpocket_productive_pocket_v1"", ""grid_center"": {""x"": 2.844, ""y"": -2.1, ""z"": -4.211}, ""grid_size"": {""x"": 25.334, ""y"": 19.263, ""z"": 23.923}, ""ligand_count"": 3000, ""job_count"": 3000, ""failed_job_count"": 0, ""failed_jobs"": []}"
601282ff94b5ba01a2b7c83048a14acd53ef123468b64cbd25e38a2aa0a89130,137,7A,737ede2d-95ea-4515-a9a7-8c2535f2a12f,703a77a1-f8cc-4d83-ab60-f5720575f37d,PROTEIN_ONLY,0,no SAM residue in receptor/target artifact,local://artifact-storage/146396ee-698b-4e85-9582-747a875b7a02/5e4b79a9-f17d-4e61-91d3-f0574416266d.pdb,True,vina,"{""imported_from"": ""aws_s3_run"", ""aws_run_id"": ""cys203_model_v2_3000_pdbqt_aws_20260612"", ""target_label"": ""TMT1A"", ""selectivity_role"": ""counter"", ""grid_source"": ""fpocket_pocket"", ""grid_name"": ""fpocket_productive_pocket_v1"", ""grid_center"": {""x"": 2.844, ""y"": -2.1, ""z"": -4.211}, ""grid_size"": {""x"": 25.334, ""y"": 19.263, ""z"": 23.923}, ""ligand_count"": 3000, ""job_count"": 3000, ""failed_job_count"": 0, ""failed_jobs"": []}"
2c55911646758817ef72be207855d3f15e44887a96878025e4a04c99cd6c8819,138,7B,7c3c66fd-25f5-4074-8555-fa283dd3f5bd,fbed5f3e-0eb2-4616-be89-b451c3781ef8,PROTEIN_ONLY,0,no SAM residue in receptor/target artifact,local://artifact-storage/146396ee-698b-4e85-9582-747a875b7a02/e3f08829-fc57-4e5a-b361-384135d4d573.pdb,True,vina,"{""imported_from"": ""aws_s3_run"", ""aws_run_id"": ""cys203_model_v2_3000_pdbqt_aws_20260612"", ""target_label"": ""TMT1B"", ""selectivity_role"": ""primary"", ""grid_source"": ""fpocket_pocket"", ""grid_name"": ""fpocket_productive_pocket_v1"", ""grid_center"": {""x"": 2.844, ""y"": -2.1, ""z"": -4.211}, ""grid_size"": {""x"": 25.334, ""y"": 19.263, ""z"": 23.923}, ""ligand_count"": 3000, ""job_count"": 3000, ""failed_job_count"": 0, ""failed_jobs"": []}"
2c55911646758817ef72be207855d3f15e44887a96878025e4a04c99cd6c8819,138,7A,737ede2d-95ea-4515-a9a7-8c2535f2a12f,422c4ca2-3a6a-4c67-bdf8-bee1ac16fca8,PROTEIN_ONLY,0,no SAM residue in receptor/target artifact,local://artifact-storage/146396ee-698b-4e85-9582-747a875b7a02/5e4b79a9-f17d-4e61-91d3-f0574416266d.pdb,True,vina,"{""imported_from"": ""aws_s3_run"", ""aws_run_id"": ""cys203_model_v2_3000_pdbqt_aws_20260612"", ""target_label"": ""TMT1A"", ""selectivity_role"": ""counter"", ""grid_source"": ""fpocket_pocket"", ""grid_name"": ""fpocket_productive_pocket_v1"", ""grid_center"": {""x"": 2.844, ""y"": -2.1, ""z"": -4.211}, ""grid_size"": {""x"": 25.334, ""y"": 19.263, ""z"": 23.923}, ""ligand_count"": 3000, ""job_count"": 3000, ""failed_job_count"": 0, ""failed_jobs"": []}"
ffb54099f5eaef1477121b2df0453583f3794c5a98b4486edd41e292ab4deed0,139,7B,7c3c66fd-25f5-4074-8555-fa283dd3f5bd,c19c2048-ff6d-4c3d-9ff4-751483e3642d,PROTEIN_ONLY,0,no SAM residue in receptor/target artifact,local://artifact-storage/146396ee-698b-4e85-9582-747a875b7a02/e3f08829-fc57-4e5a-b361-384135d4d573.pdb,True,vina,"{""imported_from"": ""aws_s3_run"", ""aws_run_id"": ""cys203_model_v2_3000_pdbqt_aws_20260612"", ""target_label"": ""TMT1B"", ""selectivity_role"": ""primary"", ""grid_source"": ""fpocket_pocket"", ""grid_name"": ""fpocket_productive_pocket_v1"", ""grid_center"": {""x"": 2.844, ""y"": -2.1, ""z"": -4.211}, ""grid_size"": {""x"": 25.334, ""y"": 19.263, ""z"": 23.923}, ""ligand_count"": 3000, ""job_count"": 3000, ""failed_job_count"": 0, ""failed_jobs"": []}"
ffb54099f5eaef1477121b2df0453583f3794c5a98b4486edd41e292ab4deed0,139,7A,737ede2d-95ea-4515-a9a7-8c2535f2a12f,55a31845-4eaa-46d1-bde1-ed9a0ef1d55b,PROTEIN_ONLY,0,no SAM residue in receptor/target artifact,local://artifact-storage/146396ee-698b-4e85-9582-747a875b7a02/5e4b79a9-f17d-4e61-91d3-f0574416266d.pdb,True,vina,"{""imported_from"": ""aws_s3_run"", ""aws_run_id"": ""cys203_model_v2_3000_pdbqt_aws_20260612"", ""target_label"": ""TMT1A"", ""selectivity_role"": ""counter"", ""grid_source"": ""fpocket_pocket"", ""grid_name"": ""fpocket_productive_pocket_v1"", ""grid_center"": {""x"": 2.844, ""y"": -2.1, ""z"": -4.211}, ""grid_size"": {""x"": 25.334, ""y"": 19.263, ""z"": 23.923}, ""ligand_count"": 3000, ""job_count"": 3000, ""failed_job_count"": 0, ""failed_jobs"": []}"
2784a8d7e6cbe226501fb1c517b6fb6c788d24496f063662f7268ac80da05b24,140,7B,7c3c66fd-25f5-4074-8555-fa283dd3f5bd,13f91c40-53a6-497f-9564-875400b16976,PROTEIN_ONLY,0,no SAM residue in receptor/target artifact,local://artifact-storage/146396ee-698b-4e85-9582-747a875b7a02/e3f08829-fc57-4e5a-b361-384135d4d573.pdb,True,vina,"{""imported_from"": ""aws_s3_run"", ""aws_run_id"": ""cys203_model_v2_3000_pdbqt_aws_20260612"", ""target_label"": ""TMT1B"", ""selectivity_role"": ""primary"", ""grid_source"": ""fpocket_pocket"", ""grid_name"": ""fpocket_productive_pocket_v1"", ""grid_center"": {""x"": 2.844, ""y"": -2.1, ""z"": -4.211}, ""grid_size"": {""x"": 25.334, ""y"": 19.263, ""z"": 23.923}, ""ligand_count"": 3000, ""job_count"": 3000, ""failed_job_count"": 0, ""failed_jobs"": []}"
2784a8d7e6cbe226501fb1c517b6fb6c788d24496f063662f7268ac80da05b24,140,7A,737ede2d-95ea-4515-a9a7-8c2535f2a12f,78f4751d-0b56-408a-a79b-f2cb921a2700,PROTEIN_ONLY,0,no SAM residue in receptor/target artifact,local://artifact-storage/146396ee-698b-4e85-9582-747a875b7a02/5e4b79a9-f17d-4e61-91d3-f0574416266d.pdb,True,vina,"{""imported_from"": ""aws_s3_run"", ""aws_run_id"": ""cys203_model_v2_3000_pdbqt_aws_20260612"", ""target_label"": ""TMT1A"", ""selectivity_role"": ""counter"", ""grid_source"": ""fpocket_pocket"", ""grid_name"": ""fpocket_productive_pocket_v1"", ""grid_center"": {""x"": 2.844, ""y"": -2.1, ""z"": -4.211}, ""grid_size"": {""x"": 25.334, ""y"": 19.263, ""z"": 23.923}, ""ligand_count"": 3000, ""job_count"": 3000, ""failed_job_count"": 0, ""failed_jobs"": []}"
bffb44a938c9ca7be1b4c7bd85e6d84b545a96cdac634e4b34cb59afcb2c74f0,141,7B,7c3c66fd-25f5-4074-8555-fa283dd3f5bd,a4be8f7a-cef8-4de0-b456-6c4f1fc6b168,PROTEIN_ONLY,0,no SAM residue in receptor/target artifact,local://artifact-storage/146396ee-698b-4e85-9582-747a875b7a02/e3f08829-fc57-4e5a-b361-384135d4d573.pdb,True,vina,"{""imported_from"": ""aws_s3_run"", ""aws_run_id"": ""cys203_model_v2_3000_pdbqt_aws_20260612"", ""target_label"": ""TMT1B"", ""selectivity_role"": ""primary"", ""grid_source"": ""fpocket_pocket"", ""grid_name"": ""fpocket_productive_pocket_v1"", ""grid_center"": {""x"": 2.844, ""y"": -2.1, ""z"": -4.211}, ""grid_size"": {""x"": 25.334, ""y"": 19.263, ""z"": 23.923}, ""ligand_count"": 3000, ""job_count"": 3000, ""failed_job_count"": 0, ""failed_jobs"": []}"
bffb44a938c9ca7be1b4c7bd85e6d84b545a96cdac634e4b34cb59afcb2c74f0,141,7A,737ede2d-95ea-4515-a9a7-8c2535f2a12f,a2444447-fa4c-4828-8724-2aa874e20d16,PROTEIN_ONLY,0,no SAM residue in receptor/target artifact,local://artifact-storage/146396ee-698b-4e85-9582-747a875b7a02/5e4b79a9-f17d-4e61-91d3-f0574416266d.pdb,True,vina,"{""imported_from"": ""aws_s3_run"", ""aws_run_id"": ""cys203_model_v2_3000_pdbqt_aws_20260612"", ""target_label"": ""TMT1A"", ""selectivity_role"": ""counter"", ""grid_source"": ""fpocket_pocket"", ""grid_name"": ""fpocket_productive_pocket_v1"", ""grid_center"": {""x"": 2.844, ""y"": -2.1, ""z"": -4.211}, ""grid_size"": {""x"": 25.334, ""y"": 19.263, ""z"": 23.923}, ""ligand_count"": 3000, ""job_count"": 3000, ""failed_job_count"": 0, ""failed_jobs"": []}"
e520849ecc898370924dcf2883f56c7b78dbd47792d4875fea3844fdb9993585,142,7B,1bf6dd89-97f5-4de2-ae3d-9dcec24b7471,64de62ff-c1f5-4d22-83e6-36fdd442240f,PROTEIN_ONLY,0,no SAM residue in receptor/target artifact,local://artifact-storage/146396ee-698b-4e85-9582-747a875b7a02/e3f08829-fc57-4e5a-b361-384135d4d573.pdb,True,vina,"{""imported_from"": ""aws_s3_run"", ""aws_run_id"": ""cys203_edge_3000_pdbqt_aws_20260612"", ""target_label"": ""TMT1B"", ""selectivity_role"": ""primary"", ""grid_source"": ""fpocket_pocket"", ""grid_name"": ""fpocket_productive_pocket_v1"", ""grid_center"": {""x"": 2.844, ""y"": -2.1, ""z"": -4.211}, ""grid_size"": {""x"": 25.334, ""y"": 19.263, ""z"": 23.923}, ""ligand_count"": 3000, ""job_count"": 3000, ""failed_job_count"": 8, ""failed_jobs"": [""rank0575_MCULE-6426360047_TMT1B"", ""rank0594_MCULE-3473952656_TMT1B"", ""rank1708_MCULE-7919765586_TMT1B"", ""rank2300_MCULE-4451687131_TMT1B"", ""rank2339_MCULE-1149242700_TMT1B"", ""rank2391_MCULE-6412661202_TMT1B"", ""rank2482_MCULE-9668681137_TMT1B"", ""rank2745_MCULE-4826721031_TMT1B""]}"
e520849ecc898370924dcf2883f56c7b78dbd47792d4875fea3844fdb9993585,142,7A,a90acf75-ba02-4312-aff0-0509d86f2618,c1c0d864-5ff9-4bed-90df-8408065f9852,PROTEIN_ONLY,0,no SAM residue in receptor/target artifact,local://artifact-storage/146396ee-698b-4e85-9582-747a875b7a02/5e4b79a9-f17d-4e61-91d3-f0574416266d.pdb,True,vina,"{""imported_from"": ""aws_s3_run"", ""aws_run_id"": ""cys203_edge_3000_pdbqt_aws_20260612"", ""target_label"": ""TMT1A"", ""selectivity_role"": ""counter"", ""grid_source"": ""fpocket_pocket"", ""grid_name"": ""fpocket_productive_pocket_v1"", ""grid_center"": {""x"": 2.844, ""y"": -2.1, ""z"": -4.211}, ""grid_size"": {""x"": 25.334, ""y"": 19.263, ""z"": 23.923}, ""ligand_count"": 3000, ""job_count"": 3000, ""failed_job_count"": 8, ""failed_jobs"": [""rank0575_MCULE-6426360047_TMT1A"", ""rank0594_MCULE-3473952656_TMT1A"", ""rank1708_MCULE-7919765586_TMT1A"", ""rank2300_MCULE-4451687131_TMT1A"", ""rank2339_MCULE-1149242700_TMT1A"", ""rank2391_MCULE-6412661202_TMT1A"", ""rank2482_MCULE-9668681137_TMT1A"", ""rank2745_MCULE-4826721031_TMT1A""]}"
1e8c5d23680c940238b6459be1156ee9dcab12b3895a6f0c46d49080f909c4c1,143,7B,80ee1fb6-9ffb-480e-8ae4-a2645d66bac9,2e658616-71ef-4412-9615-afbe5013c30b,PROTEIN_ONLY,0,no SAM residue in receptor/target artifact,local://artifact-storage/b6ec80c5-34cd-497f-8156-27fcea79f110/6ef75019-fe09-4e06-a29d-3c0ff454c2c7.pdbqt,True,vina,"{""engine"": ""vina"", ""ligand_count"": 1, ""receptor_artifact_id"": ""6ef75019-fe09-4e06-a29d-3c0ff454c2c7"", ""target_label"": ""TMT1B"", ""selectivity_role"": ""primary"", ""grid_source"": ""vina_selectivity_cloned_from_vina"", ""box"": {""center_x"": 2.844, ""center_y"": -2.1, ""center_z"": -4.211, ""size_x"": 25.334, ""size_y"": 19.263, ""size_z"": 23.923}, ""exhaustiveness"": 4, ""num_modes"": 3, ""pose_count"": 3, ""failed_ligands"": []}"
1e8c5d23680c940238b6459be1156ee9dcab12b3895a6f0c46d49080f909c4c1,143,7A,10db0526-eb79-41db-aa5e-ebbc62f91ec0,d9665495-99bb-4f24-a371-a81b2c7e7cff,PROTEIN_ONLY,0,no SAM residue in receptor/target artifact,local://artifact-storage/10191929-caf8-4ba5-ab3b-406030746a3c/dfbdb381-6934-4ae5-8b41-270e9ad88d68.pdbqt,True,vina,"{""engine"": ""vina"", ""ligand_count"": 100, ""receptor_artifact_id"": ""dfbdb381-6934-4ae5-8b41-270e9ad88d68"", ""target_label"": ""TMT1A"", ""selectivity_role"": ""counter"", ""grid_source"": ""fpocket_productive_pocket_v1"", ""box"": {""center_x"": 2.844, ""center_y"": -2.1, ""center_z"": -4.211, ""size_x"": 25.334, ""size_y"": 19.263, ""size_z"": 23.923}, ""exhaustiveness"": 8, ""num_modes"": 9, ""pose_count"": 865, ""failed_ligands"": []}"
f6ef2b45892019e128d605093babf1aa67a91547b757be1ed59c2e48425b0e4b,144,7B,7c3c66fd-25f5-4074-8555-fa283dd3f5bd,50df18c8-bf67-432b-b77d-27685d542734,PROTEIN_ONLY,0,no SAM residue in receptor/target artifact,local://artifact-storage/146396ee-698b-4e85-9582-747a875b7a02/e3f08829-fc57-4e5a-b361-384135d4d573.pdb,True,vina,"{""imported_from"": ""aws_s3_run"", ""aws_run_id"": ""cys203_model_v2_3000_pdbqt_aws_20260612"", ""target_label"": ""TMT1B"", ""selectivity_role"": ""primary"", ""grid_source"": ""fpocket_pocket"", ""grid_name"": ""fpocket_productive_pocket_v1"", ""grid_center"": {""x"": 2.844, ""y"": -2.1, ""z"": -4.211}, ""grid_size"": {""x"": 25.334, ""y"": 19.263, ""z"": 23.923}, ""ligand_count"": 3000, ""job_count"": 3000, ""failed_job_count"": 0, ""failed_jobs"": []}"
f6ef2b45892019e128d605093babf1aa67a91547b757be1ed59c2e48425b0e4b,144,7A,737ede2d-95ea-4515-a9a7-8c2535f2a12f,803db160-e854-4574-97fd-309c34427ec2,PROTEIN_ONLY,0,no SAM residue in receptor/target artifact,local://artifact-storage/146396ee-698b-4e85-9582-747a875b7a02/5e4b79a9-f17d-4e61-91d3-f0574416266d.pdb,True,vina,"{""imported_from"": ""aws_s3_run"", ""aws_run_id"": ""cys203_model_v2_3000_pdbqt_aws_20260612"", ""target_label"": ""TMT1A"", ""selectivity_role"": ""counter"", ""grid_source"": ""fpocket_pocket"", ""grid_name"": ""fpocket_productive_pocket_v1"", ""grid_center"": {""x"": 2.844, ""y"": -2.1, ""z"": -4.211}, ""grid_size"": {""x"": 25.334, ""y"": 19.263, ""z"": 23.923}, ""ligand_count"": 3000, ""job_count"": 3000, ""failed_job_count"": 0, ""failed_jobs"": []}"
bb5484d80a38ab18ed104fa84417d44c2faf3479138f947b5070e0427e477e9f,145,7B,7c3c66fd-25f5-4074-8555-fa283dd3f5bd,182beed9-67c0-425f-a3af-630e7c1df5c5,PROTEIN_ONLY,0,no SAM residue in receptor/target artifact,local://artifact-storage/146396ee-698b-4e85-9582-747a875b7a02/e3f08829-fc57-4e5a-b361-384135d4d573.pdb,True,vina,"{""imported_from"": ""aws_s3_run"", ""aws_run_id"": ""cys203_model_v2_3000_pdbqt_aws_20260612"", ""target_label"": ""TMT1B"", ""selectivity_role"": ""primary"", ""grid_source"": ""fpocket_pocket"", ""grid_name"": ""fpocket_productive_pocket_v1"", ""grid_center"": {""x"": 2.844, ""y"": -2.1, ""z"": -4.211}, ""grid_size"": {""x"": 25.334, ""y"": 19.263, ""z"": 23.923}, ""ligand_count"": 3000, ""job_count"": 3000, ""failed_job_count"": 0, ""failed_jobs"": []}"
bb5484d80a38ab18ed104fa84417d44c2faf3479138f947b5070e0427e477e9f,145,7A,737ede2d-95ea-4515-a9a7-8c2535f2a12f,7ffc98a2-d801-4883-8eb7-13cc504dc00d,PROTEIN_ONLY,0,no SAM residue in receptor/target artifact,local://artifact-storage/146396ee-698b-4e85-9582-747a875b7a02/5e4b79a9-f17d-4e61-91d3-f0574416266d.pdb,True,vina,"{""imported_from"": ""aws_s3_run"", ""aws_run_id"": ""cys203_model_v2_3000_pdbqt_aws_20260612"", ""target_label"": ""TMT1A"", ""selectivity_role"": ""counter"", ""grid_source"": ""fpocket_pocket"", ""grid_name"": ""fpocket_productive_pocket_v1"", ""grid_center"": {""x"": 2.844, ""y"": -2.1, ""z"": -4.211}, ""grid_size"": {""x"": 25.334, ""y"": 19.263, ""z"": 23.923}, ""ligand_count"": 3000, ""job_count"": 3000, ""failed_job_count"": 0, ""failed_jobs"": []}"
e7b4c2ca5ccbbe187f41ebcb8aef882bb6c0e6ee563608e2a16827ef38e86902,146,7B,6dcbeeeb-ab03-4edb-8430-d692c757b76e,ffb3a0f6-3747-428f-856d-af4914b413d2,PROTEIN_ONLY,0,no SAM residue in receptor/target artifact,local://artifact-storage/485dd400-0324-41d2-87f1-98a455e466bd/a8bca71a-a6eb-4e84-9283-ea088b9546ed.pdbqt,True,vina,"{""engine"": ""vina"", ""ligand_count"": 167, ""receptor_artifact_id"": ""a8bca71a-a6eb-4e84-9283-ea088b9546ed"", ""target_label"": ""TMT1B"", ""selectivity_role"": ""primary"", ""grid_source"": ""fpocket_productive_pocket_v1"", ""box"": {""center_x"": 2.844, ""center_y"": -2.1, ""center_z"": -4.211, ""size_x"": 25.334, ""size_y"": 19.263, ""size_z"": 23.923}, ""exhaustiveness"": 8, ""num_modes"": 9, ""pose_count"": 1491, ""failed_ligands"": [{""ligand_artifact_id"": ""a8583ab5-a9c4-4c9b-836d-df5519689c50"", ""error"": ""Vina docking failed.""}]}"
e7b4c2ca5ccbbe187f41ebcb8aef882bb6c0e6ee563608e2a16827ef38e86902,146,7A,55323762-2294-4305-9c59-ba043b16b699,6bce8d2b-302b-44ec-9518-9bafe1744f5e,PROTEIN_ONLY,0,no SAM residue in receptor/target artifact,local://artifact-storage/485dd400-0324-41d2-87f1-98a455e466bd/0d321bfd-535b-4238-962f-8768b4977e92.pdbqt,True,vina,"{""engine"": ""vina"", ""ligand_count"": 167, ""receptor_artifact_id"": ""0d321bfd-535b-4238-962f-8768b4977e92"", ""target_label"": ""TMT1A"", ""selectivity_role"": ""counter"", ""grid_source"": ""fpocket_productive_pocket_v1"", ""box"": {""center_x"": 2.844, ""center_y"": -2.1, ""center_z"": -4.211, ""size_x"": 25.334, ""size_y"": 19.263, ""size_z"": 23.923}, ""exhaustiveness"": 8, ""num_modes"": 9, ""pose_count"": 1454, ""failed_ligands"": [{""ligand_artifact_id"": ""a8583ab5-a9c4-4c9b-836d-df5519689c50"", ""error"": ""Vina docking failed.""}]}"
b0b0d1e42ad4a07c9fcfb8d866dab43a9ab9ae1ca5404831db27cb6dd0c4b725,147,7B,7c3c66fd-25f5-4074-8555-fa283dd3f5bd,6e99e4f3-e6db-44b6-8001-732489d0d3ff,PROTEIN_ONLY,0,no SAM residue in receptor/target artifact,local://artifact-storage/146396ee-698b-4e85-9582-747a875b7a02/e3f08829-fc57-4e5a-b361-384135d4d573.pdb,True,vina,"{""imported_from"": ""aws_s3_run"", ""aws_run_id"": ""cys203_model_v2_3000_pdbqt_aws_20260612"", ""target_label"": ""TMT1B"", ""selectivity_role"": ""primary"", ""grid_source"": ""fpocket_pocket"", ""grid_name"": ""fpocket_productive_pocket_v1"", ""grid_center"": {""x"": 2.844, ""y"": -2.1, ""z"": -4.211}, ""grid_size"": {""x"": 25.334, ""y"": 19.263, ""z"": 23.923}, ""ligand_count"": 3000, ""job_count"": 3000, ""failed_job_count"": 0, ""failed_jobs"": []}"
b0b0d1e42ad4a07c9fcfb8d866dab43a9ab9ae1ca5404831db27cb6dd0c4b725,147,7A,737ede2d-95ea-4515-a9a7-8c2535f2a12f,8aeaf2e4-ff17-42e3-9f6b-452b5addc062,PROTEIN_ONLY,0,no SAM residue in receptor/target artifact,local://artifact-storage/146396ee-698b-4e85-9582-747a875b7a02/5e4b79a9-f17d-4e61-91d3-f0574416266d.pdb,True,vina,"{""imported_from"": ""aws_s3_run"", ""aws_run_id"": ""cys203_model_v2_3000_pdbqt_aws_20260612"", ""target_label"": ""TMT1A"", ""selectivity_role"": ""counter"", ""grid_source"": ""fpocket_pocket"", ""grid_name"": ""fpocket_productive_pocket_v1"", ""grid_center"": {""x"": 2.844, ""y"": -2.1, ""z"": -4.211}, ""grid_size"": {""x"": 25.334, ""y"": 19.263, ""z"": 23.923}, ""ligand_count"": 3000, ""job_count"": 3000, ""failed_job_count"": 0, ""failed_jobs"": []}"
25fdbe0d68b1c9221073d3ff54534373e2bd1e6fd32460cf22c85b9005acb86a,148,7B,7c3c66fd-25f5-4074-8555-fa283dd3f5bd,2d3940bb-9ad0-4fc7-a63d-2cf51a475dfc,PROTEIN_ONLY,0,no SAM residue in receptor/target artifact,local://artifact-storage/146396ee-698b-4e85-9582-747a875b7a02/e3f08829-fc57-4e5a-b361-384135d4d573.pdb,True,vina,"{""imported_from"": ""aws_s3_run"", ""aws_run_id"": ""cys203_model_v2_3000_pdbqt_aws_20260612"", ""target_label"": ""TMT1B"", ""selectivity_role"": ""primary"", ""grid_source"": ""fpocket_pocket"", ""grid_name"": ""fpocket_productive_pocket_v1"", ""grid_center"": {""x"": 2.844, ""y"": -2.1, ""z"": -4.211}, ""grid_size"": {""x"": 25.334, ""y"": 19.263, ""z"": 23.923}, ""ligand_count"": 3000, ""job_count"": 3000, ""failed_job_count"": 0, ""failed_jobs"": []}"
25fdbe0d68b1c9221073d3ff54534373e2bd1e6fd32460cf22c85b9005acb86a,148,7A,737ede2d-95ea-4515-a9a7-8c2535f2a12f,dba4fe29-03c1-4e25-b64f-fb03535dd3b7,PROTEIN_ONLY,0,no SAM residue in receptor/target artifact,local://artifact-storage/146396ee-698b-4e85-9582-747a875b7a02/5e4b79a9-f17d-4e61-91d3-f0574416266d.pdb,True,vina,"{""imported_from"": ""aws_s3_run"", ""aws_run_id"": ""cys203_model_v2_3000_pdbqt_aws_20260612"", ""target_label"": ""TMT1A"", ""selectivity_role"": ""counter"", ""grid_source"": ""fpocket_pocket"", ""grid_name"": ""fpocket_productive_pocket_v1"", ""grid_center"": {""x"": 2.844, ""y"": -2.1, ""z"": -4.211}, ""grid_size"": {""x"": 25.334, ""y"": 19.263, ""z"": 23.923}, ""ligand_count"": 3000, ""job_count"": 3000, ""failed_job_count"": 0, ""failed_jobs"": []}"
2e4e4d769a44609de1c300be6c4408c934c097c92fcbb683261e9c1f04dbbd38,149,7B,a332dd4d-78d9-4871-a3e5-1411d6590a17,e6263de2-1233-48de-8840-b8ae3f5349a5,PROTEIN_ONLY,0,no SAM residue in receptor/target artifact,local://artifact-storage/11934ca4-1325-4172-8077-a987982b58cd/5233a1ea-9dab-468f-9660-aac8e512b37e.pdbqt,True,vina,"{""engine"": ""vina"", ""ligand_count"": 167, ""receptor_artifact_id"": ""5233a1ea-9dab-468f-9660-aac8e512b37e"", ""target_label"": ""TMT1B"", ""selectivity_role"": ""primary"", ""grid_source"": ""fpocket_productive_pocket_v1"", ""box"": {""center_x"": 2.844, ""center_y"": -2.1, ""center_z"": -4.211, ""size_x"": 25.334, ""size_y"": 19.263, ""size_z"": 23.923}, ""exhaustiveness"": 8, ""num_modes"": 9, ""pose_count"": 1497, ""failed_ligands"": []}"
2e4e4d769a44609de1c300be6c4408c934c097c92fcbb683261e9c1f04dbbd38,149,7A,95c5125c-17e8-4a72-88a9-038b4d81dc7f,65e02049-2053-4e3a-a5a3-fe5e1e8fc25b,PROTEIN_ONLY,0,no SAM residue in receptor/target artifact,local://artifact-storage/11934ca4-1325-4172-8077-a987982b58cd/7a97d002-09cb-449c-8acf-6b90f910e6ab.pdbqt,True,vina,"{""engine"": ""vina"", ""ligand_count"": 167, ""receptor_artifact_id"": ""7a97d002-09cb-449c-8acf-6b90f910e6ab"", ""target_label"": ""TMT1A"", ""selectivity_role"": ""counter"", ""grid_source"": ""fpocket_productive_pocket_v1"", ""box"": {""center_x"": 2.844, ""center_y"": -2.1, ""center_z"": -4.211, ""size_x"": 25.334, ""size_y"": 19.263, ""size_z"": 23.923}, ""exhaustiveness"": 8, ""num_modes"": 9, ""pose_count"": 1442, ""failed_ligands"": []}"
7baab52b3dd5407d97ba29435dd80dd8b7311e8d1f8b2046e7973987e61795df,150,7B,7c3c66fd-25f5-4074-8555-fa283dd3f5bd,0a3a920c-99ae-4546-abfd-ac15ee6586a9,PROTEIN_ONLY,0,no SAM residue in receptor/target artifact,local://artifact-storage/146396ee-698b-4e85-9582-747a875b7a02/e3f08829-fc57-4e5a-b361-384135d4d573.pdb,True,vina,"{""imported_from"": ""aws_s3_run"", ""aws_run_id"": ""cys203_model_v2_3000_pdbqt_aws_20260612"", ""target_label"": ""TMT1B"", ""selectivity_role"": ""primary"", ""grid_source"": ""fpocket_pocket"", ""grid_name"": ""fpocket_productive_pocket_v1"", ""grid_center"": {""x"": 2.844, ""y"": -2.1, ""z"": -4.211}, ""grid_size"": {""x"": 25.334, ""y"": 19.263, ""z"": 23.923}, ""ligand_count"": 3000, ""job_count"": 3000, ""failed_job_count"": 0, ""failed_jobs"": []}"
7baab52b3dd5407d97ba29435dd80dd8b7311e8d1f8b2046e7973987e61795df,150,7A,737ede2d-95ea-4515-a9a7-8c2535f2a12f,35bb5446-9bbd-45c3-8163-9b8c19435102,PROTEIN_ONLY,0,no SAM residue in receptor/target artifact,local://artifact-storage/146396ee-698b-4e85-9582-747a875b7a02/5e4b79a9-f17d-4e61-91d3-f0574416266d.pdb,True,vina,"{""imported_from"": ""aws_s3_run"", ""aws_run_id"": ""cys203_model_v2_3000_pdbqt_aws_20260612"", ""target_label"": ""TMT1A"", ""selectivity_role"": ""counter"", ""grid_source"": ""fpocket_pocket"", ""grid_name"": ""fpocket_productive_pocket_v1"", ""grid_center"": {""x"": 2.844, ""y"": -2.1, ""z"": -4.211}, ""grid_size"": {""x"": 25.334, ""y"": 19.263, ""z"": 23.923}, ""ligand_count"": 3000, ""job_count"": 3000, ""failed_job_count"": 0, ""failed_jobs"": []}"
6f18caac4b6f0c00add8be1eae97bff1d9e4af2a68262e8278a2354a39b61283,151,7B,66fac16d-f256-49cb-962e-0ae86560aef0,ae48d58e-7b14-49ce-8a21-eb356b1277d7,PROTEIN_ONLY,0,no SAM residue in receptor/target artifact,local://artifact-storage/3b20f7c8-aec1-487e-9ef7-fe3f888565a9/fb2cac3d-cc73-49b4-a24e-bfabda5539d8.pdbqt,True,vina,"{""engine"": ""vina"", ""ligand_count"": 63, ""receptor_artifact_id"": ""fb2cac3d-cc73-49b4-a24e-bfabda5539d8"", ""target_label"": ""TMT1B"", ""selectivity_role"": ""primary"", ""grid_source"": ""fpocket_productive_pocket_v1"", ""box"": {""center_x"": 2.844, ""center_y"": -2.1, ""center_z"": -4.211, ""size_x"": 25.334, ""size_y"": 19.263, ""size_z"": 23.923}, ""exhaustiveness"": 8, ""num_modes"": 9, ""pose_count"": 544, ""failed_ligands"": []}"
6f18caac4b6f0c00add8be1eae97bff1d9e4af2a68262e8278a2354a39b61283,151,7A,c45f1375-3609-40d6-861c-b47beef7a05b,8bc4f420-4891-417c-9b64-c98f6178d523,PROTEIN_ONLY,0,no SAM residue in receptor/target artifact,local://artifact-storage/3b20f7c8-aec1-487e-9ef7-fe3f888565a9/716b1260-cea3-4036-b67f-8fb2f4ea1f87.pdbqt,True,vina,"{""engine"": ""vina"", ""ligand_count"": 63, ""receptor_artifact_id"": ""716b1260-cea3-4036-b67f-8fb2f4ea1f87"", ""target_label"": ""TMT1A"", ""selectivity_role"": ""counter"", ""grid_source"": ""fpocket_productive_pocket_v1"", ""box"": {""center_x"": 2.844, ""center_y"": -2.1, ""center_z"": -4.211, ""size_x"": 25.334, ""size_y"": 19.263, ""size_z"": 23.923}, ""exhaustiveness"": 8, ""num_modes"": 9, ""pose_count"": 525, ""failed_ligands"": []}"
fd1012ab87b8d6dd4d2181e1a167444790157f331e3bab872bcb65624176c7c1,152,7B,7c3c66fd-25f5-4074-8555-fa283dd3f5bd,ed6ffc80-cf0d-4231-99c7-802b044c2e93,PROTEIN_ONLY,0,no SAM residue in receptor/target artifact,local://artifact-storage/146396ee-698b-4e85-9582-747a875b7a02/e3f08829-fc57-4e5a-b361-384135d4d573.pdb,True,vina,"{""imported_from"": ""aws_s3_run"", ""aws_run_id"": ""cys203_model_v2_3000_pdbqt_aws_20260612"", ""target_label"": ""TMT1B"", ""selectivity_role"": ""primary"", ""grid_source"": ""fpocket_pocket"", ""grid_name"": ""fpocket_productive_pocket_v1"", ""grid_center"": {""x"": 2.844, ""y"": -2.1, ""z"": -4.211}, ""grid_size"": {""x"": 25.334, ""y"": 19.263, ""z"": 23.923}, ""ligand_count"": 3000, ""job_count"": 3000, ""failed_job_count"": 0, ""failed_jobs"": []}"
fd1012ab87b8d6dd4d2181e1a167444790157f331e3bab872bcb65624176c7c1,152,7A,737ede2d-95ea-4515-a9a7-8c2535f2a12f,bd28660c-bd6d-4ff9-8111-18956f3313c4,PROTEIN_ONLY,0,no SAM residue in receptor/target artifact,local://artifact-storage/146396ee-698b-4e85-9582-747a875b7a02/5e4b79a9-f17d-4e61-91d3-f0574416266d.pdb,True,vina,"{""imported_from"": ""aws_s3_run"", ""aws_run_id"": ""cys203_model_v2_3000_pdbqt_aws_20260612"", ""target_label"": ""TMT1A"", ""selectivity_role"": ""counter"", ""grid_source"": ""fpocket_pocket"", ""grid_name"": ""fpocket_productive_pocket_v1"", ""grid_center"": {""x"": 2.844, ""y"": -2.1, ""z"": -4.211}, ""grid_size"": {""x"": 25.334, ""y"": 19.263, ""z"": 23.923}, ""ligand_count"": 3000, ""job_count"": 3000, ""failed_job_count"": 0, ""failed_jobs"": []}"
3554e57e0c2fcfbca32486ab5ee5519ed60b814adff4867c1e58bf6c281eaa3d,153,7B,7c3c66fd-25f5-4074-8555-fa283dd3f5bd,d2bdcb2a-17e1-4106-b7a6-8725457a25c5,PROTEIN_ONLY,0,no SAM residue in receptor/target artifact,local://artifact-storage/146396ee-698b-4e85-9582-747a875b7a02/e3f08829-fc57-4e5a-b361-384135d4d573.pdb,True,vina,"{""imported_from"": ""aws_s3_run"", ""aws_run_id"": ""cys203_model_v2_3000_pdbqt_aws_20260612"", ""target_label"": ""TMT1B"", ""selectivity_role"": ""primary"", ""grid_source"": ""fpocket_pocket"", ""grid_name"": ""fpocket_productive_pocket_v1"", ""grid_center"": {""x"": 2.844, ""y"": -2.1, ""z"": -4.211}, ""grid_size"": {""x"": 25.334, ""y"": 19.263, ""z"": 23.923}, ""ligand_count"": 3000, ""job_count"": 3000, ""failed_job_count"": 0, ""failed_jobs"": []}"
3554e57e0c2fcfbca32486ab5ee5519ed60b814adff4867c1e58bf6c281eaa3d,153,7A,737ede2d-95ea-4515-a9a7-8c2535f2a12f,5ccd65c8-1709-4fd0-85d8-8d27b68fb6da,PROTEIN_ONLY,0,no SAM residue in receptor/target artifact,local://artifact-storage/146396ee-698b-4e85-9582-747a875b7a02/5e4b79a9-f17d-4e61-91d3-f0574416266d.pdb,True,vina,"{""imported_from"": ""aws_s3_run"", ""aws_run_id"": ""cys203_model_v2_3000_pdbqt_aws_20260612"", ""target_label"": ""TMT1A"", ""selectivity_role"": ""counter"", ""grid_source"": ""fpocket_pocket"", ""grid_name"": ""fpocket_productive_pocket_v1"", ""grid_center"": {""x"": 2.844, ""y"": -2.1, ""z"": -4.211}, ""grid_size"": {""x"": 25.334, ""y"": 19.263, ""z"": 23.923}, ""ligand_count"": 3000, ""job_count"": 3000, ""failed_job_count"": 0, ""failed_jobs"": []}"
8192dc5eea22686134162c4638f79d49cda962622c60f0492caaa8e05ae016d5,154,7B,7c3c66fd-25f5-4074-8555-fa283dd3f5bd,9905b30d-0a8e-4194-935b-e7df418bc646,PROTEIN_ONLY,0,no SAM residue in receptor/target artifact,local://artifact-storage/146396ee-698b-4e85-9582-747a875b7a02/e3f08829-fc57-4e5a-b361-384135d4d573.pdb,True,vina,"{""imported_from"": ""aws_s3_run"", ""aws_run_id"": ""cys203_model_v2_3000_pdbqt_aws_20260612"", ""target_label"": ""TMT1B"", ""selectivity_role"": ""primary"", ""grid_source"": ""fpocket_pocket"", ""grid_name"": ""fpocket_productive_pocket_v1"", ""grid_center"": {""x"": 2.844, ""y"": -2.1, ""z"": -4.211}, ""grid_size"": {""x"": 25.334, ""y"": 19.263, ""z"": 23.923}, ""ligand_count"": 3000, ""job_count"": 3000, ""failed_job_count"": 0, ""failed_jobs"": []}"
8192dc5eea22686134162c4638f79d49cda962622c60f0492caaa8e05ae016d5,154,7A,737ede2d-95ea-4515-a9a7-8c2535f2a12f,7148e8a8-33bc-40c1-b76c-0ad82f2ac781,PROTEIN_ONLY,0,no SAM residue in receptor/target artifact,local://artifact-storage/146396ee-698b-4e85-9582-747a875b7a02/5e4b79a9-f17d-4e61-91d3-f0574416266d.pdb,True,vina,"{""imported_from"": ""aws_s3_run"", ""aws_run_id"": ""cys203_model_v2_3000_pdbqt_aws_20260612"", ""target_label"": ""TMT1A"", ""selectivity_role"": ""counter"", ""grid_source"": ""fpocket_pocket"", ""grid_name"": ""fpocket_productive_pocket_v1"", ""grid_center"": {""x"": 2.844, ""y"": -2.1, ""z"": -4.211}, ""grid_size"": {""x"": 25.334, ""y"": 19.263, ""z"": 23.923}, ""ligand_count"": 3000, ""job_count"": 3000, ""failed_job_count"": 0, ""failed_jobs"": []}"
54873b16265bb6c6c3ac7d9f6268ad2080a893e5be64f97b25617b2e7ee445cc,155,7B,7c3c66fd-25f5-4074-8555-fa283dd3f5bd,c280f63d-320b-4814-ba72-2327ce5a685a,PROTEIN_ONLY,0,no SAM residue in receptor/target artifact,local://artifact-storage/146396ee-698b-4e85-9582-747a875b7a02/e3f08829-fc57-4e5a-b361-384135d4d573.pdb,True,vina,"{""imported_from"": ""aws_s3_run"", ""aws_run_id"": ""cys203_model_v2_3000_pdbqt_aws_20260612"", ""target_label"": ""TMT1B"", ""selectivity_role"": ""primary"", ""grid_source"": ""fpocket_pocket"", ""grid_name"": ""fpocket_productive_pocket_v1"", ""grid_center"": {""x"": 2.844, ""y"": -2.1, ""z"": -4.211}, ""grid_size"": {""x"": 25.334, ""y"": 19.263, ""z"": 23.923}, ""ligand_count"": 3000, ""job_count"": 3000, ""failed_job_count"": 0, ""failed_jobs"": []}"
54873b16265bb6c6c3ac7d9f6268ad2080a893e5be64f97b25617b2e7ee445cc,155,7A,737ede2d-95ea-4515-a9a7-8c2535f2a12f,2a4f71b9-7754-42b3-ae9a-7d6c0313c040,PROTEIN_ONLY,0,no SAM residue in receptor/target artifact,local://artifact-storage/146396ee-698b-4e85-9582-747a875b7a02/5e4b79a9-f17d-4e61-91d3-f0574416266d.pdb,True,vina,"{""imported_from"": ""aws_s3_run"", ""aws_run_id"": ""cys203_model_v2_3000_pdbqt_aws_20260612"", ""target_label"": ""TMT1A"", ""selectivity_role"": ""counter"", ""grid_source"": ""fpocket_pocket"", ""grid_name"": ""fpocket_productive_pocket_v1"", ""grid_center"": {""x"": 2.844, ""y"": -2.1, ""z"": -4.211}, ""grid_size"": {""x"": 25.334, ""y"": 19.263, ""z"": 23.923}, ""ligand_count"": 3000, ""job_count"": 3000, ""failed_job_count"": 0, ""failed_jobs"": []}"
c98a9039b56a4e1dcf22a7a9821056091b6606084902d35c1c0abeb9448bb126,156,7B,7c3c66fd-25f5-4074-8555-fa283dd3f5bd,3353d5df-84c3-4d8b-a861-8b2ceeb8d86b,PROTEIN_ONLY,0,no SAM residue in receptor/target artifact,local://artifact-storage/146396ee-698b-4e85-9582-747a875b7a02/e3f08829-fc57-4e5a-b361-384135d4d573.pdb,True,vina,"{""imported_from"": ""aws_s3_run"", ""aws_run_id"": ""cys203_model_v2_3000_pdbqt_aws_20260612"", ""target_label"": ""TMT1B"", ""selectivity_role"": ""primary"", ""grid_source"": ""fpocket_pocket"", ""grid_name"": ""fpocket_productive_pocket_v1"", ""grid_center"": {""x"": 2.844, ""y"": -2.1, ""z"": -4.211}, ""grid_size"": {""x"": 25.334, ""y"": 19.263, ""z"": 23.923}, ""ligand_count"": 3000, ""job_count"": 3000, ""failed_job_count"": 0, ""failed_jobs"": []}"
c98a9039b56a4e1dcf22a7a9821056091b6606084902d35c1c0abeb9448bb126,156,7A,737ede2d-95ea-4515-a9a7-8c2535f2a12f,1233bcef-d4ea-4e4a-8e4b-c703653a3f96,PROTEIN_ONLY,0,no SAM residue in receptor/target artifact,local://artifact-storage/146396ee-698b-4e85-9582-747a875b7a02/5e4b79a9-f17d-4e61-91d3-f0574416266d.pdb,True,vina,"{""imported_from"": ""aws_s3_run"", ""aws_run_id"": ""cys203_model_v2_3000_pdbqt_aws_20260612"", ""target_label"": ""TMT1A"", ""selectivity_role"": ""counter"", ""grid_source"": ""fpocket_pocket"", ""grid_name"": ""fpocket_productive_pocket_v1"", ""grid_center"": {""x"": 2.844, ""y"": -2.1, ""z"": -4.211}, ""grid_size"": {""x"": 25.334, ""y"": 19.263, ""z"": 23.923}, ""ligand_count"": 3000, ""job_count"": 3000, ""failed_job_count"": 0, ""failed_jobs"": []}"
2e314cc788c23e25f2ac1d091fbbdf2bbe90ba43ad1a05b841872aea2a1707ba,157,7B,7c3c66fd-25f5-4074-8555-fa283dd3f5bd,77e6dd46-c173-412f-8d2a-757bc28a229a,PROTEIN_ONLY,0,no SAM residue in receptor/target artifact,local://artifact-storage/146396ee-698b-4e85-9582-747a875b7a02/e3f08829-fc57-4e5a-b361-384135d4d573.pdb,True,vina,"{""imported_from"": ""aws_s3_run"", ""aws_run_id"": ""cys203_model_v2_3000_pdbqt_aws_20260612"", ""target_label"": ""TMT1B"", ""selectivity_role"": ""primary"", ""grid_source"": ""fpocket_pocket"", ""grid_name"": ""fpocket_productive_pocket_v1"", ""grid_center"": {""x"": 2.844, ""y"": -2.1, ""z"": -4.211}, ""grid_size"": {""x"": 25.334, ""y"": 19.263, ""z"": 23.923}, ""ligand_count"": 3000, ""job_count"": 3000, ""failed_job_count"": 0, ""failed_jobs"": []}"
2e314cc788c23e25f2ac1d091fbbdf2bbe90ba43ad1a05b841872aea2a1707ba,157,7A,737ede2d-95ea-4515-a9a7-8c2535f2a12f,f2785896-81f6-4346-af64-c80bb0a3f09d,PROTEIN_ONLY,0,no SAM residue in receptor/target artifact,local://artifact-storage/146396ee-698b-4e85-9582-747a875b7a02/5e4b79a9-f17d-4e61-91d3-f0574416266d.pdb,True,vina,"{""imported_from"": ""aws_s3_run"", ""aws_run_id"": ""cys203_model_v2_3000_pdbqt_aws_20260612"", ""target_label"": ""TMT1A"", ""selectivity_role"": ""counter"", ""grid_source"": ""fpocket_pocket"", ""grid_name"": ""fpocket_productive_pocket_v1"", ""grid_center"": {""x"": 2.844, ""y"": -2.1, ""z"": -4.211}, ""grid_size"": {""x"": 25.334, ""y"": 19.263, ""z"": 23.923}, ""ligand_count"": 3000, ""job_count"": 3000, ""failed_job_count"": 0, ""failed_jobs"": []}"
2f7d7e5041b7c0bfccf02d3b553dbd48bb4db5aef069507854146f54896251c6,158,7B,1bf6dd89-97f5-4de2-ae3d-9dcec24b7471,8f3f7212-7fe7-4726-8945-315e514f3635,PROTEIN_ONLY,0,no SAM residue in receptor/target artifact,local://artifact-storage/146396ee-698b-4e85-9582-747a875b7a02/e3f08829-fc57-4e5a-b361-384135d4d573.pdb,True,vina,"{""imported_from"": ""aws_s3_run"", ""aws_run_id"": ""cys203_edge_3000_pdbqt_aws_20260612"", ""target_label"": ""TMT1B"", ""selectivity_role"": ""primary"", ""grid_source"": ""fpocket_pocket"", ""grid_name"": ""fpocket_productive_pocket_v1"", ""grid_center"": {""x"": 2.844, ""y"": -2.1, ""z"": -4.211}, ""grid_size"": {""x"": 25.334, ""y"": 19.263, ""z"": 23.923}, ""ligand_count"": 3000, ""job_count"": 3000, ""failed_job_count"": 8, ""failed_jobs"": [""rank0575_MCULE-6426360047_TMT1B"", ""rank0594_MCULE-3473952656_TMT1B"", ""rank1708_MCULE-7919765586_TMT1B"", ""rank2300_MCULE-4451687131_TMT1B"", ""rank2339_MCULE-1149242700_TMT1B"", ""rank2391_MCULE-6412661202_TMT1B"", ""rank2482_MCULE-9668681137_TMT1B"", ""rank2745_MCULE-4826721031_TMT1B""]}"
2f7d7e5041b7c0bfccf02d3b553dbd48bb4db5aef069507854146f54896251c6,158,7A,a90acf75-ba02-4312-aff0-0509d86f2618,1fa62352-8186-424f-86c2-b17d394ecf0d,PROTEIN_ONLY,0,no SAM residue in receptor/target artifact,local://artifact-storage/146396ee-698b-4e85-9582-747a875b7a02/5e4b79a9-f17d-4e61-91d3-f0574416266d.pdb,True,vina,"{""imported_from"": ""aws_s3_run"", ""aws_run_id"": ""cys203_edge_3000_pdbqt_aws_20260612"", ""target_label"": ""TMT1A"", ""selectivity_role"": ""counter"", ""grid_source"": ""fpocket_pocket"", ""grid_name"": ""fpocket_productive_pocket_v1"", ""grid_center"": {""x"": 2.844, ""y"": -2.1, ""z"": -4.211}, ""grid_size"": {""x"": 25.334, ""y"": 19.263, ""z"": 23.923}, ""ligand_count"": 3000, ""job_count"": 3000, ""failed_job_count"": 8, ""failed_jobs"": [""rank0575_MCULE-6426360047_TMT1A"", ""rank0594_MCULE-3473952656_TMT1A"", ""rank1708_MCULE-7919765586_TMT1A"", ""rank2300_MCULE-4451687131_TMT1A"", ""rank2339_MCULE-1149242700_TMT1A"", ""rank2391_MCULE-6412661202_TMT1A"", ""rank2482_MCULE-9668681137_TMT1A"", ""rank2745_MCULE-4826721031_TMT1A""]}"
ee8644aa38f3224cf678881d8277910aa51a2e384fa8f2aa0aca84384c9b6243,159,7B,1bf6dd89-97f5-4de2-ae3d-9dcec24b7471,256c0d24-383f-4590-b6f5-5901005f8506,PROTEIN_ONLY,0,no SAM residue in receptor/target artifact,local://artifact-storage/146396ee-698b-4e85-9582-747a875b7a02/e3f08829-fc57-4e5a-b361-384135d4d573.pdb,True,vina,"{""imported_from"": ""aws_s3_run"", ""aws_run_id"": ""cys203_edge_3000_pdbqt_aws_20260612"", ""target_label"": ""TMT1B"", ""selectivity_role"": ""primary"", ""grid_source"": ""fpocket_pocket"", ""grid_name"": ""fpocket_productive_pocket_v1"", ""grid_center"": {""x"": 2.844, ""y"": -2.1, ""z"": -4.211}, ""grid_size"": {""x"": 25.334, ""y"": 19.263, ""z"": 23.923}, ""ligand_count"": 3000, ""job_count"": 3000, ""failed_job_count"": 8, ""failed_jobs"": [""rank0575_MCULE-6426360047_TMT1B"", ""rank0594_MCULE-3473952656_TMT1B"", ""rank1708_MCULE-7919765586_TMT1B"", ""rank2300_MCULE-4451687131_TMT1B"", ""rank2339_MCULE-1149242700_TMT1B"", ""rank2391_MCULE-6412661202_TMT1B"", ""rank2482_MCULE-9668681137_TMT1B"", ""rank2745_MCULE-4826721031_TMT1B""]}"
ee8644aa38f3224cf678881d8277910aa51a2e384fa8f2aa0aca84384c9b6243,159,7A,a90acf75-ba02-4312-aff0-0509d86f2618,78f9a672-f930-47b3-aa98-0514b08980a9,PROTEIN_ONLY,0,no SAM residue in receptor/target artifact,local://artifact-storage/146396ee-698b-4e85-9582-747a875b7a02/5e4b79a9-f17d-4e61-91d3-f0574416266d.pdb,True,vina,"{""imported_from"": ""aws_s3_run"", ""aws_run_id"": ""cys203_edge_3000_pdbqt_aws_20260612"", ""target_label"": ""TMT1A"", ""selectivity_role"": ""counter"", ""grid_source"": ""fpocket_pocket"", ""grid_name"": ""fpocket_productive_pocket_v1"", ""grid_center"": {""x"": 2.844, ""y"": -2.1, ""z"": -4.211}, ""grid_size"": {""x"": 25.334, ""y"": 19.263, ""z"": 23.923}, ""ligand_count"": 3000, ""job_count"": 3000, ""failed_job_count"": 8, ""failed_jobs"": [""rank0575_MCULE-6426360047_TMT1A"", ""rank0594_MCULE-3473952656_TMT1A"", ""rank1708_MCULE-7919765586_TMT1A"", ""rank2300_MCULE-4451687131_TMT1A"", ""rank2339_MCULE-1149242700_TMT1A"", ""rank2391_MCULE-6412661202_TMT1A"", ""rank2482_MCULE-9668681137_TMT1A"", ""rank2745_MCULE-4826721031_TMT1A""]}"
d040993472361f77d2d8f66c9f95c79c5bf018d8bf44fdd8b3cdaf6b7912affe,160,7B,7c3c66fd-25f5-4074-8555-fa283dd3f5bd,53efe141-6aeb-4734-8bb1-08ba0ae03638,PROTEIN_ONLY,0,no SAM residue in receptor/target artifact,local://artifact-storage/146396ee-698b-4e85-9582-747a875b7a02/e3f08829-fc57-4e5a-b361-384135d4d573.pdb,True,vina,"{""imported_from"": ""aws_s3_run"", ""aws_run_id"": ""cys203_model_v2_3000_pdbqt_aws_20260612"", ""target_label"": ""TMT1B"", ""selectivity_role"": ""primary"", ""grid_source"": ""fpocket_pocket"", ""grid_name"": ""fpocket_productive_pocket_v1"", ""grid_center"": {""x"": 2.844, ""y"": -2.1, ""z"": -4.211}, ""grid_size"": {""x"": 25.334, ""y"": 19.263, ""z"": 23.923}, ""ligand_count"": 3000, ""job_count"": 3000, ""failed_job_count"": 0, ""failed_jobs"": []}"
d040993472361f77d2d8f66c9f95c79c5bf018d8bf44fdd8b3cdaf6b7912affe,160,7A,737ede2d-95ea-4515-a9a7-8c2535f2a12f,215325e9-7311-4b3b-9d8c-c5b95b53abba,PROTEIN_ONLY,0,no SAM residue in receptor/target artifact,local://artifact-storage/146396ee-698b-4e85-9582-747a875b7a02/5e4b79a9-f17d-4e61-91d3-f0574416266d.pdb,True,vina,"{""imported_from"": ""aws_s3_run"", ""aws_run_id"": ""cys203_model_v2_3000_pdbqt_aws_20260612"", ""target_label"": ""TMT1A"", ""selectivity_role"": ""counter"", ""grid_source"": ""fpocket_pocket"", ""grid_name"": ""fpocket_productive_pocket_v1"", ""grid_center"": {""x"": 2.844, ""y"": -2.1, ""z"": -4.211}, ""grid_size"": {""x"": 25.334, ""y"": 19.263, ""z"": 23.923}, ""ligand_count"": 3000, ""job_count"": 3000, ""failed_job_count"": 0, ""failed_jobs"": []}"
0f3538b88ac43ddb4e23e4e5f748d131140422b541ae6a881ed168f16a8703bf,161,7B,7c3c66fd-25f5-4074-8555-fa283dd3f5bd,5c2b1c5a-05e8-4abc-96e1-280ac53dab1b,PROTEIN_ONLY,0,no SAM residue in receptor/target artifact,local://artifact-storage/146396ee-698b-4e85-9582-747a875b7a02/e3f08829-fc57-4e5a-b361-384135d4d573.pdb,True,vina,"{""imported_from"": ""aws_s3_run"", ""aws_run_id"": ""cys203_model_v2_3000_pdbqt_aws_20260612"", ""target_label"": ""TMT1B"", ""selectivity_role"": ""primary"", ""grid_source"": ""fpocket_pocket"", ""grid_name"": ""fpocket_productive_pocket_v1"", ""grid_center"": {""x"": 2.844, ""y"": -2.1, ""z"": -4.211}, ""grid_size"": {""x"": 25.334, ""y"": 19.263, ""z"": 23.923}, ""ligand_count"": 3000, ""job_count"": 3000, ""failed_job_count"": 0, ""failed_jobs"": []}"
0f3538b88ac43ddb4e23e4e5f748d131140422b541ae6a881ed168f16a8703bf,161,7A,737ede2d-95ea-4515-a9a7-8c2535f2a12f,13fd3896-bcae-44e7-9d4c-cb41fdcdfbf0,PROTEIN_ONLY,0,no SAM residue in receptor/target artifact,local://artifact-storage/146396ee-698b-4e85-9582-747a875b7a02/5e4b79a9-f17d-4e61-91d3-f0574416266d.pdb,True,vina,"{""imported_from"": ""aws_s3_run"", ""aws_run_id"": ""cys203_model_v2_3000_pdbqt_aws_20260612"", ""target_label"": ""TMT1A"", ""selectivity_role"": ""counter"", ""grid_source"": ""fpocket_pocket"", ""grid_name"": ""fpocket_productive_pocket_v1"", ""grid_center"": {""x"": 2.844, ""y"": -2.1, ""z"": -4.211}, ""grid_size"": {""x"": 25.334, ""y"": 19.263, ""z"": 23.923}, ""ligand_count"": 3000, ""job_count"": 3000, ""failed_job_count"": 0, ""failed_jobs"": []}"
a7caa486b7971adf7fee94344a4ecf104dbc2214e3e00e386d7caec678056e25,162,7B,7c3c66fd-25f5-4074-8555-fa283dd3f5bd,cad64c35-a3b1-45dd-b730-2049eedb5277,PROTEIN_ONLY,0,no SAM residue in receptor/target artifact,local://artifact-storage/146396ee-698b-4e85-9582-747a875b7a02/e3f08829-fc57-4e5a-b361-384135d4d573.pdb,True,vina,"{""imported_from"": ""aws_s3_run"", ""aws_run_id"": ""cys203_model_v2_3000_pdbqt_aws_20260612"", ""target_label"": ""TMT1B"", ""selectivity_role"": ""primary"", ""grid_source"": ""fpocket_pocket"", ""grid_name"": ""fpocket_productive_pocket_v1"", ""grid_center"": {""x"": 2.844, ""y"": -2.1, ""z"": -4.211}, ""grid_size"": {""x"": 25.334, ""y"": 19.263, ""z"": 23.923}, ""ligand_count"": 3000, ""job_count"": 3000, ""failed_job_count"": 0, ""failed_jobs"": []}"
a7caa486b7971adf7fee94344a4ecf104dbc2214e3e00e386d7caec678056e25,162,7A,737ede2d-95ea-4515-a9a7-8c2535f2a12f,74e926eb-b0c4-4c25-88c4-776a3afb122b,PROTEIN_ONLY,0,no SAM residue in receptor/target artifact,local://artifact-storage/146396ee-698b-4e85-9582-747a875b7a02/5e4b79a9-f17d-4e61-91d3-f0574416266d.pdb,True,vina,"{""imported_from"": ""aws_s3_run"", ""aws_run_id"": ""cys203_model_v2_3000_pdbqt_aws_20260612"", ""target_label"": ""TMT1A"", ""selectivity_role"": ""counter"", ""grid_source"": ""fpocket_pocket"", ""grid_name"": ""fpocket_productive_pocket_v1"", ""grid_center"": {""x"": 2.844, ""y"": -2.1, ""z"": -4.211}, ""grid_size"": {""x"": 25.334, ""y"": 19.263, ""z"": 23.923}, ""ligand_count"": 3000, ""job_count"": 3000, ""failed_job_count"": 0, ""failed_jobs"": []}"
2c10ee907d4a525cebbe6288a6e51131d653a471ead8630aff367adc91616649,163,7B,7c3c66fd-25f5-4074-8555-fa283dd3f5bd,faea2fb9-aa9d-48fa-8664-ad515e1319e0,PROTEIN_ONLY,0,no SAM residue in receptor/target artifact,local://artifact-storage/146396ee-698b-4e85-9582-747a875b7a02/e3f08829-fc57-4e5a-b361-384135d4d573.pdb,True,vina,"{""imported_from"": ""aws_s3_run"", ""aws_run_id"": ""cys203_model_v2_3000_pdbqt_aws_20260612"", ""target_label"": ""TMT1B"", ""selectivity_role"": ""primary"", ""grid_source"": ""fpocket_pocket"", ""grid_name"": ""fpocket_productive_pocket_v1"", ""grid_center"": {""x"": 2.844, ""y"": -2.1, ""z"": -4.211}, ""grid_size"": {""x"": 25.334, ""y"": 19.263, ""z"": 23.923}, ""ligand_count"": 3000, ""job_count"": 3000, ""failed_job_count"": 0, ""failed_jobs"": []}"
2c10ee907d4a525cebbe6288a6e51131d653a471ead8630aff367adc91616649,163,7A,737ede2d-95ea-4515-a9a7-8c2535f2a12f,89e2a204-2bbe-4f38-bc1d-254b76156889,PROTEIN_ONLY,0,no SAM residue in receptor/target artifact,local://artifact-storage/146396ee-698b-4e85-9582-747a875b7a02/5e4b79a9-f17d-4e61-91d3-f0574416266d.pdb,True,vina,"{""imported_from"": ""aws_s3_run"", ""aws_run_id"": ""cys203_model_v2_3000_pdbqt_aws_20260612"", ""target_label"": ""TMT1A"", ""selectivity_role"": ""counter"", ""grid_source"": ""fpocket_pocket"", ""grid_name"": ""fpocket_productive_pocket_v1"", ""grid_center"": {""x"": 2.844, ""y"": -2.1, ""z"": -4.211}, ""grid_size"": {""x"": 25.334, ""y"": 19.263, ""z"": 23.923}, ""ligand_count"": 3000, ""job_count"": 3000, ""failed_job_count"": 0, ""failed_jobs"": []}"
a89b0fa52ac0731f3d3e35171a7c2233b1cfb59a22720f0fb330179404655278,164,7B,7c3c66fd-25f5-4074-8555-fa283dd3f5bd,fb3514da-8106-4d81-aeb2-d51351ddb6b6,PROTEIN_ONLY,0,no SAM residue in receptor/target artifact,local://artifact-storage/146396ee-698b-4e85-9582-747a875b7a02/e3f08829-fc57-4e5a-b361-384135d4d573.pdb,True,vina,"{""imported_from"": ""aws_s3_run"", ""aws_run_id"": ""cys203_model_v2_3000_pdbqt_aws_20260612"", ""target_label"": ""TMT1B"", ""selectivity_role"": ""primary"", ""grid_source"": ""fpocket_pocket"", ""grid_name"": ""fpocket_productive_pocket_v1"", ""grid_center"": {""x"": 2.844, ""y"": -2.1, ""z"": -4.211}, ""grid_size"": {""x"": 25.334, ""y"": 19.263, ""z"": 23.923}, ""ligand_count"": 3000, ""job_count"": 3000, ""failed_job_count"": 0, ""failed_jobs"": []}"
a89b0fa52ac0731f3d3e35171a7c2233b1cfb59a22720f0fb330179404655278,164,7A,737ede2d-95ea-4515-a9a7-8c2535f2a12f,54796401-b316-46f8-8dbf-6dd420e5e664,PROTEIN_ONLY,0,no SAM residue in receptor/target artifact,local://artifact-storage/146396ee-698b-4e85-9582-747a875b7a02/5e4b79a9-f17d-4e61-91d3-f0574416266d.pdb,True,vina,"{""imported_from"": ""aws_s3_run"", ""aws_run_id"": ""cys203_model_v2_3000_pdbqt_aws_20260612"", ""target_label"": ""TMT1A"", ""selectivity_role"": ""counter"", ""grid_source"": ""fpocket_pocket"", ""grid_name"": ""fpocket_productive_pocket_v1"", ""grid_center"": {""x"": 2.844, ""y"": -2.1, ""z"": -4.211}, ""grid_size"": {""x"": 25.334, ""y"": 19.263, ""z"": 23.923}, ""ligand_count"": 3000, ""job_count"": 3000, ""failed_job_count"": 0, ""failed_jobs"": []}"
bc5fc7e0d4e4dc0622e4ace8ebd7643532c094d7363b00407b549fd5474891d0,165,7B,7c3c66fd-25f5-4074-8555-fa283dd3f5bd,6b61d5e2-c62c-4fbd-bfc5-d396747f5bb4,PROTEIN_ONLY,0,no SAM residue in receptor/target artifact,local://artifact-storage/146396ee-698b-4e85-9582-747a875b7a02/e3f08829-fc57-4e5a-b361-384135d4d573.pdb,True,vina,"{""imported_from"": ""aws_s3_run"", ""aws_run_id"": ""cys203_model_v2_3000_pdbqt_aws_20260612"", ""target_label"": ""TMT1B"", ""selectivity_role"": ""primary"", ""grid_source"": ""fpocket_pocket"", ""grid_name"": ""fpocket_productive_pocket_v1"", ""grid_center"": {""x"": 2.844, ""y"": -2.1, ""z"": -4.211}, ""grid_size"": {""x"": 25.334, ""y"": 19.263, ""z"": 23.923}, ""ligand_count"": 3000, ""job_count"": 3000, ""failed_job_count"": 0, ""failed_jobs"": []}"
bc5fc7e0d4e4dc0622e4ace8ebd7643532c094d7363b00407b549fd5474891d0,165,7A,737ede2d-95ea-4515-a9a7-8c2535f2a12f,00642a25-ef36-4210-b42d-e798761903a4,PROTEIN_ONLY,0,no SAM residue in receptor/target artifact,local://artifact-storage/146396ee-698b-4e85-9582-747a875b7a02/5e4b79a9-f17d-4e61-91d3-f0574416266d.pdb,True,vina,"{""imported_from"": ""aws_s3_run"", ""aws_run_id"": ""cys203_model_v2_3000_pdbqt_aws_20260612"", ""target_label"": ""TMT1A"", ""selectivity_role"": ""counter"", ""grid_source"": ""fpocket_pocket"", ""grid_name"": ""fpocket_productive_pocket_v1"", ""grid_center"": {""x"": 2.844, ""y"": -2.1, ""z"": -4.211}, ""grid_size"": {""x"": 25.334, ""y"": 19.263, ""z"": 23.923}, ""ligand_count"": 3000, ""job_count"": 3000, ""failed_job_count"": 0, ""failed_jobs"": []}"
21db3c9831c09a60d53b95465aa9dbb1bff6b6ec609ce5998bbfdf40841ec803,166,7B,7c3c66fd-25f5-4074-8555-fa283dd3f5bd,121b675d-4dbf-49a1-b668-63c4f31a551c,PROTEIN_ONLY,0,no SAM residue in receptor/target artifact,local://artifact-storage/146396ee-698b-4e85-9582-747a875b7a02/e3f08829-fc57-4e5a-b361-384135d4d573.pdb,True,vina,"{""imported_from"": ""aws_s3_run"", ""aws_run_id"": ""cys203_model_v2_3000_pdbqt_aws_20260612"", ""target_label"": ""TMT1B"", ""selectivity_role"": ""primary"", ""grid_source"": ""fpocket_pocket"", ""grid_name"": ""fpocket_productive_pocket_v1"", ""grid_center"": {""x"": 2.844, ""y"": -2.1, ""z"": -4.211}, ""grid_size"": {""x"": 25.334, ""y"": 19.263, ""z"": 23.923}, ""ligand_count"": 3000, ""job_count"": 3000, ""failed_job_count"": 0, ""failed_jobs"": []}"
21db3c9831c09a60d53b95465aa9dbb1bff6b6ec609ce5998bbfdf40841ec803,166,7A,737ede2d-95ea-4515-a9a7-8c2535f2a12f,e4505927-e493-4595-83fd-4846d60937c4,PROTEIN_ONLY,0,no SAM residue in receptor/target artifact,local://artifact-storage/146396ee-698b-4e85-9582-747a875b7a02/5e4b79a9-f17d-4e61-91d3-f0574416266d.pdb,True,vina,"{""imported_from"": ""aws_s3_run"", ""aws_run_id"": ""cys203_model_v2_3000_pdbqt_aws_20260612"", ""target_label"": ""TMT1A"", ""selectivity_role"": ""counter"", ""grid_source"": ""fpocket_pocket"", ""grid_name"": ""fpocket_productive_pocket_v1"", ""grid_center"": {""x"": 2.844, ""y"": -2.1, ""z"": -4.211}, ""grid_size"": {""x"": 25.334, ""y"": 19.263, ""z"": 23.923}, ""ligand_count"": 3000, ""job_count"": 3000, ""failed_job_count"": 0, ""failed_jobs"": []}"
3a5ada22623a710590dd8f2f2c4b6537da7f3a1f1e44e40a7d395ab1171751f8,167,7B,7c3c66fd-25f5-4074-8555-fa283dd3f5bd,94010fc3-2f6d-4608-b6cb-6acacddee226,PROTEIN_ONLY,0,no SAM residue in receptor/target artifact,local://artifact-storage/146396ee-698b-4e85-9582-747a875b7a02/e3f08829-fc57-4e5a-b361-384135d4d573.pdb,True,vina,"{""imported_from"": ""aws_s3_run"", ""aws_run_id"": ""cys203_model_v2_3000_pdbqt_aws_20260612"", ""target_label"": ""TMT1B"", ""selectivity_role"": ""primary"", ""grid_source"": ""fpocket_pocket"", ""grid_name"": ""fpocket_productive_pocket_v1"", ""grid_center"": {""x"": 2.844, ""y"": -2.1, ""z"": -4.211}, ""grid_size"": {""x"": 25.334, ""y"": 19.263, ""z"": 23.923}, ""ligand_count"": 3000, ""job_count"": 3000, ""failed_job_count"": 0, ""failed_jobs"": []}"
3a5ada22623a710590dd8f2f2c4b6537da7f3a1f1e44e40a7d395ab1171751f8,167,7A,737ede2d-95ea-4515-a9a7-8c2535f2a12f,b4ce498a-d779-44e2-864d-1e7c1bb43a50,PROTEIN_ONLY,0,no SAM residue in receptor/target artifact,local://artifact-storage/146396ee-698b-4e85-9582-747a875b7a02/5e4b79a9-f17d-4e61-91d3-f0574416266d.pdb,True,vina,"{""imported_from"": ""aws_s3_run"", ""aws_run_id"": ""cys203_model_v2_3000_pdbqt_aws_20260612"", ""target_label"": ""TMT1A"", ""selectivity_role"": ""counter"", ""grid_source"": ""fpocket_pocket"", ""grid_name"": ""fpocket_productive_pocket_v1"", ""grid_center"": {""x"": 2.844, ""y"": -2.1, ""z"": -4.211}, ""grid_size"": {""x"": 25.334, ""y"": 19.263, ""z"": 23.923}, ""ligand_count"": 3000, ""job_count"": 3000, ""failed_job_count"": 0, ""failed_jobs"": []}"
3b3740e0e616b55f3317074cfad61e871c8cd136846f6543e4bc57d5b5ce22b3,168,7B,7c3c66fd-25f5-4074-8555-fa283dd3f5bd,9125dff6-63c9-4aaa-9a27-9eac6ab95860,PROTEIN_ONLY,0,no SAM residue in receptor/target artifact,local://artifact-storage/146396ee-698b-4e85-9582-747a875b7a02/e3f08829-fc57-4e5a-b361-384135d4d573.pdb,True,vina,"{""imported_from"": ""aws_s3_run"", ""aws_run_id"": ""cys203_model_v2_3000_pdbqt_aws_20260612"", ""target_label"": ""TMT1B"", ""selectivity_role"": ""primary"", ""grid_source"": ""fpocket_pocket"", ""grid_name"": ""fpocket_productive_pocket_v1"", ""grid_center"": {""x"": 2.844, ""y"": -2.1, ""z"": -4.211}, ""grid_size"": {""x"": 25.334, ""y"": 19.263, ""z"": 23.923}, ""ligand_count"": 3000, ""job_count"": 3000, ""failed_job_count"": 0, ""failed_jobs"": []}"
3b3740e0e616b55f3317074cfad61e871c8cd136846f6543e4bc57d5b5ce22b3,168,7A,737ede2d-95ea-4515-a9a7-8c2535f2a12f,70a32ae9-bad4-4d70-ada5-5ec494bb1a47,PROTEIN_ONLY,0,no SAM residue in receptor/target artifact,local://artifact-storage/146396ee-698b-4e85-9582-747a875b7a02/5e4b79a9-f17d-4e61-91d3-f0574416266d.pdb,True,vina,"{""imported_from"": ""aws_s3_run"", ""aws_run_id"": ""cys203_model_v2_3000_pdbqt_aws_20260612"", ""target_label"": ""TMT1A"", ""selectivity_role"": ""counter"", ""grid_source"": ""fpocket_pocket"", ""grid_name"": ""fpocket_productive_pocket_v1"", ""grid_center"": {""x"": 2.844, ""y"": -2.1, ""z"": -4.211}, ""grid_size"": {""x"": 25.334, ""y"": 19.263, ""z"": 23.923}, ""ligand_count"": 3000, ""job_count"": 3000, ""failed_job_count"": 0, ""failed_jobs"": []}"
f1a9435d8129c14db21c002aeffbacef6eb86ea23ddfe7cee5f2516d3a3a46c4,169,7B,1bf6dd89-97f5-4de2-ae3d-9dcec24b7471,b0e46c0a-7aaf-45a9-8840-b3cdb2e6568b,PROTEIN_ONLY,0,no SAM residue in receptor/target artifact,local://artifact-storage/146396ee-698b-4e85-9582-747a875b7a02/e3f08829-fc57-4e5a-b361-384135d4d573.pdb,True,vina,"{""imported_from"": ""aws_s3_run"", ""aws_run_id"": ""cys203_edge_3000_pdbqt_aws_20260612"", ""target_label"": ""TMT1B"", ""selectivity_role"": ""primary"", ""grid_source"": ""fpocket_pocket"", ""grid_name"": ""fpocket_productive_pocket_v1"", ""grid_center"": {""x"": 2.844, ""y"": -2.1, ""z"": -4.211}, ""grid_size"": {""x"": 25.334, ""y"": 19.263, ""z"": 23.923}, ""ligand_count"": 3000, ""job_count"": 3000, ""failed_job_count"": 8, ""failed_jobs"": [""rank0575_MCULE-6426360047_TMT1B"", ""rank0594_MCULE-3473952656_TMT1B"", ""rank1708_MCULE-7919765586_TMT1B"", ""rank2300_MCULE-4451687131_TMT1B"", ""rank2339_MCULE-1149242700_TMT1B"", ""rank2391_MCULE-6412661202_TMT1B"", ""rank2482_MCULE-9668681137_TMT1B"", ""rank2745_MCULE-4826721031_TMT1B""]}"
f1a9435d8129c14db21c002aeffbacef6eb86ea23ddfe7cee5f2516d3a3a46c4,169,7A,a90acf75-ba02-4312-aff0-0509d86f2618,f2c14b7b-ffd5-4b45-b464-d56c1040cf70,PROTEIN_ONLY,0,no SAM residue in receptor/target artifact,local://artifact-storage/146396ee-698b-4e85-9582-747a875b7a02/5e4b79a9-f17d-4e61-91d3-f0574416266d.pdb,True,vina,"{""imported_from"": ""aws_s3_run"", ""aws_run_id"": ""cys203_edge_3000_pdbqt_aws_20260612"", ""target_label"": ""TMT1A"", ""selectivity_role"": ""counter"", ""grid_source"": ""fpocket_pocket"", ""grid_name"": ""fpocket_productive_pocket_v1"", ""grid_center"": {""x"": 2.844, ""y"": -2.1, ""z"": -4.211}, ""grid_size"": {""x"": 25.334, ""y"": 19.263, ""z"": 23.923}, ""ligand_count"": 3000, ""job_count"": 3000, ""failed_job_count"": 8, ""failed_jobs"": [""rank0575_MCULE-6426360047_TMT1A"", ""rank0594_MCULE-3473952656_TMT1A"", ""rank1708_MCULE-7919765586_TMT1A"", ""rank2300_MCULE-4451687131_TMT1A"", ""rank2339_MCULE-1149242700_TMT1A"", ""rank2391_MCULE-6412661202_TMT1A"", ""rank2482_MCULE-9668681137_TMT1A"", ""rank2745_MCULE-4826721031_TMT1A""]}"
73d4e3b1495da97c3fd5d89d79caade25395e55b39e623e6263172d87243edac,170,7B,7c3c66fd-25f5-4074-8555-fa283dd3f5bd,90371637-ad63-4e58-9a6a-1e0add90f4a3,PROTEIN_ONLY,0,no SAM residue in receptor/target artifact,local://artifact-storage/146396ee-698b-4e85-9582-747a875b7a02/e3f08829-fc57-4e5a-b361-384135d4d573.pdb,True,vina,"{""imported_from"": ""aws_s3_run"", ""aws_run_id"": ""cys203_model_v2_3000_pdbqt_aws_20260612"", ""target_label"": ""TMT1B"", ""selectivity_role"": ""primary"", ""grid_source"": ""fpocket_pocket"", ""grid_name"": ""fpocket_productive_pocket_v1"", ""grid_center"": {""x"": 2.844, ""y"": -2.1, ""z"": -4.211}, ""grid_size"": {""x"": 25.334, ""y"": 19.263, ""z"": 23.923}, ""ligand_count"": 3000, ""job_count"": 3000, ""failed_job_count"": 0, ""failed_jobs"": []}"
73d4e3b1495da97c3fd5d89d79caade25395e55b39e623e6263172d87243edac,170,7A,13023667-0580-45ea-b719-7ed710c86453,1caf0f93-9d3e-4ee9-9d1e-66d9d32b8db2,PROTEIN_ONLY,0,no SAM residue in receptor/target artifact,local://artifact-storage/146396ee-698b-4e85-9582-747a875b7a02/5e4b79a9-f17d-4e61-91d3-f0574416266d.pdb,True,vina,"{""imported_from"": ""aws_s3_run"", ""aws_run_id"": ""cys203_model_v2_3000_pdbqt_aws_20260612"", ""target_label"": ""TMT1A"", ""selectivity_role"": ""counter"", ""grid_source"": ""fpocket_pocket"", ""grid_name"": ""fpocket_productive_pocket_v1"", ""grid_center"": {""x"": 2.844, ""y"": -2.1, ""z"": -4.211}, ""grid_size"": {""x"": 25.334, ""y"": 19.263, ""z"": 23.923}, ""ligand_count"": 3000, ""job_count"": 3000, ""failed_job_count"": 0, ""failed_jobs"": [], ""copied_from_campaign_id"": ""df2da101-7e20-4cf6-b6fc-dc917aa5fe21"", ""copied_from_docking_run_id"": ""737ede2d-95ea-4515-a9a7-8c2535f2a12f"", ""subset_source"": ""whole_db_no_wh_top_7b_delta_plus_controls""}"
1640b6f7f7e557407314437b85f50428c586b8b7537230fa4df8ad44291867eb,171,7B,a332dd4d-78d9-4871-a3e5-1411d6590a17,a3834c0e-8e55-43b3-ac29-baa9d286269c,PROTEIN_ONLY,0,no SAM residue in receptor/target artifact,local://artifact-storage/11934ca4-1325-4172-8077-a987982b58cd/5233a1ea-9dab-468f-9660-aac8e512b37e.pdbqt,True,vina,"{""engine"": ""vina"", ""ligand_count"": 167, ""receptor_artifact_id"": ""5233a1ea-9dab-468f-9660-aac8e512b37e"", ""target_label"": ""TMT1B"", ""selectivity_role"": ""primary"", ""grid_source"": ""fpocket_productive_pocket_v1"", ""box"": {""center_x"": 2.844, ""center_y"": -2.1, ""center_z"": -4.211, ""size_x"": 25.334, ""size_y"": 19.263, ""size_z"": 23.923}, ""exhaustiveness"": 8, ""num_modes"": 9, ""pose_count"": 1497, ""failed_ligands"": []}"
1640b6f7f7e557407314437b85f50428c586b8b7537230fa4df8ad44291867eb,171,7A,95c5125c-17e8-4a72-88a9-038b4d81dc7f,f4d84687-8c8a-4e78-8290-d83421cfe246,PROTEIN_ONLY,0,no SAM residue in receptor/target artifact,local://artifact-storage/11934ca4-1325-4172-8077-a987982b58cd/7a97d002-09cb-449c-8acf-6b90f910e6ab.pdbqt,True,vina,"{""engine"": ""vina"", ""ligand_count"": 167, ""receptor_artifact_id"": ""7a97d002-09cb-449c-8acf-6b90f910e6ab"", ""target_label"": ""TMT1A"", ""selectivity_role"": ""counter"", ""grid_source"": ""fpocket_productive_pocket_v1"", ""box"": {""center_x"": 2.844, ""center_y"": -2.1, ""center_z"": -4.211, ""size_x"": 25.334, ""size_y"": 19.263, ""size_z"": 23.923}, ""exhaustiveness"": 8, ""num_modes"": 9, ""pose_count"": 1442, ""failed_ligands"": []}"
5d2735abefa471566006a4e85c70542fb6d6836a74da7ed6cf2bb650200e3e6b,172,7B,7c3c66fd-25f5-4074-8555-fa283dd3f5bd,d4e77c52-1a44-4fd1-9f4a-094307517a60,PROTEIN_ONLY,0,no SAM residue in receptor/target artifact,local://artifact-storage/146396ee-698b-4e85-9582-747a875b7a02/e3f08829-fc57-4e5a-b361-384135d4d573.pdb,True,vina,"{""imported_from"": ""aws_s3_run"", ""aws_run_id"": ""cys203_model_v2_3000_pdbqt_aws_20260612"", ""target_label"": ""TMT1B"", ""selectivity_role"": ""primary"", ""grid_source"": ""fpocket_pocket"", ""grid_name"": ""fpocket_productive_pocket_v1"", ""grid_center"": {""x"": 2.844, ""y"": -2.1, ""z"": -4.211}, ""grid_size"": {""x"": 25.334, ""y"": 19.263, ""z"": 23.923}, ""ligand_count"": 3000, ""job_count"": 3000, ""failed_job_count"": 0, ""failed_jobs"": []}"
5d2735abefa471566006a4e85c70542fb6d6836a74da7ed6cf2bb650200e3e6b,172,7A,737ede2d-95ea-4515-a9a7-8c2535f2a12f,efddbd20-7437-43a7-9ee4-ec551cd7024f,PROTEIN_ONLY,0,no SAM residue in receptor/target artifact,local://artifact-storage/146396ee-698b-4e85-9582-747a875b7a02/5e4b79a9-f17d-4e61-91d3-f0574416266d.pdb,True,vina,"{""imported_from"": ""aws_s3_run"", ""aws_run_id"": ""cys203_model_v2_3000_pdbqt_aws_20260612"", ""target_label"": ""TMT1A"", ""selectivity_role"": ""counter"", ""grid_source"": ""fpocket_pocket"", ""grid_name"": ""fpocket_productive_pocket_v1"", ""grid_center"": {""x"": 2.844, ""y"": -2.1, ""z"": -4.211}, ""grid_size"": {""x"": 25.334, ""y"": 19.263, ""z"": 23.923}, ""ligand_count"": 3000, ""job_count"": 3000, ""failed_job_count"": 0, ""failed_jobs"": []}"
f6f208fa037d953f45914aee676a591c0befa0a5989af435ea342062ee1287aa,173,7B,7c3c66fd-25f5-4074-8555-fa283dd3f5bd,74853078-5629-4fc5-846f-82278316a22c,PROTEIN_ONLY,0,no SAM residue in receptor/target artifact,local://artifact-storage/146396ee-698b-4e85-9582-747a875b7a02/e3f08829-fc57-4e5a-b361-384135d4d573.pdb,True,vina,"{""imported_from"": ""aws_s3_run"", ""aws_run_id"": ""cys203_model_v2_3000_pdbqt_aws_20260612"", ""target_label"": ""TMT1B"", ""selectivity_role"": ""primary"", ""grid_source"": ""fpocket_pocket"", ""grid_name"": ""fpocket_productive_pocket_v1"", ""grid_center"": {""x"": 2.844, ""y"": -2.1, ""z"": -4.211}, ""grid_size"": {""x"": 25.334, ""y"": 19.263, ""z"": 23.923}, ""ligand_count"": 3000, ""job_count"": 3000, ""failed_job_count"": 0, ""failed_jobs"": []}"
f6f208fa037d953f45914aee676a591c0befa0a5989af435ea342062ee1287aa,173,7A,737ede2d-95ea-4515-a9a7-8c2535f2a12f,b2c97013-c3a1-4dbb-9edd-ad6062fe5f44,PROTEIN_ONLY,0,no SAM residue in receptor/target artifact,local://artifact-storage/146396ee-698b-4e85-9582-747a875b7a02/5e4b79a9-f17d-4e61-91d3-f0574416266d.pdb,True,vina,"{""imported_from"": ""aws_s3_run"", ""aws_run_id"": ""cys203_model_v2_3000_pdbqt_aws_20260612"", ""target_label"": ""TMT1A"", ""selectivity_role"": ""counter"", ""grid_source"": ""fpocket_pocket"", ""grid_name"": ""fpocket_productive_pocket_v1"", ""grid_center"": {""x"": 2.844, ""y"": -2.1, ""z"": -4.211}, ""grid_size"": {""x"": 25.334, ""y"": 19.263, ""z"": 23.923}, ""ligand_count"": 3000, ""job_count"": 3000, ""failed_job_count"": 0, ""failed_jobs"": []}"
1123aef45904db3e968e84ef6973f238d8dcb3eb3e77ca21a24163df25c411dc,174,7B,6dcbeeeb-ab03-4edb-8430-d692c757b76e,1bfebe0b-cda0-4fcc-a595-507e5f9d4dc1,PROTEIN_ONLY,0,no SAM residue in receptor/target artifact,local://artifact-storage/485dd400-0324-41d2-87f1-98a455e466bd/a8bca71a-a6eb-4e84-9283-ea088b9546ed.pdbqt,True,vina,"{""engine"": ""vina"", ""ligand_count"": 167, ""receptor_artifact_id"": ""a8bca71a-a6eb-4e84-9283-ea088b9546ed"", ""target_label"": ""TMT1B"", ""selectivity_role"": ""primary"", ""grid_source"": ""fpocket_productive_pocket_v1"", ""box"": {""center_x"": 2.844, ""center_y"": -2.1, ""center_z"": -4.211, ""size_x"": 25.334, ""size_y"": 19.263, ""size_z"": 23.923}, ""exhaustiveness"": 8, ""num_modes"": 9, ""pose_count"": 1491, ""failed_ligands"": [{""ligand_artifact_id"": ""a8583ab5-a9c4-4c9b-836d-df5519689c50"", ""error"": ""Vina docking failed.""}]}"
1123aef45904db3e968e84ef6973f238d8dcb3eb3e77ca21a24163df25c411dc,174,7A,55323762-2294-4305-9c59-ba043b16b699,a57b71ae-d730-4a6c-ac01-a66000f8ff0e,PROTEIN_ONLY,0,no SAM residue in receptor/target artifact,local://artifact-storage/485dd400-0324-41d2-87f1-98a455e466bd/0d321bfd-535b-4238-962f-8768b4977e92.pdbqt,True,vina,"{""engine"": ""vina"", ""ligand_count"": 167, ""receptor_artifact_id"": ""0d321bfd-535b-4238-962f-8768b4977e92"", ""target_label"": ""TMT1A"", ""selectivity_role"": ""counter"", ""grid_source"": ""fpocket_productive_pocket_v1"", ""box"": {""center_x"": 2.844, ""center_y"": -2.1, ""center_z"": -4.211, ""size_x"": 25.334, ""size_y"": 19.263, ""size_z"": 23.923}, ""exhaustiveness"": 8, ""num_modes"": 9, ""pose_count"": 1454, ""failed_ligands"": [{""ligand_artifact_id"": ""a8583ab5-a9c4-4c9b-836d-df5519689c50"", ""error"": ""Vina docking failed.""}]}"
14cd9028dcb6dd8af1c1c78c3429c8ccdcc36f47900f887fbe7941c395526537,175,7B,1bf6dd89-97f5-4de2-ae3d-9dcec24b7471,e9e1eb3c-b4e3-4aba-9f19-58160f7f03f8,PROTEIN_ONLY,0,no SAM residue in receptor/target artifact,local://artifact-storage/146396ee-698b-4e85-9582-747a875b7a02/e3f08829-fc57-4e5a-b361-384135d4d573.pdb,True,vina,"{""imported_from"": ""aws_s3_run"", ""aws_run_id"": ""cys203_edge_3000_pdbqt_aws_20260612"", ""target_label"": ""TMT1B"", ""selectivity_role"": ""primary"", ""grid_source"": ""fpocket_pocket"", ""grid_name"": ""fpocket_productive_pocket_v1"", ""grid_center"": {""x"": 2.844, ""y"": -2.1, ""z"": -4.211}, ""grid_size"": {""x"": 25.334, ""y"": 19.263, ""z"": 23.923}, ""ligand_count"": 3000, ""job_count"": 3000, ""failed_job_count"": 8, ""failed_jobs"": [""rank0575_MCULE-6426360047_TMT1B"", ""rank0594_MCULE-3473952656_TMT1B"", ""rank1708_MCULE-7919765586_TMT1B"", ""rank2300_MCULE-4451687131_TMT1B"", ""rank2339_MCULE-1149242700_TMT1B"", ""rank2391_MCULE-6412661202_TMT1B"", ""rank2482_MCULE-9668681137_TMT1B"", ""rank2745_MCULE-4826721031_TMT1B""]}"
14cd9028dcb6dd8af1c1c78c3429c8ccdcc36f47900f887fbe7941c395526537,175,7A,a90acf75-ba02-4312-aff0-0509d86f2618,c81ad4c5-7897-4171-9d2d-cae4698a264f,PROTEIN_ONLY,0,no SAM residue in receptor/target artifact,local://artifact-storage/146396ee-698b-4e85-9582-747a875b7a02/5e4b79a9-f17d-4e61-91d3-f0574416266d.pdb,True,vina,"{""imported_from"": ""aws_s3_run"", ""aws_run_id"": ""cys203_edge_3000_pdbqt_aws_20260612"", ""target_label"": ""TMT1A"", ""selectivity_role"": ""counter"", ""grid_source"": ""fpocket_pocket"", ""grid_name"": ""fpocket_productive_pocket_v1"", ""grid_center"": {""x"": 2.844, ""y"": -2.1, ""z"": -4.211}, ""grid_size"": {""x"": 25.334, ""y"": 19.263, ""z"": 23.923}, ""ligand_count"": 3000, ""job_count"": 3000, ""failed_job_count"": 8, ""failed_jobs"": [""rank0575_MCULE-6426360047_TMT1A"", ""rank0594_MCULE-3473952656_TMT1A"", ""rank1708_MCULE-7919765586_TMT1A"", ""rank2300_MCULE-4451687131_TMT1A"", ""rank2339_MCULE-1149242700_TMT1A"", ""rank2391_MCULE-6412661202_TMT1A"", ""rank2482_MCULE-9668681137_TMT1A"", ""rank2745_MCULE-4826721031_TMT1A""]}"
e81a878adcf13d94eed748d2d51d33d7fd5759fec0a100fd04ff2cad9e8e9d6a,176,7B,7c3c66fd-25f5-4074-8555-fa283dd3f5bd,f978de76-1069-4a9e-92de-58482bdfda5d,PROTEIN_ONLY,0,no SAM residue in receptor/target artifact,local://artifact-storage/146396ee-698b-4e85-9582-747a875b7a02/e3f08829-fc57-4e5a-b361-384135d4d573.pdb,True,vina,"{""imported_from"": ""aws_s3_run"", ""aws_run_id"": ""cys203_model_v2_3000_pdbqt_aws_20260612"", ""target_label"": ""TMT1B"", ""selectivity_role"": ""primary"", ""grid_source"": ""fpocket_pocket"", ""grid_name"": ""fpocket_productive_pocket_v1"", ""grid_center"": {""x"": 2.844, ""y"": -2.1, ""z"": -4.211}, ""grid_size"": {""x"": 25.334, ""y"": 19.263, ""z"": 23.923}, ""ligand_count"": 3000, ""job_count"": 3000, ""failed_job_count"": 0, ""failed_jobs"": []}"
e81a878adcf13d94eed748d2d51d33d7fd5759fec0a100fd04ff2cad9e8e9d6a,176,7A,737ede2d-95ea-4515-a9a7-8c2535f2a12f,9798fc8d-a0b0-4a79-a71e-4d167363d329,PROTEIN_ONLY,0,no SAM residue in receptor/target artifact,local://artifact-storage/146396ee-698b-4e85-9582-747a875b7a02/5e4b79a9-f17d-4e61-91d3-f0574416266d.pdb,True,vina,"{""imported_from"": ""aws_s3_run"", ""aws_run_id"": ""cys203_model_v2_3000_pdbqt_aws_20260612"", ""target_label"": ""TMT1A"", ""selectivity_role"": ""counter"", ""grid_source"": ""fpocket_pocket"", ""grid_name"": ""fpocket_productive_pocket_v1"", ""grid_center"": {""x"": 2.844, ""y"": -2.1, ""z"": -4.211}, ""grid_size"": {""x"": 25.334, ""y"": 19.263, ""z"": 23.923}, ""ligand_count"": 3000, ""job_count"": 3000, ""failed_job_count"": 0, ""failed_jobs"": []}"
f2b8a67fb0e5d24a5cb2666b4e6fe4c1d4133acc3d6553250e1c4fff4f7e03cb,177,7B,7c3c66fd-25f5-4074-8555-fa283dd3f5bd,81124be8-3dab-4396-838b-ed22015371d1,PROTEIN_ONLY,0,no SAM residue in receptor/target artifact,local://artifact-storage/146396ee-698b-4e85-9582-747a875b7a02/e3f08829-fc57-4e5a-b361-384135d4d573.pdb,True,vina,"{""imported_from"": ""aws_s3_run"", ""aws_run_id"": ""cys203_model_v2_3000_pdbqt_aws_20260612"", ""target_label"": ""TMT1B"", ""selectivity_role"": ""primary"", ""grid_source"": ""fpocket_pocket"", ""grid_name"": ""fpocket_productive_pocket_v1"", ""grid_center"": {""x"": 2.844, ""y"": -2.1, ""z"": -4.211}, ""grid_size"": {""x"": 25.334, ""y"": 19.263, ""z"": 23.923}, ""ligand_count"": 3000, ""job_count"": 3000, ""failed_job_count"": 0, ""failed_jobs"": []}"
f2b8a67fb0e5d24a5cb2666b4e6fe4c1d4133acc3d6553250e1c4fff4f7e03cb,177,7A,737ede2d-95ea-4515-a9a7-8c2535f2a12f,e2950435-9254-4c03-8db5-d3c0a6037b38,PROTEIN_ONLY,0,no SAM residue in receptor/target artifact,local://artifact-storage/146396ee-698b-4e85-9582-747a875b7a02/5e4b79a9-f17d-4e61-91d3-f0574416266d.pdb,True,vina,"{""imported_from"": ""aws_s3_run"", ""aws_run_id"": ""cys203_model_v2_3000_pdbqt_aws_20260612"", ""target_label"": ""TMT1A"", ""selectivity_role"": ""counter"", ""grid_source"": ""fpocket_pocket"", ""grid_name"": ""fpocket_productive_pocket_v1"", ""grid_center"": {""x"": 2.844, ""y"": -2.1, ""z"": -4.211}, ""grid_size"": {""x"": 25.334, ""y"": 19.263, ""z"": 23.923}, ""ligand_count"": 3000, ""job_count"": 3000, ""failed_job_count"": 0, ""failed_jobs"": []}"
088266d24b5d4d8bef1eb13193004d9a404e4a0a08647af5308b2a1a7ee65ec4,178,7B,7c3c66fd-25f5-4074-8555-fa283dd3f5bd,f3f0625a-d654-4f80-a92b-43c67d7c6dd0,PROTEIN_ONLY,0,no SAM residue in receptor/target artifact,local://artifact-storage/146396ee-698b-4e85-9582-747a875b7a02/e3f08829-fc57-4e5a-b361-384135d4d573.pdb,True,vina,"{""imported_from"": ""aws_s3_run"", ""aws_run_id"": ""cys203_model_v2_3000_pdbqt_aws_20260612"", ""target_label"": ""TMT1B"", ""selectivity_role"": ""primary"", ""grid_source"": ""fpocket_pocket"", ""grid_name"": ""fpocket_productive_pocket_v1"", ""grid_center"": {""x"": 2.844, ""y"": -2.1, ""z"": -4.211}, ""grid_size"": {""x"": 25.334, ""y"": 19.263, ""z"": 23.923}, ""ligand_count"": 3000, ""job_count"": 3000, ""failed_job_count"": 0, ""failed_jobs"": []}"
088266d24b5d4d8bef1eb13193004d9a404e4a0a08647af5308b2a1a7ee65ec4,178,7A,737ede2d-95ea-4515-a9a7-8c2535f2a12f,23cefc94-963e-4c20-b9d0-8b8858f5acf2,PROTEIN_ONLY,0,no SAM residue in receptor/target artifact,local://artifact-storage/146396ee-698b-4e85-9582-747a875b7a02/5e4b79a9-f17d-4e61-91d3-f0574416266d.pdb,True,vina,"{""imported_from"": ""aws_s3_run"", ""aws_run_id"": ""cys203_model_v2_3000_pdbqt_aws_20260612"", ""target_label"": ""TMT1A"", ""selectivity_role"": ""counter"", ""grid_source"": ""fpocket_pocket"", ""grid_name"": ""fpocket_productive_pocket_v1"", ""grid_center"": {""x"": 2.844, ""y"": -2.1, ""z"": -4.211}, ""grid_size"": {""x"": 25.334, ""y"": 19.263, ""z"": 23.923}, ""ligand_count"": 3000, ""job_count"": 3000, ""failed_job_count"": 0, ""failed_jobs"": []}"
c17f4e86a69da9749333041e81b4bda576a74db69b90a2fc160d966d72458df4,179,7B,7c3c66fd-25f5-4074-8555-fa283dd3f5bd,b7324fd9-52ca-46db-b530-27cf96432f9c,PROTEIN_ONLY,0,no SAM residue in receptor/target artifact,local://artifact-storage/146396ee-698b-4e85-9582-747a875b7a02/e3f08829-fc57-4e5a-b361-384135d4d573.pdb,True,vina,"{""imported_from"": ""aws_s3_run"", ""aws_run_id"": ""cys203_model_v2_3000_pdbqt_aws_20260612"", ""target_label"": ""TMT1B"", ""selectivity_role"": ""primary"", ""grid_source"": ""fpocket_pocket"", ""grid_name"": ""fpocket_productive_pocket_v1"", ""grid_center"": {""x"": 2.844, ""y"": -2.1, ""z"": -4.211}, ""grid_size"": {""x"": 25.334, ""y"": 19.263, ""z"": 23.923}, ""ligand_count"": 3000, ""job_count"": 3000, ""failed_job_count"": 0, ""failed_jobs"": []}"
c17f4e86a69da9749333041e81b4bda576a74db69b90a2fc160d966d72458df4,179,7A,737ede2d-95ea-4515-a9a7-8c2535f2a12f,3010b067-4dac-4111-b2f7-41cf7d77470a,PROTEIN_ONLY,0,no SAM residue in receptor/target artifact,local://artifact-storage/146396ee-698b-4e85-9582-747a875b7a02/5e4b79a9-f17d-4e61-91d3-f0574416266d.pdb,True,vina,"{""imported_from"": ""aws_s3_run"", ""aws_run_id"": ""cys203_model_v2_3000_pdbqt_aws_20260612"", ""target_label"": ""TMT1A"", ""selectivity_role"": ""counter"", ""grid_source"": ""fpocket_pocket"", ""grid_name"": ""fpocket_productive_pocket_v1"", ""grid_center"": {""x"": 2.844, ""y"": -2.1, ""z"": -4.211}, ""grid_size"": {""x"": 25.334, ""y"": 19.263, ""z"": 23.923}, ""ligand_count"": 3000, ""job_count"": 3000, ""failed_job_count"": 0, ""failed_jobs"": []}"
4f57311da6585ea1d3a24cc7b340895188975807e498e4fa9c22214715916085,180,7B,7c3c66fd-25f5-4074-8555-fa283dd3f5bd,65ed80b6-a24c-4bd1-a7b9-f01433a02661,PROTEIN_ONLY,0,no SAM residue in receptor/target artifact,local://artifact-storage/146396ee-698b-4e85-9582-747a875b7a02/e3f08829-fc57-4e5a-b361-384135d4d573.pdb,True,vina,"{""imported_from"": ""aws_s3_run"", ""aws_run_id"": ""cys203_model_v2_3000_pdbqt_aws_20260612"", ""target_label"": ""TMT1B"", ""selectivity_role"": ""primary"", ""grid_source"": ""fpocket_pocket"", ""grid_name"": ""fpocket_productive_pocket_v1"", ""grid_center"": {""x"": 2.844, ""y"": -2.1, ""z"": -4.211}, ""grid_size"": {""x"": 25.334, ""y"": 19.263, ""z"": 23.923}, ""ligand_count"": 3000, ""job_count"": 3000, ""failed_job_count"": 0, ""failed_jobs"": []}"
4f57311da6585ea1d3a24cc7b340895188975807e498e4fa9c22214715916085,180,7A,737ede2d-95ea-4515-a9a7-8c2535f2a12f,61f935f7-5c48-4341-841b-4354ae2d093e,PROTEIN_ONLY,0,no SAM residue in receptor/target artifact,local://artifact-storage/146396ee-698b-4e85-9582-747a875b7a02/5e4b79a9-f17d-4e61-91d3-f0574416266d.pdb,True,vina,"{""imported_from"": ""aws_s3_run"", ""aws_run_id"": ""cys203_model_v2_3000_pdbqt_aws_20260612"", ""target_label"": ""TMT1A"", ""selectivity_role"": ""counter"", ""grid_source"": ""fpocket_pocket"", ""grid_name"": ""fpocket_productive_pocket_v1"", ""grid_center"": {""x"": 2.844, ""y"": -2.1, ""z"": -4.211}, ""grid_size"": {""x"": 25.334, ""y"": 19.263, ""z"": 23.923}, ""ligand_count"": 3000, ""job_count"": 3000, ""failed_job_count"": 0, ""failed_jobs"": []}"
3c178d9d7e9622b2cb4320d0100471e279c380727ace91e09b1fbf320bf00faf,181,7B,7c3c66fd-25f5-4074-8555-fa283dd3f5bd,4a35bbc8-cbe3-49f3-95dc-14a9ed4a902c,PROTEIN_ONLY,0,no SAM residue in receptor/target artifact,local://artifact-storage/146396ee-698b-4e85-9582-747a875b7a02/e3f08829-fc57-4e5a-b361-384135d4d573.pdb,True,vina,"{""imported_from"": ""aws_s3_run"", ""aws_run_id"": ""cys203_model_v2_3000_pdbqt_aws_20260612"", ""target_label"": ""TMT1B"", ""selectivity_role"": ""primary"", ""grid_source"": ""fpocket_pocket"", ""grid_name"": ""fpocket_productive_pocket_v1"", ""grid_center"": {""x"": 2.844, ""y"": -2.1, ""z"": -4.211}, ""grid_size"": {""x"": 25.334, ""y"": 19.263, ""z"": 23.923}, ""ligand_count"": 3000, ""job_count"": 3000, ""failed_job_count"": 0, ""failed_jobs"": []}"
3c178d9d7e9622b2cb4320d0100471e279c380727ace91e09b1fbf320bf00faf,181,7A,737ede2d-95ea-4515-a9a7-8c2535f2a12f,f10b2cbf-60d5-4a23-a18e-9db22642eaef,PROTEIN_ONLY,0,no SAM residue in receptor/target artifact,local://artifact-storage/146396ee-698b-4e85-9582-747a875b7a02/5e4b79a9-f17d-4e61-91d3-f0574416266d.pdb,True,vina,"{""imported_from"": ""aws_s3_run"", ""aws_run_id"": ""cys203_model_v2_3000_pdbqt_aws_20260612"", ""target_label"": ""TMT1A"", ""selectivity_role"": ""counter"", ""grid_source"": ""fpocket_pocket"", ""grid_name"": ""fpocket_productive_pocket_v1"", ""grid_center"": {""x"": 2.844, ""y"": -2.1, ""z"": -4.211}, ""grid_size"": {""x"": 25.334, ""y"": 19.263, ""z"": 23.923}, ""ligand_count"": 3000, ""job_count"": 3000, ""failed_job_count"": 0, ""failed_jobs"": []}"
11096f0428c3b83acce972c462b9f1364924929773c2df01c17c21e9695d64ca,182,7B,1bf6dd89-97f5-4de2-ae3d-9dcec24b7471,cc169429-fb8a-4a32-a981-93d83e596a70,PROTEIN_ONLY,0,no SAM residue in receptor/target artifact,local://artifact-storage/146396ee-698b-4e85-9582-747a875b7a02/e3f08829-fc57-4e5a-b361-384135d4d573.pdb,True,vina,"{""imported_from"": ""aws_s3_run"", ""aws_run_id"": ""cys203_edge_3000_pdbqt_aws_20260612"", ""target_label"": ""TMT1B"", ""selectivity_role"": ""primary"", ""grid_source"": ""fpocket_pocket"", ""grid_name"": ""fpocket_productive_pocket_v1"", ""grid_center"": {""x"": 2.844, ""y"": -2.1, ""z"": -4.211}, ""grid_size"": {""x"": 25.334, ""y"": 19.263, ""z"": 23.923}, ""ligand_count"": 3000, ""job_count"": 3000, ""failed_job_count"": 8, ""failed_jobs"": [""rank0575_MCULE-6426360047_TMT1B"", ""rank0594_MCULE-3473952656_TMT1B"", ""rank1708_MCULE-7919765586_TMT1B"", ""rank2300_MCULE-4451687131_TMT1B"", ""rank2339_MCULE-1149242700_TMT1B"", ""rank2391_MCULE-6412661202_TMT1B"", ""rank2482_MCULE-9668681137_TMT1B"", ""rank2745_MCULE-4826721031_TMT1B""]}"
11096f0428c3b83acce972c462b9f1364924929773c2df01c17c21e9695d64ca,182,7A,a90acf75-ba02-4312-aff0-0509d86f2618,2cab0d27-ed50-4a47-8bdd-a208ddd0f0c2,PROTEIN_ONLY,0,no SAM residue in receptor/target artifact,local://artifact-storage/146396ee-698b-4e85-9582-747a875b7a02/5e4b79a9-f17d-4e61-91d3-f0574416266d.pdb,True,vina,"{""imported_from"": ""aws_s3_run"", ""aws_run_id"": ""cys203_edge_3000_pdbqt_aws_20260612"", ""target_label"": ""TMT1A"", ""selectivity_role"": ""counter"", ""grid_source"": ""fpocket_pocket"", ""grid_name"": ""fpocket_productive_pocket_v1"", ""grid_center"": {""x"": 2.844, ""y"": -2.1, ""z"": -4.211}, ""grid_size"": {""x"": 25.334, ""y"": 19.263, ""z"": 23.923}, ""ligand_count"": 3000, ""job_count"": 3000, ""failed_job_count"": 8, ""failed_jobs"": [""rank0575_MCULE-6426360047_TMT1A"", ""rank0594_MCULE-3473952656_TMT1A"", ""rank1708_MCULE-7919765586_TMT1A"", ""rank2300_MCULE-4451687131_TMT1A"", ""rank2339_MCULE-1149242700_TMT1A"", ""rank2391_MCULE-6412661202_TMT1A"", ""rank2482_MCULE-9668681137_TMT1A"", ""rank2745_MCULE-4826721031_TMT1A""]}"
9ce88557a421dab277e1ab63ff28c22206a6d6c8f3bfa26151f3c8e3867cab7e,183,7B,d8a39b50-72c6-432d-8174-0fb2ff4effd4,7b68cb8c-2f61-4bbe-82a8-65e091aa97e1,PROTEIN_ONLY,0,no SAM residue in receptor/target artifact,local://artifact-storage/b21dd870-6b18-4641-8c8e-889188980ba0/5c5cdf7e-9387-410f-8f4d-263def920f09.pdbqt,True,vina,"{""engine"": ""vina"", ""ligand_count"": 100, ""receptor_artifact_id"": ""5c5cdf7e-9387-410f-8f4d-263def920f09"", ""target_label"": ""TMT1B"", ""selectivity_role"": ""primary"", ""grid_source"": ""fpocket_productive_pocket_v1"", ""box"": {""center_x"": 2.844, ""center_y"": -2.1, ""center_z"": -4.211, ""size_x"": 25.334, ""size_y"": 19.263, ""size_z"": 23.923}, ""exhaustiveness"": 8, ""num_modes"": 9, ""pose_count"": 900, ""failed_ligands"": []}"
9ce88557a421dab277e1ab63ff28c22206a6d6c8f3bfa26151f3c8e3867cab7e,183,7A,0f105ea3-268f-4e65-8cf9-974312657a1e,a5c4b745-cd17-41a0-9e2f-e214e3c97b0d,PROTEIN_ONLY,0,no SAM residue in receptor/target artifact,local://artifact-storage/b21dd870-6b18-4641-8c8e-889188980ba0/c30a83f9-70f5-45bf-a08f-24d7d85e904c.pdbqt,True,vina,"{""engine"": ""vina"", ""ligand_count"": 100, ""receptor_artifact_id"": ""c30a83f9-70f5-45bf-a08f-24d7d85e904c"", ""target_label"": ""TMT1A"", ""selectivity_role"": ""counter"", ""grid_source"": ""fpocket_productive_pocket_v1"", ""box"": {""center_x"": 2.844, ""center_y"": -2.1, ""center_z"": -4.211, ""size_x"": 25.334, ""size_y"": 19.263, ""size_z"": 23.923}, ""exhaustiveness"": 8, ""num_modes"": 9, ""pose_count"": 897, ""failed_ligands"": []}"
8eb82fb9fd006ee7ae9acdcbfc92b46de486d3abc88866bf7d4aabb17a57c98f,184,7B,7c3c66fd-25f5-4074-8555-fa283dd3f5bd,f72d5707-2cce-436e-9587-9d9553ee1151,PROTEIN_ONLY,0,no SAM residue in receptor/target artifact,local://artifact-storage/146396ee-698b-4e85-9582-747a875b7a02/e3f08829-fc57-4e5a-b361-384135d4d573.pdb,True,vina,"{""imported_from"": ""aws_s3_run"", ""aws_run_id"": ""cys203_model_v2_3000_pdbqt_aws_20260612"", ""target_label"": ""TMT1B"", ""selectivity_role"": ""primary"", ""grid_source"": ""fpocket_pocket"", ""grid_name"": ""fpocket_productive_pocket_v1"", ""grid_center"": {""x"": 2.844, ""y"": -2.1, ""z"": -4.211}, ""grid_size"": {""x"": 25.334, ""y"": 19.263, ""z"": 23.923}, ""ligand_count"": 3000, ""job_count"": 3000, ""failed_job_count"": 0, ""failed_jobs"": []}"
8eb82fb9fd006ee7ae9acdcbfc92b46de486d3abc88866bf7d4aabb17a57c98f,184,7A,737ede2d-95ea-4515-a9a7-8c2535f2a12f,8a7741f1-fbe9-4734-a1fd-80df3ce61c4b,PROTEIN_ONLY,0,no SAM residue in receptor/target artifact,local://artifact-storage/146396ee-698b-4e85-9582-747a875b7a02/5e4b79a9-f17d-4e61-91d3-f0574416266d.pdb,True,vina,"{""imported_from"": ""aws_s3_run"", ""aws_run_id"": ""cys203_model_v2_3000_pdbqt_aws_20260612"", ""target_label"": ""TMT1A"", ""selectivity_role"": ""counter"", ""grid_source"": ""fpocket_pocket"", ""grid_name"": ""fpocket_productive_pocket_v1"", ""grid_center"": {""x"": 2.844, ""y"": -2.1, ""z"": -4.211}, ""grid_size"": {""x"": 25.334, ""y"": 19.263, ""z"": 23.923}, ""ligand_count"": 3000, ""job_count"": 3000, ""failed_job_count"": 0, ""failed_jobs"": []}"
25a48fa762204d4f09e32055479efbaa328d52e1a376b0eb45a17018b5dbf0a4,185,7B,7c3c66fd-25f5-4074-8555-fa283dd3f5bd,ca3e6338-e716-4329-ab61-c26a398399d4,PROTEIN_ONLY,0,no SAM residue in receptor/target artifact,local://artifact-storage/146396ee-698b-4e85-9582-747a875b7a02/e3f08829-fc57-4e5a-b361-384135d4d573.pdb,True,vina,"{""imported_from"": ""aws_s3_run"", ""aws_run_id"": ""cys203_model_v2_3000_pdbqt_aws_20260612"", ""target_label"": ""TMT1B"", ""selectivity_role"": ""primary"", ""grid_source"": ""fpocket_pocket"", ""grid_name"": ""fpocket_productive_pocket_v1"", ""grid_center"": {""x"": 2.844, ""y"": -2.1, ""z"": -4.211}, ""grid_size"": {""x"": 25.334, ""y"": 19.263, ""z"": 23.923}, ""ligand_count"": 3000, ""job_count"": 3000, ""failed_job_count"": 0, ""failed_jobs"": []}"
25a48fa762204d4f09e32055479efbaa328d52e1a376b0eb45a17018b5dbf0a4,185,7A,737ede2d-95ea-4515-a9a7-8c2535f2a12f,f16dceca-cb42-4b65-a1f7-a20fa728a11b,PROTEIN_ONLY,0,no SAM residue in receptor/target artifact,local://artifact-storage/146396ee-698b-4e85-9582-747a875b7a02/5e4b79a9-f17d-4e61-91d3-f0574416266d.pdb,True,vina,"{""imported_from"": ""aws_s3_run"", ""aws_run_id"": ""cys203_model_v2_3000_pdbqt_aws_20260612"", ""target_label"": ""TMT1A"", ""selectivity_role"": ""counter"", ""grid_source"": ""fpocket_pocket"", ""grid_name"": ""fpocket_productive_pocket_v1"", ""grid_center"": {""x"": 2.844, ""y"": -2.1, ""z"": -4.211}, ""grid_size"": {""x"": 25.334, ""y"": 19.263, ""z"": 23.923}, ""ligand_count"": 3000, ""job_count"": 3000, ""failed_job_count"": 0, ""failed_jobs"": []}"
f981fe82e496c74868c7495ae998ccd4ba75474a66e1690b68a533ae4b8a0c82,186,7B,1bf6dd89-97f5-4de2-ae3d-9dcec24b7471,5d601cc6-a4ef-47fd-adce-2b27540696a5,PROTEIN_ONLY,0,no SAM residue in receptor/target artifact,local://artifact-storage/146396ee-698b-4e85-9582-747a875b7a02/e3f08829-fc57-4e5a-b361-384135d4d573.pdb,True,vina,"{""imported_from"": ""aws_s3_run"", ""aws_run_id"": ""cys203_edge_3000_pdbqt_aws_20260612"", ""target_label"": ""TMT1B"", ""selectivity_role"": ""primary"", ""grid_source"": ""fpocket_pocket"", ""grid_name"": ""fpocket_productive_pocket_v1"", ""grid_center"": {""x"": 2.844, ""y"": -2.1, ""z"": -4.211}, ""grid_size"": {""x"": 25.334, ""y"": 19.263, ""z"": 23.923}, ""ligand_count"": 3000, ""job_count"": 3000, ""failed_job_count"": 8, ""failed_jobs"": [""rank0575_MCULE-6426360047_TMT1B"", ""rank0594_MCULE-3473952656_TMT1B"", ""rank1708_MCULE-7919765586_TMT1B"", ""rank2300_MCULE-4451687131_TMT1B"", ""rank2339_MCULE-1149242700_TMT1B"", ""rank2391_MCULE-6412661202_TMT1B"", ""rank2482_MCULE-9668681137_TMT1B"", ""rank2745_MCULE-4826721031_TMT1B""]}"
f981fe82e496c74868c7495ae998ccd4ba75474a66e1690b68a533ae4b8a0c82,186,7A,a90acf75-ba02-4312-aff0-0509d86f2618,89623ced-037f-4f6e-8ce9-91e7030d947e,PROTEIN_ONLY,0,no SAM residue in receptor/target artifact,local://artifact-storage/146396ee-698b-4e85-9582-747a875b7a02/5e4b79a9-f17d-4e61-91d3-f0574416266d.pdb,True,vina,"{""imported_from"": ""aws_s3_run"", ""aws_run_id"": ""cys203_edge_3000_pdbqt_aws_20260612"", ""target_label"": ""TMT1A"", ""selectivity_role"": ""counter"", ""grid_source"": ""fpocket_pocket"", ""grid_name"": ""fpocket_productive_pocket_v1"", ""grid_center"": {""x"": 2.844, ""y"": -2.1, ""z"": -4.211}, ""grid_size"": {""x"": 25.334, ""y"": 19.263, ""z"": 23.923}, ""ligand_count"": 3000, ""job_count"": 3000, ""failed_job_count"": 8, ""failed_jobs"": [""rank0575_MCULE-6426360047_TMT1A"", ""rank0594_MCULE-3473952656_TMT1A"", ""rank1708_MCULE-7919765586_TMT1A"", ""rank2300_MCULE-4451687131_TMT1A"", ""rank2339_MCULE-1149242700_TMT1A"", ""rank2391_MCULE-6412661202_TMT1A"", ""rank2482_MCULE-9668681137_TMT1A"", ""rank2745_MCULE-4826721031_TMT1A""]}"
37ffdce5a24271f66ce192d9e3c5d773c8f8f3b656dfe8cad66eb241be2c3ca4,187,7B,7c3c66fd-25f5-4074-8555-fa283dd3f5bd,dd19873e-f2a8-483a-a088-3945be4abe08,PROTEIN_ONLY,0,no SAM residue in receptor/target artifact,local://artifact-storage/146396ee-698b-4e85-9582-747a875b7a02/e3f08829-fc57-4e5a-b361-384135d4d573.pdb,True,vina,"{""imported_from"": ""aws_s3_run"", ""aws_run_id"": ""cys203_model_v2_3000_pdbqt_aws_20260612"", ""target_label"": ""TMT1B"", ""selectivity_role"": ""primary"", ""grid_source"": ""fpocket_pocket"", ""grid_name"": ""fpocket_productive_pocket_v1"", ""grid_center"": {""x"": 2.844, ""y"": -2.1, ""z"": -4.211}, ""grid_size"": {""x"": 25.334, ""y"": 19.263, ""z"": 23.923}, ""ligand_count"": 3000, ""job_count"": 3000, ""failed_job_count"": 0, ""failed_jobs"": []}"
37ffdce5a24271f66ce192d9e3c5d773c8f8f3b656dfe8cad66eb241be2c3ca4,187,7A,737ede2d-95ea-4515-a9a7-8c2535f2a12f,426ed648-5911-4e27-8217-f1634df01a73,PROTEIN_ONLY,0,no SAM residue in receptor/target artifact,local://artifact-storage/146396ee-698b-4e85-9582-747a875b7a02/5e4b79a9-f17d-4e61-91d3-f0574416266d.pdb,True,vina,"{""imported_from"": ""aws_s3_run"", ""aws_run_id"": ""cys203_model_v2_3000_pdbqt_aws_20260612"", ""target_label"": ""TMT1A"", ""selectivity_role"": ""counter"", ""grid_source"": ""fpocket_pocket"", ""grid_name"": ""fpocket_productive_pocket_v1"", ""grid_center"": {""x"": 2.844, ""y"": -2.1, ""z"": -4.211}, ""grid_size"": {""x"": 25.334, ""y"": 19.263, ""z"": 23.923}, ""ligand_count"": 3000, ""job_count"": 3000, ""failed_job_count"": 0, ""failed_jobs"": []}"
b7b623c9cc650d3cc8125c2f0d6bce97f13c0b878f8d138d21adf9058ca0dca2,188,7B,1bf6dd89-97f5-4de2-ae3d-9dcec24b7471,0386e93d-1ae3-45d5-8190-b1aa41163aa6,PROTEIN_ONLY,0,no SAM residue in receptor/target artifact,local://artifact-storage/146396ee-698b-4e85-9582-747a875b7a02/e3f08829-fc57-4e5a-b361-384135d4d573.pdb,True,vina,"{""imported_from"": ""aws_s3_run"", ""aws_run_id"": ""cys203_edge_3000_pdbqt_aws_20260612"", ""target_label"": ""TMT1B"", ""selectivity_role"": ""primary"", ""grid_source"": ""fpocket_pocket"", ""grid_name"": ""fpocket_productive_pocket_v1"", ""grid_center"": {""x"": 2.844, ""y"": -2.1, ""z"": -4.211}, ""grid_size"": {""x"": 25.334, ""y"": 19.263, ""z"": 23.923}, ""ligand_count"": 3000, ""job_count"": 3000, ""failed_job_count"": 8, ""failed_jobs"": [""rank0575_MCULE-6426360047_TMT1B"", ""rank0594_MCULE-3473952656_TMT1B"", ""rank1708_MCULE-7919765586_TMT1B"", ""rank2300_MCULE-4451687131_TMT1B"", ""rank2339_MCULE-1149242700_TMT1B"", ""rank2391_MCULE-6412661202_TMT1B"", ""rank2482_MCULE-9668681137_TMT1B"", ""rank2745_MCULE-4826721031_TMT1B""]}"
b7b623c9cc650d3cc8125c2f0d6bce97f13c0b878f8d138d21adf9058ca0dca2,188,7A,a90acf75-ba02-4312-aff0-0509d86f2618,33aad008-69d2-4082-8c47-f43cebd3a097,PROTEIN_ONLY,0,no SAM residue in receptor/target artifact,local://artifact-storage/146396ee-698b-4e85-9582-747a875b7a02/5e4b79a9-f17d-4e61-91d3-f0574416266d.pdb,True,vina,"{""imported_from"": ""aws_s3_run"", ""aws_run_id"": ""cys203_edge_3000_pdbqt_aws_20260612"", ""target_label"": ""TMT1A"", ""selectivity_role"": ""counter"", ""grid_source"": ""fpocket_pocket"", ""grid_name"": ""fpocket_productive_pocket_v1"", ""grid_center"": {""x"": 2.844, ""y"": -2.1, ""z"": -4.211}, ""grid_size"": {""x"": 25.334, ""y"": 19.263, ""z"": 23.923}, ""ligand_count"": 3000, ""job_count"": 3000, ""failed_job_count"": 8, ""failed_jobs"": [""rank0575_MCULE-6426360047_TMT1A"", ""rank0594_MCULE-3473952656_TMT1A"", ""rank1708_MCULE-7919765586_TMT1A"", ""rank2300_MCULE-4451687131_TMT1A"", ""rank2339_MCULE-1149242700_TMT1A"", ""rank2391_MCULE-6412661202_TMT1A"", ""rank2482_MCULE-9668681137_TMT1A"", ""rank2745_MCULE-4826721031_TMT1A""]}"
a8a2cab5e2dee1174c8b8ec1ec67f15fd7fe04c2970fc54b41b73a73f415a621,189,7B,7c3c66fd-25f5-4074-8555-fa283dd3f5bd,3416a6d6-59e3-47e9-8b53-aa7cad4f33ea,PROTEIN_ONLY,0,no SAM residue in receptor/target artifact,local://artifact-storage/146396ee-698b-4e85-9582-747a875b7a02/e3f08829-fc57-4e5a-b361-384135d4d573.pdb,True,vina,"{""imported_from"": ""aws_s3_run"", ""aws_run_id"": ""cys203_model_v2_3000_pdbqt_aws_20260612"", ""target_label"": ""TMT1B"", ""selectivity_role"": ""primary"", ""grid_source"": ""fpocket_pocket"", ""grid_name"": ""fpocket_productive_pocket_v1"", ""grid_center"": {""x"": 2.844, ""y"": -2.1, ""z"": -4.211}, ""grid_size"": {""x"": 25.334, ""y"": 19.263, ""z"": 23.923}, ""ligand_count"": 3000, ""job_count"": 3000, ""failed_job_count"": 0, ""failed_jobs"": []}"
a8a2cab5e2dee1174c8b8ec1ec67f15fd7fe04c2970fc54b41b73a73f415a621,189,7A,737ede2d-95ea-4515-a9a7-8c2535f2a12f,0fffdf7c-9219-45cb-b0c5-a47fc838f8f8,PROTEIN_ONLY,0,no SAM residue in receptor/target artifact,local://artifact-storage/146396ee-698b-4e85-9582-747a875b7a02/5e4b79a9-f17d-4e61-91d3-f0574416266d.pdb,True,vina,"{""imported_from"": ""aws_s3_run"", ""aws_run_id"": ""cys203_model_v2_3000_pdbqt_aws_20260612"", ""target_label"": ""TMT1A"", ""selectivity_role"": ""counter"", ""grid_source"": ""fpocket_pocket"", ""grid_name"": ""fpocket_productive_pocket_v1"", ""grid_center"": {""x"": 2.844, ""y"": -2.1, ""z"": -4.211}, ""grid_size"": {""x"": 25.334, ""y"": 19.263, ""z"": 23.923}, ""ligand_count"": 3000, ""job_count"": 3000, ""failed_job_count"": 0, ""failed_jobs"": []}"
80453e2e95add1bc7e92e635313b449c135cd8d8e85ffab2d5597750fd2abe74,190,7B,930389df-8ffb-4168-9fa4-382372898546,3b1da04e-47bc-4dc3-b23a-15ce7228848f,PROTEIN_ONLY,0,no SAM residue in receptor/target artifact,local://artifact-storage/d2b21a07-1121-4b60-a403-7708623e8d46/5a4a01dd-b359-4d47-8622-21aa34c6ffcd.pdbqt,True,vina,"{""engine"": ""vina"", ""ligand_count"": 6, ""receptor_artifact_id"": ""5a4a01dd-b359-4d47-8622-21aa34c6ffcd"", ""target_label"": ""TMT1B"", ""selectivity_role"": ""primary"", ""grid_source"": ""fpocket_productive_pocket_v1"", ""box"": {""center_x"": 2.844, ""center_y"": -2.1, ""center_z"": -4.211, ""size_x"": 25.334, ""size_y"": 19.263, ""size_z"": 23.923}, ""exhaustiveness"": 8, ""num_modes"": 9, ""pose_count"": 42, ""failed_ligands"": []}"
80453e2e95add1bc7e92e635313b449c135cd8d8e85ffab2d5597750fd2abe74,190,7A,fe1861f4-dad9-4663-ab46-83b95a2d464b,0bba46d7-0612-4c82-8e0f-237e1e3cf22f,PROTEIN_ONLY,0,no SAM residue in receptor/target artifact,local://artifact-storage/d2b21a07-1121-4b60-a403-7708623e8d46/98c3bfa4-655b-4fb8-b92d-36cd8793cda7.pdbqt,True,vina,"{""engine"": ""vina"", ""ligand_count"": 6, ""receptor_artifact_id"": ""98c3bfa4-655b-4fb8-b92d-36cd8793cda7"", ""target_label"": ""TMT1A"", ""selectivity_role"": ""counter"", ""grid_source"": ""fpocket_productive_pocket_v1"", ""box"": {""center_x"": 2.844, ""center_y"": -2.1, ""center_z"": -4.211, ""size_x"": 25.334, ""size_y"": 19.263, ""size_z"": 23.923}, ""exhaustiveness"": 8, ""num_modes"": 9, ""pose_count"": 44, ""failed_ligands"": []}"
7a0bc504e83b64f5ab736c0eab793ed7ad25add0bdb7944e48d5bf76da7922c4,191,7B,7c3c66fd-25f5-4074-8555-fa283dd3f5bd,9da808eb-5540-4d7c-b485-e4c0aa614d4d,PROTEIN_ONLY,0,no SAM residue in receptor/target artifact,local://artifact-storage/146396ee-698b-4e85-9582-747a875b7a02/e3f08829-fc57-4e5a-b361-384135d4d573.pdb,True,vina,"{""imported_from"": ""aws_s3_run"", ""aws_run_id"": ""cys203_model_v2_3000_pdbqt_aws_20260612"", ""target_label"": ""TMT1B"", ""selectivity_role"": ""primary"", ""grid_source"": ""fpocket_pocket"", ""grid_name"": ""fpocket_productive_pocket_v1"", ""grid_center"": {""x"": 2.844, ""y"": -2.1, ""z"": -4.211}, ""grid_size"": {""x"": 25.334, ""y"": 19.263, ""z"": 23.923}, ""ligand_count"": 3000, ""job_count"": 3000, ""failed_job_count"": 0, ""failed_jobs"": []}"
7a0bc504e83b64f5ab736c0eab793ed7ad25add0bdb7944e48d5bf76da7922c4,191,7A,737ede2d-95ea-4515-a9a7-8c2535f2a12f,480ded81-a871-47de-94bf-03d2487daf29,PROTEIN_ONLY,0,no SAM residue in receptor/target artifact,local://artifact-storage/146396ee-698b-4e85-9582-747a875b7a02/5e4b79a9-f17d-4e61-91d3-f0574416266d.pdb,True,vina,"{""imported_from"": ""aws_s3_run"", ""aws_run_id"": ""cys203_model_v2_3000_pdbqt_aws_20260612"", ""target_label"": ""TMT1A"", ""selectivity_role"": ""counter"", ""grid_source"": ""fpocket_pocket"", ""grid_name"": ""fpocket_productive_pocket_v1"", ""grid_center"": {""x"": 2.844, ""y"": -2.1, ""z"": -4.211}, ""grid_size"": {""x"": 25.334, ""y"": 19.263, ""z"": 23.923}, ""ligand_count"": 3000, ""job_count"": 3000, ""failed_job_count"": 0, ""failed_jobs"": []}"
08176b3216f8a960c94f913903fc1f133a5fcd3a447c1530371c6eebb82d20c1,192,7B,7c3c66fd-25f5-4074-8555-fa283dd3f5bd,1af5082b-907b-4227-b029-22fd2cb8e280,PROTEIN_ONLY,0,no SAM residue in receptor/target artifact,local://artifact-storage/146396ee-698b-4e85-9582-747a875b7a02/e3f08829-fc57-4e5a-b361-384135d4d573.pdb,True,vina,"{""imported_from"": ""aws_s3_run"", ""aws_run_id"": ""cys203_model_v2_3000_pdbqt_aws_20260612"", ""target_label"": ""TMT1B"", ""selectivity_role"": ""primary"", ""grid_source"": ""fpocket_pocket"", ""grid_name"": ""fpocket_productive_pocket_v1"", ""grid_center"": {""x"": 2.844, ""y"": -2.1, ""z"": -4.211}, ""grid_size"": {""x"": 25.334, ""y"": 19.263, ""z"": 23.923}, ""ligand_count"": 3000, ""job_count"": 3000, ""failed_job_count"": 0, ""failed_jobs"": []}"
08176b3216f8a960c94f913903fc1f133a5fcd3a447c1530371c6eebb82d20c1,192,7A,737ede2d-95ea-4515-a9a7-8c2535f2a12f,6bacdf7b-9d02-45e9-bc16-3f2f1b6d5a24,PROTEIN_ONLY,0,no SAM residue in receptor/target artifact,local://artifact-storage/146396ee-698b-4e85-9582-747a875b7a02/5e4b79a9-f17d-4e61-91d3-f0574416266d.pdb,True,vina,"{""imported_from"": ""aws_s3_run"", ""aws_run_id"": ""cys203_model_v2_3000_pdbqt_aws_20260612"", ""target_label"": ""TMT1A"", ""selectivity_role"": ""counter"", ""grid_source"": ""fpocket_pocket"", ""grid_name"": ""fpocket_productive_pocket_v1"", ""grid_center"": {""x"": 2.844, ""y"": -2.1, ""z"": -4.211}, ""grid_size"": {""x"": 25.334, ""y"": 19.263, ""z"": 23.923}, ""ligand_count"": 3000, ""job_count"": 3000, ""failed_job_count"": 0, ""failed_jobs"": []}"
e5b7341a06deeb9b5973a12e8d34f051041fa57ddba79e7cc213df2753310096,193,7B,7c3c66fd-25f5-4074-8555-fa283dd3f5bd,a8845796-4943-445e-bd21-2083c18f67cb,PROTEIN_ONLY,0,no SAM residue in receptor/target artifact,local://artifact-storage/146396ee-698b-4e85-9582-747a875b7a02/e3f08829-fc57-4e5a-b361-384135d4d573.pdb,True,vina,"{""imported_from"": ""aws_s3_run"", ""aws_run_id"": ""cys203_model_v2_3000_pdbqt_aws_20260612"", ""target_label"": ""TMT1B"", ""selectivity_role"": ""primary"", ""grid_source"": ""fpocket_pocket"", ""grid_name"": ""fpocket_productive_pocket_v1"", ""grid_center"": {""x"": 2.844, ""y"": -2.1, ""z"": -4.211}, ""grid_size"": {""x"": 25.334, ""y"": 19.263, ""z"": 23.923}, ""ligand_count"": 3000, ""job_count"": 3000, ""failed_job_count"": 0, ""failed_jobs"": []}"
e5b7341a06deeb9b5973a12e8d34f051041fa57ddba79e7cc213df2753310096,193,7A,737ede2d-95ea-4515-a9a7-8c2535f2a12f,14e260b8-66cf-4f83-8416-22c6e8a4ef06,PROTEIN_ONLY,0,no SAM residue in receptor/target artifact,local://artifact-storage/146396ee-698b-4e85-9582-747a875b7a02/5e4b79a9-f17d-4e61-91d3-f0574416266d.pdb,True,vina,"{""imported_from"": ""aws_s3_run"", ""aws_run_id"": ""cys203_model_v2_3000_pdbqt_aws_20260612"", ""target_label"": ""TMT1A"", ""selectivity_role"": ""counter"", ""grid_source"": ""fpocket_pocket"", ""grid_name"": ""fpocket_productive_pocket_v1"", ""grid_center"": {""x"": 2.844, ""y"": -2.1, ""z"": -4.211}, ""grid_size"": {""x"": 25.334, ""y"": 19.263, ""z"": 23.923}, ""ligand_count"": 3000, ""job_count"": 3000, ""failed_job_count"": 0, ""failed_jobs"": []}"
dd6f0d1c19245533a8e427a23e0f428c5f7cc64685cb816a802402006bfe0a2d,194,7B,1bf6dd89-97f5-4de2-ae3d-9dcec24b7471,f0b9ca79-b288-427d-af48-6f983140496e,PROTEIN_ONLY,0,no SAM residue in receptor/target artifact,local://artifact-storage/146396ee-698b-4e85-9582-747a875b7a02/e3f08829-fc57-4e5a-b361-384135d4d573.pdb,True,vina,"{""imported_from"": ""aws_s3_run"", ""aws_run_id"": ""cys203_edge_3000_pdbqt_aws_20260612"", ""target_label"": ""TMT1B"", ""selectivity_role"": ""primary"", ""grid_source"": ""fpocket_pocket"", ""grid_name"": ""fpocket_productive_pocket_v1"", ""grid_center"": {""x"": 2.844, ""y"": -2.1, ""z"": -4.211}, ""grid_size"": {""x"": 25.334, ""y"": 19.263, ""z"": 23.923}, ""ligand_count"": 3000, ""job_count"": 3000, ""failed_job_count"": 8, ""failed_jobs"": [""rank0575_MCULE-6426360047_TMT1B"", ""rank0594_MCULE-3473952656_TMT1B"", ""rank1708_MCULE-7919765586_TMT1B"", ""rank2300_MCULE-4451687131_TMT1B"", ""rank2339_MCULE-1149242700_TMT1B"", ""rank2391_MCULE-6412661202_TMT1B"", ""rank2482_MCULE-9668681137_TMT1B"", ""rank2745_MCULE-4826721031_TMT1B""]}"
dd6f0d1c19245533a8e427a23e0f428c5f7cc64685cb816a802402006bfe0a2d,194,7A,a90acf75-ba02-4312-aff0-0509d86f2618,17dd7b3a-b248-4984-a725-32a7f2669563,PROTEIN_ONLY,0,no SAM residue in receptor/target artifact,local://artifact-storage/146396ee-698b-4e85-9582-747a875b7a02/5e4b79a9-f17d-4e61-91d3-f0574416266d.pdb,True,vina,"{""imported_from"": ""aws_s3_run"", ""aws_run_id"": ""cys203_edge_3000_pdbqt_aws_20260612"", ""target_label"": ""TMT1A"", ""selectivity_role"": ""counter"", ""grid_source"": ""fpocket_pocket"", ""grid_name"": ""fpocket_productive_pocket_v1"", ""grid_center"": {""x"": 2.844, ""y"": -2.1, ""z"": -4.211}, ""grid_size"": {""x"": 25.334, ""y"": 19.263, ""z"": 23.923}, ""ligand_count"": 3000, ""job_count"": 3000, ""failed_job_count"": 8, ""failed_jobs"": [""rank0575_MCULE-6426360047_TMT1A"", ""rank0594_MCULE-3473952656_TMT1A"", ""rank1708_MCULE-7919765586_TMT1A"", ""rank2300_MCULE-4451687131_TMT1A"", ""rank2339_MCULE-1149242700_TMT1A"", ""rank2391_MCULE-6412661202_TMT1A"", ""rank2482_MCULE-9668681137_TMT1A"", ""rank2745_MCULE-4826721031_TMT1A""]}"
a2edd2f2cce95c7a684dea0aeb17c976b3251d964f9b48a6aca809c61217722e,195,7B,7c3c66fd-25f5-4074-8555-fa283dd3f5bd,f6cab95a-9f49-4a41-b738-ff860d4d3ab7,PROTEIN_ONLY,0,no SAM residue in receptor/target artifact,local://artifact-storage/146396ee-698b-4e85-9582-747a875b7a02/e3f08829-fc57-4e5a-b361-384135d4d573.pdb,True,vina,"{""imported_from"": ""aws_s3_run"", ""aws_run_id"": ""cys203_model_v2_3000_pdbqt_aws_20260612"", ""target_label"": ""TMT1B"", ""selectivity_role"": ""primary"", ""grid_source"": ""fpocket_pocket"", ""grid_name"": ""fpocket_productive_pocket_v1"", ""grid_center"": {""x"": 2.844, ""y"": -2.1, ""z"": -4.211}, ""grid_size"": {""x"": 25.334, ""y"": 19.263, ""z"": 23.923}, ""ligand_count"": 3000, ""job_count"": 3000, ""failed_job_count"": 0, ""failed_jobs"": []}"
a2edd2f2cce95c7a684dea0aeb17c976b3251d964f9b48a6aca809c61217722e,195,7A,737ede2d-95ea-4515-a9a7-8c2535f2a12f,21542b2e-0128-4d5a-bb88-250a12251013,PROTEIN_ONLY,0,no SAM residue in receptor/target artifact,local://artifact-storage/146396ee-698b-4e85-9582-747a875b7a02/5e4b79a9-f17d-4e61-91d3-f0574416266d.pdb,True,vina,"{""imported_from"": ""aws_s3_run"", ""aws_run_id"": ""cys203_model_v2_3000_pdbqt_aws_20260612"", ""target_label"": ""TMT1A"", ""selectivity_role"": ""counter"", ""grid_source"": ""fpocket_pocket"", ""grid_name"": ""fpocket_productive_pocket_v1"", ""grid_center"": {""x"": 2.844, ""y"": -2.1, ""z"": -4.211}, ""grid_size"": {""x"": 25.334, ""y"": 19.263, ""z"": 23.923}, ""ligand_count"": 3000, ""job_count"": 3000, ""failed_job_count"": 0, ""failed_jobs"": []}"
b7a415f963c058d28c570a2c38e61b9b0cb4b14f81b860932be363aaf8b6bc19,196,7B,7c3c66fd-25f5-4074-8555-fa283dd3f5bd,6272a08a-96f6-45d4-a483-bf27acb4aeb9,PROTEIN_ONLY,0,no SAM residue in receptor/target artifact,local://artifact-storage/146396ee-698b-4e85-9582-747a875b7a02/e3f08829-fc57-4e5a-b361-384135d4d573.pdb,True,vina,"{""imported_from"": ""aws_s3_run"", ""aws_run_id"": ""cys203_model_v2_3000_pdbqt_aws_20260612"", ""target_label"": ""TMT1B"", ""selectivity_role"": ""primary"", ""grid_source"": ""fpocket_pocket"", ""grid_name"": ""fpocket_productive_pocket_v1"", ""grid_center"": {""x"": 2.844, ""y"": -2.1, ""z"": -4.211}, ""grid_size"": {""x"": 25.334, ""y"": 19.263, ""z"": 23.923}, ""ligand_count"": 3000, ""job_count"": 3000, ""failed_job_count"": 0, ""failed_jobs"": []}"
b7a415f963c058d28c570a2c38e61b9b0cb4b14f81b860932be363aaf8b6bc19,196,7A,737ede2d-95ea-4515-a9a7-8c2535f2a12f,27d29ae3-76a7-4174-a788-559e971c8a64,PROTEIN_ONLY,0,no SAM residue in receptor/target artifact,local://artifact-storage/146396ee-698b-4e85-9582-747a875b7a02/5e4b79a9-f17d-4e61-91d3-f0574416266d.pdb,True,vina,"{""imported_from"": ""aws_s3_run"", ""aws_run_id"": ""cys203_model_v2_3000_pdbqt_aws_20260612"", ""target_label"": ""TMT1A"", ""selectivity_role"": ""counter"", ""grid_source"": ""fpocket_pocket"", ""grid_name"": ""fpocket_productive_pocket_v1"", ""grid_center"": {""x"": 2.844, ""y"": -2.1, ""z"": -4.211}, ""grid_size"": {""x"": 25.334, ""y"": 19.263, ""z"": 23.923}, ""ligand_count"": 3000, ""job_count"": 3000, ""failed_job_count"": 0, ""failed_jobs"": []}"
1ded987163b007719602a267463606b1e78d1bdd84e53507f6290aa942edd975,197,7B,7c3c66fd-25f5-4074-8555-fa283dd3f5bd,6f8f3dfd-3110-4ca0-ace1-7b8e402a41ce,PROTEIN_ONLY,0,no SAM residue in receptor/target artifact,local://artifact-storage/146396ee-698b-4e85-9582-747a875b7a02/e3f08829-fc57-4e5a-b361-384135d4d573.pdb,True,vina,"{""imported_from"": ""aws_s3_run"", ""aws_run_id"": ""cys203_model_v2_3000_pdbqt_aws_20260612"", ""target_label"": ""TMT1B"", ""selectivity_role"": ""primary"", ""grid_source"": ""fpocket_pocket"", ""grid_name"": ""fpocket_productive_pocket_v1"", ""grid_center"": {""x"": 2.844, ""y"": -2.1, ""z"": -4.211}, ""grid_size"": {""x"": 25.334, ""y"": 19.263, ""z"": 23.923}, ""ligand_count"": 3000, ""job_count"": 3000, ""failed_job_count"": 0, ""failed_jobs"": []}"
1ded987163b007719602a267463606b1e78d1bdd84e53507f6290aa942edd975,197,7A,737ede2d-95ea-4515-a9a7-8c2535f2a12f,7bae33f2-0312-42df-a7e4-359a3f3e9a35,PROTEIN_ONLY,0,no SAM residue in receptor/target artifact,local://artifact-storage/146396ee-698b-4e85-9582-747a875b7a02/5e4b79a9-f17d-4e61-91d3-f0574416266d.pdb,True,vina,"{""imported_from"": ""aws_s3_run"", ""aws_run_id"": ""cys203_model_v2_3000_pdbqt_aws_20260612"", ""target_label"": ""TMT1A"", ""selectivity_role"": ""counter"", ""grid_source"": ""fpocket_pocket"", ""grid_name"": ""fpocket_productive_pocket_v1"", ""grid_center"": {""x"": 2.844, ""y"": -2.1, ""z"": -4.211}, ""grid_size"": {""x"": 25.334, ""y"": 19.263, ""z"": 23.923}, ""ligand_count"": 3000, ""job_count"": 3000, ""failed_job_count"": 0, ""failed_jobs"": []}"
e8317cc5a48f7c2d3a043330be926b03c68550c9eb8646eb277c3fa50f2b0099,198,7B,3bfa8941-a632-4961-bc6f-0b08e6290e30,0439ed6f-cbd6-40cd-a200-05e6ce0d51b5,PROTEIN_ONLY,0,no SAM residue in receptor/target artifact,local://artifact-storage/146396ee-698b-4e85-9582-747a875b7a02/e3f08829-fc57-4e5a-b361-384135d4d573.pdb,True,vina,"{""imported_from"": ""aws_s3_run"", ""aws_run_id"": ""cys203_model_v2_3000_pdbqt_aws_20260612"", ""target_label"": ""TMT1B"", ""selectivity_role"": ""primary"", ""grid_source"": ""fpocket_pocket"", ""grid_name"": ""fpocket_productive_pocket_v1"", ""grid_center"": {""x"": 2.844, ""y"": -2.1, ""z"": -4.211}, ""grid_size"": {""x"": 25.334, ""y"": 19.263, ""z"": 23.923}, ""ligand_count"": 3000, ""job_count"": 3000, ""failed_job_count"": 0, ""failed_jobs"": [], ""copied_from_campaign_id"": ""df2da101-7e20-4cf6-b6fc-dc917aa5fe21"", ""copied_from_docking_run_id"": ""7c3c66fd-25f5-4074-8555-fa283dd3f5bd"", ""subset_source"": ""whole_db_no_wh_top_7b_delta_plus_controls""}"
e8317cc5a48f7c2d3a043330be926b03c68550c9eb8646eb277c3fa50f2b0099,198,7A,737ede2d-95ea-4515-a9a7-8c2535f2a12f,001e23c7-774d-44e6-ae2e-60b59a00fb58,PROTEIN_ONLY,0,no SAM residue in receptor/target artifact,local://artifact-storage/146396ee-698b-4e85-9582-747a875b7a02/5e4b79a9-f17d-4e61-91d3-f0574416266d.pdb,True,vina,"{""imported_from"": ""aws_s3_run"", ""aws_run_id"": ""cys203_model_v2_3000_pdbqt_aws_20260612"", ""target_label"": ""TMT1A"", ""selectivity_role"": ""counter"", ""grid_source"": ""fpocket_pocket"", ""grid_name"": ""fpocket_productive_pocket_v1"", ""grid_center"": {""x"": 2.844, ""y"": -2.1, ""z"": -4.211}, ""grid_size"": {""x"": 25.334, ""y"": 19.263, ""z"": 23.923}, ""ligand_count"": 3000, ""job_count"": 3000, ""failed_job_count"": 0, ""failed_jobs"": []}"
1874b321a14874e7e9f40e74ae97a0dbffd94a2d9f5e36aa17b72fa5d0fcbc3f,199,7B,7c3c66fd-25f5-4074-8555-fa283dd3f5bd,7d2200f5-65f0-4ecf-81cc-47166b8855a1,PROTEIN_ONLY,0,no SAM residue in receptor/target artifact,local://artifact-storage/146396ee-698b-4e85-9582-747a875b7a02/e3f08829-fc57-4e5a-b361-384135d4d573.pdb,True,vina,"{""imported_from"": ""aws_s3_run"", ""aws_run_id"": ""cys203_model_v2_3000_pdbqt_aws_20260612"", ""target_label"": ""TMT1B"", ""selectivity_role"": ""primary"", ""grid_source"": ""fpocket_pocket"", ""grid_name"": ""fpocket_productive_pocket_v1"", ""grid_center"": {""x"": 2.844, ""y"": -2.1, ""z"": -4.211}, ""grid_size"": {""x"": 25.334, ""y"": 19.263, ""z"": 23.923}, ""ligand_count"": 3000, ""job_count"": 3000, ""failed_job_count"": 0, ""failed_jobs"": []}"
1874b321a14874e7e9f40e74ae97a0dbffd94a2d9f5e36aa17b72fa5d0fcbc3f,199,7A,737ede2d-95ea-4515-a9a7-8c2535f2a12f,65c72798-2a0f-47a8-a602-1bcc91ffa4ba,PROTEIN_ONLY,0,no SAM residue in receptor/target artifact,local://artifact-storage/146396ee-698b-4e85-9582-747a875b7a02/5e4b79a9-f17d-4e61-91d3-f0574416266d.pdb,True,vina,"{""imported_from"": ""aws_s3_run"", ""aws_run_id"": ""cys203_model_v2_3000_pdbqt_aws_20260612"", ""target_label"": ""TMT1A"", ""selectivity_role"": ""counter"", ""grid_source"": ""fpocket_pocket"", ""grid_name"": ""fpocket_productive_pocket_v1"", ""grid_center"": {""x"": 2.844, ""y"": -2.1, ""z"": -4.211}, ""grid_size"": {""x"": 25.334, ""y"": 19.263, ""z"": 23.923}, ""ligand_count"": 3000, ""job_count"": 3000, ""failed_job_count"": 0, ""failed_jobs"": []}"
b7d01afac13f1e87ad1b509499e14561d636ca8f4ea0bcc9e5d39a1172575efa,200,7B,7c3c66fd-25f5-4074-8555-fa283dd3f5bd,2b7d8d40-a510-4031-933f-fdf1b58f4b74,PROTEIN_ONLY,0,no SAM residue in receptor/target artifact,local://artifact-storage/146396ee-698b-4e85-9582-747a875b7a02/e3f08829-fc57-4e5a-b361-384135d4d573.pdb,True,vina,"{""imported_from"": ""aws_s3_run"", ""aws_run_id"": ""cys203_model_v2_3000_pdbqt_aws_20260612"", ""target_label"": ""TMT1B"", ""selectivity_role"": ""primary"", ""grid_source"": ""fpocket_pocket"", ""grid_name"": ""fpocket_productive_pocket_v1"", ""grid_center"": {""x"": 2.844, ""y"": -2.1, ""z"": -4.211}, ""grid_size"": {""x"": 25.334, ""y"": 19.263, ""z"": 23.923}, ""ligand_count"": 3000, ""job_count"": 3000, ""failed_job_count"": 0, ""failed_jobs"": []}"
b7d01afac13f1e87ad1b509499e14561d636ca8f4ea0bcc9e5d39a1172575efa,200,7A,737ede2d-95ea-4515-a9a7-8c2535f2a12f,3d08ae08-3489-4190-ac0d-cf67ee868d9a,PROTEIN_ONLY,0,no SAM residue in receptor/target artifact,local://artifact-storage/146396ee-698b-4e85-9582-747a875b7a02/5e4b79a9-f17d-4e61-91d3-f0574416266d.pdb,True,vina,"{""imported_from"": ""aws_s3_run"", ""aws_run_id"": ""cys203_model_v2_3000_pdbqt_aws_20260612"", ""target_label"": ""TMT1A"", ""selectivity_role"": ""counter"", ""grid_source"": ""fpocket_pocket"", ""grid_name"": ""fpocket_productive_pocket_v1"", ""grid_center"": {""x"": 2.844, ""y"": -2.1, ""z"": -4.211}, ""grid_size"": {""x"": 25.334, ""y"": 19.263, ""z"": 23.923}, ""ligand_count"": 3000, ""job_count"": 3000, ""failed_job_count"": 0, ""failed_jobs"": []}"
